version 1
nodes
0 "blender_implicit" -1
1 "root" -1
2 "laser" 1
3 "flashlight" 1
end
skeleton
time 0
0  0 0 0  0 0 0
1  0.000000 0.000000 0.000000  1.570797 -0.000000 0.000000
2  -0.146311 0.272697 1.548764  0.000001 -0.000000 0.000000
3  0.221743 0.715142 1.294718  -0.000000 -0.000000 0.000000
end
triangles
lowpoly_plastic
0  -0.630782 0.567459 0.724948  -0.751559 -0.659666 0.000000  0.033631 0.767461 1 1 1.000000
0  -0.596813 0.528758 0.613861  -0.751559 -0.659666 0.000000  0.033391 0.767378 1 1 1.000000
0  -0.596813 0.528758 0.702723  -0.751559 -0.659666 0.000000  0.033580 0.767378 1 1 1.000000
lowpoly_plastic
0  -0.290271 0.791758 0.066634  0.000000 0.000000 -1.000000  0.006545 0.763725 1 1 1.000000
0  0.000000 -0.882710 0.066634  0.000000 0.000000 -1.000000  0.006627 0.765027 1 1 1.000000
0  -0.307145 -0.882710 0.066634  0.000000 0.000000 -1.000000  0.006393 0.765001 1 1 1.000000
lowpoly_plastic
0  -0.290271 0.791758 0.957554  0.000000 1.000000 0.000000  0.031710 0.785988 1 1 1.000000
0  0.000000 0.791758 0.066634  0.000000 1.000000 0.000000  0.032326 0.787877 1 1 1.000000
0  -0.290271 0.791758 0.066634  0.000000 1.000000 0.000000  0.031710 0.787875 1 1 1.000000
lowpoly_plastic
0  0.000000 0.791758 0.957554  0.000000 0.000000 1.000000  0.917424 0.511877 1 1 1.000000
0  -0.364950 -0.882710 0.957554  0.000000 0.000000 1.000000  0.918199 0.515433 1 1 1.000000
0  0.000000 -0.882710 0.957554  0.000000 0.000000 1.000000  0.917424 0.515433 1 1 1.000000
lowpoly_plastic
0  -0.290271 0.791758 0.066634  1.000000 0.000000 0.000000  0.036775 0.783148 1 1 1.000000
0  -0.290271 1.059160 0.957554  1.000000 0.000000 0.000000  0.035488 0.781661 1 1 1.000000
0  -0.290271 0.791758 0.957554  1.000000 0.000000 0.000000  0.036007 0.781431 1 1 1.000000
lowpoly_plastic
0  -0.630782 0.567459 0.358665  -0.556874 0.051996 0.828968  0.038753 0.769523 1 1 1.000000
0  -0.615607 -0.332709 0.425321  -0.556874 0.051996 0.828968  0.038785 0.767611 1 1 1.000000
0  -0.596813 0.528284 0.383942  -0.556874 0.051996 0.828968  0.038825 0.769439 1 1 1.000000
lowpoly_plastic
0  -0.630782 -0.658411 0.425321  -1.000000 0.000000 0.000000  0.005947 0.763453 1 1 1.000000
0  -0.630782 -0.882710 0.871368  -1.000000 0.000000 0.000000  0.006289 0.763281 1 1 1.000000
0  -0.630782 -0.658411 0.658292  -1.000000 0.000000 0.000000  0.006126 0.763453 1 1 1.000000
lowpoly_plastic
0  -0.630782 -0.882710 0.871368  -1.000000 -0.000000 0.000000  0.006289 0.763281 1 1 1.000000
0  -0.630782 0.567459 0.724948  -1.000000 -0.000000 0.000000  0.006177 0.764395 1 1 1.000000
0  -0.630782 -0.658411 0.658292  -1.000000 -0.000000 0.000000  0.006126 0.763453 1 1 1.000000
lowpoly_plastic
0  -0.630782 0.791758 0.871368  -1.000000 0.000000 0.000000  0.006289 0.764567 1 1 1.000000
0  -0.630782 0.567459 0.591636  -1.000000 0.000000 0.000000  0.006075 0.764395 1 1 1.000000
0  -0.630782 0.567459 0.724948  -1.000000 0.000000 0.000000  0.006177 0.764395 1 1 1.000000
lowpoly_plastic
0  -0.630782 0.567459 0.491977  -1.000000 -0.000000 0.000000  0.005999 0.764395 1 1 1.000000
0  -0.630782 -0.658411 0.658292  -1.000000 -0.000000 0.000000  0.006126 0.763453 1 1 1.000000
0  -0.630782 0.567459 0.591636  -1.000000 -0.000000 0.000000  0.006075 0.764395 1 1 1.000000
lowpoly_plastic
0  -0.630782 0.567459 0.491977  -1.000000 0.000000 0.000000  0.005999 0.764395 1 1 1.000000
0  -0.630782 0.791758 0.255015  -1.000000 0.000000 0.000000  0.005817 0.764567 1 1 1.000000
0  -0.630782 0.567459 0.358665  -1.000000 0.000000 0.000000  0.005896 0.764395 1 1 1.000000
lowpoly_plastic
0  -0.630782 0.791758 0.255015  -1.000000 -0.000000 0.000000  0.005817 0.764567 1 1 1.000000
0  -0.630782 -0.658411 0.425321  -1.000000 -0.000000 0.000000  0.005947 0.763453 1 1 1.000000
0  -0.630782 0.567459 0.358665  -1.000000 -0.000000 0.000000  0.005896 0.764395 1 1 1.000000
lowpoly_plastic
0  -0.615607 -0.333184 0.658292  -0.999762 0.021799 0.000000  0.888610 0.512087 1 1 1.000000
0  -0.596813 0.528758 0.702723  -0.999762 0.021799 0.000000  0.888702 0.513917 1 1 1.000000
0  -0.596813 0.528758 0.613861  -0.999762 0.021799 0.000000  0.888513 0.513917 1 1 1.000000
lowpoly_plastic
0  -0.615607 -0.332709 0.425321  -0.999762 0.021823 0.000000  0.888116 0.512088 1 1 1.000000
0  -0.596813 0.528284 0.466700  -0.999762 0.021823 0.000000  0.888201 0.513916 1 1 1.000000
0  -0.596813 0.528284 0.383942  -0.999762 0.021823 0.000000  0.888026 0.513917 1 1 1.000000
lowpoly_plastic
0  -0.630782 0.567459 0.591636  -0.501664 0.055438 0.863284  0.038825 0.769523 1 1 1.000000
0  -0.615607 -0.333184 0.658292  -0.501664 0.055438 0.863284  0.038857 0.767610 1 1 1.000000
0  -0.596813 0.528758 0.613861  -0.501664 0.055438 0.863284  0.038897 0.769440 1 1 1.000000
lowpoly_plastic
0  -0.630782 -0.658411 0.425321  -0.888173 0.041382 -0.457641  0.038968 0.769526 1 1 1.000000
0  -0.596813 0.528284 0.466700  -0.888173 0.041382 -0.457641  0.039039 0.767004 1 1 1.000000
0  -0.615607 -0.332709 0.425321  -0.888173 0.041382 -0.457641  0.039000 0.768834 1 1 1.000000
lowpoly_plastic
0  -0.630782 -0.658411 0.658292  -0.899959 0.041992 -0.433947  0.038897 0.769526 1 1 1.000000
0  -0.596813 0.528758 0.702723  -0.899959 0.041992 -0.433947  0.038968 0.767003 1 1 1.000000
0  -0.615607 -0.333184 0.658292  -0.899959 0.041992 -0.433947  0.038929 0.768835 1 1 1.000000
lowpoly_plastic
0  -0.630782 0.567459 0.491977  -0.755529 -0.655116 0.000000  0.033137 0.767461 1 1 1.000000
0  -0.596813 0.528284 0.383942  -0.755529 -0.655116 0.000000  0.032904 0.767377 1 1 1.000000
0  -0.596813 0.528284 0.466700  -0.755529 -0.655116 0.000000  0.033079 0.767377 1 1 1.000000
lowpoly_plastic
0  -0.290271 1.366534 0.322802  -0.000597 0.900028 0.435832  0.927414 0.511457 1 1 1.000000
0  -0.630782 1.262291 0.537607  -0.000597 0.900028 0.435832  0.926691 0.510995 1 1 1.000000
0  -0.290271 1.059160 0.957554  -0.000597 0.900028 0.435832  0.927414 0.510063 1 1 1.000000
lowpoly_plastic
0  -0.290271 0.791758 0.066634  0.000000 0.407083 -0.913391  0.006545 0.763725 1 1 1.000000
0  -0.442401 0.791758 0.066634  0.000000 0.407083 -0.913391  0.006429 0.763712 1 1 1.000000
0  -0.290271 1.366534 0.322802  0.000000 0.407083 -0.913391  0.006599 0.763281 1 1 1.000000
lowpoly_plastic
0  -0.442401 0.791758 0.066634  -0.707107 0.000000 -0.707107  0.005665 0.764566 1 1 1.000000
0  -0.630782 -0.882710 0.255015  -0.707107 0.000000 -0.707107  0.005817 0.763281 1 1 1.000000
0  -0.630782 0.791758 0.255015  -0.707107 0.000000 -0.707107  0.005817 0.764567 1 1 1.000000
lowpoly_plastic
0  -0.442401 0.791758 0.066634  0.000000 0.000000 -1.000000  0.006429 0.763712 1 1 1.000000
0  -0.307145 -0.882710 0.066634  0.000000 0.000000 -1.000000  0.006393 0.765001 1 1 1.000000
0  -0.442401 -0.882710 0.066634  0.000000 0.000000 -1.000000  0.006289 0.764989 1 1 1.000000
lowpoly_plastic
0  -0.544595 -0.882710 0.957554  -0.707107 0.000000 0.707107  0.007185 0.764804 1 1 1.000000
0  -0.630782 0.791758 0.871368  -0.707107 0.000000 0.707107  0.007252 0.763518 1 1 1.000000
0  -0.630782 -0.882710 0.871368  -0.707107 0.000000 0.707107  0.007252 0.764804 1 1 1.000000
lowpoly_plastic
0  -0.630782 1.100849 0.871368  -0.707107 0.000000 0.707107  0.007252 0.763281 1 1 1.000000
0  -0.544595 0.791758 0.957554  -0.707107 0.000000 0.707107  0.007185 0.763518 1 1 1.000000
0  -0.544595 1.059160 0.957554  -0.707107 0.000000 0.707107  0.007185 0.763313 1 1 1.000000
lowpoly_plastic
0  -0.630782 0.791758 0.255015  -1.000000 -0.000001 0.000000  0.005817 0.764567 1 1 1.000000
0  -0.630782 1.100849 0.871368  -1.000000 -0.000001 0.000000  0.006289 0.764804 1 1 1.000000
0  -0.630782 1.262291 0.537607  -1.000000 -0.000001 0.000000  0.006034 0.764928 1 1 1.000000
lowpoly_plastic
0  -0.544595 0.791758 0.957554  0.000000 0.000000 1.000000  0.918580 0.511877 1 1 1.000000
0  -0.290271 1.059160 0.957554  0.000000 0.000000 1.000000  0.918040 0.511309 1 1 1.000000
0  -0.544595 1.059160 0.957554  0.000000 0.000000 1.000000  0.918580 0.511309 1 1 1.000000
lowpoly_plastic
0  -0.630782 1.262291 0.537607  0.000000 0.900218 0.435440  0.926691 0.510995 1 1 1.000000
0  -0.544595 1.059160 0.957554  0.000000 0.900218 0.435440  0.926874 0.510071 1 1 1.000000
0  -0.290271 1.059160 0.957554  0.000000 0.900218 0.435440  0.927414 0.510063 1 1 1.000000
lowpoly_plastic
0  -0.290271 0.791758 0.957554  0.000000 0.000000 1.000000  0.918040 0.511877 1 1 1.000000
0  -0.544595 -0.882710 0.957554  0.000000 0.000000 1.000000  0.918580 0.515433 1 1 1.000000
0  -0.364950 -0.882710 0.957554  0.000000 0.000000 1.000000  0.918199 0.515433 1 1 1.000000
lowpoly_plastic
0  -0.451136 -0.882710 0.555416  0.000000 -1.000000 0.000000  0.040589 0.823283 1 1 1.000000
0  -0.451136 -0.882710 0.871368  0.000000 -1.000000 0.000000  0.040546 0.822614 1 1 1.000000
0  -0.630782 -0.882710 0.871368  0.000000 -1.000000 0.000000  0.040927 0.822589 1 1 1.000000
lowpoly_plastic
0  -0.630782 0.791758 0.255015  -1.000000 0.000000 0.000000  0.005817 0.764567 1 1 1.000000
0  -0.630782 0.567459 0.491977  -1.000000 0.000000 0.000000  0.005999 0.764395 1 1 1.000000
0  -0.630782 0.791758 0.871368  -1.000000 0.000000 0.000000  0.006289 0.764567 1 1 1.000000
lowpoly_plastic
0  -0.630782 1.262291 0.537607  -0.650849 0.390886 -0.650848  0.006335 0.763327 1 1 1.000000
0  -0.442401 0.791758 0.066634  -0.650849 0.390886 -0.650848  0.006429 0.763712 1 1 1.000000
0  -0.630782 0.791758 0.255015  -0.650849 0.390886 -0.650848  0.006289 0.763692 1 1 1.000000
lowpoly_plastic
0  -0.630782 -0.882710 0.871368  -1.000000 -0.000000 0.000000  0.006289 0.763281 1 1 1.000000
0  -0.630782 -0.658411 0.425321  -1.000000 -0.000000 0.000000  0.005947 0.763453 1 1 1.000000
0  -0.630782 -0.882710 0.255015  -1.000000 -0.000000 0.000000  0.005817 0.763281 1 1 1.000000
lowpoly_plastic
0  -0.412398 -1.448919 0.825215  1.000000 0.000000 0.000907  0.029909 0.875551 1 1 1.000000
0  -0.412195 -1.414091 0.601268  1.000000 0.000000 0.000907  0.029779 0.875812 1 1 1.000000
0  -0.412398 -1.414091 0.825215  1.000000 0.000000 0.000907  0.029779 0.875550 1 1 1.000000
lowpoly_plastic
0  -0.451136 -1.197512 0.871368  -1.000000 0.000000 0.000000  0.006767 0.765046 1 1 1.000000
0  -0.451136 -0.882710 0.555416  -1.000000 0.000000 0.000000  0.007009 0.765288 1 1 1.000000
0  -0.451136 -1.197512 0.555416  -1.000000 0.000000 0.000000  0.006767 0.765288 1 1 1.000000
lowpoly_plastic
0  -0.364950 -1.197512 0.957554  -0.707106 0.000000 0.707107  0.007047 0.765046 1 1 1.000000
0  -0.451136 -0.882710 0.871368  -0.707106 0.000000 0.707107  0.007114 0.764804 1 1 1.000000
0  -0.451136 -1.197512 0.871368  -0.707106 0.000000 0.707107  0.007114 0.765046 1 1 1.000000
lowpoly_plastic
0  -0.451136 -1.197512 0.555416  -0.959242 0.000000 -0.282586  0.006767 0.765288 1 1 1.000000
0  -0.307145 -0.882710 0.066634  -0.959242 0.000000 -0.282586  0.007009 0.765669 1 1 1.000000
0  -0.307145 -1.197512 0.066634  -0.959242 0.000000 -0.282586  0.006767 0.765669 1 1 1.000000
lowpoly_plastic
0  0.000000 -1.197512 0.957554  0.000000 0.000000 1.000000  0.917424 0.516101 1 1 1.000000
0  -0.364950 -0.882710 0.957554  0.000000 0.000000 1.000000  0.918199 0.515433 1 1 1.000000
0  -0.364950 -1.197512 0.957554  0.000000 0.000000 1.000000  0.918199 0.516101 1 1 1.000000
lowpoly_plastic
0  -0.307145 -1.197512 0.066634  0.000000 0.000000 -1.000000  0.006366 0.765241 1 1 1.000000
0  0.000000 -0.882710 0.066634  0.000000 0.000000 -1.000000  0.006627 0.765027 1 1 1.000000
0  0.000000 -1.197512 0.066634  0.000000 0.000000 -1.000000  0.006601 0.765267 1 1 1.000000
lowpoly_plastic
0  -0.451136 -1.358026 0.871368  0.000000 1.000000 -0.000008  0.863373 0.515719 1 1 1.000000
0  -0.358137 -1.358026 0.941106  0.000000 1.000000 -0.000008  0.863571 0.515572 1 1 1.000000
0  -0.434688 -1.358026 0.864555  0.000000 1.000000 -0.000008  0.863408 0.515734 1 1 1.000000
lowpoly_plastic
0  0.000000 -1.243926 0.066634  0.000000 1.000000 0.000000  0.864331 0.519315 1 1 1.000000
0  -0.296482 -1.243926 0.080891  0.000000 1.000000 0.000000  0.863701 0.519283 1 1 1.000000
0  0.000000 -1.243926 0.079223  0.000000 1.000000 0.000000  0.864331 0.519288 1 1 1.000000
lowpoly_plastic
0  -0.451136 -1.358026 0.555416  0.000000 1.000000 -0.000000  0.863373 0.516388 1 1 1.000000
0  -0.434688 -1.358026 0.864555  0.000000 1.000000 -0.000000  0.863408 0.515734 1 1 1.000000
0  -0.433516 -1.358026 0.557957  0.000000 1.000000 -0.000000  0.863411 0.516383 1 1 1.000000
lowpoly_plastic
0  -0.364950 -1.243926 0.957554  0.000000 1.000000 0.000000  0.863556 0.517426 1 1 1.000000
0  0.000000 -1.243926 0.944966  0.000000 1.000000 0.000000  0.864331 0.517455 1 1 1.000000
0  -0.358137 -1.243926 0.941106  0.000000 1.000000 0.000000  0.863571 0.517461 1 1 1.000000
lowpoly_plastic
0  0.000000 -1.313546 0.957554  0.000000 -1.000000 0.000000  0.862415 0.515537 1 1 1.000000
0  -0.358137 -1.313546 0.941106  0.000000 -1.000000 0.000000  0.863176 0.515572 1 1 1.000000
0  0.000000 -1.313546 0.939751  0.000000 -1.000000 0.000000  0.862415 0.515575 1 1 1.000000
lowpoly_metal
0  -0.451136 -1.313546 0.871368  -1.000000 0.000000 0.000000  0.007157 0.750376 1 1 1.000000
0  -0.451136 -1.243926 0.555416  -1.000000 0.000000 0.000000  0.007306 0.751046 1 1 1.000000
0  -0.451136 -1.313546 0.555416  -1.000000 0.000000 0.000000  0.007158 0.751046 1 1 1.000000
lowpoly_metal
0  -0.364950 -1.313546 0.957554  -0.707107 0.000000 0.707107  0.012234 0.748176 1 1 1.000000
0  -0.451136 -1.243926 0.871368  -0.707107 0.000000 0.707107  0.012382 0.748359 1 1 1.000000
0  -0.451136 -1.313546 0.871368  -0.707107 0.000000 0.707107  0.012234 0.748359 1 1 1.000000
lowpoly_metal
0  -0.451136 -1.313546 0.555416  -0.959242 0.000000 -0.282586  0.007158 0.751046 1 1 1.000000
0  -0.307145 -1.243926 0.066634  -0.959242 0.000000 -0.282586  0.007305 0.752099 1 1 1.000000
0  -0.307145 -1.313546 0.066634  -0.959242 0.000000 -0.282586  0.007157 0.752099 1 1 1.000000
lowpoly_metal
0  0.000000 -1.313546 0.957554  0.000000 0.000000 1.000000  0.010966 0.751148 1 1 1.000000
0  -0.364950 -1.243926 0.957554  0.000000 0.000000 1.000000  0.011113 0.751922 1 1 1.000000
0  -0.364950 -1.313546 0.957554  0.000000 0.000000 1.000000  0.010966 0.751922 1 1 1.000000
lowpoly_metal
0  -0.307145 -1.313546 0.066634  0.000000 0.000000 -1.000000  0.012500 0.751893 1 1 1.000000
0  0.000000 -1.243926 0.066634  0.000000 0.000000 -1.000000  0.012352 0.751241 1 1 1.000000
0  0.000000 -1.313546 0.066634  0.000000 0.000000 -1.000000  0.012500 0.751241 1 1 1.000000
lowpoly_plastic
0  -0.451136 -1.197512 0.871368  0.000000 -1.000000 -0.000000  0.863373 0.517612 1 1 1.000000
0  -0.433516 -1.197512 0.557957  0.000000 -1.000000 -0.000000  0.863336 0.518278 1 1 1.000000
0  -0.434688 -1.197512 0.864555  0.000000 -1.000000 -0.000000  0.863338 0.517627 1 1 1.000000
lowpoly_plastic
0  -0.307145 -1.313546 0.066634  0.000000 -1.000000 0.000000  0.863067 0.517429 1 1 1.000000
0  0.000000 -1.313546 0.079223  0.000000 -1.000000 0.000000  0.862415 0.517403 1 1 1.000000
0  -0.296482 -1.313546 0.080891  0.000000 -1.000000 0.000000  0.863045 0.517399 1 1 1.000000
lowpoly_plastic
0  -0.364950 -1.197512 0.957554  0.000000 -1.000000 0.000008  0.863190 0.517429 1 1 1.000000
0  -0.434688 -1.197512 0.864555  0.000000 -1.000000 0.000008  0.863338 0.517627 1 1 1.000000
0  -0.358137 -1.197512 0.941106  0.000000 -1.000000 0.000008  0.863176 0.517464 1 1 1.000000
lowpoly_plastic
0  -0.451136 -1.197512 0.555416  0.000000 -1.000000 0.000003  0.863373 0.518283 1 1 1.000000
0  -0.296482 -1.197512 0.080891  0.000000 -1.000000 0.000003  0.863045 0.519291 1 1 1.000000
0  -0.433516 -1.197512 0.557957  0.000000 -1.000000 0.000003  0.863336 0.518278 1 1 1.000000
lowpoly_plastic
0  -0.307145 -1.243926 0.066634  0.000000 1.000000 0.000004  0.863679 0.519313 1 1 1.000000
0  -0.433516 -1.243926 0.557957  0.000000 1.000000 0.000004  0.863411 0.518272 1 1 1.000000
0  -0.296482 -1.243926 0.080891  0.000000 1.000000 0.000004  0.863701 0.519283 1 1 1.000000
lowpoly_plastic
0  -0.451136 -1.448919 0.871368  -1.000000 0.000000 0.000000  0.006126 0.764928 1 1 1.000000
0  -0.451136 -1.358026 0.555416  -1.000000 0.000000 0.000000  0.006196 0.765171 1 1 1.000000
0  -0.451136 -1.448919 0.555416  -1.000000 0.000000 0.000000  0.006126 0.765171 1 1 1.000000
lowpoly_plastic
0  -0.364950 -1.448919 0.957554  -0.707107 0.000000 0.707107  0.007182 0.765535 1 1 1.000000
0  -0.451136 -1.358026 0.871368  -0.707107 0.000000 0.707107  0.007251 0.765602 1 1 1.000000
0  -0.451136 -1.448919 0.871368  -0.707107 0.000000 0.707107  0.007182 0.765602 1 1 1.000000
lowpoly_plastic
0  -0.307145 -1.358026 0.066634  -0.959242 0.000000 -0.282586  0.006196 0.765551 1 1 1.000000
0  -0.307145 -1.448919 0.066634  -0.959242 0.000000 -0.282586  0.006126 0.765552 1 1 1.000000
0  -0.427635 -1.448919 0.475638  -0.959242 0.000000 -0.282586  0.006126 0.765233 1 1 1.000000
lowpoly_plastic
0  0.000000 -1.448919 0.957554  0.000000 0.000000 1.000000  0.918570 0.516681 1 1 1.000000
0  -0.364950 -1.358026 0.957554  0.000000 0.000000 1.000000  0.918763 0.517456 1 1 1.000000
0  -0.364950 -1.448919 0.957554  0.000000 0.000000 1.000000  0.918570 0.517456 1 1 1.000000
lowpoly_plastic
0  -0.307145 -1.448919 0.066634  0.000000 0.000000 -1.000000  0.008133 0.765713 1 1 1.000000
0  0.000000 -1.358026 0.066634  0.000000 0.000000 -1.000000  0.008063 0.765477 1 1 1.000000
0  0.000000 -1.448919 0.066634  0.000000 0.000000 -1.000000  0.008133 0.765477 1 1 1.000000
lowpoly_plastic
0  -0.296482 -1.243926 0.080891  -0.005626 0.000000 -0.999984  0.898704 0.513855 1 1 1.000000
0  0.000000 -1.197512 0.079223  -0.005626 0.000000 -0.999984  0.898605 0.513225 1 1 1.000000
0  0.000000 -1.243926 0.079223  -0.005626 0.000000 -0.999984  0.898704 0.513225 1 1 1.000000
lowpoly_plastic
0  0.000000 -1.243926 0.944966  -0.010776 0.000000 0.999942  0.897454 0.514439 1 1 1.000000
0  -0.358137 -1.197512 0.941106  -0.010776 0.000000 0.999942  0.897553 0.515199 1 1 1.000000
0  -0.358137 -1.243926 0.941106  -0.010776 0.000000 0.999942  0.897454 0.515199 1 1 1.000000
lowpoly_plastic
0  -0.433516 -1.243926 0.557957  -0.961135 0.000000 -0.276079  0.893836 0.514146 1 1 1.000000
0  -0.296482 -1.197512 0.080891  -0.961135 0.000000 -0.276079  0.893934 0.515173 1 1 1.000000
0  -0.296482 -1.243926 0.080891  -0.961135 0.000000 -0.276079  0.893835 0.515173 1 1 1.000000
lowpoly_plastic
0  -0.358137 -1.243926 0.941106  -0.707106 0.000000 0.707107  0.897454 0.515199 1 1 1.000000
0  -0.434688 -1.197512 0.864555  -0.707106 0.000000 0.707107  0.897553 0.515362 1 1 1.000000
0  -0.434688 -1.243926 0.864555  -0.707106 0.000000 0.707107  0.897454 0.515362 1 1 1.000000
lowpoly_plastic
0  -0.434688 -1.243926 0.864555  -0.999993 0.000000 -0.003825  0.893835 0.513495 1 1 1.000000
0  -0.433516 -1.197512 0.557957  -0.999993 0.000000 -0.003825  0.893934 0.514146 1 1 1.000000
0  -0.433516 -1.243926 0.557957  -0.999993 0.000000 -0.003825  0.893836 0.514146 1 1 1.000000
lowpoly_plastic
0  -0.296482 -1.358026 0.080891  -0.005627 0.000000 -0.999984  0.898995 0.511149 1 1 1.000000
0  0.000000 -1.313546 0.079223  -0.005627 0.000000 -0.999984  0.898901 0.510520 1 1 1.000000
0  0.000000 -1.358026 0.079223  -0.005627 0.000000 -0.999984  0.898995 0.510520 1 1 1.000000
lowpoly_plastic
0  0.000000 -1.358026 0.939751  0.003784 0.000000 0.999993  0.898605 0.512302 1 1 1.000000
0  -0.358137 -1.313546 0.941106  0.003784 0.000000 0.999993  0.898700 0.513062 1 1 1.000000
0  -0.358137 -1.358026 0.941106  0.003784 0.000000 0.999993  0.898605 0.513062 1 1 1.000000
lowpoly_plastic
0  -0.433516 -1.358026 0.557957  -0.961135 0.000000 -0.276079  0.898511 0.512952 1 1 1.000000
0  -0.296482 -1.313546 0.080891  -0.961135 0.000000 -0.276079  0.898605 0.513980 1 1 1.000000
0  -0.296482 -1.358026 0.080891  -0.961135 0.000000 -0.276079  0.898510 0.513980 1 1 1.000000
lowpoly_plastic
0  -0.358137 -1.358026 0.941106  -0.707108 0.000000 0.707106  0.898605 0.513062 1 1 1.000000
0  -0.434688 -1.313546 0.864555  -0.707108 0.000000 0.707106  0.898700 0.513225 1 1 1.000000
0  -0.434688 -1.358026 0.864555  -0.707108 0.000000 0.707106  0.898605 0.513225 1 1 1.000000
lowpoly_plastic
0  -0.434688 -1.358026 0.864555  -0.999993 0.000000 -0.003825  0.898510 0.512302 1 1 1.000000
0  -0.433516 -1.313546 0.557957  -0.999993 0.000000 -0.003825  0.898605 0.512952 1 1 1.000000
0  -0.433516 -1.358026 0.557957  -0.999993 0.000000 -0.003825  0.898511 0.512952 1 1 1.000000
lowpoly_plastic
0  -0.307145 -1.358026 0.066634  0.000000 1.000000 0.000004  0.863679 0.517424 1 1 1.000000
0  -0.433516 -1.358026 0.557957  0.000000 1.000000 0.000004  0.863411 0.516383 1 1 1.000000
0  -0.296482 -1.358026 0.080891  0.000000 1.000000 0.000004  0.863701 0.517394 1 1 1.000000
lowpoly_plastic
0  -0.451136 -1.313546 0.555416  0.000000 -1.000000 0.000000  0.863373 0.516391 1 1 1.000000
0  -0.296482 -1.313546 0.080891  0.000000 -1.000000 0.000000  0.863045 0.517399 1 1 1.000000
0  -0.433516 -1.313546 0.557957  0.000000 -1.000000 0.000000  0.863336 0.516386 1 1 1.000000
lowpoly_plastic
0  -0.364950 -1.313546 0.957554  0.000000 -1.000000 0.000008  0.863190 0.515537 1 1 1.000000
0  -0.434688 -1.313546 0.864555  0.000000 -1.000000 0.000008  0.863338 0.515735 1 1 1.000000
0  -0.358137 -1.313546 0.941106  0.000000 -1.000000 0.000008  0.863176 0.515572 1 1 1.000000
lowpoly_plastic
0  -0.451136 -1.313546 0.871368  0.000000 -1.000000 0.000000  0.863373 0.515720 1 1 1.000000
0  -0.433516 -1.313546 0.557957  0.000000 -1.000000 0.000000  0.863336 0.516386 1 1 1.000000
0  -0.434688 -1.313546 0.864555  0.000000 -1.000000 0.000000  0.863338 0.515735 1 1 1.000000
lowpoly_plastic
0  -0.364950 -1.358026 0.957554  0.000000 1.000000 0.000010  0.863556 0.515537 1 1 1.000000
0  0.000000 -1.358026 0.939751  0.000000 1.000000 0.000010  0.864331 0.515577 1 1 1.000000
0  -0.358137 -1.358026 0.941106  0.000000 1.000000 0.000010  0.863571 0.515572 1 1 1.000000
lowpoly_plastic
0  0.000000 -1.358026 0.066634  0.000000 1.000000 0.000000  0.864331 0.517426 1 1 1.000000
0  -0.296482 -1.358026 0.080891  0.000000 1.000000 0.000000  0.863701 0.517394 1 1 1.000000
0  0.000000 -1.358026 0.079223  0.000000 1.000000 0.000000  0.864331 0.517399 1 1 1.000000
lowpoly_plastic
0  -0.307145 -1.197512 0.066634  0.000000 -1.000000 0.000000  0.863067 0.519321 1 1 1.000000
0  0.000000 -1.197512 0.079223  0.000000 -1.000000 0.000000  0.862415 0.519295 1 1 1.000000
0  -0.296482 -1.197512 0.080891  0.000000 -1.000000 0.000000  0.863045 0.519291 1 1 1.000000
lowpoly_plastic
0  0.000000 -1.197512 0.957554  0.000000 -1.000000 0.000000  0.862415 0.517429 1 1 1.000000
0  -0.358137 -1.197512 0.941106  0.000000 -1.000000 0.000000  0.863176 0.517464 1 1 1.000000
0  0.000000 -1.197512 0.944966  0.000000 -1.000000 0.000000  0.862415 0.517456 1 1 1.000000
lowpoly_plastic
0  -0.451136 -1.243926 0.555416  0.000000 1.000000 0.000000  0.863373 0.518277 1 1 1.000000
0  -0.434688 -1.243926 0.864555  0.000000 1.000000 0.000000  0.863408 0.517623 1 1 1.000000
0  -0.433516 -1.243926 0.557957  0.000000 1.000000 0.000000  0.863411 0.518272 1 1 1.000000
lowpoly_plastic
0  -0.451136 -1.243926 0.871368  0.000000 1.000000 0.000000  0.863373 0.517608 1 1 1.000000
0  -0.358137 -1.243926 0.941106  0.000000 1.000000 0.000000  0.863571 0.517461 1 1 1.000000
0  -0.434688 -1.243926 0.864555  0.000000 1.000000 0.000000  0.863408 0.517623 1 1 1.000000
lowpoly_plastic
0  0.000000 -1.448919 0.482633  0.000000 -1.000000 -0.000000  0.006289 0.765631 1 1 1.000000
0  -0.024510 -1.448919 0.825567  0.000000 -1.000000 -0.000000  0.006308 0.765368 1 1 1.000000
0  -0.024307 -1.448919 0.601620  0.000000 -1.000000 -0.000000  0.006308 0.765540 1 1 1.000000
lowpoly_plastic
0  0.000000 -1.448919 0.957554  0.000000 -1.000000 -0.000002  0.006289 0.765267 1 1 1.000000
0  -0.218556 -1.448919 0.937364  0.000000 -1.000000 -0.000002  0.006457 0.765282 1 1 1.000000
0  -0.024510 -1.448919 0.825567  0.000000 -1.000000 -0.000002  0.006308 0.765368 1 1 1.000000
lowpoly_plastic
0  -0.364950 -1.448919 0.957554  0.000000 -1.000000 0.000000  0.006570 0.765267 1 1 1.000000
0  -0.412398 -1.448919 0.825215  0.000000 -1.000000 0.000000  0.006606 0.765368 1 1 1.000000
0  -0.218556 -1.448919 0.937364  0.000000 -1.000000 0.000000  0.006457 0.765282 1 1 1.000000
lowpoly_plastic
0  -0.451136 -1.448919 0.871368  0.000000 -1.000000 -0.000000  0.006636 0.765333 1 1 1.000000
0  -0.412195 -1.448919 0.601268  0.000000 -1.000000 -0.000000  0.006606 0.765540 1 1 1.000000
0  -0.412398 -1.448919 0.825215  0.000000 -1.000000 -0.000000  0.006606 0.765368 1 1 1.000000
lowpoly_plastic
0  -0.451136 -1.448919 0.555416  0.000000 -1.000000 0.000000  0.006636 0.765576 1 1 1.000000
0  -0.218150 -1.448919 0.489470  0.000000 -1.000000 0.000000  0.006457 0.765626 1 1 1.000000
0  -0.412195 -1.448919 0.601268  0.000000 -1.000000 0.000000  0.006606 0.765540 1 1 1.000000
lowpoly_plastic
0  -0.427635 -1.448919 0.475638  0.000000 1.000000 0.000000  0.006618 0.765637 1 1 1.000000
0  -0.024307 -1.448919 0.601620  0.000000 1.000000 0.000000  0.006308 0.765540 1 1 1.000000
0  -0.218150 -1.448919 0.489470  0.000000 1.000000 0.000000  0.006457 0.765626 1 1 1.000000
lowpoly_plastic
0  -0.024510 -1.414091 0.825567  0.000000 -1.000000 0.000001  0.892429 0.512907 1 1 1.000000
0  -0.218556 -1.414091 0.937364  0.000000 -1.000000 0.000001  0.892840 0.512669 1 1 1.000000
0  -0.412195 -1.414091 0.601268  0.000000 -1.000000 0.000001  0.893252 0.513382 1 1 1.000000
lowpoly_plastic
0  -0.024510 -1.448919 0.825567  -0.499217 0.000000 -0.866477  0.030443 0.872957 1 1 1.000000
0  -0.218556 -1.414091 0.937364  -0.499217 0.000000 -0.866477  0.030309 0.873182 1 1 1.000000
0  -0.024510 -1.414091 0.825567  -0.499217 0.000000 -0.866477  0.030313 0.872957 1 1 1.000000
lowpoly_plastic
0  -0.412195 -1.448919 0.601268  0.499214 0.000000 0.866479  0.030309 0.873869 1 1 1.000000
0  -0.218150 -1.414091 0.489470  0.499214 0.000000 0.866479  0.030439 0.873641 1 1 1.000000
0  -0.412195 -1.414091 0.601268  0.499214 0.000000 0.866479  0.030439 0.873869 1 1 1.000000
lowpoly_plastic
0  -0.218556 -1.448919 0.937364  0.500786 0.000000 -0.865571  0.030439 0.873182 1 1 1.000000
0  -0.412398 -1.414091 0.825215  0.500786 0.000000 -0.865571  0.030313 0.873413 1 1 1.000000
0  -0.218556 -1.414091 0.937364  0.500786 0.000000 -0.865571  0.030309 0.873182 1 1 1.000000
lowpoly_plastic
0  -0.024307 -1.448919 0.601620  -1.000000 0.000000 -0.000907  0.028307 0.875812 1 1 1.000000
0  -0.024510 -1.414091 0.825567  -1.000000 0.000000 -0.000907  0.028437 0.875549 1 1 1.000000
0  -0.024307 -1.414091 0.601620  -1.000000 0.000000 -0.000907  0.028437 0.875812 1 1 1.000000
lowpoly_plastic
0  -0.218150 -1.448919 0.489470  -0.500786 0.000000 0.865571  0.030309 0.873641 1 1 1.000000
0  -0.024307 -1.414091 0.601620  -0.500786 0.000000 0.865571  0.030439 0.873413 1 1 1.000000
0  -0.218150 -1.414091 0.489470  -0.500786 0.000000 0.865571  0.030439 0.873641 1 1 1.000000
lowpoly_plastic
0  -0.289654 -1.448919 0.271136  0.000000 -1.000000 0.000001  0.034649 0.795703 1 1 1.000000
0  -0.387471 -1.448919 0.339304  0.000000 -1.000000 0.000001  0.034807 0.795505 1 1 1.000000
0  -0.347308 -1.448919 0.202969  0.000000 -1.000000 0.000001  0.034807 0.795807 1 1 1.000000
lowpoly_plastic
0  -0.289654 -1.575766 0.271136  0.000000 -1.000000 0.000070  0.007756 0.765492 1 1 1.000000
0  -0.255191 -1.575766 0.271552  0.000000 -1.000000 0.000070  0.007756 0.765466 1 1 1.000000
0  -0.255960 -1.575766 0.272885  0.000000 -1.000000 0.000070  0.007757 0.765466 1 1 1.000000
lowpoly_plastic
0  -0.034463 -1.575766 0.274217  0.000000 -1.000000 0.000000  0.007755 0.765296 1 1 1.000000
0  0.000000 -1.575766 0.343966  0.000000 -1.000000 0.000000  0.007809 0.765269 1 1 1.000000
0  -0.074217 -1.575766 0.343073  0.000000 -1.000000 0.000000  0.007809 0.765326 1 1 1.000000
lowpoly_plastic
0  -0.185743 -1.575766 0.066634  0.000000 -1.000000 -0.000002  0.007598 0.765415 1 1 1.000000
0  -0.089260 -1.575766 0.176641  0.000000 -1.000000 -0.000002  0.007681 0.765340 1 1 1.000000
0  -0.200393 -1.575766 0.176641  0.000000 -1.000000 -0.000002  0.007683 0.765425 1 1 1.000000
lowpoly_plastic
0  -0.289654 -1.448919 0.271136  -0.763529 0.000000 0.645773  0.029995 0.800392 1 1 1.000000
0  -0.347308 -1.575766 0.202969  -0.763529 0.000000 0.645773  0.029726 0.800530 1 1 1.000000
0  -0.289654 -1.575766 0.271136  -0.763529 0.000000 0.645773  0.029726 0.800392 1 1 1.000000
lowpoly_plastic
0  -0.427635 -1.448919 0.475638  -0.959242 0.000000 -0.282586  0.007832 0.763784 1 1 1.000000
0  -0.387471 -1.575766 0.339304  -0.959242 0.000000 -0.282586  0.007735 0.763891 1 1 1.000000
0  -0.427635 -1.575766 0.475638  -0.959242 0.000000 -0.282586  0.007735 0.763785 1 1 1.000000
lowpoly_plastic
0  0.000000 -1.448919 0.482633  -0.016354 0.000000 0.999866  0.028462 0.777615 1 1 1.000000
0  -0.427635 -1.575766 0.475638  -0.016354 0.000000 0.999866  0.028193 0.778523 1 1 1.000000
0  0.000000 -1.575766 0.482633  -0.016354 0.000000 0.999866  0.028193 0.777615 1 1 1.000000
lowpoly_plastic
0  -0.387471 -1.575766 0.339304  0.000000 -1.000000 0.000000  0.007810 0.765566 1 1 1.000000
0  -0.216425 -1.575766 0.341362  0.000000 -1.000000 0.000000  0.007809 0.765435 1 1 1.000000
0  -0.200393 -1.575766 0.369129  0.000000 -1.000000 0.000000  0.007830 0.765422 1 1 1.000000
lowpoly_plastic
0  -0.185743 -1.448919 0.066634  0.327601 0.000000 -0.944816  0.032933 0.777402 1 1 1.000000
0  0.000000 -1.575766 0.131038  0.327601 0.000000 -0.944816  0.033201 0.777006 1 1 1.000000
0  -0.185743 -1.575766 0.066634  0.327601 0.000000 -0.944816  0.033202 0.777403 1 1 1.000000
lowpoly_plastic
0  -0.347308 -1.448919 0.202969  -0.959242 0.000000 -0.282586  0.006224 0.765601 1 1 1.000000
0  -0.307145 -1.575766 0.066634  -0.959242 0.000000 -0.282586  0.006126 0.765708 1 1 1.000000
0  -0.347308 -1.575766 0.202969  -0.959242 0.000000 -0.282586  0.006126 0.765601 1 1 1.000000
lowpoly_plastic
0  -0.387471 -1.448919 0.339304  -0.571745 0.000000 -0.820431  0.034444 0.795505 1 1 1.000000
0  -0.289654 -1.575766 0.271136  -0.571745 0.000000 -0.820431  0.034649 0.795779 1 1 1.000000
0  -0.387471 -1.575766 0.339304  -0.571745 0.000000 -0.820431  0.034444 0.795774 1 1 1.000000
lowpoly_plastic
0  -0.255191 -1.575766 0.271552  0.000000 -1.000000 -0.000003  0.007756 0.765466 1 1 1.000000
0  -0.347308 -1.575766 0.202969  0.000000 -1.000000 -0.000003  0.007705 0.765537 1 1 1.000000
0  -0.216103 -1.575766 0.203850  0.000000 -1.000000 -0.000003  0.007704 0.765437 1 1 1.000000
lowpoly_plastic
0  0.000000 -1.575766 0.274633  0.000000 -1.000000 -0.000020  0.007755 0.765270 1 1 1.000000
0  -0.034463 -1.575766 0.274217  0.000000 -1.000000 -0.000020  0.007755 0.765296 1 1 1.000000
0  -0.033694 -1.575766 0.272885  0.000000 -1.000000 -0.000020  0.007754 0.765296 1 1 1.000000
lowpoly_metal
0  -0.255960 -1.548764 0.272885  0.000000 -1.000000 0.000001  0.858217 0.861421 1 1 1.000000
0  -0.089260 -1.548764 0.176641  0.000000 -1.000000 0.000001  0.858421 0.861775 1 1 1.000000
0  -0.089260 -1.548764 0.369129  0.000000 -1.000000 0.000001  0.858012 0.861775 1 1 1.000000
lowpoly_plastic
0  -0.089260 -1.548764 0.176641  -0.866025 0.000000 0.500001  0.032531 0.878146 1 1 1.000000
0  -0.089260 -1.575766 0.176641  -0.866025 0.000000 0.500001  0.032474 0.878146 1 1 1.000000
0  -0.072997 -1.575766 0.204810  -0.866025 0.000000 0.500001  0.032473 0.878088 1 1 1.000000
lowpoly_plastic
0  -0.200393 -1.575766 0.369129  0.000000 0.000000 -1.000000  0.031155 0.879228 1 1 1.000000
0  -0.089260 -1.548764 0.369129  0.000000 0.000000 -1.000000  0.031098 0.878992 1 1 1.000000
0  -0.089260 -1.575766 0.369129  0.000000 0.000000 -1.000000  0.031155 0.878992 1 1 1.000000
lowpoly_plastic
0  -0.216103 -1.575766 0.203850  0.866026 -0.000001 0.500000  0.031158 0.878702 1 1 1.000000
0  -0.255960 -1.548764 0.272885  0.866026 -0.000001 0.500000  0.031098 0.878566 1 1 1.000000
0  -0.255191 -1.575766 0.271552  0.866026 -0.000001 0.500000  0.031155 0.878569 1 1 1.000000
lowpoly_plastic
0  -0.089260 -1.575766 0.176641  0.000000 0.000000 1.000000  0.031098 0.878756 1 1 1.000000
0  -0.200393 -1.548764 0.176641  0.000000 0.000000 1.000000  0.031155 0.878992 1 1 1.000000
0  -0.200393 -1.575766 0.176641  0.000000 0.000000 1.000000  0.031098 0.878992 1 1 1.000000
lowpoly_plastic
0  -0.033694 -1.548764 0.272885  -0.866025 -0.000000 -0.500001  0.032530 0.877948 1 1 1.000000
0  -0.034463 -1.575766 0.274217  -0.866025 -0.000000 -0.500001  0.032473 0.877945 1 1 1.000000
0  -0.074217 -1.575766 0.343073  -0.866025 -0.000000 -0.500001  0.032473 0.877795 1 1 1.000000
lowpoly_plastic
0  -0.200393 -1.548764 0.369129  0.866026 0.000000 -0.500000  0.031102 0.878350 1 1 1.000000
0  -0.200393 -1.575766 0.369129  0.866026 0.000000 -0.500000  0.031160 0.878350 1 1 1.000000
0  -0.216425 -1.575766 0.341362  0.866026 0.000000 -0.500000  0.031158 0.878412 1 1 1.000000
lowpoly_plastic
0  -0.307145 -1.448919 0.066634  0.000000 0.000000 -1.000000  0.006142 0.763826 1 1 1.000000
0  -0.185743 -1.575766 0.066634  0.000000 0.000000 -1.000000  0.006240 0.763734 1 1 1.000000
0  -0.307145 -1.575766 0.066634  0.000000 0.000000 -1.000000  0.006240 0.763827 1 1 1.000000
lowpoly_plastic
0  -0.185743 -1.448919 0.066634  0.000000 -1.000000 0.000000  0.030813 0.782303 1 1 1.000000
0  0.000000 -1.448919 0.066634  0.000000 -1.000000 0.000000  0.030684 0.781930 1 1 1.000000
0  0.000000 -1.448919 0.131038  0.000000 -1.000000 0.000000  0.030813 0.781886 1 1 1.000000
lowpoly_plastic
0  -0.405960 -0.882710 0.402062  0.000001 0.000000 1.000000  0.044069 0.823322 1 1 1.000000
0  -0.630782 -1.155727 0.402062  0.000001 0.000000 1.000000  0.044547 0.823902 1 1 1.000000
0  -0.405960 -1.155727 0.402062  0.000001 0.000000 1.000000  0.044069 0.823902 1 1 1.000000
lowpoly_plastic
0  -0.572962 -1.155727 0.197195  0.000000 -1.000000 0.000000  0.044505 0.824025 1 1 1.000000
0  -0.405960 -1.155727 0.402062  0.000000 -1.000000 0.000000  0.044069 0.824379 1 1 1.000000
0  -0.630782 -1.155727 0.255015  0.000000 -1.000000 0.000000  0.044382 0.823902 1 1 1.000000
lowpoly_plastic
0  -0.572962 -0.882710 0.197195  0.000000 0.000000 -1.000000  0.044069 0.822742 1 1 1.000000
0  -0.345607 -1.155727 0.197195  0.000000 0.000000 -1.000000  0.044552 0.823322 1 1 1.000000
0  -0.572962 -1.155727 0.197195  0.000000 0.000000 -1.000000  0.044069 0.823322 1 1 1.000000
lowpoly_plastic
0  -0.630782 -0.882710 0.255015  -0.707107 0.000000 -0.707107  0.007962 0.765477 1 1 1.000000
0  -0.572962 -1.155727 0.197195  -0.707107 0.000000 -0.707107  0.007915 0.765267 1 1 1.000000
0  -0.630782 -1.155727 0.255015  -0.707107 0.000000 -0.707107  0.007962 0.765267 1 1 1.000000
lowpoly_plastic
0  -0.630782 -0.882710 0.402062  -1.000000 0.000000 0.000000  0.007129 0.764963 1 1 1.000000
0  -0.630782 -1.155727 0.255015  -1.000000 0.000000 0.000000  0.007016 0.764753 1 1 1.000000
0  -0.630782 -1.155727 0.402062  -1.000000 0.000000 0.000000  0.007129 0.764753 1 1 1.000000
lowpoly_plastic
0  -0.522693 0.983747 0.233730  -0.533038 0.443202 -0.720724  0.057075 0.624163 1 1 1.000000
0  -0.607244 1.017938 0.317289  -0.533038 0.443202 -0.720724  0.056906 0.624254 1 1 1.000000
0  -0.596107 1.126380 0.375737  -0.533038 0.443202 -0.720724  0.056737 0.624090 1 1 1.000000
lowpoly_plastic
0  -0.607244 1.017938 0.317289  -0.498617 -0.852740 -0.155612  0.065396 0.750673 1 1 1.000000
0  -0.484499 0.951990 0.285373  -0.498617 -0.852740 -0.155612  0.065317 0.750933 1 1 1.000000
0  -0.569050 0.986181 0.368931  -0.498617 -0.852740 -0.155612  0.065259 0.750686 1 1 1.000000
lowpoly_plastic
0  -0.427004 1.057998 0.208621  0.841287 0.186987 -0.507220  0.065981 0.749574 1 1 1.000000
0  -0.377674 1.134683 0.318712  0.841287 0.186987 -0.507220  0.066118 0.749317 1 1 1.000000
0  -0.388810 1.026241 0.260263  0.841287 0.186987 -0.507220  0.066118 0.749579 1 1 1.000000
lowpoly_plastic
0  -0.500419 1.200631 0.350628  -0.342672 0.665757 0.662831  0.065503 0.750875 1 1 1.000000
0  -0.557913 1.094623 0.427380  -0.342672 0.665757 0.662831  0.065595 0.750683 1 1 1.000000
0  -0.462225 1.168874 0.402270  -0.342672 0.665757 0.662831  0.065644 0.750885 1 1 1.000000
lowpoly_plastic
0  -0.596107 1.126380 0.375737  -0.841287 -0.186986 0.507220  0.066159 0.745664 1 1 1.000000
0  -0.569050 0.986181 0.368931  -0.841287 -0.186986 0.507220  0.066034 0.745935 1 1 1.000000
0  -0.557913 1.094623 0.427380  -0.841287 -0.186986 0.507220  0.066034 0.745674 1 1 1.000000
lowpoly_plastic
0  -0.522693 0.983747 0.233730  0.342671 -0.665753 -0.662834  0.065454 0.750919 1 1 1.000000
0  -0.388810 1.026241 0.260263  0.342671 -0.665753 -0.662834  0.065259 0.751132 1 1 1.000000
0  -0.484499 0.951990 0.285373  0.342671 -0.665753 -0.662834  0.065317 0.750933 1 1 1.000000
lowpoly_plastic
0  -0.415868 1.166440 0.267069  0.498616 0.852741 0.155613  0.065454 0.751121 1 1 1.000000
0  -0.462225 1.168874 0.402270  0.498616 0.852741 0.155613  0.065644 0.750885 1 1 1.000000
0  -0.377674 1.134683 0.318712  0.498616 0.852741 0.155613  0.065595 0.751131 1 1 1.000000
lowpoly_plastic
0  0.630782 0.567459 0.724948  0.751559 -0.659666 0.000000  0.033631 0.767461 1 1 1.000000
0  0.596813 0.528758 0.613861  0.751559 -0.659666 0.000000  0.033391 0.767378 1 1 1.000000
0  0.630782 0.567459 0.591636  0.751559 -0.659666 0.000000  0.033348 0.767461 1 1 1.000000
lowpoly_plastic
0  0.290271 0.791758 0.066634  0.000000 0.000000 -1.000000  0.006545 0.763725 1 1 1.000000
0  0.000000 -0.882710 0.066634  0.000000 0.000000 -1.000000  0.006627 0.765027 1 1 1.000000
0  0.000000 0.791758 0.066634  0.000000 0.000000 -1.000000  0.006767 0.763749 1 1 1.000000
lowpoly_plastic
0  0.290271 0.791758 0.957554  0.000000 1.000000 0.000000  0.031710 0.785988 1 1 1.000000
0  0.000000 0.791758 0.066634  0.000000 1.000000 0.000000  0.032326 0.787877 1 1 1.000000
0  0.000000 0.791758 0.957554  0.000000 1.000000 0.000000  0.032326 0.785990 1 1 1.000000
lowpoly_plastic
0  0.000000 0.791758 0.957554  0.000000 0.000000 1.000000  0.917424 0.511877 1 1 1.000000
0  0.364950 -0.882710 0.957554  0.000000 0.000000 1.000000  0.918199 0.515433 1 1 1.000000
0  0.290271 0.791758 0.957554  0.000000 0.000000 1.000000  0.918040 0.511877 1 1 1.000000
lowpoly_plastic
0  0.290271 0.791758 0.066634  -1.000000 0.000000 0.000000  0.036775 0.783148 1 1 1.000000
0  0.290271 1.059160 0.957554  -1.000000 0.000000 0.000000  0.035488 0.781661 1 1 1.000000
0  0.290271 1.366534 0.322802  -1.000000 0.000000 0.000000  0.035439 0.783148 1 1 1.000000
lowpoly_plastic
0  0.630782 0.567459 0.358665  0.758884 0.035358 0.650266  0.038753 0.769523 1 1 1.000000
0  0.615607 -0.332709 0.425321  0.758884 0.035358 0.650266  0.038785 0.767611 1 1 1.000000
0  0.630782 -0.658411 0.425321  0.758884 0.035358 0.650266  0.038753 0.766919 1 1 1.000000
lowpoly_plastic
0  0.630782 -0.658411 0.425321  1.000000 0.000000 0.000000  0.005947 0.763453 1 1 1.000000
0  0.630782 -0.658411 0.658292  1.000000 0.000000 0.000000  0.006126 0.763453 1 1 1.000000
0  0.630782 -0.882710 0.871368  1.000000 0.000000 0.000000  0.006289 0.763281 1 1 1.000000
lowpoly_plastic
0  0.630782 -0.882710 0.871368  1.000000 0.000000 0.000000  0.006289 0.763281 1 1 1.000000
0  0.630782 0.567459 0.724948  1.000000 0.000000 0.000000  0.006177 0.764395 1 1 1.000000
0  0.630782 0.791758 0.871368  1.000000 0.000000 0.000000  0.006289 0.764567 1 1 1.000000
lowpoly_plastic
0  0.630782 0.791758 0.871368  1.000000 0.000000 0.000000  0.006289 0.764567 1 1 1.000000
0  0.630782 0.567459 0.591636  1.000000 0.000000 0.000000  0.006075 0.764395 1 1 1.000000
0  0.630782 0.567459 0.491977  1.000000 0.000000 0.000000  0.005999 0.764395 1 1 1.000000
lowpoly_plastic
0  0.630782 0.567459 0.491977  1.000000 0.000000 0.000000  0.005999 0.764395 1 1 1.000000
0  0.630782 -0.658411 0.658292  1.000000 0.000000 0.000000  0.006126 0.763453 1 1 1.000000
0  0.630782 -0.658411 0.425321  1.000000 0.000000 0.000000  0.005947 0.763453 1 1 1.000000
lowpoly_plastic
0  0.630782 0.567459 0.491977  1.000000 0.000000 0.000000  0.005999 0.764395 1 1 1.000000
0  0.630782 0.567459 0.358665  1.000000 0.000000 0.000000  0.005896 0.764395 1 1 1.000000
0  0.630782 0.791758 0.255015  1.000000 0.000000 0.000000  0.005817 0.764567 1 1 1.000000
lowpoly_plastic
0  0.630782 0.791758 0.255015  1.000000 0.000000 0.000000  0.005817 0.764567 1 1 1.000000
0  0.630782 -0.658411 0.425321  1.000000 0.000000 0.000000  0.005947 0.763453 1 1 1.000000
0  0.630782 -0.882710 0.255015  1.000000 0.000000 0.000000  0.005817 0.763281 1 1 1.000000
lowpoly_plastic
0  0.615607 -0.333184 0.658292  0.999762 0.021799 0.000000  0.888610 0.512087 1 1 1.000000
0  0.596813 0.528758 0.613861  0.999762 0.021799 0.000000  0.888513 0.513917 1 1 1.000000
0  0.596813 0.528758 0.702723  0.999762 0.021799 0.000000  0.888702 0.513917 1 1 1.000000
lowpoly_plastic
0  0.615607 -0.332709 0.425321  0.999762 0.021823 0.000000  0.888116 0.512088 1 1 1.000000
0  0.596813 0.528284 0.383942  0.999762 0.021823 0.000000  0.888026 0.513917 1 1 1.000000
0  0.596813 0.528284 0.466700  0.999762 0.021823 0.000000  0.888201 0.513916 1 1 1.000000
lowpoly_plastic
0  0.630782 0.567459 0.591636  0.758414 0.035387 0.650812  0.038825 0.769523 1 1 1.000000
0  0.615607 -0.333184 0.658292  0.758414 0.035387 0.650812  0.038857 0.767610 1 1 1.000000
0  0.630782 -0.658411 0.658292  0.758414 0.035387 0.650812  0.038825 0.766919 1 1 1.000000
lowpoly_plastic
0  0.630782 -0.658411 0.425321  0.562533 0.044889 -0.825555  0.038968 0.769526 1 1 1.000000
0  0.596813 0.528284 0.466700  0.562533 0.044889 -0.825555  0.039039 0.767004 1 1 1.000000
0  0.630782 0.567459 0.491977  0.562533 0.044889 -0.825555  0.038968 0.766919 1 1 1.000000
lowpoly_plastic
0  0.630782 -0.658411 0.658292  0.509074 0.046732 -0.859453  0.038897 0.769526 1 1 1.000000
0  0.596813 0.528758 0.702723  0.509074 0.046732 -0.859453  0.038968 0.767003 1 1 1.000000
0  0.630782 0.567459 0.724948  0.509074 0.046732 -0.859453  0.038897 0.766919 1 1 1.000000
lowpoly_plastic
0  0.630782 0.567459 0.491977  0.755529 -0.655116 0.000000  0.033137 0.767461 1 1 1.000000
0  0.596813 0.528284 0.383942  0.755529 -0.655116 0.000000  0.032904 0.767377 1 1 1.000000
0  0.630782 0.567459 0.358665  0.755529 -0.655116 0.000000  0.032854 0.767461 1 1 1.000000
lowpoly_plastic
0  0.290271 1.366534 0.322802  0.000597 0.900028 0.435832  0.927414 0.511457 1 1 1.000000
0  0.290271 1.059160 0.957554  0.000597 0.900028 0.435832  0.927414 0.510063 1 1 1.000000
0  0.630782 1.262291 0.537607  0.000597 0.900028 0.435832  0.926691 0.510995 1 1 1.000000
lowpoly_plastic
0  0.290271 0.791758 0.066634  0.000000 0.407083 -0.913391  0.006545 0.763725 1 1 1.000000
0  0.290271 1.366534 0.322802  0.000000 0.407083 -0.913391  0.006599 0.763281 1 1 1.000000
0  0.442401 0.791758 0.066634  0.000000 0.407083 -0.913391  0.006429 0.763712 1 1 1.000000
lowpoly_plastic
0  0.442401 0.791758 0.066634  0.707107 0.000000 -0.707107  0.005665 0.764566 1 1 1.000000
0  0.630782 -0.882710 0.255015  0.707107 0.000000 -0.707107  0.005817 0.763281 1 1 1.000000
0  0.442401 -0.882710 0.066634  0.707107 0.000000 -0.707107  0.005665 0.763281 1 1 1.000000
lowpoly_plastic
0  0.442401 0.791758 0.066634  0.000000 0.000000 -1.000000  0.006429 0.763712 1 1 1.000000
0  0.307145 -0.882710 0.066634  0.000000 0.000000 -1.000000  0.006393 0.765001 1 1 1.000000
0  0.290271 0.791758 0.066634  0.000000 0.000000 -1.000000  0.006545 0.763725 1 1 1.000000
lowpoly_plastic
0  0.544595 -0.882710 0.957554  0.707107 0.000000 0.707107  0.007185 0.764804 1 1 1.000000
0  0.630782 0.791758 0.871368  0.707107 0.000000 0.707107  0.007252 0.763518 1 1 1.000000
0  0.544595 0.791758 0.957554  0.707107 0.000000 0.707107  0.007185 0.763518 1 1 1.000000
lowpoly_plastic
0  0.630782 1.100849 0.871368  0.707107 0.000000 0.707106  0.007252 0.763281 1 1 1.000000
0  0.544595 0.791758 0.957554  0.707107 0.000000 0.707106  0.007185 0.763518 1 1 1.000000
0  0.630782 0.791758 0.871368  0.707107 0.000000 0.707106  0.007252 0.763518 1 1 1.000000
lowpoly_plastic
0  0.630782 0.791758 0.255015  1.000000 0.000000 0.000000  0.005817 0.764567 1 1 1.000000
0  0.630782 1.100849 0.871368  1.000000 0.000000 0.000000  0.006289 0.764804 1 1 1.000000
0  0.630782 0.791758 0.871368  1.000000 0.000000 0.000000  0.006289 0.764567 1 1 1.000000
lowpoly_plastic
0  0.544595 0.791758 0.957554  0.000000 0.000000 1.000000  0.918580 0.511877 1 1 1.000000
0  0.290271 1.059160 0.957554  0.000000 0.000000 1.000000  0.918040 0.511309 1 1 1.000000
0  0.290271 0.791758 0.957554  0.000000 0.000000 1.000000  0.918040 0.511877 1 1 1.000000
lowpoly_plastic
0  0.630782 1.262291 0.537607  -0.000001 0.900218 0.435440  0.926691 0.510995 1 1 1.000000
0  0.544595 1.059160 0.957554  -0.000001 0.900218 0.435440  0.926874 0.510071 1 1 1.000000
0  0.630782 1.100849 0.871368  -0.000001 0.900218 0.435440  0.926691 0.510263 1 1 1.000000
lowpoly_plastic
0  0.290271 0.791758 0.957554  0.000000 0.000000 1.000000  0.918040 0.511877 1 1 1.000000
0  0.544595 -0.882710 0.957554  0.000000 0.000000 1.000000  0.918580 0.515433 1 1 1.000000
0  0.544595 0.791758 0.957554  0.000000 0.000000 1.000000  0.918580 0.511877 1 1 1.000000
lowpoly_plastic
0  0.451136 -0.882710 0.871368  0.000000 -1.000000 0.000000  0.040546 0.822614 1 1 1.000000
0  0.451136 -0.882710 0.555416  0.000000 -1.000000 0.000000  0.040589 0.823283 1 1 1.000000
0  0.630782 -0.882710 0.871368  0.000000 -1.000000 0.000000  0.040927 0.822589 1 1 1.000000
lowpoly_plastic
0  0.630782 0.791758 0.255015  1.000000 0.000000 0.000000  0.005817 0.764567 1 1 1.000000
0  0.630782 0.791758 0.871368  1.000000 0.000000 0.000000  0.006289 0.764567 1 1 1.000000
0  0.630782 0.567459 0.491977  1.000000 0.000000 0.000000  0.005999 0.764395 1 1 1.000000
lowpoly_plastic
0  0.630782 1.262291 0.537607  0.570536 0.455561 -0.683339  0.006335 0.763327 1 1 1.000000
0  0.442401 0.791758 0.066634  0.570536 0.455561 -0.683339  0.006429 0.763712 1 1 1.000000
0  0.290271 1.366534 0.322802  0.570536 0.455561 -0.683339  0.006599 0.763281 1 1 1.000000
lowpoly_plastic
0  0.630782 -0.882710 0.871368  1.000000 -0.000000 0.000000  0.006289 0.763281 1 1 1.000000
0  0.630782 -0.882710 0.255015  1.000000 -0.000000 0.000000  0.005817 0.763281 1 1 1.000000
0  0.630782 -0.658411 0.425321  1.000000 -0.000000 0.000000  0.005947 0.763453 1 1 1.000000
lowpoly_metal
0  0.412398 -1.359733 0.825215  -1.000000 0.000000 0.000907  0.055502 0.136200 1 1 1.000000
0  0.412195 -1.270547 0.601268  -1.000000 0.000000 0.000907  0.055170 0.137530 1 1 1.000000
0  0.412195 -1.359733 0.601268  -1.000000 0.000000 0.000907  0.055500 0.136559 1 1 1.000000
lowpoly_plastic
0  0.451136 -1.197512 0.871368  1.000000 0.000000 0.000000  0.006767 0.765046 1 1 1.000000
0  0.451136 -0.882710 0.555416  1.000000 0.000000 0.000000  0.007009 0.765288 1 1 1.000000
0  0.451136 -0.882710 0.871368  1.000000 0.000000 0.000000  0.007009 0.765046 1 1 1.000000
lowpoly_plastic
0  0.364950 -1.197512 0.957554  0.707107 0.000000 0.707107  0.007047 0.765046 1 1 1.000000
0  0.451136 -0.882710 0.871368  0.707107 0.000000 0.707107  0.007114 0.764804 1 1 1.000000
0  0.364950 -0.882710 0.957554  0.707107 0.000000 0.707107  0.007047 0.764804 1 1 1.000000
lowpoly_plastic
0  0.451136 -1.197512 0.555416  0.959242 0.000000 -0.282586  0.006767 0.765288 1 1 1.000000
0  0.307145 -0.882710 0.066634  0.959242 0.000000 -0.282586  0.007009 0.765669 1 1 1.000000
0  0.451136 -0.882710 0.555416  0.959242 0.000000 -0.282586  0.007009 0.765288 1 1 1.000000
lowpoly_plastic
0  0.000000 -1.197512 0.957554  0.000000 0.000000 1.000000  0.917424 0.516101 1 1 1.000000
0  0.364950 -0.882710 0.957554  0.000000 0.000000 1.000000  0.918199 0.515433 1 1 1.000000
0  0.000000 -0.882710 0.957554  0.000000 0.000000 1.000000  0.917424 0.515433 1 1 1.000000
lowpoly_plastic
0  0.307145 -1.197512 0.066634  0.000000 0.000000 -1.000000  0.006366 0.765241 1 1 1.000000
0  0.000000 -0.882710 0.066634  0.000000 0.000000 -1.000000  0.006627 0.765027 1 1 1.000000
0  0.307145 -0.882710 0.066634  0.000000 0.000000 -1.000000  0.006393 0.765001 1 1 1.000000
lowpoly_plastic
0  0.451136 -1.358026 0.871368  0.000000 1.000000 0.000006  0.863373 0.515719 1 1 1.000000
0  0.358137 -1.358026 0.941106  0.000000 1.000000 0.000006  0.863571 0.515572 1 1 1.000000
0  0.364950 -1.358026 0.957554  0.000000 1.000000 0.000006  0.863556 0.515537 1 1 1.000000
lowpoly_plastic
0  0.000000 -1.243926 0.066634  0.000000 1.000000 0.000003  0.864331 0.519315 1 1 1.000000
0  0.296482 -1.243926 0.080891  0.000000 1.000000 0.000003  0.863701 0.519283 1 1 1.000000
0  0.307145 -1.243926 0.066634  0.000000 1.000000 0.000003  0.863679 0.519313 1 1 1.000000
lowpoly_plastic
0  0.451136 -1.358026 0.555416  0.000000 1.000000 0.000000  0.863373 0.516388 1 1 1.000000
0  0.434688 -1.358026 0.864555  0.000000 1.000000 0.000000  0.863408 0.515734 1 1 1.000000
0  0.451136 -1.358026 0.871368  0.000000 1.000000 0.000000  0.863373 0.515719 1 1 1.000000
lowpoly_plastic
0  0.364950 -1.243926 0.957554  0.000000 1.000000 0.000000  0.863556 0.517426 1 1 1.000000
0  0.000000 -1.243926 0.944966  0.000000 1.000000 0.000000  0.864331 0.517455 1 1 1.000000
0  0.000000 -1.243926 0.957554  0.000000 1.000000 0.000000  0.864331 0.517428 1 1 1.000000
lowpoly_plastic
0  0.000000 -1.313546 0.957554  0.000000 -1.000000 -0.000002  0.862415 0.515537 1 1 1.000000
0  0.358137 -1.313546 0.941106  0.000000 -1.000000 -0.000002  0.863176 0.515572 1 1 1.000000
0  0.364950 -1.313546 0.957554  0.000000 -1.000000 -0.000002  0.863190 0.515537 1 1 1.000000
lowpoly_metal
0  0.451136 -1.313546 0.871368  1.000000 0.000000 0.000000  0.007157 0.750376 1 1 1.000000
0  0.451136 -1.243926 0.555416  1.000000 0.000000 0.000000  0.007306 0.751046 1 1 1.000000
0  0.451136 -1.243926 0.871368  1.000000 0.000000 0.000000  0.007305 0.750376 1 1 1.000000
lowpoly_metal
0  0.364950 -1.313546 0.957554  0.707108 0.000000 0.707106  0.012234 0.748176 1 1 1.000000
0  0.451136 -1.243926 0.871368  0.707108 0.000000 0.707106  0.012382 0.748359 1 1 1.000000
0  0.364950 -1.243926 0.957554  0.707108 0.000000 0.707106  0.012382 0.748176 1 1 1.000000
lowpoly_metal
0  0.451136 -1.313546 0.555416  0.959242 0.000000 -0.282585  0.007158 0.751046 1 1 1.000000
0  0.307145 -1.243926 0.066634  0.959242 0.000000 -0.282585  0.007305 0.752099 1 1 1.000000
0  0.451136 -1.243926 0.555416  0.959242 0.000000 -0.282585  0.007306 0.751046 1 1 1.000000
lowpoly_metal
0  0.000000 -1.313546 0.957554  0.000000 0.000000 1.000000  0.010966 0.751148 1 1 1.000000
0  0.364950 -1.243926 0.957554  0.000000 0.000000 1.000000  0.011113 0.751922 1 1 1.000000
0  0.000000 -1.243926 0.957554  0.000000 0.000000 1.000000  0.011113 0.751148 1 1 1.000000
lowpoly_metal
0  0.307145 -1.313546 0.066634  0.000000 0.000000 -1.000000  0.012500 0.751893 1 1 1.000000
0  0.000000 -1.243926 0.066634  0.000000 0.000000 -1.000000  0.012352 0.751241 1 1 1.000000
0  0.307145 -1.243926 0.066634  0.000000 0.000000 -1.000000  0.012352 0.751893 1 1 1.000000
lowpoly_plastic
0  0.451136 -1.197512 0.871368  0.000000 -1.000000 0.000000  0.863373 0.517612 1 1 1.000000
0  0.433516 -1.197512 0.557957  0.000000 -1.000000 0.000000  0.863336 0.518278 1 1 1.000000
0  0.451136 -1.197512 0.555416  0.000000 -1.000000 0.000000  0.863373 0.518283 1 1 1.000000
lowpoly_plastic
0  0.307145 -1.313546 0.066634  0.000000 -1.000000 0.000000  0.863067 0.517429 1 1 1.000000
0  0.000000 -1.313546 0.079223  0.000000 -1.000000 0.000000  0.862415 0.517403 1 1 1.000000
0  0.000000 -1.313546 0.066634  0.000000 -1.000000 0.000000  0.862415 0.517429 1 1 1.000000
lowpoly_plastic
0  0.364950 -1.197512 0.957554  0.000000 -1.000000 0.000000  0.863190 0.517429 1 1 1.000000
0  0.434688 -1.197512 0.864555  0.000000 -1.000000 0.000000  0.863338 0.517627 1 1 1.000000
0  0.451136 -1.197512 0.871368  0.000000 -1.000000 0.000000  0.863373 0.517612 1 1 1.000000
lowpoly_plastic
0  0.451136 -1.197512 0.555416  0.000000 -1.000000 -0.000003  0.863373 0.518283 1 1 1.000000
0  0.296482 -1.197512 0.080891  0.000000 -1.000000 -0.000003  0.863045 0.519291 1 1 1.000000
0  0.307145 -1.197512 0.066634  0.000000 -1.000000 -0.000003  0.863067 0.519321 1 1 1.000000
lowpoly_plastic
0  0.307145 -1.243926 0.066634  0.000000 1.000000 -0.000002  0.863679 0.519313 1 1 1.000000
0  0.433516 -1.243926 0.557957  0.000000 1.000000 -0.000002  0.863411 0.518272 1 1 1.000000
0  0.451136 -1.243926 0.555416  0.000000 1.000000 -0.000002  0.863373 0.518277 1 1 1.000000
lowpoly_plastic
0  0.451136 -1.448919 0.871368  1.000000 0.000000 0.000000  0.006126 0.764928 1 1 1.000000
0  0.451136 -1.358026 0.555416  1.000000 0.000000 0.000000  0.006196 0.765171 1 1 1.000000
0  0.451136 -1.358026 0.871368  1.000000 0.000000 0.000000  0.006196 0.764928 1 1 1.000000
lowpoly_plastic
0  0.364950 -1.448919 0.957554  0.707107 0.000000 0.707106  0.007182 0.765535 1 1 1.000000
0  0.451136 -1.358026 0.871368  0.707107 0.000000 0.707106  0.007251 0.765602 1 1 1.000000
0  0.364950 -1.358026 0.957554  0.707107 0.000000 0.707106  0.007251 0.765535 1 1 1.000000
lowpoly_plastic
0  0.451136 -1.358026 0.555416  0.959242 0.000000 -0.282586  0.006196 0.765171 1 1 1.000000
0  0.451136 -1.448919 0.555416  0.959242 0.000000 -0.282586  0.006126 0.765171 1 1 1.000000
0  0.427635 -1.448919 0.475638  0.959242 0.000000 -0.282586  0.006126 0.765233 1 1 1.000000
lowpoly_plastic
0  0.000000 -1.448919 0.957554  0.000000 0.000000 1.000000  0.918570 0.516681 1 1 1.000000
0  0.364950 -1.358026 0.957554  0.000000 0.000000 1.000000  0.918763 0.517456 1 1 1.000000
0  0.000000 -1.358026 0.957554  0.000000 0.000000 1.000000  0.918763 0.516681 1 1 1.000000
lowpoly_plastic
0  0.307145 -1.448919 0.066634  0.000000 0.000000 -1.000000  0.008133 0.765713 1 1 1.000000
0  0.000000 -1.358026 0.066634  0.000000 0.000000 -1.000000  0.008063 0.765477 1 1 1.000000
0  0.307145 -1.358026 0.066634  0.000000 0.000000 -1.000000  0.008063 0.765713 1 1 1.000000
lowpoly_plastic
0  0.296482 -1.243926 0.080891  0.005627 0.000000 -0.999984  0.898704 0.513855 1 1 1.000000
0  0.000000 -1.197512 0.079223  0.005627 0.000000 -0.999984  0.898605 0.513225 1 1 1.000000
0  0.296482 -1.197512 0.080891  0.005627 0.000000 -0.999984  0.898605 0.513855 1 1 1.000000
lowpoly_plastic
0  0.000000 -1.243926 0.944966  0.010775 0.000000 0.999942  0.897454 0.514439 1 1 1.000000
0  0.358137 -1.197512 0.941106  0.010775 0.000000 0.999942  0.897553 0.515199 1 1 1.000000
0  0.000000 -1.197512 0.944966  0.010775 0.000000 0.999942  0.897553 0.514439 1 1 1.000000
lowpoly_plastic
0  0.433516 -1.243926 0.557957  0.961135 0.000000 -0.276078  0.893836 0.514146 1 1 1.000000
0  0.296482 -1.197512 0.080891  0.961135 0.000000 -0.276078  0.893934 0.515173 1 1 1.000000
0  0.433516 -1.197512 0.557957  0.961135 0.000000 -0.276078  0.893934 0.514146 1 1 1.000000
lowpoly_plastic
0  0.358137 -1.243926 0.941106  0.707109 0.000000 0.707105  0.897454 0.515199 1 1 1.000000
0  0.434688 -1.197512 0.864555  0.707109 0.000000 0.707105  0.897553 0.515362 1 1 1.000000
0  0.358137 -1.197512 0.941106  0.707109 0.000000 0.707105  0.897553 0.515199 1 1 1.000000
lowpoly_plastic
0  0.434688 -1.243926 0.864555  0.999993 0.000000 -0.003825  0.893835 0.513495 1 1 1.000000
0  0.433516 -1.197512 0.557957  0.999993 0.000000 -0.003825  0.893934 0.514146 1 1 1.000000
0  0.434688 -1.197512 0.864555  0.999993 0.000000 -0.003825  0.893934 0.513495 1 1 1.000000
lowpoly_plastic
0  0.296482 -1.358026 0.080891  0.005626 0.000000 -0.999984  0.898995 0.511149 1 1 1.000000
0  0.000000 -1.313546 0.079223  0.005626 0.000000 -0.999984  0.898901 0.510520 1 1 1.000000
0  0.296482 -1.313546 0.080891  0.005626 0.000000 -0.999984  0.898901 0.511149 1 1 1.000000
lowpoly_plastic
0  0.000000 -1.358026 0.939751  -0.003784 0.000000 0.999993  0.898605 0.512302 1 1 1.000000
0  0.358137 -1.313546 0.941106  -0.003784 0.000000 0.999993  0.898700 0.513062 1 1 1.000000
0  0.000000 -1.313546 0.939751  -0.003784 0.000000 0.999993  0.898700 0.512302 1 1 1.000000
lowpoly_plastic
0  0.433516 -1.358026 0.557957  0.961135 0.000000 -0.276079  0.898511 0.512952 1 1 1.000000
0  0.296482 -1.313546 0.080891  0.961135 0.000000 -0.276079  0.898605 0.513980 1 1 1.000000
0  0.433516 -1.313546 0.557957  0.961135 0.000000 -0.276079  0.898605 0.512952 1 1 1.000000
lowpoly_plastic
0  0.358137 -1.358026 0.941106  0.707108 0.000000 0.707106  0.898605 0.513062 1 1 1.000000
0  0.434688 -1.313546 0.864555  0.707108 0.000000 0.707106  0.898700 0.513225 1 1 1.000000
0  0.358137 -1.313546 0.941106  0.707108 0.000000 0.707106  0.898700 0.513062 1 1 1.000000
lowpoly_plastic
0  0.434688 -1.358026 0.864555  0.999993 0.000000 -0.003825  0.898510 0.512302 1 1 1.000000
0  0.433516 -1.313546 0.557957  0.999993 0.000000 -0.003825  0.898605 0.512952 1 1 1.000000
0  0.434688 -1.313546 0.864555  0.999993 0.000000 -0.003825  0.898605 0.512302 1 1 1.000000
lowpoly_plastic
0  0.307145 -1.358026 0.066634  0.000000 1.000000 0.000000  0.863679 0.517424 1 1 1.000000
0  0.433516 -1.358026 0.557957  0.000000 1.000000 0.000000  0.863411 0.516383 1 1 1.000000
0  0.451136 -1.358026 0.555416  0.000000 1.000000 0.000000  0.863373 0.516388 1 1 1.000000
lowpoly_plastic
0  0.451136 -1.313546 0.555416  0.000000 -1.000000 0.000001  0.863373 0.516391 1 1 1.000000
0  0.296482 -1.313546 0.080891  0.000000 -1.000000 0.000001  0.863045 0.517399 1 1 1.000000
0  0.307145 -1.313546 0.066634  0.000000 -1.000000 0.000001  0.863067 0.517429 1 1 1.000000
lowpoly_plastic
0  0.364950 -1.313546 0.957554  0.000000 -1.000000 -0.000006  0.863190 0.515537 1 1 1.000000
0  0.434688 -1.313546 0.864555  0.000000 -1.000000 -0.000006  0.863338 0.515735 1 1 1.000000
0  0.451136 -1.313546 0.871368  0.000000 -1.000000 -0.000006  0.863373 0.515720 1 1 1.000000
lowpoly_plastic
0  0.451136 -1.313546 0.871368  0.000000 -1.000000 0.000000  0.863373 0.515720 1 1 1.000000
0  0.433516 -1.313546 0.557957  0.000000 -1.000000 0.000000  0.863336 0.516386 1 1 1.000000
0  0.451136 -1.313546 0.555416  0.000000 -1.000000 0.000000  0.863373 0.516391 1 1 1.000000
lowpoly_plastic
0  0.364950 -1.358026 0.957554  0.000000 1.000000 0.000000  0.863556 0.515537 1 1 1.000000
0  0.000000 -1.358026 0.939751  0.000000 1.000000 0.000000  0.864331 0.515577 1 1 1.000000
0  0.000000 -1.358026 0.957554  0.000000 1.000000 0.000000  0.864331 0.515539 1 1 1.000000
lowpoly_plastic
0  0.000000 -1.358026 0.066634  0.000000 1.000000 0.000003  0.864331 0.517426 1 1 1.000000
0  0.296482 -1.358026 0.080891  0.000000 1.000000 0.000003  0.863701 0.517394 1 1 1.000000
0  0.307145 -1.358026 0.066634  0.000000 1.000000 0.000003  0.863679 0.517424 1 1 1.000000
lowpoly_plastic
0  0.307145 -1.197512 0.066634  0.000000 -1.000000 0.000000  0.863067 0.519321 1 1 1.000000
0  0.000000 -1.197512 0.079223  0.000000 -1.000000 0.000000  0.862415 0.519295 1 1 1.000000
0  0.000000 -1.197512 0.066634  0.000000 -1.000000 0.000000  0.862415 0.519321 1 1 1.000000
lowpoly_plastic
0  0.000000 -1.197512 0.957554  0.000000 -1.000000 -0.000004  0.862415 0.517429 1 1 1.000000
0  0.358137 -1.197512 0.941106  0.000000 -1.000000 -0.000004  0.863176 0.517464 1 1 1.000000
0  0.364950 -1.197512 0.957554  0.000000 -1.000000 -0.000004  0.863190 0.517429 1 1 1.000000
lowpoly_plastic
0  0.451136 -1.243926 0.555416  0.000000 1.000000 0.000000  0.863373 0.518277 1 1 1.000000
0  0.434688 -1.243926 0.864555  0.000000 1.000000 0.000000  0.863408 0.517623 1 1 1.000000
0  0.451136 -1.243926 0.871368  0.000000 1.000000 0.000000  0.863373 0.517608 1 1 1.000000
lowpoly_plastic
0  0.451136 -1.243926 0.871368  0.000000 1.000000 0.000003  0.863373 0.517608 1 1 1.000000
0  0.358137 -1.243926 0.941106  0.000000 1.000000 0.000003  0.863571 0.517461 1 1 1.000000
0  0.364950 -1.243926 0.957554  0.000000 1.000000 0.000003  0.863556 0.517426 1 1 1.000000
lowpoly_plastic
0  0.000000 -1.448919 0.482633  0.000000 -1.000000 0.000000  0.006289 0.765631 1 1 1.000000
0  0.024510 -1.448919 0.825567  0.000000 -1.000000 0.000000  0.006308 0.765368 1 1 1.000000
0  0.000000 -1.448919 0.957554  0.000000 -1.000000 0.000000  0.006289 0.765267 1 1 1.000000
lowpoly_plastic
0  0.000000 -1.448919 0.957554  0.000000 -1.000000 -0.000004  0.006289 0.765267 1 1 1.000000
0  0.218556 -1.448919 0.937364  0.000000 -1.000000 -0.000004  0.006457 0.765282 1 1 1.000000
0  0.364950 -1.448919 0.957554  0.000000 -1.000000 -0.000004  0.006570 0.765267 1 1 1.000000
lowpoly_plastic
0  0.364950 -1.448919 0.957554  0.000000 -1.000000 -0.000001  0.006570 0.765267 1 1 1.000000
0  0.412398 -1.448919 0.825215  0.000000 -1.000000 -0.000001  0.006606 0.765368 1 1 1.000000
0  0.451136 -1.448919 0.871368  0.000000 -1.000000 -0.000001  0.006636 0.765333 1 1 1.000000
lowpoly_plastic
0  0.451136 -1.448919 0.871368  0.000000 -1.000000 0.000000  0.006636 0.765333 1 1 1.000000
0  0.412195 -1.448919 0.601268  0.000000 -1.000000 0.000000  0.006606 0.765540 1 1 1.000000
0  0.451136 -1.448919 0.555416  0.000000 -1.000000 0.000000  0.006636 0.765576 1 1 1.000000
lowpoly_plastic
0  0.451136 -1.448919 0.555416  0.000000 -1.000000 -0.000003  0.006636 0.765576 1 1 1.000000
0  0.218150 -1.448919 0.489470  0.000000 -1.000000 -0.000003  0.006457 0.765626 1 1 1.000000
0  0.427635 -1.448919 0.475638  0.000000 -1.000000 -0.000003  0.006618 0.765637 1 1 1.000000
lowpoly_plastic
0  0.427635 -1.448919 0.475638  0.000000 -1.000000 0.000002  0.006618 0.765637 1 1 1.000000
0  0.024307 -1.448919 0.601620  0.000000 -1.000000 0.000002  0.006308 0.765540 1 1 1.000000
0  0.000000 -1.448919 0.482633  0.000000 -1.000000 0.000002  0.006289 0.765631 1 1 1.000000
lowpoly_metal
0  0.024510 -1.359733 0.825567  0.499215 0.000000 -0.866478  0.055769 0.134676 1 1 1.000000
0  0.218556 -1.270547 0.937364  0.499215 0.000000 -0.866478  0.055700 0.134901 1 1 1.000000
0  0.218556 -1.359733 0.937364  0.499215 0.000000 -0.866478  0.055765 0.134901 1 1 1.000000
lowpoly_metal
0  0.412195 -1.359733 0.601268  -0.499214 0.000000 0.866479  0.055500 0.136559 1 1 1.000000
0  0.218150 -1.270547 0.489470  -0.499214 0.000000 0.866479  0.055830 0.135360 1 1 1.000000
0  0.218150 -1.359733 0.489470  -0.499214 0.000000 0.866479  0.055765 0.135360 1 1 1.000000
lowpoly_metal
0  0.218556 -1.359733 0.937364  -0.500785 0.000000 -0.865572  0.055765 0.134901 1 1 1.000000
0  0.412398 -1.270547 0.825215  -0.500785 0.000000 -0.865572  0.055703 0.135132 1 1 1.000000
0  0.412398 -1.359733 0.825215  -0.500785 0.000000 -0.865572  0.055502 0.136200 1 1 1.000000
lowpoly_metal
0  0.024307 -1.359733 0.601620  1.000000 0.000000 -0.000907  0.054764 0.136331 1 1 1.000000
0  0.024510 -1.270547 0.825567  1.000000 0.000000 -0.000907  0.053828 0.137268 1 1 1.000000
0  0.024510 -1.359733 0.825567  1.000000 0.000000 -0.000907  0.053763 0.137268 1 1 1.000000
lowpoly_metal
0  0.218150 -1.359733 0.489470  0.500786 0.000000 0.865571  0.055765 0.135360 1 1 1.000000
0  0.024307 -1.270547 0.601620  0.500786 0.000000 0.865571  0.055830 0.135132 1 1 1.000000
0  0.024307 -1.359733 0.601620  0.500786 0.000000 0.865571  0.054764 0.136331 1 1 1.000000
lowpoly_plastic
0  0.289654 -1.448919 0.271136  0.000000 -1.000000 0.000001  0.034649 0.795703 1 1 1.000000
0  0.347308 -1.448919 0.202969  0.000000 -1.000000 0.000001  0.034807 0.795807 1 1 1.000000
0  0.387471 -1.448919 0.339304  0.000000 -1.000000 0.000001  0.034807 0.795505 1 1 1.000000
lowpoly_plastic
0  0.255960 -1.575766 0.272885  0.000000 -1.000000 0.000000  0.007757 0.765466 1 1 1.000000
0  0.255191 -1.575766 0.271552  0.000000 -1.000000 0.000000  0.007756 0.765466 1 1 1.000000
0  0.289654 -1.575766 0.271136  0.000000 -1.000000 0.000000  0.007756 0.765492 1 1 1.000000
lowpoly_plastic
0  0.034463 -1.575766 0.274217  0.000000 -1.000000 0.000000  0.007755 0.765296 1 1 1.000000
0  0.000000 -1.575766 0.343966  0.000000 -1.000000 0.000000  0.007809 0.765269 1 1 1.000000
0  0.000000 -1.575766 0.274633  0.000000 -1.000000 0.000000  0.007755 0.765270 1 1 1.000000
lowpoly_plastic
0  0.000000 -1.575766 0.131038  0.000000 -1.000000 0.000002  0.007645 0.765272 1 1 1.000000
0  0.185743 -1.575766 0.066634  0.000000 -1.000000 0.000002  0.007598 0.765415 1 1 1.000000
0  0.089260 -1.575766 0.176641  0.000000 -1.000000 0.000002  0.007681 0.765340 1 1 1.000000
lowpoly_plastic
0  0.289654 -1.448919 0.271136  0.763530 0.000000 0.645773  0.029995 0.800392 1 1 1.000000
0  0.347308 -1.575766 0.202969  0.763530 0.000000 0.645773  0.029726 0.800530 1 1 1.000000
0  0.347308 -1.448919 0.202969  0.763530 0.000000 0.645773  0.029996 0.800530 1 1 1.000000
lowpoly_plastic
0  0.427635 -1.448919 0.475638  0.959242 0.000000 -0.282586  0.007832 0.763784 1 1 1.000000
0  0.387471 -1.575766 0.339304  0.959242 0.000000 -0.282586  0.007735 0.763891 1 1 1.000000
0  0.387471 -1.448919 0.339304  0.959242 0.000000 -0.282586  0.007832 0.763891 1 1 1.000000
lowpoly_plastic
0  0.000000 -1.448919 0.482633  0.016354 0.000000 0.999866  0.028462 0.777615 1 1 1.000000
0  0.427635 -1.575766 0.475638  0.016354 0.000000 0.999866  0.028193 0.778523 1 1 1.000000
0  0.427635 -1.448919 0.475638  0.016354 0.000000 0.999866  0.028462 0.778523 1 1 1.000000
lowpoly_plastic
0  0.200393 -1.575766 0.369129  0.000000 -1.000000 0.000000  0.007830 0.765422 1 1 1.000000
0  0.427635 -1.575766 0.475638  0.000000 -1.000000 0.000000  0.007915 0.765596 1 1 1.000000
0  0.000000 -1.575766 0.482633  0.000000 -1.000000 0.000000  0.007915 0.765267 1 1 1.000000
lowpoly_plastic
0  0.185743 -1.448919 0.066634  -0.327601 0.000000 -0.944816  0.032933 0.777402 1 1 1.000000
0  0.000000 -1.575766 0.131038  -0.327601 0.000000 -0.944816  0.033201 0.777006 1 1 1.000000
0  0.000000 -1.448919 0.131038  -0.327601 0.000000 -0.944816  0.032931 0.777004 1 1 1.000000
lowpoly_plastic
0  0.347308 -1.448919 0.202969  0.959242 0.000000 -0.282586  0.006224 0.765601 1 1 1.000000
0  0.307145 -1.575766 0.066634  0.959242 0.000000 -0.282586  0.006126 0.765708 1 1 1.000000
0  0.307145 -1.448919 0.066634  0.959242 0.000000 -0.282586  0.006224 0.765708 1 1 1.000000
lowpoly_plastic
0  0.387471 -1.448919 0.339304  0.571745 0.000000 -0.820432  0.034444 0.795505 1 1 1.000000
0  0.289654 -1.575766 0.271136  0.571745 0.000000 -0.820432  0.034649 0.795779 1 1 1.000000
0  0.289654 -1.448919 0.271136  0.571745 0.000000 -0.820432  0.034649 0.795510 1 1 1.000000
lowpoly_plastic
0  0.255191 -1.575766 0.271552  0.000000 -1.000000 0.000000  0.007756 0.765466 1 1 1.000000
0  0.347308 -1.575766 0.202969  0.000000 -1.000000 0.000000  0.007705 0.765537 1 1 1.000000
0  0.289654 -1.575766 0.271136  0.000000 -1.000000 0.000000  0.007756 0.765492 1 1 1.000000
lowpoly_plastic
0  0.033694 -1.575766 0.272885  0.000000 -1.000000 0.000000  0.007754 0.765296 1 1 1.000000
0  0.034463 -1.575766 0.274217  0.000000 -1.000000 0.000000  0.007755 0.765296 1 1 1.000000
0  0.000000 -1.575766 0.274633  0.000000 -1.000000 0.000000  0.007755 0.765270 1 1 1.000000
lowpoly_metal
0  0.089260 -1.548764 0.176641  0.000000 -1.000000 -0.000003  0.858421 0.861775 1 1 1.000000
0  0.200393 -1.548764 0.176641  0.000000 -1.000000 -0.000003  0.858421 0.861539 1 1 1.000000
0  0.255960 -1.548764 0.272885  0.000000 -1.000000 -0.000003  0.858217 0.861421 1 1 1.000000
lowpoly_plastic
0  0.072997 -1.575766 0.204810  0.866025 0.000000 0.500001  0.032473 0.878088 1 1 1.000000
0  0.089260 -1.575766 0.176641  0.866025 0.000000 0.500001  0.032474 0.878146 1 1 1.000000
0  0.089260 -1.548764 0.176641  0.866025 0.000000 0.500001  0.032531 0.878146 1 1 1.000000
lowpoly_plastic
0  0.200393 -1.575766 0.369129  0.000000 0.000000 -1.000000  0.031155 0.879228 1 1 1.000000
0  0.089260 -1.548764 0.369129  0.000000 0.000000 -1.000000  0.031098 0.878992 1 1 1.000000
0  0.200393 -1.548764 0.369129  0.000000 0.000000 -1.000000  0.031098 0.879228 1 1 1.000000
lowpoly_plastic
0  0.216103 -1.575766 0.203850  -0.866026 -0.000001 0.500000  0.031158 0.878702 1 1 1.000000
0  0.255191 -1.575766 0.271552  -0.866026 -0.000001 0.500000  0.031155 0.878569 1 1 1.000000
0  0.255960 -1.548764 0.272885  -0.866026 -0.000001 0.500000  0.031098 0.878566 1 1 1.000000
lowpoly_plastic
0  0.089260 -1.575766 0.176641  0.000000 0.000000 1.000000  0.031098 0.878756 1 1 1.000000
0  0.200393 -1.548764 0.176641  0.000000 0.000000 1.000000  0.031155 0.878992 1 1 1.000000
0  0.089260 -1.548764 0.176641  0.000000 0.000000 1.000000  0.031155 0.878756 1 1 1.000000
lowpoly_plastic
0  0.074217 -1.575766 0.343073  0.866025 -0.000000 -0.500000  0.032473 0.877795 1 1 1.000000
0  0.034463 -1.575766 0.274217  0.866025 -0.000000 -0.500000  0.032473 0.877945 1 1 1.000000
0  0.033694 -1.548764 0.272885  0.866025 -0.000000 -0.500000  0.032530 0.877948 1 1 1.000000
lowpoly_plastic
0  0.216425 -1.575766 0.341362  -0.866026 0.000000 -0.500000  0.031158 0.878412 1 1 1.000000
0  0.200393 -1.548764 0.369129  -0.866026 0.000000 -0.500000  0.031102 0.878350 1 1 1.000000
0  0.255960 -1.548764 0.272885  -0.866026 0.000000 -0.500000  0.031098 0.878566 1 1 1.000000
lowpoly_plastic
0  0.307145 -1.448919 0.066634  0.000000 0.000000 -1.000000  0.006142 0.763826 1 1 1.000000
0  0.185743 -1.575766 0.066634  0.000000 0.000000 -1.000000  0.006240 0.763734 1 1 1.000000
0  0.185743 -1.448919 0.066634  0.000000 0.000000 -1.000000  0.006143 0.763733 1 1 1.000000
lowpoly_plastic
0  0.185743 -1.448919 0.066634  0.000000 -1.000000 0.000000  0.030813 0.782303 1 1 1.000000
0  0.000000 -1.448919 0.131038  0.000000 -1.000000 0.000000  0.030813 0.781886 1 1 1.000000
0  0.000000 -1.448919 0.066634  0.000000 -1.000000 0.000000  0.030684 0.781930 1 1 1.000000
lowpoly_plastic
0  0.405960 -0.882710 0.402062  -0.000000 0.000000 1.000000  0.044069 0.823322 1 1 1.000000
0  0.630782 -1.155727 0.402062  -0.000000 0.000000 1.000000  0.044547 0.823902 1 1 1.000000
0  0.630782 -0.882710 0.402062  -0.000000 0.000000 1.000000  0.044547 0.823322 1 1 1.000000
lowpoly_plastic
0  0.630782 -1.155727 0.255015  0.000000 -1.000000 0.000001  0.044382 0.823902 1 1 1.000000
0  0.405960 -1.155727 0.402062  0.000000 -1.000000 0.000001  0.044069 0.824379 1 1 1.000000
0  0.572962 -1.155727 0.197195  0.000000 -1.000000 0.000001  0.044505 0.824025 1 1 1.000000
lowpoly_plastic
0  0.572962 -0.882710 0.197195  0.000000 0.000000 -1.000000  0.044069 0.822742 1 1 1.000000
0  0.345607 -1.155727 0.197195  0.000000 0.000000 -1.000000  0.044552 0.823322 1 1 1.000000
0  0.345607 -0.882710 0.197195  0.000000 0.000000 -1.000000  0.044552 0.822742 1 1 1.000000
lowpoly_plastic
0  0.630782 -0.882710 0.255015  0.707107 0.000000 -0.707107  0.007962 0.765477 1 1 1.000000
0  0.572962 -1.155727 0.197195  0.707107 0.000000 -0.707107  0.007915 0.765267 1 1 1.000000
0  0.572962 -0.882710 0.197195  0.707107 0.000000 -0.707107  0.007915 0.765477 1 1 1.000000
lowpoly_plastic
0  0.630782 -0.882710 0.402062  1.000000 0.000000 0.000000  0.007129 0.764963 1 1 1.000000
0  0.630782 -1.155727 0.255015  1.000000 0.000000 0.000000  0.007016 0.764753 1 1 1.000000
0  0.630782 -0.882710 0.255015  1.000000 0.000000 0.000000  0.007016 0.764963 1 1 1.000000
lowpoly_plastic
0  0.522693 0.983747 0.233730  0.533038 0.443201 -0.720724  0.057075 0.624163 1 1 1.000000
0  0.427004 1.057998 0.208621  0.533038 0.443201 -0.720724  0.057075 0.623908 1 1 1.000000
0  0.415868 1.166440 0.267069  0.533038 0.443201 -0.720724  0.056906 0.623744 1 1 1.000000
lowpoly_plastic
0  0.607244 1.017938 0.317289  0.498617 -0.852740 -0.155615  0.065396 0.750673 1 1 1.000000
0  0.484499 0.951990 0.285373  0.498617 -0.852740 -0.155615  0.065317 0.750933 1 1 1.000000
0  0.522693 0.983747 0.233730  0.498617 -0.852740 -0.155615  0.065454 0.750919 1 1 1.000000
lowpoly_plastic
0  0.427004 1.057998 0.208621  -0.841287 0.186985 -0.507220  0.065981 0.749574 1 1 1.000000
0  0.377674 1.134683 0.318712  -0.841287 0.186985 -0.507220  0.066118 0.749317 1 1 1.000000
0  0.415868 1.166440 0.267069  -0.841287 0.186985 -0.507220  0.065981 0.749312 1 1 1.000000
lowpoly_plastic
0  0.500419 1.200631 0.350628  0.342671 0.665754 0.662833  0.065503 0.750875 1 1 1.000000
0  0.557913 1.094623 0.427380  0.342671 0.665754 0.662833  0.065595 0.750683 1 1 1.000000
0  0.596107 1.126380 0.375737  0.342671 0.665754 0.662833  0.065454 0.750673 1 1 1.000000
lowpoly_plastic
0  0.596107 1.126380 0.375737  0.841287 -0.186986 0.507221  0.066159 0.745664 1 1 1.000000
0  0.569050 0.986181 0.368931  0.841287 -0.186986 0.507221  0.066034 0.745935 1 1 1.000000
0  0.607244 1.017938 0.317289  0.841287 -0.186986 0.507221  0.066159 0.745925 1 1 1.000000
lowpoly_plastic
0  0.522693 0.983747 0.233730  -0.342671 -0.665756 -0.662832  0.065454 0.750919 1 1 1.000000
0  0.388810 1.026241 0.260263  -0.342671 -0.665756 -0.662832  0.065259 0.751132 1 1 1.000000
0  0.427004 1.057998 0.208621  -0.342671 -0.665756 -0.662832  0.065396 0.751119 1 1 1.000000
lowpoly_plastic
0  0.415868 1.166440 0.267069  -0.498616 0.852741 0.155612  0.065454 0.751121 1 1 1.000000
0  0.462225 1.168874 0.402270  -0.498616 0.852741 0.155612  0.065644 0.750885 1 1 1.000000
0  0.500419 1.200631 0.350628  -0.498616 0.852741 0.155612  0.065503 0.750875 1 1 1.000000
lowpoly_plastic
0  0.502226 -0.882710 0.066634  0.999993 0.000000 0.003859  0.006343 0.763883 1 1 1.000000
0  0.503334 0.379559 -0.220653  0.999993 0.000000 0.003859  0.006098 0.763078 1 1 1.000000
0  0.502226 0.379559 0.066634  0.999993 0.000000 0.003859  0.006343 0.762968 1 1 1.000000
lowpoly_plastic
0  0.503335 -0.882710 -0.220653  0.003932 0.000000 -0.999992  0.007009 0.765208 1 1 1.000000
0  0.342739 0.379559 -0.221284  0.003932 0.000000 -0.999992  0.006868 0.764516 1 1 1.000000
0  0.503334 0.379559 -0.220653  0.003932 0.000000 -0.999992  0.007009 0.764516 1 1 1.000000
lowpoly_plastic
0  0.342740 -0.882710 -0.221285  -0.566365 -0.000000 0.824155  0.017280 0.877015 1 1 1.000000
0  0.416571 0.379559 -0.170546  -0.566365 -0.000000 0.824155  0.017365 0.877745 1 1 1.000000
0  0.342739 0.379559 -0.221284  -0.566365 -0.000000 0.824155  0.017280 0.877707 1 1 1.000000
lowpoly_plastic
0  0.416572 -0.882710 -0.170546  -0.693852 0.000000 -0.720117  0.017720 0.877781 1 1 1.000000
0  0.236276 0.379559 0.003173  -0.693852 0.000000 -0.720117  0.017636 0.876977 1 1 1.000000
0  0.416571 0.379559 -0.170546  -0.693852 0.000000 -0.720117  0.017720 0.877013 1 1 1.000000
lowpoly_plastic
0  0.236277 -0.882710 0.003173  0.004209 0.000000 -0.999991  0.017636 0.876977 1 1 1.000000
0  -0.236277 0.379559 0.001184  0.004209 0.000000 -0.999991  0.017194 0.876132 1 1 1.000000
0  0.236276 0.379559 0.003173  0.004209 0.000000 -0.999991  0.017636 0.876132 1 1 1.000000
lowpoly_plastic
0  -0.416572 0.379559 -0.170546  0.689697 0.000000 -0.724098  0.017636 0.876169 1 1 1.000000
0  -0.236276 -0.882710 0.001184  0.689697 0.000000 -0.724098  0.017720 0.876977 1 1 1.000000
0  -0.416572 -0.882710 -0.170546  0.689697 0.000000 -0.724098  0.017636 0.876937 1 1 1.000000
lowpoly_plastic
0  -0.342740 0.379559 -0.223194  0.580581 0.000000 0.814202  0.017280 0.877707 1 1 1.000000
0  -0.416572 -0.882710 -0.170546  0.580581 0.000000 0.814202  0.017194 0.876977 1 1 1.000000
0  -0.342739 -0.882710 -0.223194  0.580581 0.000000 0.814202  0.017280 0.877015 1 1 1.000000
lowpoly_plastic
0  -0.501535 0.379559 -0.223826  0.003983 0.000000 -0.999992  0.007227 0.762968 1 1 1.000000
0  -0.342739 -0.882710 -0.223194  0.003983 0.000000 -0.999992  0.007368 0.763660 1 1 1.000000
0  -0.501534 -0.882710 -0.223826  0.003983 0.000000 -0.999992  0.007227 0.763660 1 1 1.000000
lowpoly_plastic
0  -0.502643 0.379559 0.066634  -0.999993 -0.000000 -0.003817  0.005851 0.762968 1 1 1.000000
0  -0.501534 -0.882710 -0.223826  -0.999993 -0.000000 -0.003817  0.006098 0.763769 1 1 1.000000
0  -0.502643 -0.882710 0.066634  -0.999993 -0.000000 -0.003817  0.005851 0.763883 1 1 1.000000
lowpoly_plastic
0  0.342739 0.379559 -0.221284  0.000000 1.000000 0.000000  0.006171 0.764023 1 1 1.000000
0  0.416571 0.379559 -0.170546  0.000000 1.000000 0.000000  0.006079 0.763938 1 1 1.000000
0  0.503334 0.379559 -0.220653  0.000000 1.000000 0.000000  0.006171 0.763883 1 1 1.000000
lowpoly_plastic
0  0.416571 0.379559 -0.170546  0.000000 1.000000 0.000000  0.006079 0.763938 1 1 1.000000
0  0.502226 0.379559 0.066634  0.000000 1.000000 0.000000  0.005905 0.763883 1 1 1.000000
0  0.503334 0.379559 -0.220653  0.000000 1.000000 0.000000  0.006171 0.763883 1 1 1.000000
lowpoly_plastic
0  -0.236277 0.379559 0.001184  0.000000 1.000000 0.000000  0.005988 0.764456 1 1 1.000000
0  -0.501535 0.379559 -0.223826  0.000000 1.000000 0.000000  0.006171 0.764587 1 1 1.000000
0  -0.502643 0.379559 0.066634  0.000000 1.000000 0.000000  0.005903 0.764587 1 1 1.000000
lowpoly_plastic
0  -0.416572 0.379559 -0.170546  0.000000 1.000000 0.000000  0.006079 0.764533 1 1 1.000000
0  -0.342740 0.379559 -0.223194  0.000000 1.000000 0.000000  0.006171 0.764447 1 1 1.000000
0  -0.501535 0.379559 -0.223826  0.000000 1.000000 0.000000  0.006171 0.764587 1 1 1.000000
lowpoly_plastic
0  0.442401 0.379559 0.066634  0.000000 1.000000 0.000000  0.005905 0.764118 1 1 1.000000
0  0.502226 0.379559 0.066634  0.000000 1.000000 0.000000  0.005905 0.763883 1 1 1.000000
0  0.236276 0.379559 0.003173  0.000000 1.000000 0.000000  0.005988 0.764015 1 1 1.000000
lowpoly_plastic
0  -0.442401 -0.882710 0.066634  0.000000 -1.000000 -0.000008  0.005474 0.764353 1 1 1.000000
0  -0.502643 -0.882710 0.066634  0.000000 -1.000000 -0.000008  0.005475 0.764587 1 1 1.000000
0  -0.236276 -0.882710 0.001184  0.000000 -1.000000 -0.000008  0.005390 0.764456 1 1 1.000000
lowpoly_plastic
0  0.502226 -0.882710 0.066634  0.000000 -1.000000 -0.000001  0.005473 0.763883 1 1 1.000000
0  0.416572 -0.882710 -0.170546  0.000000 -1.000000 -0.000001  0.005299 0.763938 1 1 1.000000
0  0.503335 -0.882710 -0.220653  0.000000 -1.000000 -0.000001  0.005208 0.763883 1 1 1.000000
lowpoly_plastic
0  0.342740 -0.882710 -0.221285  0.000000 -1.000000 0.000000  0.005208 0.764023 1 1 1.000000
0  0.503335 -0.882710 -0.220653  0.000000 -1.000000 0.000000  0.005208 0.763883 1 1 1.000000
0  0.416572 -0.882710 -0.170546  0.000000 -1.000000 0.000000  0.005299 0.763938 1 1 1.000000
lowpoly_plastic
0  -0.342739 -0.882710 -0.223194  0.000000 -1.000000 0.000000  0.005208 0.764447 1 1 1.000000
0  -0.416572 -0.882710 -0.170546  0.000000 -1.000000 0.000000  0.005299 0.764533 1 1 1.000000
0  -0.501534 -0.882710 -0.223826  0.000000 -1.000000 0.000000  0.005208 0.764587 1 1 1.000000
lowpoly_plastic
0  -0.236276 -0.882710 0.001184  0.000000 -1.000000 0.000000  0.005390 0.764456 1 1 1.000000
0  -0.501534 -0.882710 -0.223826  0.000000 -1.000000 0.000000  0.005208 0.764587 1 1 1.000000
0  -0.416572 -0.882710 -0.170546  0.000000 -1.000000 0.000000  0.005299 0.764533 1 1 1.000000
lowpoly_metal
0  -0.519531 -0.100440 -0.027128  -0.000000 0.866026 0.500000  0.004591 0.737949 1 1 1.000000
0  -0.597829 -0.161721 0.079014  -0.000000 0.866026 0.500000  0.004652 0.738037 1 1 1.000000
0  -0.519531 -0.161721 0.079014  -0.000000 0.866026 0.500000  0.004590 0.738037 1 1 1.000000
lowpoly_metal
0  -0.519531 -0.161721 0.079014  -0.000000 0.000000 1.000000  0.007077 0.737702 1 1 1.000000
0  -0.597829 -0.284284 0.079014  -0.000000 0.000000 1.000000  0.007139 0.737799 1 1 1.000000
0  -0.519531 -0.284284 0.079014  -0.000000 0.000000 1.000000  0.007077 0.737799 1 1 1.000000
lowpoly_metal
0  -0.519531 -0.284284 0.079014  -0.000000 -0.866026 0.500000  0.004590 0.738037 1 1 1.000000
0  -0.597829 -0.345565 -0.027128  -0.000000 -0.866026 0.500000  0.004528 0.737952 1 1 1.000000
0  -0.519531 -0.345565 -0.027128  -0.000000 -0.866026 0.500000  0.004590 0.737952 1 1 1.000000
lowpoly_metal
0  -0.519531 -0.345565 -0.027128  0.000000 -0.866026 -0.499999  0.004590 0.737952 1 1 1.000000
0  -0.597829 -0.284284 -0.133270  0.000000 -0.866026 -0.499999  0.004528 0.737869 1 1 1.000000
0  -0.519531 -0.284284 -0.133270  0.000000 -0.866026 -0.499999  0.004590 0.737869 1 1 1.000000
lowpoly_metal
0  -0.597829 -0.100440 -0.027128  -1.000000 0.000001 -0.000001  0.007360 0.735912 1 1 1.000000
0  -0.597829 -0.284284 -0.133270  -1.000000 0.000001 -0.000001  0.007444 0.735767 1 1 1.000000
0  -0.597829 -0.284284 0.079014  -1.000000 0.000001 -0.000001  0.007528 0.735912 1 1 1.000000
lowpoly_metal
0  -0.519531 -0.284284 -0.133270  0.000000 0.000000 -1.000000  0.007139 0.737702 1 1 1.000000
0  -0.597829 -0.161721 -0.133270  0.000000 0.000000 -1.000000  0.007201 0.737799 1 1 1.000000
0  -0.519531 -0.161721 -0.133270  0.000000 0.000000 -1.000000  0.007139 0.737799 1 1 1.000000
lowpoly_metal
0  -0.519531 -0.161721 -0.133270  0.000000 0.866026 -0.499999  0.004590 0.737869 1 1 1.000000
0  -0.597829 -0.100440 -0.027128  0.000000 0.866026 -0.499999  0.004653 0.737949 1 1 1.000000
0  -0.519531 -0.100440 -0.027128  0.000000 0.866026 -0.499999  0.004591 0.737949 1 1 1.000000
lowpoly_metal
0  -0.519531 -0.189782 -0.084668  0.000000 0.866025 -0.500001  0.004619 0.737868 1 1 1.000000
0  0.550622 -0.156561 -0.027128  0.000000 0.866025 -0.500001  0.004577 0.737022 1 1 1.000000
0  0.550622 -0.189782 -0.084668  0.000000 0.866025 -0.500001  0.004620 0.737021 1 1 1.000000
lowpoly_metal
0  -0.519531 -0.194623 0.030412  1.000000 -0.000001 0.000000  0.007654 0.735892 1 1 1.000000
0  -0.519531 -0.100440 -0.027128  1.000000 -0.000001 0.000000  0.007696 0.735815 1 1 1.000000
0  -0.519531 -0.161721 0.079014  1.000000 -0.000001 0.000000  0.007696 0.735912 1 1 1.000000
lowpoly_metal
0  -0.519531 -0.251146 0.030412  1.000000 0.000000 0.000000  0.007615 0.735914 1 1 1.000000
0  -0.519531 -0.161721 0.079014  1.000000 0.000000 0.000000  0.007696 0.735912 1 1 1.000000
0  -0.519531 -0.284284 0.079014  1.000000 0.000000 0.000000  0.007612 0.735961 1 1 1.000000
lowpoly_metal
0  -0.519531 -0.289444 -0.027128  1.000000 0.000000 0.000000  0.007566 0.735890 1 1 1.000000
0  -0.519531 -0.284284 0.079014  1.000000 0.000000 0.000000  0.007612 0.735961 1 1 1.000000
0  -0.519531 -0.345565 -0.027128  1.000000 0.000000 0.000000  0.007528 0.735912 1 1 1.000000
lowpoly_metal
0  -0.519531 -0.256224 -0.084668  1.000000 0.000000 0.000000  0.007566 0.735837 1 1 1.000000
0  -0.519531 -0.345565 -0.027128  1.000000 0.000000 0.000000  0.007528 0.735912 1 1 1.000000
0  -0.519531 -0.284284 -0.133270  1.000000 0.000000 0.000000  0.007528 0.735815 1 1 1.000000
lowpoly_metal
0  -0.519531 -0.189782 -0.084668  1.000000 0.000000 0.000000  0.007612 0.735811 1 1 1.000000
0  -0.519531 -0.284284 -0.133270  1.000000 0.000000 0.000000  0.007528 0.735815 1 1 1.000000
0  -0.519531 -0.161721 -0.133270  1.000000 0.000000 0.000000  0.007612 0.735767 1 1 1.000000
lowpoly_metal
0  -0.519531 -0.156561 -0.027128  1.000000 0.000000 0.000000  0.007657 0.735837 1 1 1.000000
0  -0.519531 -0.161721 -0.133270  1.000000 0.000000 0.000000  0.007612 0.735767 1 1 1.000000
0  -0.519531 -0.100440 -0.027128  1.000000 0.000000 0.000000  0.007696 0.735815 1 1 1.000000
lowpoly_metal
0  0.550622 -0.189782 -0.084668  1.000000 0.000000 0.000000  0.008016 0.737692 1 1 1.000000
0  0.550622 -0.251146 0.030412  1.000000 0.000000 0.000000  0.008026 0.737795 1 1 1.000000
0  0.550622 -0.256224 -0.084668  1.000000 0.000000 0.000000  0.007973 0.737721 1 1 1.000000
lowpoly_metal
0  -0.519531 -0.289444 -0.027128  0.000000 -0.866026 -0.499998  0.007029 0.736818 1 1 1.000000
0  0.550622 -0.256224 -0.084668  0.000000 -0.866026 -0.499998  0.006984 0.735970 1 1 1.000000
0  0.550622 -0.289444 -0.027128  0.000000 -0.866026 -0.499998  0.007029 0.735971 1 1 1.000000
lowpoly_metal
0  -0.519531 -0.194623 0.030412  0.000000 0.000000 1.000000  0.007120 0.736818 1 1 1.000000
0  0.550622 -0.251146 0.030412  0.000000 0.000000 1.000000  0.007075 0.735970 1 1 1.000000
0  0.550622 -0.194623 0.030412  0.000000 0.000000 1.000000  0.007120 0.735970 1 1 1.000000
lowpoly_metal
0  -0.519531 -0.256224 -0.084668  0.000000 0.000000 -1.000000  0.004620 0.737021 1 1 1.000000
0  0.550622 -0.189782 -0.084668  0.000000 0.000000 -1.000000  0.004673 0.737868 1 1 1.000000
0  0.550622 -0.256224 -0.084668  0.000000 0.000000 -1.000000  0.004620 0.737868 1 1 1.000000
lowpoly_metal
0  -0.519531 -0.251146 0.030412  0.000000 -0.832463 0.554081  0.007075 0.736818 1 1 1.000000
0  0.550622 -0.289444 -0.027128  0.000000 -0.832463 0.554081  0.007029 0.735971 1 1 1.000000
0  0.550622 -0.251146 0.030412  0.000000 -0.832463 0.554081  0.007075 0.735970 1 1 1.000000
lowpoly_metal
0  -0.519531 -0.156561 -0.027128  0.000000 0.834039 0.551706  0.004575 0.737869 1 1 1.000000
0  0.550622 -0.194623 0.030412  0.000000 0.834039 0.551706  0.004529 0.737021 1 1 1.000000
0  0.550622 -0.156561 -0.027128  0.000000 0.834039 0.551706  0.004577 0.737022 1 1 1.000000
lowpoly_plastic
0  0.502226 0.379559 0.066634  0.000000 1.000000 0.000000  0.005905 0.763883 1 1 1.000000
0  0.442401 0.379559 0.066634  0.000000 1.000000 0.000000  0.005905 0.764118 1 1 1.000000
0  0.502226 0.379559 0.126459  0.000000 1.000000 0.000000  0.005905 0.763883 1 1 1.000000
lowpoly_plastic
0  0.442401 -0.882710 0.066634  0.000000 -1.000000 0.000000  0.005473 0.764118 1 1 1.000000
0  0.502226 -0.882710 0.066634  0.000000 -1.000000 0.000000  0.005473 0.763883 1 1 1.000000
0  0.502226 -0.882710 0.126459  0.000000 -1.000000 0.000000  0.005473 0.764118 1 1 1.000000
lowpoly_plastic
0  0.502226 -0.882710 0.066634  1.000000 0.000000 0.000000  0.006343 0.763883 1 1 1.000000
0  0.502226 0.379559 0.126459  1.000000 0.000000 0.000000  0.006343 0.762968 1 1 1.000000
0  0.502226 -0.882710 0.126459  1.000000 0.000000 0.000000  0.006343 0.763883 1 1 1.000000
lowpoly_plastic
0  -0.502643 -0.882710 0.066634  0.000000 -1.000000 0.000000  0.005475 0.764587 1 1 1.000000
0  -0.442401 -0.882710 0.066634  0.000000 -1.000000 0.000000  0.005474 0.764353 1 1 1.000000
0  -0.502643 -0.882710 0.126876  0.000000 -1.000000 0.000000  0.005475 0.764587 1 1 1.000000
lowpoly_plastic
0  -0.442402 0.379559 0.066634  0.000000 1.000000 0.000000  0.005904 0.764353 1 1 1.000000
0  -0.502643 0.379559 0.066634  0.000000 1.000000 0.000000  0.005903 0.764587 1 1 1.000000
0  -0.502643 0.379559 0.126876  0.000000 1.000000 0.000000  0.005904 0.764353 1 1 1.000000
lowpoly_plastic
0  -0.502643 0.379559 0.066634  -1.000000 -0.000000 0.000000  0.005851 0.762968 1 1 1.000000
0  -0.502643 -0.882710 0.126876  -1.000000 -0.000000 0.000000  0.005851 0.763883 1 1 1.000000
0  -0.502643 0.379559 0.126876  -1.000000 -0.000000 0.000000  0.005851 0.762968 1 1 1.000000
lowpoly_plastic
0  0.412195 -1.404326 0.601268  -0.499214 0.000000 0.866479  0.030109 0.874840 1 1 1.000000
0  0.218150 -1.359733 0.489470  -0.499214 0.000000 0.866479  0.030374 0.873641 1 1 1.000000
0  0.218150 -1.404326 0.489470  -0.499214 0.000000 0.866479  0.030342 0.873641 1 1 1.000000
lowpoly_plastic
0  0.218556 -1.404326 0.937364  -0.500787 0.000000 -0.865570  0.030407 0.873182 1 1 1.000000
0  0.412398 -1.359733 0.825215  -0.500787 0.000000 -0.865570  0.030111 0.874482 1 1 1.000000
0  0.412398 -1.404326 0.825215  -0.500787 0.000000 -0.865570  0.030144 0.874482 1 1 1.000000
lowpoly_plastic
0  0.024307 -1.404326 0.601620  1.000000 0.000000 -0.000907  0.029341 0.874612 1 1 1.000000
0  0.024510 -1.359733 0.825567  1.000000 0.000000 -0.000907  0.028372 0.875549 1 1 1.000000
0  0.024510 -1.404326 0.825567  1.000000 0.000000 -0.000907  0.028340 0.875549 1 1 1.000000
lowpoly_plastic
0  0.218150 -1.404326 0.489470  0.500785 0.000000 0.865572  0.030342 0.873641 1 1 1.000000
0  0.024307 -1.359733 0.601620  0.500785 0.000000 0.865572  0.029373 0.874613 1 1 1.000000
0  0.024307 -1.404326 0.601620  0.500785 0.000000 0.865572  0.029341 0.874612 1 1 1.000000
lowpoly_plastic
0  0.024510 -1.404326 0.825567  0.499214 0.000000 -0.866479  0.030411 0.872957 1 1 1.000000
0  0.218556 -1.359733 0.937364  0.499214 0.000000 -0.866479  0.030374 0.873182 1 1 1.000000
0  0.218556 -1.404326 0.937364  0.499214 0.000000 -0.866479  0.030407 0.873182 1 1 1.000000
lowpoly_plastic
0  0.412398 -1.404326 0.825215  -1.000000 0.000000 0.000907  0.030144 0.874482 1 1 1.000000
0  0.412195 -1.359733 0.601268  -1.000000 0.000000 0.000907  0.030109 0.874840 1 1 1.000000
0  0.412195 -1.404326 0.601268  -1.000000 0.000000 0.000907  0.030109 0.874840 1 1 1.000000
lowpoly_metal
0  0.289197 -1.106218 0.672429  0.000000 -1.000000 -0.000003  0.055830 0.135197 1 1 1.000000
0  0.289272 -1.106218 0.754277  0.000000 -1.000000 -0.000003  0.055830 0.135162 1 1 1.000000
0  0.147508 -1.106218 0.754405  0.000000 -1.000000 -0.000003  0.055830 0.135132 1 1 1.000000
lowpoly_metal
0  0.412398 -1.270547 0.825215  -0.400843 -0.599425 -0.692831  0.055703 0.135132 1 1 1.000000
0  0.218427 -1.106218 0.795265  -0.400843 -0.599425 -0.692831  0.055702 0.135047 1 1 1.000000
0  0.289272 -1.106218 0.754277  -0.400843 -0.599425 -0.692831  0.055703 0.135132 1 1 1.000000
lowpoly_metal
0  0.024307 -1.270547 0.601620  0.400844 -0.599425 0.692830  0.055830 0.135132 1 1 1.000000
0  0.218278 -1.106218 0.631570  0.400844 -0.599425 0.692830  0.055830 0.135215 1 1 1.000000
0  0.147434 -1.106218 0.672558  0.400844 -0.599425 0.692830  0.055830 0.135132 1 1 1.000000
lowpoly_metal
0  0.024510 -1.270547 0.825567  0.800430 -0.599426 -0.000727  0.053828 0.137268 1 1 1.000000
0  0.147434 -1.106218 0.672558  0.800430 -0.599426 -0.000727  0.053828 0.137364 1 1 1.000000
0  0.147508 -1.106218 0.754405  0.800430 -0.599426 -0.000727  0.053828 0.137268 1 1 1.000000
lowpoly_metal
0  0.412195 -1.270547 0.601268  -0.800431 -0.599425 0.000726  0.055170 0.137530 1 1 1.000000
0  0.289272 -1.106218 0.754277  -0.800431 -0.599425 0.000726  0.055170 0.137435 1 1 1.000000
0  0.289197 -1.106218 0.672429  -0.800431 -0.599425 0.000726  0.055170 0.137530 1 1 1.000000
lowpoly_metal
0  0.218150 -1.270547 0.489470  -0.399587 -0.599424 0.693556  0.055830 0.135360 1 1 1.000000
0  0.289197 -1.106218 0.672429  -0.399587 -0.599424 0.693556  0.055830 0.135443 1 1 1.000000
0  0.218278 -1.106218 0.631570  -0.399587 -0.599424 0.693556  0.055830 0.135360 1 1 1.000000
lowpoly_metal
0  0.218556 -1.270547 0.937364  0.399586 -0.599425 -0.693557  0.055700 0.134901 1 1 1.000000
0  0.147508 -1.106218 0.754405  0.399586 -0.599425 -0.693557  0.055701 0.134819 1 1 1.000000
0  0.218427 -1.106218 0.795265  0.399586 -0.599425 -0.693557  0.055700 0.134901 1 1 1.000000
lowpoly_plastic
0  0.412398 -1.448919 0.825215  -1.000000 0.000000 0.000907  0.029909 0.875551 1 1 1.000000
0  0.412195 -1.404326 0.601268  -1.000000 0.000000 0.000907  0.030109 0.874840 1 1 1.000000
0  0.412195 -1.448919 0.601268  -1.000000 0.000000 0.000907  0.029909 0.875812 1 1 1.000000
lowpoly_plastic
0  0.024510 -1.448919 0.825567  0.499216 0.000000 -0.866477  0.030443 0.872957 1 1 1.000000
0  0.218556 -1.404326 0.937364  0.499216 0.000000 -0.866477  0.030407 0.873182 1 1 1.000000
0  0.218556 -1.448919 0.937364  0.499216 0.000000 -0.866477  0.030439 0.873182 1 1 1.000000
lowpoly_plastic
0  0.218150 -1.448919 0.489470  0.500787 0.000000 0.865570  0.030309 0.873641 1 1 1.000000
0  0.024307 -1.404326 0.601620  0.500787 0.000000 0.865570  0.029341 0.874612 1 1 1.000000
0  0.024307 -1.448919 0.601620  0.500787 0.000000 0.865570  0.030309 0.873413 1 1 1.000000
lowpoly_plastic
0  0.024307 -1.448919 0.601620  1.000000 0.000000 -0.000907  0.028307 0.875812 1 1 1.000000
0  0.024510 -1.404326 0.825567  1.000000 0.000000 -0.000907  0.028340 0.875549 1 1 1.000000
0  0.024510 -1.448919 0.825567  1.000000 0.000000 -0.000907  0.028307 0.875549 1 1 1.000000
lowpoly_plastic
0  0.218556 -1.448919 0.937364  -0.500785 0.000000 -0.865572  0.030439 0.873182 1 1 1.000000
0  0.412398 -1.404326 0.825215  -0.500785 0.000000 -0.865572  0.030144 0.874482 1 1 1.000000
0  0.412398 -1.448919 0.825215  -0.500785 0.000000 -0.865572  0.030443 0.873413 1 1 1.000000
lowpoly_plastic
0  0.412195 -1.448919 0.601268  -0.499214 0.000000 0.866479  0.030309 0.873869 1 1 1.000000
0  0.218150 -1.404326 0.489470  -0.499214 0.000000 0.866479  0.030342 0.873641 1 1 1.000000
0  0.218150 -1.448919 0.489470  -0.499214 0.000000 0.866479  0.030309 0.873641 1 1 1.000000
glass
0  0.024307 -1.404326 0.601620  0.000000 -1.000000 0.000001  0.866025 0.750000 1 1 1.000000
0  0.218150 -1.404326 0.489470  0.000000 -1.000000 0.000001  0.433013 1.000000 1 1 1.000000
0  0.412195 -1.404326 0.601268  0.000000 -1.000000 0.000001  0.000000 0.750000 1 1 1.000000
lowpoly_plastic
0  -0.630782 0.567459 0.724948  -0.751559 -0.659666 0.000000  0.033631 0.767461 1 1 1.000000
0  -0.630782 0.567459 0.591636  -0.751559 -0.659666 0.000000  0.033348 0.767461 1 1 1.000000
0  -0.596813 0.528758 0.613861  -0.751559 -0.659666 0.000000  0.033391 0.767378 1 1 1.000000
lowpoly_plastic
0  -0.290271 0.791758 0.066634  -0.000000 0.000000 -1.000000  0.006545 0.763725 1 1 1.000000
0  0.000000 0.791758 0.066634  -0.000000 0.000000 -1.000000  0.006767 0.763749 1 1 1.000000
0  0.000000 -0.882710 0.066634  -0.000000 0.000000 -1.000000  0.006627 0.765027 1 1 1.000000
lowpoly_plastic
0  -0.290271 0.791758 0.957554  0.000000 1.000000 0.000000  0.031710 0.785988 1 1 1.000000
0  0.000000 0.791758 0.957554  0.000000 1.000000 0.000000  0.032326 0.785990 1 1 1.000000
0  0.000000 0.791758 0.066634  0.000000 1.000000 0.000000  0.032326 0.787877 1 1 1.000000
lowpoly_plastic
0  0.000000 0.791758 0.957554  0.000000 0.000000 1.000000  0.917424 0.511877 1 1 1.000000
0  -0.290271 0.791758 0.957554  0.000000 0.000000 1.000000  0.918040 0.511877 1 1 1.000000
0  -0.364950 -0.882710 0.957554  0.000000 0.000000 1.000000  0.918199 0.515433 1 1 1.000000
lowpoly_plastic
0  -0.290271 0.791758 0.066634  1.000000 0.000000 0.000000  0.036775 0.783148 1 1 1.000000
0  -0.290271 1.366534 0.322802  1.000000 0.000000 0.000000  0.035439 0.783148 1 1 1.000000
0  -0.290271 1.059160 0.957554  1.000000 0.000000 0.000000  0.035488 0.781661 1 1 1.000000
lowpoly_plastic
0  -0.630782 0.567459 0.358665  -0.758884 0.035358 0.650266  0.038753 0.769523 1 1 1.000000
0  -0.630782 -0.658411 0.425321  -0.758884 0.035358 0.650266  0.038753 0.766919 1 1 1.000000
0  -0.615607 -0.332709 0.425321  -0.758884 0.035358 0.650266  0.038785 0.767611 1 1 1.000000
lowpoly_plastic
0  -0.630782 -0.882710 0.871368  -1.000000 0.000000 0.000000  0.006289 0.763281 1 1 1.000000
0  -0.630782 0.791758 0.871368  -1.000000 0.000000 0.000000  0.006289 0.764567 1 1 1.000000
0  -0.630782 0.567459 0.724948  -1.000000 0.000000 0.000000  0.006177 0.764395 1 1 1.000000
lowpoly_plastic
0  -0.630782 0.791758 0.871368  -1.000000 0.000000 0.000000  0.006289 0.764567 1 1 1.000000
0  -0.630782 0.567459 0.491977  -1.000000 0.000000 0.000000  0.005999 0.764395 1 1 1.000000
0  -0.630782 0.567459 0.591636  -1.000000 0.000000 0.000000  0.006075 0.764395 1 1 1.000000
lowpoly_plastic
0  -0.630782 0.567459 0.491977  -1.000000 0.000000 0.000000  0.005999 0.764395 1 1 1.000000
0  -0.630782 -0.658411 0.425321  -1.000000 0.000000 0.000000  0.005947 0.763453 1 1 1.000000
0  -0.630782 -0.658411 0.658292  -1.000000 0.000000 0.000000  0.006126 0.763453 1 1 1.000000
lowpoly_plastic
0  -0.630782 0.791758 0.255015  -1.000000 0.000000 0.000000  0.005817 0.764567 1 1 1.000000
0  -0.630782 -0.882710 0.255015  -1.000000 0.000000 0.000000  0.005817 0.763281 1 1 1.000000
0  -0.630782 -0.658411 0.425321  -1.000000 0.000000 0.000000  0.005947 0.763453 1 1 1.000000
lowpoly_plastic
0  -0.630782 0.567459 0.591636  -0.758414 0.035387 0.650812  0.038825 0.769523 1 1 1.000000
0  -0.630782 -0.658411 0.658292  -0.758414 0.035387 0.650812  0.038825 0.766919 1 1 1.000000
0  -0.615607 -0.333184 0.658292  -0.758414 0.035387 0.650812  0.038857 0.767610 1 1 1.000000
lowpoly_plastic
0  -0.630782 -0.658411 0.425321  -0.562533 0.044889 -0.825555  0.038968 0.769526 1 1 1.000000
0  -0.630782 0.567459 0.491977  -0.562533 0.044889 -0.825555  0.038968 0.766919 1 1 1.000000
0  -0.596813 0.528284 0.466700  -0.562533 0.044889 -0.825555  0.039039 0.767004 1 1 1.000000
lowpoly_plastic
0  -0.630782 -0.658411 0.658292  -0.509074 0.046732 -0.859453  0.038897 0.769526 1 1 1.000000
0  -0.630782 0.567459 0.724948  -0.509074 0.046732 -0.859453  0.038897 0.766919 1 1 1.000000
0  -0.596813 0.528758 0.702723  -0.509074 0.046732 -0.859453  0.038968 0.767003 1 1 1.000000
lowpoly_plastic
0  -0.630782 0.567459 0.491977  -0.755529 -0.655116 0.000000  0.033137 0.767461 1 1 1.000000
0  -0.630782 0.567459 0.358665  -0.755529 -0.655116 0.000000  0.032854 0.767461 1 1 1.000000
0  -0.596813 0.528284 0.383942  -0.755529 -0.655116 0.000000  0.032904 0.767377 1 1 1.000000
lowpoly_plastic
0  -0.442401 0.791758 0.066634  -0.707107 0.000000 -0.707107  0.005665 0.764566 1 1 1.000000
0  -0.442401 -0.882710 0.066634  -0.707107 0.000000 -0.707107  0.005665 0.763281 1 1 1.000000
0  -0.630782 -0.882710 0.255015  -0.707107 0.000000 -0.707107  0.005817 0.763281 1 1 1.000000
lowpoly_plastic
0  -0.442401 0.791758 0.066634  0.000000 0.000000 -1.000000  0.006429 0.763712 1 1 1.000000
0  -0.290271 0.791758 0.066634  0.000000 0.000000 -1.000000  0.006545 0.763725 1 1 1.000000
0  -0.307145 -0.882710 0.066634  0.000000 0.000000 -1.000000  0.006393 0.765001 1 1 1.000000
lowpoly_plastic
0  -0.544595 -0.882710 0.957554  -0.707107 0.000000 0.707107  0.007185 0.764804 1 1 1.000000
0  -0.544595 0.791758 0.957554  -0.707107 0.000000 0.707107  0.007185 0.763518 1 1 1.000000
0  -0.630782 0.791758 0.871368  -0.707107 0.000000 0.707107  0.007252 0.763518 1 1 1.000000
lowpoly_plastic
0  -0.630782 1.100849 0.871368  -0.707107 0.000000 0.707106  0.007252 0.763281 1 1 1.000000
0  -0.630782 0.791758 0.871368  -0.707107 0.000000 0.707106  0.007252 0.763518 1 1 1.000000
0  -0.544595 0.791758 0.957554  -0.707107 0.000000 0.707106  0.007185 0.763518 1 1 1.000000
lowpoly_plastic
0  -0.630782 0.791758 0.255015  -1.000000 0.000000 0.000000  0.005817 0.764567 1 1 1.000000
0  -0.630782 0.791758 0.871368  -1.000000 0.000000 0.000000  0.006289 0.764567 1 1 1.000000
0  -0.630782 1.100849 0.871368  -1.000000 0.000000 0.000000  0.006289 0.764804 1 1 1.000000
lowpoly_plastic
0  -0.544595 0.791758 0.957554  0.000000 0.000000 1.000000  0.918580 0.511877 1 1 1.000000
0  -0.290271 0.791758 0.957554  0.000000 0.000000 1.000000  0.918040 0.511877 1 1 1.000000
0  -0.290271 1.059160 0.957554  0.000000 0.000000 1.000000  0.918040 0.511309 1 1 1.000000
lowpoly_plastic
0  -0.630782 1.262291 0.537607  0.000001 0.900218 0.435440  0.926691 0.510995 1 1 1.000000
0  -0.630782 1.100849 0.871368  0.000001 0.900218 0.435440  0.926691 0.510263 1 1 1.000000
0  -0.544595 1.059160 0.957554  0.000001 0.900218 0.435440  0.926874 0.510071 1 1 1.000000
lowpoly_plastic
0  -0.290271 0.791758 0.957554  0.000000 0.000000 1.000000  0.918040 0.511877 1 1 1.000000
0  -0.544595 0.791758 0.957554  0.000000 0.000000 1.000000  0.918580 0.511877 1 1 1.000000
0  -0.544595 -0.882710 0.957554  0.000000 0.000000 1.000000  0.918580 0.515433 1 1 1.000000
lowpoly_plastic
0  -0.451136 -0.882710 0.871368  0.000000 -1.000000 -0.000002  0.040546 0.822614 1 1 1.000000
0  -0.364950 -0.882710 0.957554  0.000000 -1.000000 -0.000002  0.040352 0.822443 1 1 1.000000
0  -0.544595 -0.882710 0.957554  0.000000 -1.000000 -0.000002  0.040732 0.822418 1 1 1.000000
lowpoly_plastic
0  -0.544595 -0.882710 0.957554  0.000000 -1.000000 0.000002  0.040732 0.822418 1 1 1.000000
0  -0.630782 -0.882710 0.871368  0.000000 -1.000000 0.000002  0.040927 0.822589 1 1 1.000000
0  -0.451136 -0.882710 0.871368  0.000000 -1.000000 0.000002  0.040546 0.822614 1 1 1.000000
lowpoly_plastic
0  -0.630782 -0.882710 0.871368  0.000000 -1.000000 0.000000  0.040927 0.822589 1 1 1.000000
0  -0.630782 -0.882710 0.255015  0.000000 -1.000000 0.000000  0.041011 0.823895 1 1 1.000000
0  -0.451136 -0.882710 0.555416  0.000000 -1.000000 0.000000  0.040589 0.823283 1 1 1.000000
lowpoly_plastic
0  -0.630782 -0.882710 0.255015  0.000000 -1.000000 -0.000000  0.041011 0.823895 1 1 1.000000
0  -0.442401 -0.882710 0.066634  0.000000 -1.000000 -0.000000  0.040638 0.824320 1 1 1.000000
0  -0.451136 -0.882710 0.555416  0.000000 -1.000000 -0.000000  0.040589 0.823283 1 1 1.000000
lowpoly_plastic
0  -0.442401 -0.882710 0.066634  0.000000 -1.000000 0.000000  0.040638 0.824320 1 1 1.000000
0  -0.307145 -0.882710 0.066634  0.000000 -1.000000 0.000000  0.040352 0.824339 1 1 1.000000
0  -0.451136 -0.882710 0.555416  0.000000 -1.000000 0.000000  0.040589 0.823283 1 1 1.000000
lowpoly_plastic
0  -0.630782 1.262291 0.537607  -0.570536 0.455561 -0.683339  0.006335 0.763327 1 1 1.000000
0  -0.290271 1.366534 0.322802  -0.570536 0.455561 -0.683339  0.006599 0.763281 1 1 1.000000
0  -0.442401 0.791758 0.066634  -0.570536 0.455561 -0.683339  0.006429 0.763712 1 1 1.000000
lowpoly_plastic
0  -0.412398 -1.448919 0.825215  1.000000 0.000000 0.000907  0.029909 0.875551 1 1 1.000000
0  -0.412195 -1.448919 0.601268  1.000000 0.000000 0.000907  0.029909 0.875812 1 1 1.000000
0  -0.412195 -1.414091 0.601268  1.000000 0.000000 0.000907  0.029779 0.875812 1 1 1.000000
lowpoly_plastic
0  -0.451136 -1.197512 0.871368  -1.000000 0.000000 0.000000  0.006767 0.765046 1 1 1.000000
0  -0.451136 -0.882710 0.871368  -1.000000 0.000000 0.000000  0.007009 0.765046 1 1 1.000000
0  -0.451136 -0.882710 0.555416  -1.000000 0.000000 0.000000  0.007009 0.765288 1 1 1.000000
lowpoly_plastic
0  -0.364950 -1.197512 0.957554  -0.707107 0.000000 0.707107  0.007047 0.765046 1 1 1.000000
0  -0.364950 -0.882710 0.957554  -0.707107 0.000000 0.707107  0.007047 0.764804 1 1 1.000000
0  -0.451136 -0.882710 0.871368  -0.707107 0.000000 0.707107  0.007114 0.764804 1 1 1.000000
lowpoly_plastic
0  -0.451136 -1.197512 0.555416  -0.959242 0.000000 -0.282586  0.006767 0.765288 1 1 1.000000
0  -0.451136 -0.882710 0.555416  -0.959242 0.000000 -0.282586  0.007009 0.765288 1 1 1.000000
0  -0.307145 -0.882710 0.066634  -0.959242 0.000000 -0.282586  0.007009 0.765669 1 1 1.000000
lowpoly_plastic
0  0.000000 -1.197512 0.957554  0.000000 0.000000 1.000000  0.917424 0.516101 1 1 1.000000
0  0.000000 -0.882710 0.957554  0.000000 0.000000 1.000000  0.917424 0.515433 1 1 1.000000
0  -0.364950 -0.882710 0.957554  0.000000 0.000000 1.000000  0.918199 0.515433 1 1 1.000000
lowpoly_plastic
0  -0.307145 -1.197512 0.066634  0.000000 0.000000 -1.000000  0.006366 0.765241 1 1 1.000000
0  -0.307145 -0.882710 0.066634  0.000000 0.000000 -1.000000  0.006393 0.765001 1 1 1.000000
0  0.000000 -0.882710 0.066634  0.000000 0.000000 -1.000000  0.006627 0.765027 1 1 1.000000
lowpoly_plastic
0  -0.451136 -1.358026 0.871368  0.000000 1.000000 0.000006  0.863373 0.515719 1 1 1.000000
0  -0.364950 -1.358026 0.957554  0.000000 1.000000 0.000006  0.863556 0.515537 1 1 1.000000
0  -0.358137 -1.358026 0.941106  0.000000 1.000000 0.000006  0.863571 0.515572 1 1 1.000000
lowpoly_plastic
0  0.000000 -1.243926 0.066634  0.000000 1.000000 0.000003  0.864331 0.519315 1 1 1.000000
0  -0.307145 -1.243926 0.066634  0.000000 1.000000 0.000003  0.863679 0.519313 1 1 1.000000
0  -0.296482 -1.243926 0.080891  0.000000 1.000000 0.000003  0.863701 0.519283 1 1 1.000000
lowpoly_plastic
0  -0.451136 -1.358026 0.555416  0.000000 1.000000 0.000000  0.863373 0.516388 1 1 1.000000
0  -0.451136 -1.358026 0.871368  0.000000 1.000000 0.000000  0.863373 0.515719 1 1 1.000000
0  -0.434688 -1.358026 0.864555  0.000000 1.000000 0.000000  0.863408 0.515734 1 1 1.000000
lowpoly_plastic
0  -0.364950 -1.243926 0.957554  0.000000 1.000000 0.000000  0.863556 0.517426 1 1 1.000000
0  0.000000 -1.243926 0.957554  0.000000 1.000000 0.000000  0.864331 0.517428 1 1 1.000000
0  0.000000 -1.243926 0.944966  0.000000 1.000000 0.000000  0.864331 0.517455 1 1 1.000000
lowpoly_plastic
0  0.000000 -1.313546 0.957554  0.000000 -1.000000 -0.000002  0.862415 0.515537 1 1 1.000000
0  -0.364950 -1.313546 0.957554  0.000000 -1.000000 -0.000002  0.863190 0.515537 1 1 1.000000
0  -0.358137 -1.313546 0.941106  0.000000 -1.000000 -0.000002  0.863176 0.515572 1 1 1.000000
lowpoly_metal
0  -0.451136 -1.313546 0.871368  -1.000000 0.000000 0.000000  0.007157 0.750376 1 1 1.000000
0  -0.451136 -1.243926 0.871368  -1.000000 0.000000 0.000000  0.007305 0.750376 1 1 1.000000
0  -0.451136 -1.243926 0.555416  -1.000000 0.000000 0.000000  0.007306 0.751046 1 1 1.000000
lowpoly_metal
0  -0.364950 -1.313546 0.957554  -0.707108 0.000000 0.707106  0.012234 0.748176 1 1 1.000000
0  -0.364950 -1.243926 0.957554  -0.707108 0.000000 0.707106  0.012382 0.748176 1 1 1.000000
0  -0.451136 -1.243926 0.871368  -0.707108 0.000000 0.707106  0.012382 0.748359 1 1 1.000000
lowpoly_metal
0  -0.451136 -1.313546 0.555416  -0.959242 0.000000 -0.282585  0.007158 0.751046 1 1 1.000000
0  -0.451136 -1.243926 0.555416  -0.959242 0.000000 -0.282585  0.007306 0.751046 1 1 1.000000
0  -0.307145 -1.243926 0.066634  -0.959242 0.000000 -0.282585  0.007305 0.752099 1 1 1.000000
lowpoly_metal
0  0.000000 -1.313546 0.957554  0.000000 0.000000 1.000000  0.010966 0.751148 1 1 1.000000
0  0.000000 -1.243926 0.957554  0.000000 0.000000 1.000000  0.011113 0.751148 1 1 1.000000
0  -0.364950 -1.243926 0.957554  0.000000 0.000000 1.000000  0.011113 0.751922 1 1 1.000000
lowpoly_metal
0  -0.307145 -1.313546 0.066634  0.000000 0.000000 -1.000000  0.012500 0.751893 1 1 1.000000
0  -0.307145 -1.243926 0.066634  0.000000 0.000000 -1.000000  0.012352 0.751893 1 1 1.000000
0  0.000000 -1.243926 0.066634  0.000000 0.000000 -1.000000  0.012352 0.751241 1 1 1.000000
lowpoly_plastic
0  -0.451136 -1.197512 0.871368  0.000000 -1.000000 0.000000  0.863373 0.517612 1 1 1.000000
0  -0.451136 -1.197512 0.555416  0.000000 -1.000000 0.000000  0.863373 0.518283 1 1 1.000000
0  -0.433516 -1.197512 0.557957  0.000000 -1.000000 0.000000  0.863336 0.518278 1 1 1.000000
lowpoly_plastic
0  -0.307145 -1.313546 0.066634  0.000000 -1.000000 0.000000  0.863067 0.517429 1 1 1.000000
0  0.000000 -1.313546 0.066634  0.000000 -1.000000 0.000000  0.862415 0.517429 1 1 1.000000
0  0.000000 -1.313546 0.079223  0.000000 -1.000000 0.000000  0.862415 0.517403 1 1 1.000000
lowpoly_plastic
0  -0.364950 -1.197512 0.957554  0.000000 -1.000000 0.000000  0.863190 0.517429 1 1 1.000000
0  -0.451136 -1.197512 0.871368  0.000000 -1.000000 0.000000  0.863373 0.517612 1 1 1.000000
0  -0.434688 -1.197512 0.864555  0.000000 -1.000000 0.000000  0.863338 0.517627 1 1 1.000000
lowpoly_plastic
0  -0.451136 -1.197512 0.555416  0.000000 -1.000000 -0.000003  0.863373 0.518283 1 1 1.000000
0  -0.307145 -1.197512 0.066634  0.000000 -1.000000 -0.000003  0.863067 0.519321 1 1 1.000000
0  -0.296482 -1.197512 0.080891  0.000000 -1.000000 -0.000003  0.863045 0.519291 1 1 1.000000
lowpoly_plastic
0  -0.307145 -1.243926 0.066634  0.000000 1.000000 -0.000002  0.863679 0.519313 1 1 1.000000
0  -0.451136 -1.243926 0.555416  0.000000 1.000000 -0.000002  0.863373 0.518277 1 1 1.000000
0  -0.433516 -1.243926 0.557957  0.000000 1.000000 -0.000002  0.863411 0.518272 1 1 1.000000
lowpoly_plastic
0  -0.451136 -1.448919 0.871368  -1.000000 0.000000 0.000000  0.006126 0.764928 1 1 1.000000
0  -0.451136 -1.358026 0.871368  -1.000000 0.000000 0.000000  0.006196 0.764928 1 1 1.000000
0  -0.451136 -1.358026 0.555416  -1.000000 0.000000 0.000000  0.006196 0.765171 1 1 1.000000
lowpoly_plastic
0  -0.364950 -1.448919 0.957554  -0.707107 0.000000 0.707106  0.007182 0.765535 1 1 1.000000
0  -0.364950 -1.358026 0.957554  -0.707107 0.000000 0.707106  0.007251 0.765535 1 1 1.000000
0  -0.451136 -1.358026 0.871368  -0.707107 0.000000 0.707106  0.007251 0.765602 1 1 1.000000
lowpoly_plastic
0  -0.427635 -1.448919 0.475638  -0.959242 0.000000 -0.282586  0.006126 0.765233 1 1 1.000000
0  -0.451136 -1.448919 0.555416  -0.959242 0.000000 -0.282586  0.006126 0.765171 1 1 1.000000
0  -0.451136 -1.358026 0.555416  -0.959242 0.000000 -0.282586  0.006196 0.765171 1 1 1.000000
lowpoly_plastic
0  -0.451136 -1.358026 0.555416  -0.959242 -0.000001 -0.282586  0.006196 0.765171 1 1 1.000000
0  -0.307145 -1.358026 0.066634  -0.959242 -0.000001 -0.282586  0.006196 0.765551 1 1 1.000000
0  -0.427635 -1.448919 0.475638  -0.959242 -0.000001 -0.282586  0.006126 0.765233 1 1 1.000000
lowpoly_plastic
0  0.000000 -1.448919 0.957554  0.000000 0.000000 1.000000  0.918570 0.516681 1 1 1.000000
0  0.000000 -1.358026 0.957554  0.000000 0.000000 1.000000  0.918763 0.516681 1 1 1.000000
0  -0.364950 -1.358026 0.957554  0.000000 0.000000 1.000000  0.918763 0.517456 1 1 1.000000
lowpoly_plastic
0  -0.307145 -1.448919 0.066634  0.000000 0.000000 -1.000000  0.008133 0.765713 1 1 1.000000
0  -0.307145 -1.358026 0.066634  0.000000 0.000000 -1.000000  0.008063 0.765713 1 1 1.000000
0  0.000000 -1.358026 0.066634  0.000000 0.000000 -1.000000  0.008063 0.765477 1 1 1.000000
lowpoly_plastic
0  -0.296482 -1.243926 0.080891  -0.005627 0.000000 -0.999984  0.898704 0.513855 1 1 1.000000
0  -0.296482 -1.197512 0.080891  -0.005627 0.000000 -0.999984  0.898605 0.513855 1 1 1.000000
0  0.000000 -1.197512 0.079223  -0.005627 0.000000 -0.999984  0.898605 0.513225 1 1 1.000000
lowpoly_plastic
0  0.000000 -1.243926 0.944966  -0.010775 0.000000 0.999942  0.897454 0.514439 1 1 1.000000
0  0.000000 -1.197512 0.944966  -0.010775 0.000000 0.999942  0.897553 0.514439 1 1 1.000000
0  -0.358137 -1.197512 0.941106  -0.010775 0.000000 0.999942  0.897553 0.515199 1 1 1.000000
lowpoly_plastic
0  -0.433516 -1.243926 0.557957  -0.961135 0.000000 -0.276078  0.893836 0.514146 1 1 1.000000
0  -0.433516 -1.197512 0.557957  -0.961135 0.000000 -0.276078  0.893934 0.514146 1 1 1.000000
0  -0.296482 -1.197512 0.080891  -0.961135 0.000000 -0.276078  0.893934 0.515173 1 1 1.000000
lowpoly_plastic
0  -0.358137 -1.243926 0.941106  -0.707109 0.000000 0.707105  0.897454 0.515199 1 1 1.000000
0  -0.358137 -1.197512 0.941106  -0.707109 0.000000 0.707105  0.897553 0.515199 1 1 1.000000
0  -0.434688 -1.197512 0.864555  -0.707109 0.000000 0.707105  0.897553 0.515362 1 1 1.000000
lowpoly_plastic
0  -0.434688 -1.243926 0.864555  -0.999993 0.000000 -0.003825  0.893835 0.513495 1 1 1.000000
0  -0.434688 -1.197512 0.864555  -0.999993 0.000000 -0.003825  0.893934 0.513495 1 1 1.000000
0  -0.433516 -1.197512 0.557957  -0.999993 0.000000 -0.003825  0.893934 0.514146 1 1 1.000000
lowpoly_plastic
0  -0.296482 -1.358026 0.080891  -0.005626 0.000000 -0.999984  0.898995 0.511149 1 1 1.000000
0  -0.296482 -1.313546 0.080891  -0.005626 0.000000 -0.999984  0.898901 0.511149 1 1 1.000000
0  0.000000 -1.313546 0.079223  -0.005626 0.000000 -0.999984  0.898901 0.510520 1 1 1.000000
lowpoly_plastic
0  0.000000 -1.358026 0.939751  0.003784 0.000000 0.999993  0.898605 0.512302 1 1 1.000000
0  0.000000 -1.313546 0.939751  0.003784 0.000000 0.999993  0.898700 0.512302 1 1 1.000000
0  -0.358137 -1.313546 0.941106  0.003784 0.000000 0.999993  0.898700 0.513062 1 1 1.000000
lowpoly_plastic
0  -0.433516 -1.358026 0.557957  -0.961135 0.000000 -0.276079  0.898511 0.512952 1 1 1.000000
0  -0.433516 -1.313546 0.557957  -0.961135 0.000000 -0.276079  0.898605 0.512952 1 1 1.000000
0  -0.296482 -1.313546 0.080891  -0.961135 0.000000 -0.276079  0.898605 0.513980 1 1 1.000000
lowpoly_plastic
0  -0.358137 -1.358026 0.941106  -0.707108 0.000000 0.707106  0.898605 0.513062 1 1 1.000000
0  -0.358137 -1.313546 0.941106  -0.707108 0.000000 0.707106  0.898700 0.513062 1 1 1.000000
0  -0.434688 -1.313546 0.864555  -0.707108 0.000000 0.707106  0.898700 0.513225 1 1 1.000000
lowpoly_plastic
0  -0.434688 -1.358026 0.864555  -0.999993 0.000000 -0.003825  0.898510 0.512302 1 1 1.000000
0  -0.434688 -1.313546 0.864555  -0.999993 0.000000 -0.003825  0.898605 0.512302 1 1 1.000000
0  -0.433516 -1.313546 0.557957  -0.999993 0.000000 -0.003825  0.898605 0.512952 1 1 1.000000
lowpoly_plastic
0  -0.307145 -1.358026 0.066634  0.000000 1.000000 0.000000  0.863679 0.517424 1 1 1.000000
0  -0.451136 -1.358026 0.555416  0.000000 1.000000 0.000000  0.863373 0.516388 1 1 1.000000
0  -0.433516 -1.358026 0.557957  0.000000 1.000000 0.000000  0.863411 0.516383 1 1 1.000000
lowpoly_plastic
0  -0.451136 -1.313546 0.555416  0.000000 -1.000000 0.000001  0.863373 0.516391 1 1 1.000000
0  -0.307145 -1.313546 0.066634  0.000000 -1.000000 0.000001  0.863067 0.517429 1 1 1.000000
0  -0.296482 -1.313546 0.080891  0.000000 -1.000000 0.000001  0.863045 0.517399 1 1 1.000000
lowpoly_plastic
0  -0.364950 -1.313546 0.957554  0.000000 -1.000000 -0.000006  0.863190 0.515537 1 1 1.000000
0  -0.451136 -1.313546 0.871368  0.000000 -1.000000 -0.000006  0.863373 0.515720 1 1 1.000000
0  -0.434688 -1.313546 0.864555  0.000000 -1.000000 -0.000006  0.863338 0.515735 1 1 1.000000
lowpoly_plastic
0  -0.451136 -1.313546 0.871368  0.000000 -1.000000 0.000000  0.863373 0.515720 1 1 1.000000
0  -0.451136 -1.313546 0.555416  0.000000 -1.000000 0.000000  0.863373 0.516391 1 1 1.000000
0  -0.433516 -1.313546 0.557957  0.000000 -1.000000 0.000000  0.863336 0.516386 1 1 1.000000
lowpoly_plastic
0  -0.364950 -1.358026 0.957554  0.000000 1.000000 0.000000  0.863556 0.515537 1 1 1.000000
0  0.000000 -1.358026 0.957554  0.000000 1.000000 0.000000  0.864331 0.515539 1 1 1.000000
0  0.000000 -1.358026 0.939751  0.000000 1.000000 0.000000  0.864331 0.515577 1 1 1.000000
lowpoly_plastic
0  0.000000 -1.358026 0.066634  0.000000 1.000000 0.000003  0.864331 0.517426 1 1 1.000000
0  -0.307145 -1.358026 0.066634  0.000000 1.000000 0.000003  0.863679 0.517424 1 1 1.000000
0  -0.296482 -1.358026 0.080891  0.000000 1.000000 0.000003  0.863701 0.517394 1 1 1.000000
lowpoly_plastic
0  -0.307145 -1.197512 0.066634  0.000000 -1.000000 0.000000  0.863067 0.519321 1 1 1.000000
0  0.000000 -1.197512 0.066634  0.000000 -1.000000 0.000000  0.862415 0.519321 1 1 1.000000
0  0.000000 -1.197512 0.079223  0.000000 -1.000000 0.000000  0.862415 0.519295 1 1 1.000000
lowpoly_plastic
0  0.000000 -1.197512 0.957554  0.000000 -1.000000 -0.000004  0.862415 0.517429 1 1 1.000000
0  -0.364950 -1.197512 0.957554  0.000000 -1.000000 -0.000004  0.863190 0.517429 1 1 1.000000
0  -0.358137 -1.197512 0.941106  0.000000 -1.000000 -0.000004  0.863176 0.517464 1 1 1.000000
lowpoly_plastic
0  -0.451136 -1.243926 0.555416  0.000000 1.000000 0.000000  0.863373 0.518277 1 1 1.000000
0  -0.451136 -1.243926 0.871368  0.000000 1.000000 0.000000  0.863373 0.517608 1 1 1.000000
0  -0.434688 -1.243926 0.864555  0.000000 1.000000 0.000000  0.863408 0.517623 1 1 1.000000
lowpoly_plastic
0  -0.451136 -1.243926 0.871368  0.000000 1.000000 0.000003  0.863373 0.517608 1 1 1.000000
0  -0.364950 -1.243926 0.957554  0.000000 1.000000 0.000003  0.863556 0.517426 1 1 1.000000
0  -0.358137 -1.243926 0.941106  0.000000 1.000000 0.000003  0.863571 0.517461 1 1 1.000000
lowpoly_plastic
0  0.000000 -1.448919 0.482633  0.000000 -1.000000 0.000000  0.006289 0.765631 1 1 1.000000
0  0.000000 -1.448919 0.957554  0.000000 -1.000000 0.000000  0.006289 0.765267 1 1 1.000000
0  -0.024510 -1.448919 0.825567  0.000000 -1.000000 0.000000  0.006308 0.765368 1 1 1.000000
lowpoly_plastic
0  0.000000 -1.448919 0.957554  0.000000 -1.000000 -0.000004  0.006289 0.765267 1 1 1.000000
0  -0.364950 -1.448919 0.957554  0.000000 -1.000000 -0.000004  0.006570 0.765267 1 1 1.000000
0  -0.218556 -1.448919 0.937364  0.000000 -1.000000 -0.000004  0.006457 0.765282 1 1 1.000000
lowpoly_plastic
0  -0.364950 -1.448919 0.957554  0.000000 -1.000000 -0.000001  0.006570 0.765267 1 1 1.000000
0  -0.451136 -1.448919 0.871368  0.000000 -1.000000 -0.000001  0.006636 0.765333 1 1 1.000000
0  -0.412398 -1.448919 0.825215  0.000000 -1.000000 -0.000001  0.006606 0.765368 1 1 1.000000
lowpoly_plastic
0  -0.451136 -1.448919 0.871368  0.000000 -1.000000 0.000000  0.006636 0.765333 1 1 1.000000
0  -0.451136 -1.448919 0.555416  0.000000 -1.000000 0.000000  0.006636 0.765576 1 1 1.000000
0  -0.412195 -1.448919 0.601268  0.000000 -1.000000 0.000000  0.006606 0.765540 1 1 1.000000
lowpoly_plastic
0  -0.451136 -1.448919 0.555416  0.000000 -1.000000 -0.000003  0.006636 0.765576 1 1 1.000000
0  -0.427635 -1.448919 0.475638  0.000000 -1.000000 -0.000003  0.006618 0.765637 1 1 1.000000
0  -0.218150 -1.448919 0.489470  0.000000 -1.000000 -0.000003  0.006457 0.765626 1 1 1.000000
lowpoly_plastic
0  -0.427635 -1.448919 0.475638  0.000000 -1.000000 0.000002  0.006618 0.765637 1 1 1.000000
0  0.000000 -1.448919 0.482633  0.000000 -1.000000 0.000002  0.006289 0.765631 1 1 1.000000
0  -0.024307 -1.448919 0.601620  0.000000 -1.000000 0.000002  0.006308 0.765540 1 1 1.000000
lowpoly_plastic
0  -0.218556 -1.414091 0.937364  0.000000 -1.000000 -0.000000  0.892840 0.512669 1 1 1.000000
0  -0.412398 -1.414091 0.825215  0.000000 -1.000000 -0.000000  0.893252 0.512907 1 1 1.000000
0  -0.412195 -1.414091 0.601268  0.000000 -1.000000 -0.000000  0.893252 0.513382 1 1 1.000000
lowpoly_plastic
0  -0.412195 -1.414091 0.601268  0.000000 -1.000000 -0.000001  0.893252 0.513382 1 1 1.000000
0  -0.218150 -1.414091 0.489470  0.000000 -1.000000 -0.000001  0.892840 0.513620 1 1 1.000000
0  -0.024307 -1.414091 0.601620  0.000000 -1.000000 -0.000001  0.892429 0.513383 1 1 1.000000
lowpoly_plastic
0  -0.024307 -1.414091 0.601620  0.000000 -1.000000 0.000000  0.892429 0.513383 1 1 1.000000
0  -0.024510 -1.414091 0.825567  0.000000 -1.000000 0.000000  0.892429 0.512907 1 1 1.000000
0  -0.412195 -1.414091 0.601268  0.000000 -1.000000 0.000000  0.893252 0.513382 1 1 1.000000
lowpoly_plastic
0  -0.024510 -1.448919 0.825567  -0.499214 0.000000 -0.866479  0.030443 0.872957 1 1 1.000000
0  -0.218556 -1.448919 0.937364  -0.499214 0.000000 -0.866479  0.030439 0.873182 1 1 1.000000
0  -0.218556 -1.414091 0.937364  -0.499214 0.000000 -0.866479  0.030309 0.873182 1 1 1.000000
lowpoly_plastic
0  -0.412195 -1.448919 0.601268  0.499214 0.000000 0.866479  0.030309 0.873869 1 1 1.000000
0  -0.218150 -1.448919 0.489470  0.499214 0.000000 0.866479  0.030309 0.873641 1 1 1.000000
0  -0.218150 -1.414091 0.489470  0.499214 0.000000 0.866479  0.030439 0.873641 1 1 1.000000
lowpoly_plastic
0  -0.218556 -1.448919 0.937364  0.500786 0.000000 -0.865571  0.030439 0.873182 1 1 1.000000
0  -0.412398 -1.448919 0.825215  0.500786 0.000000 -0.865571  0.030443 0.873413 1 1 1.000000
0  -0.412398 -1.414091 0.825215  0.500786 0.000000 -0.865571  0.030313 0.873413 1 1 1.000000
lowpoly_plastic
0  -0.024307 -1.448919 0.601620  -1.000000 0.000000 -0.000907  0.028307 0.875812 1 1 1.000000
0  -0.024510 -1.448919 0.825567  -1.000000 0.000000 -0.000907  0.028307 0.875549 1 1 1.000000
0  -0.024510 -1.414091 0.825567  -1.000000 0.000000 -0.000907  0.028437 0.875549 1 1 1.000000
lowpoly_plastic
0  -0.218150 -1.448919 0.489470  -0.500786 0.000000 0.865571  0.030309 0.873641 1 1 1.000000
0  -0.024307 -1.448919 0.601620  -0.500786 0.000000 0.865571  0.030309 0.873413 1 1 1.000000
0  -0.024307 -1.414091 0.601620  -0.500786 0.000000 0.865571  0.030439 0.873413 1 1 1.000000
lowpoly_plastic
0  -0.255960 -1.575766 0.272885  0.000000 -1.000000 -0.000007  0.007757 0.765466 1 1 1.000000
0  -0.216425 -1.575766 0.341362  0.000000 -1.000000 -0.000007  0.007809 0.765435 1 1 1.000000
0  -0.289654 -1.575766 0.271136  0.000000 -1.000000 -0.000007  0.007756 0.765492 1 1 1.000000
lowpoly_plastic
0  -0.216425 -1.575766 0.341362  0.000000 -1.000000 0.000003  0.007809 0.765435 1 1 1.000000
0  -0.387471 -1.575766 0.339304  0.000000 -1.000000 0.000003  0.007810 0.765566 1 1 1.000000
0  -0.289654 -1.575766 0.271136  0.000000 -1.000000 0.000003  0.007756 0.765492 1 1 1.000000
lowpoly_plastic
0  -0.034463 -1.575766 0.274217  0.000000 -1.000000 0.000000  0.007755 0.765296 1 1 1.000000
0  0.000000 -1.575766 0.274633  0.000000 -1.000000 0.000000  0.007755 0.765270 1 1 1.000000
0  0.000000 -1.575766 0.343966  0.000000 -1.000000 0.000000  0.007809 0.765269 1 1 1.000000
lowpoly_plastic
0  -0.200393 -1.575766 0.176641  0.000000 -1.000000 0.000000  0.007683 0.765425 1 1 1.000000
0  -0.216103 -1.575766 0.203850  0.000000 -1.000000 0.000000  0.007704 0.765437 1 1 1.000000
0  -0.307145 -1.575766 0.066634  0.000000 -1.000000 0.000000  0.007599 0.765508 1 1 1.000000
lowpoly_plastic
0  -0.216103 -1.575766 0.203850  0.000000 -1.000000 0.000001  0.007704 0.765437 1 1 1.000000
0  -0.347308 -1.575766 0.202969  0.000000 -1.000000 0.000001  0.007705 0.765537 1 1 1.000000
0  -0.307145 -1.575766 0.066634  0.000000 -1.000000 0.000001  0.007599 0.765508 1 1 1.000000
lowpoly_plastic
0  -0.307145 -1.575766 0.066634  0.000000 -1.000000 0.000001  0.007599 0.765508 1 1 1.000000
0  -0.185743 -1.575766 0.066634  0.000000 -1.000000 0.000001  0.007598 0.765415 1 1 1.000000
0  -0.200393 -1.575766 0.176641  0.000000 -1.000000 0.000001  0.007683 0.765425 1 1 1.000000
lowpoly_plastic
0  -0.185743 -1.575766 0.066634  0.000000 -1.000000 0.000002  0.007598 0.765415 1 1 1.000000
0  0.000000 -1.575766 0.131038  0.000000 -1.000000 0.000002  0.007645 0.765272 1 1 1.000000
0  -0.089260 -1.575766 0.176641  0.000000 -1.000000 0.000002  0.007681 0.765340 1 1 1.000000
lowpoly_plastic
0  0.000000 -1.575766 0.131038  0.000000 -1.000000 0.000000  0.007645 0.765272 1 1 1.000000
0  0.000000 -1.575766 0.205300  0.000000 -1.000000 0.000000  0.007702 0.765271 1 1 1.000000
0  -0.072997 -1.575766 0.204810  0.000000 -1.000000 0.000000  0.007703 0.765327 1 1 1.000000
lowpoly_plastic
0  -0.089260 -1.575766 0.176641  0.000000 -1.000000 0.000000  0.007681 0.765340 1 1 1.000000
0  0.000000 -1.575766 0.131038  0.000000 -1.000000 0.000000  0.007645 0.765272 1 1 1.000000
0  -0.072997 -1.575766 0.204810  0.000000 -1.000000 0.000000  0.007703 0.765327 1 1 1.000000
lowpoly_plastic
0  -0.289654 -1.448919 0.271136  -0.763530 0.000000 0.645773  0.029995 0.800392 1 1 1.000000
0  -0.347308 -1.448919 0.202969  -0.763530 0.000000 0.645773  0.029996 0.800530 1 1 1.000000
0  -0.347308 -1.575766 0.202969  -0.763530 0.000000 0.645773  0.029726 0.800530 1 1 1.000000
lowpoly_plastic
0  -0.427635 -1.448919 0.475638  -0.959242 0.000000 -0.282586  0.007832 0.763784 1 1 1.000000
0  -0.387471 -1.448919 0.339304  -0.959242 0.000000 -0.282586  0.007832 0.763891 1 1 1.000000
0  -0.387471 -1.575766 0.339304  -0.959242 0.000000 -0.282586  0.007735 0.763891 1 1 1.000000
lowpoly_plastic
0  0.000000 -1.448919 0.482633  -0.016354 0.000000 0.999866  0.028462 0.777615 1 1 1.000000
0  -0.427635 -1.448919 0.475638  -0.016354 0.000000 0.999866  0.028462 0.778523 1 1 1.000000
0  -0.427635 -1.575766 0.475638  -0.016354 0.000000 0.999866  0.028193 0.778523 1 1 1.000000
lowpoly_plastic
0  -0.089260 -1.575766 0.369129  0.000000 -1.000000 0.000000  0.007829 0.765337 1 1 1.000000
0  -0.074217 -1.575766 0.343073  0.000000 -1.000000 0.000000  0.007809 0.765326 1 1 1.000000
0  0.000000 -1.575766 0.343966  0.000000 -1.000000 0.000000  0.007809 0.765269 1 1 1.000000
lowpoly_plastic
0  0.000000 -1.575766 0.343966  0.000000 -1.000000 0.000000  0.007809 0.765269 1 1 1.000000
0  0.000000 -1.575766 0.482633  0.000000 -1.000000 0.000000  0.007915 0.765267 1 1 1.000000
0  -0.089260 -1.575766 0.369129  0.000000 -1.000000 0.000000  0.007829 0.765337 1 1 1.000000
lowpoly_plastic
0  0.000000 -1.575766 0.482633  0.000000 -1.000000 0.000001  0.007915 0.765267 1 1 1.000000
0  -0.427635 -1.575766 0.475638  0.000000 -1.000000 0.000001  0.007915 0.765596 1 1 1.000000
0  -0.200393 -1.575766 0.369129  0.000000 -1.000000 0.000001  0.007830 0.765422 1 1 1.000000
lowpoly_plastic
0  -0.089260 -1.575766 0.369129  0.000000 -1.000000 0.000000  0.007829 0.765337 1 1 1.000000
0  0.000000 -1.575766 0.482633  0.000000 -1.000000 0.000000  0.007915 0.765267 1 1 1.000000
0  -0.200393 -1.575766 0.369129  0.000000 -1.000000 0.000000  0.007830 0.765422 1 1 1.000000
lowpoly_plastic
0  -0.427635 -1.575766 0.475638  0.000000 -1.000000 0.000000  0.007915 0.765596 1 1 1.000000
0  -0.387471 -1.575766 0.339304  0.000000 -1.000000 0.000000  0.007810 0.765566 1 1 1.000000
0  -0.200393 -1.575766 0.369129  0.000000 -1.000000 0.000000  0.007830 0.765422 1 1 1.000000
lowpoly_plastic
0  -0.185743 -1.448919 0.066634  0.327601 0.000000 -0.944816  0.032933 0.777402 1 1 1.000000
0  0.000000 -1.448919 0.131038  0.327601 0.000000 -0.944816  0.032931 0.777004 1 1 1.000000
0  0.000000 -1.575766 0.131038  0.327601 0.000000 -0.944816  0.033201 0.777006 1 1 1.000000
lowpoly_plastic
0  -0.347308 -1.448919 0.202969  -0.959242 0.000000 -0.282586  0.006224 0.765601 1 1 1.000000
0  -0.307145 -1.448919 0.066634  -0.959242 0.000000 -0.282586  0.006224 0.765708 1 1 1.000000
0  -0.307145 -1.575766 0.066634  -0.959242 0.000000 -0.282586  0.006126 0.765708 1 1 1.000000
lowpoly_plastic
0  -0.387471 -1.448919 0.339304  -0.571745 0.000000 -0.820432  0.034444 0.795505 1 1 1.000000
0  -0.289654 -1.448919 0.271136  -0.571745 0.000000 -0.820432  0.034649 0.795510 1 1 1.000000
0  -0.289654 -1.575766 0.271136  -0.571745 0.000000 -0.820432  0.034649 0.795779 1 1 1.000000
lowpoly_plastic
0  -0.255191 -1.575766 0.271552  0.000000 -1.000000 0.000000  0.007756 0.765466 1 1 1.000000
0  -0.289654 -1.575766 0.271136  0.000000 -1.000000 0.000000  0.007756 0.765492 1 1 1.000000
0  -0.347308 -1.575766 0.202969  0.000000 -1.000000 0.000000  0.007705 0.765537 1 1 1.000000
lowpoly_plastic
0  -0.072997 -1.575766 0.204810  0.000000 -1.000000 0.000002  0.007703 0.765327 1 1 1.000000
0  0.000000 -1.575766 0.205300  0.000000 -1.000000 0.000002  0.007702 0.765271 1 1 1.000000
0  -0.033694 -1.575766 0.272885  0.000000 -1.000000 0.000002  0.007754 0.765296 1 1 1.000000
lowpoly_plastic
0  0.000000 -1.575766 0.205300  0.000000 -1.000000 0.000000  0.007702 0.765271 1 1 1.000000
0  0.000000 -1.575766 0.274633  0.000000 -1.000000 0.000000  0.007755 0.765270 1 1 1.000000
0  -0.033694 -1.575766 0.272885  0.000000 -1.000000 0.000000  0.007754 0.765296 1 1 1.000000
lowpoly_metal
0  -0.089260 -1.548764 0.369129  0.000000 -1.000000 0.000000  0.858012 0.861775 1 1 1.000000
0  -0.200393 -1.548764 0.369129  0.000000 -1.000000 0.000000  0.858012 0.861539 1 1 1.000000
0  -0.255960 -1.548764 0.272885  0.000000 -1.000000 0.000000  0.858217 0.861421 1 1 1.000000
lowpoly_metal
0  -0.255960 -1.548764 0.272885  0.000000 -1.000000 -0.000003  0.858217 0.861421 1 1 1.000000
0  -0.200393 -1.548764 0.176641  0.000000 -1.000000 -0.000003  0.858421 0.861539 1 1 1.000000
0  -0.089260 -1.548764 0.176641  0.000000 -1.000000 -0.000003  0.858421 0.861775 1 1 1.000000
lowpoly_metal
0  -0.089260 -1.548764 0.176641  0.000000 -1.000000 0.000000  0.858421 0.861775 1 1 1.000000
0  -0.033694 -1.548764 0.272885  0.000000 -1.000000 0.000000  0.858217 0.861893 1 1 1.000000
0  -0.089260 -1.548764 0.369129  0.000000 -1.000000 0.000000  0.858012 0.861775 1 1 1.000000
lowpoly_plastic
0  -0.033694 -1.575766 0.272885  -0.866026 0.000000 0.499999  0.032473 0.877948 1 1 1.000000
0  -0.033694 -1.548764 0.272885  -0.866026 0.000000 0.499999  0.032530 0.877948 1 1 1.000000
0  -0.072997 -1.575766 0.204810  -0.866026 0.000000 0.499999  0.032473 0.878088 1 1 1.000000
lowpoly_plastic
0  -0.033694 -1.548764 0.272885  -0.866024 0.000000 0.500002  0.032530 0.877948 1 1 1.000000
0  -0.089260 -1.548764 0.176641  -0.866024 0.000000 0.500002  0.032531 0.878146 1 1 1.000000
0  -0.072997 -1.575766 0.204810  -0.866024 0.000000 0.500002  0.032473 0.878088 1 1 1.000000
lowpoly_plastic
0  -0.200393 -1.575766 0.369129  0.000000 0.000000 -1.000000  0.031155 0.879228 1 1 1.000000
0  -0.200393 -1.548764 0.369129  0.000000 0.000000 -1.000000  0.031098 0.879228 1 1 1.000000
0  -0.089260 -1.548764 0.369129  0.000000 0.000000 -1.000000  0.031098 0.878992 1 1 1.000000
lowpoly_plastic
0  -0.216103 -1.575766 0.203850  0.866026 0.000000 0.499999  0.031158 0.878702 1 1 1.000000
0  -0.200393 -1.575766 0.176641  0.866026 0.000000 0.499999  0.031160 0.878756 1 1 1.000000
0  -0.200393 -1.548764 0.176641  0.866026 0.000000 0.499999  0.031102 0.878756 1 1 1.000000
lowpoly_plastic
0  -0.200393 -1.548764 0.176641  0.866024 0.000000 0.500002  0.031102 0.878756 1 1 1.000000
0  -0.255960 -1.548764 0.272885  0.866024 0.000000 0.500002  0.031098 0.878566 1 1 1.000000
0  -0.216103 -1.575766 0.203850  0.866024 0.000000 0.500002  0.031158 0.878702 1 1 1.000000
lowpoly_plastic
0  -0.255960 -1.548764 0.272885  0.866018 0.000000 0.500014  0.031098 0.878566 1 1 1.000000
0  -0.255960 -1.575766 0.272885  0.866018 0.000000 0.500014  0.031155 0.878566 1 1 1.000000
0  -0.255191 -1.575766 0.271552  0.866018 0.000000 0.500014  0.031155 0.878569 1 1 1.000000
lowpoly_plastic
0  -0.089260 -1.575766 0.176641  0.000000 0.000000 1.000000  0.031098 0.878756 1 1 1.000000
0  -0.089260 -1.548764 0.176641  0.000000 0.000000 1.000000  0.031155 0.878756 1 1 1.000000
0  -0.200393 -1.548764 0.176641  0.000000 0.000000 1.000000  0.031155 0.878992 1 1 1.000000
lowpoly_plastic
0  -0.089260 -1.575766 0.369129  -0.866027 0.000000 -0.499998  0.032474 0.877738 1 1 1.000000
0  -0.089260 -1.548764 0.369129  -0.866027 0.000000 -0.499998  0.032531 0.877738 1 1 1.000000
0  -0.074217 -1.575766 0.343073  -0.866027 0.000000 -0.499998  0.032473 0.877795 1 1 1.000000
lowpoly_plastic
0  -0.089260 -1.548764 0.369129  -0.866026 0.000000 -0.499999  0.032531 0.877738 1 1 1.000000
0  -0.033694 -1.548764 0.272885  -0.866026 0.000000 -0.499999  0.032530 0.877948 1 1 1.000000
0  -0.074217 -1.575766 0.343073  -0.866026 0.000000 -0.499999  0.032473 0.877795 1 1 1.000000
lowpoly_plastic
0  -0.033694 -1.548764 0.272885  -0.866030 0.000000 -0.499992  0.032530 0.877948 1 1 1.000000
0  -0.033694 -1.575766 0.272885  -0.866030 0.000000 -0.499992  0.032473 0.877948 1 1 1.000000
0  -0.034463 -1.575766 0.274217  -0.866030 0.000000 -0.499992  0.032473 0.877945 1 1 1.000000
lowpoly_plastic
0  -0.216425 -1.575766 0.341362  0.866026 0.000000 -0.499999  0.031158 0.878412 1 1 1.000000
0  -0.255960 -1.575766 0.272885  0.866026 0.000000 -0.499999  0.031155 0.878566 1 1 1.000000
0  -0.255960 -1.548764 0.272885  0.866026 0.000000 -0.499999  0.031098 0.878566 1 1 1.000000
lowpoly_plastic
0  -0.255960 -1.548764 0.272885  0.866025 0.000000 -0.500001  0.031098 0.878566 1 1 1.000000
0  -0.200393 -1.548764 0.369129  0.866025 0.000000 -0.500001  0.031102 0.878350 1 1 1.000000
0  -0.216425 -1.575766 0.341362  0.866025 0.000000 -0.500001  0.031158 0.878412 1 1 1.000000
lowpoly_plastic
0  -0.307145 -1.448919 0.066634  0.000000 0.000000 -1.000000  0.006142 0.763826 1 1 1.000000
0  -0.185743 -1.448919 0.066634  0.000000 0.000000 -1.000000  0.006143 0.763733 1 1 1.000000
0  -0.185743 -1.575766 0.066634  0.000000 0.000000 -1.000000  0.006240 0.763734 1 1 1.000000
lowpoly_plastic
0  -0.405960 -0.882710 0.402062  0.000000 0.000000 1.000000  0.044069 0.823322 1 1 1.000000
0  -0.630782 -0.882710 0.402062  0.000000 0.000000 1.000000  0.044547 0.823322 1 1 1.000000
0  -0.630782 -1.155727 0.402062  0.000000 0.000000 1.000000  0.044547 0.823902 1 1 1.000000
lowpoly_plastic
0  -0.345607 -1.155727 0.197195  0.000000 -1.000000 -0.000001  0.044505 0.824507 1 1 1.000000
0  -0.405960 -1.155727 0.402062  0.000000 -1.000000 -0.000001  0.044069 0.824379 1 1 1.000000
0  -0.572962 -1.155727 0.197195  0.000000 -1.000000 -0.000001  0.044505 0.824025 1 1 1.000000
lowpoly_plastic
0  -0.405960 -1.155727 0.402062  0.000000 -1.000000 0.000000  0.044069 0.824379 1 1 1.000000
0  -0.630782 -1.155727 0.402062  0.000000 -1.000000 0.000000  0.044069 0.823902 1 1 1.000000
0  -0.630782 -1.155727 0.255015  0.000000 -1.000000 0.000000  0.044382 0.823902 1 1 1.000000
lowpoly_plastic
0  -0.572962 -0.882710 0.197195  0.000000 0.000000 -1.000000  0.044069 0.822742 1 1 1.000000
0  -0.345607 -0.882710 0.197195  0.000000 0.000000 -1.000000  0.044552 0.822742 1 1 1.000000
0  -0.345607 -1.155727 0.197195  0.000000 0.000000 -1.000000  0.044552 0.823322 1 1 1.000000
lowpoly_plastic
0  -0.630782 -0.882710 0.255015  -0.707107 0.000000 -0.707107  0.007962 0.765477 1 1 1.000000
0  -0.572962 -0.882710 0.197195  -0.707107 0.000000 -0.707107  0.007915 0.765477 1 1 1.000000
0  -0.572962 -1.155727 0.197195  -0.707107 0.000000 -0.707107  0.007915 0.765267 1 1 1.000000
lowpoly_plastic
0  -0.630782 -0.882710 0.402062  -1.000000 0.000000 0.000000  0.007129 0.764963 1 1 1.000000
0  -0.630782 -0.882710 0.255015  -1.000000 0.000000 0.000000  0.007016 0.764963 1 1 1.000000
0  -0.630782 -1.155727 0.255015  -1.000000 0.000000 0.000000  0.007016 0.764753 1 1 1.000000
lowpoly_plastic
0  -0.596107 1.126380 0.375737  -0.533038 0.443201 -0.720724  0.056737 0.624090 1 1 1.000000
0  -0.500419 1.200631 0.350628  -0.533038 0.443201 -0.720724  0.056737 0.623835 1 1 1.000000
0  -0.522693 0.983747 0.233730  -0.533038 0.443201 -0.720724  0.057075 0.624163 1 1 1.000000
lowpoly_plastic
0  -0.500419 1.200631 0.350628  -0.533037 0.443202 -0.720724  0.056737 0.623835 1 1 1.000000
0  -0.415868 1.166440 0.267069  -0.533037 0.443202 -0.720724  0.056906 0.623744 1 1 1.000000
0  -0.522693 0.983747 0.233730  -0.533037 0.443202 -0.720724  0.057075 0.624163 1 1 1.000000
lowpoly_plastic
0  -0.415868 1.166440 0.267069  -0.533039 0.443201 -0.720724  0.056906 0.623744 1 1 1.000000
0  -0.427004 1.057998 0.208621  -0.533039 0.443201 -0.720724  0.057075 0.623908 1 1 1.000000
0  -0.522693 0.983747 0.233730  -0.533039 0.443201 -0.720724  0.057075 0.624163 1 1 1.000000
lowpoly_plastic
0  -0.607244 1.017938 0.317289  -0.498617 -0.852740 -0.155615  0.065396 0.750673 1 1 1.000000
0  -0.522693 0.983747 0.233730  -0.498617 -0.852740 -0.155615  0.065454 0.750919 1 1 1.000000
0  -0.484499 0.951990 0.285373  -0.498617 -0.852740 -0.155615  0.065317 0.750933 1 1 1.000000
lowpoly_plastic
0  -0.427004 1.057998 0.208621  0.841287 0.186985 -0.507220  0.065981 0.749574 1 1 1.000000
0  -0.415868 1.166440 0.267069  0.841287 0.186985 -0.507220  0.065981 0.749312 1 1 1.000000
0  -0.377674 1.134683 0.318712  0.841287 0.186985 -0.507220  0.066118 0.749317 1 1 1.000000
lowpoly_plastic
0  -0.500419 1.200631 0.350628  -0.342671 0.665754 0.662833  0.065503 0.750875 1 1 1.000000
0  -0.596107 1.126380 0.375737  -0.342671 0.665754 0.662833  0.065454 0.750673 1 1 1.000000
0  -0.557913 1.094623 0.427380  -0.342671 0.665754 0.662833  0.065595 0.750683 1 1 1.000000
lowpoly_plastic
0  -0.596107 1.126380 0.375737  -0.841287 -0.186986 0.507221  0.066159 0.745664 1 1 1.000000
0  -0.607244 1.017938 0.317289  -0.841287 -0.186986 0.507221  0.066159 0.745925 1 1 1.000000
0  -0.569050 0.986181 0.368931  -0.841287 -0.186986 0.507221  0.066034 0.745935 1 1 1.000000
lowpoly_plastic
0  -0.522693 0.983747 0.233730  0.342671 -0.665756 -0.662832  0.065454 0.750919 1 1 1.000000
0  -0.427004 1.057998 0.208621  0.342671 -0.665756 -0.662832  0.065396 0.751119 1 1 1.000000
0  -0.388810 1.026241 0.260263  0.342671 -0.665756 -0.662832  0.065259 0.751132 1 1 1.000000
lowpoly_plastic
0  -0.415868 1.166440 0.267069  0.498616 0.852741 0.155612  0.065454 0.751121 1 1 1.000000
0  -0.500419 1.200631 0.350628  0.498616 0.852741 0.155612  0.065503 0.750875 1 1 1.000000
0  -0.462225 1.168874 0.402270  0.498616 0.852741 0.155612  0.065644 0.750885 1 1 1.000000
lowpoly_plastic
0  0.630782 0.567459 0.724948  0.751559 -0.659666 0.000000  0.033631 0.767461 1 1 1.000000
0  0.596813 0.528758 0.702723  0.751559 -0.659666 0.000000  0.033580 0.767378 1 1 1.000000
0  0.596813 0.528758 0.613861  0.751559 -0.659666 0.000000  0.033391 0.767378 1 1 1.000000
lowpoly_plastic
0  0.290271 0.791758 0.066634  0.000000 0.000000 -1.000000  0.006545 0.763725 1 1 1.000000
0  0.307145 -0.882710 0.066634  0.000000 0.000000 -1.000000  0.006393 0.765001 1 1 1.000000
0  0.000000 -0.882710 0.066634  0.000000 0.000000 -1.000000  0.006627 0.765027 1 1 1.000000
lowpoly_plastic
0  0.290271 0.791758 0.957554  0.000000 1.000000 0.000000  0.031710 0.785988 1 1 1.000000
0  0.290271 0.791758 0.066634  0.000000 1.000000 0.000000  0.031710 0.787875 1 1 1.000000
0  0.000000 0.791758 0.066634  0.000000 1.000000 0.000000  0.032326 0.787877 1 1 1.000000
lowpoly_plastic
0  0.000000 0.791758 0.957554  0.000000 0.000000 1.000000  0.917424 0.511877 1 1 1.000000
0  0.000000 -0.882710 0.957554  0.000000 0.000000 1.000000  0.917424 0.515433 1 1 1.000000
0  0.364950 -0.882710 0.957554  0.000000 0.000000 1.000000  0.918199 0.515433 1 1 1.000000
lowpoly_plastic
0  0.290271 0.791758 0.066634  -1.000000 0.000000 0.000000  0.036775 0.783148 1 1 1.000000
0  0.290271 0.791758 0.957554  -1.000000 0.000000 0.000000  0.036007 0.781431 1 1 1.000000
0  0.290271 1.059160 0.957554  -1.000000 0.000000 0.000000  0.035488 0.781661 1 1 1.000000
lowpoly_plastic
0  0.630782 0.567459 0.358665  0.556874 0.051996 0.828968  0.038753 0.769523 1 1 1.000000
0  0.596813 0.528284 0.383942  0.556874 0.051996 0.828968  0.038825 0.769439 1 1 1.000000
0  0.615607 -0.332709 0.425321  0.556874 0.051996 0.828968  0.038785 0.767611 1 1 1.000000
lowpoly_plastic
0  0.630782 -0.882710 0.871368  1.000000 -0.000000 0.000000  0.006289 0.763281 1 1 1.000000
0  0.630782 -0.658411 0.658292  1.000000 -0.000000 0.000000  0.006126 0.763453 1 1 1.000000
0  0.630782 0.567459 0.724948  1.000000 -0.000000 0.000000  0.006177 0.764395 1 1 1.000000
lowpoly_plastic
0  0.630782 0.791758 0.871368  1.000000 0.000000 0.000000  0.006289 0.764567 1 1 1.000000
0  0.630782 0.567459 0.724948  1.000000 0.000000 0.000000  0.006177 0.764395 1 1 1.000000
0  0.630782 0.567459 0.591636  1.000000 0.000000 0.000000  0.006075 0.764395 1 1 1.000000
lowpoly_plastic
0  0.630782 0.567459 0.491977  1.000000 -0.000000 0.000000  0.005999 0.764395 1 1 1.000000
0  0.630782 0.567459 0.591636  1.000000 -0.000000 0.000000  0.006075 0.764395 1 1 1.000000
0  0.630782 -0.658411 0.658292  1.000000 -0.000000 0.000000  0.006126 0.763453 1 1 1.000000
lowpoly_plastic
0  0.630782 0.791758 0.255015  1.000000 -0.000000 0.000000  0.005817 0.764567 1 1 1.000000
0  0.630782 0.567459 0.358665  1.000000 -0.000000 0.000000  0.005896 0.764395 1 1 1.000000
0  0.630782 -0.658411 0.425321  1.000000 -0.000000 0.000000  0.005947 0.763453 1 1 1.000000
lowpoly_plastic
0  0.630782 0.567459 0.591636  0.501664 0.055438 0.863284  0.038825 0.769523 1 1 1.000000
0  0.596813 0.528758 0.613861  0.501664 0.055438 0.863284  0.038897 0.769440 1 1 1.000000
0  0.615607 -0.333184 0.658292  0.501664 0.055438 0.863284  0.038857 0.767610 1 1 1.000000
lowpoly_plastic
0  0.630782 -0.658411 0.425321  0.888173 0.041382 -0.457641  0.038968 0.769526 1 1 1.000000
0  0.615607 -0.332709 0.425321  0.888173 0.041382 -0.457641  0.039000 0.768834 1 1 1.000000
0  0.596813 0.528284 0.466700  0.888173 0.041382 -0.457641  0.039039 0.767004 1 1 1.000000
lowpoly_plastic
0  0.630782 -0.658411 0.658292  0.899959 0.041992 -0.433947  0.038897 0.769526 1 1 1.000000
0  0.615607 -0.333184 0.658292  0.899959 0.041992 -0.433947  0.038929 0.768835 1 1 1.000000
0  0.596813 0.528758 0.702723  0.899959 0.041992 -0.433947  0.038968 0.767003 1 1 1.000000
lowpoly_plastic
0  0.630782 0.567459 0.491977  0.755529 -0.655116 0.000000  0.033137 0.767461 1 1 1.000000
0  0.596813 0.528284 0.466700  0.755529 -0.655116 0.000000  0.033079 0.767377 1 1 1.000000
0  0.596813 0.528284 0.383942  0.755529 -0.655116 0.000000  0.032904 0.767377 1 1 1.000000
lowpoly_plastic
0  0.442401 0.791758 0.066634  0.707107 0.000000 -0.707107  0.005665 0.764566 1 1 1.000000
0  0.630782 0.791758 0.255015  0.707107 0.000000 -0.707107  0.005817 0.764567 1 1 1.000000
0  0.630782 -0.882710 0.255015  0.707107 0.000000 -0.707107  0.005817 0.763281 1 1 1.000000
lowpoly_plastic
0  0.442401 0.791758 0.066634  0.000000 0.000000 -1.000000  0.006429 0.763712 1 1 1.000000
0  0.442401 -0.882710 0.066634  0.000000 0.000000 -1.000000  0.006289 0.764989 1 1 1.000000
0  0.307145 -0.882710 0.066634  0.000000 0.000000 -1.000000  0.006393 0.765001 1 1 1.000000
lowpoly_plastic
0  0.544595 -0.882710 0.957554  0.707107 0.000000 0.707107  0.007185 0.764804 1 1 1.000000
0  0.630782 -0.882710 0.871368  0.707107 0.000000 0.707107  0.007252 0.764804 1 1 1.000000
0  0.630782 0.791758 0.871368  0.707107 0.000000 0.707107  0.007252 0.763518 1 1 1.000000
lowpoly_plastic
0  0.630782 1.100849 0.871368  0.707107 0.000000 0.707107  0.007252 0.763281 1 1 1.000000
0  0.544595 1.059160 0.957554  0.707107 0.000000 0.707107  0.007185 0.763313 1 1 1.000000
0  0.544595 0.791758 0.957554  0.707107 0.000000 0.707107  0.007185 0.763518 1 1 1.000000
lowpoly_plastic
0  0.630782 0.791758 0.255015  1.000000 -0.000001 0.000000  0.005817 0.764567 1 1 1.000000
0  0.630782 1.262291 0.537607  1.000000 -0.000001 0.000000  0.006034 0.764928 1 1 1.000000
0  0.630782 1.100849 0.871368  1.000000 -0.000001 0.000000  0.006289 0.764804 1 1 1.000000
lowpoly_plastic
0  0.544595 0.791758 0.957554  0.000000 0.000000 1.000000  0.918580 0.511877 1 1 1.000000
0  0.544595 1.059160 0.957554  0.000000 0.000000 1.000000  0.918580 0.511309 1 1 1.000000
0  0.290271 1.059160 0.957554  0.000000 0.000000 1.000000  0.918040 0.511309 1 1 1.000000
lowpoly_plastic
0  0.630782 1.262291 0.537607  0.000000 0.900218 0.435440  0.926691 0.510995 1 1 1.000000
0  0.290271 1.059160 0.957554  0.000000 0.900218 0.435440  0.927414 0.510063 1 1 1.000000
0  0.544595 1.059160 0.957554  0.000000 0.900218 0.435440  0.926874 0.510071 1 1 1.000000
lowpoly_plastic
0  0.290271 0.791758 0.957554  0.000000 0.000000 1.000000  0.918040 0.511877 1 1 1.000000
0  0.364950 -0.882710 0.957554  0.000000 0.000000 1.000000  0.918199 0.515433 1 1 1.000000
0  0.544595 -0.882710 0.957554  0.000000 0.000000 1.000000  0.918580 0.515433 1 1 1.000000
lowpoly_plastic
0  0.451136 -0.882710 0.555416  0.000000 -1.000000 -0.000000  0.040589 0.823283 1 1 1.000000
0  0.307145 -0.882710 0.066634  0.000000 -1.000000 -0.000000  0.040352 0.824339 1 1 1.000000
0  0.442401 -0.882710 0.066634  0.000000 -1.000000 -0.000000  0.040638 0.824320 1 1 1.000000
lowpoly_plastic
0  0.442401 -0.882710 0.066634  0.000000 -1.000000 0.000000  0.040638 0.824320 1 1 1.000000
0  0.630782 -0.882710 0.255015  0.000000 -1.000000 0.000000  0.041011 0.823895 1 1 1.000000
0  0.451136 -0.882710 0.555416  0.000000 -1.000000 0.000000  0.040589 0.823283 1 1 1.000000
lowpoly_plastic
0  0.630782 -0.882710 0.255015  0.000000 -1.000000 0.000000  0.041011 0.823895 1 1 1.000000
0  0.630782 -0.882710 0.871368  0.000000 -1.000000 0.000000  0.040927 0.822589 1 1 1.000000
0  0.451136 -0.882710 0.555416  0.000000 -1.000000 0.000000  0.040589 0.823283 1 1 1.000000
lowpoly_plastic
0  0.630782 -0.882710 0.871368  0.000000 -1.000000 0.000001  0.040927 0.822589 1 1 1.000000
0  0.544595 -0.882710 0.957554  0.000000 -1.000000 0.000001  0.040732 0.822418 1 1 1.000000
0  0.451136 -0.882710 0.871368  0.000000 -1.000000 0.000001  0.040546 0.822614 1 1 1.000000
lowpoly_plastic
0  0.544595 -0.882710 0.957554  0.000000 -1.000000 -0.000001  0.040732 0.822418 1 1 1.000000
0  0.364950 -0.882710 0.957554  0.000000 -1.000000 -0.000001  0.040352 0.822443 1 1 1.000000
0  0.451136 -0.882710 0.871368  0.000000 -1.000000 -0.000001  0.040546 0.822614 1 1 1.000000
lowpoly_plastic
0  0.630782 1.262291 0.537607  0.650849 0.390886 -0.650848  0.006335 0.763327 1 1 1.000000
0  0.630782 0.791758 0.255015  0.650849 0.390886 -0.650848  0.006289 0.763692 1 1 1.000000
0  0.442401 0.791758 0.066634  0.650849 0.390886 -0.650848  0.006429 0.763712 1 1 1.000000
lowpoly_metal
0  0.412398 -1.359733 0.825215  -1.000000 0.000000 0.000907  0.055502 0.136200 1 1 1.000000
0  0.412398 -1.270547 0.825215  -1.000000 0.000000 0.000907  0.055170 0.137269 1 1 1.000000
0  0.412195 -1.270547 0.601268  -1.000000 0.000000 0.000907  0.055170 0.137530 1 1 1.000000
lowpoly_plastic
0  0.451136 -1.197512 0.871368  1.000000 0.000000 0.000000  0.006767 0.765046 1 1 1.000000
0  0.451136 -1.197512 0.555416  1.000000 0.000000 0.000000  0.006767 0.765288 1 1 1.000000
0  0.451136 -0.882710 0.555416  1.000000 0.000000 0.000000  0.007009 0.765288 1 1 1.000000
lowpoly_plastic
0  0.364950 -1.197512 0.957554  0.707106 0.000000 0.707107  0.007047 0.765046 1 1 1.000000
0  0.451136 -1.197512 0.871368  0.707106 0.000000 0.707107  0.007114 0.765046 1 1 1.000000
0  0.451136 -0.882710 0.871368  0.707106 0.000000 0.707107  0.007114 0.764804 1 1 1.000000
lowpoly_plastic
0  0.451136 -1.197512 0.555416  0.959242 0.000000 -0.282586  0.006767 0.765288 1 1 1.000000
0  0.307145 -1.197512 0.066634  0.959242 0.000000 -0.282586  0.006767 0.765669 1 1 1.000000
0  0.307145 -0.882710 0.066634  0.959242 0.000000 -0.282586  0.007009 0.765669 1 1 1.000000
lowpoly_plastic
0  0.000000 -1.197512 0.957554  0.000000 0.000000 1.000000  0.917424 0.516101 1 1 1.000000
0  0.364950 -1.197512 0.957554  0.000000 0.000000 1.000000  0.918199 0.516101 1 1 1.000000
0  0.364950 -0.882710 0.957554  0.000000 0.000000 1.000000  0.918199 0.515433 1 1 1.000000
lowpoly_plastic
0  0.307145 -1.197512 0.066634  0.000000 0.000000 -1.000000  0.006366 0.765241 1 1 1.000000
0  0.000000 -1.197512 0.066634  0.000000 0.000000 -1.000000  0.006601 0.765267 1 1 1.000000
0  0.000000 -0.882710 0.066634  0.000000 0.000000 -1.000000  0.006627 0.765027 1 1 1.000000
lowpoly_plastic
0  0.451136 -1.358026 0.871368  0.000000 1.000000 -0.000008  0.863373 0.515719 1 1 1.000000
0  0.434688 -1.358026 0.864555  0.000000 1.000000 -0.000008  0.863408 0.515734 1 1 1.000000
0  0.358137 -1.358026 0.941106  0.000000 1.000000 -0.000008  0.863571 0.515572 1 1 1.000000
lowpoly_plastic
0  0.000000 -1.243926 0.066634  0.000000 1.000000 0.000000  0.864331 0.519315 1 1 1.000000
0  0.000000 -1.243926 0.079223  0.000000 1.000000 0.000000  0.864331 0.519288 1 1 1.000000
0  0.296482 -1.243926 0.080891  0.000000 1.000000 0.000000  0.863701 0.519283 1 1 1.000000
lowpoly_plastic
0  0.451136 -1.358026 0.555416  0.000000 1.000000 -0.000000  0.863373 0.516388 1 1 1.000000
0  0.433516 -1.358026 0.557957  0.000000 1.000000 -0.000000  0.863411 0.516383 1 1 1.000000
0  0.434688 -1.358026 0.864555  0.000000 1.000000 -0.000000  0.863408 0.515734 1 1 1.000000
lowpoly_plastic
0  0.364950 -1.243926 0.957554  0.000000 1.000000 0.000000  0.863556 0.517426 1 1 1.000000
0  0.358137 -1.243926 0.941106  0.000000 1.000000 0.000000  0.863571 0.517461 1 1 1.000000
0  0.000000 -1.243926 0.944966  0.000000 1.000000 0.000000  0.864331 0.517455 1 1 1.000000
lowpoly_plastic
0  0.000000 -1.313546 0.957554  0.000000 -1.000000 0.000000  0.862415 0.515537 1 1 1.000000
0  0.000000 -1.313546 0.939751  0.000000 -1.000000 0.000000  0.862415 0.515575 1 1 1.000000
0  0.358137 -1.313546 0.941106  0.000000 -1.000000 0.000000  0.863176 0.515572 1 1 1.000000
lowpoly_metal
0  0.451136 -1.313546 0.871368  1.000000 0.000000 0.000000  0.007157 0.750376 1 1 1.000000
0  0.451136 -1.313546 0.555416  1.000000 0.000000 0.000000  0.007158 0.751046 1 1 1.000000
0  0.451136 -1.243926 0.555416  1.000000 0.000000 0.000000  0.007306 0.751046 1 1 1.000000
lowpoly_metal
0  0.364950 -1.313546 0.957554  0.707107 0.000000 0.707107  0.012234 0.748176 1 1 1.000000
0  0.451136 -1.313546 0.871368  0.707107 0.000000 0.707107  0.012234 0.748359 1 1 1.000000
0  0.451136 -1.243926 0.871368  0.707107 0.000000 0.707107  0.012382 0.748359 1 1 1.000000
lowpoly_metal
0  0.451136 -1.313546 0.555416  0.959242 0.000000 -0.282586  0.007158 0.751046 1 1 1.000000
0  0.307145 -1.313546 0.066634  0.959242 0.000000 -0.282586  0.007157 0.752099 1 1 1.000000
0  0.307145 -1.243926 0.066634  0.959242 0.000000 -0.282586  0.007305 0.752099 1 1 1.000000
lowpoly_metal
0  0.000000 -1.313546 0.957554  0.000000 0.000000 1.000000  0.010966 0.751148 1 1 1.000000
0  0.364950 -1.313546 0.957554  0.000000 0.000000 1.000000  0.010966 0.751922 1 1 1.000000
0  0.364950 -1.243926 0.957554  0.000000 0.000000 1.000000  0.011113 0.751922 1 1 1.000000
lowpoly_metal
0  0.307145 -1.313546 0.066634  0.000000 0.000000 -1.000000  0.012500 0.751893 1 1 1.000000
0  0.000000 -1.313546 0.066634  0.000000 0.000000 -1.000000  0.012500 0.751241 1 1 1.000000
0  0.000000 -1.243926 0.066634  0.000000 0.000000 -1.000000  0.012352 0.751241 1 1 1.000000
lowpoly_plastic
0  0.451136 -1.197512 0.871368  0.000000 -1.000000 -0.000000  0.863373 0.517612 1 1 1.000000
0  0.434688 -1.197512 0.864555  0.000000 -1.000000 -0.000000  0.863338 0.517627 1 1 1.000000
0  0.433516 -1.197512 0.557957  0.000000 -1.000000 -0.000000  0.863336 0.518278 1 1 1.000000
lowpoly_plastic
0  0.307145 -1.313546 0.066634  0.000000 -1.000000 0.000000  0.863067 0.517429 1 1 1.000000
0  0.296482 -1.313546 0.080891  0.000000 -1.000000 0.000000  0.863045 0.517399 1 1 1.000000
0  0.000000 -1.313546 0.079223  0.000000 -1.000000 0.000000  0.862415 0.517403 1 1 1.000000
lowpoly_plastic
0  0.364950 -1.197512 0.957554  0.000000 -1.000000 0.000008  0.863190 0.517429 1 1 1.000000
0  0.358137 -1.197512 0.941106  0.000000 -1.000000 0.000008  0.863176 0.517464 1 1 1.000000
0  0.434688 -1.197512 0.864555  0.000000 -1.000000 0.000008  0.863338 0.517627 1 1 1.000000
lowpoly_plastic
0  0.451136 -1.197512 0.555416  0.000000 -1.000000 0.000003  0.863373 0.518283 1 1 1.000000
0  0.433516 -1.197512 0.557957  0.000000 -1.000000 0.000003  0.863336 0.518278 1 1 1.000000
0  0.296482 -1.197512 0.080891  0.000000 -1.000000 0.000003  0.863045 0.519291 1 1 1.000000
lowpoly_plastic
0  0.307145 -1.243926 0.066634  0.000000 1.000000 0.000004  0.863679 0.519313 1 1 1.000000
0  0.296482 -1.243926 0.080891  0.000000 1.000000 0.000004  0.863701 0.519283 1 1 1.000000
0  0.433516 -1.243926 0.557957  0.000000 1.000000 0.000004  0.863411 0.518272 1 1 1.000000
lowpoly_plastic
0  0.451136 -1.448919 0.871368  1.000000 0.000000 0.000000  0.006126 0.764928 1 1 1.000000
0  0.451136 -1.448919 0.555416  1.000000 0.000000 0.000000  0.006126 0.765171 1 1 1.000000
0  0.451136 -1.358026 0.555416  1.000000 0.000000 0.000000  0.006196 0.765171 1 1 1.000000
lowpoly_plastic
0  0.364950 -1.448919 0.957554  0.707107 0.000000 0.707107  0.007182 0.765535 1 1 1.000000
0  0.451136 -1.448919 0.871368  0.707107 0.000000 0.707107  0.007182 0.765602 1 1 1.000000
0  0.451136 -1.358026 0.871368  0.707107 0.000000 0.707107  0.007251 0.765602 1 1 1.000000
lowpoly_plastic
0  0.427635 -1.448919 0.475638  0.959242 0.000000 -0.282586  0.006126 0.765233 1 1 1.000000
0  0.307145 -1.448919 0.066634  0.959242 0.000000 -0.282586  0.006126 0.765552 1 1 1.000000
0  0.307145 -1.358026 0.066634  0.959242 0.000000 -0.282586  0.006196 0.765551 1 1 1.000000
lowpoly_plastic
0  0.307145 -1.358026 0.066634  0.959242 -0.000001 -0.282586  0.006196 0.765551 1 1 1.000000
0  0.451136 -1.358026 0.555416  0.959242 -0.000001 -0.282586  0.006196 0.765171 1 1 1.000000
0  0.427635 -1.448919 0.475638  0.959242 -0.000001 -0.282586  0.006126 0.765233 1 1 1.000000
lowpoly_plastic
0  0.000000 -1.448919 0.957554  0.000000 0.000000 1.000000  0.918570 0.516681 1 1 1.000000
0  0.364950 -1.448919 0.957554  0.000000 0.000000 1.000000  0.918570 0.517456 1 1 1.000000
0  0.364950 -1.358026 0.957554  0.000000 0.000000 1.000000  0.918763 0.517456 1 1 1.000000
lowpoly_plastic
0  0.307145 -1.448919 0.066634  0.000000 0.000000 -1.000000  0.008133 0.765713 1 1 1.000000
0  0.000000 -1.448919 0.066634  0.000000 0.000000 -1.000000  0.008133 0.765477 1 1 1.000000
0  0.000000 -1.358026 0.066634  0.000000 0.000000 -1.000000  0.008063 0.765477 1 1 1.000000
lowpoly_plastic
0  0.296482 -1.243926 0.080891  0.005626 0.000000 -0.999984  0.898704 0.513855 1 1 1.000000
0  0.000000 -1.243926 0.079223  0.005626 0.000000 -0.999984  0.898704 0.513225 1 1 1.000000
0  0.000000 -1.197512 0.079223  0.005626 0.000000 -0.999984  0.898605 0.513225 1 1 1.000000
lowpoly_plastic
0  0.000000 -1.243926 0.944966  0.010776 0.000000 0.999942  0.897454 0.514439 1 1 1.000000
0  0.358137 -1.243926 0.941106  0.010776 0.000000 0.999942  0.897454 0.515199 1 1 1.000000
0  0.358137 -1.197512 0.941106  0.010776 0.000000 0.999942  0.897553 0.515199 1 1 1.000000
lowpoly_plastic
0  0.433516 -1.243926 0.557957  0.961135 0.000000 -0.276079  0.893836 0.514146 1 1 1.000000
0  0.296482 -1.243926 0.080891  0.961135 0.000000 -0.276079  0.893835 0.515173 1 1 1.000000
0  0.296482 -1.197512 0.080891  0.961135 0.000000 -0.276079  0.893934 0.515173 1 1 1.000000
lowpoly_plastic
0  0.358137 -1.243926 0.941106  0.707106 0.000000 0.707107  0.897454 0.515199 1 1 1.000000
0  0.434688 -1.243926 0.864555  0.707106 0.000000 0.707107  0.897454 0.515362 1 1 1.000000
0  0.434688 -1.197512 0.864555  0.707106 0.000000 0.707107  0.897553 0.515362 1 1 1.000000
lowpoly_plastic
0  0.434688 -1.243926 0.864555  0.999993 0.000000 -0.003825  0.893835 0.513495 1 1 1.000000
0  0.433516 -1.243926 0.557957  0.999993 0.000000 -0.003825  0.893836 0.514146 1 1 1.000000
0  0.433516 -1.197512 0.557957  0.999993 0.000000 -0.003825  0.893934 0.514146 1 1 1.000000
lowpoly_plastic
0  0.296482 -1.358026 0.080891  0.005627 0.000000 -0.999984  0.898995 0.511149 1 1 1.000000
0  0.000000 -1.358026 0.079223  0.005627 0.000000 -0.999984  0.898995 0.510520 1 1 1.000000
0  0.000000 -1.313546 0.079223  0.005627 0.000000 -0.999984  0.898901 0.510520 1 1 1.000000
lowpoly_plastic
0  0.000000 -1.358026 0.939751  -0.003784 0.000000 0.999993  0.898605 0.512302 1 1 1.000000
0  0.358137 -1.358026 0.941106  -0.003784 0.000000 0.999993  0.898605 0.513062 1 1 1.000000
0  0.358137 -1.313546 0.941106  -0.003784 0.000000 0.999993  0.898700 0.513062 1 1 1.000000
lowpoly_plastic
0  0.433516 -1.358026 0.557957  0.961135 0.000000 -0.276079  0.898511 0.512952 1 1 1.000000
0  0.296482 -1.358026 0.080891  0.961135 0.000000 -0.276079  0.898510 0.513980 1 1 1.000000
0  0.296482 -1.313546 0.080891  0.961135 0.000000 -0.276079  0.898605 0.513980 1 1 1.000000
lowpoly_plastic
0  0.358137 -1.358026 0.941106  0.707108 0.000000 0.707106  0.898605 0.513062 1 1 1.000000
0  0.434688 -1.358026 0.864555  0.707108 0.000000 0.707106  0.898605 0.513225 1 1 1.000000
0  0.434688 -1.313546 0.864555  0.707108 0.000000 0.707106  0.898700 0.513225 1 1 1.000000
lowpoly_plastic
0  0.434688 -1.358026 0.864555  0.999993 0.000000 -0.003825  0.898510 0.512302 1 1 1.000000
0  0.433516 -1.358026 0.557957  0.999993 0.000000 -0.003825  0.898511 0.512952 1 1 1.000000
0  0.433516 -1.313546 0.557957  0.999993 0.000000 -0.003825  0.898605 0.512952 1 1 1.000000
lowpoly_plastic
0  0.307145 -1.358026 0.066634  0.000000 1.000000 0.000004  0.863679 0.517424 1 1 1.000000
0  0.296482 -1.358026 0.080891  0.000000 1.000000 0.000004  0.863701 0.517394 1 1 1.000000
0  0.433516 -1.358026 0.557957  0.000000 1.000000 0.000004  0.863411 0.516383 1 1 1.000000
lowpoly_plastic
0  0.451136 -1.313546 0.555416  0.000000 -1.000000 0.000000  0.863373 0.516391 1 1 1.000000
0  0.433516 -1.313546 0.557957  0.000000 -1.000000 0.000000  0.863336 0.516386 1 1 1.000000
0  0.296482 -1.313546 0.080891  0.000000 -1.000000 0.000000  0.863045 0.517399 1 1 1.000000
lowpoly_plastic
0  0.364950 -1.313546 0.957554  0.000000 -1.000000 0.000008  0.863190 0.515537 1 1 1.000000
0  0.358137 -1.313546 0.941106  0.000000 -1.000000 0.000008  0.863176 0.515572 1 1 1.000000
0  0.434688 -1.313546 0.864555  0.000000 -1.000000 0.000008  0.863338 0.515735 1 1 1.000000
lowpoly_plastic
0  0.451136 -1.313546 0.871368  0.000000 -1.000000 0.000000  0.863373 0.515720 1 1 1.000000
0  0.434688 -1.313546 0.864555  0.000000 -1.000000 0.000000  0.863338 0.515735 1 1 1.000000
0  0.433516 -1.313546 0.557957  0.000000 -1.000000 0.000000  0.863336 0.516386 1 1 1.000000
lowpoly_plastic
0  0.364950 -1.358026 0.957554  0.000000 1.000000 0.000010  0.863556 0.515537 1 1 1.000000
0  0.358137 -1.358026 0.941106  0.000000 1.000000 0.000010  0.863571 0.515572 1 1 1.000000
0  0.000000 -1.358026 0.939751  0.000000 1.000000 0.000010  0.864331 0.515577 1 1 1.000000
lowpoly_plastic
0  0.000000 -1.358026 0.066634  0.000000 1.000000 0.000000  0.864331 0.517426 1 1 1.000000
0  0.000000 -1.358026 0.079223  0.000000 1.000000 0.000000  0.864331 0.517399 1 1 1.000000
0  0.296482 -1.358026 0.080891  0.000000 1.000000 0.000000  0.863701 0.517394 1 1 1.000000
lowpoly_plastic
0  0.307145 -1.197512 0.066634  0.000000 -1.000000 0.000000  0.863067 0.519321 1 1 1.000000
0  0.296482 -1.197512 0.080891  0.000000 -1.000000 0.000000  0.863045 0.519291 1 1 1.000000
0  0.000000 -1.197512 0.079223  0.000000 -1.000000 0.000000  0.862415 0.519295 1 1 1.000000
lowpoly_plastic
0  0.000000 -1.197512 0.957554  0.000000 -1.000000 0.000000  0.862415 0.517429 1 1 1.000000
0  0.000000 -1.197512 0.944966  0.000000 -1.000000 0.000000  0.862415 0.517456 1 1 1.000000
0  0.358137 -1.197512 0.941106  0.000000 -1.000000 0.000000  0.863176 0.517464 1 1 1.000000
lowpoly_plastic
0  0.451136 -1.243926 0.555416  0.000000 1.000000 0.000000  0.863373 0.518277 1 1 1.000000
0  0.433516 -1.243926 0.557957  0.000000 1.000000 0.000000  0.863411 0.518272 1 1 1.000000
0  0.434688 -1.243926 0.864555  0.000000 1.000000 0.000000  0.863408 0.517623 1 1 1.000000
lowpoly_plastic
0  0.451136 -1.243926 0.871368  0.000000 1.000000 0.000000  0.863373 0.517608 1 1 1.000000
0  0.434688 -1.243926 0.864555  0.000000 1.000000 0.000000  0.863408 0.517623 1 1 1.000000
0  0.358137 -1.243926 0.941106  0.000000 1.000000 0.000000  0.863571 0.517461 1 1 1.000000
lowpoly_plastic
0  0.000000 -1.448919 0.482633  0.000000 -1.000000 -0.000000  0.006289 0.765631 1 1 1.000000
0  0.024307 -1.448919 0.601620  0.000000 -1.000000 -0.000000  0.006308 0.765540 1 1 1.000000
0  0.024510 -1.448919 0.825567  0.000000 -1.000000 -0.000000  0.006308 0.765368 1 1 1.000000
lowpoly_plastic
0  0.000000 -1.448919 0.957554  0.000000 -1.000000 -0.000002  0.006289 0.765267 1 1 1.000000
0  0.024510 -1.448919 0.825567  0.000000 -1.000000 -0.000002  0.006308 0.765368 1 1 1.000000
0  0.218556 -1.448919 0.937364  0.000000 -1.000000 -0.000002  0.006457 0.765282 1 1 1.000000
lowpoly_plastic
0  0.364950 -1.448919 0.957554  0.000000 -1.000000 0.000000  0.006570 0.765267 1 1 1.000000
0  0.218556 -1.448919 0.937364  0.000000 -1.000000 0.000000  0.006457 0.765282 1 1 1.000000
0  0.412398 -1.448919 0.825215  0.000000 -1.000000 0.000000  0.006606 0.765368 1 1 1.000000
lowpoly_plastic
0  0.451136 -1.448919 0.871368  0.000000 -1.000000 -0.000000  0.006636 0.765333 1 1 1.000000
0  0.412398 -1.448919 0.825215  0.000000 -1.000000 -0.000000  0.006606 0.765368 1 1 1.000000
0  0.412195 -1.448919 0.601268  0.000000 -1.000000 -0.000000  0.006606 0.765540 1 1 1.000000
lowpoly_plastic
0  0.451136 -1.448919 0.555416  0.000000 -1.000000 0.000000  0.006636 0.765576 1 1 1.000000
0  0.412195 -1.448919 0.601268  0.000000 -1.000000 0.000000  0.006606 0.765540 1 1 1.000000
0  0.218150 -1.448919 0.489470  0.000000 -1.000000 0.000000  0.006457 0.765626 1 1 1.000000
lowpoly_plastic
0  0.427635 -1.448919 0.475638  0.000000 1.000000 0.000000  0.006618 0.765637 1 1 1.000000
0  0.218150 -1.448919 0.489470  0.000000 1.000000 0.000000  0.006457 0.765626 1 1 1.000000
0  0.024307 -1.448919 0.601620  0.000000 1.000000 0.000000  0.006308 0.765540 1 1 1.000000
lowpoly_metal
0  0.024510 -1.359733 0.825567  0.499215 0.000000 -0.866478  0.055769 0.134676 1 1 1.000000
0  0.024510 -1.270547 0.825567  0.499215 0.000000 -0.866478  0.055703 0.134676 1 1 1.000000
0  0.218556 -1.270547 0.937364  0.499215 0.000000 -0.866478  0.055700 0.134901 1 1 1.000000
lowpoly_metal
0  0.412195 -1.359733 0.601268  -0.499215 0.000000 0.866478  0.055500 0.136559 1 1 1.000000
0  0.412195 -1.270547 0.601268  -0.499215 0.000000 0.866478  0.055830 0.135588 1 1 1.000000
0  0.218150 -1.270547 0.489470  -0.499215 0.000000 0.866478  0.055830 0.135360 1 1 1.000000
lowpoly_metal
0  0.218556 -1.359733 0.937364  -0.500785 0.000000 -0.865572  0.055765 0.134901 1 1 1.000000
0  0.218556 -1.270547 0.937364  -0.500785 0.000000 -0.865572  0.055700 0.134901 1 1 1.000000
0  0.412398 -1.270547 0.825215  -0.500785 0.000000 -0.865572  0.055703 0.135132 1 1 1.000000
lowpoly_metal
0  0.024307 -1.359733 0.601620  1.000000 0.000000 -0.000907  0.054764 0.136331 1 1 1.000000
0  0.024307 -1.270547 0.601620  1.000000 0.000000 -0.000907  0.053828 0.137531 1 1 1.000000
0  0.024510 -1.270547 0.825567  1.000000 0.000000 -0.000907  0.053828 0.137268 1 1 1.000000
lowpoly_metal
0  0.218150 -1.359733 0.489470  0.500785 0.000000 0.865572  0.055765 0.135360 1 1 1.000000
0  0.218150 -1.270547 0.489470  0.500785 0.000000 0.865572  0.055830 0.135360 1 1 1.000000
0  0.024307 -1.270547 0.601620  0.500785 0.000000 0.865572  0.055830 0.135132 1 1 1.000000
lowpoly_plastic
0  0.387471 -1.575766 0.339304  0.000000 -1.000000 0.000001  0.007810 0.765566 1 1 1.000000
0  0.216425 -1.575766 0.341362  0.000000 -1.000000 0.000001  0.007809 0.765435 1 1 1.000000
0  0.289654 -1.575766 0.271136  0.000000 -1.000000 0.000001  0.007756 0.765492 1 1 1.000000
lowpoly_plastic
0  0.216425 -1.575766 0.341362  0.000000 -1.000000 -0.000003  0.007809 0.765435 1 1 1.000000
0  0.255960 -1.575766 0.272885  0.000000 -1.000000 -0.000003  0.007757 0.765466 1 1 1.000000
0  0.289654 -1.575766 0.271136  0.000000 -1.000000 -0.000003  0.007756 0.765492 1 1 1.000000
lowpoly_plastic
0  0.034463 -1.575766 0.274217  0.000000 -1.000000 0.000000  0.007755 0.765296 1 1 1.000000
0  0.074217 -1.575766 0.343073  0.000000 -1.000000 0.000000  0.007809 0.765326 1 1 1.000000
0  0.000000 -1.575766 0.343966  0.000000 -1.000000 0.000000  0.007809 0.765269 1 1 1.000000
lowpoly_plastic
0  0.347308 -1.575766 0.202969  0.000000 -1.000000 0.000002  0.007705 0.765537 1 1 1.000000
0  0.216103 -1.575766 0.203850  0.000000 -1.000000 0.000002  0.007704 0.765437 1 1 1.000000
0  0.307145 -1.575766 0.066634  0.000000 -1.000000 0.000002  0.007599 0.765508 1 1 1.000000
lowpoly_plastic
0  0.216103 -1.575766 0.203850  0.000000 -1.000000 0.000000  0.007704 0.765437 1 1 1.000000
0  0.200393 -1.575766 0.176641  0.000000 -1.000000 0.000000  0.007683 0.765425 1 1 1.000000
0  0.307145 -1.575766 0.066634  0.000000 -1.000000 0.000000  0.007599 0.765508 1 1 1.000000
lowpoly_plastic
0  0.089260 -1.575766 0.176641  0.000000 -1.000000 0.000000  0.007681 0.765340 1 1 1.000000
0  0.072997 -1.575766 0.204810  0.000000 -1.000000 0.000000  0.007703 0.765327 1 1 1.000000
0  0.000000 -1.575766 0.131038  0.000000 -1.000000 0.000000  0.007645 0.765272 1 1 1.000000
lowpoly_plastic
0  0.072997 -1.575766 0.204810  0.000000 -1.000000 0.000000  0.007703 0.765327 1 1 1.000000
0  0.000000 -1.575766 0.205300  0.000000 -1.000000 0.000000  0.007702 0.765271 1 1 1.000000
0  0.000000 -1.575766 0.131038  0.000000 -1.000000 0.000000  0.007645 0.765272 1 1 1.000000
lowpoly_plastic
0  0.307145 -1.575766 0.066634  0.000000 -1.000000 0.000001  0.007599 0.765508 1 1 1.000000
0  0.200393 -1.575766 0.176641  0.000000 -1.000000 0.000001  0.007683 0.765425 1 1 1.000000
0  0.185743 -1.575766 0.066634  0.000000 -1.000000 0.000001  0.007598 0.765415 1 1 1.000000
lowpoly_plastic
0  0.200393 -1.575766 0.176641  0.000000 -1.000000 0.000000  0.007683 0.765425 1 1 1.000000
0  0.089260 -1.575766 0.176641  0.000000 -1.000000 0.000000  0.007681 0.765340 1 1 1.000000
0  0.185743 -1.575766 0.066634  0.000000 -1.000000 0.000000  0.007598 0.765415 1 1 1.000000
lowpoly_plastic
0  0.289654 -1.448919 0.271136  0.763529 0.000000 0.645773  0.029995 0.800392 1 1 1.000000
0  0.289654 -1.575766 0.271136  0.763529 0.000000 0.645773  0.029726 0.800392 1 1 1.000000
0  0.347308 -1.575766 0.202969  0.763529 0.000000 0.645773  0.029726 0.800530 1 1 1.000000
lowpoly_plastic
0  0.427635 -1.448919 0.475638  0.959242 0.000000 -0.282586  0.007832 0.763784 1 1 1.000000
0  0.427635 -1.575766 0.475638  0.959242 0.000000 -0.282586  0.007735 0.763785 1 1 1.000000
0  0.387471 -1.575766 0.339304  0.959242 0.000000 -0.282586  0.007735 0.763891 1 1 1.000000
lowpoly_plastic
0  0.000000 -1.448919 0.482633  0.016354 0.000000 0.999866  0.028462 0.777615 1 1 1.000000
0  0.000000 -1.575766 0.482633  0.016354 0.000000 0.999866  0.028193 0.777615 1 1 1.000000
0  0.427635 -1.575766 0.475638  0.016354 0.000000 0.999866  0.028193 0.778523 1 1 1.000000
lowpoly_plastic
0  0.000000 -1.575766 0.343966  0.000000 -1.000000 0.000002  0.007809 0.765269 1 1 1.000000
0  0.074217 -1.575766 0.343073  0.000000 -1.000000 0.000002  0.007809 0.765326 1 1 1.000000
0  0.089260 -1.575766 0.369129  0.000000 -1.000000 0.000002  0.007829 0.765337 1 1 1.000000
lowpoly_plastic
0  0.200393 -1.575766 0.369129  0.000000 -1.000000 0.000000  0.007830 0.765422 1 1 1.000000
0  0.216425 -1.575766 0.341362  0.000000 -1.000000 0.000000  0.007809 0.765435 1 1 1.000000
0  0.387471 -1.575766 0.339304  0.000000 -1.000000 0.000000  0.007810 0.765566 1 1 1.000000
lowpoly_plastic
0  0.000000 -1.575766 0.482633  0.000000 -1.000000 0.000000  0.007915 0.765267 1 1 1.000000
0  0.000000 -1.575766 0.343966  0.000000 -1.000000 0.000000  0.007809 0.765269 1 1 1.000000
0  0.089260 -1.575766 0.369129  0.000000 -1.000000 0.000000  0.007829 0.765337 1 1 1.000000
lowpoly_plastic
0  0.200393 -1.575766 0.369129  0.000000 -1.000000 0.000001  0.007830 0.765422 1 1 1.000000
0  0.387471 -1.575766 0.339304  0.000000 -1.000000 0.000001  0.007810 0.765566 1 1 1.000000
0  0.427635 -1.575766 0.475638  0.000000 -1.000000 0.000001  0.007915 0.765596 1 1 1.000000
lowpoly_plastic
0  0.000000 -1.575766 0.482633  0.000000 -1.000000 0.000000  0.007915 0.765267 1 1 1.000000
0  0.089260 -1.575766 0.369129  0.000000 -1.000000 0.000000  0.007829 0.765337 1 1 1.000000
0  0.200393 -1.575766 0.369129  0.000000 -1.000000 0.000000  0.007830 0.765422 1 1 1.000000
lowpoly_plastic
0  0.185743 -1.448919 0.066634  -0.327601 0.000000 -0.944816  0.032933 0.777402 1 1 1.000000
0  0.185743 -1.575766 0.066634  -0.327601 0.000000 -0.944816  0.033202 0.777403 1 1 1.000000
0  0.000000 -1.575766 0.131038  -0.327601 0.000000 -0.944816  0.033201 0.777006 1 1 1.000000
lowpoly_plastic
0  0.347308 -1.448919 0.202969  0.959242 0.000000 -0.282586  0.006224 0.765601 1 1 1.000000
0  0.347308 -1.575766 0.202969  0.959242 0.000000 -0.282586  0.006126 0.765601 1 1 1.000000
0  0.307145 -1.575766 0.066634  0.959242 0.000000 -0.282586  0.006126 0.765708 1 1 1.000000
lowpoly_plastic
0  0.387471 -1.448919 0.339304  0.571745 0.000000 -0.820431  0.034444 0.795505 1 1 1.000000
0  0.387471 -1.575766 0.339304  0.571745 0.000000 -0.820431  0.034444 0.795774 1 1 1.000000
0  0.289654 -1.575766 0.271136  0.571745 0.000000 -0.820431  0.034649 0.795779 1 1 1.000000
lowpoly_plastic
0  0.255191 -1.575766 0.271552  0.000000 -1.000000 -0.000003  0.007756 0.765466 1 1 1.000000
0  0.216103 -1.575766 0.203850  0.000000 -1.000000 -0.000003  0.007704 0.765437 1 1 1.000000
0  0.347308 -1.575766 0.202969  0.000000 -1.000000 -0.000003  0.007705 0.765537 1 1 1.000000
lowpoly_plastic
0  0.000000 -1.575766 0.274633  0.000000 -1.000000 0.000000  0.007755 0.765270 1 1 1.000000
0  0.000000 -1.575766 0.205300  0.000000 -1.000000 0.000000  0.007702 0.765271 1 1 1.000000
0  0.033694 -1.575766 0.272885  0.000000 -1.000000 0.000000  0.007754 0.765296 1 1 1.000000
lowpoly_plastic
0  0.000000 -1.575766 0.205300  0.000000 -1.000000 0.000002  0.007702 0.765271 1 1 1.000000
0  0.072997 -1.575766 0.204810  0.000000 -1.000000 0.000002  0.007703 0.765327 1 1 1.000000
0  0.033694 -1.575766 0.272885  0.000000 -1.000000 0.000002  0.007754 0.765296 1 1 1.000000
lowpoly_metal
0  0.255960 -1.548764 0.272885  0.000000 -1.000000 0.000000  0.858217 0.861421 1 1 1.000000
0  0.200393 -1.548764 0.369129  0.000000 -1.000000 0.000000  0.858012 0.861539 1 1 1.000000
0  0.089260 -1.548764 0.369129  0.000000 -1.000000 0.000000  0.858012 0.861775 1 1 1.000000
lowpoly_metal
0  0.089260 -1.548764 0.369129  0.000000 -1.000000 0.000003  0.858012 0.861775 1 1 1.000000
0  0.033694 -1.548764 0.272885  0.000000 -1.000000 0.000003  0.858217 0.861893 1 1 1.000000
0  0.255960 -1.548764 0.272885  0.000000 -1.000000 0.000003  0.858217 0.861421 1 1 1.000000
lowpoly_metal
0  0.033694 -1.548764 0.272885  0.000000 -1.000000 0.000000  0.858217 0.861893 1 1 1.000000
0  0.089260 -1.548764 0.176641  0.000000 -1.000000 0.000000  0.858421 0.861775 1 1 1.000000
0  0.255960 -1.548764 0.272885  0.000000 -1.000000 0.000000  0.858217 0.861421 1 1 1.000000
lowpoly_plastic
0  0.089260 -1.548764 0.176641  0.866024 0.000000 0.500002  0.032531 0.878146 1 1 1.000000
0  0.033694 -1.548764 0.272885  0.866024 0.000000 0.500002  0.032530 0.877948 1 1 1.000000
0  0.072997 -1.575766 0.204810  0.866024 0.000000 0.500002  0.032473 0.878088 1 1 1.000000
lowpoly_plastic
0  0.033694 -1.548764 0.272885  0.866026 0.000000 0.499999  0.032530 0.877948 1 1 1.000000
0  0.033694 -1.575766 0.272885  0.866026 0.000000 0.499999  0.032473 0.877948 1 1 1.000000
0  0.072997 -1.575766 0.204810  0.866026 0.000000 0.499999  0.032473 0.878088 1 1 1.000000
lowpoly_plastic
0  0.200393 -1.575766 0.369129  0.000000 0.000000 -1.000000  0.031155 0.879228 1 1 1.000000
0  0.089260 -1.575766 0.369129  0.000000 0.000000 -1.000000  0.031155 0.878992 1 1 1.000000
0  0.089260 -1.548764 0.369129  0.000000 0.000000 -1.000000  0.031098 0.878992 1 1 1.000000
lowpoly_plastic
0  0.255191 -1.575766 0.271552  -0.866018 0.000000 0.500014  0.031155 0.878569 1 1 1.000000
0  0.255960 -1.575766 0.272885  -0.866018 0.000000 0.500014  0.031155 0.878566 1 1 1.000000
0  0.255960 -1.548764 0.272885  -0.866018 0.000000 0.500014  0.031098 0.878566 1 1 1.000000
lowpoly_plastic
0  0.255960 -1.548764 0.272885  -0.866024 0.000000 0.500002  0.031098 0.878566 1 1 1.000000
0  0.200393 -1.548764 0.176641  -0.866024 0.000000 0.500002  0.031102 0.878756 1 1 1.000000
0  0.216103 -1.575766 0.203850  -0.866024 0.000000 0.500002  0.031158 0.878702 1 1 1.000000
lowpoly_plastic
0  0.200393 -1.548764 0.176641  -0.866026 0.000000 0.499999  0.031102 0.878756 1 1 1.000000
0  0.200393 -1.575766 0.176641  -0.866026 0.000000 0.499999  0.031160 0.878756 1 1 1.000000
0  0.216103 -1.575766 0.203850  -0.866026 0.000000 0.499999  0.031158 0.878702 1 1 1.000000
lowpoly_plastic
0  0.089260 -1.575766 0.176641  0.000000 0.000000 1.000000  0.031098 0.878756 1 1 1.000000
0  0.200393 -1.575766 0.176641  0.000000 0.000000 1.000000  0.031098 0.878992 1 1 1.000000
0  0.200393 -1.548764 0.176641  0.000000 0.000000 1.000000  0.031155 0.878992 1 1 1.000000
lowpoly_plastic
0  0.033694 -1.548764 0.272885  0.866025 0.000000 -0.500000  0.032530 0.877948 1 1 1.000000
0  0.089260 -1.548764 0.369129  0.866025 0.000000 -0.500000  0.032531 0.877738 1 1 1.000000
0  0.074217 -1.575766 0.343073  0.866025 0.000000 -0.500000  0.032473 0.877795 1 1 1.000000
lowpoly_plastic
0  0.089260 -1.548764 0.369129  0.866027 0.000000 -0.499998  0.032531 0.877738 1 1 1.000000
0  0.089260 -1.575766 0.369129  0.866027 0.000000 -0.499998  0.032474 0.877738 1 1 1.000000
0  0.074217 -1.575766 0.343073  0.866027 0.000000 -0.499998  0.032473 0.877795 1 1 1.000000
lowpoly_plastic
0  0.034463 -1.575766 0.274217  0.866030 0.000000 -0.499992  0.032473 0.877945 1 1 1.000000
0  0.033694 -1.575766 0.272885  0.866030 0.000000 -0.499992  0.032473 0.877948 1 1 1.000000
0  0.033694 -1.548764 0.272885  0.866030 0.000000 -0.499992  0.032530 0.877948 1 1 1.000000
lowpoly_plastic
0  0.255960 -1.548764 0.272885  -0.866026 0.000000 -0.499999  0.031098 0.878566 1 1 1.000000
0  0.255960 -1.575766 0.272885  -0.866026 0.000000 -0.499999  0.031155 0.878566 1 1 1.000000
0  0.216425 -1.575766 0.341362  -0.866026 0.000000 -0.499999  0.031158 0.878412 1 1 1.000000
lowpoly_plastic
0  0.216425 -1.575766 0.341362  -0.866026 0.000000 -0.500000  0.031158 0.878412 1 1 1.000000
0  0.200393 -1.575766 0.369129  -0.866026 0.000000 -0.500000  0.031160 0.878350 1 1 1.000000
0  0.200393 -1.548764 0.369129  -0.866026 0.000000 -0.500000  0.031102 0.878350 1 1 1.000000
lowpoly_plastic
0  0.307145 -1.448919 0.066634  0.000000 0.000000 -1.000000  0.006142 0.763826 1 1 1.000000
0  0.307145 -1.575766 0.066634  0.000000 0.000000 -1.000000  0.006240 0.763827 1 1 1.000000
0  0.185743 -1.575766 0.066634  0.000000 0.000000 -1.000000  0.006240 0.763734 1 1 1.000000
lowpoly_plastic
0  0.405960 -0.882710 0.402062  -0.000001 0.000000 1.000000  0.044069 0.823322 1 1 1.000000
0  0.405960 -1.155727 0.402062  -0.000001 0.000000 1.000000  0.044069 0.823902 1 1 1.000000
0  0.630782 -1.155727 0.402062  -0.000001 0.000000 1.000000  0.044547 0.823902 1 1 1.000000
lowpoly_plastic
0  0.630782 -1.155727 0.402062  0.000000 -1.000000 0.000000  0.044069 0.823902 1 1 1.000000
0  0.405960 -1.155727 0.402062  0.000000 -1.000000 0.000000  0.044069 0.824379 1 1 1.000000
0  0.630782 -1.155727 0.255015  0.000000 -1.000000 0.000000  0.044382 0.823902 1 1 1.000000
lowpoly_plastic
0  0.405960 -1.155727 0.402062  0.000000 -1.000000 -0.000001  0.044069 0.824379 1 1 1.000000
0  0.345607 -1.155727 0.197195  0.000000 -1.000000 -0.000001  0.044505 0.824507 1 1 1.000000
0  0.572962 -1.155727 0.197195  0.000000 -1.000000 -0.000001  0.044505 0.824025 1 1 1.000000
lowpoly_plastic
0  0.572962 -0.882710 0.197195  0.000000 0.000000 -1.000000  0.044069 0.822742 1 1 1.000000
0  0.572962 -1.155727 0.197195  0.000000 0.000000 -1.000000  0.044069 0.823322 1 1 1.000000
0  0.345607 -1.155727 0.197195  0.000000 0.000000 -1.000000  0.044552 0.823322 1 1 1.000000
lowpoly_plastic
0  0.630782 -0.882710 0.255015  0.707107 0.000000 -0.707107  0.007962 0.765477 1 1 1.000000
0  0.630782 -1.155727 0.255015  0.707107 0.000000 -0.707107  0.007962 0.765267 1 1 1.000000
0  0.572962 -1.155727 0.197195  0.707107 0.000000 -0.707107  0.007915 0.765267 1 1 1.000000
lowpoly_plastic
0  0.630782 -0.882710 0.402062  1.000000 0.000000 0.000000  0.007129 0.764963 1 1 1.000000
0  0.630782 -1.155727 0.402062  1.000000 0.000000 0.000000  0.007129 0.764753 1 1 1.000000
0  0.630782 -1.155727 0.255015  1.000000 0.000000 0.000000  0.007016 0.764753 1 1 1.000000
lowpoly_plastic
0  0.415868 1.166440 0.267069  0.533037 0.443202 -0.720724  0.056906 0.623744 1 1 1.000000
0  0.500419 1.200631 0.350628  0.533037 0.443202 -0.720724  0.056737 0.623835 1 1 1.000000
0  0.522693 0.983747 0.233730  0.533037 0.443202 -0.720724  0.057075 0.624163 1 1 1.000000
lowpoly_plastic
0  0.500419 1.200631 0.350628  0.533038 0.443201 -0.720724  0.056737 0.623835 1 1 1.000000
0  0.596107 1.126380 0.375737  0.533038 0.443201 -0.720724  0.056737 0.624090 1 1 1.000000
0  0.522693 0.983747 0.233730  0.533038 0.443201 -0.720724  0.057075 0.624163 1 1 1.000000
lowpoly_plastic
0  0.596107 1.126380 0.375737  0.533038 0.443201 -0.720724  0.056737 0.624090 1 1 1.000000
0  0.607244 1.017938 0.317289  0.533038 0.443201 -0.720724  0.056906 0.624254 1 1 1.000000
0  0.522693 0.983747 0.233730  0.533038 0.443201 -0.720724  0.057075 0.624163 1 1 1.000000
lowpoly_plastic
0  0.607244 1.017938 0.317289  0.498617 -0.852740 -0.155612  0.065396 0.750673 1 1 1.000000
0  0.569050 0.986181 0.368931  0.498617 -0.852740 -0.155612  0.065259 0.750686 1 1 1.000000
0  0.484499 0.951990 0.285373  0.498617 -0.852740 -0.155612  0.065317 0.750933 1 1 1.000000
lowpoly_plastic
0  0.427004 1.057998 0.208621  -0.841287 0.186987 -0.507220  0.065981 0.749574 1 1 1.000000
0  0.388810 1.026241 0.260263  -0.841287 0.186987 -0.507220  0.066118 0.749579 1 1 1.000000
0  0.377674 1.134683 0.318712  -0.841287 0.186987 -0.507220  0.066118 0.749317 1 1 1.000000
lowpoly_plastic
0  0.500419 1.200631 0.350628  0.342672 0.665757 0.662831  0.065503 0.750875 1 1 1.000000
0  0.462225 1.168874 0.402270  0.342672 0.665757 0.662831  0.065644 0.750885 1 1 1.000000
0  0.557913 1.094623 0.427380  0.342672 0.665757 0.662831  0.065595 0.750683 1 1 1.000000
lowpoly_plastic
0  0.596107 1.126380 0.375737  0.841287 -0.186986 0.507220  0.066159 0.745664 1 1 1.000000
0  0.557913 1.094623 0.427380  0.841287 -0.186986 0.507220  0.066034 0.745674 1 1 1.000000
0  0.569050 0.986181 0.368931  0.841287 -0.186986 0.507220  0.066034 0.745935 1 1 1.000000
lowpoly_plastic
0  0.522693 0.983747 0.233730  -0.342671 -0.665753 -0.662834  0.065454 0.750919 1 1 1.000000
0  0.484499 0.951990 0.285373  -0.342671 -0.665753 -0.662834  0.065317 0.750933 1 1 1.000000
0  0.388810 1.026241 0.260263  -0.342671 -0.665753 -0.662834  0.065259 0.751132 1 1 1.000000
lowpoly_plastic
0  0.415868 1.166440 0.267069  -0.498616 0.852741 0.155613  0.065454 0.751121 1 1 1.000000
0  0.377674 1.134683 0.318712  -0.498616 0.852741 0.155613  0.065595 0.751131 1 1 1.000000
0  0.462225 1.168874 0.402270  -0.498616 0.852741 0.155613  0.065644 0.750885 1 1 1.000000
lowpoly_plastic
0  0.502226 -0.882710 0.066634  0.999993 0.000000 0.003860  0.006343 0.763883 1 1 1.000000
0  0.503335 -0.882710 -0.220653  0.999993 0.000000 0.003860  0.006098 0.763769 1 1 1.000000
0  0.503334 0.379559 -0.220653  0.999993 0.000000 0.003860  0.006098 0.763078 1 1 1.000000
lowpoly_plastic
0  0.503335 -0.882710 -0.220653  0.003933 0.000000 -0.999992  0.007009 0.765208 1 1 1.000000
0  0.342740 -0.882710 -0.221285  0.003933 0.000000 -0.999992  0.006868 0.765208 1 1 1.000000
0  0.342739 0.379559 -0.221284  0.003933 0.000000 -0.999992  0.006868 0.764516 1 1 1.000000
lowpoly_plastic
0  0.342740 -0.882710 -0.221285  -0.566366 -0.000000 0.824154  0.017280 0.877015 1 1 1.000000
0  0.416572 -0.882710 -0.170546  -0.566366 -0.000000 0.824154  0.017365 0.876977 1 1 1.000000
0  0.416571 0.379559 -0.170546  -0.566366 -0.000000 0.824154  0.017365 0.877745 1 1 1.000000
lowpoly_plastic
0  0.416572 -0.882710 -0.170546  -0.693854 -0.000000 -0.720116  0.017720 0.877781 1 1 1.000000
0  0.236277 -0.882710 0.003173  -0.693854 -0.000000 -0.720116  0.017636 0.877821 1 1 1.000000
0  0.236276 0.379559 0.003173  -0.693854 -0.000000 -0.720116  0.017636 0.876977 1 1 1.000000
lowpoly_plastic
0  0.236277 -0.882710 0.003173  0.004210 0.000000 -0.999991  0.017636 0.876977 1 1 1.000000
0  -0.236276 -0.882710 0.001184  0.004210 0.000000 -0.999991  0.017194 0.876977 1 1 1.000000
0  -0.236277 0.379559 0.001184  0.004210 0.000000 -0.999991  0.017194 0.876132 1 1 1.000000
lowpoly_plastic
0  -0.416572 0.379559 -0.170546  0.689698 0.000001 -0.724097  0.017636 0.876169 1 1 1.000000
0  -0.236277 0.379559 0.001184  0.689698 0.000001 -0.724097  0.017720 0.876132 1 1 1.000000
0  -0.236276 -0.882710 0.001184  0.689698 0.000001 -0.724097  0.017720 0.876977 1 1 1.000000
lowpoly_plastic
0  -0.342740 0.379559 -0.223194  0.580585 -0.000000 0.814200  0.017280 0.877707 1 1 1.000000
0  -0.416572 0.379559 -0.170546  0.580585 -0.000000 0.814200  0.017194 0.877745 1 1 1.000000
0  -0.416572 -0.882710 -0.170546  0.580585 -0.000000 0.814200  0.017194 0.876977 1 1 1.000000
lowpoly_plastic
0  -0.501535 0.379559 -0.223826  0.003981 0.000000 -0.999992  0.007227 0.762968 1 1 1.000000
0  -0.342740 0.379559 -0.223194  0.003981 0.000000 -0.999992  0.007368 0.762968 1 1 1.000000
0  -0.342739 -0.882710 -0.223194  0.003981 0.000000 -0.999992  0.007368 0.763660 1 1 1.000000
lowpoly_plastic
0  -0.502643 0.379559 0.066634  -0.999993 -0.000001 -0.003816  0.005851 0.762968 1 1 1.000000
0  -0.501535 0.379559 -0.223826  -0.999993 -0.000001 -0.003816  0.006098 0.763078 1 1 1.000000
0  -0.501534 -0.882710 -0.223826  -0.999993 -0.000001 -0.003816  0.006098 0.763769 1 1 1.000000
lowpoly_plastic
0  0.416571 0.379559 -0.170546  0.000000 1.000000 0.000000  0.006079 0.763938 1 1 1.000000
0  0.236276 0.379559 0.003173  0.000000 1.000000 0.000000  0.005988 0.764015 1 1 1.000000
0  0.502226 0.379559 0.066634  0.000000 1.000000 0.000000  0.005905 0.763883 1 1 1.000000
lowpoly_plastic
0  -0.236277 0.379559 0.001184  0.000000 1.000000 0.000000  0.005988 0.764456 1 1 1.000000
0  -0.416572 0.379559 -0.170546  0.000000 1.000000 0.000000  0.006079 0.764533 1 1 1.000000
0  -0.501535 0.379559 -0.223826  0.000000 1.000000 0.000000  0.006171 0.764587 1 1 1.000000
lowpoly_plastic
0  0.236276 0.379559 0.003173  0.000000 1.000000 0.000001  0.005988 0.764015 1 1 1.000000
0  -0.236277 0.379559 0.001184  0.000000 1.000000 0.000001  0.005988 0.764456 1 1 1.000000
0  -0.442402 0.379559 0.066634  0.000000 1.000000 0.000001  0.005904 0.764353 1 1 1.000000
lowpoly_plastic
0  -0.236277 0.379559 0.001184  0.000000 1.000000 0.000002  0.005988 0.764456 1 1 1.000000
0  -0.502643 0.379559 0.066634  0.000000 1.000000 0.000002  0.005903 0.764587 1 1 1.000000
0  -0.442402 0.379559 0.066634  0.000000 1.000000 0.000002  0.005904 0.764353 1 1 1.000000
lowpoly_plastic
0  -0.442402 0.379559 0.066634  0.000000 1.000000 -0.000001  0.005904 0.764353 1 1 1.000000
0  0.442401 0.379559 0.066634  0.000000 1.000000 -0.000001  0.005905 0.764118 1 1 1.000000
0  0.236276 0.379559 0.003173  0.000000 1.000000 -0.000001  0.005988 0.764015 1 1 1.000000
lowpoly_plastic
0  -0.236276 -0.882710 0.001184  0.000000 -1.000000 -0.000004  0.005390 0.764456 1 1 1.000000
0  0.236277 -0.882710 0.003173  0.000000 -1.000000 -0.000004  0.005390 0.764015 1 1 1.000000
0  -0.442401 -0.882710 0.066634  0.000000 -1.000000 -0.000004  0.005474 0.764353 1 1 1.000000
lowpoly_plastic
0  0.236277 -0.882710 0.003173  0.000000 -1.000000 0.000002  0.005390 0.764015 1 1 1.000000
0  0.502226 -0.882710 0.066634  0.000000 -1.000000 0.000002  0.005473 0.763883 1 1 1.000000
0  0.442401 -0.882710 0.066634  0.000000 -1.000000 0.000002  0.005473 0.764118 1 1 1.000000
lowpoly_plastic
0  0.442401 -0.882710 0.066634  0.000000 -1.000000 0.000002  0.005473 0.764118 1 1 1.000000
0  -0.442401 -0.882710 0.066634  0.000000 -1.000000 0.000002  0.005474 0.764353 1 1 1.000000
0  0.236277 -0.882710 0.003173  0.000000 -1.000000 0.000002  0.005390 0.764015 1 1 1.000000
lowpoly_plastic
0  0.502226 -0.882710 0.066634  0.000000 -1.000000 0.000000  0.005473 0.763883 1 1 1.000000
0  0.236277 -0.882710 0.003173  0.000000 -1.000000 0.000000  0.005390 0.764015 1 1 1.000000
0  0.416572 -0.882710 -0.170546  0.000000 -1.000000 0.000000  0.005299 0.763938 1 1 1.000000
lowpoly_plastic
0  -0.236276 -0.882710 0.001184  0.000000 -1.000000 0.000000  0.005390 0.764456 1 1 1.000000
0  -0.502643 -0.882710 0.066634  0.000000 -1.000000 0.000000  0.005475 0.764587 1 1 1.000000
0  -0.501534 -0.882710 -0.223826  0.000000 -1.000000 0.000000  0.005208 0.764587 1 1 1.000000
lowpoly_metal
0  -0.519531 -0.100440 -0.027128  -0.000000 0.866026 0.499999  0.004591 0.737949 1 1 1.000000
0  -0.597829 -0.100440 -0.027128  -0.000000 0.866026 0.499999  0.004653 0.737949 1 1 1.000000
0  -0.597829 -0.161721 0.079014  -0.000000 0.866026 0.499999  0.004652 0.738037 1 1 1.000000
lowpoly_metal
0  -0.519531 -0.161721 0.079014  -0.000000 0.000000 1.000000  0.007077 0.737702 1 1 1.000000
0  -0.597829 -0.161721 0.079014  -0.000000 0.000000 1.000000  0.007139 0.737702 1 1 1.000000
0  -0.597829 -0.284284 0.079014  -0.000000 0.000000 1.000000  0.007139 0.737799 1 1 1.000000
lowpoly_metal
0  -0.519531 -0.284284 0.079014  -0.000000 -0.866025 0.500000  0.004590 0.738037 1 1 1.000000
0  -0.597829 -0.284284 0.079014  -0.000000 -0.866025 0.500000  0.004528 0.738037 1 1 1.000000
0  -0.597829 -0.345565 -0.027128  -0.000000 -0.866025 0.500000  0.004528 0.737952 1 1 1.000000
lowpoly_metal
0  -0.519531 -0.345565 -0.027128  0.000000 -0.866025 -0.500001  0.004590 0.737952 1 1 1.000000
0  -0.597829 -0.345565 -0.027128  0.000000 -0.866025 -0.500001  0.004528 0.737952 1 1 1.000000
0  -0.597829 -0.284284 -0.133270  0.000000 -0.866025 -0.500001  0.004528 0.737869 1 1 1.000000
lowpoly_metal
0  -0.597829 -0.284284 0.079014  -1.000000 0.000000 -0.000001  0.007528 0.735912 1 1 1.000000
0  -0.597829 -0.161721 0.079014  -1.000000 0.000000 -0.000001  0.007444 0.735961 1 1 1.000000
0  -0.597829 -0.100440 -0.027128  -1.000000 0.000000 -0.000001  0.007360 0.735912 1 1 1.000000
lowpoly_metal
0  -0.597829 -0.100440 -0.027128  -1.000000 0.000000 0.000000  0.007360 0.735912 1 1 1.000000
0  -0.597829 -0.161721 -0.133270  -1.000000 0.000000 0.000000  0.007360 0.735815 1 1 1.000000
0  -0.597829 -0.284284 -0.133270  -1.000000 0.000000 0.000000  0.007444 0.735767 1 1 1.000000
lowpoly_metal
0  -0.597829 -0.284284 -0.133270  -1.000000 -0.000001 -0.000001  0.007444 0.735767 1 1 1.000000
0  -0.597829 -0.345565 -0.027128  -1.000000 -0.000001 -0.000001  0.007528 0.735815 1 1 1.000000
0  -0.597829 -0.284284 0.079014  -1.000000 -0.000001 -0.000001  0.007528 0.735912 1 1 1.000000
lowpoly_metal
0  -0.519531 -0.284284 -0.133270  0.000000 0.000000 -1.000000  0.007139 0.737702 1 1 1.000000
0  -0.597829 -0.284284 -0.133270  0.000000 0.000000 -1.000000  0.007201 0.737702 1 1 1.000000
0  -0.597829 -0.161721 -0.133270  0.000000 0.000000 -1.000000  0.007201 0.737799 1 1 1.000000
lowpoly_metal
0  -0.519531 -0.161721 -0.133270  0.000000 0.866025 -0.500000  0.004590 0.737869 1 1 1.000000
0  -0.597829 -0.161721 -0.133270  0.000000 0.866025 -0.500000  0.004652 0.737869 1 1 1.000000
0  -0.597829 -0.100440 -0.027128  0.000000 0.866025 -0.500000  0.004653 0.737949 1 1 1.000000
lowpoly_metal
0  -0.519531 -0.189782 -0.084668  0.000000 0.866025 -0.500001  0.004619 0.737868 1 1 1.000000
0  -0.519531 -0.156561 -0.027128  0.000000 0.866025 -0.500001  0.004575 0.737869 1 1 1.000000
0  0.550622 -0.156561 -0.027128  0.000000 0.866025 -0.500001  0.004577 0.737022 1 1 1.000000
lowpoly_metal
0  -0.519531 -0.194623 0.030412  1.000000 0.000000 0.000000  0.007654 0.735892 1 1 1.000000
0  -0.519531 -0.156561 -0.027128  1.000000 0.000000 0.000000  0.007657 0.735837 1 1 1.000000
0  -0.519531 -0.100440 -0.027128  1.000000 0.000000 0.000000  0.007696 0.735815 1 1 1.000000
lowpoly_metal
0  -0.519531 -0.251146 0.030412  1.000000 0.000000 0.000000  0.007615 0.735914 1 1 1.000000
0  -0.519531 -0.194623 0.030412  1.000000 0.000000 0.000000  0.007654 0.735892 1 1 1.000000
0  -0.519531 -0.161721 0.079014  1.000000 0.000000 0.000000  0.007696 0.735912 1 1 1.000000
lowpoly_metal
0  -0.519531 -0.289444 -0.027128  1.000000 0.000001 0.000000  0.007566 0.735890 1 1 1.000000
0  -0.519531 -0.251146 0.030412  1.000000 0.000001 0.000000  0.007615 0.735914 1 1 1.000000
0  -0.519531 -0.284284 0.079014  1.000000 0.000001 0.000000  0.007612 0.735961 1 1 1.000000
lowpoly_metal
0  -0.519531 -0.256224 -0.084668  1.000000 0.000000 0.000000  0.007566 0.735837 1 1 1.000000
0  -0.519531 -0.289444 -0.027128  1.000000 0.000000 0.000000  0.007566 0.735890 1 1 1.000000
0  -0.519531 -0.345565 -0.027128  1.000000 0.000000 0.000000  0.007528 0.735912 1 1 1.000000
lowpoly_metal
0  -0.519531 -0.189782 -0.084668  1.000000 0.000000 0.000000  0.007612 0.735811 1 1 1.000000
0  -0.519531 -0.256224 -0.084668  1.000000 0.000000 0.000000  0.007566 0.735837 1 1 1.000000
0  -0.519531 -0.284284 -0.133270  1.000000 0.000000 0.000000  0.007528 0.735815 1 1 1.000000
lowpoly_metal
0  -0.519531 -0.156561 -0.027128  1.000000 0.000001 0.000000  0.007657 0.735837 1 1 1.000000
0  -0.519531 -0.189782 -0.084668  1.000000 0.000001 0.000000  0.007612 0.735811 1 1 1.000000
0  -0.519531 -0.161721 -0.133270  1.000000 0.000001 0.000000  0.007612 0.735767 1 1 1.000000
lowpoly_metal
0  0.550622 -0.189782 -0.084668  1.000000 0.000002 0.000000  0.008016 0.737692 1 1 1.000000
0  0.550622 -0.156561 -0.027128  1.000000 0.000002 0.000000  0.008064 0.737715 1 1 1.000000
0  0.550622 -0.194623 0.030412  1.000000 0.000002 0.000000  0.008064 0.737770 1 1 1.000000
lowpoly_metal
0  0.550622 -0.194623 0.030412  1.000000 0.000000 0.000000  0.008064 0.737770 1 1 1.000000
0  0.550622 -0.251146 0.030412  1.000000 0.000000 0.000000  0.008026 0.737795 1 1 1.000000
0  0.550622 -0.189782 -0.084668  1.000000 0.000000 0.000000  0.008016 0.737692 1 1 1.000000
lowpoly_metal
0  0.550622 -0.251146 0.030412  1.000000 -0.000002 0.000000  0.008026 0.737795 1 1 1.000000
0  0.550622 -0.289444 -0.027128  1.000000 -0.000002 0.000000  0.007976 0.737773 1 1 1.000000
0  0.550622 -0.256224 -0.084668  1.000000 -0.000002 0.000000  0.007973 0.737721 1 1 1.000000
lowpoly_metal
0  -0.519531 -0.289444 -0.027128  0.000000 -0.866026 -0.499998  0.007029 0.736818 1 1 1.000000
0  -0.519531 -0.256224 -0.084668  0.000000 -0.866026 -0.499998  0.006984 0.736818 1 1 1.000000
0  0.550622 -0.256224 -0.084668  0.000000 -0.866026 -0.499998  0.006984 0.735970 1 1 1.000000
lowpoly_metal
0  -0.519531 -0.194623 0.030412  0.000000 0.000000 1.000000  0.007120 0.736818 1 1 1.000000
0  -0.519531 -0.251146 0.030412  0.000000 0.000000 1.000000  0.007075 0.736818 1 1 1.000000
0  0.550622 -0.251146 0.030412  0.000000 0.000000 1.000000  0.007075 0.735970 1 1 1.000000
lowpoly_metal
0  -0.519531 -0.256224 -0.084668  0.000000 0.000000 -1.000000  0.004620 0.737021 1 1 1.000000
0  -0.519531 -0.189782 -0.084668  0.000000 0.000000 -1.000000  0.004673 0.737021 1 1 1.000000
0  0.550622 -0.189782 -0.084668  0.000000 0.000000 -1.000000  0.004673 0.737868 1 1 1.000000
lowpoly_metal
0  -0.519531 -0.251146 0.030412  0.000000 -0.832463 0.554081  0.007075 0.736818 1 1 1.000000
0  -0.519531 -0.289444 -0.027128  0.000000 -0.832463 0.554081  0.007029 0.736818 1 1 1.000000
0  0.550622 -0.289444 -0.027128  0.000000 -0.832463 0.554081  0.007029 0.735971 1 1 1.000000
lowpoly_metal
0  -0.519531 -0.156561 -0.027128  0.000000 0.834039 0.551706  0.004575 0.737869 1 1 1.000000
0  -0.519531 -0.194623 0.030412  0.000000 0.834039 0.551706  0.004528 0.737868 1 1 1.000000
0  0.550622 -0.194623 0.030412  0.000000 0.834039 0.551706  0.004529 0.737021 1 1 1.000000
lowpoly_plastic
0  0.502226 -0.882710 0.066634  1.000000 0.000000 0.000000  0.006343 0.763883 1 1 1.000000
0  0.502226 0.379559 0.066634  1.000000 0.000000 0.000000  0.006343 0.762968 1 1 1.000000
0  0.502226 0.379559 0.126459  1.000000 0.000000 0.000000  0.006343 0.762968 1 1 1.000000
lowpoly_plastic
0  -0.502643 0.379559 0.066634  -1.000000 -0.000000 0.000000  0.005851 0.762968 1 1 1.000000
0  -0.502643 -0.882710 0.066634  -1.000000 -0.000000 0.000000  0.005851 0.763883 1 1 1.000000
0  -0.502643 -0.882710 0.126876  -1.000000 -0.000000 0.000000  0.005851 0.763883 1 1 1.000000
lowpoly_plastic
0  0.412195 -1.404326 0.601268  -0.499214 0.000000 0.866479  0.030109 0.874840 1 1 1.000000
0  0.412195 -1.359733 0.601268  -0.499214 0.000000 0.866479  0.030109 0.874840 1 1 1.000000
0  0.218150 -1.359733 0.489470  -0.499214 0.000000 0.866479  0.030374 0.873641 1 1 1.000000
lowpoly_plastic
0  0.218556 -1.404326 0.937364  -0.500785 0.000000 -0.865572  0.030407 0.873182 1 1 1.000000
0  0.218556 -1.359733 0.937364  -0.500785 0.000000 -0.865572  0.030374 0.873182 1 1 1.000000
0  0.412398 -1.359733 0.825215  -0.500785 0.000000 -0.865572  0.030111 0.874482 1 1 1.000000
lowpoly_plastic
0  0.024307 -1.404326 0.601620  1.000000 0.000000 -0.000907  0.029341 0.874612 1 1 1.000000
0  0.024307 -1.359733 0.601620  1.000000 0.000000 -0.000907  0.029373 0.874613 1 1 1.000000
0  0.024510 -1.359733 0.825567  1.000000 0.000000 -0.000907  0.028372 0.875549 1 1 1.000000
lowpoly_plastic
0  0.218150 -1.404326 0.489470  0.500785 0.000000 0.865572  0.030342 0.873641 1 1 1.000000
0  0.218150 -1.359733 0.489470  0.500785 0.000000 0.865572  0.030374 0.873641 1 1 1.000000
0  0.024307 -1.359733 0.601620  0.500785 0.000000 0.865572  0.029373 0.874613 1 1 1.000000
lowpoly_plastic
0  0.024510 -1.404326 0.825567  0.499214 0.000000 -0.866479  0.030411 0.872957 1 1 1.000000
0  0.024510 -1.359733 0.825567  0.499214 0.000000 -0.866479  0.030378 0.872957 1 1 1.000000
0  0.218556 -1.359733 0.937364  0.499214 0.000000 -0.866479  0.030374 0.873182 1 1 1.000000
lowpoly_plastic
0  0.412398 -1.404326 0.825215  -1.000000 0.000000 0.000907  0.030144 0.874482 1 1 1.000000
0  0.412398 -1.359733 0.825215  -1.000000 0.000000 0.000907  0.030111 0.874482 1 1 1.000000
0  0.412195 -1.359733 0.601268  -1.000000 0.000000 0.000907  0.030109 0.874840 1 1 1.000000
lowpoly_metal
0  0.289272 -1.106218 0.754277  0.000000 -1.000000 0.000000  0.055830 0.135162 1 1 1.000000
0  0.218427 -1.106218 0.795265  0.000000 -1.000000 0.000000  0.055830 0.135132 1 1 1.000000
0  0.147508 -1.106218 0.754405  0.000000 -1.000000 0.000000  0.055830 0.135132 1 1 1.000000
lowpoly_metal
0  0.147508 -1.106218 0.754405  -0.000001 -1.000000 0.000000  0.055830 0.135132 1 1 1.000000
0  0.147434 -1.106218 0.672558  -0.000001 -1.000000 0.000000  0.055830 0.135132 1 1 1.000000
0  0.218278 -1.106218 0.631570  -0.000001 -1.000000 0.000000  0.055830 0.135215 1 1 1.000000
lowpoly_metal
0  0.218278 -1.106218 0.631570  -0.000001 -1.000000 0.000000  0.055830 0.135215 1 1 1.000000
0  0.289197 -1.106218 0.672429  -0.000001 -1.000000 0.000000  0.055830 0.135197 1 1 1.000000
0  0.147508 -1.106218 0.754405  -0.000001 -1.000000 0.000000  0.055830 0.135132 1 1 1.000000
lowpoly_metal
0  0.412398 -1.270547 0.825215  -0.400843 -0.599425 -0.692830  0.055703 0.135132 1 1 1.000000
0  0.218556 -1.270547 0.937364  -0.400843 -0.599425 -0.692830  0.055700 0.134901 1 1 1.000000
0  0.218427 -1.106218 0.795265  -0.400843 -0.599425 -0.692830  0.055702 0.135047 1 1 1.000000
lowpoly_metal
0  0.024307 -1.270547 0.601620  0.400844 -0.599425 0.692830  0.055830 0.135132 1 1 1.000000
0  0.218150 -1.270547 0.489470  0.400844 -0.599425 0.692830  0.055830 0.135360 1 1 1.000000
0  0.218278 -1.106218 0.631570  0.400844 -0.599425 0.692830  0.055830 0.135215 1 1 1.000000
lowpoly_metal
0  0.024510 -1.270547 0.825567  0.800431 -0.599425 -0.000726  0.053828 0.137268 1 1 1.000000
0  0.024307 -1.270547 0.601620  0.800431 -0.599425 -0.000726  0.053828 0.137531 1 1 1.000000
0  0.147434 -1.106218 0.672558  0.800431 -0.599425 -0.000726  0.053828 0.137364 1 1 1.000000
lowpoly_metal
0  0.412195 -1.270547 0.601268  -0.800431 -0.599425 0.000727  0.055170 0.137530 1 1 1.000000
0  0.412398 -1.270547 0.825215  -0.800431 -0.599425 0.000727  0.055170 0.137269 1 1 1.000000
0  0.289272 -1.106218 0.754277  -0.800431 -0.599425 0.000727  0.055170 0.137435 1 1 1.000000
lowpoly_metal
0  0.218150 -1.270547 0.489470  -0.399587 -0.599425 0.693555  0.055830 0.135360 1 1 1.000000
0  0.412195 -1.270547 0.601268  -0.399587 -0.599425 0.693555  0.055830 0.135588 1 1 1.000000
0  0.289197 -1.106218 0.672429  -0.399587 -0.599425 0.693555  0.055830 0.135443 1 1 1.000000
lowpoly_metal
0  0.218556 -1.270547 0.937364  0.399587 -0.599425 -0.693556  0.055700 0.134901 1 1 1.000000
0  0.024510 -1.270547 0.825567  0.399587 -0.599425 -0.693556  0.055703 0.134676 1 1 1.000000
0  0.147508 -1.106218 0.754405  0.399587 -0.599425 -0.693556  0.055701 0.134819 1 1 1.000000
lowpoly_plastic
0  0.412398 -1.448919 0.825215  -1.000000 0.000000 0.000907  0.029909 0.875551 1 1 1.000000
0  0.412398 -1.404326 0.825215  -1.000000 0.000000 0.000907  0.030144 0.874482 1 1 1.000000
0  0.412195 -1.404326 0.601268  -1.000000 0.000000 0.000907  0.030109 0.874840 1 1 1.000000
lowpoly_plastic
0  0.024510 -1.448919 0.825567  0.499214 0.000000 -0.866479  0.030443 0.872957 1 1 1.000000
0  0.024510 -1.404326 0.825567  0.499214 0.000000 -0.866479  0.030411 0.872957 1 1 1.000000
0  0.218556 -1.404326 0.937364  0.499214 0.000000 -0.866479  0.030407 0.873182 1 1 1.000000
lowpoly_plastic
0  0.218150 -1.448919 0.489470  0.500785 0.000000 0.865572  0.030309 0.873641 1 1 1.000000
0  0.218150 -1.404326 0.489470  0.500785 0.000000 0.865572  0.030342 0.873641 1 1 1.000000
0  0.024307 -1.404326 0.601620  0.500785 0.000000 0.865572  0.029341 0.874612 1 1 1.000000
lowpoly_plastic
0  0.024307 -1.448919 0.601620  1.000000 0.000000 -0.000907  0.028307 0.875812 1 1 1.000000
0  0.024307 -1.404326 0.601620  1.000000 0.000000 -0.000907  0.029341 0.874612 1 1 1.000000
0  0.024510 -1.404326 0.825567  1.000000 0.000000 -0.000907  0.028340 0.875549 1 1 1.000000
lowpoly_plastic
0  0.218556 -1.448919 0.937364  -0.500785 0.000000 -0.865572  0.030439 0.873182 1 1 1.000000
0  0.218556 -1.404326 0.937364  -0.500785 0.000000 -0.865572  0.030407 0.873182 1 1 1.000000
0  0.412398 -1.404326 0.825215  -0.500785 0.000000 -0.865572  0.030144 0.874482 1 1 1.000000
lowpoly_plastic
0  0.412195 -1.448919 0.601268  -0.499216 0.000000 0.866477  0.030309 0.873869 1 1 1.000000
0  0.412195 -1.404326 0.601268  -0.499216 0.000000 0.866477  0.030109 0.874840 1 1 1.000000
0  0.218150 -1.404326 0.489470  -0.499216 0.000000 0.866477  0.030342 0.873641 1 1 1.000000
glass
0  0.412195 -1.404326 0.601268  0.000000 -1.000000 0.000000  0.000000 0.750000 1 1 1.000000
0  0.412398 -1.404326 0.825215  0.000000 -1.000000 0.000000  -0.000000 0.250000 1 1 1.000000
0  0.218556 -1.404326 0.937364  0.000000 -1.000000 0.000000  0.433013 -0.000000 1 1 1.000000
glass
0  0.218556 -1.404326 0.937364  0.000000 -1.000000 0.000000  0.433013 -0.000000 1 1 1.000000
0  0.024510 -1.404326 0.825567  0.000000 -1.000000 0.000000  0.866025 0.250000 1 1 1.000000
0  0.412195 -1.404326 0.601268  0.000000 -1.000000 0.000000  0.000000 0.750000 1 1 1.000000
glass
0  0.024510 -1.404326 0.825567  0.000000 -1.000000 0.000000  0.866025 0.250000 1 1 1.000000
0  0.024307 -1.404326 0.601620  0.000000 -1.000000 0.000000  0.866025 0.750000 1 1 1.000000
0  0.412195 -1.404326 0.601268  0.000000 -1.000000 0.000000  0.000000 0.750000 1 1 1.000000
end
