version 1
nodes
0 "root" -1
end
skeleton
time 0
0 0 0 0 0 0 0
end
triangles
lowpoly_metal
0  0.536099 -0.962146 0.000000  0.111475 -0.993696 -0.011878  0.043385 0.748411 0
0  0.500968 -0.969239 0.263710  0.111475 -0.993696 -0.011878  0.043785 0.748462 0
0  0.472870 -0.969239 0.000000  0.111475 -0.993696 -0.011878  0.043385 0.748506 0
lowpoly_metal
0  0.000000 -1.022286 0.263710  0.108303 -0.994101 -0.005768  0.048622 0.753508 0
0  0.472870 -0.969239 0.000000  0.108303 -0.994101 -0.005768  0.048225 0.752800 0
0  0.500968 -0.969239 0.263710  0.108303 -0.994101 -0.005768  0.048625 0.752756 0
lowpoly_metal
0  0.263285 -0.334048 0.986197  -0.015477 0.951157 0.308319  0.044870 0.751492 0
0  0.000000 -0.357119 1.044157  -0.015474 0.951157 0.308318  0.044960 0.751096 0
0  0.281347 -0.357119 1.044157  -0.015469 0.951158 0.308317  0.044960 0.751522 0
lowpoly_metal
0  0.281347 -0.357119 1.044157  0.724568 -0.062474 0.686366  0.060849 0.657026 0
0  0.605050 -0.962149 0.647362  0.724570 -0.062479 0.686363  0.061448 0.656191 0
0  0.616746 -0.143749 0.757111  0.724570 -0.062478 0.686364  0.061281 0.657423 0
lowpoly_metal
0  0.241575 -0.892039 0.970268  0.001539 -0.986290 0.165016  0.044862 0.748861 0
0  0.000000 -0.880053 1.044157  0.001540 -0.986290 0.165016  0.044975 0.749228 0
0  0.000000 -0.892119 0.974662  0.001539 -0.986290 0.165016  0.044869 0.749226 0
lowpoly_plastic
0  0.241575 -0.892039 0.970268  -0.020625 0.030341 -0.999327  0.034630 0.851528 0
0  0.000000 -0.344749 0.991871  -0.020625 0.030341 -0.999327  0.034998 0.852359 0
0  0.263285 -0.334048 0.986197  -0.020625 0.030342 -0.999327  0.034598 0.852375 0
lowpoly_metal
0  0.281347 -0.357119 1.044157  0.000000 0.000000 1.000000  0.057637 0.661871 0
0  0.000000 -0.880053 1.044157  0.000000 0.000000 1.000000  0.058430 0.661444 0
0  0.281347 -0.880053 1.044157  0.000000 0.000000 1.000000  0.058430 0.661871 0
lowpoly_metal
0  0.605050 -0.962149 0.647362  0.994374 -0.000040 -0.105927  0.061448 0.656191 0
0  0.583708 -0.462422 0.446833  0.994374 -0.000040 -0.105927  0.061753 0.656938 0
0  0.602402 -0.364562 0.622275  0.994374 -0.000040 -0.105927  0.061486 0.657088 0
lowpoly_plastic
0  0.000000 0.309144 0.000000  0.000000 0.000000 -1.000000  0.040111 0.877243 0
0  0.472870 -0.969239 0.000000  0.000000 0.000000 -1.000000  0.040089 0.877183 0
0  0.000000 -1.022286 0.000000  0.000000 0.000000 -1.000000  0.040111 0.877181 0
lowpoly_metal
0  0.536099 -0.567894 0.000000  0.994371 0.000000 -0.105950  0.062432 0.656769 0
0  0.574321 -0.962146 0.358733  0.994371 0.000000 -0.105950  0.061887 0.656185 0
0  0.536099 -0.962146 0.000000  0.994371 0.000000 -0.105950  0.062432 0.656177 0
lowpoly_plastic
0  0.472870 -0.969239 0.000000  0.000000 0.000000 -1.000000  0.040406 0.874392 0
0  0.536099 -0.567894 0.000000  0.000000 0.000000 -1.000000  0.040403 0.874410 0
0  0.536099 -0.962146 0.000000  0.000000 0.000000 -1.000000  0.040403 0.874392 0
lowpoly_plastic
0  0.092506 0.374652 0.358733  0.000000 -1.000000 -0.000000  0.035679 0.850205 0
0  0.500968 0.374652 0.263710  0.000000 -1.000000 -0.000000  0.035535 0.849587 0
0  0.511093 0.374652 0.358733  0.000000 -1.000000 -0.000000  0.035679 0.849572 0
lowpoly_plastic
0  0.092506 0.246528 0.263710  0.000000 0.000000 1.000000  0.037918 0.851217 0
0  0.000000 -1.022286 0.263710  0.000000 0.000000 1.000000  0.037778 0.849291 0
0  0.500968 -0.969239 0.263710  0.000000 0.000000 1.000000  0.038538 0.849371 0
lowpoly_plastic
0  0.500968 0.374652 0.263710  -0.994371 0.000000 0.105950  0.039698 0.847039 0
0  0.500968 -0.969239 0.263710  -0.994371 0.000000 0.105950  0.039698 0.849050 0
0  0.511093 0.374652 0.358733  -0.994371 0.000000 0.105950  0.039554 0.847036 0
lowpoly_plastic
0  0.576725 -0.423929 0.381287  0.000000 0.862303 0.506392  0.054095 0.877841 0
0  0.520480 -0.462422 0.446833  0.000000 0.862303 0.506392  0.054007 0.877743 0
0  0.583708 -0.462422 0.446833  0.000000 0.862303 0.506392  0.054103 0.877736 0
lowpoly_metal
0  0.585499 0.161341 0.463635  0.994371 -0.000005 -0.105950  0.061727 0.657875 0
0  0.576725 0.143375 0.381287  0.994371 -0.000005 -0.105950  0.061852 0.657846 0
0  0.574321 0.164858 0.358733  0.994371 -0.000005 -0.105950  0.061887 0.657878 0
lowpoly_plastic
0  0.585499 0.161341 0.463635  0.000000 -0.416553 -0.909111  0.057020 0.877791 0
0  0.542828 -0.259767 0.656586  0.000000 -0.416553 -0.909111  0.057107 0.877152 0
0  0.522270 0.161341 0.463635  0.000000 -0.416553 -0.909111  0.057116 0.877793 0
lowpoly_plastic
0  0.500968 -0.969239 0.263710  -0.994372 0.000000 0.105949  0.039698 0.849050 0
0  0.513496 0.143375 0.381287  -0.994372 0.000000 0.105949  0.039520 0.847381 0
0  0.511093 0.374652 0.358733  -0.994372 0.000000 0.105949  0.039554 0.847036 0
lowpoly_metal
0  0.576725 -0.423929 0.381287  0.994372 -0.000001 -0.105949  0.061852 0.656994 0
0  0.583708 -0.462422 0.446833  0.994372 -0.000001 -0.105949  0.061753 0.656938 0
0  0.574321 -0.567894 0.358733  0.994372 -0.000001 -0.105949  0.061887 0.656777 0
lowpoly_metal
0  0.574321 -0.567894 0.358733  0.994381 0.000000 -0.105865  0.061887 0.656777 0
0  0.605050 -0.962149 0.647362  0.994381 0.000000 -0.105865  0.061448 0.656191 0
0  0.574321 -0.962146 0.358733  0.994381 0.000000 -0.105865  0.061887 0.656185 0
lowpoly_plastic
0  0.576725 0.143375 0.381287  0.000000 0.000000 1.000000  0.058397 0.874418 0
0  0.513496 -0.423929 0.381287  0.000000 0.000000 1.000000  0.058301 0.873557 0
0  0.576725 -0.423929 0.381287  0.000000 0.000000 1.000000  0.058397 0.873557 0
lowpoly_metal
0  0.616746 -0.143749 0.757111  0.994409 -0.000116 -0.105595  0.061281 0.657423 0
0  0.602402 -0.364562 0.622275  0.994409 -0.000116 -0.105595  0.061486 0.657088 0
0  0.606055 -0.259768 0.656561  0.994409 -0.000116 -0.105595  0.061434 0.657247 0
lowpoly_metal
0  0.576725 -0.423929 0.381287  0.994372 0.000000 -0.105948  0.061852 0.656994 0
0  0.574321 0.164858 0.358733  0.994372 0.000000 -0.105948  0.061887 0.657878 0
0  0.576725 0.143375 0.381287  0.994372 0.000000 -0.105948  0.061852 0.657846 0
lowpoly_plastic
0  0.576725 0.143375 0.381287  0.000000 -0.977019 0.213152  0.057011 0.878283 0
0  0.522270 0.161341 0.463635  0.000000 -0.977019 0.213152  0.057106 0.878165 0
0  0.513496 0.143375 0.381287  0.000000 -0.977019 0.213152  0.057106 0.878292 0
lowpoly_plastic
0  0.583708 -0.462422 0.446833  0.000000 0.873327 -0.487133  0.054103 0.877736 0
0  0.539173 -0.364562 0.622275  0.000000 0.873327 -0.487133  0.054000 0.877488 0
0  0.602402 -0.364562 0.622275  0.000000 0.873327 -0.487133  0.054095 0.877481 0
lowpoly_plastic
0  0.602402 -0.364562 0.622275  0.000054 0.311183 -0.950350  0.057020 0.876990 0
0  0.542828 -0.259767 0.656586  -0.000072 0.311118 -0.950371  0.057107 0.877152 0
0  0.606055 -0.259768 0.656561  0.000054 0.311183 -0.950350  0.057011 0.877149 0
lowpoly_plastic
0  0.500968 -0.969239 0.263710  -0.994371 -0.000001 0.105950  0.039698 0.849050 0
0  0.520480 -0.462422 0.446833  -0.994371 -0.000001 0.105950  0.039420 0.848286 0
0  0.513496 -0.423929 0.381287  -0.994371 -0.000001 0.105950  0.039520 0.848230 0
lowpoly_plastic
0  0.539173 -0.364562 0.622275  -0.994371 -0.000001 0.105951  0.039154 0.848134 0
0  0.553344 -0.157777 0.755278  -0.994371 -0.000001 0.105951  0.038952 0.847821 0
0  0.542828 -0.259767 0.656586  -0.994371 -0.000001 0.105951  0.039102 0.847977 0
lowpoly_plastic
0  0.511093 0.374652 0.358733  -0.994372 0.000000 0.105949  0.039554 0.847036 0
0  0.513496 0.143375 0.381287  -0.994372 0.000000 0.105949  0.039520 0.847381 0
0  0.522270 0.161341 0.463635  -0.994372 0.000000 0.105949  0.039395 0.847352 0
lowpoly_plastic
0  0.500968 -0.969239 0.263710  -0.994372 0.000000 0.105949  0.039698 0.849050 0
0  0.513496 -0.423929 0.381287  -0.994372 0.000000 0.105949  0.039520 0.848230 0
0  0.513496 0.143375 0.381287  -0.994372 0.000000 0.105949  0.039520 0.847381 0
lowpoly_plastic
0  0.520480 -0.462422 0.446833  -0.994371 0.000000 0.105950  0.039420 0.848286 0
0  0.500968 -0.969239 0.263710  -0.994371 0.000000 0.105950  0.039698 0.849050 0
0  0.539173 -0.364562 0.622275  -0.994371 0.000000 0.105950  0.039154 0.848134 0
lowpoly_metal
0  0.605050 -0.962149 0.647362  0.994395 -0.000032 -0.105733  0.061448 0.656191 0
0  0.602402 -0.364562 0.622275  0.994395 -0.000032 -0.105733  0.061486 0.657088 0
0  0.616746 -0.143749 0.757111  0.994395 -0.000032 -0.105733  0.061281 0.657423 0
lowpoly_metal
0  0.605050 -0.962149 0.647362  -0.023496 -0.982118 0.186792  0.044367 0.748304 0
0  0.241575 -0.892039 0.970268  -0.023496 -0.982119 0.186792  0.044862 0.748861 0
0  0.537594 -0.969239 0.607457  -0.023495 -0.982119 0.186791  0.044306 0.748405 0
lowpoly_metal
0  0.574321 -0.962146 0.358733  0.111475 -0.993696 -0.011878  0.043929 0.748352 0
0  0.537594 -0.969239 0.607457  0.111475 -0.993696 -0.011878  0.044306 0.748405 0
0  0.500968 -0.969239 0.263710  0.111475 -0.993696 -0.011878  0.043785 0.748462 0
lowpoly_plastic
0  0.500968 -0.969239 0.263710  -0.994371 -0.000000 0.105950  0.039698 0.849050 0
0  0.537594 -0.969239 0.607457  -0.994371 -0.000000 0.105950  0.039176 0.849040 0
0  0.539173 -0.364562 0.622275  -0.994371 -0.000000 0.105950  0.039154 0.848134 0
lowpoly_plastic
0  0.511093 0.374652 0.358733  -0.994371 0.000001 0.105950  0.039554 0.847036 0
0  0.522270 0.161341 0.463635  -0.994371 0.000001 0.105950  0.039395 0.847352 0
0  0.553344 -0.157777 0.755278  -0.994371 0.000001 0.105950  0.038952 0.847821 0
lowpoly_plastic
0  0.542828 -0.259767 0.656586  -0.994372 0.000000 0.105950  0.039102 0.847977 0
0  0.553344 -0.157777 0.755278  -0.994372 0.000000 0.105950  0.038952 0.847821 0
0  0.522270 0.161341 0.463635  -0.994372 0.000000 0.105950  0.039395 0.847352 0
lowpoly_metal
0  0.511107 0.606929 0.358867  -0.066991 0.460225 0.885271  0.039142 0.750384 0
0  0.616746 -0.143749 0.757111  -0.066991 0.460225 0.885271  0.040299 0.750540 0
0  0.574375 0.606929 0.359327  -0.066991 0.460225 0.885271  0.039142 0.750480 0
lowpoly_plastic
0  0.511093 0.374652 0.358733  -0.994372 -0.000000 0.105949  0.039554 0.847036 0
0  0.553344 -0.157777 0.755278  -0.994372 -0.000000 0.105949  0.038952 0.847821 0
0  0.511107 0.606929 0.358867  -0.994372 -0.000000 0.105949  0.039554 0.846688 0
lowpoly_metal
0  0.553344 -0.157777 0.755278  -0.207098 0.885459 0.416020  0.044501 0.751907 0
0  0.281347 -0.357119 1.044157  -0.207098 0.885459 0.416020  0.044960 0.751522 0
0  0.616746 -0.143749 0.757111  -0.207135 0.885465 0.415989  0.044502 0.752001 0
lowpoly_metal
0  0.536099 0.164858 0.000000  0.994371 0.000000 -0.105950  0.062432 0.657870 0
0  0.574321 -0.567894 0.358733  0.994371 0.000000 -0.105950  0.061887 0.656777 0
0  0.536099 -0.567894 0.000000  0.994371 0.000000 -0.105950  0.062432 0.656769 0
lowpoly_metal
0  0.606055 -0.259768 0.656561  0.994387 0.000067 -0.105805  0.061434 0.657247 0
0  0.585499 0.161341 0.463635  0.994387 0.000067 -0.105805  0.061727 0.657875 0
0  0.616746 -0.143749 0.757111  0.994387 0.000067 -0.105805  0.061281 0.657423 0
lowpoly_metal
0  0.574375 0.606929 0.359327  0.994372 0.000022 -0.105949  0.061886 0.658542 0
0  0.585499 0.161341 0.463635  0.994372 0.000022 -0.105949  0.061727 0.657875 0
0  0.574321 0.164858 0.358733  0.994372 0.000022 -0.105949  0.061887 0.657878 0
lowpoly_plastic
0  0.405370 0.930236 0.000000  0.000000 0.000000 -1.000000  0.047567 0.749666 0
0  0.536099 0.767095 0.000000  0.000000 0.000000 -1.000000  0.047368 0.749418 0
0  0.521735 0.767887 0.000000  0.000000 0.000000 -1.000000  0.047390 0.749420 0
lowpoly_metal
0  0.419767 0.930236 0.252086  0.768955 0.636737 -0.057216  0.062080 0.662170 0
0  0.536099 0.767095 0.000000  0.768956 0.636736 -0.057218  0.061716 0.662372 0
0  0.405370 0.930236 0.000000  0.768955 0.636737 -0.057215  0.061698 0.662151 0
lowpoly_metal
0  0.536099 0.767095 0.000000  0.994539 0.003726 -0.104295  0.062432 0.658774 0
0  0.559667 0.767439 0.261948  0.994539 0.003726 -0.104295  0.062034 0.658780 0
0  0.574375 0.606929 0.359327  0.994539 0.003726 -0.104295  0.061886 0.658542 0
lowpoly_plastic
0  0.536099 0.164858 0.000000  0.000000 0.000000 -1.000000  0.040086 0.877236 0
0  0.472870 0.326548 0.000000  0.000000 0.000000 -1.000000  0.040089 0.877244 0
0  0.536099 0.767095 0.000000  0.000000 0.000000 -1.000000  0.040086 0.877264 0
lowpoly_plastic
0  0.000000 0.930235 0.000000  0.000000 0.000000 -1.000000  0.040111 0.877272 0
0  0.405370 0.930236 0.000000  0.000000 0.000000 -1.000000  0.040092 0.877272 0
0  0.521735 0.767887 0.000000  0.000000 0.000000 -1.000000  0.040087 0.877265 0
lowpoly_metal
0  0.000000 0.930235 0.000000  -0.000000 1.000000 0.000000  0.061698 0.661538 0
0  0.000000 0.930235 0.358733  -0.000000 1.000000 0.000000  0.062241 0.661534 0
0  0.198482 0.930236 0.358733  -0.000000 1.000000 0.000000  0.062241 0.661834 0
lowpoly_metal
0  0.419767 0.930236 0.252086  0.417301 0.459610 0.783976  0.057637 0.660722 0
0  0.574375 0.606929 0.359327  0.417309 0.459594 0.783981  0.058132 0.660956 0
0  0.559667 0.767439 0.261948  0.417300 0.459613 0.783975  0.057884 0.660935 0
lowpoly_metal
0  0.198482 0.930236 0.358733  0.000000 0.000045 1.000000  0.038651 0.749909 0
0  0.000000 0.930235 0.358733  0.000000 0.000045 1.000000  0.038651 0.749607 0
0  0.092506 0.431541 0.358756  0.000000 0.000045 1.000000  0.039408 0.749748 0
lowpoly_plastic
0  0.000000 0.431541 0.358733  0.000000 -1.000000 0.000000  0.036298 0.876531 0
0  0.092506 0.431541 0.215768  0.000000 -1.000000 0.000000  0.036081 0.876391 0
0  0.092506 0.431541 0.358756  0.000000 -1.000000 0.000000  0.036298 0.876391 0
lowpoly_plastic
0  0.000000 0.431541 0.215745  -0.000242 0.000000 1.000000  0.035800 0.876531 0
0  0.092506 0.374652 0.215768  -0.000242 0.000000 1.000000  0.035886 0.876672 0
0  0.092506 0.431541 0.215768  -0.000242 0.000000 1.000000  0.035800 0.876672 0
lowpoly_plastic
0  0.000000 0.374652 0.215745  -0.000242 0.000000 1.000000  0.035886 0.876531 0
0  0.092506 0.246528 0.215768  -0.000242 0.000000 1.000000  0.036081 0.876672 0
0  0.092506 0.374652 0.215768  -0.000242 0.000000 1.000000  0.035886 0.876672 0
lowpoly_plastic
0  0.092506 0.374652 0.215768  -1.000000 0.000000 -0.000000  0.036732 0.876476 0
0  0.092506 0.246528 0.263710  -1.000000 0.000000 -0.000000  0.036659 0.876668 0
0  0.092506 0.374652 0.263710  -1.000000 0.000000 -0.000000  0.036659 0.876476 0
lowpoly_plastic
0  0.092506 0.431541 0.215768  -1.000000 0.000000 -0.000000  0.036732 0.876391 0
0  0.092506 0.374652 0.215768  -1.000000 0.000000 -0.000000  0.036732 0.876476 0
0  0.092506 0.374652 0.263710  -1.000000 0.000000 -0.000000  0.036659 0.876476 0
lowpoly_plastic
0  0.092506 0.246528 0.215768  -0.000000 1.000000 0.000000  0.044541 0.876531 0
0  0.000000 0.246528 0.263710  -0.000000 1.000000 0.000000  0.044613 0.876391 0
0  0.092506 0.246528 0.263710  -0.000000 1.000000 0.000000  0.044613 0.876531 0
lowpoly_plastic
0  0.537594 -0.969239 0.607457  -0.716401 0.102148 -0.690171  0.039176 0.849040 0
0  0.263285 -0.334048 0.986197  -0.716399 0.102144 -0.690173  0.038599 0.848160 0
0  0.553344 -0.157777 0.755278  -0.716398 0.102141 -0.690175  0.038952 0.847821 0
lowpoly_metal
0  -0.605050 -0.962149 0.647362  -0.994374 -0.000040 -0.105927  0.060607 0.656191 0
0  -0.602402 -0.364562 0.622275  -0.994374 -0.000040 -0.105927  0.060645 0.657088 0
0  -0.583708 -0.462422 0.446833  -0.994374 -0.000040 -0.105927  0.060911 0.656938 0
lowpoly_plastic
0  -0.472870 -0.969239 0.000000  0.000000 0.000000 -1.000000  0.040089 0.877183 0
0  0.000000 0.309144 0.000000  0.000000 0.000000 -1.000000  0.040111 0.877243 0
0  0.000000 -1.022286 0.000000  0.000000 0.000000 -1.000000  0.040111 0.877181 0
lowpoly_metal
0  -0.605050 -0.962149 0.647362  -0.724571 -0.062480 0.686362  0.060607 0.656191 0
0  -0.281347 -0.357119 1.044157  -0.724571 -0.062481 0.686362  0.060008 0.657026 0
0  -0.616746 -0.143749 0.757111  -0.724569 -0.062476 0.686365  0.060440 0.657423 0
lowpoly_plastic
0  -0.553344 -0.157777 0.755278  0.994371 -0.000002 0.105951  0.038951 0.847821 0
0  -0.539173 -0.364562 0.622275  0.994371 -0.000002 0.105951  0.039153 0.848134 0
0  -0.542828 -0.259767 0.656586  0.994371 -0.000002 0.105951  0.039101 0.847977 0
lowpoly_metal
0  -0.500968 -0.969239 0.263710  -0.111475 -0.993696 -0.011878  0.042944 0.748462 0
0  -0.536099 -0.962146 0.000000  -0.111475 -0.993696 -0.011878  0.042544 0.748411 0
0  -0.472870 -0.969239 0.000000  -0.111475 -0.993696 -0.011878  0.042543 0.748506 0
lowpoly_metal
0  0.000000 -0.357119 1.044157  0.015477 0.951157 0.308319  0.044119 0.751096 0
0  -0.263285 -0.334048 0.986197  0.015470 0.951158 0.308318  0.044029 0.751492 0
0  -0.281347 -0.357119 1.044157  0.015471 0.951158 0.308318  0.044119 0.751522 0
lowpoly_metal
0  -0.472870 -0.969239 0.000000  -0.108303 -0.994101 -0.005768  0.047384 0.752800 0
0  0.000000 -1.022286 0.263710  -0.108303 -0.994101 -0.005768  0.047781 0.753508 0
0  -0.500968 -0.969239 0.263710  -0.108303 -0.994101 -0.005769  0.047784 0.752756 0
lowpoly_plastic
0  -0.542828 -0.259767 0.656586  0.000368 0.310966 -0.950421  0.057106 0.877152 0
0  -0.602402 -0.364562 0.622275  0.000368 0.310966 -0.950421  0.057019 0.876990 0
0  -0.606055 -0.259768 0.656561  0.000368 0.310966 -0.950421  0.057010 0.877149 0
lowpoly_metal
0  -0.241575 -0.892039 0.970268  -0.001518 -0.986301 0.164949  0.044021 0.748861 0
0  0.000000 -0.880053 1.044157  -0.001533 -0.986293 0.164994  0.044134 0.749228 0
0  -0.281347 -0.880053 1.044157  -0.001532 -0.986293 0.164995  0.044134 0.748802 0
lowpoly_metal
0  -0.574321 -0.962146 0.358733  -0.994371 0.000000 -0.105950  0.061045 0.656185 0
0  -0.536099 -0.567894 0.000000  -0.994371 0.000000 -0.105950  0.061591 0.656769 0
0  -0.536099 -0.962146 0.000000  -0.994371 0.000000 -0.105950  0.061591 0.656177 0
lowpoly_plastic
0  0.000000 -0.344749 0.991871  0.020624 0.030341 -0.999327  0.034997 0.852359 0
0  -0.241575 -0.892039 0.970268  0.020624 0.030342 -0.999327  0.034630 0.851528 0
0  -0.263285 -0.334048 0.986197  0.020624 0.030341 -0.999327  0.034597 0.852375 0
lowpoly_plastic
0  -0.092506 0.431541 0.215768  0.000000 -1.000000 0.000000  0.036080 0.876391 0
0  0.000000 0.431541 0.358733  0.000000 -1.000000 0.000000  0.036297 0.876531 0
0  -0.092506 0.431541 0.358756  0.000000 -1.000000 0.000000  0.036297 0.876391 0
lowpoly_plastic
0  -0.092506 0.246528 0.215768  0.000242 0.000000 1.000000  0.036080 0.876672 0
0  0.000000 0.374652 0.215745  0.000242 0.000000 1.000000  0.035886 0.876531 0
0  -0.092506 0.374652 0.215768  0.000242 0.000000 1.000000  0.035886 0.876672 0
lowpoly_metal
0  0.000000 -0.880053 1.044157  0.000000 0.000000 1.000000  0.057589 0.661444 0
0  -0.281347 -0.357119 1.044157  0.000000 0.000000 1.000000  0.056795 0.661871 0
0  -0.281347 -0.880053 1.044157  0.000000 0.000000 1.000000  0.057589 0.661871 0
lowpoly_metal
0  -0.574321 0.164858 0.358733  -0.994372 0.000000 -0.105948  0.061045 0.657878 0
0  -0.576725 -0.423929 0.381287  -0.994372 0.000000 -0.105948  0.061011 0.656994 0
0  -0.576725 0.143375 0.381287  -0.994372 0.000000 -0.105948  0.061011 0.657846 0
lowpoly_plastic
0  -0.542828 -0.259767 0.656586  0.994372 0.000000 0.105950  0.039101 0.847977 0
0  -0.522270 0.161341 0.463635  0.994372 0.000000 0.105950  0.039394 0.847352 0
0  -0.553344 -0.157777 0.755278  0.994372 0.000000 0.105950  0.038951 0.847821 0
lowpoly_plastic
0  -0.585499 0.161341 0.463635  0.000362 -0.416522 -0.909126  0.057019 0.877791 0
0  -0.542828 -0.259767 0.656586  0.000362 -0.416522 -0.909126  0.057106 0.877152 0
0  -0.606055 -0.259768 0.656561  0.000362 -0.416522 -0.909126  0.057010 0.877149 0
lowpoly_plastic
0  -0.500968 0.374652 0.263710  -0.000000 -1.000000 0.000000  0.035534 0.849587 0
0  -0.092506 0.374652 0.358733  -0.000000 -1.000000 0.000000  0.035678 0.850205 0
0  -0.511093 0.374652 0.358733  -0.000000 -1.000000 0.000000  0.035678 0.849572 0
lowpoly_plastic
0  -0.500968 -0.969239 0.263710  0.994372 0.000000 0.105949  0.039697 0.849050 0
0  -0.511093 0.374652 0.358733  0.994372 0.000000 0.105949  0.039553 0.847036 0
0  -0.513496 0.143375 0.381287  0.994372 0.000000 0.105949  0.039519 0.847381 0
lowpoly_plastic
0  -0.511093 0.374652 0.358733  0.994372 0.000000 0.105949  0.039553 0.847036 0
0  -0.522270 0.161341 0.463635  0.994372 0.000000 0.105949  0.039394 0.847352 0
0  -0.513496 0.143375 0.381287  0.994372 0.000000 0.105949  0.039519 0.847381 0
lowpoly_metal
0  -0.576725 -0.423929 0.381287  -0.994372 -0.000001 -0.105949  0.061011 0.656994 0
0  -0.574321 -0.567894 0.358733  -0.994372 -0.000001 -0.105949  0.061045 0.656777 0
0  -0.583708 -0.462422 0.446833  -0.994372 -0.000001 -0.105949  0.060911 0.656938 0
lowpoly_plastic
0  0.000000 -1.022286 0.263710  0.000000 0.000000 1.000000  0.037777 0.849291 0
0  0.000000 0.246528 0.263710  0.000000 0.000000 1.000000  0.037777 0.851217 0
0  -0.092506 0.246528 0.263710  0.000000 0.000000 1.000000  0.037917 0.851217 0
lowpoly_metal
0  -0.616746 -0.143749 0.757111  0.066991 0.460223 0.885272  0.039458 0.750540 0
0  -0.511107 0.606929 0.358867  0.066992 0.460227 0.885270  0.038301 0.750384 0
0  -0.574375 0.606929 0.359327  0.066991 0.460226 0.885271  0.038301 0.750480 0
lowpoly_plastic
0  -0.520480 -0.462422 0.446833  0.000000 0.862303 0.506392  0.054007 0.877743 0
0  -0.576725 -0.423929 0.381287  0.000000 0.862303 0.506392  0.054094 0.877841 0
0  -0.583708 -0.462422 0.446833  0.000000 0.862303 0.506392  0.054102 0.877736 0
lowpoly_plastic
0  -0.513496 -0.423929 0.381287  0.000000 0.000000 1.000000  0.058300 0.873557 0
0  -0.576725 0.143375 0.381287  0.000000 0.000000 1.000000  0.058396 0.874418 0
0  -0.576725 -0.423929 0.381287  0.000000 0.000000 1.000000  0.058396 0.873557 0
lowpoly_plastic
0  -0.500968 0.374652 0.263710  0.994371 0.000000 0.105950  0.039697 0.847039 0
0  -0.511093 0.374652 0.358733  0.994371 0.000000 0.105950  0.039553 0.847036 0
0  -0.500968 -0.969239 0.263710  0.994371 0.000000 0.105950  0.039697 0.849050 0
lowpoly_plastic
0  -0.576725 0.143375 0.381287  0.000000 -0.977019 0.213153  0.057010 0.878283 0
0  -0.522270 0.161341 0.463635  0.000000 -0.977019 0.213153  0.057106 0.878165 0
0  -0.585499 0.161341 0.463635  0.000000 -0.977019 0.213153  0.057010 0.878157 0
lowpoly_plastic
0  -0.500968 -0.969239 0.263710  0.994371 -0.000000 0.105950  0.039697 0.849050 0
0  -0.539173 -0.364562 0.622275  0.994371 -0.000000 0.105950  0.039153 0.848134 0
0  -0.537594 -0.969239 0.607457  0.994371 -0.000000 0.105950  0.039176 0.849040 0
lowpoly_metal
0  -0.585499 0.161341 0.463635  -0.994371 -0.000005 -0.105950  0.060886 0.657875 0
0  -0.574321 0.164858 0.358733  -0.994371 -0.000005 -0.105950  0.061045 0.657878 0
0  -0.576725 0.143375 0.381287  -0.994371 -0.000005 -0.105950  0.061011 0.657846 0
lowpoly_metal
0  -0.605050 -0.962149 0.647362  -0.994381 0.000000 -0.105865  0.060607 0.656191 0
0  -0.574321 -0.567894 0.358733  -0.994381 0.000000 -0.105865  0.061045 0.656777 0
0  -0.574321 -0.962146 0.358733  -0.994381 0.000000 -0.105865  0.061045 0.656185 0
lowpoly_metal
0  -0.616746 -0.143749 0.757111  -0.994409 -0.000116 -0.105595  0.060440 0.657423 0
0  -0.606055 -0.259768 0.656561  -0.994409 -0.000116 -0.105595  0.060593 0.657247 0
0  -0.602402 -0.364562 0.622275  -0.994409 -0.000116 -0.105595  0.060645 0.657088 0
lowpoly_plastic
0  -0.500968 -0.969239 0.263710  0.994371 -0.000001 0.105950  0.039697 0.849050 0
0  -0.513496 -0.423929 0.381287  0.994371 -0.000001 0.105950  0.039519 0.848230 0
0  -0.520480 -0.462422 0.446833  0.994371 -0.000001 0.105950  0.039419 0.848286 0
lowpoly_plastic
0  -0.500968 -0.969239 0.263710  0.994372 0.000000 0.105949  0.039697 0.849050 0
0  -0.513496 0.143375 0.381287  0.994372 0.000000 0.105949  0.039519 0.847381 0
0  -0.513496 -0.423929 0.381287  0.994372 0.000000 0.105949  0.039519 0.848230 0
lowpoly_plastic
0  -0.520480 -0.462422 0.446833  0.994371 0.000000 0.105950  0.039419 0.848286 0
0  -0.539173 -0.364562 0.622275  0.994371 0.000000 0.105950  0.039153 0.848134 0
0  -0.500968 -0.969239 0.263710  0.994371 0.000000 0.105950  0.039697 0.849050 0
lowpoly_plastic
0  -0.539173 -0.364562 0.622275  0.000000 0.873327 -0.487134  0.053999 0.877488 0
0  -0.583708 -0.462422 0.446833  0.000000 0.873327 -0.487134  0.054102 0.877736 0
0  -0.602402 -0.364562 0.622275  0.000000 0.873327 -0.487134  0.054094 0.877481 0
lowpoly_metal
0  -0.537594 -0.969239 0.607457  -0.111475 -0.993696 -0.011877  0.043465 0.748405 0
0  -0.574321 -0.962146 0.358733  -0.111475 -0.993696 -0.011877  0.043088 0.748352 0
0  -0.500968 -0.969239 0.263710  -0.111475 -0.993696 -0.011877  0.042944 0.748462 0
lowpoly_metal
0  -0.241575 -0.892039 0.970268  0.023495 -0.982119 0.186792  0.044021 0.748861 0
0  -0.605050 -0.962149 0.647362  0.023496 -0.982118 0.186792  0.043526 0.748304 0
0  -0.537594 -0.969239 0.607457  0.023497 -0.982118 0.186793  0.043465 0.748405 0
lowpoly_metal
0  -0.574321 -0.567894 0.358733  -0.994371 0.000000 -0.105950  0.061045 0.656777 0
0  -0.536099 0.164858 0.000000  -0.994371 0.000000 -0.105950  0.061591 0.657870 0
0  -0.536099 -0.567894 0.000000  -0.994371 0.000000 -0.105950  0.061591 0.656769 0
lowpoly_metal
0  -0.606055 -0.259768 0.656561  -0.994387 0.000067 -0.105805  0.060593 0.657247 0
0  -0.616746 -0.143749 0.757111  -0.994387 0.000067 -0.105805  0.060440 0.657423 0
0  -0.585499 0.161341 0.463635  -0.994387 0.000067 -0.105805  0.060886 0.657875 0
lowpoly_metal
0  -0.605050 -0.962149 0.647362  -0.994395 -0.000032 -0.105733  0.060607 0.656191 0
0  -0.616746 -0.143749 0.757111  -0.994395 -0.000032 -0.105733  0.060440 0.657423 0
0  -0.602402 -0.364562 0.622275  -0.994395 -0.000032 -0.105733  0.060645 0.657088 0
lowpoly_plastic
0  -0.511093 0.374652 0.358733  0.994372 -0.000000 0.105949  0.039553 0.847036 0
0  -0.511107 0.606929 0.358867  0.994372 -0.000000 0.105949  0.039553 0.846688 0
0  -0.553344 -0.157777 0.755278  0.994372 -0.000000 0.105949  0.038951 0.847821 0
lowpoly_plastic
0  -0.472870 -0.969239 0.000000  0.000000 0.000000 -1.000000  0.040380 0.874392 0
0  -0.536099 -0.567894 0.000000  0.000000 0.000000 -1.000000  0.040377 0.874410 0
0  -0.472870 0.326548 0.000000  0.000000 0.000000 -1.000000  0.040380 0.874452 0
lowpoly_metal
0  -0.553344 -0.157777 0.755278  0.206953 0.885436 0.416141  0.043659 0.751907 0
0  -0.281347 -0.357119 1.044157  0.206953 0.885436 0.416141  0.044119 0.751522 0
0  -0.263285 -0.334048 0.986197  0.206953 0.885436 0.416141  0.044029 0.751492 0
lowpoly_plastic
0  -0.405370 0.930236 0.000000  0.000000 0.000000 -1.000000  0.047566 0.749666 0
0  -0.521735 0.767887 0.000000  0.000000 0.000000 -1.000000  0.047389 0.749420 0
0  -0.536099 0.767095 0.000000  0.000000 0.000000 -1.000000  0.047367 0.749418 0
lowpoly_metal
0  -0.574375 0.606929 0.359327  -0.417302 0.459609 0.783976  0.057291 0.660956 0
0  -0.419767 0.930236 0.252086  -0.417303 0.459606 0.783977  0.056795 0.660722 0
0  -0.559667 0.767439 0.261948  -0.417309 0.459594 0.783981  0.057043 0.660935 0
lowpoly_plastic
0  -0.536099 0.164858 0.000000  0.000000 0.000000 -1.000000  0.040086 0.877236 0
0  -0.536099 0.767095 0.000000  0.000000 0.000000 -1.000000  0.040086 0.877264 0
0  -0.472870 0.326548 0.000000  0.000000 0.000000 -1.000000  0.040089 0.877244 0
lowpoly_metal
0  -0.574375 0.606929 0.359327  -0.994385 0.000052 -0.105820  0.061044 0.658542 0
0  -0.585499 0.161341 0.463635  -0.994385 0.000052 -0.105820  0.060886 0.657875 0
0  -0.616746 -0.143749 0.757111  -0.994385 0.000052 -0.105820  0.060440 0.657423 0
lowpoly_metal
0  -0.536099 0.767095 0.000000  -0.768955 0.636737 -0.057216  0.060874 0.662372 0
0  -0.419767 0.930236 0.252086  -0.768956 0.636737 -0.057217  0.061239 0.662170 0
0  -0.405370 0.930236 0.000000  -0.768957 0.636735 -0.057218  0.060857 0.662151 0
lowpoly_metal
0  -0.511093 0.374652 0.358733  0.000000 -0.000392 1.000000  0.038654 0.750384 0
0  -0.092506 0.374652 0.358733  0.000000 -0.000392 1.000000  0.038654 0.749748 0
0  -0.092506 0.431541 0.358756  0.000000 -0.000392 1.000000  0.038567 0.749748 0
lowpoly_metal
0  -0.198482 0.930236 0.358733  0.000000 1.000000 0.000000  0.061400 0.661834 0
0  0.000000 0.930235 0.358733  0.000000 1.000000 0.000000  0.061400 0.661534 0
0  0.000000 0.930235 0.000000  0.000000 1.000000 0.000000  0.060857 0.661538 0
lowpoly_plastic
0  -0.521735 0.767887 0.000000  0.000000 0.000000 -1.000000  0.040087 0.877265 0
0  -0.405370 0.930236 0.000000  0.000000 0.000000 -1.000000  0.040092 0.877272 0
0  0.000000 0.930235 0.000000  0.000000 0.000000 -1.000000  0.040111 0.877272 0
lowpoly_metal
0  -0.574375 0.606929 0.359327  -0.994540 0.003726 -0.104294  0.061044 0.658542 0
0  -0.559667 0.767439 0.261948  -0.994539 0.003727 -0.104297  0.061193 0.658780 0
0  -0.536099 0.767095 0.000000  -0.994539 0.003726 -0.104296  0.061591 0.658774 0
lowpoly_plastic
0  -0.092506 0.374652 0.215768  0.000242 0.000000 1.000000  0.035886 0.876672 0
0  0.000000 0.431541 0.215745  0.000242 0.000000 1.000000  0.035799 0.876531 0
0  -0.092506 0.431541 0.215768  0.000242 0.000000 1.000000  0.035799 0.876672 0
lowpoly_plastic
0  -0.092506 0.246528 0.263710  1.000000 0.000000 -0.000000  0.036659 0.876668 0
0  -0.092506 0.374652 0.215768  1.000000 0.000000 -0.000000  0.036732 0.876476 0
0  -0.092506 0.374652 0.263710  1.000000 0.000000 -0.000000  0.036659 0.876476 0
lowpoly_plastic
0  0.000000 0.246528 0.263710  0.000000 1.000000 0.000000  0.044613 0.876391 0
0  -0.092506 0.246528 0.215768  0.000000 1.000000 0.000000  0.044540 0.876531 0
0  -0.092506 0.246528 0.263710  0.000000 1.000000 0.000000  0.044613 0.876531 0
lowpoly_plastic
0  -0.570718 -0.624901 0.108574  0.091885 -0.497883 -0.862363  0.024215 0.874353 0
0  -0.522486 -0.503528 0.043639  0.091885 -0.497883 -0.862363  0.024287 0.874537 0
0  -0.529869 -0.624901 0.112926  0.091885 -0.497883 -0.862363  0.024277 0.874353 0
lowpoly_plastic
0  -0.263285 -0.334048 0.986197  0.716399 0.102143 -0.690174  0.038598 0.848160 0
0  -0.537594 -0.969239 0.607457  0.716401 0.102148 -0.690170  0.039176 0.849040 0
0  -0.553344 -0.157777 0.755278  0.716402 0.102150 -0.690170  0.038951 0.847821 0
lowpoly_plastic
0  -0.092506 0.374652 0.263710  1.000000 0.000000 -0.000000  0.036659 0.876476 0
0  -0.092506 0.374652 0.215768  1.000000 0.000000 -0.000000  0.036732 0.876476 0
0  -0.092506 0.431541 0.215768  1.000000 0.000000 -0.000000  0.036732 0.876391 0
lowpoly_metal
0  -0.070113 0.574484 0.377577  -0.866026 -0.499999 0.000000  0.068302 0.750727 0
0  -0.140187 0.695857 0.318157  -0.866026 -0.499999 0.000000  0.068391 0.750926 0
0  -0.070113 0.574484 0.318157  -0.866026 -0.499999 0.000000  0.068392 0.750728 0
lowpoly_plastic
0  -0.511093 0.374652 0.358733  0.994371 0.000001 0.105950  0.039553 0.847036 0
0  -0.553344 -0.157777 0.755278  0.994371 0.000001 0.105950  0.038951 0.847821 0
0  -0.522270 0.161341 0.463635  0.994371 0.000001 0.105950  0.039394 0.847352 0
lowpoly_plastic
0  0.570718 -0.624901 0.108574  -0.091884 -0.497883 -0.862363  0.024216 0.874353 0
0  0.522486 -0.503528 0.043639  -0.091884 -0.497883 -0.862363  0.024288 0.874537 0
0  0.563336 -0.503528 0.039286  -0.091884 -0.497883 -0.862363  0.024226 0.874538 0
lowpoly_metal
0  0.070113 0.574484 0.377577  0.866024 -0.500001 -0.000005  0.068302 0.750727 0
0  0.140187 0.695857 0.318157  0.866024 -0.500001 -0.000005  0.068392 0.750926 0
0  0.140187 0.695857 0.377577  0.866024 -0.500001 -0.000005  0.068301 0.750926 0
lowpoly_plastic
0  0.570718 0.085499 0.108574  -0.000000 1.000000 0.000000  0.023848 0.874773 0
0  0.544634 0.085499 0.251502  -0.000000 1.000000 0.000000  0.023786 0.874562 0
0  0.585483 0.085499 0.247150  -0.000000 1.000000 0.000000  0.023848 0.874562 0
lowpoly_plastic
0  0.544634 -0.624901 0.251502  0.000000 -1.000000 0.000000  0.023662 0.874562 0
0  0.570718 -0.624901 0.108574  0.000000 -1.000000 0.000000  0.023600 0.874774 0
0  0.585483 -0.624901 0.247150  0.000000 -1.000000 0.000000  0.023600 0.874562 0
lowpoly_plastic
0  0.522486 -0.035874 0.043639  -0.091884 0.497883 -0.862363  0.024304 0.873676 0
0  0.570718 0.085499 0.108574  -0.091884 0.497883 -0.862363  0.024233 0.873860 0
0  0.563336 -0.035874 0.039286  -0.091884 0.497883 -0.862363  0.024242 0.873676 0
lowpoly_metal
0  -0.070113 0.574484 0.377577  0.000000 -1.000000 0.000000  0.070396 0.747832 0
0  0.000000 0.574484 0.318157  0.000000 -1.000000 0.000000  0.070305 0.747938 0
0  0.000000 0.574484 0.377577  0.000000 -1.000000 0.000000  0.070396 0.747938 0
lowpoly_metal
0  0.000000 0.574484 0.318157  0.000000 -1.000000 0.000000  0.070306 0.747938 0
0  0.070113 0.574484 0.377577  0.000000 -1.000000 0.000000  0.070396 0.747832 0
0  0.000000 0.574484 0.377577  0.000000 -1.000000 0.000000  0.070396 0.747938 0
lowpoly_metal
0  0.140187 0.695857 0.318157  0.866023 0.500005 -0.000004  0.068392 0.750926 0
0  0.070113 0.817228 0.377577  0.866023 0.500005 -0.000004  0.068302 0.751092 0
0  0.140187 0.695857 0.377577  0.866023 0.500005 -0.000004  0.068301 0.750926 0
lowpoly_metal
0  -0.140187 0.695857 0.318157  -0.866024 0.500003 0.000000  0.068391 0.750926 0
0  -0.070113 0.817228 0.377577  -0.866024 0.500003 0.000000  0.068302 0.751092 0
0  -0.070113 0.817228 0.318157  -0.866024 0.500003 0.000000  0.068392 0.751092 0
lowpoly_plastic
0  0.544634 0.085499 0.251502  0.091884 0.497885 0.862362  0.023928 0.878297 0
0  0.592866 -0.035874 0.316438  0.091884 0.497885 0.862362  0.024000 0.878110 0
0  0.585483 0.085499 0.247150  0.091884 0.497885 0.862362  0.023990 0.878297 0
lowpoly_plastic
0  -0.570718 -0.624901 0.108574  0.000000 -1.000000 0.000000  0.023599 0.874774 0
0  -0.544634 -0.624901 0.251502  0.000000 -1.000000 0.000000  0.023661 0.874562 0
0  -0.585483 -0.624901 0.247150  0.000000 -1.000000 0.000000  0.023599 0.874562 0
lowpoly_plastic
0  0.552016 -0.503528 0.320791  0.091884 -0.497885 0.862362  0.023824 0.878110 0
0  0.585483 -0.624901 0.247150  0.091884 -0.497885 0.862362  0.023875 0.877929 0
0  0.592866 -0.503528 0.316438  0.091884 -0.497885 0.862362  0.023886 0.878110 0
lowpoly_plastic
0  0.570718 -0.157247 0.108574  -0.091885 -0.497883 -0.862363  0.024233 0.873491 0
0  0.522486 -0.035874 0.043639  -0.091885 -0.497883 -0.862363  0.024304 0.873676 0
0  0.563336 -0.035874 0.039286  -0.091885 -0.497883 -0.862363  0.024242 0.873676 0
lowpoly_plastic
0  0.544634 -0.157247 0.251502  0.000000 -1.000000 0.000000  0.023724 0.874562 0
0  0.570718 -0.157247 0.108574  0.000000 -1.000000 0.000000  0.023662 0.874774 0
0  0.585483 -0.157247 0.247150  0.000000 -1.000000 0.000000  0.023662 0.874562 0
lowpoly_plastic
0  0.552016 -0.035874 0.320791  0.091884 -0.497885 0.862362  0.023938 0.878110 0
0  0.585483 -0.157247 0.247150  0.091884 -0.497885 0.862362  0.023990 0.877929 0
0  0.592866 -0.035874 0.316438  0.091884 -0.497885 0.862362  0.024000 0.878110 0
lowpoly_plastic
0  0.570718 -0.382155 0.108574  0.000000 1.000000 0.000000  0.023786 0.874773 0
0  0.544634 -0.382155 0.251502  0.000000 1.000000 0.000000  0.023724 0.874562 0
0  0.585483 -0.382155 0.247150  0.000000 1.000000 0.000000  0.023786 0.874562 0
lowpoly_plastic
0  0.570718 0.085499 0.108574  0.994371 -0.000000 -0.105950  0.007034 0.766830 0
0  0.585483 0.085499 0.247150  0.994371 -0.000000 -0.105950  0.007216 0.766722 0
0  0.592866 -0.035874 0.316438  0.994371 -0.000000 -0.105950  0.007397 0.766827 0
lowpoly_plastic
0  0.592866 -0.503528 0.316438  0.994372 0.000000 -0.105950  0.006409 0.767090 0
0  0.585483 -0.624901 0.247150  0.994372 0.000000 -0.105950  0.006409 0.767302 0
0  0.563336 -0.503528 0.039286  0.994372 0.000000 -0.105950  0.006047 0.767305 0
lowpoly_plastic
0  0.544634 -0.382155 0.251502  0.091884 0.497885 0.862362  0.023813 0.878297 0
0  0.592866 -0.503528 0.316438  0.091884 0.497885 0.862362  0.023886 0.878110 0
0  0.585483 -0.382155 0.247150  0.091884 0.497885 0.862362  0.023875 0.878297 0
lowpoly_plastic
0  0.522486 -0.503528 0.043639  -0.091884 0.497883 -0.862363  0.024288 0.874537 0
0  0.570718 -0.382155 0.108574  -0.091884 0.497883 -0.862363  0.024216 0.874721 0
0  0.563336 -0.503528 0.039286  -0.091884 0.497883 -0.862363  0.024226 0.874538 0
lowpoly_metal
0  0.000000 0.574484 0.377577  0.000000 0.000000 1.000000  0.072857 0.522540 0
0  0.070113 0.574484 0.377577  0.000000 0.000000 1.000000  0.072857 0.522647 0
0  0.140187 0.695857 0.377577  0.000000 0.000000 1.000000  0.072672 0.522753 0
lowpoly_plastic
0  0.000000 0.174470 0.297872  0.000000 1.000000 0.000000  0.039544 0.772859 0
0  0.212855 0.174470 0.143496  0.000000 1.000000 0.000000  0.039311 0.773182 0
0  0.000000 0.174470 0.143496  0.000000 1.000000 0.000000  0.039311 0.772860 0
lowpoly_plastic
0  0.212855 0.174470 0.297872  0.866025 0.500000 0.000000  0.035294 0.775882 0
0  0.425710 -0.194206 0.143496  0.866025 0.500000 0.000000  0.035526 0.775377 0
0  0.212855 0.174470 0.143496  0.866025 0.500000 0.000000  0.035529 0.775882 0
lowpoly_plastic
0  0.425710 -0.194206 0.297872  0.866025 -0.500000 0.000000  0.035291 0.775376 0
0  0.212855 -0.562882 0.143496  0.866025 -0.500000 0.000000  0.035529 0.774775 0
0  0.425710 -0.194206 0.143496  0.866025 -0.500000 0.000000  0.035526 0.775377 0
lowpoly_plastic
0  -0.570718 -0.157247 0.108574  0.000000 -1.000000 0.000000  0.023661 0.874774 0
0  -0.544634 -0.157247 0.251502  0.000000 -1.000000 0.000000  0.023723 0.874562 0
0  -0.585483 -0.157247 0.247150  0.000000 -1.000000 0.000000  0.023661 0.874562 0
lowpoly_metal
0  0.000000 0.174470 0.297872  -0.000000 0.000000 1.000000  0.042068 0.752299 0
0  -0.161323 0.085214 0.297872  -0.000000 0.000000 1.000000  0.042203 0.752544 0
0  0.000000 0.085214 0.297872  -0.000000 0.000000 1.000000  0.042203 0.752299 0
lowpoly_plastic
0  -0.563336 -0.035874 0.039286  -0.994372 0.000000 -0.105950  0.007957 0.765504 0
0  -0.570718 -0.157247 0.108574  -0.994372 0.000000 -0.105950  0.008138 0.765608 0
0  -0.592866 -0.035874 0.316438  -0.994372 0.000000 -0.105950  0.008319 0.765289 0
lowpoly_plastic
0  -0.570718 -0.382155 0.108574  0.000000 1.000000 0.000000  0.023785 0.874773 0
0  -0.544634 -0.382155 0.251502  0.000000 1.000000 0.000000  0.023723 0.874562 0
0  -0.529869 -0.382155 0.112926  0.000000 1.000000 0.000000  0.023723 0.874773 0
lowpoly_metal
0  0.161323 0.085214 0.297872  0.000000 0.000000 1.000000  0.042204 0.752544 0
0  0.000000 0.174470 0.297872  0.000000 0.000000 1.000000  0.042068 0.752299 0
0  0.000000 0.085214 0.297872  0.000000 0.000000 1.000000  0.042204 0.752299 0
lowpoly_metal
0  0.322647 -0.194206 0.297872  0.000001 0.000000 1.000000  0.042628 0.752789 0
0  0.212855 0.174470 0.297872  0.000001 0.000000 1.000000  0.042068 0.752622 0
0  0.161323 0.085214 0.297872  0.000001 0.000000 1.000000  0.042204 0.752544 0
lowpoly_metal
0  0.161323 -0.473626 0.297872  0.000000 0.000000 1.000000  0.043052 0.752544 0
0  0.425710 -0.194206 0.297872  0.000000 0.000000 1.000000  0.042628 0.752946 0
0  0.322647 -0.194206 0.297872  0.000000 0.000000 1.000000  0.042628 0.752789 0
lowpoly_plastic
0  -0.570718 -0.157247 0.108574  0.091885 -0.497883 -0.862363  0.024232 0.873491 0
0  -0.522486 -0.035874 0.043639  0.091885 -0.497883 -0.862363  0.024304 0.873676 0
0  -0.529869 -0.157247 0.112926  0.091885 -0.497883 -0.862363  0.024294 0.873491 0
lowpoly_plastic
0  -0.585483 -0.382155 0.247150  -0.994372 0.000000 -0.105950  0.007150 0.765448 0
0  -0.570718 -0.382155 0.108574  -0.994372 0.000000 -0.105950  0.006969 0.765555 0
0  -0.563336 -0.503528 0.039286  -0.994372 0.000000 -0.105950  0.006969 0.765767 0
lowpoly_plastic
0  -0.585483 -0.157247 0.247150  -0.091884 -0.497885 0.862362  0.023989 0.877929 0
0  -0.552016 -0.035874 0.320791  -0.091884 -0.497885 0.862362  0.023938 0.878110 0
0  -0.592866 -0.035874 0.316438  -0.091884 -0.497885 0.862362  0.024000 0.878110 0
lowpoly_plastic
0  0.000000 -0.473626 0.287473  0.000000 1.000000 0.000000  0.035129 0.775858 0
0  -0.161323 -0.473626 0.297872  0.000000 1.000000 0.000000  0.035144 0.776102 0
0  0.000000 -0.473626 0.297872  0.000000 1.000000 0.000000  0.035144 0.775858 0
lowpoly_plastic
0  0.322647 -0.194206 0.297872  -0.866025 0.500001 0.000000  0.035113 0.775762 0
0  0.161323 -0.473626 0.287473  -0.866025 0.500001 0.000000  0.035128 0.776222 0
0  0.161323 -0.473626 0.297872  -0.866025 0.500001 0.000000  0.035112 0.776222 0
lowpoly_plastic
0  -0.570718 -0.382155 0.108574  0.091884 0.497884 -0.862362  0.024215 0.874721 0
0  -0.522486 -0.503528 0.043639  0.091884 0.497884 -0.862362  0.024287 0.874537 0
0  -0.563336 -0.503528 0.039286  0.091884 0.497884 -0.862362  0.024225 0.874538 0
lowpoly_plastic
0  -0.425710 -0.194206 0.143496  -0.866025 0.500000 0.000000  0.035525 0.775377 0
0  -0.212855 0.174470 0.297872  -0.866025 0.500000 0.000000  0.035293 0.775882 0
0  -0.212855 0.174470 0.143496  -0.866025 0.500000 0.000000  0.035528 0.775882 0
lowpoly_plastic
0  0.161323 -0.473626 0.297872  0.000000 1.000000 0.000000  0.035145 0.776102 0
0  0.000000 -0.473626 0.287473  0.000000 1.000000 0.000000  0.035129 0.775858 0
0  0.000000 -0.473626 0.297872  0.000000 1.000000 0.000000  0.035145 0.775858 0
lowpoly_plastic
0  0.161323 0.085214 0.297872  -0.866025 -0.500001 0.000000  0.035112 0.775386 0
0  0.322647 -0.194206 0.287473  -0.866025 -0.500001 0.000000  0.035129 0.775762 0
0  0.322647 -0.194206 0.297872  -0.866025 -0.500001 0.000000  0.035113 0.775762 0
lowpoly_plastic
0  0.117451 0.009226 0.287473  -0.000000 0.000000 1.000000  0.006903 0.735816 0
0  0.000000 0.085214 0.287473  -0.000000 0.000000 1.000000  0.006788 0.735637 0
0  0.000000 0.009226 0.287473  -0.000000 0.000000 1.000000  0.006903 0.735637 0
lowpoly_plastic
0  0.234903 -0.194206 0.287473  -0.000000 0.000000 1.000000  0.007212 0.735994 0
0  0.161323 0.085214 0.287473  -0.000000 0.000000 1.000000  0.006788 0.735882 0
0  0.117451 0.009226 0.287473  -0.000000 0.000000 1.000000  0.006903 0.735816 0
lowpoly_plastic
0  0.234903 -0.194206 0.287473  0.000000 0.000000 1.000000  0.007212 0.735994 0
0  0.161323 -0.473626 0.287473  0.000000 0.000000 1.000000  0.007636 0.735883 0
0  0.322647 -0.194206 0.287473  0.000000 0.000000 1.000000  0.007212 0.736127 0
lowpoly_metal
0  -0.140187 0.695857 0.377577  0.000000 0.000000 1.000000  0.072672 0.522753 0
0  -0.070113 0.574484 0.377577  0.000000 0.000000 1.000000  0.072856 0.522647 0
0  0.000000 0.574484 0.377577  0.000000 0.000000 1.000000  0.072856 0.522540 0
lowpoly_metal
0  -0.212855 0.174470 0.297872  -0.000001 0.000000 1.000000  0.042068 0.752622 0
0  -0.322647 -0.194206 0.297872  -0.000001 0.000000 1.000000  0.042628 0.752789 0
0  -0.161323 0.085214 0.297872  -0.000001 0.000000 1.000000  0.042203 0.752544 0
lowpoly_plastic
0  -0.212855 -0.562882 0.143496  -0.866025 -0.500000 0.000000  0.035528 0.774775 0
0  -0.425710 -0.194206 0.297872  -0.866025 -0.500000 0.000000  0.035291 0.775376 0
0  -0.425710 -0.194206 0.143496  -0.866025 -0.500000 0.000000  0.035525 0.775377 0
lowpoly_plastic
0  0.117451 -0.397638 0.287473  0.000000 -1.000000 0.000000  0.035090 0.775995 0
0  0.000000 -0.397638 0.301878  0.000000 -1.000000 0.000000  0.035111 0.776173 0
0  0.000000 -0.397638 0.287473  0.000000 -1.000000 0.000000  0.035090 0.776173 0
lowpoly_plastic
0  0.117451 0.009226 0.287473  0.866025 0.500001 0.000000  0.035129 0.775386 0
0  0.234903 -0.194206 0.301878  0.866025 0.500001 0.000000  0.035106 0.775107 0
0  0.234903 -0.194206 0.287473  0.866025 0.500001 0.000000  0.035128 0.775107 0
lowpoly_plastic
0  -0.322647 -0.194206 0.287473  0.866025 -0.500001 0.000000  0.035129 0.775762 0
0  -0.161323 0.085214 0.297872  0.866025 -0.500001 0.000000  0.035112 0.775386 0
0  -0.322647 -0.194206 0.297872  0.866025 -0.500001 0.000000  0.035113 0.775762 0
lowpoly_plastic
0  0.234903 -0.194206 0.287473  0.866025 -0.500001 0.000000  0.035128 0.775107 0
0  0.117451 -0.397638 0.301878  0.866025 -0.500001 0.000000  0.035107 0.774775 0
0  0.117451 -0.397638 0.287473  0.866025 -0.500001 0.000000  0.035129 0.774775 0
lowpoly_metal
0  -0.425710 -0.194206 0.297872  0.000000 0.000000 1.000000  0.042628 0.752946 0
0  -0.161323 -0.473626 0.297872  0.000000 0.000000 1.000000  0.043052 0.752544 0
0  -0.322647 -0.194206 0.297872  0.000000 0.000000 1.000000  0.042628 0.752789 0
lowpoly_metal
0  0.234903 -0.194206 0.301878  -0.000000 0.000000 1.000000  0.054827 0.652296 0
0  0.117451 0.009226 0.301878  -0.000000 0.000000 1.000000  0.054519 0.652118 0
0  0.000000 0.009226 0.301878  -0.000000 0.000000 1.000000  0.054519 0.651939 0
lowpoly_plastic
0  0.285480 0.084537 0.288041  -1.000000 0.000000 0.000000  0.039311 0.774043 0
0  0.285480 0.201742 0.053631  -1.000000 0.000000 0.000000  0.039486 0.774399 0
0  0.285480 0.084537 0.053631  -1.000000 0.000000 0.000000  0.039311 0.774399 0
lowpoly_plastic
0  0.386982 0.085701 0.232108  -0.500002 0.866024 0.000000  0.038697 0.774333 0
0  0.436725 0.114420 0.288041  -0.500002 0.866024 0.000000  0.038779 0.774403 0
0  0.436725 0.114420 0.232108  -0.500002 0.866024 0.000000  0.038694 0.774404 0
lowpoly_plastic
0  0.386982 0.260345 0.288041  0.500000 0.866025 0.000000  0.036291 0.777580 0
0  0.488485 0.201742 0.053631  0.500000 0.866025 0.000000  0.036453 0.777929 0
0  0.386982 0.260345 0.053631  0.500000 0.866025 0.000000  0.036291 0.777935 0
lowpoly_plastic
0  0.386982 0.025934 0.288041  -0.500001 -0.866025 0.000000  0.034664 0.777582 0
0  0.285480 0.084537 0.053631  -0.500001 -0.866025 0.000000  0.034825 0.777935 0
0  0.386982 0.025934 0.053631  -0.500001 -0.866025 0.000000  0.034664 0.777938 0
lowpoly_metal
0  0.386982 0.025934 0.288041  -0.000000 0.000000 1.000000  0.055927 0.652118 0
0  0.337240 0.114420 0.288041  -0.000000 0.000000 1.000000  0.055773 0.652120 0
0  0.285480 0.084537 0.288041  -0.000000 0.000000 1.000000  0.055773 0.652029 0
lowpoly_metal
0  0.386982 0.200577 0.288041  0.000000 0.000000 1.000000  0.055698 0.652251 0
0  0.285480 0.201742 0.288041  0.000000 0.000000 1.000000  0.055619 0.652118 0
0  0.337240 0.171858 0.288041  0.000000 0.000000 1.000000  0.055698 0.652164 0
lowpoly_metal
0  0.436725 0.114420 0.288041  0.000001 0.000000 1.000000  0.055849 0.652251 0
0  0.386982 0.025934 0.288041  0.000001 0.000000 1.000000  0.055927 0.652118 0
0  0.488485 0.084537 0.288041  0.000001 0.000000 1.000000  0.055927 0.652296 0
lowpoly_metal
0  0.386982 0.200577 0.288041  0.000001 0.000000 1.000000  0.055698 0.652251 0
0  0.488485 0.201742 0.288041  0.000001 0.000000 1.000000  0.055773 0.652385 0
0  0.386982 0.260345 0.288041  0.000001 0.000000 1.000000  0.055619 0.652296 0
lowpoly_metal
0  0.436725 0.171858 0.288041  0.000000 0.000000 1.000000  0.055773 0.652294 0
0  0.488485 0.084537 0.288041  0.000000 0.000000 1.000000  0.055927 0.652296 0
0  0.488485 0.201742 0.288041  0.000000 0.000000 1.000000  0.055773 0.652385 0
lowpoly_plastic
0  0.488485 0.201742 0.288041  1.000000 0.000000 0.000000  0.037246 0.777595 0
0  0.488485 0.084537 0.053631  1.000000 0.000000 0.000000  0.037422 0.777951 0
0  0.488485 0.201742 0.053631  1.000000 0.000000 0.000000  0.037246 0.777951 0
lowpoly_metal
0  0.436725 0.171858 0.232108  0.000000 0.000000 1.000000  0.057504 0.648730 0
0  0.337240 0.171858 0.232108  0.000000 0.000000 1.000000  0.057428 0.648861 0
0  0.386982 0.085701 0.232108  0.000000 0.000000 1.000000  0.057353 0.648730 0
lowpoly_metal
0  0.337240 0.171858 0.288041  0.000001 0.000000 1.000000  0.055698 0.652164 0
0  0.285480 0.084537 0.288041  0.000001 0.000000 1.000000  0.055773 0.652029 0
0  0.337240 0.114420 0.288041  0.000001 0.000000 1.000000  0.055773 0.652120 0
lowpoly_plastic
0  0.386982 0.200577 0.232108  0.500004 -0.866023 0.000000  0.039207 0.774332 0
0  0.337240 0.171858 0.288041  0.500004 -0.866023 0.000000  0.039290 0.774403 0
0  0.337240 0.171858 0.232108  0.500004 -0.866023 0.000000  0.039205 0.774404 0
lowpoly_plastic
0  0.337240 0.114420 0.232108  0.500004 0.866023 0.000000  0.038694 0.774253 0
0  0.386982 0.085701 0.288041  0.500004 0.866023 0.000000  0.038782 0.774332 0
0  0.386982 0.085701 0.232108  0.500004 0.866023 0.000000  0.038697 0.774333 0
lowpoly_plastic
0  0.436725 0.171858 0.232108  -0.500003 -0.866024 0.000000  0.039205 0.774253 0
0  0.386982 0.200577 0.288041  -0.500003 -0.866024 0.000000  0.039292 0.774331 0
0  0.386982 0.200577 0.232108  -0.500003 -0.866024 0.000000  0.039207 0.774332 0
lowpoly_plastic
0  0.436725 0.114420 0.232108  -1.000000 0.000000 0.000000  0.035095 0.777559 0
0  0.436725 0.171858 0.288041  -1.000000 0.000000 0.000000  0.035010 0.777473 0
0  0.436725 0.171858 0.232108  -1.000000 0.000000 0.000000  0.035095 0.777473 0
lowpoly_plastic
0  0.285480 0.201742 0.288041  -0.500001 0.866025 0.000000  0.036146 0.777572 0
0  0.386982 0.260345 0.053631  -0.500001 0.866025 0.000000  0.036291 0.777935 0
0  0.285480 0.201742 0.053631  -0.500001 0.866025 0.000000  0.036146 0.777927 0
lowpoly_metal
0  0.488485 0.084537 0.053631  0.000000 0.000000 -1.000000  0.052714 0.652286 0
0  0.285480 0.084537 0.053631  0.000000 0.000000 -1.000000  0.052869 0.652019 0
0  0.386982 0.260345 0.053631  0.000000 0.000000 -1.000000  0.053023 0.652286 0
lowpoly_metal
0  0.285480 0.084537 0.053631  0.000000 0.000000 -1.000000  0.052869 0.652019 0
0  0.285480 0.201742 0.053631  0.000000 0.000000 -1.000000  0.053023 0.652108 0
0  0.386982 0.260345 0.053631  0.000000 0.000000 -1.000000  0.053023 0.652286 0
lowpoly_metal
0  0.386982 0.260345 0.053631  -0.000000 0.000000 -1.000000  0.053023 0.652286 0
0  0.488485 0.201742 0.053631  -0.000000 0.000000 -1.000000  0.052869 0.652375 0
0  0.488485 0.084537 0.053631  -0.000000 0.000000 -1.000000  0.052714 0.652286 0
lowpoly_metal
0  0.337240 0.171858 0.232108  0.000000 0.000000 1.000000  0.057428 0.648861 0
0  0.337240 0.114420 0.232108  0.000000 0.000000 1.000000  0.057353 0.648818 0
0  0.386982 0.085701 0.232108  0.000000 0.000000 1.000000  0.057353 0.648730 0
lowpoly_metal
0  0.386982 0.085701 0.232108  0.000000 0.000000 1.000000  0.057353 0.648730 0
0  0.436725 0.114420 0.232108  0.000000 0.000000 1.000000  0.057428 0.648687 0
0  0.436725 0.171858 0.232108  0.000000 0.000000 1.000000  0.057504 0.648730 0
lowpoly_plastic
0  0.337240 0.171858 0.232108  1.000000 0.000000 0.000000  0.038864 0.774490 0
0  0.337240 0.114420 0.288041  1.000000 0.000000 0.000000  0.038779 0.774404 0
0  0.337240 0.114420 0.232108  1.000000 0.000000 0.000000  0.038864 0.774404 0
lowpoly_plastic
0  0.488485 0.084537 0.288041  0.500000 -0.866025 0.000000  0.034517 0.777578 0
0  0.386982 0.025934 0.053631  0.500000 -0.866025 0.000000  0.034664 0.777938 0
0  0.488485 0.084537 0.053631  0.500000 -0.866025 0.000000  0.034517 0.777934 0
lowpoly_plastic
0  -0.161323 0.085214 0.287473  0.000000 0.000000 1.000000  0.006787 0.735882 0
0  -0.234903 -0.194206 0.287473  0.000000 0.000000 1.000000  0.007211 0.735994 0
0  -0.117451 0.009226 0.287473  0.000000 0.000000 1.000000  0.006903 0.735816 0
lowpoly_plastic
0  -0.337240 0.171858 0.288041  -0.500004 -0.866023 0.000000  0.039289 0.774403 0
0  -0.386982 0.200577 0.232108  -0.500004 -0.866023 0.000000  0.039206 0.774332 0
0  -0.337240 0.171858 0.232108  -0.500004 -0.866023 0.000000  0.039204 0.774404 0
lowpoly_plastic
0  -0.488485 0.201742 0.053631  -0.500000 0.866025 0.000000  0.036453 0.777929 0
0  -0.386982 0.260345 0.288041  -0.500000 0.866025 0.000000  0.036291 0.777580 0
0  -0.386982 0.260345 0.053631  -0.500000 0.866025 0.000000  0.036291 0.777935 0
lowpoly_plastic
0  -0.234903 -0.194206 0.287473  -0.000000 0.000000 1.000000  0.007211 0.735994 0
0  -0.161323 -0.473626 0.287473  -0.000000 0.000000 1.000000  0.007636 0.735883 0
0  -0.117451 -0.397638 0.287473  -0.000000 0.000000 1.000000  0.007520 0.735816 0
lowpoly_metal
0  -0.386982 0.025934 0.288041  -0.000001 0.000000 1.000000  0.055927 0.652118 0
0  -0.337240 0.114420 0.288041  -0.000001 0.000000 1.000000  0.055772 0.652120 0
0  -0.386982 0.085701 0.288041  -0.000001 0.000000 1.000000  0.055848 0.652164 0
lowpoly_metal
0  -0.488485 0.201742 0.288041  -0.000001 0.000000 1.000000  0.055772 0.652385 0
0  -0.386982 0.200577 0.288041  -0.000001 0.000000 1.000000  0.055697 0.652251 0
0  -0.386982 0.260345 0.288041  -0.000001 0.000000 1.000000  0.055618 0.652296 0
lowpoly_metal
0  -0.285480 0.201742 0.288041  0.000000 0.000000 1.000000  0.055618 0.652118 0
0  -0.386982 0.200577 0.288041  0.000000 0.000000 1.000000  0.055697 0.652251 0
0  -0.337240 0.171858 0.288041  0.000000 0.000000 1.000000  0.055697 0.652164 0
lowpoly_metal
0  -0.436725 0.171858 0.288041  0.000001 0.000000 1.000000  0.055772 0.652294 0
0  -0.488485 0.084537 0.288041  0.000001 0.000000 1.000000  0.055927 0.652296 0
0  -0.436725 0.114420 0.288041  0.000001 0.000000 1.000000  0.055848 0.652251 0
lowpoly_metal
0  -0.436725 0.114420 0.288041  0.000001 0.000000 1.000000  0.055848 0.652251 0
0  -0.386982 0.025934 0.288041  0.000001 0.000000 1.000000  0.055927 0.652118 0
0  -0.386982 0.085701 0.288041  0.000001 0.000000 1.000000  0.055848 0.652164 0
lowpoly_plastic
0  -0.234903 -0.194206 0.301878  -0.866025 0.500001 0.000000  0.035105 0.775107 0
0  -0.117451 0.009226 0.287473  -0.866025 0.500001 0.000000  0.035129 0.775386 0
0  -0.234903 -0.194206 0.287473  -0.866025 0.500001 0.000000  0.035127 0.775107 0
lowpoly_plastic
0  -0.386982 0.260345 0.053631  0.500001 0.866025 0.000000  0.036291 0.777935 0
0  -0.285480 0.201742 0.288041  0.500001 0.866025 0.000000  0.036146 0.777572 0
0  -0.285480 0.201742 0.053631  0.500001 0.866025 0.000000  0.036146 0.777927 0
lowpoly_plastic
0  -0.285480 0.084537 0.053631  0.500001 -0.866025 0.000000  0.034824 0.777935 0
0  -0.386982 0.025934 0.288041  0.500001 -0.866025 0.000000  0.034663 0.777582 0
0  -0.386982 0.025934 0.053631  0.500001 -0.866025 0.000000  0.034663 0.777938 0
lowpoly_plastic
0  -0.436725 0.171858 0.288041  1.000000 0.000000 0.000000  0.035009 0.777473 0
0  -0.436725 0.114420 0.232108  1.000000 0.000000 0.000000  0.035094 0.777559 0
0  -0.436725 0.171858 0.232108  1.000000 0.000000 0.000000  0.035094 0.777473 0
lowpoly_metal
0  -0.436725 0.171858 0.232108  0.000000 0.000000 1.000000  0.057503 0.648730 0
0  -0.337240 0.171858 0.232108  0.000000 0.000000 1.000000  0.057427 0.648861 0
0  -0.386982 0.200577 0.232108  0.000000 0.000000 1.000000  0.057503 0.648818 0
lowpoly_metal
0  -0.488485 0.084537 0.053631  0.000000 0.000000 -1.000000  0.052714 0.652286 0
0  -0.285480 0.084537 0.053631  0.000000 0.000000 -1.000000  0.052868 0.652019 0
0  -0.386982 0.025934 0.053631  0.000000 0.000000 -1.000000  0.052714 0.652108 0
lowpoly_plastic
0  -0.386982 0.085701 0.288041  -0.500004 0.866023 0.000000  0.038781 0.774332 0
0  -0.337240 0.114420 0.232108  -0.500004 0.866023 0.000000  0.038693 0.774253 0
0  -0.386982 0.085701 0.232108  -0.500004 0.866023 0.000000  0.038696 0.774333 0
lowpoly_plastic
0  -0.436725 0.114420 0.288041  0.500002 0.866024 0.000000  0.038778 0.774403 0
0  -0.386982 0.085701 0.232108  0.500002 0.866024 0.000000  0.038696 0.774333 0
0  -0.436725 0.114420 0.232108  0.500002 0.866024 0.000000  0.038693 0.774404 0
lowpoly_plastic
0  -0.117451 -0.397638 0.301878  -0.866025 -0.500001 0.000000  0.035107 0.774775 0
0  -0.234903 -0.194206 0.287473  -0.866025 -0.500001 0.000000  0.035127 0.775107 0
0  -0.117451 -0.397638 0.287473  -0.866025 -0.500001 0.000000  0.035129 0.774775 0
lowpoly_metal
0  0.000000 0.009226 0.301878  0.000000 0.000000 1.000000  0.054518 0.651939 0
0  -0.117451 0.009226 0.301878  0.000000 0.000000 1.000000  0.054518 0.652118 0
0  -0.234903 -0.194206 0.301878  0.000000 0.000000 1.000000  0.054827 0.652296 0
lowpoly_plastic
0  -0.285480 0.201742 0.053631  1.000000 0.000000 0.000000  0.039485 0.774399 0
0  -0.285480 0.084537 0.288041  1.000000 0.000000 0.000000  0.039310 0.774043 0
0  -0.285480 0.084537 0.053631  1.000000 0.000000 0.000000  0.039310 0.774399 0
lowpoly_metal
0  -0.285480 0.084537 0.288041  0.000000 0.000000 1.000000  0.055772 0.652029 0
0  -0.337240 0.171858 0.288041  0.000000 0.000000 1.000000  0.055697 0.652164 0
0  -0.337240 0.114420 0.288041  0.000000 0.000000 1.000000  0.055772 0.652120 0
lowpoly_plastic
0  -0.386982 0.200577 0.288041  0.500003 -0.866024 0.000000  0.039291 0.774331 0
0  -0.436725 0.171858 0.232108  0.500003 -0.866024 0.000000  0.039204 0.774253 0
0  -0.386982 0.200577 0.232108  0.500003 -0.866024 0.000000  0.039206 0.774332 0
lowpoly_plastic
0  -0.488485 0.084537 0.053631  -1.000000 0.000000 0.000000  0.037421 0.777951 0
0  -0.488485 0.201742 0.288041  -1.000000 0.000000 0.000000  0.037245 0.777595 0
0  -0.488485 0.201742 0.053631  -1.000000 0.000000 0.000000  0.037245 0.777951 0
lowpoly_plastic
0  0.000000 -0.397638 0.301878  0.000000 -1.000000 0.000000  0.035111 0.776173 0
0  -0.117451 -0.397638 0.287473  0.000000 -1.000000 0.000000  0.035089 0.775995 0
0  0.000000 -0.397638 0.287473  0.000000 -1.000000 0.000000  0.035089 0.776173 0
lowpoly_metal
0  0.574375 0.606929 0.359327  -0.007282 -0.006629 0.999951  0.039142 0.750480 0
0  0.198482 0.930236 0.358733  -0.007282 -0.006629 0.999951  0.038651 0.749909 0
0  0.511107 0.606929 0.358867  -0.007282 -0.006629 0.999951  0.039142 0.750384 0
glass
0  0.227842 -0.864759 0.985545  0.079347 -0.996847 0.000076  0.993384 0.214346 0
0  0.000000 -0.864759 0.995204  0.000011 -1.000000 0.000070  1.000000 0.370401 0
0  0.000000 -0.936500 0.629457  0.000000 -1.000000 0.000012  0.749490 0.370401 0
glass
0  0.547684 -0.674325 0.702157  0.075551 0.997142 0.000003  0.300305 0.750248 0
0  0.500968 -0.674325 0.263710  0.075570 0.997141 -0.000010  0.000000 0.718251 0
0  0.000000 -0.602584 0.627966  -0.000000 1.000000 -0.000014  0.249490 0.375124 0
lowpoly_metal
0  -0.285480 0.084537 0.053631  -0.000000 0.000000 -1.000000  0.052868 0.652019 0
0  -0.386982 0.260345 0.053631  -0.000000 0.000000 -1.000000  0.053022 0.652286 0
0  -0.285480 0.201742 0.053631  -0.000000 0.000000 -1.000000  0.053022 0.652108 0
lowpoly_metal
0  -0.386982 0.260345 0.053631  0.000000 0.000000 -1.000000  0.053022 0.652286 0
0  -0.488485 0.084537 0.053631  0.000000 0.000000 -1.000000  0.052714 0.652286 0
0  -0.488485 0.201742 0.053631  0.000000 0.000000 -1.000000  0.052868 0.652375 0
lowpoly_plastic
0  0.000000 0.085214 0.287473  0.000001 0.000000 1.000000  0.006787 0.735637 0
0  -0.117451 0.009226 0.287473  0.000001 0.000000 1.000000  0.006903 0.735816 0
0  0.000000 0.009226 0.287473  0.000001 0.000000 1.000000  0.006903 0.735637 0
lowpoly_plastic
0  -0.161323 -0.473626 0.287473  0.866025 0.500001 0.000000  0.035127 0.776222 0
0  -0.322647 -0.194206 0.297872  0.866025 0.500001 0.000000  0.035113 0.775762 0
0  -0.161323 -0.473626 0.297872  0.866025 0.500001 0.000000  0.035112 0.776222 0
lowpoly_plastic
0  0.000000 0.009226 0.287473  0.000000 1.000000 0.000000  0.035270 0.776220 0
0  0.117451 0.009226 0.301878  0.000000 1.000000 0.000000  0.035291 0.776398 0
0  0.117451 0.009226 0.287473  0.000000 1.000000 0.000000  0.035270 0.776398 0
lowpoly_plastic
0  0.117451 -0.397638 0.287473  0.000000 0.000000 1.000000  0.007521 0.735816 0
0  0.000000 -0.473626 0.287473  0.000000 0.000000 1.000000  0.007636 0.735637 0
0  0.161323 -0.473626 0.287473  0.000000 0.000000 1.000000  0.007636 0.735883 0
lowpoly_plastic
0  -0.592866 -0.503528 0.316438  -0.091884 0.497885 0.862362  0.023885 0.878110 0
0  -0.544634 -0.382155 0.251502  -0.091884 0.497885 0.862362  0.023813 0.878297 0
0  -0.585483 -0.382155 0.247150  -0.091884 0.497885 0.862362  0.023875 0.878297 0
lowpoly_plastic
0  -0.212855 0.174470 0.143496  -0.000000 1.000000 0.000000  0.039310 0.773182 0
0  0.000000 0.174470 0.297872  -0.000000 1.000000 0.000000  0.039544 0.772859 0
0  0.000000 0.174470 0.143496  -0.000000 1.000000 0.000000  0.039310 0.772860 0
lowpoly_plastic
0  0.000000 0.085214 0.297872  -0.000000 -1.000000 0.000000  0.035106 0.775019 0
0  0.161323 0.085214 0.287473  -0.000000 -1.000000 0.000000  0.035090 0.774775 0
0  0.161323 0.085214 0.297872  -0.000000 -1.000000 0.000000  0.035106 0.774775 0
lowpoly_metal
0  0.161323 -0.473626 0.297872  0.000000 0.000000 1.000000  0.043052 0.752544 0
0  0.000000 -0.562882 0.297872  0.000000 0.000000 1.000000  0.043188 0.752299 0
0  0.212855 -0.562882 0.297872  0.000000 0.000000 1.000000  0.043188 0.752622 0
lowpoly_plastic
0  0.212855 -0.562882 0.297872  0.000000 -1.000000 0.000000  0.039545 0.771891 0
0  0.000000 -0.562882 0.143496  0.000000 -1.000000 0.000000  0.039311 0.772214 0
0  0.212855 -0.562882 0.143496  0.000000 -1.000000 0.000000  0.039311 0.771892 0
lowpoly_plastic
0  -0.592866 -0.035874 0.316438  -0.091885 0.497885 0.862362  0.024000 0.878110 0
0  -0.544634 0.085499 0.251502  -0.091885 0.497885 0.862362  0.023927 0.878297 0
0  -0.585483 0.085499 0.247150  -0.091885 0.497885 0.862362  0.023989 0.878297 0
lowpoly_plastic
0  -0.585483 -0.624901 0.247150  -0.091884 -0.497885 0.862362  0.023875 0.877929 0
0  -0.552016 -0.503528 0.320791  -0.091884 -0.497885 0.862362  0.023823 0.878110 0
0  -0.592866 -0.503528 0.316438  -0.091884 -0.497885 0.862362  0.023885 0.878110 0
lowpoly_metal
0  0.000000 0.817228 0.318157  0.000000 1.000000 0.000000  0.070396 0.747938 0
0  0.070113 0.817228 0.377577  0.000000 1.000000 0.000000  0.070486 0.748044 0
0  0.070113 0.817228 0.318157  0.000000 1.000000 0.000000  0.070396 0.748044 0
lowpoly_plastic
0  -0.570718 0.085499 0.108574  0.000000 1.000000 0.000000  0.023848 0.874773 0
0  -0.544634 0.085499 0.251502  0.000000 1.000000 0.000000  0.023785 0.874562 0
0  -0.529869 0.085499 0.112926  0.000000 1.000000 0.000000  0.023785 0.874773 0
lowpoly_plastic
0  -0.570718 0.085499 0.108574  0.091884 0.497884 -0.862363  0.024232 0.873860 0
0  -0.522486 -0.035874 0.043639  0.091884 0.497884 -0.862363  0.024304 0.873676 0
0  -0.563336 -0.035874 0.039286  0.091884 0.497884 -0.862363  0.024242 0.873676 0
lowpoly_metal
0  -0.337240 0.171858 0.232108  0.000000 0.000000 1.000000  0.057427 0.648861 0
0  -0.386982 0.085701 0.232108  0.000000 0.000000 1.000000  0.057352 0.648730 0
0  -0.337240 0.114420 0.232108  0.000000 0.000000 1.000000  0.057352 0.648818 0
lowpoly_metal
0  -0.386982 0.085701 0.232108  0.000000 0.000000 1.000000  0.057352 0.648730 0
0  -0.436725 0.171858 0.232108  0.000000 0.000000 1.000000  0.057503 0.648730 0
0  -0.436725 0.114420 0.232108  0.000000 0.000000 1.000000  0.057427 0.648687 0
lowpoly_plastic
0  -0.337240 0.114420 0.288041  -1.000000 0.000000 0.000000  0.038778 0.774404 0
0  -0.337240 0.171858 0.232108  -1.000000 0.000000 0.000000  0.038863 0.774490 0
0  -0.337240 0.114420 0.232108  -1.000000 0.000000 0.000000  0.038863 0.774404 0
lowpoly_plastic
0  -0.386982 0.025934 0.053631  -0.500000 -0.866025 0.000000  0.034663 0.777938 0
0  -0.488485 0.084537 0.288041  -0.500000 -0.866025 0.000000  0.034516 0.777578 0
0  -0.488485 0.084537 0.053631  -0.500000 -0.866025 0.000000  0.034516 0.777934 0
lowpoly_metal
0  -0.574375 0.606929 0.359327  0.007282 -0.006629 0.999951  0.038301 0.750480 0
0  -0.511107 0.606929 0.358867  0.007282 -0.006629 0.999951  0.038301 0.750384 0
0  -0.198482 0.930236 0.358733  0.007282 -0.006629 0.999951  0.037810 0.749909 0
glass
0  -0.540788 -0.864759 0.637438  -0.079367 -0.996846 0.000000  0.754956 0.740802 0
0  -0.500968 -0.864759 0.263710  -0.079378 -0.996845 -0.000017  0.498979 0.713528 0
0  0.000000 -0.936500 0.629457  0.000000 -1.000000 0.000012  0.749490 0.370401 0
glass
0  -0.266186 -0.674325 0.980989  -0.075546 0.997142 0.000083  0.491284 0.192806 0
0  0.000000 -0.674325 0.992223  -0.000011 1.000000 0.000074  0.498979 0.375124 0
0  0.000000 -0.602584 0.627966  -0.000000 1.000000 -0.000014  0.249490 0.375124 0
lowpoly_plastic
0  -0.117451 0.009226 0.301878  -0.000000 1.000000 0.000000  0.035291 0.776398 0
0  0.000000 0.009226 0.287473  -0.000000 1.000000 0.000000  0.035269 0.776220 0
0  -0.117451 0.009226 0.287473  -0.000000 1.000000 0.000000  0.035269 0.776398 0
lowpoly_plastic
0  -0.117451 -0.397638 0.287473  0.000000 0.000000 1.000000  0.007520 0.735816 0
0  0.000000 -0.473626 0.287473  0.000000 0.000000 1.000000  0.007636 0.735637 0
0  0.000000 -0.397638 0.287473  0.000000 0.000000 1.000000  0.007520 0.735637 0
lowpoly_plastic
0  -0.161323 0.085214 0.287473  0.000000 -1.000000 0.000000  0.035089 0.774775 0
0  0.000000 0.085214 0.297872  0.000000 -1.000000 0.000000  0.035105 0.775019 0
0  -0.161323 0.085214 0.297872  0.000000 -1.000000 0.000000  0.035105 0.774775 0
lowpoly_metal
0  -0.161323 -0.473626 0.297872  0.000000 0.000000 1.000000  0.043052 0.752544 0
0  0.000000 -0.562882 0.297872  0.000000 0.000000 1.000000  0.043187 0.752299 0
0  0.000000 -0.473626 0.297872  0.000000 0.000000 1.000000  0.043052 0.752299 0
lowpoly_plastic
0  0.000000 -0.562882 0.143496  0.000000 -1.000000 0.000000  0.039310 0.772214 0
0  -0.212855 -0.562882 0.297872  0.000000 -1.000000 0.000000  0.039544 0.771891 0
0  -0.212855 -0.562882 0.143496  0.000000 -1.000000 0.000000  0.039310 0.771892 0
lowpoly_metal
0  -0.070113 0.817228 0.377577  0.000000 1.000000 0.000000  0.070486 0.748044 0
0  0.000000 0.817228 0.318157  0.000000 1.000000 0.000000  0.070396 0.747938 0
0  -0.070113 0.817228 0.318157  0.000000 1.000000 0.000000  0.070396 0.748044 0
lowpoly_metal
0  0.536099 -0.962146 0.000000  0.111475 -0.993696 -0.011877  0.043385 0.748411 0
0  0.574321 -0.962146 0.358733  0.111475 -0.993696 -0.011877  0.043929 0.748352 0
0  0.500968 -0.969239 0.263710  0.111475 -0.993696 -0.011877  0.043785 0.748462 0
lowpoly_metal
0  0.000000 -1.022286 0.263710  0.108316 -0.994100 -0.005744  0.048622 0.753508 0
0  0.000000 -1.022286 0.000000  0.108316 -0.994100 -0.005744  0.048222 0.753509 0
0  0.472870 -0.969239 0.000000  0.108316 -0.994100 -0.005744  0.048225 0.752800 0
lowpoly_metal
0  0.263285 -0.334048 0.986197  -0.015480 0.951167 0.308287  0.044870 0.751492 0
0  0.000000 -0.344749 0.991871  -0.015490 0.951167 0.308289  0.044880 0.751095 0
0  0.000000 -0.357119 1.044157  -0.015483 0.951167 0.308288  0.044960 0.751096 0
lowpoly_metal
0  0.281347 -0.357119 1.044157  0.724608 -0.062429 0.686327  0.060849 0.657026 0
0  0.281347 -0.880053 1.044157  0.724609 -0.062429 0.686327  0.060849 0.656241 0
0  0.605050 -0.962149 0.647362  0.724613 -0.062437 0.686322  0.061448 0.656191 0
lowpoly_metal
0  0.241575 -0.892039 0.970268  0.001519 -0.986301 0.164949  0.044862 0.748861 0
0  0.281347 -0.880053 1.044157  0.001533 -0.986293 0.164995  0.044975 0.748802 0
0  0.000000 -0.880053 1.044157  0.001533 -0.986293 0.164994  0.044975 0.749228 0
lowpoly_plastic
0  0.241575 -0.892039 0.970268  -0.020641 0.030334 -0.999327  0.034630 0.851528 0
0  0.000000 -0.892119 0.974662  -0.020641 0.030334 -0.999327  0.034997 0.851527 0
0  0.000000 -0.344749 0.991871  -0.020641 0.030334 -0.999327  0.034998 0.852359 0
lowpoly_metal
0  0.281347 -0.357119 1.044157  0.000000 0.000000 1.000000  0.057637 0.661871 0
0  0.000000 -0.357119 1.044157  0.000000 0.000000 1.000000  0.057637 0.661444 0
0  0.000000 -0.880053 1.044157  0.000000 0.000000 1.000000  0.058430 0.661444 0
lowpoly_plastic
0  0.000000 0.309144 0.000000  0.000000 0.000000 -1.000000  0.040111 0.877243 0
0  0.472870 0.326548 0.000000  0.000000 0.000000 -1.000000  0.040089 0.877244 0
0  0.472870 -0.969239 0.000000  0.000000 0.000000 -1.000000  0.040089 0.877183 0
lowpoly_metal
0  0.536099 -0.567894 0.000000  0.994371 0.000000 -0.105950  0.062432 0.656769 0
0  0.574321 -0.567894 0.358733  0.994371 0.000000 -0.105950  0.061887 0.656777 0
0  0.574321 -0.962146 0.358733  0.994371 0.000000 -0.105950  0.061887 0.656185 0
lowpoly_plastic
0  0.472870 -0.969239 0.000000  0.000000 0.000000 -1.000000  0.040406 0.874392 0
0  0.472870 0.326548 0.000000  0.000000 0.000000 -1.000000  0.040406 0.874452 0
0  0.536099 -0.567894 0.000000  0.000000 0.000000 -1.000000  0.040403 0.874410 0
lowpoly_plastic
0  0.092506 0.374652 0.358733  0.000000 -1.000000 0.000000  0.035679 0.850205 0
0  0.092506 0.374652 0.263710  0.000000 -1.000000 0.000000  0.035535 0.850206 0
0  0.500968 0.374652 0.263710  0.000000 -1.000000 0.000000  0.035535 0.849587 0
lowpoly_plastic
0  0.500968 -0.969239 0.263710  -0.000000 0.000000 1.000000  0.038538 0.849371 0
0  0.500968 0.374652 0.263710  -0.000000 0.000000 1.000000  0.038538 0.851412 0
0  0.092506 0.246528 0.263710  -0.000000 0.000000 1.000000  0.037918 0.851217 0
lowpoly_plastic
0  0.500968 0.374652 0.263710  0.000000 0.000000 1.000000  0.038538 0.851412 0
0  0.092506 0.374652 0.263710  0.000000 0.000000 1.000000  0.037918 0.851412 0
0  0.092506 0.246528 0.263710  0.000000 0.000000 1.000000  0.037918 0.851217 0
lowpoly_plastic
0  0.092506 0.246528 0.263710  -0.000001 0.000000 1.000000  0.037918 0.851217 0
0  0.000000 0.246528 0.263710  -0.000001 0.000000 1.000000  0.037778 0.851217 0
0  0.000000 -1.022286 0.263710  -0.000001 0.000000 1.000000  0.037778 0.849291 0
lowpoly_plastic
0  0.576725 -0.423929 0.381287  0.000000 0.862303 0.506392  0.054095 0.877841 0
0  0.513496 -0.423929 0.381287  0.000000 0.862303 0.506392  0.054000 0.877848 0
0  0.520480 -0.462422 0.446833  0.000000 0.862303 0.506392  0.054007 0.877743 0
lowpoly_plastic
0  0.585499 0.161341 0.463635  -0.000362 -0.416522 -0.909126  0.057020 0.877791 0
0  0.606055 -0.259768 0.656561  -0.000362 -0.416522 -0.909126  0.057011 0.877149 0
0  0.542828 -0.259767 0.656586  -0.000362 -0.416522 -0.909126  0.057107 0.877152 0
lowpoly_metal
0  0.574321 -0.567894 0.358733  0.994376 -0.000033 -0.105910  0.061887 0.656777 0
0  0.583708 -0.462422 0.446833  0.994376 -0.000033 -0.105910  0.061753 0.656938 0
0  0.605050 -0.962149 0.647362  0.994376 -0.000033 -0.105910  0.061448 0.656191 0
lowpoly_plastic
0  0.576725 0.143375 0.381287  0.000000 0.000000 1.000000  0.058397 0.874418 0
0  0.513496 0.143375 0.381287  0.000000 0.000000 1.000000  0.058301 0.874418 0
0  0.513496 -0.423929 0.381287  0.000000 0.000000 1.000000  0.058301 0.873557 0
lowpoly_metal
0  0.576725 -0.423929 0.381287  0.994371 0.000000 -0.105951  0.061852 0.656994 0
0  0.574321 -0.567894 0.358733  0.994371 0.000000 -0.105951  0.061887 0.656777 0
0  0.574321 0.164858 0.358733  0.994371 0.000000 -0.105951  0.061887 0.657878 0
lowpoly_plastic
0  0.576725 0.143375 0.381287  0.000000 -0.977019 0.213153  0.057011 0.878283 0
0  0.585499 0.161341 0.463635  0.000000 -0.977019 0.213153  0.057011 0.878157 0
0  0.522270 0.161341 0.463635  0.000000 -0.977019 0.213153  0.057106 0.878165 0
lowpoly_plastic
0  0.583708 -0.462422 0.446833  0.000000 0.873328 -0.487133  0.054103 0.877736 0
0  0.520480 -0.462422 0.446833  0.000000 0.873328 -0.487133  0.054007 0.877743 0
0  0.539173 -0.364562 0.622275  0.000000 0.873328 -0.487133  0.054000 0.877488 0
lowpoly_plastic
0  0.602402 -0.364562 0.622275  0.000000 0.311155 -0.950359  0.057020 0.876990 0
0  0.539173 -0.364562 0.622275  0.000000 0.311155 -0.950359  0.057116 0.876993 0
0  0.542828 -0.259767 0.656586  0.000000 0.311155 -0.950359  0.057107 0.877152 0
lowpoly_plastic
0  0.539173 -0.364562 0.622275  -0.994371 0.000000 0.105949  0.039154 0.848134 0
0  0.537594 -0.969239 0.607457  -0.994371 0.000000 0.105949  0.039176 0.849040 0
0  0.553344 -0.157777 0.755278  -0.994371 0.000000 0.105949  0.038952 0.847821 0
lowpoly_metal
0  0.605050 -0.962149 0.647362  -0.023507 -0.982121 0.186778  0.044367 0.748304 0
0  0.281347 -0.880053 1.044157  -0.023508 -0.982121 0.186779  0.044975 0.748802 0
0  0.241575 -0.892039 0.970268  -0.023507 -0.982121 0.186779  0.044862 0.748861 0
lowpoly_metal
0  0.574321 -0.962146 0.358733  0.111474 -0.993696 -0.011877  0.043929 0.748352 0
0  0.605050 -0.962149 0.647362  0.111474 -0.993696 -0.011877  0.044367 0.748304 0
0  0.537594 -0.969239 0.607457  0.111474 -0.993696 -0.011877  0.044306 0.748405 0
lowpoly_metal
0  0.511107 0.606929 0.358867  -0.067028 0.460214 0.885274  0.039142 0.750384 0
0  0.553344 -0.157777 0.755278  -0.067029 0.460220 0.885271  0.040320 0.750444 0
0  0.616746 -0.143749 0.757111  -0.067028 0.460217 0.885273  0.040299 0.750540 0
lowpoly_metal
0  0.553344 -0.157777 0.755278  -0.207099 0.885459 0.416019  0.044501 0.751907 0
0  0.263285 -0.334048 0.986197  -0.207136 0.885465 0.415989  0.044870 0.751492 0
0  0.281347 -0.357119 1.044157  -0.207026 0.885448 0.416080  0.044960 0.751522 0
lowpoly_metal
0  0.536099 0.164858 0.000000  0.994371 0.000000 -0.105950  0.062432 0.657870 0
0  0.574321 0.164858 0.358733  0.994371 0.000000 -0.105950  0.061887 0.657878 0
0  0.574321 -0.567894 0.358733  0.994371 0.000000 -0.105950  0.061887 0.656777 0
lowpoly_metal
0  0.574375 0.606929 0.359327  0.994385 0.000052 -0.105820  0.061886 0.658542 0
0  0.616746 -0.143749 0.757111  0.994385 0.000052 -0.105820  0.061281 0.657423 0
0  0.585499 0.161341 0.463635  0.994385 0.000052 -0.105820  0.061727 0.657875 0
lowpoly_metal
0  0.419767 0.930236 0.252086  0.768959 0.636733 -0.057212  0.062080 0.662170 0
0  0.559667 0.767439 0.261948  0.768959 0.636733 -0.057213  0.062112 0.662405 0
0  0.536099 0.767095 0.000000  0.768959 0.636733 -0.057213  0.061716 0.662372 0
lowpoly_metal
0  0.574321 0.164858 0.358733  0.994540 0.003738 -0.104288  0.061887 0.657878 0
0  0.536099 0.164858 0.000000  0.994540 0.003738 -0.104288  0.062432 0.657870 0
0  0.574375 0.606929 0.359327  0.994540 0.003739 -0.104288  0.061886 0.658542 0
lowpoly_metal
0  0.536099 0.164858 0.000000  0.994540 0.003730 -0.104292  0.062432 0.657870 0
0  0.536099 0.767095 0.000000  0.994538 0.003687 -0.104311  0.062432 0.658774 0
0  0.574375 0.606929 0.359327  0.994540 0.003730 -0.104291  0.061886 0.658542 0
lowpoly_plastic
0  0.536099 -0.567894 0.000000  0.000000 0.000000 -1.000000  0.040086 0.877202 0
0  0.472870 0.326548 0.000000  0.000000 0.000000 -1.000000  0.040089 0.877244 0
0  0.536099 0.164858 0.000000  0.000000 0.000000 -1.000000  0.040086 0.877236 0
lowpoly_plastic
0  0.472870 0.326548 0.000000  0.000000 0.000000 -1.000000  0.040089 0.877244 0
0  0.521735 0.767887 0.000000  0.000000 0.000000 -1.000000  0.040087 0.877265 0
0  0.536099 0.767095 0.000000  0.000000 0.000000 -1.000000  0.040086 0.877264 0
lowpoly_plastic
0  0.472870 0.326548 0.000000  0.000000 0.000000 -1.000000  0.040089 0.877244 0
0  0.000000 0.309144 0.000000  0.000000 0.000000 -1.000000  0.040111 0.877243 0
0  0.521735 0.767887 0.000000  0.000000 0.000000 -1.000000  0.040087 0.877265 0
lowpoly_plastic
0  0.000000 0.309144 0.000000  0.000000 0.000000 -1.000000  0.040111 0.877243 0
0  0.000000 0.930235 0.000000  0.000000 0.000000 -1.000000  0.040111 0.877272 0
0  0.521735 0.767887 0.000000  0.000000 0.000000 -1.000000  0.040087 0.877265 0
lowpoly_metal
0  0.419767 0.930236 0.252086  0.000000 1.000000 0.000000  0.062080 0.662170 0
0  0.405370 0.930236 0.000000  0.000000 1.000000 0.000000  0.061698 0.662151 0
0  0.198482 0.930236 0.358733  0.000000 1.000000 0.000000  0.062241 0.661834 0
lowpoly_metal
0  0.405370 0.930236 0.000000  -0.000000 1.000000 -0.000000  0.061698 0.662151 0
0  0.000000 0.930235 0.000000  -0.000000 1.000000 -0.000000  0.061698 0.661538 0
0  0.198482 0.930236 0.358733  -0.000000 1.000000 -0.000000  0.062241 0.661834 0
lowpoly_metal
0  0.419767 0.930236 0.252086  0.417236 0.459586 0.784025  0.057637 0.660722 0
0  0.198482 0.930236 0.358733  0.417235 0.459588 0.784024  0.057641 0.660385 0
0  0.574375 0.606929 0.359327  0.417236 0.459587 0.784024  0.058132 0.660956 0
lowpoly_metal
0  0.000000 0.930235 0.358733  -0.000242 0.000000 1.000000  0.038651 0.749607 0
0  0.000000 0.431541 0.358733  -0.000242 0.000000 1.000000  0.039408 0.749608 0
0  0.092506 0.431541 0.358756  -0.000242 0.000000 1.000000  0.039408 0.749748 0
lowpoly_metal
0  0.092506 0.431541 0.358756  0.000000 -0.000392 1.000000  0.039408 0.749748 0
0  0.092506 0.374652 0.358733  0.000000 -0.000392 1.000000  0.039495 0.749748 0
0  0.511093 0.374652 0.358733  0.000000 -0.000392 1.000000  0.039495 0.750384 0
lowpoly_metal
0  0.511093 0.374652 0.358733  -0.000114 -0.000251 1.000000  0.039495 0.750384 0
0  0.511107 0.606929 0.358867  -0.000114 -0.000251 1.000000  0.039142 0.750384 0
0  0.092506 0.431541 0.358756  -0.000114 -0.000251 1.000000  0.039408 0.749748 0
lowpoly_metal
0  0.511107 0.606929 0.358867  -0.000312 0.000111 1.000000  0.039142 0.750384 0
0  0.198482 0.930236 0.358733  -0.000312 0.000111 1.000000  0.038651 0.749909 0
0  0.092506 0.431541 0.358756  -0.000312 0.000111 1.000000  0.039408 0.749748 0
lowpoly_plastic
0  0.000000 0.431541 0.358733  0.000000 -1.000000 0.000000  0.036298 0.876531 0
0  0.000000 0.431541 0.215745  0.000000 -1.000000 0.000000  0.036081 0.876531 0
0  0.092506 0.431541 0.215768  0.000000 -1.000000 0.000000  0.036081 0.876391 0
lowpoly_plastic
0  0.000000 0.431541 0.215745  -0.000241 0.000000 1.000000  0.035800 0.876531 0
0  0.000000 0.374652 0.215745  -0.000241 0.000000 1.000000  0.035886 0.876531 0
0  0.092506 0.374652 0.215768  -0.000241 0.000000 1.000000  0.035886 0.876672 0
lowpoly_plastic
0  0.000000 0.374652 0.215745  -0.000242 0.000000 1.000000  0.035886 0.876531 0
0  0.000000 0.246528 0.215745  -0.000242 0.000000 1.000000  0.036081 0.876531 0
0  0.092506 0.246528 0.215768  -0.000242 0.000000 1.000000  0.036081 0.876672 0
lowpoly_plastic
0  0.092506 0.374652 0.215768  -1.000000 0.000000 -0.000000  0.036732 0.876476 0
0  0.092506 0.246528 0.215768  -1.000000 0.000000 -0.000000  0.036732 0.876668 0
0  0.092506 0.246528 0.263710  -1.000000 0.000000 -0.000000  0.036659 0.876668 0
lowpoly_plastic
0  0.092506 0.374652 0.358733  -1.000000 0.000000 0.000000  0.036515 0.876476 0
0  0.092506 0.431541 0.358756  -1.000000 0.000000 0.000000  0.036515 0.876391 0
0  0.092506 0.374652 0.263710  -1.000000 0.000000 0.000000  0.036659 0.876476 0
lowpoly_plastic
0  0.092506 0.431541 0.358756  -1.000000 0.000000 0.000000  0.036515 0.876391 0
0  0.092506 0.431541 0.215768  -1.000000 0.000000 0.000000  0.036732 0.876391 0
0  0.092506 0.374652 0.263710  -1.000000 0.000000 0.000000  0.036659 0.876476 0
lowpoly_plastic
0  0.092506 0.246528 0.215768  -0.000000 1.000000 0.000001  0.044541 0.876531 0
0  0.000000 0.246528 0.215745  -0.000000 1.000000 0.000001  0.044541 0.876392 0
0  0.000000 0.246528 0.263710  -0.000000 1.000000 0.000001  0.044613 0.876391 0
lowpoly_plastic
0  0.537594 -0.969239 0.607457  -0.716465 0.102094 -0.690112  0.039176 0.849040 0
0  0.241575 -0.892039 0.970268  -0.716461 0.102085 -0.690118  0.038623 0.849001 0
0  0.263285 -0.334048 0.986197  -0.716460 0.102083 -0.690119  0.038599 0.848160 0
lowpoly_plastic
0  -0.472870 -0.969239 0.000000  0.000000 0.000000 -1.000000  0.040089 0.877183 0
0  -0.472870 0.326548 0.000000  0.000000 0.000000 -1.000000  0.040089 0.877244 0
0  0.000000 0.309144 0.000000  0.000000 0.000000 -1.000000  0.040111 0.877243 0
lowpoly_metal
0  -0.605050 -0.962149 0.647362  -0.724611 -0.062434 0.686324  0.060607 0.656191 0
0  -0.281347 -0.880053 1.044157  -0.724610 -0.062431 0.686326  0.060008 0.656241 0
0  -0.281347 -0.357119 1.044157  -0.724607 -0.062426 0.686329  0.060008 0.657026 0
lowpoly_plastic
0  -0.553344 -0.157777 0.755278  0.994372 0.000000 0.105949  0.038951 0.847821 0
0  -0.537594 -0.969239 0.607457  0.994372 0.000000 0.105949  0.039176 0.849040 0
0  -0.539173 -0.364562 0.622275  0.994372 0.000000 0.105949  0.039153 0.848134 0
lowpoly_metal
0  -0.500968 -0.969239 0.263710  -0.111474 -0.993696 -0.011878  0.042944 0.748462 0
0  -0.574321 -0.962146 0.358733  -0.111474 -0.993696 -0.011878  0.043088 0.748352 0
0  -0.536099 -0.962146 0.000000  -0.111474 -0.993696 -0.011878  0.042544 0.748411 0
lowpoly_metal
0  0.000000 -0.357119 1.044157  0.015482 0.951167 0.308288  0.044119 0.751096 0
0  0.000000 -0.344749 0.991871  0.015479 0.951167 0.308287  0.044038 0.751095 0
0  -0.263285 -0.334048 0.986197  0.015476 0.951168 0.308286  0.044029 0.751492 0
lowpoly_metal
0  -0.472870 -0.969239 0.000000  -0.108316 -0.994100 -0.005744  0.047384 0.752800 0
0  0.000000 -1.022286 0.000000  -0.108316 -0.994100 -0.005744  0.047381 0.753509 0
0  0.000000 -1.022286 0.263710  -0.108316 -0.994100 -0.005744  0.047781 0.753508 0
lowpoly_plastic
0  -0.542828 -0.259767 0.656586  0.000000 0.311155 -0.950359  0.057106 0.877152 0
0  -0.539173 -0.364562 0.622275  0.000000 0.311155 -0.950359  0.057115 0.876993 0
0  -0.602402 -0.364562 0.622275  0.000000 0.311155 -0.950359  0.057019 0.876990 0
lowpoly_metal
0  -0.241575 -0.892039 0.970268  -0.001539 -0.986290 0.165016  0.044021 0.748861 0
0  0.000000 -0.892119 0.974662  -0.001539 -0.986290 0.165016  0.044027 0.749226 0
0  0.000000 -0.880053 1.044157  -0.001539 -0.986290 0.165016  0.044134 0.749228 0
lowpoly_metal
0  -0.574321 -0.962146 0.358733  -0.994371 0.000000 -0.105950  0.061045 0.656185 0
0  -0.574321 -0.567894 0.358733  -0.994371 0.000000 -0.105950  0.061045 0.656777 0
0  -0.536099 -0.567894 0.000000  -0.994371 0.000000 -0.105950  0.061591 0.656769 0
lowpoly_plastic
0  0.000000 -0.344749 0.991871  0.020641 0.030334 -0.999327  0.034997 0.852359 0
0  0.000000 -0.892119 0.974662  0.020641 0.030334 -0.999327  0.034997 0.851527 0
0  -0.241575 -0.892039 0.970268  0.020641 0.030334 -0.999327  0.034630 0.851528 0
lowpoly_plastic
0  -0.092506 0.431541 0.215768  0.000000 -1.000000 0.000000  0.036080 0.876391 0
0  0.000000 0.431541 0.215745  0.000000 -1.000000 0.000000  0.036080 0.876531 0
0  0.000000 0.431541 0.358733  0.000000 -1.000000 0.000000  0.036297 0.876531 0
lowpoly_plastic
0  -0.092506 0.246528 0.215768  0.000242 0.000000 1.000000  0.036080 0.876672 0
0  0.000000 0.246528 0.215745  0.000242 0.000000 1.000000  0.036080 0.876531 0
0  0.000000 0.374652 0.215745  0.000242 0.000000 1.000000  0.035886 0.876531 0
lowpoly_metal
0  0.000000 -0.880053 1.044157  0.000000 0.000000 1.000000  0.057589 0.661444 0
0  0.000000 -0.357119 1.044157  0.000000 0.000000 1.000000  0.056795 0.661444 0
0  -0.281347 -0.357119 1.044157  0.000000 0.000000 1.000000  0.056795 0.661871 0
lowpoly_metal
0  -0.574321 0.164858 0.358733  -0.994371 0.000000 -0.105951  0.061045 0.657878 0
0  -0.574321 -0.567894 0.358733  -0.994371 0.000000 -0.105951  0.061045 0.656777 0
0  -0.576725 -0.423929 0.381287  -0.994371 0.000000 -0.105951  0.061011 0.656994 0
lowpoly_plastic
0  -0.585499 0.161341 0.463635  0.000000 -0.416553 -0.909111  0.057019 0.877791 0
0  -0.522270 0.161341 0.463635  0.000000 -0.416553 -0.909111  0.057115 0.877793 0
0  -0.542828 -0.259767 0.656586  0.000000 -0.416553 -0.909111  0.057106 0.877152 0
lowpoly_plastic
0  -0.500968 0.374652 0.263710  -0.000000 -1.000000 0.000000  0.035534 0.849587 0
0  -0.092506 0.374652 0.263710  -0.000000 -1.000000 0.000000  0.035534 0.850206 0
0  -0.092506 0.374652 0.358733  -0.000000 -1.000000 0.000000  0.035678 0.850205 0
lowpoly_plastic
0  -0.092506 0.374652 0.263710  0.000000 0.000000 1.000000  0.037917 0.851412 0
0  -0.500968 0.374652 0.263710  0.000000 0.000000 1.000000  0.038538 0.851412 0
0  -0.092506 0.246528 0.263710  0.000000 0.000000 1.000000  0.037917 0.851217 0
lowpoly_plastic
0  -0.500968 0.374652 0.263710  0.000000 0.000000 1.000000  0.038538 0.851412 0
0  -0.500968 -0.969239 0.263710  0.000000 0.000000 1.000000  0.038538 0.849371 0
0  -0.092506 0.246528 0.263710  0.000000 0.000000 1.000000  0.037917 0.851217 0
lowpoly_plastic
0  -0.500968 -0.969239 0.263710  -0.000000 0.000000 1.000000  0.038538 0.849371 0
0  0.000000 -1.022286 0.263710  -0.000000 0.000000 1.000000  0.037777 0.849291 0
0  -0.092506 0.246528 0.263710  -0.000000 0.000000 1.000000  0.037917 0.851217 0
lowpoly_metal
0  -0.616746 -0.143749 0.757111  0.067029 0.460219 0.885271  0.039458 0.750540 0
0  -0.553344 -0.157777 0.755278  0.067028 0.460211 0.885276  0.039479 0.750444 0
0  -0.511107 0.606929 0.358867  0.067028 0.460215 0.885273  0.038301 0.750384 0
lowpoly_plastic
0  -0.520480 -0.462422 0.446833  0.000000 0.862303 0.506393  0.054007 0.877743 0
0  -0.513496 -0.423929 0.381287  0.000000 0.862303 0.506393  0.053999 0.877848 0
0  -0.576725 -0.423929 0.381287  0.000000 0.862303 0.506393  0.054094 0.877841 0
lowpoly_plastic
0  -0.513496 -0.423929 0.381287  0.000000 0.000000 1.000000  0.058300 0.873557 0
0  -0.513496 0.143375 0.381287  0.000000 0.000000 1.000000  0.058300 0.874418 0
0  -0.576725 0.143375 0.381287  0.000000 0.000000 1.000000  0.058396 0.874418 0
lowpoly_plastic
0  -0.576725 0.143375 0.381287  0.000000 -0.977019 0.213152  0.057010 0.878283 0
0  -0.513496 0.143375 0.381287  0.000000 -0.977019 0.213152  0.057106 0.878292 0
0  -0.522270 0.161341 0.463635  0.000000 -0.977019 0.213152  0.057106 0.878165 0
lowpoly_metal
0  -0.605050 -0.962149 0.647362  -0.994376 -0.000033 -0.105910  0.060607 0.656191 0
0  -0.583708 -0.462422 0.446833  -0.994376 -0.000033 -0.105910  0.060911 0.656938 0
0  -0.574321 -0.567894 0.358733  -0.994376 -0.000033 -0.105910  0.061045 0.656777 0
lowpoly_plastic
0  -0.539173 -0.364562 0.622275  0.000000 0.873328 -0.487133  0.053999 0.877488 0
0  -0.520480 -0.462422 0.446833  0.000000 0.873328 -0.487133  0.054007 0.877743 0
0  -0.583708 -0.462422 0.446833  0.000000 0.873328 -0.487133  0.054102 0.877736 0
lowpoly_metal
0  -0.537594 -0.969239 0.607457  -0.111474 -0.993696 -0.011877  0.043465 0.748405 0
0  -0.605050 -0.962149 0.647362  -0.111474 -0.993696 -0.011877  0.043526 0.748304 0
0  -0.574321 -0.962146 0.358733  -0.111474 -0.993696 -0.011877  0.043088 0.748352 0
lowpoly_metal
0  -0.241575 -0.892039 0.970268  0.023509 -0.982120 0.186780  0.044021 0.748861 0
0  -0.281347 -0.880053 1.044157  0.023507 -0.982121 0.186779  0.044134 0.748802 0
0  -0.605050 -0.962149 0.647362  0.023507 -0.982121 0.186779  0.043526 0.748304 0
lowpoly_metal
0  -0.574321 -0.567894 0.358733  -0.994371 0.000000 -0.105950  0.061045 0.656777 0
0  -0.574321 0.164858 0.358733  -0.994371 0.000000 -0.105950  0.061045 0.657878 0
0  -0.536099 0.164858 0.000000  -0.994371 0.000000 -0.105950  0.061591 0.657870 0
lowpoly_plastic
0  -0.472870 -0.969239 0.000000  0.000000 0.000000 -1.000000  0.040380 0.874392 0
0  -0.536099 -0.962146 0.000000  0.000000 0.000000 -1.000000  0.040377 0.874392 0
0  -0.536099 -0.567894 0.000000  0.000000 0.000000 -1.000000  0.040377 0.874410 0
lowpoly_metal
0  -0.553344 -0.157777 0.755278  0.207208 0.885476 0.415928  0.043659 0.751907 0
0  -0.616746 -0.143749 0.757111  0.207208 0.885476 0.415928  0.043661 0.752001 0
0  -0.281347 -0.357119 1.044157  0.207135 0.885465 0.415989  0.044119 0.751522 0
lowpoly_metal
0  -0.574375 0.606929 0.359327  -0.417235 0.459587 0.784024  0.057291 0.660956 0
0  -0.198482 0.930236 0.358733  -0.417236 0.459586 0.784025  0.056800 0.660385 0
0  -0.419767 0.930236 0.252086  -0.417234 0.459589 0.784024  0.056795 0.660722 0
lowpoly_plastic
0  -0.521735 0.767887 0.000000  0.000000 0.000000 -1.000000  0.040087 0.877265 0
0  -0.472870 0.326548 0.000000  0.000000 0.000000 -1.000000  0.040089 0.877244 0
0  -0.536099 0.767095 0.000000  0.000000 0.000000 -1.000000  0.040086 0.877264 0
lowpoly_plastic
0  -0.472870 0.326548 0.000000  0.000000 0.000000 -1.000000  0.040089 0.877244 0
0  -0.536099 -0.567894 0.000000  0.000000 0.000000 -1.000000  0.040086 0.877202 0
0  -0.536099 0.164858 0.000000  0.000000 0.000000 -1.000000  0.040086 0.877236 0
lowpoly_metal
0  -0.574375 0.606929 0.359327  -0.994372 0.000022 -0.105949  0.061044 0.658542 0
0  -0.574321 0.164858 0.358733  -0.994372 0.000022 -0.105949  0.061045 0.657878 0
0  -0.585499 0.161341 0.463635  -0.994372 0.000022 -0.105949  0.060886 0.657875 0
lowpoly_metal
0  -0.536099 0.767095 0.000000  -0.768960 0.636732 -0.057215  0.060874 0.662372 0
0  -0.559667 0.767439 0.261948  -0.768958 0.636734 -0.057212  0.061271 0.662405 0
0  -0.419767 0.930236 0.252086  -0.768958 0.636734 -0.057212  0.061239 0.662170 0
lowpoly_metal
0  -0.092506 0.431541 0.358756  0.000242 0.000000 1.000000  0.038567 0.749748 0
0  0.000000 0.431541 0.358733  0.000242 0.000000 1.000000  0.038567 0.749608 0
0  0.000000 0.930235 0.358733  0.000242 0.000000 1.000000  0.037810 0.749607 0
lowpoly_metal
0  0.000000 0.930235 0.358733  0.000000 0.000045 1.000000  0.037810 0.749607 0
0  -0.198482 0.930236 0.358733  0.000000 0.000045 1.000000  0.037810 0.749909 0
0  -0.092506 0.431541 0.358756  0.000000 0.000045 1.000000  0.038567 0.749748 0
lowpoly_metal
0  -0.198482 0.930236 0.358733  0.000312 0.000111 1.000000  0.037810 0.749909 0
0  -0.511107 0.606929 0.358867  0.000312 0.000111 1.000000  0.038301 0.750384 0
0  -0.092506 0.431541 0.358756  0.000312 0.000111 1.000000  0.038567 0.749748 0
lowpoly_metal
0  -0.511107 0.606929 0.358867  0.000114 -0.000251 1.000000  0.038301 0.750384 0
0  -0.511093 0.374652 0.358733  0.000114 -0.000251 1.000000  0.038654 0.750384 0
0  -0.092506 0.431541 0.358756  0.000114 -0.000251 1.000000  0.038567 0.749748 0
lowpoly_metal
0  0.000000 0.930235 0.000000  0.000000 1.000000 -0.000000  0.060857 0.661538 0
0  -0.405370 0.930236 0.000000  0.000000 1.000000 -0.000000  0.060857 0.662151 0
0  -0.198482 0.930236 0.358733  0.000000 1.000000 -0.000000  0.061400 0.661834 0
lowpoly_metal
0  -0.405370 0.930236 0.000000  0.000000 1.000000 0.000000  0.060857 0.662151 0
0  -0.419767 0.930236 0.252086  0.000000 1.000000 0.000000  0.061239 0.662170 0
0  -0.198482 0.930236 0.358733  0.000000 1.000000 0.000000  0.061400 0.661834 0
lowpoly_plastic
0  0.000000 0.930235 0.000000  0.000000 0.000000 -1.000000  0.040111 0.877272 0
0  0.000000 0.309144 0.000000  0.000000 0.000000 -1.000000  0.040111 0.877243 0
0  -0.521735 0.767887 0.000000  0.000000 0.000000 -1.000000  0.040087 0.877265 0
lowpoly_plastic
0  0.000000 0.309144 0.000000  0.000000 0.000000 -1.000000  0.040111 0.877243 0
0  -0.472870 0.326548 0.000000  0.000000 0.000000 -1.000000  0.040089 0.877244 0
0  -0.521735 0.767887 0.000000  0.000000 0.000000 -1.000000  0.040087 0.877265 0
lowpoly_metal
0  -0.536099 0.767095 0.000000  -0.994540 0.003730 -0.104292  0.061591 0.658774 0
0  -0.536099 0.164858 0.000000  -0.994540 0.003730 -0.104292  0.061591 0.657870 0
0  -0.574375 0.606929 0.359327  -0.994538 0.003686 -0.104311  0.061044 0.658542 0
lowpoly_metal
0  -0.536099 0.164858 0.000000  -0.994540 0.003738 -0.104288  0.061591 0.657870 0
0  -0.574321 0.164858 0.358733  -0.994540 0.003739 -0.104289  0.061045 0.657878 0
0  -0.574375 0.606929 0.359327  -0.994540 0.003738 -0.104288  0.061044 0.658542 0
lowpoly_plastic
0  -0.092506 0.374652 0.215768  0.000241 0.000000 1.000000  0.035886 0.876672 0
0  0.000000 0.374652 0.215745  0.000241 0.000000 1.000000  0.035886 0.876531 0
0  0.000000 0.431541 0.215745  0.000241 0.000000 1.000000  0.035799 0.876531 0
lowpoly_plastic
0  -0.092506 0.246528 0.263710  1.000000 0.000000 -0.000000  0.036659 0.876668 0
0  -0.092506 0.246528 0.215768  1.000000 0.000000 -0.000000  0.036732 0.876668 0
0  -0.092506 0.374652 0.215768  1.000000 0.000000 -0.000000  0.036732 0.876476 0
lowpoly_plastic
0  0.000000 0.246528 0.263710  0.000000 1.000000 0.000001  0.044613 0.876391 0
0  0.000000 0.246528 0.215745  0.000000 1.000000 0.000001  0.044540 0.876392 0
0  -0.092506 0.246528 0.215768  0.000000 1.000000 0.000001  0.044540 0.876531 0
lowpoly_plastic
0  -0.570718 -0.624901 0.108574  0.091884 -0.497883 -0.862363  0.024215 0.874353 0
0  -0.563336 -0.503528 0.039286  0.091884 -0.497883 -0.862363  0.024225 0.874538 0
0  -0.522486 -0.503528 0.043639  0.091884 -0.497883 -0.862363  0.024287 0.874537 0
lowpoly_plastic
0  -0.263285 -0.334048 0.986197  0.716461 0.102085 -0.690118  0.038598 0.848160 0
0  -0.241575 -0.892039 0.970268  0.716434 0.102119 -0.690140  0.038623 0.849001 0
0  -0.537594 -0.969239 0.607457  0.716432 0.102113 -0.690143  0.039176 0.849040 0
lowpoly_plastic
0  -0.092506 0.431541 0.215768  1.000000 0.000000 0.000000  0.036732 0.876391 0
0  -0.092506 0.431541 0.358756  1.000000 0.000000 0.000000  0.036514 0.876391 0
0  -0.092506 0.374652 0.263710  1.000000 0.000000 0.000000  0.036659 0.876476 0
lowpoly_plastic
0  -0.092506 0.431541 0.358756  1.000000 0.000000 0.000000  0.036514 0.876391 0
0  -0.092506 0.374652 0.358733  1.000000 0.000000 0.000000  0.036514 0.876476 0
0  -0.092506 0.374652 0.263710  1.000000 0.000000 0.000000  0.036659 0.876476 0
lowpoly_metal
0  -0.070113 0.574484 0.377577  -0.866024 -0.500001 -0.000005  0.068302 0.750727 0
0  -0.140187 0.695857 0.377577  -0.866024 -0.500001 -0.000005  0.068301 0.750926 0
0  -0.140187 0.695857 0.318157  -0.866024 -0.500001 -0.000005  0.068391 0.750926 0
lowpoly_plastic
0  0.570718 -0.624901 0.108574  -0.091885 -0.497883 -0.862363  0.024216 0.874353 0
0  0.529869 -0.624901 0.112926  -0.091885 -0.497883 -0.862363  0.024278 0.874353 0
0  0.522486 -0.503528 0.043639  -0.091885 -0.497883 -0.862363  0.024288 0.874537 0
lowpoly_metal
0  0.070113 0.574484 0.377577  0.866026 -0.499999 0.000000  0.068302 0.750727 0
0  0.070113 0.574484 0.318157  0.866026 -0.499999 0.000000  0.068393 0.750728 0
0  0.140187 0.695857 0.318157  0.866026 -0.499999 0.000000  0.068392 0.750926 0
lowpoly_plastic
0  0.570718 0.085499 0.108574  -0.000000 1.000000 0.000000  0.023848 0.874773 0
0  0.529869 0.085499 0.112926  -0.000000 1.000000 0.000000  0.023786 0.874773 0
0  0.544634 0.085499 0.251502  -0.000000 1.000000 0.000000  0.023786 0.874562 0
lowpoly_plastic
0  0.544634 -0.624901 0.251502  0.000000 -1.000000 0.000000  0.023662 0.874562 0
0  0.529869 -0.624901 0.112926  0.000000 -1.000000 0.000000  0.023662 0.874774 0
0  0.570718 -0.624901 0.108574  0.000000 -1.000000 0.000000  0.023600 0.874774 0
lowpoly_plastic
0  0.522486 -0.035874 0.043639  -0.091885 0.497883 -0.862363  0.024304 0.873676 0
0  0.529869 0.085499 0.112926  -0.091885 0.497883 -0.862363  0.024295 0.873860 0
0  0.570718 0.085499 0.108574  -0.091885 0.497883 -0.862363  0.024233 0.873860 0
lowpoly_metal
0  -0.070113 0.574484 0.377577  0.000000 -1.000000 0.000000  0.070396 0.747832 0
0  -0.070113 0.574484 0.318157  0.000000 -1.000000 0.000000  0.070305 0.747832 0
0  0.000000 0.574484 0.318157  0.000000 -1.000000 0.000000  0.070305 0.747938 0
lowpoly_metal
0  0.000000 0.574484 0.318157  0.000000 -1.000000 0.000000  0.070306 0.747938 0
0  0.070113 0.574484 0.318157  0.000000 -1.000000 0.000000  0.070306 0.747832 0
0  0.070113 0.574484 0.377577  0.000000 -1.000000 0.000000  0.070396 0.747832 0
lowpoly_metal
0  0.140187 0.695857 0.318157  0.866024 0.500003 0.000000  0.068392 0.750926 0
0  0.070113 0.817228 0.318157  0.866024 0.500003 0.000000  0.068393 0.751092 0
0  0.070113 0.817228 0.377577  0.866024 0.500003 0.000000  0.068302 0.751092 0
lowpoly_metal
0  -0.140187 0.695857 0.318157  -0.866023 0.500005 -0.000004  0.068391 0.750926 0
0  -0.140187 0.695857 0.377577  -0.866023 0.500005 -0.000004  0.068301 0.750926 0
0  -0.070113 0.817228 0.377577  -0.866023 0.500005 -0.000004  0.068302 0.751092 0
lowpoly_plastic
0  0.544634 0.085499 0.251502  0.091885 0.497887 0.862360  0.023928 0.878297 0
0  0.552016 -0.035874 0.320791  0.091885 0.497887 0.862360  0.023938 0.878110 0
0  0.592866 -0.035874 0.316438  0.091885 0.497887 0.862360  0.024000 0.878110 0
lowpoly_plastic
0  -0.570718 -0.624901 0.108574  0.000000 -1.000000 0.000000  0.023599 0.874774 0
0  -0.529869 -0.624901 0.112926  0.000000 -1.000000 0.000000  0.023661 0.874774 0
0  -0.544634 -0.624901 0.251502  0.000000 -1.000000 0.000000  0.023661 0.874562 0
lowpoly_plastic
0  0.552016 -0.503528 0.320791  0.091884 -0.497887 0.862361  0.023824 0.878110 0
0  0.544634 -0.624901 0.251502  0.091884 -0.497887 0.862361  0.023813 0.877929 0
0  0.585483 -0.624901 0.247150  0.091884 -0.497887 0.862361  0.023875 0.877929 0
lowpoly_plastic
0  0.570718 -0.157247 0.108574  -0.091885 -0.497883 -0.862363  0.024233 0.873491 0
0  0.529869 -0.157247 0.112926  -0.091885 -0.497883 -0.862363  0.024295 0.873491 0
0  0.522486 -0.035874 0.043639  -0.091885 -0.497883 -0.862363  0.024304 0.873676 0
lowpoly_plastic
0  0.544634 -0.157247 0.251502  0.000000 -1.000000 -0.000000  0.023724 0.874562 0
0  0.529869 -0.157247 0.112926  0.000000 -1.000000 -0.000000  0.023724 0.874774 0
0  0.570718 -0.157247 0.108574  0.000000 -1.000000 -0.000000  0.023662 0.874774 0
lowpoly_plastic
0  0.552016 -0.035874 0.320791  0.091884 -0.497887 0.862361  0.023938 0.878110 0
0  0.544634 -0.157247 0.251502  0.091884 -0.497887 0.862361  0.023928 0.877929 0
0  0.585483 -0.157247 0.247150  0.091884 -0.497887 0.862361  0.023990 0.877929 0
lowpoly_plastic
0  0.570718 -0.382155 0.108574  0.000000 1.000000 0.000000  0.023786 0.874773 0
0  0.529869 -0.382155 0.112926  0.000000 1.000000 0.000000  0.023724 0.874773 0
0  0.544634 -0.382155 0.251502  0.000000 1.000000 0.000000  0.023724 0.874562 0
lowpoly_plastic
0  0.592866 -0.035874 0.316438  0.994372 0.000000 -0.105950  0.007397 0.766827 0
0  0.585483 -0.157247 0.247150  0.994372 0.000000 -0.105950  0.007397 0.767039 0
0  0.570718 -0.157247 0.108574  0.994372 0.000000 -0.105950  0.007216 0.767146 0
lowpoly_plastic
0  0.570718 -0.157247 0.108574  0.994372 0.000000 -0.105950  0.007216 0.767146 0
0  0.563336 -0.035874 0.039286  0.994372 0.000000 -0.105950  0.007034 0.767042 0
0  0.592866 -0.035874 0.316438  0.994372 0.000000 -0.105950  0.007397 0.766827 0
lowpoly_plastic
0  0.563336 -0.035874 0.039286  0.994371 0.000000 -0.105950  0.007034 0.767042 0
0  0.570718 0.085499 0.108574  0.994371 0.000000 -0.105950  0.007034 0.766830 0
0  0.592866 -0.035874 0.316438  0.994371 0.000000 -0.105950  0.007397 0.766827 0
lowpoly_plastic
0  0.585483 -0.624901 0.247150  0.994371 0.000000 -0.105950  0.006409 0.767302 0
0  0.570718 -0.624901 0.108574  0.994371 0.000000 -0.105950  0.006228 0.767409 0
0  0.563336 -0.503528 0.039286  0.994371 0.000000 -0.105950  0.006047 0.767305 0
lowpoly_plastic
0  0.563336 -0.503528 0.039286  0.994372 0.000000 -0.105950  0.006047 0.767305 0
0  0.570718 -0.382155 0.108574  0.994372 0.000000 -0.105950  0.006047 0.767093 0
0  0.585483 -0.382155 0.247150  0.994372 0.000000 -0.105950  0.006228 0.766986 0
lowpoly_plastic
0  0.585483 -0.382155 0.247150  0.994371 0.000000 -0.105950  0.006228 0.766986 0
0  0.592866 -0.503528 0.316438  0.994371 0.000000 -0.105950  0.006409 0.767090 0
0  0.563336 -0.503528 0.039286  0.994371 0.000000 -0.105950  0.006047 0.767305 0
lowpoly_plastic
0  0.544634 -0.382155 0.251502  0.091885 0.497887 0.862361  0.023813 0.878297 0
0  0.552016 -0.503528 0.320791  0.091885 0.497887 0.862361  0.023824 0.878110 0
0  0.592866 -0.503528 0.316438  0.091885 0.497887 0.862361  0.023886 0.878110 0
lowpoly_plastic
0  0.522486 -0.503528 0.043639  -0.091885 0.497883 -0.862363  0.024288 0.874537 0
0  0.529869 -0.382155 0.112926  -0.091885 0.497883 -0.862363  0.024278 0.874721 0
0  0.570718 -0.382155 0.108574  -0.091885 0.497883 -0.862363  0.024216 0.874721 0
lowpoly_metal
0  0.070113 0.817228 0.377577  0.000000 0.000000 1.000000  0.072488 0.522647 0
0  0.000000 0.817228 0.377577  0.000000 0.000000 1.000000  0.072488 0.522540 0
0  0.140187 0.695857 0.377577  0.000000 0.000000 1.000000  0.072672 0.522753 0
lowpoly_metal
0  0.000000 0.817228 0.377577  0.000000 0.000000 1.000000  0.072488 0.522540 0
0  0.000000 0.574484 0.377577  0.000000 0.000000 1.000000  0.072857 0.522540 0
0  0.140187 0.695857 0.377577  0.000000 0.000000 1.000000  0.072672 0.522753 0
lowpoly_plastic
0  0.000000 0.174470 0.297872  0.000000 1.000000 0.000000  0.039544 0.772859 0
0  0.212855 0.174470 0.297872  0.000000 1.000000 0.000000  0.039544 0.773180 0
0  0.212855 0.174470 0.143496  0.000000 1.000000 0.000000  0.039311 0.773182 0
lowpoly_plastic
0  0.212855 0.174470 0.297872  0.866026 0.500000 0.000000  0.035294 0.775882 0
0  0.425710 -0.194206 0.297872  0.866026 0.500000 0.000000  0.035291 0.775376 0
0  0.425710 -0.194206 0.143496  0.866026 0.500000 0.000000  0.035526 0.775377 0
lowpoly_plastic
0  0.425710 -0.194206 0.297872  0.866026 -0.500000 0.000000  0.035291 0.775376 0
0  0.212855 -0.562882 0.297872  0.866026 -0.500000 0.000000  0.035294 0.774775 0
0  0.212855 -0.562882 0.143496  0.866026 -0.500000 0.000000  0.035529 0.774775 0
lowpoly_plastic
0  -0.570718 -0.157247 0.108574  0.000000 -1.000000 -0.000000  0.023661 0.874774 0
0  -0.529869 -0.157247 0.112926  0.000000 -1.000000 -0.000000  0.023723 0.874774 0
0  -0.544634 -0.157247 0.251502  0.000000 -1.000000 -0.000000  0.023723 0.874562 0
lowpoly_metal
0  0.000000 0.174470 0.297872  0.000000 0.000000 1.000000  0.042068 0.752299 0
0  -0.212855 0.174470 0.297872  0.000000 0.000000 1.000000  0.042068 0.752622 0
0  -0.161323 0.085214 0.297872  0.000000 0.000000 1.000000  0.042203 0.752544 0
lowpoly_plastic
0  -0.570718 -0.157247 0.108574  -0.994372 0.000000 -0.105950  0.008138 0.765608 0
0  -0.585483 -0.157247 0.247150  -0.994372 0.000000 -0.105950  0.008319 0.765501 0
0  -0.592866 -0.035874 0.316438  -0.994372 0.000000 -0.105950  0.008319 0.765289 0
lowpoly_plastic
0  -0.592866 -0.035874 0.316438  -0.994371 0.000000 -0.105950  0.008319 0.765289 0
0  -0.585483 0.085499 0.247150  -0.994371 0.000000 -0.105950  0.008138 0.765184 0
0  -0.570718 0.085499 0.108574  -0.994371 0.000000 -0.105950  0.007957 0.765292 0
lowpoly_plastic
0  -0.570718 0.085499 0.108574  -0.994371 0.000000 -0.105950  0.007957 0.765292 0
0  -0.563336 -0.035874 0.039286  -0.994371 0.000000 -0.105950  0.007957 0.765504 0
0  -0.592866 -0.035874 0.316438  -0.994371 0.000000 -0.105950  0.008319 0.765289 0
lowpoly_plastic
0  -0.570718 -0.382155 0.108574  0.000000 1.000000 0.000000  0.023785 0.874773 0
0  -0.585483 -0.382155 0.247150  0.000000 1.000000 0.000000  0.023785 0.874562 0
0  -0.544634 -0.382155 0.251502  0.000000 1.000000 0.000000  0.023723 0.874562 0
lowpoly_metal
0  0.161323 0.085214 0.297872  -0.000000 0.000000 1.000000  0.042204 0.752544 0
0  0.212855 0.174470 0.297872  -0.000000 0.000000 1.000000  0.042068 0.752622 0
0  0.000000 0.174470 0.297872  -0.000000 0.000000 1.000000  0.042068 0.752299 0
lowpoly_metal
0  0.322647 -0.194206 0.297872  0.000000 0.000000 1.000000  0.042628 0.752789 0
0  0.425710 -0.194206 0.297872  0.000000 0.000000 1.000000  0.042628 0.752946 0
0  0.212855 0.174470 0.297872  0.000000 0.000000 1.000000  0.042068 0.752622 0
lowpoly_metal
0  0.161323 -0.473626 0.297872  -0.000001 0.000000 1.000000  0.043052 0.752544 0
0  0.212855 -0.562882 0.297872  -0.000001 0.000000 1.000000  0.043188 0.752622 0
0  0.425710 -0.194206 0.297872  -0.000001 0.000000 1.000000  0.042628 0.752946 0
lowpoly_plastic
0  -0.570718 -0.157247 0.108574  0.091885 -0.497883 -0.862363  0.024232 0.873491 0
0  -0.563336 -0.035874 0.039286  0.091885 -0.497883 -0.862363  0.024242 0.873676 0
0  -0.522486 -0.035874 0.043639  0.091885 -0.497883 -0.862363  0.024304 0.873676 0
lowpoly_plastic
0  -0.563336 -0.503528 0.039286  -0.994371 0.000000 -0.105950  0.006969 0.765767 0
0  -0.570718 -0.624901 0.108574  -0.994371 0.000000 -0.105950  0.007150 0.765871 0
0  -0.585483 -0.624901 0.247150  -0.994371 0.000000 -0.105950  0.007331 0.765764 0
lowpoly_plastic
0  -0.585483 -0.624901 0.247150  -0.994372 0.000000 -0.105950  0.007331 0.765764 0
0  -0.592866 -0.503528 0.316438  -0.994372 0.000000 -0.105950  0.007331 0.765552 0
0  -0.563336 -0.503528 0.039286  -0.994372 0.000000 -0.105950  0.006969 0.765767 0
lowpoly_plastic
0  -0.592866 -0.503528 0.316438  -0.994371 0.000000 -0.105950  0.007331 0.765552 0
0  -0.585483 -0.382155 0.247150  -0.994371 0.000000 -0.105950  0.007150 0.765448 0
0  -0.563336 -0.503528 0.039286  -0.994371 0.000000 -0.105950  0.006969 0.765767 0
lowpoly_plastic
0  -0.585483 -0.157247 0.247150  -0.091884 -0.497887 0.862361  0.023989 0.877929 0
0  -0.544634 -0.157247 0.251502  -0.091884 -0.497887 0.862361  0.023927 0.877929 0
0  -0.552016 -0.035874 0.320791  -0.091884 -0.497887 0.862361  0.023938 0.878110 0
lowpoly_plastic
0  0.000000 -0.473626 0.287473  0.000000 1.000000 0.000000  0.035129 0.775858 0
0  -0.161323 -0.473626 0.287473  0.000000 1.000000 0.000000  0.035129 0.776102 0
0  -0.161323 -0.473626 0.297872  0.000000 1.000000 0.000000  0.035144 0.776102 0
lowpoly_plastic
0  0.322647 -0.194206 0.297872  -0.866025 0.500000 0.000000  0.035113 0.775762 0
0  0.322647 -0.194206 0.287473  -0.866025 0.500000 0.000000  0.035129 0.775762 0
0  0.161323 -0.473626 0.287473  -0.866025 0.500000 0.000000  0.035128 0.776222 0
lowpoly_plastic
0  -0.570718 -0.382155 0.108574  0.091885 0.497883 -0.862363  0.024215 0.874721 0
0  -0.529869 -0.382155 0.112926  0.091885 0.497883 -0.862363  0.024277 0.874721 0
0  -0.522486 -0.503528 0.043639  0.091885 0.497883 -0.862363  0.024287 0.874537 0
lowpoly_plastic
0  -0.425710 -0.194206 0.143496  -0.866026 0.500000 0.000000  0.035525 0.775377 0
0  -0.425710 -0.194206 0.297872  -0.866026 0.500000 0.000000  0.035291 0.775376 0
0  -0.212855 0.174470 0.297872  -0.866026 0.500000 0.000000  0.035293 0.775882 0
lowpoly_plastic
0  0.161323 -0.473626 0.297872  0.000000 1.000000 0.000000  0.035145 0.776102 0
0  0.161323 -0.473626 0.287473  0.000000 1.000000 0.000000  0.035129 0.776102 0
0  0.000000 -0.473626 0.287473  0.000000 1.000000 0.000000  0.035129 0.775858 0
lowpoly_plastic
0  0.161323 0.085214 0.297872  -0.866026 -0.499999 0.000000  0.035112 0.775386 0
0  0.161323 0.085214 0.287473  -0.866026 -0.499999 0.000000  0.035128 0.775386 0
0  0.322647 -0.194206 0.287473  -0.866026 -0.499999 0.000000  0.035129 0.775762 0
lowpoly_plastic
0  0.117451 0.009226 0.287473  0.000000 0.000000 1.000000  0.006903 0.735816 0
0  0.161323 0.085214 0.287473  0.000000 0.000000 1.000000  0.006788 0.735882 0
0  0.000000 0.085214 0.287473  0.000000 0.000000 1.000000  0.006788 0.735637 0
lowpoly_plastic
0  0.234903 -0.194206 0.287473  0.000000 0.000000 1.000000  0.007212 0.735994 0
0  0.322647 -0.194206 0.287473  0.000000 0.000000 1.000000  0.007212 0.736127 0
0  0.161323 0.085214 0.287473  0.000000 0.000000 1.000000  0.006788 0.735882 0
lowpoly_plastic
0  0.234903 -0.194206 0.287473  0.000000 0.000000 1.000000  0.007212 0.735994 0
0  0.117451 -0.397638 0.287473  0.000000 0.000000 1.000000  0.007521 0.735816 0
0  0.161323 -0.473626 0.287473  0.000000 0.000000 1.000000  0.007636 0.735883 0
lowpoly_metal
0  0.000000 0.574484 0.377577  0.000000 0.000000 1.000000  0.072856 0.522540 0
0  0.000000 0.817228 0.377577  0.000000 0.000000 1.000000  0.072487 0.522540 0
0  -0.140187 0.695857 0.377577  0.000000 0.000000 1.000000  0.072672 0.522753 0
lowpoly_metal
0  0.000000 0.817228 0.377577  0.000000 0.000000 1.000000  0.072487 0.522540 0
0  -0.070113 0.817228 0.377577  0.000000 0.000000 1.000000  0.072487 0.522647 0
0  -0.140187 0.695857 0.377577  0.000000 0.000000 1.000000  0.072672 0.522753 0
lowpoly_metal
0  -0.212855 0.174470 0.297872  0.000000 0.000000 1.000000  0.042068 0.752622 0
0  -0.425710 -0.194206 0.297872  0.000000 0.000000 1.000000  0.042628 0.752946 0
0  -0.322647 -0.194206 0.297872  0.000000 0.000000 1.000000  0.042628 0.752789 0
lowpoly_plastic
0  -0.212855 -0.562882 0.143496  -0.866026 -0.500000 0.000000  0.035528 0.774775 0
0  -0.212855 -0.562882 0.297872  -0.866026 -0.500000 0.000000  0.035293 0.774775 0
0  -0.425710 -0.194206 0.297872  -0.866026 -0.500000 0.000000  0.035291 0.775376 0
lowpoly_plastic
0  0.117451 -0.397638 0.287473  0.000000 -1.000000 0.000000  0.035090 0.775995 0
0  0.117451 -0.397638 0.301878  0.000000 -1.000000 0.000000  0.035111 0.775995 0
0  0.000000 -0.397638 0.301878  0.000000 -1.000000 0.000000  0.035111 0.776173 0
lowpoly_plastic
0  0.117451 0.009226 0.287473  0.866026 0.499999 0.000000  0.035129 0.775386 0
0  0.117451 0.009226 0.301878  0.866026 0.499999 0.000000  0.035107 0.775386 0
0  0.234903 -0.194206 0.301878  0.866026 0.499999 0.000000  0.035106 0.775107 0
lowpoly_plastic
0  -0.322647 -0.194206 0.287473  0.866026 -0.499999 0.000000  0.035129 0.775762 0
0  -0.161323 0.085214 0.287473  0.866026 -0.499999 0.000000  0.035127 0.775386 0
0  -0.161323 0.085214 0.297872  0.866026 -0.499999 0.000000  0.035112 0.775386 0
lowpoly_plastic
0  0.234903 -0.194206 0.287473  0.866026 -0.499999 0.000000  0.035128 0.775107 0
0  0.234903 -0.194206 0.301878  0.866026 -0.499999 0.000000  0.035106 0.775107 0
0  0.117451 -0.397638 0.301878  0.866026 -0.499999 0.000000  0.035107 0.774775 0
lowpoly_metal
0  -0.425710 -0.194206 0.297872  0.000001 0.000000 1.000000  0.042628 0.752946 0
0  -0.212855 -0.562882 0.297872  0.000001 0.000000 1.000000  0.043187 0.752622 0
0  -0.161323 -0.473626 0.297872  0.000001 0.000000 1.000000  0.043052 0.752544 0
lowpoly_metal
0  0.000000 0.009226 0.301878  -0.000000 0.000000 1.000000  0.054519 0.651939 0
0  0.000000 -0.397638 0.301878  -0.000000 0.000000 1.000000  0.055136 0.651940 0
0  0.234903 -0.194206 0.301878  -0.000000 0.000000 1.000000  0.054827 0.652296 0
lowpoly_metal
0  0.000000 -0.397638 0.301878  0.000000 0.000000 1.000000  0.055136 0.651940 0
0  0.117451 -0.397638 0.301878  0.000000 0.000000 1.000000  0.055136 0.652118 0
0  0.234903 -0.194206 0.301878  0.000000 0.000000 1.000000  0.054827 0.652296 0
lowpoly_plastic
0  0.285480 0.084537 0.288041  -1.000000 0.000000 0.000000  0.039311 0.774043 0
0  0.285480 0.201742 0.288041  -1.000000 0.000000 0.000000  0.039486 0.774043 0
0  0.285480 0.201742 0.053631  -1.000000 0.000000 0.000000  0.039486 0.774399 0
lowpoly_plastic
0  0.386982 0.085701 0.232108  -0.500002 0.866024 0.000000  0.038697 0.774333 0
0  0.386982 0.085701 0.288041  -0.500002 0.866024 0.000000  0.038782 0.774332 0
0  0.436725 0.114420 0.288041  -0.500002 0.866024 0.000000  0.038779 0.774403 0
lowpoly_plastic
0  0.386982 0.260345 0.288041  0.500000 0.866026 0.000000  0.036291 0.777580 0
0  0.488485 0.201742 0.288041  0.500000 0.866026 0.000000  0.036453 0.777574 0
0  0.488485 0.201742 0.053631  0.500000 0.866026 0.000000  0.036453 0.777929 0
lowpoly_plastic
0  0.386982 0.025934 0.288041  -0.500001 -0.866025 0.000000  0.034664 0.777582 0
0  0.285480 0.084537 0.288041  -0.500001 -0.866025 0.000000  0.034825 0.777579 0
0  0.285480 0.084537 0.053631  -0.500001 -0.866025 0.000000  0.034825 0.777935 0
lowpoly_metal
0  0.386982 0.025934 0.288041  0.000001 0.000000 1.000000  0.055927 0.652118 0
0  0.386982 0.085701 0.288041  0.000001 0.000000 1.000000  0.055849 0.652164 0
0  0.337240 0.114420 0.288041  0.000001 0.000000 1.000000  0.055773 0.652120 0
lowpoly_metal
0  0.386982 0.200577 0.288041  -0.000001 0.000000 1.000000  0.055698 0.652251 0
0  0.386982 0.260345 0.288041  -0.000001 0.000000 1.000000  0.055619 0.652296 0
0  0.285480 0.201742 0.288041  -0.000001 0.000000 1.000000  0.055619 0.652118 0
lowpoly_metal
0  0.436725 0.114420 0.288041  -0.000001 0.000000 1.000000  0.055849 0.652251 0
0  0.386982 0.085701 0.288041  -0.000001 0.000000 1.000000  0.055849 0.652164 0
0  0.386982 0.025934 0.288041  -0.000001 0.000000 1.000000  0.055927 0.652118 0
lowpoly_metal
0  0.386982 0.200577 0.288041  0.000000 0.000000 1.000000  0.055698 0.652251 0
0  0.436725 0.171858 0.288041  0.000000 0.000000 1.000000  0.055773 0.652294 0
0  0.488485 0.201742 0.288041  0.000000 0.000000 1.000000  0.055773 0.652385 0
lowpoly_metal
0  0.436725 0.171858 0.288041  -0.000001 0.000000 1.000000  0.055773 0.652294 0
0  0.436725 0.114420 0.288041  -0.000001 0.000000 1.000000  0.055849 0.652251 0
0  0.488485 0.084537 0.288041  -0.000001 0.000000 1.000000  0.055927 0.652296 0
lowpoly_plastic
0  0.488485 0.201742 0.288041  1.000000 0.000000 0.000000  0.037246 0.777595 0
0  0.488485 0.084537 0.288041  1.000000 0.000000 0.000000  0.037422 0.777595 0
0  0.488485 0.084537 0.053631  1.000000 0.000000 0.000000  0.037422 0.777951 0
lowpoly_metal
0  0.436725 0.171858 0.232108  0.000000 0.000000 1.000000  0.057504 0.648730 0
0  0.386982 0.200577 0.232108  0.000000 0.000000 1.000000  0.057504 0.648818 0
0  0.337240 0.171858 0.232108  0.000000 0.000000 1.000000  0.057428 0.648861 0
lowpoly_metal
0  0.337240 0.171858 0.288041  0.000000 0.000000 1.000000  0.055698 0.652164 0
0  0.285480 0.201742 0.288041  0.000000 0.000000 1.000000  0.055619 0.652118 0
0  0.285480 0.084537 0.288041  0.000000 0.000000 1.000000  0.055773 0.652029 0
lowpoly_plastic
0  0.386982 0.200577 0.232108  0.500004 -0.866023 0.000000  0.039207 0.774332 0
0  0.386982 0.200577 0.288041  0.500004 -0.866023 0.000000  0.039292 0.774331 0
0  0.337240 0.171858 0.288041  0.500004 -0.866023 0.000000  0.039290 0.774403 0
lowpoly_plastic
0  0.337240 0.114420 0.232108  0.500003 0.866023 0.000000  0.038694 0.774253 0
0  0.337240 0.114420 0.288041  0.500003 0.866023 0.000000  0.038779 0.774253 0
0  0.386982 0.085701 0.288041  0.500003 0.866023 0.000000  0.038782 0.774332 0
lowpoly_plastic
0  0.436725 0.171858 0.232108  -0.500002 -0.866024 0.000000  0.039205 0.774253 0
0  0.436725 0.171858 0.288041  -0.500002 -0.866024 0.000000  0.039290 0.774253 0
0  0.386982 0.200577 0.288041  -0.500002 -0.866024 0.000000  0.039292 0.774331 0
lowpoly_plastic
0  0.436725 0.114420 0.232108  -1.000000 0.000000 0.000000  0.035095 0.777559 0
0  0.436725 0.114420 0.288041  -1.000000 0.000000 0.000000  0.035010 0.777559 0
0  0.436725 0.171858 0.288041  -1.000000 0.000000 0.000000  0.035010 0.777473 0
lowpoly_plastic
0  0.285480 0.201742 0.288041  -0.500001 0.866025 0.000000  0.036146 0.777572 0
0  0.386982 0.260345 0.288041  -0.500001 0.866025 0.000000  0.036291 0.777580 0
0  0.386982 0.260345 0.053631  -0.500001 0.866025 0.000000  0.036291 0.777935 0
lowpoly_metal
0  0.488485 0.084537 0.053631  0.000000 0.000000 -1.000000  0.052714 0.652286 0
0  0.386982 0.025934 0.053631  0.000000 0.000000 -1.000000  0.052714 0.652108 0
0  0.285480 0.084537 0.053631  0.000000 0.000000 -1.000000  0.052869 0.652019 0
lowpoly_plastic
0  0.337240 0.171858 0.232108  1.000000 0.000000 0.000000  0.038864 0.774490 0
0  0.337240 0.171858 0.288041  1.000000 0.000000 0.000000  0.038779 0.774490 0
0  0.337240 0.114420 0.288041  1.000000 0.000000 0.000000  0.038779 0.774404 0
lowpoly_plastic
0  0.488485 0.084537 0.288041  0.500000 -0.866025 0.000000  0.034517 0.777578 0
0  0.386982 0.025934 0.288041  0.500000 -0.866025 0.000000  0.034664 0.777582 0
0  0.386982 0.025934 0.053631  0.500000 -0.866025 0.000000  0.034664 0.777938 0
lowpoly_plastic
0  -0.161323 0.085214 0.287473  0.000000 0.000000 1.000000  0.006787 0.735882 0
0  -0.322647 -0.194206 0.287473  0.000000 0.000000 1.000000  0.007211 0.736127 0
0  -0.234903 -0.194206 0.287473  0.000000 0.000000 1.000000  0.007211 0.735994 0
lowpoly_plastic
0  -0.337240 0.171858 0.288041  -0.500004 -0.866023 0.000000  0.039289 0.774403 0
0  -0.386982 0.200577 0.288041  -0.500004 -0.866023 0.000000  0.039291 0.774331 0
0  -0.386982 0.200577 0.232108  -0.500004 -0.866023 0.000000  0.039206 0.774332 0
lowpoly_plastic
0  -0.488485 0.201742 0.053631  -0.500000 0.866026 0.000000  0.036453 0.777929 0
0  -0.488485 0.201742 0.288041  -0.500000 0.866026 0.000000  0.036453 0.777574 0
0  -0.386982 0.260345 0.288041  -0.500000 0.866026 0.000000  0.036291 0.777580 0
lowpoly_plastic
0  -0.234903 -0.194206 0.287473  0.000000 0.000000 1.000000  0.007211 0.735994 0
0  -0.322647 -0.194206 0.287473  0.000000 0.000000 1.000000  0.007211 0.736127 0
0  -0.161323 -0.473626 0.287473  0.000000 0.000000 1.000000  0.007636 0.735883 0
lowpoly_metal
0  -0.386982 0.025934 0.288041  0.000000 0.000000 1.000000  0.055927 0.652118 0
0  -0.285480 0.084537 0.288041  0.000000 0.000000 1.000000  0.055772 0.652029 0
0  -0.337240 0.114420 0.288041  0.000000 0.000000 1.000000  0.055772 0.652120 0
lowpoly_metal
0  -0.488485 0.201742 0.288041  0.000000 0.000000 1.000000  0.055772 0.652385 0
0  -0.436725 0.171858 0.288041  0.000000 0.000000 1.000000  0.055772 0.652294 0
0  -0.386982 0.200577 0.288041  0.000000 0.000000 1.000000  0.055697 0.652251 0
lowpoly_metal
0  -0.285480 0.201742 0.288041  0.000001 0.000000 1.000000  0.055618 0.652118 0
0  -0.386982 0.260345 0.288041  0.000001 0.000000 1.000000  0.055618 0.652296 0
0  -0.386982 0.200577 0.288041  0.000001 0.000000 1.000000  0.055697 0.652251 0
lowpoly_metal
0  -0.436725 0.171858 0.288041  0.000000 0.000000 1.000000  0.055772 0.652294 0
0  -0.488485 0.201742 0.288041  0.000000 0.000000 1.000000  0.055772 0.652385 0
0  -0.488485 0.084537 0.288041  0.000000 0.000000 1.000000  0.055927 0.652296 0
lowpoly_metal
0  -0.436725 0.114420 0.288041  -0.000001 0.000000 1.000000  0.055848 0.652251 0
0  -0.488485 0.084537 0.288041  -0.000001 0.000000 1.000000  0.055927 0.652296 0
0  -0.386982 0.025934 0.288041  -0.000001 0.000000 1.000000  0.055927 0.652118 0
lowpoly_plastic
0  -0.234903 -0.194206 0.301878  -0.866026 0.499999 0.000000  0.035105 0.775107 0
0  -0.117451 0.009226 0.301878  -0.866026 0.499999 0.000000  0.035107 0.775386 0
0  -0.117451 0.009226 0.287473  -0.866026 0.499999 0.000000  0.035129 0.775386 0
lowpoly_plastic
0  -0.386982 0.260345 0.053631  0.500001 0.866025 0.000000  0.036291 0.777935 0
0  -0.386982 0.260345 0.288041  0.500001 0.866025 0.000000  0.036291 0.777580 0
0  -0.285480 0.201742 0.288041  0.500001 0.866025 0.000000  0.036146 0.777572 0
lowpoly_plastic
0  -0.285480 0.084537 0.053631  0.500001 -0.866025 0.000000  0.034824 0.777935 0
0  -0.285480 0.084537 0.288041  0.500001 -0.866025 0.000000  0.034824 0.777579 0
0  -0.386982 0.025934 0.288041  0.500001 -0.866025 0.000000  0.034663 0.777582 0
lowpoly_plastic
0  -0.436725 0.171858 0.288041  1.000000 0.000000 0.000000  0.035009 0.777473 0
0  -0.436725 0.114420 0.288041  1.000000 0.000000 0.000000  0.035009 0.777559 0
0  -0.436725 0.114420 0.232108  1.000000 0.000000 0.000000  0.035094 0.777559 0
lowpoly_metal
0  -0.436725 0.171858 0.232108  0.000000 0.000000 1.000000  0.057503 0.648730 0
0  -0.386982 0.085701 0.232108  0.000000 0.000000 1.000000  0.057352 0.648730 0
0  -0.337240 0.171858 0.232108  0.000000 0.000000 1.000000  0.057427 0.648861 0
lowpoly_metal
0  -0.488485 0.084537 0.053631  0.000000 0.000000 -1.000000  0.052714 0.652286 0
0  -0.386982 0.260345 0.053631  0.000000 0.000000 -1.000000  0.053022 0.652286 0
0  -0.285480 0.084537 0.053631  0.000000 0.000000 -1.000000  0.052868 0.652019 0
lowpoly_plastic
0  -0.386982 0.085701 0.288041  -0.500003 0.866023 0.000000  0.038781 0.774332 0
0  -0.337240 0.114420 0.288041  -0.500003 0.866023 0.000000  0.038778 0.774253 0
0  -0.337240 0.114420 0.232108  -0.500003 0.866023 0.000000  0.038693 0.774253 0
lowpoly_plastic
0  -0.436725 0.114420 0.288041  0.500002 0.866024 0.000000  0.038778 0.774403 0
0  -0.386982 0.085701 0.288041  0.500002 0.866024 0.000000  0.038781 0.774332 0
0  -0.386982 0.085701 0.232108  0.500002 0.866024 0.000000  0.038696 0.774333 0
lowpoly_plastic
0  -0.117451 -0.397638 0.301878  -0.866026 -0.499999 0.000000  0.035107 0.774775 0
0  -0.234903 -0.194206 0.301878  -0.866026 -0.499999 0.000000  0.035105 0.775107 0
0  -0.234903 -0.194206 0.287473  -0.866026 -0.499999 0.000000  0.035127 0.775107 0
lowpoly_metal
0  -0.117451 -0.397638 0.301878  0.000000 0.000000 1.000000  0.055136 0.652118 0
0  0.000000 -0.397638 0.301878  0.000000 0.000000 1.000000  0.055136 0.651940 0
0  -0.234903 -0.194206 0.301878  0.000000 0.000000 1.000000  0.054827 0.652296 0
lowpoly_metal
0  0.000000 -0.397638 0.301878  0.000000 0.000000 1.000000  0.055136 0.651940 0
0  0.000000 0.009226 0.301878  0.000000 0.000000 1.000000  0.054518 0.651939 0
0  -0.234903 -0.194206 0.301878  0.000000 0.000000 1.000000  0.054827 0.652296 0
lowpoly_plastic
0  -0.285480 0.201742 0.053631  1.000000 0.000000 0.000000  0.039485 0.774399 0
0  -0.285480 0.201742 0.288041  1.000000 0.000000 0.000000  0.039485 0.774043 0
0  -0.285480 0.084537 0.288041  1.000000 0.000000 0.000000  0.039310 0.774043 0
lowpoly_metal
0  -0.285480 0.084537 0.288041  0.000001 0.000000 1.000000  0.055772 0.652029 0
0  -0.285480 0.201742 0.288041  0.000001 0.000000 1.000000  0.055618 0.652118 0
0  -0.337240 0.171858 0.288041  0.000001 0.000000 1.000000  0.055697 0.652164 0
lowpoly_plastic
0  -0.386982 0.200577 0.288041  0.500002 -0.866024 0.000000  0.039291 0.774331 0
0  -0.436725 0.171858 0.288041  0.500002 -0.866024 0.000000  0.039289 0.774253 0
0  -0.436725 0.171858 0.232108  0.500002 -0.866024 0.000000  0.039204 0.774253 0
lowpoly_plastic
0  -0.488485 0.084537 0.053631  -1.000000 0.000000 0.000000  0.037421 0.777951 0
0  -0.488485 0.084537 0.288041  -1.000000 0.000000 0.000000  0.037421 0.777595 0
0  -0.488485 0.201742 0.288041  -1.000000 0.000000 0.000000  0.037245 0.777595 0
lowpoly_plastic
0  0.000000 -0.397638 0.301878  0.000000 -1.000000 0.000000  0.035111 0.776173 0
0  -0.117451 -0.397638 0.301878  0.000000 -1.000000 0.000000  0.035111 0.775995 0
0  -0.117451 -0.397638 0.287473  0.000000 -1.000000 0.000000  0.035089 0.775995 0
glass
0  0.000000 -0.936500 0.629457  0.000000 -1.000000 0.000012  0.749490 0.370401 0
0  0.000000 -0.864759 0.263710  -0.000009 -1.000000 -0.000066  0.498979 0.370401 0
0  0.500968 -0.864759 0.263710  0.079378 -0.996845 -0.000017  0.498979 0.027274 0
glass
0  0.500968 -0.864759 0.263710  0.079378 -0.996845 -0.000017  0.498979 0.027274 0
0  0.540788 -0.864759 0.637438  0.079368 -0.996845 -0.000001  0.754956 0.000000 0
0  0.000000 -0.936500 0.629457  0.000000 -1.000000 0.000012  0.749490 0.370401 0
glass
0  0.540788 -0.864759 0.637438  0.079368 -0.996845 -0.000001  0.754956 0.000000 0
0  0.227842 -0.864759 0.985545  0.079347 -0.996847 0.000076  0.993384 0.214346 0
0  0.000000 -0.936500 0.629457  0.000000 -1.000000 0.000012  0.749490 0.370401 0
glass
0  0.500968 -0.674325 0.263710  0.075570 0.997141 -0.000010  0.000000 0.718251 0
0  0.000000 -0.674325 0.263710  0.000009 1.000000 -0.000072  0.000000 0.375124 0
0  0.000000 -0.602584 0.627966  -0.000000 1.000000 -0.000014  0.249490 0.375124 0
glass
0  0.000000 -0.602584 0.627966  -0.000000 1.000000 -0.000014  0.249490 0.375124 0
0  0.000000 -0.674325 0.992223  -0.000011 1.000000 0.000074  0.498979 0.375124 0
0  0.266186 -0.674325 0.980989  0.075541 0.997143 0.000083  0.491284 0.557442 0
glass
0  0.266186 -0.674325 0.980989  0.075541 0.997143 0.000083  0.491284 0.557442 0
0  0.547684 -0.674325 0.702157  0.075551 0.997142 0.000003  0.300305 0.750248 0
0  0.000000 -0.602584 0.627966  -0.000000 1.000000 -0.000014  0.249490 0.375124 0
lowpoly_plastic
0  0.000000 0.085214 0.287473  -0.000000 0.000000 1.000000  0.006787 0.735637 0
0  -0.161323 0.085214 0.287473  -0.000000 0.000000 1.000000  0.006787 0.735882 0
0  -0.117451 0.009226 0.287473  -0.000000 0.000000 1.000000  0.006903 0.735816 0
lowpoly_plastic
0  -0.161323 -0.473626 0.287473  0.866025 0.500000 0.000000  0.035127 0.776222 0
0  -0.322647 -0.194206 0.287473  0.866025 0.500000 0.000000  0.035129 0.775762 0
0  -0.322647 -0.194206 0.297872  0.866025 0.500000 0.000000  0.035113 0.775762 0
lowpoly_plastic
0  0.000000 0.009226 0.287473  0.000000 1.000000 0.000000  0.035270 0.776220 0
0  0.000000 0.009226 0.301878  0.000000 1.000000 0.000000  0.035291 0.776220 0
0  0.117451 0.009226 0.301878  0.000000 1.000000 0.000000  0.035291 0.776398 0
lowpoly_plastic
0  0.117451 -0.397638 0.287473  0.000000 0.000000 1.000000  0.007521 0.735816 0
0  0.000000 -0.397638 0.287473  0.000000 0.000000 1.000000  0.007521 0.735637 0
0  0.000000 -0.473626 0.287473  0.000000 0.000000 1.000000  0.007636 0.735637 0
lowpoly_plastic
0  -0.592866 -0.503528 0.316438  -0.091885 0.497887 0.862360  0.023885 0.878110 0
0  -0.552016 -0.503528 0.320791  -0.091885 0.497887 0.862360  0.023823 0.878110 0
0  -0.544634 -0.382155 0.251502  -0.091885 0.497887 0.862360  0.023813 0.878297 0
lowpoly_plastic
0  -0.212855 0.174470 0.143496  -0.000000 1.000000 0.000000  0.039310 0.773182 0
0  -0.212855 0.174470 0.297872  -0.000000 1.000000 0.000000  0.039544 0.773180 0
0  0.000000 0.174470 0.297872  -0.000000 1.000000 0.000000  0.039544 0.772859 0
lowpoly_plastic
0  0.000000 0.085214 0.297872  -0.000000 -1.000000 0.000000  0.035106 0.775019 0
0  0.000000 0.085214 0.287473  -0.000000 -1.000000 0.000000  0.035090 0.775019 0
0  0.161323 0.085214 0.287473  -0.000000 -1.000000 0.000000  0.035090 0.774775 0
lowpoly_metal
0  0.161323 -0.473626 0.297872  0.000000 0.000000 1.000000  0.043052 0.752544 0
0  0.000000 -0.473626 0.297872  0.000000 0.000000 1.000000  0.043052 0.752299 0
0  0.000000 -0.562882 0.297872  0.000000 0.000000 1.000000  0.043188 0.752299 0
lowpoly_plastic
0  0.212855 -0.562882 0.297872  0.000000 -1.000000 0.000000  0.039545 0.771891 0
0  0.000000 -0.562882 0.297872  0.000000 -1.000000 0.000000  0.039545 0.772214 0
0  0.000000 -0.562882 0.143496  0.000000 -1.000000 0.000000  0.039311 0.772214 0
lowpoly_plastic
0  -0.592866 -0.035874 0.316438  -0.091885 0.497887 0.862360  0.024000 0.878110 0
0  -0.552016 -0.035874 0.320791  -0.091885 0.497887 0.862360  0.023938 0.878110 0
0  -0.544634 0.085499 0.251502  -0.091885 0.497887 0.862360  0.023927 0.878297 0
lowpoly_plastic
0  -0.585483 -0.624901 0.247150  -0.091884 -0.497887 0.862361  0.023875 0.877929 0
0  -0.544634 -0.624901 0.251502  -0.091884 -0.497887 0.862361  0.023813 0.877929 0
0  -0.552016 -0.503528 0.320791  -0.091884 -0.497887 0.862361  0.023823 0.878110 0
lowpoly_metal
0  0.000000 0.817228 0.318157  0.000000 1.000000 0.000000  0.070396 0.747938 0
0  0.000000 0.817228 0.377577  0.000000 1.000000 0.000000  0.070486 0.747938 0
0  0.070113 0.817228 0.377577  0.000000 1.000000 0.000000  0.070486 0.748044 0
lowpoly_plastic
0  -0.570718 0.085499 0.108574  0.000000 1.000000 0.000000  0.023848 0.874773 0
0  -0.585483 0.085499 0.247150  0.000000 1.000000 0.000000  0.023848 0.874562 0
0  -0.544634 0.085499 0.251502  0.000000 1.000000 0.000000  0.023785 0.874562 0
lowpoly_plastic
0  -0.570718 0.085499 0.108574  0.091885 0.497883 -0.862363  0.024232 0.873860 0
0  -0.529869 0.085499 0.112926  0.091885 0.497883 -0.862363  0.024294 0.873860 0
0  -0.522486 -0.035874 0.043639  0.091885 0.497883 -0.862363  0.024304 0.873676 0
lowpoly_plastic
0  -0.337240 0.114420 0.288041  -1.000000 0.000000 0.000000  0.038778 0.774404 0
0  -0.337240 0.171858 0.288041  -1.000000 0.000000 0.000000  0.038778 0.774490 0
0  -0.337240 0.171858 0.232108  -1.000000 0.000000 0.000000  0.038863 0.774490 0
lowpoly_plastic
0  -0.386982 0.025934 0.053631  -0.500000 -0.866025 0.000000  0.034663 0.777938 0
0  -0.386982 0.025934 0.288041  -0.500000 -0.866025 0.000000  0.034663 0.777582 0
0  -0.488485 0.084537 0.288041  -0.500000 -0.866025 0.000000  0.034516 0.777578 0
glass
0  -0.500968 -0.864759 0.263710  -0.079378 -0.996845 -0.000017  0.498979 0.713528 0
0  0.000000 -0.864759 0.263710  -0.000009 -1.000000 -0.000066  0.498979 0.370401 0
0  0.000000 -0.936500 0.629457  0.000000 -1.000000 0.000012  0.749490 0.370401 0
glass
0  0.000000 -0.936500 0.629457  0.000000 -1.000000 0.000012  0.749490 0.370401 0
0  0.000000 -0.864759 0.995204  0.000011 -1.000000 0.000070  1.000000 0.370401 0
0  -0.227842 -0.864759 0.985545  -0.079354 -0.996846 0.000076  0.993384 0.526456 0
glass
0  -0.227842 -0.864759 0.985545  -0.079354 -0.996846 0.000076  0.993384 0.526456 0
0  -0.540788 -0.864759 0.637438  -0.079367 -0.996846 0.000000  0.754956 0.740802 0
0  0.000000 -0.936500 0.629457  0.000000 -1.000000 0.000012  0.749490 0.370401 0
glass
0  0.000000 -0.602584 0.627966  -0.000000 1.000000 -0.000014  0.249490 0.375124 0
0  0.000000 -0.674325 0.263710  0.000009 1.000000 -0.000072  0.000000 0.375124 0
0  -0.500968 -0.674325 0.263710  -0.075569 0.997141 -0.000010  0.000000 0.031997 0
glass
0  -0.500968 -0.674325 0.263710  -0.075569 0.997141 -0.000010  0.000000 0.031997 0
0  -0.547684 -0.674325 0.702157  -0.075560 0.997141 -0.000009  0.300304 0.000000 0
0  0.000000 -0.602584 0.627966  -0.000000 1.000000 -0.000014  0.249490 0.375124 0
glass
0  -0.547684 -0.674325 0.702157  -0.075560 0.997141 -0.000009  0.300304 0.000000 0
0  -0.266186 -0.674325 0.980989  -0.075546 0.997142 0.000083  0.491284 0.192806 0
0  0.000000 -0.602584 0.627966  -0.000000 1.000000 -0.000014  0.249490 0.375124 0
lowpoly_plastic
0  -0.117451 0.009226 0.301878  -0.000000 1.000000 0.000000  0.035291 0.776398 0
0  0.000000 0.009226 0.301878  -0.000000 1.000000 0.000000  0.035291 0.776220 0
0  0.000000 0.009226 0.287473  -0.000000 1.000000 0.000000  0.035269 0.776220 0
lowpoly_plastic
0  -0.117451 -0.397638 0.287473  0.000000 0.000000 1.000000  0.007520 0.735816 0
0  -0.161323 -0.473626 0.287473  0.000000 0.000000 1.000000  0.007636 0.735883 0
0  0.000000 -0.473626 0.287473  0.000000 0.000000 1.000000  0.007636 0.735637 0
lowpoly_plastic
0  -0.161323 0.085214 0.287473  0.000000 -1.000000 0.000000  0.035089 0.774775 0
0  0.000000 0.085214 0.287473  0.000000 -1.000000 0.000000  0.035089 0.775019 0
0  0.000000 0.085214 0.297872  0.000000 -1.000000 0.000000  0.035105 0.775019 0
lowpoly_metal
0  -0.161323 -0.473626 0.297872  0.000000 0.000000 1.000000  0.043052 0.752544 0
0  -0.212855 -0.562882 0.297872  0.000000 0.000000 1.000000  0.043187 0.752622 0
0  0.000000 -0.562882 0.297872  0.000000 0.000000 1.000000  0.043187 0.752299 0
lowpoly_plastic
0  0.000000 -0.562882 0.143496  0.000000 -1.000000 0.000000  0.039310 0.772214 0
0  0.000000 -0.562882 0.297872  0.000000 -1.000000 0.000000  0.039544 0.772214 0
0  -0.212855 -0.562882 0.297872  0.000000 -1.000000 0.000000  0.039544 0.771891 0
lowpoly_metal
0  -0.070113 0.817228 0.377577  0.000000 1.000000 0.000000  0.070486 0.748044 0
0  0.000000 0.817228 0.377577  0.000000 1.000000 0.000000  0.070486 0.747938 0
0  0.000000 0.817228 0.318157  0.000000 1.000000 0.000000  0.070396 0.747938 0
end
