version 1
nodes
0 "ValveBiped.Bip01_Spine4" -1
1 "ValveBiped.Bip01_L_Clavicle" 0
2 "ValveBiped.Bip01_L_UpperArm" 1
3 "ValveBiped.Bip01_L_Forearm" 2
4 "ValveBiped.Bip01_L_Hand" 3
5 "ValveBiped.Bip01_L_Finger4" 4
6 "ValveBiped.Bip01_L_Finger41" 5
7 "ValveBiped.Bip01_L_Finger42" 6
8 "ValveBiped.Bip01_L_Finger3" 4
9 "ValveBiped.Bip01_L_Finger31" 8
10 "ValveBiped.Bip01_L_Finger32" 9
11 "ValveBiped.Bip01_L_Finger2" 4
12 "ValveBiped.Bip01_L_Finger21" 11
13 "ValveBiped.Bip01_L_Finger22" 12
14 "ValveBiped.Bip01_L_Finger1" 4
15 "ValveBiped.Bip01_L_Finger11" 14
16 "ValveBiped.Bip01_L_Finger12" 15
17 "ValveBiped.Bip01_L_Finger0" 4
18 "ValveBiped.Bip01_L_Finger01" 17
19 "ValveBiped.Bip01_L_Finger02" 18
20 "ValveBiped.Bip01_L_Ulna" 3
21 "ValveBiped.Bip01_L_Wrist" 3
22 "rig_l_upperarm" 1
23 "rig_l_forearm" 22
24 "rig_d_l_forearm" 23
25 "rig_d_l_upperarm" 22
26 "ValveBiped.Bip01_R_Clavicle" 0
27 "ValveBiped.Bip01_R_UpperArm" 26
28 "ValveBiped.Bip01_R_Forearm" 27
29 "ValveBiped.Bip01_R_Hand" 28
30 "ValveBiped.Bip01_R_Finger4" 29
31 "ValveBiped.Bip01_R_Finger41" 30
32 "ValveBiped.Bip01_R_Finger42" 31
33 "ValveBiped.Bip01_R_Finger3" 29
34 "ValveBiped.Bip01_R_Finger31" 33
35 "ValveBiped.Bip01_R_Finger32" 34
36 "ValveBiped.Bip01_R_Finger2" 29
37 "ValveBiped.Bip01_R_Finger21" 36
38 "ValveBiped.Bip01_R_Finger22" 37
39 "ValveBiped.Bip01_R_Finger1" 29
40 "ValveBiped.Bip01_R_Finger11" 39
41 "ValveBiped.Bip01_R_Finger12" 40
42 "ValveBiped.Bip01_R_Finger0" 29
43 "ValveBiped.Bip01_R_Finger01" 42
44 "ValveBiped.Bip01_R_Finger02" 43
45 "ValveBiped.Bip01_R_Ulna" 28
46 "ValveBiped.Bip01_R_Wrist" 28
47 "rig_r_upperarm" 26
48 "rig_r_forearm" 47
49 "rig_d_r_forearm" 48
50 "rig_d_r_upperarm" 47
51 "rig_r_hand" -1
52 "rig_d_r_hand" 51
53 "rig_d_r_wrist" 52
54 "rig_l_hand" -1
55 "rig_d_l_hand" 54
56 "rig_d_l_wrist" 54
57 "rig_l_pole" -1
58 "rig_r_pole" -1
59 "rig_l_clavicle" -1
60 "rig_d_l_clavicle" 59
61 "rig_r_clavicle" -1
62 "rig_d_r_clavicle" 61
63 "Camera" -1
64 "body" -1
65 "trigger" 64
66 "bullet1" 64
67 "slide" 64
68 "hammer" 64
69 "sliderelease" 64
70 "barrel" 64
71 "slidesg" 64
72 "grip_safety" 64
73 "safety" 64
74 "magrelease" 64
75 "sg_round" -1
76 "mag" -1
77 "bullet2" 76
78 "bullet3" 76
79 "bullet4" 78
80 "bullet5" 78
81 "bullet6" 78
82 "bullet7" 78
83 "bullet8" 78
84 "bullet9" 78
85 "bullet10" 78
86 "springstart" 76
87 "springend" 86
88 "sg_shell" -1
end
skeleton
time 0
0  0.000006 0.000000 0.000000  -1.570800 -1.391899 -1.570792
1  2.033349 1.000767 1.937657  -1.544956 -1.855077 -0.198630
2  6.027519 -0.000325 0.000208  -2.143567 0.785018 -0.668631
3  11.692112 0.000645 -0.000737  -0.000081 -0.000003 -1.062457
4  11.480341 -0.000210 -0.000731  1.977908 0.206141 0.313878
5  3.859507 -0.142824 -1.192079  -0.468169 0.151546 -0.880257
6  1.312591 0.000011 0.000008  -0.000027 0.000044 -0.439740
7  0.729356 0.000054 0.000049  0.000017 0.000021 -0.244317
8  3.942145 0.046328 -0.431542  -0.151817 0.073216 -0.811086
9  1.539110 0.000084 0.000004  -0.000007 0.000021 -0.247842
10  1.196333 0.000143 0.000029  0.000011 0.000018 -0.430770
11  3.883516 -0.047213 0.431351  0.085894 0.021858 -0.587909
12  1.719572 -0.000031 0.000017  0.000015 0.005518 -0.366533
13  1.209181 0.000090 0.000012  0.000004 0.003091 -0.216438
14  3.859681 -0.138419 1.332380  0.354466 -0.042717 -0.531784
15  1.719448 -0.000020 0.000028  0.000028 0.004066 -0.363025
16  1.099676 0.000050 0.000005  0.000003 0.002578 -0.244381
17  0.806014 -0.349039 1.321248  -1.222694 -0.679188 -0.788867
18  1.789818 -0.000006 -0.000018  0.000011 -0.000024 0.228523
19  1.207014 -0.000014 -0.000041  0.000002 -0.000008 0.362856
20  5.740633 0.000389 -0.000700  0.079065 0.000003 0.000063
21  11.481082 0.000133 -0.000803  0.075193 0.073684 0.050288
22  6.027525 -0.000330 0.000200  -2.352391 -0.091111 0.810625
23  0.000001 11.692099 -0.000007  -0.760917 -0.255891 -0.622326
24  0.000004 0.000009 -0.000000  0.868996 -0.000031 1.570739
25  0.000000 -0.000012 -0.000000  0.868960 0.000002 1.570712
26  2.033355 1.000772 -1.937609  1.473120 1.855075 -0.198639
27  6.027509 -0.000259 -0.000229  1.637176 -0.060228 -0.592196
28  11.691992 0.000163 0.000858  -0.000050 -0.000001 -0.007067
29  11.539204 0.000316 0.000816  -1.562466 0.108529 -0.061253
30  3.859438 -0.132760 1.193065  0.466290 -0.158048 -0.878823
31  1.312559 0.000023 0.000001  0.000013 -0.000043 -0.439709
32  0.729345 0.000065 -0.000027  -0.000023 -0.000019 -0.244286
33  3.942046 0.050138 0.431000  0.150091 -0.079181 -0.810189
34  1.539099 0.000006 0.000000  0.000009 -0.000007 -0.247824
35  1.196302 0.000075 -0.000004  -0.000007 -0.000009 -0.430781
36  3.883415 -0.050474 -0.431084  -0.085915 -0.026392 -0.587660
37  1.719564 -0.000085 -0.000004  -0.000006 -0.007962 -0.366486
38  1.209197 0.000034 0.000011  0.000002 -0.004461 -0.216413
39  3.859588 -0.149084 -1.331321  -0.354445 0.038578 -0.531955
40  1.719413 -0.000099 -0.000036  -0.000030 -0.006584 -0.363030
41  1.099674 0.000025 0.000006  0.000004 -0.004188 -0.244347
42  0.805982 -0.359850 -1.318338  1.221444 0.673631 -0.793558
43  1.789779 -0.000010 -0.000040  -0.000028 0.000031 0.228553
44  1.206995 -0.000006 0.000007  -0.000017 0.000020 0.362910
45  5.740573 0.000079 0.000723  0.026990 -0.000014 0.000028
46  11.492787 0.000137 0.000908  0.000504 0.000315 -0.022541
47  6.027515 -0.000273 -0.000228  0.074799 -0.634128 -2.207435
48  -0.000001 11.691977 -0.000007  -0.005397 0.000036 0.004562
49  0.000002 -0.000001 0.000001  2.272571 -0.000036 1.570860
50  -0.000008 -0.000014 0.000004  2.272645 -0.000036 1.570861
51  -22.620094 0.844507 -17.554111  -1.605366 2.379717 -0.041994
52  -0.000000 0.000001 -0.000000  0.008153 -0.000259 0.000009
53  0.000001 -0.000001 0.000000  1.565115 0.043565 -0.106862
54  22.730511 4.822210 -11.506547  1.605712 0.761853 0.042358
55  0.000000 -0.000002 -0.000000  0.000000 -0.000001 -0.000002
56  0.000031 0.000027 0.000001  -1.571901 -0.044449 -0.106509
57  15.265023 8.339654 -8.787539  1.570796 -0.000000 0.000000
58  -15.265000 8.339654 -8.787539  1.570796 -0.000000 0.000000
59  1.941978 -1.346989 1.821586  1.570796 -0.000000 0.000000
60  -0.004311 0.001230 -0.000371  0.006898 -0.005534 -0.284229
61  -1.937603 -1.346625 1.822824  1.570796 -0.000000 0.000000
62  0.000000 0.000000 0.000000  -0.078727 -3.136056 0.284226
63  0.000000 0.000000 0.000000  1.570796 -0.000000 0.000000
64  -3.534368 -10.111034 -2.851932  1.570796 -0.000000 0.000000
65  -0.008022 0.449004 2.449477  0.000000 -0.000000 0.000000
66  -0.008021 1.798499 0.936337  0.000000 -0.000000 0.000000
67  0.000000 2.151127 2.901127  0.000000 -0.000000 0.000000
68  -0.008023 1.347420 0.085285  0.000000 -0.000000 0.000000
69  0.230628 1.332312 3.105305  0.000000 -0.000000 0.000000
70  -0.008024 2.172907 7.984051  0.000000 -0.000000 0.000000
71  -0.008022 1.228065 5.810776  0.000000 -0.000000 0.000000
72  -0.008023 1.115505 -0.313082  0.000000 -0.000000 0.000000
73  -0.008023 1.345870 0.084164  1.570796 -0.000000 -0.000000
74  -0.008023 0.197514 1.902819  0.000000 -0.000000 0.000000
75  -3.542390 -12.021312 -0.689985  1.570796 -0.000000 0.000000
76  -3.534368 -10.839828 -0.901454  1.570796 -0.000000 0.000000
77  -0.008021 -0.653745 0.060182  0.000000 -0.000000 0.000000
78  -0.008021 -1.155510 -0.087180  0.000000 -0.000000 0.000000
79  0.000000 -0.501765 -0.147367  0.000000 -0.000000 0.000000
80  0.000000 -1.003531 -0.294728  0.000000 -0.000000 0.000000
81  0.000000 -1.505297 -0.442090  0.000000 -0.000000 0.000000
82  0.000000 -2.007061 -0.589454  0.000000 -0.000000 0.000000
83  0.000000 -2.508827 -0.736814  0.000000 -0.000000 0.000000
84  0.000000 -2.772560 -0.939010  0.000000 -0.000000 0.000000
85  0.000000 -3.071457 -1.220325  0.000000 -0.000000 0.000000
86  -0.283371 -4.518086 -0.534134  0.346743 -0.000000 -0.000000
87  -0.000000 4.582804 -0.219900  -0.051302 0.000000 0.000000
88  -3.542390 -12.021312 -0.689985  1.570796 -0.000000 0.000000
end
triangles
lowpoly_plastic
0  -3.222850 -9.963875 -0.928622  0.188207 0.963044 0.192675  0.048226 0.751381 1 64 1.000000
0  -3.300066 -9.972388 -0.829030  0.188207 0.963045 0.192674  0.048202 0.751349 1 64 1.000000
0  -3.077181 -10.031944 -0.724621  0.188207 0.963044 0.192675  0.048273 0.751316 1 64 1.000000
lowpoly_plastic
0  -3.102300 -10.659702 -1.295381  0.309828 -0.950777 -0.005420  0.889011 0.512753 1 64 1.000000
0  -3.077062 -10.655475 -0.589995  0.309828 -0.950777 -0.005437  0.889003 0.512528 1 64 1.000000
0  -3.077074 -10.659702 -0.512789  0.309830 -0.950777 -0.005400  0.889011 0.512504 1 64 1.000000
lowpoly_plastic
0  -3.102300 -10.659702 -1.295381  0.995184 0.096566 -0.016858  0.922919 0.513991 1 64 1.000000
0  -3.077697 -10.790062 -0.589995  0.995183 0.096568 -0.016872  0.922960 0.513817 1 64 1.000000
0  -3.077697 -10.790062 -1.295381  0.995184 0.096567 -0.016865  0.922960 0.513985 1 64 1.000000
lowpoly_plastic
0  -3.102300 -10.794294 -1.295381  0.317436 -0.948264 -0.005422  0.888553 0.513841 1 64 1.000000
0  -3.077697 -10.790062 -0.589995  0.317439 -0.948263 -0.005406  0.888545 0.513616 1 64 1.000000
0  -3.077074 -10.794294 -0.512767  0.317446 -0.948261 -0.005386  0.888553 0.513592 1 64 1.000000
lowpoly_plastic
0  -4.006668 -10.655470 -0.590312  -0.999947 0.000535 0.010283  0.047330 0.748217 1 64 1.000000
0  -4.006362 -10.083194 -0.590405  -0.999947 0.000535 0.010283  0.047330 0.748400 1 64 1.000000
0  -4.007715 -10.031979 -0.724621  -0.999947 0.000535 0.010283  0.047287 0.748416 1 64 1.000000
lowpoly_plastic
0  -3.077062 -10.655475 -0.589995  0.999999 -0.000673 -0.000900  0.044467 0.751156 1 64 1.000000
0  -3.077697 -10.655470 -1.295381  0.999999 -0.000673 -0.000900  0.044636 0.751159 1 64 1.000000
0  -3.077351 -10.362295 -1.129223  0.999999 -0.000673 -0.000900  0.044596 0.751252 1 64 1.000000
lowpoly_plastic
0  -3.983110 -10.659702 -1.295381  -0.994975 0.098764 -0.016449  0.921200 0.512280 1 64 1.000000
0  -4.007712 -10.790062 -0.589995  -0.994975 0.098764 -0.016446  0.921422 0.512237 1 64 1.000000
0  -4.007706 -10.659702 -0.512789  -0.994975 0.098763 -0.016445  0.921447 0.512279 1 64 1.000000
lowpoly_plastic
0  -3.983110 -10.659702 -1.295381  -0.323095 -0.946353 -0.005111  0.893551 0.513288 1 64 1.000000
0  -4.006668 -10.655470 -0.590312  -0.323096 -0.946352 -0.005098  0.893558 0.513063 1 64 1.000000
0  -4.007712 -10.655470 -1.295381  -0.323096 -0.946352 -0.005113  0.893559 0.513288 1 64 1.000000
lowpoly_plastic
0  -3.983110 -10.794294 -1.295381  -0.310767 -0.950472 -0.005138  0.890557 0.513679 1 64 1.000000
0  -4.007712 -10.790062 -0.589995  -0.310768 -0.950472 -0.005125  0.890565 0.513454 1 64 1.000000
0  -4.007712 -10.790062 -1.295381  -0.310767 -0.950472 -0.005130  0.890565 0.513679 1 64 1.000000
lowpoly_plastic
0  -3.983110 -10.794294 -1.295381  -0.994908 0.099431 -0.016449  0.921200 0.512237 1 64 1.000000
0  -4.007712 -10.923746 -0.589995  -0.994908 0.099431 -0.016450  0.921422 0.512195 1 64 1.000000
0  -4.007706 -10.794294 -0.512767  -0.994908 0.099432 -0.016455  0.921447 0.512236 1 64 1.000000
lowpoly_plastic
0  -3.983110 -10.927979 -1.295381  -0.301829 -0.953350 -0.004809  0.892876 0.510943 1 64 1.000000
0  -4.007712 -10.923746 -0.589995  -0.301829 -0.953350 -0.004796  0.892884 0.510718 1 64 1.000000
0  -4.007712 -10.923746 -1.295381  -0.301829 -0.953350 -0.004801  0.892884 0.510943 1 64 1.000000
lowpoly_plastic
0  -3.983110 -10.927979 -1.295381  -0.994588 0.102676 -0.015844  0.921200 0.512195 1 64 1.000000
0  -4.007712 -11.057430 -0.589995  -0.994589 0.102676 -0.015841  0.921422 0.512152 1 64 1.000000
0  -4.006811 -10.927979 -0.512746  -0.994588 0.102678 -0.015852  0.921447 0.512194 1 64 1.000000
lowpoly_plastic
0  -3.983110 -11.061664 -1.295381  -0.302550 -0.953121 -0.004834  0.890687 0.513608 1 64 1.000000
0  -4.007712 -11.057430 -0.589995  -0.302550 -0.953121 -0.004822  0.890695 0.513383 1 64 1.000000
0  -4.007712 -11.057430 -1.295381  -0.302550 -0.953121 -0.004826  0.890695 0.513608 1 64 1.000000
lowpoly_plastic
0  -3.983110 -11.061664 -1.295381  -0.994614 0.102421 -0.015891  0.921199 0.512152 1 64 1.000000
0  -4.007712 -11.191114 -0.589995  -0.994614 0.102421 -0.015889  0.921422 0.512110 1 64 1.000000
0  -4.006882 -11.061663 -0.512724  -0.994614 0.102422 -0.015896  0.921447 0.512151 1 64 1.000000
lowpoly_plastic
0  -3.983110 -11.195347 -1.295381  -0.303181 -0.952921 -0.004857  0.889003 0.513003 1 64 1.000000
0  -4.007712 -11.191114 -0.589995  -0.303182 -0.952921 -0.004844  0.889011 0.512778 1 64 1.000000
0  -4.007715 -11.191114 -1.295381  -0.303181 -0.952921 -0.004849  0.889011 0.513003 1 64 1.000000
lowpoly_plastic
0  -3.983110 -11.195347 -1.295381  -0.994640 0.102164 -0.015939  0.921199 0.512109 1 64 1.000000
0  -4.007712 -11.324799 -0.589995  -0.994640 0.102164 -0.015936  0.921422 0.512067 1 64 1.000000
0  -4.006954 -11.195347 -0.512702  -0.994640 0.102164 -0.015940  0.921447 0.512108 1 64 1.000000
lowpoly_plastic
0  -3.983110 -11.329032 -1.295381  -0.303919 -0.952685 -0.004884  0.890557 0.513430 1 64 1.000000
0  -4.007712 -11.324799 -0.589995  -0.303920 -0.952685 -0.004872  0.890565 0.513205 1 64 1.000000
0  -4.007712 -11.324799 -1.295381  -0.303920 -0.952685 -0.004876  0.890565 0.513430 1 64 1.000000
lowpoly_plastic
0  -3.983110 -11.329032 -1.295381  -0.994664 0.101918 -0.015986  0.921199 0.512067 1 64 1.000000
0  -4.007712 -11.458483 -0.589995  -0.994664 0.101917 -0.015984  0.921421 0.512024 1 64 1.000000
0  -4.007025 -11.329031 -0.512681  -0.994665 0.101917 -0.015983  0.921447 0.512066 1 64 1.000000
lowpoly_plastic
0  -3.983109 -11.462716 -1.295381  -0.304649 -0.952452 -0.004911  0.892232 0.513263 1 64 1.000000
0  -4.007712 -11.458483 -0.589995  -0.304650 -0.952452 -0.004899  0.892240 0.513038 1 64 1.000000
0  -4.007712 -11.458483 -1.295381  -0.304650 -0.952452 -0.004903  0.892240 0.513263 1 64 1.000000
lowpoly_plastic
0  -3.983109 -11.462716 -1.295381  -0.994690 0.101661 -0.016034  0.921199 0.512024 1 64 1.000000
0  -4.007712 -11.592168 -0.589995  -0.994690 0.101661 -0.016033  0.921421 0.511982 1 64 1.000000
0  -4.007096 -11.462715 -0.512659  -0.994690 0.101662 -0.016040  0.921447 0.512023 1 64 1.000000
lowpoly_plastic
0  -3.983109 -11.596400 -1.295381  -0.305298 -0.952244 -0.004936  0.890557 0.513180 1 64 1.000000
0  -4.007712 -11.592168 -0.589995  -0.305298 -0.952244 -0.004924  0.890565 0.512955 1 64 1.000000
0  -4.007712 -11.592168 -1.295381  -0.305298 -0.952244 -0.004928  0.890565 0.513180 1 64 1.000000
lowpoly_plastic
0  -3.983109 -11.596400 -1.295381  -0.994715 0.101405 -0.016082  0.921199 0.511981 1 64 1.000000
0  -4.007712 -11.725852 -0.589995  -0.994715 0.101405 -0.016081  0.921421 0.511939 1 64 1.000000
0  -4.007168 -11.596399 -0.512638  -0.994715 0.101406 -0.016084  0.921447 0.511980 1 64 1.000000
lowpoly_plastic
0  -3.983109 -11.730084 -1.295381  -0.305982 -0.952024 -0.004961  0.892232 0.513014 1 64 1.000000
0  -4.007712 -11.725852 -0.589995  -0.305983 -0.952024 -0.004949  0.892240 0.512789 1 64 1.000000
0  -4.007712 -11.725852 -1.295381  -0.305982 -0.952024 -0.004954  0.892240 0.513014 1 64 1.000000
lowpoly_plastic
0  -3.983109 -11.730084 -1.295381  -0.994740 0.101154 -0.016130  0.921199 0.511939 1 64 1.000000
0  -4.007712 -11.859536 -0.589995  -0.994740 0.101154 -0.016129  0.921421 0.511896 1 64 1.000000
0  -4.007239 -11.730083 -0.512616  -0.994740 0.101154 -0.016128  0.921447 0.511938 1 64 1.000000
lowpoly_plastic
0  -3.983109 -11.863769 -1.295381  -0.306712 -0.951789 -0.004988  0.890557 0.512930 1 64 1.000000
0  -4.007712 -11.859536 -0.589995  -0.306712 -0.951789 -0.004976  0.890565 0.512705 1 64 1.000000
0  -4.007712 -11.859536 -1.295381  -0.306712 -0.951789 -0.004980  0.890565 0.512930 1 64 1.000000
lowpoly_plastic
0  -3.983109 -11.863769 -1.295381  -0.994899 0.099603 -0.015956  0.921199 0.511896 1 64 1.000000
0  -4.007382 -11.993220 -0.590096  -0.994899 0.099603 -0.015955  0.921421 0.511854 1 64 1.000000
0  -4.007310 -11.863768 -0.512594  -0.994899 0.099604 -0.015960  0.921447 0.511895 1 64 1.000000
lowpoly_plastic
0  -3.102300 -10.794294 -1.295381  0.995121 0.097209 -0.016874  0.922929 0.511473 1 64 1.000000
0  -3.077697 -10.923746 -0.589995  0.995121 0.097207 -0.016861  0.922970 0.511298 1 64 1.000000
0  -3.077697 -10.923746 -1.295381  0.995121 0.097207 -0.016863  0.922970 0.511467 1 64 1.000000
lowpoly_plastic
0  -3.102300 -10.927979 -1.295381  0.317423 -0.948269 -0.005416  0.890695 0.513858 1 64 1.000000
0  -3.077697 -10.923746 -0.589995  0.317422 -0.948269 -0.005411  0.890687 0.513633 1 64 1.000000
0  -3.077074 -10.927979 -0.512809  0.317424 -0.948268 -0.005384  0.890695 0.513608 1 64 1.000000
lowpoly_plastic
0  -3.102300 -10.927979 -1.295381  0.995121 0.097209 -0.016874  0.922930 0.512109 1 64 1.000000
0  -3.077697 -11.057430 -0.589995  0.995121 0.097207 -0.016861  0.922971 0.511935 1 64 1.000000
0  -3.077697 -11.057430 -1.295381  0.995121 0.097207 -0.016863  0.922971 0.512103 1 64 1.000000
lowpoly_plastic
0  -3.102300 -11.061664 -1.295381  0.317501 -0.948243 -0.005419  0.890565 0.513929 1 64 1.000000
0  -3.077697 -11.057430 -0.589995  0.317500 -0.948243 -0.005418  0.890557 0.513704 1 64 1.000000
0  -3.077074 -11.061664 -0.512809  0.317504 -0.948242 -0.005390  0.890565 0.513679 1 64 1.000000
lowpoly_plastic
0  -3.102300 -11.061664 -1.295381  0.995119 0.097231 -0.016870  0.922930 0.511881 1 64 1.000000
0  -3.077697 -11.191114 -0.589995  0.995119 0.097228 -0.016856  0.922971 0.511707 1 64 1.000000
0  -3.077694 -11.191114 -1.295381  0.995119 0.097229 -0.016859  0.922971 0.511875 1 64 1.000000
lowpoly_plastic
0  -3.102300 -11.195348 -1.295381  0.317459 -0.948257 -0.005413  0.892240 0.513513 1 64 1.000000
0  -3.077697 -11.191114 -0.589995  0.317455 -0.948258 -0.005411  0.892232 0.513288 1 64 1.000000
0  -3.077074 -11.195348 -0.512809  0.317455 -0.948258 -0.005383  0.892240 0.513263 1 64 1.000000
lowpoly_plastic
0  -3.102300 -11.195348 -1.295381  0.995121 0.097211 -0.016874  0.922930 0.511694 1 64 1.000000
0  -3.077697 -11.324799 -0.589995  0.995121 0.097208 -0.016861  0.922971 0.511520 1 64 1.000000
0  -3.077697 -11.324799 -1.295381  0.995121 0.097209 -0.016863  0.922971 0.511688 1 64 1.000000
lowpoly_plastic
0  -3.102300 -11.329031 -1.295381  0.317418 -0.948270 -0.005423  0.892806 0.514081 1 64 1.000000
0  -3.077697 -11.324799 -0.589995  0.317422 -0.948269 -0.005417  0.892798 0.513856 1 64 1.000000
0  -3.077074 -11.329031 -0.512809  0.317429 -0.948267 -0.005391  0.892806 0.513831 1 64 1.000000
lowpoly_plastic
0  -3.102300 -11.329031 -1.295381  0.995121 0.097209 -0.016874  0.922921 0.515781 1 64 1.000000
0  -3.077697 -11.458483 -0.589995  0.995121 0.097207 -0.016861  0.922962 0.515607 1 64 1.000000
0  -3.077697 -11.458483 -1.295381  0.995121 0.097207 -0.016863  0.922962 0.515775 1 64 1.000000
lowpoly_plastic
0  -3.102300 -11.462716 -1.295381  0.317504 -0.948241 -0.005415  0.888553 0.514091 1 64 1.000000
0  -3.077697 -11.458483 -0.589995  0.317500 -0.948243 -0.005414  0.888545 0.513866 1 64 1.000000
0  -3.077074 -11.462716 -0.512809  0.317501 -0.948243 -0.005385  0.888553 0.513841 1 64 1.000000
lowpoly_plastic
0  -3.102300 -11.462716 -1.295381  0.995121 0.097209 -0.016874  0.922921 0.515594 1 64 1.000000
0  -3.077697 -11.592168 -0.589995  0.995121 0.097207 -0.016861  0.922962 0.515420 1 64 1.000000
0  -3.077697 -11.592168 -1.295381  0.995121 0.097207 -0.016863  0.922962 0.515588 1 64 1.000000
lowpoly_plastic
0  -3.102300 -11.596400 -1.295381  0.317426 -0.948268 -0.005413  0.892240 0.513762 1 64 1.000000
0  -3.077697 -11.592168 -0.589995  0.317422 -0.948269 -0.005407  0.892232 0.513537 1 64 1.000000
0  -3.077074 -11.596400 -0.512809  0.317421 -0.948269 -0.005380  0.892240 0.513513 1 64 1.000000
lowpoly_plastic
0  -3.102300 -11.596400 -1.295381  0.995121 0.097211 -0.016874  0.922929 0.515303 1 64 1.000000
0  -3.077697 -11.725851 -0.589995  0.995121 0.097208 -0.016861  0.922971 0.515129 1 64 1.000000
0  -3.077697 -11.725851 -1.295381  0.995121 0.097209 -0.016863  0.922971 0.515297 1 64 1.000000
lowpoly_plastic
0  -3.102300 -11.730084 -1.295381  0.317503 -0.948242 -0.005416  0.890695 0.514107 1 64 1.000000
0  -3.077697 -11.725851 -0.589995  0.317500 -0.948243 -0.005414  0.890687 0.513882 1 64 1.000000
0  -3.077074 -11.730084 -0.512809  0.317501 -0.948243 -0.005386  0.890695 0.513858 1 64 1.000000
lowpoly_plastic
0  -3.102300 -11.730084 -1.295381  0.995121 0.097211 -0.016874  0.922924 0.513103 1 64 1.000000
0  -3.077697 -11.859535 -0.589995  0.995121 0.097208 -0.016861  0.922965 0.512929 1 64 1.000000
0  -3.077697 -11.859535 -1.295381  0.995121 0.097209 -0.016863  0.922965 0.513097 1 64 1.000000
lowpoly_plastic
0  -3.102300 -11.863769 -1.295381  0.317539 -0.948230 -0.005411  0.892232 0.514201 1 64 1.000000
0  -3.077697 -11.859535 -0.589995  0.317531 -0.948232 -0.005410  0.892225 0.513976 1 64 1.000000
0  -3.077074 -11.863769 -0.512809  0.317528 -0.948233 -0.005382  0.892232 0.513951 1 64 1.000000
lowpoly_plastic
0  -3.102300 -11.863769 -1.295381  0.995119 0.097231 -0.016874  0.919786 0.514057 1 64 1.000000
0  -3.077694 -11.993219 -0.589995  0.995119 0.097228 -0.016861  0.919612 0.514015 1 64 1.000000
0  -3.077694 -11.993219 -1.295381  0.995119 0.097229 -0.016863  0.919781 0.514016 1 64 1.000000
lowpoly_plastic
0  -3.077074 -10.927979 -0.512809  0.999967 0.000003 -0.008068  0.048096 0.748130 1 64 1.000000
0  -3.077697 -10.923746 -0.589995  0.999967 0.000003 -0.008068  0.048116 0.748132 1 64 1.000000
0  -3.077074 -10.794294 -0.512767  0.999967 0.000003 -0.008068  0.048096 0.748173 1 64 1.000000
lowpoly_plastic
0  -3.077074 -10.794294 -0.512767  0.999968 -0.000003 -0.008064  0.048096 0.748173 1 64 1.000000
0  -3.077697 -10.790062 -0.589995  0.999968 -0.000003 -0.008064  0.048116 0.748175 1 64 1.000000
0  -3.077074 -10.659702 -0.512789  0.999968 -0.000003 -0.008064  0.048096 0.748215 1 64 1.000000
lowpoly_plastic
0  -4.007706 -10.659702 -0.512789  -1.000000 0.000000 0.000080  0.047355 0.748216 1 64 1.000000
0  -4.007712 -10.790062 -0.589995  -1.000000 0.000000 0.000080  0.047330 0.748174 1 64 1.000000
0  -4.007706 -10.794294 -0.512767  -1.000000 0.000000 0.000080  0.047355 0.748173 1 64 1.000000
lowpoly_plastic
0  -4.007706 -10.794294 -0.512767  -0.999914 -0.006700 0.011305  0.047355 0.748173 1 64 1.000000
0  -4.007712 -10.923746 -0.589995  -0.999914 -0.006700 0.011305  0.047329 0.748132 1 64 1.000000
0  -4.006811 -10.927979 -0.512746  -0.999914 -0.006700 0.011305  0.047355 0.748130 1 64 1.000000
lowpoly_plastic
0  -3.077074 -11.061664 -0.512809  0.999967 0.000000 -0.008068  0.048096 0.748087 1 64 1.000000
0  -3.077697 -11.057430 -0.589995  0.999967 0.000000 -0.008068  0.048116 0.748089 1 64 1.000000
0  -3.077074 -10.927979 -0.512809  0.999967 0.000000 -0.008068  0.048096 0.748130 1 64 1.000000
lowpoly_plastic
0  -4.006811 -10.927979 -0.512746  -0.999942 0.000542 0.010772  0.047355 0.748130 1 64 1.000000
0  -4.007712 -11.057430 -0.589995  -0.999942 0.000542 0.010772  0.047329 0.748089 1 64 1.000000
0  -4.006882 -11.061663 -0.512724  -0.999942 0.000542 0.010772  0.047355 0.748088 1 64 1.000000
lowpoly_plastic
0  -3.077074 -11.195348 -0.512809  0.999967 0.000000 -0.008068  0.048096 0.748045 1 64 1.000000
0  -3.077697 -11.191114 -0.589995  0.999967 0.000000 -0.008068  0.048116 0.748047 1 64 1.000000
0  -3.077074 -11.061664 -0.512809  0.999967 0.000000 -0.008068  0.048096 0.748087 1 64 1.000000
lowpoly_plastic
0  -4.006882 -11.061663 -0.512724  -0.999951 0.000531 0.009844  0.047355 0.748088 1 64 1.000000
0  -4.007712 -11.191114 -0.589995  -0.999951 0.000531 0.009844  0.047329 0.748046 1 64 1.000000
0  -4.006954 -11.195347 -0.512702  -0.999951 0.000531 0.009844  0.047355 0.748045 1 64 1.000000
lowpoly_plastic
0  -3.077074 -11.329031 -0.512809  0.999967 0.000000 -0.008068  0.048096 0.748002 1 64 1.000000
0  -3.077697 -11.324799 -0.589995  0.999967 0.000000 -0.008068  0.048116 0.748004 1 64 1.000000
0  -3.077074 -11.195348 -0.512809  0.999967 0.000000 -0.008068  0.048096 0.748045 1 64 1.000000
lowpoly_plastic
0  -4.006954 -11.195347 -0.512702  -0.999960 0.000536 0.008922  0.047355 0.748045 1 64 1.000000
0  -4.007712 -11.324799 -0.589995  -0.999960 0.000536 0.008922  0.047329 0.748004 1 64 1.000000
0  -4.007025 -11.329031 -0.512681  -0.999960 0.000536 0.008922  0.047355 0.748003 1 64 1.000000
lowpoly_plastic
0  -3.077074 -11.462716 -0.512809  0.999967 0.000000 -0.008068  0.048096 0.747959 1 64 1.000000
0  -3.077697 -11.458483 -0.589995  0.999967 0.000000 -0.008068  0.048116 0.747962 1 64 1.000000
0  -3.077074 -11.329031 -0.512809  0.999967 0.000000 -0.008068  0.048096 0.748002 1 64 1.000000
lowpoly_plastic
0  -4.007025 -11.329031 -0.512681  -0.999968 0.000536 0.007995  0.047355 0.748003 1 64 1.000000
0  -4.007712 -11.458483 -0.589995  -0.999968 0.000536 0.007995  0.047329 0.747961 1 64 1.000000
0  -4.007096 -11.462715 -0.512659  -0.999968 0.000536 0.007995  0.047355 0.747960 1 64 1.000000
lowpoly_plastic
0  -3.077074 -11.596400 -0.512809  0.999967 0.000000 -0.008068  0.048096 0.747917 1 64 1.000000
0  -3.077697 -11.592168 -0.589995  0.999967 0.000000 -0.008068  0.048116 0.747919 1 64 1.000000
0  -3.077074 -11.462716 -0.512809  0.999967 0.000000 -0.008068  0.048096 0.747959 1 64 1.000000
lowpoly_plastic
0  -4.007096 -11.462715 -0.512659  -0.999975 0.000536 0.007069  0.047355 0.747960 1 64 1.000000
0  -4.007712 -11.592168 -0.589995  -0.999975 0.000536 0.007069  0.047329 0.747919 1 64 1.000000
0  -4.007168 -11.596399 -0.512638  -0.999975 0.000536 0.007069  0.047355 0.747917 1 64 1.000000
lowpoly_plastic
0  -3.077074 -11.730084 -0.512809  0.999967 0.000000 -0.008068  0.048096 0.747874 1 64 1.000000
0  -3.077697 -11.725851 -0.589995  0.999967 0.000000 -0.008068  0.048116 0.747876 1 64 1.000000
0  -3.077074 -11.596400 -0.512809  0.999967 0.000000 -0.008068  0.048096 0.747917 1 64 1.000000
lowpoly_plastic
0  -4.007168 -11.596399 -0.512638  -0.999981 0.000536 0.006148  0.047355 0.747917 1 64 1.000000
0  -4.007712 -11.725852 -0.589995  -0.999981 0.000536 0.006148  0.047329 0.747876 1 64 1.000000
0  -4.007239 -11.730083 -0.512616  -0.999981 0.000536 0.006148  0.047355 0.747875 1 64 1.000000
lowpoly_plastic
0  -3.077074 -11.863769 -0.512809  0.999967 0.000000 -0.008065  0.048096 0.747832 1 64 1.000000
0  -3.077697 -11.859535 -0.589995  0.999967 0.000000 -0.008065  0.048116 0.747834 1 64 1.000000
0  -3.077074 -11.730084 -0.512809  0.999967 0.000000 -0.008065  0.048096 0.747874 1 64 1.000000
lowpoly_plastic
0  -4.007239 -11.730083 -0.512616  -0.999986 0.000530 0.005223  0.047355 0.747875 1 64 1.000000
0  -4.007712 -11.859536 -0.589995  -0.999986 0.000530 0.005223  0.047329 0.747833 1 64 1.000000
0  -4.007310 -11.863768 -0.512594  -0.999986 0.000530 0.005223  0.047354 0.747832 1 64 1.000000
lowpoly_plastic
0  -3.077694 -11.993219 -1.295381  0.999949 0.010094 -0.000376  0.045688 0.749953 1 64 1.000000
0  -3.077074 -12.021312 -0.400489  0.999949 0.010094 -0.000376  0.045533 0.749919 1 64 1.000000
0  -3.077678 -12.021312 -1.295381  0.999949 0.010094 -0.000376  0.045688 0.749920 1 64 1.000000
lowpoly_plastic
0  -3.077074 -10.794294 -0.512767  1.000000 0.000000 -0.000121  0.048096 0.748173 1 64 1.000000
0  -3.077074 -10.659702 -0.512789  1.000000 0.000000 -0.000121  0.048096 0.748215 1 64 1.000000
0  -3.077061 -10.186534 -0.400471  1.000000 0.000000 -0.000121  0.048066 0.748365 1 64 1.000000
lowpoly_plastic
0  -3.077074 -11.195348 -0.512809  1.000000 0.000000 -0.000121  0.048096 0.748045 1 64 1.000000
0  -3.077074 -11.061664 -0.512809  1.000000 0.000000 -0.000121  0.048096 0.748087 1 64 1.000000
0  -3.077061 -10.186534 -0.400471  1.000000 0.000000 -0.000121  0.048066 0.748365 1 64 1.000000
lowpoly_plastic
0  -3.077074 -11.061664 -0.512809  1.000000 0.000000 -0.000121  0.048096 0.748087 1 64 1.000000
0  -3.077074 -10.927979 -0.512809  1.000000 0.000000 -0.000121  0.048096 0.748130 1 64 1.000000
0  -3.077061 -10.186534 -0.400471  1.000000 0.000000 -0.000121  0.048066 0.748365 1 64 1.000000
lowpoly_plastic
0  -3.077062 -10.655475 -0.589995  1.000000 -0.000064 0.000154  0.048116 0.748217 1 64 1.000000
0  -3.077061 -10.186534 -0.400471  1.000000 -0.000064 0.000154  0.048066 0.748365 1 64 1.000000
0  -3.077074 -10.659702 -0.512789  1.000000 -0.000064 0.000154  0.048096 0.748215 1 64 1.000000
lowpoly_plastic
0  -3.077074 -10.927979 -0.512809  1.000000 0.000004 -0.000121  0.048096 0.748130 1 64 1.000000
0  -3.077074 -10.794294 -0.512767  1.000000 0.000004 -0.000121  0.048096 0.748173 1 64 1.000000
0  -3.077061 -10.186534 -0.400471  1.000000 0.000004 -0.000121  0.048066 0.748365 1 64 1.000000
lowpoly_plastic
0  -3.077074 -11.596400 -0.512809  1.000000 0.000000 -0.000121  0.048096 0.747917 1 64 1.000000
0  -3.077074 -11.462716 -0.512809  1.000000 0.000000 -0.000121  0.048096 0.747959 1 64 1.000000
0  -3.077061 -10.186534 -0.400471  1.000000 0.000000 -0.000121  0.048066 0.748365 1 64 1.000000
lowpoly_plastic
0  -3.077074 -11.462716 -0.512809  1.000000 0.000000 -0.000121  0.048096 0.747959 1 64 1.000000
0  -3.077074 -11.329031 -0.512809  1.000000 0.000000 -0.000121  0.048096 0.748002 1 64 1.000000
0  -3.077061 -10.186534 -0.400471  1.000000 0.000000 -0.000121  0.048066 0.748365 1 64 1.000000
lowpoly_plastic
0  -3.077074 -11.730084 -0.512809  1.000000 0.000000 -0.000121  0.048096 0.747874 1 64 1.000000
0  -3.077074 -11.596400 -0.512809  1.000000 0.000000 -0.000121  0.048096 0.747917 1 64 1.000000
0  -3.077061 -10.186534 -0.400471  1.000000 0.000000 -0.000121  0.048066 0.748365 1 64 1.000000
lowpoly_plastic
0  -3.077074 -11.863769 -0.512809  1.000000 0.000000 -0.000121  0.048096 0.747832 1 64 1.000000
0  -3.077074 -11.730084 -0.512809  1.000000 0.000000 -0.000121  0.048096 0.747874 1 64 1.000000
0  -3.077061 -10.186534 -0.400471  1.000000 0.000000 -0.000121  0.048066 0.748365 1 64 1.000000
lowpoly_plastic
0  -3.077074 -11.329031 -0.512809  1.000000 0.000000 -0.000121  0.048096 0.748002 1 64 1.000000
0  -3.077074 -11.195348 -0.512809  1.000000 0.000000 -0.000121  0.048096 0.748045 1 64 1.000000
0  -3.077061 -10.186534 -0.400471  1.000000 0.000000 -0.000121  0.048066 0.748365 1 64 1.000000
lowpoly_plastic
0  -3.159358 -9.927219 -1.175493  0.202533 0.968551 0.144529  0.048247 0.751460 1 64 1.000000
0  -3.159358 -9.945030 -1.072877  0.202535 0.968552 0.144521  0.048247 0.751427 1 64 1.000000
0  -3.077432 -9.930092 -1.295381  0.202530 0.968551 0.144537  0.048273 0.751498 1 64 1.000000
lowpoly_plastic
0  -3.222850 -9.963875 -0.928622  -0.011018 0.000414 -0.999939  0.891577 0.513271 1 64 1.000000
0  -3.300066 -12.021312 -0.928622  -0.011018 0.000414 -0.999939  0.891599 0.512590 1 64 1.000000
0  -3.300066 -9.955076 -0.928622  -0.011018 0.000413 -0.999939  0.891599 0.513274 1 64 1.000000
lowpoly_plastic
0  -3.388549 -10.224254 -0.396240  0.000000 -1.000000 0.000000  0.893956 0.514324 1 64 1.000000
0  -3.300066 -10.224254 -0.829030  0.000000 -1.000000 0.000000  0.893928 0.514462 1 64 1.000000
0  -3.300066 -10.224254 -0.484723  0.000000 -1.000000 0.000000  0.893928 0.514352 1 64 1.000000
lowpoly_plastic
0  -3.222850 -9.938579 -1.072870  -0.959352 0.000000 -0.282214  0.891961 0.511426 1 64 1.000000
0  -3.222850 -12.021312 -1.072870  -0.959352 0.000000 -0.282214  0.891961 0.510737 1 64 1.000000
0  -3.254921 -12.021312 -0.963848  -0.959352 0.000000 -0.282214  0.891994 0.510737 1 64 1.000000
lowpoly_plastic
0  -3.388630 -10.324333 -1.072866  0.000027 0.000000 -1.000000  0.893380 0.513038 1 64 1.000000
0  -3.679050 -12.021312 -1.072874  0.000027 0.000000 -1.000000  0.893461 0.512473 1 64 1.000000
0  -3.679050 -10.324333 -1.072874  0.000027 0.000000 -1.000000  0.893461 0.513038 1 64 1.000000
lowpoly_plastic
0  -3.222850 -9.920496 -1.175493  0.000004 0.000000 1.000000  0.893282 0.513408 1 64 1.000000
0  -3.159358 -12.021312 -1.175493  0.000004 0.000000 1.000000  0.893311 0.512715 1 64 1.000000
0  -3.159358 -9.927219 -1.175493  0.000004 0.000000 1.000000  0.893299 0.513406 1 64 1.000000
lowpoly_plastic
0  -3.159358 -9.927219 -1.175493  -1.000000 0.000000 0.000000  0.891931 0.511430 1 64 1.000000
0  -3.159358 -12.021312 -1.175493  -1.000000 0.000000 0.000000  0.891937 0.510738 1 64 1.000000
0  -3.159358 -9.945030 -1.072877  -1.000000 0.000000 0.000000  0.891963 0.511424 1 64 1.000000
lowpoly_plastic
0  -3.679050 -10.324333 -1.072874  -1.000000 0.000000 0.000000  0.891120 0.514498 1 64 1.000000
0  -3.679050 -12.021312 -0.935710  -1.000000 0.000000 0.000000  0.891163 0.513933 1 64 1.000000
0  -3.679050 -10.324333 -0.935710  -1.000000 0.000000 0.000000  0.891163 0.514498 1 64 1.000000
lowpoly_plastic
0  -3.159358 -9.945030 -1.072877  -0.000097 0.000000 -1.000000  0.893265 0.513404 1 64 1.000000
0  -3.222850 -12.021312 -1.072870  -0.000097 0.000000 -1.000000  0.893270 0.512717 1 64 1.000000
0  -3.222850 -9.938579 -1.072870  -0.000097 0.000000 -1.000000  0.893282 0.513405 1 64 1.000000
lowpoly_plastic
0  -3.222850 -9.920496 -1.175493  0.000000 0.000000 1.000000  0.893282 0.513408 1 64 1.000000
0  -3.222850 -12.021312 -1.175493  0.000000 0.000000 1.000000  0.893294 0.512715 1 64 1.000000
0  -3.159358 -12.021312 -1.175493  0.000000 0.000000 1.000000  0.893308 0.512715 1 64 1.000000
lowpoly_plastic
0  -3.861930 -9.938579 -1.072870  1.000000 -0.000012 -0.000002  0.888464 0.513585 1 64 1.000000
0  -3.861930 -9.963542 -0.935717  1.000000 -0.000012 -0.000002  0.888431 0.513577 1 64 1.000000
0  -3.861956 -12.021312 -0.934363  1.000000 -0.000012 -0.000002  0.888431 0.512897 1 64 1.000000
lowpoly_plastic
0  -3.388630 -10.324333 -1.072866  0.000000 1.000000 0.000000  0.892769 0.514296 1 64 1.000000
0  -3.679050 -10.324333 -1.072874  0.000000 1.000000 0.000000  0.892676 0.514296 1 64 1.000000
0  -3.679050 -10.324333 -0.935710  0.000000 1.000000 0.000000  0.892676 0.514253 1 64 1.000000
lowpoly_plastic
0  -3.679050 -10.324333 -0.935710  -0.007365 0.000000 -0.999973  0.892437 0.514098 1 64 1.000000
0  -3.679050 -12.021312 -0.935710  -0.007365 0.000000 -0.999973  0.892436 0.513533 1 64 1.000000
0  -3.861956 -12.021312 -0.934363  -0.007365 0.000000 -0.999973  0.892455 0.513533 1 64 1.000000
lowpoly_plastic
0  -3.382748 -10.262224 -0.213443  -0.999853 0.013660 0.010324  0.888394 0.514409 1 64 1.000000
0  -3.388590 -10.224254 -0.829035  -0.999853 0.013660 0.010317  0.888362 0.514602 1 64 1.000000
0  -3.388549 -10.224254 -0.396240  -0.999853 0.013658 0.010335  0.888393 0.514469 1 64 1.000000
lowpoly_plastic
0  -3.300066 -9.955076 -0.928622  -1.000000 0.000000 0.000000  0.892517 0.511413 1 64 1.000000
0  -3.300066 -10.324333 -0.829030  -1.000000 0.000000 0.000000  0.892548 0.511295 1 64 1.000000
0  -3.300066 -10.224254 -0.829030  -1.000000 0.000000 0.000000  0.892548 0.511327 1 64 1.000000
lowpoly_plastic
0  -3.300066 -9.955076 -0.928622  -1.000000 0.000000 0.000000  0.892517 0.511413 1 64 1.000000
0  -3.300066 -10.224254 -0.829030  -1.000000 0.000000 0.000000  0.892548 0.511327 1 64 1.000000
0  -3.300066 -9.972388 -0.829030  -1.000000 0.000000 0.000000  0.892548 0.511408 1 64 1.000000
lowpoly_plastic
0  -3.388637 -9.981971 -0.724621  -1.000000 -0.000155 -0.000094  0.888444 0.514588 1 64 1.000000
0  -3.388630 -9.963040 -0.829030  -1.000000 -0.000155 -0.000094  0.888443 0.514621 1 64 1.000000
0  -3.388590 -10.224254 -0.829035  -1.000000 -0.000155 -0.000094  0.888362 0.514602 1 64 1.000000
lowpoly_plastic
0  -3.696453 -9.944059 -0.935711  0.000032 0.000000 -1.000000  0.892441 0.514220 1 64 1.000000
0  -3.696453 -10.224254 -0.935711  0.000032 0.000000 -1.000000  0.892441 0.514130 1 64 1.000000
0  -3.782670 -10.224254 -0.935714  0.000032 0.000000 -1.000000  0.892465 0.514130 1 64 1.000000
lowpoly_plastic
0  -3.300066 -9.972388 -0.829030  0.000001 0.000018 -1.000000  0.889392 0.512585 1 64 1.000000
0  -3.388590 -10.224254 -0.829035  0.000001 0.000018 -1.000000  0.889416 0.512505 1 64 1.000000
0  -3.388630 -9.963040 -0.829030  0.000001 0.000018 -1.000000  0.889416 0.512588 1 64 1.000000
lowpoly_plastic
0  -3.696453 -10.324316 -0.396240  0.000000 1.000000 0.000004  0.892671 0.514081 1 64 1.000000
0  -3.542390 -10.324316 -0.184436  0.000000 1.000000 0.000004  0.892720 0.514013 1 64 1.000000
0  -3.388549 -10.324316 -0.396240  0.000000 1.000000 0.000004  0.892769 0.514081 1 64 1.000000
lowpoly_plastic
0  -3.696453 -10.324316 -0.396240  0.999223 -0.000372 0.039398  0.892095 0.513352 1 64 1.000000
0  -3.703374 -10.262233 -0.220118  0.999223 -0.000372 0.039398  0.892053 0.513369 1 64 1.000000
0  -3.703446 -10.324326 -0.220022  0.999223 -0.000372 0.039398  0.892054 0.513349 1 64 1.000000
lowpoly_plastic
0  -3.388549 -10.324316 -0.396240  0.000194 1.000000 0.000000  0.892769 0.514081 1 64 1.000000
0  -3.300066 -10.324333 -0.829030  0.000194 1.000000 0.000000  0.892797 0.514219 1 64 1.000000
0  -3.388549 -10.324316 -0.903073  0.000194 1.000000 0.000000  0.892769 0.514219 1 64 1.000000
lowpoly_plastic
0  -3.382749 -10.324316 -0.213444  -0.999497 0.000002 0.031717  0.888375 0.514405 1 64 1.000000
0  -3.388549 -10.224254 -0.396240  -0.999497 0.000002 0.031717  0.888393 0.514469 1 64 1.000000
0  -3.388549 -10.324316 -0.396240  -0.999497 0.000002 0.031717  0.888362 0.514461 1 64 1.000000
lowpoly_plastic
0  -3.696453 -10.224254 -0.396240  0.707101 0.000000 -0.707112  0.892093 0.513384 1 64 1.000000
0  -3.782670 -10.324333 -0.482457  0.707101 0.000000 -0.707112  0.892133 0.513353 1 64 1.000000
0  -3.782670 -10.224254 -0.482457  0.707101 0.000000 -0.707112  0.892132 0.513385 1 64 1.000000
lowpoly_plastic
0  -3.300066 -10.224254 -0.484723  -0.707113 0.000002 -0.707101  0.889726 0.514366 1 64 1.000000
0  -3.388549 -10.324316 -0.396240  -0.707113 0.000002 -0.707101  0.889694 0.514328 1 64 1.000000
0  -3.388549 -10.224254 -0.396240  -0.707113 0.000002 -0.707101  0.889726 0.514328 1 64 1.000000
lowpoly_plastic
0  -3.300066 -10.224254 -0.829030  -1.000000 0.000000 0.000000  0.892548 0.511327 1 64 1.000000
0  -3.300066 -10.324333 -0.484723  -1.000000 0.000000 0.000000  0.892657 0.511295 1 64 1.000000
0  -3.300066 -10.224254 -0.484723  -1.000000 0.000000 0.000000  0.892657 0.511327 1 64 1.000000
lowpoly_plastic
0  -3.983110 -11.195347 -1.295381  0.000000 0.000000 -1.000000  0.893219 0.513487 1 64 1.000000
0  -3.983110 -11.061664 -1.295381  0.000000 0.000000 -1.000000  0.893220 0.513529 1 64 1.000000
0  -3.861930 -9.898740 -1.295381  0.000000 0.000000 -1.000000  0.893191 0.513900 1 64 1.000000
lowpoly_plastic
0  -3.983110 -11.061664 -1.295381  0.000000 0.000000 -1.000000  0.893220 0.513529 1 64 1.000000
0  -4.007712 -11.057430 -1.295381  0.000000 0.000000 -1.000000  0.893227 0.513530 1 64 1.000000
0  -3.983110 -10.927979 -1.295381  0.000000 0.000000 -1.000000  0.893220 0.513572 1 64 1.000000
lowpoly_plastic
0  -3.983110 -10.927979 -1.295381  0.000009 0.000000 -1.000000  0.893220 0.513572 1 64 1.000000
0  -4.007712 -10.923746 -1.295381  0.000009 0.000000 -1.000000  0.893227 0.513573 1 64 1.000000
0  -3.983110 -10.794294 -1.295381  0.000009 0.000000 -1.000000  0.893221 0.513614 1 64 1.000000
lowpoly_plastic
0  -3.983110 -10.794294 -1.295381  0.000009 0.000000 -1.000000  0.893221 0.513614 1 64 1.000000
0  -4.007712 -10.790062 -1.295381  0.000009 0.000000 -1.000000  0.893228 0.513616 1 64 1.000000
0  -3.983110 -10.659702 -1.295381  0.000009 0.000000 -1.000000  0.893221 0.513657 1 64 1.000000
lowpoly_plastic
0  -3.983110 -10.659702 -1.295381  0.000000 0.000000 -1.000000  0.893221 0.513657 1 64 1.000000
0  -4.007712 -10.655470 -1.295381  0.000000 0.000000 -1.000000  0.893228 0.513659 1 64 1.000000
0  -4.007715 -9.930202 -1.295381  0.000000 0.000000 -1.000000  0.893232 0.513890 1 64 1.000000
lowpoly_plastic
0  -3.983109 -11.863769 -1.295381  0.000009 0.000000 -1.000000  0.893216 0.513273 1 64 1.000000
0  -4.007712 -11.859536 -1.295381  0.000009 0.000000 -1.000000  0.893223 0.513275 1 64 1.000000
0  -3.983109 -11.730084 -1.295381  0.000009 0.000000 -1.000000  0.893217 0.513316 1 64 1.000000
lowpoly_plastic
0  -3.983109 -11.730084 -1.295381  0.000009 0.000000 -1.000000  0.893217 0.513316 1 64 1.000000
0  -4.007712 -11.725852 -1.295381  0.000009 0.000000 -1.000000  0.893224 0.513317 1 64 1.000000
0  -3.983109 -11.596400 -1.295381  0.000009 0.000000 -1.000000  0.893217 0.513359 1 64 1.000000
lowpoly_plastic
0  -3.983109 -11.596400 -1.295381  0.000009 0.000000 -1.000000  0.893217 0.513359 1 64 1.000000
0  -4.007712 -11.592168 -1.295381  0.000009 0.000000 -1.000000  0.893224 0.513360 1 64 1.000000
0  -3.983109 -11.462716 -1.295381  0.000009 0.000000 -1.000000  0.893218 0.513401 1 64 1.000000
lowpoly_plastic
0  -3.983109 -11.462716 -1.295381  0.000000 0.000000 -1.000000  0.893218 0.513401 1 64 1.000000
0  -4.007712 -11.458483 -1.295381  0.000000 0.000000 -1.000000  0.893225 0.513403 1 64 1.000000
0  -3.983110 -11.329032 -1.295381  0.000000 0.000000 -1.000000  0.893219 0.513444 1 64 1.000000
lowpoly_plastic
0  -3.983110 -11.329032 -1.295381  0.000000 0.000000 -1.000000  0.893219 0.513444 1 64 1.000000
0  -4.007712 -11.324799 -1.295381  0.000000 0.000000 -1.000000  0.893225 0.513445 1 64 1.000000
0  -3.983110 -11.195347 -1.295381  0.000000 0.000000 -1.000000  0.893219 0.513487 1 64 1.000000
lowpoly_plastic
0  -3.983110 -11.195347 -1.295381  0.000009 0.000000 -1.000000  0.893219 0.513487 1 64 1.000000
0  -4.007715 -11.191114 -1.295381  0.000009 0.000000 -1.000000  0.893226 0.513488 1 64 1.000000
0  -3.983110 -11.061664 -1.295381  0.000009 0.000000 -1.000000  0.893220 0.513529 1 64 1.000000
lowpoly_plastic
0  -3.983110 -10.927979 -1.295381  0.000000 0.000000 -1.000000  0.893220 0.513572 1 64 1.000000
0  -3.983110 -10.794294 -1.295381  0.000000 0.000000 -1.000000  0.893221 0.513614 1 64 1.000000
0  -3.861930 -9.898740 -1.295381  0.000000 0.000000 -1.000000  0.893191 0.513900 1 64 1.000000
lowpoly_plastic
0  -3.983109 -11.730084 -1.295381  0.000000 0.000000 -1.000000  0.893217 0.513316 1 64 1.000000
0  -3.983109 -11.596400 -1.295381  0.000000 0.000000 -1.000000  0.893217 0.513359 1 64 1.000000
0  -3.861930 -9.898740 -1.295381  0.000000 0.000000 -1.000000  0.893191 0.513900 1 64 1.000000
lowpoly_plastic
0  -3.983110 -11.061664 -1.295381  0.000000 0.000000 -1.000000  0.893220 0.513529 1 64 1.000000
0  -3.983110 -10.927979 -1.295381  0.000000 0.000000 -1.000000  0.893220 0.513572 1 64 1.000000
0  -3.861930 -9.898740 -1.295381  0.000000 0.000000 -1.000000  0.893191 0.513900 1 64 1.000000
lowpoly_plastic
0  -3.983110 -10.794294 -1.295381  -0.000007 0.000000 -1.000000  0.893221 0.513614 1 64 1.000000
0  -3.983110 -10.659702 -1.295381  -0.000007 0.000000 -1.000000  0.893221 0.513657 1 64 1.000000
0  -3.861930 -9.898740 -1.295381  -0.000007 0.000000 -1.000000  0.893191 0.513900 1 64 1.000000
lowpoly_plastic
0  -3.983110 -10.659702 -1.295381  -0.000001 0.000000 -1.000000  0.893221 0.513657 1 64 1.000000
0  -4.007715 -9.930202 -1.295381  -0.000001 0.000000 -1.000000  0.893232 0.513890 1 64 1.000000
0  -3.861930 -9.898740 -1.295381  -0.000001 0.000000 -1.000000  0.893191 0.513900 1 64 1.000000
lowpoly_plastic
0  -3.861930 -9.898740 -1.295381  0.000032 -0.000002 -1.000000  0.893191 0.513900 1 64 1.000000
0  -3.861864 -12.021312 -1.295377  0.000032 -0.000002 -1.000000  0.893213 0.513199 1 64 1.000000
0  -3.983109 -11.863769 -1.295381  0.000032 -0.000002 -1.000000  0.893216 0.513273 1 64 1.000000
lowpoly_plastic
0  -3.983110 -11.329032 -1.295381  0.000000 0.000000 -1.000000  0.893219 0.513444 1 64 1.000000
0  -3.983110 -11.195347 -1.295381  0.000000 0.000000 -1.000000  0.893219 0.513487 1 64 1.000000
0  -3.861930 -9.898740 -1.295381  0.000000 0.000000 -1.000000  0.893191 0.513900 1 64 1.000000
lowpoly_plastic
0  -3.983109 -11.596400 -1.295381  0.000000 0.000000 -1.000000  0.893217 0.513359 1 64 1.000000
0  -3.983109 -11.462716 -1.295381  0.000000 0.000000 -1.000000  0.893218 0.513401 1 64 1.000000
0  -3.861930 -9.898740 -1.295381  0.000000 0.000000 -1.000000  0.893191 0.513900 1 64 1.000000
lowpoly_plastic
0  -3.983109 -11.863769 -1.295381  -0.000029 0.000000 -1.000000  0.893216 0.513273 1 64 1.000000
0  -3.983109 -11.730084 -1.295381  -0.000029 0.000000 -1.000000  0.893217 0.513316 1 64 1.000000
0  -3.861930 -9.898740 -1.295381  -0.000029 0.000000 -1.000000  0.893191 0.513900 1 64 1.000000
lowpoly_plastic
0  -3.102300 -10.927979 -1.295381  -0.000004 0.000000 -1.000000  0.893181 0.510698 1 64 1.000000
0  -3.077697 -11.057430 -1.295381  -0.000004 0.000000 -1.000000  0.893174 0.510656 1 64 1.000000
0  -3.102300 -11.061664 -1.295381  -0.000004 0.000000 -1.000000  0.893181 0.510655 1 64 1.000000
lowpoly_plastic
0  -3.102300 -11.061664 -1.295381  -0.000004 0.000000 -1.000000  0.893181 0.510655 1 64 1.000000
0  -3.077694 -11.191114 -1.295381  -0.000004 0.000000 -1.000000  0.893174 0.510614 1 64 1.000000
0  -3.102300 -11.195348 -1.295381  -0.000004 0.000000 -1.000000  0.893181 0.510613 1 64 1.000000
lowpoly_plastic
0  -3.102300 -11.195348 -1.295381  -0.000005 0.000000 -1.000000  0.893181 0.510613 1 64 1.000000
0  -3.077697 -11.324799 -1.295381  -0.000005 0.000000 -1.000000  0.893174 0.510571 1 64 1.000000
0  -3.102300 -11.329031 -1.295381  -0.000005 0.000000 -1.000000  0.893181 0.510570 1 64 1.000000
lowpoly_plastic
0  -3.102300 -11.329031 -1.295381  -0.000004 0.000000 -1.000000  0.893181 0.510570 1 64 1.000000
0  -3.077697 -11.458483 -1.295381  -0.000004 0.000000 -1.000000  0.893174 0.510529 1 64 1.000000
0  -3.102300 -11.462716 -1.295381  -0.000004 0.000000 -1.000000  0.893181 0.510527 1 64 1.000000
lowpoly_plastic
0  -3.102300 -11.462716 -1.295381  -0.000005 0.000000 -1.000000  0.893181 0.510527 1 64 1.000000
0  -3.077697 -11.592168 -1.295381  -0.000005 0.000000 -1.000000  0.893174 0.510486 1 64 1.000000
0  -3.102300 -11.596400 -1.295381  -0.000005 0.000000 -1.000000  0.893181 0.510485 1 64 1.000000
lowpoly_plastic
0  -3.102300 -11.596400 -1.295381  -0.000004 0.000000 -1.000000  0.893181 0.510485 1 64 1.000000
0  -3.077697 -11.725851 -1.295381  -0.000004 0.000000 -1.000000  0.893174 0.510443 1 64 1.000000
0  -3.102300 -11.730084 -1.295381  -0.000004 0.000000 -1.000000  0.893181 0.510442 1 64 1.000000
lowpoly_plastic
0  -3.102300 -11.730084 -1.295381  -0.000004 0.000000 -1.000000  0.893181 0.510442 1 64 1.000000
0  -3.077697 -11.859535 -1.295381  -0.000004 0.000000 -1.000000  0.893174 0.510401 1 64 1.000000
0  -3.102300 -11.863769 -1.295381  -0.000004 0.000000 -1.000000  0.893181 0.510399 1 64 1.000000
lowpoly_plastic
0  -3.141023 -10.498357 -1.295374  -0.000011 0.000038 -1.000000  0.893192 0.510835 1 64 1.000000
0  -3.077697 -10.655470 -1.295381  -0.000011 0.000038 -1.000000  0.893174 0.510785 1 64 1.000000
0  -3.102300 -10.659702 -1.295381  -0.000011 0.000038 -1.000000  0.893181 0.510783 1 64 1.000000
lowpoly_plastic
0  -3.861930 -9.898740 -1.295381  0.000000 0.000000 -1.000000  0.893191 0.513900 1 64 1.000000
0  -3.983109 -11.462716 -1.295381  0.000000 0.000000 -1.000000  0.893218 0.513401 1 64 1.000000
0  -3.983110 -11.329032 -1.295381  0.000000 0.000000 -1.000000  0.893219 0.513444 1 64 1.000000
lowpoly_plastic
0  -3.102300 -11.730084 -1.295381  -0.000033 0.000000 -1.000000  0.893181 0.510442 1 64 1.000000
0  -3.102300 -11.863769 -1.295381  -0.000033 0.000000 -1.000000  0.893181 0.510399 1 64 1.000000
0  -3.222916 -12.021312 -1.295377  -0.000033 0.000000 -1.000000  0.893189 0.510325 1 64 1.000000
lowpoly_plastic
0  -3.102300 -11.596400 -1.295381  -0.000033 0.000000 -1.000000  0.893181 0.510485 1 64 1.000000
0  -3.102300 -11.730084 -1.295381  -0.000033 0.000000 -1.000000  0.893181 0.510442 1 64 1.000000
0  -3.222916 -12.021312 -1.295377  -0.000033 0.000000 -1.000000  0.893191 0.510325 1 64 1.000000
lowpoly_plastic
0  -3.077432 -9.930092 -1.295381  -0.000103 0.000000 -1.000000  0.893174 0.511016 1 64 1.000000
0  -3.077520 -10.070723 -1.295381  -0.000103 0.000000 -1.000000  0.893174 0.510971 1 64 1.000000
0  -3.140935 -10.070744 -1.295374  -0.000103 0.000000 -1.000000  0.893192 0.510971 1 64 1.000000
lowpoly_plastic
0  -3.102300 -10.659702 -1.295381  -0.000005 0.000000 -1.000000  0.893181 0.510783 1 64 1.000000
0  -3.077697 -10.790062 -1.295381  -0.000005 0.000000 -1.000000  0.893174 0.510742 1 64 1.000000
0  -3.102300 -10.794294 -1.295381  -0.000005 0.000000 -1.000000  0.893181 0.510740 1 64 1.000000
lowpoly_plastic
0  -3.102300 -10.794294 -1.295381  -0.000005 0.000000 -1.000000  0.893181 0.510740 1 64 1.000000
0  -3.077697 -10.923746 -1.295381  -0.000005 0.000000 -1.000000  0.893174 0.510699 1 64 1.000000
0  -3.102300 -10.927979 -1.295381  -0.000005 0.000000 -1.000000  0.893181 0.510698 1 64 1.000000
lowpoly_plastic
0  -3.222850 -9.898740 -1.295381  0.000075 -0.000000 -1.000000  0.893215 0.511026 1 64 1.000000
0  -3.140935 -10.070744 -1.295374  0.000075 -0.000000 -1.000000  0.893192 0.510971 1 64 1.000000
0  -3.141023 -10.498357 -1.295374  0.000075 -0.000000 -1.000000  0.893192 0.510835 1 64 1.000000
lowpoly_plastic
0  -3.102300 -11.329031 -1.295381  0.000000 0.000000 -1.000000  0.893181 0.510570 1 64 1.000000
0  -3.222850 -9.898740 -1.295381  0.000000 0.000000 -1.000000  0.893215 0.511026 1 64 1.000000
0  -3.102300 -11.195348 -1.295381  0.000000 0.000000 -1.000000  0.893181 0.510613 1 64 1.000000
lowpoly_plastic
0  -3.141023 -10.498357 -1.295374  -0.000102 0.000000 -1.000000  0.893192 0.510835 1 64 1.000000
0  -3.077609 -10.498336 -1.295381  -0.000102 0.000000 -1.000000  0.893174 0.510835 1 64 1.000000
0  -3.077697 -10.655470 -1.295381  -0.000102 0.000000 -1.000000  0.893174 0.510785 1 64 1.000000
lowpoly_plastic
0  -3.102300 -10.927979 -1.295381  -0.000161 0.000000 -1.000000  0.893181 0.510698 1 64 1.000000
0  -3.102300 -11.061664 -1.295381  -0.000161 0.000000 -1.000000  0.893181 0.510655 1 64 1.000000
0  -3.141023 -10.498357 -1.295374  -0.000161 0.000000 -1.000000  0.893192 0.510835 1 64 1.000000
lowpoly_plastic
0  -3.141023 -10.498357 -1.295374  -0.000166 0.000000 -1.000000  0.893192 0.510835 1 64 1.000000
0  -3.102300 -10.659702 -1.295381  -0.000166 0.000000 -1.000000  0.893181 0.510783 1 64 1.000000
0  -3.102300 -10.794294 -1.295381  -0.000166 0.000000 -1.000000  0.893181 0.510740 1 64 1.000000
lowpoly_plastic
0  -3.102300 -11.596400 -1.295381  -0.000028 -0.000002 -1.000000  0.893181 0.510485 1 64 1.000000
0  -3.222916 -12.021312 -1.295377  -0.000028 -0.000002 -1.000000  0.893215 0.510325 1 64 1.000000
0  -3.222850 -9.898740 -1.295381  -0.000028 -0.000002 -1.000000  0.893215 0.511026 1 64 1.000000
lowpoly_plastic
0  -3.782670 -10.324333 -0.935714  -0.002957 -0.000658 -0.999995  0.892465 0.514098 1 64 1.000000
0  -3.861956 -12.021312 -0.934363  -0.002957 -0.000658 -0.999995  0.892488 0.513533 1 64 1.000000
0  -3.861930 -9.963542 -0.935717  -0.002957 -0.000658 -0.999995  0.892488 0.514214 1 64 1.000000
lowpoly_plastic
0  -3.102300 -10.794294 -1.295381  -0.000184 0.000000 -1.000000  0.893181 0.510740 1 64 1.000000
0  -3.102300 -10.927979 -1.295381  -0.000184 0.000000 -1.000000  0.893181 0.510698 1 64 1.000000
0  -3.141023 -10.498357 -1.295374  -0.000184 0.000000 -1.000000  0.893192 0.510835 1 64 1.000000
lowpoly_plastic
0  -3.222850 -9.898740 -1.295381  -0.000009 -0.000041 -1.000000  0.893215 0.511026 1 64 1.000000
0  -3.077432 -9.930092 -1.295381  -0.000009 -0.000041 -1.000000  0.893174 0.511016 1 64 1.000000
0  -3.140935 -10.070744 -1.295374  -0.000009 -0.000041 -1.000000  0.893192 0.510971 1 64 1.000000
lowpoly_plastic
0  -3.861930 -9.920496 -1.175493  1.000000 0.000031 0.000006  0.888488 0.513591 1 64 1.000000
0  -3.861864 -12.021312 -1.295377  1.000000 0.000031 0.000006  0.888510 0.512897 1 64 1.000000
0  -3.861930 -9.898740 -1.295381  1.000000 0.000031 0.000006  0.888517 0.513598 1 64 1.000000
lowpoly_plastic
0  -3.925422 -9.927219 -1.175493  -0.000004 0.000000 1.000000  0.893331 0.510948 1 64 1.000000
0  -3.861930 -12.021312 -1.175493  -0.000004 0.000000 1.000000  0.893336 0.510256 1 64 1.000000
0  -3.861930 -9.920496 -1.175493  -0.000004 0.000000 1.000000  0.893348 0.510949 1 64 1.000000
lowpoly_plastic
0  -3.925422 -9.945030 -1.072877  1.000000 0.000000 0.000000  0.893331 0.513325 1 64 1.000000
0  -3.925422 -12.021312 -1.175493  1.000000 0.000000 0.000000  0.893364 0.512640 1 64 1.000000
0  -3.925422 -9.927219 -1.175493  1.000000 0.000000 0.000000  0.893355 0.513331 1 64 1.000000
lowpoly_plastic
0  -3.861930 -9.938579 -1.072870  0.000098 0.000000 -1.000000  0.893299 0.508977 1 64 1.000000
0  -3.925422 -12.021313 -1.072877  0.000098 0.000000 -1.000000  0.893270 0.509665 1 64 1.000000
0  -3.925422 -9.945030 -1.072877  0.000098 0.000000 -1.000000  0.893282 0.508979 1 64 1.000000
lowpoly_plastic
0  -3.714149 -10.642406 -0.227307  -0.231100 -0.006341 0.972909  0.047883 0.748222 1 64 1.000000
0  -3.542390 -10.324316 -0.184436  -0.231099 -0.006339 0.972910  0.047921 0.748322 1 64 1.000000
0  -3.703446 -10.324326 -0.220022  -0.231099 -0.006340 0.972910  0.047884 0.748324 1 64 1.000000
lowpoly_plastic
0  -3.382749 -10.324316 -0.213444  0.197793 -0.007941 0.980211  0.047968 0.748321 1 64 1.000000
0  -3.542390 -10.659536 -0.183947  0.197792 -0.007943 0.980212  0.047921 0.748215 1 64 1.000000
0  -3.372515 -10.642390 -0.221287  0.197793 -0.007942 0.980212  0.047972 0.748220 1 64 1.000000
lowpoly_plastic
0  -3.388549 -10.324316 -0.903073  0.641752 0.000000 -0.766912  0.893808 0.512609 1 64 1.000000
0  -3.300066 -10.324333 -0.829030  0.641752 0.000000 -0.766912  0.893783 0.512609 1 64 1.000000
0  -3.300066 -12.021312 -0.829030  0.641752 0.000000 -0.766912  0.893793 0.512043 1 64 1.000000
lowpoly_plastic
0  -3.782670 -10.324333 -0.935714  0.000031 -0.000797 -1.000000  0.892465 0.514098 1 64 1.000000
0  -3.679050 -10.324333 -0.935710  0.000031 -0.000797 -1.000000  0.892437 0.514098 1 64 1.000000
0  -3.861956 -12.021312 -0.934363  0.000031 -0.000797 -1.000000  0.892461 0.513533 1 64 1.000000
lowpoly_plastic
0  -4.007382 -11.993220 -0.590096  -0.999984 -0.005694 -0.000169  0.047329 0.747791 1 64 1.000000
0  -4.007102 -12.021312 -1.295381  -0.999984 -0.005694 -0.000169  0.047128 0.747758 1 64 1.000000
0  -4.007706 -12.021312 -0.400489  -0.999984 -0.005694 -0.000169  0.047324 0.747758 1 64 1.000000
lowpoly_plastic
0  -3.372515 -10.642390 -0.221287  0.005424 -0.913866 -0.405980  0.006723 0.761964 1 64 1.000000
0  -3.801557 -10.613005 -0.293163  0.005425 -0.913866 -0.405979  0.006706 0.762073 1 64 1.000000
0  -3.285656 -10.612982 -0.287812  0.005424 -0.913866 -0.405980  0.006706 0.761942 1 64 1.000000
lowpoly_plastic
0  -3.285659 -10.962485 -0.287816  -0.009794 0.000842 0.999952  0.006038 0.763206 1 64 1.000000
0  -3.801557 -10.613005 -0.293163  -0.009794 0.000842 0.999952  0.005929 0.763299 1 64 1.000000
0  -3.801964 -10.962507 -0.292623  -0.009794 0.000842 0.999952  0.005929 0.763210 1 64 1.000000
lowpoly_plastic
0  -3.372517 -10.933077 -0.221290  0.004873 0.913721 -0.406312  0.006333 0.765996 1 64 1.000000
0  -3.801964 -10.962507 -0.292623  0.004873 0.913721 -0.406312  0.006350 0.766106 1 64 1.000000
0  -3.714487 -10.933092 -0.226858  0.004873 0.913721 -0.406312  0.006334 0.766083 1 64 1.000000
lowpoly_plastic
0  -3.542390 -10.915930 -0.183947  0.006362 0.919412 -0.393245  0.006323 0.766039 1 64 1.000000
0  -3.372517 -10.933077 -0.221290  0.006362 0.919412 -0.393245  0.006333 0.765996 1 64 1.000000
0  -3.714487 -10.933092 -0.226858  0.006362 0.919412 -0.393245  0.006334 0.766083 1 64 1.000000
lowpoly_plastic
0  -3.542390 -10.659536 -0.183947  0.006935 -0.920359 -0.391012  0.006733 0.762007 1 64 1.000000
0  -3.714149 -10.642406 -0.227307  0.006935 -0.920359 -0.391012  0.006722 0.762051 1 64 1.000000
0  -3.372515 -10.642390 -0.221287  0.006935 -0.920359 -0.391012  0.006723 0.761964 1 64 1.000000
lowpoly_plastic
0  -3.077181 -10.031944 -0.724621  1.000000 -0.000002 -0.000897  0.044500 0.751356 1 64 1.000000
0  -3.077061 -10.083194 -0.589995  1.000000 -0.000002 -0.000897  0.044467 0.751339 1 64 1.000000
0  -3.077062 -10.655475 -0.589995  1.000000 -0.000002 -0.000897  0.044467 0.751156 1 64 1.000000
lowpoly_plastic
0  -3.077351 -10.362295 -1.129223  1.000000 0.000086 -0.000488  0.044596 0.751252 1 64 1.000000
0  -3.077181 -10.031944 -0.724621  1.000000 0.000086 -0.000488  0.044500 0.751356 1 64 1.000000
0  -3.077062 -10.655475 -0.589995  1.000000 0.000086 -0.000488  0.044467 0.751156 1 64 1.000000
lowpoly_plastic
0  -3.077520 -10.070723 -1.295381  1.000000 0.000232 -0.000609  0.044636 0.751346 1 64 1.000000
0  -3.077181 -10.031944 -0.724621  1.000000 0.000232 -0.000609  0.044500 0.751356 1 64 1.000000
0  -3.077351 -10.362295 -1.129223  1.000000 0.000232 -0.000609  0.044596 0.751252 1 64 1.000000
lowpoly_plastic
0  -3.077697 -10.655470 -1.295381  0.999999 -0.000562 -0.001092  0.044636 0.751159 1 64 1.000000
0  -3.077609 -10.498336 -1.295381  0.999999 -0.000562 -0.001092  0.044636 0.751209 1 64 1.000000
0  -3.077351 -10.362295 -1.129223  0.999999 -0.000562 -0.001092  0.044596 0.751252 1 64 1.000000
lowpoly_plastic
0  -3.141023 -10.498357 -1.295374  0.999999 -0.000206 -0.001382  0.888849 0.514575 1 64 1.000000
0  -3.140935 -10.070744 -1.295374  0.999999 -0.000206 -0.001382  0.888849 0.514711 1 64 1.000000
0  -3.140765 -10.362316 -1.129217  0.999999 -0.000206 -0.001382  0.888809 0.514618 1 64 1.000000
lowpoly_plastic
0  -3.077520 -10.070723 -1.295381  0.000081 -0.495119 -0.868825  0.893174 0.510971 1 64 1.000000
0  -3.140765 -10.362316 -1.129217  0.000081 -0.495119 -0.868825  0.893217 0.510878 1 64 1.000000
0  -3.140935 -10.070744 -1.295374  0.000081 -0.495119 -0.868825  0.893192 0.510971 1 64 1.000000
lowpoly_plastic
0  -3.222850 -9.898740 -1.295381  0.000247 0.000023 -1.000000  0.893215 0.511026 1 64 1.000000
0  -3.141023 -10.498357 -1.295374  0.000247 0.000023 -1.000000  0.893192 0.510835 1 64 1.000000
0  -3.102300 -11.195348 -1.295381  0.000247 0.000023 -1.000000  0.893181 0.510613 1 64 1.000000
lowpoly_plastic
0  -3.077351 -10.362295 -1.129223  -0.000317 0.773746 -0.633495  0.891202 0.513931 1 64 1.000000
0  -3.141023 -10.498357 -1.295374  -0.000317 0.773746 -0.633495  0.891182 0.513984 1 64 1.000000
0  -3.140765 -10.362316 -1.129217  -0.000317 0.773746 -0.633495  0.891182 0.513932 1 64 1.000000
lowpoly_plastic
0  -3.102300 -11.462716 -1.295381  0.000000 0.000000 -1.000000  0.893181 0.510527 1 64 1.000000
0  -3.102300 -11.596400 -1.295381  0.000000 0.000000 -1.000000  0.893181 0.510485 1 64 1.000000
0  -3.222850 -9.898740 -1.295381  0.000000 0.000000 -1.000000  0.893215 0.511026 1 64 1.000000
lowpoly_plastic
0  -3.102300 -11.462716 -1.295381  0.000000 0.000000 -1.000000  0.893181 0.510527 1 64 1.000000
0  -3.222850 -9.898740 -1.295381  0.000000 0.000000 -1.000000  0.893215 0.511026 1 64 1.000000
0  -3.102300 -11.329031 -1.295381  0.000000 0.000000 -1.000000  0.893181 0.510570 1 64 1.000000
lowpoly_plastic
0  -3.861930 -9.963542 -0.935717  0.000035 -0.000000 -1.000000  0.892488 0.514214 1 64 1.000000
0  -3.696453 -9.944059 -0.935711  0.000035 -0.000000 -1.000000  0.892441 0.514220 1 64 1.000000
0  -3.782670 -10.224254 -0.935714  0.000035 -0.000000 -1.000000  0.892465 0.514130 1 64 1.000000
lowpoly_plastic
0  -3.782670 -10.224254 -0.935714  0.000030 0.000000 -1.000000  0.892465 0.514130 1 64 1.000000
0  -3.782670 -10.324333 -0.935714  0.000030 0.000000 -1.000000  0.892465 0.514098 1 64 1.000000
0  -3.861930 -9.963542 -0.935717  0.000030 0.000000 -1.000000  0.892488 0.514214 1 64 1.000000
lowpoly_plastic
0  -3.222850 -9.920496 -1.175493  -1.000000 0.000031 0.000006  0.891928 0.511432 1 64 1.000000
0  -3.222850 -9.898740 -1.295381  -1.000000 0.000031 0.000006  0.891890 0.511439 1 64 1.000000
0  -3.222916 -12.021312 -1.295377  -1.000000 0.000031 0.000006  0.891904 0.510738 1 64 1.000000
lowpoly_plastic
0  -3.077520 -10.070723 -1.295381  1.000000 -0.000627 -0.000551  0.044636 0.751346 1 64 1.000000
0  -3.077432 -9.930092 -1.295381  1.000000 -0.000627 -0.000551  0.044636 0.751390 1 64 1.000000
0  -3.077181 -10.031944 -0.724621  1.000000 -0.000627 -0.000551  0.044500 0.751356 1 64 1.000000
lowpoly_plastic
0  -4.007715 -10.031979 -0.724621  -1.000000 -0.000005 -0.000001  0.047287 0.748416 1 64 1.000000
0  -4.007715 -9.930202 -1.295381  -1.000000 -0.000005 -0.000001  0.047107 0.748449 1 64 1.000000
0  -4.007712 -10.655470 -1.295381  -1.000000 -0.000005 -0.000001  0.047106 0.748218 1 64 1.000000
lowpoly_plastic
0  -4.007712 -10.655470 -1.295381  -0.999998 -0.001362 0.001482  0.047106 0.748218 1 64 1.000000
0  -4.006668 -10.655470 -0.590312  -0.999998 -0.001362 0.001482  0.047330 0.748217 1 64 1.000000
0  -4.007715 -10.031979 -0.724621  -0.999998 -0.001362 0.001482  0.047287 0.748416 1 64 1.000000
lowpoly_plastic
0  -3.542390 -10.324333 -0.572247  0.000000 1.000000 -0.000097  0.892720 0.514137 1 64 1.000000
0  -3.696453 -10.324316 -0.396240  0.000000 1.000000 -0.000097  0.892671 0.514081 1 64 1.000000
0  -3.388549 -10.324316 -0.396240  0.000000 1.000000 -0.000097  0.892769 0.514081 1 64 1.000000
lowpoly_plastic
0  -3.424597 -10.324333 -0.690040  -0.000476 1.000000 0.000000  0.892757 0.514174 1 64 1.000000
0  -3.388549 -10.324316 -0.396240  -0.000476 1.000000 0.000000  0.892769 0.514081 1 64 1.000000
0  -3.388549 -10.324316 -0.903073  -0.000476 1.000000 0.000000  0.892769 0.514219 1 64 1.000000
lowpoly_plastic
0  -3.542390 -10.324333 -0.807833  0.000000 1.000000 0.000000  0.892720 0.514212 1 64 1.000000
0  -3.388630 -10.324333 -1.072866  0.000000 1.000000 0.000000  0.892769 0.514296 1 64 1.000000
0  -3.679050 -10.324333 -0.935710  0.000000 1.000000 0.000000  0.892676 0.514253 1 64 1.000000
lowpoly_plastic
0  -3.388630 -10.324333 -1.072866  -0.000174 1.000000 -0.000100  0.892769 0.514296 1 64 1.000000
0  -3.542390 -10.324333 -0.807833  -0.000174 1.000000 -0.000100  0.892720 0.514212 1 64 1.000000
0  -3.388549 -10.324316 -0.903073  -0.000174 1.000000 -0.000100  0.892769 0.514219 1 64 1.000000
lowpoly_plastic
0  -3.077062 -10.655475 -0.589995  1.000000 -0.000003 -0.000001  0.048116 0.748217 1 64 1.000000
0  -3.077061 -10.083194 -0.589995  1.000000 -0.000003 -0.000001  0.048116 0.748400 1 64 1.000000
0  -3.077061 -10.186534 -0.400471  1.000000 -0.000003 -0.000001  0.048066 0.748365 1 64 1.000000
lowpoly_plastic
0  -3.542390 -10.324333 -0.807833  0.707107 0.000000 0.707107  0.889245 0.514554 1 64 1.000000
0  -3.660183 -11.375583 -0.690040  0.707107 0.000000 0.707107  0.889193 0.514219 1 64 1.000000
0  -3.542390 -11.375583 -0.807833  0.707107 0.000000 0.707107  0.889245 0.514219 1 64 1.000000
lowpoly_plastic
0  -3.424597 -10.324333 -0.690040  -0.000052 1.000000 -0.000049  0.892757 0.514174 1 64 1.000000
0  -3.542390 -10.324333 -0.572247  -0.000052 1.000000 -0.000049  0.892720 0.514137 1 64 1.000000
0  -3.388549 -10.324316 -0.396240  -0.000052 1.000000 -0.000049  0.892769 0.514081 1 64 1.000000
lowpoly_plastic
0  -3.424597 -11.375583 -0.690040  0.000000 1.000000 0.000000  0.893033 0.511379 1 64 1.000000
0  -3.542390 -11.375583 -0.773462  0.000000 1.000000 0.000000  0.893025 0.511424 1 64 1.000000
0  -3.458969 -11.375583 -0.690040  0.000000 1.000000 0.000000  0.893025 0.511387 1 64 1.000000
lowpoly_plastic
0  -3.542390 -10.324333 -0.807833  -0.000069 1.000000 0.000067  0.892720 0.514212 1 64 1.000000
0  -3.424597 -10.324333 -0.690040  -0.000069 1.000000 0.000067  0.892757 0.514174 1 64 1.000000
0  -3.388549 -10.324316 -0.903073  -0.000069 1.000000 0.000067  0.892769 0.514219 1 64 1.000000
lowpoly_plastic
0  -3.424597 -10.324333 -0.690040  -0.707107 0.000000 0.707106  0.893860 0.510538 1 64 1.000000
0  -3.542390 -11.375583 -0.807833  -0.707107 0.000000 0.707106  0.893818 0.510202 1 64 1.000000
0  -3.424597 -11.375583 -0.690040  -0.707107 0.000000 0.707106  0.893860 0.510203 1 64 1.000000
lowpoly_plastic
0  -3.542390 -10.324333 -0.572247  -0.707107 0.000000 -0.707106  0.892487 0.514555 1 64 1.000000
0  -3.424597 -11.375583 -0.690040  -0.707107 0.000000 -0.707106  0.892436 0.514220 1 64 1.000000
0  -3.542390 -11.375583 -0.572247  -0.707107 0.000000 -0.707106  0.892487 0.514220 1 64 1.000000
lowpoly_plastic
0  -3.660183 -10.324333 -0.690040  0.707107 0.000000 -0.707107  0.889393 0.513992 1 64 1.000000
0  -3.542390 -11.375583 -0.572247  0.707107 0.000000 -0.707107  0.889340 0.513657 1 64 1.000000
0  -3.660183 -11.375583 -0.690040  0.707107 0.000000 -0.707107  0.889393 0.513657 1 64 1.000000
lowpoly_plastic
0  -3.542390 -11.375583 -0.572247  0.000000 1.000000 0.000000  0.892980 0.511379 1 64 1.000000
0  -3.458969 -11.375583 -0.690040  0.000000 1.000000 0.000000  0.893025 0.511387 1 64 1.000000
0  -3.542390 -11.375583 -0.606618  0.000000 1.000000 0.000000  0.892987 0.511387 1 64 1.000000
lowpoly_plastic
0  -3.660183 -11.375583 -0.690040  0.000000 1.000000 0.000000  0.892980 0.511432 1 64 1.000000
0  -3.542390 -11.375583 -0.606618  0.000000 1.000000 0.000000  0.892987 0.511387 1 64 1.000000
0  -3.625812 -11.375583 -0.690040  0.000000 1.000000 0.000000  0.892987 0.511424 1 64 1.000000
lowpoly_plastic
0  -3.542390 -11.375583 -0.807833  0.000000 1.000000 0.000000  0.893033 0.511432 1 64 1.000000
0  -3.625812 -11.375583 -0.690040  0.000000 1.000000 0.000000  0.892987 0.511424 1 64 1.000000
0  -3.542390 -11.375583 -0.773462  0.000000 1.000000 0.000000  0.893025 0.511424 1 64 1.000000
lowpoly_plastic
0  -3.625812 -11.375583 -0.690040  0.700997 0.131190 -0.700994  0.893884 0.512346 1 64 1.000000
0  -3.542390 -11.375583 -0.606618  0.700997 0.131190 -0.700994  0.893847 0.512346 1 64 1.000000
0  -3.542390 -11.821337 -0.690040  0.700997 0.131190 -0.700994  0.893884 0.512116 1 64 1.000000
lowpoly_plastic
0  -3.542390 -11.375583 -0.606618  -0.700997 0.131189 -0.700994  0.893884 0.512988 1 64 1.000000
0  -3.458969 -11.375583 -0.690040  -0.700997 0.131189 -0.700994  0.893848 0.512989 1 64 1.000000
0  -3.542390 -11.821337 -0.690040  -0.700997 0.131189 -0.700994  0.893884 0.512758 1 64 1.000000
lowpoly_plastic
0  -3.458969 -11.375583 -0.690040  -0.700996 0.131189 0.700995  0.893914 0.513853 1 64 1.000000
0  -3.542390 -11.375583 -0.773462  -0.700996 0.131189 0.700995  0.893884 0.513853 1 64 1.000000
0  -3.542390 -11.821337 -0.690040  -0.700996 0.131189 0.700995  0.893914 0.513623 1 64 1.000000
lowpoly_plastic
0  -3.542390 -11.375583 -0.773462  0.700996 0.131190 0.700995  0.893885 0.509336 1 64 1.000000
0  -3.625812 -11.375583 -0.690040  0.700996 0.131190 0.700995  0.893848 0.509336 1 64 1.000000
0  -3.542390 -11.821337 -0.690040  0.700996 0.131190 0.700995  0.893885 0.509107 1 64 1.000000
lowpoly_plastic
0  -3.102300 -11.061664 -1.295381  -0.000161 0.000000 -1.000000  0.893181 0.510655 1 64 1.000000
0  -3.102300 -11.195348 -1.295381  -0.000161 0.000000 -1.000000  0.893181 0.510613 1 64 1.000000
0  -3.141023 -10.498357 -1.295374  -0.000161 0.000000 -1.000000  0.893192 0.510835 1 64 1.000000
lowpoly_plastic
0  -3.696453 -10.224254 -0.935711  0.000000 -1.000000 0.000000  0.893056 0.514766 1 64 1.000000
0  -3.782670 -10.224254 -0.833014  0.000000 -1.000000 0.000000  0.893083 0.514734 1 64 1.000000
0  -3.782670 -10.224254 -0.935714  0.000000 -1.000000 0.000000  0.893083 0.514766 1 64 1.000000
lowpoly_plastic
0  -3.667411 -10.324322 -0.672177  -0.000099 1.000000 0.000000  0.892680 0.514169 1 64 1.000000
0  -3.782670 -10.324333 -0.603977  -0.000099 1.000000 0.000000  0.892643 0.514147 1 64 1.000000
0  -3.782670 -10.324333 -0.482457  -0.000099 1.000000 0.000000  0.892643 0.514108 1 64 1.000000
lowpoly_plastic
0  -3.667411 -10.324327 -0.766007  0.000034 1.000000 -0.000033  0.892680 0.514199 1 64 1.000000
0  -3.542390 -10.324333 -0.807833  0.000034 1.000000 -0.000033  0.892720 0.514212 1 64 1.000000
0  -3.679050 -10.324333 -0.935710  0.000034 1.000000 -0.000033  0.892676 0.514253 1 64 1.000000
lowpoly_plastic
0  -3.660183 -10.324333 -0.690040  0.000069 1.000000 0.000049  0.892682 0.514174 1 64 1.000000
0  -3.542390 -10.324333 -0.807833  0.000069 1.000000 0.000049  0.892720 0.514212 1 64 1.000000
0  -3.667411 -10.324327 -0.766007  0.000069 1.000000 0.000049  0.892680 0.514199 1 64 1.000000
lowpoly_plastic
0  -3.782670 -10.224254 -0.606541  1.000000 0.000005 0.000000  0.892162 0.513387 1 64 1.000000
0  -3.782670 -10.324333 -0.482457  1.000000 0.000005 0.000000  0.892133 0.513353 1 64 1.000000
0  -3.782670 -10.324333 -0.603977  1.000000 0.000005 0.000000  0.892162 0.513355 1 64 1.000000
lowpoly_plastic
0  -3.782670 -10.224254 -0.482457  0.000000 -1.000000 0.000000  0.893977 0.512742 1 64 1.000000
0  -3.782670 -10.224254 -0.606541  0.000000 -1.000000 0.000000  0.893977 0.512782 1 64 1.000000
0  -3.696453 -10.224254 -0.674683  0.000000 -1.000000 0.000000  0.893949 0.512804 1 64 1.000000
lowpoly_plastic
0  -3.696453 -10.224254 -0.674683  0.000000 -1.000000 0.000000  0.893949 0.512804 1 64 1.000000
0  -3.696453 -10.224254 -0.396240  0.000000 -1.000000 0.000000  0.893949 0.512715 1 64 1.000000
0  -3.782670 -10.224254 -0.482457  0.000000 -1.000000 0.000000  0.893977 0.512742 1 64 1.000000
lowpoly_plastic
0  -3.782670 -10.224254 -0.935714  1.000000 0.000000 0.000000  0.893673 0.512588 1 64 1.000000
0  -3.782670 -10.324333 -0.831783  1.000000 0.000000 0.000000  0.893648 0.512555 1 64 1.000000
0  -3.782670 -10.324333 -0.935714  1.000000 0.000000 0.000000  0.893673 0.512556 1 64 1.000000
lowpoly_plastic
0  -3.696356 -10.026730 -0.683191  0.995014 0.081992 0.056780  0.892159 0.513450 1 64 1.000000
0  -3.703374 -10.262233 -0.220118  0.995014 0.081992 0.056780  0.892053 0.513369 1 64 1.000000
0  -3.696453 -10.224254 -0.396240  0.995014 0.081992 0.056780  0.892093 0.513384 1 64 1.000000
lowpoly_plastic
0  -3.696453 -10.224254 -0.935711  1.000000 0.000022 0.000000  0.893965 0.513496 1 64 1.000000
0  -3.696459 -9.978329 -0.787125  1.000000 0.000022 0.000000  0.893930 0.513573 1 64 1.000000
0  -3.696453 -10.224254 -0.782434  1.000000 0.000022 0.000000  0.893928 0.513495 1 64 1.000000
lowpoly_plastic
0  -3.667411 -10.324327 -0.766007  0.001433 0.999999 -0.000044  0.892680 0.514199 1 64 1.000000
0  -3.667411 -10.324322 -0.672177  0.001433 0.999999 -0.000044  0.892680 0.514169 1 64 1.000000
0  -3.660183 -10.324333 -0.690040  0.001433 0.999999 -0.000044  0.892682 0.514174 1 64 1.000000
lowpoly_plastic
0  -3.696453 -10.324316 -0.396240  0.000100 1.000000 -0.000013  0.892671 0.514081 1 64 1.000000
0  -3.542390 -10.324333 -0.572247  0.000100 1.000000 -0.000013  0.892720 0.514137 1 64 1.000000
0  -3.667411 -10.324322 -0.672177  0.000100 1.000000 -0.000013  0.892680 0.514169 1 64 1.000000
lowpoly_plastic
0  -3.542390 -10.324333 -0.572247  0.000456 1.000000 -0.000403  0.892720 0.514137 1 64 1.000000
0  -3.660183 -10.324333 -0.690040  0.000456 1.000000 -0.000403  0.892682 0.514174 1 64 1.000000
0  -3.667411 -10.324322 -0.672177  0.000456 1.000000 -0.000403  0.892680 0.514169 1 64 1.000000
lowpoly_plastic
0  -3.782670 -10.324333 -0.831783  0.000000 1.000000 0.000000  0.892643 0.514220 1 64 1.000000
0  -3.679050 -10.324333 -0.935710  0.000000 1.000000 0.000000  0.892676 0.514253 1 64 1.000000
0  -3.782670 -10.324333 -0.935714  0.000000 1.000000 0.000000  0.892643 0.514253 1 64 1.000000
lowpoly_plastic
0  -3.696356 -10.026730 -0.683191  1.000000 -0.000490 0.000000  0.892159 0.513450 1 64 1.000000
0  -3.696453 -10.224254 -0.396240  1.000000 -0.000490 0.000000  0.892093 0.513384 1 64 1.000000
0  -3.696453 -10.224254 -0.674683  1.000000 -0.000490 0.000000  0.892160 0.513387 1 64 1.000000
lowpoly_plastic
0  -3.915970 -10.024258 -0.674572  0.996944 0.077613 0.008941  0.892204 0.513452 1 64 1.000000
0  -3.783941 -11.718984 -0.684945  0.996944 0.077613 0.008941  0.892232 0.512792 1 64 1.000000
0  -3.916389 -10.005003 -0.794956  0.996944 0.077613 0.008941  0.892232 0.513460 1 64 1.000000
lowpoly_plastic
0  -3.782670 -10.224254 -0.833014  -0.505198 0.016098 0.862853  0.889014 0.514383 1 64 1.000000
0  -3.696459 -9.978329 -0.787125  -0.505198 0.016097 0.862853  0.889035 0.514461 1 64 1.000000
0  -3.813146 -9.979636 -0.855351  -0.505198 0.016097 0.862853  0.889009 0.514461 1 64 1.000000
lowpoly_plastic
0  -3.782670 -10.224254 -0.833014  0.323748 0.092997 0.941562  0.893783 0.512457 1 64 1.000000
0  -3.783941 -11.718984 -0.684945  0.323746 0.092975 0.941565  0.893771 0.511860 1 64 1.000000
0  -3.782670 -10.324333 -0.831783  0.323747 0.092994 0.941563  0.893783 0.512425 1 64 1.000000
lowpoly_plastic
0  -3.812039 -10.061978 -0.614100  0.514636 0.045334 -0.856209  0.892168 0.513439 1 64 1.000000
0  -3.783941 -11.718984 -0.684945  0.514636 0.045334 -0.856209  0.892210 0.512791 1 64 1.000000
0  -3.915970 -10.024258 -0.674572  0.514636 0.045334 -0.856209  0.892204 0.513452 1 64 1.000000
lowpoly_plastic
0  -3.782670 -10.324333 -0.603977  0.627597 0.040281 -0.777496  0.892162 0.513355 1 64 1.000000
0  -3.812039 -10.061978 -0.614100  0.627601 0.040235 -0.777495  0.892168 0.513439 1 64 1.000000
0  -3.782670 -10.224254 -0.606541  0.627605 0.040208 -0.777493  0.892162 0.513387 1 64 1.000000
lowpoly_plastic
0  -3.667411 -10.324322 -0.672177  -0.996528 0.083264 -0.000005  0.893727 0.514474 1 64 1.000000
0  -3.667411 -10.324327 -0.766007  -0.996528 0.083264 -0.000005  0.893697 0.514475 1 64 1.000000
0  -3.783941 -11.718984 -0.684945  -0.996528 0.083264 -0.000005  0.893719 0.513908 1 64 1.000000
lowpoly_plastic
0  -3.667411 -10.324327 -0.766007  -0.493570 0.091510 0.864878  0.893697 0.514475 1 64 1.000000
0  -3.782670 -10.324333 -0.831783  -0.493570 0.091510 0.864878  0.893672 0.514475 1 64 1.000000
0  -3.783941 -11.718984 -0.684945  -0.493570 0.091510 0.864878  0.893690 0.513909 1 64 1.000000
lowpoly_plastic
0  -3.782670 -10.324333 -0.603977  -0.508598 0.050364 -0.859530  0.893769 0.514473 1 64 1.000000
0  -3.667411 -10.324322 -0.672177  -0.508598 0.050364 -0.859530  0.893727 0.514474 1 64 1.000000
0  -3.783941 -11.718984 -0.684945  -0.508598 0.050364 -0.859530  0.893769 0.513908 1 64 1.000000
lowpoly_plastic
0  -3.782670 -10.224254 -0.606541  -0.550459 -0.081873 -0.830838  0.893665 0.514683 1 64 1.000000
0  -3.696356 -10.026730 -0.683191  -0.550461 -0.081876 -0.830836  0.893629 0.514746 1 64 1.000000
0  -3.696453 -10.224254 -0.674683  -0.550459 -0.081871 -0.830838  0.893630 0.514683 1 64 1.000000
lowpoly_plastic
0  -3.916389 -10.005003 -0.794956  -0.167177 0.973463 0.156271  0.048587 0.750266 1 64 1.000000
0  -4.007715 -10.031979 -0.724621  -0.167177 0.973463 0.156271  0.048557 0.750243 1 64 1.000000
0  -3.915970 -10.024258 -0.674572  -0.167177 0.973463 0.156271  0.048587 0.750227 1 64 1.000000
lowpoly_plastic
0  -3.925422 -9.945030 -1.072877  -0.186632 0.963214 0.193360  0.048584 0.750355 1 64 1.000000
0  -3.925422 -9.927219 -1.175493  -0.186632 0.963214 0.193361  0.048584 0.750387 1 64 1.000000
0  -4.007715 -9.930202 -1.295381  -0.186632 0.963214 0.193360  0.048557 0.750426 1 64 1.000000
lowpoly_plastic
0  -3.667411 -10.324322 -0.672177  -0.000161 1.000000 -0.000036  0.892680 0.514169 1 64 1.000000
0  -3.782670 -10.324333 -0.482457  -0.000161 1.000000 -0.000036  0.892643 0.514108 1 64 1.000000
0  -3.696453 -10.324316 -0.396240  -0.000161 1.000000 -0.000036  0.892671 0.514081 1 64 1.000000
lowpoly_plastic
0  -3.269610 -10.227363 -0.300097  0.089885 0.882754 0.461157  0.048211 0.751179 1 64 1.000000
0  -3.077061 -10.083194 -0.589995  0.089881 0.882756 0.461155  0.048273 0.751273 1 64 1.000000
0  -3.388637 -9.981971 -0.724621  0.089885 0.882754 0.461157  0.048174 0.751316 1 64 1.000000
lowpoly_plastic
0  -3.696356 -10.026730 -0.683191  -0.053573 0.881322 0.469469  0.048657 0.750230 1 64 1.000000
0  -3.812039 -10.061978 -0.614100  -0.053573 0.881322 0.469470  0.048620 0.750208 1 64 1.000000
0  -3.817218 -10.227376 -0.305884  -0.053573 0.881320 0.469473  0.048618 0.750108 1 64 1.000000
lowpoly_plastic
0  -3.372517 -10.933077 -0.221290  0.257266 -0.007308 0.966313  0.047972 0.748127 1 64 1.000000
0  -3.542390 -12.021312 -0.184290  0.257266 -0.007304 0.966313  0.047921 0.747757 1 64 1.000000
0  -3.340077 -12.021312 -0.246153  0.257266 -0.007306 0.966313  0.047985 0.747756 1 64 1.000000
lowpoly_plastic
0  -4.006954 -11.195347 -0.512702  -1.000000 0.000823 -0.000128  0.047355 0.748045 1 64 1.000000
0  -4.007025 -11.329031 -0.512681  -1.000000 0.000823 -0.000128  0.047355 0.748003 1 64 1.000000
0  -4.007706 -12.021312 -0.400489  -1.000000 0.000823 -0.000128  0.047391 0.747758 1 64 1.000000
lowpoly_plastic
0  -3.077074 -12.021312 -0.400489  0.999990 -0.002610 -0.003658  0.048116 0.747758 1 64 1.000000
0  -3.077694 -11.993219 -0.589995  0.999990 -0.002610 -0.003658  0.048116 0.747791 1 64 1.000000
0  -3.077074 -11.863769 -0.512809  0.999990 -0.002610 -0.003658  0.048096 0.747832 1 64 1.000000
lowpoly_plastic
0  -3.861864 -12.021312 -1.295377  0.000027 -0.000005 -1.000000  0.893213 0.513199 1 64 1.000000
0  -4.007715 -11.993220 -1.295381  0.000027 -0.000005 -1.000000  0.893223 0.513232 1 64 1.000000
0  -3.983109 -11.863769 -1.295381  0.000027 -0.000005 -1.000000  0.893216 0.513273 1 64 1.000000
lowpoly_plastic
0  -3.077074 -12.021312 -0.400489  1.000000 -0.000008 -0.000010  0.048095 0.747757 1 64 1.000000
0  -3.077074 -11.863769 -0.512809  1.000000 -0.000008 -0.000010  0.048096 0.747832 1 64 1.000000
0  -3.077061 -10.186534 -0.400471  1.000000 -0.000008 -0.000010  0.048066 0.748365 1 64 1.000000
lowpoly_plastic
0  -4.003597 -12.021312 -1.295381  0.000000 0.000000 -1.000000  0.893221 0.513199 1 64 1.000000
0  -4.007102 -12.021312 -1.295381  0.000000 0.000000 -1.000000  0.893222 0.513199 1 64 1.000000
0  -4.007715 -11.993220 -1.295381  0.000000 0.000000 -1.000000  0.893223 0.513232 1 64 1.000000
lowpoly_plastic
0  -3.783941 -11.718984 -0.684945  0.485542 0.093311 0.869219  0.893771 0.511860 1 64 1.000000
0  -3.813146 -9.979636 -0.855351  0.485542 0.093311 0.869219  0.893779 0.512535 1 64 1.000000
0  -3.916389 -10.005003 -0.794956  0.485542 0.093311 0.869219  0.893741 0.512527 1 64 1.000000
lowpoly_plastic
0  -3.744703 -12.021312 -0.246153  -0.269262 -0.004913 0.963054  0.047878 0.747760 1 64 1.000000
0  -3.542390 -10.915930 -0.183947  -0.269262 -0.004915 0.963054  0.047921 0.748133 1 64 1.000000
0  -3.714487 -10.933092 -0.226858  -0.269262 -0.004917 0.963054  0.047883 0.748130 1 64 1.000000
lowpoly_plastic
0  -3.300066 -12.021312 -0.928622  -1.000000 0.000000 0.000000  0.892525 0.510730 1 64 1.000000
0  -3.300066 -12.021312 -0.829030  -1.000000 0.000000 0.000000  0.892548 0.510730 1 64 1.000000
0  -3.300066 -10.324333 -0.829030  -1.000000 0.000000 0.000000  0.892548 0.511295 1 64 1.000000
lowpoly_plastic
0  -3.159358 -12.021312 -1.175493  -1.000000 0.000000 0.000000  0.891937 0.510738 1 64 1.000000
0  -3.159358 -12.021313 -1.072877  -1.000000 0.000000 0.000000  0.891963 0.510738 1 64 1.000000
0  -3.159358 -9.945030 -1.072877  -1.000000 0.000000 0.000000  0.891963 0.511424 1 64 1.000000
lowpoly_plastic
0  -3.077061 -10.186534 -0.400471  0.508921 0.002911 0.860808  0.048066 0.748365 1 64 1.000000
0  -3.285656 -10.612982 -0.287812  0.508921 0.002906 0.860808  0.048007 0.748229 1 64 1.000000
0  -3.285659 -10.962485 -0.287816  0.508921 0.002911 0.860808  0.048007 0.748118 1 64 1.000000
lowpoly_plastic
0  -3.380583 -12.021312 -0.850324  0.999783 0.002024 -0.020725  0.893523 0.509137 1 64 1.000000
0  -3.388630 -10.324333 -1.072866  0.999783 0.002025 -0.020725  0.893581 0.509703 1 64 1.000000
0  -3.388549 -10.324316 -0.903073  0.999783 0.002024 -0.020725  0.893523 0.509702 1 64 1.000000
lowpoly_plastic
0  -3.801557 -10.613005 -0.293163  -0.507698 0.005265 0.861519  0.047432 0.748232 1 64 1.000000
0  -3.703446 -10.324326 -0.220022  -0.507698 0.005264 0.861519  0.047459 0.748324 1 64 1.000000
0  -3.817218 -10.227376 -0.305884  -0.507699 0.005271 0.861519  0.047427 0.748355 1 64 1.000000
lowpoly_plastic
0  -3.861956 -12.021312 -0.934363  1.000000 0.000000 0.000184  0.888431 0.512897 1 64 1.000000
0  -3.861930 -12.021312 -1.072870  1.000000 0.000000 0.000184  0.888457 0.512897 1 64 1.000000
0  -3.861930 -9.938579 -1.072870  1.000000 0.000000 0.000184  0.888464 0.513585 1 64 1.000000
lowpoly_plastic
0  -3.077678 -12.021312 -1.295381  0.000000 0.000000 -1.000000  0.893174 0.510325 1 64 1.000000
0  -3.102300 -11.863769 -1.295381  0.000000 0.000000 -1.000000  0.893181 0.510399 1 64 1.000000
0  -3.077694 -11.993219 -1.295381  0.000000 0.000000 -1.000000  0.893174 0.510358 1 64 1.000000
lowpoly_plastic
0  -3.254921 -12.021312 -0.963848  -0.999876 0.015539 0.002725  0.891994 0.510737 1 64 1.000000
0  -3.222850 -9.963875 -0.928622  -0.999876 0.015539 0.002725  0.892006 0.511418 1 64 1.000000
0  -3.222850 -9.938579 -1.072870  -0.999876 0.015539 0.002725  0.891961 0.511426 1 64 1.000000
lowpoly_plastic
0  -3.222916 -12.021312 -1.295377  -1.000000 0.000000 0.000553  0.891915 0.510738 1 64 1.000000
0  -3.222850 -12.021312 -1.175493  -1.000000 0.000000 0.000553  0.891928 0.510738 1 64 1.000000
0  -3.222850 -9.920496 -1.175493  -1.000000 0.000000 0.000553  0.891928 0.511432 1 64 1.000000
lowpoly_plastic
0  -3.300066 -12.021312 -0.829030  0.255564 -0.028838 -0.966362  0.893793 0.512043 1 64 1.000000
0  -3.380583 -12.021312 -0.850324  0.255564 -0.028838 -0.966362  0.893808 0.512044 1 64 1.000000
0  -3.388549 -10.324316 -0.903073  0.255564 -0.028838 -0.966362  0.893808 0.512609 1 64 1.000000
lowpoly_plastic
0  -3.380583 -12.021312 -0.850324  0.000043 -1.000000 -0.000020  0.054938 0.834426 1 64 1.000000
0  -3.316329 -12.021312 -0.709826  -0.000048 -1.000000 -0.000000  0.053939 0.832240 1 64 1.000000
0  -3.316329 -12.021312 -0.813227  -0.000024 -1.000000 0.000041  0.053939 0.833849 1 64 1.000000
lowpoly_plastic
0  -3.354734 -12.021312 -0.539895  0.000000 -1.000000 0.000000  0.054536 0.829595 1 64 1.000000
0  -3.326891 -12.021312 -0.555970  0.000000 -1.000000 0.000000  0.054103 0.829846 1 64 1.000000
0  -3.340077 -12.021312 -0.246153  0.000000 -1.000000 0.000000  0.054308 0.825025 1 64 1.000000
lowpoly_plastic
0  -3.159358 -12.021312 -1.175493  0.000000 -1.000000 -0.000011  0.051496 0.839486 1 64 1.000000
0  -3.222850 -12.021312 -1.175493  0.000000 -1.000000 -0.000011  0.052484 0.839486 1 64 1.000000
0  -3.222916 -12.021312 -1.295377  0.000000 -1.000000 -0.000011  0.052485 0.841351 1 64 1.000000
lowpoly_plastic
0  -3.077678 -12.021312 -1.295381  0.000012 -1.000000 0.000000  0.050225 0.841351 1 64 1.000000
0  -3.077074 -12.021312 -0.400489  0.000012 -1.000000 0.000000  0.050216 0.827426 1 64 1.000000
0  -3.159358 -12.021313 -1.072877  0.000012 -1.000000 0.000000  0.051496 0.837889 1 64 1.000000
lowpoly_plastic
0  -3.077074 -12.021312 -0.400489  0.000000 -1.000000 0.000009  0.050216 0.827426 1 64 1.000000
0  -3.326891 -12.021312 -0.555970  0.000000 -1.000000 0.000009  0.054103 0.829846 1 64 1.000000
0  -3.316329 -12.021312 -0.562068  0.000000 -1.000000 0.000009  0.053939 0.829940 1 64 1.000000
lowpoly_plastic
0  -3.159358 -12.021313 -1.072877  -0.000007 -1.000000 0.000006  0.051496 0.837889 1 64 1.000000
0  -3.077074 -12.021312 -0.400489  -0.000007 -1.000000 0.000006  0.050216 0.827426 1 64 1.000000
0  -3.254832 -12.021312 -0.929976  -0.000007 -1.000000 0.000006  0.052982 0.835665 1 64 1.000000
lowpoly_plastic
0  -3.388630 -12.021312 -1.072866  0.000000 -1.000000 0.000000  0.055064 0.837889 1 64 1.000000
0  -3.380583 -12.021312 -0.850324  0.000000 -1.000000 0.000000  0.054938 0.834426 1 64 1.000000
0  -3.533840 -12.021312 -0.938807  0.000000 -1.000000 0.000000  0.057323 0.835803 1 64 1.000000
lowpoly_plastic
0  -3.340077 -12.021312 -0.246153  0.000000 -1.000000 0.000005  0.054308 0.825025 1 64 1.000000
0  -3.506559 -12.021312 -0.452238  0.000000 -1.000000 0.000005  0.056899 0.828231 1 64 1.000000
0  -3.354734 -12.021312 -0.539895  0.000000 -1.000000 0.000005  0.054536 0.829595 1 64 1.000000
lowpoly_plastic
0  -3.679050 -12.021312 -0.935710  0.000000 -1.000000 0.000000  0.059583 0.835755 1 64 1.000000
0  -3.388630 -12.021312 -1.072866  0.000000 -1.000000 0.000000  0.055064 0.837889 1 64 1.000000
0  -3.533840 -12.021312 -0.938807  0.000000 -1.000000 0.000000  0.057323 0.835803 1 64 1.000000
lowpoly_plastic
0  -3.744703 -12.021312 -0.246153  0.000000 -1.000000 -0.000006  0.060604 0.825025 1 64 1.000000
0  -3.656927 -12.021312 -0.507552  0.000000 -1.000000 -0.000006  0.059239 0.829092 1 64 1.000000
0  -3.533840 -12.021312 -0.436488  0.000000 -1.000000 -0.000006  0.057323 0.827986 1 64 1.000000
lowpoly_plastic
0  -4.007706 -12.021312 -0.400489  0.000000 -1.000000 0.000000  0.064697 0.827426 1 64 1.000000
0  -3.751351 -12.021312 -0.813227  0.000000 -1.000000 0.000000  0.060708 0.833849 1 64 1.000000
0  -3.751351 -12.021312 -0.562068  0.000000 -1.000000 0.000000  0.060708 0.829940 1 64 1.000000
lowpoly_plastic
0  -4.007706 -12.021312 -0.400489  -0.000012 -1.000000 0.000000  0.064697 0.827426 1 64 1.000000
0  -4.007102 -12.021312 -1.295381  -0.000012 -1.000000 0.000000  0.064688 0.841351 1 64 1.000000
0  -3.925422 -12.021313 -1.072877  -0.000012 -1.000000 0.000000  0.063417 0.837889 1 64 1.000000
lowpoly_plastic
0  -4.007102 -12.021312 -1.295381  0.000000 -1.000000 0.000000  0.064688 0.841351 1 64 1.000000
0  -4.003597 -12.021312 -1.295381  0.000000 -1.000000 0.000000  0.064633 0.841351 1 64 1.000000
0  -3.925422 -12.021312 -1.175493  0.000000 -1.000000 0.000000  0.063417 0.839486 1 64 1.000000
lowpoly_plastic
0  -4.003597 -12.021312 -1.295381  0.000000 -1.000000 0.000007  0.064633 0.841351 1 64 1.000000
0  -3.861864 -12.021312 -1.295377  0.000000 -1.000000 0.000007  0.062428 0.841351 1 64 1.000000
0  -3.925422 -12.021312 -1.175493  0.000000 -1.000000 0.000007  0.063417 0.839486 1 64 1.000000
lowpoly_plastic
0  -3.861864 -12.021312 -1.295377  0.000000 -1.000000 -0.000016  0.062428 0.841351 1 64 1.000000
0  -3.861930 -12.021312 -1.175493  0.000000 -1.000000 -0.000016  0.062429 0.839486 1 64 1.000000
0  -3.925422 -12.021312 -1.175493  0.000000 -1.000000 -0.000016  0.063417 0.839486 1 64 1.000000
lowpoly_plastic
0  -3.925422 -12.021313 -1.072877  0.000015 -1.000000 -0.000002  0.063417 0.837889 1 64 1.000000
0  -3.861930 -12.021312 -1.072870  0.000015 -1.000000 -0.000002  0.062429 0.837889 1 64 1.000000
0  -3.861956 -12.021312 -0.934363  0.000015 -1.000000 -0.000002  0.062429 0.835734 1 64 1.000000
lowpoly_plastic
0  -4.007102 -12.021312 -1.295381  0.000014 -1.000000 -0.000014  0.064688 0.841351 1 64 1.000000
0  -3.925422 -12.021312 -1.175493  0.000014 -1.000000 -0.000014  0.063417 0.839486 1 64 1.000000
0  -3.925422 -12.021313 -1.072877  0.000014 -1.000000 -0.000014  0.063417 0.837889 1 64 1.000000
lowpoly_plastic
0  -3.159358 -12.021312 -1.175493  0.000000 -1.000000 0.000000  0.051496 0.839486 1 64 1.000000
0  -3.222916 -12.021312 -1.295377  0.000000 -1.000000 0.000000  0.052485 0.841351 1 64 1.000000
0  -3.077678 -12.021312 -1.295381  0.000000 -1.000000 0.000000  0.050225 0.841351 1 64 1.000000
lowpoly_plastic
0  -3.254921 -12.021312 -0.963848  -0.000015 -1.000000 0.000000  0.052983 0.836192 1 64 1.000000
0  -3.222850 -12.021312 -1.072870  -0.000015 -1.000000 0.000000  0.052484 0.837889 1 64 1.000000
0  -3.159358 -12.021313 -1.072877  -0.000015 -1.000000 0.000000  0.051496 0.837889 1 64 1.000000
lowpoly_plastic
0  -3.159358 -12.021313 -1.072877  -0.000014 -1.000000 -0.000014  0.051496 0.837889 1 64 1.000000
0  -3.159358 -12.021312 -1.175493  -0.000014 -1.000000 -0.000014  0.051496 0.839486 1 64 1.000000
0  -3.077678 -12.021312 -1.295381  -0.000014 -1.000000 -0.000014  0.050225 0.841351 1 64 1.000000
lowpoly_plastic
0  -4.007706 -12.021312 -0.400489  0.000009 -1.000000 0.000004  0.064697 0.827426 1 64 1.000000
0  -3.925422 -12.021313 -1.072877  0.000009 -1.000000 0.000004  0.063417 0.837889 1 64 1.000000
0  -3.861956 -12.021312 -0.934363  0.000009 -1.000000 0.000004  0.062429 0.835734 1 64 1.000000
lowpoly_plastic
0  -3.679050 -12.021312 -0.935710  0.000000 -1.000000 0.000002  0.059583 0.835755 1 64 1.000000
0  -4.007706 -12.021312 -0.400489  0.000000 -1.000000 0.000002  0.064697 0.827426 1 64 1.000000
0  -3.861956 -12.021312 -0.934363  0.000000 -1.000000 0.000002  0.062429 0.835734 1 64 1.000000
lowpoly_plastic
0  -3.254832 -12.021312 -0.929976  -0.000010 -1.000000 0.000000  0.052982 0.835665 1 64 1.000000
0  -3.254921 -12.021312 -0.963848  -0.000010 -1.000000 0.000000  0.052983 0.836192 1 64 1.000000
0  -3.159358 -12.021313 -1.072877  -0.000010 -1.000000 0.000000  0.051496 0.837889 1 64 1.000000
lowpoly_plastic
0  -3.300066 -12.021312 -0.829030  0.000000 -1.000000 0.000000  0.053686 0.834095 1 64 1.000000
0  -3.300066 -12.021312 -0.928622  0.000000 -1.000000 0.000000  0.053686 0.835644 1 64 1.000000
0  -3.254832 -12.021312 -0.929976  0.000000 -1.000000 0.000000  0.052982 0.835665 1 64 1.000000
lowpoly_plastic
0  -3.679050 -12.021312 -1.072874  0.000000 -1.000000 0.000000  0.059583 0.837889 1 64 1.000000
0  -3.388630 -12.021312 -1.072866  0.000000 -1.000000 0.000000  0.055064 0.837889 1 64 1.000000
0  -3.679050 -12.021312 -0.935710  0.000000 -1.000000 0.000000  0.059583 0.835755 1 64 1.000000
lowpoly_plastic
0  -3.533840 -11.895732 -0.938807  -0.499998 0.000000 0.866026  0.033261 0.877338 1 64 1.000000
0  -3.533840 -12.021312 -0.938807  -0.499998 0.000000 0.866026  0.032838 0.877338 1 64 1.000000
0  -3.380583 -12.021312 -0.850324  -0.499998 0.000000 0.866026  0.032838 0.876743 1 64 1.000000
lowpoly_plastic
0  -3.300066 -12.021312 -0.829030  0.000000 -1.000000 -0.000011  0.053686 0.834095 1 64 1.000000
0  -3.254832 -12.021312 -0.929976  0.000000 -1.000000 -0.000011  0.052982 0.835665 1 64 1.000000
0  -3.077074 -12.021312 -0.400489  0.000000 -1.000000 -0.000011  0.050216 0.827426 1 64 1.000000
lowpoly_plastic
0  -3.727163 -12.021312 -0.548102  0.000000 -1.000000 0.000000  0.060331 0.829723 1 64 1.000000
0  -3.656927 -12.021312 -0.507552  0.000000 -1.000000 0.000000  0.059239 0.829092 1 64 1.000000
0  -3.744703 -12.021312 -0.246153  0.000000 -1.000000 0.000000  0.060604 0.825025 1 64 1.000000
lowpoly_plastic
0  -3.656927 -12.021312 -0.507552  0.500002 0.000001 -0.866024  0.032838 0.875464 1 64 1.000000
0  -3.727163 -12.021312 -0.548102  0.500002 0.000001 -0.866024  0.032838 0.875601 1 64 1.000000
0  -3.751351 -11.895732 -0.562068  0.500002 0.000001 -0.866024  0.032415 0.875648 1 64 1.000000
lowpoly_plastic
0  -3.751351 -12.021312 -0.813227  1.000000 0.000000 0.000000  0.032838 0.876493 1 64 1.000000
0  -3.751351 -11.895732 -0.562068  1.000000 0.000000 0.000000  0.032415 0.875648 1 64 1.000000
0  -3.751351 -12.021312 -0.562068  1.000000 0.000000 0.000000  0.032838 0.875648 1 64 1.000000
lowpoly_plastic
0  -3.533840 -12.021312 -0.938807  0.499998 0.000000 0.866027  0.032838 0.876916 1 64 1.000000
0  -3.751351 -11.895732 -0.813227  0.499998 0.000000 0.866027  0.032415 0.876493 1 64 1.000000
0  -3.751351 -12.021312 -0.813227  0.499998 0.000000 0.866027  0.032838 0.876493 1 64 1.000000
lowpoly_plastic
0  -3.751351 -12.021312 -0.813227  0.000000 -1.000000 0.000000  0.060708 0.833849 1 64 1.000000
0  -3.679050 -12.021312 -0.935710  0.000000 -1.000000 0.000000  0.059583 0.835755 1 64 1.000000
0  -3.533840 -12.021312 -0.938807  0.000000 -1.000000 0.000000  0.057323 0.835803 1 64 1.000000
lowpoly_plastic
0  -3.472453 -11.895732 -0.652206  0.499999 0.000000 0.866026  0.033261 0.876612 1 64 1.000000
0  -3.533840 -11.934396 -0.616764  0.499999 0.000000 0.866026  0.033391 0.876493 1 64 1.000000
0  -3.472453 -11.934396 -0.652206  0.499999 0.000000 0.866026  0.033391 0.876612 1 64 1.000000
lowpoly_plastic
0  -3.316329 -11.895732 -0.813227  -1.000000 0.000000 0.000000  0.033261 0.876493 1 64 1.000000
0  -3.316329 -12.021312 -0.813227  -1.000000 0.000000 0.000000  0.032838 0.876493 1 64 1.000000
0  -3.316329 -12.021312 -0.709826  -1.000000 0.000000 0.000000  0.032838 0.876319 1 64 1.000000
lowpoly_plastic
0  -3.316329 -11.895732 -0.562068  -0.499996 0.000002 -0.866028  0.033261 0.876070 1 64 1.000000
0  -3.326891 -12.021312 -0.555970  -0.499996 0.000002 -0.866028  0.032838 0.876029 1 64 1.000000
0  -3.354734 -12.021312 -0.539895  -0.499996 0.000002 -0.866028  0.032838 0.875921 1 64 1.000000
lowpoly_plastic
0  -3.595227 -11.895732 -0.652206  0.000000 -1.000000 0.000000  0.033354 0.874499 1 64 1.000000
0  -3.533840 -11.895732 -0.436488  0.000000 -1.000000 0.000000  0.033879 0.873957 1 64 1.000000
0  -3.751351 -11.895732 -0.562068  0.000000 -1.000000 0.000000  0.033879 0.874802 1 64 1.000000
lowpoly_plastic
0  -3.595227 -11.895732 -0.723089  0.000000 -1.000000 0.000000  0.033147 0.874618 1 64 1.000000
0  -3.751351 -11.895732 -0.562068  0.000000 -1.000000 0.000000  0.033879 0.874802 1 64 1.000000
0  -3.751351 -11.895732 -0.813227  0.000000 -1.000000 0.000000  0.033147 0.875225 1 64 1.000000
lowpoly_plastic
0  -3.533840 -11.895732 -0.758531  0.000000 -1.000000 0.000000  0.032941 0.874499 1 64 1.000000
0  -3.751351 -11.895732 -0.813227  0.000000 -1.000000 0.000000  0.033147 0.875225 1 64 1.000000
0  -3.533840 -11.895732 -0.938807  0.000000 -1.000000 0.000000  0.032415 0.874802 1 64 1.000000
lowpoly_plastic
0  -3.472453 -11.895732 -0.723089  0.000000 -1.000000 0.000000  0.032941 0.874260 1 64 1.000000
0  -3.533840 -11.895732 -0.938807  0.000000 -1.000000 0.000000  0.032415 0.874802 1 64 1.000000
0  -3.316329 -11.895732 -0.813227  0.000000 -1.000000 0.000000  0.032415 0.873957 1 64 1.000000
lowpoly_plastic
0  -3.472453 -11.895732 -0.652206  0.000000 -1.000000 0.000000  0.033147 0.874141 1 64 1.000000
0  -3.316329 -11.895732 -0.813227  0.000000 -1.000000 0.000000  0.032415 0.873957 1 64 1.000000
0  -3.316329 -11.895732 -0.562068  0.000000 -1.000000 0.000000  0.033147 0.873534 1 64 1.000000
lowpoly_plastic
0  -3.533840 -11.895732 -0.616764  0.000000 -1.000000 0.000000  0.033354 0.874260 1 64 1.000000
0  -3.316329 -11.895732 -0.562068  0.000000 -1.000000 0.000000  0.033147 0.873534 1 64 1.000000
0  -3.533840 -11.895732 -0.436488  0.000000 -1.000000 0.000000  0.033879 0.873957 1 64 1.000000
lowpoly_plastic
0  -3.533840 -11.934396 -0.758531  0.000000 -1.000000 0.000000  0.032415 0.877274 1 64 1.000000
0  -3.472453 -11.934396 -0.723089  0.000000 -1.000000 0.000000  0.032415 0.877035 1 64 1.000000
0  -3.533840 -11.934396 -0.616764  0.000000 -1.000000 0.000000  0.032828 0.877035 1 64 1.000000
lowpoly_plastic
0  -3.533840 -11.895732 -0.758531  0.499999 0.000000 -0.866026  0.033261 0.876970 1 64 1.000000
0  -3.472453 -11.934396 -0.723089  0.499999 0.000000 -0.866026  0.033391 0.876851 1 64 1.000000
0  -3.533840 -11.934396 -0.758531  0.499999 0.000000 -0.866026  0.033391 0.876970 1 64 1.000000
lowpoly_plastic
0  -3.595227 -11.895732 -0.652206  -1.000000 0.000000 0.000000  0.032415 0.877274 1 64 1.000000
0  -3.595227 -11.934396 -0.723089  -1.000000 0.000000 0.000000  0.032285 0.877393 1 64 1.000000
0  -3.595227 -11.934396 -0.652206  -1.000000 0.000000 0.000000  0.032285 0.877274 1 64 1.000000
lowpoly_plastic
0  -3.472453 -11.895732 -0.723089  1.000000 0.000000 0.000000  0.033261 0.876851 1 64 1.000000
0  -3.472453 -11.934396 -0.652206  1.000000 0.000000 0.000000  0.033391 0.876612 1 64 1.000000
0  -3.472453 -11.934396 -0.723089  1.000000 0.000000 0.000000  0.033391 0.876851 1 64 1.000000
lowpoly_plastic
0  -3.595227 -11.895732 -0.723089  -0.499999 0.000000 -0.866026  0.032415 0.877393 1 64 1.000000
0  -3.533840 -11.934396 -0.758531  -0.499999 0.000000 -0.866026  0.032285 0.877632 1 64 1.000000
0  -3.595227 -11.934396 -0.723089  -0.499999 0.000000 -0.866026  0.032285 0.877393 1 64 1.000000
lowpoly_plastic
0  -3.533840 -11.895732 -0.616764  -0.499999 0.000000 0.866026  0.029413 0.877274 1 64 1.000000
0  -3.595227 -11.934396 -0.652206  -0.499999 0.000000 0.866026  0.029282 0.877513 1 64 1.000000
0  -3.533840 -11.934396 -0.616764  -0.499999 0.000000 0.866026  0.029282 0.877274 1 64 1.000000
lowpoly_plastic
0  -3.110920 -16.353640 -1.175613  0.651056 -0.297389 -0.698345  0.006458 0.764598 1 71 1.000000
0  -3.077061 -15.998266 -1.295381  0.651056 -0.297389 -0.698346  0.006480 0.764712 1 71 1.000000
0  -3.077061 -16.343225 -1.149389  0.651056 -0.297388 -0.698346  0.006445 0.764602 1 71 1.000000
lowpoly_plastic
0  -3.110920 -16.714516 -1.128752  0.616894 -0.103182 -0.780253  0.006446 0.764483 1 71 1.000000
0  -3.221109 -16.714516 -1.214810  0.616894 -0.103183 -0.780253  0.006490 0.764483 1 71 1.000000
0  -3.168955 -16.587818 -1.190529  0.616894 -0.103183 -0.780253  0.006473 0.764524 1 71 1.000000
lowpoly_plastic
0  -3.077061 -16.714516 -1.102309  1.000000 -0.000003 -0.000015  0.045631 0.748447 1 71 1.000000
0  -3.077061 -16.343225 -1.149389  1.000000 -0.000003 -0.000015  0.045643 0.748565 1 71 1.000000
0  -3.077055 -17.613695 -0.589996  1.000000 -0.000003 -0.000015  0.045507 0.748159 1 71 1.000000
lowpoly_plastic
0  -3.077055 -17.613695 -0.589996  1.000000 0.000000 -0.000011  0.045507 0.748159 1 71 1.000000
0  -3.077061 -17.613695 -1.102309  1.000000 0.000000 -0.000011  0.045629 0.748160 1 71 1.000000
0  -3.077061 -16.714516 -1.102309  1.000000 0.000000 -0.000011  0.045631 0.748447 1 71 1.000000
lowpoly_plastic
0  -3.110920 -16.714516 -1.128752  0.615520 0.000000 -0.788122  0.006446 0.764483 1 71 1.000000
0  -3.221109 -17.613695 -1.214810  0.615520 0.000000 -0.788122  0.006488 0.764196 1 71 1.000000
0  -3.221109 -16.714516 -1.214810  0.615520 0.000000 -0.788122  0.006490 0.764483 1 71 1.000000
lowpoly_plastic
0  -3.401325 -17.613695 -1.769947  0.781831 0.000000 -0.623491  0.071131 0.835545 1 71 1.000000
0  -3.225421 -15.998266 -1.549370  0.781831 0.000000 -0.623491  0.070627 0.839215 1 71 1.000000
0  -3.225421 -17.613695 -1.549370  0.781831 0.000000 -0.623491  0.070627 0.835546 1 71 1.000000
lowpoly_plastic
0  -3.542389 -17.613695 -1.769947  0.000000 0.000000 -1.000000  0.916466 0.511589 1 71 1.000000
0  -3.401325 -15.998266 -1.769947  0.000000 0.000000 -1.000000  0.916426 0.512139 1 71 1.000000
0  -3.401325 -17.613695 -1.769947  0.000000 0.000000 -1.000000  0.916426 0.511589 1 71 1.000000
lowpoly_plastic
0  -3.221109 -17.613695 -1.214810  0.999932 -0.000440 -0.011688  0.069867 0.835546 1 71 1.000000
0  -3.221109 -16.387531 -1.260960  0.999932 -0.000440 -0.011688  0.069972 0.838331 1 71 1.000000
0  -3.221109 -16.714516 -1.214810  0.999932 -0.000440 -0.011688  0.069867 0.837588 1 71 1.000000
lowpoly_plastic
0  -3.221109 -16.387531 -1.260960  0.999987 -0.002436 -0.004592  0.069972 0.838331 1 71 1.000000
0  -3.225421 -17.613695 -1.549370  0.999987 -0.002436 -0.004592  0.070627 0.835546 1 71 1.000000
0  -3.221109 -16.322655 -1.295381  0.999987 -0.002436 -0.004592  0.070050 0.838478 1 71 1.000000
lowpoly_plastic
0  -3.225421 -17.613695 -1.549370  0.999856 0.000000 -0.016973  0.070627 0.835546 1 71 1.000000
0  -3.225421 -15.998266 -1.549370  0.999856 0.000000 -0.016973  0.070627 0.839215 1 71 1.000000
0  -3.221109 -16.322655 -1.295381  0.999856 0.000000 -0.016973  0.070050 0.838478 1 71 1.000000
lowpoly_plastic
0  -3.225421 -15.998266 -1.549370  0.999856 0.000000 -0.016973  0.916052 0.509844 1 71 1.000000
0  -3.221109 -15.998266 -1.295381  0.999856 0.000000 -0.016973  0.915991 0.509843 1 71 1.000000
0  -3.221109 -16.322655 -1.295381  0.999856 0.000000 -0.016973  0.915990 0.509705 1 71 1.000000
lowpoly_plastic
0  -3.077061 -15.998266 -1.295381  0.000000 0.000000 -1.000000  0.893174 0.509081 1 71 1.000000
0  -3.168955 -16.205206 -1.295381  0.000000 0.000000 -1.000000  0.893200 0.509015 1 71 1.000000
0  -3.168955 -15.998266 -1.295381  0.000000 0.000000 -1.000000  0.893200 0.509103 1 71 1.000000
lowpoly_plastic
0  -3.542389 -17.126019 -0.211507  0.013672 0.000363 0.999906  0.928049 0.510980 1 71 1.000000
0  -3.382800 -17.613695 -0.213513  0.013672 0.000363 0.999906  0.928092 0.510823 1 71 1.000000
0  -3.382797 -17.126026 -0.213508  0.013672 0.000363 0.999906  0.928092 0.510978 1 71 1.000000
lowpoly_plastic
0  -3.542389 -17.126019 -0.211507  0.004356 -0.936309 0.351149  0.925366 0.516075 1 71 1.000000
0  -3.382797 -17.126026 -0.213508  0.004356 -0.936309 0.351149  0.925366 0.516127 1 71 1.000000
0  -3.542389 -17.115868 -0.184436  0.004356 -0.936309 0.351149  0.925358 0.516076 1 71 1.000000
lowpoly_plastic
0  -3.221109 -17.613695 -1.214810  0.000007 -1.000000 0.000013  0.007233 0.765598 1 71 1.000000
0  -3.283956 -17.613861 -1.472084  0.000007 -1.000000 0.000012  0.007213 0.765650 1 71 1.000000
0  -3.225421 -17.613695 -1.549370  0.000007 -1.000000 0.000013  0.007195 0.765674 1 71 1.000000
lowpoly_plastic
0  -3.283956 -17.613861 -1.472084  -0.000075 -1.000000 0.000093  0.007213 0.765650 1 71 1.000000
0  -3.401325 -17.613695 -1.769947  -0.000075 -1.000000 0.000093  0.007251 0.765745 1 71 1.000000
0  -3.225421 -17.613695 -1.549370  -0.000059 -1.000000 0.000113  0.007195 0.765674 1 71 1.000000
lowpoly_plastic
0  -3.401325 -15.998266 -1.769947  0.000000 -0.000276 -1.000000  0.916426 0.512139 1 71 1.000000
0  -3.542390 -15.331561 -1.770130  0.000000 -0.000276 -1.000000  0.916466 0.512140 1 71 1.000000
0  -3.401214 -15.331561 -1.770130  0.000000 -0.000276 -1.000000  0.916426 0.512139 1 71 1.000000
lowpoly_plastic
0  -3.412202 -17.613695 -1.694725  0.000000 -1.000000 0.000000  0.007254 0.765721 1 71 1.000000
0  -3.542389 -17.613695 -1.769947  0.000000 -1.000000 0.000000  0.007296 0.765745 1 71 1.000000
0  -3.401325 -17.613695 -1.769947  0.000000 -1.000000 0.000000  0.007251 0.765745 1 71 1.000000
lowpoly_plastic
0  -3.243511 -12.109686 -0.961886  -0.490899 0.000000 0.871216  0.061532 0.879117 1 71 1.000000
0  -3.542390 -14.249474 -1.130293  -0.490899 0.000000 0.871216  0.061263 0.877435 1 71 1.000000
0  -3.243511 -14.249474 -0.961886  -0.490899 0.000000 0.871216  0.061532 0.877435 1 71 1.000000
lowpoly_plastic
0  -3.542390 -12.109686 -0.249678  -0.490898 -0.000000 -0.871217  0.061962 0.879117 1 71 1.000000
0  -3.151674 -14.249474 -0.469831  -0.490898 -0.000000 -0.871217  0.061614 0.877435 1 71 1.000000
0  -3.542390 -14.249474 -0.249678  -0.490898 -0.000000 -0.871217  0.061962 0.877435 1 71 1.000000
lowpoly_plastic
0  -3.151674 -12.109686 -0.469831  -1.000000 0.000000 0.000000  0.061962 0.874789 1 71 1.000000
0  -3.151674 -14.249474 -0.910139  -1.000000 0.000000 0.000000  0.062308 0.876472 1 71 1.000000
0  -3.151674 -14.249474 -0.469831  -1.000000 0.000000 0.000000  0.061962 0.876472 1 71 1.000000
lowpoly_plastic
0  -3.243511 -14.249474 -0.961886  -0.382217 0.627525 0.678323  0.061532 0.877435 1 71 1.000000
0  -3.542390 -14.282583 -1.099664  -0.382217 0.627525 0.678323  0.061273 0.877409 1 71 1.000000
0  -3.264302 -14.282583 -0.942972  -0.382217 0.627525 0.678323  0.061523 0.877409 1 71 1.000000
lowpoly_plastic
0  -3.542390 -14.249474 -0.249678  -0.382218 0.627522 -0.678325  0.061962 0.877435 1 71 1.000000
0  -3.178853 -14.282583 -0.485146  -0.382218 0.627522 -0.678325  0.061630 0.877409 1 71 1.000000
0  -3.542390 -14.282583 -0.280307  -0.382218 0.627522 -0.678325  0.061954 0.877409 1 71 1.000000
lowpoly_plastic
0  -3.151674 -14.249474 -0.469831  -0.772929 0.634493 0.000000  0.061962 0.876472 1 71 1.000000
0  -3.178853 -14.282583 -0.894824  -0.772929 0.634493 0.000000  0.062296 0.876498 1 71 1.000000
0  -3.178853 -14.282583 -0.485146  -0.772929 0.634493 0.000000  0.061974 0.876498 1 71 1.000000
lowpoly_plastic
0  -3.264302 -14.282583 -0.942972  -0.490899 -0.000000 0.871216  0.061523 0.877409 1 71 1.000000
0  -3.542389 -17.613693 -1.099664  -0.490899 -0.000000 0.871216  0.061273 0.874789 1 71 1.000000
0  -3.264302 -17.613693 -0.942971  -0.490899 -0.000000 0.871216  0.061523 0.874789 1 71 1.000000
lowpoly_plastic
0  -3.542390 -14.282583 -0.280307  -0.490898 -0.000000 -0.871217  0.061954 0.877409 1 71 1.000000
0  -3.178853 -17.613693 -0.485146  -0.490898 -0.000000 -0.871217  0.061630 0.874789 1 71 1.000000
0  -3.542389 -17.613693 -0.280307  -0.490898 -0.000000 -0.871217  0.061954 0.874789 1 71 1.000000
lowpoly_plastic
0  -3.178853 -14.282583 -0.485146  -1.000000 0.000000 0.000000  0.061974 0.876498 1 71 1.000000
0  -3.178853 -17.613693 -0.894824  -1.000000 0.000000 0.000000  0.062296 0.879117 1 71 1.000000
0  -3.178853 -17.613693 -0.485146  -1.000000 0.000000 0.000000  0.061974 0.879117 1 71 1.000000
lowpoly_plastic
0  -3.233829 -15.331561 -1.295564  -0.000152 -0.000290 -1.000000  0.070598 0.844641 1 71 1.000000
0  -3.168955 -15.998266 -1.295381  -0.000152 -0.000290 -1.000000  0.070715 0.844642 1 71 1.000000
0  -3.233829 -15.998266 -1.295371  -0.000152 -0.000290 -1.000000  0.070598 0.844641 1 71 1.000000
lowpoly_plastic
0  -3.542389 -17.613695 -1.694725  0.000000 -1.000000 -0.000724  0.070934 0.842585 1 71 1.000000
0  -3.412202 -17.613695 -1.694725  0.000000 -1.000000 -0.000724  0.070638 0.842586 1 71 1.000000
0  -3.283956 -17.613861 -1.472084  0.000000 -1.000000 -0.000724  0.070345 0.842082 1 71 1.000000
lowpoly_plastic
0  -3.382800 -17.613695 -0.213513  0.000067 -1.000000 -0.000182  0.070560 0.839222 1 71 1.000000
0  -3.542389 -17.613686 -0.211133  0.000067 -1.000000 -0.000182  0.070934 0.839215 1 71 1.000000
0  -3.542389 -17.613693 -0.280307  0.000067 -1.000000 -0.000182  0.070923 0.839372 1 71 1.000000
lowpoly_plastic
0  -3.077113 -17.613695 -0.400541  -0.000019 -1.000000 0.000000  0.069867 0.839649 1 71 1.000000
0  -3.178853 -17.613693 -0.894824  -0.000019 -1.000000 0.000000  0.070102 0.840771 1 71 1.000000
0  -3.077055 -17.613695 -0.589996  -0.000019 -1.000000 0.000000  0.069868 0.840079 1 71 1.000000
lowpoly_plastic
0  -3.077061 -17.613695 -1.102309  -0.000019 -1.000000 0.000000  0.069872 0.841243 1 71 1.000000
0  -3.077055 -17.613695 -0.589996  -0.000019 -1.000000 0.000000  0.069868 0.840079 1 71 1.000000
0  -3.178853 -17.613693 -0.894824  -0.000019 -1.000000 0.000000  0.070102 0.840771 1 71 1.000000
lowpoly_plastic
0  -3.110920 -17.613695 -1.128752  -0.000004 -1.000000 0.000000  0.069949 0.841303 1 71 1.000000
0  -3.178853 -17.613693 -0.894824  -0.000004 -1.000000 0.000000  0.070102 0.840771 1 71 1.000000
0  -3.264302 -17.613693 -0.942971  -0.000004 -1.000000 0.000000  0.070296 0.840880 1 71 1.000000
lowpoly_plastic
0  -3.221109 -17.613695 -1.214810  0.001610 -0.999997 0.001582  0.070200 0.841498 1 71 1.000000
0  -3.542389 -17.613693 -1.099664  0.001610 -0.999997 0.001582  0.070929 0.841234 1 71 1.000000
0  -3.542389 -17.614025 -1.311708  0.002153 -0.999997 0.001260  0.070931 0.841715 1 71 1.000000
lowpoly_plastic
0  -3.135387 -12.021312 -0.460654  -1.000000 0.000000 0.000000  0.072178 0.844992 1 71 1.000000
0  -3.135387 -12.094996 -0.919316  -1.000000 0.000000 0.000000  0.072010 0.846034 1 71 1.000000
0  -3.135387 -12.094996 -0.460654  -1.000000 0.000000 0.000000  0.072010 0.844992 1 71 1.000000
lowpoly_plastic
0  -3.542390 -12.021312 -0.231324  -0.490887 0.000000 -0.871223  0.072178 0.843946 1 71 1.000000
0  -3.135387 -12.094996 -0.460654  -0.490887 0.000000 -0.871223  0.072010 0.844992 1 71 1.000000
0  -3.542390 -12.094997 -0.231324  -0.490887 0.000000 -0.871223  0.072010 0.843946 1 71 1.000000
lowpoly_plastic
0  -3.231053 -12.021312 -0.973220  -0.490899 0.000000 0.871217  0.072178 0.843138 1 71 1.000000
0  -3.542390 -12.094997 -1.148648  -0.490899 0.000000 0.871217  0.072010 0.843946 1 71 1.000000
0  -3.231053 -12.094997 -0.973220  -0.490899 0.000000 0.871217  0.072010 0.843138 1 71 1.000000
lowpoly_plastic
0  -3.135387 -12.109686 -0.460654  0.000000 1.000000 0.000000  0.070791 0.845631 1 71 1.000000
0  -3.151674 -12.109686 -0.910139  0.000000 1.000000 0.000000  0.070754 0.846652 1 71 1.000000
0  -3.151674 -12.109686 -0.469831  0.000000 1.000000 0.000000  0.070754 0.845652 1 71 1.000000
lowpoly_plastic
0  -3.542390 -12.109686 -0.231324  0.000000 1.000000 0.000000  0.069867 0.845110 1 71 1.000000
0  -3.151674 -12.109686 -0.469831  0.000000 1.000000 0.000000  0.070754 0.845652 1 71 1.000000
0  -3.542390 -12.109686 -0.249678  0.000000 1.000000 0.000000  0.069867 0.845152 1 71 1.000000
lowpoly_plastic
0  -3.231053 -12.109686 -0.973220  0.000000 1.000000 0.000000  0.070574 0.846796 1 71 1.000000
0  -3.542390 -12.109686 -1.130293  0.000000 1.000000 0.000000  0.069867 0.847152 1 71 1.000000
0  -3.243511 -12.109686 -0.961886  0.000000 1.000000 0.000000  0.070546 0.846770 1 71 1.000000
lowpoly_plastic
0  -3.231053 -12.094997 -0.973220  -0.490877 0.000000 0.871229  0.072010 0.843138 1 71 1.000000
0  -3.542390 -12.109686 -1.148648  -0.490877 0.000000 0.871229  0.071977 0.843946 1 71 1.000000
0  -3.231053 -12.109686 -0.973220  -0.490877 0.000000 0.871229  0.071977 0.843138 1 71 1.000000
lowpoly_plastic
0  -3.542390 -12.094997 -0.231324  -0.490877 0.000000 -0.871229  0.072010 0.843946 1 71 1.000000
0  -3.135387 -12.109686 -0.460654  -0.490877 0.000000 -0.871229  0.071977 0.844992 1 71 1.000000
0  -3.542390 -12.109686 -0.231324  -0.490877 0.000000 -0.871229  0.071977 0.843946 1 71 1.000000
lowpoly_plastic
0  -3.135387 -12.094996 -0.460654  -1.000000 0.000000 0.000000  0.072010 0.844992 1 71 1.000000
0  -3.135387 -12.109686 -0.919316  -1.000000 0.000000 0.000000  0.071977 0.846034 1 71 1.000000
0  -3.135387 -12.109686 -0.460654  -1.000000 0.000000 0.000000  0.071977 0.844992 1 71 1.000000
lowpoly_plastic
0  -3.135387 -12.094996 -0.919316  -0.490909 0.000000 0.871211  0.072010 0.842890 1 71 1.000000
0  -3.231053 -12.109686 -0.973220  -0.490909 0.000000 0.871211  0.071977 0.843138 1 71 1.000000
0  -3.135387 -12.109686 -0.919316  -0.490909 0.000000 0.871211  0.071977 0.842890 1 71 1.000000
lowpoly_plastic
0  -3.135387 -12.109686 -0.919316  0.000000 1.000000 0.000000  0.070791 0.846673 1 71 1.000000
0  -3.243511 -12.109686 -0.961886  0.000000 1.000000 0.000000  0.070546 0.846770 1 71 1.000000
0  -3.151674 -12.109686 -0.910139  0.000000 1.000000 0.000000  0.070754 0.846652 1 71 1.000000
lowpoly_plastic
0  -3.135387 -12.021312 -0.919316  -0.490902 0.000000 0.871215  0.072178 0.842890 1 71 1.000000
0  -3.231053 -12.094997 -0.973220  -0.490902 0.000000 0.871215  0.072010 0.843138 1 71 1.000000
0  -3.135387 -12.094996 -0.919316  -0.490902 0.000000 0.871215  0.072010 0.842890 1 71 1.000000
lowpoly_plastic
0  -3.221109 -17.613695 -1.214810  -0.000004 -1.000000 0.000000  0.070200 0.841498 1 71 1.000000
0  -3.264302 -17.613693 -0.942971  -0.000004 -1.000000 0.000000  0.070296 0.840880 1 71 1.000000
0  -3.542389 -17.613693 -1.099664  -0.000004 -1.000000 0.000000  0.070929 0.841234 1 71 1.000000
lowpoly_plastic
0  -3.178853 -14.282583 -0.894824  -0.490901 0.000000 0.871215  0.061599 0.877409 1 71 1.000000
0  -3.264302 -17.613693 -0.942971  -0.490901 0.000000 0.871215  0.061523 0.874789 1 71 1.000000
0  -3.178853 -17.613693 -0.894824  -0.490901 0.000000 0.871215  0.061599 0.874789 1 71 1.000000
lowpoly_plastic
0  -3.151674 -14.249474 -0.910139  -0.382224 0.627527 0.678318  0.061614 0.877435 1 71 1.000000
0  -3.264302 -14.282583 -0.942972  -0.382224 0.627527 0.678318  0.061523 0.877409 1 71 1.000000
0  -3.178853 -14.282583 -0.894824  -0.382224 0.627527 0.678318  0.061599 0.877409 1 71 1.000000
lowpoly_plastic
0  -3.151674 -12.109686 -0.910139  -0.490900 -0.000000 0.871216  0.061614 0.879117 1 71 1.000000
0  -3.243511 -14.249474 -0.961886  -0.490900 -0.000000 0.871216  0.061532 0.877435 1 71 1.000000
0  -3.151674 -14.249474 -0.910139  -0.490900 -0.000000 0.871216  0.061614 0.877435 1 71 1.000000
lowpoly_plastic
0  -3.077061 -16.714516 -1.102309  0.615522 0.000000 -0.788120  0.006433 0.764483 1 71 1.000000
0  -3.110920 -17.613695 -1.128752  0.615522 0.000000 -0.788120  0.006444 0.764197 1 71 1.000000
0  -3.110920 -16.714516 -1.128752  0.615522 0.000000 -0.788120  0.006446 0.764483 1 71 1.000000
lowpoly_plastic
0  -3.077061 -16.343225 -1.149389  0.620382 -0.099810 -0.777923  0.006445 0.764602 1 71 1.000000
0  -3.110920 -16.714516 -1.128752  0.620382 -0.099809 -0.777923  0.006446 0.764483 1 71 1.000000
0  -3.110920 -16.353640 -1.175613  0.620382 -0.099811 -0.777923  0.006458 0.764598 1 71 1.000000
lowpoly_plastic
0  -3.221109 -16.387531 -1.260960  0.667693 -0.318060 -0.673071  0.006502 0.764587 1 71 1.000000
0  -3.168955 -16.205206 -1.295381  0.667693 -0.318057 -0.673071  0.006499 0.764646 1 71 1.000000
0  -3.168955 -16.371490 -1.220564  0.667693 -0.318058 -0.673071  0.006481 0.764593 1 71 1.000000
lowpoly_plastic
0  -3.542390 -12.021312 -1.148648  0.000000 1.000000 -0.000004  0.069867 0.844777 1 71 1.000000
0  -3.231053 -12.021312 -0.973220  0.000000 1.000000 -0.000004  0.070574 0.844379 1 71 1.000000
0  -3.233830 -12.021312 -1.088920  0.000000 1.000000 -0.000004  0.070568 0.844641 1 71 1.000000
lowpoly_plastic
0  -3.542390 -15.331561 -1.295564  0.000003 1.000000 0.000000  0.071977 0.835729 1 71 1.000000
0  -3.220998 -15.331562 -1.214777  0.000003 1.000000 0.000000  0.072707 0.835545 1 71 1.000000
0  -3.220998 -15.331562 -1.295564  0.000003 0.999995 -0.003068  0.072707 0.835729 1 71 1.000000
lowpoly_plastic
0  -3.225310 -15.331561 -1.549553  0.002525 0.999996 -0.000974  0.888283 0.514204 1 71 1.000000
0  -3.412091 -15.331231 -1.694908  0.002524 0.999996 -0.000974  0.888330 0.514263 1 71 1.000000
0  -3.283845 -15.331561 -1.472268  0.002501 0.999996 -0.000993  0.888259 0.514223 1 71 1.000000
lowpoly_plastic
0  -3.283845 -15.331561 -1.472268  0.000005 1.000000 0.000001  0.888259 0.514223 1 71 1.000000
0  -3.220998 -15.331562 -1.295564  0.000005 1.000000 0.000001  0.888202 0.514202 1 71 1.000000
0  -3.225310 -15.331561 -1.549553  0.000005 1.000000 0.000001  0.888283 0.514204 1 71 1.000000
lowpoly_plastic
0  -3.401214 -15.331561 -1.770130  0.000000 0.999990 -0.004378  0.888354 0.514260 1 71 1.000000
0  -3.542390 -15.331231 -1.694908  0.000000 0.999990 -0.004378  0.888817 0.514149 1 71 1.000000
0  -3.412091 -15.331231 -1.694908  0.000000 0.999990 -0.004378  0.888330 0.514263 1 71 1.000000
lowpoly_plastic
0  -3.542390 -15.331561 -1.295564  0.000320 1.000000 0.000707  0.071977 0.835729 1 71 1.000000
0  -3.220998 -15.331562 -1.295564  0.000320 1.000000 0.000707  0.072707 0.835729 1 71 1.000000
0  -3.283845 -15.331561 -1.472268  0.000320 1.000000 0.000707  0.072564 0.836130 1 71 1.000000
lowpoly_plastic
0  -3.221109 -15.998266 -1.295381  0.999856 -0.000171 -0.016973  0.915991 0.509843 1 71 1.000000
0  -3.225310 -15.331561 -1.549553  0.999856 -0.000171 -0.016973  0.916052 0.509844 1 71 1.000000
0  -3.220998 -15.331562 -1.295564  0.999856 -0.000171 -0.016973  0.915991 0.509843 1 71 1.000000
lowpoly_plastic
0  -3.542390 -15.998266 -1.214593  -0.000405 0.000471 1.000000  0.071131 0.846103 1 71 1.000000
0  -3.220998 -15.331562 -1.214777  -0.000405 0.000471 1.000000  0.071799 0.847618 1 71 1.000000
0  -3.542390 -15.331561 -1.214685  -0.000405 0.000471 1.000000  0.071131 0.847618 1 71 1.000000
lowpoly_plastic
0  -3.225421 -15.998266 -1.549370  0.781830 -0.000302 -0.623491  0.916052 0.509844 1 71 1.000000
0  -3.401214 -15.331561 -1.770130  0.781830 -0.000302 -0.623491  0.916142 0.509843 1 71 1.000000
0  -3.225310 -15.331561 -1.549553  0.781830 -0.000302 -0.623491  0.916052 0.509844 1 71 1.000000
lowpoly_plastic
0  -3.542390 -12.823981 -1.214593  0.000000 0.000000 1.000000  0.071977 0.839683 1 71 1.000000
0  -3.400064 -13.494715 -1.214593  0.000000 0.000000 1.000000  0.072273 0.838160 1 71 1.000000
0  -3.399732 -12.823981 -1.214593  0.000000 0.000000 1.000000  0.072274 0.839683 1 71 1.000000
lowpoly_plastic
0  -3.542390 -12.823981 -1.587113  0.000000 0.000000 -1.000000  0.072282 0.838160 1 71 1.000000
0  -3.400064 -13.494715 -1.587113  0.000000 0.000000 -1.000000  0.071978 0.836636 1 71 1.000000
0  -3.542390 -13.494715 -1.587113  0.000000 0.000000 -1.000000  0.072282 0.836636 1 71 1.000000
lowpoly_plastic
0  -3.399732 -12.823981 -1.214593  1.000000 -0.000494 0.000000  0.071131 0.846103 1 71 1.000000
0  -3.400064 -13.494715 -1.587113  1.000000 -0.000494 0.000000  0.071977 0.844579 1 71 1.000000
0  -3.399732 -12.823981 -1.587113  1.000000 -0.000494 0.000000  0.071977 0.846103 1 71 1.000000
lowpoly_plastic
0  -3.400064 -13.494715 -1.214593  0.000000 -1.000000 0.000000  0.071977 0.842044 1 71 1.000000
0  -3.542390 -13.494715 -1.587113  0.000000 -1.000000 0.000000  0.072300 0.842890 1 71 1.000000
0  -3.400064 -13.494715 -1.587113  0.000000 -1.000000 0.000000  0.071977 0.842890 1 71 1.000000
lowpoly_plastic
0  -3.542390 -12.823981 -1.214593  0.000000 1.000000 0.000000  0.071977 0.841198 1 71 1.000000
0  -3.399732 -12.823981 -1.587113  0.000000 1.000000 0.000000  0.072301 0.842044 1 71 1.000000
0  -3.542390 -12.823981 -1.587113  0.000000 1.000000 0.000000  0.071977 0.842044 1 71 1.000000
lowpoly_plastic
0  -3.340216 -12.037938 -0.246046  0.335070 0.749666 0.570727  0.007156 0.761729 1 71 1.000000
0  -3.090585 -12.021313 -0.414429  0.335070 0.749666 0.570727  0.007723 0.762111 1 71 1.000000
0  -3.355676 -12.021313 -0.258768  0.335070 0.749666 0.570727  0.007121 0.761758 1 71 1.000000
lowpoly_plastic
0  -3.542390 -12.037938 -0.184290  0.206509 0.707757 0.675599  0.007859 0.762364 1 71 1.000000
0  -3.355676 -12.021313 -0.258768  0.206508 0.707757 0.675599  0.008283 0.762533 1 71 1.000000
0  -3.542390 -12.021313 -0.201676  0.206509 0.707757 0.675599  0.007859 0.762403 1 71 1.000000
lowpoly_plastic
0  -3.094303 -12.021313 -1.295380  0.774763 0.632251 -0.000588  0.005260 0.763256 1 71 1.000000
0  -3.077074 -12.037938 -0.400489  0.774793 0.632215 -0.000580  0.005213 0.763246 1 71 1.000000
0  -3.077675 -12.037935 -1.294494  0.774793 0.632215 -0.000583  0.005265 0.763252 1 71 1.000000
lowpoly_plastic
0  -3.077675 -12.037935 -1.294494  1.000000 0.000026 -0.000672  0.045570 0.749688 1 71 1.000000
0  -3.077074 -12.037938 -0.400489  1.000000 0.000026 -0.000672  0.045518 0.749682 1 71 1.000000
0  -3.077055 -17.613695 -0.589996  1.000000 0.000026 -0.000672  0.045507 0.748159 1 71 1.000000
lowpoly_plastic
0  -3.135387 -12.021312 -0.460654  0.000023 1.000000 0.000000  0.070791 0.843214 1 71 1.000000
0  -3.094303 -12.021313 -1.295380  0.000023 1.000000 0.000000  0.070892 0.844910 1 71 1.000000
0  -3.135387 -12.021312 -0.919316  0.000023 1.000000 0.000000  0.070791 0.844256 1 71 1.000000
lowpoly_plastic
0  -3.077055 -17.613695 -0.589996  1.000000 0.000154 0.000339  0.045507 0.748159 1 71 1.000000
0  -3.077061 -16.343225 -1.149389  1.000000 0.000154 0.000339  0.045643 0.748565 1 71 1.000000
0  -3.077675 -12.037935 -1.294494  1.000000 0.000154 0.000339  0.045660 0.749279 1 71 1.000000
lowpoly_plastic
0  -3.077675 -12.037935 -1.294494  0.000028 0.000000 -1.000000  0.893174 0.509652 1 71 1.000000
0  -3.168955 -15.998266 -1.295381  -0.000020 0.000000 -1.000000  0.893179 0.509107 1 71 1.000000
0  -3.168955 -12.021313 -1.295086  0.000028 0.000000 -1.000000  0.893180 0.509683 1 71 1.000000
lowpoly_plastic
0  -3.077061 -16.343225 -1.149389  1.000000 0.000155 0.000366  0.045643 0.748565 1 71 1.000000
0  -3.077061 -15.998266 -1.295381  1.000000 0.000155 0.000366  0.045679 0.748676 1 71 1.000000
0  -3.077675 -12.037935 -1.294494  1.000000 0.000155 0.000366  0.045660 0.749280 1 71 1.000000
lowpoly_plastic
0  -3.355676 -12.021313 -0.258768  0.000007 1.000000 0.000030  0.070291 0.842756 1 71 1.000000
0  -3.135387 -12.021312 -0.460654  0.000007 1.000000 0.000030  0.070791 0.843214 1 71 1.000000
0  -3.542390 -12.021312 -0.231324  0.000007 1.000000 0.000030  0.069867 0.842693 1 71 1.000000
lowpoly_plastic
0  -3.077074 -12.037938 -0.400489  0.515395 0.000523 0.856953  0.048078 0.747520 1 71 1.000000
0  -3.382797 -17.126026 -0.213508  0.515395 0.000523 0.856953  0.047968 0.746154 1 71 1.000000
0  -3.077113 -17.613695 -0.400541  0.515395 0.000524 0.856953  0.048066 0.745999 1 71 1.000000
lowpoly_plastic
0  -3.077055 -17.613695 -0.589996  1.000000 -0.000007 0.000306  0.048116 0.746000 1 71 1.000000
0  -3.077074 -12.037938 -0.400489  1.000000 -0.000007 0.000306  0.048078 0.747520 1 71 1.000000
0  -3.077113 -17.613695 -0.400541  1.000000 -0.000007 0.000306  0.048066 0.745999 1 71 1.000000
lowpoly_plastic
0  -3.382797 -17.126026 -0.213508  0.243543 0.002069 0.969888  0.047968 0.746154 1 71 1.000000
0  -3.542390 -12.037938 -0.184290  0.243543 0.002063 0.969888  0.047923 0.747173 1 71 1.000000
0  -3.542389 -17.115868 -0.184436  0.243543 0.002069 0.969888  0.047921 0.746158 1 71 1.000000
lowpoly_plastic
0  -3.168955 -15.998266 -1.295381  -0.000150 0.000024 -1.000000  0.093044 0.818180 1 71 1.000000
0  -3.221109 -16.322655 -1.295381  -0.000150 0.000024 -1.000000  0.070825 0.824583 1 71 1.000000
0  -3.233829 -15.998266 -1.295371  -0.000150 0.000024 -1.000000  0.072431 0.826588 1 71 1.000000
lowpoly_plastic
0  -3.168955 -16.371490 -1.220564  0.626605 -0.108218 -0.771787  0.006481 0.764593 1 71 1.000000
0  -3.221109 -16.714516 -1.214810  0.626605 -0.108218 -0.771787  0.006490 0.764483 1 71 1.000000
0  -3.221109 -16.387531 -1.260960  0.626605 -0.108218 -0.771787  0.006502 0.764587 1 71 1.000000
lowpoly_plastic
0  -3.168955 -12.021312 -1.088930  0.000000 1.000000 0.000000  0.070715 0.844642 1 71 1.000000
0  -3.231053 -12.021312 -0.973220  0.000000 1.000000 0.000000  0.070574 0.844379 1 71 1.000000
0  -3.135387 -12.021312 -0.919316  0.000000 1.000000 0.000000  0.070791 0.844256 1 71 1.000000
lowpoly_plastic
0  -3.168955 -16.371490 -1.220564  0.655157 -0.302448 -0.692311  0.006481 0.764593 1 71 1.000000
0  -3.110920 -16.074514 -1.295381  0.655157 -0.302449 -0.692311  0.006487 0.764688 1 71 1.000000
0  -3.110920 -16.353640 -1.175613  0.655157 -0.302445 -0.692312  0.006458 0.764598 1 71 1.000000
lowpoly_plastic
0  -3.233830 -12.021313 -1.214593  1.000000 0.000000 0.000000  0.070568 0.844927 1 71 1.000000
0  -3.233829 -15.331561 -1.088920  1.000000 0.000000 0.000000  0.070568 0.844641 1 71 1.000000
0  -3.233829 -15.331561 -1.214593  1.000000 0.000000 0.000000  0.070568 0.844927 1 71 1.000000
lowpoly_plastic
0  -3.542390 -12.021312 -1.214593  -0.000037 -0.000003 -1.000000  0.069867 0.844927 1 71 1.000000
0  -3.233829 -15.331561 -1.214593  -0.000037 -0.000003 -1.000000  0.070568 0.844927 1 71 1.000000
0  -3.542390 -15.331561 -1.214685  -0.000037 -0.000003 -1.000000  0.069867 0.844927 1 71 1.000000
lowpoly_plastic
0  -3.168955 -12.021312 -1.088930  -1.000000 -0.000000 -0.000001  0.070715 0.844642 1 71 1.000000
0  -3.168955 -15.998266 -1.295381  -1.000000 -0.000000 -0.000001  0.070715 0.845110 1 71 1.000000
0  -3.168955 -15.331561 -1.088930  -1.000000 -0.000000 -0.000001  0.070715 0.844642 1 71 1.000000
lowpoly_plastic
0  -3.233830 -12.021312 -1.088920  -0.000151 -0.000000 -1.000000  0.070598 0.844641 1 71 1.000000
0  -3.168955 -15.331561 -1.088930  -0.000151 -0.000000 -1.000000  0.070715 0.844642 1 71 1.000000
0  -3.233829 -15.331561 -1.088920  -0.000151 -0.000000 -1.000000  0.070598 0.844641 1 71 1.000000
lowpoly_plastic
0  -3.233829 -15.331561 -1.088920  0.000000 1.000000 0.000000  0.070598 0.844641 1 71 1.000000
0  -3.168955 -15.331561 -1.214603  0.000000 1.000000 0.000000  0.070715 0.844642 1 71 1.000000
0  -3.233829 -15.331561 -1.214593  0.000000 1.000000 0.000000  0.070598 0.844641 1 71 1.000000
lowpoly_plastic
0  -3.233829 -15.331561 -1.214593  0.000000 1.000000 0.000000  0.070598 0.844641 1 71 1.000000
0  -3.168955 -15.331561 -1.295574  0.000000 1.000000 0.000000  0.070715 0.844642 1 71 1.000000
0  -3.233829 -15.331561 -1.295564  0.000000 1.000000 0.000000  0.070598 0.844641 1 71 1.000000
lowpoly_plastic
0  -3.973859 -16.353640 -1.175613  -0.651041 -0.297383 -0.698362  0.006458 0.764598 1 71 1.000000
0  -4.007718 -15.998266 -1.295381  -0.651041 -0.297385 -0.698361  0.006480 0.764712 1 71 1.000000
0  -3.973859 -16.074514 -1.295381  -0.651041 -0.297385 -0.698361  0.006487 0.764688 1 71 1.000000
lowpoly_plastic
0  -3.915824 -16.587818 -1.190529  -0.616894 -0.103182 -0.780253  0.006473 0.764524 1 71 1.000000
0  -3.863669 -16.714516 -1.214810  -0.616894 -0.103181 -0.780253  0.006490 0.764483 1 71 1.000000
0  -3.973859 -16.714516 -1.128752  -0.616894 -0.103182 -0.780253  0.006446 0.764483 1 71 1.000000
lowpoly_plastic
0  -4.007718 -16.714516 -1.102309  -1.000000 0.000000 -0.000014  0.045631 0.748447 1 71 1.000000
0  -4.007723 -17.613695 -0.589996  -1.000000 0.000000 -0.000014  0.045507 0.748159 1 71 1.000000
0  -4.007718 -16.343225 -1.149389  -1.000000 0.000000 -0.000014  0.045643 0.748565 1 71 1.000000
lowpoly_plastic
0  -4.007723 -17.613695 -0.589996  -1.000000 0.000000 -0.000011  0.045507 0.748159 1 71 1.000000
0  -4.007718 -16.714516 -1.102309  -1.000000 0.000000 -0.000011  0.045631 0.748447 1 71 1.000000
0  -4.007718 -17.613695 -1.102309  -1.000000 0.000000 -0.000011  0.045629 0.748160 1 71 1.000000
lowpoly_plastic
0  -3.973859 -16.714516 -1.128752  -0.615517 0.000000 -0.788124  0.006446 0.764483 1 71 1.000000
0  -3.863669 -17.613695 -1.214810  -0.615517 0.000000 -0.788124  0.006488 0.764196 1 71 1.000000
0  -3.973859 -17.613695 -1.128752  -0.615517 0.000000 -0.788124  0.006444 0.764197 1 71 1.000000
lowpoly_plastic
0  -3.683454 -17.613695 -1.769947  -0.781832 -0.000000 -0.623489  0.071131 0.835545 1 71 1.000000
0  -3.859358 -15.998266 -1.549370  -0.781832 -0.000000 -0.623489  0.070627 0.839215 1 71 1.000000
0  -3.683454 -15.998266 -1.769947  -0.781832 -0.000000 -0.623489  0.071131 0.839215 1 71 1.000000
lowpoly_plastic
0  -3.542389 -17.613695 -1.769947  0.000000 0.000000 -1.000000  0.916466 0.511589 1 71 1.000000
0  -3.683454 -15.998266 -1.769947  0.000000 0.000000 -1.000000  0.916426 0.512139 1 71 1.000000
0  -3.542390 -15.998266 -1.769947  0.000000 0.000000 -1.000000  0.916466 0.512140 1 71 1.000000
lowpoly_plastic
0  -3.863669 -17.613695 -1.214810  -0.999931 -0.000441 -0.011737  0.069867 0.835546 1 71 1.000000
0  -3.863669 -16.387531 -1.260960  -0.999931 -0.000441 -0.011737  0.069972 0.838331 1 71 1.000000
0  -3.859358 -17.613695 -1.549370  -0.999931 -0.000441 -0.011737  0.070627 0.835546 1 71 1.000000
lowpoly_plastic
0  -3.863669 -16.387531 -1.260960  -0.999987 -0.002436 -0.004592  0.069972 0.838331 1 71 1.000000
0  -3.863669 -16.322655 -1.295381  -0.999987 -0.002436 -0.004592  0.070050 0.838478 1 71 1.000000
0  -3.859358 -17.613695 -1.549370  -0.999987 -0.002436 -0.004592  0.070627 0.835546 1 71 1.000000
lowpoly_plastic
0  -3.859358 -17.613695 -1.549370  -0.999856 0.000000 -0.016972  0.070627 0.835546 1 71 1.000000
0  -3.863669 -16.322655 -1.295381  -0.999856 0.000000 -0.016972  0.070050 0.838478 1 71 1.000000
0  -3.859358 -15.998266 -1.549370  -0.999856 0.000000 -0.016972  0.070627 0.839215 1 71 1.000000
lowpoly_plastic
0  -3.859358 -15.998266 -1.549370  -0.999856 0.000000 -0.016972  0.916052 0.509844 1 71 1.000000
0  -3.863669 -16.322655 -1.295381  -0.999856 0.000000 -0.016972  0.915990 0.509705 1 71 1.000000
0  -3.863669 -15.998266 -1.295381  -0.999856 0.000000 -0.016972  0.915991 0.509843 1 71 1.000000
lowpoly_plastic
0  -4.007718 -15.998266 -1.295381  0.000000 0.000000 1.000000  0.893174 0.509081 1 71 1.000000
0  -3.915824 -16.205206 -1.295381  0.000000 0.000000 1.000000  0.893200 0.509015 1 71 1.000000
0  -3.973859 -16.074514 -1.295381  0.000000 0.000000 1.000000  0.893184 0.509056 1 71 1.000000
lowpoly_plastic
0  -3.542389 -17.126019 -0.211507  -0.013817 0.000410 0.999904  0.928049 0.510980 1 71 1.000000
0  -3.701978 -17.613695 -0.213513  -0.013817 0.000410 0.999904  0.928092 0.510823 1 71 1.000000
0  -3.542389 -17.613686 -0.211133  -0.013817 0.000410 0.999904  0.928048 0.510824 1 71 1.000000
lowpoly_plastic
0  -3.542389 -17.126019 -0.211507  -0.004356 -0.936310 0.351148  0.925366 0.516075 1 71 1.000000
0  -3.542389 -17.115868 -0.184436  -0.004356 -0.936310 0.351148  0.925358 0.516076 1 71 1.000000
0  -3.701982 -17.126026 -0.213508  -0.004356 -0.936310 0.351148  0.925366 0.516127 1 71 1.000000
lowpoly_plastic
0  -3.863669 -17.613695 -1.214810  -0.000007 -1.000000 0.000013  0.007233 0.765598 1 71 1.000000
0  -3.859358 -17.613695 -1.549370  -0.000007 -1.000000 0.000013  0.007195 0.765674 1 71 1.000000
0  -3.800823 -17.613861 -1.472084  -0.000007 -1.000000 0.000012  0.007213 0.765650 1 71 1.000000
lowpoly_plastic
0  -3.800823 -17.613861 -1.472084  -0.000164 -1.000000 -0.000129  0.007213 0.765650 1 71 1.000000
0  -3.683454 -17.613695 -1.769947  -0.000111 -1.000000 -0.000048  0.007251 0.765745 1 71 1.000000
0  -3.672576 -17.613695 -1.694725  -0.000164 -1.000000 -0.000130  0.007254 0.765721 1 71 1.000000
lowpoly_plastic
0  -3.683454 -15.998266 -1.769947  0.000000 -0.000276 -1.000000  0.916426 0.512139 1 71 1.000000
0  -3.542390 -15.331561 -1.770130  0.000000 -0.000276 -1.000000  0.916466 0.512140 1 71 1.000000
0  -3.542390 -15.998266 -1.769947  0.000000 -0.000276 -1.000000  0.916466 0.512140 1 71 1.000000
lowpoly_plastic
0  -3.672576 -17.613695 -1.694725  0.000000 -1.000000 0.000000  0.007254 0.765721 1 71 1.000000
0  -3.542389 -17.613695 -1.769947  0.000000 -1.000000 0.000000  0.007296 0.765745 1 71 1.000000
0  -3.542389 -17.613695 -1.694725  0.000000 -1.000000 0.000000  0.007296 0.765721 1 71 1.000000
lowpoly_plastic
0  -3.841268 -12.109686 -0.961886  0.490899 0.000000 0.871216  0.061532 0.879117 1 71 1.000000
0  -3.542390 -14.249474 -1.130293  0.490899 0.000000 0.871216  0.061263 0.877435 1 71 1.000000
0  -3.542390 -12.109686 -1.130293  0.490899 0.000000 0.871216  0.061263 0.879117 1 71 1.000000
lowpoly_plastic
0  -3.542390 -12.109686 -0.249678  0.490898 0.000000 -0.871217  0.061962 0.879117 1 71 1.000000
0  -3.933105 -14.249474 -0.469831  0.490898 0.000000 -0.871217  0.061614 0.877435 1 71 1.000000
0  -3.933106 -12.109686 -0.469831  0.490898 0.000000 -0.871217  0.061614 0.879117 1 71 1.000000
lowpoly_plastic
0  -3.933106 -12.109686 -0.469831  1.000000 0.000000 0.000000  0.061962 0.874789 1 71 1.000000
0  -3.933105 -14.249474 -0.910139  1.000000 0.000000 0.000000  0.062308 0.876472 1 71 1.000000
0  -3.933106 -12.109686 -0.910139  1.000000 0.000000 0.000000  0.062308 0.874789 1 71 1.000000
lowpoly_plastic
0  -3.841268 -14.249474 -0.961886  0.382208 0.627497 0.678354  0.061532 0.877435 1 71 1.000000
0  -3.542390 -14.282583 -1.099664  0.382208 0.627497 0.678354  0.061273 0.877409 1 71 1.000000
0  -3.542390 -14.249474 -1.130293  0.382208 0.627497 0.678354  0.061263 0.877435 1 71 1.000000
lowpoly_plastic
0  -3.542390 -14.249474 -0.249678  0.382206 0.627504 -0.678349  0.061962 0.877435 1 71 1.000000
0  -3.905926 -14.282583 -0.485146  0.382206 0.627504 -0.678349  0.061630 0.877409 1 71 1.000000
0  -3.933105 -14.249474 -0.469831  0.382206 0.627504 -0.678349  0.061614 0.877435 1 71 1.000000
lowpoly_plastic
0  -3.933105 -14.249474 -0.469831  0.772929 0.634493 0.000000  0.061962 0.876472 1 71 1.000000
0  -3.905926 -14.282583 -0.894824  0.772929 0.634493 0.000000  0.062296 0.876498 1 71 1.000000
0  -3.933105 -14.249474 -0.910139  0.772929 0.634493 0.000000  0.062308 0.876472 1 71 1.000000
lowpoly_plastic
0  -3.820477 -14.282583 -0.942972  0.490899 0.000000 0.871216  0.061523 0.877409 1 71 1.000000
0  -3.542389 -17.613693 -1.099664  0.490899 0.000000 0.871216  0.061273 0.874789 1 71 1.000000
0  -3.542390 -14.282583 -1.099664  0.490899 0.000000 0.871216  0.061273 0.877409 1 71 1.000000
lowpoly_plastic
0  -3.542390 -14.282583 -0.280307  0.490898 -0.000000 -0.871217  0.061954 0.877409 1 71 1.000000
0  -3.905926 -17.613693 -0.485146  0.490898 -0.000000 -0.871217  0.061630 0.874789 1 71 1.000000
0  -3.905926 -14.282583 -0.485146  0.490898 -0.000000 -0.871217  0.061630 0.877409 1 71 1.000000
lowpoly_plastic
0  -3.905926 -14.282583 -0.485146  1.000000 0.000000 -0.000001  0.061974 0.876498 1 71 1.000000
0  -3.905926 -17.613693 -0.894824  1.000000 0.000000 -0.000001  0.062296 0.879117 1 71 1.000000
0  -3.905926 -14.282583 -0.894824  1.000000 0.000000 -0.000001  0.062296 0.876498 1 71 1.000000
lowpoly_plastic
0  -3.850950 -15.331561 -1.295564  0.000149 -0.000291 -1.000000  0.070598 0.844641 1 71 1.000000
0  -3.915824 -15.998266 -1.295381  0.000149 -0.000291 -1.000000  0.070715 0.844642 1 71 1.000000
0  -3.915824 -15.331561 -1.295574  0.000149 -0.000291 -1.000000  0.070715 0.844642 1 71 1.000000
lowpoly_plastic
0  -3.542389 -17.613695 -1.694725  0.000000 -1.000000 -0.000724  0.070934 0.842585 1 71 1.000000
0  -3.800823 -17.613861 -1.472084  -0.000240 -1.000000 -0.000489  0.070345 0.842082 1 71 1.000000
0  -3.672576 -17.613695 -1.694725  0.000000 -1.000000 -0.000724  0.070638 0.842586 1 71 1.000000
lowpoly_plastic
0  -3.542389 -17.613693 -0.280307  -0.000056 -1.000000 -0.000186  0.070923 0.839372 1 71 1.000000
0  -3.542389 -17.613686 -0.211133  -0.000056 -1.000000 -0.000186  0.070934 0.839215 1 71 1.000000
0  -3.701978 -17.613695 -0.213513  -0.000056 -1.000000 -0.000186  0.070560 0.839222 1 71 1.000000
lowpoly_plastic
0  -4.007666 -17.613695 -0.400541  0.000019 -1.000000 0.000000  0.069867 0.839649 1 71 1.000000
0  -3.905926 -17.613693 -0.894824  0.000019 -1.000000 0.000000  0.070102 0.840771 1 71 1.000000
0  -3.905926 -17.613693 -0.485146  0.000019 -1.000000 0.000000  0.070099 0.839841 1 71 1.000000
lowpoly_plastic
0  -4.007718 -17.613695 -1.102309  0.000019 -1.000000 0.000000  0.069872 0.841243 1 71 1.000000
0  -3.905926 -17.613693 -0.894824  0.000019 -1.000000 0.000000  0.070102 0.840771 1 71 1.000000
0  -4.007723 -17.613695 -0.589996  0.000019 -1.000000 0.000000  0.069868 0.840079 1 71 1.000000
lowpoly_plastic
0  -3.973859 -17.613695 -1.128752  0.000005 -1.000000 0.000000  0.069949 0.841303 1 71 1.000000
0  -3.905926 -17.613693 -0.894824  0.000005 -1.000000 0.000000  0.070102 0.840771 1 71 1.000000
0  -4.007718 -17.613695 -1.102309  0.000005 -1.000000 0.000000  0.069872 0.841243 1 71 1.000000
lowpoly_plastic
0  -3.863669 -17.613695 -1.214810  -0.001706 -0.999997 0.001582  0.070200 0.841498 1 71 1.000000
0  -3.542389 -17.614025 -1.311708  -0.002200 -0.999997 0.001251  0.070931 0.841715 1 71 1.000000
0  -3.542389 -17.613693 -1.099664  -0.001706 -0.999997 0.001582  0.070929 0.841234 1 71 1.000000
lowpoly_plastic
0  -3.949393 -12.021313 -0.460654  1.000000 0.000000 0.000000  0.072178 0.844992 1 71 1.000000
0  -3.949393 -12.094997 -0.919316  1.000000 0.000000 0.000000  0.072010 0.846034 1 71 1.000000
0  -3.949393 -12.021313 -0.919316  1.000000 0.000000 0.000000  0.072178 0.846034 1 71 1.000000
lowpoly_plastic
0  -3.542390 -12.021312 -0.231324  0.490894 0.000000 -0.871219  0.072178 0.843946 1 71 1.000000
0  -3.949393 -12.094997 -0.460654  0.490894 0.000000 -0.871219  0.072010 0.844992 1 71 1.000000
0  -3.949393 -12.021313 -0.460654  0.490894 0.000000 -0.871219  0.072178 0.844992 1 71 1.000000
lowpoly_plastic
0  -3.853727 -12.021312 -0.973220  0.490899 0.000000 0.871217  0.072178 0.843138 1 71 1.000000
0  -3.542390 -12.094997 -1.148648  0.490899 0.000000 0.871217  0.072010 0.843946 1 71 1.000000
0  -3.542390 -12.021312 -1.148648  0.490899 0.000000 0.871217  0.072178 0.843946 1 71 1.000000
lowpoly_plastic
0  -3.949393 -12.109686 -0.460654  0.000000 1.000000 0.000000  0.070791 0.845631 1 71 1.000000
0  -3.933106 -12.109686 -0.910139  0.000000 1.000000 0.000000  0.070754 0.846652 1 71 1.000000
0  -3.949393 -12.109686 -0.919316  0.000000 1.000000 0.000000  0.070791 0.846673 1 71 1.000000
lowpoly_plastic
0  -3.542390 -12.109686 -0.231324  0.000000 1.000000 -0.000064  0.069867 0.845110 1 71 1.000000
0  -3.933106 -12.109686 -0.469831  0.000000 1.000000 -0.000064  0.070754 0.845652 1 71 1.000000
0  -3.949393 -12.109686 -0.460654  0.000000 1.000000 -0.000064  0.070791 0.845631 1 71 1.000000
lowpoly_plastic
0  -3.853727 -12.109686 -0.973220  0.000000 1.000000 0.000000  0.070574 0.846796 1 71 1.000000
0  -3.542390 -12.109686 -1.130293  0.000000 1.000000 0.000000  0.069867 0.847152 1 71 1.000000
0  -3.542390 -12.109686 -1.148648  0.000000 1.000000 0.000000  0.069867 0.847194 1 71 1.000000
lowpoly_plastic
0  -3.853727 -12.094997 -0.973220  0.490916 0.000000 0.871207  0.072010 0.843138 1 71 1.000000
0  -3.542390 -12.109686 -1.148648  0.490916 0.000000 0.871207  0.071977 0.843946 1 71 1.000000
0  -3.542390 -12.094997 -1.148648  0.490916 0.000000 0.871207  0.072010 0.843946 1 71 1.000000
lowpoly_plastic
0  -3.542390 -12.094997 -0.231324  0.490937 0.000000 -0.871195  0.072010 0.843946 1 71 1.000000
0  -3.949393 -12.109686 -0.460654  0.490937 0.000000 -0.871195  0.071977 0.844992 1 71 1.000000
0  -3.949393 -12.094997 -0.460654  0.490937 0.000000 -0.871195  0.072010 0.844992 1 71 1.000000
lowpoly_plastic
0  -3.949393 -12.094997 -0.460654  1.000000 0.000000 0.000000  0.072010 0.844992 1 71 1.000000
0  -3.949393 -12.109686 -0.919316  1.000000 0.000000 0.000000  0.071977 0.846034 1 71 1.000000
0  -3.949393 -12.094997 -0.919316  1.000000 0.000000 0.000000  0.072010 0.846034 1 71 1.000000
lowpoly_plastic
0  -3.949393 -12.094997 -0.919316  0.490948 0.000000 0.871189  0.072010 0.842890 1 71 1.000000
0  -3.853727 -12.109686 -0.973220  0.490948 0.000000 0.871189  0.071977 0.843138 1 71 1.000000
0  -3.853727 -12.094997 -0.973220  0.490948 0.000000 0.871189  0.072010 0.843138 1 71 1.000000
lowpoly_plastic
0  -3.949393 -12.109686 -0.919316  0.000000 1.000000 0.000068  0.070791 0.846673 1 71 1.000000
0  -3.841268 -12.109686 -0.961886  0.000000 1.000000 0.000068  0.070546 0.846770 1 71 1.000000
0  -3.853727 -12.109686 -0.973220  0.000000 1.000000 0.000068  0.070574 0.846796 1 71 1.000000
lowpoly_plastic
0  -3.949393 -12.021313 -0.919316  0.490892 0.000000 0.871220  0.072178 0.842890 1 71 1.000000
0  -3.853727 -12.094997 -0.973220  0.490892 0.000000 0.871220  0.072010 0.843138 1 71 1.000000
0  -3.853727 -12.021312 -0.973220  0.490892 0.000000 0.871220  0.072178 0.843138 1 71 1.000000
lowpoly_plastic
0  -3.863669 -17.613695 -1.214810  0.000005 -1.000000 0.000028  0.070200 0.841498 1 71 1.000000
0  -3.820477 -17.613693 -0.942971  0.000005 -1.000000 0.000028  0.070296 0.840880 1 71 1.000000
0  -3.973859 -17.613695 -1.128752  0.000005 -1.000000 0.000028  0.069949 0.841303 1 71 1.000000
lowpoly_plastic
0  -3.905926 -14.282583 -0.894824  0.490899 0.000000 0.871217  0.061599 0.877409 1 71 1.000000
0  -3.820477 -17.613693 -0.942971  0.490899 0.000000 0.871217  0.061523 0.874789 1 71 1.000000
0  -3.820477 -14.282583 -0.942972  0.490899 0.000000 0.871217  0.061523 0.877409 1 71 1.000000
lowpoly_plastic
0  -3.933105 -14.249474 -0.910139  0.382211 0.627505 0.678345  0.061614 0.877435 1 71 1.000000
0  -3.820477 -14.282583 -0.942972  0.382211 0.627505 0.678345  0.061523 0.877409 1 71 1.000000
0  -3.841268 -14.249474 -0.961886  0.382211 0.627505 0.678345  0.061532 0.877435 1 71 1.000000
lowpoly_plastic
0  -3.933106 -12.109686 -0.910139  0.490900 0.000000 0.871216  0.061614 0.879117 1 71 1.000000
0  -3.841268 -14.249474 -0.961886  0.490900 0.000000 0.871216  0.061532 0.877435 1 71 1.000000
0  -3.841268 -12.109686 -0.961886  0.490900 0.000000 0.871216  0.061532 0.879117 1 71 1.000000
lowpoly_plastic
0  -4.007718 -16.714516 -1.102309  -0.615517 0.000000 -0.788123  0.006433 0.764483 1 71 1.000000
0  -3.973859 -17.613695 -1.128752  -0.615517 0.000000 -0.788123  0.006444 0.764197 1 71 1.000000
0  -4.007718 -17.613695 -1.102309  -0.615517 0.000000 -0.788123  0.006430 0.764197 1 71 1.000000
lowpoly_plastic
0  -4.007718 -16.343225 -1.149389  -0.620381 -0.099809 -0.777924  0.006445 0.764602 1 71 1.000000
0  -3.973859 -16.714516 -1.128752  -0.620381 -0.099809 -0.777924  0.006446 0.764483 1 71 1.000000
0  -4.007718 -16.714516 -1.102309  -0.620381 -0.099810 -0.777924  0.006433 0.764483 1 71 1.000000
lowpoly_plastic
0  -3.863669 -16.387531 -1.260960  -0.667735 -0.318081 -0.673019  0.006502 0.764587 1 71 1.000000
0  -3.915824 -16.205206 -1.295381  -0.667736 -0.318081 -0.673018  0.006499 0.764646 1 71 1.000000
0  -3.863669 -16.322655 -1.295381  -0.667739 -0.318070 -0.673020  0.006510 0.764608 1 71 1.000000
lowpoly_plastic
0  -3.850950 -12.021312 -1.088920  0.000000 1.000000 0.000000  0.070568 0.844641 1 71 1.000000
0  -3.853727 -12.021312 -0.973220  0.000000 1.000000 0.000000  0.070574 0.844379 1 71 1.000000
0  -3.542390 -12.021312 -1.148648  0.000000 1.000000 0.000000  0.069867 0.844777 1 71 1.000000
lowpoly_plastic
0  -3.542390 -15.331561 -1.295564  -0.000003 1.000000 0.000000  0.071977 0.835729 1 71 1.000000
0  -3.863781 -15.331562 -1.214777  -0.000003 1.000000 0.000000  0.072707 0.835545 1 71 1.000000
0  -3.542390 -15.331561 -1.214685  -0.000003 1.000000 0.000000  0.071977 0.835545 1 71 1.000000
lowpoly_plastic
0  -3.859470 -15.331561 -1.549553  -0.002537 0.999996 -0.000977  0.888283 0.514204 1 71 1.000000
0  -3.672688 -15.331231 -1.694908  -0.002537 0.999996 -0.000977  0.888330 0.514263 1 71 1.000000
0  -3.683565 -15.331561 -1.770130  -0.002537 0.999996 -0.000977  0.888354 0.514260 1 71 1.000000
lowpoly_plastic
0  -3.800935 -15.331561 -1.472268  -0.000005 1.000000 0.000001  0.888259 0.514223 1 71 1.000000
0  -3.859470 -15.331561 -1.549553  -0.000005 1.000000 0.000001  0.888283 0.514204 1 71 1.000000
0  -3.863781 -15.331562 -1.295564  -0.000005 1.000000 0.000001  0.888202 0.514202 1 71 1.000000
lowpoly_plastic
0  -3.683565 -15.331561 -1.770130  0.000000 0.999990 -0.004400  0.888354 0.514260 1 71 1.000000
0  -3.542390 -15.331231 -1.694908  0.000000 0.999990 -0.004400  0.888817 0.514149 1 71 1.000000
0  -3.542390 -15.331561 -1.770130  0.000000 0.999990 -0.004400  0.888354 0.514305 1 71 1.000000
lowpoly_plastic
0  -3.800935 -15.331561 -1.472268  -0.000148 1.000000 0.000590  0.072564 0.836130 1 71 1.000000
0  -3.542390 -15.331561 -1.295564  -0.000148 1.000000 0.000590  0.071977 0.835729 1 71 1.000000
0  -3.542390 -15.331231 -1.694908  -0.000148 1.000000 0.000590  0.071977 0.836636 1 71 1.000000
lowpoly_plastic
0  -3.863669 -15.998266 -1.295381  -0.999856 -0.000172 -0.016972  0.915991 0.509843 1 71 1.000000
0  -3.859470 -15.331561 -1.549553  -0.999856 -0.000172 -0.016972  0.916052 0.509844 1 71 1.000000
0  -3.859358 -15.998266 -1.549370  -0.999856 -0.000172 -0.016972  0.916052 0.509844 1 71 1.000000
lowpoly_plastic
0  -3.542390 -15.998266 -1.214593  0.000518 0.000525 1.000000  0.071131 0.846103 1 71 1.000000
0  -3.863781 -15.331562 -1.214777  0.000518 0.000525 1.000000  0.071799 0.847618 1 71 1.000000
0  -3.863669 -15.998266 -1.214593  0.000518 0.000526 1.000000  0.071799 0.846103 1 71 1.000000
lowpoly_plastic
0  -3.859358 -15.998266 -1.549370  -0.781831 -0.000303 -0.623490  0.916052 0.509844 1 71 1.000000
0  -3.683565 -15.331561 -1.770130  -0.781831 -0.000303 -0.623490  0.916142 0.509843 1 71 1.000000
0  -3.683454 -15.998266 -1.769947  -0.781831 -0.000303 -0.623490  0.916142 0.509843 1 71 1.000000
lowpoly_plastic
0  -3.542390 -12.823981 -1.214593  0.000000 0.000000 1.000000  0.071977 0.839683 1 71 1.000000
0  -3.684716 -13.494715 -1.214593  0.000000 0.000000 1.000000  0.072273 0.838160 1 71 1.000000
0  -3.542390 -13.494715 -1.214593  0.000000 0.000000 1.000000  0.071977 0.838160 1 71 1.000000
lowpoly_plastic
0  -3.542390 -12.823981 -1.587113  0.000000 0.000000 -1.000000  0.072282 0.838160 1 71 1.000000
0  -3.684716 -13.494715 -1.587113  0.000000 0.000000 -1.000000  0.071978 0.836636 1 71 1.000000
0  -3.685047 -12.823981 -1.587113  0.000000 0.000000 -1.000000  0.071977 0.838160 1 71 1.000000
lowpoly_plastic
0  -3.685047 -12.823981 -1.214593  -1.000000 -0.000494 0.000000  0.071131 0.846103 1 71 1.000000
0  -3.684716 -13.494715 -1.587113  -1.000000 -0.000494 0.000000  0.071977 0.844579 1 71 1.000000
0  -3.684716 -13.494715 -1.214593  -1.000000 -0.000494 0.000000  0.071131 0.844579 1 71 1.000000
lowpoly_plastic
0  -3.684716 -13.494715 -1.214593  0.000000 -1.000000 0.000000  0.071977 0.842044 1 71 1.000000
0  -3.542390 -13.494715 -1.587113  0.000000 -1.000000 0.000000  0.072300 0.842890 1 71 1.000000
0  -3.542390 -13.494715 -1.214593  0.000000 -1.000000 0.000000  0.072300 0.842044 1 71 1.000000
lowpoly_plastic
0  -3.542390 -12.823981 -1.214593  0.000000 1.000000 0.000000  0.071977 0.841198 1 71 1.000000
0  -3.685047 -12.823981 -1.587113  0.000000 1.000000 0.000000  0.072301 0.842044 1 71 1.000000
0  -3.685047 -12.823981 -1.214593  0.000000 1.000000 0.000000  0.072301 0.841198 1 71 1.000000
lowpoly_plastic
0  -3.744564 -12.037938 -0.246046  -0.335082 0.749603 0.570803  0.007156 0.761729 1 71 1.000000
0  -3.994194 -12.021313 -0.414429  -0.335082 0.749603 0.570803  0.007723 0.762111 1 71 1.000000
0  -4.007706 -12.037938 -0.400489  -0.335082 0.749603 0.570803  0.007753 0.762080 1 71 1.000000
lowpoly_plastic
0  -3.542390 -12.037938 -0.184290  -0.206409 0.707823 0.675560  0.007859 0.762364 1 71 1.000000
0  -3.729104 -12.021313 -0.258768  -0.206409 0.707823 0.675560  0.008283 0.762533 1 71 1.000000
0  -3.744564 -12.037938 -0.246046  -0.206409 0.707823 0.675560  0.008318 0.762504 1 71 1.000000
lowpoly_plastic
0  -3.990477 -12.021313 -1.295380  -0.774765 0.632249 0.000146  0.005260 0.763256 1 71 1.000000
0  -4.007706 -12.037938 -0.400489  -0.774799 0.632208 -0.000586  0.005213 0.763246 1 71 1.000000
0  -3.994194 -12.021313 -0.414429  -0.774799 0.632207 -0.000584  0.005214 0.763251 1 71 1.000000
lowpoly_plastic
0  -4.007104 -12.037935 -1.294494  -1.000000 0.000026 -0.000673  0.045570 0.749688 1 71 1.000000
0  -4.007723 -17.613695 -0.589996  -1.000000 0.000026 -0.000673  0.045507 0.748159 1 71 1.000000
0  -4.007706 -12.037938 -0.400489  -1.000000 0.000026 -0.000673  0.045518 0.749682 1 71 1.000000
lowpoly_plastic
0  -3.949393 -12.021313 -0.460654  0.000000 1.000000 0.000001  0.070791 0.843214 1 71 1.000000
0  -3.990477 -12.021313 -1.295380  0.000000 1.000000 0.000001  0.070892 0.844910 1 71 1.000000
0  -3.994194 -12.021313 -0.414429  0.000000 1.000000 0.000001  0.070893 0.843109 1 71 1.000000
lowpoly_plastic
0  -4.007723 -17.613695 -0.589996  -1.000000 0.000154 0.000339  0.045507 0.748159 1 71 1.000000
0  -4.007104 -12.037935 -1.294494  -1.000000 0.000154 0.000339  0.045660 0.749279 1 71 1.000000
0  -4.007718 -16.343225 -1.149389  -1.000000 0.000154 0.000339  0.045643 0.748565 1 71 1.000000
lowpoly_plastic
0  -3.915824 -15.998266 -1.295381  0.000000 0.000224 -1.000000  0.893179 0.509107 1 71 1.000000
0  -4.007718 -15.998266 -1.295381  0.000000 0.000224 -1.000000  0.893174 0.509081 1 71 1.000000
0  -4.007104 -12.037935 -1.294494  0.000000 0.000224 -1.000000  0.893174 0.509652 1 71 1.000000
lowpoly_plastic
0  -4.007718 -16.343225 -1.149389  -1.000000 0.000155 0.000366  0.045643 0.748565 1 71 1.000000
0  -4.007104 -12.037935 -1.294494  -1.000000 0.000155 0.000366  0.045660 0.749280 1 71 1.000000
0  -4.007718 -15.998266 -1.295381  -1.000000 0.000155 0.000366  0.045679 0.748676 1 71 1.000000
lowpoly_plastic
0  -3.949393 -12.021313 -0.460654  0.000000 1.000000 0.000000  0.070791 0.843214 1 71 1.000000
0  -3.994194 -12.021313 -0.414429  0.000000 1.000000 0.000000  0.070893 0.843109 1 71 1.000000
0  -3.729104 -12.021313 -0.258768  0.000000 1.000000 0.000000  0.070291 0.842756 1 71 1.000000
lowpoly_plastic
0  -4.007666 -17.613695 -0.400541  -0.515354 0.000527 0.856977  0.048066 0.745999 1 71 1.000000
0  -3.701982 -17.126026 -0.213508  -0.515354 0.000527 0.856977  0.047968 0.746154 1 71 1.000000
0  -4.007706 -12.037938 -0.400489  -0.515354 0.000526 0.856977  0.048078 0.747520 1 71 1.000000
lowpoly_plastic
0  -4.007723 -17.613695 -0.589996  -1.000000 -0.000007 0.000305  0.048116 0.746000 1 71 1.000000
0  -4.007666 -17.613695 -0.400541  -1.000000 -0.000007 0.000305  0.048066 0.745999 1 71 1.000000
0  -4.007706 -12.037938 -0.400489  -1.000000 -0.000007 0.000305  0.048078 0.747520 1 71 1.000000
lowpoly_plastic
0  -3.701982 -17.126026 -0.213508  -0.243576 0.002073 0.969880  0.047968 0.746154 1 71 1.000000
0  -3.542390 -12.037938 -0.184290  -0.243576 0.002068 0.969880  0.047923 0.747173 1 71 1.000000
0  -3.744564 -12.037938 -0.246046  -0.243576 0.002073 0.969880  0.047975 0.747187 1 71 1.000000
lowpoly_plastic
0  -3.915824 -15.998266 -1.295381  -0.000003 0.000000 -1.000000  0.093044 0.818180 1 71 1.000000
0  -3.863669 -16.322655 -1.295381  -0.000003 0.000000 -1.000000  0.070825 0.824583 1 71 1.000000
0  -3.915824 -16.205206 -1.295381  -0.000003 0.000000 -1.000000  0.093044 0.818178 1 71 1.000000
lowpoly_plastic
0  -3.915824 -16.371490 -1.220564  -0.626622 -0.108222 -0.771772  0.006481 0.764593 1 71 1.000000
0  -3.863669 -16.714516 -1.214810  -0.626622 -0.108222 -0.771772  0.006490 0.764483 1 71 1.000000
0  -3.915824 -16.587818 -1.190529  -0.626622 -0.108221 -0.771772  0.006473 0.764524 1 71 1.000000
lowpoly_plastic
0  -3.915824 -12.021313 -1.088930  0.000000 1.000000 0.000003  0.070715 0.844642 1 71 1.000000
0  -3.990477 -12.021313 -1.295380  0.000000 1.000000 0.000003  0.070885 0.845110 1 71 1.000000
0  -3.949393 -12.021313 -0.919316  0.000000 1.000000 0.000003  0.070791 0.844256 1 71 1.000000
lowpoly_plastic
0  -3.915824 -16.371490 -1.220564  -0.655160 -0.302444 -0.692310  0.006481 0.764593 1 71 1.000000
0  -3.973859 -16.074514 -1.295381  -0.655160 -0.302444 -0.692310  0.006487 0.764688 1 71 1.000000
0  -3.915824 -16.205206 -1.295381  -0.655160 -0.302444 -0.692310  0.006499 0.764646 1 71 1.000000
lowpoly_plastic
0  -3.850950 -12.021313 -1.214593  -1.000000 0.000000 0.000000  0.070568 0.844927 1 71 1.000000
0  -3.850950 -15.331561 -1.088920  -1.000000 0.000000 0.000000  0.070568 0.844641 1 71 1.000000
0  -3.850950 -12.021312 -1.088920  -1.000000 0.000000 0.000000  0.070568 0.844641 1 71 1.000000
lowpoly_plastic
0  -3.542390 -12.021312 -1.214593  -0.000001 -0.000000 -1.000000  0.069867 0.844927 1 71 1.000000
0  -3.850950 -15.331561 -1.214593  -0.000001 -0.000000 -1.000000  0.070568 0.844927 1 71 1.000000
0  -3.850950 -12.021313 -1.214593  -0.000001 -0.000000 -1.000000  0.070568 0.844927 1 71 1.000000
lowpoly_plastic
0  -3.915824 -12.021313 -1.088930  1.000000 0.000000 0.000000  0.070715 0.844642 1 71 1.000000
0  -3.915824 -15.998266 -1.295381  1.000000 0.000000 0.000000  0.070715 0.845110 1 71 1.000000
0  -3.915824 -12.021313 -1.295086  1.000000 0.000000 0.000000  0.070715 0.845110 1 71 1.000000
lowpoly_plastic
0  -3.850950 -12.021312 -1.088920  0.000151 0.000000 -1.000000  0.070598 0.844641 1 71 1.000000
0  -3.915824 -15.331561 -1.088930  0.000151 0.000000 -1.000000  0.070715 0.844642 1 71 1.000000
0  -3.915824 -12.021313 -1.088930  0.000151 0.000000 -1.000000  0.070715 0.844642 1 71 1.000000
lowpoly_plastic
0  -3.850950 -15.331561 -1.088920  0.000000 1.000000 0.000000  0.070598 0.844641 1 71 1.000000
0  -3.915824 -15.331561 -1.214603  0.000000 1.000000 0.000000  0.070715 0.844642 1 71 1.000000
0  -3.915824 -15.331561 -1.088930  0.000000 1.000000 0.000000  0.070715 0.844642 1 71 1.000000
lowpoly_plastic
0  -3.850950 -15.331561 -1.214593  0.000000 1.000000 0.000000  0.070598 0.844641 1 71 1.000000
0  -3.915824 -15.331561 -1.295574  0.000000 1.000000 0.000000  0.070715 0.844642 1 71 1.000000
0  -3.915824 -15.331561 -1.214603  0.000000 1.000000 0.000000  0.070715 0.844642 1 71 1.000000
lowpoly_plastic
0  -3.159358 -9.945030 -1.072877  0.188156 0.963057 0.192661  0.048247 0.751427 1 64 1.000000
0  -3.222850 -9.938579 -1.072870  0.188155 0.963057 0.192665  0.048226 0.751427 1 64 1.000000
0  -3.222850 -9.963875 -0.928622  0.188157 0.963058 0.192656  0.048226 0.751381 1 64 1.000000
lowpoly_plastic
0  -3.222850 -9.963875 -0.928622  0.188169 0.963054 0.192667  0.048226 0.751381 1 64 1.000000
0  -3.300066 -9.955076 -0.928622  0.188168 0.963053 0.192670  0.048202 0.751381 1 64 1.000000
0  -3.300066 -9.972388 -0.829030  0.188172 0.963054 0.192661  0.048202 0.751349 1 64 1.000000
lowpoly_plastic
0  -3.300066 -9.972388 -0.829030  0.188192 0.963050 0.192660  0.048202 0.751349 1 64 1.000000
0  -3.388630 -9.963040 -0.829030  0.188192 0.963050 0.192664  0.048174 0.751349 1 64 1.000000
0  -3.388637 -9.981971 -0.724621  0.188191 0.963049 0.192666  0.048174 0.751316 1 64 1.000000
lowpoly_plastic
0  -3.077181 -10.031944 -0.724621  0.188206 0.963044 0.192676  0.048273 0.751316 1 64 1.000000
0  -3.077432 -9.930092 -1.295381  0.188206 0.963045 0.192673  0.048273 0.751498 1 64 1.000000
0  -3.159358 -9.945030 -1.072877  0.188206 0.963044 0.192676  0.048247 0.751427 1 64 1.000000
lowpoly_plastic
0  -3.077181 -10.031944 -0.724621  0.188189 0.963047 0.192678  0.048273 0.751316 1 64 1.000000
0  -3.159358 -9.945030 -1.072877  0.188189 0.963047 0.192678  0.048247 0.751427 1 64 1.000000
0  -3.222850 -9.963875 -0.928622  0.188190 0.963047 0.192679  0.048226 0.751381 1 64 1.000000
lowpoly_plastic
0  -3.300066 -9.972388 -0.829030  0.188199 0.963046 0.192675  0.048202 0.751349 1 64 1.000000
0  -3.388637 -9.981971 -0.724621  0.188201 0.963045 0.192677  0.048174 0.751316 1 64 1.000000
0  -3.077181 -10.031944 -0.724621  0.188202 0.963045 0.192678  0.048273 0.751316 1 64 1.000000
lowpoly_plastic
0  -3.102300 -10.659702 -1.295381  0.309856 -0.950768 -0.005383  0.889011 0.512753 1 64 1.000000
0  -3.077697 -10.655470 -1.295381  0.309857 -0.950768 -0.005379  0.889003 0.512753 1 64 1.000000
0  -3.077062 -10.655475 -0.589995  0.309857 -0.950768 -0.005377  0.889003 0.512528 1 64 1.000000
lowpoly_plastic
0  -3.102300 -10.659702 -1.295381  0.995189 0.096505 -0.016877  0.922919 0.513991 1 64 1.000000
0  -3.077074 -10.659702 -0.512789  0.995190 0.096504 -0.016867  0.922919 0.513805 1 64 1.000000
0  -3.077697 -10.790062 -0.589995  0.995189 0.096505 -0.016877  0.922960 0.513817 1 64 1.000000
lowpoly_plastic
0  -3.102300 -10.794294 -1.295381  0.317362 -0.948289 -0.005376  0.888553 0.513841 1 64 1.000000
0  -3.077697 -10.790062 -1.295381  0.317362 -0.948289 -0.005372  0.888545 0.513841 1 64 1.000000
0  -3.077697 -10.790062 -0.589995  0.317362 -0.948289 -0.005369  0.888545 0.513616 1 64 1.000000
lowpoly_plastic
0  -3.983110 -10.659702 -1.295381  -0.994970 0.098817 -0.016434  0.921200 0.512280 1 64 1.000000
0  -4.007712 -10.790062 -1.295381  -0.994970 0.098819 -0.016441  0.921199 0.512238 1 64 1.000000
0  -4.007712 -10.790062 -0.589995  -0.994970 0.098818 -0.016435  0.921422 0.512237 1 64 1.000000
lowpoly_plastic
0  -3.983110 -10.659702 -1.295381  -0.323042 -0.946370 -0.005152  0.893551 0.513288 1 64 1.000000
0  -4.007706 -10.659702 -0.512789  -0.323056 -0.946365 -0.005219  0.893551 0.513038 1 64 1.000000
0  -4.006668 -10.655470 -0.590312  -0.323054 -0.946367 -0.005106  0.893558 0.513063 1 64 1.000000
lowpoly_plastic
0  -3.983110 -10.794294 -1.295381  -0.310824 -0.950453 -0.005181  0.890557 0.513679 1 64 1.000000
0  -4.007706 -10.794294 -0.512767  -0.310828 -0.950452 -0.005195  0.890557 0.513430 1 64 1.000000
0  -4.007712 -10.790062 -0.589995  -0.310826 -0.950453 -0.005151  0.890565 0.513454 1 64 1.000000
lowpoly_plastic
0  -3.983110 -10.794294 -1.295381  -0.994901 0.099506 -0.016430  0.921200 0.512237 1 64 1.000000
0  -4.007712 -10.923746 -1.295381  -0.994901 0.099506 -0.016433  0.921198 0.512196 1 64 1.000000
0  -4.007712 -10.923746 -0.589995  -0.994901 0.099506 -0.016435  0.921422 0.512195 1 64 1.000000
lowpoly_plastic
0  -3.983110 -10.927979 -1.295381  -0.301913 -0.953324 -0.004768  0.892876 0.510943 1 64 1.000000
0  -4.006811 -10.927979 -0.512746  -0.301910 -0.953324 -0.004865  0.892876 0.510693 1 64 1.000000
0  -4.007712 -10.923746 -0.589995  -0.301910 -0.953324 -0.004823  0.892884 0.510718 1 64 1.000000
lowpoly_plastic
0  -3.983110 -10.927979 -1.295381  -0.994582 0.102742 -0.015825  0.921200 0.512195 1 64 1.000000
0  -4.007712 -11.057430 -1.295381  -0.994582 0.102743 -0.015829  0.921198 0.512153 1 64 1.000000
0  -4.007712 -11.057430 -0.589995  -0.994582 0.102743 -0.015830  0.921422 0.512152 1 64 1.000000
lowpoly_plastic
0  -3.983110 -11.061664 -1.295381  -0.302597 -0.953106 -0.004869  0.890687 0.513608 1 64 1.000000
0  -4.006882 -11.061663 -0.512724  -0.302594 -0.953107 -0.004890  0.890687 0.513358 1 64 1.000000
0  -4.007712 -11.057430 -0.589995  -0.302596 -0.953107 -0.004837  0.890695 0.513383 1 64 1.000000
lowpoly_plastic
0  -3.983110 -11.061664 -1.295381  -0.994608 0.102482 -0.015874  0.921199 0.512152 1 64 1.000000
0  -4.007715 -11.191114 -1.295381  -0.994608 0.102483 -0.015877  0.921198 0.512110 1 64 1.000000
0  -4.007712 -11.191114 -0.589995  -0.994608 0.102483 -0.015878  0.921422 0.512110 1 64 1.000000
lowpoly_plastic
0  -3.983110 -11.195347 -1.295381  -0.303276 -0.952890 -0.004876  0.889003 0.513003 1 64 1.000000
0  -4.006954 -11.195347 -0.512702  -0.303283 -0.952888 -0.004933  0.889003 0.512753 1 64 1.000000
0  -4.007712 -11.191114 -0.589995  -0.303279 -0.952890 -0.004871  0.889011 0.512778 1 64 1.000000
lowpoly_plastic
0  -3.983110 -11.195347 -1.295381  -0.994634 0.102226 -0.015922  0.921199 0.512109 1 64 1.000000
0  -4.007712 -11.324799 -1.295381  -0.994633 0.102227 -0.015925  0.921198 0.512068 1 64 1.000000
0  -4.007712 -11.324799 -0.589995  -0.994633 0.102227 -0.015926  0.921422 0.512067 1 64 1.000000
lowpoly_plastic
0  -3.983110 -11.329032 -1.295381  -0.303930 -0.952682 -0.004852  0.890557 0.513430 1 64 1.000000
0  -4.007025 -11.329031 -0.512681  -0.303920 -0.952685 -0.004947  0.890557 0.513180 1 64 1.000000
0  -4.007712 -11.324799 -0.589995  -0.303926 -0.952683 -0.004877  0.890565 0.513205 1 64 1.000000
lowpoly_plastic
0  -3.983110 -11.329032 -1.295381  -0.994662 0.101946 -0.015974  0.921199 0.512067 1 64 1.000000
0  -4.007712 -11.458483 -1.295381  -0.994662 0.101947 -0.015978  0.921198 0.512025 1 64 1.000000
0  -4.007712 -11.458483 -0.589995  -0.994662 0.101947 -0.015979  0.921421 0.512024 1 64 1.000000
lowpoly_plastic
0  -3.983109 -11.462716 -1.295381  -0.304602 -0.952467 -0.004959  0.892232 0.513263 1 64 1.000000
0  -4.007096 -11.462715 -0.512659  -0.304592 -0.952470 -0.004977  0.892232 0.513014 1 64 1.000000
0  -4.007712 -11.458483 -0.589995  -0.304600 -0.952468 -0.004899  0.892240 0.513038 1 64 1.000000
lowpoly_plastic
0  -3.983109 -11.462716 -1.295381  -0.994685 0.101710 -0.016018  0.921199 0.512024 1 64 1.000000
0  -4.007712 -11.592168 -1.295381  -0.994685 0.101711 -0.016022  0.921198 0.511983 1 64 1.000000
0  -4.007712 -11.592168 -0.589995  -0.994685 0.101711 -0.016023  0.921421 0.511982 1 64 1.000000
lowpoly_plastic
0  -3.983109 -11.596400 -1.295381  -0.305264 -0.952255 -0.004960  0.890557 0.513180 1 64 1.000000
0  -4.007168 -11.596399 -0.512638  -0.305259 -0.952256 -0.005016  0.890557 0.512930 1 64 1.000000
0  -4.007712 -11.592168 -0.589995  -0.305264 -0.952255 -0.004930  0.890565 0.512955 1 64 1.000000
lowpoly_plastic
0  -3.983109 -11.596400 -1.295381  -0.994713 0.101429 -0.016071  0.921199 0.511981 1 64 1.000000
0  -4.007712 -11.725852 -1.295381  -0.994713 0.101429 -0.016074  0.921198 0.511940 1 64 1.000000
0  -4.007712 -11.725852 -0.589995  -0.994713 0.101430 -0.016075  0.921421 0.511939 1 64 1.000000
lowpoly_plastic
0  -3.983109 -11.730084 -1.295381  -0.305935 -0.952040 -0.004955  0.892232 0.513014 1 64 1.000000
0  -4.007239 -11.730083 -0.512616  -0.305934 -0.952040 -0.004937  0.892232 0.512764 1 64 1.000000
0  -4.007712 -11.725852 -0.589995  -0.305935 -0.952040 -0.004962  0.892240 0.512789 1 64 1.000000
lowpoly_plastic
0  -3.983109 -11.730084 -1.295381  -0.994736 0.101194 -0.016115  0.921199 0.511939 1 64 1.000000
0  -4.007712 -11.859536 -1.295381  -0.994736 0.101195 -0.016118  0.921198 0.511897 1 64 1.000000
0  -4.007712 -11.859536 -0.589995  -0.994736 0.101195 -0.016119  0.921421 0.511896 1 64 1.000000
lowpoly_plastic
0  -3.983109 -11.863769 -1.295381  -0.306666 -0.951804 -0.004950  0.890557 0.512930 1 64 1.000000
0  -4.007310 -11.863768 -0.512594  -0.306664 -0.951805 -0.004975  0.890557 0.512681 1 64 1.000000
0  -4.007712 -11.859536 -0.589995  -0.306664 -0.951805 -0.004995  0.890565 0.512705 1 64 1.000000
lowpoly_plastic
0  -3.983109 -11.863769 -1.295381  -0.994898 0.099617 -0.015950  0.921199 0.511896 1 64 1.000000
0  -4.007715 -11.993220 -1.295381  -0.994898 0.099616 -0.015949  0.921198 0.511855 1 64 1.000000
0  -4.007382 -11.993220 -0.590096  -0.994898 0.099616 -0.015948  0.921421 0.511854 1 64 1.000000
lowpoly_plastic
0  -3.102300 -10.794294 -1.295381  0.995123 0.097188 -0.016871  0.922929 0.511473 1 64 1.000000
0  -3.077074 -10.794294 -0.512767  0.995123 0.097188 -0.016870  0.922929 0.511286 1 64 1.000000
0  -3.077697 -10.923746 -0.589995  0.995123 0.097188 -0.016870  0.922970 0.511298 1 64 1.000000
lowpoly_plastic
0  -3.102300 -10.927979 -1.295381  0.317362 -0.948289 -0.005376  0.890695 0.513858 1 64 1.000000
0  -3.077697 -10.923746 -1.295381  0.317362 -0.948289 -0.005372  0.890687 0.513858 1 64 1.000000
0  -3.077697 -10.923746 -0.589995  0.317362 -0.948289 -0.005369  0.890687 0.513633 1 64 1.000000
lowpoly_plastic
0  -3.102300 -10.927979 -1.295381  0.995124 0.097179 -0.016873  0.922930 0.512109 1 64 1.000000
0  -3.077074 -10.927979 -0.512809  0.995124 0.097178 -0.016865  0.922930 0.511923 1 64 1.000000
0  -3.077697 -11.057430 -0.589995  0.995124 0.097180 -0.016874  0.922971 0.511935 1 64 1.000000
lowpoly_plastic
0  -3.102300 -11.061664 -1.295381  0.317443 -0.948262 -0.005378  0.890565 0.513929 1 64 1.000000
0  -3.077697 -11.057430 -1.295381  0.317443 -0.948262 -0.005374  0.890557 0.513929 1 64 1.000000
0  -3.077697 -11.057430 -0.589995  0.317444 -0.948262 -0.005371  0.890557 0.513704 1 64 1.000000
lowpoly_plastic
0  -3.102300 -11.061664 -1.295381  0.995124 0.097180 -0.016872  0.922930 0.511881 1 64 1.000000
0  -3.077074 -11.061664 -0.512809  0.995124 0.097178 -0.016865  0.922930 0.511694 1 64 1.000000
0  -3.077697 -11.191114 -0.589995  0.995124 0.097180 -0.016873  0.922971 0.511707 1 64 1.000000
lowpoly_plastic
0  -3.102300 -11.195348 -1.295381  0.317426 -0.948268 -0.005375  0.892240 0.513513 1 64 1.000000
0  -3.077694 -11.191114 -1.295381  0.317426 -0.948268 -0.005371  0.892232 0.513513 1 64 1.000000
0  -3.077697 -11.191114 -0.589995  0.317426 -0.948268 -0.005368  0.892232 0.513288 1 64 1.000000
lowpoly_plastic
0  -3.102300 -11.195348 -1.295381  0.995124 0.097180 -0.016872  0.922930 0.511694 1 64 1.000000
0  -3.077074 -11.195348 -0.512809  0.995124 0.097178 -0.016865  0.922930 0.511507 1 64 1.000000
0  -3.077697 -11.324799 -0.589995  0.995124 0.097180 -0.016873  0.922971 0.511520 1 64 1.000000
lowpoly_plastic
0  -3.102300 -11.329031 -1.295381  0.317362 -0.948289 -0.005376  0.892806 0.514081 1 64 1.000000
0  -3.077697 -11.324799 -1.295381  0.317362 -0.948289 -0.005372  0.892798 0.514081 1 64 1.000000
0  -3.077697 -11.324799 -0.589995  0.317362 -0.948289 -0.005369  0.892798 0.513856 1 64 1.000000
lowpoly_plastic
0  -3.102300 -11.329031 -1.295381  0.995124 0.097179 -0.016872  0.922921 0.515781 1 64 1.000000
0  -3.077074 -11.329031 -0.512809  0.995124 0.097178 -0.016865  0.922921 0.515594 1 64 1.000000
0  -3.077697 -11.458483 -0.589995  0.995124 0.097180 -0.016873  0.922962 0.515607 1 64 1.000000
lowpoly_plastic
0  -3.102300 -11.462716 -1.295381  0.317443 -0.948262 -0.005378  0.888553 0.514091 1 64 1.000000
0  -3.077697 -11.458483 -1.295381  0.317443 -0.948262 -0.005374  0.888545 0.514091 1 64 1.000000
0  -3.077697 -11.458483 -0.589995  0.317444 -0.948262 -0.005371  0.888545 0.513866 1 64 1.000000
lowpoly_plastic
0  -3.102300 -11.462716 -1.295381  0.995124 0.097179 -0.016873  0.922921 0.515594 1 64 1.000000
0  -3.077074 -11.462716 -0.512809  0.995124 0.097178 -0.016865  0.922921 0.515408 1 64 1.000000
0  -3.077697 -11.592168 -0.589995  0.995124 0.097180 -0.016874  0.922962 0.515420 1 64 1.000000
lowpoly_plastic
0  -3.102300 -11.596400 -1.295381  0.317362 -0.948289 -0.005376  0.892240 0.513762 1 64 1.000000
0  -3.077697 -11.592168 -1.295381  0.317362 -0.948289 -0.005372  0.892232 0.513762 1 64 1.000000
0  -3.077697 -11.592168 -0.589995  0.317362 -0.948289 -0.005369  0.892232 0.513537 1 64 1.000000
lowpoly_plastic
0  -3.102300 -11.596400 -1.295381  0.995124 0.097180 -0.016872  0.922929 0.515303 1 64 1.000000
0  -3.077074 -11.596400 -0.512809  0.995124 0.097178 -0.016865  0.922929 0.515116 1 64 1.000000
0  -3.077697 -11.725851 -0.589995  0.995124 0.097180 -0.016873  0.922971 0.515129 1 64 1.000000
lowpoly_plastic
0  -3.102300 -11.730084 -1.295381  0.317443 -0.948262 -0.005378  0.890695 0.514107 1 64 1.000000
0  -3.077697 -11.725851 -1.295381  0.317443 -0.948262 -0.005374  0.890687 0.514107 1 64 1.000000
0  -3.077697 -11.725851 -0.589995  0.317444 -0.948262 -0.005371  0.890687 0.513882 1 64 1.000000
lowpoly_plastic
0  -3.102300 -11.730084 -1.295381  0.995124 0.097180 -0.016873  0.922924 0.513103 1 64 1.000000
0  -3.077074 -11.730084 -0.512809  0.995124 0.097179 -0.016865  0.922924 0.512916 1 64 1.000000
0  -3.077697 -11.859535 -0.589995  0.995124 0.097180 -0.016873  0.922965 0.512929 1 64 1.000000
lowpoly_plastic
0  -3.102300 -11.863769 -1.295381  0.317443 -0.948262 -0.005378  0.892232 0.514201 1 64 1.000000
0  -3.077697 -11.859535 -1.295381  0.317444 -0.948262 -0.005374  0.892225 0.514201 1 64 1.000000
0  -3.077697 -11.859535 -0.589995  0.317444 -0.948262 -0.005371  0.892225 0.513976 1 64 1.000000
lowpoly_plastic
0  -3.102300 -11.863769 -1.295381  0.995122 0.097201 -0.016873  0.919786 0.514057 1 64 1.000000
0  -3.077074 -11.863769 -0.512809  0.995122 0.097199 -0.016866  0.919599 0.514056 1 64 1.000000
0  -3.077694 -11.993219 -0.589995  0.995122 0.097201 -0.016874  0.919612 0.514015 1 64 1.000000
lowpoly_plastic
0  -3.077694 -11.993219 -1.295381  0.999950 0.010030 -0.000378  0.045688 0.749953 1 64 1.000000
0  -3.077694 -11.993219 -0.589995  0.999950 0.010030 -0.000378  0.045520 0.749951 1 64 1.000000
0  -3.077074 -12.021312 -0.400489  0.999950 0.010030 -0.000377  0.045533 0.749919 1 64 1.000000
lowpoly_plastic
0  -3.077432 -9.930092 -1.295381  0.202524 0.968556 0.144509  0.048273 0.751498 1 64 1.000000
0  -3.222850 -9.898740 -1.295381  0.202524 0.968556 0.144509  0.048226 0.751499 1 64 1.000000
0  -3.159358 -9.927219 -1.175493  0.202522 0.968557 0.144508  0.048247 0.751460 1 64 1.000000
lowpoly_plastic
0  -3.222850 -9.898740 -1.295381  0.202503 0.968559 0.144520  0.048226 0.751499 1 64 1.000000
0  -3.222850 -9.920496 -1.175493  0.202508 0.968556 0.144536  0.048226 0.751460 1 64 1.000000
0  -3.159358 -9.927219 -1.175493  0.202504 0.968558 0.144522  0.048247 0.751460 1 64 1.000000
lowpoly_plastic
0  -3.222850 -9.963875 -0.928622  -0.011036 0.000416 -0.999939  0.891577 0.513271 1 64 1.000000
0  -3.254832 -12.021312 -0.929976  -0.011036 0.000414 -0.999939  0.891586 0.512590 1 64 1.000000
0  -3.300066 -12.021312 -0.928622  -0.011036 0.000415 -0.999939  0.891599 0.512590 1 64 1.000000
lowpoly_plastic
0  -3.388549 -10.224254 -0.396240  0.000000 -1.000000 0.000000  0.893956 0.514324 1 64 1.000000
0  -3.388590 -10.224254 -0.829035  0.000000 -1.000000 0.000000  0.893956 0.514462 1 64 1.000000
0  -3.300066 -10.224254 -0.829030  0.000000 -1.000000 0.000000  0.893928 0.514462 1 64 1.000000
lowpoly_plastic
0  -3.388630 -10.324333 -1.072866  0.000028 0.000000 -1.000000  0.893380 0.513038 1 64 1.000000
0  -3.388630 -12.021312 -1.072866  0.000028 0.000000 -1.000000  0.893380 0.512472 1 64 1.000000
0  -3.679050 -12.021312 -1.072874  0.000028 0.000000 -1.000000  0.893461 0.512473 1 64 1.000000
lowpoly_plastic
0  -3.679050 -10.324333 -1.072874  -1.000000 0.000000 0.000000  0.891120 0.514498 1 64 1.000000
0  -3.679050 -12.021312 -1.072874  -1.000000 0.000000 0.000000  0.891120 0.513933 1 64 1.000000
0  -3.679050 -12.021312 -0.935710  -1.000000 0.000000 0.000000  0.891163 0.513933 1 64 1.000000
lowpoly_plastic
0  -3.159358 -9.945030 -1.072877  -0.000097 0.000000 -1.000000  0.893265 0.513404 1 64 1.000000
0  -3.159358 -12.021313 -1.072877  -0.000097 0.000000 -1.000000  0.893253 0.512717 1 64 1.000000
0  -3.222850 -12.021312 -1.072870  -0.000097 0.000000 -1.000000  0.893270 0.512717 1 64 1.000000
lowpoly_plastic
0  -3.382748 -10.262224 -0.213443  -0.999854 0.013626 0.010329  0.888394 0.514409 1 64 1.000000
0  -3.388637 -9.981971 -0.724621  -0.999854 0.013626 0.010330  0.888444 0.514588 1 64 1.000000
0  -3.388590 -10.224254 -0.829035  -0.999854 0.013626 0.010329  0.888362 0.514602 1 64 1.000000
lowpoly_plastic
0  -3.300066 -9.955076 -0.928622  -1.000000 -0.000000 -0.000000  0.892517 0.511413 1 64 1.000000
0  -3.300066 -12.021312 -0.928622  -1.000000 -0.000000 -0.000000  0.892525 0.510730 1 64 1.000000
0  -3.300066 -10.324333 -0.829030  -1.000000 -0.000000 -0.000000  0.892548 0.511295 1 64 1.000000
lowpoly_plastic
0  -3.300066 -9.972388 -0.829030  0.000056 0.000000 -1.000000  0.889392 0.512585 1 64 1.000000
0  -3.300066 -10.224254 -0.829030  0.000056 0.000000 -1.000000  0.889392 0.512505 1 64 1.000000
0  -3.388590 -10.224254 -0.829035  0.000056 0.000000 -1.000000  0.889416 0.512505 1 64 1.000000
lowpoly_plastic
0  -3.703446 -10.324326 -0.220022  -0.000071 1.000000 0.000050  0.892668 0.514024 1 64 1.000000
0  -3.542390 -10.324316 -0.184436  -0.000071 1.000000 0.000050  0.892720 0.514013 1 64 1.000000
0  -3.696453 -10.324316 -0.396240  -0.000071 1.000000 0.000050  0.892671 0.514081 1 64 1.000000
lowpoly_plastic
0  -3.542390 -10.324316 -0.184436  0.000000 1.000000 -0.000002  0.892720 0.514013 1 64 1.000000
0  -3.382749 -10.324316 -0.213444  0.000000 1.000000 -0.000002  0.892771 0.514022 1 64 1.000000
0  -3.388549 -10.324316 -0.396240  0.000000 1.000000 -0.000002  0.892769 0.514081 1 64 1.000000
lowpoly_plastic
0  -3.696453 -10.324316 -0.396240  0.999221 -0.000543 0.039455  0.892095 0.513352 1 64 1.000000
0  -3.696453 -10.224254 -0.396240  0.999221 -0.000543 0.039455  0.892093 0.513384 1 64 1.000000
0  -3.703374 -10.262233 -0.220118  0.999221 -0.000543 0.039455  0.892053 0.513369 1 64 1.000000
lowpoly_plastic
0  -3.388549 -10.324316 -0.396240  0.000194 1.000000 0.000000  0.892769 0.514081 1 64 1.000000
0  -3.300066 -10.324333 -0.484723  0.000194 1.000000 0.000000  0.892797 0.514109 1 64 1.000000
0  -3.300066 -10.324333 -0.829030  0.000194 1.000000 0.000000  0.892797 0.514219 1 64 1.000000
lowpoly_plastic
0  -3.382749 -10.324316 -0.213444  -0.999497 0.000010 0.031722  0.888375 0.514405 1 64 1.000000
0  -3.382748 -10.262224 -0.213443  -0.999497 0.000010 0.031722  0.888394 0.514409 1 64 1.000000
0  -3.388549 -10.224254 -0.396240  -0.999497 0.000010 0.031722  0.888393 0.514469 1 64 1.000000
lowpoly_plastic
0  -3.696453 -10.224254 -0.396240  0.707114 0.000000 -0.707100  0.892093 0.513384 1 64 1.000000
0  -3.696453 -10.324316 -0.396240  0.707114 0.000000 -0.707100  0.892095 0.513352 1 64 1.000000
0  -3.782670 -10.324333 -0.482457  0.707114 0.000000 -0.707100  0.892133 0.513353 1 64 1.000000
lowpoly_plastic
0  -3.300066 -10.224254 -0.484723  -0.707102 0.000000 -0.707111  0.889726 0.514366 1 64 1.000000
0  -3.300066 -10.324333 -0.484723  -0.707102 0.000000 -0.707111  0.889694 0.514366 1 64 1.000000
0  -3.388549 -10.324316 -0.396240  -0.707102 0.000000 -0.707111  0.889694 0.514328 1 64 1.000000
lowpoly_plastic
0  -3.300066 -10.224254 -0.829030  -1.000000 0.000000 0.000000  0.892548 0.511327 1 64 1.000000
0  -3.300066 -10.324333 -0.829030  -1.000000 0.000000 0.000000  0.892548 0.511295 1 64 1.000000
0  -3.300066 -10.324333 -0.484723  -1.000000 0.000000 0.000000  0.892657 0.511295 1 64 1.000000
lowpoly_plastic
0  -3.861930 -9.920496 -1.175493  1.000000 0.000000 0.000553  0.888488 0.513591 1 64 1.000000
0  -3.861930 -12.021312 -1.175493  1.000000 0.000000 0.000553  0.888481 0.512897 1 64 1.000000
0  -3.861864 -12.021312 -1.295377  1.000000 0.000000 0.000553  0.888510 0.512897 1 64 1.000000
lowpoly_plastic
0  -3.925422 -9.927219 -1.175493  0.000000 0.000000 1.000000  0.893331 0.510948 1 64 1.000000
0  -3.925422 -12.021312 -1.175493  0.000000 0.000000 1.000000  0.893319 0.510256 1 64 1.000000
0  -3.861930 -12.021312 -1.175493  0.000000 0.000000 1.000000  0.893336 0.510256 1 64 1.000000
lowpoly_plastic
0  -3.925422 -9.945030 -1.072877  1.000000 0.000000 0.000000  0.893331 0.513325 1 64 1.000000
0  -3.925422 -12.021313 -1.072877  1.000000 0.000000 0.000000  0.893340 0.512639 1 64 1.000000
0  -3.925422 -12.021312 -1.175493  1.000000 0.000000 0.000000  0.893364 0.512640 1 64 1.000000
lowpoly_plastic
0  -3.861930 -9.938579 -1.072870  0.000096 0.000000 -1.000000  0.893299 0.508977 1 64 1.000000
0  -3.861930 -12.021312 -1.072870  0.000096 0.000000 -1.000000  0.893287 0.509666 1 64 1.000000
0  -3.925422 -12.021313 -1.072877  0.000096 0.000000 -1.000000  0.893270 0.509665 1 64 1.000000
lowpoly_plastic
0  -3.714149 -10.642406 -0.227307  -0.231126 -0.006323 0.972903  0.047883 0.748222 1 64 1.000000
0  -3.542390 -10.659536 -0.183947  -0.231125 -0.006323 0.972903  0.047921 0.748215 1 64 1.000000
0  -3.542390 -10.324316 -0.184436  -0.231126 -0.006324 0.972903  0.047921 0.748322 1 64 1.000000
lowpoly_plastic
0  -3.382749 -10.324316 -0.213444  0.197755 -0.007923 0.980219  0.047968 0.748321 1 64 1.000000
0  -3.542390 -10.324316 -0.184436  0.197754 -0.007925 0.980220  0.047921 0.748322 1 64 1.000000
0  -3.542390 -10.659536 -0.183947  0.197754 -0.007925 0.980220  0.047921 0.748215 1 64 1.000000
lowpoly_plastic
0  -4.007382 -11.993220 -0.590096  -0.999984 -0.005683 -0.000169  0.047329 0.747791 1 64 1.000000
0  -4.007715 -11.993220 -1.295381  -0.999984 -0.005683 -0.000168  0.047106 0.747792 1 64 1.000000
0  -4.007102 -12.021312 -1.295381  -0.999984 -0.005683 -0.000168  0.047128 0.747758 1 64 1.000000
lowpoly_plastic
0  -3.372515 -10.642390 -0.221287  0.005426 -0.913844 -0.406030  0.006723 0.761964 1 64 1.000000
0  -3.714149 -10.642406 -0.227307  0.005425 -0.913844 -0.406030  0.006722 0.762051 1 64 1.000000
0  -3.801557 -10.613005 -0.293163  0.005426 -0.913844 -0.406030  0.006706 0.762073 1 64 1.000000
lowpoly_plastic
0  -3.285659 -10.962485 -0.287816  -0.009861 0.000745 0.999951  0.006038 0.763206 1 64 1.000000
0  -3.285656 -10.612982 -0.287812  -0.009861 0.000745 0.999951  0.006038 0.763296 1 64 1.000000
0  -3.801557 -10.613005 -0.293163  -0.009861 0.000745 0.999951  0.005929 0.763299 1 64 1.000000
lowpoly_plastic
0  -3.372517 -10.933077 -0.221290  0.004874 0.913719 -0.406317  0.006333 0.765996 1 64 1.000000
0  -3.285659 -10.962485 -0.287816  0.004874 0.913719 -0.406317  0.006350 0.765974 1 64 1.000000
0  -3.801964 -10.962507 -0.292623  0.004874 0.913719 -0.406317  0.006350 0.766106 1 64 1.000000
lowpoly_plastic
0  -3.077520 -10.070723 -1.295381  0.000079 -0.495111 -0.868830  0.893174 0.510971 1 64 1.000000
0  -3.077351 -10.362295 -1.129223  0.000079 -0.495111 -0.868830  0.893200 0.510878 1 64 1.000000
0  -3.140765 -10.362316 -1.129217  0.000079 -0.495111 -0.868830  0.893217 0.510878 1 64 1.000000
lowpoly_plastic
0  -3.077351 -10.362295 -1.129223  -0.000317 0.773742 -0.633500  0.891202 0.513931 1 64 1.000000
0  -3.077609 -10.498336 -1.295381  -0.000317 0.773742 -0.633500  0.891202 0.513984 1 64 1.000000
0  -3.141023 -10.498357 -1.295374  -0.000317 0.773742 -0.633500  0.891182 0.513984 1 64 1.000000
lowpoly_plastic
0  -3.542390 -10.324333 -0.807833  0.707107 0.000000 0.707107  0.889245 0.514554 1 64 1.000000
0  -3.660183 -10.324333 -0.690040  0.707107 0.000000 0.707107  0.889193 0.514554 1 64 1.000000
0  -3.660183 -11.375583 -0.690040  0.707107 0.000000 0.707107  0.889193 0.514219 1 64 1.000000
lowpoly_plastic
0  -3.424597 -11.375583 -0.690040  0.000000 1.000000 0.000000  0.893033 0.511379 1 64 1.000000
0  -3.542390 -11.375583 -0.807833  0.000000 1.000000 0.000000  0.893033 0.511432 1 64 1.000000
0  -3.542390 -11.375583 -0.773462  0.000000 1.000000 0.000000  0.893025 0.511424 1 64 1.000000
lowpoly_plastic
0  -3.424597 -10.324333 -0.690040  -0.707106 0.000000 0.707107  0.893860 0.510538 1 64 1.000000
0  -3.542390 -10.324333 -0.807833  -0.707106 0.000000 0.707107  0.893818 0.510537 1 64 1.000000
0  -3.542390 -11.375583 -0.807833  -0.707106 0.000000 0.707107  0.893818 0.510202 1 64 1.000000
lowpoly_plastic
0  -3.542390 -10.324333 -0.572247  -0.707106 0.000000 -0.707107  0.892487 0.514555 1 64 1.000000
0  -3.424597 -10.324333 -0.690040  -0.707106 0.000000 -0.707107  0.892436 0.514555 1 64 1.000000
0  -3.424597 -11.375583 -0.690040  -0.707106 0.000000 -0.707107  0.892436 0.514220 1 64 1.000000
lowpoly_plastic
0  -3.660183 -10.324333 -0.690040  0.707107 0.000000 -0.707107  0.889393 0.513992 1 64 1.000000
0  -3.542390 -10.324333 -0.572247  0.707107 0.000000 -0.707107  0.889340 0.513992 1 64 1.000000
0  -3.542390 -11.375583 -0.572247  0.707107 0.000000 -0.707107  0.889340 0.513657 1 64 1.000000
lowpoly_plastic
0  -3.542390 -11.375583 -0.572247  0.000000 1.000000 0.000000  0.892980 0.511379 1 64 1.000000
0  -3.424597 -11.375583 -0.690040  0.000000 1.000000 0.000000  0.893033 0.511379 1 64 1.000000
0  -3.458969 -11.375583 -0.690040  0.000000 1.000000 0.000000  0.893025 0.511387 1 64 1.000000
lowpoly_plastic
0  -3.660183 -11.375583 -0.690040  0.000000 1.000000 0.000000  0.892980 0.511432 1 64 1.000000
0  -3.542390 -11.375583 -0.572247  0.000000 1.000000 0.000000  0.892980 0.511379 1 64 1.000000
0  -3.542390 -11.375583 -0.606618  0.000000 1.000000 0.000000  0.892987 0.511387 1 64 1.000000
lowpoly_plastic
0  -3.542390 -11.375583 -0.807833  0.000000 1.000000 0.000000  0.893033 0.511432 1 64 1.000000
0  -3.660183 -11.375583 -0.690040  0.000000 1.000000 0.000000  0.892980 0.511432 1 64 1.000000
0  -3.625812 -11.375583 -0.690040  0.000000 1.000000 0.000000  0.892987 0.511424 1 64 1.000000
lowpoly_plastic
0  -3.696453 -10.224254 -0.935711  0.000000 -1.000000 0.000000  0.893056 0.514766 1 64 1.000000
0  -3.696453 -10.224254 -0.782434  0.000000 -1.000000 0.000000  0.893056 0.514717 1 64 1.000000
0  -3.782670 -10.224254 -0.833014  0.000000 -1.000000 0.000000  0.893083 0.514734 1 64 1.000000
lowpoly_plastic
0  -3.782670 -10.224254 -0.606541  1.000000 0.000000 0.000000  0.892162 0.513387 1 64 1.000000
0  -3.782670 -10.224254 -0.482457  1.000000 0.000000 0.000000  0.892132 0.513385 1 64 1.000000
0  -3.782670 -10.324333 -0.482457  1.000000 0.000000 0.000000  0.892133 0.513353 1 64 1.000000
lowpoly_plastic
0  -3.782670 -10.224254 -0.935714  1.000000 -0.000004 0.000000  0.893673 0.512588 1 64 1.000000
0  -3.782670 -10.224254 -0.833014  1.000000 -0.000004 0.000000  0.893648 0.512587 1 64 1.000000
0  -3.782670 -10.324333 -0.831783  1.000000 -0.000004 0.000000  0.893648 0.512555 1 64 1.000000
lowpoly_plastic
0  -3.696453 -10.224254 -0.935711  1.000000 0.000000 0.000040  0.893965 0.513496 1 64 1.000000
0  -3.696453 -9.944059 -0.935711  1.000000 0.000000 0.000040  0.893965 0.513585 1 64 1.000000
0  -3.696459 -9.978329 -0.787125  1.000000 0.000000 0.000040  0.893930 0.513573 1 64 1.000000
lowpoly_plastic
0  -3.782670 -10.324333 -0.831783  -0.000032 1.000000 -0.000025  0.892643 0.514220 1 64 1.000000
0  -3.667411 -10.324327 -0.766007  -0.000032 1.000000 -0.000025  0.892680 0.514199 1 64 1.000000
0  -3.679050 -10.324333 -0.935710  -0.000032 1.000000 -0.000025  0.892676 0.514253 1 64 1.000000
lowpoly_plastic
0  -3.782670 -10.224254 -0.833014  -0.505255 0.016121 0.862820  0.889014 0.514383 1 64 1.000000
0  -3.696453 -10.224254 -0.782434  -0.505255 0.016120 0.862820  0.889033 0.514383 1 64 1.000000
0  -3.696459 -9.978329 -0.787125  -0.505255 0.016120 0.862820  0.889035 0.514461 1 64 1.000000
lowpoly_plastic
0  -3.782670 -10.224254 -0.833014  0.323650 0.093008 0.941595  0.893783 0.512457 1 64 1.000000
0  -3.813146 -9.979636 -0.855351  0.323650 0.092997 0.941596  0.893779 0.512535 1 64 1.000000
0  -3.783941 -11.718984 -0.684945  0.323649 0.092987 0.941597  0.893771 0.511860 1 64 1.000000
lowpoly_plastic
0  -3.782670 -10.324333 -0.603977  0.627564 0.040252 -0.777523  0.892162 0.513355 1 64 1.000000
0  -3.783941 -11.718984 -0.684945  0.627564 0.040252 -0.777523  0.892182 0.512790 1 64 1.000000
0  -3.812039 -10.061978 -0.614100  0.627565 0.040250 -0.777523  0.892168 0.513439 1 64 1.000000
lowpoly_plastic
0  -3.782670 -10.224254 -0.606541  -0.550428 -0.081894 -0.830856  0.893665 0.514683 1 64 1.000000
0  -3.812039 -10.061978 -0.614100  -0.550426 -0.081889 -0.830858  0.893672 0.514735 1 64 1.000000
0  -3.696356 -10.026730 -0.683191  -0.550425 -0.081885 -0.830859  0.893629 0.514746 1 64 1.000000
lowpoly_plastic
0  -3.813146 -9.979636 -0.855351  -0.186556 0.963220 0.193403  0.048620 0.750285 1 64 1.000000
0  -3.696459 -9.978329 -0.787125  -0.186557 0.963219 0.193403  0.048657 0.750263 1 64 1.000000
0  -3.696453 -9.944059 -0.935711  -0.186560 0.963218 0.193410  0.048657 0.750311 1 64 1.000000
lowpoly_plastic
0  -3.861930 -9.963542 -0.935717  -0.186548 0.963228 0.193369  0.048604 0.750311 1 64 1.000000
0  -3.861930 -9.938579 -1.072870  -0.186548 0.963228 0.193368  0.048604 0.750355 1 64 1.000000
0  -3.925422 -9.945030 -1.072877  -0.186548 0.963228 0.193369  0.048584 0.750355 1 64 1.000000
lowpoly_plastic
0  -3.813146 -9.979636 -0.855351  -0.186552 0.963221 0.193402  0.048620 0.750285 1 64 1.000000
0  -3.696453 -9.944059 -0.935711  -0.186550 0.963222 0.193400  0.048657 0.750311 1 64 1.000000
0  -3.861930 -9.963542 -0.935717  -0.186555 0.963219 0.193406  0.048604 0.750311 1 64 1.000000
lowpoly_plastic
0  -4.007715 -9.930202 -1.295381  -0.186601 0.963218 0.193366  0.048557 0.750426 1 64 1.000000
0  -4.007715 -10.031979 -0.724621  -0.186604 0.963215 0.193379  0.048557 0.750243 1 64 1.000000
0  -3.925422 -9.945030 -1.072877  -0.186601 0.963219 0.193365  0.048584 0.750355 1 64 1.000000
lowpoly_plastic
0  -4.007715 -10.031979 -0.724621  -0.186551 0.963224 0.193385  0.048557 0.750243 1 64 1.000000
0  -3.916389 -10.005003 -0.794956  -0.186550 0.963225 0.193381  0.048587 0.750266 1 64 1.000000
0  -3.925422 -9.945030 -1.072877  -0.186550 0.963225 0.193383  0.048584 0.750355 1 64 1.000000
lowpoly_plastic
0  -3.916389 -10.005003 -0.794956  -0.186557 0.963219 0.193404  0.048587 0.750266 1 64 1.000000
0  -3.813146 -9.979636 -0.855351  -0.186552 0.963222 0.193396  0.048620 0.750285 1 64 1.000000
0  -3.861930 -9.963542 -0.935717  -0.186556 0.963220 0.193402  0.048604 0.750311 1 64 1.000000
lowpoly_plastic
0  -3.916389 -10.005003 -0.794956  -0.186577 0.963216 0.193401  0.048587 0.750266 1 64 1.000000
0  -3.861930 -9.963542 -0.935717  -0.186578 0.963216 0.193401  0.048604 0.750311 1 64 1.000000
0  -3.925422 -9.945030 -1.072877  -0.186576 0.963216 0.193401  0.048584 0.750355 1 64 1.000000
lowpoly_plastic
0  -3.861930 -9.920496 -1.175493  -0.186577 0.963219 0.193387  0.048604 0.750388 1 64 1.000000
0  -3.861930 -9.898740 -1.295381  -0.186578 0.963220 0.193381  0.048604 0.750426 1 64 1.000000
0  -3.925422 -9.927219 -1.175493  -0.186581 0.963221 0.193371  0.048584 0.750387 1 64 1.000000
lowpoly_plastic
0  -3.861930 -9.898740 -1.295381  -0.186586 0.963221 0.193366  0.048604 0.750426 1 64 1.000000
0  -4.007715 -9.930202 -1.295381  -0.186590 0.963220 0.193367  0.048557 0.750426 1 64 1.000000
0  -3.925422 -9.927219 -1.175493  -0.186584 0.963222 0.193365  0.048584 0.750387 1 64 1.000000
lowpoly_plastic
0  -3.269610 -10.227363 -0.300097  0.089856 0.882748 0.461175  0.048211 0.751179 1 64 1.000000
0  -3.077061 -10.186534 -0.400471  0.089857 0.882747 0.461176  0.048253 0.751211 1 64 1.000000
0  -3.077061 -10.083194 -0.589995  0.089855 0.882749 0.461173  0.048273 0.751273 1 64 1.000000
lowpoly_plastic
0  -3.077061 -10.083194 -0.589995  0.089902 0.882773 0.461117  0.048273 0.751273 1 64 1.000000
0  -3.077181 -10.031944 -0.724621  0.089894 0.882775 0.461115  0.048273 0.751316 1 64 1.000000
0  -3.388637 -9.981971 -0.724621  0.089901 0.882773 0.461117  0.048174 0.751316 1 64 1.000000
lowpoly_plastic
0  -3.388637 -9.981971 -0.724621  0.089888 0.882753 0.461158  0.048174 0.751316 1 64 1.000000
0  -3.382748 -10.262224 -0.213443  0.089886 0.882753 0.461159  0.048175 0.751151 1 64 1.000000
0  -3.269610 -10.227363 -0.300097  0.089887 0.882753 0.461159  0.048211 0.751179 1 64 1.000000
lowpoly_plastic
0  -3.812039 -10.061978 -0.614100  -0.053564 0.881299 0.469513  0.048620 0.750208 1 64 1.000000
0  -3.915970 -10.024258 -0.674572  -0.053556 0.881301 0.469512  0.048587 0.750227 1 64 1.000000
0  -4.006362 -10.083194 -0.590405  -0.053559 0.881300 0.469512  0.048558 0.750200 1 64 1.000000
lowpoly_plastic
0  -3.915970 -10.024258 -0.674572  -0.053610 0.881337 0.469437  0.048587 0.750227 1 64 1.000000
0  -4.007715 -10.031979 -0.724621  -0.053626 0.881324 0.469460  0.048557 0.750243 1 64 1.000000
0  -4.006362 -10.083194 -0.590405  -0.053629 0.881319 0.469469  0.048558 0.750200 1 64 1.000000
lowpoly_plastic
0  -4.006362 -10.083194 -0.590405  -0.053555 0.881309 0.469496  0.048558 0.750200 1 64 1.000000
0  -4.006362 -10.186552 -0.404893  -0.053554 0.881309 0.469495  0.048576 0.750140 1 64 1.000000
0  -3.812039 -10.061978 -0.614100  -0.053553 0.881310 0.469495  0.048620 0.750208 1 64 1.000000
lowpoly_plastic
0  -4.006362 -10.186552 -0.404893  -0.053582 0.881318 0.469475  0.048576 0.750140 1 64 1.000000
0  -3.817218 -10.227376 -0.305884  -0.053582 0.881318 0.469475  0.048618 0.750108 1 64 1.000000
0  -3.812039 -10.061978 -0.614100  -0.053582 0.881318 0.469475  0.048620 0.750208 1 64 1.000000
lowpoly_plastic
0  -3.703374 -10.262233 -0.220118  -0.053591 0.881330 0.469453  0.048654 0.750081 1 64 1.000000
0  -3.696356 -10.026730 -0.683191  -0.053592 0.881329 0.469453  0.048657 0.750230 1 64 1.000000
0  -3.817218 -10.227376 -0.305884  -0.053592 0.881329 0.469453  0.048618 0.750108 1 64 1.000000
lowpoly_plastic
0  -3.372517 -10.933077 -0.221290  0.257214 -0.007293 0.966327  0.047972 0.748127 1 64 1.000000
0  -3.542390 -10.915930 -0.183947  0.257214 -0.007295 0.966327  0.047921 0.748133 1 64 1.000000
0  -3.542390 -12.021312 -0.184290  0.257213 -0.007299 0.966327  0.047921 0.747757 1 64 1.000000
lowpoly_plastic
0  -4.006362 -10.186552 -0.404893  -1.000000 0.000534 0.000297  0.047391 0.748367 1 64 1.000000
0  -4.006362 -10.083194 -0.590405  -1.000000 0.000534 0.000297  0.047330 0.748400 1 64 1.000000
0  -4.006668 -10.655470 -0.590312  -1.000000 0.000534 0.000297  0.047330 0.748217 1 64 1.000000
lowpoly_plastic
0  -4.006362 -10.186552 -0.404893  -1.000000 0.000827 -0.000105  0.047391 0.748367 1 64 1.000000
0  -4.006668 -10.655470 -0.590312  -1.000000 0.000827 -0.000104  0.047330 0.748217 1 64 1.000000
0  -4.007706 -10.659702 -0.512789  -1.000000 0.000827 -0.000104  0.047355 0.748216 1 64 1.000000
lowpoly_plastic
0  -4.007310 -11.863768 -0.512594  -1.000000 0.000838 -0.000139  0.047354 0.747832 1 64 1.000000
0  -4.007382 -11.993220 -0.590096  -1.000000 0.000838 -0.000139  0.047329 0.747791 1 64 1.000000
0  -4.007706 -12.021312 -0.400489  -1.000000 0.000838 -0.000139  0.047391 0.747758 1 64 1.000000
lowpoly_plastic
0  -4.007239 -11.730083 -0.512616  -1.000000 0.000820 -0.000158  0.047355 0.747875 1 64 1.000000
0  -4.007310 -11.863768 -0.512594  -1.000000 0.000820 -0.000158  0.047354 0.747832 1 64 1.000000
0  -4.007706 -12.021312 -0.400489  -1.000000 0.000820 -0.000158  0.047391 0.747758 1 64 1.000000
lowpoly_plastic
0  -4.007706 -12.021312 -0.400489  -1.000000 0.000818 -0.000196  0.047391 0.747758 1 64 1.000000
0  -4.006362 -10.186552 -0.404893  -1.000000 0.000818 -0.000196  0.047391 0.748367 1 64 1.000000
0  -4.006882 -11.061663 -0.512724  -1.000000 0.000818 -0.000196  0.047355 0.748088 1 64 1.000000
lowpoly_plastic
0  -4.006362 -10.186552 -0.404893  -1.000000 0.000826 -0.000089  0.047391 0.748367 1 64 1.000000
0  -4.007706 -10.659702 -0.512789  -1.000000 0.000826 -0.000089  0.047355 0.748216 1 64 1.000000
0  -4.007706 -10.794294 -0.512767  -1.000000 0.000826 -0.000089  0.047355 0.748173 1 64 1.000000
lowpoly_plastic
0  -4.007706 -10.794294 -0.512767  -1.000000 0.000822 -0.000101  0.047355 0.748173 1 64 1.000000
0  -4.006811 -10.927979 -0.512746  -1.000000 0.000820 -0.000102  0.047355 0.748130 1 64 1.000000
0  -4.006362 -10.186552 -0.404893  -1.000000 0.000823 -0.000101  0.047391 0.748367 1 64 1.000000
lowpoly_plastic
0  -4.006811 -10.927979 -0.512746  -1.000000 0.000793 -0.000038  0.047355 0.748130 1 64 1.000000
0  -4.006882 -11.061663 -0.512724  -1.000000 0.000794 -0.000037  0.047355 0.748088 1 64 1.000000
0  -4.006362 -10.186552 -0.404893  -1.000000 0.000794 -0.000037  0.047391 0.748367 1 64 1.000000
lowpoly_plastic
0  -4.007168 -11.596399 -0.512638  -1.000000 0.000828 -0.000120  0.047355 0.747917 1 64 1.000000
0  -4.007239 -11.730083 -0.512616  -1.000000 0.000828 -0.000120  0.047355 0.747875 1 64 1.000000
0  -4.007706 -12.021312 -0.400489  -1.000000 0.000828 -0.000120  0.047391 0.747758 1 64 1.000000
lowpoly_plastic
0  -4.007025 -11.329031 -0.512681  -1.000000 0.000828 -0.000154  0.047355 0.748003 1 64 1.000000
0  -4.007096 -11.462715 -0.512659  -1.000000 0.000829 -0.000154  0.047355 0.747960 1 64 1.000000
0  -4.007706 -12.021312 -0.400489  -1.000000 0.000829 -0.000154  0.047391 0.747758 1 64 1.000000
lowpoly_plastic
0  -4.007096 -11.462715 -0.512659  -1.000000 0.000813 -0.000154  0.047355 0.747960 1 64 1.000000
0  -4.007168 -11.596399 -0.512638  -1.000000 0.000813 -0.000154  0.047355 0.747917 1 64 1.000000
0  -4.007706 -12.021312 -0.400489  -1.000000 0.000813 -0.000154  0.047391 0.747758 1 64 1.000000
lowpoly_plastic
0  -4.006882 -11.061663 -0.512724  -1.000000 0.000821 -0.000150  0.047355 0.748088 1 64 1.000000
0  -4.006954 -11.195347 -0.512702  -1.000000 0.000821 -0.000150  0.047355 0.748045 1 64 1.000000
0  -4.007706 -12.021312 -0.400489  -1.000000 0.000821 -0.000150  0.047391 0.747758 1 64 1.000000
lowpoly_plastic
0  -3.861864 -12.021312 -1.295377  0.000028 0.000004 -1.000000  0.893213 0.513199 1 64 1.000000
0  -4.003597 -12.021312 -1.295381  0.000028 0.000004 -1.000000  0.893221 0.513199 1 64 1.000000
0  -4.007715 -11.993220 -1.295381  0.000028 0.000004 -1.000000  0.893223 0.513232 1 64 1.000000
lowpoly_plastic
0  -3.744703 -12.021312 -0.246153  -0.269273 -0.004910 0.963052  0.047878 0.747760 1 64 1.000000
0  -3.542390 -12.021312 -0.184290  -0.269273 -0.004911 0.963052  0.047921 0.747757 1 64 1.000000
0  -3.542390 -10.915930 -0.183947  -0.269273 -0.004914 0.963051  0.047921 0.748133 1 64 1.000000
lowpoly_plastic
0  -3.340077 -12.021312 -0.246153  0.508920 0.002896 0.860809  0.047985 0.747756 1 64 1.000000
0  -3.077074 -12.021312 -0.400489  0.508920 0.002896 0.860809  0.048066 0.747756 1 64 1.000000
0  -3.285659 -10.962485 -0.287816  0.508920 0.002896 0.860809  0.048007 0.748118 1 64 1.000000
lowpoly_plastic
0  -3.077074 -12.021312 -0.400489  0.508924 0.002903 0.860806  0.048066 0.747756 1 64 1.000000
0  -3.077061 -10.186534 -0.400471  0.508924 0.002910 0.860806  0.048066 0.748365 1 64 1.000000
0  -3.285659 -10.962485 -0.287816  0.508924 0.002910 0.860806  0.048007 0.748118 1 64 1.000000
lowpoly_plastic
0  -3.077061 -10.186534 -0.400471  0.508888 0.002917 0.860828  0.048066 0.748365 1 64 1.000000
0  -3.269610 -10.227363 -0.300097  0.508888 0.002915 0.860828  0.048014 0.748352 1 64 1.000000
0  -3.285656 -10.612982 -0.287812  0.508888 0.002913 0.860828  0.048007 0.748229 1 64 1.000000
lowpoly_plastic
0  -3.269610 -10.227363 -0.300097  0.508927 0.002908 0.860805  0.048014 0.748352 1 64 1.000000
0  -3.382748 -10.262224 -0.213443  0.508926 0.002898 0.860805  0.047968 0.748341 1 64 1.000000
0  -3.382749 -10.324316 -0.213444  0.508926 0.002915 0.860805  0.047968 0.748321 1 64 1.000000
lowpoly_plastic
0  -3.285656 -10.612982 -0.287812  0.508927 0.002902 0.860805  0.048007 0.748229 1 64 1.000000
0  -3.269610 -10.227363 -0.300097  0.508927 0.002908 0.860805  0.048014 0.748352 1 64 1.000000
0  -3.382749 -10.324316 -0.213444  0.508927 0.002920 0.860805  0.047968 0.748321 1 64 1.000000
lowpoly_plastic
0  -3.382749 -10.324316 -0.213444  0.508932 0.002901 0.860802  0.047968 0.748321 1 64 1.000000
0  -3.372515 -10.642390 -0.221287  0.508932 0.002897 0.860802  0.047972 0.748220 1 64 1.000000
0  -3.285656 -10.612982 -0.287812  0.508932 0.002914 0.860802  0.048007 0.748229 1 64 1.000000
lowpoly_plastic
0  -3.285659 -10.962485 -0.287816  0.508930 0.002911 0.860803  0.048007 0.748118 1 64 1.000000
0  -3.372517 -10.933077 -0.221290  0.508929 0.002898 0.860803  0.047972 0.748127 1 64 1.000000
0  -3.340077 -12.021312 -0.246153  0.508930 0.002921 0.860803  0.047985 0.747756 1 64 1.000000
lowpoly_plastic
0  -3.380583 -12.021312 -0.850324  0.999784 0.002027 -0.020696  0.893523 0.509137 1 64 1.000000
0  -3.388630 -12.021312 -1.072866  0.999784 0.002027 -0.020696  0.893581 0.509138 1 64 1.000000
0  -3.388630 -10.324333 -1.072866  0.999784 0.002026 -0.020696  0.893581 0.509703 1 64 1.000000
lowpoly_plastic
0  -3.801557 -10.613005 -0.293163  -0.507699 0.005260 0.861518  0.047432 0.748232 1 64 1.000000
0  -3.714149 -10.642406 -0.227307  -0.507699 0.005266 0.861518  0.047456 0.748223 1 64 1.000000
0  -3.703446 -10.324326 -0.220022  -0.507699 0.005276 0.861518  0.047459 0.748324 1 64 1.000000
lowpoly_plastic
0  -3.703446 -10.324326 -0.220022  -0.507709 0.005267 0.861512  0.047459 0.748324 1 64 1.000000
0  -3.703374 -10.262233 -0.220118  -0.507710 0.005267 0.861512  0.047459 0.748344 1 64 1.000000
0  -3.817218 -10.227376 -0.305884  -0.507709 0.005267 0.861513  0.047427 0.748355 1 64 1.000000
lowpoly_plastic
0  -3.817218 -10.227376 -0.305884  -0.507652 0.005270 0.861546  0.047427 0.748355 1 64 1.000000
0  -4.006362 -10.186552 -0.404893  -0.507652 0.005269 0.861546  0.047391 0.748367 1 64 1.000000
0  -3.801557 -10.613005 -0.293163  -0.507652 0.005271 0.861546  0.047432 0.748232 1 64 1.000000
lowpoly_plastic
0  -4.006362 -10.186552 -0.404893  -0.507629 0.005262 0.861560  0.047391 0.748367 1 64 1.000000
0  -4.007706 -12.021312 -0.400489  -0.507629 0.005264 0.861560  0.047391 0.747758 1 64 1.000000
0  -3.801964 -10.962507 -0.292623  -0.507629 0.005267 0.861560  0.047432 0.748120 1 64 1.000000
lowpoly_plastic
0  -3.801557 -10.613005 -0.293163  -0.507667 0.005269 0.861537  0.047432 0.748232 1 64 1.000000
0  -4.006362 -10.186552 -0.404893  -0.507667 0.005270 0.861537  0.047391 0.748367 1 64 1.000000
0  -3.801964 -10.962507 -0.292623  -0.507667 0.005268 0.861537  0.047432 0.748120 1 64 1.000000
lowpoly_plastic
0  -4.007706 -12.021312 -0.400489  -0.507657 0.005271 0.861543  0.047391 0.747758 1 64 1.000000
0  -3.744703 -12.021312 -0.246153  -0.507657 0.005271 0.861543  0.047447 0.747759 1 64 1.000000
0  -3.801964 -10.962507 -0.292623  -0.507657 0.005271 0.861543  0.047432 0.748120 1 64 1.000000
lowpoly_plastic
0  -3.744703 -12.021312 -0.246153  -0.507701 0.005265 0.861517  0.047447 0.747759 1 64 1.000000
0  -3.714487 -10.933092 -0.226858  -0.507701 0.005272 0.861517  0.047456 0.748130 1 64 1.000000
0  -3.801964 -10.962507 -0.292623  -0.507701 0.005269 0.861517  0.047432 0.748120 1 64 1.000000
lowpoly_plastic
0  -3.077678 -12.021312 -1.295381  -0.000029 -0.000004 -1.000000  0.893174 0.510325 1 64 1.000000
0  -3.222916 -12.021312 -1.295377  -0.000029 -0.000004 -1.000000  0.893186 0.510325 1 64 1.000000
0  -3.102300 -11.863769 -1.295381  -0.000029 -0.000004 -1.000000  0.893181 0.510399 1 64 1.000000
lowpoly_plastic
0  -3.254921 -12.021312 -0.963848  -0.999876 0.015541 0.002632  0.891994 0.510737 1 64 1.000000
0  -3.254832 -12.021312 -0.929976  -0.999876 0.015541 0.002632  0.892005 0.510737 1 64 1.000000
0  -3.222850 -9.963875 -0.928622  -0.999876 0.015541 0.002632  0.892006 0.511418 1 64 1.000000
lowpoly_plastic
0  -3.380583 -12.021312 -0.850324  0.000000 -1.000000 0.000000  0.054938 0.834426 1 64 1.000000
0  -3.300066 -12.021312 -0.829030  0.000000 -1.000000 0.000000  0.053686 0.834095 1 64 1.000000
0  -3.316329 -12.021312 -0.709826  0.000000 -1.000000 0.000000  0.053939 0.832240 1 64 1.000000
lowpoly_plastic
0  -3.077074 -12.021312 -0.400489  0.000000 -1.000000 0.000004  0.050216 0.827426 1 64 1.000000
0  -3.340077 -12.021312 -0.246153  0.000000 -1.000000 0.000004  0.054308 0.825025 1 64 1.000000
0  -3.326891 -12.021312 -0.555970  0.000000 -1.000000 0.000004  0.054103 0.829846 1 64 1.000000
lowpoly_plastic
0  -3.316329 -12.021312 -0.562068  0.000000 -1.000000 0.000000  0.053939 0.829940 1 64 1.000000
0  -3.316329 -12.021312 -0.709826  0.000000 -1.000000 0.000000  0.053939 0.832240 1 64 1.000000
0  -3.077074 -12.021312 -0.400489  0.000000 -1.000000 0.000000  0.050216 0.827426 1 64 1.000000
lowpoly_plastic
0  -3.316329 -12.021312 -0.709826  0.000000 -1.000000 0.000000  0.053939 0.832240 1 64 1.000000
0  -3.300066 -12.021312 -0.829030  0.000000 -1.000000 0.000000  0.053686 0.834095 1 64 1.000000
0  -3.077074 -12.021312 -0.400489  0.000000 -1.000000 0.000000  0.050216 0.827426 1 64 1.000000
lowpoly_plastic
0  -3.340077 -12.021312 -0.246153  0.000000 -1.000000 -0.000001  0.054308 0.825025 1 64 1.000000
0  -3.542390 -12.021312 -0.184290  0.000000 -1.000000 -0.000001  0.057456 0.824062 1 64 1.000000
0  -3.506559 -12.021312 -0.452238  0.000000 -1.000000 -0.000001  0.056899 0.828231 1 64 1.000000
lowpoly_plastic
0  -3.533840 -12.021312 -0.436488  0.000000 -1.000000 0.000000  0.057323 0.827986 1 64 1.000000
0  -3.506559 -12.021312 -0.452238  0.000000 -1.000000 0.000000  0.056899 0.828231 1 64 1.000000
0  -3.542390 -12.021312 -0.184290  0.000000 -1.000000 0.000000  0.057456 0.824062 1 64 1.000000
lowpoly_plastic
0  -3.542390 -12.021312 -0.184290  0.000000 -1.000000 0.000009  0.057456 0.824062 1 64 1.000000
0  -3.744703 -12.021312 -0.246153  0.000000 -1.000000 0.000009  0.060604 0.825025 1 64 1.000000
0  -3.533840 -12.021312 -0.436488  0.000000 -1.000000 0.000009  0.057323 0.827986 1 64 1.000000
lowpoly_plastic
0  -3.727163 -12.021312 -0.548102  0.000000 -1.000000 -0.000002  0.060331 0.829723 1 64 1.000000
0  -3.744703 -12.021312 -0.246153  0.000000 -1.000000 -0.000002  0.060604 0.825025 1 64 1.000000
0  -3.751351 -12.021312 -0.562068  0.000000 -1.000000 -0.000002  0.060708 0.829940 1 64 1.000000
lowpoly_plastic
0  -3.744703 -12.021312 -0.246153  0.000000 -1.000000 0.000000  0.060604 0.825025 1 64 1.000000
0  -4.007706 -12.021312 -0.400489  0.000000 -1.000000 0.000000  0.064697 0.827426 1 64 1.000000
0  -3.751351 -12.021312 -0.562068  0.000000 -1.000000 0.000000  0.060708 0.829940 1 64 1.000000
lowpoly_plastic
0  -4.007706 -12.021312 -0.400489  0.000000 -1.000000 0.000077  0.064697 0.827426 1 64 1.000000
0  -3.679050 -12.021312 -0.935710  0.000000 -1.000000 0.000077  0.059583 0.835755 1 64 1.000000
0  -3.751351 -12.021312 -0.813227  0.000000 -1.000000 0.000077  0.060708 0.833849 1 64 1.000000
lowpoly_plastic
0  -3.380583 -12.021312 -0.850324  -0.500000 0.000000 0.866025  0.032838 0.876743 1 64 1.000000
0  -3.316329 -12.021312 -0.813227  -0.500000 0.000000 0.866025  0.032838 0.876493 1 64 1.000000
0  -3.316329 -11.895732 -0.813227  -0.500000 0.000000 0.866025  0.033261 0.876493 1 64 1.000000
lowpoly_plastic
0  -3.316329 -11.895732 -0.813227  -0.500001 0.000000 0.866025  0.033261 0.876493 1 64 1.000000
0  -3.533840 -11.895732 -0.938807  -0.500001 0.000000 0.866025  0.033261 0.877338 1 64 1.000000
0  -3.380583 -12.021312 -0.850324  -0.500001 0.000000 0.866025  0.032838 0.876743 1 64 1.000000
lowpoly_plastic
0  -3.727163 -12.021312 -0.548102  0.499998 0.000000 -0.866027  0.032838 0.875601 1 64 1.000000
0  -3.751351 -12.021312 -0.562068  0.499998 0.000000 -0.866027  0.032838 0.875648 1 64 1.000000
0  -3.751351 -11.895732 -0.562068  0.499998 0.000000 -0.866027  0.032415 0.875648 1 64 1.000000
lowpoly_plastic
0  -3.751351 -11.895732 -0.562068  0.500001 0.000000 -0.866025  0.032415 0.875648 1 64 1.000000
0  -3.533840 -11.895732 -0.436488  0.500001 0.000000 -0.866025  0.032415 0.875225 1 64 1.000000
0  -3.656927 -12.021312 -0.507552  0.500001 0.000000 -0.866025  0.032838 0.875464 1 64 1.000000
lowpoly_plastic
0  -3.533840 -11.895732 -0.436488  0.500002 0.000000 -0.866024  0.032415 0.875225 1 64 1.000000
0  -3.533840 -12.021312 -0.436488  0.500002 0.000000 -0.866024  0.032838 0.875225 1 64 1.000000
0  -3.656927 -12.021312 -0.507552  0.500002 0.000000 -0.866024  0.032838 0.875464 1 64 1.000000
lowpoly_plastic
0  -3.751351 -12.021312 -0.813227  1.000000 0.000000 0.000000  0.032838 0.876493 1 64 1.000000
0  -3.751351 -11.895732 -0.813227  1.000000 0.000000 0.000000  0.032415 0.876493 1 64 1.000000
0  -3.751351 -11.895732 -0.562068  1.000000 0.000000 0.000000  0.032415 0.875648 1 64 1.000000
lowpoly_plastic
0  -3.533840 -12.021312 -0.938807  0.500004 0.000000 0.866023  0.032838 0.876916 1 64 1.000000
0  -3.533840 -11.895732 -0.938807  0.500004 0.000000 0.866023  0.032415 0.876916 1 64 1.000000
0  -3.751351 -11.895732 -0.813227  0.500004 0.000000 0.866023  0.032415 0.876493 1 64 1.000000
lowpoly_plastic
0  -3.472453 -11.895732 -0.652206  0.500001 0.000000 0.866025  0.033261 0.876612 1 64 1.000000
0  -3.533840 -11.895732 -0.616764  0.500001 0.000000 0.866025  0.033261 0.876493 1 64 1.000000
0  -3.533840 -11.934396 -0.616764  0.500001 0.000000 0.866025  0.033391 0.876493 1 64 1.000000
lowpoly_plastic
0  -3.316329 -12.021312 -0.709826  -1.000000 0.000000 0.000000  0.032838 0.876319 1 64 1.000000
0  -3.316329 -12.021312 -0.562068  -1.000000 0.000000 0.000000  0.032838 0.876070 1 64 1.000000
0  -3.316329 -11.895732 -0.562068  -1.000000 0.000000 0.000000  0.033261 0.876070 1 64 1.000000
lowpoly_plastic
0  -3.316329 -11.895732 -0.562068  -1.000000 0.000000 0.000000  0.033261 0.876070 1 64 1.000000
0  -3.316329 -11.895732 -0.813227  -1.000000 0.000000 0.000000  0.033261 0.876493 1 64 1.000000
0  -3.316329 -12.021312 -0.709826  -1.000000 0.000000 0.000000  0.032838 0.876319 1 64 1.000000
lowpoly_plastic
0  -3.533840 -12.021312 -0.436488  -0.499999 0.000000 -0.866026  0.032838 0.875225 1 64 1.000000
0  -3.533840 -11.895732 -0.436488  -0.499999 0.000000 -0.866026  0.033261 0.875225 1 64 1.000000
0  -3.506559 -12.021312 -0.452238  -0.499999 0.000000 -0.866026  0.032838 0.875331 1 64 1.000000
lowpoly_plastic
0  -3.533840 -11.895732 -0.436488  -0.500000 0.000001 -0.866025  0.033261 0.875225 1 64 1.000000
0  -3.316329 -11.895732 -0.562068  -0.500000 0.000001 -0.866025  0.033261 0.876070 1 64 1.000000
0  -3.354734 -12.021312 -0.539895  -0.500000 0.000001 -0.866025  0.032838 0.875921 1 64 1.000000
lowpoly_plastic
0  -3.506559 -12.021312 -0.452238  -0.500006 -0.000003 -0.866022  0.032838 0.875331 1 64 1.000000
0  -3.533840 -11.895732 -0.436488  -0.500006 -0.000003 -0.866022  0.033261 0.875225 1 64 1.000000
0  -3.354734 -12.021312 -0.539895  -0.500006 -0.000003 -0.866022  0.032838 0.875921 1 64 1.000000
lowpoly_plastic
0  -3.316329 -11.895732 -0.562068  -0.499995 0.000000 -0.866028  0.033261 0.876070 1 64 1.000000
0  -3.316329 -12.021312 -0.562068  -0.499995 0.000000 -0.866028  0.032838 0.876070 1 64 1.000000
0  -3.326891 -12.021312 -0.555970  -0.499995 0.000000 -0.866028  0.032838 0.876029 1 64 1.000000
lowpoly_plastic
0  -3.595227 -11.895732 -0.652206  0.000000 -1.000000 0.000000  0.033354 0.874499 1 64 1.000000
0  -3.533840 -11.895732 -0.616764  0.000000 -1.000000 0.000000  0.033354 0.874260 1 64 1.000000
0  -3.533840 -11.895732 -0.436488  0.000000 -1.000000 0.000000  0.033879 0.873957 1 64 1.000000
lowpoly_plastic
0  -3.595227 -11.895732 -0.723089  0.000000 -1.000000 0.000000  0.033147 0.874618 1 64 1.000000
0  -3.595227 -11.895732 -0.652206  0.000000 -1.000000 0.000000  0.033354 0.874499 1 64 1.000000
0  -3.751351 -11.895732 -0.562068  0.000000 -1.000000 0.000000  0.033879 0.874802 1 64 1.000000
lowpoly_plastic
0  -3.533840 -11.895732 -0.758531  0.000000 -1.000000 0.000022  0.032941 0.874499 1 64 1.000000
0  -3.595227 -11.895732 -0.723089  0.000000 -1.000000 0.000022  0.033147 0.874618 1 64 1.000000
0  -3.751351 -11.895732 -0.813227  0.000000 -1.000000 0.000022  0.033147 0.875225 1 64 1.000000
lowpoly_plastic
0  -3.472453 -11.895732 -0.723089  0.000000 -1.000000 0.000000  0.032941 0.874260 1 64 1.000000
0  -3.533840 -11.895732 -0.758531  0.000000 -1.000000 0.000000  0.032941 0.874499 1 64 1.000000
0  -3.533840 -11.895732 -0.938807  0.000000 -1.000000 0.000000  0.032415 0.874802 1 64 1.000000
lowpoly_plastic
0  -3.472453 -11.895732 -0.652206  0.000000 -1.000000 0.000000  0.033147 0.874141 1 64 1.000000
0  -3.472453 -11.895732 -0.723089  0.000000 -1.000000 0.000000  0.032941 0.874260 1 64 1.000000
0  -3.316329 -11.895732 -0.813227  0.000000 -1.000000 0.000000  0.032415 0.873957 1 64 1.000000
lowpoly_plastic
0  -3.533840 -11.895732 -0.616764  0.000000 -1.000000 -0.000022  0.033354 0.874260 1 64 1.000000
0  -3.472453 -11.895732 -0.652206  0.000000 -1.000000 -0.000022  0.033147 0.874141 1 64 1.000000
0  -3.316329 -11.895732 -0.562068  0.000000 -1.000000 -0.000022  0.033147 0.873534 1 64 1.000000
lowpoly_plastic
0  -3.472453 -11.934396 -0.723089  0.000000 -1.000000 0.000000  0.032415 0.877035 1 64 1.000000
0  -3.472453 -11.934396 -0.652206  0.000000 -1.000000 0.000000  0.032622 0.876916 1 64 1.000000
0  -3.533840 -11.934396 -0.616764  0.000000 -1.000000 0.000000  0.032828 0.877035 1 64 1.000000
lowpoly_plastic
0  -3.533840 -11.934396 -0.616764  0.000000 -1.000000 0.000000  0.032828 0.877035 1 64 1.000000
0  -3.595227 -11.934396 -0.652206  0.000000 -1.000000 0.000000  0.032828 0.877274 1 64 1.000000
0  -3.595227 -11.934396 -0.723089  0.000000 -1.000000 0.000000  0.032622 0.877393 1 64 1.000000
lowpoly_plastic
0  -3.595227 -11.934396 -0.723089  0.000000 -1.000000 0.000000  0.032622 0.877393 1 64 1.000000
0  -3.533840 -11.934396 -0.758531  0.000000 -1.000000 0.000000  0.032415 0.877274 1 64 1.000000
0  -3.533840 -11.934396 -0.616764  0.000000 -1.000000 0.000000  0.032828 0.877035 1 64 1.000000
lowpoly_plastic
0  -3.533840 -11.895732 -0.758531  0.499999 0.000000 -0.866026  0.033261 0.876970 1 64 1.000000
0  -3.472453 -11.895732 -0.723089  0.499999 0.000000 -0.866026  0.033261 0.876851 1 64 1.000000
0  -3.472453 -11.934396 -0.723089  0.499999 0.000000 -0.866026  0.033391 0.876851 1 64 1.000000
lowpoly_plastic
0  -3.595227 -11.895732 -0.652206  -1.000000 0.000000 0.000000  0.032415 0.877274 1 64 1.000000
0  -3.595227 -11.895732 -0.723089  -1.000000 0.000000 0.000000  0.032415 0.877393 1 64 1.000000
0  -3.595227 -11.934396 -0.723089  -1.000000 0.000000 0.000000  0.032285 0.877393 1 64 1.000000
lowpoly_plastic
0  -3.472453 -11.895732 -0.723089  1.000000 -0.000001 0.000000  0.033261 0.876851 1 64 1.000000
0  -3.472453 -11.895732 -0.652206  1.000000 -0.000001 0.000000  0.033261 0.876612 1 64 1.000000
0  -3.472453 -11.934396 -0.652206  1.000000 -0.000001 0.000000  0.033391 0.876612 1 64 1.000000
lowpoly_plastic
0  -3.595227 -11.895732 -0.723089  -0.499999 0.000001 -0.866026  0.032415 0.877393 1 64 1.000000
0  -3.533840 -11.895732 -0.758531  -0.499999 0.000001 -0.866026  0.032415 0.877632 1 64 1.000000
0  -3.533840 -11.934396 -0.758531  -0.499999 0.000001 -0.866026  0.032285 0.877632 1 64 1.000000
lowpoly_plastic
0  -3.533840 -11.895732 -0.616764  -0.499999 0.000000 0.866026  0.029413 0.877274 1 64 1.000000
0  -3.595227 -11.895732 -0.652206  -0.499999 0.000000 0.866026  0.029413 0.877513 1 64 1.000000
0  -3.595227 -11.934396 -0.652206  -0.499999 0.000000 0.866026  0.029282 0.877513 1 64 1.000000
lowpoly_plastic
0  -3.110920 -16.353640 -1.175613  0.651041 -0.297384 -0.698361  0.006458 0.764598 1 71 1.000000
0  -3.110920 -16.074514 -1.295381  0.651041 -0.297385 -0.698361  0.006487 0.764688 1 71 1.000000
0  -3.077061 -15.998266 -1.295381  0.651041 -0.297383 -0.698362  0.006480 0.764712 1 71 1.000000
lowpoly_plastic
0  -3.168955 -16.371490 -1.220564  0.616861 -0.103173 -0.780281  0.006481 0.764593 1 71 1.000000
0  -3.110920 -16.353640 -1.175613  0.616862 -0.103172 -0.780280  0.006458 0.764598 1 71 1.000000
0  -3.168955 -16.587818 -1.190529  0.616861 -0.103173 -0.780280  0.006473 0.764524 1 71 1.000000
lowpoly_plastic
0  -3.110920 -16.353640 -1.175613  0.616861 -0.103174 -0.780281  0.006458 0.764598 1 71 1.000000
0  -3.110920 -16.714516 -1.128752  0.616861 -0.103174 -0.780281  0.006446 0.764483 1 71 1.000000
0  -3.168955 -16.587818 -1.190529  0.616861 -0.103174 -0.780281  0.006473 0.764524 1 71 1.000000
lowpoly_plastic
0  -3.110920 -16.714516 -1.128752  0.615517 0.000000 -0.788124  0.006446 0.764483 1 71 1.000000
0  -3.110920 -17.613695 -1.128752  0.615517 0.000000 -0.788124  0.006444 0.764197 1 71 1.000000
0  -3.221109 -17.613695 -1.214810  0.615517 0.000000 -0.788124  0.006488 0.764196 1 71 1.000000
lowpoly_plastic
0  -3.401325 -17.613695 -1.769947  0.781832 0.000000 -0.623489  0.071131 0.835545 1 71 1.000000
0  -3.401325 -15.998266 -1.769947  0.781832 0.000000 -0.623489  0.071131 0.839215 1 71 1.000000
0  -3.225421 -15.998266 -1.549370  0.781832 0.000000 -0.623489  0.070627 0.839215 1 71 1.000000
lowpoly_plastic
0  -3.542389 -17.613695 -1.769947  0.000000 0.000000 -1.000000  0.916466 0.511589 1 71 1.000000
0  -3.542390 -15.998266 -1.769947  0.000000 0.000000 -1.000000  0.916466 0.512140 1 71 1.000000
0  -3.401325 -15.998266 -1.769947  0.000000 0.000000 -1.000000  0.916426 0.512139 1 71 1.000000
lowpoly_plastic
0  -3.221109 -17.613695 -1.214810  0.999931 -0.000441 -0.011737  0.069867 0.835546 1 71 1.000000
0  -3.225421 -17.613695 -1.549370  0.999931 -0.000441 -0.011737  0.070627 0.835546 1 71 1.000000
0  -3.221109 -16.387531 -1.260960  0.999931 -0.000441 -0.011737  0.069972 0.838331 1 71 1.000000
lowpoly_plastic
0  -3.077061 -15.998266 -1.295381  0.000000 0.000000 1.000000  0.893174 0.509081 1 71 1.000000
0  -3.110920 -16.074514 -1.295381  0.000000 0.000000 1.000000  0.893184 0.509056 1 71 1.000000
0  -3.168955 -16.205206 -1.295381  0.000000 0.000000 1.000000  0.893200 0.509015 1 71 1.000000
lowpoly_plastic
0  -3.542389 -17.126019 -0.211507  0.013817 0.000410 0.999904  0.928049 0.510980 1 71 1.000000
0  -3.542389 -17.613686 -0.211133  0.013817 0.000410 0.999904  0.928048 0.510824 1 71 1.000000
0  -3.382800 -17.613695 -0.213513  0.013817 0.000410 0.999904  0.928092 0.510823 1 71 1.000000
lowpoly_plastic
0  -3.283956 -17.613861 -1.472084  0.000004 -1.000000 0.000025  0.007213 0.765650 1 71 1.000000
0  -3.412202 -17.613695 -1.694725  0.000004 -1.000000 0.000025  0.007254 0.765721 1 71 1.000000
0  -3.401325 -17.613695 -1.769947  0.000004 -1.000000 0.000025  0.007251 0.765745 1 71 1.000000
lowpoly_plastic
0  -3.401325 -15.998266 -1.769947  0.000000 -0.000276 -1.000000  0.916426 0.512139 1 71 1.000000
0  -3.542390 -15.998266 -1.769947  0.000000 -0.000276 -1.000000  0.916466 0.512140 1 71 1.000000
0  -3.542390 -15.331561 -1.770130  0.000000 -0.000276 -1.000000  0.916466 0.512140 1 71 1.000000
lowpoly_plastic
0  -3.412202 -17.613695 -1.694725  0.000000 -1.000000 0.000000  0.007254 0.765721 1 71 1.000000
0  -3.542389 -17.613695 -1.694725  0.000000 -1.000000 0.000000  0.007296 0.765721 1 71 1.000000
0  -3.542389 -17.613695 -1.769947  0.000000 -1.000000 0.000000  0.007296 0.765745 1 71 1.000000
lowpoly_plastic
0  -3.243511 -12.109686 -0.961886  -0.490899 0.000000 0.871216  0.061532 0.879117 1 71 1.000000
0  -3.542390 -12.109686 -1.130293  -0.490899 0.000000 0.871216  0.061263 0.879117 1 71 1.000000
0  -3.542390 -14.249474 -1.130293  -0.490899 0.000000 0.871216  0.061263 0.877435 1 71 1.000000
lowpoly_plastic
0  -3.542390 -12.109686 -0.249678  -0.490898 -0.000000 -0.871217  0.061962 0.879117 1 71 1.000000
0  -3.151674 -12.109686 -0.469831  -0.490898 -0.000000 -0.871217  0.061614 0.879117 1 71 1.000000
0  -3.151674 -14.249474 -0.469831  -0.490898 -0.000000 -0.871217  0.061614 0.877435 1 71 1.000000
lowpoly_plastic
0  -3.151674 -12.109686 -0.469831  -1.000000 -0.000000 0.000000  0.061962 0.874789 1 71 1.000000
0  -3.151674 -12.109686 -0.910139  -1.000000 -0.000000 0.000000  0.062308 0.874789 1 71 1.000000
0  -3.151674 -14.249474 -0.910139  -1.000000 -0.000000 0.000000  0.062308 0.876472 1 71 1.000000
lowpoly_plastic
0  -3.243511 -14.249474 -0.961886  -0.382207 0.627501 0.678352  0.061532 0.877435 1 71 1.000000
0  -3.542390 -14.249474 -1.130293  -0.382207 0.627501 0.678352  0.061263 0.877435 1 71 1.000000
0  -3.542390 -14.282583 -1.099664  -0.382207 0.627501 0.678352  0.061273 0.877409 1 71 1.000000
lowpoly_plastic
0  -3.542390 -14.249474 -0.249678  -0.382207 0.627502 -0.678350  0.061962 0.877435 1 71 1.000000
0  -3.151674 -14.249474 -0.469831  -0.382207 0.627502 -0.678350  0.061614 0.877435 1 71 1.000000
0  -3.178853 -14.282583 -0.485146  -0.382207 0.627502 -0.678350  0.061630 0.877409 1 71 1.000000
lowpoly_plastic
0  -3.151674 -14.249474 -0.469831  -0.772929 0.634493 0.000000  0.061962 0.876472 1 71 1.000000
0  -3.151674 -14.249474 -0.910139  -0.772929 0.634493 0.000000  0.062308 0.876472 1 71 1.000000
0  -3.178853 -14.282583 -0.894824  -0.772929 0.634493 0.000000  0.062296 0.876498 1 71 1.000000
lowpoly_plastic
0  -3.264302 -14.282583 -0.942972  -0.490899 -0.000000 0.871216  0.061523 0.877409 1 71 1.000000
0  -3.542390 -14.282583 -1.099664  -0.490899 -0.000000 0.871216  0.061273 0.877409 1 71 1.000000
0  -3.542389 -17.613693 -1.099664  -0.490899 -0.000000 0.871216  0.061273 0.874789 1 71 1.000000
lowpoly_plastic
0  -3.542390 -14.282583 -0.280307  -0.490898 -0.000000 -0.871217  0.061954 0.877409 1 71 1.000000
0  -3.178853 -14.282583 -0.485146  -0.490898 -0.000000 -0.871217  0.061630 0.877409 1 71 1.000000
0  -3.178853 -17.613693 -0.485146  -0.490898 -0.000000 -0.871217  0.061630 0.874789 1 71 1.000000
lowpoly_plastic
0  -3.178853 -14.282583 -0.485146  -1.000000 -0.000000 0.000000  0.061974 0.876498 1 71 1.000000
0  -3.178853 -14.282583 -0.894824  -1.000000 -0.000000 0.000000  0.062296 0.876498 1 71 1.000000
0  -3.178853 -17.613693 -0.894824  -1.000000 -0.000000 0.000000  0.062296 0.879117 1 71 1.000000
lowpoly_plastic
0  -3.233829 -15.331561 -1.295564  -0.000149 -0.000291 -1.000000  0.070598 0.844641 1 71 1.000000
0  -3.168955 -15.331561 -1.295574  -0.000149 -0.000291 -1.000000  0.070715 0.844642 1 71 1.000000
0  -3.168955 -15.998266 -1.295381  -0.000149 -0.000291 -1.000000  0.070715 0.844642 1 71 1.000000
lowpoly_plastic
0  -3.221109 -17.613695 -1.214810  0.000403 -1.000000 -0.000353  0.070200 0.841498 1 71 1.000000
0  -3.542389 -17.614025 -1.311708  0.000187 -1.000000 -0.000670  0.070931 0.841715 1 71 1.000000
0  -3.283956 -17.613861 -1.472084  0.000403 -1.000000 -0.000353  0.070345 0.842082 1 71 1.000000
lowpoly_plastic
0  -3.542389 -17.614025 -1.311708  0.000100 -1.000000 -0.000867  0.070931 0.841715 1 71 1.000000
0  -3.542389 -17.613695 -1.694725  0.000100 -1.000000 -0.000867  0.070934 0.842585 1 71 1.000000
0  -3.283956 -17.613861 -1.472084  0.000268 -1.000000 -0.000576  0.070345 0.842082 1 71 1.000000
lowpoly_plastic
0  -3.542389 -17.613693 -0.280307  -0.000007 -1.000000 -0.000008  0.070923 0.839372 1 71 1.000000
0  -3.178853 -17.613693 -0.485146  -0.000007 -1.000000 -0.000008  0.070099 0.839841 1 71 1.000000
0  -3.382800 -17.613695 -0.213513  -0.000007 -1.000000 -0.000008  0.070560 0.839222 1 71 1.000000
lowpoly_plastic
0  -3.178853 -17.613693 -0.485146  -0.000008 -1.000000 -0.000021  0.070099 0.839841 1 71 1.000000
0  -3.077113 -17.613695 -0.400541  -0.000008 -1.000000 -0.000021  0.069867 0.839649 1 71 1.000000
0  -3.382800 -17.613695 -0.213513  -0.000008 -1.000000 -0.000021  0.070560 0.839222 1 71 1.000000
lowpoly_plastic
0  -3.077113 -17.613695 -0.400541  -0.000019 -1.000000 0.000000  0.069867 0.839649 1 71 1.000000
0  -3.178853 -17.613693 -0.485146  -0.000019 -1.000000 0.000000  0.070099 0.839841 1 71 1.000000
0  -3.178853 -17.613693 -0.894824  -0.000019 -1.000000 0.000000  0.070102 0.840771 1 71 1.000000
lowpoly_plastic
0  -3.110920 -17.613695 -1.128752  -0.000005 -1.000000 0.000000  0.069949 0.841303 1 71 1.000000
0  -3.077061 -17.613695 -1.102309  -0.000005 -1.000000 0.000000  0.069872 0.841243 1 71 1.000000
0  -3.178853 -17.613693 -0.894824  -0.000005 -1.000000 0.000000  0.070102 0.840771 1 71 1.000000
lowpoly_plastic
0  -3.135387 -12.021312 -0.460654  -1.000000 0.000000 0.000000  0.072178 0.844992 1 71 1.000000
0  -3.135387 -12.021312 -0.919316  -1.000000 0.000000 0.000000  0.072178 0.846034 1 71 1.000000
0  -3.135387 -12.094996 -0.919316  -1.000000 0.000000 0.000000  0.072010 0.846034 1 71 1.000000
lowpoly_plastic
0  -3.542390 -12.021312 -0.231324  -0.490906 0.000000 -0.871213  0.072178 0.843946 1 71 1.000000
0  -3.135387 -12.021312 -0.460654  -0.490906 0.000000 -0.871213  0.072178 0.844992 1 71 1.000000
0  -3.135387 -12.094996 -0.460654  -0.490906 0.000000 -0.871213  0.072010 0.844992 1 71 1.000000
lowpoly_plastic
0  -3.231053 -12.021312 -0.973220  -0.490899 0.000000 0.871217  0.072178 0.843138 1 71 1.000000
0  -3.542390 -12.021312 -1.148648  -0.490899 0.000000 0.871217  0.072178 0.843946 1 71 1.000000
0  -3.542390 -12.094997 -1.148648  -0.490899 0.000000 0.871217  0.072010 0.843946 1 71 1.000000
lowpoly_plastic
0  -3.135387 -12.109686 -0.460654  0.000000 1.000000 0.000000  0.070791 0.845631 1 71 1.000000
0  -3.135387 -12.109686 -0.919316  0.000000 1.000000 0.000000  0.070791 0.846673 1 71 1.000000
0  -3.151674 -12.109686 -0.910139  0.000000 1.000000 0.000000  0.070754 0.846652 1 71 1.000000
lowpoly_plastic
0  -3.542390 -12.109686 -0.231324  0.000000 1.000000 -0.000064  0.069867 0.845110 1 71 1.000000
0  -3.135387 -12.109686 -0.460654  0.000000 1.000000 -0.000064  0.070791 0.845631 1 71 1.000000
0  -3.151674 -12.109686 -0.469831  0.000000 1.000000 -0.000064  0.070754 0.845652 1 71 1.000000
lowpoly_plastic
0  -3.231053 -12.109686 -0.973220  0.000000 1.000000 0.000000  0.070574 0.846796 1 71 1.000000
0  -3.542390 -12.109686 -1.148648  0.000000 1.000000 0.000000  0.069867 0.847194 1 71 1.000000
0  -3.542390 -12.109686 -1.130293  0.000000 1.000000 0.000000  0.069867 0.847152 1 71 1.000000
lowpoly_plastic
0  -3.231053 -12.094997 -0.973220  -0.490916 0.000000 0.871207  0.072010 0.843138 1 71 1.000000
0  -3.542390 -12.094997 -1.148648  -0.490916 0.000000 0.871207  0.072010 0.843946 1 71 1.000000
0  -3.542390 -12.109686 -1.148648  -0.490916 0.000000 0.871207  0.071977 0.843946 1 71 1.000000
lowpoly_plastic
0  -3.542390 -12.094997 -0.231324  -0.490961 0.000000 -0.871182  0.072010 0.843946 1 71 1.000000
0  -3.135387 -12.094996 -0.460654  -0.490961 0.000000 -0.871182  0.072010 0.844992 1 71 1.000000
0  -3.135387 -12.109686 -0.460654  -0.490961 0.000000 -0.871182  0.071977 0.844992 1 71 1.000000
lowpoly_plastic
0  -3.135387 -12.094996 -0.460654  -1.000000 0.000000 0.000000  0.072010 0.844992 1 71 1.000000
0  -3.135387 -12.094996 -0.919316  -1.000000 0.000000 0.000000  0.072010 0.846034 1 71 1.000000
0  -3.135387 -12.109686 -0.919316  -1.000000 0.000000 0.000000  0.071977 0.846034 1 71 1.000000
lowpoly_plastic
0  -3.135387 -12.094996 -0.919316  -0.490948 0.000000 0.871189  0.072010 0.842890 1 71 1.000000
0  -3.231053 -12.094997 -0.973220  -0.490948 0.000000 0.871189  0.072010 0.843138 1 71 1.000000
0  -3.231053 -12.109686 -0.973220  -0.490948 0.000000 0.871189  0.071977 0.843138 1 71 1.000000
lowpoly_plastic
0  -3.135387 -12.109686 -0.919316  0.000000 1.000000 0.000068  0.070791 0.846673 1 71 1.000000
0  -3.231053 -12.109686 -0.973220  0.000000 1.000000 0.000068  0.070574 0.846796 1 71 1.000000
0  -3.243511 -12.109686 -0.961886  0.000000 1.000000 0.000068  0.070546 0.846770 1 71 1.000000
lowpoly_plastic
0  -3.135387 -12.021312 -0.919316  -0.490892 0.000000 0.871220  0.072178 0.842890 1 71 1.000000
0  -3.231053 -12.021312 -0.973220  -0.490892 0.000000 0.871220  0.072178 0.843138 1 71 1.000000
0  -3.231053 -12.094997 -0.973220  -0.490892 0.000000 0.871220  0.072010 0.843138 1 71 1.000000
lowpoly_plastic
0  -3.221109 -17.613695 -1.214810  -0.000005 -1.000000 0.000014  0.070200 0.841498 1 71 1.000000
0  -3.110920 -17.613695 -1.128752  -0.000005 -1.000000 0.000014  0.069949 0.841303 1 71 1.000000
0  -3.264302 -17.613693 -0.942971  -0.000005 -1.000000 0.000014  0.070296 0.840880 1 71 1.000000
lowpoly_plastic
0  -3.178853 -14.282583 -0.894824  -0.490899 0.000000 0.871217  0.061599 0.877409 1 71 1.000000
0  -3.264302 -14.282583 -0.942972  -0.490899 0.000000 0.871217  0.061523 0.877409 1 71 1.000000
0  -3.264302 -17.613693 -0.942971  -0.490899 0.000000 0.871217  0.061523 0.874789 1 71 1.000000
lowpoly_plastic
0  -3.151674 -14.249474 -0.910139  -0.382203 0.627498 0.678357  0.061614 0.877435 1 71 1.000000
0  -3.243511 -14.249474 -0.961886  -0.382203 0.627498 0.678357  0.061532 0.877435 1 71 1.000000
0  -3.264302 -14.282583 -0.942972  -0.382203 0.627498 0.678357  0.061523 0.877409 1 71 1.000000
lowpoly_plastic
0  -3.151674 -12.109686 -0.910139  -0.490899 0.000000 0.871216  0.061614 0.879117 1 71 1.000000
0  -3.243511 -12.109686 -0.961886  -0.490899 0.000000 0.871216  0.061532 0.879117 1 71 1.000000
0  -3.243511 -14.249474 -0.961886  -0.490899 0.000000 0.871216  0.061532 0.877435 1 71 1.000000
lowpoly_plastic
0  -3.077061 -16.714516 -1.102309  0.615517 0.000000 -0.788123  0.006433 0.764483 1 71 1.000000
0  -3.077061 -17.613695 -1.102309  0.615517 0.000000 -0.788123  0.006430 0.764197 1 71 1.000000
0  -3.110920 -17.613695 -1.128752  0.615517 0.000000 -0.788123  0.006444 0.764197 1 71 1.000000
lowpoly_plastic
0  -3.077061 -16.343225 -1.149389  0.620384 -0.099809 -0.777921  0.006445 0.764602 1 71 1.000000
0  -3.077061 -16.714516 -1.102309  0.620384 -0.099810 -0.777921  0.006433 0.764483 1 71 1.000000
0  -3.110920 -16.714516 -1.128752  0.620384 -0.099809 -0.777921  0.006446 0.764483 1 71 1.000000
lowpoly_plastic
0  -3.221109 -16.387531 -1.260960  0.667739 -0.318067 -0.673022  0.006502 0.764587 1 71 1.000000
0  -3.221109 -16.322655 -1.295381  0.667739 -0.318070 -0.673020  0.006510 0.764608 1 71 1.000000
0  -3.168955 -16.205206 -1.295381  0.667740 -0.318067 -0.673021  0.006499 0.764646 1 71 1.000000
lowpoly_plastic
0  -3.233830 -12.021312 -1.088920  0.000001 1.000000 -0.000012  0.070568 0.844641 1 71 1.000000
0  -3.233830 -12.021313 -1.214593  0.000001 1.000000 -0.000012  0.070568 0.844927 1 71 1.000000
0  -3.542390 -12.021312 -1.148648  0.000001 1.000000 -0.000012  0.069867 0.844777 1 71 1.000000
lowpoly_plastic
0  -3.233830 -12.021313 -1.214593  0.000003 1.000000 0.000000  0.070568 0.844927 1 71 1.000000
0  -3.542390 -12.021312 -1.214593  0.000003 1.000000 0.000000  0.069867 0.844927 1 71 1.000000
0  -3.542390 -12.021312 -1.148648  0.000003 1.000000 0.000000  0.069867 0.844777 1 71 1.000000
lowpoly_plastic
0  -3.542390 -15.331561 -1.295564  0.000003 1.000000 0.000000  0.071977 0.835729 1 71 1.000000
0  -3.542390 -15.331561 -1.214685  0.000003 1.000000 0.000000  0.071977 0.835545 1 71 1.000000
0  -3.220998 -15.331562 -1.214777  0.000003 1.000000 0.000000  0.072707 0.835545 1 71 1.000000
lowpoly_plastic
0  -3.225310 -15.331561 -1.549553  0.002536 0.999996 -0.000965  0.888283 0.514204 1 71 1.000000
0  -3.401214 -15.331561 -1.770130  0.002537 0.999996 -0.000965  0.888354 0.514260 1 71 1.000000
0  -3.412091 -15.331231 -1.694908  0.002537 0.999996 -0.000965  0.888330 0.514263 1 71 1.000000
lowpoly_plastic
0  -3.401214 -15.331561 -1.770130  0.000000 0.999990 -0.004400  0.888354 0.514260 1 71 1.000000
0  -3.542390 -15.331561 -1.770130  0.000000 0.999990 -0.004400  0.888354 0.514305 1 71 1.000000
0  -3.542390 -15.331231 -1.694908  0.000000 0.999990 -0.004400  0.888817 0.514149 1 71 1.000000
lowpoly_plastic
0  -3.283845 -15.331561 -1.472268  0.000327 1.000000 0.000621  0.072564 0.836130 1 71 1.000000
0  -3.412091 -15.331231 -1.694908  0.000327 1.000000 0.000621  0.072273 0.836636 1 71 1.000000
0  -3.542390 -15.331231 -1.694908  0.000327 1.000000 0.000621  0.071977 0.836636 1 71 1.000000
lowpoly_plastic
0  -3.542390 -15.331231 -1.694908  0.000150 1.000000 0.000587  0.071977 0.836636 1 71 1.000000
0  -3.542390 -15.331561 -1.295564  0.000150 1.000000 0.000587  0.071977 0.835729 1 71 1.000000
0  -3.283845 -15.331561 -1.472268  0.000150 1.000000 0.000587  0.072564 0.836130 1 71 1.000000
lowpoly_plastic
0  -3.221109 -15.998266 -1.295381  0.999856 -0.000172 -0.016973  0.915991 0.509843 1 71 1.000000
0  -3.225421 -15.998266 -1.549370  0.999856 -0.000172 -0.016973  0.916052 0.509844 1 71 1.000000
0  -3.225310 -15.331561 -1.549553  0.999856 -0.000172 -0.016973  0.916052 0.509844 1 71 1.000000
lowpoly_plastic
0  -3.542390 -15.998266 -1.214593  -0.000302 0.000421 1.000000  0.071131 0.846103 1 71 1.000000
0  -3.221109 -15.998266 -1.214593  -0.000302 0.000422 1.000000  0.071799 0.846103 1 71 1.000000
0  -3.220998 -15.331562 -1.214777  -0.000302 0.000421 1.000000  0.071799 0.847618 1 71 1.000000
lowpoly_plastic
0  -3.225421 -15.998266 -1.549370  0.781831 -0.000303 -0.623490  0.916052 0.509844 1 71 1.000000
0  -3.401325 -15.998266 -1.769947  0.781831 -0.000303 -0.623490  0.916142 0.509843 1 71 1.000000
0  -3.401214 -15.331561 -1.770130  0.781831 -0.000303 -0.623490  0.916142 0.509843 1 71 1.000000
lowpoly_plastic
0  -3.542390 -12.823981 -1.214593  0.000000 0.000000 1.000000  0.071977 0.839683 1 71 1.000000
0  -3.542390 -13.494715 -1.214593  0.000000 0.000000 1.000000  0.071977 0.838160 1 71 1.000000
0  -3.400064 -13.494715 -1.214593  0.000000 0.000000 1.000000  0.072273 0.838160 1 71 1.000000
lowpoly_plastic
0  -3.542390 -12.823981 -1.587113  0.000000 0.000000 -1.000000  0.072282 0.838160 1 71 1.000000
0  -3.399732 -12.823981 -1.587113  0.000000 0.000000 -1.000000  0.071977 0.838160 1 71 1.000000
0  -3.400064 -13.494715 -1.587113  0.000000 0.000000 -1.000000  0.071978 0.836636 1 71 1.000000
lowpoly_plastic
0  -3.399732 -12.823981 -1.214593  1.000000 -0.000493 0.000000  0.071131 0.846103 1 71 1.000000
0  -3.400064 -13.494715 -1.214593  1.000000 -0.000493 0.000000  0.071131 0.844579 1 71 1.000000
0  -3.400064 -13.494715 -1.587113  1.000000 -0.000493 0.000000  0.071977 0.844579 1 71 1.000000
lowpoly_plastic
0  -3.400064 -13.494715 -1.214593  0.000000 -1.000000 0.000000  0.071977 0.842044 1 71 1.000000
0  -3.542390 -13.494715 -1.214593  0.000000 -1.000000 0.000000  0.072300 0.842044 1 71 1.000000
0  -3.542390 -13.494715 -1.587113  0.000000 -1.000000 0.000000  0.072300 0.842890 1 71 1.000000
lowpoly_plastic
0  -3.542390 -12.823981 -1.214593  0.000000 1.000000 0.000000  0.071977 0.841198 1 71 1.000000
0  -3.399732 -12.823981 -1.214593  0.000000 1.000000 0.000000  0.072301 0.841198 1 71 1.000000
0  -3.399732 -12.823981 -1.587113  0.000000 1.000000 0.000000  0.072301 0.842044 1 71 1.000000
lowpoly_plastic
0  -3.340216 -12.037938 -0.246046  0.335079 0.749608 0.570798  0.007156 0.761729 1 71 1.000000
0  -3.077074 -12.037938 -0.400489  0.335079 0.749608 0.570798  0.007753 0.762080 1 71 1.000000
0  -3.090585 -12.021313 -0.414429  0.335079 0.749608 0.570798  0.007723 0.762111 1 71 1.000000
lowpoly_plastic
0  -3.542390 -12.037938 -0.184290  0.206407 0.707828 0.675556  0.007859 0.762364 1 71 1.000000
0  -3.340216 -12.037938 -0.246046  0.206407 0.707828 0.675556  0.008318 0.762504 1 71 1.000000
0  -3.355676 -12.021313 -0.258768  0.206407 0.707828 0.675556  0.008283 0.762533 1 71 1.000000
lowpoly_plastic
0  -3.094303 -12.021313 -1.295380  0.774782 0.632228 -0.000571  0.005260 0.763256 1 71 1.000000
0  -3.090585 -12.021313 -0.414429  0.774812 0.632191 -0.000586  0.005214 0.763251 1 71 1.000000
0  -3.077074 -12.037938 -0.400489  0.774811 0.632192 -0.000587  0.005213 0.763246 1 71 1.000000
lowpoly_plastic
0  -3.135387 -12.021312 -0.460654  0.000021 1.000000 0.000001  0.070791 0.843214 1 71 1.000000
0  -3.090585 -12.021313 -0.414429  0.000021 1.000000 0.000001  0.070893 0.843109 1 71 1.000000
0  -3.094303 -12.021313 -1.295380  0.000021 1.000000 0.000001  0.070892 0.844910 1 71 1.000000
lowpoly_plastic
0  -3.168955 -12.021313 -1.295086  0.000024 -0.000030 -1.000000  0.893180 0.509683 1 71 1.000000
0  -3.094303 -12.021313 -1.295380  0.000080 0.000015 -1.000000  0.893175 0.509661 1 71 1.000000
0  -3.077675 -12.037935 -1.294494  0.000013 -0.000029 -1.000000  0.893174 0.509652 1 71 1.000000
lowpoly_plastic
0  -3.077675 -12.037935 -1.294494  0.000000 0.000224 -1.000000  0.893174 0.509652 1 71 1.000000
0  -3.077061 -15.998266 -1.295381  0.000000 0.000224 -1.000000  0.893174 0.509081 1 71 1.000000
0  -3.168955 -15.998266 -1.295381  0.000000 0.000224 -1.000000  0.893179 0.509107 1 71 1.000000
lowpoly_plastic
0  -3.542390 -12.021312 -0.231324  0.000010 1.000000 0.000000  0.069867 0.842693 1 71 1.000000
0  -3.542390 -12.021313 -0.201676  0.000010 1.000000 0.000000  0.069867 0.842626 1 71 1.000000
0  -3.355676 -12.021313 -0.258768  0.000010 1.000000 0.000000  0.070291 0.842756 1 71 1.000000
lowpoly_plastic
0  -3.355676 -12.021313 -0.258768  0.000008 1.000000 0.000000  0.070291 0.842756 1 71 1.000000
0  -3.090585 -12.021313 -0.414429  0.000008 1.000000 0.000000  0.070893 0.843109 1 71 1.000000
0  -3.135387 -12.021312 -0.460654  0.000008 1.000000 0.000000  0.070791 0.843214 1 71 1.000000
lowpoly_plastic
0  -3.340216 -12.037938 -0.246046  0.515384 0.000525 0.856959  0.047975 0.747187 1 71 1.000000
0  -3.382797 -17.126026 -0.213508  0.515384 0.000524 0.856959  0.047968 0.746154 1 71 1.000000
0  -3.077074 -12.037938 -0.400489  0.515384 0.000525 0.856959  0.048078 0.747520 1 71 1.000000
lowpoly_plastic
0  -3.382797 -17.126026 -0.213508  0.515355 0.000527 0.856977  0.047968 0.746154 1 71 1.000000
0  -3.382800 -17.613695 -0.213513  0.515355 0.000527 0.856977  0.047968 0.745998 1 71 1.000000
0  -3.077113 -17.613695 -0.400541  0.515355 0.000527 0.856977  0.048066 0.745999 1 71 1.000000
lowpoly_plastic
0  -3.382797 -17.126026 -0.213508  0.243576 0.002074 0.969880  0.047968 0.746154 1 71 1.000000
0  -3.340216 -12.037938 -0.246046  0.243576 0.002070 0.969880  0.047975 0.747187 1 71 1.000000
0  -3.542390 -12.037938 -0.184290  0.243576 0.002074 0.969880  0.047923 0.747173 1 71 1.000000
lowpoly_plastic
0  -3.168955 -15.998266 -1.295381  0.000003 0.000000 -1.000000  0.093044 0.818180 1 71 1.000000
0  -3.168955 -16.205206 -1.295381  0.000003 0.000000 -1.000000  0.093044 0.818178 1 71 1.000000
0  -3.221109 -16.322655 -1.295381  0.000003 0.000000 -1.000000  0.070825 0.824583 1 71 1.000000
lowpoly_plastic
0  -3.168955 -16.371490 -1.220564  0.626622 -0.108222 -0.771772  0.006481 0.764593 1 71 1.000000
0  -3.168955 -16.587818 -1.190529  0.626622 -0.108221 -0.771772  0.006473 0.764524 1 71 1.000000
0  -3.221109 -16.714516 -1.214810  0.626622 -0.108221 -0.771772  0.006490 0.764483 1 71 1.000000
lowpoly_plastic
0  -3.094303 -12.021313 -1.295380  -0.000000 1.000000 0.000000  0.070885 0.845110 1 71 1.000000
0  -3.168955 -12.021313 -1.295086  -0.000000 1.000000 0.000000  0.070715 0.845110 1 71 1.000000
0  -3.168955 -12.021312 -1.088930  -0.000000 1.000000 0.000000  0.070715 0.844642 1 71 1.000000
lowpoly_plastic
0  -3.168955 -12.021312 -1.088930  0.000000 1.000000 0.000001  0.070715 0.844642 1 71 1.000000
0  -3.233830 -12.021312 -1.088920  0.000000 1.000000 0.000001  0.070598 0.844641 1 71 1.000000
0  -3.231053 -12.021312 -0.973220  0.000000 1.000000 0.000001  0.070574 0.844379 1 71 1.000000
lowpoly_plastic
0  -3.135387 -12.021312 -0.919316  0.000008 1.000000 0.000000  0.070791 0.844256 1 71 1.000000
0  -3.094303 -12.021313 -1.295380  0.000008 1.000000 0.000000  0.070885 0.845110 1 71 1.000000
0  -3.168955 -12.021312 -1.088930  0.000008 1.000000 0.000000  0.070715 0.844642 1 71 1.000000
lowpoly_plastic
0  -3.168955 -16.371490 -1.220564  0.655160 -0.302444 -0.692310  0.006481 0.764593 1 71 1.000000
0  -3.168955 -16.205206 -1.295381  0.655160 -0.302443 -0.692310  0.006499 0.764646 1 71 1.000000
0  -3.110920 -16.074514 -1.295381  0.655160 -0.302444 -0.692310  0.006487 0.764688 1 71 1.000000
lowpoly_plastic
0  -3.233830 -12.021313 -1.214593  1.000000 0.000000 -0.000000  0.070568 0.844927 1 71 1.000000
0  -3.233830 -12.021312 -1.088920  1.000000 0.000000 -0.000000  0.070568 0.844641 1 71 1.000000
0  -3.233829 -15.331561 -1.088920  1.000000 0.000000 -0.000000  0.070568 0.844641 1 71 1.000000
lowpoly_plastic
0  -3.542390 -12.021312 -1.214593  0.000001 -0.000000 -1.000000  0.069867 0.844927 1 71 1.000000
0  -3.233830 -12.021313 -1.214593  0.000001 -0.000000 -1.000000  0.070568 0.844927 1 71 1.000000
0  -3.233829 -15.331561 -1.214593  0.000001 -0.000000 -1.000000  0.070568 0.844927 1 71 1.000000
lowpoly_plastic
0  -3.168955 -12.021312 -1.088930  -1.000000 -0.000000 0.000000  0.070715 0.844642 1 71 1.000000
0  -3.168955 -12.021313 -1.295086  -1.000000 -0.000000 0.000000  0.070715 0.845110 1 71 1.000000
0  -3.168955 -15.998266 -1.295381  -1.000000 -0.000000 0.000000  0.070715 0.845110 1 71 1.000000
lowpoly_plastic
0  -3.233830 -12.021312 -1.088920  -0.000151 0.000000 -1.000000  0.070598 0.844641 1 71 1.000000
0  -3.168955 -12.021312 -1.088930  -0.000151 0.000000 -1.000000  0.070715 0.844642 1 71 1.000000
0  -3.168955 -15.331561 -1.088930  -0.000151 0.000000 -1.000000  0.070715 0.844642 1 71 1.000000
lowpoly_plastic
0  -3.233829 -15.331561 -1.088920  0.000000 1.000000 0.000000  0.070598 0.844641 1 71 1.000000
0  -3.168955 -15.331561 -1.088930  0.000000 1.000000 0.000000  0.070715 0.844642 1 71 1.000000
0  -3.168955 -15.331561 -1.214603  0.000000 1.000000 0.000000  0.070715 0.844642 1 71 1.000000
lowpoly_plastic
0  -3.233829 -15.331561 -1.214593  0.000000 1.000000 0.000000  0.070598 0.844641 1 71 1.000000
0  -3.168955 -15.331561 -1.214603  0.000000 1.000000 0.000000  0.070715 0.844642 1 71 1.000000
0  -3.168955 -15.331561 -1.295574  0.000000 1.000000 0.000000  0.070715 0.844642 1 71 1.000000
lowpoly_plastic
0  -3.973859 -16.353640 -1.175613  -0.651056 -0.297385 -0.698346  0.006458 0.764598 1 71 1.000000
0  -4.007718 -16.343225 -1.149389  -0.651056 -0.297384 -0.698347  0.006445 0.764602 1 71 1.000000
0  -4.007718 -15.998266 -1.295381  -0.651056 -0.297386 -0.698346  0.006480 0.764712 1 71 1.000000
lowpoly_plastic
0  -3.973859 -16.714516 -1.128752  -0.616858 -0.103177 -0.780282  0.006446 0.764483 1 71 1.000000
0  -3.973859 -16.353640 -1.175613  -0.616858 -0.103176 -0.780282  0.006458 0.764598 1 71 1.000000
0  -3.915824 -16.587818 -1.190529  -0.616858 -0.103175 -0.780282  0.006473 0.764524 1 71 1.000000
lowpoly_plastic
0  -3.973859 -16.353640 -1.175613  -0.616861 -0.103175 -0.780280  0.006458 0.764598 1 71 1.000000
0  -3.915824 -16.371490 -1.220564  -0.616861 -0.103174 -0.780280  0.006481 0.764593 1 71 1.000000
0  -3.915824 -16.587818 -1.190529  -0.616861 -0.103174 -0.780280  0.006473 0.764524 1 71 1.000000
lowpoly_plastic
0  -3.973859 -16.714516 -1.128752  -0.615520 0.000000 -0.788122  0.006446 0.764483 1 71 1.000000
0  -3.863669 -16.714516 -1.214810  -0.615520 0.000000 -0.788122  0.006490 0.764483 1 71 1.000000
0  -3.863669 -17.613695 -1.214810  -0.615520 0.000000 -0.788122  0.006488 0.764196 1 71 1.000000
lowpoly_plastic
0  -3.683454 -17.613695 -1.769947  -0.781831 0.000000 -0.623490  0.071131 0.835545 1 71 1.000000
0  -3.859358 -17.613695 -1.549370  -0.781831 0.000000 -0.623490  0.070627 0.835546 1 71 1.000000
0  -3.859358 -15.998266 -1.549370  -0.781831 0.000000 -0.623490  0.070627 0.839215 1 71 1.000000
lowpoly_plastic
0  -3.542389 -17.613695 -1.769947  0.000000 0.000000 -1.000000  0.916466 0.511589 1 71 1.000000
0  -3.683454 -17.613695 -1.769947  0.000000 0.000000 -1.000000  0.916426 0.511589 1 71 1.000000
0  -3.683454 -15.998266 -1.769947  0.000000 0.000000 -1.000000  0.916426 0.512139 1 71 1.000000
lowpoly_plastic
0  -3.863669 -17.613695 -1.214810  -0.999932 -0.000440 -0.011688  0.069867 0.835546 1 71 1.000000
0  -3.863669 -16.714516 -1.214810  -0.999932 -0.000440 -0.011688  0.069867 0.837588 1 71 1.000000
0  -3.863669 -16.387531 -1.260960  -0.999932 -0.000439 -0.011688  0.069972 0.838331 1 71 1.000000
lowpoly_plastic
0  -4.007718 -15.998266 -1.295381  0.000000 0.000000 -1.000000  0.893174 0.509081 1 71 1.000000
0  -3.915824 -15.998266 -1.295381  0.000000 0.000000 -1.000000  0.893200 0.509103 1 71 1.000000
0  -3.915824 -16.205206 -1.295381  0.000000 0.000000 -1.000000  0.893200 0.509015 1 71 1.000000
lowpoly_plastic
0  -3.542389 -17.126019 -0.211507  -0.013672 0.000363 0.999906  0.928049 0.510980 1 71 1.000000
0  -3.701982 -17.126026 -0.213508  -0.013672 0.000363 0.999906  0.928092 0.510978 1 71 1.000000
0  -3.701978 -17.613695 -0.213513  -0.013672 0.000363 0.999906  0.928092 0.510823 1 71 1.000000
lowpoly_plastic
0  -3.800823 -17.613861 -1.472084  -0.000046 -1.000000 -0.000063  0.007213 0.765650 1 71 1.000000
0  -3.859358 -17.613695 -1.549370  0.000029 -1.000000 0.000074  0.007195 0.765674 1 71 1.000000
0  -3.683454 -17.613695 -1.769947  -0.000023 -1.000000 -0.000014  0.007251 0.765745 1 71 1.000000
lowpoly_plastic
0  -3.683454 -15.998266 -1.769947  0.000000 -0.000276 -1.000000  0.916426 0.512139 1 71 1.000000
0  -3.683565 -15.331561 -1.770130  0.000000 -0.000276 -1.000000  0.916426 0.512139 1 71 1.000000
0  -3.542390 -15.331561 -1.770130  0.000000 -0.000276 -1.000000  0.916466 0.512140 1 71 1.000000
lowpoly_plastic
0  -3.672576 -17.613695 -1.694725  0.000000 -1.000000 0.000000  0.007254 0.765721 1 71 1.000000
0  -3.683454 -17.613695 -1.769947  0.000000 -1.000000 0.000000  0.007251 0.765745 1 71 1.000000
0  -3.542389 -17.613695 -1.769947  0.000000 -1.000000 0.000000  0.007296 0.765745 1 71 1.000000
lowpoly_plastic
0  -3.841268 -12.109686 -0.961886  0.490899 0.000000 0.871216  0.061532 0.879117 1 71 1.000000
0  -3.841268 -14.249474 -0.961886  0.490899 0.000000 0.871216  0.061532 0.877435 1 71 1.000000
0  -3.542390 -14.249474 -1.130293  0.490899 0.000000 0.871216  0.061263 0.877435 1 71 1.000000
lowpoly_plastic
0  -3.542390 -12.109686 -0.249678  0.490898 0.000000 -0.871217  0.061962 0.879117 1 71 1.000000
0  -3.542390 -14.249474 -0.249678  0.490898 0.000000 -0.871217  0.061962 0.877435 1 71 1.000000
0  -3.933105 -14.249474 -0.469831  0.490898 0.000000 -0.871217  0.061614 0.877435 1 71 1.000000
lowpoly_plastic
0  -3.933106 -12.109686 -0.469831  1.000000 0.000000 0.000000  0.061962 0.874789 1 71 1.000000
0  -3.933105 -14.249474 -0.469831  1.000000 0.000000 0.000000  0.061962 0.876472 1 71 1.000000
0  -3.933105 -14.249474 -0.910139  1.000000 0.000000 0.000000  0.062308 0.876472 1 71 1.000000
lowpoly_plastic
0  -3.841268 -14.249474 -0.961886  0.382219 0.627520 0.678327  0.061532 0.877435 1 71 1.000000
0  -3.820477 -14.282583 -0.942972  0.382219 0.627520 0.678327  0.061523 0.877409 1 71 1.000000
0  -3.542390 -14.282583 -1.099664  0.382219 0.627520 0.678327  0.061273 0.877409 1 71 1.000000
lowpoly_plastic
0  -3.542390 -14.249474 -0.249678  0.382220 0.627518 -0.678328  0.061962 0.877435 1 71 1.000000
0  -3.542390 -14.282583 -0.280307  0.382220 0.627518 -0.678328  0.061954 0.877409 1 71 1.000000
0  -3.905926 -14.282583 -0.485146  0.382220 0.627518 -0.678328  0.061630 0.877409 1 71 1.000000
lowpoly_plastic
0  -3.933105 -14.249474 -0.469831  0.772929 0.634493 -0.000001  0.061962 0.876472 1 71 1.000000
0  -3.905926 -14.282583 -0.485146  0.772929 0.634493 -0.000001  0.061974 0.876498 1 71 1.000000
0  -3.905926 -14.282583 -0.894824  0.772929 0.634493 -0.000001  0.062296 0.876498 1 71 1.000000
lowpoly_plastic
0  -3.820477 -14.282583 -0.942972  0.490899 0.000000 0.871216  0.061523 0.877409 1 71 1.000000
0  -3.820477 -17.613693 -0.942971  0.490899 0.000000 0.871216  0.061523 0.874789 1 71 1.000000
0  -3.542389 -17.613693 -1.099664  0.490899 0.000000 0.871216  0.061273 0.874789 1 71 1.000000
lowpoly_plastic
0  -3.542390 -14.282583 -0.280307  0.490898 0.000000 -0.871217  0.061954 0.877409 1 71 1.000000
0  -3.542389 -17.613693 -0.280307  0.490898 0.000000 -0.871217  0.061954 0.874789 1 71 1.000000
0  -3.905926 -17.613693 -0.485146  0.490898 0.000000 -0.871217  0.061630 0.874789 1 71 1.000000
lowpoly_plastic
0  -3.905926 -14.282583 -0.485146  1.000000 0.000000 0.000000  0.061974 0.876498 1 71 1.000000
0  -3.905926 -17.613693 -0.485146  1.000000 0.000000 0.000000  0.061974 0.879117 1 71 1.000000
0  -3.905926 -17.613693 -0.894824  1.000000 0.000000 0.000000  0.062296 0.879117 1 71 1.000000
lowpoly_plastic
0  -3.850950 -15.331561 -1.295564  0.000152 -0.000290 -1.000000  0.070598 0.844641 1 71 1.000000
0  -3.850950 -15.998266 -1.295371  0.000152 -0.000290 -1.000000  0.070598 0.844641 1 71 1.000000
0  -3.915824 -15.998266 -1.295381  0.000152 -0.000290 -1.000000  0.070715 0.844642 1 71 1.000000
lowpoly_plastic
0  -3.542389 -17.613695 -1.694725  -0.000100 -1.000000 -0.000867  0.070934 0.842585 1 71 1.000000
0  -3.542389 -17.614025 -1.311708  -0.000100 -1.000000 -0.000867  0.070931 0.841715 1 71 1.000000
0  -3.800823 -17.613861 -1.472084  -0.000268 -1.000000 -0.000577  0.070345 0.842082 1 71 1.000000
lowpoly_plastic
0  -3.542389 -17.614025 -1.311708  -0.000188 -1.000000 -0.000668  0.070931 0.841715 1 71 1.000000
0  -3.863669 -17.613695 -1.214810  -0.000404 -1.000000 -0.000350  0.070200 0.841498 1 71 1.000000
0  -3.800823 -17.613861 -1.472084  -0.000404 -1.000000 -0.000350  0.070345 0.842082 1 71 1.000000
lowpoly_plastic
0  -4.007666 -17.613695 -0.400541  0.000008 -1.000000 -0.000032  0.069867 0.839649 1 71 1.000000
0  -3.905926 -17.613693 -0.485146  0.000008 -1.000000 -0.000032  0.070099 0.839841 1 71 1.000000
0  -3.701978 -17.613695 -0.213513  0.000008 -1.000000 -0.000032  0.070560 0.839222 1 71 1.000000
lowpoly_plastic
0  -3.905926 -17.613693 -0.485146  0.000007 -1.000000 -0.000008  0.070099 0.839841 1 71 1.000000
0  -3.542389 -17.613693 -0.280307  0.000007 -1.000000 -0.000008  0.070923 0.839372 1 71 1.000000
0  -3.701978 -17.613695 -0.213513  0.000007 -1.000000 -0.000008  0.070560 0.839222 1 71 1.000000
lowpoly_plastic
0  -4.007666 -17.613695 -0.400541  0.000019 -1.000000 0.000000  0.069867 0.839649 1 71 1.000000
0  -4.007723 -17.613695 -0.589996  0.000019 -1.000000 0.000000  0.069868 0.840079 1 71 1.000000
0  -3.905926 -17.613693 -0.894824  0.000019 -1.000000 0.000000  0.070102 0.840771 1 71 1.000000
lowpoly_plastic
0  -3.973859 -17.613695 -1.128752  0.000004 -1.000000 -0.000010  0.069949 0.841303 1 71 1.000000
0  -3.820477 -17.613693 -0.942971  0.000004 -1.000000 -0.000010  0.070296 0.840880 1 71 1.000000
0  -3.905926 -17.613693 -0.894824  0.000004 -1.000000 -0.000010  0.070102 0.840771 1 71 1.000000
lowpoly_plastic
0  -3.949393 -12.021313 -0.460654  1.000000 0.000000 0.000000  0.072178 0.844992 1 71 1.000000
0  -3.949393 -12.094997 -0.460654  1.000000 0.000000 0.000000  0.072010 0.844992 1 71 1.000000
0  -3.949393 -12.094997 -0.919316  1.000000 0.000000 0.000000  0.072010 0.846034 1 71 1.000000
lowpoly_plastic
0  -3.542390 -12.021312 -0.231324  0.490899 0.000000 -0.871217  0.072178 0.843946 1 71 1.000000
0  -3.542390 -12.094997 -0.231324  0.490899 0.000000 -0.871217  0.072010 0.843946 1 71 1.000000
0  -3.949393 -12.094997 -0.460654  0.490899 0.000000 -0.871217  0.072010 0.844992 1 71 1.000000
lowpoly_plastic
0  -3.853727 -12.021312 -0.973220  0.490899 0.000000 0.871217  0.072178 0.843138 1 71 1.000000
0  -3.853727 -12.094997 -0.973220  0.490899 0.000000 0.871217  0.072010 0.843138 1 71 1.000000
0  -3.542390 -12.094997 -1.148648  0.490899 0.000000 0.871217  0.072010 0.843946 1 71 1.000000
lowpoly_plastic
0  -3.949393 -12.109686 -0.460654  0.000000 1.000000 0.000000  0.070791 0.845631 1 71 1.000000
0  -3.933106 -12.109686 -0.469831  0.000000 1.000000 0.000000  0.070754 0.845652 1 71 1.000000
0  -3.933106 -12.109686 -0.910139  0.000000 1.000000 0.000000  0.070754 0.846652 1 71 1.000000
lowpoly_plastic
0  -3.542390 -12.109686 -0.231324  0.000000 1.000000 0.000000  0.069867 0.845110 1 71 1.000000
0  -3.542390 -12.109686 -0.249678  0.000000 1.000000 0.000000  0.069867 0.845152 1 71 1.000000
0  -3.933106 -12.109686 -0.469831  0.000000 1.000000 0.000000  0.070754 0.845652 1 71 1.000000
lowpoly_plastic
0  -3.853727 -12.109686 -0.973220  0.000000 1.000000 0.000000  0.070574 0.846796 1 71 1.000000
0  -3.841268 -12.109686 -0.961886  0.000000 1.000000 0.000000  0.070546 0.846770 1 71 1.000000
0  -3.542390 -12.109686 -1.130293  0.000000 1.000000 0.000000  0.069867 0.847152 1 71 1.000000
lowpoly_plastic
0  -3.853727 -12.094997 -0.973220  0.490877 0.000000 0.871229  0.072010 0.843138 1 71 1.000000
0  -3.853727 -12.109686 -0.973220  0.490877 0.000000 0.871229  0.071977 0.843138 1 71 1.000000
0  -3.542390 -12.109686 -1.148648  0.490877 0.000000 0.871229  0.071977 0.843946 1 71 1.000000
lowpoly_plastic
0  -3.542390 -12.094997 -0.231324  0.490877 0.000000 -0.871229  0.072010 0.843946 1 71 1.000000
0  -3.542390 -12.109686 -0.231324  0.490877 0.000000 -0.871229  0.071977 0.843946 1 71 1.000000
0  -3.949393 -12.109686 -0.460654  0.490877 0.000000 -0.871229  0.071977 0.844992 1 71 1.000000
lowpoly_plastic
0  -3.949393 -12.094997 -0.460654  1.000000 0.000000 0.000000  0.072010 0.844992 1 71 1.000000
0  -3.949393 -12.109686 -0.460654  1.000000 0.000000 0.000000  0.071977 0.844992 1 71 1.000000
0  -3.949393 -12.109686 -0.919316  1.000000 0.000000 0.000000  0.071977 0.846034 1 71 1.000000
lowpoly_plastic
0  -3.949393 -12.094997 -0.919316  0.490886 0.000000 0.871224  0.072010 0.842890 1 71 1.000000
0  -3.949393 -12.109686 -0.919316  0.490886 0.000000 0.871224  0.071977 0.842890 1 71 1.000000
0  -3.853727 -12.109686 -0.973220  0.490886 0.000000 0.871224  0.071977 0.843138 1 71 1.000000
lowpoly_plastic
0  -3.949393 -12.109686 -0.919316  0.000000 1.000000 0.000000  0.070791 0.846673 1 71 1.000000
0  -3.933106 -12.109686 -0.910139  0.000000 1.000000 0.000000  0.070754 0.846652 1 71 1.000000
0  -3.841268 -12.109686 -0.961886  0.000000 1.000000 0.000000  0.070546 0.846770 1 71 1.000000
lowpoly_plastic
0  -3.949393 -12.021313 -0.919316  0.490902 0.000000 0.871215  0.072178 0.842890 1 71 1.000000
0  -3.949393 -12.094997 -0.919316  0.490902 0.000000 0.871215  0.072010 0.842890 1 71 1.000000
0  -3.853727 -12.094997 -0.973220  0.490902 0.000000 0.871215  0.072010 0.843138 1 71 1.000000
lowpoly_plastic
0  -3.863669 -17.613695 -1.214810  0.000004 -1.000000 0.000000  0.070200 0.841498 1 71 1.000000
0  -3.542389 -17.613693 -1.099664  0.000004 -1.000000 0.000000  0.070929 0.841234 1 71 1.000000
0  -3.820477 -17.613693 -0.942971  0.000004 -1.000000 0.000000  0.070296 0.840880 1 71 1.000000
lowpoly_plastic
0  -3.905926 -14.282583 -0.894824  0.490900 0.000000 0.871216  0.061599 0.877409 1 71 1.000000
0  -3.905926 -17.613693 -0.894824  0.490900 0.000000 0.871216  0.061599 0.874789 1 71 1.000000
0  -3.820477 -17.613693 -0.942971  0.490900 0.000000 0.871216  0.061523 0.874789 1 71 1.000000
lowpoly_plastic
0  -3.933105 -14.249474 -0.910139  0.382209 0.627503 0.678349  0.061614 0.877435 1 71 1.000000
0  -3.905926 -14.282583 -0.894824  0.382209 0.627503 0.678349  0.061599 0.877409 1 71 1.000000
0  -3.820477 -14.282583 -0.942972  0.382209 0.627503 0.678349  0.061523 0.877409 1 71 1.000000
lowpoly_plastic
0  -3.933106 -12.109686 -0.910139  0.490900 0.000000 0.871216  0.061614 0.879117 1 71 1.000000
0  -3.933105 -14.249474 -0.910139  0.490900 0.000000 0.871216  0.061614 0.877435 1 71 1.000000
0  -3.841268 -14.249474 -0.961886  0.490900 0.000000 0.871216  0.061532 0.877435 1 71 1.000000
lowpoly_plastic
0  -4.007718 -16.714516 -1.102309  -0.615519 0.000000 -0.788122  0.006433 0.764483 1 71 1.000000
0  -3.973859 -16.714516 -1.128752  -0.615519 0.000000 -0.788122  0.006446 0.764483 1 71 1.000000
0  -3.973859 -17.613695 -1.128752  -0.615519 0.000000 -0.788122  0.006444 0.764197 1 71 1.000000
lowpoly_plastic
0  -4.007718 -16.343225 -1.149389  -0.620382 -0.099811 -0.777922  0.006445 0.764602 1 71 1.000000
0  -3.973859 -16.353640 -1.175613  -0.620382 -0.099812 -0.777922  0.006458 0.764598 1 71 1.000000
0  -3.973859 -16.714516 -1.128752  -0.620382 -0.099811 -0.777922  0.006446 0.764483 1 71 1.000000
lowpoly_plastic
0  -3.863669 -16.387531 -1.260960  -0.667694 -0.318054 -0.673073  0.006502 0.764587 1 71 1.000000
0  -3.915824 -16.371490 -1.220564  -0.667693 -0.318055 -0.673073  0.006481 0.764593 1 71 1.000000
0  -3.915824 -16.205206 -1.295381  -0.667693 -0.318056 -0.673072  0.006499 0.764646 1 71 1.000000
lowpoly_plastic
0  -3.542390 -12.021312 -1.214593  -0.000003 1.000000 0.000000  0.069867 0.844927 1 71 1.000000
0  -3.850950 -12.021313 -1.214593  -0.000003 1.000000 0.000000  0.070568 0.844927 1 71 1.000000
0  -3.542390 -12.021312 -1.148648  -0.000003 1.000000 0.000000  0.069867 0.844777 1 71 1.000000
lowpoly_plastic
0  -3.850950 -12.021313 -1.214593  -0.000001 1.000000 -0.000012  0.070568 0.844927 1 71 1.000000
0  -3.850950 -12.021312 -1.088920  -0.000001 1.000000 -0.000012  0.070568 0.844641 1 71 1.000000
0  -3.542390 -12.021312 -1.148648  -0.000001 1.000000 -0.000012  0.069867 0.844777 1 71 1.000000
lowpoly_plastic
0  -3.542390 -15.331561 -1.295564  -0.000003 1.000000 0.000000  0.071977 0.835729 1 71 1.000000
0  -3.863781 -15.331562 -1.295564  -0.000003 0.999995 -0.003068  0.072707 0.835729 1 71 1.000000
0  -3.863781 -15.331562 -1.214777  -0.000003 1.000000 0.000000  0.072707 0.835545 1 71 1.000000
lowpoly_plastic
0  -3.859470 -15.331561 -1.549553  -0.002554 0.999996 -0.001012  0.888283 0.514204 1 71 1.000000
0  -3.800935 -15.331561 -1.472268  -0.002554 0.999996 -0.001012  0.888259 0.514223 1 71 1.000000
0  -3.672688 -15.331231 -1.694908  -0.002554 0.999996 -0.001012  0.888330 0.514263 1 71 1.000000
lowpoly_plastic
0  -3.683565 -15.331561 -1.770130  0.000000 0.999990 -0.004378  0.888354 0.514260 1 71 1.000000
0  -3.672688 -15.331231 -1.694908  0.000000 0.999990 -0.004378  0.888330 0.514263 1 71 1.000000
0  -3.542390 -15.331231 -1.694908  0.000000 0.999990 -0.004378  0.888817 0.514149 1 71 1.000000
lowpoly_plastic
0  -3.542390 -15.331231 -1.694908  -0.000276 1.000000 0.000764  0.071977 0.836636 1 71 1.000000
0  -3.672688 -15.331231 -1.694908  -0.000276 1.000000 0.000764  0.072273 0.836636 1 71 1.000000
0  -3.800935 -15.331561 -1.472268  -0.000276 1.000000 0.000764  0.072564 0.836130 1 71 1.000000
lowpoly_plastic
0  -3.800935 -15.331561 -1.472268  -0.000319 1.000000 0.000699  0.072564 0.836130 1 71 1.000000
0  -3.863781 -15.331562 -1.295564  -0.000319 1.000000 0.000699  0.072707 0.835729 1 71 1.000000
0  -3.542390 -15.331561 -1.295564  -0.000319 1.000000 0.000699  0.071977 0.835729 1 71 1.000000
lowpoly_plastic
0  -3.863669 -15.998266 -1.295381  -0.999856 -0.000172 -0.016973  0.915991 0.509843 1 71 1.000000
0  -3.863781 -15.331562 -1.295564  -0.999856 -0.000172 -0.016973  0.915991 0.509843 1 71 1.000000
0  -3.859470 -15.331561 -1.549553  -0.999856 -0.000172 -0.016973  0.916052 0.509844 1 71 1.000000
lowpoly_plastic
0  -3.542390 -15.998266 -1.214593  0.000578 0.000554 1.000000  0.071131 0.846103 1 71 1.000000
0  -3.542390 -15.331561 -1.214685  0.000578 0.000554 1.000000  0.071131 0.847618 1 71 1.000000
0  -3.863781 -15.331562 -1.214777  0.000578 0.000554 1.000000  0.071799 0.847618 1 71 1.000000
lowpoly_plastic
0  -3.859358 -15.998266 -1.549370  -0.781831 -0.000302 -0.623490  0.916052 0.509844 1 71 1.000000
0  -3.859470 -15.331561 -1.549553  -0.781831 -0.000302 -0.623490  0.916052 0.509844 1 71 1.000000
0  -3.683565 -15.331561 -1.770130  -0.781831 -0.000302 -0.623490  0.916142 0.509843 1 71 1.000000
lowpoly_plastic
0  -3.542390 -12.823981 -1.214593  0.000000 0.000000 1.000000  0.071977 0.839683 1 71 1.000000
0  -3.685047 -12.823981 -1.214593  0.000000 0.000000 1.000000  0.072274 0.839683 1 71 1.000000
0  -3.684716 -13.494715 -1.214593  0.000000 0.000000 1.000000  0.072273 0.838160 1 71 1.000000
lowpoly_plastic
0  -3.542390 -12.823981 -1.587113  0.000000 0.000000 -1.000000  0.072282 0.838160 1 71 1.000000
0  -3.542390 -13.494715 -1.587113  0.000000 0.000000 -1.000000  0.072282 0.836636 1 71 1.000000
0  -3.684716 -13.494715 -1.587113  0.000000 0.000000 -1.000000  0.071978 0.836636 1 71 1.000000
lowpoly_plastic
0  -3.685047 -12.823981 -1.214593  -1.000000 -0.000493 0.000000  0.071131 0.846103 1 71 1.000000
0  -3.685047 -12.823981 -1.587113  -1.000000 -0.000493 0.000000  0.071977 0.846103 1 71 1.000000
0  -3.684716 -13.494715 -1.587113  -1.000000 -0.000493 0.000000  0.071977 0.844579 1 71 1.000000
lowpoly_plastic
0  -3.684716 -13.494715 -1.214593  0.000000 -1.000000 0.000000  0.071977 0.842044 1 71 1.000000
0  -3.684716 -13.494715 -1.587113  0.000000 -1.000000 0.000000  0.071977 0.842890 1 71 1.000000
0  -3.542390 -13.494715 -1.587113  0.000000 -1.000000 0.000000  0.072300 0.842890 1 71 1.000000
lowpoly_plastic
0  -3.542390 -12.823981 -1.214593  0.000000 1.000000 0.000000  0.071977 0.841198 1 71 1.000000
0  -3.542390 -12.823981 -1.587113  0.000000 1.000000 0.000000  0.071977 0.842044 1 71 1.000000
0  -3.685047 -12.823981 -1.587113  0.000000 1.000000 0.000000  0.072301 0.842044 1 71 1.000000
lowpoly_plastic
0  -3.744564 -12.037938 -0.246046  -0.335068 0.749669 0.570724  0.007156 0.761729 1 71 1.000000
0  -3.729104 -12.021313 -0.258768  -0.335068 0.749669 0.570724  0.007121 0.761758 1 71 1.000000
0  -3.994194 -12.021313 -0.414429  -0.335068 0.749669 0.570724  0.007723 0.762111 1 71 1.000000
lowpoly_plastic
0  -3.542390 -12.037938 -0.184290  -0.206507 0.707763 0.675593  0.007859 0.762364 1 71 1.000000
0  -3.542390 -12.021313 -0.201676  -0.206507 0.707763 0.675593  0.007859 0.762403 1 71 1.000000
0  -3.729104 -12.021313 -0.258768  -0.206507 0.707763 0.675593  0.008283 0.762533 1 71 1.000000
lowpoly_plastic
0  -3.990477 -12.021313 -1.295380  -0.774763 0.632253 0.000137  0.005260 0.763256 1 71 1.000000
0  -4.007104 -12.037935 -1.294494  -0.774793 0.632215 -0.000587  0.005265 0.763252 1 71 1.000000
0  -4.007706 -12.037938 -0.400489  -0.774763 0.632252 -0.000582  0.005213 0.763246 1 71 1.000000
lowpoly_plastic
0  -3.949393 -12.021313 -0.460654  0.000000 1.000000 0.000000  0.070791 0.843214 1 71 1.000000
0  -3.949393 -12.021313 -0.919316  0.000000 1.000000 0.000000  0.070791 0.844256 1 71 1.000000
0  -3.990477 -12.021313 -1.295380  0.000000 1.000000 0.000000  0.070892 0.844910 1 71 1.000000
lowpoly_plastic
0  -4.007104 -12.037935 -1.294494  -0.000012 -0.000038 -1.000000  0.893174 0.509652 1 71 1.000000
0  -3.990477 -12.021313 -1.295380  -0.000076 0.000005 -1.000000  0.893175 0.509661 1 71 1.000000
0  -3.915824 -12.021313 -1.295086  -0.000026 -0.000039 -1.000000  0.893180 0.509683 1 71 1.000000
lowpoly_plastic
0  -3.915824 -12.021313 -1.295086  -0.000028 0.000000 -1.000000  0.893180 0.509683 1 71 1.000000
0  -3.915824 -15.998266 -1.295381  0.000020 0.000000 -1.000000  0.893179 0.509107 1 71 1.000000
0  -4.007104 -12.037935 -1.294494  -0.000028 0.000001 -1.000000  0.893174 0.509652 1 71 1.000000
lowpoly_plastic
0  -3.729104 -12.021313 -0.258768  -0.000010 1.000000 0.000000  0.070291 0.842756 1 71 1.000000
0  -3.542390 -12.021313 -0.201676  -0.000010 1.000000 0.000000  0.069867 0.842626 1 71 1.000000
0  -3.542390 -12.021312 -0.231324  -0.000010 1.000000 0.000000  0.069867 0.842693 1 71 1.000000
lowpoly_plastic
0  -3.542390 -12.021312 -0.231324  -0.000006 1.000000 0.000015  0.069867 0.842693 1 71 1.000000
0  -3.949393 -12.021313 -0.460654  -0.000006 1.000000 0.000015  0.070791 0.843214 1 71 1.000000
0  -3.729104 -12.021313 -0.258768  -0.000006 1.000000 0.000015  0.070291 0.842756 1 71 1.000000
lowpoly_plastic
0  -3.701978 -17.613695 -0.213513  -0.515393 0.000524 0.856954  0.047968 0.745998 1 71 1.000000
0  -3.701982 -17.126026 -0.213508  -0.515393 0.000525 0.856954  0.047968 0.746154 1 71 1.000000
0  -4.007666 -17.613695 -0.400541  -0.515393 0.000524 0.856954  0.048066 0.745999 1 71 1.000000
lowpoly_plastic
0  -3.701982 -17.126026 -0.213508  -0.515384 0.000526 0.856959  0.047968 0.746154 1 71 1.000000
0  -3.744564 -12.037938 -0.246046  -0.515384 0.000525 0.856959  0.047975 0.747187 1 71 1.000000
0  -4.007706 -12.037938 -0.400489  -0.515384 0.000525 0.856959  0.048078 0.747520 1 71 1.000000
lowpoly_plastic
0  -3.701982 -17.126026 -0.213508  -0.243543 0.002066 0.969888  0.047968 0.746154 1 71 1.000000
0  -3.542389 -17.115868 -0.184436  -0.243543 0.002068 0.969888  0.047921 0.746158 1 71 1.000000
0  -3.542390 -12.037938 -0.184290  -0.243543 0.002076 0.969888  0.047923 0.747173 1 71 1.000000
lowpoly_plastic
0  -3.915824 -15.998266 -1.295381  0.000150 0.000024 -1.000000  0.093044 0.818180 1 71 1.000000
0  -3.850950 -15.998266 -1.295371  0.000150 0.000024 -1.000000  0.072431 0.826588 1 71 1.000000
0  -3.863669 -16.322655 -1.295381  0.000150 0.000024 -1.000000  0.070825 0.824583 1 71 1.000000
lowpoly_plastic
0  -3.915824 -16.371490 -1.220564  -0.626605 -0.108218 -0.771787  0.006481 0.764593 1 71 1.000000
0  -3.863669 -16.387531 -1.260960  -0.626605 -0.108218 -0.771787  0.006502 0.764587 1 71 1.000000
0  -3.863669 -16.714516 -1.214810  -0.626605 -0.108218 -0.771787  0.006490 0.764483 1 71 1.000000
lowpoly_plastic
0  -3.915824 -12.021313 -1.088930  0.000000 1.000000 0.000000  0.070715 0.844642 1 71 1.000000
0  -3.915824 -12.021313 -1.295086  0.000000 1.000000 0.000000  0.070715 0.845110 1 71 1.000000
0  -3.990477 -12.021313 -1.295380  0.000000 1.000000 0.000000  0.070885 0.845110 1 71 1.000000
lowpoly_plastic
0  -3.949393 -12.021313 -0.919316  -0.000011 1.000000 -0.000008  0.070791 0.844256 1 71 1.000000
0  -3.853727 -12.021312 -0.973220  -0.000011 1.000000 -0.000008  0.070574 0.844379 1 71 1.000000
0  -3.915824 -12.021313 -1.088930  -0.000011 1.000000 -0.000008  0.070715 0.844642 1 71 1.000000
lowpoly_plastic
0  -3.853727 -12.021312 -0.973220  -0.000015 1.000000 0.000000  0.070574 0.844379 1 71 1.000000
0  -3.850950 -12.021312 -1.088920  -0.000015 1.000000 0.000000  0.070598 0.844641 1 71 1.000000
0  -3.915824 -12.021313 -1.088930  -0.000015 1.000000 0.000000  0.070715 0.844642 1 71 1.000000
lowpoly_plastic
0  -3.915824 -16.371490 -1.220564  -0.655157 -0.302445 -0.692312  0.006481 0.764593 1 71 1.000000
0  -3.973859 -16.353640 -1.175613  -0.655157 -0.302448 -0.692311  0.006458 0.764598 1 71 1.000000
0  -3.973859 -16.074514 -1.295381  -0.655157 -0.302446 -0.692312  0.006487 0.764688 1 71 1.000000
lowpoly_plastic
0  -3.850950 -12.021313 -1.214593  -1.000000 -0.000000 0.000000  0.070568 0.844927 1 71 1.000000
0  -3.850950 -15.331561 -1.214593  -1.000000 -0.000000 0.000000  0.070568 0.844927 1 71 1.000000
0  -3.850950 -15.331561 -1.088920  -1.000000 -0.000000 0.000000  0.070568 0.844641 1 71 1.000000
lowpoly_plastic
0  -3.542390 -12.021312 -1.214593  -0.000297 0.000028 -1.000000  0.069867 0.844927 1 71 1.000000
0  -3.542390 -15.331561 -1.214685  -0.000297 0.000028 -1.000000  0.069867 0.844927 1 71 1.000000
0  -3.850950 -15.331561 -1.214593  -0.000297 0.000028 -1.000000  0.070568 0.844927 1 71 1.000000
lowpoly_plastic
0  -3.915824 -12.021313 -1.088930  1.000000 0.000000 -0.000000  0.070715 0.844642 1 71 1.000000
0  -3.915824 -15.331561 -1.088930  1.000000 0.000000 -0.000000  0.070715 0.844642 1 71 1.000000
0  -3.915824 -15.998266 -1.295381  1.000000 0.000000 -0.000000  0.070715 0.845110 1 71 1.000000
lowpoly_plastic
0  -3.850950 -12.021312 -1.088920  0.000151 0.000000 -1.000000  0.070598 0.844641 1 71 1.000000
0  -3.850950 -15.331561 -1.088920  0.000151 0.000000 -1.000000  0.070598 0.844641 1 71 1.000000
0  -3.915824 -15.331561 -1.088930  0.000151 0.000000 -1.000000  0.070715 0.844642 1 71 1.000000
lowpoly_plastic
0  -3.850950 -15.331561 -1.088920  0.000000 1.000000 0.000000  0.070598 0.844641 1 71 1.000000
0  -3.850950 -15.331561 -1.214593  0.000000 1.000000 0.000000  0.070598 0.844641 1 71 1.000000
0  -3.915824 -15.331561 -1.214603  0.000000 1.000000 0.000000  0.070715 0.844642 1 71 1.000000
lowpoly_plastic
0  -3.850950 -15.331561 -1.214593  0.000000 1.000000 0.000000  0.070598 0.844641 1 71 1.000000
0  -3.850950 -15.331561 -1.295564  0.000000 1.000000 0.000000  0.070598 0.844641 1 71 1.000000
0  -3.915824 -15.331561 -1.295574  0.000000 1.000000 0.000000  0.070715 0.844642 1 71 1.000000
end
