version 1
nodes
0 "ValveBiped.Bip01_Spine4" -1
1 "ValveBiped.Bip01_L_Clavicle" 0
2 "ValveBiped.Bip01_L_UpperArm" 1
3 "ValveBiped.Bip01_L_Forearm" 2
4 "ValveBiped.Bip01_L_Hand" 3
5 "ValveBiped.Bip01_L_Finger4" 4
6 "ValveBiped.Bip01_L_Finger41" 5
7 "ValveBiped.Bip01_L_Finger42" 6
8 "ValveBiped.Bip01_L_Finger3" 4
9 "ValveBiped.Bip01_L_Finger31" 8
10 "ValveBiped.Bip01_L_Finger32" 9
11 "ValveBiped.Bip01_L_Finger2" 4
12 "ValveBiped.Bip01_L_Finger21" 11
13 "ValveBiped.Bip01_L_Finger22" 12
14 "ValveBiped.Bip01_L_Finger1" 4
15 "ValveBiped.Bip01_L_Finger11" 14
16 "ValveBiped.Bip01_L_Finger12" 15
17 "ValveBiped.Bip01_L_Finger0" 4
18 "ValveBiped.Bip01_L_Finger01" 17
19 "ValveBiped.Bip01_L_Finger02" 18
20 "ValveBiped.Bip01_L_Ulna" 3
21 "ValveBiped.Bip01_L_Wrist" 3
22 "rig_l_upperarm" 1
23 "rig_l_forearm" 22
24 "rig_d_l_forearm" 23
25 "rig_d_l_upperarm" 22
26 "ValveBiped.Bip01_R_Clavicle" 0
27 "ValveBiped.Bip01_R_UpperArm" 26
28 "ValveBiped.Bip01_R_Forearm" 27
29 "ValveBiped.Bip01_R_Hand" 28
30 "ValveBiped.Bip01_R_Finger4" 29
31 "ValveBiped.Bip01_R_Finger41" 30
32 "ValveBiped.Bip01_R_Finger42" 31
33 "ValveBiped.Bip01_R_Finger3" 29
34 "ValveBiped.Bip01_R_Finger31" 33
35 "ValveBiped.Bip01_R_Finger32" 34
36 "ValveBiped.Bip01_R_Finger2" 29
37 "ValveBiped.Bip01_R_Finger21" 36
38 "ValveBiped.Bip01_R_Finger22" 37
39 "ValveBiped.Bip01_R_Finger1" 29
40 "ValveBiped.Bip01_R_Finger11" 39
41 "ValveBiped.Bip01_R_Finger12" 40
42 "ValveBiped.Bip01_R_Finger0" 29
43 "ValveBiped.Bip01_R_Finger01" 42
44 "ValveBiped.Bip01_R_Finger02" 43
45 "ValveBiped.Bip01_R_Ulna" 28
46 "ValveBiped.Bip01_R_Wrist" 28
47 "rig_r_upperarm" 26
48 "rig_r_forearm" 47
49 "rig_d_r_forearm" 48
50 "rig_d_r_upperarm" 47
51 "rig_r_hand" -1
52 "rig_d_r_hand" 51
53 "rig_d_r_wrist" 52
54 "rig_l_hand" -1
55 "rig_d_l_hand" 54
56 "rig_d_l_wrist" 54
57 "rig_l_pole" -1
58 "rig_r_pole" -1
59 "rig_l_clavicle" -1
60 "rig_d_l_clavicle" 59
61 "rig_r_clavicle" -1
62 "rig_d_r_clavicle" 61
63 "Camera" -1
64 "body" -1
65 "trigger" 64
66 "bolt" 64
67 "chandle" 66
68 "barrel" 64
69 "magrel" 64
70 "fireselector" 64
71 "fireselector_inverted" 64
72 "magrel9mm" 64
73 "fakemag" -1
74 "fakerounds" 73
75 "mag" -1
76 "bullet1" 75
77 "bullet3" 75
78 "bullet2" 75
79 "bullet4" 75
80 "bizonmag" -1
81 "fakeroundsbizon" 80
82 "fakebizonmag" -1
83 "bullet1bizon" 82
84 "bullet2bizon" 82
end
skeleton
time 0
0  0.000006 0.000000 0.000000  -1.570800 -1.391899 -1.570792
1  -8.526393 2.634402 1.937664  -1.544956 -1.855077 -0.198630
2  6.027524 -0.000330 0.000189  -0.567072 -1.415494 -1.542415
3  11.692109 0.000643 -0.000739  -1.080838 -0.000012 -1.283361
4  11.480641 0.000579 -0.000470  0.605789 -0.762644 0.855118
5  3.859502 -0.142823 -1.192080  -0.799182 -0.087399 -1.804500
6  1.312588 0.000011 0.000009  -0.119313 -0.053855 -0.329393
7  0.729355 0.000054 0.000049  0.005978 -0.010416 -0.436525
8  3.942140 0.046331 -0.431543  -0.759080 0.204254 -1.456462
9  1.539111 0.000085 0.000005  -0.026773 -0.074292 -0.700716
10  1.196333 0.000145 0.000028  0.006696 0.000855 -0.620635
11  3.883510 -0.047212 0.431350  -0.425430 0.506846 -0.938886
12  1.719573 -0.000026 0.000017  0.032091 -0.180509 -1.168257
13  1.209179 0.000090 0.000013  0.001722 -0.001671 -0.371093
14  3.859678 -0.138418 1.332380  -0.204179 0.558697 -0.670168
15  1.719449 -0.000017 0.000029  -0.037097 0.017729 -0.587459
16  1.099675 0.000049 0.000004  -0.003643 0.001799 -1.259213
17  0.602686 -0.582614 1.078276  -0.889309 -0.459818 -0.488377
18  1.789818 -0.000004 -0.000018  0.006061 0.002375 0.042471
19  1.207014 -0.000014 -0.000044  -0.001426 0.000292 0.581677
20  5.740636 0.000388 -0.000698  -0.244277 0.000003 0.000063
21  11.481133 0.000295 -0.000746  -0.110624 -0.181732 0.072756
22  6.027524 -0.000332 0.000200  1.549766 -0.153966 1.735567
23  0.000001 11.692099 -0.000007  -0.899225 -0.361100 -0.723166
24  0.000002 0.000008 -0.000002  -0.211749 -0.000030 1.570738
25  0.000000 -0.000011 -0.000000  0.868960 0.000002 1.570712
26  -6.617934 -9.178503 0.826812  1.473120 1.855075 -0.198639
27  6.027513 -0.000259 -0.000221  1.569366 0.774953 -0.688432
28  11.691991 0.000161 0.000856  0.141449 0.000071 -1.814471
29  11.479549 -0.000748 0.000939  -1.194829 0.334343 0.874388
30  3.859438 -0.132759 1.193065  0.466149 -0.051827 -1.783911
31  1.312559 0.000026 -0.000001  -0.013963 -0.041043 -0.156446
32  0.729346 0.000065 -0.000028  -0.128320 -0.117290 -0.954858
33  3.942047 0.050139 0.431000  0.211502 -0.107596 -1.469110
34  1.539096 0.000005 -0.000000  0.040711 -0.054386 -1.030473
35  1.196300 0.000079 -0.000004  -0.249391 -0.043040 -0.795119
36  3.883414 -0.050472 -0.431084  0.186408 -0.271796 -1.212174
37  1.719564 -0.000084 -0.000005  0.020973 -0.107650 -1.483531
38  1.209197 0.000035 0.000011  -0.324719 0.069673 -0.493483
39  3.859589 -0.149082 -1.331321  -0.094937 -0.084957 -0.411356
40  1.719413 -0.000098 -0.000037  -0.011249 0.001677 -0.960921
41  1.099674 0.000024 0.000007  -0.004983 -0.008085 -0.787928
42  0.805984 -0.359848 -1.318338  0.991670 0.166767 -0.799527
43  1.789780 -0.000008 -0.000042  0.000058 -0.002451 0.133097
44  1.206997 -0.000006 0.000005  0.000372 -0.000071 1.058780
45  5.740572 0.000079 0.000720  0.165448 -0.000014 0.000028
46  11.480852 -0.000075 0.000933  0.051293 0.070428 0.147746
47  6.027515 -0.000273 -0.000230  -0.909115 -0.480360 -1.723817
48  -0.000001 11.691974 -0.000006  -1.214170 0.658579 0.914415
49  0.000002 -0.000000 0.000001  2.413977 -0.000036 1.570860
50  -0.000007 -0.000014 0.000004  2.272645 -0.000036 1.570861
51  -3.755355 -4.044785 -6.457684  -0.119636 -2.992809 1.478372
52  0.000000 -0.000000 -0.000000  0.008153 -0.000259 0.000009
53  0.000000 -0.000000 -0.000000  1.565115 0.043565 -0.106862
54  -0.481581 -16.759987 -4.864513  -0.863460 0.102063 -1.878791
55  0.000000 -0.000000 0.000000  0.000000 -0.000001 -0.000002
56  0.000031 0.000029 0.000001  -1.571901 -0.044449 -0.106509
57  10.430052 -19.544212 -17.246658  1.570796 -0.000000 0.000000
58  -15.417985 4.000748 -22.641926  1.570796 -0.000000 0.000000
59  1.941978 -1.075505 -8.860325  1.570796 -0.000000 0.000000
60  -0.004311 0.001229 -0.000371  0.006898 -0.005534 -0.284229
61  0.826810 10.209643 -4.879054  1.570796 -0.000000 0.000000
62  0.000000 0.000000 0.000000  -0.078727 -3.136056 0.284226
63  0.000000 0.000000 0.000000  1.570796 -0.000000 0.000000
64  -2.287624 -8.249615 -1.349235  1.571103 0.041360 0.006551
65  0.048106 -2.944859 0.933263  0.000000 -0.000000 -0.000000
66  0.048105 -1.112259 5.803838  0.000000 -0.000000 -0.000000
67  -1.140610 -0.098565 1.093603  0.000000 -0.000000 -0.000000
68  0.217551 -1.673973 20.274759  0.000000 -0.000000 -0.000000
69  0.217546 -3.706013 2.941690  0.000000 -0.000000 -0.000000
70  0.048105 -1.885239 -0.022553  0.000000 -0.000000 -0.000000
71  -0.082569 -1.959166 -0.004310  0.000000 -0.000000 -0.000000
72  0.217546 -3.788154 3.509795  0.000000 -0.000000 -0.000000
73  -2.423788 -12.955736 -5.444452  1.571103 0.041360 0.006551
74  0.017809 1.009273 -0.369179  0.000000 -0.000000 -0.000000
75  -2.423788 -12.955736 -5.444452  1.571103 0.041360 0.006551
76  0.088237 2.028859 -0.387791  0.000000 -0.000000 -0.000000
77  0.089166 1.580732 -0.409890  0.000000 -0.000000 -0.000000
78  -0.263817 1.788471 -0.409403  0.000000 -0.000000 -0.000000
79  -0.263817 1.287952 -0.409403  0.000000 -0.000000 -0.000000
80  -2.336780 -21.038733 -4.621614  1.571103 0.041360 0.006551
81  0.017809 0.973332 -8.485497  0.000000 -0.000000 -0.000000
82  -2.336780 -21.038733 -4.621614  1.571103 0.041360 0.006551
83  0.088237 1.202834 -8.470930  0.000000 -0.000000 -0.000000
84  -0.263817 0.962446 -8.492541  0.000000 -0.000000 -0.000000
time 1
0  0.000006 0.000000 0.000000  -1.570800 -1.391899 -1.570792
1  -8.692324 2.379410 1.911494  -1.544956 -1.855077 -0.198630
2  6.027524 -0.000328 0.000189  -0.560348 -1.444498 -1.552127
3  11.692108 0.000644 -0.000738  -1.054654 -0.000012 -1.253678
4  11.479470 0.000290 -0.000978  0.647476 -0.683489 0.823287
5  3.859503 -0.142823 -1.192081  -0.808246 -0.013629 -1.702989
6  1.312590 0.000010 0.000008  -0.103837 -0.054030 -0.316354
7  0.729355 0.000054 0.000046  0.006961 -0.009540 -0.346239
8  3.942143 0.046332 -0.431544  -0.712630 0.243482 -1.324619
9  1.539110 0.000084 0.000005  -0.025166 -0.071685 -0.603156
10  1.196333 0.000146 0.000027  0.006750 -0.000498 -0.426356
11  3.883511 -0.047212 0.431350  -0.338543 0.454847 -0.859588
12  1.719573 -0.000028 0.000016  0.011709 -0.166663 -0.989784
13  1.209180 0.000092 0.000012  0.001864 -0.000866 -0.202053
14  3.856887 -0.144134 1.337155  -0.088412 0.497377 -0.549872
15  1.719448 -0.000019 0.000028  -0.037754 0.019121 -0.555267
16  1.099674 0.000051 0.000005  0.001427 -0.003586 -1.074168
17  0.597004 -0.506452 1.097871  -0.917359 -0.471576 -0.516159
18  1.789819 -0.000003 -0.000018  0.004949 0.006224 -0.051405
19  1.207016 -0.000012 -0.000043  -0.001823 0.000425 0.582853
20  5.740635 0.000390 -0.000698  -0.238653 0.000003 0.000063
21  11.480898 0.000238 -0.000847  -0.114696 -0.165339 0.078705
22  6.027524 -0.000330 0.000200  1.552895 -0.125113 1.732077
23  0.000001 11.692097 -0.000008  -0.881007 -0.346209 -0.710313
24  0.000003 0.000010 0.000000  -0.185567 -0.000030 1.570739
25  0.000000 -0.000012 -0.000000  0.868960 0.000002 1.570712
26  -6.617934 -9.178503 0.826812  1.473120 1.855075 -0.198639
27  6.027513 -0.000259 -0.000221  1.583333 0.769917 -0.685545
28  11.691992 0.000160 0.000856  0.150851 0.000071 -1.814171
29  11.479555 -0.000737 0.000945  -1.235531 0.324223 0.863523
30  3.859437 -0.132758 1.193065  0.466149 -0.051827 -1.783911
31  1.312559 0.000026 -0.000001  -0.013963 -0.041043 -0.156446
32  0.729345 0.000065 -0.000027  -0.128320 -0.117290 -0.954858
33  3.942047 0.050138 0.431000  0.211502 -0.107596 -1.469110
34  1.539096 0.000005 -0.000001  0.040711 -0.054386 -1.030473
35  1.196300 0.000078 -0.000003  -0.249391 -0.043040 -0.795119
36  3.883413 -0.050473 -0.431084  0.186408 -0.271796 -1.212173
37  1.719563 -0.000085 -0.000004  0.020973 -0.107650 -1.483531
38  1.209197 0.000036 0.000011  -0.324719 0.069673 -0.493483
39  3.859588 -0.149082 -1.331321  -0.103499 -0.075273 -0.372090
40  1.719413 -0.000098 -0.000036  -0.012265 -0.004031 -0.898060
41  1.099674 0.000024 0.000007  -0.004221 -0.008045 -0.785754
42  0.805984 -0.359848 -1.318338  0.991670 0.166767 -0.799527
43  1.789780 -0.000008 -0.000042  0.000058 -0.002451 0.133098
44  1.206997 -0.000006 0.000006  0.000372 -0.000071 1.058780
45  5.740573 0.000080 0.000722  0.155829 -0.000014 0.000028
46  11.480855 -0.000073 0.000935  0.044897 0.065354 0.147800
47  6.027515 -0.000273 -0.000230  -0.898543 -0.474257 -1.735535
48  -0.000001 11.691974 -0.000005  -1.213993 0.658397 0.914329
49  0.000002 -0.000000 0.000000  2.423380 -0.000036 1.570860
50  -0.000008 -0.000014 0.000006  2.272645 -0.000036 1.570861
51  -3.921798 -4.060433 -6.433924  -0.147770 -2.992920 1.485119
52  0.000000 0.000000 -0.000000  0.008153 -0.000259 0.000009
53  -0.000000 0.000000 -0.000000  1.565115 0.043565 -0.106862
54  -0.329546 -16.680759 -4.631537  -0.832398 0.066483 -1.915107
55  -0.000000 -0.000000 0.000000  0.000000 -0.000001 -0.000002
56  0.000030 0.000029 0.000002  -1.571901 -0.044449 -0.106509
57  10.927677 -19.022217 -17.241726  1.570796 -0.000000 0.000000
58  -15.384451 3.984266 -22.698418  1.570796 -0.000000 0.000000
59  1.915808 -0.795056 -8.978232  1.570796 -0.000000 0.000000
60  -0.004311 0.001229 -0.000371  0.006898 -0.005534 -0.284229
61  0.826810 10.209643 -4.879054  1.570796 -0.000000 0.000000
62  0.000000 0.000000 0.000000  -0.078727 -3.136056 0.284226
63  0.000000 0.000000 0.000000  1.571865 -0.000946 0.000011
64  -2.302431 -8.274425 -1.379123  1.573912 0.069042 0.009284
65  0.048105 -2.944859 0.933263  -0.000000 0.000000 -0.000000
66  0.048105 -1.112259 5.803838  -0.000000 0.000000 -0.000000
67  -1.140610 -0.098565 1.093604  -0.000000 0.000000 -0.000000
68  0.217551 -1.673973 20.274757  -0.000000 0.000000 -0.000000
69  0.217545 -3.706013 2.941690  -0.000000 0.000000 -0.000000
70  0.048105 -1.885239 -0.022554  -0.000000 0.000000 -0.000000
71  -0.082569 -1.959166 -0.004310  -0.000000 0.000000 -0.000000
72  0.217545 -3.788155 3.509796  -0.000000 0.000000 -0.000000
73  -2.540034 -12.970430 -5.481317  1.573912 0.069042 0.009284
74  0.017810 1.009273 -0.369181  -0.000000 0.000000 -0.000000
75  -2.540034 -12.970430 -5.481317  1.573912 0.069042 0.009284
76  0.088237 2.028860 -0.387793  -0.000000 0.000000 -0.000000
77  0.089166 1.580732 -0.409891  -0.000000 0.000000 -0.000000
78  -0.263817 1.788471 -0.409405  -0.000000 0.000000 -0.000000
79  -0.263817 1.287952 -0.409405  -0.000000 0.000000 -0.000000
80  -2.409727 -21.055241 -4.682390  1.573912 0.069042 0.009284
81  0.017810 0.973330 -8.485497  -0.000000 0.000000 -0.000000
82  -2.409727 -21.055241 -4.682390  1.573912 0.069042 0.009284
83  0.088237 1.202833 -8.470931  -0.000000 0.000000 -0.000000
84  -0.263817 0.962445 -8.492543  -0.000000 0.000000 -0.000000
time 2
0  0.000006 0.000000 0.000000  -1.570800 -1.391899 -1.570792
1  -9.167755 1.616614 1.837783  -1.544956 -1.855077 -0.198630
2  6.027523 -0.000330 0.000189  -1.341329 -1.372487 -0.738813
3  11.692108 0.000645 -0.000740  -0.973446 -0.000021 -1.435821
4  11.479669 0.000228 -0.000968  0.660612 -0.594721 0.942739
5  3.859504 -0.142824 -1.192080  -0.788102 0.168094 -1.447409
6  1.312589 0.000010 0.000008  -0.064676 -0.055332 -0.288588
7  0.729356 0.000055 0.000049  0.009370 -0.007478 -0.149828
8  3.942141 0.046331 -0.431543  -0.565580 0.295812 -1.012731
9  1.539111 0.000084 0.000006  -0.020317 -0.064642 -0.354872
10  1.196333 0.000146 0.000030  0.005856 -0.003400 -0.017497
11  3.883511 -0.047212 0.431351  -0.149758 0.295735 -0.706163
12  1.719573 -0.000026 0.000017  -0.024716 -0.119003 -0.559735
13  1.209179 0.000090 0.000013  0.002789 0.000960 0.160043
14  3.848560 -0.161199 1.351414  0.144978 0.283385 -0.336748
15  1.719449 -0.000016 0.000029  -0.039620 0.023652 -0.458258
16  1.099676 0.000050 0.000005  0.010609 -0.021165 -0.620455
17  0.581006 -0.291927 1.153068  -0.998400 -0.503469 -0.580639
18  1.789820 -0.000003 -0.000018  0.001340 0.013616 -0.279635
19  1.207015 -0.000015 -0.000045  -0.002665 0.000720 0.592997
20  5.740638 0.000389 -0.000698  -0.248724 0.000003 0.000063
21  11.480939 0.000226 -0.000845  -0.114970 -0.156876 0.110202
22  6.027524 -0.000331 0.000200  1.690155 -0.158832 1.753777
23  -0.000000 11.692098 -0.000008  -0.991316 -0.440870 -0.785709
24  0.000003 0.000008 -0.000000  -0.104349 -0.000031 1.570738
25  -0.000001 -0.000011 -0.000000  0.868960 0.000002 1.570712
26  -6.617934 -9.178503 0.826812  1.473120 1.855075 -0.198639
27  6.027513 -0.000259 -0.000221  1.610936 0.760683 -0.683374
28  11.691989 0.000161 0.000856  0.179078 0.000071 -1.811382
29  11.479580 -0.000694 0.000964  -1.322237 0.308955 0.840121
30  3.859437 -0.132759 1.193065  0.466149 -0.051827 -1.783911
31  1.312559 0.000024 -0.000001  -0.013963 -0.041043 -0.156446
32  0.729346 0.000065 -0.000027  -0.128320 -0.117290 -0.954858
33  3.942047 0.050139 0.431000  0.211502 -0.107596 -1.469110
34  1.539097 0.000006 -0.000001  0.040711 -0.054386 -1.030473
35  1.196300 0.000077 -0.000003  -0.249391 -0.043040 -0.795119
36  3.883414 -0.050473 -0.431085  0.186408 -0.271796 -1.212173
37  1.719564 -0.000084 -0.000005  0.020973 -0.107650 -1.483531
38  1.209198 0.000034 0.000011  -0.324719 0.069673 -0.493483
39  3.859588 -0.149082 -1.331321  -0.125666 -0.046001 -0.261017
40  1.719413 -0.000099 -0.000036  -0.017030 -0.019416 -0.717476
41  1.099674 0.000024 0.000007  -0.002130 -0.007944 -0.773121
42  0.805983 -0.359848 -1.318339  0.991670 0.166767 -0.799527
43  1.789780 -0.000008 -0.000042  0.000058 -0.002451 0.133097
44  1.206996 -0.000007 0.000005  0.000372 -0.000071 1.058780
45  5.740573 0.000080 0.000721  0.133958 -0.000014 0.000028
46  11.480860 -0.000064 0.000937  0.030563 0.055877 0.147341
47  6.027515 -0.000273 -0.000230  -0.878674 -0.461333 -1.761446
48  -0.000002 11.691974 -0.000005  -1.212349 0.656710 0.913532
49  0.000003 0.000001 -0.000000  2.451607 -0.000036 1.570860
50  -0.000007 -0.000013 0.000006  2.272645 -0.000036 1.570861
51  -4.258940 -4.106005 -6.390483  -0.200004 -2.994600 1.498948
52  -0.000000 -0.000000 0.000000  0.008153 -0.000259 0.000009
53  -0.000000 -0.000000 -0.000000  1.565115 0.043565 -0.106862
54  1.006460 -15.133104 -5.380337  -0.653880 0.065415 -1.919414
55  0.000001 0.000001 -0.000000  0.000000 -0.000001 -0.000002
56  0.000031 0.000029 0.000001  -1.571901 -0.044449 -0.106509
57  12.440865 -17.477928 -17.200916  1.570796 -0.000000 0.000000
58  -15.283838 3.934813 -22.867903  1.570796 -0.000000 0.000000
59  1.842096 0.040166 -9.310342  1.570796 -0.000000 0.000000
60  -0.004311 0.001229 -0.000371  0.006898 -0.005534 -0.284229
61  0.826810 10.209643 -4.879054  1.570796 -0.000000 0.000000
62  0.000000 0.000000 0.000000  -0.078727 -3.136056 0.284226
63  0.000000 0.000000 0.000000  1.574216 -0.003311 0.000033
64  -2.356889 -8.337885 -1.450394  1.580329 0.120336 0.016024
65  0.048105 -2.944859 0.933264  -0.000000 0.000000 0.000000
66  0.048105 -1.112260 5.803837  -0.000000 0.000000 0.000000
67  -1.140610 -0.098564 1.093603  -0.000000 0.000000 0.000000
68  0.217551 -1.673973 20.274757  -0.000000 0.000000 0.000000
69  0.217545 -3.706012 2.941690  -0.000000 0.000000 0.000000
70  0.048106 -1.885239 -0.022552  -0.000000 0.000000 0.000000
71  -0.082569 -1.959166 -0.004309  -0.000000 0.000000 0.000000
72  0.217546 -3.788154 3.509795  -0.000000 0.000000 0.000000
73  -2.776795 -13.012327 -5.562592  1.580329 0.120336 0.016024
74  0.017809 1.009273 -0.369180  -0.000000 0.000000 0.000000
75  -2.776795 -13.012327 -5.562592  1.580329 0.120336 0.016024
76  0.088237 2.028860 -0.387792  -0.000000 0.000000 0.000000
77  0.089166 1.580732 -0.409891  -0.000000 0.000000 0.000000
78  -0.263817 1.788471 -0.409404  -0.000000 0.000000 0.000000
79  -0.263817 1.287951 -0.409404  -0.000000 0.000000 0.000000
80  -2.557261 -21.100494 -4.819075  1.580329 0.120336 0.016024
81  0.017809 0.973330 -8.485498  -0.000000 0.000000 0.000000
82  -2.557261 -21.100494 -4.819075  1.580329 0.120336 0.016024
83  0.088237 1.202834 -8.470930  -0.000000 0.000000 0.000000
84  -0.263817 0.962445 -8.492542  -0.000000 0.000000 0.000000
time 3
0  0.000006 0.000000 0.000000  -1.570800 -1.391899 -1.570792
1  -9.799841 0.517566 1.743139  -1.544956 -1.855077 -0.198630
2  6.027520 -0.000327 0.000190  -1.726054 -1.219120 -0.311710
3  11.692105 0.000646 -0.000738  -0.838971 -0.000032 -1.595168
4  11.479721 0.000054 -0.001038  0.917662 -0.462018 1.070205
5  3.859504 -0.142824 -1.192079  -0.712921 0.301232 -1.218792
6  1.312590 0.000013 0.000008  -0.030636 -0.057061 -0.276053
7  0.729355 0.000057 0.000049  0.010752 -0.005417 -0.057354
8  3.942141 0.046331 -0.431542  -0.427056 0.269358 -0.842389
9  1.539110 0.000081 0.000003  -0.015042 -0.056849 -0.134125
10  1.196333 0.000145 0.000028  0.004663 -0.004887 0.162148
11  3.883511 -0.047212 0.431351  -0.019512 0.140328 -0.644427
12  1.719574 -0.000027 0.000016  -0.036299 -0.070997 -0.226128
13  1.209179 0.000090 0.000012  0.004002 0.002297 0.344290
14  3.835453 -0.188061 1.373863  0.290688 0.053900 -0.291601
15  1.719447 -0.000019 0.000029  -0.041573 0.029855 -0.339131
16  1.099675 0.000051 0.000006  0.014708 -0.040572 -0.254133
17  0.560465 -0.016477 1.223939  -1.092802 -0.532923 -0.623902
18  1.789818 -0.000004 -0.000018  -0.001482 0.016249 -0.471092
19  1.207016 -0.000014 -0.000044  -0.003037 0.000887 0.617551
20  5.740637 0.000387 -0.000699  -0.207882 0.000003 0.000064
21  11.480950 0.000189 -0.000860  -0.079012 -0.122071 0.163181
22  6.027524 -0.000328 0.000200  1.874572 -0.180097 1.778016
23  -0.000000 11.692098 -0.000007  -1.085583 -0.529477 -0.844680
24  0.000003 0.000008 0.000000  0.030131 -0.000031 1.570739
25  0.000000 -0.000011 -0.000001  0.868960 0.000002 1.570712
26  -6.617934 -9.178503 0.826812  1.473120 1.855075 -0.198639
27  6.027513 -0.000259 -0.000221  1.630274 0.753614 -0.690453
28  11.691990 0.000161 0.000858  0.224429 0.000070 -1.804806
29  11.479635 -0.000616 0.000984  -1.401384 0.311449 0.814721
30  3.859438 -0.132759 1.193065  0.466149 -0.051827 -1.783911
31  1.312560 0.000025 -0.000001  -0.013963 -0.041043 -0.156446
32  0.729346 0.000065 -0.000028  -0.128320 -0.117290 -0.954858
33  3.942046 0.050139 0.431000  0.211502 -0.107596 -1.469110
34  1.539097 0.000006 -0.000001  0.040711 -0.054386 -1.030473
35  1.196301 0.000078 -0.000003  -0.249391 -0.043040 -0.795119
36  3.883414 -0.050472 -0.431084  0.186408 -0.271796 -1.212173
37  1.719563 -0.000086 -0.000004  0.020973 -0.107650 -1.483531
38  1.209197 0.000035 0.000012  -0.324719 0.069673 -0.493483
39  3.859588 -0.149082 -1.331321  -0.149309 -0.004745 -0.118175
40  1.719412 -0.000098 -0.000036  -0.026970 -0.036711 -0.478600
41  1.099674 0.000024 0.000007  0.000427 -0.007883 -0.739502
42  0.805983 -0.359848 -1.318338  0.991670 0.166767 -0.799527
43  1.789780 -0.000008 -0.000042  0.000058 -0.002451 0.133097
44  1.206996 -0.000007 0.000006  0.000372 -0.000071 1.058780
45  5.740572 0.000079 0.000721  0.110951 -0.000014 0.000028
46  11.480871 -0.000049 0.000942  0.016119 0.050528 0.145461
47  6.027515 -0.000273 -0.000230  -0.864426 -0.452169 -1.788092
48  -0.000001 11.691974 -0.000007  -1.208477 0.652738 0.911645
49  0.000003 0.000000 0.000000  2.496957 -0.000036 1.570860
50  -0.000007 -0.000013 0.000003  2.272645 -0.000036 1.570861
51  -4.528788 -4.176690 -6.395397  2.913357 -0.142849 -1.631342
52  0.000000 0.000000 0.000000  0.008153 -0.000259 0.000009
53  -0.000000 0.000000 0.000000  1.565115 0.043565 -0.106862
54  2.862289 -13.410694 -6.264672  -0.193853 0.087212 -1.840778
55  0.000000 0.000000 0.000000  0.000000 -0.000001 -0.000002
56  0.000031 0.000029 0.000001  -1.571901 -0.044449 -0.106509
57  14.850255 -15.125020 -17.072311  1.570796 -0.000000 0.000000
58  -15.122289 3.855409 -23.140043  1.570796 -0.000000 0.000000
59  1.747451 1.234150 -9.736770  1.570796 -0.000000 0.000000
60  -0.004311 0.001229 -0.000371  0.006898 -0.005534 -0.284229
61  0.826810 10.209643 -4.879054  1.570796 -0.000000 0.000000
62  0.000000 0.000000 0.000000  -0.078727 -3.136056 0.284226
63  0.000000 0.000000 0.000000  1.576568 -0.006385 0.000046
64  -2.460849 -8.423538 -1.535459  1.586923 0.147812 0.024131
65  0.048106 -2.944859 0.933263  0.000000 0.000000 0.000000
66  0.048105 -1.112259 5.803836  0.000000 0.000000 0.000000
67  -1.140610 -0.098564 1.093605  0.000000 0.000000 0.000000
68  0.217551 -1.673973 20.274759  0.000000 0.000000 0.000000
69  0.217546 -3.706012 2.941690  0.000000 0.000000 0.000000
70  0.048106 -1.885239 -0.022554  0.000000 0.000000 0.000000
71  -0.082569 -1.959166 -0.004310  0.000000 0.000000 0.000000
72  0.217546 -3.788154 3.509794  0.000000 0.000000 0.000000
73  -3.588360 -1.097282 -23.660017  1.570796 -0.000000 0.000000
74  0.017809 1.009274 -0.369181  0.000000 -0.000000 0.000000
75  -2.960772 -13.076662 -5.662861  1.586923 0.147812 0.024131
76  0.088237 2.028859 -0.387792  0.000000 0.000000 0.000000
77  0.089166 1.580732 -0.409891  0.000000 0.000000 0.000000
78  -0.263816 1.788471 -0.409405  0.000000 0.000000 0.000000
79  -0.263817 1.287952 -0.409405  0.000000 0.000000 0.000000
80  -2.663028 -21.167240 -4.974873  1.586923 0.147812 0.024131
81  0.017810 0.973331 -8.485497  0.000000 0.000000 0.000000
82  -2.663028 -21.167240 -4.974873  1.586923 0.147812 0.024131
83  0.088237 1.202834 -8.470929  0.000000 0.000000 0.000000
84  -0.263816 0.962445 -8.492541  0.000000 0.000000 0.000000
time 4
0  0.000006 0.000000 0.000000  -1.570800 -1.391899 -1.570792
1  -10.334224 -0.571232 1.669427  -1.544956 -1.855077 -0.198630
2  6.027518 -0.000332 0.000190  -1.866009 -1.016876 -0.111176
3  11.692106 0.000646 -0.000738  -0.668416 -0.000040 -1.735999
4  11.480502 0.000230 -0.000753  1.379061 -0.341083 1.097207
5  3.859503 -0.142823 -1.192079  -0.609465 0.348959 -1.031518
6  1.312589 0.000010 0.000008  -0.003723 -0.042671 -0.283814
7  0.729355 0.000054 0.000049  0.009573 -0.003203 -0.065570
8  3.942140 0.046331 -0.431543  -0.323617 0.205557 -0.872487
9  1.539109 0.000082 0.000003  -0.004719 -0.006024 0.057087
10  1.196332 0.000145 0.000028  -0.000630 -0.003754 0.151909
11  3.883511 -0.047212 0.431351  0.057802 0.043583 -0.708134
12  1.719573 -0.000028 0.000018  -0.030522 -0.029610 -0.017182
13  1.209179 0.000088 0.000012  0.004809 0.003391 0.369994
14  3.819485 -0.220784 1.401207  0.384682 -0.192000 -0.391642
15  1.719446 -0.000019 0.000029  -0.041433 0.040009 -0.160724
16  1.099674 0.000049 0.000007  0.017642 -0.061701 0.012898
17  0.544463 0.198049 1.279135  -1.201306 -0.550127 -0.637819
18  1.789819 -0.000002 -0.000018  -0.001470 0.014425 -0.627617
19  1.207015 -0.000013 -0.000044  -0.002831 0.000720 0.639776
20  5.740636 0.000389 -0.000700  -0.122349 0.000003 0.000063
21  11.481108 0.000227 -0.000804  -0.008863 -0.061485 0.199505
22  6.027524 -0.000331 0.000200  2.087425 -0.209653 1.810640
23  0.000000 11.692100 -0.000007  -1.168150 -0.611557 -0.891040
24  0.000003 0.000008 -0.000001  0.200691 -0.000031 1.570739
25  0.000001 -0.000012 -0.000000  0.868960 0.000002 1.570712
26  -6.617934 -9.178503 0.826812  1.473120 1.855075 -0.198639
27  6.027514 -0.000259 -0.000221  1.631321 0.750215 -0.708671
28  11.691990 0.000160 0.000855  0.282107 0.000070 -1.795516
29  11.479721 -0.000510 0.001006  -1.448007 0.341713 0.787980
30  3.859438 -0.132758 1.193065  0.466149 -0.051827 -1.783911
31  1.312559 0.000026 -0.000000  -0.013963 -0.041043 -0.156446
32  0.729346 0.000065 -0.000028  -0.128320 -0.117290 -0.954858
33  3.942046 0.050139 0.431000  0.211502 -0.107596 -1.469110
34  1.539097 0.000005 -0.000001  0.040711 -0.054386 -1.030473
35  1.196301 0.000077 -0.000003  -0.249391 -0.043040 -0.795119
36  3.883414 -0.050472 -0.431084  0.186408 -0.271796 -1.212173
37  1.719564 -0.000084 -0.000004  0.020973 -0.107650 -1.483531
38  1.209197 0.000035 0.000011  -0.324719 0.069673 -0.493483
39  3.859588 -0.149082 -1.331321  -0.163527 0.029499 -0.007469
40  1.719412 -0.000098 -0.000036  -0.037502 -0.047122 -0.274274
41  1.099675 0.000024 0.000007  0.002205 -0.007977 -0.679214
42  0.805983 -0.359848 -1.318338  0.991670 0.166767 -0.799527
43  1.789780 -0.000009 -0.000042  0.000058 -0.002451 0.133098
44  1.206996 -0.000008 0.000006  0.000372 -0.000071 1.058780
45  5.740574 0.000078 0.000720  0.093473 -0.000014 0.000028
46  11.480887 -0.000029 0.000946  0.005730 0.052957 0.141468
47  6.027515 -0.000273 -0.000230  -0.860673 -0.453033 -1.808666
48  -0.000001 11.691974 -0.000004  -1.203010 0.647135 0.908955
49  0.000003 -0.000000 -0.000000  2.554636 -0.000036 1.570860
50  -0.000007 -0.000013 0.000006  2.272645 -0.000036 1.570861
51  -4.619153 -4.264346 -6.485278  2.929182 -0.138668 -1.627627
52  0.000000 0.000000 0.000000  0.008153 -0.000259 0.000009
53  -0.000000 -0.000000 0.000000  1.565115 0.043565 -0.106862
54  4.877867 -11.674148 -7.227362  0.449758 0.036737 -1.713731
55  0.000000 0.000000 -0.000000  -0.000000 -0.000001 -0.000002
56  0.000030 0.000029 0.000001  -1.571902 -0.044449 -0.106509
57  17.782391 -12.456223 -16.799007  1.570796 -0.000000 0.000000
58  -14.916775 3.754396 -23.486240  1.570796 -0.000000 0.000000
59  1.673738 2.400661 -10.068879  1.570796 -0.000000 0.000000
60  -0.004311 0.001229 -0.000371  0.006898 -0.005534 -0.284229
61  0.826810 10.209643 -4.879054  1.570796 -0.000000 0.000000
62  0.000000 0.000000 0.000000  -0.078727 -3.136056 0.284226
63  0.000000 0.000000 0.000000  1.577636 -0.009460 0.000044
64  -2.603359 -8.514927 -1.606730  1.589771 0.131842 0.030463
65  0.048106 -2.944860 0.933262  -0.000000 -0.000000 0.000000
66  0.048105 -1.112260 5.803837  -0.000000 -0.000000 0.000000
67  -1.140610 -0.098565 1.093603  -0.000000 -0.000000 0.000000
68  0.217551 -1.673973 20.274759  -0.000000 -0.000000 0.000000
69  0.217546 -3.706013 2.941689  -0.000000 -0.000000 0.000000
70  0.048106 -1.885240 -0.022554  -0.000000 -0.000000 0.000000
71  -0.082568 -1.959166 -0.004310  -0.000000 -0.000000 0.000000
72  0.217546 -3.788155 3.509794  -0.000000 -0.000000 0.000000
73  -3.588360 -1.097282 -23.660017  1.570796 -0.000000 0.000000
74  0.017809 1.009274 -0.369181  0.000000 -0.000000 0.000000
75  -3.009949 -13.157269 -5.756462  1.589771 0.131842 0.030463
76  0.088237 2.028858 -0.387793  -0.000000 -0.000000 0.000000
77  0.089166 1.580731 -0.409892  -0.000000 -0.000000 0.000000
78  -0.263817 1.788470 -0.409404  -0.000000 -0.000000 0.000000
79  -0.263817 1.287951 -0.409405  -0.000000 -0.000000 0.000000
80  -2.674950 -21.248173 -5.089785  1.589771 0.131842 0.030463
81  0.017809 0.973330 -8.485501  -0.000000 -0.000000 0.000000
82  -2.674950 -21.248173 -5.089785  1.589771 0.131842 0.030463
83  0.088237 1.202834 -8.470933  -0.000000 -0.000000 0.000000
84  -0.263817 0.962445 -8.492545  -0.000000 -0.000000 0.000000
time 5
0  0.000006 0.000000 0.000000  -1.570800 -1.391899 -1.570792
1  -10.600454 -1.380888 1.643258  -1.544956 -1.855077 -0.198630
2  6.027516 -0.000329 0.000193  -1.872650 -0.786570 -0.024613
3  11.692105 0.000648 -0.000739  -0.495574 -0.000051 -1.878731
4  11.479212 -0.000616 -0.001171  1.683589 -0.226292 0.988043
5  3.859505 -0.142823 -1.192078  -0.502149 0.351396 -0.937920
6  1.312588 0.000010 0.000009  0.009185 -0.023988 -0.297018
7  0.729355 0.000053 0.000049  0.008013 -0.001552 -0.120332
8  3.942143 0.046331 -0.431542  -0.233120 0.144001 -0.965942
9  1.539110 0.000083 0.000004  0.009958 0.038790 0.153364
10  1.196332 0.000145 0.000028  -0.005559 -0.002652 0.093312
11  3.883512 -0.047211 0.431353  0.091745 -0.014405 -0.825227
12  1.719572 -0.000028 0.000017  -0.023750 -0.009485 0.065925
13  1.209180 0.000090 0.000011  0.006235 0.003549 0.374690
14  3.803518 -0.253508 1.428553  0.443762 -0.304837 -0.520685
15  1.719447 -0.000018 0.000027  -0.044006 0.047246 -0.047686
16  1.099673 0.000049 0.000005  0.021033 -0.075041 0.132810
17  0.538786 0.274212 1.298732  -1.297670 -0.552716 -0.642691
18  1.789818 -0.000003 -0.000017  0.003582 0.004386 -0.702212
19  1.207016 -0.000014 -0.000044  -0.001455 0.000427 0.731682
20  5.740641 0.000389 -0.000700  -0.054993 0.000003 0.000063
21  11.480854 0.000055 -0.000887  0.035046 -0.013555 0.190599
22  6.027524 -0.000330 0.000201  2.313981 -0.278679 1.836935
23  -0.000001 11.692100 -0.000006  -1.252271 -0.697745 -0.931992
24  0.000003 0.000010 0.000001  0.373534 -0.000031 1.570739
25  -0.000001 -0.000011 -0.000000  0.868960 0.000002 1.570712
26  -6.617934 -9.178503 0.826812  1.473120 1.855075 -0.198639
27  6.027514 -0.000259 -0.000221  1.621289 0.750291 -0.732190
28  11.691992 0.000161 0.000856  0.344215 0.000069 -1.783296
29  11.479828 -0.000384 0.001011  -1.475798 0.390123 0.752092
30  3.859437 -0.132758 1.193065  0.466149 -0.051827 -1.783911
31  1.312559 0.000026 -0.000001  -0.013963 -0.041043 -0.156446
32  0.729345 0.000066 -0.000027  -0.128320 -0.117290 -0.954858
33  3.942047 0.050139 0.431000  0.211502 -0.107596 -1.469110
34  1.539097 0.000005 -0.000000  0.040711 -0.054386 -1.030473
35  1.196301 0.000078 -0.000004  -0.249391 -0.043040 -0.795119
36  3.883413 -0.050472 -0.431084  0.186408 -0.271796 -1.212173
37  1.719563 -0.000085 -0.000005  0.020973 -0.107650 -1.483531
38  1.209197 0.000034 0.000011  -0.324719 0.069673 -0.493483
39  3.859588 -0.149082 -1.331321  -0.167641 0.041962 0.031609
40  1.719413 -0.000098 -0.000036  -0.042790 -0.048920 -0.155101
41  1.099674 0.000023 0.000006  0.002462 -0.008185 -0.595016
42  0.805984 -0.359847 -1.318338  0.991670 0.166767 -0.799527
43  1.789780 -0.000008 -0.000042  0.000058 -0.002451 0.133098
44  1.206996 -0.000007 0.000005  0.000372 -0.000071 1.058780
45  5.740571 0.000079 0.000721  0.080372 -0.000014 0.000028
46  11.480908 -0.000003 0.000947  -0.002037 0.060293 0.134704
47  6.027515 -0.000273 -0.000230  -0.864488 -0.459524 -1.823664
48  -0.000001 11.691974 -0.000005  -1.195825 0.639784 0.905377
49  0.000002 0.000000 0.000000  2.616743 -0.000036 1.570860
50  -0.000007 -0.000013 0.000005  2.272645 -0.000036 1.570861
51  -4.588086 -4.374328 -6.616601  -0.169755 -3.000472 1.510661
52  0.000000 -0.000001 -0.000000  0.008153 -0.000259 0.000009
53  0.000000 0.000000 -0.000000  1.565115 0.043565 -0.106862
54  6.802794 -9.991988 -8.361358  0.916160 -0.072968 -1.674369
55  0.000001 0.000001 0.000000  0.000000 -0.000001 -0.000002
56  0.000031 0.000029 0.000002  -1.571901 -0.044449 -0.106509
57  20.700207 -10.103314 -16.345264  1.570796 -0.000000 0.000000
58  -14.695048 3.645413 -23.859753  1.570796 -0.000000 0.000000
59  1.647569 3.244770 -10.186787  1.570796 -0.000000 0.000000
60  -0.004311 0.001229 -0.000371  0.006898 -0.005534 -0.284229
61  0.826810 10.209643 -4.879054  1.570796 -0.000000 0.000000
62  0.000000 0.000000 0.000000  -0.078727 -3.136056 0.284226
63  0.000000 0.000000 0.000000  1.577027 -0.011824 -0.000193
64  -2.768264 -8.595594 -1.636618  1.583497 0.089994 0.032413
65  0.048105 -2.944859 0.933262  -0.000000 -0.000000 -0.000000
66  0.048105 -1.112260 5.803836  -0.000000 -0.000000 -0.000000
67  -1.140610 -0.098564 1.093603  -0.000000 -0.000000 -0.000000
68  0.217551 -1.673974 20.274757  -0.000000 -0.000000 -0.000000
69  0.217545 -3.706013 2.941690  -0.000000 -0.000000 -0.000000
70  0.048105 -1.885239 -0.022554  -0.000000 -0.000000 -0.000000
71  -0.082569 -1.959166 -0.004310  -0.000000 -0.000000 -0.000000
72  0.217545 -3.788155 3.509796  -0.000000 -0.000000 -0.000000
73  -3.588360 -1.097282 -23.660017  1.570796 -0.000000 0.000000
74  0.017809 1.009274 -0.369181  0.000000 -0.000000 0.000000
75  -2.988345 -13.259147 -5.776636  1.583497 0.089994 0.032413
76  0.088237 2.028860 -0.387792  -0.000000 -0.000000 -0.000000
77  0.089166 1.580732 -0.409890  -0.000000 -0.000000 -0.000000
78  -0.263817 1.788471 -0.409405  -0.000000 -0.000000 -0.000000
79  -0.263816 1.287952 -0.409405  -0.000000 -0.000000 -0.000000
80  -2.661106 -21.345764 -5.056262  1.583497 0.089994 0.032413
81  0.017810 0.973330 -8.485498  -0.000000 -0.000000 -0.000000
82  -2.661106 -21.345764 -5.056262  1.583497 0.089994 0.032413
83  0.088237 1.202834 -8.470931  -0.000000 -0.000000 -0.000000
84  -0.263816 0.962445 -8.492543  -0.000000 -0.000000 -0.000000
time 6
0  0.000006 0.000000 0.000000  -1.570800 -1.391899 -1.570792
1  -10.713900 -2.008250 1.643259  -1.544956 -1.855077 -0.198630
2  6.027515 -0.000328 0.000194  -1.812411 -0.575637 0.023551
3  11.692105 0.000645 -0.000739  -0.355743 -0.000058 -1.981153
4  11.478290 -0.001188 -0.001232  1.657858 -0.144525 0.802334
5  3.859504 -0.142824 -1.192077  -0.393950 0.319311 -1.007861
6  1.312590 0.000010 0.000008  0.008999 -0.019067 -0.310110
7  0.729355 0.000053 0.000050  0.007862 0.000533 -0.518642
8  3.942140 0.046331 -0.431541  -0.156538 0.082724 -1.081110
9  1.539112 0.000083 0.000004  0.008878 0.021272 -0.028357
10  1.196334 0.000145 0.000029  -0.003375 -0.004173 -0.202779
11  3.883511 -0.047212 0.431353  0.076208 -0.056998 -0.936697
12  1.719573 -0.000028 0.000016  -0.033377 -0.038389 -0.207384
13  1.209179 0.000089 0.000012  0.009121 0.002754 0.180942
14  3.790407 -0.280372 1.451001  0.387295 -0.233137 -0.683444
15  1.719449 -0.000019 0.000028  -0.062706 0.029031 -0.293348
16  1.099676 0.000050 0.000005  0.038416 -0.076783 -0.183159
17  0.558304 0.146660 1.332648  -1.287395 -0.502382 -0.764574
18  1.789820 -0.000005 -0.000019  0.018787 -0.060498 -0.650479
19  1.207016 -0.000012 -0.000043  0.005412 -0.001464 1.146000
20  5.740635 0.000389 -0.000699  -0.035594 0.000003 0.000064
21  11.480668 -0.000059 -0.000900  0.023068 -0.001525 0.152435
22  6.027524 -0.000328 0.000200  -0.626828 -2.759765 -1.283739
23  0.000001 11.692101 -0.000006  -1.313742 -0.761134 -0.957154
24  0.000003 0.000007 0.000002  0.513366 -0.000030 1.570738
25  0.000001 -0.000011 0.000000  0.868960 0.000002 1.570712
26  -6.617934 -9.178503 0.826812  1.473120 1.855075 -0.198639
27  6.027514 -0.000259 -0.000221  1.604558 0.755097 -0.756381
28  11.691992 0.000160 0.000857  0.401568 0.000067 -1.768802
29  11.479958 -0.000249 0.001001  -1.485494 0.445255 0.708566
30  3.859437 -0.132759 1.193065  0.466149 -0.051827 -1.783911
31  1.312559 0.000026 -0.000001  -0.013963 -0.041043 -0.156446
32  0.729346 0.000064 -0.000027  -0.128320 -0.117290 -0.954858
33  3.942047 0.050139 0.431000  0.211502 -0.107596 -1.469110
34  1.539097 0.000004 -0.000001  0.040711 -0.054386 -1.030473
35  1.196300 0.000078 -0.000003  -0.249391 -0.043040 -0.795119
36  3.883413 -0.050473 -0.431084  0.186408 -0.271796 -1.212173
37  1.719564 -0.000084 -0.000005  0.020973 -0.107650 -1.483531
38  1.209198 0.000035 0.000012  -0.324719 0.069674 -0.493483
39  3.859588 -0.149082 -1.331321  -0.168943 0.030223 0.008177
40  1.719412 -0.000098 -0.000036  -0.043639 -0.046032 -0.089702
41  1.099673 0.000024 0.000007  0.001313 -0.008078 -0.445974
42  0.805983 -0.359847 -1.318339  0.991670 0.166767 -0.799527
43  1.789780 -0.000008 -0.000042  0.000058 -0.002451 0.133098
44  1.206997 -0.000007 0.000005  0.000372 -0.000071 1.058780
45  5.740572 0.000078 0.000722  0.073427 -0.000014 0.000028
46  11.480935 0.000024 0.000946  -0.006369 0.070222 0.125593
47  6.027515 -0.000273 -0.000230  -0.875630 -0.468061 -1.831432
48  0.000001 11.691975 -0.000004  -1.187311 0.631092 0.901073
49  0.000003 -0.000002 0.000001  2.674097 -0.000036 1.570860
50  -0.000006 -0.000013 0.000006  2.272645 -0.000036 1.570861
51  -4.458745 -4.500041 -6.739029  -0.108744 -2.990868 1.502064
52  -0.000000 -0.000000 -0.000000  0.008153 -0.000259 0.000009
53  -0.000000 -0.000000 -0.000000  1.565115 0.043565 -0.106862
54  8.376507 -8.612853 -9.610741  1.058544 -0.147569 -1.723628
55  -0.000000 -0.000000 0.000001  0.000000 -0.000001 -0.000002
56  0.000031 0.000030 0.000002  -1.571902 -0.044449 -0.106509
57  23.139452 -8.559024 -15.712248  1.570796 -0.000000 0.000000
58  -14.489534 3.544401 -24.205950  1.570796 -0.000000 0.000000
59  1.647569 3.882306 -10.186787  1.570796 -0.000000 0.000000
60  -0.004311 0.001229 -0.000371  0.006898 -0.005534 -0.284229
61  0.826810 10.209643 -4.879054  1.570796 -0.000000 0.000000
62  0.000000 0.000000 0.000000  -0.078727 -3.136056 0.284226
63  0.000000 0.000000 0.000000  1.575456 -0.012769 -0.000785
64  -2.939411 -8.652706 -1.603070  1.568098 0.030836 0.031759
65  0.048106 -2.944859 0.933263  -0.000000 0.000000 -0.000000
66  0.048105 -1.112260 5.803837  -0.000000 0.000000 -0.000000
67  -1.140611 -0.098565 1.093603  -0.000000 0.000000 -0.000000
68  0.217551 -1.673973 20.274757  -0.000000 0.000000 -0.000000
69  0.217546 -3.706012 2.941691  -0.000000 0.000000 -0.000000
70  0.048105 -1.885239 -0.022554  -0.000000 0.000000 -0.000000
71  -0.082569 -1.959166 -0.004310  -0.000000 0.000000 -0.000000
72  0.217545 -3.788154 3.509796  -0.000000 0.000000 -0.000000
73  -3.588360 -1.097282 -23.660017  1.570796 -0.000000 0.000000
74  0.017809 1.009274 -0.369181  0.000000 -0.000000 0.000000
75  -2.913002 -13.371672 -5.685663  1.568098 0.030836 0.031759
76  0.088237 2.028860 -0.387791  -0.000000 0.000000 -0.000000
77  0.089166 1.580732 -0.409891  -0.000000 0.000000 -0.000000
78  -0.263817 1.788471 -0.409404  -0.000000 0.000000 -0.000000
79  -0.263817 1.287952 -0.409404  -0.000000 0.000000 -0.000000
80  -2.630276 -21.447645 -4.838231  1.568098 0.030836 0.031759
81  0.017809 0.973331 -8.485497  -0.000000 0.000000 -0.000000
82  -2.630276 -21.447645 -4.838231  1.568098 0.030836 0.031759
83  0.088237 1.202834 -8.470927  -0.000000 0.000000 -0.000000
84  -0.263817 0.962446 -8.492539  -0.000000 0.000000 -0.000000
time 7
0  0.000006 0.000000 0.000000  -1.570800 -1.391899 -1.570792
1  -10.798180 -2.474318 1.643259  -1.544956 -1.855077 -0.198630
2  6.027516 -0.000329 0.000193  -1.624631 -0.701878 0.117766
3  11.692105 0.000648 -0.000739  -0.269737 -0.000058 -1.973202
4  11.478362 -0.001259 -0.001114  1.688801 -0.191633 -0.147250
5  3.859504 -0.142821 -1.192080  -0.281822 0.259197 -1.175518
6  1.312589 0.000010 0.000008  0.007849 -0.016940 -0.323808
7  0.729355 0.000054 0.000049  0.006581 0.003360 -1.272497
8  3.942140 0.046332 -0.431543  -0.091731 0.030049 -1.213369
9  1.539111 0.000082 0.000004  0.011032 -0.017348 -0.434583
10  1.196333 0.000145 0.000028  0.002318 -0.004679 -0.763113
11  3.883511 -0.047211 0.431351  0.036299 -0.084599 -1.045889
12  1.719573 -0.000028 0.000017  -0.023315 -0.107167 -0.851957
13  1.209179 0.000090 0.000011  0.012849 0.003037 -0.268965
14  3.782081 -0.297433 1.465257  0.239435 -0.162744 -0.901687
15  1.719448 -0.000018 0.000030  -0.074337 -0.021968 -0.842807
16  1.099676 0.000048 0.000006  0.065985 -0.059127 -0.927317
17  0.600077 -0.126282 1.405219  -1.199762 -0.385435 -0.996448
18  1.789819 -0.000004 -0.000017  0.031688 -0.184299 -0.536713
19  1.207015 -0.000013 -0.000042  0.013511 -0.009118 1.763201
20  5.740636 0.000389 -0.000700  0.032335 0.000003 0.000063
21  11.480682 -0.000077 -0.000876  0.026537 -0.017562 -0.036202
22  6.027525 -0.000328 0.000200  -0.814705 -2.662496 -0.998451
23  0.000000 11.692101 -0.000006  -1.308918 -0.756173 -0.955339
24  0.000003 0.000008 -0.000001  0.599372 -0.000031 1.570739
25  0.000002 -0.000012 -0.000000  0.868960 0.000002 1.570712
26  -6.617934 -9.178503 0.826812  1.473120 1.855075 -0.198639
27  6.027514 -0.000259 -0.000221  1.584916 0.764481 -0.777758
28  11.691990 0.000161 0.000857  0.446447 0.000066 -1.753368
29  11.480098 -0.000123 0.000970  -1.476154 0.495984 0.665182
30  3.859437 -0.132759 1.193065  0.466149 -0.051827 -1.783911
31  1.312559 0.000025 -0.000001  -0.013963 -0.041043 -0.156446
32  0.729346 0.000064 -0.000027  -0.128320 -0.117290 -0.954858
33  3.942048 0.050138 0.431000  0.211502 -0.107596 -1.469110
34  1.539097 0.000007 -0.000002  0.040711 -0.054386 -1.030473
35  1.196300 0.000077 -0.000003  -0.249391 -0.043040 -0.795119
36  3.883414 -0.050473 -0.431084  0.186408 -0.271796 -1.212173
37  1.719564 -0.000085 -0.000005  0.020973 -0.107650 -1.483531
38  1.209197 0.000035 0.000010  -0.324719 0.069673 -0.493483
39  3.859589 -0.149082 -1.331321  -0.171129 -0.002994 -0.057775
40  1.719413 -0.000099 -0.000036  -0.042575 -0.041546 -0.044640
41  1.099675 0.000023 0.000007  -0.000718 -0.007068 -0.201981
42  0.805984 -0.359848 -1.318338  0.991670 0.166767 -0.799527
43  1.789780 -0.000009 -0.000042  0.000058 -0.002451 0.133097
44  1.206996 -0.000007 0.000006  0.000372 -0.000071 1.058780
45  5.740573 0.000078 0.000721  0.073464 -0.000014 0.000028
46  11.480964 0.000049 0.000939  -0.006535 0.080476 0.115621
47  6.027515 -0.000273 -0.000230  -0.892599 -0.475963 -1.831565
48  -0.000001 11.691975 -0.000006  -1.178253 0.621868 0.896419
49  0.000002 0.000001 0.000000  2.718975 -0.000036 1.570860
50  -0.000007 -0.000014 0.000004  2.272645 -0.000036 1.570861
51  -4.263154 -4.629101 -6.820671  -0.038292 -2.978042 1.491157
52  0.000000 0.000000 0.000001  0.008153 -0.000259 0.000009
53  0.000000 -0.000000 -0.000000  1.565115 0.043565 -0.106862
54  6.135166 -8.370205 -11.163204  1.370580 -0.423878 -2.754596
55  0.000000 0.000001 0.000000  0.000000 -0.000001 -0.000002
56  0.000030 0.000029 0.000001  -1.571901 -0.044449 -0.106509
57  24.856201 -8.037028 -14.927692  1.570796 -0.000000 0.000000
58  -14.327984 3.464996 -24.478090  1.570796 -0.000000 0.000000
59  1.647569 4.355933 -10.186787  1.570796 -0.000000 0.000000
60  -0.004311 0.001229 -0.000371  0.006898 -0.005534 -0.284229
61  0.826810 10.209643 -4.879054  1.570796 -0.000000 0.000000
62  0.000000 0.000000 0.000000  -0.078727 -3.136056 0.284226
63  0.000000 0.000000 0.000000  1.573307 -0.010937 -0.001590
64  -3.100645 -8.687925 -1.519199  1.547989 -0.037003 0.031945
65  0.048106 -2.944859 0.933262  -0.000000 -0.000000 -0.000000
66  0.048105 -1.112259 5.803836  -0.000000 -0.000000 -0.000000
67  -1.140611 -0.098565 1.093603  -0.000000 -0.000000 -0.000000
68  0.217551 -1.673973 20.274757  -0.000000 -0.000000 -0.000000
69  0.217546 -3.706012 2.941691  -0.000000 -0.000000 -0.000000
70  0.048106 -1.885239 -0.022554  -0.000000 -0.000000 -0.000000
71  -0.082569 -1.959166 -0.004310  -0.000000 -0.000000 -0.000000
72  0.217546 -3.788155 3.509794  -0.000000 -0.000000 -0.000000
73  1.523132 -6.691769 -10.631708  1.107255 -0.977742 -0.010696
74  0.017810 1.009273 -0.369181  0.000000 -0.000000 0.000000
75  -2.797418 -13.479287 -5.505152  1.547989 -0.037003 0.031945
76  0.088237 2.028860 -0.387793  -0.000000 -0.000000 -0.000000
77  0.089166 1.580732 -0.409892  -0.000000 -0.000000 -0.000000
78  -0.263817 1.788471 -0.409405  -0.000000 -0.000000 -0.000000
79  -0.263817 1.287952 -0.409405  -0.000000 -0.000000 -0.000000
80  -2.577268 -21.538563 -4.495690  1.547989 -0.037003 0.031945
81  0.017809 0.973330 -8.485497  -0.000000 -0.000000 -0.000000
82  -2.577268 -21.538563 -4.495690  1.547989 -0.037003 0.031945
83  0.088237 1.202833 -8.470929  -0.000000 -0.000000 -0.000000
84  -0.263817 0.962445 -8.492541  -0.000000 -0.000000 -0.000000
time 8
0  0.000006 0.000000 0.000000  -1.570800 -1.391899 -1.570792
1  -10.824330 -2.618934 1.643259  -1.544956 -1.855077 -0.198630
2  6.027519 -0.000333 0.000192  -1.885012 -0.880340 0.293426
3  11.692106 0.000645 -0.000739  -0.217359 -0.000039 -1.700289
4  11.478992 -0.000941 -0.000960  1.539233 -0.036272 -0.138719
5  3.859503 -0.142822 -1.192079  -0.237071 0.235706 -1.255760
6  1.312589 0.000010 0.000008  0.007254 -0.016651 -0.329013
7  0.729355 0.000054 0.000050  0.005624 0.004096 -1.580173
8  3.942141 0.046331 -0.431543  -0.069253 0.012608 -1.265379
9  1.539110 0.000084 0.000003  0.016739 -0.034429 -0.623709
10  1.196334 0.000146 0.000029  0.004884 -0.003807 -1.017653
11  3.883510 -0.047211 0.431351  0.017215 -0.093096 -1.085675
12  1.719573 -0.000029 0.000018  -0.004471 -0.133470 -1.149732
13  1.209179 0.000090 0.000012  0.014250 0.003723 -0.485534
14  3.779291 -0.303150 1.470034  0.169103 -0.145165 -0.991693
15  1.719448 -0.000018 0.000029  -0.069364 -0.045061 -1.089863
16  1.099675 0.000048 0.000006  0.071907 -0.045813 -1.260461
17  0.619599 -0.253835 1.439133  -1.163738 -0.325678 -1.093638
18  1.789819 -0.000004 -0.000018  0.032123 -0.242185 -0.481551
19  1.207016 -0.000014 -0.000043  0.015175 -0.013045 1.993386
20  5.740635 0.000387 -0.000700  0.010423 0.000003 0.000063
21  11.480809 -0.000015 -0.000846  -0.002168 0.014473 -0.038265
22  6.027525 -0.000331 0.000201  2.223727 -0.243191 2.169116
23  -0.000000 11.692100 -0.000006  -1.147220 -0.590444 -0.879821
24  0.000003 0.000008 0.000001  0.651746 -0.000031 1.570739
25  0.000000 -0.000012 0.000001  0.868960 0.000002 1.570712
26  -6.617934 -9.178503 0.826812  1.473120 1.855075 -0.198639
27  6.027514 -0.000259 -0.000221  1.564702 0.777208 -0.794468
28  11.691991 0.000161 0.000858  0.474284 0.000065 -1.738712
29  11.480230 -0.000015 0.000932  -1.448322 0.538020 0.630724
30  3.859437 -0.132759 1.193065  0.466149 -0.051827 -1.783911
31  1.312559 0.000025 -0.000001  -0.013963 -0.041043 -0.156446
32  0.729345 0.000063 -0.000028  -0.128320 -0.117290 -0.954858
33  3.942047 0.050138 0.431000  0.211502 -0.107596 -1.469110
34  1.539096 0.000007 -0.000001  0.040711 -0.054386 -1.030473
35  1.196300 0.000078 -0.000003  -0.249391 -0.043040 -0.795119
36  3.883414 -0.050473 -0.431084  0.186408 -0.271796 -1.212173
37  1.719563 -0.000084 -0.000005  0.020973 -0.107650 -1.483531
38  1.209197 0.000035 0.000011  -0.324719 0.069673 -0.493483
39  3.859588 -0.149083 -1.331321  -0.170721 -0.045666 -0.142309
40  1.719414 -0.000098 -0.000036  -0.040361 -0.036773 -0.021380
41  1.099673 0.000024 0.000007  -0.002650 -0.005233 0.063708
42  0.805984 -0.359848 -1.318339  0.991670 0.166767 -0.799527
43  1.789780 -0.000009 -0.000042  0.000058 -0.002451 0.133098
44  1.206996 -0.000007 0.000006  0.000372 -0.000071 1.058780
45  5.740573 0.000078 0.000721  0.079906 -0.000014 0.000028
46  11.480989 0.000070 0.000932  -0.002795 0.089985 0.106436
47  6.027515 -0.000273 -0.000230  -0.913223 -0.482063 -1.824684
48  -0.000000 11.691976 -0.000005  -1.169657 0.613142 0.891934
49  0.000003 -0.000000 -0.000000  2.746812 -0.000036 1.570860
50  -0.000008 -0.000013 0.000004  2.272645 -0.000036 1.570861
51  -4.029527 -4.746237 -6.852328  0.032405 -2.965563 1.478844
52  0.000000 -0.000000 0.000000  0.008153 -0.000259 0.000009
53  -0.000000 -0.000000 -0.000000  1.565115 0.043565 -0.106862
54  5.445530 -10.298721 -8.451200  1.406925 -0.358150 -2.733660
55  -0.000000 0.000000 -0.000001  0.000000 -0.000001 -0.000002
56  0.000029 0.000029 0.000000  -1.571901 -0.044449 -0.106509
57  26.086391 -8.221978 -13.781317  1.570796 -0.000000 0.000000
58  -14.227372 3.415544 -24.647577  1.570796 -0.000000 0.000000
59  1.647569 4.502895 -10.186787  1.570796 -0.000000 0.000000
60  -0.004311 0.001229 -0.000371  0.006898 -0.005534 -0.284229
61  0.826810 10.209643 -4.879054  1.570796 -0.000000 0.000000
62  0.000000 0.000000 0.000000  -0.078727 -3.136056 0.284226
63  0.000000 0.000000 0.000000  1.570961 -0.006573 -0.002470
64  -3.235813 -8.706538 -1.410167  1.527331 -0.104726 0.033046
65  0.048106 -2.944859 0.933261  0.000000 -0.000000 -0.000000
66  0.048106 -1.112260 5.803835  0.000000 -0.000000 -0.000000
67  -1.140610 -0.098565 1.093602  0.000000 -0.000000 -0.000000
68  0.217551 -1.673973 20.274759  0.000000 -0.000000 -0.000000
69  0.217546 -3.706012 2.941689  0.000000 -0.000000 -0.000000
70  0.048106 -1.885239 -0.022555  0.000000 -0.000000 -0.000000
71  -0.082569 -1.959165 -0.004310  0.000000 -0.000000 -0.000000
72  0.217546 -3.788154 3.509794  0.000000 -0.000000 -0.000000
73  0.751671 -8.780235 -8.271274  1.095097 -1.051279 0.034433
74  0.017810 1.009273 -0.369180  -0.000000 -0.000000 -0.000000
75  -2.665823 -13.570333 -5.277404  1.527331 -0.104726 0.033046
76  0.088237 2.028860 -0.387792  0.000000 -0.000000 -0.000000
77  0.089166 1.580732 -0.409890  0.000000 -0.000000 -0.000000
78  -0.263817 1.788471 -0.409405  0.000000 -0.000000 -0.000000
79  -0.263817 1.287952 -0.409404  0.000000 -0.000000 -0.000000
80  -2.523110 -21.609617 -4.107376  1.527331 -0.104726 0.033046
81  0.017809 0.973331 -8.485500  0.000000 -0.000000 -0.000000
82  -2.523110 -21.609617 -4.107376  1.527331 -0.104726 0.033046
83  0.088237 1.202834 -8.470934  0.000000 -0.000000 -0.000000
84  -0.263817 0.962446 -8.492546  0.000000 -0.000000 -0.000000
time 9
0  0.000006 0.000000 0.000000  -1.570800 -1.391899 -1.570792
1  -10.743567 -2.285031 1.631481  -1.544956 -1.855077 -0.198630
2  6.027518 -0.000333 0.000192  -2.057374 -0.940420 0.487825
3  11.692108 0.000644 -0.000738  -0.174874 -0.000031 -1.580949
4  11.479822 -0.000537 -0.000845  1.441194 0.008680 -0.082861
5  3.859502 -0.142824 -1.192079  -0.237071 0.235706 -1.255760
6  1.312589 0.000010 0.000007  0.007254 -0.016651 -0.329013
7  0.729356 0.000054 0.000051  0.005624 0.004096 -1.580173
8  3.942141 0.046331 -0.431542  -0.069253 0.012608 -1.265379
9  1.539110 0.000082 0.000004  0.016739 -0.034429 -0.623709
10  1.196333 0.000146 0.000030  0.004884 -0.003807 -1.017653
11  3.883510 -0.047212 0.431351  0.017214 -0.093096 -1.085675
12  1.719573 -0.000028 0.000017  -0.004471 -0.133470 -1.149732
13  1.209178 0.000090 0.000012  0.014250 0.003723 -0.485534
14  3.779291 -0.303151 1.470034  0.169103 -0.145165 -0.991693
15  1.719448 -0.000018 0.000028  -0.069364 -0.045061 -1.089863
16  1.099675 0.000048 0.000007  0.071907 -0.045813 -1.260461
17  0.619599 -0.253836 1.439134  -1.163738 -0.325678 -1.093638
18  1.789819 -0.000003 -0.000018  0.032123 -0.242185 -0.481551
19  1.207014 -0.000014 -0.000043  0.015175 -0.013045 1.993386
20  5.740634 0.000390 -0.000699  -0.012573 0.000003 0.000063
21  11.480975 0.000069 -0.000823  -0.022061 0.023369 -0.028106
22  6.027525 -0.000330 0.000201  2.190104 -0.126311 2.233393
23  -0.000001 11.692100 -0.000007  -1.077225 -0.521376 -0.839692
24  0.000002 0.000008 -0.000000  0.694227 -0.000031 1.570738
25  -0.000000 -0.000012 0.000000  0.868960 0.000002 1.570712
26  -6.617934 -9.178503 0.826812  1.473120 1.855075 -0.198639
27  6.027514 -0.000259 -0.000221  1.546239 0.791058 -0.805346
28  11.691990 0.000160 0.000858  0.483540 0.000064 -1.726924
29  11.480336 0.000059 0.000898  -1.405044 0.568880 0.612972
30  3.859437 -0.132758 1.193065  0.466149 -0.051827 -1.783911
31  1.312559 0.000025 -0.000002  -0.013963 -0.041043 -0.156446
32  0.729345 0.000066 -0.000028  -0.128320 -0.117290 -0.954858
33  3.942047 0.050139 0.431000  0.211502 -0.107596 -1.469110
34  1.539097 0.000006 -0.000000  0.040711 -0.054386 -1.030473
35  1.196301 0.000077 -0.000003  -0.249391 -0.043040 -0.795119
36  3.883413 -0.050472 -0.431084  0.186408 -0.271796 -1.212173
37  1.719563 -0.000085 -0.000004  0.020973 -0.107650 -1.483531
38  1.209198 0.000035 0.000012  -0.324719 0.069673 -0.493483
39  3.859588 -0.149081 -1.331320  -0.167919 -0.078626 -0.207988
40  1.719412 -0.000098 -0.000036  -0.038403 -0.033356 -0.013941
41  1.099674 0.000024 0.000007  -0.003703 -0.003590 0.250445
42  0.805983 -0.359847 -1.318338  0.991670 0.166767 -0.799527
43  1.789779 -0.000010 -0.000042  0.000058 -0.002451 0.133098
44  1.206996 -0.000006 0.000005  0.000372 -0.000071 1.058780
45  5.740572 0.000080 0.000721  0.091020 -0.000014 0.000028
46  11.481010 0.000087 0.000924  0.003935 0.098023 0.099663
47  6.027515 -0.000273 -0.000230  -0.934290 -0.485931 -1.812720
48  -0.000002 11.691976 -0.000006  -1.162747 0.606146 0.888280
49  0.000003 0.000002 0.000000  2.756069 -0.000036 1.570860
50  -0.000008 -0.000013 0.000005  2.272645 -0.000036 1.570861
51  -3.792024 -4.834321 -6.838814  0.093985 -2.956612 1.466721
52  0.000000 0.000000 -0.000000  0.008153 -0.000259 0.000009
53  -0.000000 0.000000 0.000000  1.565115 0.043565 -0.106862
54  4.875185 -11.211580 -6.956017  1.418193 -0.309309 -2.664573
55  -0.000000 0.000000 0.000001  0.000000 -0.000001 -0.000002
56  0.000030 0.000029 0.000003  -1.571901 -0.044449 -0.106509
57  27.101517 -8.789681 -12.113643  1.570796 -0.000000 0.000000
58  -14.193838 3.399061 -24.704067  1.570796 -0.000000 0.000000
59  1.635791 4.159950 -10.166728  1.570796 -0.000000 0.000000
60  -0.004311 0.001229 -0.000371  0.006898 -0.005534 -0.284229
61  0.826810 10.209643 -4.879054  1.570796 -0.000000 0.000000
62  0.000000 0.000000 0.000000  -0.078727 -3.136056 0.284226
63  0.000000 0.000000 0.000000  1.568802 -0.001364 -0.003288
64  -3.328759 -8.713829 -1.301135  1.510356 -0.163608 0.034253
65  0.048106 -2.944859 0.933264  0.000000 -0.000000 -0.000000
66  0.048105 -1.112260 5.803837  0.000000 -0.000000 -0.000000
67  -1.140610 -0.098565 1.093603  0.000000 -0.000000 -0.000000
68  0.217551 -1.673973 20.274757  0.000000 -0.000000 -0.000000
69  0.217546 -3.706013 2.941691  0.000000 -0.000000 -0.000000
70  0.048106 -1.885239 -0.022553  0.000000 -0.000000 -0.000000
71  -0.082569 -1.959166 -0.004310  0.000000 -0.000000 -0.000000
72  0.217546 -3.788155 3.509796  0.000000 -0.000000 -0.000000
73  0.079865 -10.039369 -6.992126  1.112343 -1.100592 0.092031
74  0.017809 1.009272 -0.369181  -0.000000 -0.000000 0.000000
75  -2.537496 -13.634894 -5.055324  1.510356 -0.163608 0.034253
76  0.088237 2.028859 -0.387792  0.000000 -0.000000 -0.000000
77  0.089166 1.580731 -0.409890  0.000000 -0.000000 -0.000000
78  -0.263817 1.788471 -0.409405  0.000000 -0.000000 -0.000000
79  -0.263817 1.287951 -0.409404  0.000000 -0.000000 -0.000000
80  -2.476587 -21.655996 -3.760088  1.510356 -0.163608 0.034253
81  0.017809 0.973331 -8.485498  0.000000 -0.000000 -0.000000
82  -2.476587 -21.655996 -3.760088  1.510356 -0.163608 0.034253
83  0.088237 1.202834 -8.470930  0.000000 -0.000000 -0.000000
84  -0.263817 0.962446 -8.492542  0.000000 -0.000000 -0.000000
time 10
0  0.000006 0.000000 0.000000  -1.570800 -1.391899 -1.570792
1  -10.507043 -1.313506 1.595279  -1.544956 -1.855077 -0.198630
2  6.027519 -0.000332 0.000191  -2.141659 -0.918063 0.623803
3  11.692107 0.000646 -0.000739  -0.144325 -0.000032 -1.604905
4  11.479650 -0.000667 -0.000842  1.353764 0.007143 0.026101
5  3.859502 -0.142823 -1.192078  -0.237071 0.235706 -1.255760
6  1.312589 0.000010 0.000007  0.007254 -0.016651 -0.329013
7  0.729355 0.000053 0.000050  0.005624 0.004096 -1.580173
8  3.942140 0.046331 -0.431541  -0.069253 0.012608 -1.265379
9  1.539111 0.000084 0.000004  0.016739 -0.034429 -0.623709
10  1.196333 0.000145 0.000028  0.004884 -0.003807 -1.017653
11  3.883510 -0.047212 0.431351  0.017214 -0.093096 -1.085675
12  1.719573 -0.000029 0.000017  -0.004471 -0.133470 -1.149732
13  1.209180 0.000091 0.000013  0.014250 0.003723 -0.485534
14  3.779291 -0.303151 1.470035  0.169103 -0.145165 -0.991693
15  1.719449 -0.000018 0.000027  -0.069364 -0.045061 -1.089863
16  1.099674 0.000049 0.000004  0.071907 -0.045813 -1.260462
17  0.619598 -0.253835 1.439135  -1.163738 -0.325678 -1.093638
18  1.789819 -0.000003 -0.000018  0.032123 -0.242185 -0.481551
19  1.207016 -0.000014 -0.000044  0.015175 -0.013045 1.993386
20  5.740636 0.000389 -0.000701  -0.038776 0.000003 0.000063
21  11.480943 0.000043 -0.000824  -0.040485 0.021100 -0.007417
22  6.027524 -0.000329 0.000200  2.219391 -0.079471 2.298817
23  -0.000002 11.692101 -0.000006  -1.091302 -0.535046 -0.848064
24  0.000004 0.000009 -0.000001  0.724777 -0.000031 1.570739
25  -0.000002 -0.000012 0.000001  0.868960 0.000002 1.570712
26  -6.617934 -9.178503 0.826812  1.473120 1.855075 -0.198639
27  6.027515 -0.000259 -0.000222  1.531386 0.802923 -0.812269
28  11.691990 0.000162 0.000857  0.483540 0.000064 -1.720378
29  11.480398 0.000093 0.000878  -1.363603 0.590788 0.611902
30  3.859437 -0.132758 1.193065  0.466149 -0.051827 -1.783911
31  1.312559 0.000025 -0.000002  -0.013963 -0.041043 -0.156446
32  0.729345 0.000066 -0.000028  -0.128320 -0.117290 -0.954858
33  3.942047 0.050138 0.431001  0.211502 -0.107596 -1.469110
34  1.539097 0.000006 -0.000001  0.040711 -0.054386 -1.030473
35  1.196301 0.000078 -0.000004  -0.249391 -0.043040 -0.795119
36  3.883413 -0.050473 -0.431084  0.186408 -0.271796 -1.212173
37  1.719563 -0.000085 -0.000004  0.020973 -0.107650 -1.483531
38  1.209197 0.000035 0.000010  -0.324719 0.069673 -0.493483
39  3.859588 -0.149082 -1.331320  -0.166408 -0.090222 -0.231266
40  1.719414 -0.000099 -0.000036  -0.037675 -0.032189 -0.013102
41  1.099674 0.000024 0.000006  -0.003986 -0.002989 0.312654
42  0.805983 -0.359847 -1.318337  0.991670 0.166767 -0.799527
43  1.789780 -0.000009 -0.000042  0.000058 -0.002451 0.133098
44  1.206997 -0.000007 0.000006  0.000372 -0.000071 1.058780
45  5.740572 0.000080 0.000721  0.101909 -0.000014 0.000028
46  11.481024 0.000093 0.000921  0.010181 0.104241 0.096278
47  6.027515 -0.000273 -0.000230  -0.951939 -0.488223 -1.800758
48  -0.000002 11.691976 -0.000006  -1.158911 0.602270 0.886233
49  0.000002 0.000000 -0.000000  2.756069 -0.000036 1.570860
50  -0.000009 -0.000012 0.000004  2.272645 -0.000036 1.570861
51  -3.586764 -4.875514 -6.797485  0.137116 -2.953907 1.456859
52  -0.000000 0.000000 -0.000000  0.008153 -0.000259 0.000009
53  0.000000 0.000000 0.000001  1.565115 0.043565 -0.106862
54  4.448460 -11.718784 -6.295686  1.419824 -0.275741 -2.592003
55  -0.000000 0.000000 -0.000002  0.000000 -0.000001 -0.000002
56  0.000030 0.000029 -0.000002  -1.571901 -0.044449 -0.106509
57  27.880764 -9.721879 -10.061961  1.570796 -0.000000 0.000000
58  -14.193838 3.399061 -24.704067  1.570796 -0.000000 0.000000
59  1.599589 3.161841 -10.106856  1.570796 -0.000000 0.000000
60  -0.004311 0.001229 -0.000371  0.006898 -0.005534 -0.284229
61  0.826810 10.209643 -4.879054  1.570796 -0.000000 0.000000
62  0.000000 0.000000 0.000000  -0.078727 -3.136056 0.284226
63  0.000000 0.000000 0.000000  1.567219 0.002999 -0.003895
64  -3.363332 -8.715085 -1.217265  1.501484 -0.205173 0.034010
65  0.048105 -2.944859 0.933262  0.000000 -0.000000 -0.000000
66  0.048105 -1.112259 5.803837  0.000000 -0.000000 -0.000000
67  -1.140610 -0.098565 1.093602  0.000000 -0.000000 -0.000000
68  0.217551 -1.673973 20.274757  0.000000 -0.000000 -0.000000
69  0.217546 -3.706013 2.941689  0.000000 -0.000000 -0.000000
70  0.048105 -1.885240 -0.022555  0.000000 -0.000000 -0.000000
71  -0.082569 -1.959166 -0.004310  0.000000 -0.000000 -0.000000
72  0.217545 -3.788155 3.509794  0.000000 -0.000000 -0.000000
73  -0.416641 -10.897998 -6.461774  1.138599 -1.132161 0.141476
74  0.017809 1.009272 -0.369181  0.000000 -0.000000 -0.000000
75  -2.425716 -13.664907 -4.899254  1.501484 -0.205173 0.034010
76  0.088237 2.028859 -0.387794  0.000000 -0.000000 -0.000000
77  0.089166 1.580731 -0.409892  0.000000 -0.000000 -0.000000
78  -0.263817 1.788471 -0.409406  0.000000 -0.000000 -0.000000
79  -0.263817 1.287951 -0.409406  0.000000 -0.000000 -0.000000
80  -2.435246 -21.676386 -3.544426  1.501484 -0.205173 0.034010
81  0.017809 0.973331 -8.485497  0.000000 -0.000000 -0.000000
82  -2.435246 -21.676386 -3.544426  1.501484 -0.205173 0.034010
83  0.088237 1.202834 -8.470930  0.000000 -0.000000 -0.000000
84  -0.263817 0.962446 -8.492540  0.000000 -0.000000 -0.000000
time 11
0  0.000006 0.000000 0.000000  -1.570800 -1.391899 -1.570792
1  -10.158968 0.081666 1.533968  -1.544956 -1.855077 -0.198630
2  6.027518 -0.000335 0.000192  -2.173036 -0.851067 0.707031
3  11.692105 0.000645 -0.000738  -0.125893 -0.000039 -1.704176
4  11.478962 -0.001032 -0.000874  1.268294 -0.012620 0.120555
5  3.859504 -0.142823 -1.192079  -0.237071 0.235706 -1.255760
6  1.312591 0.000011 0.000007  0.007254 -0.016651 -0.329013
7  0.729354 0.000054 0.000051  0.005624 0.004096 -1.580173
8  3.942142 0.046332 -0.431543  -0.069253 0.012608 -1.265379
9  1.539111 0.000083 0.000003  0.016739 -0.034429 -0.623709
10  1.196333 0.000146 0.000029  0.004884 -0.003807 -1.017653
11  3.883511 -0.047211 0.431351  0.017215 -0.093096 -1.085675
12  1.719573 -0.000029 0.000020  -0.004471 -0.133470 -1.149732
13  1.209180 0.000090 0.000011  0.014250 0.003723 -0.485534
14  3.779292 -0.303151 1.470034  0.169103 -0.145165 -0.991693
15  1.719448 -0.000019 0.000028  -0.069364 -0.045061 -1.089863
16  1.099675 0.000049 0.000005  0.071907 -0.045813 -1.260462
17  0.619599 -0.253834 1.439135  -1.163738 -0.325678 -1.093638
18  1.789819 -0.000003 -0.000018  0.032123 -0.242185 -0.481551
19  1.207015 -0.000013 -0.000043  0.015175 -0.013045 1.993386
20  5.740634 0.000388 -0.000700  -0.060720 0.000003 0.000064
21  11.480803 -0.000028 -0.000831  -0.057942 0.014025 0.009905
22  6.027524 -0.000330 0.000200  2.288070 -0.065655 2.352775
23  0.000000 11.692099 -0.000009  -1.149498 -0.592733 -0.881060
24  0.000002 0.000008 0.000001  0.743211 -0.000031 1.570739
25  0.000001 -0.000011 0.000001  0.868960 0.000002 1.570712
26  -6.617934 -9.178503 0.826812  1.473120 1.855075 -0.198639
27  6.027515 -0.000259 -0.000221  1.521997 0.807820 -0.816700
28  11.691990 0.000160 0.000857  0.483540 0.000064 -1.720201
29  11.480398 0.000096 0.000879  -1.347634 0.605406 0.613134
30  3.859437 -0.132758 1.193066  0.466149 -0.051827 -1.783911
31  1.312559 0.000025 -0.000001  -0.013963 -0.041043 -0.156446
32  0.729346 0.000066 -0.000027  -0.128320 -0.117290 -0.954858
33  3.942046 0.050139 0.431000  0.211502 -0.107596 -1.469110
34  1.539096 0.000006 -0.000001  0.040711 -0.054386 -1.030473
35  1.196299 0.000078 -0.000005  -0.249391 -0.043040 -0.795119
36  3.883414 -0.050472 -0.431084  0.186408 -0.271796 -1.212173
37  1.719564 -0.000084 -0.000004  0.020973 -0.107650 -1.483531
38  1.209197 0.000036 0.000010  -0.324719 0.069673 -0.493483
39  3.859589 -0.149082 -1.331320  -0.166408 -0.090222 -0.231266
40  1.719413 -0.000098 -0.000036  -0.037675 -0.032189 -0.013102
41  1.099673 0.000023 0.000007  -0.003986 -0.002989 0.312654
42  0.805984 -0.359848 -1.318337  0.991670 0.166767 -0.799527
43  1.789780 -0.000009 -0.000042  0.000058 -0.002451 0.133097
44  1.206997 -0.000007 0.000005  0.000372 -0.000071 1.058780
45  5.740573 0.000080 0.000720  0.106767 -0.000014 0.000028
46  11.481024 0.000094 0.000921  0.012107 0.107818 0.095043
47  6.027515 -0.000273 -0.000230  -0.960644 -0.490921 -1.794325
48  -0.000001 11.691975 -0.000005  -1.158807 0.602165 0.886177
49  0.000003 0.000000 -0.000001  2.756069 -0.000036 1.570860
50  -0.000007 -0.000013 0.000005  2.272645 -0.000036 1.570861
51  -3.464672 -4.865720 -6.779176  0.153601 -2.952529 1.450320
52  -0.000001 0.000000 0.000001  0.008153 -0.000259 0.000009
53  0.000000 -0.000000 0.000001  1.565115 0.043565 -0.106862
54  4.256124 -12.136810 -6.039372  1.426012 -0.256762 -2.561177
55  0.000000 -0.000001 -0.000001  0.000000 -0.000001 -0.000002
56  0.000030 0.000028 0.000001  -1.571901 -0.044449 -0.106509
57  28.433310 -10.930022 -7.807065  1.570796 -0.000000 0.000000
58  -14.193838 3.399061 -24.704067  1.570796 -0.000000 0.000000
59  1.538279 1.726998 -10.012599  1.570796 -0.000000 0.000000
60  -0.004311 0.001229 -0.000371  0.006898 -0.005534 -0.284229
61  0.826810 10.209643 -4.879054  1.570796 -0.000000 0.000000
62  0.000000 0.000000 0.000000  -0.078727 -3.136056 0.284226
63  0.000000 0.000000 0.000000  1.566604 0.004828 -0.004132
64  -3.343426 -8.687656 -1.183716  1.497616 -0.220979 0.031376
65  0.048106 -2.944859 0.933262  -0.000000 0.000000 0.000000
66  0.048105 -1.112260 5.803837  -0.000000 0.000000 0.000000
67  -1.140611 -0.098565 1.093603  -0.000000 0.000000 0.000000
68  0.217551 -1.673974 20.274759  -0.000000 0.000000 0.000000
69  0.217546 -3.706013 2.941691  -0.000000 0.000000 0.000000
70  0.048105 -1.885240 -0.022553  -0.000000 0.000000 0.000000
71  -0.082569 -1.959166 -0.004310  -0.000000 0.000000 0.000000
72  0.217546 -3.788155 3.509795  -0.000000 0.000000 0.000000
73  -0.629009 -11.473175 -6.295404  1.143604 -1.151947 0.169378
74  0.017809 1.009273 -0.369181  -0.000000 -0.000000 -0.000000
75  -2.364553 -13.652748 -4.834277  1.497616 -0.220979 0.031376
76  0.088236 2.028858 -0.387791  -0.000000 0.000000 0.000000
77  0.089165 1.580731 -0.409891  -0.000000 0.000000 0.000000
78  -0.263817 1.788470 -0.409405  -0.000000 0.000000 0.000000
79  -0.263817 1.287951 -0.409404  -0.000000 0.000000 0.000000
80  -2.423502 -21.659645 -3.453867  1.497616 -0.220979 0.031376
81  0.017810 0.973331 -8.485498  -0.000000 0.000000 0.000000
82  -2.423502 -21.659645 -3.453867  1.497616 -0.220979 0.031376
83  0.088237 1.202834 -8.470931  -0.000000 0.000000 0.000000
84  -0.263817 0.962445 -8.492542  -0.000000 0.000000 0.000000
time 12
0  0.000006 0.000000 0.000000  -1.570800 -1.391899 -1.570792
1  -9.790657 1.473178 1.448068  -1.544956 -1.855077 -0.198630
2  6.027519 -0.000336 0.000192  -2.188499 -0.798632 0.778879
3  11.692106 0.000646 -0.000738  -0.117213 -0.000044 -1.783618
4  11.480064 -0.000494 -0.000799  1.223745 -0.112263 0.144479
5  3.859503 -0.142823 -1.192079  -0.237071 0.235706 -1.255760
6  1.312590 0.000011 0.000007  0.007254 -0.016651 -0.329013
7  0.729355 0.000054 0.000050  0.005624 0.004096 -1.580173
8  3.942141 0.046332 -0.431543  -0.069253 0.012608 -1.265379
9  1.539110 0.000083 0.000003  0.016739 -0.034429 -0.623709
10  1.196332 0.000146 0.000028  0.004884 -0.003807 -1.017653
11  3.883511 -0.047212 0.431350  0.017214 -0.093096 -1.085675
12  1.719573 -0.000028 0.000017  -0.004471 -0.133470 -1.149732
13  1.209179 0.000091 0.000012  0.014250 0.003723 -0.485534
14  3.779292 -0.303151 1.470035  0.169103 -0.145165 -0.991693
15  1.719448 -0.000018 0.000026  -0.069364 -0.045061 -1.089863
16  1.099675 0.000049 0.000005  0.071907 -0.045813 -1.260462
17  0.619599 -0.253835 1.439134  -1.163738 -0.325678 -1.093638
18  1.789819 -0.000004 -0.000018  0.032123 -0.242185 -0.481551
19  1.207015 -0.000012 -0.000044  0.015175 -0.013045 1.993386
20  5.740636 0.000388 -0.000699  -0.066298 0.000003 0.000063
21  11.481024 0.000079 -0.000814  -0.064886 -0.007143 0.011271
22  6.027525 -0.000330 0.000200  -0.800397 -3.082869 -0.731633
23  -0.000002 11.692099 -0.000006  -1.196099 -0.640004 -0.905413
24  0.000004 0.000009 -0.000000  0.751894 -0.000031 1.570739
25  -0.000000 -0.000012 0.000000  0.868960 0.000002 1.570712
26  -6.617934 -9.178503 0.826812  1.473120 1.855075 -0.198639
27  6.027515 -0.000259 -0.000221  1.530878 0.799419 -0.812358
28  11.691992 0.000161 0.000858  0.483540 0.000063 -1.714892
29  11.480447 0.000127 0.000864  -1.415555 0.602332 0.564700
30  3.859437 -0.132758 1.193064  0.466149 -0.051827 -1.783911
31  1.312559 0.000024 -0.000002  -0.013963 -0.041043 -0.156446
32  0.729345 0.000065 -0.000027  -0.128320 -0.117290 -0.954858
33  3.942046 0.050139 0.431000  0.211502 -0.107596 -1.469110
34  1.539097 0.000006 -0.000002  0.040711 -0.054386 -1.030473
35  1.196301 0.000078 -0.000004  -0.249391 -0.043040 -0.795119
36  3.883413 -0.050472 -0.431085  0.186408 -0.271796 -1.212173
37  1.719564 -0.000084 -0.000004  0.020973 -0.107650 -1.483531
38  1.209198 0.000035 0.000011  -0.324719 0.069673 -0.493483
39  3.859589 -0.149082 -1.331321  -0.166408 -0.090222 -0.231266
40  1.719413 -0.000098 -0.000036  -0.037675 -0.032189 -0.013102
41  1.099674 0.000023 0.000007  -0.003986 -0.002989 0.312654
42  0.805984 -0.359848 -1.318339  0.991670 0.166767 -0.799527
43  1.789780 -0.000008 -0.000042  0.000058 -0.002451 0.133098
44  1.206996 -0.000006 0.000006  0.000372 -0.000071 1.058780
45  5.740572 0.000080 0.000721  0.091757 -0.000014 0.000028
46  11.481032 0.000100 0.000917  0.002004 0.103729 0.090075
47  6.027515 -0.000273 -0.000230  -0.948843 -0.490443 -1.801938
48  -0.000002 11.691975 -0.000006  -1.155696 0.599026 0.884508
49  0.000002 0.000001 -0.000000  2.756069 -0.000036 1.570860
50  -0.000008 -0.000013 0.000005  2.272645 -0.000036 1.570861
51  -3.620944 -4.925411 -6.883925  0.111729 -2.922237 1.443547
52  -0.000000 0.000000 0.000001  0.008153 -0.000259 0.000009
53  -0.000000 -0.000000 -0.000000  1.565115 0.043565 -0.106862
54  3.977092 -12.767163 -5.976156  1.471195 -0.301072 -2.611918
55  -0.000001 0.000000 0.000001  0.000000 -0.000001 -0.000002
56  0.000030 0.000029 0.000002  -1.571901 -0.044449 -0.106509
57  28.808100 -12.258475 -5.588752  1.570796 -0.000000 0.000000
58  -14.193838 3.399061 -24.704067  1.570796 -0.000000 0.000000
59  1.452380 0.292154 -9.897778  1.570796 -0.000000 0.000000
60  -0.004311 0.001229 -0.000371  0.006898 -0.005534 -0.284229
61  0.826810 10.209643 -4.879054  1.570796 -0.000000 0.000000
62  0.000000 0.000000 0.000000  -0.078727 -3.136056 0.284226
63  0.000000 0.000000 0.000000  1.567159 -0.000955 -0.003983
64  -3.306457 -8.609758 -1.204333  1.473321 -0.175908 0.020901
65  0.048106 -2.944859 0.933262  -0.000000 -0.000000 0.000000
66  0.048105 -1.112260 5.803837  -0.000000 -0.000000 0.000000
67  -1.140610 -0.098564 1.093602  -0.000000 -0.000000 0.000000
68  0.217551 -1.673974 20.274757  -0.000000 -0.000000 0.000000
69  0.217545 -3.706013 2.941690  -0.000000 -0.000000 0.000000
70  0.048106 -1.885240 -0.022553  -0.000000 -0.000000 0.000000
71  -0.082569 -1.959166 -0.004310  -0.000000 -0.000000 0.000000
72  0.217546 -3.788155 3.509796  -0.000000 -0.000000 0.000000
73  -0.882911 -11.931534 -6.205439  1.010265 -1.124850 0.252191
74  0.017809 1.009272 -0.369182  -0.000000 -0.000000 0.000000
75  -2.564474 -13.678145 -4.767734  1.473321 -0.175908 0.020901
76  0.088237 2.028859 -0.387793  -0.000000 -0.000000 0.000000
77  0.089165 1.580731 -0.409891  -0.000000 -0.000000 0.000000
78  -0.263817 1.788471 -0.409406  -0.000000 -0.000000 0.000000
79  -0.263817 1.287951 -0.409405  -0.000000 -0.000000 0.000000
80  -2.679502 -21.646667 -3.183794  1.473321 -0.175908 0.020901
81  0.017809 0.973331 -8.485498  -0.000000 -0.000000 0.000000
82  -2.679502 -21.646667 -3.183794  1.473321 -0.175908 0.020901
83  0.088237 1.202833 -8.470929  -0.000000 -0.000000 0.000000
84  -0.263817 0.962445 -8.492541  -0.000000 -0.000000 0.000000
time 13
0  0.000006 0.000000 0.000000  -1.570800 -1.391899 -1.570792
1  -9.500061 2.434926 1.339769  -1.544956 -1.855077 -0.198630
2  6.027520 -0.000335 0.000192  -2.200141 -0.786547 0.847376
3  11.692102 0.000646 -0.000738  -0.114459 -0.000046 -1.820935
4  11.479720 -0.000709 -0.000825  1.221102 -0.257072 0.152644
5  3.859503 -0.142824 -1.192081  -0.237071 0.235706 -1.255760
6  1.312590 0.000009 0.000008  0.007254 -0.016651 -0.329013
7  0.729355 0.000054 0.000049  0.005624 0.004096 -1.580173
8  3.942140 0.046330 -0.431544  -0.069253 0.012608 -1.265379
9  1.539110 0.000084 0.000005  0.016739 -0.034429 -0.623709
10  1.196333 0.000146 0.000029  0.004884 -0.003807 -1.017653
11  3.883510 -0.047212 0.431350  0.017214 -0.093096 -1.085675
12  1.719573 -0.000028 0.000018  -0.004471 -0.133470 -1.149732
13  1.209179 0.000090 0.000012  0.014250 0.003723 -0.485534
14  3.779291 -0.303151 1.470034  0.169103 -0.145165 -0.991693
15  1.719448 -0.000018 0.000027  -0.069364 -0.045061 -1.089863
16  1.099675 0.000049 0.000006  0.071907 -0.045813 -1.260462
17  0.619598 -0.253835 1.439134  -1.163738 -0.325678 -1.093638
18  1.789819 -0.000003 -0.000019  0.032123 -0.242185 -0.481551
19  1.207015 -0.000013 -0.000044  0.015175 -0.013045 1.993386
20  5.740634 0.000389 -0.000699  -0.061535 0.000003 0.000064
21  11.480953 0.000037 -0.000818  -0.061996 -0.036040 0.008638
22  6.027525 -0.000329 0.000200  -0.787856 -3.090354 -0.672117
23  0.000002 11.692098 -0.000006  -1.218069 -0.662518 -0.916186
24  0.000002 0.000009 -0.000000  0.754650 -0.000031 1.570739
25  0.000000 -0.000011 0.000001  0.868960 0.000002 1.570712
26  -6.617934 -9.178503 0.826812  1.473120 1.855075 -0.198639
27  6.027514 -0.000259 -0.000221  1.555294 0.783260 -0.801287
28  11.691991 0.000162 0.000857  0.483540 0.000063 -1.706287
29  11.480529 0.000175 0.000836  -1.535616 0.580545 0.485259
30  3.859438 -0.132758 1.193065  0.466149 -0.051827 -1.783911
31  1.312559 0.000026 -0.000000  -0.013963 -0.041043 -0.156446
32  0.729346 0.000065 -0.000027  -0.128320 -0.117290 -0.954858
33  3.942046 0.050139 0.431000  0.211502 -0.107596 -1.469110
34  1.539097 0.000005 -0.000000  0.040711 -0.054386 -1.030473
35  1.196299 0.000078 -0.000004  -0.249391 -0.043040 -0.795119
36  3.883413 -0.050472 -0.431084  0.186408 -0.271796 -1.212174
37  1.719564 -0.000084 -0.000005  0.020973 -0.107650 -1.483531
38  1.209197 0.000035 0.000011  -0.324719 0.069673 -0.493483
39  3.859589 -0.149081 -1.331321  -0.166408 -0.090222 -0.231266
40  1.719412 -0.000098 -0.000036  -0.037675 -0.032189 -0.013102
41  1.099675 0.000023 0.000006  -0.003986 -0.002989 0.312654
42  0.805983 -0.359847 -1.318339  0.991670 0.166767 -0.799527
43  1.789780 -0.000009 -0.000042  0.000058 -0.002451 0.133097
44  1.206996 -0.000008 0.000005  0.000372 -0.000071 1.058781
45  5.740572 0.000080 0.000721  0.064535 -0.000014 0.000028
46  11.481049 0.000110 0.000912  -0.015690 0.094292 0.082459
47  6.027515 -0.000273 -0.000230  -0.922986 -0.484633 -1.820348
48  -0.000001 11.691974 -0.000005  -1.150655 0.593949 0.881784
49  0.000005 0.000000 -0.000001  2.756069 -0.000036 1.570860
50  -0.000006 -0.000014 0.000006  2.272645 -0.000036 1.570861
51  -3.993683 -5.025383 -7.036356  0.032245 -2.871086 1.439384
52  0.000000 -0.000000 -0.000000  0.008153 -0.000259 0.000009
53  0.000000 0.000000 -0.000000  1.565115 0.043565 -0.106862
54  3.442383 -13.355797 -6.062718  1.533224 -0.381917 -2.691175
55  -0.000000 -0.000001 -0.000000  0.000000 -0.000001 -0.000002
56  0.000030 0.000028 0.000001  -1.571901 -0.044449 -0.106509
57  29.081060 -13.533355 -3.728389  1.570796 -0.000000 0.000000
58  -14.193838 3.399061 -24.704067  1.570796 -0.000000 0.000000
59  1.344082 -0.705954 -9.782957  1.570796 -0.000000 0.000000
60  -0.004311 0.001229 -0.000371  0.006898 -0.005534 -0.284229
61  0.826810 10.209643 -4.879054  1.570796 -0.000000 0.000000
62  0.000000 0.000000 0.000000  -0.078727 -3.136056 0.284226
63  0.000000 0.000000 0.000000  1.568669 -0.011695 -0.003010
64  -3.286551 -8.487978 -1.253495  1.433210 -0.092351 0.002817
65  0.048106 -2.944859 0.933262  -0.000000 0.000000 0.000000
66  0.048105 -1.112260 5.803837  -0.000000 0.000000 0.000000
67  -1.140611 -0.098564 1.093603  -0.000000 0.000000 0.000000
68  0.217551 -1.673973 20.274757  -0.000000 0.000000 0.000000
69  0.217546 -3.706012 2.941691  -0.000000 0.000000 0.000000
70  0.048106 -1.885239 -0.022554  -0.000000 0.000000 0.000000
71  -0.082569 -1.959166 -0.004310  -0.000000 0.000000 0.000000
72  0.217546 -3.788154 3.509795  -0.000000 0.000000 0.000000
73  -1.368236 -12.252376 -6.166992  0.851785 -1.056819 0.334447
74  0.017810 1.009273 -0.369180  0.000000 -0.000000 0.000000
75  -2.954625 -13.710913 -4.651682  1.433210 -0.092351 0.002817
76  0.088237 2.028859 -0.387793  -0.000000 0.000000 0.000000
77  0.089166 1.580732 -0.409892  -0.000000 0.000000 0.000000
78  -0.263817 1.788471 -0.409405  -0.000000 0.000000 0.000000
79  -0.263817 1.287951 -0.409405  -0.000000 0.000000 0.000000
80  -3.110081 -21.604841 -2.733046  1.433210 -0.092351 0.002817
81  0.017809 0.973330 -8.485498  -0.000000 0.000000 0.000000
82  -3.110081 -21.604841 -2.733046  1.433210 -0.092351 0.002817
83  0.088237 1.202834 -8.470930  -0.000000 0.000000 0.000000
84  -0.263817 0.962445 -8.492541  -0.000000 0.000000 0.000000
time 14
0  0.000006 0.000000 0.000000  -1.570800 -1.391899 -1.570792
1  -9.346282 2.755625 1.213185  -1.544956 -1.855077 -0.198630
2  6.027520 -0.000336 0.000192  -2.245459 -0.784017 0.890629
3  11.692105 0.000645 -0.000737  -0.114124 -0.000046 -1.800530
4  11.479908 -0.000596 -0.000814  1.292353 -0.282758 0.071675
5  3.859504 -0.142823 -1.192078  -0.237071 0.235706 -1.255760
6  1.312589 0.000010 0.000008  0.007254 -0.016651 -0.329013
7  0.729355 0.000053 0.000050  0.005624 0.004096 -1.580173
8  3.942141 0.046331 -0.431542  -0.069253 0.012608 -1.265379
9  1.539110 0.000083 0.000005  0.016739 -0.034429 -0.623709
10  1.196332 0.000146 0.000028  0.004884 -0.003807 -1.017653
11  3.883511 -0.047212 0.431352  0.017215 -0.093096 -1.085675
12  1.719572 -0.000028 0.000018  -0.004471 -0.133470 -1.149732
13  1.209178 0.000090 0.000014  0.014250 0.003723 -0.485534
14  3.805919 -0.307098 1.469892  0.172376 -0.162737 -0.987801
15  1.719448 -0.000018 0.000028  -0.069364 -0.045061 -1.089863
16  1.099675 0.000048 0.000006  0.071907 -0.045813 -1.260461
17  0.619599 -0.253835 1.439135  -1.163737 -0.325678 -1.093638
18  1.789819 -0.000004 -0.000017  0.032123 -0.242185 -0.481551
19  1.207015 -0.000014 -0.000043  0.015175 -0.013045 1.993386
20  5.740637 0.000387 -0.000701  -0.046712 0.000003 0.000063
21  11.480992 0.000058 -0.000817  -0.048731 -0.038136 -0.005674
22  6.027524 -0.000329 0.000200  -0.784198 -3.122293 -0.661036
23  0.000002 11.692098 -0.000007  -1.206046 -0.650185 -0.910351
24  0.000004 0.000009 0.000000  0.754983 -0.000031 1.570738
25  0.000001 -0.000011 -0.000001  0.868960 0.000002 1.570712
26  -6.617934 -9.178503 0.826812  1.473120 1.855075 -0.198639
27  6.027514 -0.000259 -0.000221  1.569030 0.769447 -0.795394
28  11.691991 0.000161 0.000856  0.483540 0.000062 -1.701104
29  11.480577 0.000204 0.000823  -1.608347 0.563232 0.418745
30  3.859438 -0.132758 1.193066  0.466149 -0.051827 -1.783911
31  1.312559 0.000026 -0.000002  -0.013963 -0.041043 -0.156446
32  0.729345 0.000066 -0.000027  -0.128320 -0.117290 -0.954858
33  3.942047 0.050138 0.431000  0.211502 -0.107596 -1.469110
34  1.539097 0.000006 -0.000001  0.040711 -0.054386 -1.030473
35  1.196300 0.000078 -0.000003  -0.249391 -0.043040 -0.795119
36  3.883413 -0.050472 -0.431084  0.186408 -0.271796 -1.212173
37  1.719564 -0.000084 -0.000004  0.020973 -0.107650 -1.483531
38  1.209198 0.000035 0.000010  -0.324719 0.069673 -0.493483
39  3.859589 -0.149082 -1.331320  -0.166408 -0.090222 -0.231266
40  1.719412 -0.000097 -0.000036  -0.037675 -0.032189 -0.013102
41  1.099672 0.000024 0.000007  -0.003986 -0.002989 0.312654
42  0.805984 -0.359848 -1.318338  0.991670 0.166767 -0.799527
43  1.789780 -0.000008 -0.000042  0.000058 -0.002451 0.133098
44  1.206996 -0.000007 0.000006  0.000372 -0.000071 1.058781
45  5.740574 0.000080 0.000722  0.047993 -0.000014 0.000028
46  11.481060 0.000116 0.000911  -0.025925 0.088464 0.073961
47  6.027515 -0.000273 -0.000230  -0.903905 -0.483371 -1.832958
48  -0.000000 11.691976 -0.000005  -1.147618 0.590896 0.880134
49  0.000002 -0.000001 0.000000  2.756069 -0.000036 1.570860
50  -0.000007 -0.000013 0.000006  2.272645 -0.000036 1.570861
51  -4.242165 -5.079081 -7.187048  -0.008887 -2.827210 1.438296
52  -0.000000 -0.000000 -0.000001  0.008153 -0.000259 0.000009
53  -0.000000 0.000000 0.000000  1.565115 0.043565 -0.106862
54  3.145176 -13.674955 -5.555366  -1.494373 -2.751375 0.352880
55  -0.000000 0.000000 0.000000  0.000000 -0.000001 -0.000002
56  0.000030 0.000029 0.000001  -1.571901 -0.044449 -0.106509
57  29.326954 -14.621715 -2.662651  1.570796 -0.000000 0.000000
58  -14.193838 3.399061 -24.704067  1.570796 -0.000000 0.000000
59  1.217497 -1.048899 -9.688699  1.570796 -0.000000 0.000000
60  -0.004311 0.001229 -0.000371  0.006898 -0.005534 -0.284229
61  0.826810 10.209643 -4.879054  1.570796 -0.000000 0.000000
62  0.000000 0.000000 0.000000  -0.078727 -3.136056 0.284226
63  0.000000 0.000000 0.000000  1.570901 -0.017477 -0.000412
64  -3.317176 -8.328897 -1.312172  1.394710 -0.047615 -0.007440
65  0.048105 -2.944858 0.933262  0.000000 -0.000000 -0.000000
66  0.048105 -1.112259 5.803835  0.000000 -0.000000 -0.000000
67  -1.140611 -0.098565 1.093602  0.000000 -0.000000 -0.000000
68  0.217551 -1.673973 20.274755  0.000000 -0.000000 -0.000000
69  0.217546 -3.706012 2.941689  -0.610865 -0.000000 -0.000000
70  0.048105 -1.885239 -0.022554  0.000000 -0.000000 -0.000000
71  -0.082569 -1.959165 -0.004310  0.000000 -0.000000 -0.000000
72  0.217545 -3.788154 3.509794  0.000000 -0.000000 -0.000000
73  -1.590484 -12.335736 -5.943292  0.638207 -1.048657 0.465602
74  0.017808 1.009273 -0.369182  -0.000000 -0.000000 0.000000
75  -3.205002 -14.004876 -4.500301  1.226012 -0.047615 -0.007440
76  0.088237 2.028859 -0.387792  0.000000 0.000000 -0.000000
77  0.089166 1.580732 -0.409891  0.000000 0.000000 -0.000000
78  -0.263817 1.788471 -0.409405  0.000000 0.000000 -0.000000
79  -0.263817 1.287952 -0.409405  0.000000 0.000000 -0.000000
80  -3.365999 -21.493687 -2.291064  1.394710 -0.047615 -0.007440
81  0.017809 0.973330 -8.485499  0.000000 -0.000000 -0.000000
82  -3.365999 -21.493687 -2.291064  1.394710 -0.047615 -0.007440
83  0.088237 1.202834 -8.470932  0.000000 -0.000000 -0.000000
84  -0.263817 0.962445 -8.492543  0.000000 -0.000000 -0.000000
time 15
0  0.000006 0.000000 0.000000  -1.570800 -1.391899 -1.570792
1  -9.287366 2.744971 1.074174  -1.544956 -1.855077 -0.198630
2  6.027520 -0.000337 0.000193  -2.420958 -0.738990 0.909685
3  11.692106 0.000643 -0.000738  -0.241112 -0.000040 -1.725239
4  11.480601 -0.000034 -0.000768  1.662031 0.019818 -0.141499
5  3.859503 -0.142823 -1.192078  -0.237071 0.235706 -1.255760
6  1.312589 0.000010 0.000008  0.007254 -0.016651 -0.329013
7  0.729353 0.000054 0.000049  0.005624 0.004096 -1.580173
8  3.942141 0.046331 -0.431543  -0.069253 0.012608 -1.265379
9  1.539110 0.000083 0.000004  0.016739 -0.034429 -0.623709
10  1.196332 0.000146 0.000028  0.004884 -0.003807 -1.017653
11  3.883511 -0.047212 0.431351  0.017215 -0.093096 -1.085675
12  1.719573 -0.000029 0.000017  -0.004471 -0.133470 -1.149732
13  1.209180 0.000089 0.000011  0.014250 0.003723 -0.485534
14  3.880918 -0.318216 1.469486  0.181295 -0.212381 -0.977064
15  1.719448 -0.000018 0.000030  -0.069364 -0.045061 -1.089863
16  1.099676 0.000049 0.000006  0.071907 -0.045813 -1.260461
17  0.619599 -0.253835 1.439134  -1.163738 -0.325678 -1.093638
18  1.789819 -0.000002 -0.000018  0.032123 -0.242185 -0.481551
19  1.207014 -0.000013 -0.000043  0.015175 -0.013045 1.993386
20  5.740637 0.000389 -0.000699  0.030980 0.000003 0.000063
21  11.481133 0.000168 -0.000808  0.022758 0.024958 -0.037218
22  6.027524 -0.000331 0.000200  -0.744493 3.032198 -0.761478
23  0.000002 11.692101 -0.000006  -1.161840 -0.605175 -0.887700
24  0.000004 0.000010 0.000000  0.627993 -0.000031 1.570739
25  0.000001 -0.000011 0.000000  0.868960 0.000002 1.570712
26  -6.617934 -9.178503 0.826812  1.473120 1.855075 -0.198639
27  6.027515 -0.000259 -0.000222  1.506166 0.779350 -0.822047
28  11.691990 0.000161 0.000858  0.483540 0.000063 -1.702000
29  11.480567 0.000199 0.000825  -1.474004 0.632499 0.407162
30  3.859439 -0.132758 1.193065  0.466149 -0.051827 -1.783911
31  1.312559 0.000026 -0.000001  -0.013963 -0.041043 -0.156446
32  0.729345 0.000065 -0.000027  -0.128320 -0.117290 -0.954858
33  3.942047 0.050139 0.430999  0.211502 -0.107596 -1.469110
34  1.539097 0.000007 -0.000000  0.040711 -0.054386 -1.030473
35  1.196301 0.000078 -0.000004  -0.249391 -0.043040 -0.795119
36  3.883414 -0.050472 -0.431085  0.186408 -0.271796 -1.212173
37  1.719564 -0.000084 -0.000004  0.020973 -0.107650 -1.483531
38  1.209198 0.000035 0.000011  -0.324719 0.069673 -0.493483
39  3.859588 -0.149082 -1.331321  -0.166408 -0.090222 -0.231266
40  1.719413 -0.000099 -0.000035  -0.037675 -0.032189 -0.013102
41  1.099675 0.000024 0.000007  -0.003986 -0.002989 0.312654
42  0.805983 -0.359847 -1.318339  0.991668 0.167127 -0.799434
43  1.789780 -0.000009 -0.000042  0.000059 -0.002303 0.129635
44  1.206996 -0.000007 0.000005  0.000356 -0.000070 1.052155
45  5.740572 0.000080 0.000721  0.081818 -0.000014 0.000028
46  11.481057 0.000114 0.000910  -0.003473 0.106829 0.062681
47  6.027515 -0.000273 -0.000230  -0.940804 -0.516057 -1.797959
48  -0.000001 11.691973 -0.000006  -1.148143 0.591423 0.880419
49  0.000001 -0.000000 -0.000000  2.756069 -0.000036 1.570860
50  -0.000007 -0.000013 0.000005  2.272645 -0.000036 1.570861
51  -3.555003 -5.014844 -7.370316  0.138136 -2.829156 1.416183
52  0.000001 -0.000000 0.000001  0.008153 -0.000259 0.000009
53  0.000000 0.000000 -0.000000  1.565115 0.043565 -0.106862
54  3.641572 -13.319317 -3.127512  -1.166177 -2.921926 0.265218
55  -0.000000 -0.000000 0.000001  0.000000 -0.000001 -0.000002
56  0.000030 0.000029 0.000003  -1.571901 -0.044449 -0.106509
57  29.599552 -15.454812 -2.473501  1.570796 -0.000000 0.000000
58  -14.193838 3.399061 -24.704067  1.570796 -0.000000 0.000000
59  1.078486 -1.048899 -9.628827  1.570796 -0.000000 0.000000
60  -0.004311 0.001229 -0.000371  0.006898 -0.005534 -0.284229
61  0.826810 10.209643 -4.879054  1.570796 -0.000000 0.000000
62  0.000000 0.000000 0.000000  -0.078727 -3.136056 0.284226
63  0.000000 0.000000 0.000000  1.572708 0.007165 0.004469
64  -3.381210 -8.144223 -1.361334  1.375774 -0.186211 0.018063
65  0.048105 -2.944859 0.933263  0.000000 -0.000000 0.000000
66  0.048105 -1.112260 5.803836  0.000000 -0.000000 0.000000
67  -1.140611 -0.098564 1.093602  0.000000 -0.000000 0.000000
68  0.217551 -1.673973 20.274757  0.000000 -0.000000 0.000000
69  0.217545 -3.706012 2.941690  -0.610865 -0.000000 0.000000
70  0.048105 -1.885239 -0.022554  0.000000 -0.000000 0.000000
71  -0.082569 -1.959166 -0.004310  0.000000 -0.000000 0.000000
72  0.217546 -3.788155 3.509794  0.000000 -0.000000 0.000000
73  -0.815734 -12.317486 -4.998136  -0.090590 -1.053309 1.117041
74  0.017808 1.009272 -0.369181  0.000000 -0.000000 0.000000
75  -2.289305 -14.668737 -4.159530  0.727688 -0.385734 0.120203
76  0.088236 2.028860 -0.387792  -0.000000 0.000000 -0.000000
77  0.089165 1.580733 -0.409891  -0.000000 0.000000 -0.000000
78  -0.263817 1.788471 -0.409404  -0.000000 0.000000 -0.000000
79  -0.263817 1.287952 -0.409404  -0.000000 0.000000 -0.000000
80  -3.005445 -21.320574 -2.078921  1.375774 -0.186211 0.018063
81  0.017809 0.973330 -8.485500  0.000000 -0.000000 0.000000
82  -3.005445 -21.320574 -2.078921  1.375774 -0.186211 0.018063
83  0.088237 1.202833 -8.470933  0.000000 -0.000000 0.000000
84  -0.263817 0.962445 -8.492544  0.000000 -0.000000 0.000000
time 16
0  0.000006 0.000000 0.000000  -1.570800 -1.391899 -1.570792
1  -9.267627 2.741402 0.929643  -1.544956 -1.855077 -0.198630
2  6.027518 -0.000335 0.000193  -2.216693 -0.656429 0.727785
3  11.692108 0.000643 -0.000738  -0.427400 -0.000038 -1.691699
4  11.479047 -0.000694 -0.001127  1.646618 0.090266 0.243150
5  3.859502 -0.142823 -1.192079  -0.237071 0.235706 -1.255760
6  1.312588 0.000008 0.000008  0.007254 -0.016651 -0.329013
7  0.729355 0.000053 0.000049  0.005624 0.004096 -1.580173
8  3.942140 0.046331 -0.431542  -0.069253 0.012608 -1.265379
9  1.539110 0.000084 0.000003  0.016739 -0.034429 -0.623709
10  1.196332 0.000146 0.000026  0.004884 -0.003807 -1.017653
11  3.883511 -0.047212 0.431351  0.017215 -0.093096 -1.085675
12  1.719574 -0.000028 0.000016  -0.004471 -0.133470 -1.149732
13  1.209179 0.000090 0.000011  0.014250 0.003723 -0.485534
14  3.977216 -0.332492 1.468967  0.192116 -0.276356 -0.963733
15  1.719449 -0.000019 0.000028  -0.069364 -0.045061 -1.089863
16  1.099675 0.000048 0.000005  0.071907 -0.045813 -1.260462
17  0.619599 -0.253836 1.439134  -1.163738 -0.325678 -1.093638
18  1.789819 -0.000004 -0.000017  0.032123 -0.242185 -0.481551
19  1.207015 -0.000013 -0.000044  0.015175 -0.013045 1.993386
20  5.740634 0.000390 -0.000699  0.002739 0.000003 0.000064
21  11.480821 0.000038 -0.000880  0.013960 0.041032 0.038840
22  6.027525 -0.000330 0.000200  -0.657180 -3.097235 -0.808916
23  0.000003 11.692101 -0.000007  -1.142188 -0.585394 -0.877066
24  0.000003 0.000007 0.000000  0.441705 -0.000031 1.570739
25  0.000001 -0.000012 -0.000000  0.868960 0.000002 1.570712
26  -6.617934 -9.178503 0.826812  1.473120 1.855075 -0.198639
27  6.027515 -0.000259 -0.000222  1.451895 0.792039 -0.849018
28  11.691989 0.000161 0.000857  0.486054 0.000064 -1.717761
29  11.480423 0.000113 0.000870  -1.322672 0.689055 0.447417
30  3.859437 -0.132759 1.193065  0.466149 -0.051827 -1.783911
31  1.312558 0.000027 -0.000001  -0.013963 -0.041043 -0.156446
32  0.729346 0.000064 -0.000027  -0.128320 -0.117290 -0.954858
33  3.942046 0.050138 0.431000  0.211502 -0.107596 -1.469110
34  1.539097 0.000006 -0.000001  0.040711 -0.054386 -1.030473
35  1.196299 0.000078 -0.000004  -0.249391 -0.043040 -0.795119
36  3.883414 -0.050473 -0.431084  0.186408 -0.271796 -1.212173
37  1.719564 -0.000085 -0.000004  0.020973 -0.107650 -1.483531
38  1.209198 0.000035 0.000011  -0.324719 0.069673 -0.493483
39  3.859589 -0.149082 -1.331321  -0.166408 -0.090222 -0.231266
40  1.719413 -0.000098 -0.000036  -0.037675 -0.032189 -0.013102
41  1.099674 0.000023 0.000006  -0.003986 -0.002989 0.312654
42  0.805983 -0.359848 -1.318338  0.991661 0.168210 -0.799154
43  1.789780 -0.000008 -0.000042  0.000061 -0.001857 0.119213
44  1.206997 -0.000006 0.000005  0.000306 -0.000068 1.032226
45  5.740575 0.000079 0.000719  0.118182 -0.000014 0.000028
46  11.481030 0.000097 0.000918  0.019460 0.123280 0.058842
47  6.027515 -0.000273 -0.000230  -0.978657 -0.539793 -1.767466
48  -0.000002 11.691974 -0.000007  -1.157377 0.600722 0.885411
49  0.000002 0.000001 0.000000  2.758583 -0.000036 1.570860
50  -0.000008 -0.000013 0.000004  2.272645 -0.000036 1.570861
51  -2.904773 -4.802238 -7.351682  0.277817 -2.855221 1.409676
52  0.000000 -0.000000 -0.000001  0.008153 -0.000259 0.000009
53  -0.000000 -0.000000 0.000000  1.565115 0.043565 -0.106862
54  6.032480 -14.613054 -4.051972  1.551499 -0.187580 -2.285491
55  -0.000001 0.000000 -0.000001  0.000000 -0.000001 -0.000002
56  0.000029 0.000029 -0.000000  -1.571901 -0.044449 -0.106509
57  29.855230 -16.150448 -2.926698  1.570796 -0.000000 0.000000
58  -14.133220 3.399065 -24.694178  1.570796 -0.000000 0.000000
59  0.933955 -1.048899 -9.608768  1.570796 -0.000000 0.000000
60  -0.004311 0.001229 -0.000371  0.006898 -0.005534 -0.284229
61  0.826810 10.209643 -4.879054  1.570796 -0.000000 0.000000
62  0.000000 0.000000 0.000000  -0.078727 -3.136056 0.284226
63  0.000000 0.000000 0.000000  1.566786 -0.006354 0.004950
64  -3.436891 -7.966133 -1.381950  1.375666 -0.322185 0.052847
65  0.048105 -2.944859 0.933263  -0.000000 0.000000 0.000000
66  0.048105 -1.112260 5.803837  -0.000000 0.000000 0.000000
67  -1.140610 -0.098565 1.093605  -0.000000 0.000000 0.000000
68  0.217551 -1.673974 20.274757  -0.000000 0.000000 0.000000
69  0.217545 -3.706013 2.941689  -0.610865 0.000000 0.000000
70  0.048105 -1.885240 -0.022553  -0.000000 0.000000 0.000000
71  -0.082569 -1.959166 -0.004309  -0.000000 0.000000 0.000000
72  0.217546 -3.788154 3.509795  -0.000000 0.000000 0.000000
73  1.252231 -15.454332 -4.953051  0.866157 -1.251860 0.732083
74  0.017809 1.009272 -0.369181  -0.000000 0.000000 0.000000
75  -0.384695 -19.392212 -4.065346  0.471801 -0.021298 0.409139
76  0.088236 2.028859 -0.387792  0.000000 0.000000 0.000000
77  0.089165 1.580731 -0.409891  0.000000 0.000000 0.000000
78  -0.263817 1.788471 -0.409405  0.000000 0.000000 0.000000
79  -0.263817 1.287952 -0.409405  0.000000 0.000000 0.000000
80  -2.507705 -21.116476 -2.072893  1.375666 -0.322185 0.052847
81  0.017810 0.973331 -8.485498  -0.000000 0.000000 0.000000
82  -2.507705 -21.116476 -2.072893  1.375666 -0.322185 0.052847
83  0.088237 1.202834 -8.470929  -0.000000 0.000000 0.000000
84  -0.263817 0.962445 -8.492541  -0.000000 0.000000 0.000000
time 17
0  0.000006 0.000000 0.000000  -1.570800 -1.391899 -1.570792
1  -9.370504 2.790266 0.786521  -1.544956 -1.855077 -0.198630
2  6.027517 -0.000331 0.000193  -2.072916 -0.688956 0.666621
3  11.692107 0.000643 -0.000739  -0.520292 -0.000030 -1.566234
4  11.479935 -0.000158 -0.000943  1.473473 0.063533 0.592790
5  3.859503 -0.142823 -1.192079  -0.237071 0.235706 -1.255760
6  1.312589 0.000006 0.000008  0.007254 -0.016651 -0.329013
7  0.729355 0.000053 0.000049  0.005624 0.004096 -1.580173
8  3.942141 0.046331 -0.431542  -0.069253 0.012608 -1.265379
9  1.539110 0.000083 0.000004  0.016739 -0.034429 -0.623709
10  1.196333 0.000148 0.000028  0.004884 -0.003807 -1.017653
11  3.883511 -0.047211 0.431351  0.017214 -0.093096 -1.085675
12  1.719573 -0.000025 0.000016  -0.004471 -0.133470 -1.149732
13  1.209180 0.000090 0.000012  0.014250 0.003723 -0.485534
14  4.052214 -0.343609 1.468564  0.200068 -0.326268 -0.953674
15  1.719448 -0.000018 0.000027  -0.069364 -0.045061 -1.089863
16  1.099675 0.000049 0.000005  0.071907 -0.045813 -1.260462
17  0.619599 -0.253836 1.439135  -1.163738 -0.325678 -1.093638
18  1.789820 -0.000004 -0.000018  0.032123 -0.242185 -0.481551
19  1.207015 -0.000013 -0.000043  0.015175 -0.013045 1.993386
20  5.740634 0.000391 -0.000699  -0.046922 0.000003 0.000064
21  11.480997 0.000150 -0.000843  -0.024271 0.027915 0.107399
22  6.027524 -0.000326 0.000200  -0.698814 -2.987793 -0.776262
23  -0.000001 11.692098 -0.000006  -1.068568 -0.513029 -0.834472
24  0.000003 0.000009 0.000000  0.348809 -0.000031 1.570739
25  0.000000 -0.000011 0.000000  0.868960 0.000002 1.570712
26  -6.617934 -9.178503 0.826812  1.473120 1.855075 -0.198639
27  6.027515 -0.000259 -0.000222  1.463254 0.780525 -0.850158
28  11.691990 0.000161 0.000857  0.493652 0.000066 -1.745063
29  11.480172 -0.000031 0.000951  -1.331035 0.674278 0.476909
30  3.859437 -0.132759 1.193065  0.466149 -0.051827 -1.783911
31  1.312559 0.000026 -0.000001  -0.013963 -0.041043 -0.156446
32  0.729346 0.000064 -0.000027  -0.128320 -0.117290 -0.954858
33  3.942047 0.050139 0.431000  0.211502 -0.107596 -1.469110
34  1.539097 0.000006 -0.000001  0.040711 -0.054386 -1.030473
35  1.196300 0.000078 -0.000004  -0.249391 -0.043040 -0.795119
36  3.883413 -0.050472 -0.431084  0.186408 -0.271796 -1.212173
37  1.719564 -0.000084 -0.000004  0.020973 -0.107650 -1.483531
38  1.209197 0.000035 0.000011  -0.324719 0.069673 -0.493483
39  3.859588 -0.149082 -1.331321  -0.166408 -0.090222 -0.231266
40  1.719412 -0.000098 -0.000036  -0.037675 -0.032189 -0.013102
41  1.099675 0.000023 0.000007  -0.003986 -0.002989 0.312654
42  0.805983 -0.359848 -1.318338  0.991650 0.169971 -0.798699
43  1.789780 -0.000008 -0.000042  0.000054 -0.001132 0.102264
44  1.206996 -0.000006 0.000005  0.000224 -0.000066 0.999864
45  5.740574 0.000079 0.000721  0.117347 -0.000013 0.000028
46  11.480979 0.000067 0.000935  0.017294 0.120436 0.065533
47  6.027515 -0.000273 -0.000230  -0.962305 -0.540291 -1.785054
48  -0.000001 11.691975 -0.000006  -1.173381 0.616919 0.893885
49  0.000004 -0.000000 0.000000  2.766180 -0.000036 1.570860
50  -0.000007 -0.000012 0.000005  2.272645 -0.000036 1.570861
51  -3.023307 -4.579215 -7.256847  0.265448 -2.867438 1.425949
52  0.000000 -0.000000 -0.000001  0.008153 -0.000259 0.000009
53  -0.000000 0.000000 0.000000  1.565115 0.043565 -0.106862
54  6.875558 -16.378809 -5.364955  1.157092 -0.015271 -1.814501
55  -0.000000 0.000000 -0.000001  0.000000 -0.000001 -0.000002
56  0.000031 0.000029 -0.000000  -1.571902 -0.044449 -0.106509
57  30.006344 -16.764965 -4.112141  1.570796 -0.000000 0.000000
58  -13.948157 3.399095 -24.664280  1.570796 -0.000000 0.000000
59  0.790833 -1.078677 -9.718699  1.570796 -0.000000 0.000000
60  -0.004311 0.001229 -0.000371  0.006898 -0.005534 -0.284229
61  0.826810 10.209643 -4.879054  1.570796 -0.000000 0.000000
62  0.000000 0.000000 0.000000  -0.078727 -3.136056 0.284226
63  0.000000 0.000000 0.000000  1.558885 -0.020483 0.005127
64  -3.455368 -7.831926 -1.326900  1.390851 -0.313104 0.060955
65  0.048105 -2.944859 0.933264  -0.000000 0.000000 -0.000000
66  0.048105 -1.112260 5.803838  -0.000000 0.000000 -0.000000
67  -1.140610 -0.098565 1.093602  -0.000000 0.000000 -0.000000
68  0.217551 -1.673974 20.274761  -0.000000 0.000000 -0.000000
69  0.217546 -3.706013 2.941691  -0.305433 0.000000 -0.000000
70  0.048106 -1.885240 -0.022553  -0.000000 0.000000 -0.000000
71  -0.082569 -1.959166 -0.004309  -0.000000 0.000000 -0.000000
72  0.217546 -3.788155 3.509797  -0.000000 0.000000 -0.000000
73  2.688810 -18.983738 -5.601528  2.009940 -1.114938 0.085541
74  0.017809 1.009273 -0.369177  0.000000 -0.000000 -0.000000
75  0.286135 -21.977173 -3.351117  0.161191 -0.030063 0.553434
76  0.088237 2.028861 -0.387793  0.000000 -0.000000 -0.000000
77  0.089166 1.580733 -0.409891  0.000000 -0.000000 -0.000000
78  -0.263817 1.788472 -0.409405  0.000000 -0.000000 -0.000000
79  -0.263817 1.287952 -0.409405  0.000000 -0.000000 -0.000000
80  -2.365115 -20.958363 -2.210266  1.390851 -0.313104 0.060955
81  0.017809 0.973331 -8.485498  -0.000000 0.000000 -0.000000
82  -2.365115 -20.958363 -2.210266  1.390851 -0.313104 0.060955
83  0.088237 1.202834 -8.470930  -0.000000 0.000000 -0.000000
84  -0.263817 0.962446 -8.492542  -0.000000 0.000000 -0.000000
time 18
0  0.000006 0.000000 0.000000  -1.570800 -1.391899 -1.570792
1  -9.658223 2.939253 0.650803  -1.544956 -1.855077 -0.198630
2  6.027516 -0.000334 0.000192  -2.066349 -0.721015 0.643214
3  11.692106 0.000644 -0.000739  -0.575391 -0.000027 -1.523158
4  11.480272 0.000062 -0.000839  1.518885 0.094950 0.760720
5  3.859502 -0.142823 -1.192080  -0.237071 0.235706 -1.255760
6  1.312590 0.000009 0.000008  0.007254 -0.016651 -0.329013
7  0.729354 0.000055 0.000049  0.005624 0.004096 -1.580173
8  3.942140 0.046331 -0.431543  -0.069253 0.012608 -1.265379
9  1.539111 0.000085 0.000004  0.016739 -0.034429 -0.623709
10  1.196333 0.000145 0.000028  0.004884 -0.003807 -1.017653
11  3.883511 -0.047212 0.431350  0.017214 -0.093096 -1.085675
12  1.719571 -0.000033 0.000017  -0.004471 -0.133470 -1.149732
13  1.209179 0.000089 0.000013  0.014250 0.003723 -0.485534
14  4.078841 -0.347557 1.468419  0.202793 -0.343991 -0.950166
15  1.719448 -0.000017 0.000027  -0.069364 -0.045061 -1.089863
16  1.099676 0.000046 0.000005  0.071907 -0.045814 -1.260461
17  0.619600 -0.253836 1.439134  -1.163738 -0.325678 -1.093638
18  1.789820 -0.000004 -0.000019  0.032123 -0.242185 -0.481551
19  1.207015 -0.000013 -0.000044  0.015175 -0.013045 1.993386
20  5.740636 0.000387 -0.000699  -0.048620 0.000003 0.000063
21  11.481065 0.000191 -0.000823  -0.019661 0.035219 0.141177
22  6.027524 -0.000329 0.000200  -0.731643 -2.987072 -0.790372
23  -0.000001 11.692099 -0.000007  -1.043167 -0.488828 -0.818861
24  0.000001 0.000010 0.000000  0.293709 -0.000031 1.570739
25  -0.000001 -0.000012 0.000000  0.868960 0.000002 1.570712
26  -6.617934 -9.178503 0.826812  1.473120 1.855075 -0.198639
27  6.027515 -0.000259 -0.000222  1.474630 0.776808 -0.857604
28  11.691991 0.000159 0.000858  0.506287 0.000067 -1.765552
29  11.479985 -0.000128 0.001009  -1.357542 0.673468 0.508802
30  3.859438 -0.132759 1.193065  0.466149 -0.051827 -1.783911
31  1.312559 0.000027 -0.000000  -0.013963 -0.041043 -0.156446
32  0.729345 0.000065 -0.000027  -0.128320 -0.117290 -0.954858
33  3.942047 0.050139 0.431000  0.211502 -0.107596 -1.469110
34  1.539097 0.000005 -0.000002  0.040711 -0.054386 -1.030473
35  1.196300 0.000079 -0.000004  -0.249391 -0.043040 -0.795119
36  3.883414 -0.050472 -0.431085  0.186408 -0.271796 -1.212173
37  1.719564 -0.000084 -0.000005  0.020973 -0.107650 -1.483531
38  1.209197 0.000036 0.000011  -0.324719 0.069673 -0.493483
39  3.859589 -0.149082 -1.331321  -0.166408 -0.090222 -0.231266
40  1.719413 -0.000098 -0.000036  -0.037675 -0.032189 -0.013102
41  1.099674 0.000023 0.000007  -0.003986 -0.002989 0.312654
42  0.805984 -0.359848 -1.318339  0.991638 0.172274 -0.798103
43  1.789780 -0.000009 -0.000042  0.000026 -0.000184 0.080092
44  1.206997 -0.000007 0.000005  0.000119 -0.000068 0.957639
45  5.740572 0.000078 0.000721  0.114061 -0.000014 0.000028
46  11.480940 0.000048 0.000947  0.011027 0.119556 0.073481
47  6.027515 -0.000273 -0.000230  -0.953253 -0.535934 -1.805129
48  -0.000002 11.691976 -0.000006  -1.185403 0.629146 0.900099
49  0.000002 0.000002 -0.000001  2.778816 -0.000036 1.570860
50  -0.000008 -0.000013 0.000005  2.272645 -0.000036 1.570861
51  -3.114320 -4.413097 -7.096913  0.246029 -2.884260 1.428546
52  0.000000 0.000000 -0.000000  0.008153 -0.000259 0.000009
53  0.000000 -0.000000 -0.000000  1.565115 0.043565 -0.106862
54  6.779129 -16.896820 -5.803038  1.115627 0.113382 -1.673742
55  0.000001 -0.000000 -0.000000  0.000000 -0.000001 -0.000002
56  0.000030 0.000029 0.000001  -1.571902 -0.044449 -0.106509
57  30.058525 -17.164906 -5.297585  1.570796 -0.000000 0.000000
58  -13.635884 3.399183 -24.614452  1.570796 -0.000000 0.000000
59  0.655115 -1.174089 -10.028337  1.570796 -0.000000 0.000000
60  -0.004311 0.001229 -0.000371  0.006898 -0.005534 -0.284229
61  0.826810 10.209643 -4.879054  1.570796 -0.000000 0.000000
62  0.000000 0.000000 0.000000  -0.078727 -3.136056 0.284226
63  0.000000 0.000000 0.000000  1.556583 -0.021065 0.004932
64  -3.459426 -7.778902 -1.224662  1.412042 -0.298082 0.052076
65  0.048105 -2.944859 0.933263  -0.000000 0.000000 -0.000000
66  0.048105 -1.112260 5.803837  -0.000000 0.000000 -0.000000
67  -1.140610 -0.098565 1.093605  -0.000000 0.000000 -0.000000
68  0.217551 -1.673973 20.274757  -0.000000 0.000000 -0.000000
69  0.217546 -3.706013 2.941690  -0.000000 0.000000 -0.000000
70  0.048105 -1.885239 -0.022553  -0.000000 0.000000 -0.000000
71  -0.082569 -1.959166 -0.004310  -0.000000 0.000000 -0.000000
72  0.217546 -3.788155 3.509795  -0.000000 0.000000 -0.000000
73  2.994664 -20.019199 -6.349899  2.310925 -1.099100 -0.041269
74  0.017810 1.009271 -0.369180  0.000000 -0.000000 0.000000
75  0.910916 -24.154926 -3.447104  -0.136834 -0.022933 0.704076
76  0.088238 2.028860 -0.387793  0.000000 -0.000000 -0.000000
77  0.089167 1.580733 -0.409892  0.000000 -0.000000 -0.000000
78  -0.263815 1.788475 -0.409405  0.000000 -0.000000 -0.000000
79  -0.263814 1.287954 -0.409405  0.000000 -0.000000 -0.000000
80  -2.418453 -20.888315 -2.378795  1.412042 -0.298082 0.052076
81  0.017810 0.973331 -8.485500  -0.000000 0.000000 -0.000000
82  -2.418453 -20.888315 -2.378795  1.412042 -0.298082 0.052076
83  0.088237 1.202834 -8.470932  -0.000000 0.000000 -0.000000
84  -0.263817 0.962445 -8.492543  -0.000000 0.000000 -0.000000
time 19
0  0.000006 0.000000 0.000000  -1.570800 -1.391899 -1.570792
1  -10.022141 3.161029 0.526985  -1.544956 -1.855077 -0.198630
2  6.027517 -0.000334 0.000193  -2.096064 -0.718878 0.646048
3  11.692107 0.000644 -0.000737  -0.589320 -0.000028 -1.548186
4  11.480072 -0.000024 -0.000905  1.566055 0.109145 0.828500
5  3.859506 -0.142823 -1.192078  -0.237071 0.235706 -1.255760
6  1.312589 0.000010 0.000007  0.007254 -0.016651 -0.329013
7  0.729356 0.000051 0.000049  0.005624 0.004096 -1.580173
8  3.942143 0.046331 -0.431542  -0.069253 0.012608 -1.265379
9  1.539110 0.000081 0.000005  0.016739 -0.034429 -0.623709
10  1.196333 0.000146 0.000028  0.004884 -0.003807 -1.017653
11  3.883514 -0.047211 0.431352  0.017214 -0.093096 -1.085675
12  1.719573 -0.000029 0.000017  -0.004471 -0.133470 -1.149732
13  1.209180 0.000088 0.000012  0.014250 0.003723 -0.485534
14  4.078842 -0.347557 1.468419  0.202793 -0.343991 -0.950166
15  1.719448 -0.000019 0.000028  -0.069364 -0.045061 -1.089863
16  1.099675 0.000049 0.000006  0.071907 -0.045813 -1.260462
17  0.619599 -0.253835 1.439135  -1.163738 -0.325678 -1.093638
18  1.789819 -0.000002 -0.000018  0.032123 -0.242185 -0.481551
19  1.207015 -0.000014 -0.000043  0.015175 -0.013045 1.993386
20  5.740634 0.000389 -0.000700  -0.046726 0.000003 0.000064
21  11.481024 0.000177 -0.000836  -0.012662 0.040818 0.154793
22  6.027525 -0.000329 0.000200  -0.726641 -3.008962 -0.807847
23  0.000002 11.692100 -0.000006  -1.057938 -0.502847 -0.827990
24  0.000003 0.000010 -0.000001  0.279782 -0.000030 1.570739
25  -0.000000 -0.000011 -0.000001  0.868960 0.000002 1.570712
26  -6.617934 -9.178503 0.826812  1.473120 1.855075 -0.198639
27  6.027515 -0.000259 -0.000222  1.480745 0.775146 -0.873106
28  11.691990 0.000161 0.000857  0.523686 0.000068 -1.777421
29  11.479879 -0.000168 0.001047  -1.391773 0.680333 0.525878
30  3.859437 -0.132758 1.193065  0.466149 -0.051827 -1.783911
31  1.312559 0.000026 -0.000001  -0.013963 -0.041043 -0.156446
32  0.729346 0.000065 -0.000028  -0.128320 -0.117290 -0.954858
33  3.942047 0.050139 0.431000  0.211502 -0.107596 -1.469110
34  1.539096 0.000006 -0.000001  0.040711 -0.054386 -1.030473
35  1.196300 0.000078 -0.000003  -0.249391 -0.043040 -0.795119
36  3.883414 -0.050472 -0.431084  0.186408 -0.271796 -1.212173
37  1.719564 -0.000085 -0.000004  0.020973 -0.107650 -1.483531
38  1.209197 0.000035 0.000011  -0.324719 0.069673 -0.493483
39  3.859589 -0.149082 -1.331321  -0.166408 -0.090222 -0.231266
40  1.719412 -0.000098 -0.000037  -0.037675 -0.032189 -0.013102
41  1.099674 0.000023 0.000007  -0.003986 -0.002989 0.312654
42  0.805984 -0.359848 -1.318338  0.991625 0.174882 -0.797427
43  1.789780 -0.000008 -0.000042  -0.000030 0.000889 0.054977
44  1.206996 -0.000007 0.000005  -0.000001 -0.000076 0.909988
45  5.740572 0.000078 0.000720  0.108581 -0.000014 0.000028
46  11.480920 0.000040 0.000955  0.003666 0.119619 0.078903
47  6.027515 -0.000273 -0.000230  -0.948734 -0.533347 -1.827217
48  -0.000001 11.691976 -0.000007  -1.192373 0.636257 0.903640
49  0.000003 -0.000000 -0.000000  2.796214 -0.000036 1.570860
50  -0.000007 -0.000013 0.000004  2.272645 -0.000036 1.570861
51  -3.168195 -4.315926 -6.986712  0.234957 -2.899847 1.425289
52  -0.000000 0.000000 0.000000  0.008153 -0.000259 0.000009
53  0.000001 -0.000000 -0.000000  1.565115 0.043565 -0.106862
54  6.459925 -16.736742 -5.942932  1.146792 0.139985 -1.651950
55  -0.000001 0.000000 0.000000  0.000000 -0.000001 -0.000002
56  0.000030 0.000029 0.000002  -1.571901 -0.044449 -0.106509
57  30.064457 -17.318836 -5.750781  1.570796 -0.000000 0.000000
58  -13.197412 3.399370 -24.545519  1.570796 -0.000000 0.000000
59  0.531297 -1.327569 -10.425910  1.570796 -0.000000 0.000000
60  -0.004311 0.001229 -0.000371  0.006898 -0.005534 -0.284229
61  0.826810 10.209643 -4.879054  1.570796 -0.000000 0.000000
62  0.000000 0.000000 0.000000  -0.078727 -3.136056 0.284226
63  0.000000 0.000000 0.000000  1.556263 -0.021308 0.004049
64  -3.484756 -7.778902 -1.169612  1.430156 -0.290496 0.040831
65  0.048105 -2.944859 0.933263  0.000000 -0.000000 0.000000
66  0.048105 -1.112260 5.803838  0.000000 -0.000000 0.000000
67  -1.140610 -0.098565 1.093604  0.000000 -0.000000 0.000000
68  0.217551 -1.673974 20.274757  0.000000 -0.000000 0.000000
69  0.217545 -3.706013 2.941691  0.000000 -0.000000 0.000000
70  0.048106 -1.885240 -0.022553  0.000000 -0.000000 0.000000
71  -0.082569 -1.959166 -0.004310  0.000000 -0.000000 0.000000
72  0.217545 -3.788155 3.509795  0.000000 -0.000000 0.000000
73  2.753153 -19.910711 -6.688739  2.368965 -1.130905 -0.075538
74  0.017810 1.009273 -0.369183  -0.000000 -0.000000 0.000000
75  1.481382 -25.975536 -4.151968  -0.052445 -0.132874 0.709916
76  0.088239 2.028859 -0.387793  0.000000 0.000000 0.000000
77  0.089167 1.580732 -0.409891  0.000000 0.000000 0.000000
78  -0.263816 1.788470 -0.409405  0.000000 0.000000 0.000000
79  -0.263816 1.287950 -0.409404  0.000000 0.000000 0.000000
80  -2.532911 -20.872747 -2.554362  1.430156 -0.290496 0.040831
81  0.017809 0.973331 -8.485500  0.000000 -0.000000 0.000000
82  -2.532911 -20.872747 -2.554362  1.430156 -0.290496 0.040831
83  0.088237 1.202834 -8.470931  0.000000 -0.000000 0.000000
84  -0.263817 0.962445 -8.492543  0.000000 -0.000000 0.000000
time 20
0  0.000006 0.000000 0.000000  -1.570800 -1.391899 -1.570792
1  -10.294840 3.393075 0.417958  -1.544956 -1.855077 -0.198630
2  6.027516 -0.000335 0.000193  -2.139994 -0.687737 0.650783
3  11.692106 0.000646 -0.000737  -0.560548 -0.000032 -1.613112
4  11.479592 -0.000294 -0.001057  1.597772 0.126339 0.816686
5  3.859503 -0.142823 -1.192079  -0.237071 0.235706 -1.255760
6  1.312589 0.000009 0.000008  0.007254 -0.016651 -0.329013
7  0.729355 0.000054 0.000049  0.005624 0.004096 -1.580173
8  3.942140 0.046331 -0.431542  -0.069253 0.012608 -1.265379
9  1.539111 0.000085 0.000003  0.016739 -0.034429 -0.623709
10  1.196332 0.000150 0.000029  0.004884 -0.003807 -1.017653
11  3.883510 -0.047212 0.431351  0.017215 -0.093096 -1.085675
12  1.719572 -0.000029 0.000016  -0.004471 -0.133470 -1.149732
13  1.209180 0.000087 0.000013  0.014250 0.003723 -0.485534
14  4.078840 -0.347557 1.468420  0.202793 -0.343991 -0.950166
15  1.719448 -0.000018 0.000027  -0.069364 -0.045061 -1.089863
16  1.099674 0.000049 0.000005  0.071907 -0.045813 -1.260461
17  0.619599 -0.253835 1.439134  -1.163738 -0.325678 -1.093638
18  1.789820 -0.000001 -0.000018  0.032123 -0.242185 -0.481551
19  1.207016 -0.000013 -0.000042  0.015175 -0.013045 1.993386
20  5.740637 0.000388 -0.000700  -0.046508 0.000003 0.000063
21  11.480930 0.000120 -0.000867  -0.007571 0.046428 0.152363
22  6.027524 -0.000330 0.000200  -0.692059 -3.039173 -0.835586
23  0.000000 11.692101 -0.000006  -1.096121 -0.539752 -0.850894
24  0.000002 0.000010 -0.000001  0.308555 -0.000031 1.570739
25  -0.000000 -0.000010 0.000000  0.868960 0.000002 1.570712
26  -6.617934 -9.178503 0.826812  1.473120 1.855075 -0.198639
27  6.027516 -0.000258 -0.000222  1.477761 0.771740 -0.897942
28  11.691992 0.000161 0.000858  0.545282 0.000069 -1.783612
29  11.479827 -0.000173 0.001068  -1.419532 0.693404 0.519577
30  3.859437 -0.132758 1.193065  0.466149 -0.051827 -1.783911
31  1.312559 0.000025 -0.000001  -0.013963 -0.041043 -0.156446
32  0.729346 0.000064 -0.000027  -0.128320 -0.117290 -0.954858
33  3.942046 0.050139 0.431000  0.211502 -0.107596 -1.469110
34  1.539097 0.000005 -0.000001  0.040711 -0.054386 -1.030473
35  1.196300 0.000078 -0.000004  -0.249391 -0.043040 -0.795119
36  3.883414 -0.050472 -0.431084  0.186408 -0.271796 -1.212173
37  1.719564 -0.000085 -0.000005  0.020973 -0.107650 -1.483531
38  1.209196 0.000036 0.000011  -0.324719 0.069673 -0.493483
39  3.859589 -0.149081 -1.331321  -0.166408 -0.090222 -0.231266
40  1.719414 -0.000098 -0.000035  -0.037675 -0.032189 -0.013102
41  1.099674 0.000024 0.000007  -0.003986 -0.002989 0.312654
42  0.805984 -0.359847 -1.318338  0.991614 0.177491 -0.796751
43  1.789779 -0.000008 -0.000042  -0.000114 0.001959 0.029872
44  1.206997 -0.000007 0.000006  -0.000119 -0.000090 0.862583
45  5.740573 0.000080 0.000720  0.103857 -0.000014 0.000028
46  11.480910 0.000039 0.000959  -0.001728 0.120992 0.079269
47  6.027515 -0.000273 -0.000230  -0.946941 -0.537060 -1.850882
48  -0.000000 11.691975 -0.000006  -1.196011 0.639974 0.905470
49  0.000001 -0.000001 0.000000  2.817811 -0.000036 1.570860
50  -0.000007 -0.000013 0.000004  2.272645 -0.000036 1.570861
51  -3.161485 -4.259270 -6.971435  0.249994 -2.909562 1.419629
52  -0.000000 0.000000 0.000000  0.008153 -0.000259 0.000009
53  -0.000000 0.000000 0.000000  1.565115 0.043565 -0.106862
54  6.240552 -16.153042 -5.824000  1.204652 0.090025 -1.700870
55  -0.000001 0.000000 0.000001  0.000000 -0.000001 -0.000002
56  0.000030 0.000030 0.000002  -1.571901 -0.044449 -0.106509
57  29.866711 -17.367126 -5.712073  1.570796 -0.000000 0.000000
58  -12.638889 3.399702 -24.459255  1.570796 -0.000000 0.000000
59  0.422269 -1.507385 -10.735548  1.570796 -0.000000 0.000000
60  -0.004311 0.001229 -0.000371  0.006898 -0.005534 -0.284229
61  0.826810 10.209643 -4.879054  1.570796 -0.000000 0.000000
62  0.000000 0.000000 0.000000  -0.078727 -3.136056 0.284226
63  0.000000 0.000000 0.000000  1.557374 -0.022322 0.002158
64  -3.577671 -7.764675 -1.186109  1.437299 -0.306665 0.036598
65  0.048105 -2.944859 0.933263  0.000000 0.000000 0.000000
66  0.048105 -1.112260 5.803838  0.000000 0.000000 0.000000
67  -1.140611 -0.098565 1.093604  0.000000 0.000000 0.000000
68  0.217551 -1.673973 20.274757  0.000000 0.000000 0.000000
69  0.217545 -3.706013 2.941692  0.000000 0.000000 0.000000
70  0.048105 -1.885239 -0.022553  0.000000 0.000000 0.000000
71  -0.082569 -1.959166 -0.004310  0.000000 0.000000 0.000000
72  0.217545 -3.788155 3.509796  0.000000 0.000000 0.000000
73  2.401384 -19.159578 -6.593430  2.235548 -1.185221 -0.008813
74  0.017810 1.009272 -0.369181  -0.000000 -0.000000 0.000000
75  1.988812 -27.480103 -5.334445  -0.160294 -0.173654 0.776581
76  0.088236 2.028861 -0.387792  0.000000 0.000000 -0.000000
77  0.089165 1.580734 -0.409890  0.000000 0.000000 -0.000000
78  -0.263817 1.788473 -0.409404  0.000000 0.000000 -0.000000
79  -0.263817 1.287954 -0.409404  0.000000 0.000000 -0.000000
80  -2.631065 -20.849922 -2.653271  1.437299 -0.306665 0.036598
81  0.017810 0.973331 -8.485498  0.000000 0.000000 0.000000
82  -2.631065 -20.849922 -2.653271  1.437299 -0.306665 0.036598
83  0.088237 1.202834 -8.470930  0.000000 0.000000 0.000000
84  -0.263817 0.962445 -8.492541  0.000000 0.000000 0.000000
time 21
0  0.000006 0.000000 0.000000  -1.570800 -1.391899 -1.570792
1  -10.372162 3.583255 0.325221  -1.544956 -1.855077 -0.198630
2  6.027516 -0.000334 0.000193  -2.189083 -0.655402 0.646056
3  11.692104 0.000644 -0.000740  -0.474055 -0.000036 -1.673026
4  11.479169 -0.000583 -0.001127  1.596860 0.130837 0.676830
5  3.859504 -0.142823 -1.192079  -0.237071 0.235706 -1.255760
6  1.312590 0.000009 0.000008  0.007254 -0.016651 -0.329013
7  0.729355 0.000052 0.000050  0.005624 0.004096 -1.580173
8  3.942142 0.046331 -0.431542  -0.069253 0.012608 -1.265379
9  1.539111 0.000084 0.000004  0.016739 -0.034429 -0.623709
10  1.196334 0.000146 0.000028  0.004884 -0.003807 -1.017653
11  3.883511 -0.047212 0.431351  0.017214 -0.093096 -1.085675
12  1.719571 -0.000029 0.000017  -0.004471 -0.133470 -1.149732
13  1.209178 0.000092 0.000012  0.014250 0.003723 -0.485534
14  4.078841 -0.347557 1.468420  0.202793 -0.343991 -0.950166
15  1.719448 -0.000019 0.000030  -0.069364 -0.045061 -1.089863
16  1.099676 0.000049 0.000006  0.071907 -0.045813 -1.260462
17  0.619599 -0.253835 1.439134  -1.163738 -0.325678 -1.093638
18  1.789819 -0.000004 -0.000018  0.032123 -0.242185 -0.481551
19  1.207015 -0.000014 -0.000043  0.015175 -0.013045 1.993386
20  5.740635 0.000390 -0.000699  -0.044896 0.000003 0.000063
21  11.480844 0.000064 -0.000881  -0.005329 0.047506 0.124538
22  6.027524 -0.000329 0.000200  -0.657084 -3.075331 -0.873811
23  0.000001 11.692099 -0.000009  -1.131249 -0.574457 -0.871004
24  0.000004 0.000008 -0.000000  0.395051 -0.000031 1.570739
25  -0.000000 -0.000011 -0.000000  0.868960 0.000002 1.570712
26  -6.617934 -9.178503 0.826812  1.473120 1.855075 -0.198639
27  6.027516 -0.000259 -0.000222  1.467355 0.766907 -0.931215
28  11.691992 0.000162 0.000857  0.570182 0.000068 -1.778739
29  11.479870 -0.000124 0.001058  -1.445181 0.701101 0.472999
30  3.859437 -0.132758 1.193065  0.466149 -0.051827 -1.783911
31  1.312560 0.000027 -0.000001  -0.013963 -0.041043 -0.156446
32  0.729346 0.000064 -0.000028  -0.128320 -0.117290 -0.954858
33  3.942047 0.050139 0.431001  0.211502 -0.107596 -1.469110
34  1.539097 0.000005 -0.000002  0.040711 -0.054386 -1.030473
35  1.196301 0.000078 -0.000004  -0.249391 -0.043040 -0.795119
36  3.883413 -0.050472 -0.431084  0.186408 -0.271796 -1.212173
37  1.719564 -0.000085 -0.000004  0.020973 -0.107650 -1.483531
38  1.209197 0.000035 0.000011  -0.324719 0.069673 -0.493483
39  3.859588 -0.149082 -1.331321  -0.166408 -0.090222 -0.231266
40  1.719412 -0.000097 -0.000036  -0.037675 -0.032189 -0.013102
41  1.099675 0.000023 0.000007  -0.003986 -0.002989 0.312654
42  0.805983 -0.359848 -1.318338  0.991606 0.179794 -0.796155
43  1.789779 -0.000008 -0.000042  -0.000210 0.002902 0.007724
44  1.206996 -0.000007 0.000005  -0.000222 -0.000106 0.820981
45  5.740574 0.000080 0.000720  0.098583 -0.000014 0.000028
46  11.480919 0.000050 0.000955  -0.004438 0.121372 0.071977
47  6.027515 -0.000273 -0.000230  -0.947437 -0.545951 -1.876661
48  -0.000002 11.691974 -0.000005  -1.193147 0.637048 0.904031
49  0.000003 -0.000001 -0.000001  2.842710 -0.000036 1.570860
50  -0.000006 -0.000013 0.000005  2.272645 -0.000036 1.570861
51  -3.111372 -4.294133 -7.071332  0.294804 -2.903609 1.416353
52  0.000000 -0.000000 -0.000000  0.008153 -0.000259 0.000009
53  -0.000000 0.000000 0.000000  1.565115 0.043565 -0.106862
54  6.163822 -15.539378 -5.470847  1.283464 -0.056253 -1.841739
55  0.000001 -0.000000 0.000001  0.000000 -0.000001 -0.000002
56  0.000031 0.000029 0.000002  -1.571901 -0.044449 -0.106509
57  29.271580 -17.409485 -5.595580  1.570796 -0.000000 0.000000
58  -11.972719 3.400230 -24.358553  1.570796 -0.000000 0.000000
59  0.329533 -1.680771 -10.845478  1.570796 -0.000000 0.000000
60  -0.004311 0.001229 -0.000371  0.006898 -0.005534 -0.284229
61  0.826810 10.209643 -4.879054  1.570796 -0.000000 0.000000
62  0.000000 0.000000 0.000000  -0.078727 -3.136056 0.284226
63  0.000000 0.000000 0.000000  1.560134 -0.023944 -0.000969
64  -3.747128 -7.730749 -1.264735  1.422197 -0.348258 0.048616
65  0.048106 -2.944859 0.933263  0.000000 0.000000 -0.000000
66  0.048105 -1.112260 5.803837  0.000000 0.000000 -0.000000
67  -1.140610 -0.098564 1.093602  0.000000 0.000000 -0.000000
68  0.217551 -1.673973 20.274757  0.000000 0.000000 -0.000000
69  0.217546 -3.706013 2.941691  0.000000 0.000000 -0.000000
70  0.048106 -1.885239 -0.022554  0.000000 0.000000 -0.000000
71  -0.082569 -1.959166 -0.004310  0.000000 0.000000 -0.000000
72  0.217546 -3.788155 3.509795  0.000000 0.000000 -0.000000
73  1.961081 -18.076246 -5.992131  1.780936 -1.212669 0.273520
74  0.017809 1.009273 -0.369180  -0.000000 -0.000000 -0.000000
75  2.424851 -28.702927 -6.902695  -0.362600 -0.169511 0.874360
76  0.088236 2.028858 -0.387791  0.000000 0.000000 0.000000
77  0.089167 1.580731 -0.409890  0.000000 0.000000 0.000000
78  -0.263817 1.788471 -0.409404  0.000000 0.000000 0.000000
79  -0.263815 1.287952 -0.409403  0.000000 0.000000 0.000000
80  -2.649292 -20.825748 -2.524924  1.422197 -0.348258 0.048616
81  0.017809 0.973330 -8.485497  0.000000 0.000000 -0.000000
82  -2.649292 -20.825748 -2.524924  1.422197 -0.348258 0.048616
83  0.088237 1.202834 -8.470931  0.000000 0.000000 -0.000000
84  -0.263817 0.962445 -8.492542  0.000000 0.000000 -0.000000
time 22
0  0.000006 0.000000 0.000000  -1.570800 -1.391899 -1.570792
1  -10.338738 3.768086 0.237213  -1.544956 -1.855077 -0.198630
2  6.027517 -0.000336 0.000193  -2.237504 -0.645190 0.653545
3  11.692106 0.000644 -0.000738  -0.338822 -0.000038 -1.702550
4  11.478973 -0.000819 -0.001071  1.532240 0.096015 0.435269
5  3.859503 -0.142823 -1.192079  -0.237071 0.235706 -1.255760
6  1.312591 0.000012 0.000008  0.007254 -0.016651 -0.329013
7  0.729355 0.000052 0.000050  0.005624 0.004096 -1.580173
8  3.942141 0.046331 -0.431543  -0.069253 0.012608 -1.265379
9  1.539109 0.000083 0.000004  0.016739 -0.034429 -0.623709
10  1.196333 0.000145 0.000028  0.004884 -0.003807 -1.017653
11  3.883512 -0.047212 0.431350  0.017214 -0.093096 -1.085675
12  1.719573 -0.000028 0.000018  -0.004471 -0.133470 -1.149732
13  1.209181 0.000089 0.000011  0.014250 0.003723 -0.485534
14  4.078842 -0.347556 1.468419  0.202793 -0.343991 -0.950166
15  1.719448 -0.000018 0.000030  -0.069364 -0.045061 -1.089863
16  1.099675 0.000048 0.000005  0.071907 -0.045813 -1.260461
17  0.619599 -0.253835 1.439134  -1.163738 -0.325678 -1.093638
18  1.789819 -0.000004 -0.000018  0.032123 -0.242185 -0.481551
19  1.207015 -0.000015 -0.000044  0.015175 -0.013045 1.993386
20  5.740635 0.000388 -0.000700  -0.041744 0.000003 0.000064
21  11.480805 0.000014 -0.000869  -0.012018 0.038327 0.076458
22  6.027524 -0.000331 0.000200  -0.645482 -3.113477 -0.896189
23  0.000000 11.692098 -0.000008  -1.148546 -0.591775 -0.880540
24  0.000005 0.000008 0.000000  0.530284 -0.000031 1.570739
25  -0.000001 -0.000011 -0.000000  0.868960 0.000002 1.570712
26  -6.617934 -9.178503 0.826812  1.473120 1.855075 -0.198639
27  6.027516 -0.000259 -0.000222  1.451366 0.759682 -0.971482
28  11.691989 0.000160 0.000858  0.597177 0.000067 -1.760641
29  11.480031 -0.000009 0.001002  -1.475627 0.694936 0.383308
30  3.859437 -0.132759 1.193065  0.466149 -0.051827 -1.783911
31  1.312559 0.000025 -0.000001  -0.013963 -0.041043 -0.156446
32  0.729345 0.000065 -0.000028  -0.128320 -0.117290 -0.954858
33  3.942046 0.050139 0.431000  0.211502 -0.107596 -1.469110
34  1.539097 0.000005 -0.000002  0.040711 -0.054386 -1.030473
35  1.196301 0.000078 -0.000003  -0.249391 -0.043040 -0.795119
36  3.883414 -0.050472 -0.431084  0.186408 -0.271796 -1.212173
37  1.719563 -0.000085 -0.000004  0.020973 -0.107650 -1.483531
38  1.209197 0.000035 0.000010  -0.324719 0.069673 -0.493483
39  3.859588 -0.149082 -1.331321  -0.166408 -0.090222 -0.231266
40  1.719412 -0.000098 -0.000036  -0.037675 -0.032189 -0.013102
41  1.099673 0.000024 0.000007  -0.003986 -0.002989 0.312654
42  0.805983 -0.359847 -1.318338  0.991601 0.181555 -0.795698
43  1.789780 -0.000009 -0.000043  -0.000298 0.003621 -0.009196
44  1.206997 -0.000007 0.000006  -0.000300 -0.000121 0.789352
45  5.740574 0.000079 0.000721  0.091321 -0.000014 0.000028
46  11.480951 0.000071 0.000946  -0.005268 0.119008 0.057082
47  6.027515 -0.000273 -0.000230  -0.948593 -0.559542 -1.905267
48  -0.000001 11.691974 -0.000005  -1.182520 0.626211 0.898621
49  0.000003 0.000001 -0.000000  2.869705 -0.000036 1.570860
50  -0.000007 -0.000014 0.000005  2.272645 -0.000036 1.570861
51  -3.030854 -4.437521 -7.308043  0.362676 -2.879894 1.415100
52  -0.000000 0.000000 -0.000000  0.008153 -0.000259 0.000009
53  0.000000 -0.000000 0.000000  1.565115 0.043565 -0.106862
54  5.958873 -15.208445 -5.045036  1.400195 -0.251664 -2.072757
55  -0.000002 0.000000 0.000000  0.000000 -0.000001 -0.000002
56  0.000029 0.000029 0.000001  -1.571901 -0.044449 -0.106509
57  28.303928 -17.444920 -5.406168  1.570796 -0.000000 0.000000
58  -11.218042 3.401009 -24.247417  1.570796 -0.000000 0.000000
59  0.241525 -1.868600 -10.845478  1.570796 -0.000000 0.000000
60  -0.004311 0.001229 -0.000371  0.006898 -0.005534 -0.284229
61  0.826810 10.209643 -4.879054  1.570796 -0.000000 0.000000
62  0.000000 0.000000 0.000000  -0.078727 -3.136056 0.284226
63  0.000000 0.000000 0.000000  1.563717 -0.025690 -0.005122
64  -3.972796 -7.690257 -1.437479  1.381944 -0.407316 0.079009
65  0.048106 -2.944859 0.933262  -0.000000 0.000000 0.000000
66  0.048105 -1.112260 5.803837  -0.000000 0.000000 0.000000
67  -1.140610 -0.098565 1.093604  -0.000000 0.000000 0.000000
68  0.217551 -1.673974 20.274757  -0.000000 0.000000 0.000000
69  0.217546 -3.706013 2.941690  -0.000000 0.000000 0.000000
70  0.048106 -1.885240 -0.022554  -0.000000 0.000000 0.000000
71  -0.082569 -1.959166 -0.004310  -0.000000 0.000000 0.000000
72  0.217546 -3.788155 3.509794  -0.000000 0.000000 0.000000
73  1.318192 -16.880869 -5.238803  1.204096 -1.145868 0.596114
74  0.017810 1.009272 -0.369182  0.000000 -0.000000 -0.000000
75  2.782769 -29.673092 -8.788742  -0.644256 -0.105869 0.986714
76  0.088237 2.028858 -0.387793  0.000000 -0.000000 0.000000
77  0.089165 1.580731 -0.409892  0.000000 -0.000000 0.000000
78  -0.263817 1.788469 -0.409404  0.000000 -0.000000 0.000000
79  -0.263817 1.287950 -0.409406  0.000000 -0.000000 0.000000
80  -2.609911 -20.799816 -2.182050  1.381944 -0.407316 0.079009
81  0.017810 0.973331 -8.485498  -0.000000 0.000000 0.000000
82  -2.609911 -20.799816 -2.182050  1.381944 -0.407316 0.079009
83  0.088237 1.202834 -8.470931  -0.000000 0.000000 0.000000
84  -0.263817 0.962446 -8.492542  -0.000000 0.000000 0.000000
time 23
0  0.000006 0.000000 0.000000  -1.570800 -1.391899 -1.570792
1  -10.297150 3.998076 0.143363  -1.544956 -1.855077 -0.198630
2  6.027518 -0.000337 0.000193  -2.293684 -0.665336 0.693258
3  11.692106 0.000643 -0.000737  -0.181628 -0.000038 -1.694517
4  11.479030 -0.000955 -0.000925  1.419858 -0.008634 0.174457
5  3.859504 -0.142823 -1.192082  -0.237071 0.235706 -1.255760
6  1.312592 0.000011 0.000008  0.007254 -0.016651 -0.329013
7  0.729356 0.000053 0.000050  0.005624 0.004096 -1.580173
8  3.942141 0.046330 -0.431545  -0.069253 0.012608 -1.265379
9  1.539111 0.000083 0.000002  0.016739 -0.034429 -0.623709
10  1.196332 0.000148 0.000027  0.004884 -0.003807 -1.017653
11  3.883511 -0.047212 0.431349  0.017214 -0.093096 -1.085675
12  1.719573 -0.000028 0.000018  -0.004471 -0.133470 -1.149732
13  1.209179 0.000089 0.000010  0.014250 0.003723 -0.485534
14  4.078842 -0.347558 1.468417  0.202793 -0.343991 -0.950166
15  1.719448 -0.000019 0.000029  -0.069364 -0.045061 -1.089863
16  1.099675 0.000049 0.000008  0.071907 -0.045813 -1.260462
17  0.619599 -0.253836 1.439132  -1.163738 -0.325678 -1.093638
18  1.789819 -0.000004 -0.000018  0.032123 -0.242185 -0.481551
19  1.207015 -0.000013 -0.000044  0.015175 -0.013045 1.993386
20  5.740637 0.000388 -0.000700  -0.038716 0.000003 0.000064
21  11.480819 -0.000014 -0.000840  -0.028192 0.016593 0.022782
22  6.027524 -0.000331 0.000200  -0.665443 3.125084 -0.890601
23  -0.000001 11.692099 -0.000006  -1.143839 -0.587050 -0.877972
24  0.000004 0.000011 0.000001  0.687476 -0.000030 1.570739
25  -0.000001 -0.000011 -0.000000  0.868960 0.000002 1.570712
26  -6.617934 -9.178503 0.826812  1.473120 1.855075 -0.198639
27  6.027517 -0.000259 -0.000223  1.433235 0.752213 -1.016716
28  11.691990 0.000162 0.000857  0.624841 0.000065 -1.731956
29  11.480291 0.000159 0.000902  -1.506400 0.671921 0.269634
30  3.859437 -0.132758 1.193066  0.466149 -0.051827 -1.783911
31  1.312559 0.000026 -0.000000  -0.013963 -0.041043 -0.156446
32  0.729346 0.000065 -0.000028  -0.128320 -0.117290 -0.954858
33  3.942046 0.050139 0.431000  0.211502 -0.107596 -1.469110
34  1.539097 0.000006 -0.000001  0.040711 -0.054386 -1.030473
35  1.196300 0.000078 -0.000004  -0.249391 -0.043040 -0.795119
36  3.883414 -0.050473 -0.431084  0.186408 -0.271796 -1.212173
37  1.719564 -0.000084 -0.000005  0.020973 -0.107650 -1.483531
38  1.209197 0.000036 0.000011  -0.324719 0.069674 -0.493483
39  3.859589 -0.149082 -1.331321  -0.166408 -0.090222 -0.231266
40  1.719413 -0.000098 -0.000035  -0.037675 -0.032189 -0.013102
41  1.099674 0.000024 0.000008  -0.003986 -0.002989 0.312654
42  0.805984 -0.359848 -1.318338  0.991599 0.182638 -0.795418
43  1.789780 -0.000008 -0.000042  -0.000357 0.004061 -0.019596
44  1.206997 -0.000007 0.000005  -0.000347 -0.000132 0.769982
45  5.740573 0.000079 0.000722  0.083654 -0.000014 0.000028
46  11.481002 0.000106 0.000926  -0.004683 0.113582 0.037726
47  6.027515 -0.000273 -0.000230  -0.950900 -0.574576 -1.936824
48  -0.000002 11.691975 -0.000005  -1.165696 0.609130 0.889844
49  0.000004 -0.000001 -0.000001  2.897370 -0.000036 1.570860
50  -0.000007 -0.000013 0.000005  2.272645 -0.000036 1.570861
51  -2.925328 -4.661650 -7.626593  0.445725 -2.844189 1.413262
52  -0.000000 0.000000 0.000000  0.008153 -0.000259 0.000009
53  0.000000 -0.000000 0.000000  1.565115 0.043565 -0.106862
54  5.415039 -15.235710 -4.570588  1.563780 -0.428038 -2.378458
55  0.000001 -0.000000 -0.000001  0.000000 -0.000001 -0.000002
56  0.000030 0.000029 0.000001  -1.571901 -0.044449 -0.106509
57  27.038286 -17.472698 -5.158427  1.570796 -0.000000 0.000000
58  -10.400095 3.402086 -24.130800  1.570796 -0.000000 0.000000
59  0.147675 -2.102320 -10.845478  1.570796 -0.000000 0.000000
60  -0.004311 0.001229 -0.000371  0.006898 -0.005534 -0.284229
61  0.826810 10.209643 -4.879054  1.570796 -0.000000 0.000000
62  0.000000 0.000000 0.000000  -0.078727 -3.136056 0.284226
63  0.000000 0.000000 0.000000  1.567291 -0.027077 -0.009978
64  -4.234343 -7.656331 -1.689469  1.321181 -0.475356 0.126078
65  0.048106 -2.944859 0.933263  0.000000 -0.000000 0.000000
66  0.048106 -1.112260 5.803836  0.000000 -0.000000 0.000000
67  -1.140610 -0.098564 1.093602  0.000000 -0.000000 0.000000
68  0.217552 -1.673974 20.274757  0.000000 -0.000000 0.000000
69  0.217546 -3.706013 2.941689  0.000000 -0.000000 0.000000
70  0.048106 -1.885240 -0.022554  0.000000 -0.000000 0.000000
71  -0.082569 -1.959166 -0.004310  0.000000 -0.000000 0.000000
72  0.217546 -3.788155 3.509794  0.000000 -0.000000 0.000000
73  0.503012 -15.727978 -4.582395  0.789457 -1.013174 0.712818
74  0.017809 1.009273 -0.369182  0.000000 -0.000000 0.000000
75  3.058993 -30.415588 -10.939683  -0.979315 0.024321 1.078969
76  0.088238 2.028859 -0.387793  0.000000 0.000000 0.000000
77  0.089168 1.580731 -0.409891  0.000000 0.000000 0.000000
78  -0.263814 1.788471 -0.409405  0.000000 0.000000 0.000000
79  -0.263813 1.287951 -0.409405  0.000000 0.000000 0.000000
80  -2.567476 -20.751894 -1.697546  1.321181 -0.475356 0.126078
81  0.017810 0.973331 -8.485499  0.000000 -0.000000 0.000000
82  -2.567476 -20.751894 -1.697546  1.321181 -0.475356 0.126078
83  0.088237 1.202834 -8.470931  0.000000 -0.000000 0.000000
84  -0.263816 0.962445 -8.492543  0.000000 -0.000000 0.000000
time 24
0  0.000006 0.000000 0.000000  -1.570800 -1.391899 -1.570792
1  -10.249177 4.263366 0.047209  -1.544956 -1.855077 -0.198630
2  6.027519 -0.000339 0.000193  -2.358402 -0.707221 0.765450
3  11.692108 0.000645 -0.000740  -0.041090 -0.000035 -1.668918
4  11.479198 -0.000991 -0.000777  1.302310 -0.166192 0.004088
5  3.859503 -0.142823 -1.192081  -0.237071 0.235706 -1.255760
6  1.312590 0.000009 0.000006  0.007254 -0.016651 -0.329013
7  0.729354 0.000054 0.000051  0.005624 0.004096 -1.580173
8  3.942140 0.046331 -0.431543  -0.069253 0.012608 -1.265379
9  1.539111 0.000084 0.000004  0.016739 -0.034429 -0.623709
10  1.196332 0.000146 0.000028  0.004884 -0.003807 -1.017653
11  3.883510 -0.047213 0.431349  0.017215 -0.093096 -1.085675
12  1.719574 -0.000028 0.000016  -0.004471 -0.133470 -1.149732
13  1.209179 0.000090 0.000010  0.014250 0.003723 -0.485534
14  4.078840 -0.347557 1.468417  0.202793 -0.343991 -0.950166
15  1.719448 -0.000018 0.000029  -0.069364 -0.045061 -1.089863
16  1.099675 0.000048 0.000007  0.071907 -0.045813 -1.260462
17  0.619599 -0.253835 1.439132  -1.163738 -0.325678 -1.093638
18  1.789819 -0.000005 -0.000017  0.032123 -0.242185 -0.481551
19  1.207016 -0.000014 -0.000044  0.015175 -0.013045 1.993386
20  5.740636 0.000390 -0.000699  -0.040887 0.000003 0.000063
21  11.480850 -0.000021 -0.000809  -0.049063 -0.013404 -0.016197
22  6.027525 -0.000333 0.000200  -0.709042 3.076483 -0.861215
23  0.000000 11.692101 -0.000008  -1.128842 -0.572059 -0.869657
24  0.000004 0.000008 0.000000  0.828015 -0.000031 1.570739
25  -0.000000 -0.000011 -0.000000  0.868960 0.000002 1.570712
26  -6.617934 -9.178503 0.826812  1.473120 1.855075 -0.198639
27  6.027517 -0.000259 -0.000223  1.416069 0.746641 -1.064927
28  11.691991 0.000162 0.000857  0.651676 0.000062 -1.695751
29  11.480623 0.000367 0.000755  -1.531375 0.632513 0.151929
30  3.859437 -0.132759 1.193065  0.466149 -0.051827 -1.783911
31  1.312559 0.000026 -0.000001  -0.013963 -0.041043 -0.156446
32  0.729346 0.000064 -0.000028  -0.128320 -0.117290 -0.954858
33  3.942047 0.050138 0.431000  0.211502 -0.107596 -1.469110
34  1.539096 0.000007 -0.000001  0.040711 -0.054386 -1.030473
35  1.196301 0.000078 -0.000004  -0.249391 -0.043040 -0.795119
36  3.883413 -0.050473 -0.431084  0.186408 -0.271796 -1.212173
37  1.719564 -0.000083 -0.000005  0.020973 -0.107650 -1.483531
38  1.209198 0.000035 0.000011  -0.324719 0.069673 -0.493483
39  3.859588 -0.149082 -1.331321  -0.166408 -0.090222 -0.231266
40  1.719413 -0.000098 -0.000036  -0.037675 -0.032189 -0.013102
41  1.099673 0.000024 0.000007  -0.003986 -0.002989 0.312654
42  0.805983 -0.359848 -1.318338  0.991598 0.182998 -0.795324
43  1.789780 -0.000009 -0.000042  -0.000378 0.004208 -0.023050
44  1.206997 -0.000007 0.000005  -0.000363 -0.000135 0.763560
45  5.740571 0.000079 0.000721  0.076817 -0.000014 0.000028
46  11.481067 0.000147 0.000896  -0.003090 0.105287 0.017034
47  6.027515 -0.000273 -0.000230  -0.954814 -0.587928 -1.971192
48  -0.000001 11.691974 -0.000006  -1.144483 0.587747 0.878420
49  0.000004 -0.000001 0.000000  2.924204 -0.000036 1.570860
50  -0.000006 -0.000012 0.000005  2.272645 -0.000036 1.570861
51  -2.804918 -4.938230 -7.969731  -2.605445 -0.339163 -1.732641
52  0.000000 0.000001 -0.000000  0.008153 -0.000259 0.000009
53  -0.000000 -0.000000 -0.000000  1.565115 0.043565 -0.106862
54  4.469538 -15.430908 -4.131664  -1.417459 -2.600496 0.458367
55  -0.000001 0.000000 0.000002  0.000000 -0.000001 -0.000002
56  0.000029 0.000030 0.000003  -1.571902 -0.044449 -0.106509
57  25.604519 -17.492714 -4.877777  1.570796 -0.000000 0.000000
58  -9.548334 3.403502 -24.014181  1.570796 -0.000000 0.000000
59  0.051521 -2.371912 -10.845478  1.570796 -0.000000 0.000000
60  -0.004311 0.001229 -0.000371  0.006898 -0.005534 -0.284229
61  0.826810 10.209643 -4.879054  1.570796 -0.000000 0.000000
62  0.000000 0.000000 0.000000  -0.078727 -3.136056 0.284226
63  0.000000 0.000000 0.000000  1.570021 -0.027635 -0.015210
64  -4.511435 -7.642104 -1.994118  1.245150 -0.544035 0.187219
65  0.048106 -2.944859 0.933262  -0.000000 0.000000 0.000000
66  0.048105 -1.112260 5.803836  -0.000000 0.000000 0.000000
67  -1.140610 -0.098565 1.093603  -0.000000 0.000000 0.000000
68  0.217551 -1.673974 20.274757  -0.000000 0.000000 0.000000
69  0.217546 -3.706013 2.941690  -0.000000 0.000000 0.000000
70  0.048106 -1.885240 -0.022554  -0.000000 0.000000 0.000000
71  -0.082569 -1.959166 -0.004310  -0.000000 0.000000 0.000000
72  0.217546 -3.788155 3.509794  -0.000000 0.000000 0.000000
73  -0.425201 -14.789696 -4.102618  0.561320 -0.888641 0.669314
74  0.017810 1.009274 -0.369182  0.000000 -0.000000 -0.000000
75  3.254426 -30.952185 -13.312159  -1.337632 0.199197 1.112992
76  0.088236 2.028861 -0.387792  -0.000000 -0.000000 -0.000000
77  0.089166 1.580733 -0.409890  -0.000000 -0.000000 -0.000000
78  -0.263818 1.788471 -0.409403  -0.000000 -0.000000 -0.000000
79  -0.263819 1.287953 -0.409404  -0.000000 -0.000000 -0.000000
80  -2.563878 -20.671154 -1.143703  1.245150 -0.544035 0.187219
81  0.017810 0.973330 -8.485498  -0.000000 0.000000 0.000000
82  -2.563878 -20.671154 -1.143703  1.245150 -0.544035 0.187219
83  0.088237 1.202834 -8.470931  -0.000000 0.000000 0.000000
84  -0.263817 0.962445 -8.492542  -0.000000 0.000000 0.000000
time 25
0  0.000006 0.000000 0.000000  -1.570800 -1.391899 -1.570792
1  -10.198263 4.544924 -0.045784  -1.544956 -1.855077 -0.198630
2  6.027519 -0.000336 0.000192  -2.411224 -0.746762 0.842996
3  11.692107 0.000644 -0.000737  0.051459 -0.000036 -1.654153
4  11.479299 -0.001010 -0.000687  1.182800 -0.308525 -0.009270
5  3.859503 -0.142823 -1.192079  -0.237071 0.235706 -1.255760
6  1.312589 0.000011 0.000008  0.007254 -0.016651 -0.329013
7  0.729355 0.000054 0.000048  0.005624 0.004096 -1.580173
8  3.942140 0.046331 -0.431544  -0.069253 0.012608 -1.265379
9  1.539111 0.000083 0.000005  0.016739 -0.034429 -0.623709
10  1.196333 0.000145 0.000028  0.004884 -0.003807 -1.017653
11  3.883510 -0.047212 0.431351  0.017215 -0.093096 -1.085675
12  1.719573 -0.000028 0.000017  -0.004471 -0.133470 -1.149732
13  1.209179 0.000090 0.000013  0.014250 0.003723 -0.485534
14  4.078841 -0.347557 1.468419  0.202793 -0.343991 -0.950166
15  1.719448 -0.000018 0.000028  -0.069364 -0.045061 -1.089863
16  1.099675 0.000049 0.000005  0.071907 -0.045813 -1.260461
17  0.619598 -0.253836 1.439134  -1.163738 -0.325678 -1.093638
18  1.789819 -0.000001 -0.000018  0.032123 -0.242185 -0.481551
19  1.207014 -0.000011 -0.000044  0.015175 -0.013045 1.993386
20  5.740636 0.000387 -0.000699  -0.054387 0.000003 0.000063
21  11.480870 -0.000026 -0.000790  -0.071098 -0.042048 -0.026334
22  6.027525 -0.000329 0.000200  -0.751570 3.040090 -0.822328
23  0.000001 11.692100 -0.000005  -1.120188 -0.563461 -0.864779
24  0.000003 0.000007 0.000000  0.920563 -0.000031 1.570739
25  0.000000 -0.000011 0.000000  0.868960 0.000002 1.570712
26  -6.617934 -9.178503 0.826812  1.473120 1.855075 -0.198639
27  6.027518 -0.000259 -0.000223  1.401890 0.743292 -1.114148
28  11.691991 0.000162 0.000857  0.676287 0.000059 -1.656512
29  11.479140 -0.000277 0.001279  -1.546945 0.581241 0.045908
30  3.859438 -0.132759 1.193065  0.466149 -0.051827 -1.783911
31  1.312559 0.000025 -0.000000  -0.013963 -0.041043 -0.156446
32  0.729345 0.000065 -0.000027  -0.128320 -0.117290 -0.954858
33  3.942046 0.050139 0.431000  0.211502 -0.107596 -1.469110
34  1.539097 0.000007 -0.000000  0.040711 -0.054386 -1.030473
35  1.196301 0.000078 -0.000004  -0.249391 -0.043040 -0.795119
36  3.883414 -0.050472 -0.431085  0.186408 -0.271796 -1.212173
37  1.719563 -0.000085 -0.000004  0.020973 -0.107650 -1.483531
38  1.209197 0.000035 0.000011  -0.324719 0.069673 -0.493483
39  3.859588 -0.149082 -1.331321  -0.166408 -0.090222 -0.231266
40  1.719411 -0.000098 -0.000036  -0.037675 -0.032189 -0.013102
41  1.099674 0.000023 0.000005  -0.003986 -0.002989 0.312654
42  0.805983 -0.359848 -1.318339  0.991600 0.181995 -0.795584
43  1.789780 -0.000008 -0.000042  -0.000321 0.003800 -0.013423
44  1.206996 -0.000007 0.000005  -0.000319 -0.000125 0.781471
45  5.740572 0.000081 0.000722  0.071253 -0.000014 0.000028
46  11.480773 0.000019 0.001002  -0.000958 0.094912 -0.002346
47  6.027515 -0.000273 -0.000230  -0.959463 -0.598175 -2.008202
48  -0.000002 11.691975 -0.000006  -1.121495 0.564804 0.865613
49  0.000003 0.000000 -0.000001  2.948816 -0.000036 1.570860
50  -0.000007 -0.000013 0.000005  2.272645 -0.000036 1.570861
51  -2.683543 -5.228645 -8.296954  -2.515199 -0.381240 -1.739898
52  0.000000 0.000000 -0.000000  0.008153 -0.000259 0.000009
53  -0.000000 -0.000000 -0.000000  1.565115 0.043565 -0.106862
54  3.413671 -15.611698 -3.947376  -1.354031 -2.520606 0.280517
55  -0.000000 -0.000000 -0.000001  0.000000 -0.000001 -0.000002
56  0.000030 0.000028 -0.000000  -1.571901 -0.044449 -0.106509
57  24.170753 -17.505665 -4.597126  1.570796 -0.000000 0.000000
58  -8.693600 3.405280 -23.903046  1.570796 -0.000000 0.000000
59  -0.041472 -2.658037 -10.845478  1.570796 -0.000000 0.000000
60  -0.004311 0.001229 -0.000371  0.006898 -0.005534 -0.284229
61  0.826810 10.209643 -4.879054  1.570796 -0.000000 0.000000
62  0.000000 0.000000 0.000000  -0.078727 -3.136056 0.284226
63  0.000000 0.000000 0.000000  1.571308 -0.026069 -0.020489
64  -4.783741 -7.648173 -2.324841  1.160691 -0.606351 0.257784
65  0.048106 -2.944859 0.933262  0.000000 -0.000000 -0.000000
66  0.048105 -1.112259 5.803836  0.000000 -0.000000 -0.000000
67  -1.140611 -0.098564 1.093603  0.000000 -0.000000 -0.000000
68  0.217551 -1.673972 20.274757  0.000000 -0.000000 -0.000000
69  0.217546 -3.706012 2.941689  0.000000 -0.000000 -0.000000
70  0.048105 -1.885239 -0.022554  0.000000 -0.000000 -0.000000
71  -0.082569 -1.959166 -0.004310  0.000000 -0.000000 -0.000000
72  0.217546 -3.788155 3.509795  0.000000 -0.000000 -0.000000
73  -1.332196 -14.270282 -3.728645  0.513272 -0.798239 0.562245
74  0.017809 1.009273 -0.369180  0.000000 -0.000000 -0.000000
75  3.374921 -31.302095 -15.868377  -1.695667 0.370958 1.072459
76  0.088235 2.028857 -0.387794  0.000000 0.000000 0.000000
77  0.089165 1.580731 -0.409891  0.000000 0.000000 0.000000
78  -0.263815 1.788469 -0.409404  0.000000 0.000000 0.000000
79  -0.263818 1.287949 -0.409406  0.000000 0.000000 0.000000
80  -2.615934 -20.555229 -0.598321  1.160691 -0.606351 0.257784
81  0.017810 0.973331 -8.485498  0.000000 -0.000000 -0.000000
82  -2.615934 -20.555229 -0.598321  1.160691 -0.606351 0.257784
83  0.088237 1.202834 -8.470930  0.000000 -0.000000 -0.000000
84  -0.263817 0.962445 -8.492541  0.000000 -0.000000 -0.000000
time 26
0  0.000006 0.000000 0.000000  -1.570800 -1.391899 -1.570792
1  -10.149236 4.816047 -0.128994  -1.544956 -1.855077 -0.198630
2  6.027520 -0.000338 0.000192  -2.450575 -0.761948 0.892230
3  11.692107 0.000644 -0.000739  0.082711 -0.000035 -1.654980
4  11.479295 -0.001031 -0.000650  1.111114 -0.372577 0.040161
5  3.859503 -0.142822 -1.192081  -0.237071 0.235706 -1.255760
6  1.312589 0.000010 0.000007  0.007254 -0.016651 -0.329013
7  0.729355 0.000054 0.000049  0.005624 0.004096 -1.580173
8  3.942140 0.046332 -0.431543  -0.069253 0.012608 -1.265379
9  1.539110 0.000083 0.000004  0.016739 -0.034429 -0.623709
10  1.196332 0.000145 0.000027  0.004884 -0.003807 -1.017653
11  3.883510 -0.047211 0.431350  0.017215 -0.093096 -1.085675
12  1.719574 -0.000028 0.000017  -0.004471 -0.133470 -1.149732
13  1.209179 0.000090 0.000012  0.014250 0.003723 -0.485534
14  4.078841 -0.347556 1.468418  0.202793 -0.343991 -0.950166
15  1.719448 -0.000019 0.000029  -0.069364 -0.045061 -1.089863
16  1.099675 0.000049 0.000006  0.071907 -0.045813 -1.260461
17  0.619599 -0.253834 1.439134  -1.163738 -0.325678 -1.093638
18  1.789819 -0.000003 -0.000017  0.032123 -0.242185 -0.481551
19  1.207014 -0.000014 -0.000044  0.015175 -0.013045 1.993386
20  5.740637 0.000388 -0.000699  -0.064569 0.000003 0.000063
21  11.480869 -0.000029 -0.000783  -0.082945 -0.056798 -0.021608
22  6.027525 -0.000331 0.000200  -0.769905 3.013237 -0.802147
23  0.000000 11.692099 -0.000009  -1.120675 -0.563941 -0.865052
24  0.000003 0.000008 0.000000  0.951815 -0.000030 1.570739
25  0.000001 -0.000012 -0.000001  0.868960 0.000002 1.570712
26  -6.617934 -9.178503 0.826812  1.473120 1.855075 -0.198639
27  6.027518 -0.000259 -0.000223  1.391740 0.740319 -1.162191
28  11.691992 0.000162 0.000857  0.697526 0.000057 -1.620490
29  11.479384 -0.000155 0.001202  -1.553973 0.525364 -0.038756
30  3.859437 -0.132759 1.193065  0.466149 -0.051827 -1.783911
31  1.312559 0.000026 -0.000000  -0.013963 -0.041043 -0.156446
32  0.729345 0.000065 -0.000027  -0.128320 -0.117290 -0.954858
33  3.942048 0.050138 0.431000  0.211502 -0.107596 -1.469110
34  1.539097 0.000004 -0.000001  0.040711 -0.054386 -1.030473
35  1.196301 0.000078 -0.000004  -0.249391 -0.043040 -0.795119
36  3.883414 -0.050472 -0.431084  0.186408 -0.271796 -1.212173
37  1.719564 -0.000085 -0.000004  0.020973 -0.107650 -1.483531
38  1.209198 0.000035 0.000011  -0.324719 0.069673 -0.493483
39  3.859588 -0.149082 -1.331321  -0.166408 -0.090222 -0.231266
40  1.719413 -0.000098 -0.000036  -0.037675 -0.032189 -0.013102
41  1.099674 0.000024 0.000008  -0.003986 -0.002989 0.312654
42  0.805983 -0.359847 -1.318338  0.991609 0.179077 -0.796341
43  1.789781 -0.000008 -0.000041  -0.000178 0.002609 0.014619
44  1.206996 -0.000007 0.000006  -0.000190 -0.000100 0.833908
45  5.740572 0.000080 0.000719  0.066748 -0.000014 0.000028
46  11.480821 0.000042 0.000984  0.001115 0.083723 -0.018406
47  6.027515 -0.000273 -0.000230  -0.962376 -0.605860 -2.047738
48  -0.000001 11.691975 -0.000005  -1.100374 0.543964 0.853473
49  0.000003 -0.000001 0.000000  2.970056 -0.000036 1.570860
50  -0.000007 -0.000014 0.000004  2.272645 -0.000036 1.570861
51  -2.574821 -5.488358 -8.585316  -2.432361 -0.418574 -1.748986
52  -0.000000 0.000000 0.000000  0.008153 -0.000259 0.000009
53  0.000000 -0.000000 -0.000000  1.565115 0.043565 -0.106862
54  2.768476 -15.669596 -3.807348  -1.346001 -2.465141 0.223025
55  0.000000 -0.000000 0.000001  0.000000 -0.000001 -0.000002
56  0.000030 0.000029 0.000002  -1.571901 -0.044449 -0.106509
57  22.905113 -17.512955 -4.349384  1.570796 -0.000000 0.000000
58  -7.865041 3.407432 -23.802343  1.570796 -0.000000 0.000000
59  -0.124682 -2.933558 -10.845478  1.570796 -0.000000 0.000000
60  -0.004311 0.001229 -0.000371  0.006898 -0.005534 -0.284229
61  0.826810 10.209643 -4.879054  1.570796 -0.000000 0.000000
62  0.000000 0.000000 0.000000  -0.078727 -3.136056 0.284226
63  0.000000 0.000000 0.000000  1.571608 -0.024509 -0.025505
64  -5.030927 -7.663345 -2.655050  1.076772 -0.657664 0.330581
65  0.048105 -2.944859 0.933263  0.000000 -0.000000 0.000000
66  0.048105 -1.112259 5.803836  0.000000 -0.000000 0.000000
67  -1.140611 -0.098565 1.093603  0.000000 -0.000000 0.000000
68  0.217551 -1.673974 20.274759  0.000000 -0.000000 0.000000
69  0.217546 -3.706013 2.941691  0.000000 -0.000000 0.000000
70  0.048105 -1.885240 -0.022554  0.000000 -0.000000 0.000000
71  -0.082569 -1.959166 -0.004310  0.000000 -0.000000 0.000000
72  0.217546 -3.788155 3.509795  0.000000 -0.000000 0.000000
73  -1.883046 -14.074246 -3.372972  0.526040 -0.743162 0.500707
74  0.017810 1.009272 -0.369181  0.000000 -0.000000 0.000000
75  3.430562 -31.482498 -18.572628  -2.031163 0.498251 0.973993
76  0.088237 2.028859 -0.387792  0.000000 -0.000000 -0.000000
77  0.089166 1.580729 -0.409892  0.000000 -0.000000 -0.000000
78  -0.263821 1.788473 -0.409406  0.000000 -0.000000 -0.000000
79  -0.263820 1.287953 -0.409406  0.000000 -0.000000 -0.000000
80  -2.711738 -20.412249 -0.133308  1.076772 -0.657664 0.330581
81  0.017808 0.973331 -8.485498  0.000000 -0.000000 0.000000
82  -2.711738 -20.412249 -0.133308  1.076772 -0.657664 0.330581
83  0.088236 1.202834 -8.470930  0.000000 -0.000000 0.000000
84  -0.263818 0.962445 -8.492542  0.000000 -0.000000 0.000000
time 27
0  0.000006 0.000000 0.000000  -1.570800 -1.391899 -1.570792
1  -10.107139 5.048850 -0.196419  -1.544956 -1.855077 -0.198630
2  6.027520 -0.000337 0.000192  -2.478631 -0.749150 0.898925
3  11.692107 0.000644 -0.000738  0.082431 -0.000036 -1.656317
4  11.479286 -0.001037 -0.000653  1.159482 -0.359101 -0.015178
5  3.859504 -0.142823 -1.192079  -0.237071 0.235706 -1.255760
6  1.312588 0.000010 0.000009  0.007254 -0.016651 -0.329013
7  0.729355 0.000054 0.000050  0.005624 0.004096 -1.580173
8  3.942141 0.046331 -0.431543  -0.069253 0.012608 -1.265379
9  1.539111 0.000083 0.000002  0.016739 -0.034429 -0.623709
10  1.196332 0.000145 0.000029  0.004884 -0.003807 -1.017653
11  3.883511 -0.047212 0.431351  0.017215 -0.093096 -1.085675
12  1.719572 -0.000029 0.000019  -0.004471 -0.133470 -1.149732
13  1.209179 0.000089 0.000012  0.014250 0.003723 -0.485534
14  4.078841 -0.347557 1.468420  0.201272 -0.343700 -0.944129
15  1.719448 -0.000018 0.000029  -0.068819 -0.045305 -1.100467
16  1.099675 0.000048 0.000005  0.071924 -0.045787 -1.261252
17  0.619599 -0.253835 1.439135  -1.163738 -0.325678 -1.093638
18  1.789819 -0.000005 -0.000019  0.032123 -0.242185 -0.481551
19  1.207015 -0.000013 -0.000045  0.015175 -0.013045 1.993386
20  5.740638 0.000388 -0.000699  -0.053938 0.000003 0.000063
21  11.480868 -0.000030 -0.000782  -0.075057 -0.052004 -0.030029
22  6.027525 -0.000330 0.000200  -0.759821 2.991304 -0.813290
23  0.000001 11.692101 -0.000007  -1.121457 -0.564719 -0.865498
24  0.000003 0.000008 0.000001  0.951535 -0.000031 1.570739
25  0.000000 -0.000011 -0.000000  0.868960 0.000002 1.570712
26  -6.617934 -9.178503 0.826812  1.473120 1.855075 -0.198639
27  6.027519 -0.000259 -0.000223  1.385787 0.736317 -1.207149
28  11.691990 0.000162 0.000857  0.714565 0.000054 -1.591775
29  11.479584 -0.000050 0.001134  -1.556822 0.471958 -0.098018
30  3.859437 -0.132759 1.193066  0.466149 -0.051827 -1.783911
31  1.312559 0.000026 -0.000002  -0.013963 -0.041043 -0.156446
32  0.729345 0.000064 -0.000028  -0.128320 -0.117290 -0.954858
33  3.942046 0.050139 0.431000  0.211502 -0.107596 -1.469110
34  1.539097 0.000006 -0.000001  0.040711 -0.054386 -1.030473
35  1.196301 0.000078 -0.000004  -0.249391 -0.043040 -0.795119
36  3.883414 -0.050473 -0.431084  0.186408 -0.271796 -1.212174
37  1.719564 -0.000085 -0.000005  0.020973 -0.107650 -1.483531
38  1.209198 0.000035 0.000011  -0.324719 0.069673 -0.493483
39  3.859588 -0.149082 -1.331320  -0.166408 -0.090222 -0.231266
40  1.719413 -0.000098 -0.000037  -0.037675 -0.032189 -0.013102
41  1.099673 0.000023 0.000007  -0.003986 -0.002989 0.312654
42  0.805983 -0.359848 -1.318338  0.991625 0.174882 -0.797427
43  1.789780 -0.000009 -0.000042  -0.000030 0.000889 0.054977
44  1.206997 -0.000007 0.000005  -0.000001 -0.000076 0.909988
45  5.740573 0.000078 0.000722  0.062512 -0.000014 0.000028
46  11.480861 0.000063 0.000972  0.002455 0.073034 -0.029921
47  6.027515 -0.000273 -0.000230  -0.962008 -0.611803 -2.088900
48  -0.000003 11.691973 -0.000007  -1.083516 0.527511 0.843540
49  0.000003 -0.000001 -0.000001  2.987095 -0.000036 1.570860
50  -0.000009 -0.000013 0.000004  2.272645 -0.000036 1.570861
51  -2.488291 -5.687154 -8.824659  -2.363843 -0.447040 -1.757492
52  -0.000000 0.000000 0.000000  0.008153 -0.000259 0.000009
53  -0.000000 -0.000000 0.000000  1.565115 0.043565 -0.106862
54  2.791377 -15.678402 -3.476158  -1.266599 -2.492293 0.165055
55  -0.000000 -0.000000 -0.000001  0.000000 -0.000001 -0.000002
56  0.000030 0.000029 0.000001  -1.571902 -0.044449 -0.106509
57  21.937462 -17.516323 -4.159973  1.570796 -0.000000 0.000000
58  -7.087611 3.409952 -23.716080  1.570796 -0.000000 0.000000
59  -0.192107 -3.170135 -10.845478  1.570796 -0.000000 0.000000
60  -0.004311 0.001229 -0.000371  0.006898 -0.005534 -0.284229
61  0.826810 10.209643 -4.879054  1.570796 -0.000000 0.000000
62  0.000000 0.000000 0.000000  -0.078727 -3.136056 0.284226
63  0.000000 0.000000 0.000000  1.570816 -0.024668 -0.029941
64  -5.232663 -7.683069 -2.958159  1.004147 -0.696072 0.396334
65  0.048105 -2.944859 0.933262  -0.000000 0.000000 0.000000
66  0.048105 -1.112260 5.803837  -0.000000 0.000000 0.000000
67  -1.140611 -0.098565 1.093603  -0.000000 0.000000 0.000000
68  0.217551 -1.673973 20.274757  -0.000000 0.000000 0.000000
69  0.217546 -3.706012 2.941690  -0.000000 0.000000 0.000000
70  0.048105 -1.885239 -0.022554  -0.000000 0.000000 0.000000
71  -0.082569 -1.959166 -0.004310  -0.000000 0.000000 0.000000
72  0.217545 -3.788155 3.509795  -0.000000 0.000000 0.000000
73  -1.856943 -14.024010 -3.313088  0.433433 -0.748317 0.554480
74  0.017809 1.009273 -0.369182  0.000000 -0.000000 -0.000000
75  3.433955 -31.508961 -21.387045  -2.317007 0.570259 0.855846
76  0.088238 2.028859 -0.387792  0.000000 -0.000000 -0.000000
77  0.089167 1.580731 -0.409892  0.000000 -0.000000 -0.000000
78  -0.263816 1.788471 -0.409405  0.000000 -0.000000 -0.000000
79  -0.263815 1.287952 -0.409404  0.000000 -0.000000 -0.000000
80  -2.815942 -20.272587 0.193957  1.004147 -0.696072 0.396334
81  0.017808 0.973330 -8.485498  -0.000000 0.000000 0.000000
82  -2.815942 -20.272587 0.193957  1.004147 -0.696072 0.396334
83  0.088236 1.202834 -8.470931  -0.000000 0.000000 0.000000
84  -0.263818 0.962445 -8.492543  -0.000000 0.000000 0.000000
time 28
0  0.000006 0.000000 0.000000  -1.570800 -1.391899 -1.570792
1  -10.075772 5.222305 -0.244416  -1.544956 -1.855077 -0.198630
2  6.027520 -0.000336 0.000192  -2.507203 -0.744319 0.911139
3  11.692105 0.000644 -0.000738  0.080110 -0.000034 -1.642170
4  11.479382 -0.000985 -0.000657  1.219317 -0.347835 -0.099909
5  3.859503 -0.142822 -1.192077  -0.237071 0.235706 -1.255760
6  1.312588 0.000010 0.000008  0.007254 -0.016651 -0.329013
7  0.729355 0.000053 0.000050  0.005624 0.004096 -1.580173
8  3.942140 0.046332 -0.431542  -0.069253 0.012608 -1.265379
9  1.539111 0.000083 0.000004  0.016739 -0.034429 -0.623709
10  1.196332 0.000145 0.000030  0.004884 -0.003807 -1.017653
11  3.883510 -0.047211 0.431352  0.017214 -0.093096 -1.085675
12  1.719573 -0.000028 0.000018  -0.004471 -0.133470 -1.149732
13  1.209179 0.000090 0.000012  0.014250 0.003723 -0.485534
14  4.078840 -0.347556 1.468420  0.198009 -0.343027 -0.931177
15  1.719448 -0.000018 0.000028  -0.067637 -0.045703 -1.123168
16  1.099675 0.000049 0.000005  0.071942 -0.045726 -1.262942
17  0.619598 -0.253835 1.439135  -1.163738 -0.325678 -1.093638
18  1.789819 -0.000003 -0.000017  0.032123 -0.242185 -0.481551
19  1.207016 -0.000014 -0.000044  0.015175 -0.013045 1.993386
20  5.740634 0.000388 -0.000699  -0.039647 0.000003 0.000064
21  11.480885 -0.000020 -0.000784  -0.065311 -0.047226 -0.044027
22  6.027525 -0.000329 0.000200  -0.758178 2.969846 -0.820222
23  0.000001 11.692098 -0.000008  -1.113166 -0.556509 -0.860772
24  0.000002 0.000007 0.000000  0.949214 -0.000031 1.570739
25  0.000001 -0.000011 0.000000  0.868960 0.000002 1.570712
26  -6.617934 -9.178503 0.826812  1.473120 1.855075 -0.198639
27  6.027520 -0.000259 -0.000223  1.383672 0.730297 -1.247504
28  11.691991 0.000163 0.000858  0.726899 0.000053 -1.572645
29  11.479723 0.000021 0.001083  -1.562546 0.426405 -0.132355
30  3.859437 -0.132758 1.193065  0.466149 -0.051827 -1.783911
31  1.312558 0.000026 -0.000001  -0.013963 -0.041043 -0.156446
32  0.729345 0.000065 -0.000027  -0.128320 -0.117290 -0.954858
33  3.942047 0.050139 0.431000  0.211502 -0.107596 -1.469110
34  1.539097 0.000006 -0.000001  0.040711 -0.054386 -1.030473
35  1.196300 0.000078 -0.000004  -0.249391 -0.043040 -0.795119
36  3.883413 -0.050472 -0.431084  0.186408 -0.271796 -1.212173
37  1.719564 -0.000084 -0.000004  0.020973 -0.107650 -1.483531
38  1.209197 0.000035 0.000011  -0.324719 0.069674 -0.493483
39  3.859588 -0.149082 -1.331321  -0.166408 -0.090222 -0.231266
40  1.719413 -0.000098 -0.000036  -0.037675 -0.032189 -0.013102
41  1.099673 0.000023 0.000006  -0.003986 -0.002989 0.312654
42  0.805983 -0.359848 -1.318339  0.991646 0.170688 -0.798513
43  1.789780 -0.000009 -0.000042  0.000048 -0.000837 0.095361
44  1.206996 -0.000006 0.000006  0.000191 -0.000066 0.986702
45  5.740573 0.000079 0.000722  0.057353 -0.000014 0.000028
46  11.480889 0.000078 0.000962  0.002133 0.063933 -0.036484
47  6.027515 -0.000273 -0.000230  -0.957541 -0.616841 -2.130414
48  -0.000001 11.691976 -0.000005  -1.072269 0.516631 0.836798
49  0.000002 0.000001 0.000000  2.999430 -0.000036 1.570860
50  -0.000008 -0.000013 0.000005  2.272645 -0.000036 1.570861
51  -2.428948 -5.811310 -9.013763  -2.316424 -0.464610 -1.763203
52  -0.000000 -0.000000 0.000000  0.008153 -0.000259 0.000009
53  0.000000 -0.000000 0.000000  1.565115 0.043565 -0.106862
54  2.794747 -15.765686 -3.135599  -1.180813 -2.535171 0.093008
55  0.000000 0.000000 0.000000  0.000000 -0.000001 -0.000002
56  0.000031 0.000029 0.000001  -1.571901 -0.044449 -0.106509
57  21.342327 -17.517418 -4.043479  1.570796 -0.000000 0.000000
58  -6.380643 3.412823 -23.647148  1.570796 -0.000000 0.000000
59  -0.240103 -3.346405 -10.845478  1.570796 -0.000000 0.000000
60  -0.004311 0.001229 -0.000371  0.006898 -0.005534 -0.284229
61  0.826810 10.209643 -4.879054  1.570796 -0.000000 0.000000
62  0.000000 0.000000 0.000000  -0.078727 -3.136056 0.284226
63  0.000000 0.000000 0.000000  1.569245 -0.025735 -0.033487
64  -5.368614 -7.702793 -3.207582  0.953061 -0.720910 0.444748
65  0.048106 -2.944859 0.933262  0.000000 -0.000000 0.000000
66  0.048106 -1.112260 5.803837  0.000000 -0.000000 0.000000
67  -1.140611 -0.098565 1.093604  0.000000 -0.000000 0.000000
68  0.217551 -1.673974 20.274759  0.000000 -0.000000 0.000000
69  0.217546 -3.706013 2.941691  0.000000 -0.000000 0.000000
70  0.048106 -1.885239 -0.022553  0.000000 -0.000000 0.000000
71  -0.082568 -1.959166 -0.004310  0.000000 -0.000000 0.000000
72  0.217546 -3.788155 3.509795  0.000000 -0.000000 0.000000
73  -1.816206 -14.011820 -3.318741  0.322221 -0.756495 0.608901
74  0.017809 1.009273 -0.369181  0.000000 -0.000000 -0.000000
75  3.398263 -31.395811 -24.264429  -2.530864 0.600740 0.753664
76  0.088235 2.028861 -0.387794  0.000000 0.000000 0.000000
77  0.089164 1.580731 -0.409893  0.000000 0.000000 0.000000
78  -0.263819 1.788471 -0.409405  0.000000 0.000000 0.000000
79  -0.263817 1.287951 -0.409405  0.000000 0.000000 0.000000
80  -2.891189 -20.170321 0.355484  0.953061 -0.720910 0.444748
81  0.017810 0.973330 -8.485500  0.000000 -0.000000 0.000000
82  -2.891189 -20.170321 0.355484  0.953061 -0.720910 0.444748
83  0.088237 1.202833 -8.470932  0.000000 -0.000000 0.000000
84  -0.263816 0.962445 -8.492544  0.000000 -0.000000 0.000000
time 29
0  0.000006 0.000000 0.000000  -1.570800 -1.391899 -1.570792
1  -10.056976 5.326249 -0.272167  -1.544956 -1.855077 -0.198630
2  6.027521 -0.000337 0.000192  -2.515394 -0.742233 0.916522
3  11.692108 0.000643 -0.000738  0.072797 -0.000035 -1.637117
4  11.479419 -0.000961 -0.000668  1.255380 -0.347957 -0.147059
5  3.859504 -0.142822 -1.192078  -0.237071 0.235706 -1.255760
6  1.312588 0.000010 0.000008  0.007254 -0.016651 -0.329013
7  0.729356 0.000054 0.000048  0.005624 0.004096 -1.580173
8  3.942141 0.046332 -0.431541  -0.069253 0.012608 -1.265379
9  1.539110 0.000083 0.000004  0.016739 -0.034429 -0.623709
10  1.196332 0.000146 0.000031  0.004884 -0.003807 -1.017653
11  3.883511 -0.047211 0.431352  0.017215 -0.093096 -1.085675
12  1.719573 -0.000028 0.000017  -0.004471 -0.133470 -1.149732
13  1.209179 0.000091 0.000011  0.014250 0.003723 -0.485534
14  4.078841 -0.347556 1.468419  0.196470 -0.342644 -0.925094
15  1.719448 -0.000019 0.000029  -0.067066 -0.045607 -1.133789
16  1.099675 0.000049 0.000005  0.071906 -0.045689 -1.263731
17  0.619599 -0.253835 1.439135  -1.163738 -0.325678 -1.093638
18  1.789819 -0.000004 -0.000017  0.032123 -0.242185 -0.481551
19  1.207015 -0.000013 -0.000044  0.015175 -0.013045 1.993386
20  5.740635 0.000388 -0.000699  -0.031028 0.000003 0.000063
21  11.480893 -0.000017 -0.000786  -0.059226 -0.046177 -0.051941
22  6.027525 -0.000330 0.000200  -0.757083 2.963557 -0.820191
23  -0.000000 11.692100 -0.000008  -1.110202 -0.553585 -0.859073
24  0.000004 0.000009 0.000000  0.941900 -0.000030 1.570739
25  -0.000000 -0.000011 0.000001  0.868960 0.000002 1.570712
26  -6.617934 -9.178503 0.826812  1.473120 1.855075 -0.198639
27  6.027520 -0.000259 -0.000223  1.385036 0.723554 -1.282497
28  11.691992 0.000160 0.000857  0.734300 0.000052 -1.559938
29  11.479815 0.000070 0.001045  -1.582370 0.389065 -0.150291
30  3.859437 -0.132759 1.193064  0.466149 -0.051827 -1.783911
31  1.312559 0.000026 -0.000001  -0.013963 -0.041043 -0.156446
32  0.729345 0.000066 -0.000027  -0.128320 -0.117290 -0.954858
33  3.942047 0.050138 0.431000  0.211502 -0.107596 -1.469110
34  1.539098 0.000007 -0.000001  0.040711 -0.054386 -1.030474
35  1.196299 0.000079 -0.000003  -0.249391 -0.043040 -0.795119
36  3.883413 -0.050473 -0.431084  0.186408 -0.271796 -1.212174
37  1.719564 -0.000085 -0.000004  0.020974 -0.107650 -1.483531
38  1.209198 0.000035 0.000011  -0.324719 0.069674 -0.493483
39  3.859589 -0.149082 -1.331321  -0.166408 -0.090222 -0.231266
40  1.719413 -0.000097 -0.000036  -0.037675 -0.032189 -0.013102
41  1.099674 0.000023 0.000006  -0.003986 -0.002989 0.312654
42  0.805984 -0.359848 -1.318338  0.991663 0.167770 -0.799268
43  1.789780 -0.000009 -0.000042  0.000061 -0.002038 0.123449
44  1.206997 -0.000008 0.000005  0.000326 -0.000068 1.040324
45  5.740573 0.000079 0.000720  0.049294 -0.000014 0.000028
46  11.480906 0.000088 0.000953  -0.001490 0.056580 -0.039236
47  6.027515 -0.000273 -0.000230  -0.950342 -0.620320 -2.170488
48  -0.000002 11.691974 -0.000006  -1.064790 0.509441 0.832265
49  0.000003 0.000000 -0.000000  3.006831 -0.000036 1.570860
50  -0.000008 -0.000013 0.000004  2.272645 -0.000036 1.570861
51  -2.400495 -5.889860 -9.163014  -2.297218 -0.474605 -1.767644
52  0.000000 0.000000 0.000000  0.008153 -0.000259 0.000009
53  -0.000000 -0.000000 0.000000  1.565115 0.043565 -0.106862
54  2.776875 -15.849829 -3.032936  -1.139902 -2.559164 0.053567
55  -0.000001 -0.000000 0.000000  0.000000 -0.000001 -0.000002
56  0.000029 0.000028 0.000002  -1.571901 -0.044449 -0.106509
57  21.144585 -17.517555 -4.004772  1.570796 -0.000000 0.000000
58  -5.757543 3.416018 -23.597321  1.570796 -0.000000 0.000000
59  -0.267854 -3.452034 -10.845478  1.570796 -0.000000 0.000000
60  -0.004311 0.001229 -0.000371  0.006898 -0.005534 -0.284229
61  0.826810 10.209643 -4.879054  1.570796 -0.000000 0.000000
62  0.000000 0.000000 0.000000  -0.078727 -3.136056 0.284226
63  0.000000 0.000000 0.000000  1.568058 -0.029482 -0.035838
64  -5.418450 -7.717965 -3.376733  0.928593 -0.728503 0.465220
65  0.048105 -2.944860 0.933261  0.000000 -0.000000 0.000000
66  0.048105 -1.112261 5.803836  0.000000 -0.000000 0.000000
67  -1.140611 -0.098564 1.093601  0.000000 -0.000000 0.000000
68  0.217551 -1.673973 20.274755  0.000000 -0.000000 0.000000
69  0.217545 -3.706013 2.941690  0.000000 -0.000000 0.000000
70  0.048105 -1.885240 -0.022554  0.000000 -0.000000 0.000000
71  -0.082569 -1.959167 -0.004310  0.000000 -0.000000 0.000000
72  0.217545 -3.788155 3.509793  0.000000 -0.000000 0.000000
73  -1.797346 -14.028802 -3.394668  0.265177 -0.759358 0.631595
74  0.017809 1.009271 -0.369181  0.000000 0.000000 0.000000
75  3.335618 -31.156437 -27.131033  -2.662881 0.609437 0.686682
76  0.088237 2.028860 -0.387793  -0.000000 0.000000 0.000000
77  0.089167 1.580729 -0.409891  -0.000000 0.000000 0.000000
78  -0.263817 1.788470 -0.409406  -0.000000 0.000000 0.000000
79  -0.263816 1.287951 -0.409406  -0.000000 0.000000 0.000000
80  -2.942619 -20.126907 0.386342  0.928593 -0.728503 0.465220
81  0.017809 0.973331 -8.485498  0.000000 -0.000000 0.000000
82  -2.942619 -20.126907 0.386342  0.928593 -0.728503 0.465220
83  0.088236 1.202834 -8.470929  0.000000 -0.000000 0.000000
84  -0.263817 0.962445 -8.492542  0.000000 -0.000000 0.000000
time 30
0  0.000006 0.000000 0.000000  -1.570800 -1.391899 -1.570792
1  -10.050877 5.359981 -0.280937  -1.544956 -1.855077 -0.198630
2  6.027520 -0.000338 0.000192  -2.490697 -0.735497 0.912816
3  11.692107 0.000643 -0.000741  0.057246 -0.000035 -1.653598
4  11.479305 -0.001009 -0.000679  1.259796 -0.395084 -0.121952
5  3.859504 -0.142822 -1.192079  -0.237071 0.235706 -1.255760
6  1.312589 0.000010 0.000007  0.007254 -0.016651 -0.329013
7  0.729355 0.000054 0.000050  0.005624 0.004096 -1.580173
8  3.942141 0.046331 -0.431543  -0.069253 0.012608 -1.265379
9  1.539110 0.000083 0.000004  0.016739 -0.034429 -0.623709
10  1.196332 0.000145 0.000030  0.004884 -0.003807 -1.017653
11  3.883511 -0.047211 0.431351  0.017214 -0.093096 -1.085675
12  1.719573 -0.000029 0.000017  -0.004471 -0.133470 -1.149732
13  1.209178 0.000090 0.000011  0.014250 0.003723 -0.485534
14  4.078841 -0.347556 1.468419  0.199736 -0.339128 -0.934799
15  1.719448 -0.000018 0.000029  -0.068147 -0.042839 -1.113798
16  1.099675 0.000049 0.000005  0.071619 -0.045725 -1.262215
17  0.619599 -0.253834 1.439136  -1.163738 -0.325678 -1.093638
18  1.789819 -0.000004 -0.000018  0.032123 -0.242185 -0.481551
19  1.207014 -0.000013 -0.000044  0.015175 -0.013045 1.993386
20  5.740635 0.000388 -0.000699  -0.030296 0.000003 0.000064
21  11.480870 -0.000025 -0.000789  -0.057698 -0.056227 -0.047921
22  6.027524 -0.000331 0.000199  -0.747441 2.980538 -0.805638
23  -0.000001 11.692101 -0.000007  -1.119865 -0.563138 -0.864593
24  0.000001 0.000008 -0.000001  0.926351 -0.000031 1.570739
25  -0.000001 -0.000010 0.000000  0.868960 0.000002 1.570712
26  -6.617934 -9.178503 0.826812  1.473120 1.855075 -0.198639
27  6.027520 -0.000259 -0.000223  1.390064 0.716908 -1.311472
28  11.691992 0.000162 0.000857  0.736746 0.000051 -1.546697
29  11.479914 0.000118 0.001007  -1.638778 0.346762 -0.161617
30  3.859439 -0.132759 1.193065  0.466149 -0.051827 -1.783911
31  1.312558 0.000026 -0.000002  -0.013963 -0.041043 -0.156446
32  0.729346 0.000064 -0.000028  -0.128320 -0.117290 -0.954858
33  3.942047 0.050139 0.431000  0.211502 -0.107596 -1.469110
34  1.539097 0.000006 -0.000000  0.040711 -0.054386 -1.030473
35  1.196300 0.000079 -0.000004  -0.249391 -0.043040 -0.795119
36  3.883415 -0.050473 -0.431085  0.186408 -0.271796 -1.212173
37  1.719564 -0.000085 -0.000003  0.020973 -0.107650 -1.483531
38  1.209198 0.000035 0.000011  -0.324719 0.069673 -0.493483
39  3.859590 -0.149082 -1.331321  -0.166408 -0.090222 -0.231266
40  1.719412 -0.000098 -0.000036  -0.037675 -0.032189 -0.013102
41  1.099674 0.000024 0.000008  -0.003986 -0.002989 0.312654
42  0.805984 -0.359848 -1.318338  0.991670 0.166767 -0.799527
43  1.789780 -0.000009 -0.000042  0.000058 -0.002451 0.133097
44  1.206997 -0.000007 0.000006  0.000372 -0.000071 1.058781
45  5.740572 0.000079 0.000720  0.032365 -0.000014 0.000028
46  11.480927 0.000098 0.000945  -0.012546 0.048532 -0.039335
47  6.027515 -0.000273 -0.000230  -0.941065 -0.621548 -2.208177
48  -0.000000 11.691975 -0.000006  -1.056988 0.501980 0.827496
49  0.000003 -0.000002 0.000000  3.009277 -0.000036 1.570860
50  -0.000007 -0.000013 0.000005  2.272645 -0.000036 1.570861
51  -2.410269 -5.974654 -9.326697  -2.329320 -0.487148 -1.766152
52  -0.000000 0.000000 -0.000001  0.008153 -0.000259 0.000009
53  0.000000 -0.000000 0.000000  1.565115 0.043565 -0.106862
54  2.744688 -15.894056 -3.288445  -1.142325 -2.526536 0.047507
55  0.000000 0.000000 0.000002  0.000000 -0.000001 -0.000002
56  0.000031 0.000030 0.000003  -1.571902 -0.044449 -0.106509
57  21.172733 -16.572666 -4.534426  1.570796 -0.000000 0.000000
58  -5.226342 3.419508 -23.567423  1.570796 -0.000000 0.000000
59  -0.276625 -3.486313 -10.845478  1.570796 -0.000000 0.000000
60  -0.004311 0.001229 -0.000371  0.006898 -0.005534 -0.284229
61  0.826810 10.209643 -4.879054  1.570796 -0.000000 0.000000
62  0.000000 0.000000 0.000000  -0.078727 -3.136056 0.284226
63  0.000000 0.000000 0.000000  1.567422 -0.034540 -0.036682
64  -5.274893 -7.724034 -3.439025  0.938228 -0.698266 0.445556
65  0.048105 -2.944859 0.933262  0.000000 -0.000000 0.000000
66  0.048104 -1.112260 5.803837  0.000000 -0.000000 0.000000
67  -1.140610 -0.098564 1.093602  0.000000 -0.000000 0.000000
68  0.217551 -1.673975 20.274759  0.000000 -0.000000 0.000000
69  0.217546 -3.706012 2.941689  0.000000 -0.000000 0.000000
70  0.048105 -1.885240 -0.022554  0.000000 -0.000000 0.000000
71  -0.082570 -1.959165 -0.004310  0.000000 -0.000000 0.000000
72  0.217545 -3.788155 3.509794  0.000000 -0.000000 0.000000
73  -1.825254 -14.038976 -3.500065  0.291393 -0.732937 0.606371
74  0.017809 1.009273 -0.369182  0.000000 0.000000 0.000000
75  3.256257 -30.803604 -27.131033  -2.708664 0.610608 0.662898
76  0.088238 2.028859 -0.387791  -0.000000 -0.000000 0.000000
77  0.089165 1.580731 -0.409891  -0.000000 -0.000000 0.000000
78  -0.263817 1.788470 -0.409405  -0.000000 -0.000000 0.000000
79  -0.263819 1.287953 -0.409404  -0.000000 -0.000000 0.000000
80  -2.850479 -20.140251 0.333516  0.938228 -0.698266 0.445556
81  0.017811 0.973331 -8.485498  0.000000 -0.000000 0.000000
82  -2.850479 -20.140251 0.333516  0.938228 -0.698266 0.445556
83  0.088238 1.202835 -8.470931  0.000000 -0.000000 0.000000
84  -0.263816 0.962446 -8.492542  0.000000 -0.000000 0.000000
time 31
0  0.000006 0.000000 0.000000  -1.570800 -1.391899 -1.570792
1  -10.260575 4.200336 -0.280936  -1.544956 -1.855077 -0.198630
2  6.027520 -0.000336 0.000192  -2.430803 -0.786313 0.914048
3  11.692108 0.000644 -0.000737  0.031419 -0.000030 -1.583021
4  11.479809 -0.000710 -0.000715  1.251700 -0.486266 -0.093230
5  3.859503 -0.142823 -1.192078  -0.237071 0.235706 -1.255760
6  1.312590 0.000010 0.000008  0.007254 -0.016651 -0.329013
7  0.729356 0.000054 0.000049  0.005624 0.004096 -1.580173
8  3.942141 0.046331 -0.431540  -0.069253 0.012608 -1.265379
9  1.539110 0.000083 0.000005  0.016739 -0.034429 -0.623709
10  1.196333 0.000145 0.000029  0.004884 -0.003807 -1.017653
11  3.883511 -0.047211 0.431352  0.017214 -0.093096 -1.085675
12  1.719573 -0.000028 0.000016  -0.004471 -0.133470 -1.149732
13  1.209179 0.000090 0.000012  0.014250 0.003723 -0.485534
14  4.078841 -0.347557 1.468420  0.206599 -0.331644 -0.955455
15  1.719448 -0.000018 0.000028  -0.070323 -0.037430 -1.071025
16  1.099675 0.000049 0.000007  0.071101 -0.045819 -1.258973
17  0.619599 -0.253836 1.439134  -1.163738 -0.325678 -1.093638
18  1.789819 -0.000004 -0.000017  0.032123 -0.242185 -0.481551
19  1.207015 -0.000014 -0.000043  0.015175 -0.013045 1.993386
20  5.740636 0.000388 -0.000699  -0.031036 0.000003 0.000063
21  11.480970 0.000033 -0.000795  -0.057932 -0.075090 -0.044843
22  6.027525 -0.000329 0.000200  -0.792598 3.030146 -0.769221
23  0.000001 11.692099 -0.000007  -1.078445 -0.522553 -0.840421
24  0.000005 0.000008 0.000000  0.900522 -0.000031 1.570739
25  0.000000 -0.000011 0.000000  0.868960 0.000002 1.570712
26  -6.617934 -9.178503 0.826812  1.473120 1.855075 -0.198639
27  6.027521 -0.000259 -0.000222  1.408272 0.712177 -1.331570
28  11.691992 0.000162 0.000858  0.736746 0.000051 -1.539321
29  11.479968 0.000140 0.000985  -1.712422 0.298460 -0.155571
30  3.859437 -0.132759 1.193066  0.466149 -0.051827 -1.783911
31  1.312560 0.000025 -0.000001  -0.013963 -0.041043 -0.156446
32  0.729345 0.000064 -0.000027  -0.128320 -0.117290 -0.954858
33  3.942046 0.050138 0.431000  0.211502 -0.107596 -1.469110
34  1.539097 0.000007 -0.000001  0.040711 -0.054386 -1.030473
35  1.196301 0.000077 -0.000004  -0.249391 -0.043040 -0.795119
36  3.883413 -0.050473 -0.431084  0.186408 -0.271796 -1.212173
37  1.719564 -0.000085 -0.000005  0.020973 -0.107650 -1.483531
38  1.209198 0.000035 0.000010  -0.324719 0.069673 -0.493483
39  3.859589 -0.149082 -1.331321  -0.166408 -0.090222 -0.231266
40  1.719413 -0.000098 -0.000036  -0.037675 -0.032189 -0.013102
41  1.099674 0.000024 0.000007  -0.003986 -0.002989 0.312654
42  0.805983 -0.359848 -1.318338  0.991670 0.166767 -0.799527
43  1.789780 -0.000010 -0.000042  0.000058 -0.002451 0.133097
44  1.206997 -0.000007 0.000005  0.000372 -0.000071 1.058780
45  5.740571 0.000079 0.000721  0.010092 -0.000014 0.000028
46  11.480937 0.000102 0.000942  -0.027489 0.039341 -0.035768
47  6.027515 -0.000273 -0.000230  -0.926100 -0.613630 -2.248872
48  -0.000001 11.691975 -0.000005  -1.052638 0.497838 0.824819
49  0.000003 0.000001 0.000001  3.009277 -0.000036 1.570860
50  -0.000008 -0.000014 0.000005  2.272645 -0.000036 1.570861
51  -2.578206 -6.045574 -9.418253  -2.393487 -0.502494 -1.757361
52  0.000000 0.000001 0.000000  0.008153 -0.000259 0.000009
53  -0.000001 -0.000001 0.000000  1.565115 0.043565 -0.106862
54  2.594487 -15.830787 -3.889692  -1.223406 -2.439625 0.102301
55  0.000000 0.000000 -0.000000  0.000000 -0.000001 -0.000002
56  0.000030 0.000030 0.000001  -1.571901 -0.044449 -0.106509
57  21.246365 -14.101085 -6.066374  1.570796 -0.000000 0.000000
58  -4.790682 3.423262 -23.557533  1.570796 -0.000000 0.000000
59  -0.276625 -2.307861 -10.845478  1.570796 -0.000000 0.000000
60  -0.004311 0.001229 -0.000371  0.006898 -0.005534 -0.284229
61  0.826810 10.209643 -4.879054  1.570796 -0.000000 0.000000
62  0.000000 0.000000 0.000000  -0.078727 -3.136056 0.284226
63  0.000000 0.000000 0.000000  1.567219 -0.037076 -0.036055
64  -5.131337 -7.710257 -3.365036  0.964009 -0.643343 0.407834
65  0.048105 -2.944860 0.933263  -0.000000 -0.000000 0.000000
66  0.048105 -1.112260 5.803837  -0.000000 -0.000000 0.000000
67  -1.140611 -0.098564 1.093602  -0.000000 -0.000000 0.000000
68  0.217552 -1.673973 20.274759  -0.000000 -0.000000 0.000000
69  0.217545 -3.706014 2.941692  -0.157489 -0.000000 0.000000
70  0.048106 -1.885240 -0.022553  -0.000000 -0.000000 0.000000
71  -0.082569 -1.959166 -0.004309  -0.000000 -0.000000 0.000000
72  0.217545 -3.788155 3.509796  -0.000000 -0.000000 0.000000
73  -1.980251 -14.001994 -3.577000  0.420047 -0.686612 0.527557
74  0.017810 1.009273 -0.369182  0.000000 0.000000 0.000000
75  -3.588360 -1.097282 -23.660017  1.570796 -0.000000 0.000000
76  0.088237 2.028860 -0.387793  0.000000 -0.000000 0.000000
77  0.089166 1.580732 -0.409891  0.000000 -0.000000 0.000000
78  -0.263817 1.788471 -0.409405  0.000000 -0.000000 0.000000
79  -0.263817 1.287951 -0.409405  0.000000 -0.000000 0.000000
80  -2.758912 -20.162292 0.321526  0.964009 -0.643343 0.407834
81  0.017810 0.973330 -8.485499  -0.000000 -0.000000 0.000000
82  -2.758912 -20.162292 0.321526  0.964009 -0.643343 0.407834
83  0.088237 1.202834 -8.470932  -0.000000 -0.000000 0.000000
84  -0.263816 0.962445 -8.492542  -0.000000 -0.000000 0.000000
time 32
0  0.000006 0.000000 0.000000  -1.570800 -1.391899 -1.570792
1  -10.709305 1.718842 -0.280935  -1.544956 -1.855077 -0.198630
2  6.027520 -0.000334 0.000191  -2.342920 -0.896314 0.863130
3  11.692108 0.000644 -0.000739  -0.004628 -0.000024 -1.484680
4  11.480595 -0.000201 -0.000737  1.185364 -0.511413 0.035695
5  3.859503 -0.142824 -1.192082  -0.237071 0.235706 -1.255760
6  1.312589 0.000010 0.000008  0.007254 -0.016651 -0.329013
7  0.729356 0.000055 0.000048  0.005624 0.004096 -1.580173
8  3.942141 0.046331 -0.431545  -0.069253 0.012608 -1.265379
9  1.539110 0.000083 0.000004  0.016739 -0.034429 -0.623709
10  1.196332 0.000145 0.000030  0.004884 -0.003807 -1.017653
11  3.883511 -0.047212 0.431349  0.017214 -0.093096 -1.085675
12  1.719573 -0.000028 0.000017  -0.004471 -0.133470 -1.149732
13  1.209179 0.000090 0.000015  0.014250 0.003723 -0.485534
14  4.078841 -0.347557 1.468417  0.209735 -0.328123 -0.965039
15  1.719448 -0.000019 0.000029  -0.071263 -0.034922 -1.051055
16  1.099676 0.000049 0.000005  0.070866 -0.045864 -1.257459
17  0.619599 -0.253835 1.439133  -1.163738 -0.325678 -1.093638
18  1.789819 -0.000002 -0.000017  0.032123 -0.242185 -0.481551
19  1.207015 -0.000014 -0.000043  0.015175 -0.013045 1.993386
20  5.740636 0.000389 -0.000698  -0.048956 0.000003 0.000063
21  11.481129 0.000137 -0.000800  -0.065966 -0.083547 -0.023819
22  6.027524 -0.000329 0.000200  2.244073 0.043806 2.378942
23  -0.000001 11.692101 -0.000006  -1.020388 -0.467510 -0.804499
24  0.000002 0.000009 0.000001  0.864471 -0.000031 1.570738
25  -0.000001 -0.000011 0.000001  0.868960 0.000002 1.570712
26  -6.617934 -9.178503 0.826812  1.473120 1.855075 -0.198639
27  6.027521 -0.000259 -0.000222  1.432828 0.700960 -1.345867
28  11.691993 0.000161 0.000858  0.736746 0.000052 -1.564501
29  11.479781 0.000058 0.001059  -1.751937 0.284763 -0.101746
30  3.859438 -0.132759 1.193065  0.466149 -0.051827 -1.783911
31  1.312560 0.000025 -0.000001  -0.013963 -0.041043 -0.156446
32  0.729346 0.000064 -0.000028  -0.128320 -0.117290 -0.954858
33  3.942047 0.050140 0.431000  0.211502 -0.107596 -1.469110
34  1.539097 0.000006 -0.000001  0.040711 -0.054386 -1.030473
35  1.196300 0.000078 -0.000003  -0.249391 -0.043040 -0.795119
36  3.883414 -0.050472 -0.431085  0.186408 -0.271796 -1.212173
37  1.719564 -0.000085 -0.000004  0.020973 -0.107650 -1.483531
38  1.209198 0.000035 0.000011  -0.324719 0.069673 -0.493483
39  3.859589 -0.149082 -1.331321  -0.166408 -0.090222 -0.231266
40  1.719413 -0.000098 -0.000035  -0.037675 -0.032189 -0.013102
41  1.099672 0.000023 0.000007  -0.003986 -0.002989 0.312654
42  0.805983 -0.359847 -1.318338  0.991670 0.166767 -0.799527
43  1.789780 -0.000009 -0.000042  0.000058 -0.002451 0.133097
44  1.206996 -0.000007 0.000005  0.000372 -0.000071 1.058780
45  5.740572 0.000080 0.000721  -0.005166 -0.000014 0.000028
46  11.480901 0.000086 0.000956  -0.036135 0.036090 -0.023807
47  6.027515 -0.000273 -0.000230  -0.901539 -0.605316 -2.293173
48  -0.000001 11.691974 -0.000006  -1.067476 0.512019 0.833898
49  0.000005 -0.000001 0.000002  3.009277 -0.000036 1.570860
50  -0.000007 -0.000015 0.000004  2.272645 -0.000036 1.570861
51  -2.840822 -5.888359 -9.327684  -2.436512 -0.487058 -1.739405
52  0.000000 0.000000 -0.000000  0.008153 -0.000259 0.000009
53  0.000000 0.000001 0.000000  1.565115 0.043565 -0.106862
54  2.300801 -14.855012 -5.102139  -1.516345 -2.344417 0.377361
55  -0.000000 0.000000 0.000000  0.000000 -0.000001 -0.000002
56  0.000030 0.000029 0.000001  -1.571902 -0.044449 -0.106509
57  21.319996 -11.629504 -7.993638  1.570796 -0.000000 0.000000
58  -4.410261 3.427089 -23.559498  1.570796 -0.000000 0.000000
59  -0.276625 0.213879 -10.845478  1.570796 -0.000000 0.000000
60  -0.004311 0.001229 -0.000371  0.006898 -0.005534 -0.284229
61  0.826810 10.209643 -4.879054  1.570796 -0.000000 0.000000
62  0.000000 0.000000 0.000000  -0.078727 -3.136056 0.284226
63  0.000000 0.000000 0.000000  1.573838 -0.018618 -0.035531
64  -5.188298 -7.679946 -3.227629  1.005481 -0.619853 0.380867
65  0.048106 -2.944859 0.933263  -0.000000 0.000000 0.000000
66  0.048105 -1.112259 5.803837  -0.000000 0.000000 0.000000
67  -1.140610 -0.098565 1.093603  -0.000000 0.000000 0.000000
68  0.217551 -1.673973 20.274759  -0.000000 0.000000 0.000000
69  0.217546 -3.706012 2.941691  -0.453376 0.000000 0.000000
70  0.048106 -1.885239 -0.022554  -0.000000 0.000000 0.000000
71  -0.082569 -1.959166 -0.004310  -0.000000 0.000000 0.000000
72  0.217546 -3.788154 3.509795  -0.000000 0.000000 0.000000
73  -2.279041 -13.514410 -3.837895  0.713043 -0.644132 0.420311
74  0.017808 1.009272 -0.369181  0.000000 -0.000000 0.000000
75  -3.588360 -1.097282 -23.660017  1.570796 -0.000000 0.000000
76  0.088237 2.028860 -0.387793  0.000000 -0.000000 0.000000
77  0.089166 1.580732 -0.409891  0.000000 -0.000000 0.000000
78  -0.263817 1.788471 -0.409405  0.000000 -0.000000 0.000000
79  -0.263817 1.287951 -0.409405  0.000000 -0.000000 0.000000
80  -2.725611 -20.214733 0.102024  1.005481 -0.619853 0.380867
81  0.017809 0.973331 -8.485498  -0.000000 0.000000 0.000000
82  -2.725611 -20.214733 0.102024  1.005481 -0.619853 0.380867
83  0.088237 1.202834 -8.470931  -0.000000 0.000000 0.000000
84  -0.263817 0.962445 -8.492542  -0.000000 0.000000 0.000000
time 33
0  0.000006 0.000000 0.000000  -1.570800 -1.391899 -1.570792
1  -10.919003 0.559197 -0.280934  -1.544956 -1.855077 -0.198630
2  6.027520 -0.000334 0.000191  -2.288445 -0.904600 0.738930
3  11.692107 0.000643 -0.000738  -0.049306 -0.000030 -1.578225
4  11.479847 -0.000627 -0.000768  1.155262 -0.315600 0.314420
5  3.859504 -0.142823 -1.192079  -0.237071 0.235706 -1.255760
6  1.312591 0.000011 0.000008  0.007254 -0.016651 -0.329013
7  0.729354 0.000053 0.000048  0.005624 0.004096 -1.580173
8  3.942141 0.046330 -0.431543  -0.069253 0.012608 -1.265378
9  1.539110 0.000082 0.000005  0.016739 -0.034429 -0.623709
10  1.196332 0.000145 0.000030  0.004884 -0.003807 -1.017653
11  3.883512 -0.047212 0.431350  0.017214 -0.093096 -1.085675
12  1.719572 -0.000028 0.000018  -0.004471 -0.133470 -1.149732
13  1.209179 0.000089 0.000012  0.014250 0.003723 -0.485534
14  4.078842 -0.347557 1.468419  0.207158 -0.333946 -0.964058
15  1.719448 -0.000018 0.000029  -0.070363 -0.040000 -1.070452
16  1.099675 0.000048 0.000006  0.071387 -0.045839 -1.258960
17  0.619599 -0.253836 1.439134  -1.163738 -0.325678 -1.093638
18  1.789819 -0.000004 -0.000018  0.032123 -0.242185 -0.481551
19  1.207015 -0.000014 -0.000043  0.015175 -0.013045 1.993386
20  5.740636 0.000388 -0.000700  -0.077691 0.000003 0.000064
21  11.480978 0.000054 -0.000808  -0.070072 -0.053779 0.036301
22  6.027524 -0.000329 0.000200  2.236934 0.009705 2.297243
23  0.000000 11.692100 -0.000009  -1.075625 -0.519827 -0.838729
24  0.000003 0.000009 -0.000001  0.819797 -0.000031 1.570739
25  -0.000000 -0.000011 -0.000001  0.868960 0.000002 1.570712
26  -6.617934 -9.178503 0.826812  1.473120 1.855075 -0.198639
27  6.027521 -0.000259 -0.000223  1.416350 0.688729 -1.370519
28  11.691992 0.000164 0.000857  0.736747 0.000056 -1.617257
29  11.479403 -0.000098 0.001203  -1.690914 0.349438 -0.028917
30  3.859437 -0.132759 1.193065  0.466149 -0.051827 -1.783911
31  1.312559 0.000026 -0.000001  -0.013963 -0.041043 -0.156446
32  0.729347 0.000064 -0.000027  -0.128320 -0.117290 -0.954858
33  3.942047 0.050138 0.431000  0.211502 -0.107596 -1.469110
34  1.539097 0.000006 -0.000001  0.040711 -0.054386 -1.030473
35  1.196301 0.000078 -0.000004  -0.249391 -0.043040 -0.795119
36  3.883414 -0.050473 -0.431084  0.186408 -0.271796 -1.212173
37  1.719564 -0.000084 -0.000005  0.020973 -0.107650 -1.483531
38  1.209198 0.000035 0.000011  -0.324719 0.069674 -0.493483
39  3.859588 -0.149083 -1.331321  -0.166408 -0.090222 -0.231266
40  1.719414 -0.000098 -0.000035  -0.037675 -0.032189 -0.013102
41  1.099674 0.000023 0.000007  -0.003986 -0.002989 0.312654
42  0.805984 -0.359848 -1.318339  0.991670 0.166767 -0.799527
43  1.789780 -0.000009 -0.000042  0.000058 -0.002451 0.133098
44  1.206996 -0.000007 0.000005  0.000372 -0.000071 1.058781
45  5.740572 0.000080 0.000720  0.007736 -0.000013 0.000028
46  11.480824 0.000055 0.000984  -0.025227 0.048111 -0.010835
47  6.027515 -0.000273 -0.000230  -0.898526 -0.622744 -2.309010
48  -0.000001 11.691976 -0.000004  -1.098478 0.542105 0.852366
49  0.000003 -0.000001 -0.000000  3.009277 -0.000036 1.570860
50  -0.000007 -0.000013 0.000005  2.272645 -0.000036 1.570861
51  -2.650428 -5.469068 -8.996359  -2.373263 -0.429774 -1.725133
52  0.000000 -0.000001 -0.000000  0.008153 -0.000259 0.000009
53  0.000000 -0.000001 0.000000  1.565115 0.043565 -0.106862
54  2.420055 -13.123132 -5.663297  1.303774 -0.702464 -2.357882
55  0.000000 -0.000000 0.000000  0.000000 -0.000001 -0.000002
56  0.000030 0.000029 0.000002  -1.571901 -0.044449 -0.106509
57  21.348145 -10.684615 -9.521243  1.570796 -0.000000 0.000000
58  -4.046072 3.430846 -23.565434  1.570796 -0.000000 0.000000
59  -0.276625 1.392332 -10.845478  1.570796 -0.000000 0.000000
60  -0.004311 0.001229 -0.000371  0.006898 -0.005534 -0.284229
61  0.826810 10.209643 -4.879054  1.570796 -0.000000 0.000000
62  0.000000 0.000000 0.000000  -0.078727 -3.136056 0.284226
63  0.000000 0.000000 0.000000  1.572589 -0.026801 -0.040888
64  -5.303512 -7.649635 -3.153641  1.029104 -0.698266 0.408670
65  0.048106 -2.944859 0.933262  0.000000 -0.000000 -0.000000
66  0.048105 -1.112260 5.803836  0.000000 -0.000000 -0.000000
67  -1.140611 -0.098564 1.093601  0.000000 -0.000000 -0.000000
68  0.217550 -1.673974 20.274757  0.000000 -0.000000 -0.000000
69  0.217546 -3.706013 2.941690  -0.610865 -0.000000 -0.000000
70  0.048106 -1.885239 -0.022554  0.000000 -0.000000 -0.000000
71  -0.082569 -1.959166 -0.004310  0.000000 -0.000000 -0.000000
72  0.217546 -3.788155 3.509794  0.000000 -0.000000 -0.000000
73  -2.220251 -13.010941 -3.982390  1.029104 -0.698266 0.408670
74  0.017809 1.009273 -0.369181  0.000000 -0.000000 -0.000000
75  -3.588360 -1.097282 -23.660017  1.570796 -0.000000 0.000000
76  0.088237 2.028860 -0.387793  0.000000 -0.000000 0.000000
77  0.089166 1.580732 -0.409891  0.000000 -0.000000 0.000000
78  -0.263817 1.788471 -0.409405  0.000000 -0.000000 0.000000
79  -0.263817 1.287951 -0.409405  0.000000 -0.000000 0.000000
80  -2.513399 -20.221247 -0.248094  1.029104 -0.698266 0.408670
81  0.017809 0.973331 -8.485499  0.000000 -0.000000 -0.000000
82  -2.513399 -20.221247 -0.248094  1.029104 -0.698266 0.408670
83  0.088236 1.202834 -8.470931  0.000000 -0.000000 -0.000000
84  -0.263818 0.962445 -8.492544  0.000000 -0.000000 -0.000000
time 34
0  0.000006 0.000000 0.000000  -1.570800 -1.391899 -1.570792
1  -10.979100 0.647684 -0.226755  -1.544956 -1.855077 -0.198630
2  6.027519 -0.000336 0.000191  -2.327349 -0.906203 0.688664
3  11.692107 0.000644 -0.000737  -0.144175 -0.000033 -1.609862
4  11.479613 -0.000687 -0.000843  1.341592 -0.215124 0.306981
5  3.859504 -0.142823 -1.192079  -0.237071 0.235706 -1.255760
6  1.312590 0.000012 0.000008  0.007254 -0.016651 -0.329013
7  0.729355 0.000053 0.000048  0.005624 0.004096 -1.580173
8  3.942141 0.046331 -0.431543  -0.069253 0.012608 -1.265379
9  1.539110 0.000083 0.000005  0.016739 -0.034429 -0.623709
10  1.196333 0.000147 0.000029  0.004884 -0.003807 -1.017653
11  3.883512 -0.047212 0.431351  0.017215 -0.093096 -1.085675
12  1.719572 -0.000028 0.000017  -0.004471 -0.133470 -1.149732
13  1.209179 0.000090 0.000012  0.014250 0.003723 -0.485534
14  4.078840 -0.347557 1.468420  0.202793 -0.343991 -0.950166
15  1.719448 -0.000018 0.000028  -0.069364 -0.045061 -1.089863
16  1.099675 0.000049 0.000003  0.071907 -0.045813 -1.260462
17  0.619599 -0.253836 1.439134  -1.163738 -0.325678 -1.093638
18  1.789819 -0.000004 -0.000018  0.032123 -0.242185 -0.481551
19  1.207015 -0.000013 -0.000044  0.015175 -0.013045 1.993386
20  5.740637 0.000387 -0.000699  -0.055182 0.000003 0.000064
21  11.480934 0.000039 -0.000822  -0.037765 -0.028325 0.044226
22  6.027524 -0.000332 0.000200  2.234663 0.033669 2.216321
23  0.000001 11.692099 -0.000005  -1.094212 -0.537887 -0.849777
24  0.000002 0.000009 -0.000000  0.724928 -0.000031 1.570738
25  0.000001 -0.000011 0.000001  0.868960 0.000002 1.570712
26  -6.617934 -9.178503 0.826812  1.473120 1.855075 -0.198639
27  6.027521 -0.000259 -0.000223  1.400593 0.681668 -1.394314
28  11.691992 0.000161 0.000857  0.736747 0.000059 -1.647872
29  11.479198 -0.000180 0.001277  -1.628352 0.383436 0.016647
30  3.859437 -0.132759 1.193066  0.466149 -0.051827 -1.783911
31  1.312558 0.000026 -0.000001  -0.013963 -0.041043 -0.156446
32  0.729346 0.000064 -0.000027  -0.128320 -0.117290 -0.954858
33  3.942047 0.050139 0.431000  0.211502 -0.107596 -1.469110
34  1.539097 0.000006 -0.000000  0.040712 -0.054386 -1.030473
35  1.196300 0.000078 -0.000004  -0.249391 -0.043040 -0.795119
36  3.883414 -0.050473 -0.431084  0.186408 -0.271796 -1.212173
37  1.719563 -0.000086 -0.000005  0.020973 -0.107650 -1.483531
38  1.209197 0.000035 0.000011  -0.324719 0.069673 -0.493483
39  3.859588 -0.149082 -1.331321  -0.166408 -0.090222 -0.231266
40  1.719413 -0.000098 -0.000035  -0.037675 -0.032189 -0.013102
41  1.099673 0.000023 0.000007  -0.003986 -0.002989 0.312654
42  0.805984 -0.359848 -1.318338  0.991670 0.166767 -0.799527
43  1.789780 -0.000008 -0.000042  0.000058 -0.002451 0.133098
44  1.206996 -0.000007 0.000005  0.000372 -0.000071 1.058780
45  5.740573 0.000079 0.000721  0.019944 -0.000014 0.000028
46  11.480785 0.000038 0.001001  -0.014127 0.054848 -0.004179
47  6.027515 -0.000273 -0.000230  -0.900498 -0.636750 -2.321672
48  -0.000000 11.691975 -0.000006  -1.116431 0.559786 0.862734
49  0.000003 -0.000001 0.000001  3.009277 -0.000036 1.570860
50  -0.000007 -0.000014 0.000005  2.272645 -0.000036 1.570861
51  -2.468492 -5.207992 -8.785025  -2.307717 -0.397602 -1.710150
52  0.000000 -0.000000 -0.000000  0.008153 -0.000259 0.000009
53  0.000000 0.000000 -0.000000  1.565115 0.043565 -0.106862
54  2.697109 -12.729009 -5.298675  1.341421 -0.641072 -2.339982
55  0.000000 -0.000001 0.000000  0.000000 -0.000001 -0.000002
56  0.000030 0.000028 0.000002  -1.571902 -0.044449 -0.106509
57  21.336155 -10.690236 -10.694525  1.570796 -0.000000 0.000000
58  -3.701307 3.434568 -23.575329  1.570796 -0.000000 0.000000
59  -0.222446 1.315951 -10.920362  1.570796 -0.000000 0.000000
60  -0.004311 0.001229 -0.000371  0.006898 -0.005534 -0.284229
61  0.826810 10.209643 -4.879054  1.570796 -0.000000 0.000000
62  0.000000 0.000000 0.000000  -0.078727 -3.136056 0.284226
63  0.000000 0.000000 0.000000  1.570969 -0.034997 -0.040662
64  -5.393475 -7.635858 -3.174229  1.021155 -0.766100 0.455329
65  0.048106 -2.944859 0.933263  0.000000 0.000000 -0.000000
66  0.048105 -1.112260 5.803838  0.000000 0.000000 -0.000000
67  -1.140611 -0.098564 1.093603  0.000000 0.000000 -0.000000
68  0.217551 -1.673974 20.274759  0.000000 0.000000 -0.000000
69  0.217546 -3.706012 2.941691  0.000000 0.000000 -0.000000
70  0.048106 -1.885239 -0.022553  0.000000 0.000000 -0.000000
71  -0.082568 -1.959165 -0.004310  0.000000 0.000000 -0.000000
72  0.217546 -3.788154 3.509795  0.000000 0.000000 -0.000000
73  -2.041230 -12.845987 -3.918482  1.021155 -0.766100 0.455329
74  0.017810 1.009272 -0.369181  0.000000 0.000000 -0.000000
75  -3.588360 -1.097282 -23.660017  1.570796 -0.000000 0.000000
76  0.088237 2.028860 -0.387793  0.000000 -0.000000 0.000000
77  0.089166 1.580732 -0.409891  0.000000 -0.000000 0.000000
78  -0.263817 1.788471 -0.409405  0.000000 -0.000000 0.000000
79  -0.263817 1.287951 -0.409405  0.000000 -0.000000 0.000000
80  -2.267815 -20.150978 -0.368102  1.021155 -0.766100 0.455329
81  0.017809 0.973330 -8.485498  0.000000 0.000000 -0.000000
82  -2.267815 -20.150978 -0.368102  1.021155 -0.766100 0.455329
83  0.088237 1.202834 -8.470930  0.000000 0.000000 -0.000000
84  -0.263817 0.962445 -8.492543  0.000000 0.000000 -0.000000
time 35
0  0.000006 0.000000 0.000000  -1.570800 -1.391899 -1.570792
1  -11.157950 0.929034 -0.057505  -1.544956 -1.855077 -0.198630
2  6.027519 -0.000333 0.000191  -2.353707 -0.932659 0.670662
3  11.692103 0.000644 -0.000739  -0.328046 -0.000034 -1.622628
4  11.479519 -0.000567 -0.000973  1.559451 -0.262434 0.289581
5  3.859503 -0.142824 -1.192080  -0.289939 0.291057 -1.095541
6  1.312589 0.000009 0.000008  0.007418 -0.018154 -0.359419
7  0.729354 0.000054 0.000049  0.006718 0.003421 -1.286913
8  3.942140 0.046331 -0.431544  -0.109302 0.048572 -1.128494
9  1.539109 0.000082 0.000002  0.010112 -0.017181 -0.471814
10  1.196333 0.000145 0.000028  0.002332 -0.004570 -0.778256
11  3.883510 -0.047212 0.431351  0.032387 -0.075416 -0.989195
12  1.719573 -0.000028 0.000017  -0.021328 -0.106504 -0.887076
13  1.209179 0.000090 0.000012  0.012141 0.003251 -0.307069
14  4.039310 -0.333924 1.472448  0.215619 -0.306131 -0.871664
15  1.719448 -0.000019 0.000029  -0.071307 -0.022717 -0.860194
16  1.099675 0.000049 0.000005  0.065154 -0.056388 -0.983179
17  0.612415 -0.206898 1.426654  -1.153077 -0.333969 -1.046531
18  1.789819 -0.000004 -0.000018  0.014217 -0.142545 -0.569338
19  1.207015 -0.000014 -0.000043  0.038963 0.048660 1.751508
20  5.740635 0.000388 -0.000700  -0.017168 0.000003 0.000064
21  11.480913 0.000063 -0.000848  0.006004 -0.031229 0.047212
22  6.027524 -0.000329 0.000200  2.207361 0.048194 2.176239
23  0.000001 11.692098 -0.000007  -1.101703 -0.545224 -0.854156
24  0.000004 0.000009 -0.000000  0.541057 -0.000030 1.570738
25  -0.000000 -0.000011 -0.000000  0.868960 0.000002 1.570712
26  -6.617934 -9.178503 0.826812  1.473120 1.855075 -0.198639
27  6.027522 -0.000260 -0.000223  1.413635 0.676484 -1.409527
28  11.691994 0.000163 0.000857  0.736747 0.000058 -1.639591
29  11.479258 -0.000159 0.001258  -1.650622 0.341470 0.015427
30  3.859437 -0.132758 1.193065  0.466149 -0.051827 -1.783911
31  1.312559 0.000026 -0.000001  -0.013963 -0.041043 -0.156446
32  0.729344 0.000065 -0.000028  -0.128320 -0.117290 -0.954858
33  3.942047 0.050139 0.431000  0.211502 -0.107596 -1.469110
34  1.539097 0.000006 0.000000  0.040711 -0.054386 -1.030473
35  1.196300 0.000078 -0.000004  -0.249391 -0.043040 -0.795119
36  3.883414 -0.050472 -0.431084  0.186408 -0.271796 -1.212173
37  1.719563 -0.000084 -0.000004  0.020973 -0.107650 -1.483531
38  1.209198 0.000035 0.000011  -0.324719 0.069673 -0.493483
39  3.859588 -0.149082 -1.331321  -0.166408 -0.090222 -0.231266
40  1.719413 -0.000097 -0.000036  -0.037675 -0.032189 -0.013102
41  1.099674 0.000024 0.000007  -0.003986 -0.002989 0.312654
42  0.805984 -0.359847 -1.318338  0.991670 0.166767 -0.799527
43  1.789780 -0.000009 -0.000042  0.000058 -0.002451 0.133098
44  1.206997 -0.000007 0.000005  0.000372 -0.000071 1.058780
45  5.740574 0.000077 0.000721  0.009464 -0.000014 0.000028
46  11.480797 0.000041 0.000996  -0.018215 0.046322 -0.003733
47  6.027515 -0.000273 -0.000230  -0.887840 -0.631660 -2.352576
48  -0.000000 11.691975 -0.000005  -1.111577 0.554988 0.859955
49  0.000004 0.000001 0.000001  3.009277 -0.000036 1.570860
50  -0.000007 -0.000014 0.000005  2.272645 -0.000036 1.570861
51  -2.578970 -5.278791 -8.910896  -2.319660 -0.413462 -1.702045
52  0.000000 -0.000000 -0.000000  0.008153 -0.000259 0.000009
53  0.000001 0.000000 -0.000000  1.565115 0.043565 -0.106862
54  2.657666 -12.732249 -5.385650  1.342077 -0.660352 -2.336986
55  -0.000000 -0.000000 -0.000000  0.000000 -0.000001 -0.000002
56  0.000030 0.000029 0.000000  -1.571901 -0.044449 -0.106509
57  21.292961 -10.736749 -11.824427  1.570796 -0.000000 0.000000
58  -3.379404 3.438301 -23.589016  1.570796 -0.000000 0.000000
59  -0.053195 1.070916 -11.146421  1.570796 -0.000000 0.000000
60  -0.004311 0.001229 -0.000371  0.006898 -0.005534 -0.284229
61  0.826810 10.209643 -4.879054  1.570796 -0.000000 0.000000
62  0.000000 0.000000 0.000000  -0.078727 -3.136056 0.284226
63  0.000000 0.000000 0.000000  1.570446 -0.034995 -0.039873
64  -5.422351 -7.636065 -3.228508  1.011563 -0.748118 0.465312
65  0.048105 -2.944859 0.933263  -0.000000 -0.000000 0.000000
66  0.048105 -1.112260 5.803838  -0.000000 -0.000000 0.000000
67  -1.140611 -0.098565 1.093604  -0.000000 -0.000000 0.000000
68  0.217551 -1.673973 20.274759  -0.000000 -0.000000 0.000000
69  0.217546 -3.706013 2.941692  -0.000000 -0.000000 0.000000
70  0.048105 -1.885239 -0.022552  -0.000000 -0.000000 0.000000
71  -0.082569 -1.959166 -0.004309  -0.000000 -0.000000 0.000000
72  0.217546 -3.788155 3.509796  -0.000000 -0.000000 0.000000
73  -2.061912 -12.845181 -3.942281  1.011563 -0.748118 0.465312
74  0.017810 1.009273 -0.369181  -0.000000 -0.000000 0.000000
75  -3.588360 -1.097282 -23.660017  1.570796 -0.000000 0.000000
76  0.088237 2.028860 -0.387793  0.000000 -0.000000 0.000000
77  0.089166 1.580732 -0.409891  0.000000 -0.000000 0.000000
78  -0.263817 1.788471 -0.409405  0.000000 -0.000000 0.000000
79  -0.263817 1.287951 -0.409405  0.000000 -0.000000 0.000000
80  -2.216897 -20.099525 -0.285792  1.011563 -0.748118 0.465312
81  0.017810 0.973331 -8.485497  -0.000000 -0.000000 0.000000
82  -2.216897 -20.099525 -0.285792  1.011563 -0.748118 0.465312
83  0.088237 1.202834 -8.470928  -0.000000 -0.000000 0.000000
84  -0.263816 0.962446 -8.492541  -0.000000 -0.000000 0.000000
time 36
0  0.000006 0.000000 0.000000  -1.570800 -1.391899 -1.570792
1  -11.449728 1.410278 0.223084  -1.544956 -1.855077 -0.198630
2  6.027520 -0.000334 0.000191  -2.387522 -0.956995 0.668037
3  11.692107 0.000643 -0.000736  -0.584602 -0.000031 -1.608483
4  11.479623 -0.000257 -0.001052  1.795620 -0.307577 0.279744
5  3.859504 -0.142823 -1.192079  -0.371566 0.433928 -0.747955
6  1.312591 0.000011 0.000007  0.007891 -0.022712 -0.424299
7  0.729353 0.000053 0.000050  0.008415 0.000790 -0.597142
8  3.942141 0.046332 -0.431542  -0.178613 0.145066 -0.829573
9  1.539111 0.000084 0.000002  0.005062 0.021791 -0.147995
10  1.196333 0.000146 0.000030  -0.003201 -0.004124 -0.275247
11  3.883511 -0.047211 0.431352  0.071742 -0.041818 -0.773888
12  1.719572 -0.000028 0.000016  -0.031036 -0.039848 -0.327374
13  1.209180 0.000091 0.000010  0.007677 0.003496 0.063754
14  3.927963 -0.295522 1.483800  0.257499 -0.216082 -0.730369
15  1.719447 -0.000018 0.000030  -0.057832 0.024156 -0.356618
16  1.099675 0.000049 0.000004  0.042289 -0.070768 -0.378958
17  0.592181 -0.074690 1.391502  -1.132531 -0.357259 -0.955655
18  1.789819 -0.000004 -0.000018  -0.010230 -0.032446 -0.679333
19  1.207015 -0.000012 -0.000044  0.040329 0.125556 1.353309
20  5.740636 0.000387 -0.000700  0.021560 0.000003 0.000063
21  11.480936 0.000124 -0.000863  0.052983 -0.033836 0.053874
22  6.027525 -0.000329 0.000200  2.181486 0.066007 2.144731
23  0.000002 11.692101 -0.000008  -1.093404 -0.537096 -0.849299
24  0.000004 0.000008 0.000000  0.284502 -0.000031 1.570739
25  0.000001 -0.000011 -0.000001  0.868960 0.000002 1.570712
26  -6.617934 -9.178503 0.826812  1.473120 1.855075 -0.198639
27  6.027522 -0.000260 -0.000223  1.429411 0.673456 -1.422870
28  11.691992 0.000161 0.000857  0.736747 0.000057 -1.621082
29  11.479380 -0.000109 0.001215  -1.693670 0.293405 -0.002137
30  3.859438 -0.132758 1.193066  0.466149 -0.051827 -1.783911
31  1.312559 0.000025 -0.000000  -0.013963 -0.041043 -0.156446
32  0.729346 0.000065 -0.000028  -0.128320 -0.117290 -0.954858
33  3.942048 0.050139 0.431000  0.211502 -0.107596 -1.469110
34  1.539097 0.000006 -0.000001  0.040711 -0.054386 -1.030473
35  1.196301 0.000078 -0.000004  -0.249391 -0.043040 -0.795119
36  3.883414 -0.050472 -0.431084  0.186408 -0.271796 -1.212173
37  1.719564 -0.000084 -0.000005  0.020974 -0.107650 -1.483531
38  1.209198 0.000035 0.000011  -0.324719 0.069673 -0.493483
39  3.859589 -0.149082 -1.331321  -0.166408 -0.090222 -0.231266
40  1.719412 -0.000099 -0.000036  -0.037675 -0.032189 -0.013102
41  1.099674 0.000024 0.000008  -0.003986 -0.002989 0.312654
42  0.805984 -0.359848 -1.318338  0.991670 0.166767 -0.799527
43  1.789780 -0.000008 -0.000042  0.000058 -0.002451 0.133098
44  1.206996 -0.000006 0.000005  0.000372 -0.000071 1.058780
45  5.740573 0.000078 0.000722  -0.003782 -0.000014 0.000028
46  11.480820 0.000051 0.000989  -0.026148 0.036622 -0.005986
47  6.027515 -0.000273 -0.000230  -0.875962 -0.623389 -2.382751
48  -0.000002 11.691975 -0.000006  -1.100722 0.544305 0.853676
49  0.000003 -0.000000 0.000002  3.009277 -0.000036 1.570860
50  -0.000008 -0.000014 0.000004  2.272645 -0.000036 1.570861
51  -2.708673 -5.427161 -9.106878  -2.346583 -0.435893 -1.704562
52  -0.000000 0.000000 -0.000000  0.008153 -0.000259 0.000009
53  0.000000 0.000000 0.000001  1.565115 0.043565 -0.106862
54  2.838206 -13.127863 -5.501842  1.274818 -0.641556 -2.279076
55  0.000000 -0.000000 -0.000001  0.000000 -0.000001 -0.000002
56  0.000031 0.000028 0.000000  -1.571902 -0.044449 -0.106509
57  21.207586 -10.883323 -12.893999  1.570796 -0.000000 0.000000
58  -3.083838 3.442097 -23.606146  1.570796 -0.000000 0.000000
59  0.227394 0.649272 -11.519177  1.570796 -0.000000 0.000000
60  -0.004311 0.001229 -0.000371  0.006898 -0.005534 -0.284229
61  0.826810 10.209643 -4.879054  1.570796 -0.000000 0.000000
62  0.000000 0.000000 0.000000  -0.078727 -3.136056 0.284226
63  0.000000 0.000000 0.000000  1.570117 -0.034922 -0.038372
64  -5.426476 -7.637522 -3.305247  1.005000 -0.715238 0.456086
65  0.048106 -2.944859 0.933263  0.000000 -0.000000 -0.000000
66  0.048105 -1.112260 5.803837  0.000000 -0.000000 -0.000000
67  -1.140611 -0.098565 1.093603  0.000000 -0.000000 -0.000000
68  0.217552 -1.673973 20.274755  0.000000 -0.000000 -0.000000
69  0.217546 -3.706013 2.941690  0.000000 -0.000000 -0.000000
70  0.048105 -1.885240 -0.022553  0.000000 -0.000000 -0.000000
71  -0.082569 -1.959166 -0.004310  0.000000 -0.000000 -0.000000
72  0.217546 -3.788155 3.509795  0.000000 -0.000000 -0.000000
73  -2.156692 -12.905234 -4.009970  1.005000 -0.715238 0.456086
74  0.017809 1.009273 -0.369182  0.000000 -0.000000 -0.000000
75  -3.588360 -1.097282 -23.660017  1.570796 -0.000000 0.000000
76  0.088237 2.028860 -0.387793  0.000000 -0.000000 0.000000
77  0.089166 1.580732 -0.409891  0.000000 -0.000000 0.000000
78  -0.263817 1.788471 -0.409405  0.000000 -0.000000 0.000000
79  -0.263817 1.287951 -0.409405  0.000000 -0.000000 0.000000
80  -2.308234 -20.086697 -0.212200  1.005000 -0.715238 0.456086
81  0.017810 0.973330 -8.485497  0.000000 -0.000000 -0.000000
82  -2.308234 -20.086697 -0.212200  1.005000 -0.715238 0.456086
83  0.088238 1.202834 -8.470930  0.000000 -0.000000 -0.000000
84  -0.263816 0.962445 -8.492542  0.000000 -0.000000 -0.000000
time 37
0  0.000006 0.000000 0.000000  -1.570800 -1.391899 -1.570792
1  -11.843214 2.061614 0.584922  -1.544956 -1.855077 -0.198630
2  6.027519 -0.000333 0.000191  -2.398846 -0.968324 0.649049
3  11.692104 0.000643 -0.000741  -0.881069 -0.000030 -1.587575
4  11.479774 0.000117 -0.001012  1.898003 -0.381615 0.320815
5  3.859504 -0.142823 -1.192080  -0.390962 0.505694 -0.586162
6  1.312589 0.000010 0.000007  0.008177 -0.030182 -0.454522
7  0.729356 0.000055 0.000048  0.009242 -0.001010 -0.279511
8  3.942140 0.046331 -0.431542  -0.200828 0.196625 -0.689577
9  1.539110 0.000082 0.000004  0.006971 0.039615 -0.000747
10  1.196332 0.000146 0.000029  -0.005393 -0.003090 -0.057527
11  3.883511 -0.047212 0.431351  0.092991 -0.028860 -0.670090
12  1.719572 -0.000029 0.000017  -0.023503 -0.011202 -0.084410
13  1.209177 0.000090 0.000011  0.005804 0.004121 0.226777
14  3.784997 -0.246217 1.498371  0.281948 -0.174380 -0.665036
15  1.719447 -0.000018 0.000029  -0.044476 0.041880 -0.129033
16  1.099676 0.000049 0.000004  0.030426 -0.072292 -0.114775
17  0.566201 0.095063 1.346365  -1.103757 -0.422984 -0.870707
18  1.789819 -0.000003 -0.000018  -0.006386 -0.010406 -0.712387
19  1.207015 -0.000014 -0.000044  0.015302 0.106847 1.022755
20  5.740635 0.000388 -0.000700  0.032431 0.000003 0.000064
21  11.480964 0.000197 -0.000855  0.075200 -0.044724 0.067454
22  6.027525 -0.000329 0.000200  2.169545 0.071324 2.115629
23  0.000001 11.692097 -0.000007  -1.081122 -0.525146 -0.842022
24  0.000002 0.000008 0.000001  -0.011967 -0.000031 1.570739
25  0.000001 -0.000011 0.000001  0.868960 0.000002 1.570712
26  -6.617934 -9.178503 0.826812  1.473120 1.855075 -0.198639
27  6.027522 -0.000260 -0.000223  1.448973 0.668289 -1.433226
28  11.691992 0.000163 0.000857  0.736747 0.000056 -1.607280
29  11.479476 -0.000071 0.001179  -1.738228 0.247560 -0.008166
30  3.859437 -0.132759 1.193064  0.466149 -0.051827 -1.783911
31  1.312559 0.000025 -0.000000  -0.013963 -0.041043 -0.156446
32  0.729345 0.000065 -0.000027  -0.128320 -0.117290 -0.954858
33  3.942048 0.050139 0.431000  0.211502 -0.107596 -1.469110
34  1.539097 0.000006 -0.000000  0.040711 -0.054386 -1.030473
35  1.196300 0.000078 -0.000004  -0.249391 -0.043040 -0.795119
36  3.883414 -0.050472 -0.431084  0.186408 -0.271796 -1.212174
37  1.719564 -0.000086 -0.000005  0.020973 -0.107650 -1.483531
38  1.209197 0.000035 0.000012  -0.324719 0.069673 -0.493483
39  3.859588 -0.149082 -1.331321  -0.166408 -0.090222 -0.231266
40  1.719412 -0.000098 -0.000036  -0.037675 -0.032189 -0.013102
41  1.099674 0.000023 0.000007  -0.003986 -0.002989 0.312654
42  0.805983 -0.359847 -1.318338  0.991670 0.166767 -0.799527
43  1.789780 -0.000009 -0.000042  0.000058 -0.002451 0.133098
44  1.206997 -0.000007 0.000005  0.000372 -0.000071 1.058780
45  5.740573 0.000078 0.000721  -0.017949 -0.000014 0.000028
46  11.480839 0.000060 0.000980  -0.034719 0.027325 -0.006196
47  6.027515 -0.000273 -0.000230  -0.860105 -0.613663 -2.414464
48  -0.000000 11.691975 -0.000004  -1.092622 0.536378 0.848932
49  0.000002 0.000000 0.000001  3.009277 -0.000036 1.570860
50  -0.000007 -0.000014 0.000006  2.272645 -0.000036 1.570861
51  -2.883781 -5.535399 -9.310076  -2.382138 -0.452220 -1.702333
52  -0.000000 -0.000000 -0.000000  0.008153 -0.000259 0.000009
53  -0.000000 0.000000 0.000000  1.565115 0.043565 -0.106862
54  3.365410 -13.847054 -5.841926  1.020253 -0.562651 -2.138428
55  -0.000000 -0.000001 -0.000000  0.000000 -0.000001 -0.000002
56  0.000029 0.000029 0.000002  -1.571901 -0.044449 -0.106509
57  21.073214 -11.194812 -13.891666  1.570796 -0.000000 0.000000
58  -2.817810 3.446018 -23.626143  1.570796 -0.000000 0.000000
59  0.589233 0.078351 -12.022285  1.570796 -0.000000 0.000000
60  -0.004311 0.001229 -0.000371  0.006898 -0.005534 -0.284229
61  0.826810 10.209643 -4.879054  1.570796 -0.000000 0.000000
62  0.000000 0.000000 0.000000  -0.078727 -3.136056 0.284226
63  0.000000 0.000000 0.000000  1.569921 -0.034708 -0.036470
64  -5.430602 -7.641475 -3.393216  1.010165 -0.679438 0.439720
65  0.048105 -2.944859 0.933262  0.000000 0.000000 -0.000000
66  0.048104 -1.112259 5.803836  0.000000 0.000000 -0.000000
67  -1.140610 -0.098565 1.093604  0.000000 0.000000 -0.000000
68  0.217550 -1.673974 20.274757  0.000000 0.000000 -0.000000
69  0.217545 -3.706012 2.941689  0.000000 0.000000 -0.000000
70  0.048105 -1.885239 -0.022554  0.000000 0.000000 -0.000000
71  -0.082570 -1.959166 -0.004310  0.000000 0.000000 -0.000000
72  0.217545 -3.788155 3.509795  0.000000 0.000000 -0.000000
73  -2.254620 -12.959929 -4.144297  1.010165 -0.679438 0.439720
74  0.017810 1.009274 -0.369181  0.000000 0.000000 -0.000000
75  -3.588360 -1.097282 -23.660017  1.570796 -0.000000 0.000000
76  0.088237 2.028860 -0.387793  0.000000 -0.000000 0.000000
77  0.089166 1.580732 -0.409891  0.000000 -0.000000 0.000000
78  -0.263817 1.788471 -0.409405  0.000000 -0.000000 0.000000
79  -0.263817 1.287951 -0.409405  0.000000 -0.000000 0.000000
80  -2.368949 -20.093788 -0.256572  1.010165 -0.679438 0.439720
81  0.017809 0.973331 -8.485498  0.000000 0.000000 -0.000000
82  -2.368949 -20.093788 -0.256572  1.010165 -0.679438 0.439720
83  0.088237 1.202834 -8.470931  0.000000 0.000000 -0.000000
84  -0.263816 0.962446 -8.492542  0.000000 0.000000 -0.000000
time 38
0  0.000006 0.000000 0.000000  -1.570800 -1.391899 -1.570792
1  -12.318966 2.816403 0.976700  -1.544956 -1.855077 -0.198630
2  6.027520 -0.000335 0.000191  -2.316942 -0.960562 0.563361
3  11.692109 0.000647 -0.000740  -1.175382 -0.000032 -1.602663
4  11.479669 0.000381 -0.000996  1.792636 -0.523544 0.296463
5  3.859504 -0.142823 -1.192080  -0.390961 0.505694 -0.586162
6  1.312590 0.000010 0.000009  0.008100 -0.039469 -0.454558
7  0.729356 0.000054 0.000049  0.010500 -0.001630 -0.279515
8  3.942142 0.046332 -0.431543  -0.200828 0.196624 -0.689577
9  1.539109 0.000083 0.000004  0.006971 0.039615 -0.000747
10  1.196333 0.000145 0.000028  -0.005393 -0.003090 -0.057527
11  3.883510 -0.047212 0.431351  0.092991 -0.028860 -0.670090
12  1.719573 -0.000029 0.000016  -0.023503 -0.011202 -0.084410
13  1.209180 0.000090 0.000012  0.005804 0.004121 0.226776
14  3.673651 -0.207816 1.509720  0.281948 -0.174380 -0.665036
15  1.719448 -0.000019 0.000028  -0.044476 0.041880 -0.129033
16  1.099675 0.000048 0.000006  0.030426 -0.072292 -0.114775
17  0.545967 0.227272 1.311211  -1.070089 -0.530720 -0.792670
18  1.789819 -0.000003 -0.000018  0.000274 0.001224 -0.727026
19  1.207016 -0.000014 -0.000044  -0.002331 0.036453 0.664531
20  5.740636 0.000388 -0.000699  0.007721 0.000003 0.000064
21  11.480943 0.000251 -0.000850  0.057709 -0.076611 0.059921
22  6.027525 -0.000331 0.000200  2.180571 0.025317 2.097790
23  -0.000001 11.692101 -0.000006  -1.089985 -0.533762 -0.847287
24  0.000003 0.000008 0.000001  -0.306280 -0.000031 1.570739
25  0.000000 -0.000012 0.000000  0.868960 0.000002 1.570712
26  -6.617934 -9.178503 0.826812  1.473120 1.855075 -0.198639
27  6.027523 -0.000260 -0.000223  1.469213 0.659523 -1.441218
28  11.691993 0.000163 0.000858  0.736747 0.000056 -1.606001
29  11.479487 -0.000067 0.001176  -1.773672 0.217407 0.005875
30  3.859437 -0.132758 1.193065  0.466149 -0.051827 -1.783911
31  1.312559 0.000025 0.000000  -0.013963 -0.041043 -0.156446
32  0.729346 0.000065 -0.000027  -0.128320 -0.117290 -0.954858
33  3.942047 0.050139 0.431000  0.211502 -0.107596 -1.469110
34  1.539098 0.000005 -0.000001  0.040711 -0.054386 -1.030473
35  1.196301 0.000078 -0.000002  -0.249391 -0.043040 -0.795119
36  3.883414 -0.050472 -0.431084  0.186408 -0.271796 -1.212173
37  1.719563 -0.000085 -0.000005  0.020973 -0.107650 -1.483531
38  1.209198 0.000035 0.000011  -0.324719 0.069673 -0.493483
39  3.859589 -0.149082 -1.331321  -0.166408 -0.090222 -0.231266
40  1.719412 -0.000099 -0.000036  -0.037675 -0.032189 -0.013102
41  1.099674 0.000023 0.000008  -0.003986 -0.002989 0.312654
42  0.805984 -0.359847 -1.318338  0.991670 0.166767 -0.799527
43  1.789780 -0.000008 -0.000042  0.000058 -0.002451 0.133097
44  1.206998 -0.000006 0.000005  0.000372 -0.000071 1.058780
45  5.740575 0.000079 0.000722  -0.030548 -0.000014 0.000028
46  11.480843 0.000061 0.000980  -0.041776 0.020917 -0.002730
47  6.027515 -0.000273 -0.000230  -0.840535 -0.605096 -2.446130
48  -0.000000 11.691975 -0.000005  -1.091871 0.535644 0.848489
49  0.000003 -0.000001 0.000000  3.009277 -0.000036 1.570860
50  -0.000007 -0.000013 0.000006  2.272645 -0.000036 1.570861
51  -3.078186 -5.542748 -9.466458  -2.415846 -0.453238 -1.694319
52  0.000000 0.000000 0.000000  0.008153 -0.000259 0.000009
53  0.000001 0.000000 -0.000000  1.565115 0.043565 -0.106862
54  4.115551 -14.741156 -7.014007  0.565382 -0.473956 -2.004186
55  -0.000000 0.000000 -0.000000  0.000000 -0.000001 -0.000002
56  0.000031 0.000029 0.000002  -1.571902 -0.044449 -0.106509
57  20.892075 -11.711946 -14.818878  1.570796 -0.000000 0.000000
58  -2.583878 3.450131 -23.648211  1.570796 -0.000000 0.000000
59  0.981011 -0.579735 -12.624756  1.570796 -0.000000 0.000000
60  -0.004311 0.001229 -0.000371  0.006898 -0.005534 -0.284229
61  0.826810 10.209643 -4.879054  1.570796 -0.000000 0.000000
62  0.000000 0.000000 0.000000  -0.078727 -3.136056 0.284226
63  0.000000 0.000000 0.000000  1.569796 -0.034288 -0.034588
64  -5.459478 -7.649173 -3.481185  1.029480 -0.653183 0.421049
65  0.048105 -2.944859 0.933263  -0.000000 -0.000000 -0.000000
66  0.048105 -1.112260 5.803837  -0.000000 -0.000000 -0.000000
67  -1.140610 -0.098565 1.093605  -0.000000 -0.000000 -0.000000
68  0.217551 -1.673974 20.274757  -0.000000 -0.000000 -0.000000
69  0.217546 -3.706012 2.941690  -0.000000 -0.000000 -0.000000
70  0.048105 -1.885239 -0.022554  -0.000000 -0.000000 -0.000000
71  -0.082569 -1.959166 -0.004310  -0.000000 -0.000000 -0.000000
72  0.217546 -3.788155 3.509796  -0.000000 -0.000000 -0.000000
73  -2.343708 -12.986509 -4.342424  1.029480 -0.653183 0.421049
74  0.017810 1.009273 -0.369180  -0.000000 -0.000000 -0.000000
75  -3.588360 -1.097282 -23.660017  1.570796 -0.000000 0.000000
76  0.088237 2.028860 -0.387793  0.000000 -0.000000 0.000000
77  0.089166 1.580732 -0.409891  0.000000 -0.000000 0.000000
78  -0.263817 1.788471 -0.409405  0.000000 -0.000000 0.000000
79  -0.263817 1.287951 -0.409405  0.000000 -0.000000 0.000000
80  -2.388967 -20.130869 -0.472609  1.029480 -0.653183 0.421049
81  0.017810 0.973331 -8.485497  -0.000000 -0.000000 -0.000000
82  -2.388967 -20.130869 -0.472609  1.029480 -0.653183 0.421049
83  0.088237 1.202834 -8.470930  -0.000000 -0.000000 -0.000000
84  -0.263816 0.962446 -8.492543  -0.000000 -0.000000 -0.000000
time 39
0  0.000006 0.000000 0.000000  -1.570800 -1.391899 -1.570792
1  -12.844891 3.598159 1.348473  -1.544956 -1.855077 -0.198630
2  6.027518 -0.000331 0.000191  -2.221648 -0.967203 0.489654
3  11.692105 0.000646 -0.000738  -1.432991 -0.000032 -1.603877
4  11.479655 0.000624 -0.000869  1.554745 -0.624618 0.290654
5  3.859502 -0.142824 -1.192080  -0.390961 0.505694 -0.586162
6  1.312590 0.000011 0.000008  0.007982 -0.048754 -0.454593
7  0.729355 0.000052 0.000049  0.011759 -0.002322 -0.279520
8  3.942141 0.046331 -0.431544  -0.200828 0.196625 -0.689577
9  1.539110 0.000086 0.000005  0.006971 0.039615 -0.000747
10  1.196331 0.000146 0.000028  -0.005393 -0.003090 -0.057527
11  3.883511 -0.047212 0.431350  0.092991 -0.028860 -0.670090
12  1.719573 -0.000028 0.000017  -0.023503 -0.011202 -0.084410
13  1.209179 0.000090 0.000012  0.005804 0.004121 0.226777
14  3.634119 -0.194183 1.513750  0.281948 -0.174380 -0.665036
15  1.719449 -0.000019 0.000028  -0.044476 0.041880 -0.129033
16  1.099675 0.000049 0.000006  0.030426 -0.072292 -0.114775
17  0.538784 0.274212 1.298730  -1.057493 -0.578497 -0.764861
18  1.789819 -0.000002 -0.000018  0.003680 0.004342 -0.729236
19  1.207015 -0.000013 -0.000044  -0.001502 0.000356 0.526564
20  5.740636 0.000388 -0.000700  -0.037234 0.000003 0.000064
21  11.480938 0.000300 -0.000825  0.015793 -0.103171 0.044944
22  6.027523 -0.000328 0.000200  2.173786 -0.029000 2.102391
23  0.000002 11.692098 -0.000009  -1.090698 -0.534457 -0.847708
24  0.000003 0.000009 0.000001  -0.563889 -0.000030 1.570739
25  0.000001 -0.000011 -0.000001  0.868960 0.000002 1.570712
26  -6.617934 -9.178503 0.826812  1.473120 1.855075 -0.198639
27  6.027522 -0.000260 -0.000223  1.485844 0.650181 -1.448250
28  11.691991 0.000161 0.000857  0.736747 0.000056 -1.614027
29  11.479430 -0.000089 0.001196  -1.790737 0.206158 0.030682
30  3.859438 -0.132758 1.193066  0.466149 -0.051827 -1.783911
31  1.312559 0.000026 -0.000001  -0.013963 -0.041043 -0.156446
32  0.729345 0.000064 -0.000027  -0.128320 -0.117290 -0.954858
33  3.942047 0.050139 0.431000  0.211502 -0.107596 -1.469110
34  1.539097 0.000005 -0.000000  0.040711 -0.054386 -1.030473
35  1.196301 0.000077 -0.000004  -0.249391 -0.043040 -0.795119
36  3.883413 -0.050472 -0.431084  0.186408 -0.271796 -1.212173
37  1.719563 -0.000085 -0.000005  0.020973 -0.107650 -1.483531
38  1.209198 0.000036 0.000011  -0.324719 0.069673 -0.493483
39  3.859588 -0.149082 -1.331321  -0.166408 -0.090222 -0.231266
40  1.719413 -0.000098 -0.000036  -0.037675 -0.032189 -0.013102
41  1.099675 0.000024 0.000007  -0.003986 -0.002989 0.312654
42  0.805983 -0.359848 -1.318338  0.991670 0.166767 -0.799527
43  1.789780 -0.000009 -0.000042  0.000058 -0.002451 0.133097
44  1.206996 -0.000006 0.000005  0.000372 -0.000071 1.058780
45  5.740573 0.000079 0.000721  -0.038540 -0.000014 0.000028
46  11.480830 0.000056 0.000983  -0.045302 0.018132 0.002536
47  6.027515 -0.000273 -0.000230  -0.822463 -0.598819 -2.473524
48  -0.000001 11.691975 -0.000005  -1.096583 0.540249 0.851257
49  0.000003 0.000000 -0.000000  3.009277 -0.000036 1.570860
50  -0.000007 -0.000013 0.000005  2.272645 -0.000036 1.570861
51  -3.244889 -5.477859 -9.548146  -2.432825 -0.442163 -1.686628
52  -0.000000 0.000001 0.000000  0.008153 -0.000259 0.000009
53  -0.000000 0.000000 0.000000  1.565115 0.043565 -0.106862
54  4.539550 -15.797348 -8.463626  0.078007 -0.301993 -1.934593
55  0.000001 0.000002 -0.000000  0.000000 -0.000001 -0.000002
56  0.000031 0.000031 0.000001  -1.571901 -0.044449 -0.106509
57  20.674450 -12.433404 -15.689483  1.570796 -0.000000 0.000000
58  -2.383553 3.454515 -23.671368  1.570796 -0.000000 0.000000
59  1.352784 -1.255430 -13.281396  1.570796 -0.000000 0.000000
60  -0.004311 0.001229 -0.000371  0.006898 -0.005534 -0.284229
61  0.826810 10.209643 -4.879054  1.570796 -0.000000 0.000000
62  0.000000 0.000000 0.000000  -0.078727 -3.136056 0.284226
63  0.000000 0.000000 0.000000  1.569681 -0.033593 -0.033148
64  -5.542372 -7.661865 -3.557924  1.051234 -0.645650 0.408235
65  0.048106 -2.944859 0.933264  -0.000000 0.000000 0.000000
66  0.048105 -1.112260 5.803836  -0.000000 0.000000 0.000000
67  -1.140611 -0.098565 1.093605  -0.000000 0.000000 0.000000
68  0.217552 -1.673973 20.274757  -0.000000 0.000000 0.000000
69  0.217546 -3.706013 2.941690  -0.000000 0.000000 0.000000
70  0.048105 -1.885239 -0.022553  -0.000000 0.000000 0.000000
71  -0.082569 -1.959166 -0.004310  -0.000000 0.000000 0.000000
72  0.217546 -3.788155 3.509796  -0.000000 0.000000 0.000000
73  -2.437504 -12.986380 -4.530678  1.051234 -0.645650 0.408235
74  0.017809 1.009273 -0.369180  -0.000000 0.000000 0.000000
75  -3.588360 -1.097282 -23.660017  1.570796 -0.000000 0.000000
76  0.088237 2.028860 -0.387793  0.000000 -0.000000 0.000000
77  0.089166 1.580732 -0.409891  0.000000 -0.000000 0.000000
78  -0.263817 1.788471 -0.409405  0.000000 -0.000000 0.000000
79  -0.263817 1.287951 -0.409405  0.000000 -0.000000 0.000000
80  -2.427260 -20.179785 -0.752548  1.051234 -0.645650 0.408235
81  0.017809 0.973331 -8.485498  -0.000000 0.000000 0.000000
82  -2.427260 -20.179785 -0.752548  1.051234 -0.645650 0.408235
83  0.088237 1.202834 -8.470929  -0.000000 0.000000 0.000000
84  -0.263817 0.962445 -8.492541  -0.000000 0.000000 0.000000
time 40
0  0.000006 0.000000 0.000000  -1.570800 -1.391899 -1.570792
1  -13.376574 4.348068 1.669266  -1.544956 -1.855077 -0.198630
2  6.027520 -0.000334 0.000190  -2.268850 -1.100306 0.591275
3  11.692107 0.000644 -0.000736  -1.637258 -0.000025 -1.494755
4  11.480507 0.000753 -0.000206  1.081267 -0.617426 0.324977
5  3.859500 -0.142824 -1.192080  -0.368875 0.491360 -0.624740
6  1.312590 0.000010 0.000007  0.009896 -0.056044 -0.528519
7  0.729355 0.000051 0.000047  0.013242 -0.001433 -0.524958
8  3.942139 0.046331 -0.431543  -0.162913 0.202624 -0.711839
9  1.539111 0.000085 0.000004  0.007046 0.043233 -0.122558
10  1.196332 0.000145 0.000029  -0.005443 -0.002529 -0.046844
11  3.883507 -0.047214 0.431351  0.123249 -0.010763 -0.675289
12  1.719573 -0.000028 0.000017  -0.020579 -0.008049 -0.133916
13  1.209178 0.000087 0.000012  0.005764 0.004690 0.228149
14  3.634907 -0.193989 1.513114  0.320350 -0.181401 -0.672256
15  1.719448 -0.000018 0.000029  -0.041320 0.056235 -0.151648
16  1.099675 0.000049 0.000006  0.027888 -0.072761 -0.040027
17  0.538782 0.274213 1.298730  -1.232525 -0.416276 -0.769286
18  1.789818 -0.000004 -0.000020  0.004275 0.004925 -0.621846
19  1.207015 -0.000014 -0.000045  -0.001529 0.000361 0.528109
20  5.740634 0.000388 -0.000698  -0.119721 0.000003 0.000063
21  11.481108 0.000330 -0.000692  -0.070066 -0.114480 0.021660
22  6.027524 -0.000330 0.000200  2.041286 -0.001790 2.165406
23  0.000001 11.692100 -0.000006  -1.026361 -0.473063 -0.808298
24  0.000002 0.000010 0.000000  -0.768159 -0.000031 1.570739
25  -0.000001 -0.000012 -0.000001  0.868960 0.000002 1.570712
26  -6.617934 -9.178503 0.826812  1.473120 1.855075 -0.198639
27  6.027523 -0.000260 -0.000223  1.491377 0.642645 -1.456071
28  11.691992 0.000163 0.000858  0.736747 0.000057 -1.629268
29  11.479324 -0.000130 0.001233  -1.778531 0.219796 0.057787
30  3.859438 -0.132759 1.193065  0.466149 -0.051827 -1.783911
31  1.312559 0.000027 -0.000001  -0.013963 -0.041043 -0.156446
32  0.729345 0.000065 -0.000027  -0.128320 -0.117290 -0.954858
33  3.942046 0.050139 0.431000  0.211502 -0.107596 -1.469110
34  1.539097 0.000005 -0.000001  0.040711 -0.054386 -1.030473
35  1.196300 0.000078 -0.000003  -0.249391 -0.043040 -0.795119
36  3.883413 -0.050473 -0.431084  0.186408 -0.271796 -1.212173
37  1.719564 -0.000085 -0.000005  0.020973 -0.107650 -1.483531
38  1.209198 0.000035 0.000011  -0.324719 0.069673 -0.493483
39  3.859588 -0.149083 -1.331321  -0.166408 -0.090222 -0.231266
40  1.719413 -0.000098 -0.000035  -0.037675 -0.032189 -0.013102
41  1.099675 0.000023 0.000008  -0.003986 -0.002989 0.312654
42  0.805983 -0.359848 -1.318338  0.991670 0.166767 -0.799527
43  1.789780 -0.000008 -0.000042  0.000058 -0.002451 0.133098
44  1.206996 -0.000006 0.000006  0.000372 -0.000071 1.058780
45  5.740574 0.000081 0.000721  -0.038464 -0.000014 0.000028
46  11.480810 0.000048 0.000993  -0.043179 0.020477 0.007808
47  6.027515 -0.000273 -0.000230  -0.811888 -0.598913 -2.490640
48  -0.000002 11.691974 -0.000005  -1.105524 0.549022 0.856465
49  0.000003 -0.000001 -0.000001  3.009277 -0.000036 1.570860
50  -0.000008 -0.000014 0.000006  2.272645 -0.000036 1.570861
51  -3.300201 -5.357696 -9.521995  -2.418573 -0.420705 -1.683570
52  -0.000000 0.000000 -0.000000  0.008153 -0.000259 0.000009
53  0.000000 -0.000001 0.000000  1.565115 0.043565 -0.106862
54  3.098967 -17.107418 -9.333418  -0.514878 -0.106622 -2.038894
55  -0.000001 0.000000 0.000000  0.000000 -0.000001 -0.000002
56  0.000029 0.000030 0.000000  -1.571902 -0.044449 -0.106509
57  20.432831 -13.327571 -16.521404  1.570796 -0.000000 0.000000
58  -2.217040 3.459249 -23.694527  1.570796 -0.000000 0.000000
59  1.673577 -1.898760 -13.938036  1.570796 -0.000000 0.000000
60  -0.004311 0.001229 -0.000371  0.006898 -0.005534 -0.284229
61  0.826810 10.209643 -4.879054  1.570796 -0.000000 0.000000
62  0.000000 0.000000 0.000000  -0.078727 -3.136056 0.284226
63  0.000000 0.000000 0.000000  1.569516 -0.032556 -0.032572
64  -5.668454 -7.680799 -3.612202  1.066557 -0.667576 0.407898
65  0.048106 -2.944859 0.933263  0.000000 -0.000000 -0.000000
66  0.048106 -1.112260 5.803837  0.000000 -0.000000 -0.000000
67  -1.140610 -0.098565 1.093603  0.000000 -0.000000 -0.000000
68  0.217550 -1.673975 20.274761  0.000000 -0.000000 -0.000000
69  0.217546 -3.706014 2.941692  0.000000 -0.000000 -0.000000
70  0.048106 -1.885239 -0.022554  0.000000 -0.000000 -0.000000
71  -0.082568 -1.959166 -0.004309  0.000000 -0.000000 -0.000000
72  0.217546 -3.788155 3.509796  0.000000 -0.000000 -0.000000
73  -2.500458 -12.957162 -4.642109  1.066557 -0.667576 0.407898
74  0.017810 1.009273 -0.369181  0.000000 -0.000000 -0.000000
75  -3.588360 -1.097282 -23.660017  1.570796 -0.000000 0.000000
76  0.088237 2.028860 -0.387793  0.000000 -0.000000 0.000000
77  0.089166 1.580732 -0.409891  0.000000 -0.000000 0.000000
78  -0.263817 1.788471 -0.409405  0.000000 -0.000000 0.000000
79  -0.263817 1.287951 -0.409405  0.000000 -0.000000 0.000000
80  -2.481760 -20.223980 -1.007214  1.066557 -0.667576 0.407898
81  0.017809 0.973330 -8.485500  0.000000 -0.000000 -0.000000
82  -2.481760 -20.223980 -1.007214  1.066557 -0.667576 0.407898
83  0.088235 1.202833 -8.470931  0.000000 -0.000000 -0.000000
84  -0.263817 0.962446 -8.492543  0.000000 -0.000000 -0.000000
time 41
0  0.000006 0.000000 0.000000  -1.570800 -1.391899 -1.570792
1  -13.830282 5.224758 2.011435  -1.544956 -1.855077 -0.198630
2  6.027522 -0.000332 0.000189  0.569404 -1.877722 -2.223612
3  11.692107 0.000645 -0.000739  -1.786627 -0.000017 -1.366240
4  11.480067 0.000816 -0.000294  0.839798 -0.546119 0.182757
5  3.859502 -0.142823 -1.192079  -0.320823 0.458648 -0.746990
6  1.312590 0.000010 0.000007  0.015322 -0.059416 -0.711827
7  0.729356 0.000052 0.000049  0.013702 0.001707 -1.050642
8  3.942141 0.046331 -0.431543  -0.089851 0.214515 -0.807609
9  1.539110 0.000083 0.000004  0.005686 0.050998 -0.388585
10  1.196332 0.000146 0.000029  -0.005538 -0.001287 -0.007822
11  3.883511 -0.047212 0.431351  0.185795 0.033589 -0.724868
12  1.719572 -0.000032 0.000017  -0.014907 -0.000983 -0.268818
13  1.209179 0.000091 0.000012  0.005718 0.005873 0.239940
14  3.637285 -0.193401 1.511205  0.403000 -0.192101 -0.696700
15  1.719448 -0.000017 0.000028  -0.034681 0.087109 -0.199954
16  1.099674 0.000048 0.000006  0.022455 -0.073134 0.119544
17  0.538785 0.274217 1.298732  -1.179390 -0.395666 -0.709940
18  1.789820 -0.000004 -0.000019  0.005043 0.004776 -0.375685
19  1.207016 -0.000013 -0.000042  -0.001580 0.000385 0.541371
20  5.740636 0.000389 -0.000701  -0.169790 0.000003 0.000063
21  11.481021 0.000343 -0.000713  -0.124424 -0.100035 -0.016187
22  6.027524 -0.000331 0.000200  1.864846 0.089195 2.202428
23  0.000000 11.692099 -0.000007  -0.949572 -0.403808 -0.757894
24  0.000004 0.000010 0.000000  -0.917533 -0.000031 1.570739
25  0.000000 -0.000011 0.000000  0.868960 0.000002 1.570712
26  -6.617934 -9.178503 0.826812  1.473120 1.855075 -0.198639
27  6.027523 -0.000260 -0.000223  1.484311 0.640702 -1.465180
28  11.691994 0.000162 0.000857  0.736747 0.000058 -1.645196
29  11.479219 -0.000174 0.001272  -1.736474 0.250823 0.083120
30  3.859437 -0.132758 1.193065  0.466149 -0.051827 -1.783911
31  1.312559 0.000025 -0.000000  -0.013963 -0.041043 -0.156446
32  0.729346 0.000066 -0.000027  -0.128320 -0.117290 -0.954858
33  3.942046 0.050139 0.431000  0.211502 -0.107596 -1.469110
34  1.539098 0.000005 -0.000001  0.040711 -0.054386 -1.030473
35  1.196301 0.000077 -0.000003  -0.249391 -0.043040 -0.795119
36  3.883414 -0.050472 -0.431085  0.186408 -0.271796 -1.212173
37  1.719563 -0.000085 -0.000005  0.020973 -0.107650 -1.483531
38  1.209198 0.000035 0.000010  -0.324719 0.069673 -0.493483
39  3.859588 -0.149081 -1.331322  -0.166408 -0.090222 -0.231266
40  1.719412 -0.000098 -0.000037  -0.037675 -0.032189 -0.013102
41  1.099673 0.000024 0.000007  -0.003986 -0.002989 0.312654
42  0.805984 -0.359847 -1.318339  0.991670 0.166767 -0.799527
43  1.789780 -0.000009 -0.000042  0.000058 -0.002451 0.133098
44  1.206997 -0.000007 0.000006  0.000372 -0.000071 1.058780
45  5.740573 0.000079 0.000722  -0.030357 -0.000014 0.000028
46  11.480788 0.000040 0.001000  -0.035387 0.026716 0.011985
47  6.027515 -0.000273 -0.000230  -0.813389 -0.604768 -2.494670
48  -0.000001 11.691976 -0.000007  -1.114863 0.558234 0.861838
49  0.000003 0.000000 0.000000  3.009277 -0.000036 1.570860
50  -0.000007 -0.000014 0.000004  2.272645 -0.000036 1.570861
51  -3.227484 -5.237356 -9.384655  -2.374169 -0.394948 -1.681905
52  0.000001 -0.000001 0.000001  0.008153 -0.000259 0.000009
53  0.000000 0.000000 -0.000001  1.565115 0.043565 -0.106862
54  0.839620 -17.897211 -9.591522  -0.941400 -0.142794 -2.222686
55  0.000001 -0.000002 -0.000000  0.000000 -0.000001 -0.000002
56  0.000031 0.000027 0.000000  -1.571901 -0.044449 -0.106509
57  20.226715 -14.745782 -17.390593  1.570796 -0.000000 0.000000
58  -2.083163 3.464417 -23.716593  1.570796 -0.000000 0.000000
59  2.015747 -2.680723 -14.540505  1.570796 -0.000000 0.000000
60  -0.004311 0.001229 -0.000371  0.006898 -0.005534 -0.284229
61  0.826810 10.209643 -4.879054  1.570796 -0.000000 0.000000
62  0.000000 0.000000 0.000000  -0.078727 -3.136056 0.284226
63  0.000000 0.000000 0.000000  1.569270 -0.031077 -0.033716
64  -5.802332 -7.730807 -3.632791  1.068726 -0.715762 0.425794
65  0.048106 -2.944859 0.933262  -0.000000 0.000000 0.000000
66  0.048105 -1.112260 5.803838  -0.000000 0.000000 0.000000
67  -1.140611 -0.098565 1.093603  -0.000000 0.000000 0.000000
68  0.217551 -1.673973 20.274759  -0.000000 0.000000 0.000000
69  0.217545 -3.706013 2.941691  -0.000000 0.000000 0.000000
70  0.048105 -1.885239 -0.022553  -0.000000 0.000000 0.000000
71  -0.082569 -1.959166 -0.004310  -0.000000 0.000000 0.000000
72  0.217546 -3.788155 3.509795  -0.000000 0.000000 0.000000
73  -2.489383 -12.923342 -4.632226  1.068726 -0.715762 0.425794
74  0.017809 1.009273 -0.369180  -0.000000 0.000000 0.000000
75  -3.588360 -1.097282 -23.660017  1.570796 -0.000000 0.000000
76  0.088237 2.028860 -0.387793  0.000000 -0.000000 0.000000
77  0.089166 1.580732 -0.409891  0.000000 -0.000000 0.000000
78  -0.263817 1.788471 -0.409405  0.000000 -0.000000 0.000000
79  -0.263817 1.287951 -0.409405  0.000000 -0.000000 0.000000
80  -2.484270 -20.264805 -1.150515  1.068726 -0.715762 0.425794
81  0.017809 0.973330 -8.485500  -0.000000 0.000000 0.000000
82  -2.484270 -20.264805 -1.150515  1.068726 -0.715762 0.425794
83  0.088236 1.202833 -8.470931  -0.000000 0.000000 0.000000
84  -0.263818 0.962445 -8.492545  -0.000000 0.000000 0.000000
time 42
0  0.000006 0.000000 0.000000  -1.570800 -1.391899 -1.570792
1  -14.140658 6.335695 2.427567  -1.544956 -1.855077 -0.198630
2  6.027523 -0.000329 0.000189  -0.039444 -1.822332 -1.659131
3  11.692108 0.000643 -0.000740  -1.886578 -0.000016 -1.343370
4  11.480214 0.000818 -0.000131  1.024852 -0.669468 0.039290
5  3.859504 -0.142824 -1.192079  -0.297245 0.434263 -0.906226
6  1.312589 0.000010 0.000010  0.019692 -0.059188 -0.863069
7  0.729355 0.000054 0.000049  0.013402 0.002863 -1.281263
8  3.942140 0.046330 -0.431543  -0.074602 0.213132 -0.979660
9  1.539111 0.000085 0.000004  0.004349 0.054453 -0.513376
10  1.196331 0.000146 0.000029  -0.005567 -0.000588 0.052584
11  3.883510 -0.047213 0.431351  0.207905 0.070199 -0.851232
12  1.719572 -0.000028 0.000016  -0.012890 0.002118 -0.406246
13  1.209178 0.000089 0.000012  0.005798 0.006337 0.268522
14  3.641236 -0.192424 1.508028  0.443078 -0.187381 -0.729443
15  1.719449 -0.000017 0.000028  -0.029544 0.101459 -0.222373
16  1.099675 0.000050 0.000005  0.020089 -0.073048 0.193484
17  0.538783 0.274215 1.298729  -1.125496 -0.377486 -0.649975
18  1.789819 -0.000004 -0.000022  0.005944 0.004687 -0.254057
19  1.207015 -0.000013 -0.000044  -0.001590 0.000436 0.573370
20  5.740637 0.000388 -0.000699  -0.154648 0.000003 0.000064
21  11.481050 0.000342 -0.000678  -0.091808 -0.115681 -0.038865
22  6.027524 -0.000327 0.000200  1.727543 0.197456 2.160406
23  -0.000001 11.692097 -0.000008  -0.935751 -0.391862 -0.748483
24  0.000004 0.000009 0.000000  -1.017485 -0.000031 1.570739
25  -0.000000 -0.000012 0.000000  0.868960 0.000002 1.570712
26  -6.617934 -9.178503 0.826812  1.473120 1.855075 -0.198639
27  6.027523 -0.000260 -0.000223  1.465722 0.648445 -1.476068
28  11.691993 0.000161 0.000857  0.736748 0.000059 -1.656815
29  11.479139 -0.000201 0.001297  -1.672679 0.291767 0.104399
30  3.859437 -0.132759 1.193065  0.466149 -0.051827 -1.783911
31  1.312559 0.000026 -0.000000  -0.013963 -0.041043 -0.156446
32  0.729345 0.000063 -0.000028  -0.128320 -0.117290 -0.954858
33  3.942047 0.050139 0.431000  0.211502 -0.107596 -1.469110
34  1.539097 0.000006 -0.000002  0.040711 -0.054386 -1.030473
35  1.196300 0.000078 -0.000004  -0.249390 -0.043040 -0.795119
36  3.883413 -0.050472 -0.431084  0.186408 -0.271796 -1.212173
37  1.719563 -0.000084 -0.000004  0.020973 -0.107650 -1.483531
38  1.209197 0.000035 0.000010  -0.324719 0.069673 -0.493483
39  3.859588 -0.149082 -1.331321  -0.166408 -0.090222 -0.231266
40  1.719411 -0.000098 -0.000036  -0.037675 -0.032189 -0.013102
41  1.099673 0.000022 0.000007  -0.003986 -0.002989 0.312654
42  0.805983 -0.359848 -1.318339  0.991670 0.166767 -0.799527
43  1.789780 -0.000009 -0.000042  0.000058 -0.002451 0.133097
44  1.206996 -0.000007 0.000006  0.000372 -0.000071 1.058780
45  5.740572 0.000079 0.000722  -0.015952 -0.000014 0.000028
46  11.480771 0.000034 0.001004  -0.023581 0.035438 0.014448
47  6.027515 -0.000273 -0.000230  -0.830926 -0.613361 -2.484355
48  0.000000 11.691975 -0.000005  -1.121672 0.564980 0.865713
49  0.000003 -0.000002 0.000002  3.009277 -0.000036 1.570860
50  -0.000006 -0.000014 0.000006  2.272645 -0.000036 1.570861
51  -3.043988 -5.160608 -9.119987  -2.308263 -0.371189 -1.680147
52  -0.000000 0.000000 0.000000  0.008153 -0.000259 0.000009
53  -0.000001 0.000000 -0.000001  1.565115 0.043565 -0.106862
54  -0.846364 -17.447212 -9.027621  -0.935408 -0.225684 -2.239917
55  -0.000001 -0.000001 -0.000001  0.000000 -0.000001 -0.000002
56  0.000029 0.000028 0.000000  -1.571902 -0.044449 -0.106509
57  20.057884 -16.915287 -18.294979  1.570796 -0.000000 0.000000
58  -1.979527 3.470107 -23.736591  1.570796 -0.000000 0.000000
59  2.431879 -3.718700 -15.043614  1.570796 -0.000000 0.000000
60  -0.004311 0.001229 -0.000371  0.006898 -0.005534 -0.284229
61  0.826810 10.209643 -4.879054  1.570796 -0.000000 0.000000
62  0.000000 0.000000 0.000000  -0.078727 -3.136056 0.284226
63  0.000000 0.000000 0.000000  1.569000 -0.029422 -0.036237
64  -5.908614 -7.821187 -3.584076  1.052340 -0.780235 0.463346
65  0.048106 -2.944859 0.933263  -0.000000 0.000000 0.000000
66  0.048106 -1.112260 5.803837  -0.000000 0.000000 0.000000
67  -1.140610 -0.098565 1.093602  -0.000000 0.000000 0.000000
68  0.217551 -1.673974 20.274759  -0.000000 0.000000 0.000000
69  0.217546 -3.706013 2.941691  -0.000000 0.000000 0.000000
70  0.048106 -1.885240 -0.022553  -0.000000 0.000000 0.000000
71  -0.082568 -1.959166 -0.004310  -0.000000 0.000000 0.000000
72  0.217546 -3.788155 3.509796  -0.000000 0.000000 0.000000
73  -2.400704 -12.907891 -4.454095  1.052340 -0.780235 0.463346
74  0.017810 1.009273 -0.369182  -0.000000 0.000000 0.000000
75  -3.588360 -1.097282 -23.660017  1.570796 -0.000000 0.000000
76  0.088237 2.028860 -0.387793  0.000000 -0.000000 0.000000
77  0.089166 1.580732 -0.409891  0.000000 -0.000000 0.000000
78  -0.263817 1.788471 -0.409405  0.000000 -0.000000 0.000000
79  -0.263817 1.287951 -0.409405  0.000000 -0.000000 0.000000
80  -2.417771 -20.307259 -1.097240  1.052340 -0.780235 0.463346
81  0.017809 0.973330 -8.485498  -0.000000 0.000000 0.000000
82  -2.417771 -20.307259 -1.097240  1.052340 -0.780235 0.463346
83  0.088236 1.202833 -8.470930  -0.000000 0.000000 0.000000
84  -0.263817 0.962445 -8.492543  -0.000000 0.000000 0.000000
time 43
0  0.000006 0.000000 0.000000  -1.570800 -1.391899 -1.570792
1  -14.322294 7.426034 2.824496  -1.544956 -1.855077 -0.198630
2  6.027526 -0.000333 0.000188  -0.744548 -1.911499 -1.008696
3  11.692108 0.000643 -0.000736  -1.943576 -0.000014 -1.306458
4  11.480476 0.000770 0.000048  1.318077 -0.883183 -0.158097
5  3.859504 -0.142822 -1.192080  -0.310413 0.438747 -1.090760
6  1.312589 0.000010 0.000007  0.019563 -0.047346 -0.963701
7  0.729357 0.000053 0.000049  0.011106 -0.002005 -0.777669
8  3.942142 0.046332 -0.431543  -0.136964 0.165750 -1.310864
9  1.539110 0.000084 0.000005  -0.006702 0.039271 -0.497285
10  1.196333 0.000147 0.000029  -0.005499 -0.002220 0.163037
11  3.883510 -0.047212 0.431350  0.156040 0.093420 -1.124152
12  1.719573 -0.000027 0.000017  -0.027805 -0.018551 -0.517842
13  1.209178 0.000089 0.000012  0.006336 0.002970 0.410141
14  3.646735 -0.191063 1.503607  0.412315 -0.034395 -1.064062
15  1.719449 -0.000020 0.000028  -0.024924 0.076043 -0.181340
16  1.099675 0.000049 0.000006  0.024697 -0.072635 0.099174
17  0.588806 0.235480 1.292193  -1.328878 0.017630 -0.980288
18  1.789819 -0.000003 -0.000018  0.006432 0.005137 -0.495541
19  1.207015 -0.000013 -0.000044  -0.001388 0.000653 0.753134
20  5.740637 0.000389 -0.000700  -0.143553 0.000003 0.000063
21  11.481102 0.000330 -0.000643  -0.046154 -0.153523 -0.060784
22  6.027524 -0.000329 0.000199  1.555663 0.340296 2.087585
23  -0.000000 11.692100 -0.000005  -0.913331 -0.372838 -0.733017
24  0.000004 0.000010 -0.000002  -1.074485 -0.000031 1.570739
25  -0.000001 -0.000011 0.000000  0.868960 0.000002 1.570712
26  -6.617934 -9.178503 0.826812  1.473120 1.855075 -0.198639
27  6.027523 -0.000260 -0.000223  1.435537 0.666017 -1.489919
28  11.691994 0.000161 0.000858  0.736748 0.000059 -1.661450
29  11.479109 -0.000211 0.001306  -1.598617 0.339603 0.114770
30  3.859437 -0.132758 1.193066  0.466149 -0.051827 -1.783911
31  1.312561 0.000026 -0.000001  -0.013963 -0.041043 -0.156446
32  0.729345 0.000064 -0.000028  -0.128320 -0.117290 -0.954858
33  3.942047 0.050139 0.431000  0.211502 -0.107596 -1.469110
34  1.539097 0.000005 -0.000001  0.040711 -0.054386 -1.030473
35  1.196299 0.000078 -0.000004  -0.249391 -0.043040 -0.795119
36  3.883413 -0.050473 -0.431084  0.186408 -0.271796 -1.212174
37  1.719564 -0.000083 -0.000004  0.020974 -0.107650 -1.483531
38  1.209198 0.000035 0.000011  -0.324719 0.069673 -0.493483
39  3.859588 -0.149082 -1.331321  -0.166408 -0.090222 -0.231266
40  1.719412 -0.000099 -0.000037  -0.037675 -0.032189 -0.013102
41  1.099674 0.000024 0.000007  -0.003986 -0.002989 0.312654
42  0.805984 -0.359847 -1.318338  0.991670 0.166767 -0.799527
43  1.789781 -0.000008 -0.000043  0.000058 -0.002451 0.133097
44  1.206996 -0.000007 0.000005  0.000372 -0.000071 1.058780
45  5.740572 0.000080 0.000721  0.003458 -0.000014 0.000028
46  11.480765 0.000033 0.001006  -0.009935 0.045939 0.013915
47  6.027515 -0.000273 -0.000230  -0.865061 -0.623677 -2.459969
48  -0.000000 11.691973 -0.000005  -1.124388 0.567678 0.867248
49  0.000003 -0.000000 -0.000001  3.009277 -0.000036 1.570860
50  -0.000006 -0.000014 0.000006  2.272645 -0.000036 1.570861
51  -2.748256 -5.137825 -8.747316  -2.228828 -0.353220 -1.682215
52  -0.000000 -0.000001 -0.000000  0.008153 -0.000259 0.000009
53  0.000001 0.000000 0.000000  1.565115 0.043565 -0.106862
54  -2.597238 -16.096655 -7.872999  -0.870022 -0.294840 -2.163063
55  -0.000000 0.000000 -0.000000  0.000000 -0.000001 -0.000002
56  0.000031 0.000028 0.000001  -1.571901 -0.044449 -0.106509
57  19.798496 -19.243057 -19.068920  1.570796 -0.000000 0.000000
58  -1.902865 3.476395 -23.753719  1.570796 -0.000000 0.000000
59  2.828809 -4.759316 -15.416371  1.570796 -0.000000 0.000000
60  -0.004311 0.001229 -0.000371  0.006898 -0.005534 -0.284229
61  0.826810 10.209643 -4.879054  1.570796 -0.000000 0.000000
62  0.000000 0.000000 0.000000  -0.078727 -3.136056 0.284226
63  0.000000 0.000000 0.000000  1.568780 -0.028076 -0.038758
64  -5.951906 -7.929881 -3.467910  1.012637 -0.851659 0.518379
65  0.048106 -2.944859 0.933263  -0.000000 0.000000 -0.000000
66  0.048106 -1.112260 5.803838  -0.000000 0.000000 -0.000000
67  -1.140611 -0.098565 1.093603  -0.000000 0.000000 -0.000000
68  0.217552 -1.673973 20.274757  -0.000000 0.000000 -0.000000
69  0.217546 -3.706013 2.941692  -0.000000 0.000000 -0.000000
70  0.048106 -1.885239 -0.022553  -0.000000 0.000000 -0.000000
71  -0.082568 -1.959166 -0.004309  -0.000000 0.000000 -0.000000
72  0.217546 -3.788155 3.509796  -0.000000 0.000000 -0.000000
73  -2.255107 -12.915254 -4.113400  1.012637 -0.851659 0.518379
74  0.017810 1.009273 -0.369182  -0.000000 0.000000 -0.000000
75  -3.588360 -1.097282 -23.660017  1.570796 -0.000000 0.000000
76  0.088237 2.028860 -0.387793  0.000000 -0.000000 0.000000
77  0.089166 1.580732 -0.409891  0.000000 -0.000000 0.000000
78  -0.263817 1.788471 -0.409405  0.000000 -0.000000 0.000000
79  -0.263817 1.287951 -0.409405  0.000000 -0.000000 0.000000
80  -2.330417 -20.347931 -0.831776  1.012637 -0.851659 0.518379
81  0.017810 0.973330 -8.485500  -0.000000 0.000000 -0.000000
82  -2.330417 -20.347931 -0.831776  1.012637 -0.851659 0.518379
83  0.088238 1.202834 -8.470932  -0.000000 0.000000 -0.000000
84  -0.263816 0.962445 -8.492544  -0.000000 0.000000 -0.000000
time 44
0  0.000006 0.000000 0.000000  -1.570800 -1.391899 -1.570792
1  -14.416728 8.174190 3.090819  -1.544956 -1.855077 -0.198630
2  6.027528 -0.000331 0.000190  -0.995590 -2.041494 -0.817936
3  11.692109 0.000644 -0.000740  -1.962102 -0.000015 -1.301245
4  11.480508 0.000764 0.000084  1.456747 -0.976935 -0.242266
5  3.859503 -0.142823 -1.192079  -0.352663 0.398631 -1.321830
6  1.312588 0.000009 0.000008  0.016981 -0.036548 -1.004659
7  0.729354 0.000054 0.000048  0.006524 -0.004996 -0.252306
8  3.942141 0.046331 -0.431543  -0.176349 0.116907 -1.556511
9  1.539109 0.000084 0.000005  -0.017202 0.017624 -0.480979
10  1.196332 0.000145 0.000028  -0.005164 -0.004097 0.238800
11  3.883510 -0.047212 0.431351  0.095878 0.097720 -1.377194
12  1.719573 -0.000028 0.000017  -0.039069 -0.050659 -0.649109
13  1.209179 0.000090 0.000011  0.007062 -0.000553 0.534013
14  3.653728 -0.189335 1.497982  0.325454 0.092570 -1.400772
15  1.719447 -0.000017 0.000028  -0.023681 0.050865 -0.140176
16  1.099674 0.000047 0.000006  0.033219 -0.070582 -0.110631
17  0.729703 0.126375 1.273781  -1.644542 0.294097 -1.385238
18  1.789820 -0.000004 -0.000022  0.008566 0.006564 -0.718376
19  1.207013 -0.000015 -0.000043  -0.001073 0.000877 1.089311
20  5.740635 0.000389 -0.000699  -0.147029 0.000003 0.000064
21  11.481106 0.000329 -0.000635  -0.028092 -0.172664 -0.064805
22  6.027524 -0.000328 0.000200  1.424523 0.448936 1.996454
23  0.000001 11.692101 -0.000008  -0.910151 -0.370178 -0.730807
24  0.000003 0.000008 0.000000  -1.093012 -0.000030 1.570739
25  0.000002 -0.000011 0.000000  0.868960 0.000002 1.570712
26  -6.617934 -9.178503 0.826812  1.473120 1.855075 -0.198639
27  6.027523 -0.000260 -0.000223  1.398707 0.688959 -1.506452
28  11.691992 0.000163 0.000857  0.736747 0.000060 -1.661343
29  11.479110 -0.000209 0.001306  -1.523296 0.392067 0.116850
30  3.859437 -0.132759 1.193065  0.466149 -0.051827 -1.783911
31  1.312558 0.000026 -0.000001  -0.013963 -0.041043 -0.156446
32  0.729345 0.000065 -0.000028  -0.128320 -0.117290 -0.954858
33  3.942046 0.050139 0.431000  0.211502 -0.107596 -1.469110
34  1.539097 0.000006 -0.000000  0.040711 -0.054386 -1.030473
35  1.196300 0.000078 -0.000004  -0.249391 -0.043040 -0.795119
36  3.883413 -0.050472 -0.431084  0.186408 -0.271796 -1.212173
37  1.719564 -0.000084 -0.000004  0.020973 -0.107650 -1.483531
38  1.209198 0.000035 0.000011  -0.324719 0.069673 -0.493483
39  3.859588 -0.149082 -1.331321  -0.166408 -0.090222 -0.231266
40  1.719413 -0.000099 -0.000037  -0.037675 -0.032189 -0.013102
41  1.099675 0.000023 0.000007  -0.003986 -0.002989 0.312654
42  0.805983 -0.359848 -1.318338  0.991670 0.166767 -0.799527
43  1.789780 -0.000008 -0.000042  0.000058 -0.002451 0.133097
44  1.206997 -0.000007 0.000006  0.000372 -0.000071 1.058780
45  5.740572 0.000080 0.000721  0.025800 -0.000014 0.000028
46  11.480765 0.000033 0.001006  0.003813 0.057471 0.011077
47  6.027515 -0.000273 -0.000230  -0.908820 -0.633524 -2.427679
48  -0.000001 11.691973 -0.000004  -1.124325 0.567615 0.867213
49  0.000003 0.000001 0.000000  3.009277 -0.000036 1.570860
50  -0.000007 -0.000014 0.000006  2.272645 -0.000036 1.570861
51  -2.393951 -5.138338 -8.319946  -2.144699 -0.338074 -1.688912
52  -0.000000 -0.000000 0.000001  0.008153 -0.000259 0.000009
53  -0.000000 0.000000 0.000000  1.565115 0.043565 -0.106862
54  -3.318511 -14.412383 -6.746473  -0.831191 -0.353915 -2.197395
55  0.000000 0.000001 0.000000  0.000000 -0.000001 -0.000002
56  0.000030 0.000030 0.000001  -1.571901 -0.044449 -0.106509
57  19.320114 -20.913296 -19.550991  1.570796 -0.000000 0.000000
58  -1.849460 3.483358 -23.767408  1.570796 -0.000000 0.000000
59  3.095132 -5.478729 -15.642428  1.570796 -0.000000 0.000000
60  -0.004311 0.001229 -0.000371  0.006898 -0.005534 -0.284229
61  0.826810 10.209643 -4.879054  1.570796 -0.000000 0.000000
62  0.000000 0.000000 0.000000  -0.078727 -3.136056 0.284226
63  0.000000 0.000000 0.000000  1.568688 -0.027521 -0.039903
64  -5.948452 -8.034828 -3.329260  0.953948 -0.923244 0.585746
65  0.048105 -2.944859 0.933262  0.000000 -0.000000 0.000000
66  0.048105 -1.112260 5.803836  0.000000 -0.000000 0.000000
67  -1.140610 -0.098566 1.093603  0.000000 -0.000000 0.000000
68  0.217551 -1.673974 20.274755  0.000000 -0.000000 0.000000
69  0.217546 -3.706013 2.941689  0.000000 -0.000000 0.000000
70  0.048106 -1.885239 -0.022555  0.000000 -0.000000 0.000000
71  -0.082569 -1.959166 -0.004310  0.000000 -0.000000 0.000000
72  0.217546 -3.788155 3.509795  0.000000 -0.000000 0.000000
73  -2.102889 -12.934862 -3.701045  0.953948 -0.923244 0.585746
74  0.017809 1.009272 -0.369181  0.000000 -0.000000 0.000000
75  -3.588360 -1.097282 -23.660017  1.570796 -0.000000 0.000000
76  0.088237 2.028860 -0.387793  0.000000 -0.000000 0.000000
77  0.089166 1.580732 -0.409891  0.000000 -0.000000 0.000000
78  -0.263817 1.788471 -0.409405  0.000000 -0.000000 0.000000
79  -0.263817 1.287951 -0.409405  0.000000 -0.000000 0.000000
80  -2.277445 -20.389719 -0.473959  0.953948 -0.923244 0.585746
81  0.017810 0.973330 -8.485498  0.000000 -0.000000 0.000000
82  -2.277445 -20.389719 -0.473959  0.953948 -0.923244 0.585746
83  0.088237 1.202834 -8.470932  0.000000 -0.000000 0.000000
84  -0.263817 0.962445 -8.492544  0.000000 -0.000000 0.000000
time 45
0  0.000006 0.000000 0.000000  -1.570800 -1.391899 -1.570792
1  -14.447720 8.423636 3.178101  -1.544956 -1.855077 -0.198630
2  6.027527 -0.000333 0.000190  -1.024369 -2.046581 -0.837480
3  11.692109 0.000647 -0.000740  -1.905007 -0.000014 -1.320270
4  11.480375 0.000788 -0.000033  1.035547 -0.855415 0.031646
5  3.859502 -0.142823 -1.192078  -0.395183 0.245692 -1.671227
6  1.312590 0.000011 0.000007  0.011644 -0.043584 -0.844709
7  0.729356 0.000054 0.000049  0.008494 -0.003673 -0.541784
8  3.942140 0.046331 -0.431542  -0.179099 0.113099 -1.599965
9  1.539111 0.000083 0.000003  -0.016484 0.006539 -0.599132
10  1.196334 0.000145 0.000029  -0.003865 -0.005174 -0.018519
11  3.883509 -0.047212 0.431352  0.076148 0.098108 -1.472652
12  1.719573 -0.000028 0.000017  -0.031906 -0.068470 -0.833017
13  1.209179 0.000090 0.000011  0.008572 0.000172 0.268863
14  3.662146 -0.187254 1.491212  0.304479 0.094947 -1.440975
15  1.719449 -0.000020 0.000028  -0.031633 0.055885 -0.344109
16  1.099676 0.000049 0.000005  0.041522 -0.067000 -0.389897
17  0.910616 -0.013714 1.250141  -1.666890 0.333443 -1.332461
18  1.789818 -0.000003 -0.000020  0.012229 0.010936 -0.692891
19  1.207011 -0.000017 -0.000043  -0.001240 0.001070 1.552595
20  5.740635 0.000388 -0.000699  -0.193316 0.000003 0.000063
21  11.481081 0.000335 -0.000658  -0.084242 -0.151740 -0.048100
22  6.027524 -0.000330 0.000200  1.408911 0.449309 1.944516
23  -0.000003 11.692100 -0.000006  -0.921737 -0.379919 -0.738844
24  0.000003 0.000009 -0.000001  -1.035916 -0.000031 1.570739
25  -0.000002 -0.000010 -0.000001  0.868960 0.000002 1.570712
26  -6.617934 -9.178503 0.826812  1.473120 1.855075 -0.198639
27  6.027523 -0.000260 -0.000224  1.363087 0.711079 -1.523281
28  11.691990 0.000163 0.000858  0.736748 0.000059 -1.659896
29  11.479118 -0.000207 0.001304  -1.458347 0.444010 0.115734
30  3.859438 -0.132759 1.193066  0.466149 -0.051827 -1.783911
31  1.312560 0.000026 -0.000001  -0.013963 -0.041043 -0.156446
32  0.729345 0.000066 -0.000028  -0.128320 -0.117290 -0.954858
33  3.942048 0.050138 0.431000  0.211502 -0.107596 -1.469110
34  1.539097 0.000006 -0.000001  0.040711 -0.054386 -1.030473
35  1.196299 0.000078 -0.000004  -0.249391 -0.043040 -0.795119
36  3.883413 -0.050473 -0.431084  0.186408 -0.271796 -1.212173
37  1.719564 -0.000085 -0.000004  0.020973 -0.107650 -1.483531
38  1.209198 0.000035 0.000010  -0.324719 0.069673 -0.493483
39  3.859588 -0.149082 -1.331321  -0.166408 -0.090222 -0.231266
40  1.719413 -0.000098 -0.000036  -0.037675 -0.032189 -0.013102
41  1.099674 0.000023 0.000007  -0.003986 -0.002989 0.312654
42  0.805984 -0.359848 -1.318338  0.991670 0.166767 -0.799527
43  1.789780 -0.000008 -0.000042  0.000058 -0.002451 0.133098
44  1.206996 -0.000007 0.000005  0.000372 -0.000071 1.058780
45  5.740571 0.000080 0.000722  0.047230 -0.000013 0.000028
46  11.480767 0.000033 0.001006  0.015438 0.068726 0.007464
47  6.027515 -0.000273 -0.000230  -0.951475 -0.641017 -2.396175
48  -0.000001 11.691974 -0.000006  -1.123477 0.566773 0.866734
49  0.000003 0.000001 0.000000  3.009277 -0.000036 1.570860
50  -0.000008 -0.000013 0.000003  2.272645 -0.000036 1.570861
51  -2.061134 -5.132459 -7.916054  -2.069593 -0.322723 -1.698868
52  0.000000 -0.000000 0.000000  0.008153 -0.000259 0.000009
53  -0.000000 -0.000000 0.000000  1.565115 0.043565 -0.106862
54  -2.863395 -14.293887 -6.352449  -0.962147 -0.354169 -2.400716
55  0.000000 0.000000 0.000000  0.000000 -0.000001 -0.000002
56  0.000031 0.000029 0.000002  -1.571901 -0.044449 -0.106509
57  18.587324 -21.482044 -19.701643  1.570796 -0.000000 0.000000
58  -1.815522 3.491057 -23.777302  1.570796 -0.000000 0.000000
59  3.182414 -5.718679 -15.717313  1.570796 -0.000000 0.000000
60  -0.004311 0.001229 -0.000371  0.006898 -0.005534 -0.284229
61  0.826810 10.209643 -4.879054  1.570796 -0.000000 0.000000
62  0.000000 0.000000 0.000000  -0.078727 -3.136056 0.284226
63  0.000000 0.000000 0.000000  1.568825 -0.030283 -0.039241
64  -5.924270 -8.113974 -3.213094  0.890453 -0.986008 0.652017
65  0.048105 -2.944859 0.933262  -0.000000 0.000000 -0.000000
66  0.048104 -1.112259 5.803837  -0.000000 0.000000 -0.000000
67  -1.140610 -0.098565 1.093603  -0.000000 0.000000 -0.000000
68  0.217550 -1.673974 20.274759  -0.000000 0.000000 -0.000000
69  0.217545 -3.706013 2.941691  -0.000000 0.000000 -0.000000
70  0.048105 -1.885240 -0.022553  -0.000000 0.000000 -0.000000
71  -0.082569 -1.959166 -0.004311  -0.000000 0.000000 -0.000000
72  0.217545 -3.788155 3.509794  -0.000000 0.000000 -0.000000
73  -1.990586 -12.956308 -3.334880  0.890453 -0.986008 0.652017
74  0.017810 1.009273 -0.369181  -0.000000 0.000000 -0.000000
75  -3.588360 -1.097282 -23.660017  1.570796 -0.000000 0.000000
76  0.088237 2.028860 -0.387793  0.000000 -0.000000 0.000000
77  0.089166 1.580732 -0.409891  0.000000 -0.000000 0.000000
78  -0.263817 1.788471 -0.409405  0.000000 -0.000000 0.000000
79  -0.263817 1.287951 -0.409405  0.000000 -0.000000 0.000000
80  -2.288795 -20.435360 -0.173503  0.890453 -0.986008 0.652017
81  0.017809 0.973331 -8.485497  -0.000000 0.000000 -0.000000
82  -2.288795 -20.435360 -0.173503  0.890453 -0.986008 0.652017
83  0.088236 1.202834 -8.470929  -0.000000 0.000000 -0.000000
84  -0.263817 0.962445 -8.492542  -0.000000 0.000000 -0.000000
time 46
0  0.000006 0.000000 0.000000  -1.570800 -1.391899 -1.570792
1  -14.458100 8.283107 3.170523  -1.544956 -1.855077 -0.198630
2  6.027530 -0.000335 0.000189  -1.099211 -2.065068 -0.796237
3  11.692112 0.000644 -0.000742  -1.797482 -0.000016 -1.321092
4  11.480371 0.000781 -0.000124  0.865216 -0.876244 0.220654
5  3.859504 -0.142822 -1.192079  -0.397676 0.146196 -1.879847
6  1.312590 0.000010 0.000007  0.005669 -0.049682 -0.682883
7  0.729355 0.000053 0.000049  0.010866 0.001056 -1.174892
8  3.942141 0.046332 -0.431543  -0.180546 0.116185 -1.613379
9  1.539111 0.000084 0.000004  -0.014764 -0.001446 -0.877443
10  1.196332 0.000146 0.000029  -0.001182 -0.006107 -0.638139
11  3.883512 -0.047212 0.431352  0.068784 0.097582 -1.506550
12  1.719574 -0.000031 0.000016  -0.022365 -0.079884 -1.046807
13  1.209179 0.000089 0.000012  0.009037 0.003392 -0.391760
14  3.671888 -0.184846 1.483381  0.299436 0.088212 -1.451704
15  1.719448 -0.000018 0.000028  -0.053089 0.059755 -0.818218
16  1.099675 0.000049 0.000005  0.049084 -0.061238 -0.726082
17  1.051515 -0.122818 1.231729  -1.685501 0.333138 -1.219915
18  1.789819 -0.000003 -0.000021  0.012849 0.028004 -0.603255
19  1.207010 -0.000015 -0.000046  -0.002777 0.001632 2.093068
20  5.740635 0.000389 -0.000699  -0.219308 0.000003 0.000063
21  11.481079 0.000336 -0.000678  -0.100485 -0.163766 -0.028949
22  6.027526 -0.000332 0.000199  1.365205 0.452652 1.900488
23  -0.000004 11.692102 -0.000007  -0.922235 -0.380342 -0.739191
24  0.000005 0.000008 0.000000  -0.928392 -0.000030 1.570739
25  -0.000000 -0.000012 0.000001  0.868959 0.000002 1.570712
26  -6.617934 -9.178503 0.826812  1.473120 1.855075 -0.198639
27  6.027523 -0.000260 -0.000223  1.339085 0.723975 -1.534918
28  11.691991 0.000162 0.000857  0.736747 0.000059 -1.653500
29  11.479164 -0.000190 0.001288  -1.437934 0.478534 0.100993
30  3.859437 -0.132758 1.193065  0.466149 -0.051827 -1.783911
31  1.312559 0.000026 -0.000001  -0.013963 -0.041043 -0.156446
32  0.729345 0.000065 -0.000028  -0.128320 -0.117290 -0.954858
33  3.942046 0.050139 0.431000  0.211502 -0.107596 -1.469110
34  1.539097 0.000005 -0.000000  0.040711 -0.054386 -1.030473
35  1.196300 0.000078 -0.000004  -0.249391 -0.043040 -0.795119
36  3.883413 -0.050472 -0.431084  0.186408 -0.271796 -1.212173
37  1.719564 -0.000084 -0.000005  0.020973 -0.107650 -1.483531
38  1.209198 0.000035 0.000011  -0.324719 0.069673 -0.493483
39  3.859589 -0.149081 -1.331321  -0.166408 -0.090222 -0.231266
40  1.719413 -0.000099 -0.000036  -0.037675 -0.032189 -0.013102
41  1.099674 0.000024 0.000007  -0.003986 -0.002989 0.312654
42  0.805984 -0.359847 -1.318338  0.991670 0.166767 -0.799527
43  1.789780 -0.000009 -0.000042  0.000058 -0.002451 0.133097
44  1.206996 -0.000007 0.000005  0.000372 -0.000071 1.058780
45  5.740574 0.000079 0.000721  0.058684 -0.000014 0.000028
46  11.480778 0.000035 0.001003  0.019151 0.075764 0.003166
47  6.027515 -0.000273 -0.000230  -0.978462 -0.646242 -2.375834
48  -0.000001 11.691974 -0.000006  -1.119730 0.563053 0.864611
49  0.000003 -0.000000 0.000000  3.009277 -0.000036 1.570860
50  -0.000008 -0.000014 0.000005  2.272645 -0.000036 1.570861
51  -1.823990 -5.157828 -7.717180  -2.035071 -0.312671 -1.714618
52  -0.000001 -0.000001 -0.000000  0.008153 -0.000259 0.000009
53  0.000000 0.000000 0.000000  1.565115 0.043565 -0.106862
54  -2.915341 -13.672788 -6.037769  -0.943063 -0.323542 -2.414901
55  0.000001 0.000000 0.000001  0.000000 -0.000001 -0.000002
56  0.000031 0.000029 0.000002  -1.571902 -0.044449 -0.106509
57  17.443691 -21.217167 -19.699436  1.570796 -0.000000 0.000000
58  -1.797469 3.499545 -23.783239  1.570796 -0.000000 0.000000
59  3.174837 -5.578546 -15.702521  1.570796 -0.000000 0.000000
60  -0.004311 0.001229 -0.000371  0.006898 -0.005534 -0.284229
61  0.826810 10.209643 -4.879054  1.570796 -0.000000 0.000000
62  0.000000 0.000000 0.000000  -0.078727 -3.136056 0.284226
63  0.000000 0.000000 0.000000  1.569396 -0.035408 -0.038017
64  -5.858634 -8.145257 -3.164379  0.859914 -1.016097 0.672770
65  0.048106 -2.944859 0.933263  0.000000 0.000000 -0.000000
66  0.048105 -1.112260 5.365952  0.000000 0.000000 -0.000000
67  -1.140610 -0.098564 1.093603  0.000000 0.000000 -0.000000
68  0.217552 -1.673973 20.274755  0.000000 0.000000 -0.000000
69  0.217546 -3.706013 2.941690  0.000000 0.000000 -0.000000
70  0.048106 -1.885240 -0.022554  0.000000 0.000000 -0.000000
71  -0.082569 -1.959166 -0.004310  0.000000 0.000000 -0.000000
72  0.217545 -3.788155 3.509796  0.000000 0.000000 -0.000000
73  -1.946711 -13.006689 -3.180102  0.859914 -1.016097 0.672770
74  0.017810 1.009272 -0.369181  0.000000 0.000000 -0.000000
75  -3.588360 -1.097282 -23.660017  1.570796 -0.000000 0.000000
76  0.088237 2.028860 -0.387793  0.000000 -0.000000 0.000000
77  0.089166 1.580732 -0.409891  0.000000 -0.000000 0.000000
78  -0.263817 1.788471 -0.409405  0.000000 -0.000000 0.000000
79  -0.263817 1.287951 -0.409405  0.000000 -0.000000 0.000000
80  -2.388217 -20.501186 -0.072532  0.859914 -1.016097 0.672770
81  0.017810 0.973331 -8.485498  0.000000 0.000000 -0.000000
82  -2.388217 -20.501186 -0.072532  0.859914 -1.016097 0.672770
83  0.088238 1.202834 -8.470930  0.000000 0.000000 -0.000000
84  -0.263816 0.962445 -8.492541  0.000000 0.000000 -0.000000
time 47
0  0.000006 0.000000 0.000000  -1.570800 -1.391899 -1.570792
1  -14.481633 7.851430 3.147617  -1.544956 -1.855077 -0.198630
2  6.027527 -0.000333 0.000190  -1.243436 -2.065366 -0.657503
3  11.692110 0.000647 -0.000741  -1.708769 -0.000024 -1.460052
4  11.479149 0.000865 -0.000880  0.756189 -0.995195 0.229935
5  3.859503 -0.142823 -1.192079  -0.397676 0.146196 -1.879847
6  1.312590 0.000010 0.000008  0.005669 -0.049682 -0.682883
7  0.729357 0.000054 0.000049  0.010366 0.004168 -1.468958
8  3.942141 0.046332 -0.431543  -0.183105 0.124368 -1.632958
9  1.539109 0.000083 0.000004  -0.012288 -0.003508 -1.062317
10  1.196333 0.000146 0.000030  0.000020 -0.005728 -0.934013
11  3.883510 -0.047212 0.431351  0.065204 0.098989 -1.540543
12  1.719572 -0.000029 0.000017  -0.015611 -0.083392 -1.197100
13  1.209179 0.000089 0.000012  0.008237 0.005210 -0.713346
14  3.682819 -0.182142 1.474590  0.295078 0.092373 -1.483373
15  1.719449 -0.000019 0.000028  -0.066547 0.055335 -1.092209
16  1.099675 0.000048 0.000006  0.051682 -0.058270 -0.871876
17  1.101536 -0.161553 1.225191  -1.692825 0.317811 -1.126924
18  1.789818 -0.000003 -0.000021  0.010339 0.064801 -0.466317
19  1.207009 -0.000016 -0.000044  -0.006082 0.002577 2.295995
20  5.740635 0.000389 -0.000698  -0.233578 0.000003 0.000063
21  11.480835 0.000352 -0.000827  -0.110571 -0.187131 -0.045900
22  6.027524 -0.000330 0.000200  1.299657 0.418783 1.884541
23  -0.000003 11.692100 -0.000007  -1.005754 -0.454021 -0.795107
24  0.000004 0.000009 0.000002  -0.839673 -0.000030 1.570739
25  0.000000 -0.000011 -0.000000  0.868960 0.000002 1.570712
26  -6.617934 -9.178503 0.826812  1.473120 1.855075 -0.198639
27  6.027523 -0.000260 -0.000224  1.343298 0.713390 -1.531395
28  11.691992 0.000163 0.000857  0.736747 0.000058 -1.645934
29  11.479214 -0.000172 0.001272  -1.515937 0.475430 0.060848
30  3.859437 -0.132760 1.193064  0.466149 -0.051827 -1.783911
31  1.312559 0.000025 -0.000001  -0.013963 -0.041043 -0.156446
32  0.729346 0.000065 -0.000028  -0.128320 -0.117290 -0.954858
33  3.942047 0.050138 0.431000  0.211502 -0.107596 -1.469110
34  1.539096 0.000006 -0.000001  0.040711 -0.054386 -1.030473
35  1.196301 0.000078 -0.000003  -0.249391 -0.043040 -0.795119
36  3.883414 -0.050473 -0.431084  0.186408 -0.271796 -1.212173
37  1.719564 -0.000084 -0.000004  0.020973 -0.107650 -1.483531
38  1.209198 0.000035 0.000011  -0.324719 0.069674 -0.493483
39  3.859588 -0.149083 -1.331321  -0.166408 -0.090222 -0.231266
40  1.719411 -0.000099 -0.000037  -0.037675 -0.032189 -0.013102
41  1.099673 0.000024 0.000007  -0.003986 -0.002989 0.312654
42  0.805983 -0.359848 -1.318339  0.991670 0.166767 -0.799527
43  1.789780 -0.000009 -0.000042  0.000058 -0.002451 0.133098
44  1.206996 -0.000007 0.000006  0.000372 -0.000071 1.058781
45  5.740573 0.000079 0.000722  0.045685 -0.000014 0.000028
46  11.480787 0.000039 0.001000  0.005545 0.074076 -0.000738
47  6.027515 -0.000273 -0.000230  -0.965880 -0.650884 -2.382685
48  -0.000001 11.691977 -0.000005  -1.115295 0.558662 0.862085
49  0.000003 0.000001 0.000001  3.009277 -0.000036 1.570860
50  -0.000008 -0.000013 0.000004  2.272645 -0.000036 1.570861
51  -1.813929 -5.202340 -7.952669  -2.091130 -0.316996 -1.742115
52  -0.000001 -0.000000 0.000000  0.008153 -0.000259 0.000009
53  -0.000001 -0.000000 -0.000000  1.565115 0.043565 -0.106862
54  -3.293072 -11.427105 -6.867565  -0.983017 -0.362187 -2.444787
55  0.000000 -0.000000 -0.000000  -0.000000 -0.000001 -0.000002
56  0.000031 0.000029 0.000001  -1.571902 -0.044449 -0.106509
57  15.776405 -20.446262 -19.680792  1.570796 -0.000000 0.000000
58  -1.792091 3.508852 -23.785202  1.570796 -0.000000 0.000000
59  3.151931 -5.149571 -15.648864  1.570796 -0.000000 0.000000
60  -0.004311 0.001229 -0.000371  0.006898 -0.005534 -0.284229
61  0.826810 10.209643 -4.879054  1.570796 -0.000000 0.000000
62  0.000000 0.000000 0.000000  -0.078727 -3.136056 0.284226
63  0.000000 0.000000 0.000000  1.570652 -0.038151 -0.037378
64  -5.730817 -8.030443 -3.199680  0.923280 -0.975189 0.574722
65  0.048105 -2.944859 0.933261  0.000000 0.000000 -0.000000
66  0.048105 -1.112260 3.090011  0.000000 0.000000 -0.000000
67  -1.140611 -0.098564 1.093603  0.000000 0.000000 -0.000000
68  0.217551 -1.673974 20.274757  0.000000 0.000000 -0.000000
69  0.217545 -3.706013 2.941691  0.000000 0.000000 -0.000000
70  0.048105 -1.885239 -0.022554  0.000000 0.000000 -0.000000
71  -0.082569 -1.959166 -0.004310  0.000000 0.000000 -0.000000
72  0.217546 -3.788155 3.509795  0.000000 0.000000 -0.000000
73  -2.047608 -13.061743 -3.438255  0.923280 -0.975189 0.574722
74  0.017809 1.009273 -0.369181  0.000000 0.000000 -0.000000
75  -3.588360 -1.097282 -23.660017  1.570796 -0.000000 0.000000
76  0.088237 2.028860 -0.387793  0.000000 -0.000000 0.000000
77  0.089166 1.580732 -0.409891  0.000000 -0.000000 0.000000
78  -0.263817 1.788471 -0.409405  0.000000 -0.000000 0.000000
79  -0.263817 1.287951 -0.409405  0.000000 -0.000000 0.000000
80  -2.659418 -20.545334 -0.333265  0.923280 -0.975189 0.574722
81  0.017808 0.973331 -8.485498  0.000000 0.000000 -0.000000
82  -2.659418 -20.545334 -0.333265  0.923280 -0.975189 0.574722
83  0.088236 1.202834 -8.470930  0.000000 0.000000 -0.000000
84  -0.263818 0.962445 -8.492541  0.000000 0.000000 -0.000000
time 48
0  0.000006 0.000000 0.000000  -1.570800 -1.391899 -1.570792
1  -14.499310 7.153365 3.109336  -1.544956 -1.855077 -0.198630
2  6.027530 -0.000332 0.000190  -1.432866 -2.075357 -0.454428
3  11.692107 0.000647 -0.000739  -1.602414 -0.000029 -1.568048
4  11.479926 0.000753 -0.000593  0.738590 -1.080568 0.116919
5  3.859503 -0.142825 -1.192079  -0.382335 0.204819 -1.872252
6  1.312589 0.000010 0.000008  0.006272 -0.026793 -0.852417
7  0.729355 0.000055 0.000049  0.006524 0.004297 -1.490514
8  3.942141 0.046330 -0.431543  -0.175756 0.149191 -1.679933
9  1.539110 0.000082 0.000004  -0.010646 0.013172 -1.101319
10  1.196333 0.000147 0.000028  -0.001680 -0.005405 -0.937905
11  3.883511 -0.047213 0.431351  0.069080 0.130103 -1.602153
12  1.719573 -0.000028 0.000018  -0.012202 -0.064939 -1.251459
13  1.209178 0.000090 0.000012  0.006218 0.005729 -0.719454
14  3.694783 -0.179186 1.464970  0.277822 0.116845 -1.576339
15  1.719449 -0.000020 0.000029  -0.069706 0.048720 -1.137383
16  1.099675 0.000049 0.000005  0.052247 -0.057905 -0.881996
17  1.101537 -0.161555 1.225192  -1.678555 0.272521 -1.069778
18  1.789818 -0.000004 -0.000021  0.012821 0.154795 -0.207925
19  1.207011 -0.000016 -0.000044  -0.013954 0.003598 2.257923
20  5.740635 0.000388 -0.000699  -0.233326 0.000003 0.000063
21  11.480989 0.000330 -0.000771  -0.116998 -0.197963 -0.073959
22  6.027525 -0.000329 0.000200  1.217578 0.368085 1.889729
23  0.000000 11.692101 -0.000006  -1.069637 -0.514056 -0.835118
24  0.000002 0.000011 -0.000000  -0.733311 -0.000031 1.570739
25  0.000002 -0.000012 0.000001  0.868960 0.000002 1.570712
26  -6.617934 -9.178503 0.826812  1.473120 1.855075 -0.198639
27  6.027523 -0.000260 -0.000223  1.369778 0.684802 -1.516168
28  11.691992 0.000162 0.000857  0.736747 0.000058 -1.644570
29  11.479221 -0.000168 0.001268  -1.657559 0.434067 0.010724
30  3.859437 -0.132758 1.193064  0.466149 -0.051827 -1.783911
31  1.312559 0.000026 -0.000001  -0.013963 -0.041043 -0.156446
32  0.729346 0.000064 -0.000028  -0.128320 -0.117290 -0.954858
33  3.942047 0.050139 0.430999  0.211502 -0.107596 -1.469110
34  1.539097 0.000006 -0.000001  0.040711 -0.054386 -1.030473
35  1.196300 0.000077 -0.000003  -0.249391 -0.043040 -0.795119
36  3.883413 -0.050473 -0.431085  0.186408 -0.271796 -1.212173
37  1.719563 -0.000086 -0.000004  0.020973 -0.107650 -1.483531
38  1.209198 0.000035 0.000011  -0.324719 0.069674 -0.493483
39  3.859589 -0.149083 -1.331322  -0.166408 -0.090222 -0.231266
40  1.719412 -0.000098 -0.000036  -0.037675 -0.032189 -0.013102
41  1.099674 0.000024 0.000006  -0.003986 -0.002989 0.312654
42  0.805984 -0.359848 -1.318339  0.991670 0.166767 -0.799527
43  1.789779 -0.000008 -0.000041  0.000058 -0.002451 0.133098
44  1.206996 -0.000006 0.000006  0.000372 -0.000071 1.058780
45  5.740573 0.000080 0.000720  0.015265 -0.000014 0.000028
46  11.480790 0.000041 0.000997  -0.019835 0.064823 -0.003710
47  6.027515 -0.000273 -0.000230  -0.921927 -0.653715 -2.411184
48  -0.000001 11.691975 -0.000006  -1.114496 0.557871 0.861628
49  0.000003 -0.000000 0.000001  3.009277 -0.000036 1.570860
50  -0.000008 -0.000014 0.000004  2.272645 -0.000036 1.570861
51  -2.011631 -5.198732 -8.465267  -2.212018 -0.342656 -1.770086
52  -0.000000 -0.000000 0.000000  0.008153 -0.000259 0.000009
53  0.000000 -0.000000 -0.000000  1.565115 0.043565 -0.106862
54  -3.752444 -9.214132 -7.906278  -1.059541 -0.456720 -2.480030
55  0.000001 -0.000002 -0.000000  0.000000 -0.000001 -0.000002
56  0.000031 0.000027 0.000001  -1.571902 -0.044449 -0.106509
57  13.851145 -19.338043 -19.622040  1.570796 -0.000000 0.000000
58  -1.809146 3.519001 -23.785196  1.570796 -0.000000 0.000000
59  3.113649 -4.459500 -15.542043  1.570796 -0.000000 0.000000
60  -0.004311 0.001229 -0.000371  0.006898 -0.005534 -0.284229
61  0.826810 10.209643 -4.879054  1.570796 -0.000000 0.000000
62  0.000000 0.000000 0.000000  -0.078727 -3.136056 0.284226
63  0.000000 0.000000 0.000000  1.572345 -0.015869 -0.039825
64  -5.525575 -7.756655 -3.265238  1.011358 -0.870650 0.437209
65  0.048106 -2.944859 0.933262  -0.000000 -0.000000 -0.000000
66  0.048105 -1.112260 0.872353  -0.000000 -0.000000 -0.000000
67  -1.140611 -0.098564 1.093603  -0.000000 -0.000000 -0.000000
68  0.217551 -1.673973 20.274757  -0.000000 -0.000000 -0.000000
69  0.217546 -3.706013 2.941691  -0.000000 -0.000000 -0.000000
70  0.048105 -1.885240 -0.022553  -0.000000 -0.000000 -0.000000
71  -0.082569 -1.959166 -0.004310  -0.000000 -0.000000 -0.000000
72  0.217546 -3.788155 3.509795  -0.000000 -0.000000 -0.000000
73  -2.239112 -13.023903 -3.891463  1.011358 -0.870650 0.437209
74  0.017810 1.009272 -0.369182  -0.000000 -0.000000 -0.000000
75  -3.588360 -1.097282 -23.660017  1.570796 -0.000000 0.000000
76  0.088237 2.028860 -0.387793  0.000000 -0.000000 0.000000
77  0.089166 1.580732 -0.409891  0.000000 -0.000000 0.000000
78  -0.263817 1.788471 -0.409405  0.000000 -0.000000 0.000000
79  -0.263817 1.287951 -0.409405  0.000000 -0.000000 0.000000
80  -2.981045 -20.448982 -0.676318  1.011358 -0.870650 0.437209
81  0.017809 0.973331 -8.485498  -0.000000 -0.000000 -0.000000
82  -2.981045 -20.448982 -0.676318  1.011358 -0.870650 0.437209
83  0.088237 1.202834 -8.470930  -0.000000 -0.000000 -0.000000
84  -0.263817 0.962445 -8.492542  -0.000000 -0.000000 -0.000000
time 49
0  0.000006 0.000000 0.000000  -1.570800 -1.391899 -1.570792
1  -14.484488 6.284158 3.055999  -1.544956 -1.855077 -0.198630
2  6.027529 -0.000331 0.000189  -1.576208 -2.043943 -0.325711
3  11.692109 0.000641 -0.000737  -1.482871 -0.000029 -1.544913
4  11.480106 0.000694 -0.000571  0.709857 -0.982531 0.078124
5  3.859504 -0.142823 -1.192079  -0.366978 0.271447 -1.844238
6  1.312590 0.000010 0.000008  0.003448 -0.004231 -1.061123
7  0.729355 0.000056 0.000049  0.003169 0.003708 -1.494983
8  3.942140 0.046331 -0.431544  -0.166784 0.168861 -1.708143
9  1.539111 0.000083 0.000004  -0.010678 0.029437 -1.128039
10  1.196332 0.000145 0.000028  -0.003334 -0.005292 -0.939359
11  3.883512 -0.047212 0.431351  0.075693 0.160409 -1.633739
12  1.719573 -0.000027 0.000017  -0.009189 -0.045710 -1.282059
13  1.209178 0.000091 0.000013  0.004295 0.005911 -0.720703
14  3.707595 -0.176018 1.454669  0.267096 0.134302 -1.638194
15  1.719449 -0.000019 0.000028  -0.069893 0.042324 -1.159297
16  1.099676 0.000049 0.000006  0.052526 -0.057696 -0.882132
17  1.101537 -0.161553 1.225192  -1.664678 0.234660 -1.050249
18  1.789819 -0.000004 -0.000020  0.027760 0.220460 -0.023338
19  1.207010 -0.000016 -0.000044  -0.019609 0.003515 2.171099
20  5.740639 0.000389 -0.000700  -0.240417 0.000003 0.000063
21  11.481030 0.000318 -0.000768  -0.131168 -0.177891 -0.075920
22  6.027524 -0.000328 0.000199  1.196590 0.296568 1.884977
23  -0.000001 11.692101 -0.000008  -1.056006 -0.501007 -0.826808
24  0.000003 0.000009 -0.000001  -0.613771 -0.000031 1.570739
25  -0.000001 -0.000012 -0.000001  0.868960 0.000002 1.570712
26  -6.617934 -9.178503 0.826812  1.473120 1.855075 -0.198639
27  6.027523 -0.000260 -0.000223  1.387450 0.659791 -1.502946
28  11.691992 0.000161 0.000857  0.736747 0.000059 -1.649059
29  11.479193 -0.000182 0.001279  -1.762737 0.387442 -0.030696
30  3.859437 -0.132759 1.193065  0.466149 -0.051827 -1.783911
31  1.312560 0.000026 -0.000002  -0.013963 -0.041043 -0.156446
32  0.729346 0.000065 -0.000028  -0.128320 -0.117290 -0.954858
33  3.942047 0.050138 0.431000  0.211502 -0.107596 -1.469110
34  1.539097 0.000005 -0.000001  0.040711 -0.054386 -1.030473
35  1.196300 0.000078 -0.000003  -0.249391 -0.043040 -0.795119
36  3.883414 -0.050473 -0.431084  0.186408 -0.271796 -1.212173
37  1.719563 -0.000085 -0.000005  0.020974 -0.107650 -1.483531
38  1.209199 0.000035 0.000011  -0.324719 0.069673 -0.493483
39  3.859588 -0.149082 -1.331321  -0.166408 -0.090222 -0.231266
40  1.719413 -0.000098 -0.000036  -0.037675 -0.032189 -0.013102
41  1.099674 0.000023 0.000006  -0.003986 -0.002989 0.312654
42  0.805983 -0.359848 -1.318338  0.991670 0.166767 -0.799527
43  1.789780 -0.000008 -0.000042  0.000058 -0.002451 0.133097
44  1.206996 -0.000006 0.000006  0.000372 -0.000071 1.058780
45  5.740573 0.000078 0.000720  -0.007188 -0.000014 0.000028
46  11.480783 0.000037 0.001001  -0.039068 0.055507 -0.007621
47  6.027515 -0.000273 -0.000230  -0.886295 -0.658110 -2.430702
48  -0.000000 11.691973 -0.000004  -1.117127 0.560474 0.863130
49  0.000003 -0.000001 0.000001  3.009277 -0.000036 1.570860
50  -0.000007 -0.000014 0.000005  2.272645 -0.000036 1.570861
51  -2.147892 -5.131826 -8.856193  -2.305363 -0.380276 -1.784682
52  0.000000 -0.000000 0.000001  0.008153 -0.000259 0.000009
53  -0.000000 -0.000001 0.000000  1.565115 0.043565 -0.106862
54  -4.013885 -9.035047 -8.059216  -1.106540 -0.542375 -2.505126
55  -0.000000 -0.000000 0.000001  0.000000 -0.000001 -0.000002
56  0.000029 0.000029 0.000002  -1.571901 -0.044449 -0.106509
57  12.119498 -18.229824 -19.501328  1.570796 -0.000000 0.000000
58  -1.868927 3.529997 -23.785139  1.570796 -0.000000 0.000000
59  3.060312 -3.606803 -15.372787  1.570796 -0.000000 0.000000
60  -0.004311 0.001229 -0.000371  0.006898 -0.005534 -0.284229
61  0.826810 10.209643 -4.879054  1.570796 -0.000000 0.000000
62  0.000000 0.000000 0.000000  -0.078727 -3.136056 0.284226
63  0.000000 0.000000 0.000000  1.574867 -0.019579 -0.044371
64  -5.275949 -7.429876 -3.300539  1.039574 -0.777533 0.368844
65  0.048106 -2.944858 0.933263  -0.000000 0.000000 -0.000000
66  0.048105 -1.112259 0.857992  -0.000000 0.000000 -0.000000
67  -1.140610 -0.098565 1.093603  -0.000000 0.000000 -0.000000
68  0.217552 -1.673974 20.274757  -0.000000 0.000000 -0.000000
69  0.217546 -3.706012 2.941690  -0.000000 0.000000 -0.000000
70  0.048106 -1.885239 -0.022553  -0.000000 0.000000 -0.000000
71  -0.082568 -1.959165 -0.004310  -0.000000 0.000000 -0.000000
72  0.217546 -3.788155 3.509794  -0.000000 0.000000 -0.000000
73  -2.311585 -12.859665 -4.117157  1.039574 -0.777533 0.368844
74  0.017809 1.009273 -0.369180  -0.000000 0.000000 -0.000000
75  -3.588360 -1.097282 -23.660017  1.570796 -0.000000 0.000000
76  0.088237 2.028860 -0.387793  0.000000 -0.000000 0.000000
77  0.089166 1.580732 -0.409891  0.000000 -0.000000 0.000000
78  -0.263817 1.788471 -0.409405  0.000000 -0.000000 0.000000
79  -0.263817 1.287951 -0.409405  0.000000 -0.000000 0.000000
80  -3.095229 -20.185640 -0.691459  1.039574 -0.777533 0.368844
81  0.017809 0.973330 -8.485496  -0.000000 0.000000 -0.000000
82  -3.095229 -20.185640 -0.691459  1.039574 -0.777533 0.368844
83  0.088237 1.202834 -8.470928  -0.000000 0.000000 -0.000000
84  -0.263817 0.962445 -8.492540  -0.000000 0.000000 -0.000000
time 50
0  0.000006 0.000000 0.000000  -1.570800 -1.391899 -1.570792
1  -14.413192 5.388556 2.988393  -1.544956 -1.855077 -0.198630
2  6.027530 -0.000330 0.000189  -1.670023 -1.999699 -0.263782
3  11.692110 0.000642 -0.000737  -1.362486 -0.000028 -1.522481
4  11.480284 0.000643 -0.000542  0.614676 -0.876796 0.168056
5  3.859504 -0.142824 -1.192080  -0.366628 0.276127 -1.824681
6  1.312588 0.000010 0.000009  0.004900 -0.007415 -1.109191
7  0.729355 0.000054 0.000049  0.003616 0.003782 -1.497808
8  3.942140 0.046329 -0.431543  -0.166586 0.168801 -1.690637
9  1.539110 0.000083 0.000003  -0.009910 0.021158 -1.240202
10  1.196332 0.000146 0.000028  -0.002427 -0.005406 -0.942862
11  3.883510 -0.047213 0.431350  0.080716 0.159204 -1.601245
12  1.719572 -0.000028 0.000017  -0.003575 -0.049116 -1.385912
13  1.209179 0.000090 0.000013  0.004686 0.005848 -0.721466
14  3.721047 -0.172693 1.443852  0.271403 0.140363 -1.594428
15  1.719449 -0.000018 0.000028  -0.070052 0.039199 -1.233111
16  1.099673 0.000048 0.000006  0.052354 -0.057502 -0.880814
17  1.101537 -0.161555 1.225191  -1.687402 0.304141 -1.099738
18  1.789817 -0.000004 -0.000020  0.036075 -0.059297 -0.240661
19  1.207010 -0.000016 -0.000045  0.002992 -0.003296 2.118696
20  5.740636 0.000389 -0.000699  -0.253457 0.000003 0.000064
21  11.481063 0.000309 -0.000761  -0.147522 -0.163329 -0.059818
22  6.027526 -0.000329 0.000200  1.210505 0.237875 1.866116
23  0.000002 11.692101 -0.000006  -1.042765 -0.488450 -0.818612
24  0.000003 0.000007 -0.000000  -0.493387 -0.000031 1.570739
25  0.000001 -0.000011 0.000001  0.868960 0.000002 1.570712
26  -6.617934 -9.178503 0.826812  1.473120 1.855075 -0.198639
27  6.027523 -0.000260 -0.000223  1.373457 0.655619 -1.498786
28  11.691994 0.000163 0.000856  0.736747 0.000059 -1.653409
29  11.479165 -0.000192 0.001290  -1.785901 0.372498 -0.064785
30  3.859437 -0.132758 1.193065  0.466149 -0.051827 -1.783911
31  1.312559 0.000026 -0.000001  -0.013963 -0.041043 -0.156446
32  0.729345 0.000065 -0.000028  -0.128320 -0.117290 -0.954858
33  3.942047 0.050139 0.431000  0.211502 -0.107596 -1.469110
34  1.539096 0.000005 -0.000000  0.040711 -0.054386 -1.030473
35  1.196300 0.000078 -0.000004  -0.249390 -0.043040 -0.795119
36  3.883413 -0.050472 -0.431085  0.186408 -0.271796 -1.212173
37  1.719563 -0.000086 -0.000004  0.020973 -0.107650 -1.483531
38  1.209197 0.000034 0.000011  -0.324719 0.069673 -0.493483
39  3.859589 -0.149082 -1.331321  -0.166408 -0.090222 -0.231266
40  1.719412 -0.000098 -0.000036  -0.037675 -0.032189 -0.013102
41  1.099674 0.000024 0.000007  -0.003986 -0.002989 0.312654
42  0.805983 -0.359847 -1.318339  0.991670 0.166767 -0.799527
43  1.789780 -0.000009 -0.000043  0.000058 -0.002451 0.133097
44  1.206997 -0.000008 0.000005  0.000372 -0.000071 1.058780
45  5.740574 0.000079 0.000721  -0.007679 -0.000014 0.000028
46  11.480777 0.000036 0.001003  -0.042869 0.053049 -0.013615
47  6.027515 -0.000273 -0.000230  -0.890566 -0.669456 -2.415355
48  -0.000001 11.691976 -0.000005  -1.119676 0.563001 0.864581
49  0.000003 -0.000000 0.000001  3.009277 -0.000036 1.570860
50  -0.000006 -0.000014 0.000005  2.272645 -0.000036 1.570861
51  -1.991882 -5.061605 -8.873302  -2.318694 -0.414362 -1.789674
52  -0.000000 -0.000001 0.000000  0.008153 -0.000259 0.000009
53  -0.000001 0.000000 -0.000000  1.565115 0.043565 -0.106862
54  -3.885271 -9.117322 -7.837098  -1.090642 -0.576010 -2.523712
55  0.000000 -0.000000 -0.000000  0.000000 -0.000001 -0.000002
56  0.000031 0.000029 0.000001  -1.571902 -0.044449 -0.106509
57  10.984379 -17.458923 -19.312382  1.570796 -0.000000 0.000000
58  -1.985543 3.541829 -23.784962  1.570796 -0.000000 0.000000
59  2.992705 -2.738181 -15.143260  1.570796 -0.000000 0.000000
60  -0.004311 0.001229 -0.000371  0.006898 -0.005534 -0.284229
61  0.826810 10.209643 -4.879054  1.570796 -0.000000 0.000000
62  0.000000 0.000000 0.000000  -0.078727 -3.136056 0.284226
63  0.000000 0.000000 0.000000  1.577038 -0.026523 -0.046851
64  -5.033636 -7.156089 -3.190701  1.009869 -0.748343 0.379224
65  0.048105 -2.944858 0.933262  -0.000000 0.000000 -0.000000
66  0.048105 -1.112259 1.073462  -0.000000 0.000000 -0.000000
67  -1.140611 -0.098564 1.093604  -0.000000 0.000000 -0.000000
68  0.217552 -1.673972 20.274755  -0.000000 0.000000 -0.000000
69  0.217546 -3.706012 2.941691  -0.000000 0.000000 -0.000000
70  0.048105 -1.885239 -0.022554  -0.000000 0.000000 -0.000000
71  -0.082569 -1.959166 -0.004309  -0.000000 0.000000 -0.000000
72  0.217546 -3.788154 3.509796  -0.000000 0.000000 -0.000000
73  -2.139371 -12.638950 -3.896672  1.009869 -0.748343 0.379224
74  0.017810 1.009273 -0.369181  -0.000000 0.000000 -0.000000
75  -3.588360 -1.097282 -23.660017  1.570796 -0.000000 0.000000
76  0.088237 2.028860 -0.387793  0.000000 -0.000000 0.000000
77  0.089166 1.580732 -0.409891  0.000000 -0.000000 0.000000
78  -0.263817 1.788471 -0.409405  0.000000 -0.000000 0.000000
79  -0.263817 1.287951 -0.409405  0.000000 -0.000000 0.000000
80  -2.928283 -19.848282 -0.232990  1.009869 -0.748343 0.379224
81  0.017809 0.973331 -8.485497  -0.000000 0.000000 -0.000000
82  -2.928283 -19.848282 -0.232990  1.009869 -0.748343 0.379224
83  0.088237 1.202834 -8.470929  -0.000000 0.000000 -0.000000
84  -0.263817 0.962446 -8.492541  -0.000000 0.000000 -0.000000
time 51
0  0.000006 0.000000 0.000000  -1.570800 -1.391899 -1.570792
1  -14.274662 4.597082 2.907865  -1.544956 -1.855077 -0.198630
2  6.027526 -0.000328 0.000190  -1.704260 -1.974187 -0.234112
3  11.692111 0.000644 -0.000736  -1.258492 -0.000027 -1.514385
4  11.480347 0.000593 -0.000569  0.532544 -0.822911 0.194462
5  3.859503 -0.142823 -1.192079  -0.362458 0.274919 -1.765745
6  1.312590 0.000010 0.000008  0.008002 -0.015524 -1.116161
7  0.729355 0.000054 0.000049  0.005134 0.003882 -1.498209
8  3.942140 0.046331 -0.431543  -0.160529 0.171120 -1.574965
9  1.539110 0.000083 0.000004  -0.007965 0.013124 -1.315730
10  1.196332 0.000146 0.000028  -0.001523 -0.005516 -0.944787
11  3.883510 -0.047213 0.431351  0.098579 0.151448 -1.462401
12  1.719573 -0.000028 0.000016  0.000189 -0.052649 -1.452895
13  1.209179 0.000090 0.000012  0.005080 0.005785 -0.721574
14  3.734912 -0.169263 1.432703  0.315982 0.113767 -1.418600
15  1.719448 -0.000018 0.000028  -0.069522 0.037108 -1.279557
16  1.099676 0.000049 0.000006  0.052049 -0.057489 -0.873621
17  1.101537 -0.161555 1.225192  -1.710953 0.374813 -1.172742
18  1.789819 -0.000004 -0.000020  0.117078 -0.297944 -0.582171
19  1.207010 -0.000017 -0.000043  0.026933 -0.007651 1.958756
20  5.740635 0.000389 -0.000699  -0.260486 0.000003 0.000063
21  11.481075 0.000299 -0.000767  -0.163737 -0.155723 -0.057107
22  6.027522 -0.000327 0.000200  1.225520 0.212813 1.867824
23  0.000001 11.692104 -0.000008  -1.037980 -0.483942 -0.815622
24  0.000004 0.000009 -0.000002  -0.389394 -0.000031 1.570739
25  -0.000000 -0.000011 0.000000  0.868960 0.000002 1.570712
26  -6.617934 -9.178503 0.826812  1.473120 1.855075 -0.198639
27  6.027523 -0.000260 -0.000223  1.374492 0.663178 -1.489298
28  11.691990 0.000162 0.000857  0.736747 0.000059 -1.653680
29  11.479162 -0.000192 0.001290  -1.809577 0.346997 -0.064625
30  3.859438 -0.132759 1.193066  0.466149 -0.051827 -1.783911
31  1.312560 0.000026 -0.000000  -0.013963 -0.041043 -0.156446
32  0.729345 0.000065 -0.000028  -0.128320 -0.117290 -0.954858
33  3.942047 0.050139 0.431001  0.211502 -0.107596 -1.469110
34  1.539097 0.000007 -0.000002  0.040711 -0.054386 -1.030473
35  1.196300 0.000078 -0.000004  -0.249391 -0.043040 -0.795119
36  3.883414 -0.050472 -0.431084  0.186408 -0.271796 -1.212173
37  1.719564 -0.000085 -0.000005  0.020974 -0.107650 -1.483531
38  1.209198 0.000035 0.000010  -0.324719 0.069673 -0.493483
39  3.859589 -0.149082 -1.331321  -0.166408 -0.090222 -0.231266
40  1.719412 -0.000098 -0.000036  -0.037675 -0.032189 -0.013102
41  1.099673 0.000023 0.000007  -0.003986 -0.002989 0.312654
42  0.805984 -0.359847 -1.318338  0.991670 0.166767 -0.799527
43  1.789780 -0.000009 -0.000042  0.000058 -0.002451 0.133097
44  1.206996 -0.000007 0.000006  0.000372 -0.000071 1.058780
45  5.740575 0.000079 0.000721  -0.014444 -0.000014 0.000028
46  11.480777 0.000036 0.001003  -0.047608 0.047951 -0.013079
47  6.027515 -0.000273 -0.000230  -0.897554 -0.664197 -2.402180
48  -0.000001 11.691975 -0.000006  -1.119835 0.563158 0.864671
49  0.000003 0.000000 -0.000001  3.009277 -0.000036 1.570860
50  -0.000007 -0.000014 0.000005  2.272645 -0.000036 1.570861
51  -2.038293 -5.081580 -8.782919  -2.356045 -0.445672 -1.773854
52  -0.000001 -0.000001 0.000001  0.008153 -0.000259 0.000009
53  -0.000000 0.000000 0.000000  1.565115 0.043565 -0.106862
54  -3.884300 -8.860765 -7.690618  -1.095414 -0.622024 -2.520776
55  0.000000 -0.000000 0.000000  0.000000 -0.000001 -0.000002
56  0.000031 0.000029 0.000001  -1.571901 -0.044449 -0.106509
57  10.607479 -17.194046 -19.064808  1.570796 -0.000000 0.000000
58  -2.172096 3.554479 -23.784578  1.570796 -0.000000 0.000000
59  2.912177 -1.983989 -14.866103  1.570796 -0.000000 0.000000
60  -0.004311 0.001229 -0.000371  0.006898 -0.005534 -0.284229
61  0.826810 10.209643 -4.879054  1.570796 -0.000000 0.000000
62  0.000000 0.000000 0.000000  -0.078727 -3.136056 0.284226
63  0.000000 0.000000 0.000000  1.577875 -0.030290 -0.041859
64  -4.850336 -7.041275 -2.936287  1.000555 -0.702689 0.385650
65  0.048106 -2.944859 0.933264  -0.000000 0.000000 0.000000
66  0.048105 -1.112260 0.798390  -0.000000 0.000000 0.000000
67  -1.140610 -0.098565 1.093603  -0.000000 0.000000 0.000000
68  0.217553 -1.673973 20.274757  -0.000000 0.000000 0.000000
69  0.217546 -3.706013 2.941692  -0.000000 0.000000 0.000000
70  0.048106 -1.885239 -0.022553  -0.000000 0.000000 0.000000
71  -0.082568 -1.959166 -0.004309  -0.000000 0.000000 0.000000
72  0.217546 -3.788155 3.509796  -0.000000 0.000000 0.000000
73  -1.982508 -12.539853 -3.627746  1.000555 -0.702689 0.385650
74  0.017810 1.009272 -0.369181  -0.000000 0.000000 0.000000
75  -3.588360 -1.097282 -23.660017  1.570796 -0.000000 0.000000
76  0.088237 2.028860 -0.387793  0.000000 -0.000000 0.000000
77  0.089166 1.580732 -0.409891  0.000000 -0.000000 0.000000
78  -0.263817 1.788471 -0.409405  0.000000 -0.000000 0.000000
79  -0.263817 1.287951 -0.409405  0.000000 -0.000000 0.000000
80  -2.620074 -19.660927 0.232726  1.000555 -0.702689 0.385650
81  0.017810 0.973331 -8.485498  -0.000000 0.000000 0.000000
82  -2.620074 -19.660927 0.232726  1.000555 -0.702689 0.385650
83  0.088237 1.202834 -8.470930  -0.000000 0.000000 0.000000
84  -0.263817 0.962445 -8.492542  -0.000000 0.000000 0.000000
time 52
0  0.000006 0.000000 0.000000  -1.570800 -1.391899 -1.570792
1  -14.071695 3.982892 2.816376  -1.544956 -1.855077 -0.198630
2  6.027527 -0.000328 0.000189  -1.403044 -1.835682 -0.407927
3  11.692107 0.000645 -0.000740  -1.184620 -0.000018 -1.385247
4  11.479956 0.000484 -0.000761  1.263374 -0.067455 -0.263169
5  3.859502 -0.142823 -1.192079  -0.335880 0.385035 -1.082043
6  1.312589 0.000009 0.000008  0.015149 -0.026723 -0.895389
7  0.729357 0.000054 0.000050  0.009133 0.000131 -0.599175
8  3.942140 0.046332 -0.431542  -0.124576 0.165422 -1.177891
9  1.539112 0.000084 0.000005  -0.003104 0.045758 -0.482735
10  1.196333 0.000145 0.000029  -0.006029 -0.002815 0.022160
11  3.883510 -0.047212 0.431351  0.129521 0.044452 -1.176663
12  1.719573 -0.000029 0.000017  -0.024054 -0.023574 -0.623407
13  1.209178 0.000090 0.000012  0.006633 0.002808 0.427466
14  3.748956 -0.165791 1.421410  0.473257 -0.045835 -1.078404
15  1.719447 -0.000018 0.000030  -0.056886 0.035391 -0.617223
16  1.099675 0.000048 0.000006  0.015078 -0.076879 0.294593
17  0.538784 0.274215 1.298732  -1.143952 0.019228 -1.069496
18  1.789818 -0.000002 -0.000019  -0.008267 0.026519 -0.727698
19  1.207011 -0.000016 -0.000044  -0.005759 0.000818 0.854586
20  5.740636 0.000388 -0.000701  -0.030201 0.000003 0.000063
21  11.481003 0.000271 -0.000806  -0.057022 0.012709 -0.067948
22  6.027525 -0.000327 0.000200  1.397555 0.201306 2.014923
23  -0.000001 11.692098 -0.000006  -0.961018 -0.413826 -0.765614
24  0.000002 0.000007 0.000000  -0.315525 -0.000030 1.570739
25  0.000000 -0.000012 0.000001  0.868959 0.000002 1.570712
26  -6.617934 -9.178503 0.826812  1.473120 1.855075 -0.198639
27  6.027523 -0.000260 -0.000224  1.303911 0.705802 -1.504237
28  11.691992 0.000161 0.000857  0.736747 0.000059 -1.656202
29  11.479142 -0.000198 0.001296  -1.672002 0.470527 -0.034147
30  3.859438 -0.132759 1.193065  0.466149 -0.051827 -1.783911
31  1.312559 0.000026 -0.000001  -0.013963 -0.041043 -0.156446
32  0.729346 0.000065 -0.000027  -0.128320 -0.117290 -0.954858
33  3.942046 0.050138 0.431000  0.211502 -0.107596 -1.469110
34  1.539096 0.000006 -0.000001  0.040711 -0.054386 -1.030473
35  1.196300 0.000078 -0.000004  -0.249390 -0.043040 -0.795119
36  3.883414 -0.050473 -0.431084  0.186408 -0.271796 -1.212173
37  1.719563 -0.000084 -0.000005  0.020973 -0.107650 -1.483531
38  1.209197 0.000035 0.000011  -0.324719 0.069673 -0.493483
39  3.859589 -0.149083 -1.331321  -0.166408 -0.090222 -0.231266
40  1.719412 -0.000098 -0.000035  -0.037675 -0.032189 -0.013102
41  1.099674 0.000024 0.000007  -0.003986 -0.002989 0.312654
42  0.805984 -0.359848 -1.318339  0.991670 0.166767 -0.799527
43  1.789780 -0.000009 -0.000042  0.000058 -0.002451 0.133098
44  1.206995 -0.000007 0.000006  0.000372 -0.000071 1.058780
45  5.740571 0.000080 0.000722  0.029060 -0.000014 0.000028
46  11.480773 0.000034 0.001006  -0.021422 0.072423 -0.011542
47  6.027515 -0.000273 -0.000230  -0.984287 -0.678094 -2.318510
48  -0.000001 11.691975 -0.000006  -1.121313 0.564624 0.865510
49  0.000003 0.000000 0.000001  3.009277 -0.000036 1.570860
50  -0.000008 -0.000013 0.000005  2.272645 -0.000036 1.570861
51  -1.379265 -5.010276 -8.022475  -2.227009 -0.385391 -1.765309
52  -0.000000 -0.000000 -0.000000  0.008153 -0.000259 0.000009
53  -0.000000 -0.000001 0.000000  1.565115 0.043565 -0.106862
54  -3.725077 -11.814458 -8.591639  0.201758 -0.789555 2.968750
55  -0.000000 -0.000001 -0.000000  0.000000 -0.000001 -0.000002
56  0.000031 0.000028 0.000001  -1.571901 -0.044449 -0.106509
57  12.564230 -22.520531 -17.615202  1.570796 -0.000000 0.000000
58  -2.436147 3.567918 -23.783905  1.570796 -0.000000 0.000000
59  2.820688 -1.415719 -14.557084  1.570796 -0.000000 0.000000
60  -0.004311 0.001229 -0.000371  0.006898 -0.005534 -0.284229
61  0.826810 10.209643 -4.879054  1.570796 -0.000000 0.000000
62  0.000000 0.000000 0.000000  -0.078727 -3.136056 0.284226
63  0.000000 0.000000 0.000000  1.568033 0.008000 -0.035975
64  -4.777747 -7.359170 -2.649945  0.972476 -0.833668 0.465921
65  0.048105 -2.944859 0.933262  0.000000 0.000000 0.000000
66  0.048105 -1.112259 2.192674  0.000000 0.000000 0.000000
67  -1.140610 -0.098565 1.093604  0.000000 0.000000 0.000000
68  0.217550 -1.673973 20.274755  0.000000 0.000000 0.000000
69  0.217545 -3.706012 2.941690  0.000000 0.000000 0.000000
70  0.048105 -1.885239 -0.022553  0.000000 0.000000 0.000000
71  -0.082570 -1.959165 -0.004310  0.000000 0.000000 0.000000
72  0.217545 -3.788154 3.509795  0.000000 0.000000 0.000000
73  -1.506604 -12.650161 -3.141833  0.972476 -0.833668 0.465921
74  0.017810 1.009273 -0.369181  0.000000 0.000000 0.000000
75  -3.588360 -1.097282 -23.660017  1.570796 -0.000000 0.000000
76  0.088237 2.028860 -0.387793  0.000000 -0.000000 0.000000
77  0.089166 1.580732 -0.409891  0.000000 -0.000000 0.000000
78  -0.263817 1.788471 -0.409405  0.000000 -0.000000 0.000000
79  -0.263817 1.287951 -0.409405  0.000000 -0.000000 0.000000
80  -2.178249 -19.942940 0.377217  0.972476 -0.833668 0.465921
81  0.017810 0.973330 -8.485498  0.000000 0.000000 0.000000
82  -2.178249 -19.942940 0.377217  0.972476 -0.833668 0.465921
83  0.088238 1.202834 -8.470930  0.000000 0.000000 0.000000
84  -0.263816 0.962445 -8.492542  0.000000 0.000000 0.000000
time 53
0  0.000006 0.000000 0.000000  -1.570800 -1.391899 -1.570792
1  -13.790855 3.449903 2.716505  -1.544956 -1.855077 -0.198630
2  6.027525 -0.000333 0.000189  -0.458560 -1.698607 -1.240265
3  11.692106 0.000646 -0.000738  -1.145869 -0.000031 -1.604710
4  11.479653 0.000349 -0.001010  1.579384 -0.094251 0.088384
5  3.859503 -0.142823 -1.192078  -0.354684 0.411121 -0.918973
6  1.312589 0.000010 0.000008  0.014104 -0.027391 -0.756231
7  0.729355 0.000055 0.000050  0.009171 -0.000638 -0.425933
8  3.942140 0.046331 -0.431541  -0.128453 0.168000 -1.023861
9  1.539109 0.000083 0.000004  0.003938 0.045786 -0.249651
10  1.196334 0.000146 0.000028  -0.005969 -0.002621 0.021759
11  3.883511 -0.047212 0.431353  0.124548 0.018936 -1.021128
12  1.719572 -0.000029 0.000017  -0.025489 -0.020004 -0.360966
13  1.209179 0.000090 0.000011  0.006757 0.003098 0.416076
14  3.762935 -0.162335 1.410171  0.478673 -0.090093 -0.983607
15  1.719449 -0.000019 0.000028  -0.052779 0.040061 -0.412949
16  1.099674 0.000049 0.000006  0.015907 -0.075979 0.270165
17  0.503033 0.298481 1.257462  -1.026455 -0.161093 -1.105239
18  1.789818 -0.000002 -0.000019  -0.005193 0.025416 -0.730129
19  1.207012 -0.000016 -0.000044  -0.005513 0.000695 0.830385
20  5.740635 0.000389 -0.000699  0.004470 0.000003 0.000064
21  11.480944 0.000245 -0.000856  0.005296 0.002679 0.007778
22  6.027525 -0.000332 0.000200  1.601745 0.123943 2.146523
23  -0.000002 11.692098 -0.000007  -1.091189 -0.534934 -0.847995
24  0.000003 0.000009 0.000000  -0.276766 -0.000031 1.570739
25  -0.000002 -0.000012 -0.000001  0.868960 0.000002 1.570712
26  -6.617934 -9.178503 0.826812  1.473120 1.855075 -0.198639
27  6.027523 -0.000260 -0.000223  1.283569 0.761046 -1.507496
28  11.691992 0.000161 0.000857  0.736747 0.000059 -1.649258
29  11.479189 -0.000181 0.001279  -1.495841 0.565935 0.073735
30  3.859437 -0.132757 1.193065  0.466149 -0.051827 -1.783911
31  1.312558 0.000027 -0.000001  -0.013963 -0.041043 -0.156446
32  0.729346 0.000065 -0.000028  -0.128320 -0.117290 -0.954858
33  3.942046 0.050140 0.431000  0.211502 -0.107596 -1.469110
34  1.539096 0.000004 -0.000001  0.040711 -0.054386 -1.030473
35  1.196300 0.000078 -0.000003  -0.249391 -0.043040 -0.795119
36  3.883413 -0.050472 -0.431085  0.186408 -0.271796 -1.212173
37  1.719565 -0.000083 -0.000004  0.020973 -0.107650 -1.483531
38  1.209198 0.000035 0.000011  -0.324719 0.069673 -0.493483
39  3.859588 -0.149081 -1.331321  -0.166408 -0.090222 -0.231266
40  1.719413 -0.000098 -0.000036  -0.037675 -0.032189 -0.013102
41  1.099674 0.000024 0.000007  -0.003986 -0.002989 0.312654
42  0.805983 -0.359847 -1.318338  0.991670 0.166767 -0.799527
43  1.789780 -0.000009 -0.000042  0.000058 -0.002451 0.133097
44  1.206996 -0.000006 0.000005  0.000372 -0.000071 1.058781
45  5.740571 0.000079 0.000721  0.067540 -0.000013 0.000028
46  11.480781 0.000038 0.001001  0.007751 0.092374 0.000149
47  6.027515 -0.000273 -0.000230  -1.047549 -0.649836 -2.269150
48  -0.000001 11.691974 -0.000007  -1.117243 0.560590 0.863197
49  0.000003 0.000000 -0.000001  3.009277 -0.000036 1.570860
50  -0.000007 -0.000014 0.000004  2.272645 -0.000036 1.570861
51  -1.320609 -5.112149 -7.234774  -2.114936 -0.306002 -1.733238
52  -0.000000 -0.000001 0.000000  0.008153 -0.000259 0.000009
53  -0.000000 0.000001 -0.000000  1.565115 0.043565 -0.106862
54  -2.150892 -11.490446 -9.935399  0.533633 -0.377672 -3.107963
55  0.000000 0.000000 0.000000  0.000000 -0.000001 -0.000002
56  0.000030 0.000030 0.000002  -1.571902 -0.044449 -0.106509
57  16.891115 -27.847015 -16.324804  1.570796 -0.000000 0.000000
58  -2.776091 3.582110 -23.782887  1.570796 -0.000000 0.000000
59  2.720816 -0.941209 -14.185884  1.570796 -0.000000 0.000000
60  -0.004311 0.001229 -0.000371  0.006898 -0.005534 -0.284229
61  0.826810 10.209643 -4.879054  1.570796 -0.000000 0.000000
62  0.000000 0.000000 0.000000  -0.078727 -3.136056 0.284226
63  0.000000 0.000000 0.000000  1.572280 -0.010812 -0.034969
64  -5.135051 -8.016057 -2.444321  0.964450 -0.965526 0.542332
65  0.048106 -2.944859 0.933262  0.000000 -0.000000 0.000000
66  0.048105 -1.112260 5.328122  0.000000 -0.000000 0.000000
67  -1.140610 -0.098565 1.093601  0.000000 -0.000000 0.000000
68  0.217551 -1.673974 20.274757  0.000000 -0.000000 0.000000
69  0.217545 -3.706013 2.941691  0.000000 -0.000000 0.000000
70  0.048106 -1.885239 -0.022553  0.000000 -0.000000 0.000000
71  -0.082569 -1.959166 -0.004310  0.000000 -0.000000 0.000000
72  0.217546 -3.788155 3.509795  0.000000 -0.000000 0.000000
73  -1.450326 -13.036963 -2.831903  0.964450 -0.965526 0.542332
74  0.017810 1.009273 -0.369182  0.000000 -0.000000 0.000000
75  -3.588360 -1.097282 -23.660017  1.570796 -0.000000 0.000000
76  0.088237 2.028860 -0.387793  0.000000 -0.000000 0.000000
77  0.089166 1.580732 -0.409891  0.000000 -0.000000 0.000000
78  -0.263817 1.788471 -0.409405  0.000000 -0.000000 0.000000
79  -0.263817 1.287951 -0.409405  0.000000 -0.000000 0.000000
80  -1.987564 -20.566101 0.175240  0.964450 -0.965526 0.542332
81  0.017810 0.973330 -8.485500  0.000000 -0.000000 0.000000
82  -1.987564 -20.566101 0.175240  0.964450 -0.965526 0.542332
83  0.088237 1.202834 -8.470933  0.000000 -0.000000 0.000000
84  -0.263816 0.962445 -8.492544  0.000000 -0.000000 0.000000
time 54
0  0.000006 0.000000 0.000000  -1.570800 -1.391899 -1.570792
1  -13.410711 2.903696 2.611358  -1.544956 -1.855077 -0.198630
2  6.027521 -0.000331 0.000189  -2.084803 -1.330604 0.444715
3  11.692103 0.000646 -0.000739  -1.127541 -0.000044 -1.790696
4  11.479997 0.000399 -0.000878  1.656367 -0.269388 0.200602
5  3.859503 -0.142824 -1.192079  -0.376870 0.430266 -0.811980
6  1.312589 0.000010 0.000009  0.013041 -0.027261 -0.648628
7  0.729356 0.000054 0.000048  0.009104 -0.001112 -0.309872
8  3.942141 0.046331 -0.431543  -0.143340 0.169394 -0.920412
9  1.539111 0.000083 0.000003  0.008497 0.044387 -0.114621
10  1.196333 0.000146 0.000028  -0.005877 -0.002565 0.020835
11  3.883511 -0.047212 0.431349  0.118838 0.001828 -0.912302
12  1.719573 -0.000029 0.000017  -0.025130 -0.018021 -0.208723
13  1.209180 0.000090 0.000012  0.006959 0.003313 0.396854
14  3.776616 -0.158954 1.399167  0.479706 -0.116605 -0.927345
15  1.719448 -0.000019 0.000029  -0.049973 0.042514 -0.295099
16  1.099675 0.000049 0.000007  0.017707 -0.075389 0.221120
17  0.470571 0.293854 1.219319  -0.973815 -0.308951 -1.098313
18  1.789820 -0.000001 -0.000019  -0.001099 0.020751 -0.731781
19  1.207014 -0.000015 -0.000043  -0.004829 0.000548 0.822000
20  5.740636 0.000389 -0.000700  0.009474 0.000003 0.000063
21  11.481009 0.000257 -0.000828  0.023960 -0.030562 0.032773
22  6.027524 -0.000330 0.000200  1.806924 -0.044517 2.198052
23  0.000002 11.692096 -0.000007  -1.200262 -0.644260 -0.907489
24  0.000000 0.000008 -0.000001  -0.258433 -0.000031 1.570739
25  0.000003 -0.000012 0.000000  0.868960 0.000002 1.570712
26  -6.617934 -9.178503 0.826812  1.473120 1.855075 -0.198639
27  6.027522 -0.000260 -0.000223  1.331000 0.788116 -1.472990
28  11.691990 0.000163 0.000857  0.736747 0.000057 -1.622482
29  11.479371 -0.000112 0.001216  -1.453753 0.535149 0.144019
30  3.859438 -0.132759 1.193066  0.466149 -0.051827 -1.783911
31  1.312559 0.000026 -0.000001  -0.013963 -0.041043 -0.156446
32  0.729346 0.000064 -0.000027  -0.128320 -0.117290 -0.954858
33  3.942046 0.050138 0.431000  0.211502 -0.107596 -1.469110
34  1.539097 0.000007 -0.000001  0.040711 -0.054386 -1.030473
35  1.196301 0.000078 -0.000004  -0.249391 -0.043040 -0.795119
36  3.883413 -0.050472 -0.431083  0.186408 -0.271796 -1.212173
37  1.719564 -0.000084 -0.000004  0.020973 -0.107650 -1.483531
38  1.209197 0.000035 0.000011  -0.324719 0.069673 -0.493483
39  3.859588 -0.149082 -1.331321  -0.166408 -0.090222 -0.231266
40  1.719413 -0.000098 -0.000036  -0.037675 -0.032189 -0.013102
41  1.099674 0.000023 0.000007  -0.003986 -0.002989 0.312654
42  0.805984 -0.359848 -1.318338  0.991670 0.166767 -0.799527
43  1.789780 -0.000008 -0.000042  0.000058 -0.002451 0.133097
44  1.206996 -0.000007 0.000006  0.000372 -0.000071 1.058780
45  5.740572 0.000080 0.000721  0.061718 -0.000014 0.000028
46  11.480818 0.000052 0.000988  0.013660 0.087103 0.011766
47  6.027515 -0.000273 -0.000230  -1.041293 -0.606755 -2.271502
48  -0.000000 11.691977 -0.000006  -1.101543 0.545111 0.854154
49  0.000002 0.000000 -0.000001  3.009277 -0.000036 1.570860
50  -0.000007 -0.000013 0.000005  2.272645 -0.000036 1.570861
51  -1.865303 -5.465861 -7.158544  -2.140612 -0.289561 -1.698342
52  -0.000000 -0.000000 0.000000  0.008153 -0.000259 0.000009
53  -0.000000 -0.000000 0.000000  1.565115 0.043565 -0.106862
54  0.239058 -11.711607 -11.189465  0.560492 -0.298922 -2.807577
55  -0.000000 -0.000000 -0.000001  0.000000 -0.000001 -0.000002
56  0.000030 0.000029 0.000000  -1.571901 -0.044449 -0.106509
57  23.028839 -24.956543 -17.637384  1.570796 -0.000000 0.000000
58  -3.181622 3.597017 -23.781513  1.570796 -0.000000 0.000000
59  2.615670 -0.471364 -13.714612  1.570796 -0.000000 0.000000
60  -0.004311 0.001229 -0.000371  0.006898 -0.005534 -0.284229
61  0.826810 10.209643 -4.879054  1.570796 -0.000000 0.000000
62  0.000000 0.000000 0.000000  -0.078727 -3.136056 0.284226
63  0.000000 0.000000 0.000000  1.576517 -0.029612 -0.034774
64  -5.492354 -8.566736 -2.346043  1.013747 -0.956797 0.529275
65  0.048106 -2.944859 0.933263  0.000000 -0.000000 -0.000000
66  0.048106 -1.112259 5.803836  0.000000 -0.000000 -0.020658
67  -1.140610 -0.098564 1.093603  -0.000000 0.000000 -0.000000
68  0.217552 -1.673973 20.274754  0.000000 -0.000000 -0.000000
69  0.217546 -3.706012 2.941690  0.000000 -0.000000 -0.000000
70  0.048106 -1.885239 -0.022553  0.000000 -0.000000 -0.000000
71  -0.082568 -1.959166 -0.004310  0.000000 -0.000000 -0.000000
72  0.217546 -3.788154 3.509794  0.000000 -0.000000 -0.000000
73  -1.682241 -13.475627 -2.914147  1.013747 -0.956797 0.529275
74  0.017809 1.009273 -0.369182  0.000000 -0.000000 -0.000000
75  -3.588360 -1.097282 -23.660017  1.570796 -0.000000 0.000000
76  -0.019373 2.206770 0.711212  0.000000 -0.000000 0.000000
77  0.089166 1.580732 -0.409891  0.000000 -0.000000 0.000000
78  -0.263817 1.788471 -0.409405  0.000000 -0.000000 0.000000
79  -0.263817 1.287951 -0.409405  0.000000 -0.000000 0.000000
80  -1.948143 -21.073948 -0.048095  1.013747 -0.956797 0.529275
81  0.017809 0.973330 -8.485497  0.000000 -0.000000 -0.000000
82  -1.948143 -21.073948 -0.048095  1.013747 -0.956797 0.529275
83  0.088237 1.202834 -8.470928  0.000000 -0.000000 -0.000000
84  -0.263817 0.962446 -8.492541  0.000000 -0.000000 -0.000000
time 55
0  0.000006 0.000000 0.000000  -1.570800 -1.391899 -1.570792
1  -12.930923 2.393407 2.504411  -1.544956 -1.855077 -0.198630
2  6.027518 -0.000329 0.000190  -1.771061 -1.077477 0.121327
3  11.692106 0.000644 -0.000739  -1.116295 -0.000049 -1.866105
4  11.479321 0.000209 -0.001255  1.751319 -0.429134 0.203573
5  3.859503 -0.142823 -1.192078  -0.400007 0.442857 -0.752382
6  1.312589 0.000010 0.000008  0.012149 -0.026718 -0.566249
7  0.729356 0.000054 0.000050  0.009011 -0.001344 -0.243142
8  3.942140 0.046331 -0.431542  -0.164556 0.170585 -0.861182
9  1.539110 0.000084 0.000003  0.011194 0.042258 -0.047556
10  1.196333 0.000145 0.000028  -0.005712 -0.002583 0.019691
11  3.883510 -0.047213 0.431353  0.113424 -0.008244 -0.846202
12  1.719573 -0.000028 0.000018  -0.024177 -0.017467 -0.132407
13  1.209179 0.000090 0.000014  0.007183 0.003494 0.372672
14  3.789773 -0.155701 1.388590  0.479216 -0.130204 -0.898704
15  1.719448 -0.000019 0.000031  -0.048477 0.043666 -0.236727
16  1.099675 0.000049 0.000006  0.019917 -0.074955 0.161944
17  0.439366 0.261291 1.182020  -0.973571 -0.424767 -1.047576
18  1.789819 -0.000003 -0.000020  0.003172 0.014405 -0.732788
19  1.207014 -0.000014 -0.000044  -0.003952 0.000412 0.821262
20  5.740637 0.000391 -0.000699  0.020787 0.000003 0.000063
21  11.480874 0.000219 -0.000903  0.045343 -0.060394 0.038484
22  6.027524 -0.000328 0.000200  2.011343 -0.229777 2.142013
23  -0.000001 11.692099 -0.000008  -1.244778 -0.690014 -0.928632
24  0.000004 0.000009 -0.000002  -0.247185 -0.000031 1.570739
25  -0.000001 -0.000011 -0.000001  0.868960 0.000002 1.570712
26  -6.617934 -9.178503 0.826812  1.473120 1.855075 -0.198639
27  6.027522 -0.000260 -0.000222  1.345883 0.802867 -1.443572
28  11.691991 0.000161 0.000857  0.736746 0.000054 -1.580764
29  11.479663 0.000011 0.001107  -1.484466 0.490058 0.106376
30  3.859438 -0.132759 1.193065  0.466149 -0.051827 -1.783911
31  1.312558 0.000026 -0.000000  -0.013963 -0.041043 -0.156446
32  0.729345 0.000064 -0.000028  -0.128320 -0.117290 -0.954858
33  3.942047 0.050138 0.431000  0.211502 -0.107596 -1.469110
34  1.539097 0.000006 -0.000000  0.040711 -0.054386 -1.030473
35  1.196299 0.000078 -0.000004  -0.249390 -0.043040 -0.795119
36  3.883413 -0.050472 -0.431084  0.186408 -0.271796 -1.212173
37  1.719564 -0.000084 -0.000005  0.020973 -0.107650 -1.483531
38  1.209198 0.000035 0.000011  -0.324719 0.069673 -0.493483
39  3.859590 -0.149083 -1.331321  -0.166408 -0.090222 -0.231266
40  1.719412 -0.000098 -0.000036  -0.037675 -0.032189 -0.013102
41  1.099673 0.000024 0.000007  -0.003986 -0.002989 0.312654
42  0.805984 -0.359848 -1.318338  0.991670 0.166767 -0.799527
43  1.789780 -0.000008 -0.000042  0.000058 -0.002451 0.133098
44  1.206997 -0.000006 0.000005  0.000372 -0.000071 1.058781
45  5.740572 0.000080 0.000721  0.054900 -0.000014 0.000028
46  11.480877 0.000077 0.000966  0.009939 0.077499 0.006498
47  6.027515 -0.000273 -0.000230  -1.045371 -0.589014 -2.250419
48  -0.000001 11.691975 -0.000006  -1.077044 0.521241 0.839672
49  0.000002 0.000001 -0.000001  3.009277 -0.000036 1.570860
50  -0.000007 -0.000014 0.000005  2.272645 -0.000036 1.570861
51  -1.990344 -5.835376 -7.351367  -2.185751 -0.321185 -1.696089
52  -0.000000 0.000001 0.000001  0.008153 -0.000259 0.000009
53  0.000000 -0.000000 -0.000000  1.565115 0.043565 -0.106862
54  3.102324 -12.516863 -11.853409  0.527815 -0.337225 -2.443780
55  0.000000 0.000002 0.000002  0.000000 -0.000001 -0.000002
56  0.000030 0.000031 0.000003  -1.571902 -0.044449 -0.106509
57  26.796432 -21.966183 -19.263260  1.570796 -0.000000 0.000000
58  -3.637955 3.612596 -23.779816  1.570796 -0.000000 0.000000
59  2.508723 -0.054596 -13.151676  1.570796 -0.000000 0.000000
60  -0.004311 0.001229 -0.000371  0.006898 -0.005534 -0.284229
61  0.826810 10.209643 -4.879054  1.570796 -0.000000 0.000000
62  0.000000 0.000000 0.000000  -0.078727 -3.136056 0.284226
63  0.000000 0.000000 0.000000  1.576180 -0.028951 -0.034742
64  -5.421101 -8.768283 -2.295772  1.015177 -0.903389 0.516806
65  0.048107 -2.944860 0.933262  -0.000000 0.000000 0.000000
66  0.048106 -1.112260 5.698327  0.000000 0.000000 -0.006923
67  -1.140610 -0.098565 1.093602  -0.000000 0.000000 -0.000000
68  0.217551 -1.673974 20.274757  -0.000000 0.000000 0.000000
69  0.217546 -3.706014 2.941690  -0.000000 0.000000 0.000000
70  0.048106 -1.885240 -0.022554  -0.000000 0.000000 0.000000
71  -0.082568 -1.959166 -0.004310  -0.000000 0.000000 0.000000
72  0.217547 -3.788156 3.509795  -0.000000 0.000000 0.000000
73  -1.694551 -13.735202 -2.911771  1.015177 -0.903389 0.516806
74  0.017809 1.009272 -0.369180  -0.000000 0.000000 0.000000
75  -3.588360 -1.097282 -23.660017  1.570796 -0.000000 0.000000
76  -0.059011 2.409836 2.364640  0.051100 0.000000 0.000000
77  0.089166 1.580732 -0.409891  0.000000 -0.000000 0.000000
78  -0.263817 1.788471 -0.409405  0.000000 -0.000000 0.000000
79  -0.263817 1.287951 -0.409405  0.000000 -0.000000 0.000000
80  -1.907329 -21.253765 0.161560  1.015177 -0.903389 0.516806
81  0.017810 0.973330 -8.485500  -0.000000 0.000000 0.000000
82  -1.907329 -21.253765 0.161560  1.015177 -0.903389 0.516806
83  0.088237 1.202834 -8.470932  -0.000000 0.000000 0.000000
84  -0.263816 0.962445 -8.492544  -0.000000 0.000000 0.000000
time 56
0  0.000006 0.000000 0.000000  -1.570800 -1.391899 -1.570792
1  -12.359707 1.974508 2.399265  -1.544956 -1.855077 -0.198630
2  6.027516 -0.000328 0.000191  -1.736986 -0.898763 -0.004135
3  11.692104 0.000644 -0.000737  -1.111032 -0.000045 -1.813988
4  11.479786 0.000324 -0.001006  1.806723 -0.509408 0.162583
5  3.859502 -0.142822 -1.192077  -0.420266 0.449856 -0.726119
6  1.312589 0.000009 0.000008  0.011402 -0.026025 -0.499420
7  0.729355 0.000054 0.000049  0.008914 -0.001410 -0.211960
8  3.942141 0.046333 -0.431542  -0.186807 0.171436 -0.834022
9  1.539110 0.000081 0.000005  0.012853 0.039381 -0.012623
10  1.196332 0.000146 0.000029  -0.005449 -0.002643 0.018632
11  3.883511 -0.047211 0.431352  0.107841 -0.013407 -0.812677
12  1.719573 -0.000028 0.000018  -0.023147 -0.017813 -0.093736
13  1.209179 0.000090 0.000011  0.007404 0.003654 0.346766
14  3.802201 -0.152626 1.378597  0.478087 -0.137421 -0.883669
15  1.719448 -0.000018 0.000026  -0.047683 0.044285 -0.206210
16  1.099675 0.000050 0.000005  0.021964 -0.074603 0.107484
17  0.407383 0.204634 1.143317  -1.001695 -0.507154 -0.967058
18  1.789819 -0.000003 -0.000018  0.006802 0.008314 -0.733319
19  1.207013 -0.000013 -0.000043  -0.003125 0.000328 0.819620
20  5.740636 0.000388 -0.000700  0.020356 0.000003 0.000063
21  11.480966 0.000238 -0.000853  0.055872 -0.076046 0.034268
22  6.027523 -0.000328 0.000200  2.170818 -0.323439 2.001433
23  0.000001 11.692099 -0.000008  -1.213974 -0.658312 -0.914214
24  0.000001 0.000008 0.000000  -0.241923 -0.000031 1.570739
25  0.000000 -0.000011 -0.000001  0.868960 0.000002 1.570712
26  -6.617934 -9.178503 0.826812  1.473120 1.855075 -0.198639
27  6.027522 -0.000260 -0.000222  1.358701 0.806605 -1.409943
28  11.691992 0.000161 0.000857  0.729229 0.000051 -1.549595
29  11.479890 0.000100 0.001016  -1.539130 0.452677 0.062745
30  3.859438 -0.132759 1.193065  0.466149 -0.051827 -1.783911
31  1.312559 0.000025 -0.000001  -0.013963 -0.041043 -0.156446
32  0.729345 0.000065 -0.000027  -0.128320 -0.117290 -0.954858
33  3.942048 0.050139 0.431001  0.211502 -0.107596 -1.469110
34  1.539097 0.000007 -0.000001  0.040711 -0.054386 -1.030473
35  1.196300 0.000077 -0.000004  -0.249391 -0.043040 -0.795119
36  3.883414 -0.050472 -0.431084  0.186408 -0.271796 -1.212173
37  1.719563 -0.000084 -0.000004  0.020973 -0.107650 -1.483531
38  1.209198 0.000034 0.000011  -0.324719 0.069673 -0.493483
39  3.859589 -0.149082 -1.331320  -0.166408 -0.090222 -0.231266
40  1.719412 -0.000098 -0.000036  -0.037675 -0.032189 -0.013102
41  1.099673 0.000024 0.000007  -0.003986 -0.002989 0.312654
42  0.805984 -0.359848 -1.318337  0.991670 0.166767 -0.799527
43  1.789780 -0.000008 -0.000042  0.000058 -0.002451 0.133098
44  1.206997 -0.000007 0.000006  0.000372 -0.000071 1.058780
45  5.740573 0.000079 0.000721  0.044137 -0.000014 0.000028
46  11.480922 0.000094 0.000948  0.001324 0.069309 0.000881
47  6.027515 -0.000273 -0.000230  -1.041298 -0.579992 -2.228274
48  -0.000001 11.691975 -0.000005  -1.058696 0.503610 0.828544
49  0.000004 -0.000002 -0.000001  3.001760 -0.000036 1.570860
50  -0.000007 -0.000013 0.000005  2.272645 -0.000036 1.570861
51  -2.093207 -6.096898 -7.638762  -2.260062 -0.353135 -1.700951
52  -0.000001 -0.000000 0.000001  0.008153 -0.000259 0.000009
53  0.000000 -0.000000 0.000000  1.565115 0.043565 -0.106862
54  5.693136 -13.599363 -11.643669  0.406803 -0.400675 -2.102048
55  -0.000001 0.000000 0.000001  0.000000 -0.000001 -0.000002
56  0.000029 0.000029 0.000002  -1.571901 -0.044449 -0.106509
57  26.042938 -21.828632 -19.757902  1.570796 -0.000000 0.000000
58  -4.130378 3.628804 -23.777840  1.570796 -0.000000 0.000000
59  2.403576 0.255973 -12.515037  1.570796 -0.000000 0.000000
60  -0.004311 0.001229 -0.000371  0.006898 -0.005534 -0.284229
61  0.826810 10.209643 -4.879054  1.570796 -0.000000 0.000000
62  0.000000 0.000000 0.000000  -0.078727 -3.136056 0.284226
63  0.000000 0.000000 0.000000  1.575256 -0.026634 -0.034459
64  -5.223485 -8.814640 -2.277203  1.038063 -0.827770 0.469908
65  0.048106 -2.944859 0.933264  0.000000 0.000000 -0.000000
66  0.048105 -1.112260 5.751083  0.000000 0.000000 0.006813
67  -1.140610 -0.098564 1.093602  0.000000 -0.000000 0.000000
68  0.217551 -1.673974 20.274761  0.000000 0.000000 -0.000000
69  0.217546 -3.706013 2.941691  0.000000 0.000000 -0.000000
70  0.048106 -1.885239 -0.022553  0.000000 0.000000 -0.000000
71  -0.082568 -1.959166 -0.004309  0.000000 0.000000 -0.000000
72  0.217546 -3.788155 3.509796  0.000000 0.000000 -0.000000
73  -1.696071 -13.904163 -3.045980  1.038063 -0.827770 0.469908
74  0.017810 1.009273 -0.369182  0.000000 0.000000 -0.000000
75  -3.588360 -1.097282 -23.660017  1.570796 -0.000000 0.000000
76  -0.059011 2.409836 2.364640  0.051100 0.000000 0.000000
77  0.089166 1.580732 -0.409891  0.000000 -0.000000 0.000000
78  -0.263817 1.788471 -0.409405  0.000000 -0.000000 0.000000
79  -0.263817 1.287951 -0.409405  0.000000 -0.000000 0.000000
80  -1.895953 -21.344604 0.212748  1.038063 -0.827770 0.469908
81  0.017809 0.973331 -8.485498  0.000000 0.000000 -0.000000
82  -1.895953 -21.344604 0.212748  1.038063 -0.827770 0.469908
83  0.088237 1.202834 -8.470930  0.000000 0.000000 -0.000000
84  -0.263817 0.962445 -8.492543  0.000000 0.000000 -0.000000
time 57
0  0.000006 0.000000 0.000000  -1.570800 -1.391899 -1.570792
1  -11.720848 1.678155 2.299393  -1.544956 -1.855077 -0.198630
2  6.027518 -0.000330 0.000192  -1.784842 -0.850871 -0.130323
3  11.692105 0.000647 -0.000738  -1.107907 -0.000038 -1.709988
4  11.478839 0.000111 -0.001418  1.840875 -0.510033 0.200874
5  3.859505 -0.142823 -1.192078  -0.434034 0.452786 -0.718690
6  1.312591 0.000010 0.000009  0.010714 -0.025352 -0.438577
7  0.729355 0.000054 0.000049  0.008807 -0.001385 -0.201776
8  3.942142 0.046332 -0.431542  -0.205696 0.171769 -0.825719
9  1.539111 0.000084 0.000004  0.014076 0.035455 0.021297
10  1.196333 0.000146 0.000027  -0.005071 -0.002727 0.017900
11  3.883515 -0.047211 0.431351  0.101043 -0.015753 -0.799843
12  1.719571 -0.000030 0.000018  -0.022285 -0.018614 -0.060336
13  1.209179 0.000089 0.000013  0.007604 0.003790 0.322022
14  3.813718 -0.149780 1.369337  0.476356 -0.144242 -0.869364
15  1.719449 -0.000018 0.000030  -0.046902 0.044902 -0.176061
16  1.099676 0.000050 0.000004  0.023387 -0.074357 0.069759
17  0.373056 0.129273 1.101543  -1.027981 -0.558739 -0.880440
18  1.789820 -0.000005 -0.000018  0.009194 0.004016 -0.733542
19  1.207015 -0.000013 -0.000043  -0.002539 0.000330 0.810229
20  5.740635 0.000389 -0.000700  0.016796 0.000003 0.000063
21  11.480778 0.000195 -0.000936  0.063542 -0.074716 0.043607
22  6.027525 -0.000331 0.000200  2.229913 -0.314220 1.819977
23  0.000001 11.692101 -0.000005  -1.152905 -0.596159 -0.882904
24  0.000003 0.000009 0.000000  -0.238801 -0.000030 1.570739
25  0.000000 -0.000011 0.000000  0.868960 0.000002 1.570712
26  -6.617934 -9.178503 0.826812  1.473120 1.855075 -0.198639
27  6.027522 -0.000260 -0.000222  1.375336 0.805050 -1.368859
28  11.691991 0.000162 0.000858  0.706444 0.000050 -1.531897
29  11.480028 0.000139 0.000965  -1.591376 0.436674 0.059109
30  3.859437 -0.132759 1.193065  0.466149 -0.051827 -1.783911
31  1.312559 0.000026 -0.000001  -0.013963 -0.041043 -0.156446
32  0.729345 0.000064 -0.000027  -0.128320 -0.117290 -0.954858
33  3.942046 0.050139 0.431000  0.211502 -0.107596 -1.469110
34  1.539097 0.000006 -0.000001  0.040711 -0.054386 -1.030473
35  1.196301 0.000077 -0.000004  -0.249390 -0.043040 -0.795119
36  3.883413 -0.050473 -0.431085  0.186408 -0.271796 -1.212173
37  1.719565 -0.000084 -0.000004  0.020973 -0.107650 -1.483531
38  1.209197 0.000035 0.000011  -0.324719 0.069673 -0.493483
39  3.859588 -0.149083 -1.331321  -0.167741 -0.085088 -0.214581
40  1.719413 -0.000098 -0.000035  -0.039009 -0.034013 -0.013801
41  1.099673 0.000024 0.000007  -0.003702 -0.003554 0.266901
42  0.805983 -0.359848 -1.318338  0.991670 0.166767 -0.799527
43  1.789780 -0.000008 -0.000043  0.000058 -0.002451 0.133097
44  1.206996 -0.000007 0.000005  0.000372 -0.000071 1.058780
45  5.740574 0.000080 0.000720  0.031326 -0.000014 0.000028
46  11.480949 0.000102 0.000938  -0.008420 0.065602 0.002700
47  6.027515 -0.000273 -0.000230  -1.030634 -0.572564 -2.205003
48  -0.000001 11.691974 -0.000006  -1.048258 0.493679 0.822110
49  0.000003 -0.000001 -0.000002  2.978975 -0.000036 1.570860
50  -0.000008 -0.000014 0.000005  2.272645 -0.000036 1.570861
51  -2.260867 -6.250999 -7.907728  -2.368823 -0.357775 -1.697365
52  0.000000 0.000001 0.000000  0.008153 -0.000259 0.000009
53  0.000000 -0.000000 0.000000  1.565115 0.043565 -0.106862
54  7.398884 -14.525309 -10.707453  0.270764 -0.404610 -1.875511
55  0.000000 0.000000 0.000001  0.000000 -0.000001 -0.000002
56  0.000032 0.000029 0.000001  -1.571901 -0.044449 -0.106509
57  23.813784 -21.755745 -20.157003  1.570796 -0.000000 0.000000
58  -4.701334 3.647464 -23.764782  1.570796 -0.000000 0.000000
59  2.303705 0.433916 -11.833639  1.570796 -0.000000 0.000000
60  -0.004311 0.001229 -0.000371  0.006898 -0.005534 -0.284229
61  0.826810 10.209643 -4.879054  1.570796 -0.000000 0.000000
62  0.000000 0.000000 0.000000  -0.078727 -3.136056 0.284226
63  0.000000 0.000000 0.000000  1.573875 -0.022357 -0.033447
64  -4.923723 -8.915912 -2.274033  1.108460 -0.738691 0.385881
65  0.048105 -2.944859 0.933264  -0.000000 -0.000000 -0.000000
66  0.048104 -1.112260 5.803837  0.000000 0.000000 0.006813
67  -1.140611 -0.098565 1.093603  0.000000 0.000000 -0.000000
68  0.217550 -1.673974 20.274757  -0.000000 -0.000000 -0.000000
69  0.217545 -3.706013 2.941691  -0.000000 -0.000000 -0.000000
70  0.048105 -1.885239 -0.022553  -0.000000 -0.000000 -0.000000
71  -0.082569 -1.959166 -0.004310  -0.000000 -0.000000 -0.000000
72  0.217545 -3.788155 3.509795  -0.000000 -0.000000 -0.000000
73  -1.670799 -14.113569 -3.431505  1.108460 -0.738691 0.385881
74  0.017810 1.009272 -0.369181  -0.000000 -0.000000 -0.000000
75  -3.588360 -1.097282 -23.660017  1.570796 -0.000000 0.000000
76  -0.059011 2.409836 2.364640  0.051100 0.000000 0.000000
77  0.089166 1.580732 -0.409891  0.000000 -0.000000 0.000000
78  -0.263817 1.788471 -0.409405  0.000000 -0.000000 0.000000
79  -0.263817 1.287951 -0.409405  0.000000 -0.000000 0.000000
80  -1.796848 -21.575802 -0.219243  1.108460 -0.738691 0.385881
81  0.017809 0.973331 -8.485499  -0.000000 -0.000000 -0.000000
82  -1.796848 -21.575802 -0.219243  1.108460 -0.738691 0.385881
83  0.088236 1.202834 -8.470931  -0.000000 -0.000000 -0.000000
84  -0.263817 0.962445 -8.492543  -0.000000 -0.000000 -0.000000
time 58
0  0.000006 0.000000 0.000000  -1.570800 -1.391899 -1.570792
1  -11.053874 1.502727 2.207904  -1.544956 -1.855077 -0.198630
2  6.027518 -0.000326 0.000191  -1.812086 -0.919689 -0.287171
3  11.692106 0.000644 -0.000738  -1.103216 -0.000033 -1.609903
4  11.479610 0.000298 -0.001045  1.863542 -0.525895 0.287504
5  3.859501 -0.142824 -1.192080  -0.438920 0.453400 -0.718246
6  1.312590 0.000010 0.000007  0.010008 -0.024803 -0.376323
7  0.729356 0.000057 0.000050  0.008676 -0.001328 -0.200492
8  3.942140 0.046331 -0.431543  -0.218340 0.171769 -0.825182
9  1.539111 0.000080 0.000003  0.015084 0.030158 0.076029
10  1.196334 0.000146 0.000027  -0.004560 -0.002823 0.017639
11  3.883511 -0.047212 0.431350  0.092128 -0.016963 -0.797299
12  1.719574 -0.000030 0.000017  -0.021773 -0.019581 -0.009480
13  1.209178 0.000088 0.000012  0.007770 0.003900 0.300525
14  3.824159 -0.147199 1.360937  0.473780 -0.154990 -0.846369
15  1.719449 -0.000019 0.000028  -0.045594 0.045814 -0.126929
16  1.099675 0.000049 0.000004  0.023900 -0.074272 0.056269
17  0.335456 0.040635 1.055759  -1.025851 -0.587658 -0.810912
18  1.789820 -0.000003 -0.000018  0.010024 0.002464 -0.733591
19  1.207013 -0.000012 -0.000044  -0.002311 0.000440 0.788731
20  5.740634 0.000389 -0.000700  0.014403 0.000003 0.000063
21  11.480928 0.000235 -0.000862  0.070823 -0.075316 0.062065
22  6.027524 -0.000328 0.000200  2.169740 -0.272798 1.659444
23  0.000002 11.692099 -0.000008  -1.094236 -0.537910 -0.849791
24  0.000003 0.000011 0.000001  -0.234113 -0.000031 1.570739
25  0.000002 -0.000012 -0.000000  0.868960 0.000002 1.570712
26  -6.617934 -9.178503 0.826812  1.473120 1.855075 -0.198639
27  6.027521 -0.000260 -0.000222  1.395899 0.811912 -1.320036
28  11.691990 0.000162 0.000858  0.668484 0.000048 -1.504668
29  11.480241 0.000202 0.000888  -1.639118 0.428857 0.078470
30  3.859437 -0.132758 1.193066  0.466149 -0.051827 -1.783911
31  1.312559 0.000026 -0.000001  -0.013963 -0.041043 -0.156446
32  0.729344 0.000066 -0.000028  -0.128320 -0.117290 -0.954858
33  3.942047 0.050138 0.431001  0.211502 -0.107596 -1.469110
34  1.539097 0.000004 -0.000002  0.040711 -0.054386 -1.030473
35  1.196300 0.000078 -0.000004  -0.249391 -0.043040 -0.795119
36  3.883413 -0.050472 -0.431083  0.186408 -0.271796 -1.212173
37  1.719564 -0.000084 -0.000004  0.020973 -0.107650 -1.483531
38  1.209198 0.000035 0.000010  -0.324719 0.069673 -0.493483
39  3.859589 -0.149082 -1.331320  -0.170958 -0.070077 -0.167661
40  1.719412 -0.000099 -0.000036  -0.042679 -0.039271 -0.020146
41  1.099673 0.000023 0.000008  -0.002715 -0.005116 0.127535
42  0.805984 -0.359847 -1.318337  0.991670 0.166767 -0.799527
43  1.789780 -0.000009 -0.000042  0.000058 -0.002451 0.133097
44  1.206996 -0.000007 0.000005  0.000372 -0.000071 1.058780
45  5.740572 0.000078 0.000720  0.018028 -0.000014 0.000028
46  11.480992 0.000114 0.000922  -0.018008 0.063438 0.008761
47  6.027515 -0.000273 -0.000230  -1.025550 -0.557389 -2.173773
48  0.000000 11.691974 -0.000005  -1.032164 0.478518 0.812049
49  0.000003 -0.000000 -0.000000  2.941016 -0.000036 1.570860
50  -0.000006 -0.000013 0.000005  2.272645 -0.000036 1.570861
51  -2.494405 -6.489313 -8.124319  -2.504811 -0.345244 -1.690766
52  -0.000000 -0.000001 -0.000000  0.008153 -0.000259 0.000009
53  0.000000 0.000000 0.000000  1.565115 0.043565 -0.106862
54  7.640533 -15.253166 -9.504090  0.130917 -0.362402 -1.760424
55  -0.000001 0.000000 0.000001  0.000000 -0.000001 -0.000002
56  0.000030 0.000029 0.000002  -1.571901 -0.044449 -0.106509
57  20.417408 -21.733997 -20.443075  1.570796 -0.000000 0.000000
58  -5.400670 3.670386 -23.729557  1.570796 -0.000000 0.000000
59  2.212216 0.487860 -11.146092  1.570796 -0.000000 0.000000
60  -0.004311 0.001229 -0.000371  0.006898 -0.005534 -0.284229
61  0.826810 10.209643 -4.879054  1.570796 -0.000000 0.000000
62  0.000000 0.000000 0.000000  -0.078727 -3.136056 0.284226
63  0.000000 0.000000 0.000000  1.572184 -0.016693 -0.030647
64  -4.546031 -9.220959 -2.271114  1.196207 -0.629853 0.290023
65  0.048105 -2.944859 0.933262  0.000000 -0.000000 -0.000000
66  0.048105 -1.112260 5.803837  0.000000 -0.000000 0.006813
67  -1.140610 -0.098565 1.093604  0.000000 -0.000000 0.000000
68  0.217551 -1.673974 20.274757  0.000000 -0.000000 -0.000000
69  0.217545 -3.706013 2.941689  0.000000 -0.000000 -0.000000
70  0.048105 -1.885239 -0.022554  0.000000 -0.000000 -0.000000
71  -0.082569 -1.959166 -0.004311  0.000000 -0.000000 -0.000000
72  0.217545 -3.788155 3.509795  0.000000 -0.000000 -0.000000
73  -1.682580 -14.501779 -3.959458  1.196207 -0.629853 0.290023
74  0.017809 1.009272 -0.369182  0.000000 -0.000000 -0.000000
75  -3.588360 -1.097282 -23.660017  1.570796 -0.000000 0.000000
76  -0.059011 2.409836 2.364640  0.051100 0.000000 0.000000
77  0.089166 1.580732 -0.409891  0.000000 -0.000000 0.000000
78  -0.263817 1.788471 -0.409405  0.000000 -0.000000 0.000000
79  -0.263817 1.287951 -0.409405  0.000000 -0.000000 0.000000
80  -1.720943 -22.048317 -0.948191  1.196207 -0.629853 0.290023
81  0.017809 0.973330 -8.485501  0.000000 -0.000000 -0.000000
82  -1.720943 -22.048317 -0.948191  1.196207 -0.629853 0.290023
83  0.088237 1.202834 -8.470933  0.000000 -0.000000 -0.000000
84  -0.263817 0.962445 -8.492545  0.000000 -0.000000 -0.000000
time 59
0  0.000006 0.000000 0.000000  -1.570800 -1.391899 -1.570792
1  -10.396677 1.482024 2.127374  -1.544956 -1.855077 -0.198630
2  6.027520 -0.000326 0.000190  -1.746532 -1.072027 -0.476274
3  11.692108 0.000647 -0.000738  -1.097101 -0.000025 -1.509181
4  11.480391 0.000502 -0.000629  1.811045 -0.594489 0.371915
5  3.859504 -0.142823 -1.192078  -0.467108 0.530010 -0.840386
6  1.312589 0.000010 0.000009  0.009277 -0.024468 -0.310932
7  0.729354 0.000053 0.000050  0.008508 -0.001277 -0.200541
8  3.942141 0.046331 -0.431542  -0.227952 0.269315 -0.847200
9  1.539109 0.000084 0.000004  0.015534 0.023449 0.147843
10  1.196335 0.000145 0.000028  -0.003907 -0.002904 0.025632
11  3.883510 -0.047211 0.431352  0.077825 0.059674 -0.792499
12  1.719573 -0.000029 0.000017  -0.021639 -0.020863 0.046294
13  1.209179 0.000089 0.000012  0.007909 0.003958 0.288435
14  3.833409 -0.144912 1.353504  0.455105 -0.082874 -0.781410
15  1.719448 -0.000017 0.000029  -0.043875 0.046934 -0.060819
16  1.099675 0.000048 0.000008  0.023706 -0.074311 0.061525
17  0.367060 -0.205365 1.101656  -0.981337 -0.586115 -0.760745
18  1.789819 -0.000004 -0.000019  0.004970 0.007214 -0.641203
19  1.207015 -0.000014 -0.000044  -0.002774 0.000771 0.716923
20  5.740638 0.000389 -0.000699  -0.001965 0.000003 0.000064
21  11.481088 0.000274 -0.000777  0.065560 -0.088649 0.076485
22  6.027525 -0.000329 0.000200  2.011025 -0.242657 1.566060
23  -0.000002 11.692101 -0.000006  -1.034904 -0.481050 -0.813688
24  0.000002 0.000009 -0.000000  -0.228001 -0.000031 1.570738
25  -0.000002 -0.000010 0.000000  0.868960 0.000002 1.570712
26  -6.617934 -9.178503 0.826812  1.473120 1.855075 -0.198639
27  6.027520 -0.000260 -0.000222  1.420117 0.823588 -1.262754
28  11.691990 0.000161 0.000857  0.616341 0.000046 -1.479694
29  11.480442 0.000259 0.000825  -1.677411 0.429453 0.124664
30  3.859438 -0.132759 1.193065  0.466149 -0.051827 -1.783911
31  1.312559 0.000027 -0.000001  -0.013963 -0.041043 -0.156446
32  0.729345 0.000065 -0.000027  -0.128320 -0.117290 -0.954858
33  3.942047 0.050139 0.431000  0.211502 -0.107596 -1.469110
34  1.539097 0.000005 -0.000002  0.040711 -0.054386 -1.030473
35  1.196301 0.000077 -0.000004  -0.249390 -0.043040 -0.795119
36  3.883414 -0.050472 -0.431084  0.186408 -0.271796 -1.212173
37  1.719564 -0.000084 -0.000004  0.020973 -0.107650 -1.483531
38  1.209198 0.000035 0.000011  -0.324719 0.069673 -0.493483
39  3.859589 -0.149082 -1.331321  -0.173815 -0.049468 -0.107682
40  1.719413 -0.000099 -0.000036  -0.047097 -0.046407 -0.040108
41  1.099673 0.000024 0.000007  -0.000981 -0.006954 -0.077957
42  0.805984 -0.359848 -1.318338  0.991670 0.166767 -0.799527
43  1.789780 -0.000008 -0.000042  0.000058 -0.002451 0.133097
44  1.206996 -0.000006 0.000005  0.000372 -0.000071 1.058780
45  5.740573 0.000080 0.000721  0.006284 -0.000014 0.000028
46  11.481032 0.000126 0.000909  -0.026540 0.062664 0.019692
47  6.027515 -0.000273 -0.000230  -1.023332 -0.537214 -2.135316
48  -0.000002 11.691974 -0.000006  -1.017361 0.464739 0.802650
49  0.000003 0.000000 0.000001  2.888873 -0.000036 1.570860
50  -0.000007 -0.000013 0.000006  2.272645 -0.000036 1.570861
51  -2.786046 -6.718838 -8.230340  -2.659918 -0.318793 -1.683225
52  -0.000001 0.000000 0.000000  0.008153 -0.000259 0.000009
53  0.000000 0.000000 0.000000  1.565115 0.043565 -0.106862
54  6.293873 -15.936374 -8.076244  -0.043731 -0.295468 -1.728429
55  0.000000 -0.000001 -0.000001  0.000000 -0.000001 -0.000002
56  0.000032 0.000028 -0.000000  -1.571901 -0.044449 -0.106509
57  16.565048 -21.732235 -20.615387  1.570796 -0.000000 0.000000
58  -6.222406 3.697374 -23.672361  1.570796 -0.000000 0.000000
59  2.131687 0.391287 -10.495701  1.570796 -0.000000 0.000000
60  -0.004311 0.001229 -0.000371  0.006898 -0.005534 -0.284229
61  0.826810 10.209643 -4.879054  1.570796 -0.000000 0.000000
62  0.000000 0.000000 0.000000  -0.078727 -3.136056 0.284226
63  0.000000 0.000000 0.000000  1.570351 -0.010433 -0.025900
64  -4.114625 -9.633670 -2.257927  1.286662 -0.501852 0.198292
65  0.048106 -2.944859 0.933262  -0.000000 -0.000000 -0.000000
66  0.048105 -1.112259 5.803835  0.000000 0.000000 0.006813
67  -1.140611 -0.098564 1.093602  -0.000000 -0.000000 0.000000
68  0.217551 -1.673973 20.274759  -0.000000 -0.000000 -0.000000
69  0.217545 -3.706013 2.941690  -0.000000 -0.000000 -0.000000
70  0.048105 -1.885239 -0.022554  -0.000000 -0.000000 -0.000000
71  -0.082569 -1.959166 -0.004310  -0.000000 -0.000000 -0.000000
72  0.217545 -3.788155 3.509795  -0.000000 -0.000000 -0.000000
73  -1.763649 -14.940764 -4.548033  1.286662 -0.501852 0.198292
74  0.017809 1.009272 -0.369180  -0.000000 -0.000000 -0.000000
75  -3.588360 -1.097282 -23.660017  1.570796 -0.000000 0.000000
76  -0.059011 2.409836 2.364640  0.051100 0.000000 0.000000
77  0.089166 1.580732 -0.409891  0.000000 -0.000000 0.000000
78  -0.263817 1.788471 -0.409405  0.000000 -0.000000 0.000000
79  -0.263817 1.287951 -0.409405  0.000000 -0.000000 0.000000
80  -1.723385 -22.610613 -1.866381  1.286662 -0.501852 0.198292
81  0.017809 0.973330 -8.485499  -0.000000 -0.000000 -0.000000
82  -1.723385 -22.610613 -1.866381  1.286662 -0.501852 0.198292
83  0.088237 1.202834 -8.470932  -0.000000 -0.000000 -0.000000
84  -0.263817 0.962445 -8.492543  -0.000000 -0.000000 -0.000000
time 60
0  0.000006 0.000000 0.000000  -1.570800 -1.391899 -1.570792
1  -9.783216 1.656714 2.059768  -1.544956 -1.855077 -0.198630
2  6.027523 -0.000327 0.000189  -1.508405 -1.249550 -0.762630
3  11.692110 0.000645 -0.000737  -1.091380 -0.000018 -1.380997
4  11.479972 0.000419 -0.000790  1.671283 -0.677588 0.440680
5  3.859502 -0.142823 -1.192079  -0.587546 0.662305 -1.178514
6  1.312589 0.000011 0.000008  0.008736 -0.024322 -0.260589
7  0.729355 0.000052 0.000048  0.008299 -0.001239 -0.200955
8  3.942138 0.046331 -0.431542  -0.251279 0.472930 -0.914596
9  1.539111 0.000085 0.000004  0.014894 0.015591 0.205237
10  1.196333 0.000143 0.000028  -0.003097 -0.002972 0.042882
11  3.883508 -0.047212 0.431351  0.052597 0.248162 -0.785773
12  1.719572 -0.000029 0.000017  -0.021831 -0.022879 0.076739
13  1.209179 0.000089 0.000012  0.007997 0.004004 0.278449
14  3.841349 -0.142949 1.347115  0.415254 0.123262 -0.674223
15  1.719447 -0.000020 0.000029  -0.042579 0.047675 -0.006367
16  1.099674 0.000050 0.000005  0.023288 -0.074408 0.072842
17  0.495648 -0.603494 1.259406  -0.912189 -0.550085 -0.716932
18  1.789820 -0.000000 -0.000018  -0.004498 0.019797 -0.401228
19  1.207015 -0.000015 -0.000044  -0.003870 0.001175 0.599128
20  5.740636 0.000390 -0.000700  -0.033863 0.000003 0.000064
21  11.481002 0.000259 -0.000809  0.045476 -0.108893 0.081149
22  6.027524 -0.000330 0.000200  1.806570 -0.220351 1.546185
23  0.000001 11.692099 -0.000007  -0.958462 -0.411579 -0.763895
24  0.000002 0.000008 0.000001  -0.222285 -0.000031 1.570739
25  -0.000001 -0.000011 0.000000  0.868960 0.000002 1.570712
26  -6.617934 -9.178503 0.826812  1.473120 1.855075 -0.198639
27  6.027519 -0.000260 -0.000222  1.446467 0.832896 -1.197160
28  11.691990 0.000161 0.000857  0.552279 0.000046 -1.474410
29  11.480484 0.000229 0.000826  -1.700291 0.438875 0.202823
30  3.859437 -0.132758 1.193066  0.466149 -0.051827 -1.783911
31  1.312559 0.000024 -0.000001  -0.013963 -0.041043 -0.156446
32  0.729346 0.000065 -0.000029  -0.128320 -0.117290 -0.954858
33  3.942046 0.050139 0.431000  0.211502 -0.107596 -1.469110
34  1.539097 0.000006 -0.000000  0.040711 -0.054386 -1.030473
35  1.196301 0.000078 -0.000004  -0.249391 -0.043040 -0.795119
36  3.883414 -0.050472 -0.431084  0.186408 -0.271796 -1.212173
37  1.719564 -0.000084 -0.000004  0.020973 -0.107650 -1.483531
38  1.209195 0.000035 0.000012  -0.324719 0.069673 -0.493483
39  3.859589 -0.149082 -1.331321  -0.174675 -0.031187 -0.061556
40  1.719413 -0.000099 -0.000036  -0.049878 -0.052751 -0.078875
41  1.099673 0.000023 0.000007  0.000895 -0.008110 -0.283438
42  0.805983 -0.359847 -1.318338  0.991670 0.166767 -0.799527
43  1.789780 -0.000007 -0.000043  0.000058 -0.002451 0.133098
44  1.206997 -0.000007 0.000006  0.000372 -0.000071 1.058780
45  5.740573 0.000078 0.000720  -0.001341 -0.000014 0.000028
46  11.481040 0.000119 0.000910  -0.033072 0.063263 0.036277
47  6.027515 -0.000273 -0.000230  -1.018575 -0.517538 -2.091530
48  -0.000001 11.691976 -0.000006  -1.014224 0.461840 0.800641
49  0.000004 0.000001 0.000000  2.824811 -0.000036 1.570860
50  -0.000007 -0.000013 0.000005  2.272645 -0.000036 1.570861
51  -3.099098 -6.803019 -8.176745  0.318034 -2.859465 1.463583
52  -0.000000 -0.000000 0.000000  0.008153 -0.000259 0.000009
53  0.000000 0.000000 0.000000  1.565115 0.043565 -0.106862
54  3.962494 -16.622028 -6.594380  -0.232240 -0.206862 -1.750796
55  -0.000001 0.000000 0.000000  0.000000 -0.000001 -0.000002
56  0.000030 0.000029 0.000001  -1.571901 -0.044449 -0.106509
57  13.168673 -21.710487 -20.696468  1.570796 -0.000000 0.000000
58  -7.153577 3.728004 -23.594372  1.570796 -0.000000 0.000000
59  2.064081 0.110224 -9.923116  1.570796 -0.000000 0.000000
60  -0.004311 0.001229 -0.000371  0.006898 -0.005534 -0.284229
61  0.826810 10.209643 -4.879054  1.570796 -0.000000 0.000000
62  0.000000 0.000000 0.000000  -0.078727 -3.136056 0.284226
63  0.000000 0.000000 0.000000  1.568547 -0.004368 -0.020073
64  -3.655492 -9.996690 -2.225109  1.371106 -0.360781 0.119561
65  0.048105 -2.944859 0.933263  -0.000000 0.000000 0.000000
66  0.048105 -1.112260 5.803839  -0.000000 0.000000 0.006813
67  -1.140611 -0.098565 1.093604  0.000000 0.000000 0.000000
68  0.217551 -1.673974 20.274757  -0.000000 0.000000 0.000000
69  0.217546 -3.706013 2.941692  -0.000000 0.000000 0.000000
70  0.048105 -1.885240 -0.022552  -0.000000 0.000000 0.000000
71  -0.082569 -1.959166 -0.004308  -0.000000 0.000000 0.000000
72  0.217545 -3.788155 3.509796  -0.000000 0.000000 0.000000
73  -1.925788 -15.253508 -5.107974  1.371106 -0.360781 0.119561
74  0.017809 1.009273 -0.369180  -0.000000 0.000000 0.000000
75  -3.588360 -1.097282 -23.660017  1.570796 -0.000000 0.000000
76  -0.059011 2.409836 2.364640  0.051100 0.000000 0.000000
77  0.089166 1.580732 -0.409891  0.000000 -0.000000 0.000000
78  -0.263817 1.788471 -0.409405  0.000000 -0.000000 0.000000
79  -0.263817 1.287951 -0.409405  0.000000 -0.000000 0.000000
80  -1.846096 -23.058372 -2.850290  1.371106 -0.360781 0.119561
81  0.017809 0.973331 -8.485498  -0.000000 0.000000 0.000000
82  -1.846096 -23.058372 -2.850290  1.371106 -0.360781 0.119561
83  0.088237 1.202834 -8.470930  -0.000000 0.000000 0.000000
84  -0.263817 0.962445 -8.492542  -0.000000 0.000000 0.000000
time 61
0  0.000006 0.000000 0.000000  -1.570800 -1.391899 -1.570792
1  -9.255369 1.971863 2.006430  -1.544956 -1.855077 -0.198630
2  6.027523 -0.000329 0.000189  -0.964573 -1.375451 -1.315773
3  11.692112 0.000646 -0.000737  -1.086585 -0.000010 -1.220728
4  11.480104 0.000477 -0.000669  1.461568 -0.738210 0.521151
5  3.859505 -0.142823 -1.192079  -0.696024 0.653990 -1.457441
6  1.312590 0.000008 0.000007  0.008570 -0.024267 -0.244481
7  0.729355 0.000052 0.000048  0.008041 -0.001219 -0.201963
8  3.942143 0.046331 -0.431543  -0.287569 0.557937 -0.995923
9  1.539111 0.000083 0.000004  0.013099 0.006550 0.225868
10  1.196332 0.000146 0.000030  -0.002087 -0.003062 0.051434
11  3.883512 -0.047212 0.431351  0.015804 0.393635 -0.790549
12  1.719571 -0.000030 0.000018  -0.022433 -0.025680 0.085111
13  1.209178 0.000086 0.000012  0.007957 0.004155 0.246984
14  3.847922 -0.141324 1.341832  0.363275 0.296961 -0.602181
15  1.719448 -0.000018 0.000028  -0.042264 0.047410 0.011896
16  1.099675 0.000048 0.000005  0.023099 -0.074505 0.078342
17  0.576750 -0.783153 1.320406  -0.869326 -0.519916 -0.671654
18  1.789819 -0.000003 -0.000017  -0.006986 0.027352 -0.201183
19  1.207014 -0.000015 -0.000044  -0.004410 0.001307 0.546009
20  5.740635 0.000389 -0.000698  -0.069934 0.000003 0.000064
21  11.481027 0.000273 -0.000784  0.014512 -0.128354 0.080860
22  6.027524 -0.000331 0.000200  1.622145 -0.188643 1.558224
23  -0.000001 11.692100 -0.000006  -0.860659 -0.329940 -0.695789
24  0.000001 0.000007 -0.000001  -0.217500 -0.000030 1.570739
25  -0.000002 -0.000011 0.000000  0.868960 0.000002 1.570712
26  -6.617934 -9.178503 0.826812  1.473120 1.855075 -0.198639
27  6.027518 -0.000260 -0.000221  1.473271 0.833161 -1.125010
28  11.691990 0.000160 0.000857  0.480034 0.000048 -1.503032
29  11.480254 0.000041 0.000906  -1.701066 0.452157 0.316242
30  3.859437 -0.132759 1.193065  0.466149 -0.051827 -1.783911
31  1.312559 0.000025 -0.000000  -0.013963 -0.041043 -0.156446
32  0.729346 0.000065 -0.000027  -0.128320 -0.117290 -0.954858
33  3.942047 0.050139 0.431000  0.211502 -0.107596 -1.469110
34  1.539097 0.000006 -0.000002  0.040711 -0.054386 -1.030473
35  1.196300 0.000077 -0.000004  -0.249391 -0.043040 -0.795119
36  3.883414 -0.050472 -0.431084  0.186408 -0.271796 -1.212174
37  1.719564 -0.000083 -0.000004  0.020973 -0.107650 -1.483531
38  1.209197 0.000035 0.000011  -0.324719 0.069673 -0.493483
39  3.859588 -0.149082 -1.331321  -0.173835 -0.020855 -0.046216
40  1.719414 -0.000099 -0.000035  -0.049666 -0.056317 -0.135190
41  1.099674 0.000024 0.000008  0.002100 -0.008313 -0.435034
42  0.805984 -0.359848 -1.318338  0.991670 0.166767 -0.799527
43  1.789781 -0.000009 -0.000042  0.000058 -0.002451 0.133098
44  1.206997 -0.000006 0.000005  0.000372 -0.000071 1.058780
45  5.740572 0.000080 0.000721  -0.002047 -0.000014 0.000028
46  11.480994 0.000082 0.000926  -0.036511 0.064454 0.058777
47  6.027515 -0.000273 -0.000230  -1.006090 -0.503170 -2.045315
48  0.000000 11.691975 -0.000006  -1.031195 0.477611 0.811438
49  0.000003 0.000001 0.000000  2.752566 -0.000036 1.570860
50  -0.000006 -0.000013 0.000005  2.272645 -0.000036 1.570861
51  -3.387264 -6.625591 -7.947451  0.158048 -2.901292 1.464587
52  -0.000000 -0.000000 -0.000000  0.008153 -0.000259 0.000009
53  0.000000 -0.000000 0.000000  1.565115 0.043565 -0.106862
54  1.691072 -17.364325 -5.399748  -0.417235 -0.085144 -1.781474
55  0.000001 0.000000 -0.000000  0.000000 -0.000001 -0.000002
56  0.000030 0.000029 0.000001  -1.571901 -0.044449 -0.106509
57  10.939515 -21.637596 -20.722198  1.570796 -0.000000 0.000000
58  -8.172712 3.761564 -23.498009  1.570796 -0.000000 0.000000
59  2.010743 -0.293823 -9.459771  1.570796 -0.000000 0.000000
60  -0.004311 0.001229 -0.000371  0.006898 -0.005534 -0.284229
61  0.826810 10.209643 -4.879054  1.570796 -0.000000 0.000000
62  0.000000 0.000000 0.000000  -0.078727 -3.136056 0.284226
63  0.000000 0.000000 0.000000  1.566925 0.000707 -0.014026
64  -3.201705 -10.152664 -2.163299  1.445077 -0.217206 0.058012
65  0.048105 -2.944859 0.933263  -0.000000 0.000000 -0.000000
66  0.048105 -1.112260 5.803837  -0.000000 0.000000 0.006813
67  -1.140611 -0.098565 1.093603  0.000000 -0.000000 -0.000000
68  0.217551 -1.673973 20.274757  -0.000000 0.000000 -0.000000
69  0.217545 -3.706013 2.941691  -0.000000 0.000000 -0.000000
70  0.048105 -1.885239 -0.022553  -0.000000 0.000000 -0.000000
71  -0.082569 -1.959166 -0.004309  -0.000000 0.000000 -0.000000
72  0.217545 -3.788155 3.509795  -0.000000 0.000000 -0.000000
73  -2.151231 -15.283371 -5.555831  1.445077 -0.217206 0.058012
74  0.017810 1.009273 -0.369181  -0.000000 0.000000 -0.000000
75  -3.588360 -1.097282 -23.660017  1.570796 -0.000000 0.000000
76  -0.059011 2.409836 2.364640  0.051100 0.000000 0.000000
77  0.089166 1.580732 -0.409891  0.000000 -0.000000 0.000000
78  -0.263817 1.788471 -0.409405  0.000000 -0.000000 0.000000
79  -0.263817 1.287951 -0.409405  0.000000 -0.000000 0.000000
80  -2.086635 -23.208727 -3.765862  1.445077 -0.217206 0.058012
81  0.017810 0.973330 -8.485499  -0.000000 0.000000 -0.000000
82  -2.086635 -23.208727 -3.765862  1.445077 -0.217206 0.058012
83  0.088237 1.202833 -8.470932  -0.000000 0.000000 -0.000000
84  -0.263817 0.962445 -8.492543  -0.000000 0.000000 -0.000000
time 62
0  0.000006 0.000000 0.000000  -1.570800 -1.391899 -1.570792
1  -8.853794 2.309845 1.968148  -1.544956 -1.855077 -0.198630
2  6.027526 -0.000327 0.000189  -0.254399 -1.409558 -2.020649
3  11.692112 0.000644 -0.000738  -1.083201 -0.000002 -1.047315
4  11.480394 0.000563 -0.000504  1.171704 -0.760132 0.672751
5  3.859501 -0.142822 -1.192080  -0.743477 0.494655 -1.610420
6  1.312590 0.000008 0.000007  -0.022592 -0.030427 -0.265360
7  0.729355 0.000053 0.000049  0.007195 -0.003405 -0.259641
8  3.942139 0.046332 -0.431543  -0.387241 0.510806 -1.120360
9  1.539110 0.000079 0.000003  -0.003388 -0.013748 0.010832
10  1.196333 0.000148 0.000029  0.000758 -0.002704 -0.104267
11  3.883509 -0.047211 0.431351  -0.071018 0.468695 -0.817721
12  1.719572 -0.000030 0.000017  -0.028532 -0.066549 -0.195236
13  1.209179 0.000090 0.000013  0.006151 0.003259 0.080079
14  3.853061 -0.140053 1.337700  0.251160 0.408732 -0.581018
15  1.719450 -0.000016 0.000029  -0.042721 0.039679 -0.131555
16  1.099675 0.000048 0.000005  0.026649 -0.055118 -0.225816
17  0.596630 -0.759845 1.268810  -0.859289 -0.501107 -0.615996
18  1.789819 -0.000001 -0.000018  -0.003934 0.024594 -0.086180
19  1.207016 -0.000013 -0.000043  -0.003993 0.001172 0.550969
20  5.740636 0.000388 -0.000698  -0.106119 0.000003 0.000063
21  11.481084 0.000291 -0.000750  -0.026544 -0.146512 0.086530
22  6.027524 -0.000329 0.000200  1.500542 -0.145330 1.573499
23  0.000000 11.692100 -0.000007  -0.751187 -0.249185 -0.614981
24  0.000001 0.000008 0.000001  -0.214125 -0.000030 1.570738
25  0.000000 -0.000012 0.000000  0.868960 0.000002 1.570712
26  -6.617934 -9.178503 0.826812  1.473120 1.855075 -0.198639
27  6.027517 -0.000260 -0.000221  1.498969 0.820411 -1.049638
28  11.691991 0.000161 0.000857  0.404602 0.000053 -1.571970
29  11.479729 -0.000322 0.001032  -1.675600 0.459365 0.461818
30  3.859437 -0.132759 1.193065  0.466149 -0.051827 -1.783911
31  1.312559 0.000026 -0.000001  -0.013963 -0.041043 -0.156446
32  0.729345 0.000067 -0.000028  -0.128320 -0.117290 -0.954858
33  3.942047 0.050139 0.431000  0.211502 -0.107596 -1.469110
34  1.539097 0.000006 -0.000001  0.040711 -0.054386 -1.030473
35  1.196301 0.000077 -0.000003  -0.249391 -0.043040 -0.795119
36  3.883415 -0.050473 -0.431085  0.186408 -0.271796 -1.212173
37  1.719564 -0.000084 -0.000004  0.020973 -0.107650 -1.483531
38  1.209197 0.000036 0.000011  -0.324719 0.069673 -0.493483
39  3.859588 -0.149082 -1.331321  -0.163568 -0.027689 -0.097454
40  1.719413 -0.000098 -0.000036  -0.041200 -0.052023 -0.281645
41  1.099674 0.000023 0.000007  0.001599 -0.008019 -0.558282
42  0.805983 -0.359848 -1.318339  0.991670 0.166767 -0.799527
43  1.789780 -0.000008 -0.000042  0.000058 -0.002451 0.133097
44  1.206997 -0.000007 0.000005  0.000372 -0.000071 1.058780
45  5.740574 0.000078 0.000721  0.007322 -0.000013 0.000028
46  11.480889 0.000008 0.000952  -0.035868 0.064946 0.086253
47  6.027515 -0.000273 -0.000230  -0.982629 -0.496729 -2.000098
48  -0.000002 11.691975 -0.000006  -1.071872 0.516248 0.836559
49  0.000004 0.000000 -0.000000  2.677133 -0.000036 1.570860
50  -0.000008 -0.000014 0.000005  2.272645 -0.000036 1.570861
51  -3.613175 -6.113080 -7.571980  0.014300 -2.942473 1.462218
52  -0.000000 -0.000000 -0.000000  0.008153 -0.000259 0.000009
53  0.000000 -0.000000 -0.000001  1.565115 0.043565 -0.106862
54  0.260527 -18.314798 -4.702064  -0.598385 0.097393 -1.795276
55  -0.000000 0.000000 -0.000000  0.000000 -0.000001 -0.000002
56  0.000030 0.000029 0.000001  -1.571901 -0.044449 -0.106509
57  10.186024 -21.500050 -20.725307  1.570796 -0.000000 0.000000
58  -9.249250 3.797047 -23.387131  1.570796 -0.000000 0.000000
59  1.972462 -0.697869 -9.124747  1.570796 -0.000000 0.000000
60  -0.004311 0.001229 -0.000371  0.006898 -0.005534 -0.284229
61  0.826810 10.209643 -4.879054  1.570796 -0.000000 0.000000
62  0.000000 0.000000 0.000000  -0.078727 -3.136056 0.284226
63  0.000000 0.000000 0.000000  1.565616 0.004183 -0.008618
64  -2.788107 -9.973516 -2.063134  1.506532 -0.084213 0.015006
65  0.048106 -2.944859 0.933262  0.000000 -0.000000 -0.000000
66  0.048105 -1.112260 5.803837  0.000000 0.000000 0.006813
67  -1.140611 -0.098565 1.093606  -0.000000 0.000000 -0.000000
68  0.217551 -1.673973 20.274757  0.000000 -0.000000 -0.000000
69  0.217546 -3.706013 2.941689  0.000000 -0.000000 -0.000000
70  0.048105 -1.885239 -0.022554  0.000000 -0.000000 -0.000000
71  -0.082569 -1.959166 -0.004310  0.000000 -0.000000 -0.000000
72  0.217546 -3.788155 3.509794  0.000000 -0.000000 -0.000000
73  -2.392757 -14.927934 -5.835979  1.506532 -0.084213 0.015006
74  0.017809 1.009272 -0.369181  0.000000 -0.000000 -0.000000
75  -3.588360 -1.097282 -23.660017  1.570796 -0.000000 0.000000
76  -0.059011 2.409836 2.364640  0.051100 0.000000 0.000000
77  0.089166 1.580732 -0.409891  0.000000 -0.000000 0.000000
78  -0.263817 1.788471 -0.409405  0.000000 -0.000000 0.000000
79  -0.263817 1.287951 -0.409405  0.000000 -0.000000 0.000000
80  -2.385501 -22.942133 -4.497320  1.506532 -0.084213 0.015006
81  0.017809 0.973330 -8.485498  0.000000 -0.000000 -0.000000
82  -2.385501 -22.942133 -4.497320  1.506532 -0.084213 0.015006
83  0.088236 1.202834 -8.470929  0.000000 -0.000000 -0.000000
84  -0.263817 0.962445 -8.492542  0.000000 -0.000000 -0.000000
time 63
0  0.000006 0.000000 0.000000  -1.570800 -1.391899 -1.570792
1  -8.607635 2.550954 1.945241  -1.544956 -1.855077 -0.198630
2  6.027524 -0.000329 0.000189  -0.222385 -1.399422 -1.934814
3  11.692114 0.000644 -0.000739  -1.081363 -0.000004 -1.089095
4  11.479527 0.000367 -0.000867  0.815483 -0.686850 0.677576
5  3.859506 -0.142822 -1.192078  -0.780268 0.228945 -1.727594
6  1.312591 0.000008 0.000007  -0.088729 -0.045741 -0.309285
7  0.729354 0.000054 0.000049  0.006207 -0.008176 -0.380636
8  3.942141 0.046332 -0.431542  -0.569445 0.389037 -1.297165
9  1.539110 0.000082 0.000004  -0.024066 -0.054370 -0.475478
10  1.196332 0.000146 0.000028  0.005088 -0.000606 -0.454244
11  3.883512 -0.047211 0.431350  -0.229366 0.507276 -0.872263
12  1.719573 -0.000029 0.000016  0.001012 -0.152030 -0.859024
13  1.209180 0.000086 0.000012  0.002901 0.000145 -0.228724
14  3.856742 -0.139144 1.334743  0.053228 0.500972 -0.604658
15  1.719448 -0.000018 0.000028  -0.039955 0.024307 -0.443057
16  1.099675 0.000049 0.000006  0.012036 -0.012133 -0.936404
17  0.604566 -0.686913 1.182841  -0.867929 -0.480802 -0.552180
18  1.789820 -0.000005 -0.000019  0.000751 0.015611 -0.005073
19  1.207014 -0.000012 -0.000043  -0.002909 0.000811 0.563900
20  5.740634 0.000389 -0.000700  -0.183308 0.000003 0.000063
21  11.480910 0.000252 -0.000827  -0.094403 -0.150233 0.064896
22  6.027524 -0.000331 0.000200  1.491130 -0.151975 1.692301
23  0.000001 11.692101 -0.000006  -0.777949 -0.267855 -0.635115
24  0.000003 0.000009 -0.000001  -0.212285 -0.000030 1.570739
25  0.000001 -0.000012 0.000001  0.868960 0.000002 1.570712
26  -6.617934 -9.178503 0.826812  1.473120 1.855075 -0.198639
27  6.027517 -0.000259 -0.000221  1.523246 0.801900 -0.975184
28  11.691990 0.000162 0.000858  0.331558 0.000060 -1.662290
29  11.479106 -0.000712 0.001115  -1.627122 0.447570 0.618261
30  3.859437 -0.132759 1.193064  0.466149 -0.051827 -1.783911
31  1.312559 0.000027 -0.000002  -0.013963 -0.041043 -0.156446
32  0.729345 0.000066 -0.000028  -0.128320 -0.117290 -0.954858
33  3.942047 0.050139 0.430999  0.211502 -0.107596 -1.469110
34  1.539096 0.000005 -0.000001  0.040711 -0.054386 -1.030473
35  1.196301 0.000078 -0.000004  -0.249391 -0.043040 -0.795119
36  3.883413 -0.050473 -0.431085  0.186408 -0.271796 -1.212173
37  1.719564 -0.000085 -0.000005  0.020973 -0.107650 -1.483531
38  1.209198 0.000035 0.000011  -0.324719 0.069673 -0.493483
39  3.859587 -0.149082 -1.331322  -0.136681 -0.053204 -0.229537
40  1.719413 -0.000098 -0.000036  -0.024424 -0.033067 -0.570778
41  1.099674 0.000024 0.000007  -0.000991 -0.007844 -0.678480
42  0.805983 -0.359848 -1.318339  0.991670 0.166767 -0.799527
43  1.789780 -0.000009 -0.000042  0.000058 -0.002451 0.133097
44  1.206996 -0.000007 0.000006  0.000372 -0.000071 1.058780
45  5.740573 0.000079 0.000720  0.028622 -0.000014 0.000028
46  11.480765 -0.000067 0.000968  -0.030434 0.063202 0.114749
47  6.027515 -0.000273 -0.000230  -0.954520 -0.493502 -1.956603
48  -0.000000 11.691974 -0.000007  -1.124880 0.568167 0.867526
49  0.000004 0.000000 -0.000001  2.604087 -0.000036 1.570860
50  -0.000007 -0.000013 0.000004  2.272645 -0.000036 1.570861
51  -3.766853 -5.386483 -7.122818  -0.101259 -2.977610 1.459867
52  -0.000000 0.000000 0.000000  0.008153 -0.000259 0.000009
53  -0.000001 -0.000000 -0.000001  1.565115 0.043565 -0.106862
54  -0.720679 -18.121819 -5.261587  -0.842405 0.091047 -1.892405
55  0.000001 -0.000000 0.000000  0.000000 -0.000001 -0.000002
56  0.000031 0.000029 0.000000  -1.571901 -0.044449 -0.106509
57  10.308039 -20.472187 -18.985985  1.570796 -0.000000 0.000000
58  -10.344580 3.833174 -23.266945  1.570796 -0.000000 0.000000
59  1.949555 -0.978933 -8.925420  1.570796 -0.000000 0.000000
60  -0.004311 0.001229 -0.000371  0.006898 -0.005534 -0.284229
61  0.826810 10.209643 -4.879054  1.570796 -0.000000 0.000000
62  0.000000 0.000000 0.000000  -0.078727 -3.136056 0.284226
63  0.000000 0.000000 0.000000  1.564741 0.006223 -0.004527
64  -2.449540 -9.525644 -1.920597  1.554158 0.024817 -0.009653
65  0.048105 -2.944859 0.933263  0.000000 0.000000 -0.000000
66  0.048105 -1.112260 5.803837  -0.000000 0.000000 0.006813
67  -1.140611 -0.098565 1.093603  0.000000 0.000000 0.000000
68  0.217551 -1.673973 20.274759  0.000000 0.000000 -0.000000
69  0.217545 -3.706012 2.941691  0.000000 0.000000 -0.000000
70  0.048106 -1.885240 -0.022554  0.000000 0.000000 -0.000000
71  -0.082569 -1.959166 -0.004310  0.000000 0.000000 -0.000000
72  0.217545 -3.788155 3.509796  0.000000 0.000000 -0.000000
73  -2.592849 -14.298386 -5.937725  1.554158 0.024817 -0.009653
74  0.017809 1.009272 -0.369180  0.000000 0.000000 -0.000000
75  -3.588360 -1.097282 -23.660017  1.570796 -0.000000 0.000000
76  -0.059011 2.409836 2.364640  0.051100 0.000000 0.000000
77  0.089166 1.580732 -0.409891  0.000000 -0.000000 0.000000
78  -0.263817 1.788471 -0.409405  0.000000 -0.000000 0.000000
79  -0.263817 1.287951 -0.409405  0.000000 -0.000000 0.000000
80  -2.646898 -22.366516 -4.977624  1.554158 0.024817 -0.009653
81  0.017810 0.973330 -8.485494  0.000000 0.000000 -0.000000
82  -2.646898 -22.366516 -4.977624  1.554158 0.024817 -0.009653
83  0.088237 1.202833 -8.470926  0.000000 0.000000 -0.000000
84  -0.263817 0.962445 -8.492538  0.000000 0.000000 -0.000000
time 64
0  0.000006 0.000000 0.000000  -1.570800 -1.391899 -1.570792
1  -8.526393 2.634402 1.937664  -1.544956 -1.855077 -0.198630
2  6.027524 -0.000330 0.000189  -0.444424 -1.410990 -1.628194
3  11.692111 0.000644 -0.000737  -1.080834 -0.000008 -1.201644
4  11.480196 0.000492 -0.000632  0.596956 -0.699940 0.751040
5  3.859507 -0.142823 -1.192080  -0.795485 -0.004306 -1.788523
6  1.312589 0.000010 0.000008  -0.119313 -0.053855 -0.329393
7  0.729356 0.000053 0.000049  0.005978 -0.010416 -0.436525
8  3.942143 0.046332 -0.431544  -0.712115 0.256095 -1.419621
9  1.539109 0.000085 0.000004  -0.026773 -0.074292 -0.700716
10  1.196333 0.000144 0.000029  0.006696 0.000855 -0.620635
11  3.883512 -0.047212 0.431350  -0.373324 0.510861 -0.921767
12  1.719572 -0.000029 0.000017  0.032091 -0.180509 -1.168257
13  1.209179 0.000090 0.000014  0.001723 -0.001672 -0.371093
14  3.858945 -0.138599 1.332967  -0.134236 0.548295 -0.650152
15  1.719447 -0.000020 0.000027  -0.037097 0.017729 -0.587459
16  1.099675 0.000050 0.000005  -0.003643 0.001799 -1.259213
17  0.604069 -0.611694 1.106235  -0.882773 -0.465210 -0.504361
18  1.789819 -0.000003 -0.000018  0.004654 0.006094 0.033742
19  1.207015 -0.000014 -0.000043  -0.001834 0.000438 0.576772
20  5.740636 0.000388 -0.000698  -0.232973 0.000003 0.000063
21  11.481044 0.000279 -0.000777  -0.126221 -0.166634 0.059944
22  6.027524 -0.000332 0.000200  1.529788 -0.154581 1.773990
23  0.000001 11.692098 -0.000005  -0.848813 -0.320645 -0.687253
24  0.000003 0.000008 -0.000000  -0.211749 -0.000031 1.570739
25  0.000000 -0.000012 0.000001  0.868960 0.000002 1.570712
26  -6.617934 -9.178503 0.826812  1.473120 1.855075 -0.198639
27  6.027516 -0.000259 -0.000221  1.546149 0.783278 -0.904936
28  11.691991 0.000162 0.000857  0.266125 0.000066 -1.751395
29  11.480114 -0.000281 0.000930  -1.562164 0.413107 0.755161
30  3.859438 -0.132759 1.193065  0.466149 -0.051827 -1.783911
31  1.312559 0.000026 -0.000001  -0.013963 -0.041043 -0.156446
32  0.729346 0.000065 -0.000028  -0.128320 -0.117290 -0.954858
33  3.942047 0.050139 0.431000  0.211502 -0.107596 -1.469110
34  1.539097 0.000005 -0.000002  0.040711 -0.054386 -1.030473
35  1.196300 0.000078 -0.000003  -0.249391 -0.043040 -0.795119
36  3.883414 -0.050472 -0.431085  0.186408 -0.271796 -1.212173
37  1.719565 -0.000084 -0.000004  0.020973 -0.107650 -1.483531
38  1.209197 0.000035 0.000011  -0.324719 0.069673 -0.493483
39  3.859589 -0.149082 -1.331321  -0.106966 -0.076794 -0.361269
40  1.719411 -0.000098 -0.000036  -0.013539 -0.008565 -0.853828
41  1.099674 0.000024 0.000006  -0.003849 -0.007975 -0.761381
42  0.805984 -0.359848 -1.318338  0.991670 0.166767 -0.799527
43  1.789780 -0.000008 -0.000042  0.000058 -0.002451 0.133098
44  1.206997 -0.000007 0.000006  0.000372 -0.000071 1.058780
45  5.740573 0.000080 0.000720  0.060597 -0.000014 0.000028
46  11.480968 0.000018 0.000930  -0.019760 0.059295 0.138971
47  6.027515 -0.000273 -0.000230  -0.926873 -0.490128 -1.915724
48  -0.000000 11.691976 -0.000007  -1.177096 0.620692 0.895819
49  0.000002 0.000001 -0.000000  2.538653 -0.000036 1.570860
50  -0.000007 -0.000013 0.000004  2.272645 -0.000036 1.570861
51  -3.868422 -4.624374 -6.709108  -0.177781 -3.002256 1.462413
52  -0.000000 -0.000000 -0.000001  0.008153 -0.000259 0.000009
53  0.000000 -0.000000 -0.000001  1.565115 0.043565 -0.106862
54  -0.825675 -17.437704 -5.487468  -0.921962 0.098565 -1.908960
55  -0.000000 0.000000 -0.000000  0.000000 -0.000001 -0.000002
56  0.000030 0.000029 0.000001  -1.571902 -0.044449 -0.106509
57  10.430052 -19.544212 -17.246658  1.570796 -0.000000 0.000000
58  -11.415089 3.868503 -23.143665  1.570796 -0.000000 0.000000
59  1.941978 -1.075505 -8.860325  1.570796 -0.000000 0.000000
60  -0.004311 0.001229 -0.000371  0.006898 -0.005534 -0.284229
61  0.826810 10.209643 -4.879054  1.570796 -0.000000 0.000000
62  0.000000 0.000000 0.000000  -0.078727 -3.136056 0.284226
63  0.000000 0.000000 0.000000  1.564425 0.007185 -0.001718
64  -2.220849 -8.943412 -1.753052  1.586016 0.097744 -0.016721
65  0.048106 -2.944859 0.933262  -0.000000 -0.000000 0.000000
66  0.048106 -1.112260 5.803835  -0.000000 0.000000 0.006813
67  -1.140611 -0.098565 1.093603  0.000000 0.000000 0.000000
68  0.217551 -1.673973 20.274754  -0.000000 -0.000000 0.000000
69  0.217546 -3.706013 2.941690  -0.000000 -0.000000 0.000000
70  0.048106 -1.885239 -0.022554  -0.000000 -0.000000 0.000000
71  -0.082568 -1.959166 -0.004311  -0.000000 -0.000000 0.000000
72  0.217546 -3.788155 3.509795  -0.000000 -0.000000 0.000000
73  -2.702743 -13.579488 -5.901724  1.586016 0.097744 -0.016721
74  0.017810 1.009273 -0.369182  -0.000000 -0.000000 0.000000
75  -3.588360 -1.097282 -23.660017  1.570796 -0.000000 0.000000
76  -0.059011 2.409836 2.364640  0.051100 0.000000 0.000000
77  0.089166 1.580732 -0.409891  0.000000 -0.000000 0.000000
78  -0.263817 1.788471 -0.409405  0.000000 -0.000000 0.000000
79  -0.263817 1.287951 -0.409405  0.000000 -0.000000 0.000000
80  -2.769502 -21.674276 -5.202166  1.586016 0.097744 -0.016721
81  0.017809 0.973330 -8.485497  -0.000000 -0.000000 0.000000
82  -2.769502 -21.674276 -5.202166  1.586016 0.097744 -0.016721
83  0.088237 1.202833 -8.470928  -0.000000 -0.000000 0.000000
84  -0.263817 0.962445 -8.492540  -0.000000 -0.000000 0.000000
time 65
0  0.000006 0.000000 0.000000  -1.570800 -1.391899 -1.570792
1  -8.526393 2.634402 1.937664  -1.544956 -1.855077 -0.198630
2  6.027524 -0.000330 0.000189  -0.547717 -1.399677 -1.518600
3  11.692110 0.000645 -0.000738  -1.080838 -0.000012 -1.280809
4  11.480661 0.000584 -0.000461  0.515099 -0.737115 0.811044
5  3.859501 -0.142823 -1.192079  -0.799182 -0.087399 -1.804500
6  1.312588 0.000010 0.000008  -0.119313 -0.053855 -0.329393
7  0.729354 0.000054 0.000051  0.005978 -0.010416 -0.436525
8  3.942138 0.046331 -0.431544  -0.759080 0.204254 -1.456462
9  1.539110 0.000084 0.000002  -0.026773 -0.074292 -0.700716
10  1.196333 0.000146 0.000032  0.006696 0.000855 -0.620635
11  3.883508 -0.047212 0.431351  -0.425430 0.506846 -0.938886
12  1.719572 -0.000029 0.000016  0.032091 -0.180509 -1.168257
13  1.209178 0.000089 0.000011  0.001723 -0.001671 -0.371093
14  3.859675 -0.138418 1.332380  -0.204179 0.558697 -0.670168
15  1.719448 -0.000021 0.000026  -0.037097 0.017729 -0.587459
16  1.099674 0.000048 0.000006  -0.003643 0.001799 -1.259213
17  0.602682 -0.582615 1.078276  -0.889309 -0.459818 -0.488377
18  1.789820 -0.000004 -0.000017  0.006061 0.002375 0.042472
19  1.207016 -0.000014 -0.000043  -0.001426 0.000293 0.581677
20  5.740637 0.000387 -0.000701  -0.256007 0.000003 0.000063
21  11.481137 0.000296 -0.000747  -0.131819 -0.180065 0.059837
22  6.027524 -0.000332 0.000200  1.544276 -0.169155 1.779363
23  -0.000000 11.692099 -0.000007  -0.897663 -0.359812 -0.722070
24  0.000002 0.000009 -0.000000  -0.211748 -0.000030 1.570738
25  -0.000000 -0.000012 -0.000000  0.868960 0.000002 1.570712
26  -6.617934 -9.178503 0.826812  1.473120 1.855075 -0.198639
27  6.027515 -0.000259 -0.000221  1.563776 0.765998 -0.842911
28  11.691990 0.000160 0.000859  0.212403 0.000071 -1.822389
29  11.479481 -0.000718 0.000997  -1.481034 0.371476 0.847173
30  3.859437 -0.132758 1.193065  0.466149 -0.051827 -1.783911
31  1.312559 0.000026 -0.000002  -0.013963 -0.041043 -0.156446
32  0.729345 0.000066 -0.000028  -0.128320 -0.117290 -0.954858
33  3.942047 0.050139 0.431000  0.211502 -0.107596 -1.469110
34  1.539097 0.000005 -0.000001  0.040711 -0.054386 -1.030473
35  1.196300 0.000078 -0.000004  -0.249391 -0.043040 -0.795119
36  3.883414 -0.050473 -0.431084  0.186408 -0.271796 -1.212174
37  1.719564 -0.000085 -0.000004  0.020973 -0.107650 -1.483531
38  1.209198 0.000035 0.000011  -0.324719 0.069674 -0.493483
39  3.859588 -0.149082 -1.331321  -0.094937 -0.084957 -0.411356
40  1.719413 -0.000098 -0.000036  -0.011249 0.001677 -0.960921
41  1.099673 0.000022 0.000006  -0.004983 -0.008085 -0.787928
42  0.805983 -0.359848 -1.318338  0.991670 0.166767 -0.799527
43  1.789780 -0.000008 -0.000042  0.000058 -0.002451 0.133098
44  1.206997 -0.000006 0.000005  0.000372 -0.000071 1.058780
45  5.740574 0.000080 0.000721  0.098148 -0.000014 0.000028
46  11.480841 -0.000069 0.000945  -0.003915 0.056597 0.154088
47  6.027515 -0.000273 -0.000230  -0.902729 -0.488381 -1.877376
48  -0.000000 11.691973 -0.000006  -1.218837 0.663373 0.916661
49  0.000003 -0.000001 -0.000000  2.484931 -0.000036 1.570860
50  -0.000006 -0.000013 0.000005  2.272645 -0.000036 1.570861
51  -3.923899 -3.985255 -6.440050  -0.205372 -3.011918 1.468648
52  0.000000 0.000000 0.000000  0.008153 -0.000259 0.000009
53  0.000000 -0.000000 -0.000000  1.565115 0.043565 -0.106862
54  -0.819839 -16.804543 -5.458825  -0.950940 0.101650 -1.909322
55  0.000001 -0.000000 -0.000000  0.000000 -0.000001 -0.000002
56  0.000030 0.000029 0.000001  -1.571901 -0.044449 -0.106509
57  10.430052 -19.544212 -17.246658  1.570796 -0.000000 0.000000
58  -12.416805 3.901577 -23.023869  1.570796 -0.000000 0.000000
59  1.941978 -1.075505 -8.860325  1.570796 -0.000000 0.000000
60  -0.004311 0.001229 -0.000371  0.006898 -0.005534 -0.284229
61  0.826810 10.209643 -4.879054  1.570796 -0.000000 0.000000
62  0.000000 0.000000 0.000000  -0.078727 -3.136056 0.284226
63  0.000000 0.000000 0.000000  1.564935 0.007428 0.000028
64  -2.136875 -8.361179 -1.583208  1.598183 0.124100 -0.012840
65  0.048106 -2.944859 0.933262  0.000000 0.000000 0.000000
66  0.048105 -1.112260 5.803836  0.000000 0.000000 0.006813
67  -1.140610 -0.098564 1.093604  0.000000 -0.000000 0.000000
68  0.217551 -1.673973 20.274755  0.000000 0.000000 0.000000
69  0.217545 -3.706012 2.941690  0.000000 0.000000 0.000000
70  0.048105 -1.885239 -0.022555  0.000000 0.000000 0.000000
71  -0.082569 -1.959166 -0.004310  0.000000 0.000000 0.000000
72  0.217545 -3.788154 3.509795  0.000000 0.000000 0.000000
73  -2.716253 -12.946547 -5.775538  1.598183 0.124100 -0.012840
74  0.017809 1.009273 -0.369182  0.000000 0.000000 0.000000
75  -3.588360 -1.097282 -23.660017  1.570796 -0.000000 0.000000
76  -0.059011 2.409836 2.364640  0.051100 0.000000 0.000000
77  0.089166 1.580732 -0.409891  0.000000 -0.000000 0.000000
78  -0.263817 1.788471 -0.409405  0.000000 -0.000000 0.000000
79  -0.263817 1.287951 -0.409405  0.000000 -0.000000 0.000000
80  -2.745480 -21.049564 -5.175809  1.598183 0.124100 -0.012840
81  0.017809 0.973330 -8.485497  0.000000 0.000000 0.000000
82  -2.745480 -21.049564 -5.175809  1.598183 0.124100 -0.012840
83  0.088237 1.202833 -8.470929  0.000000 0.000000 0.000000
84  -0.263817 0.962445 -8.492541  0.000000 0.000000 0.000000
time 66
0  0.000006 0.000000 0.000000  -1.570800 -1.391899 -1.570792
1  -8.526393 2.634402 1.937664  -1.544956 -1.855077 -0.198630
2  6.027524 -0.000330 0.000189  -0.621399 -1.396739 -1.457342
3  11.692108 0.000643 -0.000738  -1.080841 -0.000015 -1.334737
4  11.480271 0.000484 -0.000651  0.506101 -0.767916 0.878142
5  3.859502 -0.142823 -1.192081  -0.799182 -0.087399 -1.804500
6  1.312589 0.000010 0.000010  -0.119313 -0.053855 -0.329393
7  0.729356 0.000054 0.000049  0.005978 -0.010416 -0.436525
8  3.942140 0.046331 -0.431544  -0.759080 0.204254 -1.456462
9  1.539111 0.000085 0.000004  -0.026772 -0.074292 -0.700716
10  1.196332 0.000145 0.000030  0.006696 0.000855 -0.620635
11  3.883511 -0.047212 0.431350  -0.425430 0.506846 -0.938886
12  1.719573 -0.000028 0.000018  0.032091 -0.180509 -1.168257
13  1.209179 0.000090 0.000011  0.001722 -0.001671 -0.371093
14  3.859675 -0.138418 1.332379  -0.204178 0.558697 -0.670168
15  1.719449 -0.000018 0.000030  -0.037097 0.017729 -0.587459
16  1.099675 0.000048 0.000004  -0.003643 0.001799 -1.259213
17  0.602682 -0.582614 1.078275  -0.889309 -0.459818 -0.488377
18  1.789818 -0.000004 -0.000018  0.006061 0.002375 0.042471
19  1.207012 -0.000013 -0.000044  -0.001426 0.000292 0.581677
20  5.740636 0.000389 -0.000700  -0.264061 0.000003 0.000063
21  11.481057 0.000278 -0.000783  -0.124743 -0.189087 0.067353
22  6.027524 -0.000332 0.000200  1.556671 -0.173573 1.765919
23  -0.000001 11.692099 -0.000006  -0.930520 -0.387384 -0.744896
24  0.000004 0.000010 -0.000002  -0.211749 -0.000031 1.570738
25  -0.000001 -0.000011 0.000000  0.868960 0.000002 1.570712
26  -6.617934 -9.178503 0.826812  1.473120 1.855075 -0.198639
27  6.027514 -0.000259 -0.000221  1.562563 0.754116 -0.796069
28  11.691992 0.000160 0.000858  0.173034 0.000075 -1.866645
29  11.479092 -0.000974 0.001006  -1.365526 0.350854 0.898622
30  3.859437 -0.132759 1.193065  0.466149 -0.051827 -1.783911
31  1.312558 0.000026 -0.000002  -0.013963 -0.041043 -0.156446
32  0.729346 0.000064 -0.000027  -0.128320 -0.117290 -0.954858
33  3.942047 0.050139 0.431000  0.211502 -0.107596 -1.469110
34  1.539097 0.000006 -0.000001  0.040711 -0.054386 -1.030473
35  1.196301 0.000078 -0.000003  -0.249391 -0.043040 -0.795119
36  3.883414 -0.050472 -0.431084  0.186408 -0.271796 -1.212173
37  1.719564 -0.000083 -0.000004  0.020973 -0.107650 -1.483531
38  1.209197 0.000035 0.000011  -0.324719 0.069673 -0.493483
39  3.859589 -0.149082 -1.331321  -0.094937 -0.084957 -0.411356
40  1.719413 -0.000098 -0.000036  -0.011249 0.001677 -0.960920
41  1.099674 0.000024 0.000007  -0.004983 -0.008085 -0.787928
42  0.805983 -0.359848 -1.318338  0.991670 0.166767 -0.799527
43  1.789781 -0.000008 -0.000042  0.000058 -0.002451 0.133097
44  1.206997 -0.000007 0.000005  0.000372 -0.000071 1.058780
45  5.740572 0.000080 0.000721  0.137913 -0.000014 0.000028
46  11.480762 -0.000120 0.000946  0.017884 0.061395 0.159604
47  6.027515 -0.000273 -0.000230  -0.891634 -0.495187 -1.834937
48  -0.000000 11.691975 -0.000006  -1.245006 0.690319 0.928844
49  0.000004 0.000001 -0.000000  2.445562 -0.000036 1.570860
50  -0.000007 -0.000013 0.000005  2.272645 -0.000036 1.570861
51  -3.825789 -3.566454 -6.363399  -0.171386 -3.011846 1.471297
52  0.000000 -0.000000 0.000000  0.008153 -0.000259 0.000009
53  -0.000000 -0.000000 0.000000  1.565115 0.043565 -0.106862
54  -0.666902 -16.360022 -5.232831  -0.917947 0.109344 -1.898803
55  -0.000001 -0.000000 -0.000001  0.000000 -0.000001 -0.000002
56  0.000030 0.000029 0.000000  -1.571902 -0.044449 -0.106509
57  10.430052 -19.544212 -17.246658  1.570796 -0.000000 0.000000
58  -13.310375 3.931092 -22.913748  1.570796 -0.000000 0.000000
59  1.941978 -1.075505 -8.860325  1.570796 -0.000000 0.000000
60  -0.004311 0.001229 -0.000371  0.006898 -0.005534 -0.284229
61  0.826810 10.209643 -4.879054  1.570796 -0.000000 0.000000
62  0.000000 0.000000 0.000000  -0.078727 -3.136056 0.284226
63  0.000000 0.000000 0.000000  1.566163 0.001068 0.000936
64  -2.172082 -7.913308 -1.433774  1.595019 0.090548 -0.006133
65  0.048105 -2.944859 0.933262  -0.000000 -0.000000 0.000000
66  0.048105 -1.112260 5.803836  -0.000000 0.000000 0.006813
67  -1.140610 -0.098564 1.093603  0.000000 0.000000 0.000000
68  0.217551 -1.673973 20.274759  -0.000000 -0.000000 0.000000
69  0.217545 -3.706013 2.941691  -0.000000 -0.000000 0.000000
70  0.048105 -1.885239 -0.022554  -0.000000 -0.000000 0.000000
71  -0.082569 -1.959166 -0.004309  -0.000000 -0.000000 0.000000
72  0.217545 -3.788155 3.509796  -0.000000 -0.000000 0.000000
73  -2.578534 -12.516674 -5.626714  1.595019 0.090548 -0.006133
74  0.017809 1.009272 -0.369181  -0.000000 -0.000000 0.000000
75  -3.588360 -1.097282 -23.660017  1.570796 -0.000000 0.000000
76  -0.059011 2.409836 2.364640  0.051100 0.000000 0.000000
77  0.089166 1.580732 -0.409891  0.000000 -0.000000 0.000000
78  -0.263817 1.788471 -0.409405  0.000000 -0.000000 0.000000
79  -0.263817 1.287951 -0.409405  0.000000 -0.000000 0.000000
80  -2.571250 -20.617643 -4.999288  1.595019 0.090548 -0.006133
81  0.017809 0.973330 -8.485498  -0.000000 -0.000000 0.000000
82  -2.571250 -20.617643 -4.999288  1.595019 0.090548 -0.006133
83  0.088237 1.202834 -8.470930  -0.000000 -0.000000 0.000000
84  -0.263817 0.962445 -8.492542  -0.000000 -0.000000 0.000000
time 67
0  0.000006 0.000000 0.000000  -1.570800 -1.391899 -1.570792
1  -8.526393 2.634402 1.937664  -1.544956 -1.855077 -0.198630
2  6.027524 -0.000330 0.000189  -0.676454 -1.399785 -1.425173
3  11.692110 0.000645 -0.000738  -1.080842 -0.000016 -1.356622
4  11.480127 0.000445 -0.000721  0.546736 -0.785400 0.932017
5  3.859504 -0.142822 -1.192079  -0.799182 -0.087399 -1.804500
6  1.312589 0.000010 0.000009  -0.119313 -0.053855 -0.329393
7  0.729354 0.000054 0.000050  0.005978 -0.010416 -0.436525
8  3.942142 0.046331 -0.431543  -0.759080 0.204254 -1.456462
9  1.539110 0.000082 0.000004  -0.026773 -0.074292 -0.700716
10  1.196334 0.000145 0.000027  0.006696 0.000855 -0.620635
11  3.883512 -0.047211 0.431351  -0.425430 0.506846 -0.938886
12  1.719573 -0.000028 0.000016  0.032091 -0.180509 -1.168257
13  1.209179 0.000088 0.000011  0.001722 -0.001671 -0.371093
14  3.859678 -0.138418 1.332380  -0.204179 0.558697 -0.670168
15  1.719449 -0.000019 0.000028  -0.037097 0.017729 -0.587459
16  1.099675 0.000047 0.000004  -0.003643 0.001799 -1.259213
17  0.602686 -0.582614 1.078277  -0.889309 -0.459818 -0.488377
18  1.789819 -0.000004 -0.000019  0.006060 0.002375 0.042471
19  1.207014 -0.000012 -0.000044  -0.001426 0.000292 0.581677
20  5.740636 0.000388 -0.000700  -0.260161 0.000003 0.000064
21  11.481029 0.000269 -0.000798  -0.111878 -0.192419 0.078479
22  6.027524 -0.000332 0.000200  1.566416 -0.171040 1.742180
23  0.000000 11.692100 -0.000007  -0.943766 -0.398769 -0.753952
24  0.000005 0.000008 -0.000000  -0.211749 -0.000030 1.570739
25  0.000001 -0.000011 -0.000000  0.868960 0.000002 1.570712
26  -6.617934 -9.178503 0.826812  1.473120 1.855075 -0.198639
27  6.027514 -0.000259 -0.000221  1.548899 0.755180 -0.762932
28  11.691991 0.000161 0.000858  0.149297 0.000076 -1.877559
29  11.478997 -0.001050 0.000988  -1.243173 0.349252 0.920805
30  3.859438 -0.132758 1.193066  0.466149 -0.051827 -1.783911
31  1.312559 0.000027 -0.000001  -0.013963 -0.041043 -0.156446
32  0.729345 0.000064 -0.000027  -0.128320 -0.117290 -0.954858
33  3.942047 0.050138 0.431001  0.211502 -0.107596 -1.469110
34  1.539097 0.000006 -0.000001  0.040711 -0.054386 -1.030473
35  1.196300 0.000079 -0.000004  -0.249391 -0.043040 -0.795119
36  3.883413 -0.050473 -0.431084  0.186408 -0.271796 -1.212173
37  1.719565 -0.000085 -0.000005  0.020973 -0.107650 -1.483531
38  1.209197 0.000035 0.000011  -0.324719 0.069673 -0.493483
39  3.859588 -0.149082 -1.331321  -0.094937 -0.084957 -0.411356
40  1.719413 -0.000098 -0.000037  -0.011250 0.001677 -0.960920
41  1.099674 0.000024 0.000007  -0.004983 -0.008085 -0.787928
42  0.805983 -0.359848 -1.318338  0.991670 0.166767 -0.799527
43  1.789780 -0.000008 -0.000042  0.000058 -0.002451 0.133098
44  1.206997 -0.000007 0.000006  0.000372 -0.000071 1.058780
45  5.740573 0.000079 0.000721  0.169078 -0.000014 0.000028
46  11.480743 -0.000136 0.000943  0.039953 0.070644 0.158499
47  6.027515 -0.000273 -0.000230  -0.898486 -0.503189 -1.789160
48  -0.000002 11.691974 -0.000004  -1.251484 0.697002 0.931749
49  0.000003 -0.000000 -0.000000  2.421826 -0.000036 1.570860
50  -0.000007 -0.000013 0.000005  2.272645 -0.000036 1.570861
51  -3.622379 -3.446154 -6.390557  -0.107935 -3.009058 1.472147
52  -0.000000 -0.000000 0.000001  0.008153 -0.000259 0.000009
53  -0.000000 0.000000 0.000001  1.565115 0.043565 -0.106862
54  -0.426847 -16.199068 -4.946968  -0.855546 0.120404 -1.882497
55  -0.000000 0.000000 0.000000  0.000000 -0.000001 -0.000002
56  0.000030 0.000029 0.000001  -1.571901 -0.044449 -0.106509
57  10.430052 -19.544212 -17.246658  1.570796 -0.000000 0.000000
58  -14.064905 3.956022 -22.818481  1.570796 -0.000000 0.000000
59  1.941978 -1.075505 -8.860325  1.570796 -0.000000 0.000000
60  -0.004311 0.001229 -0.000371  0.006898 -0.005534 -0.284229
61  0.826810 10.209643 -4.879054  1.570796 -0.000000 0.000000
62  0.000000 0.000000 0.000000  -0.078727 -3.136056 0.284226
63  0.000000 0.000000 0.000000  1.567685 -0.005294 0.001195
64  -2.240656 -7.734159 -1.327461  1.586123 0.028208 0.002489
65  0.048106 -2.944858 0.933263  -0.000000 0.000000 -0.000000
66  0.048105 -1.112259 5.803837  -0.000000 0.000000 0.006813
67  -1.140610 -0.098564 1.093604  0.000000 -0.000000 0.000000
68  0.217551 -1.673973 20.274755  -0.000000 0.000000 -0.000000
69  0.217545 -3.706012 2.941692  -0.000000 0.000000 -0.000000
70  0.048105 -1.885239 -0.022553  -0.000000 0.000000 -0.000000
71  -0.082569 -1.959165 -0.004309  -0.000000 0.000000 -0.000000
72  0.217545 -3.788154 3.509797  -0.000000 0.000000 -0.000000
73  -2.344198 -12.377474 -5.494695  1.586123 0.028208 0.002489
74  0.017809 1.009273 -0.369180  -0.000000 0.000000 -0.000000
75  -3.588360 -1.097282 -23.660017  1.570796 -0.000000 0.000000
76  -0.059011 2.409836 2.364640  0.051100 0.000000 0.000000
77  0.089166 1.580732 -0.409891  0.000000 -0.000000 0.000000
78  -0.263817 1.788471 -0.409405  0.000000 -0.000000 0.000000
79  -0.263817 1.287951 -0.409405  0.000000 -0.000000 0.000000
80  -2.304245 -20.472246 -4.792926  1.586123 0.028208 0.002489
81  0.017809 0.973331 -8.485498  -0.000000 0.000000 -0.000000
82  -2.304245 -20.472246 -4.792926  1.586123 0.028208 0.002489
83  0.088237 1.202834 -8.470931  -0.000000 0.000000 -0.000000
84  -0.263817 0.962445 -8.492543  -0.000000 0.000000 -0.000000
time 68
0  0.000006 0.000000 0.000000  -1.570800 -1.391899 -1.570792
1  -8.526393 2.634402 1.937664  -1.544956 -1.855077 -0.198630
2  6.027524 -0.000330 0.000189  -0.682316 -1.406814 -1.436614
3  11.692109 0.000645 -0.000739  -1.080842 -0.000016 -1.346969
4  11.480191 0.000462 -0.000691  0.592797 -0.791758 0.938204
5  3.859504 -0.142823 -1.192079  -0.799182 -0.087399 -1.804500
6  1.312589 0.000012 0.000008  -0.119313 -0.053855 -0.329393
7  0.729355 0.000054 0.000049  0.005978 -0.010416 -0.436525
8  3.942141 0.046331 -0.431543  -0.759080 0.204254 -1.456462
9  1.539111 0.000083 0.000005  -0.026773 -0.074292 -0.700716
10  1.196332 0.000145 0.000027  0.006696 0.000855 -0.620635
11  3.883512 -0.047212 0.431351  -0.425430 0.506846 -0.938886
12  1.719573 -0.000029 0.000016  0.032091 -0.180509 -1.168257
13  1.209178 0.000088 0.000012  0.001722 -0.001671 -0.371093
14  3.859677 -0.138418 1.332380  -0.204179 0.558697 -0.670168
15  1.719448 -0.000018 0.000031  -0.037097 0.017729 -0.587459
16  1.099676 0.000050 0.000006  -0.003643 0.001799 -1.259213
17  0.602685 -0.582614 1.078277  -0.889309 -0.459818 -0.488377
18  1.789819 -0.000003 -0.000019  0.006060 0.002375 0.042472
19  1.207015 -0.000013 -0.000043  -0.001426 0.000292 0.581677
20  5.740635 0.000389 -0.000701  -0.252562 0.000003 0.000063
21  11.481042 0.000272 -0.000790  -0.103136 -0.191081 0.083089
22  6.027524 -0.000332 0.000200  1.567569 -0.164035 1.724767
23  -0.000001 11.692099 -0.000008  -0.937930 -0.393734 -0.749972
24  0.000004 0.000009 0.000001  -0.211748 -0.000031 1.570739
25  -0.000001 -0.000011 -0.000001  0.868960 0.000002 1.570712
26  -6.617934 -9.178503 0.826812  1.473120 1.855075 -0.198639
27  6.027514 -0.000259 -0.000221  1.545148 0.761782 -0.735095
28  11.691992 0.000160 0.000856  0.141449 0.000074 -1.862780
29  11.479125 -0.000988 0.000972  -1.175575 0.348495 0.910060
30  3.859437 -0.132758 1.193065  0.466149 -0.051827 -1.783911
31  1.312559 0.000026 -0.000001  -0.013963 -0.041043 -0.156446
32  0.729345 0.000064 -0.000027  -0.128320 -0.117290 -0.954858
33  3.942046 0.050139 0.431000  0.211502 -0.107596 -1.469110
34  1.539097 0.000006 -0.000001  0.040711 -0.054386 -1.030473
35  1.196300 0.000077 -0.000003  -0.249391 -0.043040 -0.795119
36  3.883414 -0.050473 -0.431084  0.186408 -0.271796 -1.212173
37  1.719564 -0.000085 -0.000004  0.020973 -0.107650 -1.483531
38  1.209198 0.000035 0.000011  -0.324719 0.069673 -0.493483
39  3.859588 -0.149082 -1.331321  -0.094936 -0.084957 -0.411356
40  1.719413 -0.000098 -0.000035  -0.011250 0.001677 -0.960921
41  1.099674 0.000025 0.000007  -0.004983 -0.008085 -0.787928
42  0.805983 -0.359848 -1.318338  0.991670 0.166767 -0.799527
43  1.789780 -0.000009 -0.000042  0.000058 -0.002451 0.133097
44  1.206997 -0.000007 0.000005  0.000372 -0.000071 1.058780
45  5.740573 0.000079 0.000720  0.179586 -0.000014 0.000028
46  11.480768 -0.000123 0.000939  0.052674 0.075358 0.153277
47  6.027515 -0.000273 -0.000230  -0.906536 -0.502074 -1.754865
48  -0.000001 11.691973 -0.000004  -1.242714 0.687956 0.927806
49  0.000003 0.000000 0.000000  2.413977 -0.000036 1.570860
50  -0.000006 -0.000014 0.000006  2.272645 -0.000036 1.570861
51  -3.546615 -3.577744 -6.444505  -0.072997 -3.000547 1.476799
52  -0.000000 0.000000 0.000000  0.008153 -0.000259 0.000009
53  0.000000 -0.000000 -0.000000  1.565115 0.043565 -0.106862
54  -0.284134 -16.281685 -4.742095  -0.819665 0.119243 -1.868791
55  0.000001 0.000000 0.000000  0.000000 -0.000001 -0.000002
56  0.000032 0.000029 0.000001  -1.571901 -0.044449 -0.106509
57  10.430052 -19.544212 -17.246658  1.570796 -0.000000 0.000000
58  -14.659730 3.975680 -22.741882  1.570796 -0.000000 0.000000
59  1.941978 -1.075505 -8.860325  1.570796 -0.000000 0.000000
60  -0.004311 0.001229 -0.000371  0.006898 -0.005534 -0.284229
61  0.826810 10.209643 -4.879054  1.570796 -0.000000 0.000000
62  0.000000 0.000000 0.000000  -0.078727 -3.136056 0.284226
63  0.000000 0.000000 0.000000  1.569086 -0.003268 0.000959
64  -2.296747 -7.793050 -1.286977  1.574083 -0.005340 0.011768
65  0.048106 -2.944859 0.933262  -0.000000 0.000000 -0.000000
66  0.048105 -1.112260 5.803837  -0.000000 0.000000 0.006813
67  -1.140611 -0.098565 1.093602  -0.000000 -0.000000 0.000000
68  0.217551 -1.673973 20.274759  -0.000000 0.000000 -0.000000
69  0.217546 -3.706012 2.941690  -0.000000 0.000000 -0.000000
70  0.048106 -1.885239 -0.022553  -0.000000 0.000000 -0.000000
71  -0.082569 -1.959166 -0.004310  -0.000000 0.000000 -0.000000
72  0.217545 -3.788155 3.509795  -0.000000 0.000000 -0.000000
73  -2.217083 -12.485332 -5.399526  1.574083 -0.005340 0.011768
74  0.017809 1.009273 -0.369181  -0.000000 0.000000 -0.000000
75  -3.588360 -1.097282 -23.660017  1.570796 -0.000000 0.000000
76  -0.059011 2.409836 2.364640  0.051100 0.000000 0.000000
77  0.089166 1.580732 -0.409891  0.000000 -0.000000 0.000000
78  -0.263817 1.788471 -0.409405  0.000000 -0.000000 0.000000
79  -0.263817 1.287951 -0.409405  0.000000 -0.000000 0.000000
80  -2.126198 -20.570629 -4.600086  1.574083 -0.005340 0.011768
81  0.017809 0.973330 -8.485500  -0.000000 0.000000 -0.000000
82  -2.126198 -20.570629 -4.600086  1.574083 -0.005340 0.011768
83  0.088237 1.202834 -8.470932  -0.000000 0.000000 -0.000000
84  -0.263817 0.962445 -8.492544  -0.000000 0.000000 -0.000000
time 69
0  0.000006 0.000000 0.000000  -1.570800 -1.391899 -1.570792
1  -8.526393 2.634402 1.937664  -1.544956 -1.855077 -0.198630
2  6.027524 -0.000330 0.000189  -0.642659 -1.413856 -1.481325
3  11.692110 0.000645 -0.000738  -1.080840 -0.000014 -1.323387
4  11.480350 0.000504 -0.000610  0.615264 -0.791666 0.905324
5  3.859505 -0.142823 -1.192079  -0.799182 -0.087399 -1.804500
6  1.312590 0.000009 0.000008  -0.119313 -0.053855 -0.329393
7  0.729356 0.000053 0.000049  0.005978 -0.010416 -0.436525
8  3.942142 0.046331 -0.431543  -0.759080 0.204254 -1.456462
9  1.539111 0.000083 0.000008  -0.026773 -0.074292 -0.700716
10  1.196333 0.000144 0.000028  0.006696 0.000855 -0.620635
11  3.883512 -0.047211 0.431351  -0.425430 0.506846 -0.938886
12  1.719573 -0.000028 0.000020  0.032091 -0.180509 -1.168257
13  1.209179 0.000090 0.000011  0.001722 -0.001672 -0.371093
14  3.859679 -0.138418 1.332379  -0.204178 0.558697 -0.670168
15  1.719449 -0.000018 0.000028  -0.037097 0.017729 -0.587459
16  1.099674 0.000048 0.000005  -0.003643 0.001799 -1.259213
17  0.602686 -0.582614 1.078276  -0.889309 -0.459818 -0.488377
18  1.789819 -0.000004 -0.000018  0.006060 0.002375 0.042472
19  1.207016 -0.000013 -0.000044  -0.001426 0.000293 0.581677
20  5.740634 0.000389 -0.000700  -0.248355 0.000003 0.000064
21  11.481071 0.000280 -0.000775  -0.101952 -0.188185 0.079367
22  6.027524 -0.000332 0.000200  1.561440 -0.156747 1.720182
23  -0.000001 11.692099 -0.000007  -0.923632 -0.381523 -0.740152
24  0.000005 0.000008 -0.000000  -0.211749 -0.000031 1.570739
25  -0.000000 -0.000012 -0.000001  0.868960 0.000002 1.570712
26  -6.617934 -9.178503 0.826812  1.473120 1.855075 -0.198639
27  6.027513 -0.000259 -0.000221  1.557189 0.764596 -0.709525
28  11.691992 0.000162 0.000855  0.141449 0.000073 -1.841284
29  11.479315 -0.000883 0.000959  -1.171926 0.338850 0.879160
30  3.859438 -0.132758 1.193065  0.466149 -0.051827 -1.783911
31  1.312559 0.000026 -0.000001  -0.013963 -0.041043 -0.156446
32  0.729346 0.000064 -0.000027  -0.128320 -0.117290 -0.954858
33  3.942047 0.050139 0.431000  0.211502 -0.107596 -1.469110
34  1.539097 0.000005 -0.000001  0.040711 -0.054386 -1.030473
35  1.196301 0.000078 -0.000004  -0.249391 -0.043040 -0.795119
36  3.883414 -0.050472 -0.431084  0.186408 -0.271796 -1.212173
37  1.719565 -0.000084 -0.000005  0.020973 -0.107650 -1.483531
38  1.209198 0.000034 0.000011  -0.324719 0.069673 -0.493483
39  3.859588 -0.149082 -1.331321  -0.094937 -0.084957 -0.411356
40  1.719413 -0.000097 -0.000036  -0.011250 0.001677 -0.960921
41  1.099674 0.000022 0.000007  -0.004983 -0.008085 -0.787928
42  0.805983 -0.359847 -1.318338  0.991670 0.166767 -0.799527
43  1.789780 -0.000009 -0.000042  0.000058 -0.002451 0.133097
44  1.206996 -0.000007 0.000005  0.000372 -0.000071 1.058780
45  5.740573 0.000080 0.000721  0.173958 -0.000014 0.000028
46  11.480808 -0.000102 0.000936  0.055000 0.073048 0.147456
47  6.027515 -0.000273 -0.000230  -0.904128 -0.493178 -1.738768
48  -0.000003 11.691975 -0.000006  -1.229993 0.674847 0.921941
49  0.000003 0.000000 0.000000  2.413977 -0.000036 1.570860
50  -0.000007 -0.000014 0.000004  2.272645 -0.000036 1.570861
51  -3.667363 -3.789990 -6.484950  -0.082334 -2.987614 1.485468
52  -0.000000 -0.000000 0.000000  0.008153 -0.000259 0.000009
53  0.000000 0.000000 0.000000  1.565115 0.043565 -0.106862
54  -0.294117 -16.448492 -4.664049  -0.826115 0.104701 -1.862216
55  0.000001 -0.000000 -0.000000  0.000000 -0.000001 -0.000002
56  0.000031 0.000029 0.000000  -1.571902 -0.044449 -0.106509
57  10.430052 -19.544212 -17.246658  1.570796 -0.000000 0.000000
58  -15.084132 3.989710 -22.686333  1.570796 -0.000000 0.000000
59  1.941978 -1.075505 -8.860325  1.570796 -0.000000 0.000000
60  -0.004311 0.001229 -0.000371  0.006898 -0.005534 -0.284229
61  0.826810 10.209643 -4.879054  1.570796 -0.000000 0.000000
62  0.000000 0.000000 0.000000  -0.078727 -3.136056 0.284226
63  0.000000 0.000000 0.000000  1.569936 0.000496 0.000449
64  -2.333395 -7.933482 -1.290425  1.562191 0.005202 0.019065
65  0.048106 -2.944859 0.933264  -0.000000 0.000000 -0.000000
66  0.048105 -1.112260 5.803837  -0.000000 0.000000 0.006813
67  -1.140610 -0.098565 1.093603  0.000000 -0.000000 0.000000
68  0.217551 -1.673973 20.274757  -0.000000 0.000000 -0.000000
69  0.217545 -3.706013 2.941691  -0.000000 0.000000 -0.000000
70  0.048105 -1.885239 -0.022553  -0.000000 0.000000 -0.000000
71  -0.082569 -1.959166 -0.004309  -0.000000 0.000000 -0.000000
72  0.217546 -3.788155 3.509795  -0.000000 0.000000 -0.000000
73  -2.261623 -12.674444 -5.346907  1.562191 0.005202 0.019065
74  0.017809 1.009273 -0.369181  -0.000000 0.000000 -0.000000
75  -3.588360 -1.097282 -23.660017  1.570796 -0.000000 0.000000
76  -0.059011 2.409836 2.364640  0.051100 0.000000 0.000000
77  0.089166 1.580732 -0.409891  0.000000 -0.000000 0.000000
78  -0.263817 1.788471 -0.409405  0.000000 -0.000000 0.000000
79  -0.263817 1.287951 -0.409405  0.000000 -0.000000 0.000000
80  -2.103011 -20.748617 -4.451369  1.562191 0.005202 0.019065
81  0.017809 0.973330 -8.485498  -0.000000 0.000000 -0.000000
82  -2.103011 -20.748617 -4.451369  1.562191 0.005202 0.019065
83  0.088237 1.202833 -8.470931  -0.000000 0.000000 -0.000000
84  -0.263817 0.962445 -8.492542  -0.000000 0.000000 -0.000000
time 70
0  0.000006 0.000000 0.000000  -1.570800 -1.391899 -1.570792
1  -8.526393 2.634402 1.937664  -1.544956 -1.855077 -0.198630
2  6.027524 -0.000330 0.000189  -0.580240 -1.420323 -1.543743
3  11.692110 0.000644 -0.000738  -1.080839 -0.000013 -1.294725
4  11.480554 0.000558 -0.000512  0.627508 -0.785045 0.863301
5  3.859505 -0.142823 -1.192079  -0.799182 -0.087399 -1.804500
6  1.312591 0.000008 0.000008  -0.119313 -0.053855 -0.329393
7  0.729355 0.000054 0.000051  0.005978 -0.010416 -0.436525
8  3.942140 0.046331 -0.431543  -0.759080 0.204254 -1.456462
9  1.539110 0.000084 0.000006  -0.026773 -0.074292 -0.700716
10  1.196333 0.000146 0.000028  0.006696 0.000855 -0.620635
11  3.883512 -0.047211 0.431350  -0.425430 0.506846 -0.938886
12  1.719572 -0.000028 0.000017  0.032091 -0.180509 -1.168257
13  1.209178 0.000091 0.000011  0.001722 -0.001671 -0.371093
14  3.859678 -0.138418 1.332379  -0.204179 0.558697 -0.670168
15  1.719449 -0.000018 0.000028  -0.037097 0.017729 -0.587459
16  1.099675 0.000051 0.000006  -0.003643 0.001799 -1.259213
17  0.602685 -0.582614 1.078276  -0.889309 -0.459818 -0.488377
18  1.789820 -0.000002 -0.000017  0.006061 0.002375 0.042472
19  1.207016 -0.000012 -0.000043  -0.001426 0.000293 0.581677
20  5.740635 0.000389 -0.000701  -0.245221 0.000003 0.000063
21  11.481113 0.000291 -0.000757  -0.103829 -0.184448 0.073754
22  6.027524 -0.000332 0.000200  1.552410 -0.149438 1.720824
23  -0.000000 11.692100 -0.000007  -0.906173 -0.366860 -0.728030
24  0.000002 0.000008 0.000000  -0.211749 -0.000030 1.570739
25  0.000000 -0.000011 -0.000000  0.868960 0.000002 1.570712
26  -6.617934 -9.178503 0.826812  1.473120 1.855075 -0.198639
27  6.027513 -0.000259 -0.000221  1.571276 0.768020 -0.691535
28  11.691992 0.000160 0.000857  0.141449 0.000071 -1.818796
29  11.479513 -0.000769 0.000941  -1.189552 0.327926 0.848962
30  3.859437 -0.132758 1.193065  0.466149 -0.051827 -1.783911
31  1.312559 0.000025 -0.000001  -0.013963 -0.041043 -0.156446
32  0.729345 0.000065 -0.000028  -0.128320 -0.117290 -0.954858
33  3.942046 0.050139 0.431000  0.211502 -0.107596 -1.469110
34  1.539096 0.000006 -0.000001  0.040711 -0.054386 -1.030473
35  1.196301 0.000077 -0.000004  -0.249391 -0.043040 -0.795119
36  3.883413 -0.050472 -0.431084  0.186408 -0.271796 -1.212173
37  1.719563 -0.000085 -0.000005  0.020973 -0.107650 -1.483531
38  1.209198 0.000035 0.000011  -0.324719 0.069673 -0.493483
39  3.859588 -0.149082 -1.331321  -0.094937 -0.084957 -0.411356
40  1.719413 -0.000098 -0.000035  -0.011249 0.001677 -0.960920
41  1.099674 0.000024 0.000008  -0.004983 -0.008085 -0.787928
42  0.805984 -0.359848 -1.318338  0.991670 0.166767 -0.799527
43  1.789780 -0.000008 -0.000042  0.000058 -0.002451 0.133097
44  1.206996 -0.000007 0.000005  0.000372 -0.000071 1.058781
45  5.740572 0.000080 0.000720  0.164876 -0.000014 0.000028
46  11.480846 -0.000079 0.000932  0.053436 0.068979 0.142768
47  6.027515 -0.000273 -0.000230  -0.901592 -0.482703 -1.731736
48  -0.000001 11.691976 -0.000005  -1.216719 0.661197 0.915644
49  0.000003 0.000000 0.000001  2.413977 -0.000036 1.570860
50  -0.000008 -0.000014 0.000005  2.272645 -0.000036 1.570861
51  -3.818027 -4.010552 -6.500598  -0.104656 -2.976348 1.491863
52  0.000000 -0.000000 0.000000  0.008153 -0.000259 0.000009
53  -0.000000 0.000000 -0.000000  1.565115 0.043565 -0.106862
54  -0.366620 -16.641991 -4.638683  -0.845429 0.089111 -1.861236
55  0.000000 -0.000000 -0.000000  0.000000 -0.000001 -0.000002
56  0.000030 0.000029 0.000001  -1.571901 -0.044449 -0.106509
57  10.430052 -19.544212 -17.246658  1.570796 -0.000000 0.000000
58  -15.335670 3.998026 -22.652962  1.570796 -0.000000 0.000000
59  1.941978 -1.075505 -8.860325  1.570796 -0.000000 0.000000
60  -0.004311 0.001229 -0.000371  0.006898 -0.005534 -0.284229
61  0.826810 10.209643 -4.879054  1.570796 -0.000000 0.000000
62  0.000000 0.000000 0.000000  -0.078727 -3.136056 0.284226
63  0.000000 0.000000 0.000000  1.570298 0.002524 -0.000058
64  -2.353358 -8.101093 -1.299319  1.553240 0.028278 0.021763
65  0.048105 -2.944859 0.933262  0.000000 -0.000000 -0.000000
66  0.048105 -1.112260 5.803835  0.000000 0.000000 0.006813
67  -1.140610 -0.098564 1.093603  0.000000 -0.000000 0.000000
68  0.217551 -1.673973 20.274755  0.000000 -0.000000 -0.000000
69  0.217545 -3.706013 2.941689  0.000000 -0.000000 -0.000000
70  0.048106 -1.885239 -0.022555  0.000000 -0.000000 -0.000000
71  -0.082569 -1.959166 -0.004311  0.000000 -0.000000 -0.000000
72  0.217545 -3.788154 3.509794  0.000000 -0.000000 -0.000000
73  -2.360375 -12.879967 -5.311703  1.553240 0.028278 0.021763
74  0.017809 1.009273 -0.369182  0.000000 -0.000000 -0.000000
75  -3.588360 -1.097282 -23.660017  1.570796 -0.000000 0.000000
76  -0.059011 2.409836 2.364640  0.051100 0.000000 0.000000
77  0.089166 1.580732 -0.409891  0.000000 -0.000000 0.000000
78  -0.263817 1.788471 -0.409405  0.000000 -0.000000 0.000000
79  -0.263817 1.287951 -0.409405  0.000000 -0.000000 0.000000
80  -2.157460 -20.944853 -4.344286  1.553240 0.028278 0.021763
81  0.017809 0.973331 -8.485497  0.000000 -0.000000 -0.000000
82  -2.157460 -20.944853 -4.344286  1.553240 0.028278 0.021763
83  0.088237 1.202834 -8.470930  0.000000 -0.000000 -0.000000
84  -0.263817 0.962445 -8.492541  0.000000 -0.000000 -0.000000
time 71
0  0.000006 0.000000 0.000000  -1.570800 -1.391899 -1.570792
1  -8.526393 2.634402 1.937664  -1.544956 -1.855077 -0.198630
2  6.027524 -0.000330 0.000189  -0.518448 -1.424165 -1.601829
3  11.692109 0.000646 -0.000738  -1.080838 -0.000012 -1.270567
4  11.480742 0.000605 -0.000421  0.628949 -0.775144 0.829292
5  3.859503 -0.142823 -1.192079  -0.799182 -0.087399 -1.804500
6  1.312589 0.000011 0.000009  -0.119313 -0.053855 -0.329393
7  0.729355 0.000054 0.000049  0.005978 -0.010416 -0.436525
8  3.942140 0.046331 -0.431543  -0.759080 0.204254 -1.456462
9  1.539111 0.000082 0.000004  -0.026773 -0.074292 -0.700716
10  1.196334 0.000146 0.000026  0.006696 0.000855 -0.620635
11  3.883512 -0.047212 0.431351  -0.425431 0.506846 -0.938886
12  1.719573 -0.000029 0.000015  0.032091 -0.180509 -1.168257
13  1.209179 0.000089 0.000012  0.001723 -0.001671 -0.371093
14  3.859677 -0.138418 1.332380  -0.204179 0.558697 -0.670168
15  1.719448 -0.000017 0.000029  -0.037097 0.017729 -0.587459
16  1.099675 0.000048 0.000006  -0.003643 0.001799 -1.259213
17  0.602682 -0.582615 1.078276  -0.889309 -0.459818 -0.488377
18  1.789817 -0.000004 -0.000018  0.006060 0.002375 0.042472
19  1.207016 -0.000012 -0.000042  -0.001426 0.000292 0.581677
20  5.740636 0.000389 -0.000700  -0.243534 0.000003 0.000064
21  11.481153 0.000300 -0.000739  -0.107196 -0.181144 0.068889
22  6.027524 -0.000332 0.000200  1.543872 -0.144239 1.725100
23  -0.000001 11.692098 -0.000008  -0.891386 -0.354655 -0.717652
24  0.000002 0.000010 0.000000  -0.211749 -0.000031 1.570738
25  -0.000000 -0.000011 -0.000002  0.868960 0.000002 1.570712
26  -6.617934 -9.178503 0.826812  1.473120 1.855075 -0.198639
27  6.027513 -0.000259 -0.000221  1.582225 0.771228 -0.682912
28  11.691991 0.000161 0.000856  0.141449 0.000070 -1.802465
29  11.479657 -0.000683 0.000928  -1.213065 0.319978 0.830450
30  3.859438 -0.132759 1.193066  0.466149 -0.051827 -1.783911
31  1.312559 0.000025 -0.000001  -0.013963 -0.041043 -0.156446
32  0.729345 0.000065 -0.000029  -0.128320 -0.117290 -0.954858
33  3.942048 0.050138 0.431001  0.211502 -0.107596 -1.469110
34  1.539097 0.000004 -0.000001  0.040711 -0.054386 -1.030473
35  1.196301 0.000078 -0.000002  -0.249391 -0.043040 -0.795119
36  3.883414 -0.050473 -0.431084  0.186408 -0.271796 -1.212173
37  1.719564 -0.000084 -0.000004  0.020973 -0.107650 -1.483531
38  1.209198 0.000035 0.000011  -0.324719 0.069673 -0.493483
39  3.859589 -0.149082 -1.331321  -0.094937 -0.084957 -0.411356
40  1.719413 -0.000098 -0.000037  -0.011250 0.001677 -0.960921
41  1.099674 0.000024 0.000008  -0.004983 -0.008085 -0.787928
42  0.805984 -0.359848 -1.318338  0.991670 0.166767 -0.799527
43  1.789780 -0.000009 -0.000042  0.000058 -0.002451 0.133097
44  1.206996 -0.000007 0.000006  0.000372 -0.000071 1.058780
45  5.740574 0.000079 0.000719  0.156892 -0.000014 0.000028
46  11.480875 -0.000062 0.000930  0.050176 0.065396 0.140462
47  6.027515 -0.000273 -0.000230  -0.900265 -0.474293 -1.731343
48  -0.000000 11.691974 -0.000006  -1.207099 0.651325 0.910970
49  0.000002 -0.000000 0.000001  2.413977 -0.000036 1.570860
50  -0.000006 -0.000013 0.000004  2.272645 -0.000036 1.570861
51  -3.935778 -4.168851 -6.494091  -0.127500 -2.970621 1.493925
52  0.000000 0.000000 0.000000  0.008153 -0.000259 0.000009
53  0.000000 -0.000000 -0.000000  1.565115 0.043565 -0.106862
54  -0.464311 -16.799074 -4.661462  -0.866292 0.078725 -1.864746
55  -0.000003 -0.000000 -0.000001  0.000000 -0.000001 -0.000002
56  0.000026 0.000029 0.000001  -1.571902 -0.044449 -0.106509
57  10.430052 -19.544212 -17.246658  1.570796 -0.000000 0.000000
58  -15.417985 4.000748 -22.641926  1.570796 -0.000000 0.000000
59  1.941978 -1.075505 -8.860325  1.570796 -0.000000 0.000000
60  -0.004311 0.001229 -0.000371  0.006898 -0.005534 -0.284229
61  0.826810 10.209643 -4.879054  1.570796 -0.000000 0.000000
62  0.000000 0.000000 0.000000  -0.078727 -3.136056 0.284226
63  0.000000 0.000000 0.000000  1.570541 0.002261 -0.000288
64  -2.359399 -8.241525 -1.311481  1.549757 0.051254 0.019864
65  0.048106 -2.944859 0.933265  0.000000 0.000000 0.000000
66  0.048105 -1.112260 5.803839  -0.000000 0.000000 0.006813
67  -1.140611 -0.098564 1.093603  0.000000 0.000000 -0.000000
68  0.217551 -1.673973 20.274759  0.000000 0.000000 0.000000
69  0.217546 -3.706013 2.941691  0.000000 0.000000 0.000000
70  0.048106 -1.885239 -0.022554  0.000000 0.000000 0.000000
71  -0.082568 -1.959166 -0.004309  0.000000 0.000000 0.000000
72  0.217546 -3.788155 3.509797  0.000000 0.000000 0.000000
73  -2.466499 -13.036137 -5.303616  1.549757 0.051254 0.019864
74  0.017810 1.009273 -0.369181  0.000000 0.000000 0.000000
75  -3.588360 -1.097282 -23.660017  1.570796 -0.000000 0.000000
76  -0.059011 2.409836 2.364640  0.051100 0.000000 0.000000
77  0.089166 1.580732 -0.409891  0.000000 -0.000000 0.000000
78  -0.263817 1.788471 -0.409405  0.000000 -0.000000 0.000000
79  -0.263817 1.287951 -0.409405  0.000000 -0.000000 0.000000
80  -2.255319 -21.097504 -4.309033  1.549757 0.051254 0.019864
81  0.017810 0.973330 -8.485501  0.000000 0.000000 0.000000
82  -2.255319 -21.097504 -4.309033  1.549757 0.051254 0.019864
83  0.088237 1.202834 -8.470933  0.000000 0.000000 0.000000
84  -0.263817 0.962445 -8.492544  0.000000 0.000000 0.000000
time 72
0  0.000006 0.000000 0.000000  -1.570800 -1.391899 -1.570792
1  -8.526393 2.634402 1.937664  -1.544956 -1.855077 -0.198630
2  6.027524 -0.000330 0.000189  -0.498623 -1.423786 -1.616895
3  11.692110 0.000642 -0.000739  -1.080837 -0.000011 -1.262739
4  11.480802 0.000620 -0.000390  0.621655 -0.768170 0.819389
5  3.859502 -0.142824 -1.192079  -0.799182 -0.087399 -1.804500
6  1.312590 0.000010 0.000007  -0.119313 -0.053855 -0.329393
7  0.729354 0.000054 0.000049  0.005978 -0.010416 -0.436525
8  3.942141 0.046331 -0.431542  -0.759080 0.204254 -1.456462
9  1.539111 0.000083 0.000003  -0.026773 -0.074292 -0.700716
10  1.196334 0.000146 0.000025  0.006696 0.000855 -0.620635
11  3.883510 -0.047212 0.431351  -0.425431 0.506846 -0.938886
12  1.719574 -0.000028 0.000020  0.032091 -0.180509 -1.168257
13  1.209178 0.000091 0.000012  0.001722 -0.001671 -0.371093
14  3.859674 -0.138418 1.332379  -0.204178 0.558697 -0.670168
15  1.719448 -0.000019 0.000028  -0.037097 0.017729 -0.587459
16  1.099676 0.000047 0.000006  -0.003643 0.001799 -1.259213
17  0.602682 -0.582614 1.078277  -0.889309 -0.459818 -0.488377
18  1.789819 -0.000004 -0.000018  0.006061 0.002375 0.042472
19  1.207014 -0.000014 -0.000043  -0.001426 0.000292 0.581677
20  5.740636 0.000388 -0.000700  -0.243566 0.000003 0.000064
21  11.481164 0.000303 -0.000733  -0.109908 -0.179923 0.067216
22  6.027524 -0.000332 0.000200  1.540922 -0.144048 1.730069
23  -0.000000 11.692100 -0.000007  -0.886580 -0.350731 -0.714259
24  0.000003 0.000008 -0.000000  -0.211748 -0.000031 1.570738
25  -0.000000 -0.000012 -0.000001  0.868960 0.000002 1.570712
26  -6.617934 -9.178503 0.826812  1.473120 1.855075 -0.198639
27  6.027513 -0.000259 -0.000221  1.585335 0.772870 -0.681555
28  11.691991 0.000161 0.000855  0.141449 0.000070 -1.798705
29  11.479691 -0.000662 0.000926  -1.223887 0.318319 0.831683
30  3.859438 -0.132758 1.193065  0.466149 -0.051827 -1.783911
31  1.312559 0.000026 -0.000001  -0.013963 -0.041043 -0.156446
32  0.729345 0.000065 -0.000028  -0.128320 -0.117290 -0.954858
33  3.942047 0.050138 0.431000  0.211502 -0.107596 -1.469110
34  1.539097 0.000006 -0.000001  0.040711 -0.054386 -1.030473
35  1.196300 0.000078 -0.000004  -0.249391 -0.043040 -0.795119
36  3.883414 -0.050472 -0.431085  0.186408 -0.271796 -1.212173
37  1.719563 -0.000085 -0.000004  0.020973 -0.107650 -1.483531
38  1.209198 0.000036 0.000011  -0.324719 0.069673 -0.493483
39  3.859589 -0.149082 -1.331321  -0.094937 -0.084957 -0.411356
40  1.719413 -0.000098 -0.000036  -0.011249 0.001677 -0.960921
41  1.099674 0.000022 0.000007  -0.004983 -0.008085 -0.787928
42  0.805983 -0.359848 -1.318338  0.991670 0.166767 -0.799527
43  1.789780 -0.000008 -0.000042  0.000058 -0.002451 0.133097
44  1.206997 -0.000007 0.000006  0.000372 -0.000071 1.058780
45  5.740572 0.000080 0.000721  0.154537 -0.000014 0.000028
46  11.480882 -0.000058 0.000929  0.048274 0.064363 0.141234
47  6.027515 -0.000273 -0.000230  -0.900618 -0.471543 -1.731995
48  -0.000003 11.691976 -0.000006  -1.204886 0.649057 0.909882
49  0.000003 0.000000 -0.000000  2.413977 -0.000036 1.570860
50  -0.000009 -0.000013 0.000005  2.272645 -0.000036 1.570861
51  -3.961966 -4.204846 -6.477702  -0.138295 -2.972986 1.491718
52  0.000000 -0.000000 0.000000  0.008153 -0.000259 0.000009
53  0.000000 -0.000000 -0.000000  1.565115 0.043565 -0.106862
54  -0.522747 -16.854715 -4.721364  -0.877225 0.078728 -1.869637
55  0.000002 -0.000000 -0.000000  0.000000 -0.000001 -0.000002
56  0.000031 0.000029 0.000001  -1.571901 -0.044449 -0.106509
57  10.430052 -19.544212 -17.246658  1.570796 -0.000000 0.000000
58  -15.417985 4.000748 -22.641926  1.570796 -0.000000 0.000000
59  1.941978 -1.075505 -8.860325  1.570796 -0.000000 0.000000
60  -0.004311 0.001229 -0.000371  0.006898 -0.005534 -0.284229
61  0.826810 10.209643 -4.879054  1.570796 -0.000000 0.000000
62  0.000000 0.000000 0.000000  -0.078727 -3.136056 0.284226
63  0.000000 0.000000 0.000000  1.570689 0.001635 -0.000243
64  -2.348185 -8.300416 -1.324731  1.553136 0.061619 0.016023
65  0.048105 -2.944859 0.933263  0.000000 0.000000 0.000000
66  0.048105 -1.112259 5.803837  0.000000 0.000000 0.006813
67  -1.140610 -0.098565 1.093604  0.000000 -0.000000 0.000000
68  0.217551 -1.673973 20.274759  0.000000 0.000000 0.000000
69  0.217546 -3.706012 2.941691  0.000000 0.000000 0.000000
70  0.048106 -1.885239 -0.022554  0.000000 0.000000 0.000000
71  -0.082569 -1.959166 -0.004310  0.000000 0.000000 0.000000
72  0.217546 -3.788155 3.509796  0.000000 0.000000 0.000000
73  -2.516269 -13.081730 -5.330688  1.553136 0.061619 0.016023
74  0.017810 1.009273 -0.369184  0.000000 0.000000 0.000000
75  -3.588360 -1.097282 -23.660017  1.570796 -0.000000 0.000000
76  -0.059011 2.409836 2.364640  0.051100 0.000000 0.000000
77  0.089166 1.580732 -0.409891  0.000000 -0.000000 0.000000
78  -0.263817 1.788471 -0.409405  0.000000 -0.000000 0.000000
79  -0.263817 1.287951 -0.409405  0.000000 -0.000000 0.000000
80  -2.327370 -21.147028 -4.363883  1.553136 0.061619 0.016023
81  0.017810 0.973331 -8.485499  0.000000 0.000000 0.000000
82  -2.327370 -21.147028 -4.363883  1.553136 0.061619 0.016023
83  0.088237 1.202834 -8.470932  0.000000 0.000000 0.000000
84  -0.263817 0.962446 -8.492543  0.000000 0.000000 0.000000
time 73
0  0.000006 0.000000 0.000000  -1.570800 -1.391899 -1.570792
1  -8.526393 2.634402 1.937664  -1.544956 -1.855077 -0.198630
2  6.027524 -0.000330 0.000189  -0.521422 -1.420628 -1.590752
3  11.692110 0.000644 -0.000740  -1.080838 -0.000012 -1.269472
4  11.480748 0.000608 -0.000417  0.613680 -0.765045 0.831071
5  3.859505 -0.142823 -1.192079  -0.799182 -0.087399 -1.804500
6  1.312591 0.000010 0.000006  -0.119313 -0.053855 -0.329393
7  0.729356 0.000054 0.000048  0.005978 -0.010416 -0.436525
8  3.942142 0.046331 -0.431543  -0.759080 0.204254 -1.456462
9  1.539110 0.000082 0.000004  -0.026773 -0.074292 -0.700716
10  1.196332 0.000145 0.000026  0.006696 0.000855 -0.620635
11  3.883511 -0.047212 0.431351  -0.425430 0.506846 -0.938886
12  1.719573 -0.000028 0.000017  0.032091 -0.180509 -1.168257
13  1.209178 0.000090 0.000010  0.001723 -0.001671 -0.371093
14  3.859676 -0.138418 1.332380  -0.204178 0.558697 -0.670168
15  1.719449 -0.000017 0.000028  -0.037097 0.017729 -0.587459
16  1.099675 0.000049 0.000006  -0.003643 0.001799 -1.259213
17  0.602683 -0.582614 1.078277  -0.889309 -0.459818 -0.488377
18  1.789820 -0.000003 -0.000018  0.006060 0.002375 0.042471
19  1.207016 -0.000013 -0.000044  -0.001426 0.000293 0.581677
20  5.740636 0.000389 -0.000698  -0.244023 0.000003 0.000064
21  11.481153 0.000302 -0.000736  -0.110758 -0.180445 0.068924
22  6.027524 -0.000332 0.000200  1.543655 -0.147796 1.733267
23  0.000000 11.692101 -0.000007  -0.890714 -0.354105 -0.717179
24  0.000004 0.000009 -0.000001  -0.211749 -0.000030 1.570739
25  -0.000001 -0.000011 -0.000000  0.868960 0.000002 1.570712
26  -6.617934 -9.178503 0.826812  1.473120 1.855075 -0.198639
27  6.027513 -0.000259 -0.000221  1.580024 0.773535 -0.683836
28  11.691992 0.000161 0.000857  0.141449 0.000070 -1.804567
29  11.479642 -0.000695 0.000929  -1.215509 0.324150 0.848050
30  3.859437 -0.132759 1.193065  0.466149 -0.051827 -1.783911
31  1.312559 0.000025 -0.000001  -0.013963 -0.041043 -0.156446
32  0.729345 0.000066 -0.000028  -0.128320 -0.117290 -0.954858
33  3.942046 0.050138 0.431001  0.211502 -0.107596 -1.469110
34  1.539097 0.000005 -0.000001  0.040711 -0.054386 -1.030473
35  1.196301 0.000078 -0.000004  -0.249391 -0.043040 -0.795119
36  3.883413 -0.050472 -0.431084  0.186408 -0.271796 -1.212173
37  1.719563 -0.000085 -0.000005  0.020973 -0.107650 -1.483531
38  1.209198 0.000034 0.000011  -0.324719 0.069673 -0.493483
39  3.859588 -0.149082 -1.331320  -0.094937 -0.084957 -0.411356
40  1.719413 -0.000098 -0.000036  -0.011250 0.001677 -0.960921
41  1.099674 0.000024 0.000007  -0.004983 -0.008085 -0.787928
42  0.805983 -0.359848 -1.318338  0.991670 0.166767 -0.799527
43  1.789780 -0.000008 -0.000042  0.000058 -0.002451 0.133098
44  1.206996 -0.000007 0.000005  0.000372 -0.000071 1.058780
45  5.740574 0.000079 0.000721  0.158155 -0.000014 0.000028
46  11.480873 -0.000065 0.000931  0.048971 0.066418 0.143878
47  6.027515 -0.000273 -0.000230  -0.903398 -0.474504 -1.729299
48  -0.000000 11.691973 -0.000006  -1.208336 0.652593 0.911576
49  0.000003 0.000000 0.000000  2.413977 -0.000036 1.570860
50  -0.000007 -0.000014 0.000004  2.272645 -0.000036 1.570861
51  -3.891001 -4.146256 -6.467806  -0.133658 -2.980747 1.486201
52  -0.000000 -0.000000 0.000000  0.008153 -0.000259 0.000009
53  0.000000 -0.000000 0.000000  1.565115 0.043565 -0.106862
54  -0.520938 -16.824968 -4.787019  -0.874439 0.087299 -1.874162
55  -0.000000 0.000001 -0.000000  0.000000 -0.000001 -0.000002
56  0.000030 0.000030 0.000001  -1.571901 -0.044449 -0.106509
57  10.430052 -19.544212 -17.246658  1.570796 -0.000000 0.000000
58  -15.417985 4.000748 -22.641926  1.570796 -0.000000 0.000000
59  1.941978 -1.075505 -8.860325  1.570796 -0.000000 0.000000
60  -0.004311 0.001229 -0.000371  0.006898 -0.005534 -0.284229
61  0.826810 10.209643 -4.879054  1.570796 -0.000000 0.000000
62  0.000000 0.000000 0.000000  -0.078727 -3.136056 0.284226
63  0.000000 0.000000 0.000000  1.570764 0.000888 -0.000144
64  -2.323512 -8.287245 -1.336892  1.560437 0.056324 0.011698
65  0.048105 -2.944859 0.933262  -0.000000 0.000000 -0.000000
66  0.048105 -1.112260 5.803835  -0.000000 0.000000 0.006813
67  -1.140610 -0.098564 1.093604  0.000000 -0.000000 -0.000000
68  0.217551 -1.673973 20.274755  -0.000000 0.000000 -0.000000
69  0.217545 -3.706012 2.941689  -0.000000 0.000000 -0.000000
70  0.048105 -1.885239 -0.022554  -0.000000 0.000000 -0.000000
71  -0.082569 -1.959166 -0.004310  -0.000000 0.000000 -0.000000
72  0.217545 -3.788154 3.509794  -0.000000 0.000000 -0.000000
73  -2.493364 -13.038133 -5.378814  1.560437 0.056324 0.011698
74  0.017809 1.009272 -0.369182  -0.000000 0.000000 -0.000000
75  -3.588360 -1.097282 -23.660017  1.570796 -0.000000 0.000000
76  -0.059011 2.409836 2.364640  0.051100 0.000000 0.000000
77  0.089166 1.580732 -0.409891  0.000000 -0.000000 0.000000
78  -0.263817 1.788471 -0.409405  0.000000 -0.000000 0.000000
79  -0.263817 1.287951 -0.409405  0.000000 -0.000000 0.000000
80  -2.347711 -21.111128 -4.470544  1.560437 0.056324 0.011698
81  0.017809 0.973330 -8.485499  -0.000000 0.000000 -0.000000
82  -2.347711 -21.111128 -4.470544  1.560437 0.056324 0.011698
83  0.088237 1.202834 -8.470931  -0.000000 0.000000 -0.000000
84  -0.263817 0.962445 -8.492543  -0.000000 0.000000 -0.000000
time 74
0  0.000006 0.000000 0.000000  -1.570800 -1.391899 -1.570792
1  -8.526393 2.634402 1.937664  -1.544956 -1.855077 -0.198630
2  6.027524 -0.000330 0.000189  -0.552037 -1.417161 -1.558119
3  11.692110 0.000644 -0.000739  -1.080838 -0.000012 -1.278713
4  11.480677 0.000589 -0.000451  0.607972 -0.763245 0.847062
5  3.859503 -0.142823 -1.192080  -0.799182 -0.087399 -1.804500
6  1.312590 0.000011 0.000009  -0.119313 -0.053855 -0.329393
7  0.729355 0.000053 0.000047  0.005978 -0.010416 -0.436525
8  3.942141 0.046331 -0.431543  -0.759080 0.204254 -1.456462
9  1.539110 0.000085 0.000006  -0.026773 -0.074292 -0.700716
10  1.196332 0.000145 0.000027  0.006696 0.000855 -0.620635
11  3.883512 -0.047211 0.431351  -0.425430 0.506846 -0.938886
12  1.719573 -0.000028 0.000017  0.032091 -0.180509 -1.168257
13  1.209181 0.000090 0.000012  0.001723 -0.001671 -0.371093
14  3.859678 -0.138418 1.332379  -0.204178 0.558697 -0.670168
15  1.719448 -0.000020 0.000030  -0.037097 0.017729 -0.587459
16  1.099676 0.000048 0.000006  -0.003643 0.001799 -1.259213
17  0.602687 -0.582614 1.078277  -0.889309 -0.459818 -0.488377
18  1.789817 -0.000004 -0.000019  0.006060 0.002375 0.042471
19  1.207016 -0.000013 -0.000044  -0.001426 0.000292 0.581677
20  5.740635 0.000389 -0.000699  -0.244228 0.000003 0.000064
21  11.481137 0.000297 -0.000744  -0.110769 -0.181291 0.071454
22  6.027524 -0.000332 0.000200  1.547692 -0.151985 1.735035
23  -0.000001 11.692100 -0.000008  -0.896380 -0.358754 -0.721168
24  0.000003 0.000009 0.000001  -0.211749 -0.000030 1.570739
25  -0.000001 -0.000011 -0.000001  0.868960 0.000002 1.570712
26  -6.617934 -9.178503 0.826812  1.473120 1.855075 -0.198639
27  6.027513 -0.000259 -0.000221  1.572921 0.774456 -0.686896
28  11.691991 0.000161 0.000856  0.141449 0.000071 -1.811287
29  11.479580 -0.000730 0.000936  -1.201960 0.331051 0.865948
30  3.859437 -0.132758 1.193065  0.466149 -0.051827 -1.783911
31  1.312559 0.000025 -0.000001  -0.013963 -0.041043 -0.156446
32  0.729345 0.000064 -0.000028  -0.128320 -0.117290 -0.954858
33  3.942047 0.050139 0.431000  0.211502 -0.107596 -1.469110
34  1.539096 0.000008 -0.000002  0.040711 -0.054386 -1.030473
35  1.196299 0.000078 -0.000004  -0.249391 -0.043040 -0.795119
36  3.883414 -0.050473 -0.431084  0.186408 -0.271796 -1.212174
37  1.719564 -0.000084 -0.000005  0.020973 -0.107650 -1.483531
38  1.209198 0.000035 0.000010  -0.324719 0.069673 -0.493483
39  3.859589 -0.149082 -1.331321  -0.094937 -0.084957 -0.411356
40  1.719412 -0.000098 -0.000036  -0.011250 0.001677 -0.960921
41  1.099674 0.000024 0.000008  -0.004983 -0.008085 -0.787928
42  0.805983 -0.359848 -1.318338  0.991670 0.166767 -0.799527
43  1.789780 -0.000009 -0.000042  0.000058 -0.002451 0.133098
44  1.206997 -0.000007 0.000006  0.000372 -0.000071 1.058780
45  5.740571 0.000080 0.000721  0.163010 -0.000014 0.000028
46  11.480859 -0.000071 0.000932  0.050467 0.069096 0.146536
47  6.027515 -0.000273 -0.000230  -0.907176 -0.478426 -1.725661
48  -0.000001 11.691975 -0.000005  -1.212294 0.656653 0.913505
49  0.000003 0.000002 0.000000  2.413977 -0.000036 1.570860
50  -0.000008 -0.000013 0.000005  2.272645 -0.000036 1.570861
51  -3.800218 -4.077703 -6.460670  -0.124568 -2.988973 1.480791
52  -0.000000 0.000000 0.000001  0.008153 -0.000259 0.000009
53  0.000000 -0.000000 0.000000  1.565115 0.043565 -0.106862
54  -0.496752 -16.781963 -4.841709  -0.867420 0.097270 -1.877507
55  -0.000001 0.000000 0.000000  0.000000 -0.000001 -0.000002
56  0.000029 0.000029 0.000002  -1.571901 -0.044449 -0.106509
57  10.430052 -19.544212 -17.246658  1.570796 -0.000000 0.000000
58  -15.417985 4.000748 -22.641926  1.570796 -0.000000 0.000000
59  1.941978 -1.075505 -8.860325  1.570796 -0.000000 0.000000
60  -0.004311 0.001229 -0.000371  0.006898 -0.005534 -0.284229
61  0.826810 10.209643 -4.879054  1.570796 -0.000000 0.000000
62  0.000000 0.000000 0.000000  -0.078727 -3.136056 0.284226
63  0.000000 0.000000 0.000000  1.570792 0.000262 -0.000045
64  -2.298839 -8.262785 -1.345786  1.567762 0.046590 0.008083
65  0.048105 -2.944859 0.933262  -0.000000 -0.000000 0.000000
66  0.048105 -1.112260 5.803836  -0.000000 0.000000 0.006813
67  -1.140611 -0.098565 1.093603  -0.000000 0.000000 -0.000000
68  0.217551 -1.673973 20.274755  -0.000000 -0.000000 0.000000
69  0.217546 -3.706012 2.941690  -0.000000 -0.000000 0.000000
70  0.048106 -1.885239 -0.022554  -0.000000 -0.000000 0.000000
71  -0.082569 -1.959166 -0.004310  -0.000000 -0.000000 0.000000
72  0.217545 -3.788154 3.509795  -0.000000 -0.000000 0.000000
73  -2.448365 -12.982944 -5.424348  1.567762 0.046590 0.008083
74  0.017809 1.009273 -0.369181  -0.000000 -0.000000 0.000000
75  -3.588360 -1.097282 -23.660017  1.570796 -0.000000 0.000000
76  -0.059011 2.409836 2.364640  0.051100 0.000000 0.000000
77  0.089166 1.580732 -0.409891  0.000000 -0.000000 0.000000
78  -0.263817 1.788471 -0.409405  0.000000 -0.000000 0.000000
79  -0.263817 1.287951 -0.409405  0.000000 -0.000000 0.000000
80  -2.343440 -21.062954 -4.574726  1.567762 0.046590 0.008083
81  0.017809 0.973331 -8.485498  -0.000000 -0.000000 0.000000
82  -2.343440 -21.062954 -4.574726  1.567762 0.046590 0.008083
83  0.088237 1.202834 -8.470929  -0.000000 -0.000000 0.000000
84  -0.263817 0.962446 -8.492541  -0.000000 -0.000000 0.000000
time 75
0  0.000006 0.000000 0.000000  -1.570800 -1.391899 -1.570792
1  -8.526393 2.634402 1.937664  -1.544956 -1.855077 -0.198630
2  6.027524 -0.000330 0.000189  -0.567072 -1.415494 -1.542415
3  11.692109 0.000643 -0.000739  -1.080838 -0.000012 -1.283361
4  11.480641 0.000579 -0.000470  0.605789 -0.762644 0.855118
5  3.859502 -0.142823 -1.192080  -0.799182 -0.087399 -1.804500
6  1.312588 0.000011 0.000009  -0.119313 -0.053855 -0.329393
7  0.729355 0.000054 0.000049  0.005978 -0.010416 -0.436525
8  3.942140 0.046331 -0.431543  -0.759080 0.204254 -1.456462
9  1.539111 0.000085 0.000005  -0.026773 -0.074292 -0.700716
10  1.196333 0.000145 0.000028  0.006696 0.000855 -0.620635
11  3.883510 -0.047212 0.431350  -0.425430 0.506846 -0.938886
12  1.719573 -0.000026 0.000017  0.032091 -0.180509 -1.168257
13  1.209179 0.000090 0.000013  0.001722 -0.001671 -0.371093
14  3.859678 -0.138418 1.332380  -0.204179 0.558697 -0.670168
15  1.719449 -0.000017 0.000029  -0.037097 0.017729 -0.587459
16  1.099675 0.000049 0.000004  -0.003643 0.001799 -1.259213
17  0.602686 -0.582614 1.078276  -0.889309 -0.459818 -0.488377
18  1.789818 -0.000004 -0.000018  0.006061 0.002375 0.042471
19  1.207014 -0.000014 -0.000044  -0.001426 0.000292 0.581677
20  5.740636 0.000388 -0.000698  -0.244277 0.000003 0.000063
21  11.481133 0.000295 -0.000746  -0.110624 -0.181732 0.072756
22  6.027524 -0.000332 0.000200  1.549766 -0.153966 1.735567
23  0.000001 11.692099 -0.000007  -0.899225 -0.361100 -0.723166
24  0.000002 0.000008 -0.000002  -0.211749 -0.000030 1.570738
25  0.000000 -0.000011 -0.000000  0.868960 0.000002 1.570712
26  -6.617934 -9.178503 0.826812  1.473120 1.855075 -0.198639
27  6.027513 -0.000259 -0.000221  1.569366 0.774953 -0.688432
28  11.691991 0.000161 0.000856  0.141449 0.000071 -1.814471
29  11.479549 -0.000748 0.000939  -1.194829 0.334343 0.874388
30  3.859438 -0.132759 1.193065  0.466149 -0.051827 -1.783911
31  1.312559 0.000026 -0.000001  -0.013963 -0.041043 -0.156446
32  0.729346 0.000065 -0.000028  -0.128320 -0.117290 -0.954858
33  3.942047 0.050139 0.431000  0.211502 -0.107596 -1.469110
34  1.539096 0.000005 -0.000000  0.040711 -0.054386 -1.030473
35  1.196300 0.000079 -0.000004  -0.249391 -0.043040 -0.795119
36  3.883414 -0.050472 -0.431084  0.186408 -0.271796 -1.212174
37  1.719564 -0.000084 -0.000005  0.020973 -0.107650 -1.483531
38  1.209197 0.000035 0.000011  -0.324719 0.069673 -0.493483
39  3.859589 -0.149082 -1.331321  -0.094937 -0.084957 -0.411356
40  1.719413 -0.000098 -0.000037  -0.011249 0.001677 -0.960921
41  1.099674 0.000024 0.000007  -0.004983 -0.008085 -0.787928
42  0.805984 -0.359848 -1.318338  0.991670 0.166767 -0.799527
43  1.789780 -0.000008 -0.000042  0.000058 -0.002451 0.133097
44  1.206997 -0.000006 0.000005  0.000372 -0.000071 1.058780
45  5.740572 0.000079 0.000720  0.165448 -0.000014 0.000028
46  11.480852 -0.000075 0.000933  0.051293 0.070428 0.147746
47  6.027515 -0.000273 -0.000230  -0.909115 -0.480360 -1.723817
48  -0.000001 11.691974 -0.000006  -1.214170 0.658579 0.914415
49  0.000002 -0.000000 0.000001  2.413977 -0.000036 1.570860
50  -0.000007 -0.000014 0.000004  2.272645 -0.000036 1.570861
51  -3.755355 -4.044785 -6.457684  -0.119636 -2.992809 1.478372
52  0.000000 -0.000000 -0.000000  0.008153 -0.000259 0.000009
53  0.000000 -0.000000 -0.000000  1.565115 0.043565 -0.106862
54  -0.481581 -16.759987 -4.864513  -0.863460 0.102063 -1.878791
55  0.000000 -0.000000 0.000000  0.000000 -0.000001 -0.000002
56  0.000031 0.000029 0.000001  -1.571901 -0.044449 -0.106509
57  10.430052 -19.544212 -17.246658  1.570796 -0.000000 0.000000
58  -15.417985 4.000748 -22.641926  1.570796 -0.000000 0.000000
59  1.941978 -1.075505 -8.860325  1.570796 -0.000000 0.000000
60  -0.004311 0.001229 -0.000371  0.006898 -0.005534 -0.284229
61  0.826810 10.209643 -4.879054  1.570796 -0.000000 0.000000
62  0.000000 0.000000 0.000000  -0.078727 -3.136056 0.284226
63  0.000000 0.000000 0.000000  1.570796 -0.000000 0.000000
64  -2.287624 -8.249615 -1.349235  1.571103 0.041360 0.006551
65  0.048106 -2.944859 0.933263  0.000000 -0.000000 -0.000000
66  0.048105 -1.112259 5.803838  0.000000 0.000000 0.006813
67  -1.140611 -0.098565 1.093604  -0.000000 -0.000000 0.000000
68  0.217551 -1.673973 20.274759  0.000000 -0.000000 -0.000000
69  0.217546 -3.706013 2.941690  0.000000 -0.000000 -0.000000
70  0.048105 -1.885239 -0.022553  0.000000 -0.000000 -0.000000
71  -0.082569 -1.959166 -0.004310  0.000000 -0.000000 -0.000000
72  0.217546 -3.788154 3.509795  0.000000 -0.000000 -0.000000
73  -2.423788 -12.955736 -5.444452  1.571103 0.041360 0.006551
74  0.017809 1.009273 -0.369179  0.000000 -0.000000 -0.000000
75  -3.588360 -1.097282 -23.660017  1.570796 -0.000000 0.000000
76  -0.059011 2.409836 2.364640  0.051100 0.000000 0.000000
77  0.089166 1.580732 -0.409891  0.000000 -0.000000 0.000000
78  -0.263817 1.788471 -0.409405  0.000000 -0.000000 0.000000
79  -0.263817 1.287951 -0.409405  0.000000 -0.000000 0.000000
80  -2.336780 -21.038733 -4.621614  1.571103 0.041360 0.006551
81  0.017809 0.973332 -8.485497  0.000000 -0.000000 -0.000000
82  -2.336780 -21.038733 -4.621614  1.571103 0.041360 0.006551
83  0.088237 1.202834 -8.470930  0.000000 -0.000000 -0.000000
84  -0.263817 0.962446 -8.492541  0.000000 -0.000000 -0.000000
end
