version 1
nodes
0 "ValveBiped.Bip01_Spine4" -1
1 "ValveBiped.Bip01_L_Clavicle" 0
2 "ValveBiped.Bip01_L_UpperArm" 1
3 "ValveBiped.Bip01_L_Forearm" 2
4 "ValveBiped.Bip01_L_Hand" 3
5 "ValveBiped.Bip01_L_Finger4" 4
6 "ValveBiped.Bip01_L_Finger41" 5
7 "ValveBiped.Bip01_L_Finger42" 6
8 "ValveBiped.Bip01_L_Finger3" 4
9 "ValveBiped.Bip01_L_Finger31" 8
10 "ValveBiped.Bip01_L_Finger32" 9
11 "ValveBiped.Bip01_L_Finger2" 4
12 "ValveBiped.Bip01_L_Finger21" 11
13 "ValveBiped.Bip01_L_Finger22" 12
14 "ValveBiped.Bip01_L_Finger1" 4
15 "ValveBiped.Bip01_L_Finger11" 14
16 "ValveBiped.Bip01_L_Finger12" 15
17 "ValveBiped.Bip01_L_Finger0" 4
18 "ValveBiped.Bip01_L_Finger01" 17
19 "ValveBiped.Bip01_L_Finger02" 18
20 "ValveBiped.Bip01_L_Ulna" 3
21 "ValveBiped.Bip01_L_Wrist" 3
22 "rig_l_upperarm" 1
23 "rig_l_forearm" 22
24 "rig_d_l_forearm" 23
25 "rig_d_l_upperarm" 22
26 "ValveBiped.Bip01_R_Clavicle" 0
27 "ValveBiped.Bip01_R_UpperArm" 26
28 "ValveBiped.Bip01_R_Forearm" 27
29 "ValveBiped.Bip01_R_Hand" 28
30 "ValveBiped.Bip01_R_Finger4" 29
31 "ValveBiped.Bip01_R_Finger41" 30
32 "ValveBiped.Bip01_R_Finger42" 31
33 "ValveBiped.Bip01_R_Finger3" 29
34 "ValveBiped.Bip01_R_Finger31" 33
35 "ValveBiped.Bip01_R_Finger32" 34
36 "ValveBiped.Bip01_R_Finger2" 29
37 "ValveBiped.Bip01_R_Finger21" 36
38 "ValveBiped.Bip01_R_Finger22" 37
39 "ValveBiped.Bip01_R_Finger1" 29
40 "ValveBiped.Bip01_R_Finger11" 39
41 "ValveBiped.Bip01_R_Finger12" 40
42 "ValveBiped.Bip01_R_Finger0" 29
43 "ValveBiped.Bip01_R_Finger01" 42
44 "ValveBiped.Bip01_R_Finger02" 43
45 "ValveBiped.Bip01_R_Ulna" 28
46 "ValveBiped.Bip01_R_Wrist" 28
47 "rig_r_upperarm" 26
48 "rig_r_forearm" 47
49 "rig_d_r_forearm" 48
50 "rig_d_r_upperarm" 47
51 "rig_r_hand" -1
52 "rig_d_r_hand" 51
53 "rig_d_r_wrist" 52
54 "rig_l_hand" -1
55 "rig_d_l_hand" 54
56 "rig_d_l_wrist" 54
57 "rig_l_pole" -1
58 "rig_r_pole" -1
59 "rig_l_clavicle" -1
60 "rig_d_l_clavicle" 59
61 "rig_r_clavicle" -1
62 "rig_d_r_clavicle" 61
63 "Camera" -1
64 "body" -1
65 "hammer" 64
66 "barrel" 64
67 "cylinderlock" 64
68 "cylinder" 67
69 "cylinderpush" 68
70 "trigger" 64
71 "cylrel" 64
72 "bullet1" -1
73 "bullet2" -1
74 "bullet3" -1
75 "bullet4" -1
76 "bullet5" -1
77 "bullet6" -1
78 "speedloader" -1
end
skeleton
time 0
0  0.000006 0.000000 0.000000  -1.570800 -1.391899 -1.570792
1  2.033349 1.000767 1.937657  -1.544956 -1.855077 -0.198630
2  6.027515 -0.000324 0.000201  -1.583284 0.045954 -0.585171
3  11.692119 0.000650 -0.000737  -0.000012 0.000001 -0.056696
4  11.481224 0.000160 -0.000727  1.576889 -0.106574 0.041971
5  3.859504 -0.142825 -1.192079  -0.468169 0.151546 -0.880257
6  1.312590 0.000009 0.000007  -0.000027 0.000044 -0.439740
7  0.729357 0.000054 0.000049  0.000017 0.000021 -0.244317
8  3.942141 0.046330 -0.431543  -0.151817 0.073216 -0.811086
9  1.539113 0.000082 0.000004  -0.000007 0.000021 -0.247842
10  1.196331 0.000148 0.000029  0.000011 0.000018 -0.430770
11  3.883512 -0.047212 0.431351  0.085894 0.021858 -0.587909
12  1.719573 -0.000030 0.000017  0.000015 0.005518 -0.366533
13  1.209181 0.000090 0.000012  0.000004 0.003091 -0.216438
14  3.859679 -0.138420 1.332380  0.354466 -0.042717 -0.531784
15  1.719446 -0.000022 0.000029  0.000028 0.004066 -0.363025
16  1.099675 0.000049 0.000005  0.000003 0.002578 -0.244381
17  0.806011 -0.349039 1.321247  -1.222694 -0.679188 -0.788867
18  1.789819 -0.000005 -0.000017  0.000011 -0.000024 0.228523
19  1.207014 -0.000014 -0.000043  0.000002 -0.000008 0.362856
20  5.740638 0.000388 -0.000698  0.003035 0.000003 0.000063
21  11.481259 0.000207 -0.000799  0.004953 0.000188 -0.001556
22  6.027525 -0.000330 0.000200  0.059595 -2.453119 -2.193920
23  0.000000 11.692101 -0.000007  -0.043320 -0.000838 -0.036616
24  0.000003 0.000010 0.000000  0.868996 -0.000031 1.570739
25  -0.000001 -0.000012 -0.000001  0.868960 0.000002 1.570712
26  2.033355 1.000772 -1.937609  1.473120 1.855075 -0.198639
27  6.027509 -0.000259 -0.000229  1.637176 -0.060228 -0.592196
28  11.691992 0.000163 0.000858  -0.000050 -0.000001 -0.007067
29  11.539204 0.000316 0.000816  -1.562466 0.108529 -0.061253
30  3.859438 -0.132760 1.193065  0.466290 -0.158048 -0.878823
31  1.312559 0.000023 0.000001  0.000013 -0.000043 -0.439709
32  0.729345 0.000065 -0.000027  -0.000023 -0.000019 -0.244286
33  3.942046 0.050138 0.431000  0.150091 -0.079181 -0.810189
34  1.539099 0.000006 0.000000  0.000009 -0.000007 -0.247824
35  1.196302 0.000075 -0.000004  -0.000007 -0.000009 -0.430781
36  3.883415 -0.050474 -0.431084  -0.085915 -0.026392 -0.587660
37  1.719564 -0.000085 -0.000004  -0.000006 -0.007962 -0.366486
38  1.209197 0.000034 0.000011  0.000002 -0.004461 -0.216413
39  3.859588 -0.149084 -1.331321  -0.354445 0.038578 -0.531955
40  1.719413 -0.000099 -0.000036  -0.000030 -0.006584 -0.363030
41  1.099674 0.000025 0.000006  0.000004 -0.004188 -0.244347
42  0.805982 -0.359850 -1.318338  1.221444 0.673631 -0.793558
43  1.789779 -0.000010 -0.000040  -0.000028 0.000031 0.228553
44  1.206995 -0.000006 0.000007  -0.000017 0.000020 0.362910
45  5.740573 0.000079 0.000723  0.026990 -0.000014 0.000028
46  11.492787 0.000137 0.000908  0.000504 0.000315 -0.022541
47  6.027515 -0.000273 -0.000228  0.074799 -0.634128 -2.207435
48  -0.000001 11.691977 -0.000007  -0.005397 0.000036 0.004562
49  0.000002 -0.000001 0.000001  2.272571 -0.000036 1.570860
50  -0.000008 -0.000014 0.000004  2.272645 -0.000036 1.570861
51  -22.620094 0.844507 -17.554111  -1.605366 2.379717 -0.041994
52  -0.000000 0.000001 -0.000000  0.008153 -0.000259 0.000009
53  0.000001 -0.000001 0.000000  1.565115 0.043565 -0.106862
54  22.676517 -0.984221 -17.554199  1.605712 0.761853 0.042358
55  0.000001 -0.000003 -0.000000  0.000000 -0.000001 -0.000002
56  0.000032 0.000027 0.000001  -1.571901 -0.044449 -0.106509
57  15.265023 8.339654 -8.787539  1.570796 -0.000000 0.000000
58  -15.265000 8.339654 -8.787539  1.570796 -0.000000 0.000000
59  1.941978 -1.346989 1.821586  1.570796 -0.000000 0.000000
60  -0.004311 0.001230 -0.000371  0.006898 -0.005534 -0.284229
61  -1.937603 -1.346625 1.822824  1.570796 -0.000000 0.000000
62  0.000000 0.000000 0.000000  -0.078727 -3.136056 0.284226
63  0.000000 0.000000 0.000000  1.570796 -0.000000 0.000000
64  -3.534368 -10.111034 -2.851932  1.570796 -0.000000 0.000000
65  -0.143794 1.243191 1.790707  0.000000 -0.000000 0.000000
66  0.000001 2.431489 11.900957  0.000000 -0.000000 0.000000
67  0.151288 0.906791 4.692154  0.000000 -0.000000 0.000000
68  -0.151288 1.013638 -0.467878  0.000000 -0.000000 0.000000
69  0.000000 -0.000000 2.081793  0.000000 -0.000000 0.000000
70  0.000000 0.884824 2.687938  0.000000 -0.000000 0.000000
71  0.299800 1.920429 2.128872  0.000000 -0.000000 0.000000
72  -3.535433 -13.118125 -0.421628  1.570796 -0.000000 0.000000
73  -3.099609 -13.118127 -0.679613  1.570796 -0.000000 0.000000
74  -3.102738 -13.118127 -1.178184  1.570796 -0.000000 0.000000
75  -3.534845 -13.118125 -1.432538  1.570796 -0.000000 0.000000
76  -3.968438 -13.118125 -1.178268  1.570796 -0.000000 0.000000
77  -3.970815 -13.118125 -0.680112  1.570796 -0.000000 0.000000
78  -1.363209 -12.825721 -0.927084  1.570796 -0.000000 0.000000
end
triangles
lowpoly_metal
0  -3.280061 -14.832726 -1.932636  0.866027 0.000000 0.499997  0.008871 0.733071 1 67 1.000000
0  -3.335855 -15.055901 -1.835999  0.866027 0.000000 0.499997  0.008871 0.733071 1 67 1.000000
0  -3.280061 -15.055901 -1.932636  0.866027 0.000000 0.499997  0.008871 0.733071 1 67 1.000000
lowpoly_metal
0  -3.335855 -14.832726 -1.835999  0.000000 0.000000 1.000000  0.008871 0.733071 1 67 1.000000
0  -3.447442 -15.055901 -1.835999  0.000000 0.000000 1.000000  0.008871 0.733071 1 67 1.000000
0  -3.335855 -15.055901 -1.835999  0.000000 0.000000 1.000000  0.008871 0.733071 1 67 1.000000
lowpoly_metal
0  -3.447442 -14.832726 -1.835999  -0.866022 0.000000 0.500005  0.008871 0.733071 1 67 1.000000
0  -3.503236 -15.055901 -1.932636  -0.866022 0.000000 0.500005  0.008871 0.733071 1 67 1.000000
0  -3.447442 -15.055901 -1.835999  -0.866022 0.000000 0.500005  0.008871 0.733071 1 67 1.000000
lowpoly_metal
0  -3.503236 -15.055901 -1.932636  -0.866023 0.000001 -0.500004  0.008871 0.733071 1 67 1.000000
0  -3.447442 -14.832726 -2.029274  -0.866023 0.000001 -0.500004  0.008871 0.733071 1 67 1.000000
0  -3.447442 -15.055901 -2.029274  -0.866023 0.000001 -0.500004  0.008871 0.733071 1 67 1.000000
lowpoly_metal
0  -3.335855 -14.832726 -2.029274  0.000000 1.000000 0.000000  0.008871 0.733071 1 67 1.000000
0  -3.447442 -14.832726 -2.029274  0.000000 1.000000 0.000000  0.008871 0.733071 1 67 1.000000
0  -3.447442 -14.832726 -1.835999  0.000000 1.000000 0.000000  0.008871 0.733071 1 67 1.000000
lowpoly_metal
0  -3.447442 -15.055901 -2.029274  0.000000 0.000000 -1.000000  0.008871 0.733071 1 67 1.000000
0  -3.335855 -14.832726 -2.029274  0.000000 0.000000 -1.000000  0.008871 0.733071 1 67 1.000000
0  -3.335855 -15.055901 -2.029274  0.000000 0.000000 -1.000000  0.008871 0.733071 1 67 1.000000
lowpoly_metal
0  -3.335855 -15.055901 -2.029274  0.866028 0.000000 -0.499996  0.008871 0.733071 1 67 1.000000
0  -3.280061 -14.832726 -1.932636  0.866028 0.000000 -0.499996  0.008871 0.733071 1 67 1.000000
0  -3.280061 -15.055901 -1.932636  0.866028 0.000000 -0.499996  0.008871 0.733071 1 67 1.000000
lowpoly_metal
0  -3.447442 -15.055901 -1.835999  0.000000 -1.000000 0.000000  0.008871 0.733071 1 67 1.000000
0  -3.503236 -15.055901 -1.932636  0.000000 -1.000000 0.000000  0.008871 0.733071 1 67 1.000000
0  -3.335855 -15.055901 -2.029274  0.000000 -1.000000 0.000000  0.008871 0.733071 1 67 1.000000
lowpoly_metal
0  -3.173165 -14.496332 -1.932636  0.866026 0.000000 0.499999  0.006192 0.735583 1 67 1.000000
0  -3.282407 -15.035105 -1.743424  0.866026 0.000000 0.499999  0.006192 0.735583 1 67 1.000000
0  -3.173165 -15.035105 -1.932636  0.866026 0.000000 0.499999  0.006192 0.735583 1 67 1.000000
lowpoly_metal
0  -3.252310 -14.496333 -1.603574  0.000000 1.000000 0.000000  0.006192 0.735583 1 67 1.000000
0  -3.500890 -14.496332 -1.365762  0.000000 1.000000 0.000000  0.006192 0.735583 1 67 1.000000
0  -3.206244 -14.496332 -1.365762  0.000000 1.000000 0.000000  0.006192 0.735583 1 67 1.000000
lowpoly_metal
0  -3.544113 -14.496332 -2.046983  -0.866024 0.000000 -0.500002  0.006192 0.735583 1 67 1.000000
0  -3.500890 -15.035105 -2.121848  -0.866024 0.000000 -0.500002  0.006192 0.735583 1 67 1.000000
0  -3.544113 -15.035105 -2.046983  -0.866024 0.000000 -0.500002  0.006192 0.735583 1 67 1.000000
lowpoly_metal
0  -3.173165 -14.496332 -1.932636  0.000000 1.000000 0.000000  0.006192 0.735583 1 67 1.000000
0  -3.544113 -14.496332 -2.046983  0.000000 1.000000 0.000000  0.006192 0.735583 1 67 1.000000
0  -3.544113 -14.496332 -1.818289  0.000000 1.000000 0.000000  0.006192 0.735583 1 67 1.000000
lowpoly_metal
0  -3.500890 -14.496332 -2.121848  0.000000 0.000000 -1.000000  0.006192 0.735583 1 67 1.000000
0  -3.282407 -15.035105 -2.121848  0.000000 0.000000 -1.000000  0.006192 0.735583 1 67 1.000000
0  -3.500890 -15.035105 -2.121848  0.000000 0.000000 -1.000000  0.006192 0.735583 1 67 1.000000
lowpoly_metal
0  -3.282407 -15.035105 -2.121848  0.866025 0.000000 -0.500001  0.006192 0.735583 1 67 1.000000
0  -3.173165 -14.496332 -1.932636  0.866025 0.000000 -0.500001  0.006192 0.735583 1 67 1.000000
0  -3.173165 -15.035105 -1.932636  0.866025 0.000000 -0.500001  0.006192 0.735583 1 67 1.000000
lowpoly_metal
0  -3.500890 -14.496332 -1.743424  -0.866026 0.000000 0.499998  0.006192 0.735583 1 67 1.000000
0  -3.544113 -15.035105 -1.818289  -0.866026 0.000000 0.499998  0.006192 0.735583 1 67 1.000000
0  -3.500890 -15.035105 -1.743424  -0.866026 0.000000 0.499998  0.006192 0.735583 1 67 1.000000
lowpoly_metal
0  -3.500890 -14.496333 -0.820394  0.000000 1.000000 0.000000  0.006192 0.735583 1 67 1.000000
0  -3.280841 -14.496333 -0.820395  0.000000 1.000000 0.000000  0.006192 0.735583 1 67 1.000000
0  -3.206244 -14.496333 -0.894990  0.000000 1.000000 0.000000  0.006192 0.735583 1 67 1.000000
lowpoly_metal
0  -3.252311 -15.035105 -1.603574  0.981751 -0.000001 -0.190173  0.006192 0.735583 1 67 1.000000
0  -3.206244 -14.496332 -1.365762  0.981751 -0.000001 -0.190173  0.006192 0.735583 1 67 1.000000
0  -3.206245 -15.213264 -1.365763  0.981751 -0.000001 -0.190173  0.006192 0.735583 1 67 1.000000
lowpoly_metal
0  -3.500890 -15.035105 -1.603574  -1.000000 0.000000 0.000001  0.006192 0.735583 1 67 1.000000
0  -3.500890 -14.496332 -1.365762  -1.000000 0.000000 0.000001  0.006192 0.735583 1 67 1.000000
0  -3.500890 -14.496332 -1.603574  -1.000000 0.000000 0.000001  0.006192 0.735583 1 67 1.000000
lowpoly_metal
0  -3.252311 -15.035105 -1.603574  0.000000 -0.800321 -0.599572  0.006192 0.735583 1 67 1.000000
0  -3.500890 -15.213264 -1.365763  0.000000 -0.800321 -0.599572  0.006192 0.735583 1 67 1.000000
0  -3.500890 -15.035105 -1.603574  0.000000 -0.800321 -0.599572  0.006192 0.735583 1 67 1.000000
lowpoly_metal
0  -3.206245 -15.213265 -0.894991  -0.000004 -1.000000 0.000029  0.006192 0.735583 1 67 1.000000
0  -3.280841 -15.213265 -0.820395  -0.000004 -1.000000 0.000029  0.006192 0.735583 1 67 1.000000
0  -3.500890 -15.213264 -0.820395  -0.000004 -1.000000 0.000029  0.006192 0.735583 1 67 1.000000
lowpoly_metal
0  -3.500890 -15.213264 -1.365763  -1.000000 -0.000001 0.000000  0.006192 0.735583 1 67 1.000000
0  -3.500890 -14.496333 -0.820394  -1.000000 -0.000001 0.000000  0.006192 0.735583 1 67 1.000000
0  -3.500890 -14.496332 -1.365762  -1.000000 -0.000001 0.000000  0.006192 0.735583 1 67 1.000000
lowpoly_metal
0  -3.206245 -15.213264 -1.365763  1.000000 -0.000000 0.000000  0.006192 0.735583 1 67 1.000000
0  -3.206244 -14.496333 -0.894990  1.000000 -0.000000 0.000000  0.006192 0.735583 1 67 1.000000
0  -3.206245 -15.213265 -0.894991  1.000000 -0.000000 0.000000  0.006192 0.735583 1 67 1.000000
lowpoly_metal
0  -3.280841 -15.213265 -0.820395  0.707105 0.000000 0.707108  0.006192 0.735583 1 67 1.000000
0  -3.206244 -14.496333 -0.894990  0.707105 0.000000 0.707108  0.006192 0.735583 1 67 1.000000
0  -3.280841 -14.496333 -0.820395  0.707105 0.000000 0.707108  0.006192 0.735583 1 67 1.000000
lowpoly_metal
0  -3.280841 -14.496333 -0.820395  -0.000000 -0.000000 1.000000  0.006192 0.735583 1 67 1.000000
0  -3.500890 -15.213264 -0.820395  -0.000000 -0.000000 1.000000  0.006192 0.735583 1 67 1.000000
0  -3.280841 -15.213265 -0.820395  -0.000000 -0.000000 1.000000  0.006192 0.735583 1 67 1.000000
lowpoly_metal
0  -3.282407 -15.035105 -1.743424  0.000000 -1.000000 0.000015  0.006192 0.735583 1 67 1.000000
0  -3.500890 -15.035105 -1.603574  0.000000 -1.000000 0.000015  0.006192 0.735583 1 67 1.000000
0  -3.500890 -15.035105 -1.743424  0.000000 -1.000000 0.000015  0.006192 0.735583 1 67 1.000000
lowpoly_metal
0  -3.500890 -14.496332 -1.743424  -1.000000 0.000000 -0.000002  0.006192 0.735583 1 67 1.000000
0  -3.500890 -15.035105 -1.603574  -1.000000 0.000000 -0.000002  0.006192 0.735583 1 67 1.000000
0  -3.500890 -14.496332 -1.603574  -1.000000 0.000000 -0.000002  0.006192 0.735583 1 67 1.000000
lowpoly_metal
0  -3.282407 -14.496332 -1.743424  0.977619 0.000001 -0.210385  0.006192 0.735583 1 67 1.000000
0  -3.252311 -15.035105 -1.603574  0.977619 0.000001 -0.210385  0.006192 0.735583 1 67 1.000000
0  -3.282407 -15.035105 -1.743424  0.977619 0.000001 -0.210385  0.006192 0.735583 1 67 1.000000
lowpoly_metal
0  -3.282407 -14.496332 -1.743424  0.000004 1.000000 0.000000  0.006192 0.735583 1 67 1.000000
0  -3.500890 -14.496332 -1.603574  0.000004 1.000000 0.000000  0.006192 0.735583 1 67 1.000000
0  -3.252310 -14.496333 -1.603574  0.000004 1.000000 0.000000  0.006192 0.735583 1 67 1.000000
lowpoly_metal
0  -3.544113 -15.035105 -2.046983  -1.000000 0.000001 0.000000  0.006192 0.735583 1 67 1.000000
0  -3.544113 -14.496332 -1.818289  -1.000000 0.000001 0.000000  0.006192 0.735583 1 67 1.000000
0  -3.544113 -14.496332 -2.046983  -1.000000 0.000001 0.000000  0.006192 0.735583 1 67 1.000000
lowpoly_metal
0  -3.544113 -15.035105 -1.818289  0.000000 -1.000000 0.000000  0.006192 0.735583 1 67 1.000000
0  -3.544113 -15.035105 -2.046983  0.000000 -1.000000 0.000000  0.006192 0.735583 1 67 1.000000
0  -3.173165 -15.035105 -1.932636  0.000000 -1.000000 0.000000  0.006192 0.735583 1 67 1.000000
lowpoly_metal
0  -3.328448 -12.122208 -1.218605  0.000000 -0.499997 0.866027  0.008828 0.739491 1 64 1.000000
0  -3.081271 -12.229239 -1.280399  0.000000 -0.499997 0.866027  0.008828 0.739491 1 64 1.000000
0  -3.081271 -12.122208 -1.218605  0.000000 -0.499997 0.866027  0.008828 0.739491 1 64 1.000000
lowpoly_metal
0  -3.328448 -12.229239 -1.280399  0.000000 -1.000000 0.000000  0.008828 0.739491 1 64 1.000000
0  -3.081271 -12.229239 -1.403988  0.000000 -1.000000 0.000000  0.008828 0.739491 1 64 1.000000
0  -3.081271 -12.229239 -1.280399  0.000000 -1.000000 0.000000  0.008828 0.739491 1 64 1.000000
lowpoly_metal
0  -3.081271 -12.229239 -1.403988  0.000000 -0.499995 -0.866028  0.008828 0.739491 1 64 1.000000
0  -3.328448 -12.122208 -1.465782  0.000000 -0.499995 -0.866028  0.008828 0.739491 1 64 1.000000
0  -3.081271 -12.122208 -1.465782  0.000000 -0.499995 -0.866028  0.008828 0.739491 1 64 1.000000
lowpoly_metal
0  -3.081271 -12.122208 -1.465782  -0.000001 0.499997 -0.866027  0.008828 0.739491 1 64 1.000000
0  -3.328448 -12.015177 -1.403988  -0.000001 0.499997 -0.866027  0.008828 0.739491 1 64 1.000000
0  -3.081271 -12.015177 -1.403988  -0.000001 0.499997 -0.866027  0.008828 0.739491 1 64 1.000000
lowpoly_metal
0  -3.328448 -12.122208 -1.218605  -1.000000 0.000000 0.000002  0.008828 0.739491 1 64 1.000000
0  -3.328448 -12.015177 -1.403988  -1.000000 0.000000 0.000002  0.008828 0.739491 1 64 1.000000
0  -3.328448 -12.229239 -1.280399  -1.000000 0.000000 0.000002  0.008828 0.739491 1 64 1.000000
lowpoly_metal
0  -3.328448 -12.015177 -1.403988  0.000000 1.000000 0.000000  0.008828 0.739491 1 64 1.000000
0  -3.081271 -12.015177 -1.280399  0.000000 1.000000 0.000000  0.008828 0.739491 1 64 1.000000
0  -3.081271 -12.015177 -1.403988  0.000000 1.000000 0.000000  0.008828 0.739491 1 64 1.000000
lowpoly_metal
0  -3.328448 -12.015177 -1.280399  0.000000 0.499997 0.866027  0.008828 0.739491 1 64 1.000000
0  -3.081271 -12.122208 -1.218605  0.000000 0.499997 0.866027  0.008828 0.739491 1 64 1.000000
0  -3.081271 -12.015177 -1.280399  0.000000 0.499997 0.866027  0.008828 0.739491 1 64 1.000000
lowpoly_metal
0  -3.081271 -12.229239 -1.280399  1.000000 0.000000 0.000000  0.008828 0.739491 1 64 1.000000
0  -3.081271 -12.015177 -1.403988  1.000000 0.000000 0.000000  0.008828 0.739491 1 64 1.000000
0  -3.081271 -12.015177 -1.280399  1.000000 0.000000 0.000000  0.008828 0.739491 1 64 1.000000
lowpoly_metal
0  -3.439914 -12.743871 -0.992878  1.000000 0.000000 0.000000  0.008871 0.733071 1 69 1.000000
0  -3.439914 -14.235672 -0.876634  1.000000 0.000000 0.000000  0.008871 0.733071 1 69 1.000000
0  -3.439914 -14.235672 -0.992878  1.000000 0.000000 0.000000  0.008871 0.733071 1 69 1.000000
lowpoly_metal
0  -3.439914 -12.743871 -0.876633  0.500002 0.000000 0.866024  0.008871 0.733071 1 69 1.000000
0  -3.540584 -14.235672 -0.818511  0.500002 0.000000 0.866024  0.008871 0.733071 1 69 1.000000
0  -3.439914 -14.235672 -0.876634  0.500002 0.000000 0.866024  0.008871 0.733071 1 69 1.000000
lowpoly_metal
0  -3.540584 -12.743871 -0.818511  -0.499999 0.000000 0.866026  0.008871 0.733071 1 69 1.000000
0  -3.641255 -14.235672 -0.876634  -0.499999 0.000000 0.866026  0.008871 0.733071 1 69 1.000000
0  -3.540584 -14.235672 -0.818511  -0.499999 0.000000 0.866026  0.008871 0.733071 1 69 1.000000
lowpoly_metal
0  -3.641255 -12.743871 -0.876633  -1.000000 -0.000000 0.000002  0.008871 0.733071 1 69 1.000000
0  -3.641255 -14.235672 -0.992878  -1.000000 -0.000000 0.000002  0.008871 0.733071 1 69 1.000000
0  -3.641255 -14.235672 -0.876634  -1.000000 -0.000000 0.000002  0.008871 0.733071 1 69 1.000000
lowpoly_metal
0  -3.540585 -12.743871 -1.051000  0.000000 1.000000 0.000000  0.008871 0.733071 1 69 1.000000
0  -3.641255 -12.743871 -0.992877  0.000000 1.000000 0.000000  0.008871 0.733071 1 69 1.000000
0  -3.540584 -12.743871 -0.818511  0.000000 1.000000 0.000000  0.008871 0.733071 1 69 1.000000
lowpoly_metal
0  -3.641255 -12.743871 -0.992877  -0.499999 0.000000 -0.866026  0.008871 0.733071 1 69 1.000000
0  -3.540584 -14.235672 -1.051000  -0.499999 0.000000 -0.866026  0.008871 0.733071 1 69 1.000000
0  -3.641255 -14.235672 -0.992878  -0.499999 0.000000 -0.866026  0.008871 0.733071 1 69 1.000000
lowpoly_metal
0  -3.540584 -14.235672 -1.051000  0.500002 0.000000 -0.866024  0.008871 0.733071 1 69 1.000000
0  -3.439914 -12.743871 -0.992878  0.500002 0.000000 -0.866024  0.008871 0.733071 1 69 1.000000
0  -3.439914 -14.235672 -0.992878  0.500002 0.000000 -0.866024  0.008871 0.733071 1 69 1.000000
lowpoly_metal
0  -3.641254 -16.205242 -0.992878  -0.941623 0.336669 0.000000  0.008871 0.733071 1 69 1.000000
0  -3.653387 -16.239176 -0.869629  -0.941623 0.336669 0.000000  0.008871 0.733071 1 69 1.000000
0  -3.641254 -16.205242 -0.876634  -0.941623 0.336669 0.000000  0.008871 0.733071 1 69 1.000000
lowpoly_metal
0  -3.540584 -16.239176 -1.065010  0.499998 0.000001 -0.866026  0.008871 0.733071 1 69 1.000000
0  -3.427781 -16.490297 -0.999883  0.499998 0.000001 -0.866026  0.008871 0.733071 1 69 1.000000
0  -3.540584 -16.490297 -1.065010  0.499998 0.000001 -0.866026  0.008871 0.733071 1 69 1.000000
lowpoly_metal
0  -3.540584 -16.205240 -0.818512  0.470826 0.336662 0.815464  0.008871 0.733071 1 69 1.000000
0  -3.427781 -16.239176 -0.869629  0.470826 0.336662 0.815464  0.008871 0.733071 1 69 1.000000
0  -3.439914 -16.205240 -0.876634  0.470826 0.336662 0.815464  0.008871 0.733071 1 69 1.000000
lowpoly_metal
0  -3.641254 -16.205242 -0.992878  -0.470853 0.336692 -0.815436  0.008871 0.733071 1 69 1.000000
0  -3.540584 -16.239176 -1.065010  -0.470853 0.336692 -0.815436  0.008871 0.733071 1 69 1.000000
0  -3.653387 -16.239176 -0.999883  -0.470853 0.336692 -0.815436  0.008871 0.733071 1 69 1.000000
lowpoly_metal
0  -3.439914 -16.205240 -0.876634  0.941627 0.336658 0.000000  0.008871 0.733071 1 69 1.000000
0  -3.427781 -16.239176 -0.999883  0.941627 0.336658 0.000000  0.008871 0.733071 1 69 1.000000
0  -3.439914 -16.205240 -0.992878  0.941627 0.336658 0.000000  0.008871 0.733071 1 69 1.000000
lowpoly_metal
0  -3.641254 -16.205242 -0.876634  -0.470818 0.336659 0.815470  0.008871 0.733071 1 69 1.000000
0  -3.540584 -16.239176 -0.804502  -0.470818 0.336659 0.815470  0.008871 0.733071 1 69 1.000000
0  -3.540584 -16.205240 -0.818512  -0.470818 0.336659 0.815470  0.008871 0.733071 1 69 1.000000
lowpoly_metal
0  -3.540584 -16.205240 -1.051000  0.470811 0.336657 -0.815474  0.008871 0.733071 1 69 1.000000
0  -3.427781 -16.239176 -0.999883  0.470811 0.336657 -0.815474  0.008871 0.733071 1 69 1.000000
0  -3.540584 -16.239176 -1.065010  0.470811 0.336657 -0.815474  0.008871 0.733071 1 69 1.000000
lowpoly_metal
0  -3.653387 -16.490297 -0.999883  -0.450591 -0.433410 -0.780464  0.008871 0.733071 1 69 1.000000
0  -3.540584 -16.544594 -1.034858  -0.450591 -0.433410 -0.780464  0.008871 0.733071 1 69 1.000000
0  -3.627274 -16.544594 -0.984807  -0.450591 -0.433410 -0.780464  0.008871 0.733071 1 69 1.000000
lowpoly_metal
0  -3.653387 -16.239176 -0.999883  -1.000000 0.000001 0.000000  0.008871 0.733071 1 69 1.000000
0  -3.653387 -16.490297 -0.869629  -1.000000 0.000001 0.000000  0.008871 0.733071 1 69 1.000000
0  -3.653387 -16.239176 -0.869629  -1.000000 0.000001 0.000000  0.008871 0.733071 1 69 1.000000
lowpoly_metal
0  -3.540584 -16.239176 -0.804502  0.500000 -0.000001 0.866025  0.008871 0.733071 1 69 1.000000
0  -3.427781 -16.490297 -0.869629  0.500000 -0.000001 0.866025  0.008871 0.733071 1 69 1.000000
0  -3.427781 -16.239176 -0.869629  0.500000 -0.000001 0.866025  0.008871 0.733071 1 69 1.000000
lowpoly_metal
0  -3.653387 -16.239176 -0.999883  -0.500000 0.000001 -0.866025  0.008871 0.733071 1 69 1.000000
0  -3.540584 -16.490297 -1.065010  -0.500000 0.000001 -0.866025  0.008871 0.733071 1 69 1.000000
0  -3.653387 -16.490297 -0.999883  -0.500000 0.000001 -0.866025  0.008871 0.733071 1 69 1.000000
lowpoly_metal
0  -3.653387 -16.239176 -0.869629  -0.499999 -0.000001 0.866026  0.008871 0.733071 1 69 1.000000
0  -3.540584 -16.490297 -0.804502  -0.499999 -0.000001 0.866026  0.008871 0.733071 1 69 1.000000
0  -3.540584 -16.239176 -0.804502  -0.499999 -0.000001 0.866026  0.008871 0.733071 1 69 1.000000
lowpoly_metal
0  -3.427781 -16.239176 -0.999883  1.000000 0.000000 0.000000  0.008871 0.733071 1 69 1.000000
0  -3.427781 -16.490297 -0.869629  1.000000 0.000000 0.000000  0.008871 0.733071 1 69 1.000000
0  -3.427781 -16.490297 -0.999883  1.000000 0.000000 0.000000  0.008871 0.733071 1 69 1.000000
lowpoly_metal
0  -3.453894 -16.544594 -0.884705  0.000000 -1.000000 0.000000  0.008871 0.733071 1 69 1.000000
0  -3.627275 -16.544594 -0.884705  0.000000 -1.000000 0.000000  0.008871 0.733071 1 69 1.000000
0  -3.453894 -16.544594 -0.984807  0.000000 -1.000000 0.000000  0.008871 0.733071 1 69 1.000000
lowpoly_metal
0  -3.653387 -16.490297 -0.869629  -0.450612 -0.433423 0.780444  0.008871 0.733071 1 69 1.000000
0  -3.540584 -16.544594 -0.834654  -0.450612 -0.433423 0.780444  0.008871 0.733071 1 69 1.000000
0  -3.540584 -16.490297 -0.804502  -0.450612 -0.433423 0.780444  0.008871 0.733071 1 69 1.000000
lowpoly_metal
0  -3.427781 -16.490297 -0.869629  0.901196 -0.433411 0.000000  0.008871 0.733071 1 69 1.000000
0  -3.453894 -16.544594 -0.984807  0.901196 -0.433411 0.000000  0.008871 0.733071 1 69 1.000000
0  -3.427781 -16.490297 -0.999883  0.901196 -0.433411 0.000000  0.008871 0.733071 1 69 1.000000
lowpoly_metal
0  -3.427781 -16.490297 -0.999883  0.450611 -0.433428 -0.780442  0.008871 0.733071 1 69 1.000000
0  -3.540584 -16.544594 -1.034858  0.450611 -0.433428 -0.780442  0.008871 0.733071 1 69 1.000000
0  -3.540584 -16.490297 -1.065010  0.450611 -0.433428 -0.780442  0.008871 0.733071 1 69 1.000000
lowpoly_metal
0  -3.653387 -16.490297 -0.999883  -0.901198 -0.433408 0.000000  0.008871 0.733071 1 69 1.000000
0  -3.627275 -16.544594 -0.884705  -0.901198 -0.433408 0.000000  0.008871 0.733071 1 69 1.000000
0  -3.653387 -16.490297 -0.869629  -0.901198 -0.433408 0.000000  0.008871 0.733071 1 69 1.000000
lowpoly_metal
0  -3.540584 -16.490297 -0.804502  0.450610 -0.433424 0.780445  0.008871 0.733071 1 69 1.000000
0  -3.453894 -16.544594 -0.884705  0.450610 -0.433424 0.780445  0.008871 0.733071 1 69 1.000000
0  -3.427781 -16.490297 -0.869629  0.450610 -0.433424 0.780445  0.008871 0.733071 1 69 1.000000
lowpoly_metal
0  -3.540584 -14.438279 -1.071369  0.499996 0.000001 -0.866028  0.008871 0.733071 1 69 1.000000
0  -3.422274 -14.303638 -1.003062  0.499996 0.000001 -0.866028  0.008871 0.733071 1 69 1.000000
0  -3.422274 -14.438279 -1.003062  0.499996 0.000001 -0.866028  0.008871 0.733071 1 69 1.000000
lowpoly_metal
0  -3.658895 -14.303638 -1.003062  -0.499997 0.000000 -0.866027  0.008871 0.733071 1 69 1.000000
0  -3.540584 -14.438279 -1.071369  -0.499997 0.000000 -0.866027  0.008871 0.733071 1 69 1.000000
0  -3.658895 -14.438279 -1.003062  -0.499997 0.000000 -0.866027  0.008871 0.733071 1 69 1.000000
lowpoly_metal
0  -3.658895 -14.303638 -0.866449  -1.000000 0.000000 0.000000  0.008871 0.733071 1 69 1.000000
0  -3.658895 -14.438279 -1.003062  -1.000000 0.000000 0.000000  0.008871 0.733071 1 69 1.000000
0  -3.658895 -14.438279 -0.866449  -1.000000 0.000000 0.000000  0.008871 0.733071 1 69 1.000000
lowpoly_metal
0  -3.540584 -14.303638 -0.798142  -0.499996 0.000000 0.866028  0.008871 0.733071 1 69 1.000000
0  -3.658895 -14.438279 -0.866449  -0.499996 0.000000 0.866028  0.008871 0.733071 1 69 1.000000
0  -3.540584 -14.438279 -0.798142  -0.499996 0.000000 0.866028  0.008871 0.733071 1 69 1.000000
lowpoly_metal
0  -3.422274 -14.303638 -0.866449  0.499996 0.000000 0.866028  0.008871 0.733071 1 69 1.000000
0  -3.540584 -14.438279 -0.798142  0.499996 0.000000 0.866028  0.008871 0.733071 1 69 1.000000
0  -3.422274 -14.438279 -0.866449  0.499996 0.000000 0.866028  0.008871 0.733071 1 69 1.000000
lowpoly_metal
0  -3.422274 -14.303638 -1.003062  1.000000 0.000000 0.000000  0.008871 0.733071 1 69 1.000000
0  -3.422274 -14.438279 -0.866449  1.000000 0.000000 0.000000  0.008871 0.733071 1 69 1.000000
0  -3.422274 -14.438279 -1.003062  1.000000 0.000000 0.000000  0.008871 0.733071 1 69 1.000000
lowpoly_metal
0  -3.540584 -14.303638 -1.071369  0.483978 0.251224 -0.838244  0.008871 0.733071 1 69 1.000000
0  -3.439914 -14.235672 -0.992878  0.483978 0.251224 -0.838244  0.008871 0.733071 1 69 1.000000
0  -3.422274 -14.303638 -1.003062  0.483978 0.251224 -0.838244  0.008871 0.733071 1 69 1.000000
lowpoly_metal
0  -3.641255 -14.235672 -0.992878  -0.483970 0.251222 -0.838248  0.008871 0.733071 1 69 1.000000
0  -3.540584 -14.303638 -1.071369  -0.483970 0.251222 -0.838248  0.008871 0.733071 1 69 1.000000
0  -3.658895 -14.303638 -1.003062  -0.483970 0.251222 -0.838248  0.008871 0.733071 1 69 1.000000
lowpoly_metal
0  -3.658895 -14.303638 -0.866449  -0.967931 0.251216 0.000000  0.008871 0.733071 1 69 1.000000
0  -3.641255 -14.235672 -0.992878  -0.967931 0.251216 0.000000  0.008871 0.733071 1 69 1.000000
0  -3.658895 -14.303638 -1.003062  -0.967931 0.251216 0.000000  0.008871 0.733071 1 69 1.000000
lowpoly_metal
0  -3.540584 -14.303638 -0.798142  -0.483971 0.251219 0.838249  0.008871 0.733071 1 69 1.000000
0  -3.641255 -14.235672 -0.876634  -0.483971 0.251219 0.838249  0.008871 0.733071 1 69 1.000000
0  -3.658895 -14.303638 -0.866449  -0.483971 0.251219 0.838249  0.008871 0.733071 1 69 1.000000
lowpoly_metal
0  -3.439914 -14.235672 -0.876634  0.483971 0.251222 0.838248  0.008871 0.733071 1 69 1.000000
0  -3.540584 -14.303638 -0.798142  0.483971 0.251222 0.838248  0.008871 0.733071 1 69 1.000000
0  -3.422274 -14.303638 -0.866449  0.483971 0.251222 0.838248  0.008871 0.733071 1 69 1.000000
lowpoly_metal
0  -3.439914 -14.235672 -0.992878  0.967929 0.251222 0.000000  0.008871 0.733071 1 69 1.000000
0  -3.422274 -14.303638 -0.866449  0.967929 0.251222 0.000000  0.008871 0.733071 1 69 1.000000
0  -3.422274 -14.303638 -1.003062  0.967929 0.251222 0.000000  0.008871 0.733071 1 69 1.000000
lowpoly_metal
0  -3.439914 -16.205240 -0.992878  1.000000 0.000000 0.000000  0.008871 0.733071 1 69 1.000000
0  -3.439914 -14.542808 -0.876634  1.000000 0.000000 0.000000  0.008871 0.733071 1 69 1.000000
0  -3.439914 -16.205240 -0.876634  1.000000 0.000000 0.000000  0.008871 0.733071 1 69 1.000000
lowpoly_metal
0  -3.439914 -14.542808 -0.876634  0.499999 0.000000 0.866026  0.008871 0.733071 1 69 1.000000
0  -3.540584 -16.205240 -0.818512  0.499999 0.000000 0.866026  0.008871 0.733071 1 69 1.000000
0  -3.439914 -16.205240 -0.876634  0.499999 0.000000 0.866026  0.008871 0.733071 1 69 1.000000
lowpoly_metal
0  -3.540584 -16.205240 -0.818512  -0.499999 -0.000000 0.866026  0.008871 0.733071 1 69 1.000000
0  -3.641254 -14.542809 -0.876634  -0.499999 -0.000000 0.866026  0.008871 0.733071 1 69 1.000000
0  -3.641254 -16.205242 -0.876634  -0.499999 -0.000000 0.866026  0.008871 0.733071 1 69 1.000000
lowpoly_metal
0  -3.641254 -14.542809 -0.876634  -1.000000 -0.000000 0.000000  0.008871 0.733071 1 69 1.000000
0  -3.641254 -16.205242 -0.992878  -1.000000 -0.000000 0.000000  0.008871 0.733071 1 69 1.000000
0  -3.641254 -16.205242 -0.876634  -1.000000 -0.000000 0.000000  0.008871 0.733071 1 69 1.000000
lowpoly_metal
0  -3.641254 -16.205242 -0.992878  -0.500000 0.000000 -0.866026  0.008871 0.733071 1 69 1.000000
0  -3.540584 -14.542809 -1.051000  -0.500000 0.000000 -0.866026  0.008871 0.733071 1 69 1.000000
0  -3.540584 -16.205240 -1.051000  -0.500000 0.000000 -0.866026  0.008871 0.733071 1 69 1.000000
lowpoly_metal
0  -3.540584 -14.542809 -1.051000  0.499999 0.000000 -0.866026  0.008871 0.733071 1 69 1.000000
0  -3.439914 -16.205240 -0.992878  0.499999 0.000000 -0.866026  0.008871 0.733071 1 69 1.000000
0  -3.540584 -16.205240 -1.051000  0.499999 0.000000 -0.866026  0.008871 0.733071 1 69 1.000000
lowpoly_metal
0  -3.439914 -14.542808 -0.992878  0.986058 -0.166404 0.000000  0.008871 0.733071 1 69 1.000000
0  -3.422274 -14.438279 -0.866449  0.986058 -0.166404 0.000000  0.008871 0.733071 1 69 1.000000
0  -3.439914 -14.542808 -0.876634  0.986058 -0.166404 0.000000  0.008871 0.733071 1 69 1.000000
lowpoly_metal
0  -3.422274 -14.438279 -0.866449  0.493024 -0.166403 0.853954  0.008871 0.733071 1 69 1.000000
0  -3.540584 -14.542809 -0.818511  0.493024 -0.166403 0.853954  0.008871 0.733071 1 69 1.000000
0  -3.439914 -14.542808 -0.876634  0.493024 -0.166403 0.853954  0.008871 0.733071 1 69 1.000000
lowpoly_metal
0  -3.540584 -14.438279 -0.798142  -0.493029 -0.166400 0.853952  0.008871 0.733071 1 69 1.000000
0  -3.641254 -14.542809 -0.876634  -0.493029 -0.166400 0.853952  0.008871 0.733071 1 69 1.000000
0  -3.540584 -14.542809 -0.818511  -0.493029 -0.166400 0.853952  0.008871 0.733071 1 69 1.000000
lowpoly_metal
0  -3.658895 -14.438279 -0.866449  -0.986057 -0.166406 0.000002  0.008871 0.733071 1 69 1.000000
0  -3.641255 -14.542808 -0.992878  -0.986057 -0.166406 0.000002  0.008871 0.733071 1 69 1.000000
0  -3.641254 -14.542809 -0.876634  -0.986057 -0.166406 0.000002  0.008871 0.733071 1 69 1.000000
lowpoly_metal
0  -3.641255 -14.542808 -0.992878  -0.493029 -0.166403 -0.853951  0.008871 0.733071 1 69 1.000000
0  -3.540584 -14.438279 -1.071369  -0.493029 -0.166403 -0.853951  0.008871 0.733071 1 69 1.000000
0  -3.540584 -14.542809 -1.051000  -0.493029 -0.166403 -0.853951  0.008871 0.733071 1 69 1.000000
lowpoly_metal
0  -3.540584 -14.438279 -1.071369  0.493029 -0.166405 -0.853951  0.008871 0.733071 1 69 1.000000
0  -3.439914 -14.542808 -0.992878  0.493029 -0.166405 -0.853951  0.008871 0.733071 1 69 1.000000
0  -3.540584 -14.542809 -1.051000  0.493029 -0.166405 -0.853951  0.008871 0.733071 1 69 1.000000
lowpoly_metal
0  -3.858551 -12.791289 -1.776663  0.000000 -0.499999 0.866026  0.008871 0.733071 1 64 1.000000
0  -3.222618 -12.894099 -1.836020  0.000000 -0.499999 0.866026  0.008871 0.733071 1 64 1.000000
0  -3.222618 -12.791289 -1.776663  0.000000 -0.499999 0.866026  0.008871 0.733071 1 64 1.000000
lowpoly_metal
0  -3.858551 -12.894099 -1.836020  0.000000 -1.000000 -0.000006  0.008871 0.733071 1 64 1.000000
0  -3.222618 -12.894099 -1.954735  0.000000 -1.000000 -0.000006  0.008871 0.733071 1 64 1.000000
0  -3.222618 -12.894099 -1.836020  0.000000 -1.000000 -0.000006  0.008871 0.733071 1 64 1.000000
lowpoly_metal
0  -3.858551 -12.894099 -1.954735  0.000000 -0.500003 -0.866024  0.008871 0.733071 1 64 1.000000
0  -3.222618 -12.791289 -2.014092  0.000000 -0.500003 -0.866024  0.008871 0.733071 1 64 1.000000
0  -3.222618 -12.894099 -1.954735  0.000000 -0.500003 -0.866024  0.008871 0.733071 1 64 1.000000
lowpoly_metal
0  -3.858551 -12.791289 -2.014093  0.000000 0.499999 -0.866026  0.008871 0.733071 1 64 1.000000
0  -3.222618 -12.688479 -1.954735  0.000000 0.499999 -0.866026  0.008871 0.733071 1 64 1.000000
0  -3.222618 -12.791289 -2.014092  0.000000 0.499999 -0.866026  0.008871 0.733071 1 64 1.000000
lowpoly_metal
0  -3.858551 -12.791289 -1.776663  -1.000000 0.000002 0.000000  0.008871 0.733071 1 64 1.000000
0  -3.858551 -12.688479 -1.954735  -1.000000 0.000002 0.000000  0.008871 0.733071 1 64 1.000000
0  -3.858551 -12.894099 -1.836020  -1.000000 0.000002 0.000000  0.008871 0.733071 1 64 1.000000
lowpoly_metal
0  -3.858551 -12.688479 -1.954735  0.000000 1.000000 0.000004  0.008871 0.733071 1 64 1.000000
0  -3.222618 -12.688479 -1.836020  0.000000 1.000000 0.000004  0.008871 0.733071 1 64 1.000000
0  -3.222618 -12.688479 -1.954735  0.000000 1.000000 0.000004  0.008871 0.733071 1 64 1.000000
lowpoly_metal
0  -3.222618 -12.688479 -1.836020  0.000000 0.500002 0.866025  0.008871 0.733071 1 64 1.000000
0  -3.858551 -12.791289 -1.776663  0.000000 0.500002 0.866025  0.008871 0.733071 1 64 1.000000
0  -3.222618 -12.791289 -1.776663  0.000000 0.500002 0.866025  0.008871 0.733071 1 64 1.000000
lowpoly_metal
0  -3.222618 -12.894099 -1.836020  1.000000 0.000000 0.000002  0.008871 0.733071 1 64 1.000000
0  -3.222618 -12.688479 -1.954735  1.000000 0.000000 0.000002  0.008871 0.733071 1 64 1.000000
0  -3.222618 -12.688479 -1.836020  1.000000 0.000000 0.000002  0.008871 0.733071 1 64 1.000000
lowpoly_metal
0  -3.856164 -13.845052 -1.921199  -0.000001 -0.499996 0.866027  0.008871 0.733071 1 64 1.000000
0  -3.225004 -13.921718 -1.965463  -0.000001 -0.499996 0.866027  0.008871 0.733071 1 64 1.000000
0  -3.225004 -13.845052 -1.921199  -0.000001 -0.499996 0.866027  0.008871 0.733071 1 64 1.000000
lowpoly_metal
0  -3.856164 -13.921718 -1.965463  0.000000 -1.000000 0.000000  0.008871 0.733071 1 64 1.000000
0  -3.225004 -13.921718 -2.053989  0.000000 -1.000000 0.000000  0.008871 0.733071 1 64 1.000000
0  -3.225004 -13.921718 -1.965463  0.000000 -1.000000 0.000000  0.008871 0.733071 1 64 1.000000
lowpoly_metal
0  -3.856164 -13.921718 -2.053989  0.000000 -0.500003 -0.866024  0.008871 0.733071 1 64 1.000000
0  -3.225004 -13.845051 -2.098253  0.000000 -0.500003 -0.866024  0.008871 0.733071 1 64 1.000000
0  -3.225004 -13.921718 -2.053989  0.000000 -0.500003 -0.866024  0.008871 0.733071 1 64 1.000000
lowpoly_metal
0  -3.856164 -13.845052 -2.098253  -0.000001 0.500018 -0.866015  0.008871 0.733071 1 64 1.000000
0  -3.225004 -13.768385 -2.053989  -0.000001 0.500018 -0.866015  0.008871 0.733071 1 64 1.000000
0  -3.225004 -13.845051 -2.098253  -0.000001 0.500018 -0.866015  0.008871 0.733071 1 64 1.000000
lowpoly_metal
0  -3.856164 -13.845052 -1.921199  -1.000000 0.000004 0.000000  0.008871 0.733071 1 64 1.000000
0  -3.856164 -13.845052 -2.098253  -1.000000 0.000004 0.000000  0.008871 0.733071 1 64 1.000000
0  -3.856164 -13.921718 -2.053989  -1.000000 0.000004 0.000000  0.008871 0.733071 1 64 1.000000
lowpoly_metal
0  -3.225004 -13.768385 -2.053989  0.000000 1.000000 0.000000  0.008871 0.733071 1 64 1.000000
0  -3.856164 -13.768385 -1.965463  0.000000 1.000000 0.000000  0.008871 0.733071 1 64 1.000000
0  -3.225004 -13.768385 -1.965462  0.000000 1.000000 0.000000  0.008871 0.733071 1 64 1.000000
lowpoly_metal
0  -3.856164 -13.768385 -1.965463  -0.000001 0.499995 0.866028  0.008871 0.733071 1 64 1.000000
0  -3.225004 -13.845052 -1.921199  -0.000001 0.499995 0.866028  0.008871 0.733071 1 64 1.000000
0  -3.225004 -13.768385 -1.965462  -0.000001 0.499995 0.866028  0.008871 0.733071 1 64 1.000000
lowpoly_metal
0  -3.225004 -13.921718 -1.965463  1.000000 0.000000 -0.000001  0.008871 0.733071 1 64 1.000000
0  -3.225004 -13.845051 -2.098253  1.000000 0.000000 -0.000001  0.008871 0.733071 1 64 1.000000
0  -3.225004 -13.845052 -1.921199  1.000000 0.000000 -0.000001  0.008871 0.733071 1 64 1.000000
lowpoly_metal
0  -3.450684 -14.550936 0.129475  0.866023 -0.500005 0.000007  0.008828 0.739491 1 64 1.000000
0  -3.495634 -14.628792 -0.050325  0.866023 -0.500005 0.000007  0.008828 0.739491 1 64 1.000000
0  -3.450684 -14.550936 -0.050325  0.866023 -0.500005 0.000007  0.008828 0.739491 1 64 1.000000
lowpoly_metal
0  -3.495634 -14.628792 -0.050325  0.000000 -1.000000 0.000000  0.008828 0.739491 1 64 1.000000
0  -3.585535 -14.628792 0.129476  0.000000 -1.000000 0.000000  0.008828 0.739491 1 64 1.000000
0  -3.585535 -14.628792 -0.050325  0.000000 -1.000000 0.000000  0.008828 0.739491 1 64 1.000000
lowpoly_metal
0  -3.585535 -14.628792 0.129476  -0.866024 -0.500001 0.000000  0.008828 0.739491 1 64 1.000000
0  -3.630485 -14.550936 -0.050325  -0.866024 -0.500001 0.000000  0.008828 0.739491 1 64 1.000000
0  -3.585535 -14.628792 -0.050325  -0.866024 -0.500001 0.000000  0.008828 0.739491 1 64 1.000000
lowpoly_metal
0  -3.630485 -14.550936 -0.050325  -0.866026 0.499999 0.000001  0.008828 0.739491 1 64 1.000000
0  -3.585534 -14.473080 0.129476  -0.866026 0.499999 0.000001  0.008828 0.739491 1 64 1.000000
0  -3.585535 -14.473080 -0.050325  -0.866026 0.499999 0.000001  0.008828 0.739491 1 64 1.000000
lowpoly_metal
0  -3.450684 -14.550936 0.129475  0.000001 -0.000001 1.000000  0.008828 0.739491 1 64 1.000000
0  -3.585534 -14.473080 0.129476  0.000001 -0.000001 1.000000  0.008828 0.739491 1 64 1.000000
0  -3.495634 -14.628792 0.129475  0.000001 -0.000001 1.000000  0.008828 0.739491 1 64 1.000000
lowpoly_metal
0  -3.585534 -14.473080 0.129476  0.000000 1.000000 0.000000  0.008828 0.739491 1 64 1.000000
0  -3.495634 -14.473080 -0.050325  0.000000 1.000000 0.000000  0.008828 0.739491 1 64 1.000000
0  -3.585535 -14.473080 -0.050325  0.000000 1.000000 0.000000  0.008828 0.739491 1 64 1.000000
lowpoly_metal
0  -3.495634 -14.473080 -0.050325  0.866023 0.500005 0.000002  0.008828 0.739491 1 64 1.000000
0  -3.450684 -14.550936 0.129475  0.866023 0.500005 0.000002  0.008828 0.739491 1 64 1.000000
0  -3.450684 -14.550936 -0.050325  0.866023 0.500005 0.000002  0.008828 0.739491 1 64 1.000000
lowpoly_metal
0  -3.495634 -14.628792 -0.050325  0.000000 0.000000 -1.000000  0.008828 0.739491 1 64 1.000000
0  -3.585535 -14.473080 -0.050325  0.000000 0.000000 -1.000000  0.008828 0.739491 1 64 1.000000
0  -3.495634 -14.473080 -0.050325  0.000000 0.000000 -1.000000  0.008828 0.739491 1 64 1.000000
lowpoly_metal
0  -3.481112 -12.359838 -0.322066  0.865969 -0.030982 0.499138  0.005487 0.735630 1 65 1.000000
0  -3.510849 -12.281963 -0.265642  0.865969 -0.030982 0.499138  0.005487 0.735630 1 65 1.000000
0  -3.510849 -12.364191 -0.270745  0.865969 -0.030982 0.499138  0.005487 0.735630 1 65 1.000000
lowpoly_metal
0  -3.510849 -12.364191 -0.270745  0.000005 -0.061947 0.998079  0.005487 0.735630 1 65 1.000000
0  -3.570321 -12.281963 -0.265642  0.000005 -0.061947 0.998079  0.005487 0.735630 1 65 1.000000
0  -3.570321 -12.364192 -0.270745  0.000005 -0.061947 0.998079  0.005487 0.735630 1 65 1.000000
lowpoly_metal
0  -3.570321 -12.281963 -0.265642  -0.865973 -0.030977 0.499130  0.005487 0.735630 1 65 1.000000
0  -3.600058 -12.359838 -0.322066  -0.865973 -0.030977 0.499130  0.005487 0.735630 1 65 1.000000
0  -3.570321 -12.364192 -0.270745  -0.865973 -0.030977 0.499130  0.005487 0.735630 1 65 1.000000
lowpoly_metal
0  -3.600057 -12.277611 -0.316962  -0.865968 0.030990 -0.499139  0.005487 0.735630 1 65 1.000000
0  -3.570321 -12.355486 -0.373386  -0.865968 0.030990 -0.499139  0.005487 0.735630 1 65 1.000000
0  -3.600058 -12.359838 -0.322066  -0.865968 0.030990 -0.499139  0.005487 0.735630 1 65 1.000000
lowpoly_metal
0  -3.481112 -12.277611 -0.316962  -0.000000 0.996424 0.084490  0.005487 0.735630 1 65 1.000000
0  -3.570321 -12.273258 -0.368283  -0.000000 0.996424 0.084490  0.005487 0.735630 1 65 1.000000
0  -3.510849 -12.281963 -0.265642  -0.000000 0.996424 0.084490  0.005487 0.735630 1 65 1.000000
lowpoly_metal
0  -3.570321 -12.273258 -0.368283  -0.000002 0.061949 -0.998079  0.005487 0.735630 1 65 1.000000
0  -3.510849 -12.355486 -0.373387  -0.000002 0.061949 -0.998079  0.005487 0.735630 1 65 1.000000
0  -3.570321 -12.355486 -0.373386  -0.000002 0.061949 -0.998079  0.005487 0.735630 1 65 1.000000
lowpoly_metal
0  -3.510849 -12.355486 -0.373387  0.865968 0.030973 -0.499138  0.005487 0.735630 1 65 1.000000
0  -3.481112 -12.277611 -0.316962  0.865968 0.030973 -0.499138  0.005487 0.735630 1 65 1.000000
0  -3.481112 -12.359838 -0.322066  0.865968 0.030973 -0.499138  0.005487 0.735630 1 65 1.000000
lowpoly_metal
0  -3.570321 -12.364192 -0.270745  0.000007 -0.192487 0.981300  0.005487 0.735630 1 65 1.000000
0  -3.524226 -12.573053 -0.311715  0.000007 -0.192487 0.981300  0.005487 0.735630 1 65 1.000000
0  -3.510849 -12.364191 -0.270745  0.000007 -0.192487 0.981300  0.005487 0.735630 1 65 1.000000
lowpoly_metal
0  -3.524226 -12.573053 -0.311715  0.000000 -0.996430 -0.084426  0.005487 0.735630 1 65 1.000000
0  -3.573302 -12.570659 -0.339947  0.000000 -0.996430 -0.084426  0.005487 0.735630 1 65 1.000000
0  -3.507868 -12.570659 -0.339947  0.000000 -0.996430 -0.084426  0.005487 0.735630 1 65 1.000000
lowpoly_metal
0  -3.570321 -12.355486 -0.373386  0.000000 -0.024464 -0.999701  0.005487 0.735630 1 65 1.000000
0  -3.524226 -12.568264 -0.368179  0.000000 -0.024464 -0.999701  0.005487 0.735630 1 65 1.000000
0  -3.556943 -12.568264 -0.368179  0.000000 -0.024464 -0.999701  0.005487 0.735630 1 65 1.000000
lowpoly_metal
0  -3.510849 -12.364191 -0.270745  0.860882 -0.150480 0.486044  0.005487 0.735630 1 65 1.000000
0  -3.507868 -12.570659 -0.339947  0.860882 -0.150480 0.486044  0.005487 0.735630 1 65 1.000000
0  -3.481112 -12.359838 -0.322066  0.860882 -0.150480 0.486044  0.005487 0.735630 1 65 1.000000
lowpoly_metal
0  -3.570321 -12.364192 -0.270745  -0.860879 -0.150482 0.486048  0.005487 0.735630 1 65 1.000000
0  -3.573302 -12.570659 -0.339947  -0.860879 -0.150482 0.486048  0.005487 0.735630 1 65 1.000000
0  -3.556943 -12.573053 -0.311715  -0.860879 -0.150482 0.486048  0.005487 0.735630 1 65 1.000000
lowpoly_metal
0  -3.510849 -12.355486 -0.373387  0.860878 -0.066471 -0.504451  0.005487 0.735630 1 65 1.000000
0  -3.507868 -12.570659 -0.339947  0.860878 -0.066471 -0.504451  0.005487 0.735630 1 65 1.000000
0  -3.524226 -12.568264 -0.368179  0.860878 -0.066471 -0.504451  0.005487 0.735630 1 65 1.000000
lowpoly_metal
0  -3.570321 -12.355486 -0.373386  -0.860876 -0.066471 -0.504454  0.005487 0.735630 1 65 1.000000
0  -3.573302 -12.570659 -0.339947  -0.860876 -0.066471 -0.504454  0.005487 0.735630 1 65 1.000000
0  -3.600058 -12.359838 -0.322066  -0.860876 -0.066471 -0.504454  0.005487 0.735630 1 65 1.000000
lowpoly_metal
0  -2.860467 -12.739975 -0.934755  0.923881 0.000002 0.382681  0.004890 0.735251 1 64 1.000000
0  -3.059669 -12.641003 -0.453840  0.923881 0.000002 0.382681  0.004890 0.735251 1 64 1.000000
0  -3.059669 -12.739975 -0.453840  0.923881 0.000002 0.382681  0.004890 0.735251 1 64 1.000000
lowpoly_metal
0  -3.059669 -12.641003 -0.453840  0.382686 0.000000 0.923878  0.004890 0.735251 1 64 1.000000
0  -3.540585 -12.739975 -0.254638  0.382686 0.000000 0.923878  0.004890 0.735251 1 64 1.000000
0  -3.059669 -12.739975 -0.453840  0.382686 0.000000 0.923878  0.004890 0.735251 1 64 1.000000
lowpoly_metal
0  -3.540585 -12.739975 -0.254638  -0.382687 -0.000002 0.923878  0.004890 0.735251 1 64 1.000000
0  -4.021500 -12.641003 -0.453840  -0.382687 -0.000002 0.923878  0.004890 0.735251 1 64 1.000000
0  -4.021500 -12.739975 -0.453840  -0.382687 -0.000002 0.923878  0.004890 0.735251 1 64 1.000000
lowpoly_metal
0  -4.021500 -12.739975 -0.453840  -0.923881 -0.000001 0.382681  0.004890 0.735251 1 64 1.000000
0  -4.220702 -12.641003 -0.934756  -0.923881 -0.000001 0.382681  0.004890 0.735251 1 64 1.000000
0  -4.220702 -12.739975 -0.934756  -0.923881 -0.000001 0.382681  0.004890 0.735251 1 64 1.000000
lowpoly_metal
0  -4.220702 -12.641003 -0.934756  -0.923881 0.000000 -0.382681  0.004890 0.735251 1 64 1.000000
0  -4.021500 -12.739975 -1.415671  -0.923881 0.000000 -0.382681  0.004890 0.735251 1 64 1.000000
0  -4.220702 -12.739975 -0.934756  -0.923881 0.000000 -0.382681  0.004890 0.735251 1 64 1.000000
lowpoly_metal
0  -4.021500 -12.641003 -1.415671  -0.382686 0.000000 -0.923878  0.004890 0.735251 1 64 1.000000
0  -3.540584 -12.739975 -1.614873  -0.382686 0.000000 -0.923878  0.004890 0.735251 1 64 1.000000
0  -4.021500 -12.739975 -1.415671  -0.382686 0.000000 -0.923878  0.004890 0.735251 1 64 1.000000
lowpoly_metal
0  -3.059669 -12.641003 -1.415671  0.436185 0.881532 -0.180677  0.004890 0.735251 1 64 1.000000
0  -3.153728 -12.495896 -0.934755  0.436185 0.881532 -0.180677  0.004890 0.735251 1 64 1.000000
0  -2.860467 -12.641003 -0.934755  0.436185 0.881532 -0.180677  0.004890 0.735251 1 64 1.000000
lowpoly_metal
0  -3.540584 -12.739975 -1.614873  0.382680 0.000000 -0.923881  0.004890 0.735251 1 64 1.000000
0  -3.059669 -12.641003 -1.415671  0.382680 0.000000 -0.923881  0.004890 0.735251 1 64 1.000000
0  -3.059669 -12.739975 -1.415671  0.382680 0.000000 -0.923881  0.004890 0.735251 1 64 1.000000
lowpoly_metal
0  -3.059669 -12.641003 -1.415671  0.923877 0.000000 -0.382689  0.004890 0.735251 1 64 1.000000
0  -2.860467 -12.739975 -0.934755  0.923877 0.000000 -0.382689  0.004890 0.735251 1 64 1.000000
0  -3.059669 -12.739975 -1.415671  0.923877 0.000000 -0.382689  0.004890 0.735251 1 64 1.000000
lowpoly_metal
0  -4.021500 -12.739975 -0.453840  0.000000 -1.000000 0.000000  0.004890 0.735251 1 64 1.000000
0  -4.021500 -12.739975 -1.415671  0.000000 -1.000000 0.000000  0.004890 0.735251 1 64 1.000000
0  -3.059669 -12.739975 -0.453840  0.000000 -1.000000 0.000000  0.004890 0.735251 1 64 1.000000
lowpoly_metal
0  -3.814134 -12.495896 -1.208305  0.000000 1.000000 -0.000006  0.004890 0.735251 1 64 1.000000
0  -3.927441 -12.495896 -0.934755  0.000000 1.000000 -0.000006  0.004890 0.735251 1 64 1.000000
0  -3.540585 -12.495896 -0.547898  0.000000 1.000000 -0.000006  0.004890 0.735251 1 64 1.000000
lowpoly_metal
0  -3.059669 -12.641003 -0.453840  0.436185 0.881533 0.180673  0.004890 0.735251 1 64 1.000000
0  -3.153728 -12.495896 -0.934755  0.436185 0.881533 0.180673  0.004890 0.735251 1 64 1.000000
0  -3.267035 -12.495896 -0.661206  0.436185 0.881533 0.180673  0.004890 0.735251 1 64 1.000000
lowpoly_metal
0  -3.540585 -12.641003 -0.254638  -0.180674 0.881532 0.436187  0.004890 0.735251 1 64 1.000000
0  -3.814134 -12.495896 -0.661206  -0.180674 0.881532 0.436187  0.004890 0.735251 1 64 1.000000
0  -4.021500 -12.641003 -0.453840  -0.180674 0.881532 0.436187  0.004890 0.735251 1 64 1.000000
lowpoly_metal
0  -4.021500 -12.641003 -1.415671  -0.180675 0.881531 -0.436187  0.004890 0.735251 1 64 1.000000
0  -3.540584 -12.495895 -1.321612  -0.180675 0.881531 -0.436187  0.004890 0.735251 1 64 1.000000
0  -3.540584 -12.641003 -1.614873  -0.180675 0.881531 -0.436187  0.004890 0.735251 1 64 1.000000
lowpoly_metal
0  -4.220702 -12.641003 -0.934756  -0.436185 0.881531 0.180680  0.004890 0.735251 1 64 1.000000
0  -3.814134 -12.495896 -0.661206  -0.436185 0.881531 0.180680  0.004890 0.735251 1 64 1.000000
0  -3.927441 -12.495896 -0.934755  -0.436185 0.881531 0.180680  0.004890 0.735251 1 64 1.000000
lowpoly_metal
0  -3.540584 -12.641003 -1.614873  0.180674 0.881532 -0.436187  0.004890 0.735251 1 64 1.000000
0  -3.267035 -12.495896 -1.208305  0.180674 0.881532 -0.436187  0.004890 0.735251 1 64 1.000000
0  -3.059669 -12.641003 -1.415671  0.180674 0.881532 -0.436187  0.004890 0.735251 1 64 1.000000
lowpoly_metal
0  -3.059669 -12.641003 -0.453840  0.180674 0.881532 0.436187  0.004890 0.735251 1 64 1.000000
0  -3.540585 -12.495896 -0.547898  0.180674 0.881532 0.436187  0.004890 0.735251 1 64 1.000000
0  -3.540585 -12.641003 -0.254638  0.180674 0.881532 0.436187  0.004890 0.735251 1 64 1.000000
lowpoly_metal
0  -4.220702 -12.641003 -0.934756  -0.436186 0.881533 -0.180671  0.004890 0.735251 1 64 1.000000
0  -3.814134 -12.495896 -1.208305  -0.436186 0.881533 -0.180671  0.004890 0.735251 1 64 1.000000
0  -4.021500 -12.641003 -1.415671  -0.436186 0.881533 -0.180671  0.004890 0.735251 1 64 1.000000
lowpoly_metal
0  -3.625836 -12.304829 0.061815  0.000000 1.000000 0.000000  0.004095 0.737684 1 64 1.000000
0  -3.594249 -12.304829 0.278603  0.000000 1.000000 0.000000  0.004095 0.737684 1 64 1.000000
0  -3.625836 -12.304829 0.013992  0.000000 1.000000 0.000000  0.004095 0.737684 1 64 1.000000
lowpoly_metal
0  -3.540585 -12.351744 0.013992  0.000000 -1.000000 -0.000003  0.004095 0.737684 1 64 1.000000
0  -3.594249 -12.351744 0.278603  0.000000 -1.000000 -0.000003  0.004095 0.737684 1 64 1.000000
0  -3.625836 -12.351744 0.013992  0.000000 -1.000000 -0.000003  0.004095 0.737684 1 64 1.000000
lowpoly_metal
0  -3.625836 -12.351744 0.061815  0.000000 -1.000000 0.000000  0.004095 0.737684 1 64 1.000000
0  -3.846387 -12.351744 0.343689  0.000000 -1.000000 0.000000  0.004095 0.737684 1 64 1.000000
0  -3.846387 -12.351744 0.061815  0.000000 -1.000000 0.000000  0.004095 0.737684 1 64 1.000000
lowpoly_metal
0  -3.846387 -12.351744 0.343689  -1.000000 0.000000 0.000000  0.004095 0.737684 1 64 1.000000
0  -3.846387 -12.304829 0.061815  -1.000000 0.000000 0.000000  0.004095 0.737684 1 64 1.000000
0  -3.846387 -12.351744 0.061815  -1.000000 0.000000 0.000000  0.004095 0.737684 1 64 1.000000
lowpoly_metal
0  -3.625836 -12.351744 0.061815  0.000001 0.000000 -1.000000  0.004095 0.737684 1 64 1.000000
0  -3.846387 -12.304829 0.061815  0.000001 0.000000 -1.000000  0.004095 0.737684 1 64 1.000000
0  -3.625836 -12.304829 0.061815  0.000001 0.000000 -1.000000  0.004095 0.737684 1 64 1.000000
lowpoly_metal
0  -3.594249 -12.304829 0.343689  0.000000 0.000000 1.000000  0.004095 0.737684 1 64 1.000000
0  -3.846387 -12.351744 0.343689  0.000000 0.000000 1.000000  0.004095 0.737684 1 64 1.000000
0  -3.594249 -12.351744 0.343689  0.000000 0.000000 1.000000  0.004095 0.737684 1 64 1.000000
lowpoly_metal
0  -3.625836 -12.304829 0.061815  -1.000000 0.000000 0.000000  0.004095 0.737684 1 64 1.000000
0  -3.625836 -12.351744 0.013992  -1.000000 0.000000 0.000000  0.004095 0.737684 1 64 1.000000
0  -3.625836 -12.351744 0.061815  -1.000000 0.000000 0.000000  0.004095 0.737684 1 64 1.000000
lowpoly_metal
0  -3.594249 -12.304829 0.343689  1.000000 0.000000 0.000000  0.004095 0.737684 1 64 1.000000
0  -3.594249 -12.351744 0.278603  1.000000 0.000000 0.000000  0.004095 0.737684 1 64 1.000000
0  -3.594249 -12.304829 0.278603  1.000000 0.000000 0.000000  0.004095 0.737684 1 64 1.000000
lowpoly_metal
0  -3.846387 -12.304829 0.343689  0.000000 1.000000 0.000000  0.004095 0.737684 1 64 1.000000
0  -3.625836 -12.304829 0.061815  0.000000 1.000000 0.000000  0.004095 0.737684 1 64 1.000000
0  -3.846387 -12.304829 0.061815  0.000000 1.000000 0.000000  0.004095 0.737684 1 64 1.000000
lowpoly_metal
0  -3.625836 -12.351744 0.061815  0.000000 -1.000000 0.000000  0.004095 0.737684 1 64 1.000000
0  -3.594249 -12.351744 0.278603  0.000000 -1.000000 0.000000  0.004095 0.737684 1 64 1.000000
0  -3.594249 -12.351744 0.343689  0.000000 -1.000000 0.000000  0.004095 0.737684 1 64 1.000000
lowpoly_metal
0  -3.540585 -12.304829 0.278603  -0.000002 0.000000 1.000000  0.004095 0.737684 1 64 1.000000
0  -3.594249 -12.351744 0.278603  -0.000002 0.000000 1.000000  0.004095 0.737684 1 64 1.000000
0  -3.540585 -12.351744 0.278603  -0.000002 0.000000 1.000000  0.004095 0.737684 1 64 1.000000
lowpoly_metal
0  -3.540585 -12.351744 0.013992  0.000000 0.000000 -1.000000  0.004095 0.737684 1 64 1.000000
0  -3.625836 -12.304829 0.013992  0.000000 0.000000 -1.000000  0.004095 0.737684 1 64 1.000000
0  -3.540585 -12.304829 0.013992  0.000000 0.000000 -1.000000  0.004095 0.737684 1 64 1.000000
lowpoly_metal
0  -3.594249 -12.304829 0.278603  0.000000 1.000000 0.000000  0.004095 0.737684 1 64 1.000000
0  -3.540585 -12.304829 0.013992  0.000000 1.000000 0.000000  0.004095 0.737684 1 64 1.000000
0  -3.625836 -12.304829 0.013992  0.000000 1.000000 0.000000  0.004095 0.737684 1 64 1.000000
lowpoly_metal
0  -3.455333 -12.304829 0.061816  0.000000 1.000000 0.000013  0.004095 0.737684 1 64 1.000000
0  -3.486921 -12.304829 0.278602  0.000000 1.000000 0.000013  0.004095 0.737684 1 64 1.000000
0  -3.486920 -12.304829 0.343689  0.000000 1.000000 0.000013  0.004095 0.737684 1 64 1.000000
lowpoly_metal
0  -3.540585 -12.351744 0.013992  0.000000 -1.000000 0.000000  0.004095 0.737684 1 64 1.000000
0  -3.486921 -12.351744 0.278602  0.000000 -1.000000 0.000000  0.004095 0.737684 1 64 1.000000
0  -3.540585 -12.351744 0.278603  0.000000 -1.000000 0.000000  0.004095 0.737684 1 64 1.000000
lowpoly_metal
0  -3.455333 -12.351744 0.061816  0.000000 -1.000000 0.000000  0.004095 0.737684 1 64 1.000000
0  -3.234783 -12.351744 0.343689  0.000000 -1.000000 0.000000  0.004095 0.737684 1 64 1.000000
0  -3.486920 -12.351744 0.343689  0.000000 -1.000000 0.000000  0.004095 0.737684 1 64 1.000000
lowpoly_metal
0  -3.234783 -12.304828 0.061815  1.000000 0.000000 0.000000  0.004095 0.737684 1 64 1.000000
0  -3.234783 -12.351744 0.343689  1.000000 0.000000 0.000000  0.004095 0.737684 1 64 1.000000
0  -3.234783 -12.351744 0.061815  1.000000 0.000000 0.000000  0.004095 0.737684 1 64 1.000000
lowpoly_metal
0  -3.234783 -12.304828 0.061815  -0.000001 0.000000 -1.000000  0.004095 0.737684 1 64 1.000000
0  -3.455333 -12.351744 0.061816  -0.000001 0.000000 -1.000000  0.004095 0.737684 1 64 1.000000
0  -3.455333 -12.304829 0.061816  -0.000001 0.000000 -1.000000  0.004095 0.737684 1 64 1.000000
lowpoly_metal
0  -3.234783 -12.351744 0.343689  0.000000 0.000000 1.000000  0.004095 0.737684 1 64 1.000000
0  -3.486920 -12.304829 0.343689  0.000000 0.000000 1.000000  0.004095 0.737684 1 64 1.000000
0  -3.486920 -12.351744 0.343689  0.000000 0.000000 1.000000  0.004095 0.737684 1 64 1.000000
lowpoly_metal
0  -3.455334 -12.351744 0.013992  1.000000 0.000000 -0.000005  0.004095 0.737684 1 64 1.000000
0  -3.455333 -12.304829 0.061816  1.000000 0.000000 -0.000005  0.004095 0.737684 1 64 1.000000
0  -3.455333 -12.351744 0.061816  1.000000 0.000000 -0.000005  0.004095 0.737684 1 64 1.000000
lowpoly_metal
0  -3.486921 -12.304829 0.278602  -1.000000 0.000000 0.000004  0.004095 0.737684 1 64 1.000000
0  -3.486920 -12.351744 0.343689  -1.000000 0.000000 0.000004  0.004095 0.737684 1 64 1.000000
0  -3.486920 -12.304829 0.343689  -1.000000 0.000000 0.000004  0.004095 0.737684 1 64 1.000000
lowpoly_metal
0  -3.455333 -12.304829 0.061816  -0.000004 1.000000 0.000000  0.004095 0.737684 1 64 1.000000
0  -3.234783 -12.304828 0.343689  -0.000004 1.000000 0.000000  0.004095 0.737684 1 64 1.000000
0  -3.234783 -12.304828 0.061815  -0.000004 1.000000 0.000000  0.004095 0.737684 1 64 1.000000
lowpoly_metal
0  -3.486921 -12.351744 0.278602  0.000000 -1.000000 0.000000  0.004095 0.737684 1 64 1.000000
0  -3.455333 -12.351744 0.061816  0.000000 -1.000000 0.000000  0.004095 0.737684 1 64 1.000000
0  -3.486920 -12.351744 0.343689  0.000000 -1.000000 0.000000  0.004095 0.737684 1 64 1.000000
lowpoly_metal
0  -3.486921 -12.351744 0.278602  0.000009 0.000000 1.000000  0.004095 0.737684 1 64 1.000000
0  -3.540585 -12.304829 0.278603  0.000009 0.000000 1.000000  0.004095 0.737684 1 64 1.000000
0  -3.540585 -12.351744 0.278603  0.000009 0.000000 1.000000  0.004095 0.737684 1 64 1.000000
lowpoly_metal
0  -3.455334 -12.304829 0.013992  -0.000003 0.000000 -1.000000  0.004095 0.737684 1 64 1.000000
0  -3.540585 -12.351744 0.013992  -0.000003 0.000000 -1.000000  0.004095 0.737684 1 64 1.000000
0  -3.540585 -12.304829 0.013992  -0.000003 0.000000 -1.000000  0.004095 0.737684 1 64 1.000000
lowpoly_metal
0  -3.540585 -12.304829 0.013992  0.000000 1.000000 -0.000005  0.004095 0.737684 1 64 1.000000
0  -3.486921 -12.304829 0.278602  0.000000 1.000000 -0.000005  0.004095 0.737684 1 64 1.000000
0  -3.455334 -12.304829 0.013992  0.000000 1.000000 -0.000005  0.004095 0.737684 1 64 1.000000
lowpoly_metal
0  -3.958223 -12.331001 0.156411  0.000000 -0.499993 0.866030  0.008828 0.739491 1 64 1.000000
0  -3.122946 -12.404750 0.113832  0.000000 -0.499993 0.866030  0.008828 0.739491 1 64 1.000000
0  -3.122946 -12.331001 0.156411  0.000000 -0.499993 0.866030  0.008828 0.739491 1 64 1.000000
lowpoly_metal
0  -3.122946 -12.404750 0.113832  0.000000 -1.000000 0.000000  0.008828 0.739491 1 64 1.000000
0  -3.958223 -12.404750 0.028674  0.000000 -1.000000 0.000000  0.008828 0.739491 1 64 1.000000
0  -3.122946 -12.404750 0.028674  0.000000 -1.000000 0.000000  0.008828 0.739491 1 64 1.000000
lowpoly_metal
0  -3.122946 -12.404750 0.028674  0.000000 -0.499994 -0.866029  0.008828 0.739491 1 64 1.000000
0  -3.958223 -12.331001 -0.013905  0.000000 -0.499994 -0.866029  0.008828 0.739491 1 64 1.000000
0  -3.122946 -12.331001 -0.013905  0.000000 -0.499994 -0.866029  0.008828 0.739491 1 64 1.000000
lowpoly_metal
0  -3.958223 -12.331001 -0.013905  0.000000 0.499994 -0.866029  0.008828 0.739491 1 64 1.000000
0  -3.122946 -12.257252 0.028674  0.000000 0.499994 -0.866029  0.008828 0.739491 1 64 1.000000
0  -3.122946 -12.331001 -0.013905  0.000000 0.499994 -0.866029  0.008828 0.739491 1 64 1.000000
lowpoly_metal
0  -3.958223 -12.257252 0.113832  -1.000000 0.000000 0.000000  0.008828 0.739491 1 64 1.000000
0  -3.958223 -12.257252 0.028674  -1.000000 0.000000 0.000000  0.008828 0.739491 1 64 1.000000
0  -3.958223 -12.404750 0.028674  -1.000000 0.000000 0.000000  0.008828 0.739491 1 64 1.000000
lowpoly_metal
0  -3.958223 -12.257252 0.028674  0.000000 1.000000 0.000000  0.008828 0.739491 1 64 1.000000
0  -3.122946 -12.257252 0.113832  0.000000 1.000000 0.000000  0.008828 0.739491 1 64 1.000000
0  -3.122946 -12.257252 0.028674  0.000000 1.000000 0.000000  0.008828 0.739491 1 64 1.000000
lowpoly_metal
0  -3.122946 -12.257252 0.113832  0.000000 0.499992 0.866030  0.008828 0.739491 1 64 1.000000
0  -3.958223 -12.331001 0.156411  0.000000 0.499992 0.866030  0.008828 0.739491 1 64 1.000000
0  -3.122946 -12.331001 0.156411  0.000000 0.499992 0.866030  0.008828 0.739491 1 64 1.000000
lowpoly_metal
0  -3.122946 -12.404750 0.028674  1.000000 -0.000005 0.000000  0.008828 0.739491 1 64 1.000000
0  -3.122946 -12.331001 -0.013905  1.000000 -0.000005 0.000000  0.008828 0.739491 1 64 1.000000
0  -3.122946 -12.257252 0.113832  1.000000 -0.000005 0.000000  0.008828 0.739491 1 64 1.000000
lowpoly_metal
0  -3.672102 -12.331001 0.241080  -0.000001 -0.500004 0.866023  0.004095 0.737684 1 64 1.000000
0  -3.928309 -12.478075 0.156166  -0.000001 -0.500004 0.866023  0.004095 0.737684 1 64 1.000000
0  -3.672102 -12.478075 0.156166  -0.000001 -0.500004 0.866023  0.004095 0.737684 1 64 1.000000
lowpoly_metal
0  -3.928309 -12.478075 0.156166  0.000000 -1.000000 0.000004  0.004095 0.737684 1 64 1.000000
0  -3.672102 -12.478075 -0.097367  0.000000 -1.000000 0.000004  0.004095 0.737684 1 64 1.000000
0  -3.672102 -12.478075 0.156166  0.000000 -1.000000 0.000004  0.004095 0.737684 1 64 1.000000
lowpoly_metal
0  -3.928309 -12.478075 -0.097367  -0.000000 -0.008203 -0.999966  0.004095 0.737684 1 64 1.000000
0  -3.672102 -12.331001 -0.098574  -0.000000 -0.008203 -0.999966  0.004095 0.737684 1 64 1.000000
0  -3.672102 -12.478075 -0.097367  -0.000000 -0.008203 -0.999966  0.004095 0.737684 1 64 1.000000
lowpoly_metal
0  -3.672102 -12.331001 -0.098574  0.000001 0.499999 -0.866026  0.004095 0.737684 1 64 1.000000
0  -3.928309 -12.183927 -0.013660  0.000001 0.499999 -0.866026  0.004095 0.737684 1 64 1.000000
0  -3.672102 -12.183927 -0.013660  0.000001 0.499999 -0.866026  0.004095 0.737684 1 64 1.000000
lowpoly_metal
0  -3.928309 -12.331001 0.241080  -1.000000 0.000000 0.000000  0.004095 0.737684 1 64 1.000000
0  -3.928309 -12.331001 -0.098574  -1.000000 0.000000 0.000000  0.004095 0.737684 1 64 1.000000
0  -3.928309 -12.478075 0.156166  -1.000000 0.000000 0.000000  0.004095 0.737684 1 64 1.000000
lowpoly_metal
0  -3.928309 -12.183927 -0.013660  0.000000 1.000000 0.000000  0.004095 0.737684 1 64 1.000000
0  -3.672102 -12.183927 0.156166  0.000000 1.000000 0.000000  0.004095 0.737684 1 64 1.000000
0  -3.672102 -12.183927 -0.013660  0.000000 1.000000 0.000000  0.004095 0.737684 1 64 1.000000
lowpoly_metal
0  -3.928309 -12.183927 0.156167  0.000000 0.500000 0.866025  0.004095 0.737684 1 64 1.000000
0  -3.672102 -12.331001 0.241080  0.000000 0.500000 0.866025  0.004095 0.737684 1 64 1.000000
0  -3.672102 -12.183927 0.156166  0.000000 0.500000 0.866025  0.004095 0.737684 1 64 1.000000
lowpoly_metal
0  -3.540585 -12.331001 0.191200  -0.000004 -0.499999 0.866026  0.004095 0.737684 1 64 1.000000
0  -3.598667 -12.478075 0.106287  -0.000004 -0.499999 0.866026  0.004095 0.737684 1 64 1.000000
0  -3.540585 -12.478075 0.106287  -0.000004 -0.499999 0.866026  0.004095 0.737684 1 64 1.000000
lowpoly_metal
0  -3.598667 -12.478075 0.106287  0.000000 -1.000000 0.000000  0.004095 0.737684 1 64 1.000000
0  -3.672102 -12.478075 -0.097367  0.000000 -1.000000 0.000000  0.004095 0.737684 1 64 1.000000
0  -3.598667 -12.478075 -0.097367  0.000000 -1.000000 0.000000  0.004095 0.737684 1 64 1.000000
lowpoly_metal
0  -3.672102 -12.183927 0.156166  0.507023 0.430970 0.746454  0.004095 0.737684 1 64 1.000000
0  -3.598667 -12.331001 0.191200  0.507023 0.430970 0.746454  0.004095 0.737684 1 64 1.000000
0  -3.598667 -12.183927 0.106287  0.507023 0.430970 0.746454  0.004095 0.737684 1 64 1.000000
lowpoly_metal
0  -3.672102 -12.183927 -0.013660  0.000000 1.000000 0.000000  0.004095 0.737684 1 64 1.000000
0  -3.598667 -12.183927 0.106287  0.000000 1.000000 0.000000  0.004095 0.737684 1 64 1.000000
0  -3.598667 -12.183927 -0.013661  0.000000 1.000000 0.000000  0.004095 0.737684 1 64 1.000000
lowpoly_metal
0  -3.672102 -12.331001 -0.098574  0.000001 0.499992 -0.866030  0.004095 0.737684 1 64 1.000000
0  -3.598667 -12.183927 -0.013661  0.000001 0.499992 -0.866030  0.004095 0.737684 1 64 1.000000
0  -3.598667 -12.331001 -0.098574  0.000001 0.499992 -0.866030  0.004095 0.737684 1 64 1.000000
lowpoly_metal
0  -3.672102 -12.478075 -0.097367  0.000002 -0.008203 -0.999966  0.004095 0.737684 1 64 1.000000
0  -3.598667 -12.331001 -0.098574  0.000002 -0.008203 -0.999966  0.004095 0.737684 1 64 1.000000
0  -3.598667 -12.478075 -0.097367  0.000002 -0.008203 -0.999966  0.004095 0.737684 1 64 1.000000
lowpoly_metal
0  -3.598667 -12.331001 0.191200  0.507021 -0.430969 0.746456  0.004095 0.737684 1 64 1.000000
0  -3.672102 -12.478075 0.156166  0.507021 -0.430969 0.746456  0.004095 0.737684 1 64 1.000000
0  -3.598667 -12.478075 0.106287  0.507021 -0.430969 0.746456  0.004095 0.737684 1 64 1.000000
lowpoly_metal
0  -3.540585 -12.478075 -0.097367  0.000004 -0.008201 -0.999966  0.004095 0.737684 1 64 1.000000
0  -3.598667 -12.331001 -0.098574  0.000004 -0.008201 -0.999966  0.004095 0.737684 1 64 1.000000
0  -3.540585 -12.331001 -0.098574  0.000004 -0.008201 -0.999966  0.004095 0.737684 1 64 1.000000
lowpoly_metal
0  -3.540585 -12.331001 -0.098574  0.000004 0.499999 -0.866026  0.004095 0.737684 1 64 1.000000
0  -3.598667 -12.183927 -0.013661  0.000004 0.499999 -0.866026  0.004095 0.737684 1 64 1.000000
0  -3.540585 -12.183927 -0.013660  0.000004 0.499999 -0.866026  0.004095 0.737684 1 64 1.000000
lowpoly_metal
0  -3.540585 -12.183927 -0.013660  0.000000 1.000000 0.000000  0.004095 0.737684 1 64 1.000000
0  -3.598667 -12.183927 0.106287  0.000000 1.000000 0.000000  0.004095 0.737684 1 64 1.000000
0  -3.540585 -12.183927 0.106287  0.000000 1.000000 0.000000  0.004095 0.737684 1 64 1.000000
lowpoly_metal
0  -3.540585 -12.183927 0.106287  0.000000 0.500001 0.866025  0.004095 0.737684 1 64 1.000000
0  -3.598667 -12.331001 0.191200  0.000000 0.500001 0.866025  0.004095 0.737684 1 64 1.000000
0  -3.540585 -12.331001 0.191200  0.000000 0.500001 0.866025  0.004095 0.737684 1 64 1.000000
lowpoly_metal
0  -3.540585 -12.478075 0.106287  0.000000 -1.000000 0.000000  0.004095 0.737684 1 64 1.000000
0  -3.598667 -12.478075 -0.097367  0.000000 -1.000000 0.000000  0.004095 0.737684 1 64 1.000000
0  -3.540585 -12.478075 -0.097367  0.000000 -1.000000 0.000000  0.004095 0.737684 1 64 1.000000
lowpoly_metal
0  -3.409067 -12.478075 0.156166  -0.000000 -0.499998 0.866027  0.004095 0.737684 1 64 1.000000
0  -3.152861 -12.331001 0.241080  -0.000000 -0.499998 0.866027  0.004095 0.737684 1 64 1.000000
0  -3.409068 -12.331001 0.241080  -0.000000 -0.499998 0.866027  0.004095 0.737684 1 64 1.000000
lowpoly_metal
0  -3.409067 -12.478075 -0.097367  0.000000 -1.000000 0.000000  0.004095 0.737684 1 64 1.000000
0  -3.152860 -12.478075 0.156166  0.000000 -1.000000 0.000000  0.004095 0.737684 1 64 1.000000
0  -3.409067 -12.478075 0.156166  0.000000 -1.000000 0.000000  0.004095 0.737684 1 64 1.000000
lowpoly_metal
0  -3.409067 -12.331001 -0.098574  -0.000000 -0.008203 -0.999966  0.004095 0.737684 1 64 1.000000
0  -3.152860 -12.478075 -0.097367  -0.000000 -0.008203 -0.999966  0.004095 0.737684 1 64 1.000000
0  -3.409067 -12.478075 -0.097367  -0.000000 -0.008203 -0.999966  0.004095 0.737684 1 64 1.000000
lowpoly_metal
0  -3.409068 -12.183927 -0.013660  0.000000 0.499999 -0.866026  0.004095 0.737684 1 64 1.000000
0  -3.152861 -12.331001 -0.098574  0.000000 0.499999 -0.866026  0.004095 0.737684 1 64 1.000000
0  -3.409067 -12.331001 -0.098574  0.000000 0.499999 -0.866026  0.004095 0.737684 1 64 1.000000
lowpoly_metal
0  -3.152861 -12.331001 -0.098574  1.000000 -0.000002 0.000000  0.004095 0.737684 1 64 1.000000
0  -3.152861 -12.183927 -0.013661  1.000000 -0.000002 0.000000  0.004095 0.737684 1 64 1.000000
0  -3.152861 -12.331001 0.241080  1.000000 -0.000002 0.000000  0.004095 0.737684 1 64 1.000000
lowpoly_metal
0  -3.409068 -12.183927 -0.013660  0.000000 1.000000 0.000000  0.004095 0.737684 1 64 1.000000
0  -3.152861 -12.183927 0.156166  0.000000 1.000000 0.000000  0.004095 0.737684 1 64 1.000000
0  -3.152861 -12.183927 -0.013661  0.000000 1.000000 0.000000  0.004095 0.737684 1 64 1.000000
lowpoly_metal
0  -3.409068 -12.331001 0.241080  0.000000 0.499998 0.866027  0.004095 0.737684 1 64 1.000000
0  -3.152861 -12.183927 0.156166  0.000000 0.499998 0.866027  0.004095 0.737684 1 64 1.000000
0  -3.409067 -12.183927 0.156166  0.000000 0.499998 0.866027  0.004095 0.737684 1 64 1.000000
lowpoly_metal
0  -3.540585 -12.331001 0.191200  0.000003 -0.500008 0.866021  0.004095 0.737684 1 64 1.000000
0  -3.482502 -12.478075 0.106287  0.000003 -0.500008 0.866021  0.004095 0.737684 1 64 1.000000
0  -3.482503 -12.331001 0.191200  0.000003 -0.500008 0.866021  0.004095 0.737684 1 64 1.000000
lowpoly_metal
0  -3.482502 -12.478075 0.106287  0.000000 -1.000000 0.000000  0.004095 0.737684 1 64 1.000000
0  -3.409067 -12.478075 -0.097367  0.000000 -1.000000 0.000000  0.004095 0.737684 1 64 1.000000
0  -3.409067 -12.478075 0.156166  0.000000 -1.000000 0.000000  0.004095 0.737684 1 64 1.000000
lowpoly_metal
0  -3.482503 -12.331001 0.191200  -0.507021 0.430972 0.746454  0.004095 0.737684 1 64 1.000000
0  -3.409067 -12.183927 0.156166  -0.507021 0.430972 0.746454  0.004095 0.737684 1 64 1.000000
0  -3.482503 -12.183927 0.106287  -0.507021 0.430972 0.746454  0.004095 0.737684 1 64 1.000000
lowpoly_metal
0  -3.482503 -12.183927 0.106287  0.000000 1.000000 0.000000  0.004095 0.737684 1 64 1.000000
0  -3.409068 -12.183927 -0.013660  0.000000 1.000000 0.000000  0.004095 0.737684 1 64 1.000000
0  -3.482503 -12.183927 -0.013661  0.000000 1.000000 0.000000  0.004095 0.737684 1 64 1.000000
lowpoly_metal
0  -3.482503 -12.331001 -0.098574  0.000000 0.499992 -0.866030  0.004095 0.737684 1 64 1.000000
0  -3.409068 -12.183927 -0.013660  0.000000 0.499992 -0.866030  0.004095 0.737684 1 64 1.000000
0  -3.409067 -12.331001 -0.098574  0.000000 0.499992 -0.866030  0.004095 0.737684 1 64 1.000000
lowpoly_metal
0  -3.482503 -12.331001 -0.098574  -0.000002 -0.008204 -0.999966  0.004095 0.737684 1 64 1.000000
0  -3.409067 -12.478075 -0.097367  -0.000002 -0.008204 -0.999966  0.004095 0.737684 1 64 1.000000
0  -3.482502 -12.478075 -0.097367  -0.000002 -0.008204 -0.999966  0.004095 0.737684 1 64 1.000000
lowpoly_metal
0  -3.482503 -12.331001 0.191200  -0.507019 -0.430972 0.746455  0.004095 0.737684 1 64 1.000000
0  -3.409067 -12.478075 0.156166  -0.507019 -0.430972 0.746455  0.004095 0.737684 1 64 1.000000
0  -3.409068 -12.331001 0.241080  -0.507019 -0.430972 0.746455  0.004095 0.737684 1 64 1.000000
lowpoly_metal
0  -3.540585 -12.331001 -0.098574  0.000004 -0.008201 -0.999966  0.004095 0.737684 1 64 1.000000
0  -3.482502 -12.478075 -0.097367  0.000004 -0.008201 -0.999966  0.004095 0.737684 1 64 1.000000
0  -3.540585 -12.478075 -0.097367  0.000004 -0.008201 -0.999966  0.004095 0.737684 1 64 1.000000
lowpoly_metal
0  -3.540585 -12.331001 -0.098574  -0.000004 0.500001 -0.866025  0.004095 0.737684 1 64 1.000000
0  -3.482503 -12.183927 -0.013661  -0.000004 0.500001 -0.866025  0.004095 0.737684 1 64 1.000000
0  -3.482503 -12.331001 -0.098574  -0.000004 0.500001 -0.866025  0.004095 0.737684 1 64 1.000000
lowpoly_metal
0  -3.540585 -12.183927 -0.013660  0.000000 1.000000 0.000000  0.004095 0.737684 1 64 1.000000
0  -3.482503 -12.183927 0.106287  0.000000 1.000000 0.000000  0.004095 0.737684 1 64 1.000000
0  -3.482503 -12.183927 -0.013661  0.000000 1.000000 0.000000  0.004095 0.737684 1 64 1.000000
lowpoly_metal
0  -3.540585 -12.331001 0.191200  0.000002 0.499997 0.866027  0.004095 0.737684 1 64 1.000000
0  -3.482503 -12.183927 0.106287  0.000002 0.499997 0.866027  0.004095 0.737684 1 64 1.000000
0  -3.540585 -12.183927 0.106287  0.000002 0.499997 0.866027  0.004095 0.737684 1 64 1.000000
lowpoly_metal
0  -3.540585 -12.478075 0.106287  0.000000 -1.000000 0.000000  0.004095 0.737684 1 64 1.000000
0  -3.482502 -12.478075 -0.097367  0.000000 -1.000000 0.000000  0.004095 0.737684 1 64 1.000000
0  -3.482502 -12.478075 0.106287  0.000000 -1.000000 0.000000  0.004095 0.737684 1 64 1.000000
lowpoly_metal
0  -3.746079 -12.386640 0.202454  0.000000 1.000000 0.000000  0.004095 0.737684 1 64 1.000000
0  -3.335090 -12.386640 -0.019928  0.000000 1.000000 0.000000  0.004095 0.737684 1 64 1.000000
0  -3.746079 -12.386640 -0.019928  0.000000 1.000000 0.000000  0.004095 0.737684 1 64 1.000000
lowpoly_metal
0  -3.335090 -12.386640 0.202454  1.000000 0.000000 0.000000  0.004095 0.737684 1 64 1.000000
0  -3.335090 -12.687209 -0.019928  1.000000 0.000000 0.000000  0.004095 0.737684 1 64 1.000000
0  -3.335090 -12.386640 -0.019928  1.000000 0.000000 0.000000  0.004095 0.737684 1 64 1.000000
lowpoly_metal
0  -3.746079 -12.687209 -0.019928  -1.000000 0.000001 0.000000  0.004095 0.737684 1 64 1.000000
0  -3.746079 -12.946202 0.104720  -1.000000 0.000001 0.000000  0.004095 0.737684 1 64 1.000000
0  -3.746079 -12.687209 0.202454  -1.000000 0.000001 0.000000  0.004095 0.737684 1 64 1.000000
lowpoly_metal
0  -3.746079 -12.687209 0.202454  -1.000000 -0.000002 0.000000  0.004095 0.737684 1 64 1.000000
0  -3.746079 -12.386640 -0.019928  -1.000000 -0.000002 0.000000  0.004095 0.737684 1 64 1.000000
0  -3.746079 -12.687209 -0.019928  -1.000000 -0.000002 0.000000  0.004095 0.737684 1 64 1.000000
lowpoly_metal
0  -3.335090 -12.386640 -0.019928  0.000000 0.000000 -1.000000  0.004095 0.737684 1 64 1.000000
0  -3.746079 -12.687209 -0.019928  0.000000 0.000000 -1.000000  0.004095 0.737684 1 64 1.000000
0  -3.746079 -12.386640 -0.019928  0.000000 0.000000 -1.000000  0.004095 0.737684 1 64 1.000000
lowpoly_metal
0  -3.335090 -12.386640 0.202454  0.000000 0.000000 1.000000  0.004095 0.737684 1 64 1.000000
0  -3.746079 -12.687209 0.202454  0.000000 0.000000 1.000000  0.004095 0.737684 1 64 1.000000
0  -3.335090 -12.687209 0.202454  0.000000 0.000000 1.000000  0.004095 0.737684 1 64 1.000000
lowpoly_metal
0  -3.335090 -12.946202 -0.019439  0.000000 0.000000 -1.000000  0.004095 0.737684 1 64 1.000000
0  -3.746079 -14.905758 -0.019440  0.000000 0.000000 -1.000000  0.004095 0.737684 1 64 1.000000
0  -3.746079 -12.946202 -0.019440  0.000000 0.000000 -1.000000  0.004095 0.737684 1 64 1.000000
lowpoly_metal
0  -3.335090 -12.687209 -0.019928  0.000000 -0.001886 -0.999998  0.004095 0.737684 1 64 1.000000
0  -3.746079 -12.946202 -0.019440  0.000000 -0.001886 -0.999998  0.004095 0.737684 1 64 1.000000
0  -3.746079 -12.687209 -0.019928  0.000000 -0.001886 -0.999998  0.004095 0.737684 1 64 1.000000
lowpoly_metal
0  -3.746079 -12.687209 0.202454  0.000000 -0.353057 0.935602  0.004095 0.737684 1 64 1.000000
0  -3.335090 -12.946202 0.104721  0.000000 -0.353057 0.935602  0.004095 0.737684 1 64 1.000000
0  -3.335090 -12.687209 0.202454  0.000000 -0.353057 0.935602  0.004095 0.737684 1 64 1.000000
lowpoly_metal
0  -3.335090 -12.687209 -0.019928  1.000000 0.000000 0.000000  0.004095 0.737684 1 64 1.000000
0  -3.335090 -12.946202 0.104721  1.000000 0.000000 0.000000  0.004095 0.737684 1 64 1.000000
0  -3.335090 -12.946202 -0.019439  1.000000 0.000000 0.000000  0.004095 0.737684 1 64 1.000000
lowpoly_metal
0  -3.335089 -14.905758 -0.019440  0.000000 -1.000000 0.000010  0.004095 0.737684 1 64 1.000000
0  -3.746079 -14.905758 0.104721  0.000000 -1.000000 0.000010  0.004095 0.737684 1 64 1.000000
0  -3.746079 -14.905758 -0.019440  0.000000 -1.000000 0.000010  0.004095 0.737684 1 64 1.000000
lowpoly_metal
0  -3.746079 -12.946202 0.104720  -0.000001 -0.000000 1.000000  0.004095 0.737684 1 64 1.000000
0  -3.335089 -14.905758 0.104721  -0.000001 -0.000000 1.000000  0.004095 0.737684 1 64 1.000000
0  -3.335090 -12.946202 0.104721  -0.000001 -0.000000 1.000000  0.004095 0.737684 1 64 1.000000
lowpoly_metal
0  -3.335090 -12.946202 0.104721  1.000000 0.000000 0.000000  0.004095 0.737684 1 64 1.000000
0  -3.335089 -14.905758 -0.019440  1.000000 0.000000 0.000000  0.004095 0.737684 1 64 1.000000
0  -3.335090 -12.946202 -0.019439  1.000000 0.000000 0.000000  0.004095 0.737684 1 64 1.000000
lowpoly_metal
0  -3.746079 -12.946202 -0.019440  -1.000000 -0.000000 -0.000002  0.004095 0.737684 1 64 1.000000
0  -3.746079 -14.905758 0.104721  -1.000000 -0.000000 -0.000002  0.004095 0.737684 1 64 1.000000
0  -3.746079 -12.946202 0.104720  -1.000000 -0.000000 -0.000002  0.004095 0.737684 1 64 1.000000
lowpoly_metal
0  -2.736210 -12.764308 -0.934755  0.923880 0.000000 0.382683  0.006035 0.738755 1 68 1.000000
0  -2.971806 -14.418797 -0.365977  0.923880 0.000000 0.382683  0.006035 0.738755 1 68 1.000000
0  -2.736210 -14.418796 -0.934756  0.923880 0.000000 0.382683  0.006035 0.738755 1 68 1.000000
lowpoly_metal
0  -2.971806 -14.418797 -0.365977  0.382683 -0.000000 0.923880  0.006035 0.738755 1 68 1.000000
0  -3.540584 -12.764309 -0.130381  0.382683 -0.000000 0.923880  0.006035 0.738755 1 68 1.000000
0  -3.540584 -14.418797 -0.130381  0.382683 -0.000000 0.923880  0.006035 0.738755 1 68 1.000000
lowpoly_metal
0  -3.540584 -12.764309 -0.130381  -0.382684 -0.000000 0.923879  0.006035 0.738755 1 68 1.000000
0  -4.109363 -14.418797 -0.365977  -0.382684 -0.000000 0.923879  0.006035 0.738755 1 68 1.000000
0  -3.540584 -14.418797 -0.130381  -0.382684 -0.000000 0.923879  0.006035 0.738755 1 68 1.000000
lowpoly_metal
0  -4.109363 -12.764309 -0.365977  -0.923879 -0.000001 0.382684  0.006035 0.738755 1 68 1.000000
0  -4.344959 -14.418797 -0.934756  -0.923879 -0.000001 0.382684  0.006035 0.738755 1 68 1.000000
0  -4.109363 -14.418797 -0.365977  -0.923879 -0.000001 0.382684  0.006035 0.738755 1 68 1.000000
lowpoly_metal
0  -4.344959 -12.764308 -0.934755  -0.923879 0.000000 -0.382684  0.006035 0.738755 1 68 1.000000
0  -4.109363 -14.418796 -1.503534  -0.923879 0.000000 -0.382684  0.006035 0.738755 1 68 1.000000
0  -4.344959 -14.418797 -0.934756  -0.923879 0.000000 -0.382684  0.006035 0.738755 1 68 1.000000
lowpoly_metal
0  -4.109363 -12.764308 -1.503534  -0.382684 0.000000 -0.923879  0.006035 0.738755 1 68 1.000000
0  -3.540584 -14.418796 -1.739130  -0.382684 0.000000 -0.923879  0.006035 0.738755 1 68 1.000000
0  -4.109363 -14.418796 -1.503534  -0.382684 0.000000 -0.923879  0.006035 0.738755 1 68 1.000000
lowpoly_metal
0  -3.312099 -12.764308 -1.066671  0.000000 1.000000 0.000000  0.006035 0.738755 1 68 1.000000
0  -3.312099 -12.764308 -1.296319  0.000000 1.000000 0.000000  0.006035 0.738755 1 68 1.000000
0  -3.341703 -12.764308 -1.313411  0.000000 1.000000 0.000000  0.006035 0.738755 1 68 1.000000
lowpoly_metal
0  -3.540584 -12.764308 -1.739130  0.382683 0.000000 -0.923880  0.006035 0.738755 1 68 1.000000
0  -2.971806 -14.418796 -1.503534  0.382683 0.000000 -0.923880  0.006035 0.738755 1 68 1.000000
0  -3.540584 -14.418796 -1.739130  0.382683 0.000000 -0.923880  0.006035 0.738755 1 68 1.000000
lowpoly_metal
0  -2.971806 -12.764308 -1.503534  0.923880 0.000000 -0.382683  0.006035 0.738755 1 68 1.000000
0  -2.736210 -14.418796 -0.934756  0.923880 0.000000 -0.382683  0.006035 0.738755 1 68 1.000000
0  -2.971806 -14.418796 -1.503534  0.923880 0.000000 -0.382683  0.006035 0.738755 1 68 1.000000
lowpoly_metal
0  -2.736210 -14.418796 -0.934756  0.000000 -1.000000 0.000000  0.006035 0.738755 1 68 1.000000
0  -2.914337 -14.418796 -1.066672  0.000000 -1.000000 0.000000  0.006035 0.738755 1 68 1.000000
0  -2.914337 -14.418796 -1.296320  0.000000 -1.000000 0.000000  0.006035 0.738755 1 68 1.000000
lowpoly_metal
0  -3.312098 -14.418797 -0.802839  0.499999 -0.000000 0.866026  0.006035 0.738755 1 68 1.000000
0  -3.113218 -12.764308 -0.917663  0.499999 -0.000000 0.866026  0.006035 0.738755 1 68 1.000000
0  -3.312099 -12.764308 -0.802839  0.499999 -0.000000 0.866026  0.006035 0.738755 1 68 1.000000
lowpoly_metal
0  -3.967951 -14.418796 -1.411143  -0.499999 0.000000 0.866026  0.006035 0.738755 1 68 1.000000
0  -3.769070 -12.764308 -1.296319  -0.499999 0.000000 0.866026  0.006035 0.738755 1 68 1.000000
0  -3.967951 -12.764308 -1.411143  -0.499999 0.000000 0.866026  0.006035 0.738755 1 68 1.000000
lowpoly_metal
0  -2.914336 -14.418797 -0.573191  -0.499999 0.000000 -0.866026  0.006035 0.738755 1 68 1.000000
0  -3.113218 -12.764309 -0.458367  -0.499999 0.000000 -0.866026  0.006035 0.738755 1 68 1.000000
0  -2.914337 -12.764309 -0.573191  -0.499999 0.000000 -0.866026  0.006035 0.738755 1 68 1.000000
lowpoly_metal
0  -3.113218 -12.764309 -0.458367  0.500000 0.000001 -0.866025  0.006035 0.738755 1 68 1.000000
0  -3.312098 -14.418797 -0.573192  0.500000 0.000001 -0.866025  0.006035 0.738755 1 68 1.000000
0  -3.312099 -12.764308 -0.573191  0.500000 0.000001 -0.866025  0.006035 0.738755 1 68 1.000000
lowpoly_metal
0  -3.769070 -14.418796 -1.296319  -1.000000 0.000000 0.000000  0.006035 0.738755 1 68 1.000000
0  -3.769070 -12.764308 -1.066672  -1.000000 0.000000 0.000000  0.006035 0.738755 1 68 1.000000
0  -3.769070 -12.764308 -1.296319  -1.000000 0.000000 0.000000  0.006035 0.738755 1 68 1.000000
lowpoly_metal
0  -3.540584 -12.764308 -1.198587  0.500000 -0.000000 -0.866026  0.006035 0.738755 1 68 1.000000
0  -3.739465 -14.418796 -1.313412  0.500000 -0.000000 -0.866026  0.006035 0.738755 1 68 1.000000
0  -3.739465 -12.764308 -1.313411  0.500000 -0.000000 -0.866026  0.006035 0.738755 1 68 1.000000
lowpoly_metal
0  -3.341703 -14.418797 -0.556099  -1.000000 -0.000001 0.000001  0.006035 0.738755 1 68 1.000000
0  -3.341704 -12.764309 -0.326451  -1.000000 -0.000001 0.000001  0.006035 0.738755 1 68 1.000000
0  -3.341704 -12.764309 -0.556099  -1.000000 -0.000001 0.000001  0.006035 0.738755 1 68 1.000000
lowpoly_metal
0  -3.769070 -12.764308 -1.066672  -0.500000 -0.000000 -0.866025  0.006035 0.738755 1 68 1.000000
0  -3.967951 -14.418797 -0.951848  -0.500000 -0.000000 -0.866025  0.006035 0.738755 1 68 1.000000
0  -3.967951 -12.764308 -0.951848  -0.500000 -0.000000 -0.866025  0.006035 0.738755 1 68 1.000000
lowpoly_metal
0  -3.312099 -14.418796 -1.066672  1.000000 0.000000 -0.000001  0.006035 0.738755 1 68 1.000000
0  -3.312099 -12.764308 -1.296319  1.000000 0.000000 -0.000001  0.006035 0.738755 1 68 1.000000
0  -3.312099 -12.764308 -1.066671  1.000000 0.000000 -0.000001  0.006035 0.738755 1 68 1.000000
lowpoly_metal
0  -3.341703 -14.418796 -1.543060  -1.000000 0.000001 -0.000001  0.006035 0.738755 1 68 1.000000
0  -3.341703 -12.764308 -1.313411  -1.000000 0.000001 -0.000001  0.006035 0.738755 1 68 1.000000
0  -3.341703 -12.764308 -1.543059  -1.000000 0.000001 -0.000001  0.006035 0.738755 1 68 1.000000
lowpoly_metal
0  -3.739465 -12.764308 -1.543059  0.000000 1.000000 0.000000  0.006035 0.738755 1 68 1.000000
0  -3.967951 -12.764308 -1.411143  0.000000 1.000000 0.000000  0.006035 0.738755 1 68 1.000000
0  -3.769070 -12.764308 -1.296319  0.000000 1.000000 0.000000  0.006035 0.738755 1 68 1.000000
lowpoly_metal
0  -4.166831 -12.764308 -1.066672  0.000000 1.000000 0.000000  0.006035 0.738755 1 68 1.000000
0  -4.166831 -12.764308 -1.296319  0.000000 1.000000 0.000000  0.006035 0.738755 1 68 1.000000
0  -4.344959 -12.764308 -0.934755  0.000000 1.000000 0.000000  0.006035 0.738755 1 68 1.000000
lowpoly_metal
0  -2.914337 -12.764308 -0.802839  0.000003 1.000000 0.000000  0.006035 0.738755 1 68 1.000000
0  -2.914337 -12.764309 -0.573191  0.000003 1.000000 0.000000  0.006035 0.738755 1 68 1.000000
0  -2.736210 -12.764308 -0.934755  0.000003 1.000000 0.000000  0.006035 0.738755 1 68 1.000000
lowpoly_metal
0  -3.540584 -14.418797 -0.211627  0.500000 0.000000 -0.866026  0.006035 0.738755 1 68 1.000000
0  -3.739466 -12.764309 -0.326451  0.500000 0.000000 -0.866026  0.006035 0.738755 1 68 1.000000
0  -3.540585 -12.764309 -0.211627  0.500000 0.000000 -0.866026  0.006035 0.738755 1 68 1.000000
lowpoly_metal
0  -2.914336 -12.764308 -1.066671  -0.499999 0.000000 -0.866026  0.006035 0.738755 1 68 1.000000
0  -3.113218 -14.418797 -0.951848  -0.499999 0.000000 -0.866026  0.006035 0.738755 1 68 1.000000
0  -3.113218 -12.764308 -0.951847  -0.499999 0.000000 -0.866026  0.006035 0.738755 1 68 1.000000
lowpoly_metal
0  -3.312098 -14.418797 -0.802839  0.000000 -1.000000 0.000000  0.006035 0.738755 1 68 1.000000
0  -3.312098 -14.418797 -0.573192  0.000000 -1.000000 0.000000  0.006035 0.738755 1 68 1.000000
0  -3.341703 -14.418797 -0.556099  0.000000 -1.000000 0.000000  0.006035 0.738755 1 68 1.000000
lowpoly_metal
0  -3.739465 -14.418797 -0.326451  0.000000 -1.000000 0.000000  0.006035 0.738755 1 68 1.000000
0  -3.967951 -14.418797 -0.458367  0.000000 -1.000000 0.000000  0.006035 0.738755 1 68 1.000000
0  -3.769070 -14.418797 -0.573191  0.000000 -1.000000 0.000000  0.006035 0.738755 1 68 1.000000
lowpoly_metal
0  -4.166831 -14.418797 -0.802839  0.000000 -1.000000 0.000000  0.006035 0.738755 1 68 1.000000
0  -4.166831 -14.418797 -0.573191  0.000000 -1.000000 0.000000  0.006035 0.738755 1 68 1.000000
0  -4.344959 -14.418797 -0.934756  0.000000 -1.000000 0.000000  0.006035 0.738755 1 68 1.000000
lowpoly_metal
0  -3.739466 -12.764309 -0.326451  1.000000 0.000001 0.000000  0.006035 0.738755 1 68 1.000000
0  -3.739465 -14.418797 -0.556099  1.000000 0.000001 0.000000  0.006035 0.738755 1 68 1.000000
0  -3.739466 -12.764309 -0.556099  1.000000 0.000001 0.000000  0.006035 0.738755 1 68 1.000000
lowpoly_metal
0  -3.967951 -14.418797 -0.458367  0.500000 -0.000000 -0.866026  0.006035 0.738755 1 68 1.000000
0  -4.166832 -12.764309 -0.573191  0.500000 -0.000000 -0.866026  0.006035 0.738755 1 68 1.000000
0  -3.967951 -12.764309 -0.458367  0.500000 -0.000000 -0.866026  0.006035 0.738755 1 68 1.000000
lowpoly_metal
0  -3.341703 -14.418796 -1.313412  -0.500000 0.000000 -0.866025  0.006035 0.738755 1 68 1.000000
0  -3.540584 -12.764308 -1.198587  -0.500000 0.000000 -0.866025  0.006035 0.738755 1 68 1.000000
0  -3.341703 -12.764308 -1.313411  -0.500000 0.000000 -0.866025  0.006035 0.738755 1 68 1.000000
lowpoly_metal
0  -3.739465 -14.418796 -1.313412  1.000000 0.000000 0.000000  0.006035 0.738755 1 68 1.000000
0  -3.739465 -12.764308 -1.543059  1.000000 0.000000 0.000000  0.006035 0.738755 1 68 1.000000
0  -3.739465 -12.764308 -1.313411  1.000000 0.000000 0.000000  0.006035 0.738755 1 68 1.000000
lowpoly_metal
0  -4.166831 -12.764308 -1.296319  0.500001 0.000000 0.866025  0.006035 0.738755 1 68 1.000000
0  -3.967951 -14.418796 -1.411143  0.500001 0.000000 0.866025  0.006035 0.738755 1 68 1.000000
0  -3.967951 -12.764308 -1.411143  0.500001 0.000000 0.866025  0.006035 0.738755 1 68 1.000000
lowpoly_metal
0  -3.967951 -14.418797 -0.951848  0.500000 -0.000000 -0.866026  0.006035 0.738755 1 68 1.000000
0  -4.166831 -12.764308 -1.066672  0.500000 -0.000000 -0.866026  0.006035 0.738755 1 68 1.000000
0  -3.967951 -12.764308 -0.951848  0.500000 -0.000000 -0.866026  0.006035 0.738755 1 68 1.000000
lowpoly_metal
0  -2.914337 -12.764308 -0.802839  -1.000000 -0.000001 0.000000  0.006035 0.738755 1 68 1.000000
0  -2.914336 -14.418797 -0.573191  -1.000000 -0.000001 0.000000  0.006035 0.738755 1 68 1.000000
0  -2.914337 -12.764309 -0.573191  -1.000000 -0.000001 0.000000  0.006035 0.738755 1 68 1.000000
lowpoly_metal
0  -2.914337 -14.418796 -1.296320  -1.000000 0.000000 0.000001  0.006035 0.738755 1 68 1.000000
0  -2.914336 -12.764308 -1.066671  -1.000000 0.000000 0.000001  0.006035 0.738755 1 68 1.000000
0  -2.914337 -12.764308 -1.296319  -1.000000 0.000000 0.000001  0.006035 0.738755 1 68 1.000000
lowpoly_metal
0  -3.113218 -12.764308 -1.411143  -0.500001 -0.000001 0.866025  0.006035 0.738755 1 68 1.000000
0  -2.914337 -14.418796 -1.296320  -0.500001 -0.000001 0.866025  0.006035 0.738755 1 68 1.000000
0  -2.914337 -12.764308 -1.296319  -0.500001 -0.000001 0.866025  0.006035 0.738755 1 68 1.000000
lowpoly_metal
0  -3.341703 -14.418796 -0.326451  -0.499999 -0.000000 -0.866026  0.006035 0.738755 1 68 1.000000
0  -3.540585 -12.764309 -0.211627  -0.499999 -0.000000 -0.866026  0.006035 0.738755 1 68 1.000000
0  -3.341704 -12.764309 -0.326451  -0.499999 -0.000000 -0.866026  0.006035 0.738755 1 68 1.000000
lowpoly_metal
0  -3.540584 -14.418797 -0.670923  -0.500001 -0.000000 0.866025  0.006035 0.738755 1 68 1.000000
0  -3.341704 -12.764309 -0.556099  -0.500001 -0.000000 0.866025  0.006035 0.738755 1 68 1.000000
0  -3.540585 -12.764309 -0.670923  -0.500001 -0.000000 0.866025  0.006035 0.738755 1 68 1.000000
lowpoly_metal
0  -3.967951 -14.418797 -0.917663  -0.500000 0.000000 0.866025  0.006035 0.738755 1 68 1.000000
0  -3.769070 -12.764309 -0.802839  -0.500000 0.000000 0.866025  0.006035 0.738755 1 68 1.000000
0  -3.967951 -12.764309 -0.917663  -0.500000 0.000000 0.866025  0.006035 0.738755 1 68 1.000000
lowpoly_metal
0  -3.312098 -14.418797 -0.573192  1.000000 0.000000 0.000000  0.006035 0.738755 1 68 1.000000
0  -3.312099 -12.764308 -0.802839  1.000000 0.000000 0.000000  0.006035 0.738755 1 68 1.000000
0  -3.312099 -12.764308 -0.573191  1.000000 0.000000 0.000000  0.006035 0.738755 1 68 1.000000
lowpoly_metal
0  -3.113218 -14.418797 -0.951848  0.499999 0.000000 -0.866026  0.006035 0.738755 1 68 1.000000
0  -3.312099 -12.764308 -1.066671  0.499999 0.000000 -0.866026  0.006035 0.738755 1 68 1.000000
0  -3.113218 -12.764308 -0.951847  0.499999 0.000000 -0.866026  0.006035 0.738755 1 68 1.000000
lowpoly_metal
0  -4.166831 -12.764308 -1.066672  1.000000 -0.000000 0.000000  0.006035 0.738755 1 68 1.000000
0  -4.166832 -14.418797 -1.296319  1.000000 -0.000000 0.000000  0.006035 0.738755 1 68 1.000000
0  -4.166831 -12.764308 -1.296319  1.000000 -0.000000 0.000000  0.006035 0.738755 1 68 1.000000
lowpoly_metal
0  -3.739465 -14.418796 -1.543060  0.500000 -0.000000 0.866025  0.006035 0.738755 1 68 1.000000
0  -3.540584 -12.764308 -1.657883  0.500000 -0.000000 0.866025  0.006035 0.738755 1 68 1.000000
0  -3.739465 -12.764308 -1.543059  0.500000 -0.000000 0.866025  0.006035 0.738755 1 68 1.000000
lowpoly_metal
0  -3.113217 -14.418797 -0.917663  -0.499999 -0.000001 0.866026  0.006035 0.738755 1 68 1.000000
0  -2.914337 -12.764308 -0.802839  -0.499999 -0.000001 0.866026  0.006035 0.738755 1 68 1.000000
0  -3.113218 -12.764308 -0.917663  -0.499999 -0.000001 0.866026  0.006035 0.738755 1 68 1.000000
lowpoly_metal
0  -3.739465 -14.418797 -0.556099  0.500001 0.000000 0.866025  0.006035 0.738755 1 68 1.000000
0  -3.540585 -12.764309 -0.670923  0.500001 0.000000 0.866025  0.006035 0.738755 1 68 1.000000
0  -3.739466 -12.764309 -0.556099  0.500001 0.000000 0.866025  0.006035 0.738755 1 68 1.000000
lowpoly_metal
0  -3.312099 -14.418796 -1.296320  0.499999 -0.000000 0.866026  0.006035 0.738755 1 68 1.000000
0  -3.113218 -12.764308 -1.411143  0.499999 -0.000000 0.866026  0.006035 0.738755 1 68 1.000000
0  -3.312099 -12.764308 -1.296319  0.499999 -0.000000 0.866026  0.006035 0.738755 1 68 1.000000
lowpoly_metal
0  -3.769070 -14.418797 -0.573191  -0.500000 -0.000000 -0.866025  0.006035 0.738755 1 68 1.000000
0  -3.967951 -12.764309 -0.458367  -0.500000 -0.000000 -0.866025  0.006035 0.738755 1 68 1.000000
0  -3.769070 -12.764309 -0.573191  -0.500000 -0.000000 -0.866025  0.006035 0.738755 1 68 1.000000
lowpoly_metal
0  -3.540584 -14.418796 -1.657884  -0.500001 -0.000000 0.866025  0.006035 0.738755 1 68 1.000000
0  -3.341703 -12.764308 -1.543059  -0.500001 -0.000000 0.866025  0.006035 0.738755 1 68 1.000000
0  -3.540584 -12.764308 -1.657883  -0.500001 -0.000000 0.866025  0.006035 0.738755 1 68 1.000000
lowpoly_metal
0  -3.769070 -14.418797 -0.802839  -1.000000 -0.000000 0.000001  0.006035 0.738755 1 68 1.000000
0  -3.769070 -12.764309 -0.573191  -1.000000 -0.000000 0.000001  0.006035 0.738755 1 68 1.000000
0  -3.769070 -12.764309 -0.802839  -1.000000 -0.000000 0.000001  0.006035 0.738755 1 68 1.000000
lowpoly_metal
0  -4.166832 -12.764309 -0.573191  1.000000 0.000000 0.000000  0.006035 0.738755 1 68 1.000000
0  -4.166831 -14.418797 -0.802839  1.000000 0.000000 0.000000  0.006035 0.738755 1 68 1.000000
0  -4.166832 -12.764309 -0.802839  1.000000 0.000000 0.000000  0.006035 0.738755 1 68 1.000000
lowpoly_metal
0  -4.166831 -14.418797 -0.802839  0.500000 0.000000 0.866025  0.006035 0.738755 1 68 1.000000
0  -3.967951 -12.764309 -0.917663  0.500000 0.000000 0.866025  0.006035 0.738755 1 68 1.000000
0  -4.166832 -12.764309 -0.802839  0.500000 0.000000 0.866025  0.006035 0.738755 1 68 1.000000
lowpoly_metal
0  -3.544080 -14.494767 -2.123429  0.000000 -0.000000 1.000000  0.006192 0.735583 1 64 1.000000
0  -3.540584 -15.041738 -2.123429  0.000000 -0.000000 1.000000  0.006192 0.735583 1 64 1.000000
0  -3.395064 -15.041738 -2.123429  0.000000 -0.000000 1.000000  0.006192 0.735583 1 64 1.000000
lowpoly_metal
0  -3.362154 -14.494767 -2.123429  0.000000 -1.000000 0.000005  0.006192 0.735583 1 64 1.000000
0  -3.540584 -14.494767 -1.740808  0.000000 -1.000000 0.000005  0.006192 0.735583 1 64 1.000000
0  -3.544080 -14.494767 -2.123429  0.000000 -1.000000 0.000005  0.006192 0.735583 1 64 1.000000
lowpoly_metal
0  -3.240544 -14.494767 -2.123428  0.000000 -1.000000 -0.000000  0.006192 0.735583 1 64 1.000000
0  -3.362154 -14.494767 -1.740808  0.000000 -1.000000 -0.000000  0.006192 0.735583 1 64 1.000000
0  -3.362154 -14.494767 -2.123429  0.000000 -1.000000 -0.000000  0.006192 0.735583 1 64 1.000000
lowpoly_metal
0  -3.840625 -10.796972 -2.010668  -1.000000 -0.000002 0.000001  0.006192 0.735583 1 64 1.000000
0  -3.840625 -10.599953 -1.740807  -1.000000 -0.000002 0.000001  0.006192 0.735583 1 64 1.000000
0  -3.840625 -10.501083 -1.984298  -1.000000 -0.000002 0.000001  0.006192 0.735583 1 64 1.000000
lowpoly_metal
0  -3.840624 -12.750235 -1.740808  -1.000000 0.000000 0.000000  0.006192 0.735583 1 64 1.000000
0  -3.840624 -11.940991 -2.137364  -1.000000 0.000000 0.000000  0.006192 0.735583 1 64 1.000000
0  -3.840624 -12.750235 -2.137364  -1.000000 0.000000 0.000000  0.006192 0.735583 1 64 1.000000
lowpoly_metal
0  -3.840624 -12.750235 -1.740808  -1.000000 0.000000 0.000000  0.006192 0.735583 1 64 1.000000
0  -3.840624 -11.940991 -1.259960  -1.000000 0.000000 0.000000  0.006192 0.735583 1 64 1.000000
0  -3.840625 -11.940991 -1.740808  -1.000000 0.000000 0.000000  0.006192 0.735583 1 64 1.000000
lowpoly_metal
0  -3.840624 -14.724261 -2.278703  -1.000000 0.000000 0.000000  0.006192 0.735583 1 64 1.000000
0  -3.840624 -15.000867 -2.280185  -1.000000 0.000000 0.000000  0.006192 0.735583 1 64 1.000000
0  -3.840624 -15.041738 -2.137364  -1.000000 0.000000 0.000000  0.006192 0.735583 1 64 1.000000
lowpoly_metal
0  -3.840624 -13.782097 -1.740808  -1.000000 0.000000 0.000000  0.006192 0.735583 1 64 1.000000
0  -3.840624 -13.631670 -2.137364  -1.000000 0.000000 0.000000  0.006192 0.735583 1 64 1.000000
0  -3.840624 -13.782097 -2.137364  -1.000000 0.000000 0.000000  0.006192 0.735583 1 64 1.000000
lowpoly_metal
0  -3.840624 -13.631670 -2.137364  0.000000 0.000000 -1.000000  0.006192 0.735583 1 64 1.000000
0  -3.540584 -12.988933 -2.137364  0.000000 0.000000 -1.000000  0.006192 0.735583 1 64 1.000000
0  -3.540584 -13.631670 -2.137364  0.000000 0.000000 -1.000000  0.006192 0.735583 1 64 1.000000
lowpoly_metal
0  -3.840624 -13.631670 -1.740808  -1.000000 0.000000 0.000000  0.006192 0.735583 1 64 1.000000
0  -3.840624 -12.988933 -2.137364  -1.000000 0.000000 0.000000  0.006192 0.735583 1 64 1.000000
0  -3.840624 -13.631670 -2.137364  -1.000000 0.000000 0.000000  0.006192 0.735583 1 64 1.000000
lowpoly_metal
0  -3.840624 -12.489320 -2.580682  0.000000 -0.972530 -0.232778  0.006192 0.735583 1 64 1.000000
0  -3.540584 -12.420794 -2.866972  0.000000 -0.972530 -0.232778  0.006192 0.735583 1 64 1.000000
0  -3.540584 -12.489320 -2.580682  0.000000 -0.972530 -0.232778  0.006192 0.735583 1 64 1.000000
lowpoly_metal
0  -3.840624 -12.619501 -2.308358  -0.000001 -0.902213 -0.431290  0.006192 0.735583 1 64 1.000000
0  -3.540584 -12.489320 -2.580682  -0.000001 -0.902213 -0.431290  0.006192 0.735583 1 64 1.000000
0  -3.540584 -12.619501 -2.308358  -0.000001 -0.902213 -0.431290  0.006192 0.735583 1 64 1.000000
lowpoly_metal
0  -3.840624 -11.940991 -2.359023  -1.000000 0.000000 0.000000  0.006192 0.735583 1 64 1.000000
0  -3.840624 -12.364423 -2.580682  -1.000000 0.000000 0.000000  0.006192 0.735583 1 64 1.000000
0  -3.840624 -12.464952 -2.319899  -1.000000 0.000000 0.000000  0.006192 0.735583 1 64 1.000000
lowpoly_metal
0  -3.840624 -11.940991 -2.137364  -1.000000 0.000000 0.000000  0.006192 0.735583 1 64 1.000000
0  -3.840624 -12.464952 -2.319899  -1.000000 0.000000 0.000000  0.006192 0.735583 1 64 1.000000
0  -3.840624 -12.750235 -2.137364  -1.000000 0.000000 0.000000  0.006192 0.735583 1 64 1.000000
lowpoly_metal
0  -3.840624 -12.988933 -2.137364  0.000000 -0.420043 -0.907504  0.006192 0.735583 1 64 1.000000
0  -3.540584 -12.619501 -2.308358  0.000000 -0.420043 -0.907504  0.006192 0.735583 1 64 1.000000
0  -3.540584 -12.988933 -2.137364  0.000000 -0.420043 -0.907504  0.006192 0.735583 1 64 1.000000
lowpoly_metal
0  -3.840624 -13.782097 -2.137364  -1.000000 -0.000003 -0.000001  0.006192 0.735583 1 64 1.000000
0  -3.840624 -13.941289 -2.295692  -1.000000 -0.000003 -0.000001  0.006192 0.735583 1 64 1.000000
0  -3.840624 -14.087215 -2.291525  -1.000000 -0.000003 -0.000001  0.006192 0.735583 1 64 1.000000
lowpoly_metal
0  -3.840624 -14.524118 -2.137364  -1.000000 0.000001 0.000000  0.006192 0.735583 1 64 1.000000
0  -3.840624 -14.581944 -2.277397  -1.000000 0.000001 0.000000  0.006192 0.735583 1 64 1.000000
0  -3.840624 -14.724261 -2.278703  -1.000000 0.000001 0.000000  0.006192 0.735583 1 64 1.000000
lowpoly_metal
0  -3.840624 -14.724261 -2.278703  -0.000003 0.009183 -0.999958  0.006192 0.735583 1 64 1.000000
0  -3.686103 -14.581944 -2.277397  -0.000003 0.009183 -0.999958  0.006192 0.735583 1 64 1.000000
0  -3.686103 -14.724261 -2.278704  -0.000003 0.009183 -0.999958  0.006192 0.735583 1 64 1.000000
lowpoly_metal
0  -3.840624 -14.507286 -1.740808  -1.000000 0.000000 -0.000001  0.006192 0.735583 1 64 1.000000
0  -3.840624 -14.292082 -2.137364  -1.000000 0.000000 -0.000001  0.006192 0.735583 1 64 1.000000
0  -3.840624 -14.524118 -2.137364  -1.000000 0.000000 -0.000001  0.006192 0.735583 1 64 1.000000
lowpoly_metal
0  -3.686103 -14.182254 -2.577164  0.000000 -0.965299 -0.261148  0.006192 0.735583 1 64 1.000000
0  -3.771923 -14.086066 -2.932703  0.000000 -0.965299 -0.261148  0.006192 0.735583 1 64 1.000000
0  -3.652783 -14.086066 -2.932703  0.000000 -0.965299 -0.261148  0.006192 0.735583 1 64 1.000000
lowpoly_metal
0  -3.840624 -14.017012 -2.314125  -1.000000 0.000000 0.000001  0.006192 0.735583 1 64 1.000000
0  -3.840624 -14.046841 -2.577164  -1.000000 0.000000 0.000001  0.006192 0.735583 1 64 1.000000
0  -3.840624 -14.077685 -2.577164  -1.000000 0.000000 0.000001  0.006192 0.735583 1 64 1.000000
lowpoly_metal
0  -3.840624 -14.273732 -2.376616  0.000000 -0.909824 -0.414995  0.006192 0.735583 1 64 1.000000
0  -3.686103 -14.182254 -2.577164  0.000000 -0.909824 -0.414995  0.006192 0.735583 1 64 1.000000
0  -3.686103 -14.273732 -2.376616  0.000000 -0.909824 -0.414995  0.006192 0.735583 1 64 1.000000
lowpoly_metal
0  -3.840624 -14.581944 -2.277397  0.000000 -0.306432 -0.951893  0.006192 0.735583 1 64 1.000000
0  -3.686103 -14.273732 -2.376616  0.000000 -0.306432 -0.951893  0.006192 0.735583 1 64 1.000000
0  -3.686103 -14.581944 -2.277397  0.000000 -0.306432 -0.951893  0.006192 0.735583 1 64 1.000000
lowpoly_metal
0  -3.840624 -14.087215 -2.291525  -1.000000 0.000005 0.000000  0.006192 0.735583 1 64 1.000000
0  -3.840624 -13.941289 -2.295692  -1.000000 0.000005 0.000000  0.006192 0.735583 1 64 1.000000
0  -3.840624 -14.017012 -2.314125  -1.000000 0.000005 0.000000  0.006192 0.735583 1 64 1.000000
lowpoly_metal
0  -3.840624 -14.077685 -2.577164  -0.977337 0.091293 -0.190991  0.006192 0.735583 1 64 1.000000
0  -3.771923 -13.998188 -2.890707  -0.977337 0.091293 -0.190991  0.006192 0.735583 1 64 1.000000
0  -3.771923 -14.018205 -2.900273  -0.977337 0.091293 -0.190991  0.006192 0.735583 1 64 1.000000
lowpoly_metal
0  -3.771923 -13.865223 -3.236119  0.000000 -0.491705 -0.870762  0.006192 0.735583 1 64 1.000000
0  -3.652783 -13.524395 -3.428579  0.000000 -0.491705 -0.870762  0.006192 0.735583 1 64 1.000000
0  -3.652783 -13.865223 -3.236119  0.000000 -0.491705 -0.870762  0.006192 0.735583 1 64 1.000000
lowpoly_metal
0  -3.652783 -14.086066 -2.932703  0.000000 -0.808511 -0.588481  0.006192 0.735583 1 64 1.000000
0  -3.771923 -13.865223 -3.236119  0.000000 -0.808511 -0.588481  0.006192 0.735583 1 64 1.000000
0  -3.652783 -13.865223 -3.236119  0.000000 -0.808511 -0.588481  0.006192 0.735583 1 64 1.000000
lowpoly_metal
0  -3.771923 -14.018205 -2.900273  -1.000000 0.000006 -0.000006  0.006192 0.735583 1 64 1.000000
0  -3.771923 -13.814788 -3.150225  -1.000000 0.000006 -0.000006  0.006192 0.735583 1 64 1.000000
0  -3.771923 -13.827281 -3.173346  -1.000000 0.000006 -0.000006  0.006192 0.735583 1 64 1.000000
lowpoly_metal
0  -3.771923 -13.827281 -3.173346  -1.000000 0.000008 0.000008  0.006192 0.735583 1 64 1.000000
0  -3.771923 -13.491919 -3.334871  -1.000000 0.000008 0.000008  0.006192 0.735583 1 64 1.000000
0  -3.771923 -13.500320 -3.359772  -1.000000 0.000008 0.000008  0.006192 0.735583 1 64 1.000000
lowpoly_metal
0  -3.771923 -13.130715 -3.506777  0.000000 -0.004661 -0.999989  0.006192 0.735583 1 64 1.000000
0  -3.652783 -12.749867 -3.508553  0.000000 -0.004661 -0.999989  0.006192 0.735583 1 64 1.000000
0  -3.652783 -13.130715 -3.506778  0.000000 -0.004661 -0.999989  0.006192 0.735583 1 64 1.000000
lowpoly_metal
0  -3.652783 -13.524395 -3.428579  -0.000005 -0.194828 -0.980837  0.006192 0.735583 1 64 1.000000
0  -3.771923 -13.130715 -3.506777  -0.000005 -0.194828 -0.980837  0.006192 0.735583 1 64 1.000000
0  -3.652783 -13.130715 -3.506778  -0.000005 -0.194828 -0.980837  0.006192 0.735583 1 64 1.000000
lowpoly_metal
0  -3.771923 -13.491919 -3.334871  -1.000000 0.000000 0.000009  0.006192 0.735583 1 64 1.000000
0  -3.771923 -13.122844 -3.433713  -1.000000 0.000000 0.000009  0.006192 0.735583 1 64 1.000000
0  -3.771923 -13.500320 -3.359772  -1.000000 0.000000 0.000009  0.006192 0.735583 1 64 1.000000
lowpoly_metal
0  -3.771923 -12.782626 -3.410202  -1.000000 0.000013 -0.000008  0.006192 0.735583 1 64 1.000000
0  -3.771923 -12.487896 -3.221210  -1.000000 0.000013 -0.000008  0.006192 0.735583 1 64 1.000000
0  -3.771923 -12.771145 -3.433841  -1.000000 0.000013 -0.000008  0.006192 0.735583 1 64 1.000000
lowpoly_metal
0  -3.771923 -13.122844 -3.433713  -1.000000 -0.000002 -0.000010  0.006192 0.735583 1 64 1.000000
0  -3.771923 -12.782626 -3.410202  -1.000000 -0.000002 -0.000010  0.006192 0.735583 1 64 1.000000
0  -3.771923 -12.771145 -3.433841  -1.000000 -0.000002 -0.000010  0.006192 0.735583 1 64 1.000000
lowpoly_metal
0  -3.652783 -12.749867 -3.508553  -0.000009 0.586833 -0.809708  0.006192 0.735583 1 64 1.000000
0  -3.771923 -12.436163 -3.281196  -0.000009 0.586833 -0.809708  0.006192 0.735583 1 64 1.000000
0  -3.652783 -12.436162 -3.281196  -0.000009 0.586833 -0.809708  0.006192 0.735583 1 64 1.000000
lowpoly_metal
0  -3.686104 -12.313784 -2.910101  0.000000 0.662167 -0.749356  0.006192 0.735583 1 64 1.000000
0  -3.840624 -11.940991 -2.580682  0.000000 0.662167 -0.749356  0.006192 0.735583 1 64 1.000000
0  -3.686104 -11.940991 -2.580682  0.000000 0.662167 -0.749356  0.006192 0.735583 1 64 1.000000
lowpoly_metal
0  -3.771923 -12.436163 -3.281196  -0.000008 0.949692 -0.313186  0.006192 0.735583 1 64 1.000000
0  -3.686104 -12.313784 -2.910101  -0.000008 0.949692 -0.313186  0.006192 0.735583 1 64 1.000000
0  -3.652783 -12.436162 -3.281196  -0.000008 0.949692 -0.313186  0.006192 0.735583 1 64 1.000000
lowpoly_metal
0  -3.771923 -12.506859 -3.203016  -0.976584 -0.148929 -0.155251  0.006192 0.735583 1 64 1.000000
0  -3.840624 -12.396420 -2.876796  -0.976584 -0.148929 -0.155251  0.006192 0.735583 1 64 1.000000
0  -3.771923 -12.487896 -3.221210  -0.976584 -0.148929 -0.155251  0.006192 0.735583 1 64 1.000000
lowpoly_metal
0  -3.840624 -12.364423 -2.580682  -1.000000 0.000000 0.000000  0.006192 0.735583 1 64 1.000000
0  -3.840624 -12.313784 -2.910101  -1.000000 0.000000 0.000000  0.006192 0.735583 1 64 1.000000
0  -3.840624 -12.396420 -2.876796  -1.000000 0.000000 0.000000  0.006192 0.735583 1 64 1.000000
lowpoly_metal
0  -3.840624 -12.364423 -2.580682  -1.000000 0.000000 0.000001  0.006192 0.735583 1 64 1.000000
0  -3.840625 -12.420794 -2.866972  -1.000000 0.000000 0.000001  0.006192 0.735583 1 64 1.000000
0  -3.840624 -12.489320 -2.580682  -1.000000 0.000000 0.000001  0.006192 0.735583 1 64 1.000000
lowpoly_metal
0  -3.771923 -12.487896 -3.221210  -0.979618 -0.152111 -0.131192  0.006192 0.735583 1 64 1.000000
0  -3.840624 -12.313784 -2.910101  -0.979618 -0.152111 -0.131192  0.006192 0.735583 1 64 1.000000
0  -3.771923 -12.436163 -3.281196  -0.979618 -0.152111 -0.131192  0.006192 0.735583 1 64 1.000000
lowpoly_metal
0  -3.771923 -13.130715 -3.506777  -1.000000 0.000000 0.000000  0.006192 0.735583 1 64 1.000000
0  -3.771923 -12.771145 -3.433841  -1.000000 0.000000 0.000000  0.006192 0.735583 1 64 1.000000
0  -3.771923 -12.749867 -3.508553  -1.000000 0.000000 0.000000  0.006192 0.735583 1 64 1.000000
lowpoly_metal
0  -3.771923 -12.771145 -3.433841  -1.000000 0.000000 -0.000000  0.006192 0.735583 1 64 1.000000
0  -3.771923 -12.436163 -3.281196  -1.000000 0.000000 -0.000000  0.006192 0.735583 1 64 1.000000
0  -3.771923 -12.749867 -3.508553  -1.000000 0.000000 -0.000000  0.006192 0.735583 1 64 1.000000
lowpoly_metal
0  -3.771923 -13.500320 -3.359772  -1.000000 0.000002 0.000000  0.006192 0.735583 1 64 1.000000
0  -3.771923 -13.130715 -3.506777  -1.000000 0.000002 0.000000  0.006192 0.735583 1 64 1.000000
0  -3.771923 -13.524395 -3.428580  -1.000000 0.000002 0.000000  0.006192 0.735583 1 64 1.000000
lowpoly_metal
0  -3.771923 -13.827281 -3.173346  -1.000000 0.000000 0.000000  0.006192 0.735583 1 64 1.000000
0  -3.771923 -13.524395 -3.428580  -1.000000 0.000000 0.000000  0.006192 0.735583 1 64 1.000000
0  -3.771923 -13.865223 -3.236119  -1.000000 0.000000 0.000000  0.006192 0.735583 1 64 1.000000
lowpoly_metal
0  -3.771923 -14.086066 -2.932703  -1.000000 0.000000 0.000000  0.006192 0.735583 1 64 1.000000
0  -3.771923 -13.827281 -3.173346  -1.000000 0.000000 0.000000  0.006192 0.735583 1 64 1.000000
0  -3.771923 -13.865223 -3.236119  -1.000000 0.000000 0.000000  0.006192 0.735583 1 64 1.000000
lowpoly_metal
0  -3.840624 -14.077685 -2.577164  -0.981838 0.000000 -0.189723  0.006192 0.735583 1 64 1.000000
0  -3.771923 -14.086066 -2.932703  -0.981838 0.000000 -0.189723  0.006192 0.735583 1 64 1.000000
0  -3.840624 -14.182254 -2.577164  -0.981838 0.000000 -0.189723  0.006192 0.735583 1 64 1.000000
lowpoly_metal
0  -3.840624 -14.087215 -2.291525  -1.000000 0.000000 0.000000  0.006192 0.735583 1 64 1.000000
0  -3.840624 -14.273732 -2.376616  -1.000000 0.000000 0.000000  0.006192 0.735583 1 64 1.000000
0  -3.840624 -14.581944 -2.277397  -1.000000 0.000000 0.000000  0.006192 0.735583 1 64 1.000000
lowpoly_metal
0  -3.840624 -14.273732 -2.376616  -1.000000 0.000000 0.000001  0.006192 0.735583 1 64 1.000000
0  -3.840624 -14.077685 -2.577164  -1.000000 0.000000 0.000001  0.006192 0.735583 1 64 1.000000
0  -3.840624 -14.182254 -2.577164  -1.000000 0.000000 0.000001  0.006192 0.735583 1 64 1.000000
lowpoly_metal
0  -3.840624 -14.292082 -2.137364  -1.000000 -0.000000 0.000000  0.006192 0.735583 1 64 1.000000
0  -3.840624 -14.087215 -2.291525  -1.000000 -0.000000 0.000000  0.006192 0.735583 1 64 1.000000
0  -3.840624 -14.581944 -2.277397  -1.000000 -0.000000 0.000000  0.006192 0.735583 1 64 1.000000
lowpoly_metal
0  -3.840624 -12.750235 -2.137364  -1.000000 0.000000 0.000000  0.006192 0.735583 1 64 1.000000
0  -3.840624 -12.619501 -2.308358  -1.000000 0.000000 0.000000  0.006192 0.735583 1 64 1.000000
0  -3.840624 -12.988933 -2.137364  -1.000000 0.000000 0.000000  0.006192 0.735583 1 64 1.000000
lowpoly_metal
0  -3.840624 -12.464952 -2.319899  -1.000000 0.000000 0.000000  0.006192 0.735583 1 64 1.000000
0  -3.840624 -12.489320 -2.580682  -1.000000 0.000000 0.000000  0.006192 0.735583 1 64 1.000000
0  -3.840624 -12.619501 -2.308358  -1.000000 0.000000 0.000000  0.006192 0.735583 1 64 1.000000
lowpoly_metal
0  -3.840624 -14.292081 -1.740808  -1.000000 -0.000001 -0.000001  0.006192 0.735583 1 64 1.000000
0  -3.840624 -13.782097 -2.137364  -1.000000 -0.000001 -0.000001  0.006192 0.735583 1 64 1.000000
0  -3.840624 -14.292082 -2.137364  -1.000000 -0.000001 -0.000001  0.006192 0.735583 1 64 1.000000
lowpoly_metal
0  -3.840624 -12.988933 -1.740808  -1.000000 0.000000 0.000000  0.006192 0.735583 1 64 1.000000
0  -3.840624 -12.750235 -2.137364  -1.000000 0.000000 0.000000  0.006192 0.735583 1 64 1.000000
0  -3.840624 -12.988933 -2.137364  -1.000000 0.000000 0.000000  0.006192 0.735583 1 64 1.000000
lowpoly_metal
0  -3.840625 -12.547924 -0.406748  -1.000000 0.000000 0.000000  0.006192 0.735583 1 64 1.000000
0  -3.840624 -12.334766 -0.122344  -1.000000 0.000000 0.000000  0.006192 0.735583 1 64 1.000000
0  -3.840624 -12.134218 -0.445450  -1.000000 0.000000 0.000000  0.006192 0.735583 1 64 1.000000
lowpoly_metal
0  -3.840625 -10.910878 -1.740807  -1.000000 -0.000001 0.000000  0.006192 0.735583 1 64 1.000000
0  -3.840625 -10.692320 -1.242582  -1.000000 -0.000001 0.000000  0.006192 0.735583 1 64 1.000000
0  -3.840625 -10.619276 -1.320614  -1.000000 -0.000001 0.000000  0.006192 0.735583 1 64 1.000000
lowpoly_metal
0  -3.686104 -10.993700 -1.152463  0.000000 0.286490 0.958083  0.006192 0.735583 1 64 1.000000
0  -3.840625 -11.295080 -1.062343  0.000000 0.286490 0.958083  0.006192 0.735583 1 64 1.000000
0  -3.686104 -11.295080 -1.062343  0.000000 0.286490 0.958083  0.006192 0.735583 1 64 1.000000
lowpoly_metal
0  -3.840624 -12.334766 -0.122344  0.000000 1.000000 0.000000  0.006192 0.735583 1 64 1.000000
0  -3.686104 -12.334766 -0.044565  0.000000 1.000000 0.000000  0.006192 0.735583 1 64 1.000000
0  -3.686104 -12.334766 -0.122344  0.000000 1.000000 0.000000  0.006192 0.735583 1 64 1.000000
lowpoly_metal
0  -3.840625 -12.547924 -0.406748  -1.000000 -0.000004 -0.000001  0.006192 0.735583 1 64 1.000000
0  -3.840624 -12.750235 -0.406748  -1.000000 -0.000004 -0.000001  0.006192 0.735583 1 64 1.000000
0  -3.840625 -12.750235 -0.122344  -1.000000 -0.000004 -0.000001  0.006192 0.735583 1 64 1.000000
lowpoly_metal
0  -3.840624 -12.134218 -0.445450  0.000000 0.849640 0.527364  0.006192 0.735583 1 64 1.000000
0  -3.686104 -12.334766 -0.122344  0.000000 0.849640 0.527364  0.006192 0.735583 1 64 1.000000
0  -3.686104 -12.134218 -0.445450  0.000000 0.849640 0.527364  0.006192 0.735583 1 64 1.000000
lowpoly_metal
0  -3.686104 -11.295080 -1.062343  0.000001 0.463767 0.885957  0.006192 0.735583 1 64 1.000000
0  -3.840624 -11.782378 -0.807259  0.000001 0.463767 0.885957  0.006192 0.735583 1 64 1.000000
0  -3.686104 -11.782378 -0.807259  0.000001 0.463767 0.885957  0.006192 0.735583 1 64 1.000000
lowpoly_metal
0  -3.686104 -11.782378 -0.807259  0.000000 0.716913 0.697163  0.006192 0.735583 1 64 1.000000
0  -3.840624 -12.134218 -0.445450  0.000000 0.716913 0.697163  0.006192 0.735583 1 64 1.000000
0  -3.686104 -12.134218 -0.445450  0.000000 0.716913 0.697163  0.006192 0.735583 1 64 1.000000
lowpoly_metal
0  -3.840624 -12.750235 -1.117758  -1.000000 0.000000 -0.000002  0.006192 0.735583 1 64 1.000000
0  -3.840625 -12.143302 -0.975556  -1.000000 0.000000 -0.000002  0.006192 0.735583 1 64 1.000000
0  -3.840624 -12.042147 -1.117758  -1.000000 0.000000 -0.000002  0.006192 0.735583 1 64 1.000000
lowpoly_metal
0  -3.840624 -12.750235 -0.975556  -1.000000 0.000000 0.000001  0.006192 0.735583 1 64 1.000000
0  -3.840624 -12.345613 -0.691152  -1.000000 0.000000 0.000001  0.006192 0.735583 1 64 1.000000
0  -3.840625 -12.143302 -0.975556  -1.000000 0.000000 0.000001  0.006192 0.735583 1 64 1.000000
lowpoly_metal
0  -3.840624 -12.750235 -0.691152  -1.000000 0.000000 -0.000001  0.006192 0.735583 1 64 1.000000
0  -3.840625 -12.547924 -0.406748  -1.000000 0.000000 -0.000001  0.006192 0.735583 1 64 1.000000
0  -3.840624 -12.345613 -0.691152  -1.000000 0.000000 -0.000001  0.006192 0.735583 1 64 1.000000
lowpoly_metal
0  -3.840625 -10.599953 -1.740807  0.000000 0.998944 0.045938  0.006192 0.735583 1 64 1.000000
0  -3.686104 -10.619276 -1.320614  0.000000 0.998944 0.045938  0.006192 0.735583 1 64 1.000000
0  -3.686104 -10.599953 -1.740807  0.000000 0.998944 0.045938  0.006192 0.735583 1 64 1.000000
lowpoly_metal
0  -3.840625 -12.143302 -0.975556  -1.000000 0.000000 0.000001  0.006192 0.735583 1 64 1.000000
0  -3.840624 -11.782378 -0.807259  -1.000000 0.000000 0.000001  0.006192 0.735583 1 64 1.000000
0  -3.840625 -11.295080 -1.062343  -1.000000 0.000000 0.000001  0.006192 0.735583 1 64 1.000000
lowpoly_metal
0  -3.840624 -12.345613 -0.691152  -1.000000 0.000000 0.000000  0.006192 0.735583 1 64 1.000000
0  -3.840624 -12.134218 -0.445450  -1.000000 0.000000 0.000000  0.006192 0.735583 1 64 1.000000
0  -3.840624 -11.782378 -0.807259  -1.000000 0.000000 0.000000  0.006192 0.735583 1 64 1.000000
lowpoly_metal
0  -3.840624 -12.042147 -1.117758  -1.000000 0.000000 -0.000001  0.006192 0.735583 1 64 1.000000
0  -3.840625 -11.295080 -1.062343  -1.000000 0.000000 -0.000001  0.006192 0.735583 1 64 1.000000
0  -3.840625 -10.993700 -1.152463  -1.000000 0.000000 -0.000001  0.006192 0.735583 1 64 1.000000
lowpoly_metal
0  -3.686104 -12.334766 -0.044565  0.000000 1.000000 0.000000  0.006192 0.735583 1 64 1.000000
0  -3.751486 -12.334766 0.046138  0.000000 1.000000 0.000000  0.006192 0.735583 1 64 1.000000
0  -3.642871 -12.334766 0.046138  0.000000 1.000000 0.000000  0.006192 0.735583 1 64 1.000000
lowpoly_metal
0  -3.840625 -14.506701 -0.044565  -0.713227 -0.000000 0.700933  0.006192 0.735583 1 64 1.000000
0  -3.751486 -15.217511 0.046138  -0.713227 -0.000000 0.700933  0.006192 0.735583 1 64 1.000000
0  -3.751486 -14.506701 0.046138  -0.713227 -0.000000 0.700933  0.006192 0.735583 1 64 1.000000
lowpoly_metal
0  -3.840625 -12.750235 -0.122344  -1.000000 0.000000 0.000000  0.006192 0.735583 1 64 1.000000
0  -3.840624 -12.334766 -0.044565  -1.000000 0.000000 0.000000  0.006192 0.735583 1 64 1.000000
0  -3.840624 -12.334766 -0.122344  -1.000000 0.000000 0.000000  0.006192 0.735583 1 64 1.000000
lowpoly_metal
0  -3.540584 -13.941289 -2.295692  0.000000 0.936330 -0.351122  0.006192 0.735583 1 64 1.000000
0  -3.840624 -14.046841 -2.577164  0.000000 0.936330 -0.351122  0.006192 0.735583 1 64 1.000000
0  -3.840624 -13.941289 -2.295692  0.000000 0.936330 -0.351122  0.006192 0.735583 1 64 1.000000
lowpoly_metal
0  -3.840625 -14.506701 -0.122344  -1.000000 -0.000000 0.000000  0.006192 0.735583 1 64 1.000000
0  -3.840625 -15.217511 -0.044565  -1.000000 -0.000000 0.000000  0.006192 0.735583 1 64 1.000000
0  -3.840625 -14.506701 -0.044565  -1.000000 -0.000000 0.000000  0.006192 0.735583 1 64 1.000000
lowpoly_metal
0  -3.540584 -13.631670 -2.137364  0.000000 0.455290 -0.890343  0.006192 0.735583 1 64 1.000000
0  -3.840624 -13.941289 -2.295692  0.000000 0.455290 -0.890343  0.006192 0.735583 1 64 1.000000
0  -3.840624 -13.631670 -2.137364  0.000000 0.455290 -0.890343  0.006192 0.735583 1 64 1.000000
lowpoly_metal
0  -3.642871 -12.334766 0.046138  0.000000 -0.000001 1.000000  0.006192 0.735583 1 64 1.000000
0  -3.751486 -12.750235 0.046138  0.000000 -0.000001 1.000000  0.006192 0.735583 1 64 1.000000
0  -3.642872 -12.750235 0.046138  0.000000 -0.000001 1.000000  0.006192 0.735583 1 64 1.000000
lowpoly_metal
0  -3.751486 -14.506701 0.046138  -0.000001 0.000000 1.000000  0.006192 0.735583 1 64 1.000000
0  -3.642871 -15.217511 0.046138  -0.000001 0.000000 1.000000  0.006192 0.735583 1 64 1.000000
0  -3.642872 -14.506701 0.046138  -0.000001 0.000000 1.000000  0.006192 0.735583 1 64 1.000000
lowpoly_metal
0  -3.540584 -14.046841 -2.577164  0.000000 0.988174 0.153339  0.006192 0.735583 1 64 1.000000
0  -3.771923 -13.998188 -2.890707  0.000000 0.988174 0.153339  0.006192 0.735583 1 64 1.000000
0  -3.840624 -14.046841 -2.577164  0.000000 0.988174 0.153339  0.006192 0.735583 1 64 1.000000
lowpoly_metal
0  -3.771923 -13.998188 -2.890707  0.000000 0.816655 0.577127  0.006192 0.735583 1 64 1.000000
0  -3.540584 -13.814788 -3.150225  0.000000 0.816655 0.577127  0.006192 0.735583 1 64 1.000000
0  -3.771923 -13.814788 -3.150225  0.000000 0.816655 0.577127  0.006192 0.735583 1 64 1.000000
lowpoly_metal
0  -3.840624 -12.334766 -0.044565  -0.713231 0.000000 0.700929  0.006192 0.735583 1 64 1.000000
0  -3.751486 -12.750235 0.046138  -0.713231 0.000000 0.700929  0.006192 0.735583 1 64 1.000000
0  -3.751486 -12.334766 0.046138  -0.713231 0.000000 0.700929  0.006192 0.735583 1 64 1.000000
lowpoly_metal
0  -3.751486 -12.750235 0.046138  0.000000 -0.000000 1.000000  0.006192 0.735583 1 64 1.000000
0  -3.642872 -14.506701 0.046138  0.000000 -0.000000 1.000000  0.006192 0.735583 1 64 1.000000
0  -3.642872 -12.750235 0.046138  0.000000 -0.000000 1.000000  0.006192 0.735583 1 64 1.000000
lowpoly_metal
0  -3.540584 -13.491918 -3.334871  0.000000 0.191771 0.981440  0.006192 0.735583 1 64 1.000000
0  -3.771923 -13.119421 -3.407657  0.000000 0.191771 0.981440  0.006192 0.735583 1 64 1.000000
0  -3.771923 -13.491919 -3.334871  0.000000 0.191771 0.981440  0.006192 0.735583 1 64 1.000000
lowpoly_metal
0  -3.840625 -12.750235 -0.122344  -1.000000 0.000001 0.000003  0.006192 0.735583 1 64 1.000000
0  -3.840625 -14.506701 -0.044565  -1.000000 0.000001 0.000003  0.006192 0.735583 1 64 1.000000
0  -3.840624 -12.750235 -0.044565  -1.000000 0.000001 0.000003  0.006192 0.735583 1 64 1.000000
lowpoly_metal
0  -3.540584 -13.814788 -3.150225  0.000000 0.496438 0.868072  0.006192 0.735583 1 64 1.000000
0  -3.771923 -13.491919 -3.334871  0.000000 0.496438 0.868072  0.006192 0.735583 1 64 1.000000
0  -3.771923 -13.814788 -3.150225  0.000000 0.496438 0.868072  0.006192 0.735583 1 64 1.000000
lowpoly_metal
0  -3.840624 -12.750235 -0.044565  -0.713231 0.000000 0.700929  0.006192 0.735583 1 64 1.000000
0  -3.751486 -14.506701 0.046138  -0.713231 0.000000 0.700929  0.006192 0.735583 1 64 1.000000
0  -3.751486 -12.750235 0.046138  -0.713231 0.000000 0.700929  0.006192 0.735583 1 64 1.000000
lowpoly_metal
0  -3.540584 -13.119420 -3.407657  0.000000 0.007556 0.999972  0.006192 0.735583 1 64 1.000000
0  -3.771923 -12.782626 -3.410202  0.000000 0.007556 0.999972  0.006192 0.735583 1 64 1.000000
0  -3.771923 -13.119421 -3.407657  0.000000 0.007556 0.999972  0.006192 0.735583 1 64 1.000000
lowpoly_metal
0  -3.771923 -12.506859 -3.203016  0.000000 -0.968733 0.248106  0.006192 0.735583 1 64 1.000000
0  -3.540584 -12.420794 -2.866972  0.000000 -0.968733 0.248106  0.006192 0.735583 1 64 1.000000
0  -3.840625 -12.420794 -2.866972  0.000000 -0.968733 0.248106  0.006192 0.735583 1 64 1.000000
lowpoly_metal
0  -3.540584 -12.782626 -3.410201  -0.000001 -0.600667 0.799499  0.006192 0.735583 1 64 1.000000
0  -3.771923 -12.506859 -3.203016  -0.000001 -0.600667 0.799499  0.006192 0.735583 1 64 1.000000
0  -3.771923 -12.782626 -3.410202  -0.000001 -0.600667 0.799499  0.006192 0.735583 1 64 1.000000
lowpoly_metal
0  -3.869821 -14.506701 -0.831962  -1.000000 0.000001 0.000000  0.006192 0.735583 1 64 1.000000
0  -3.869822 -15.217511 -1.365512  -1.000000 0.000001 0.000000  0.006192 0.735583 1 64 1.000000
0  -3.869822 -15.217511 -0.831962  -1.000000 0.000001 0.000000  0.006192 0.735583 1 64 1.000000
lowpoly_metal
0  -3.840624 -15.041738 -1.740808  -1.000000 0.000000 -0.000001  0.006192 0.735583 1 64 1.000000
0  -3.840624 -14.524118 -2.137364  -1.000000 0.000000 -0.000001  0.006192 0.735583 1 64 1.000000
0  -3.840624 -15.041738 -2.137364  -1.000000 0.000000 -0.000001  0.006192 0.735583 1 64 1.000000
lowpoly_metal
0  -3.540584 -15.000867 -2.280185  0.000000 0.005356 -0.999986  0.006192 0.735583 1 64 1.000000
0  -3.686103 -14.724261 -2.278704  0.000000 0.005356 -0.999986  0.006192 0.735583 1 64 1.000000
0  -3.540584 -14.724261 -2.278703  0.000000 0.005356 -0.999986  0.006192 0.735583 1 64 1.000000
lowpoly_metal
0  -3.540584 -15.217512 -0.044565  -0.000007 -1.000000 0.000009  0.006192 0.735583 1 64 1.000000
0  -3.642871 -15.217511 0.046138  -0.000007 -1.000000 0.000009  0.006192 0.735583 1 64 1.000000
0  -3.686104 -15.217511 -0.044565  -0.000007 -1.000000 0.000009  0.006192 0.735583 1 64 1.000000
lowpoly_metal
0  -3.671115 -15.217512 -0.122344  -0.000006 -1.000000 0.000000  0.006192 0.735583 1 64 1.000000
0  -3.686104 -15.217511 -0.044565  -0.000006 -1.000000 0.000000  0.006192 0.735583 1 64 1.000000
0  -3.840625 -15.217511 -0.122344  -0.000006 -1.000000 0.000000  0.006192 0.735583 1 64 1.000000
lowpoly_metal
0  -3.540585 -10.692320 -1.242582  0.000000 0.730059 0.683384  0.006192 0.735583 1 64 1.000000
0  -3.686104 -10.619276 -1.320614  0.000000 0.730059 0.683384  0.006192 0.735583 1 64 1.000000
0  -3.686104 -10.692320 -1.242583  0.000000 0.730059 0.683384  0.006192 0.735583 1 64 1.000000
lowpoly_metal
0  -3.686104 -11.940991 -2.137364  0.000000 1.000000 0.000000  0.006192 0.735583 1 64 1.000000
0  -3.540584 -11.940991 -2.359023  0.000000 1.000000 0.000000  0.006192 0.735583 1 64 1.000000
0  -3.686104 -11.940991 -2.359023  0.000000 1.000000 0.000000  0.006192 0.735583 1 64 1.000000
lowpoly_metal
0  -3.686104 -11.940991 -2.359023  0.000000 1.000000 0.000000  0.006192 0.735583 1 64 1.000000
0  -3.540584 -11.940991 -2.580682  0.000000 1.000000 0.000000  0.006192 0.735583 1 64 1.000000
0  -3.686104 -11.940991 -2.580682  0.000000 1.000000 0.000000  0.006192 0.735583 1 64 1.000000
lowpoly_metal
0  -3.686104 -10.599953 -1.740807  -0.000007 0.926531 0.376219  0.006192 0.735583 1 64 1.000000
0  -3.540585 -10.501082 -1.984298  -0.000007 0.926531 0.376219  0.006192 0.735583 1 64 1.000000
0  -3.686104 -10.501083 -1.984298  -0.000007 0.926531 0.376219  0.006192 0.735583 1 64 1.000000
lowpoly_metal
0  -3.544080 -15.041738 -1.740808  0.000000 -0.998542 -0.053982  0.006192 0.735583 1 64 1.000000
0  -3.686103 -15.049593 -1.595484  0.000000 -0.998542 -0.053982  0.006192 0.735583 1 64 1.000000
0  -3.686103 -15.041738 -1.740808  0.000000 -0.998542 -0.053982  0.006192 0.735583 1 64 1.000000
lowpoly_metal
0  -3.540584 -15.041738 -2.137364  0.000000 -1.000000 0.000000  0.006192 0.735583 1 64 1.000000
0  -3.540584 -15.041738 -2.123429  0.000000 -1.000000 0.000000  0.006192 0.735583 1 64 1.000000
0  -3.544080 -15.041738 -2.123429  0.000000 -1.000000 0.000000  0.006192 0.735583 1 64 1.000000
lowpoly_metal
0  -3.686103 -15.049593 -1.595484  0.000000 -0.807624 -0.589698  0.006192 0.735583 1 64 1.000000
0  -3.544080 -15.217511 -1.365512  0.000000 -0.807624 -0.589698  0.006192 0.735583 1 64 1.000000
0  -3.700264 -15.217511 -1.365512  0.000000 -0.807624 -0.589698  0.006192 0.735583 1 64 1.000000
lowpoly_metal
0  -3.840624 -12.750235 -1.259960  0.000000 -1.000000 0.000000  0.006192 0.735583 1 64 1.000000
0  -3.540584 -12.750235 -1.117758  0.000000 -1.000000 0.000000  0.006192 0.735583 1 64 1.000000
0  -3.840624 -12.750235 -1.117758  0.000000 -1.000000 0.000000  0.006192 0.735583 1 64 1.000000
lowpoly_metal
0  -3.840624 -12.750235 -0.975556  0.000000 -1.000000 0.000000  0.006192 0.735583 1 64 1.000000
0  -3.540584 -12.750235 -0.691152  0.000000 -1.000000 0.000000  0.006192 0.735583 1 64 1.000000
0  -3.840624 -12.750235 -0.691152  0.000000 -1.000000 0.000000  0.006192 0.735583 1 64 1.000000
lowpoly_metal
0  -3.840624 -14.507286 -1.740808  0.000000 0.000000 1.000000  0.006192 0.735583 1 64 1.000000
0  -3.544080 -14.494767 -1.740808  0.000000 0.000000 1.000000  0.006192 0.735583 1 64 1.000000
0  -3.840624 -14.292081 -1.740808  0.000000 0.000000 1.000000  0.006192 0.735583 1 64 1.000000
lowpoly_metal
0  -3.840624 -12.750235 -0.406748  0.000000 -1.000000 0.000007  0.006192 0.735583 1 64 1.000000
0  -3.611683 -12.750235 -0.324775  0.000000 -1.000000 0.000007  0.006192 0.735583 1 64 1.000000
0  -3.840625 -12.750235 -0.122344  0.000000 -1.000000 0.000007  0.006192 0.735583 1 64 1.000000
lowpoly_metal
0  -3.840624 -12.988933 -1.740808  -0.000001 -0.000000 1.000000  0.006192 0.735583 1 64 1.000000
0  -3.540584 -13.631670 -1.740808  -0.000001 -0.000000 1.000000  0.006192 0.735583 1 64 1.000000
0  -3.540584 -12.988933 -1.740808  -0.000001 -0.000000 1.000000  0.006192 0.735583 1 64 1.000000
lowpoly_metal
0  -3.540584 -12.750235 -0.122344  -0.000001 0.000000 -1.000000  0.006192 0.735583 1 64 1.000000
0  -3.540584 -14.506701 -0.122344  -0.000001 0.000000 -1.000000  0.006192 0.735583 1 64 1.000000
0  -3.631448 -14.506701 -0.122344  -0.000001 0.000000 -1.000000  0.006192 0.735583 1 64 1.000000
lowpoly_metal
0  -3.840624 -12.988933 -1.740808  0.000001 -0.000000 1.000000  0.006192 0.735583 1 64 1.000000
0  -3.540584 -12.750235 -1.740808  0.000001 -0.000000 1.000000  0.006192 0.735583 1 64 1.000000
0  -3.840624 -12.750235 -1.740808  0.000001 -0.000000 1.000000  0.006192 0.735583 1 64 1.000000
lowpoly_metal
0  -3.869821 -14.506701 -0.831962  0.000000 1.000000 -0.000004  0.006192 0.735583 1 64 1.000000
0  -3.740664 -14.506701 -0.542120  0.000000 1.000000 -0.000004  0.006192 0.735583 1 64 1.000000
0  -3.643802 -14.506701 -0.765491  0.000000 1.000000 -0.000004  0.006192 0.735583 1 64 1.000000
lowpoly_metal
0  -3.840624 -12.750235 -1.740808  0.000000 -1.000000 0.000000  0.006192 0.735583 1 64 1.000000
0  -3.540584 -12.750235 -1.259960  0.000000 -1.000000 0.000000  0.006192 0.735583 1 64 1.000000
0  -3.840624 -12.750235 -1.259960  0.000000 -1.000000 0.000000  0.006192 0.735583 1 64 1.000000
lowpoly_metal
0  -3.840624 -14.292081 -1.740808  0.000000 -0.000000 1.000000  0.006192 0.735583 1 64 1.000000
0  -3.540584 -13.782097 -1.740808  0.000000 -0.000000 1.000000  0.006192 0.735583 1 64 1.000000
0  -3.840624 -13.782097 -1.740808  0.000000 -0.000000 1.000000  0.006192 0.735583 1 64 1.000000
lowpoly_metal
0  -3.840624 -13.631670 -1.740808  0.000000 -0.000001 1.000000  0.006192 0.735583 1 64 1.000000
0  -3.540584 -13.782097 -1.740808  0.000000 -0.000001 1.000000  0.006192 0.735583 1 64 1.000000
0  -3.540584 -13.631670 -1.740808  0.000000 -0.000001 1.000000  0.006192 0.735583 1 64 1.000000
lowpoly_metal
0  -3.840624 -12.750235 -0.691152  0.000000 -1.000000 0.000000  0.006192 0.735583 1 64 1.000000
0  -3.540584 -12.750235 -0.406748  0.000000 -1.000000 0.000000  0.006192 0.735583 1 64 1.000000
0  -3.840624 -12.750235 -0.406748  0.000000 -1.000000 0.000000  0.006192 0.735583 1 64 1.000000
lowpoly_metal
0  -3.544080 -14.507043 -1.595937  0.000000 0.999999 -0.001693  0.006192 0.735583 1 64 1.000000
0  -3.840624 -14.507286 -1.740808  0.000000 0.999999 -0.001693  0.006192 0.735583 1 64 1.000000
0  -3.840624 -14.507043 -1.595937  0.000000 0.999999 -0.001693  0.006192 0.735583 1 64 1.000000
lowpoly_metal
0  -3.742564 -15.217511 -0.594255  -0.000005 -1.000000 0.000011  0.006192 0.735583 1 64 1.000000
0  -3.869822 -15.217511 -0.831962  -0.000005 -1.000000 0.000011  0.006192 0.735583 1 64 1.000000
0  -3.643802 -15.217512 -0.765491  -0.000005 -1.000000 0.000011  0.006192 0.735583 1 64 1.000000
lowpoly_metal
0  -3.540584 -15.217512 -0.122344  0.000000 0.052052 0.998644  0.006192 0.735583 1 64 1.000000
0  -3.671115 -15.217512 -0.122344  0.000000 0.052052 0.998644  0.006192 0.735583 1 64 1.000000
0  -3.840625 -15.217511 -0.122344  0.000000 0.052052 0.998644  0.006192 0.735583 1 64 1.000000
lowpoly_metal
0  -3.744635 -15.217511 -0.164623  -0.000006 -1.000000 0.000000  0.006192 0.735583 1 64 1.000000
0  -3.671115 -15.217512 -0.122344  -0.000006 -1.000000 0.000000  0.006192 0.735583 1 64 1.000000
0  -3.840625 -15.217511 -0.122344  -0.000006 -1.000000 0.000000  0.006192 0.735583 1 64 1.000000
lowpoly_metal
0  -3.840625 -14.506701 -0.122344  -0.695269 -0.000000 0.718750  0.006192 0.735583 1 64 1.000000
0  -3.961575 -15.217511 -0.239343  -0.695269 -0.000000 0.718750  0.006192 0.735583 1 64 1.000000
0  -3.840625 -15.217511 -0.122344  -0.695269 -0.000000 0.718750  0.006192 0.735583 1 64 1.000000
lowpoly_metal
0  -3.961575 -14.506701 -0.627873  -0.912066 0.000001 -0.410042  0.006192 0.735583 1 64 1.000000
0  -3.869822 -15.217511 -0.831962  -0.912066 0.000001 -0.410042  0.006192 0.735583 1 64 1.000000
0  -3.961575 -15.217511 -0.627873  -0.912066 0.000001 -0.410042  0.006192 0.735583 1 64 1.000000
lowpoly_metal
0  -3.961575 -14.506701 -0.239343  -1.000000 0.000000 0.000000  0.006192 0.735583 1 64 1.000000
0  -3.961575 -15.217511 -0.627873  -1.000000 0.000000 0.000000  0.006192 0.735583 1 64 1.000000
0  -3.961575 -15.217511 -0.239343  -1.000000 0.000000 0.000000  0.006192 0.735583 1 64 1.000000
lowpoly_metal
0  -3.544080 -14.506701 -1.365512  0.000000 0.999999 -0.001484  0.006192 0.735583 1 64 1.000000
0  -3.840624 -14.507043 -1.595937  0.000000 0.999999 -0.001484  0.006192 0.735583 1 64 1.000000
0  -3.869821 -14.506701 -1.365512  0.000000 0.999999 -0.001484  0.006192 0.735583 1 64 1.000000
lowpoly_metal
0  -3.840624 -15.041738 -1.740808  -1.000000 0.000000 -0.000002  0.006192 0.735583 1 64 1.000000
0  -3.840624 -14.507043 -1.595937  -1.000000 0.000000 -0.000002  0.006192 0.735583 1 64 1.000000
0  -3.840624 -14.507286 -1.740808  -1.000000 0.000000 -0.000002  0.006192 0.735583 1 64 1.000000
lowpoly_metal
0  -3.840624 -15.049593 -1.595484  -0.992068 -0.000106 -0.125703  0.006192 0.735583 1 64 1.000000
0  -3.869821 -14.506701 -1.365512  -0.992068 -0.000106 -0.125703  0.006192 0.735583 1 64 1.000000
0  -3.840624 -14.507043 -1.595937  -0.992068 -0.000106 -0.125703  0.006192 0.735583 1 64 1.000000
lowpoly_metal
0  -3.840624 -15.049593 -1.595484  0.000000 -0.807621 -0.589702  0.006192 0.735583 1 64 1.000000
0  -3.700264 -15.217511 -1.365512  0.000000 -0.807621 -0.589702  0.006192 0.735583 1 64 1.000000
0  -3.869822 -15.217511 -1.365512  0.000000 -0.807621 -0.589702  0.006192 0.735583 1 64 1.000000
lowpoly_metal
0  -3.840624 -15.041738 -2.137364  0.000000 -1.000000 0.000000  0.006192 0.735583 1 64 1.000000
0  -3.686103 -15.041738 -1.740808  0.000000 -1.000000 0.000000  0.006192 0.735583 1 64 1.000000
0  -3.840624 -15.041738 -1.740808  0.000000 -1.000000 0.000000  0.006192 0.735583 1 64 1.000000
lowpoly_metal
0  -3.686103 -15.041738 -1.740808  -0.000000 -0.998542 -0.053986  0.006192 0.735583 1 64 1.000000
0  -3.840624 -15.049593 -1.595484  -0.000000 -0.998542 -0.053986  0.006192 0.735583 1 64 1.000000
0  -3.840624 -15.041738 -1.740808  -0.000000 -0.998542 -0.053986  0.006192 0.735583 1 64 1.000000
lowpoly_metal
0  -3.840625 -10.599953 -1.740807  0.000001 0.926531 0.376218  0.006192 0.735583 1 64 1.000000
0  -3.686104 -10.501083 -1.984298  0.000001 0.926531 0.376218  0.006192 0.735583 1 64 1.000000
0  -3.840625 -10.501083 -1.984298  0.000001 0.926531 0.376218  0.006192 0.735583 1 64 1.000000
lowpoly_metal
0  -3.840624 -11.940991 -2.359023  0.000000 1.000000 0.000000  0.006192 0.735583 1 64 1.000000
0  -3.686104 -11.940991 -2.580682  0.000000 1.000000 0.000000  0.006192 0.735583 1 64 1.000000
0  -3.840624 -11.940991 -2.580682  0.000000 1.000000 0.000000  0.006192 0.735583 1 64 1.000000
lowpoly_metal
0  -3.686104 -11.940991 -2.137364  0.000000 1.000000 0.000000  0.006192 0.735583 1 64 1.000000
0  -3.840624 -11.940991 -2.359023  0.000000 1.000000 0.000000  0.006192 0.735583 1 64 1.000000
0  -3.840624 -11.940991 -2.137364  0.000000 1.000000 0.000000  0.006192 0.735583 1 64 1.000000
lowpoly_metal
0  -3.840625 -10.692320 -1.242582  0.000000 0.730055 0.683388  0.006192 0.735583 1 64 1.000000
0  -3.686104 -10.619276 -1.320614  0.000000 0.730055 0.683388  0.006192 0.735583 1 64 1.000000
0  -3.840625 -10.619276 -1.320614  0.000000 0.730055 0.683388  0.006192 0.735583 1 64 1.000000
lowpoly_metal
0  -3.686104 -15.217511 -0.044565  0.000000 -1.000000 0.000017  0.006192 0.735583 1 64 1.000000
0  -3.751486 -15.217511 0.046138  0.000000 -1.000000 0.000017  0.006192 0.735583 1 64 1.000000
0  -3.840625 -15.217511 -0.044565  0.000000 -1.000000 0.000017  0.006192 0.735583 1 64 1.000000
lowpoly_metal
0  -3.642872 -12.750235 0.046138  0.000001 0.000000 1.000000  0.006192 0.735583 1 64 1.000000
0  -3.540584 -14.506701 0.046138  0.000001 0.000000 1.000000  0.006192 0.735583 1 64 1.000000
0  -3.540585 -12.750235 0.046138  0.000001 0.000000 1.000000  0.006192 0.735583 1 64 1.000000
lowpoly_metal
0  -3.540584 -14.506701 0.046138  0.000002 -0.000000 1.000000  0.006192 0.735583 1 64 1.000000
0  -3.642871 -15.217511 0.046138  0.000002 -0.000000 1.000000  0.006192 0.735583 1 64 1.000000
0  -3.540584 -15.217512 0.046138  0.000002 -0.000000 1.000000  0.006192 0.735583 1 64 1.000000
lowpoly_metal
0  -3.540585 -12.334766 0.046138  0.000001 -0.000001 1.000000  0.006192 0.735583 1 64 1.000000
0  -3.642872 -12.750235 0.046138  0.000001 -0.000001 1.000000  0.006192 0.735583 1 64 1.000000
0  -3.540585 -12.750235 0.046138  0.000001 -0.000001 1.000000  0.006192 0.735583 1 64 1.000000
lowpoly_metal
0  -3.540585 -12.334766 -0.044565  0.000000 1.000000 0.000000  0.006192 0.735583 1 64 1.000000
0  -3.642871 -12.334766 0.046138  0.000000 1.000000 0.000000  0.006192 0.735583 1 64 1.000000
0  -3.540585 -12.334766 0.046138  0.000000 1.000000 0.000000  0.006192 0.735583 1 64 1.000000
lowpoly_metal
0  -3.686104 -10.599953 -1.740807  0.000000 0.998944 0.045938  0.006192 0.735583 1 64 1.000000
0  -3.540585 -10.619276 -1.320614  0.000000 0.998944 0.045938  0.006192 0.735583 1 64 1.000000
0  -3.540585 -10.599953 -1.740807  0.000000 0.998944 0.045938  0.006192 0.735583 1 64 1.000000
lowpoly_metal
0  -3.652783 -12.436162 -3.281196  0.000010 0.949691 -0.313189  0.006192 0.735583 1 64 1.000000
0  -3.540584 -12.313784 -2.910100  0.000010 0.949691 -0.313189  0.006192 0.735583 1 64 1.000000
0  -3.540584 -12.436163 -3.281196  0.000010 0.949691 -0.313189  0.006192 0.735583 1 64 1.000000
lowpoly_metal
0  -3.540584 -12.313784 -2.910100  0.000000 0.662168 -0.749356  0.006192 0.735583 1 64 1.000000
0  -3.686104 -11.940991 -2.580682  0.000000 0.662168 -0.749356  0.006192 0.735583 1 64 1.000000
0  -3.540584 -11.940991 -2.580682  0.000000 0.662168 -0.749356  0.006192 0.735583 1 64 1.000000
lowpoly_metal
0  -3.652783 -12.749867 -3.508553  0.000000 0.586839 -0.809703  0.006192 0.735583 1 64 1.000000
0  -3.540584 -12.436163 -3.281196  0.000000 0.586839 -0.809703  0.006192 0.735583 1 64 1.000000
0  -3.540584 -12.749867 -3.508553  0.000000 0.586839 -0.809703  0.006192 0.735583 1 64 1.000000
lowpoly_metal
0  -3.540584 -13.524395 -3.428579  0.000000 -0.194827 -0.980838  0.006192 0.735583 1 64 1.000000
0  -3.652783 -13.130715 -3.506778  0.000000 -0.194827 -0.980838  0.006192 0.735583 1 64 1.000000
0  -3.540584 -13.130715 -3.506778  0.000000 -0.194827 -0.980838  0.006192 0.735583 1 64 1.000000
lowpoly_metal
0  -3.540584 -13.130715 -3.506778  0.000000 -0.004661 -0.999989  0.006192 0.735583 1 64 1.000000
0  -3.652783 -12.749867 -3.508553  0.000000 -0.004661 -0.999989  0.006192 0.735583 1 64 1.000000
0  -3.540584 -12.749867 -3.508553  0.000000 -0.004661 -0.999989  0.006192 0.735583 1 64 1.000000
lowpoly_metal
0  -3.652783 -14.086066 -2.932703  0.000000 -0.808513 -0.588479  0.006192 0.735583 1 64 1.000000
0  -3.540584 -13.865223 -3.236119  0.000000 -0.808513 -0.588479  0.006192 0.735583 1 64 1.000000
0  -3.540584 -14.086066 -2.932703  0.000000 -0.808513 -0.588479  0.006192 0.735583 1 64 1.000000
lowpoly_metal
0  -3.652783 -13.865223 -3.236119  -0.000005 -0.491705 -0.870762  0.006192 0.735583 1 64 1.000000
0  -3.540584 -13.524395 -3.428579  -0.000005 -0.491705 -0.870762  0.006192 0.735583 1 64 1.000000
0  -3.540584 -13.865223 -3.236119  -0.000005 -0.491705 -0.870762  0.006192 0.735583 1 64 1.000000
lowpoly_metal
0  -3.686103 -14.581944 -2.277397  0.000003 -0.306432 -0.951892  0.006192 0.735583 1 64 1.000000
0  -3.540584 -14.273732 -2.376616  0.000003 -0.306432 -0.951892  0.006192 0.735583 1 64 1.000000
0  -3.540584 -14.581944 -2.277397  0.000003 -0.306432 -0.951892  0.006192 0.735583 1 64 1.000000
lowpoly_metal
0  -3.540584 -14.273732 -2.376616  0.000000 -0.909819 -0.415005  0.006192 0.735583 1 64 1.000000
0  -3.686103 -14.182254 -2.577164  0.000000 -0.909819 -0.415005  0.006192 0.735583 1 64 1.000000
0  -3.540584 -14.182254 -2.577164  0.000000 -0.909819 -0.415005  0.006192 0.735583 1 64 1.000000
lowpoly_metal
0  -3.540584 -14.182254 -2.577164  0.000000 -0.965297 -0.261155  0.006192 0.735583 1 64 1.000000
0  -3.652783 -14.086066 -2.932703  0.000000 -0.965297 -0.261155  0.006192 0.735583 1 64 1.000000
0  -3.540584 -14.086066 -2.932703  0.000000 -0.965297 -0.261155  0.006192 0.735583 1 64 1.000000
lowpoly_metal
0  -3.540584 -14.724261 -2.278703  0.000003 0.009182 -0.999958  0.006192 0.735583 1 64 1.000000
0  -3.686103 -14.581944 -2.277397  0.000003 0.009182 -0.999958  0.006192 0.735583 1 64 1.000000
0  -3.540584 -14.581944 -2.277397  0.000003 0.009182 -0.999958  0.006192 0.735583 1 64 1.000000
lowpoly_metal
0  -3.686104 -10.796972 -2.010668  0.000000 -0.926097 -0.377286  0.006192 0.735583 1 64 1.000000
0  -3.540585 -10.690455 -2.272127  0.000000 -0.926097 -0.377286  0.006192 0.735583 1 64 1.000000
0  -3.540585 -10.796972 -2.010668  0.000000 -0.926097 -0.377286  0.006192 0.735583 1 64 1.000000
lowpoly_metal
0  -3.686104 -10.692320 -1.242583  -0.000001 0.286490 0.958083  0.006192 0.735583 1 64 1.000000
0  -3.540585 -10.993700 -1.152463  -0.000001 0.286490 0.958083  0.006192 0.735583 1 64 1.000000
0  -3.540585 -10.692320 -1.242582  -0.000001 0.286490 0.958083  0.006192 0.735583 1 64 1.000000
lowpoly_metal
0  -3.840624 -12.750235 -0.975556  0.000000 -1.000000 0.000000  0.006192 0.735583 1 64 1.000000
0  -3.540584 -12.750235 -1.117758  0.000000 -1.000000 0.000000  0.006192 0.735583 1 64 1.000000
0  -3.540584 -12.750235 -0.975556  0.000000 -1.000000 0.000000  0.006192 0.735583 1 64 1.000000
lowpoly_metal
0  -3.840624 -11.940991 -1.259960  -1.000000 -0.000001 0.000001  0.006192 0.735583 1 64 1.000000
0  -3.840625 -10.993700 -1.152463  -1.000000 -0.000001 0.000001  0.006192 0.735583 1 64 1.000000
0  -3.840625 -10.692320 -1.242582  -1.000000 -0.000001 0.000001  0.006192 0.735583 1 64 1.000000
lowpoly_metal
0  -3.840624 -12.750235 -1.259960  -1.000000 0.000000 0.000000  0.006192 0.735583 1 64 1.000000
0  -3.840624 -12.042147 -1.117758  -1.000000 0.000000 0.000000  0.006192 0.735583 1 64 1.000000
0  -3.840624 -11.940991 -1.259960  -1.000000 0.000000 0.000000  0.006192 0.735583 1 64 1.000000
lowpoly_metal
0  -3.686104 -10.692320 -1.242583  0.000000 0.286490 0.958083  0.006192 0.735583 1 64 1.000000
0  -3.840625 -10.993700 -1.152463  0.000000 0.286490 0.958083  0.006192 0.735583 1 64 1.000000
0  -3.686104 -10.993700 -1.152463  0.000000 0.286490 0.958083  0.006192 0.735583 1 64 1.000000
lowpoly_metal
0  -3.686104 -11.782378 -0.807259  1.000000 0.000000 0.000000  0.006192 0.735583 1 64 1.000000
0  -3.686104 -12.483750 -0.899038  1.000000 0.000000 0.000000  0.006192 0.735583 1 64 1.000000
0  -3.686104 -12.131910 -1.260847  1.000000 0.000000 0.000000  0.006192 0.735583 1 64 1.000000
lowpoly_metal
0  -3.611683 -12.331024 -0.324775  0.000004 0.999911 0.013356  0.006192 0.735583 1 64 1.000000
0  -3.576134 -12.330202 -0.386348  0.000004 0.999911 0.013356  0.006192 0.735583 1 64 1.000000
0  -3.686104 -12.328709 -0.498153  0.000004 0.999911 0.013356  0.006192 0.735583 1 64 1.000000
lowpoly_metal
0  -3.686104 -12.334766 -0.122344  -1.000000 0.000253 0.000000  0.006192 0.735583 1 64 1.000000
0  -3.686104 -12.328709 -0.498153  -1.000000 0.000253 0.000000  0.006192 0.735583 1 64 1.000000
0  -3.686104 -12.328709 -0.575932  -1.000000 0.000253 0.000000  0.006192 0.735583 1 64 1.000000
lowpoly_metal
0  -3.686104 -11.782378 -0.807259  1.000000 0.000000 0.000000  0.006192 0.735583 1 64 1.000000
0  -3.686104 -11.644613 -1.515931  1.000000 0.000000 0.000000  0.006192 0.735583 1 64 1.000000
0  -3.686104 -11.295080 -1.062343  1.000000 0.000000 0.000000  0.006192 0.735583 1 64 1.000000
lowpoly_metal
0  -3.686104 -11.295080 -1.062343  1.000000 0.000001 -0.000000  0.006192 0.735583 1 64 1.000000
0  -3.686104 -11.343233 -1.606050  1.000000 0.000001 -0.000000  0.006192 0.735583 1 64 1.000000
0  -3.686104 -10.993700 -1.152463  1.000000 0.000001 -0.000000  0.006192 0.735583 1 64 1.000000
lowpoly_metal
0  -3.686104 -10.993700 -1.152463  0.000000 -0.792101 0.610389  0.006192 0.735583 1 64 1.000000
0  -3.540584 -11.343233 -1.606050  0.000000 -0.792101 0.610389  0.006192 0.735583 1 64 1.000000
0  -3.540585 -10.993700 -1.152463  0.000000 -0.792101 0.610389  0.006192 0.735583 1 64 1.000000
lowpoly_metal
0  -3.686104 -12.134218 -0.445450  1.000000 0.000000 0.000000  0.006192 0.735583 1 64 1.000000
0  -3.686104 -12.328709 -0.575932  1.000000 0.000000 0.000000  0.006192 0.735583 1 64 1.000000
0  -3.686104 -12.483750 -0.899038  1.000000 0.000000 0.000000  0.006192 0.735583 1 64 1.000000
lowpoly_metal
0  -3.576134 -12.331846 -0.263202  -0.000003 0.000000 -1.000000  0.006192 0.735583 1 64 1.000000
0  -3.540584 -12.750235 -0.263202  -0.000003 0.000000 -1.000000  0.006192 0.735583 1 64 1.000000
0  -3.576134 -12.750235 -0.263202  -0.000003 0.000000 -1.000000  0.006192 0.735583 1 64 1.000000
lowpoly_metal
0  -3.611683 -12.750235 -0.324775  0.866026 0.000000 -0.499999  0.006192 0.735583 1 64 1.000000
0  -3.576134 -12.331846 -0.263202  0.866026 0.000000 -0.499999  0.006192 0.735583 1 64 1.000000
0  -3.576134 -12.750235 -0.263202  0.866026 0.000000 -0.499999  0.006192 0.735583 1 64 1.000000
lowpoly_metal
0  -3.576134 -12.750235 -0.386348  0.866027 0.000000 0.499997  0.006192 0.735583 1 64 1.000000
0  -3.611683 -12.331024 -0.324775  0.866027 0.000000 0.499997  0.006192 0.735583 1 64 1.000000
0  -3.611683 -12.750235 -0.324775  0.866027 0.000000 0.499997  0.006192 0.735583 1 64 1.000000
lowpoly_metal
0  -3.540585 -12.330202 -0.386348  0.000000 0.000000 1.000000  0.006192 0.735583 1 64 1.000000
0  -3.576134 -12.750235 -0.386348  0.000000 0.000000 1.000000  0.006192 0.735583 1 64 1.000000
0  -3.540584 -12.750235 -0.386348  0.000000 0.000000 1.000000  0.006192 0.735583 1 64 1.000000
lowpoly_metal
0  -3.686104 -11.940991 -2.137364  0.000000 0.110074 -0.993923  0.006192 0.735583 1 64 1.000000
0  -3.540585 -10.796972 -2.010668  0.000000 0.110074 -0.993923  0.006192 0.735583 1 64 1.000000
0  -3.540584 -11.940991 -2.137364  0.000000 0.110074 -0.993923  0.006192 0.735583 1 64 1.000000
lowpoly_metal
0  -3.840624 -11.940991 -2.137364  -1.000000 0.000000 -0.000000  0.006192 0.735583 1 64 1.000000
0  -3.840625 -10.910878 -1.740807  -1.000000 0.000000 -0.000000  0.006192 0.735583 1 64 1.000000
0  -3.840625 -10.796972 -2.010668  -1.000000 0.000000 -0.000000  0.006192 0.735583 1 64 1.000000
lowpoly_metal
0  -3.840624 -11.940991 -2.137364  0.000000 0.110074 -0.993923  0.006192 0.735583 1 64 1.000000
0  -3.686104 -10.796972 -2.010668  0.000000 0.110074 -0.993923  0.006192 0.735583 1 64 1.000000
0  -3.686104 -11.940991 -2.137364  0.000000 0.110074 -0.993923  0.006192 0.735583 1 64 1.000000
lowpoly_metal
0  -3.540585 -10.501082 -1.984298  -0.000006 0.926096 0.377288  0.006192 0.735583 1 64 1.000000
0  -3.686104 -10.394566 -2.245757  -0.000006 0.926096 0.377288  0.006192 0.735583 1 64 1.000000
0  -3.686104 -10.501083 -1.984298  -0.000006 0.926096 0.377288  0.006192 0.735583 1 64 1.000000
lowpoly_metal
0  -3.540585 -10.690455 -2.272127  0.000000 -0.815552 -0.578684  0.006192 0.735583 1 64 1.000000
0  -3.686104 -10.272310 -2.861428  0.000000 -0.815552 -0.578684  0.006192 0.735583 1 64 1.000000
0  -3.540585 -10.272310 -2.861428  0.000000 -0.815552 -0.578684  0.006192 0.735583 1 64 1.000000
lowpoly_metal
0  -3.540585 -10.394566 -2.245757  0.000000 0.818561 0.574420  0.006192 0.735583 1 64 1.000000
0  -3.686104 -9.976892 -2.840949  0.000000 0.818561 0.574420  0.006192 0.735583 1 64 1.000000
0  -3.686104 -10.394566 -2.245757  0.000000 0.818561 0.574420  0.006192 0.735583 1 64 1.000000
lowpoly_metal
0  -3.686104 -10.179741 -3.053372  -1.000000 0.000000 0.000000  0.006192 0.735583 1 64 1.000000
0  -3.686104 -9.976892 -2.840949  -1.000000 0.000000 0.000000  0.006192 0.735583 1 64 1.000000
0  -3.686104 -9.888328 -3.023938  -1.000000 0.000000 0.000000  0.006192 0.735583 1 64 1.000000
lowpoly_metal
0  -3.840625 -10.501083 -1.984298  0.000000 0.088770 -0.996052  0.006192 0.735583 1 64 1.000000
0  -3.686104 -10.796972 -2.010668  0.000000 0.088770 -0.996052  0.006192 0.735583 1 64 1.000000
0  -3.840625 -10.796972 -2.010668  0.000000 0.088770 -0.996052  0.006192 0.735583 1 64 1.000000
lowpoly_metal
0  -3.686104 -10.394566 -2.245757  0.000000 0.088769 -0.996052  0.006192 0.735583 1 64 1.000000
0  -3.540585 -10.690455 -2.272127  0.000000 0.088769 -0.996052  0.006192 0.735583 1 64 1.000000
0  -3.686104 -10.690455 -2.272127  0.000000 0.088769 -0.996052  0.006192 0.735583 1 64 1.000000
lowpoly_metal
0  -3.686104 -10.272310 -2.861428  -1.000000 -0.000003 -0.000000  0.006192 0.735583 1 64 1.000000
0  -3.686104 -10.394566 -2.245757  -1.000000 -0.000003 -0.000000  0.006192 0.735583 1 64 1.000000
0  -3.686104 -9.976892 -2.840949  -1.000000 -0.000003 -0.000000  0.006192 0.735583 1 64 1.000000
lowpoly_metal
0  -3.686104 -10.179741 -3.053372  0.000000 -0.895135 -0.445796  0.006192 0.735583 1 64 1.000000
0  -3.618002 -10.135467 -3.142275  0.000000 -0.895135 -0.445796  0.006192 0.735583 1 64 1.000000
0  -3.540585 -10.135467 -3.142275  0.000000 -0.895135 -0.445796  0.006192 0.735583 1 64 1.000000
lowpoly_metal
0  -3.540585 -10.135467 -3.142275  0.000000 -0.930090 -0.367331  0.006192 0.735583 1 64 1.000000
0  -3.618002 -9.928012 -3.667554  0.000000 -0.930090 -0.367331  0.006192 0.735583 1 64 1.000000
0  -3.540585 -9.928012 -3.667554  0.000000 -0.930090 -0.367331  0.006192 0.735583 1 64 1.000000
lowpoly_metal
0  -3.540585 -9.844054 -3.112842  0.000000 0.895147 0.445771  0.006192 0.735583 1 64 1.000000
0  -3.618002 -9.844054 -3.112841  0.000000 0.895147 0.445771  0.006192 0.735583 1 64 1.000000
0  -3.686104 -9.888328 -3.023938  0.000000 0.895147 0.445771  0.006192 0.735583 1 64 1.000000
lowpoly_metal
0  -3.618002 -9.928012 -3.667554  0.000000 0.100491 -0.994938  0.006192 0.735583 1 64 1.000000
0  -3.540585 -9.636599 -3.638121  0.000000 0.100491 -0.994938  0.006192 0.735583 1 64 1.000000
0  -3.540585 -9.928012 -3.667554  0.000000 0.100491 -0.994938  0.006192 0.735583 1 64 1.000000
lowpoly_metal
0  -3.686104 -9.665223 -3.549218  -0.801662 0.060072 -0.594751  0.006192 0.735583 1 64 1.000000
0  -3.618002 -9.928012 -3.667554  -0.801662 0.060072 -0.594751  0.006192 0.735583 1 64 1.000000
0  -3.686104 -9.956636 -3.578651  -0.801662 0.060072 -0.594751  0.006192 0.735583 1 64 1.000000
lowpoly_metal
0  -3.618002 -10.135467 -3.142275  -0.088247 -0.926461 -0.365900  0.006192 0.735583 1 64 1.000000
0  -3.686104 -9.956636 -3.578651  -0.088247 -0.926461 -0.365900  0.006192 0.735583 1 64 1.000000
0  -3.618002 -9.928012 -3.667554  -0.088247 -0.926461 -0.365900  0.006192 0.735583 1 64 1.000000
lowpoly_metal
0  -3.540585 -9.844054 -3.112842  0.000000 0.930089 0.367335  0.006192 0.735583 1 64 1.000000
0  -3.618002 -9.636599 -3.638121  0.000000 0.930089 0.367335  0.006192 0.735583 1 64 1.000000
0  -3.618002 -9.844054 -3.112841  0.000000 0.930089 0.367335  0.006192 0.735583 1 64 1.000000
lowpoly_metal
0  -3.686104 -9.888328 -3.023938  -1.000000 0.000001 0.000000  0.006192 0.735583 1 64 1.000000
0  -3.686104 -9.956636 -3.578651  -1.000000 0.000001 0.000000  0.006192 0.735583 1 64 1.000000
0  -3.686104 -10.179741 -3.053372  -1.000000 0.000001 0.000000  0.006192 0.735583 1 64 1.000000
lowpoly_metal
0  -3.840624 -15.041738 -2.137364  0.000000 -0.961410 -0.275121  0.006192 0.735583 1 64 1.000000
0  -3.686103 -15.000867 -2.280185  0.000000 -0.961410 -0.275121  0.006192 0.735583 1 64 1.000000
0  -3.686103 -15.041738 -2.137364  0.000000 -0.961410 -0.275121  0.006192 0.735583 1 64 1.000000
lowpoly_metal
0  -3.540584 -15.041738 -2.137364  0.000000 -0.961407 -0.275129  0.006192 0.735583 1 64 1.000000
0  -3.686103 -15.000867 -2.280185  0.000000 -0.961407 -0.275129  0.006192 0.735583 1 64 1.000000
0  -3.540584 -15.000867 -2.280185  0.000000 -0.961407 -0.275129  0.006192 0.735583 1 64 1.000000
lowpoly_metal
0  -3.840624 -15.000867 -2.280185  0.000003 0.005355 -0.999986  0.006192 0.735583 1 64 1.000000
0  -3.686103 -14.724261 -2.278704  0.000003 0.005355 -0.999986  0.006192 0.735583 1 64 1.000000
0  -3.686103 -15.000867 -2.280185  0.000003 0.005355 -0.999986  0.006192 0.735583 1 64 1.000000
lowpoly_metal
0  -3.240545 -10.796972 -2.010667  1.000000 0.000000 0.000001  0.006192 0.735583 1 64 1.000000
0  -3.240545 -10.599952 -1.740807  1.000000 0.000000 0.000001  0.006192 0.735583 1 64 1.000000
0  -3.240545 -10.910878 -1.740807  1.000000 0.000000 0.000001  0.006192 0.735583 1 64 1.000000
lowpoly_metal
0  -3.240544 -11.940991 -2.137364  1.000000 0.000000 0.000000  0.006192 0.735583 1 64 1.000000
0  -3.240544 -12.750235 -1.740808  1.000000 0.000000 0.000000  0.006192 0.735583 1 64 1.000000
0  -3.240544 -12.750235 -2.137364  1.000000 0.000000 0.000000  0.006192 0.735583 1 64 1.000000
lowpoly_metal
0  -3.240544 -11.940990 -1.740807  1.000000 0.000000 -0.000000  0.006192 0.735583 1 64 1.000000
0  -3.240544 -12.750235 -1.259960  1.000000 0.000000 -0.000000  0.006192 0.735583 1 64 1.000000
0  -3.240544 -12.750235 -1.740808  1.000000 0.000000 -0.000000  0.006192 0.735583 1 64 1.000000
lowpoly_metal
0  -3.240544 -15.041738 -2.137364  1.000000 0.000000 0.000003  0.006192 0.735583 1 64 1.000000
0  -3.240544 -14.724261 -2.278703  1.000000 0.000000 0.000003  0.006192 0.735583 1 64 1.000000
0  -3.240544 -14.524117 -2.137364  1.000000 0.000000 0.000003  0.006192 0.735583 1 64 1.000000
lowpoly_metal
0  -3.240544 -13.631670 -2.137364  1.000000 0.000000 0.000000  0.006192 0.735583 1 64 1.000000
0  -3.240544 -13.782097 -1.740808  1.000000 0.000000 0.000000  0.006192 0.735583 1 64 1.000000
0  -3.240544 -13.782097 -2.137364  1.000000 0.000000 0.000000  0.006192 0.735583 1 64 1.000000
lowpoly_metal
0  -3.540584 -12.988933 -2.137364  0.000000 0.000000 -1.000000  0.006192 0.735583 1 64 1.000000
0  -3.240544 -13.631670 -2.137364  0.000000 0.000000 -1.000000  0.006192 0.735583 1 64 1.000000
0  -3.540584 -13.631670 -2.137364  0.000000 0.000000 -1.000000  0.006192 0.735583 1 64 1.000000
lowpoly_metal
0  -3.240544 -12.988933 -2.137364  1.000000 0.000000 -0.000001  0.006192 0.735583 1 64 1.000000
0  -3.240544 -13.631670 -1.740808  1.000000 0.000000 -0.000001  0.006192 0.735583 1 64 1.000000
0  -3.240544 -13.631670 -2.137364  1.000000 0.000000 -0.000001  0.006192 0.735583 1 64 1.000000
lowpoly_metal
0  -3.540584 -12.420794 -2.866972  0.000000 -0.972531 -0.232776  0.006192 0.735583 1 64 1.000000
0  -3.240544 -12.489320 -2.580682  0.000000 -0.972531 -0.232776  0.006192 0.735583 1 64 1.000000
0  -3.540584 -12.489320 -2.580682  0.000000 -0.972531 -0.232776  0.006192 0.735583 1 64 1.000000
lowpoly_metal
0  -3.540584 -12.489320 -2.580682  0.000000 -0.902214 -0.431288  0.006192 0.735583 1 64 1.000000
0  -3.240544 -12.619501 -2.308358  0.000000 -0.902214 -0.431288  0.006192 0.735583 1 64 1.000000
0  -3.540584 -12.619501 -2.308358  0.000000 -0.902214 -0.431288  0.006192 0.735583 1 64 1.000000
lowpoly_metal
0  -3.240545 -12.364423 -2.580682  1.000000 0.000000 -0.000002  0.006192 0.735583 1 64 1.000000
0  -3.240544 -11.940991 -2.359023  1.000000 0.000000 -0.000002  0.006192 0.735583 1 64 1.000000
0  -3.240544 -12.464952 -2.319899  1.000000 0.000000 -0.000002  0.006192 0.735583 1 64 1.000000
lowpoly_metal
0  -3.240544 -12.464952 -2.319899  1.000000 0.000000 0.000001  0.006192 0.735583 1 64 1.000000
0  -3.240544 -11.940991 -2.137364  1.000000 0.000000 0.000001  0.006192 0.735583 1 64 1.000000
0  -3.240544 -12.750235 -2.137364  1.000000 0.000000 0.000001  0.006192 0.735583 1 64 1.000000
lowpoly_metal
0  -3.540584 -12.619501 -2.308358  0.000000 -0.420043 -0.907504  0.006192 0.735583 1 64 1.000000
0  -3.240544 -12.988933 -2.137364  0.000000 -0.420043 -0.907504  0.006192 0.735583 1 64 1.000000
0  -3.540584 -12.988933 -2.137364  0.000000 -0.420043 -0.907504  0.006192 0.735583 1 64 1.000000
lowpoly_metal
0  -3.240544 -13.782097 -2.137364  1.000000 0.000000 0.000000  0.006192 0.735583 1 64 1.000000
0  -3.240544 -13.941289 -2.295692  1.000000 0.000000 0.000000  0.006192 0.735583 1 64 1.000000
0  -3.240544 -13.631670 -2.137364  1.000000 0.000000 0.000000  0.006192 0.735583 1 64 1.000000
lowpoly_metal
0  -3.240544 -14.524117 -2.137364  1.000000 0.000000 0.000000  0.006192 0.735583 1 64 1.000000
0  -3.240544 -14.581944 -2.277397  1.000000 0.000000 0.000000  0.006192 0.735583 1 64 1.000000
0  -3.240544 -14.292081 -2.137364  1.000000 0.000000 0.000000  0.006192 0.735583 1 64 1.000000
lowpoly_metal
0  -3.395064 -14.724261 -2.278704  0.000005 0.009182 -0.999958  0.006192 0.735583 1 64 1.000000
0  -3.240544 -14.581944 -2.277397  0.000005 0.009182 -0.999958  0.006192 0.735583 1 64 1.000000
0  -3.240544 -14.724261 -2.278703  0.000005 0.009182 -0.999958  0.006192 0.735583 1 64 1.000000
lowpoly_metal
0  -3.240544 -14.292081 -1.740808  1.000000 0.000000 -0.000001  0.006192 0.735583 1 64 1.000000
0  -3.240544 -14.494767 -1.740808  1.000000 0.000000 -0.000001  0.006192 0.735583 1 64 1.000000
0  -3.240544 -14.494767 -2.123428  1.000000 0.000000 -0.000001  0.006192 0.735583 1 64 1.000000
lowpoly_metal
0  -3.395064 -14.182254 -2.577164  0.000000 -0.965297 -0.261156  0.006192 0.735583 1 64 1.000000
0  -3.309245 -14.086066 -2.932703  0.000000 -0.965297 -0.261156  0.006192 0.735583 1 64 1.000000
0  -3.240544 -14.182254 -2.577164  0.000000 -0.965297 -0.261156  0.006192 0.735583 1 64 1.000000
lowpoly_metal
0  -3.240544 -14.017012 -2.314125  1.000000 -0.000006 0.000001  0.006192 0.735583 1 64 1.000000
0  -3.240544 -14.046841 -2.577164  1.000000 -0.000006 0.000001  0.006192 0.735583 1 64 1.000000
0  -3.240544 -13.941289 -2.295692  1.000000 -0.000006 0.000001  0.006192 0.735583 1 64 1.000000
lowpoly_metal
0  -3.395064 -14.182254 -2.577164  0.000000 -0.909823 -0.414996  0.006192 0.735583 1 64 1.000000
0  -3.240544 -14.273732 -2.376616  0.000000 -0.909823 -0.414996  0.006192 0.735583 1 64 1.000000
0  -3.395064 -14.273732 -2.376616  0.000000 -0.909823 -0.414996  0.006192 0.735583 1 64 1.000000
lowpoly_metal
0  -3.395064 -14.581944 -2.277397  0.000000 -0.306433 -0.951892  0.006192 0.735583 1 64 1.000000
0  -3.240544 -14.273732 -2.376616  0.000000 -0.306433 -0.951892  0.006192 0.735583 1 64 1.000000
0  -3.240544 -14.581944 -2.277397  0.000000 -0.306433 -0.951892  0.006192 0.735583 1 64 1.000000
lowpoly_metal
0  -3.240544 -14.087215 -2.291525  1.000000 0.000000 -0.000012  0.006192 0.735583 1 64 1.000000
0  -3.240544 -14.017012 -2.314125  1.000000 0.000000 -0.000012  0.006192 0.735583 1 64 1.000000
0  -3.240544 -13.941289 -2.295692  1.000000 0.000000 -0.000012  0.006192 0.735583 1 64 1.000000
lowpoly_metal
0  -3.240544 -14.077685 -2.577164  0.976824 0.000000 -0.214046  0.006192 0.735583 1 64 1.000000
0  -3.309245 -13.998188 -2.890707  0.976824 0.000000 -0.214046  0.006192 0.735583 1 64 1.000000
0  -3.240544 -14.046841 -2.577164  0.976824 0.000000 -0.214046  0.006192 0.735583 1 64 1.000000
lowpoly_metal
0  -3.428385 -13.524395 -3.428579  0.000000 -0.491709 -0.870760  0.006192 0.735583 1 64 1.000000
0  -3.309245 -13.865223 -3.236119  0.000000 -0.491709 -0.870760  0.006192 0.735583 1 64 1.000000
0  -3.428385 -13.865223 -3.236119  0.000000 -0.491709 -0.870760  0.006192 0.735583 1 64 1.000000
lowpoly_metal
0  -3.428385 -14.086066 -2.932703  0.000003 -0.808513 -0.588478  0.006192 0.735583 1 64 1.000000
0  -3.309245 -13.865223 -3.236119  0.000003 -0.808513 -0.588478  0.006192 0.735583 1 64 1.000000
0  -3.309245 -14.086066 -2.932703  0.000003 -0.808513 -0.588478  0.006192 0.735583 1 64 1.000000
lowpoly_metal
0  -3.309245 -14.018205 -2.900273  1.000000 0.000000 0.000001  0.006192 0.735583 1 64 1.000000
0  -3.309245 -13.814788 -3.150225  1.000000 0.000000 0.000001  0.006192 0.735583 1 64 1.000000
0  -3.309245 -13.998188 -2.890707  1.000000 0.000000 0.000001  0.006192 0.735583 1 64 1.000000
lowpoly_metal
0  -3.309245 -13.827281 -3.173346  1.000000 -0.000012 -0.000008  0.006192 0.735583 1 64 1.000000
0  -3.309245 -13.491918 -3.334871  1.000000 -0.000012 -0.000008  0.006192 0.735583 1 64 1.000000
0  -3.309245 -13.814788 -3.150225  1.000000 -0.000012 -0.000008  0.006192 0.735583 1 64 1.000000
lowpoly_metal
0  -3.428385 -13.130715 -3.506778  0.000000 -0.004663 -0.999989  0.006192 0.735583 1 64 1.000000
0  -3.309245 -12.749867 -3.508554  0.000000 -0.004663 -0.999989  0.006192 0.735583 1 64 1.000000
0  -3.309245 -13.130715 -3.506778  0.000000 -0.004663 -0.999989  0.006192 0.735583 1 64 1.000000
lowpoly_metal
0  -3.428385 -13.524395 -3.428579  0.000000 -0.194828 -0.980838  0.006192 0.735583 1 64 1.000000
0  -3.309245 -13.130715 -3.506778  0.000000 -0.194828 -0.980838  0.006192 0.735583 1 64 1.000000
0  -3.309245 -13.524395 -3.428579  0.000000 -0.194828 -0.980838  0.006192 0.735583 1 64 1.000000
lowpoly_metal
0  -3.309246 -13.122844 -3.433712  1.000000 0.000004 -0.000000  0.006192 0.735583 1 64 1.000000
0  -3.309245 -13.491918 -3.334871  1.000000 0.000004 -0.000000  0.006192 0.735583 1 64 1.000000
0  -3.309245 -13.500320 -3.359772  1.000000 0.000004 -0.000000  0.006192 0.735583 1 64 1.000000
lowpoly_metal
0  -3.309245 -12.487896 -3.221210  1.000000 0.000003 -0.000000  0.006192 0.735583 1 64 1.000000
0  -3.309246 -12.782626 -3.410202  1.000000 0.000003 -0.000000  0.006192 0.735583 1 64 1.000000
0  -3.309246 -12.771145 -3.433841  1.000000 0.000003 -0.000000  0.006192 0.735583 1 64 1.000000
lowpoly_metal
0  -3.309246 -13.122844 -3.433712  1.000000 -0.000001 -0.000009  0.006192 0.735583 1 64 1.000000
0  -3.309246 -12.782626 -3.410202  1.000000 -0.000001 -0.000009  0.006192 0.735583 1 64 1.000000
0  -3.309245 -13.119420 -3.407657  1.000000 -0.000001 -0.000009  0.006192 0.735583 1 64 1.000000
lowpoly_metal
0  -3.428385 -12.749867 -3.508554  0.000000 0.586833 -0.809708  0.006192 0.735583 1 64 1.000000
0  -3.309246 -12.436162 -3.281196  0.000000 0.586833 -0.809708  0.006192 0.735583 1 64 1.000000
0  -3.309245 -12.749867 -3.508554  0.000000 0.586833 -0.809708  0.006192 0.735583 1 64 1.000000
lowpoly_metal
0  -3.240544 -11.940991 -2.580682  0.000000 0.662167 -0.749356  0.006192 0.735583 1 64 1.000000
0  -3.395065 -12.313784 -2.910101  0.000000 0.662167 -0.749356  0.006192 0.735583 1 64 1.000000
0  -3.395065 -11.940991 -2.580682  0.000000 0.662167 -0.749356  0.006192 0.735583 1 64 1.000000
lowpoly_metal
0  -3.395065 -12.313784 -2.910101  -0.000008 0.949691 -0.313189  0.006192 0.735583 1 64 1.000000
0  -3.309246 -12.436162 -3.281196  -0.000008 0.949691 -0.313189  0.006192 0.735583 1 64 1.000000
0  -3.428385 -12.436163 -3.281196  -0.000008 0.949691 -0.313189  0.006192 0.735583 1 64 1.000000
lowpoly_metal
0  -3.240544 -12.396420 -2.876796  0.976582 -0.148948 -0.155250  0.006192 0.735583 1 64 1.000000
0  -3.309245 -12.506859 -3.203016  0.976582 -0.148948 -0.155250  0.006192 0.735583 1 64 1.000000
0  -3.309245 -12.487896 -3.221210  0.976582 -0.148948 -0.155250  0.006192 0.735583 1 64 1.000000
lowpoly_metal
0  -3.240545 -12.364423 -2.580682  1.000000 0.000000 0.000001  0.006192 0.735583 1 64 1.000000
0  -3.240544 -12.313784 -2.910101  1.000000 0.000000 0.000001  0.006192 0.735583 1 64 1.000000
0  -3.240544 -11.940991 -2.580682  1.000000 0.000000 0.000001  0.006192 0.735583 1 64 1.000000
lowpoly_metal
0  -3.240544 -12.420794 -2.866972  1.000000 0.000000 0.000001  0.006192 0.735583 1 64 1.000000
0  -3.240545 -12.364423 -2.580682  1.000000 0.000000 0.000001  0.006192 0.735583 1 64 1.000000
0  -3.240544 -12.489320 -2.580682  1.000000 0.000000 0.000001  0.006192 0.735583 1 64 1.000000
lowpoly_metal
0  -3.240544 -12.313784 -2.910101  0.979616 -0.152119 -0.131194  0.006192 0.735583 1 64 1.000000
0  -3.309245 -12.487896 -3.221210  0.979616 -0.152119 -0.131194  0.006192 0.735583 1 64 1.000000
0  -3.309246 -12.436162 -3.281196  0.979616 -0.152119 -0.131194  0.006192 0.735583 1 64 1.000000
lowpoly_metal
0  -3.309245 -13.130715 -3.506778  1.000000 -0.000000 0.000003  0.006192 0.735583 1 64 1.000000
0  -3.309246 -12.771145 -3.433841  1.000000 -0.000000 0.000003  0.006192 0.735583 1 64 1.000000
0  -3.309246 -13.122844 -3.433712  1.000000 -0.000000 0.000003  0.006192 0.735583 1 64 1.000000
lowpoly_metal
0  -3.309246 -12.436162 -3.281196  1.000000 -0.000003 0.000003  0.006192 0.735583 1 64 1.000000
0  -3.309246 -12.771145 -3.433841  1.000000 -0.000003 0.000003  0.006192 0.735583 1 64 1.000000
0  -3.309245 -12.749867 -3.508554  1.000000 -0.000003 0.000003  0.006192 0.735583 1 64 1.000000
lowpoly_metal
0  -3.309245 -13.130715 -3.506778  1.000000 0.000001 0.000000  0.006192 0.735583 1 64 1.000000
0  -3.309245 -13.500320 -3.359772  1.000000 0.000001 0.000000  0.006192 0.735583 1 64 1.000000
0  -3.309245 -13.524395 -3.428579  1.000000 0.000001 0.000000  0.006192 0.735583 1 64 1.000000
lowpoly_metal
0  -3.309245 -13.524395 -3.428579  1.000000 0.000001 0.000000  0.006192 0.735583 1 64 1.000000
0  -3.309245 -13.827281 -3.173346  1.000000 0.000001 0.000000  0.006192 0.735583 1 64 1.000000
0  -3.309245 -13.865223 -3.236119  1.000000 0.000001 0.000000  0.006192 0.735583 1 64 1.000000
lowpoly_metal
0  -3.309245 -14.086066 -2.932703  1.000000 0.000005 0.000002  0.006192 0.735583 1 64 1.000000
0  -3.309245 -13.827281 -3.173346  1.000000 0.000005 0.000002  0.006192 0.735583 1 64 1.000000
0  -3.309245 -14.018205 -2.900273  1.000000 0.000005 0.000002  0.006192 0.735583 1 64 1.000000
lowpoly_metal
0  -3.309245 -14.086066 -2.932703  0.981838 0.000000 -0.189722  0.006192 0.735583 1 64 1.000000
0  -3.240544 -14.077685 -2.577164  0.981838 0.000000 -0.189722  0.006192 0.735583 1 64 1.000000
0  -3.240544 -14.182254 -2.577164  0.981838 0.000000 -0.189722  0.006192 0.735583 1 64 1.000000
lowpoly_metal
0  -3.240544 -14.273732 -2.376616  1.000000 0.000000 0.000003  0.006192 0.735583 1 64 1.000000
0  -3.240544 -14.087215 -2.291525  1.000000 0.000000 0.000003  0.006192 0.735583 1 64 1.000000
0  -3.240544 -14.581944 -2.277397  1.000000 0.000000 0.000003  0.006192 0.735583 1 64 1.000000
lowpoly_metal
0  -3.240544 -14.273732 -2.376616  1.000000 0.000004 0.000001  0.006192 0.735583 1 64 1.000000
0  -3.240544 -14.077685 -2.577164  1.000000 0.000004 0.000001  0.006192 0.735583 1 64 1.000000
0  -3.240544 -14.017012 -2.314125  1.000000 0.000004 0.000001  0.006192 0.735583 1 64 1.000000
lowpoly_metal
0  -3.240544 -14.292081 -2.137364  1.000000 0.000000 0.000000  0.006192 0.735583 1 64 1.000000
0  -3.240544 -14.087215 -2.291525  1.000000 0.000000 0.000000  0.006192 0.735583 1 64 1.000000
0  -3.240544 -13.782097 -2.137364  1.000000 0.000000 0.000000  0.006192 0.735583 1 64 1.000000
lowpoly_metal
0  -3.240544 -12.619501 -2.308358  1.000000 0.000000 0.000001  0.006192 0.735583 1 64 1.000000
0  -3.240544 -12.750235 -2.137364  1.000000 0.000000 0.000001  0.006192 0.735583 1 64 1.000000
0  -3.240544 -12.988933 -2.137364  1.000000 0.000000 0.000001  0.006192 0.735583 1 64 1.000000
lowpoly_metal
0  -3.240544 -12.489320 -2.580682  1.000000 -0.000002 -0.000001  0.006192 0.735583 1 64 1.000000
0  -3.240544 -12.464952 -2.319899  1.000000 -0.000002 -0.000001  0.006192 0.735583 1 64 1.000000
0  -3.240544 -12.619501 -2.308358  1.000000 -0.000002 -0.000001  0.006192 0.735583 1 64 1.000000
lowpoly_metal
0  -3.240544 -13.782097 -2.137364  1.000000 0.000000 -0.000001  0.006192 0.735583 1 64 1.000000
0  -3.240544 -14.292081 -1.740808  1.000000 0.000000 -0.000001  0.006192 0.735583 1 64 1.000000
0  -3.240544 -14.292081 -2.137364  1.000000 0.000000 -0.000001  0.006192 0.735583 1 64 1.000000
lowpoly_metal
0  -3.240544 -12.750235 -2.137364  1.000000 0.000000 0.000000  0.006192 0.735583 1 64 1.000000
0  -3.240544 -12.988933 -1.740808  1.000000 0.000000 0.000000  0.006192 0.735583 1 64 1.000000
0  -3.240544 -12.988933 -2.137364  1.000000 0.000000 0.000000  0.006192 0.735583 1 64 1.000000
lowpoly_metal
0  -3.240544 -12.334766 -0.122344  1.000000 -0.000000 0.000000  0.006192 0.735583 1 64 1.000000
0  -3.240544 -12.547924 -0.406748  1.000000 -0.000000 0.000000  0.006192 0.735583 1 64 1.000000
0  -3.240544 -12.134218 -0.445450  1.000000 -0.000000 0.000000  0.006192 0.735583 1 64 1.000000
lowpoly_metal
0  -3.240545 -10.692320 -1.242582  1.000000 0.000000 0.000000  0.006192 0.735583 1 64 1.000000
0  -3.240544 -11.940991 -1.259959  1.000000 0.000000 0.000000  0.006192 0.735583 1 64 1.000000
0  -3.240545 -10.910878 -1.740807  1.000000 0.000000 0.000000  0.006192 0.735583 1 64 1.000000
lowpoly_metal
0  -3.395065 -10.993700 -1.152463  -0.000001 0.286490 0.958083  0.006192 0.735583 1 64 1.000000
0  -3.240545 -11.295079 -1.062343  -0.000001 0.286490 0.958083  0.006192 0.735583 1 64 1.000000
0  -3.240545 -10.993699 -1.152463  -0.000001 0.286490 0.958083  0.006192 0.735583 1 64 1.000000
lowpoly_metal
0  -3.395065 -12.334766 -0.122344  0.000000 1.000000 0.000000  0.006192 0.735583 1 64 1.000000
0  -3.240544 -12.334766 -0.044565  0.000000 1.000000 0.000000  0.006192 0.735583 1 64 1.000000
0  -3.240544 -12.334766 -0.122344  0.000000 1.000000 0.000000  0.006192 0.735583 1 64 1.000000
lowpoly_metal
0  -3.240544 -12.547924 -0.406748  1.000000 0.000000 0.000000  0.006192 0.735583 1 64 1.000000
0  -3.240544 -12.750235 -0.122344  1.000000 0.000000 0.000000  0.006192 0.735583 1 64 1.000000
0  -3.240544 -12.750235 -0.406748  1.000000 0.000000 0.000000  0.006192 0.735583 1 64 1.000000
lowpoly_metal
0  -3.395065 -12.334766 -0.122344  0.000006 0.849642 0.527361  0.006192 0.735583 1 64 1.000000
0  -3.240544 -12.134218 -0.445450  0.000006 0.849642 0.527361  0.006192 0.735583 1 64 1.000000
0  -3.395065 -12.134217 -0.445450  0.000006 0.849642 0.527361  0.006192 0.735583 1 64 1.000000
lowpoly_metal
0  -3.395065 -11.295080 -1.062343  -0.000003 0.463768 0.885957  0.006192 0.735583 1 64 1.000000
0  -3.240545 -11.782378 -0.807259  -0.000003 0.463768 0.885957  0.006192 0.735583 1 64 1.000000
0  -3.240545 -11.295079 -1.062343  -0.000003 0.463768 0.885957  0.006192 0.735583 1 64 1.000000
lowpoly_metal
0  -3.395065 -12.134217 -0.445450  0.000004 0.716913 0.697163  0.006192 0.735583 1 64 1.000000
0  -3.240545 -11.782378 -0.807259  0.000004 0.716913 0.697163  0.006192 0.735583 1 64 1.000000
0  -3.395065 -11.782377 -0.807259  0.000004 0.716913 0.697163  0.006192 0.735583 1 64 1.000000
lowpoly_metal
0  -3.240544 -12.143302 -0.975556  1.000000 -0.000000 0.000000  0.006192 0.735583 1 64 1.000000
0  -3.240544 -12.750235 -1.117758  1.000000 -0.000000 0.000000  0.006192 0.735583 1 64 1.000000
0  -3.240544 -12.042147 -1.117758  1.000000 -0.000000 0.000000  0.006192 0.735583 1 64 1.000000
lowpoly_metal
0  -3.240544 -12.345613 -0.691152  1.000000 0.000000 0.000000  0.006192 0.735583 1 64 1.000000
0  -3.240544 -12.750235 -0.975556  1.000000 0.000000 0.000000  0.006192 0.735583 1 64 1.000000
0  -3.240544 -12.143302 -0.975556  1.000000 0.000000 0.000000  0.006192 0.735583 1 64 1.000000
lowpoly_metal
0  -3.240544 -12.547924 -0.406748  1.000000 -0.000000 -0.000001  0.006192 0.735583 1 64 1.000000
0  -3.240544 -12.750235 -0.691152  1.000000 -0.000000 -0.000001  0.006192 0.735583 1 64 1.000000
0  -3.240544 -12.345613 -0.691152  1.000000 -0.000000 -0.000001  0.006192 0.735583 1 64 1.000000
lowpoly_metal
0  -3.395065 -10.619276 -1.320614  -0.000006 0.998944 0.045933  0.006192 0.735583 1 64 1.000000
0  -3.240545 -10.599952 -1.740807  -0.000006 0.998944 0.045933  0.006192 0.735583 1 64 1.000000
0  -3.395065 -10.599953 -1.740807  -0.000006 0.998944 0.045933  0.006192 0.735583 1 64 1.000000
lowpoly_metal
0  -3.240545 -11.782378 -0.807259  1.000000 0.000001 0.000000  0.006192 0.735583 1 64 1.000000
0  -3.240544 -12.143302 -0.975556  1.000000 0.000001 0.000000  0.006192 0.735583 1 64 1.000000
0  -3.240545 -11.295079 -1.062343  1.000000 0.000001 0.000000  0.006192 0.735583 1 64 1.000000
lowpoly_metal
0  -3.240544 -12.134218 -0.445450  1.000000 0.000000 -0.000000  0.006192 0.735583 1 64 1.000000
0  -3.240544 -12.345613 -0.691152  1.000000 0.000000 -0.000000  0.006192 0.735583 1 64 1.000000
0  -3.240545 -11.782378 -0.807259  1.000000 0.000000 -0.000000  0.006192 0.735583 1 64 1.000000
lowpoly_metal
0  -3.240545 -11.295079 -1.062343  1.000000 0.000001 0.000004  0.006192 0.735583 1 64 1.000000
0  -3.240544 -12.042147 -1.117758  1.000000 0.000001 0.000004  0.006192 0.735583 1 64 1.000000
0  -3.240545 -10.993699 -1.152463  1.000000 0.000001 0.000004  0.006192 0.735583 1 64 1.000000
lowpoly_metal
0  -3.395065 -12.334766 -0.044565  0.000000 1.000000 0.000000  0.006192 0.735583 1 64 1.000000
0  -3.329683 -12.334766 0.046138  0.000000 1.000000 0.000000  0.006192 0.735583 1 64 1.000000
0  -3.240544 -12.334766 -0.044565  0.000000 1.000000 0.000000  0.006192 0.735583 1 64 1.000000
lowpoly_metal
0  -3.240543 -14.506701 -0.044565  0.713228 0.000001 0.700932  0.006192 0.735583 1 64 1.000000
0  -3.329682 -15.217511 0.046138  0.713228 0.000001 0.700932  0.006192 0.735583 1 64 1.000000
0  -3.240542 -15.217511 -0.044565  0.713228 0.000001 0.700932  0.006192 0.735583 1 64 1.000000
lowpoly_metal
0  -3.240544 -12.334766 -0.044565  1.000000 0.000000 0.000000  0.006192 0.735583 1 64 1.000000
0  -3.240544 -12.750235 -0.122344  1.000000 0.000000 0.000000  0.006192 0.735583 1 64 1.000000
0  -3.240544 -12.334766 -0.122344  1.000000 0.000000 0.000000  0.006192 0.735583 1 64 1.000000
lowpoly_metal
0  -3.240544 -14.046841 -2.577164  0.000000 0.936330 -0.351122  0.006192 0.735583 1 64 1.000000
0  -3.540584 -13.941289 -2.295692  0.000000 0.936330 -0.351122  0.006192 0.735583 1 64 1.000000
0  -3.240544 -13.941289 -2.295692  0.000000 0.936330 -0.351122  0.006192 0.735583 1 64 1.000000
lowpoly_metal
0  -3.240542 -15.217511 -0.044565  1.000000 0.000001 0.000000  0.006192 0.735583 1 64 1.000000
0  -3.240543 -14.506701 -0.122344  1.000000 0.000001 0.000000  0.006192 0.735583 1 64 1.000000
0  -3.240543 -14.506701 -0.044565  1.000000 0.000001 0.000000  0.006192 0.735583 1 64 1.000000
lowpoly_metal
0  -3.240544 -13.631670 -2.137364  0.000000 0.455289 -0.890344  0.006192 0.735583 1 64 1.000000
0  -3.540584 -13.941289 -2.295692  0.000000 0.455289 -0.890344  0.006192 0.735583 1 64 1.000000
0  -3.540584 -13.631670 -2.137364  0.000000 0.455289 -0.890344  0.006192 0.735583 1 64 1.000000
lowpoly_metal
0  -3.329683 -12.750235 0.046138  0.000001 0.000000 1.000000  0.006192 0.735583 1 64 1.000000
0  -3.438297 -12.334766 0.046138  0.000001 0.000000 1.000000  0.006192 0.735583 1 64 1.000000
0  -3.438297 -12.750235 0.046138  0.000001 0.000000 1.000000  0.006192 0.735583 1 64 1.000000
lowpoly_metal
0  -3.438297 -15.217511 0.046138  -0.000001 0.000000 1.000000  0.006192 0.735583 1 64 1.000000
0  -3.329682 -14.506701 0.046138  -0.000001 0.000000 1.000000  0.006192 0.735583 1 64 1.000000
0  -3.438297 -14.506701 0.046138  -0.000001 0.000000 1.000000  0.006192 0.735583 1 64 1.000000
lowpoly_metal
0  -3.309245 -13.998188 -2.890707  0.000000 0.988174 0.153337  0.006192 0.735583 1 64 1.000000
0  -3.540584 -14.046841 -2.577164  0.000000 0.988174 0.153337  0.006192 0.735583 1 64 1.000000
0  -3.240544 -14.046841 -2.577164  0.000000 0.988174 0.153337  0.006192 0.735583 1 64 1.000000
lowpoly_metal
0  -3.309245 -13.814788 -3.150225  0.000000 0.816655 0.577126  0.006192 0.735583 1 64 1.000000
0  -3.540584 -13.998188 -2.890707  0.000000 0.816655 0.577126  0.006192 0.735583 1 64 1.000000
0  -3.309245 -13.998188 -2.890707  0.000000 0.816655 0.577126  0.006192 0.735583 1 64 1.000000
lowpoly_metal
0  -3.329683 -12.334766 0.046138  0.713228 0.000000 0.700932  0.006192 0.735583 1 64 1.000000
0  -3.240544 -12.750235 -0.044565  0.713228 0.000000 0.700932  0.006192 0.735583 1 64 1.000000
0  -3.240544 -12.334766 -0.044565  0.713228 0.000000 0.700932  0.006192 0.735583 1 64 1.000000
lowpoly_metal
0  -3.438297 -14.506701 0.046138  0.000001 -0.000000 1.000000  0.006192 0.735583 1 64 1.000000
0  -3.329683 -12.750235 0.046138  0.000001 -0.000000 1.000000  0.006192 0.735583 1 64 1.000000
0  -3.438297 -12.750235 0.046138  0.000001 -0.000000 1.000000  0.006192 0.735583 1 64 1.000000
lowpoly_metal
0  -3.309245 -13.119420 -3.407657  0.000000 0.191772 0.981440  0.006192 0.735583 1 64 1.000000
0  -3.540584 -13.491918 -3.334871  0.000000 0.191772 0.981440  0.006192 0.735583 1 64 1.000000
0  -3.309245 -13.491918 -3.334871  0.000000 0.191772 0.981440  0.006192 0.735583 1 64 1.000000
lowpoly_metal
0  -3.240543 -14.506701 -0.044565  1.000000 0.000001 0.000000  0.006192 0.735583 1 64 1.000000
0  -3.240544 -12.750235 -0.122344  1.000000 0.000001 0.000000  0.006192 0.735583 1 64 1.000000
0  -3.240544 -12.750235 -0.044565  1.000000 0.000001 0.000000  0.006192 0.735583 1 64 1.000000
lowpoly_metal
0  -3.309245 -13.491918 -3.334871  0.000000 0.496443 0.868070  0.006192 0.735583 1 64 1.000000
0  -3.540584 -13.814788 -3.150225  0.000000 0.496443 0.868070  0.006192 0.735583 1 64 1.000000
0  -3.309245 -13.814788 -3.150225  0.000000 0.496443 0.868070  0.006192 0.735583 1 64 1.000000
lowpoly_metal
0  -3.329683 -12.750235 0.046138  0.713229 0.000000 0.700931  0.006192 0.735583 1 64 1.000000
0  -3.240543 -14.506701 -0.044565  0.713229 0.000000 0.700931  0.006192 0.735583 1 64 1.000000
0  -3.240544 -12.750235 -0.044565  0.713229 0.000000 0.700931  0.006192 0.735583 1 64 1.000000
lowpoly_metal
0  -3.309246 -12.782626 -3.410202  0.000000 0.007556 0.999972  0.006192 0.735583 1 64 1.000000
0  -3.540584 -13.119420 -3.407657  0.000000 0.007556 0.999972  0.006192 0.735583 1 64 1.000000
0  -3.309245 -13.119420 -3.407657  0.000000 0.007556 0.999972  0.006192 0.735583 1 64 1.000000
lowpoly_metal
0  -3.309245 -12.506859 -3.203016  0.000000 -0.968733 0.248104  0.006192 0.735583 1 64 1.000000
0  -3.540584 -12.420794 -2.866972  0.000000 -0.968733 0.248104  0.006192 0.735583 1 64 1.000000
0  -3.540584 -12.506859 -3.203016  0.000000 -0.968733 0.248104  0.006192 0.735583 1 64 1.000000
lowpoly_metal
0  -3.309245 -12.506859 -3.203016  0.000000 -0.600668 0.799498  0.006192 0.735583 1 64 1.000000
0  -3.540584 -12.782626 -3.410201  0.000000 -0.600668 0.799498  0.006192 0.735583 1 64 1.000000
0  -3.309246 -12.782626 -3.410202  0.000000 -0.600668 0.799498  0.006192 0.735583 1 64 1.000000
lowpoly_metal
0  -3.240544 -14.524117 -2.137364  1.000000 0.000000 0.000000  0.006192 0.735583 1 64 1.000000
0  -3.240544 -15.041738 -2.123429  1.000000 0.000000 0.000000  0.006192 0.735583 1 64 1.000000
0  -3.240544 -15.041738 -2.137364  1.000000 0.000000 0.000000  0.006192 0.735583 1 64 1.000000
lowpoly_metal
0  -3.540584 -14.724261 -2.278703  0.000000 0.005356 -0.999986  0.006192 0.735583 1 64 1.000000
0  -3.395064 -15.000867 -2.280185  0.000000 0.005356 -0.999986  0.006192 0.735583 1 64 1.000000
0  -3.540584 -15.000867 -2.280185  0.000000 0.005356 -0.999986  0.006192 0.735583 1 64 1.000000
lowpoly_metal
0  -3.438297 -15.217511 0.046138  0.000007 -1.000000 0.000000  0.006192 0.735583 1 64 1.000000
0  -3.540584 -15.217512 -0.044565  0.000007 -1.000000 0.000000  0.006192 0.735583 1 64 1.000000
0  -3.395064 -15.217511 -0.044565  0.000007 -1.000000 0.000000  0.006192 0.735583 1 64 1.000000
lowpoly_metal
0  -3.395064 -15.217511 -0.044565  0.000007 -1.000000 0.000000  0.006192 0.735583 1 64 1.000000
0  -3.540584 -15.217512 -0.085875  0.000007 -1.000000 0.000000  0.006192 0.735583 1 64 1.000000
0  -3.410053 -15.217511 -0.122344  0.000007 -1.000000 0.000000  0.006192 0.735583 1 64 1.000000
lowpoly_metal
0  -3.395065 -10.619276 -1.320614  0.000000 0.730058 0.683385  0.006192 0.735583 1 64 1.000000
0  -3.540585 -10.692320 -1.242582  0.000000 0.730058 0.683385  0.006192 0.735583 1 64 1.000000
0  -3.395065 -10.692320 -1.242583  0.000000 0.730058 0.683385  0.006192 0.735583 1 64 1.000000
lowpoly_metal
0  -3.395065 -11.940991 -2.359023  0.000000 1.000000 0.000000  0.006192 0.735583 1 64 1.000000
0  -3.540584 -11.940991 -2.137364  0.000000 1.000000 0.000000  0.006192 0.735583 1 64 1.000000
0  -3.395065 -11.940991 -2.137364  0.000000 1.000000 0.000000  0.006192 0.735583 1 64 1.000000
lowpoly_metal
0  -3.395065 -11.940991 -2.359023  0.000000 1.000000 0.000000  0.006192 0.735583 1 64 1.000000
0  -3.540584 -11.940991 -2.580682  0.000000 1.000000 0.000000  0.006192 0.735583 1 64 1.000000
0  -3.540584 -11.940991 -2.359023  0.000000 1.000000 0.000000  0.006192 0.735583 1 64 1.000000
lowpoly_metal
0  -3.540585 -10.501082 -1.984298  0.000000 0.926527 0.376228  0.006192 0.735583 1 64 1.000000
0  -3.395065 -10.599953 -1.740807  0.000000 0.926527 0.376228  0.006192 0.735583 1 64 1.000000
0  -3.395065 -10.501082 -1.984298  0.000000 0.926527 0.376228  0.006192 0.735583 1 64 1.000000
lowpoly_metal
0  -3.540584 -12.750235 -1.117758  0.000000 -1.000000 0.000003  0.006192 0.735583 1 64 1.000000
0  -3.240544 -12.750235 -1.259960  0.000000 -1.000000 0.000003  0.006192 0.735583 1 64 1.000000
0  -3.240544 -12.750235 -1.117758  0.000000 -1.000000 0.000003  0.006192 0.735583 1 64 1.000000
lowpoly_metal
0  -3.240544 -12.750235 -0.691152  0.000000 -1.000000 0.000000  0.006192 0.735583 1 64 1.000000
0  -3.540584 -12.750235 -0.975556  0.000000 -1.000000 0.000000  0.006192 0.735583 1 64 1.000000
0  -3.240544 -12.750235 -0.975556  0.000000 -1.000000 0.000000  0.006192 0.735583 1 64 1.000000
lowpoly_metal
0  -3.540584 -14.292081 -1.740808  0.000000 0.000000 1.000000  0.006192 0.735583 1 64 1.000000
0  -3.362154 -14.494767 -1.740808  0.000000 0.000000 1.000000  0.006192 0.735583 1 64 1.000000
0  -3.240544 -14.292081 -1.740808  0.000000 0.000000 1.000000  0.006192 0.735583 1 64 1.000000
lowpoly_metal
0  -3.469486 -12.750235 -0.324775  0.000000 -1.000000 0.000000  0.006192 0.735583 1 64 1.000000
0  -3.505035 -12.750235 -0.386348  0.000000 -1.000000 0.000000  0.006192 0.735583 1 64 1.000000
0  -3.240544 -12.750235 -0.406748  0.000000 -1.000000 0.000000  0.006192 0.735583 1 64 1.000000
lowpoly_metal
0  -3.240544 -12.988933 -1.740808  0.000000 -0.000000 1.000000  0.006192 0.735583 1 64 1.000000
0  -3.540584 -13.631670 -1.740808  0.000000 -0.000000 1.000000  0.006192 0.735583 1 64 1.000000
0  -3.240544 -13.631670 -1.740808  0.000000 -0.000000 1.000000  0.006192 0.735583 1 64 1.000000
lowpoly_metal
0  -3.449720 -14.506701 -0.122344  0.000000 0.000000 -1.000000  0.006192 0.735583 1 64 1.000000
0  -3.540584 -12.750235 -0.122344  0.000000 0.000000 -1.000000  0.006192 0.735583 1 64 1.000000
0  -3.240544 -12.750235 -0.122344  0.000000 0.000000 -1.000000  0.006192 0.735583 1 64 1.000000
lowpoly_metal
0  -3.540584 -12.750235 -1.740808  0.000000 0.000000 1.000000  0.006192 0.735583 1 64 1.000000
0  -3.240544 -12.988933 -1.740808  0.000000 0.000000 1.000000  0.006192 0.735583 1 64 1.000000
0  -3.240544 -12.750235 -1.740808  0.000000 0.000000 1.000000  0.006192 0.735583 1 64 1.000000
lowpoly_metal
0  -3.240544 -12.750235 -1.259960  0.000000 -1.000000 0.000000  0.006192 0.735583 1 64 1.000000
0  -3.540584 -12.750235 -1.740808  0.000000 -1.000000 0.000000  0.006192 0.735583 1 64 1.000000
0  -3.240544 -12.750235 -1.740808  0.000000 -1.000000 0.000000  0.006192 0.735583 1 64 1.000000
lowpoly_metal
0  -3.540584 -13.782097 -1.740808  0.000000 -0.000000 1.000000  0.006192 0.735583 1 64 1.000000
0  -3.240544 -14.292081 -1.740808  0.000000 -0.000000 1.000000  0.006192 0.735583 1 64 1.000000
0  -3.240544 -13.782097 -1.740808  0.000000 -0.000000 1.000000  0.006192 0.735583 1 64 1.000000
lowpoly_metal
0  -3.540584 -13.631670 -1.740808  -0.000001 -0.000001 1.000000  0.006192 0.735583 1 64 1.000000
0  -3.240544 -13.782097 -1.740808  -0.000001 -0.000001 1.000000  0.006192 0.735583 1 64 1.000000
0  -3.240544 -13.631670 -1.740808  -0.000001 -0.000001 1.000000  0.006192 0.735583 1 64 1.000000
lowpoly_metal
0  -3.540584 -12.750235 -0.406748  0.000000 -1.000000 -0.000001  0.006192 0.735583 1 64 1.000000
0  -3.240544 -12.750235 -0.691152  0.000000 -1.000000 -0.000001  0.006192 0.735583 1 64 1.000000
0  -3.240544 -12.750235 -0.406748  0.000000 -1.000000 -0.000001  0.006192 0.735583 1 64 1.000000
lowpoly_metal
0  -3.192228 -15.217511 -0.789435  0.000000 -1.000000 -0.000013  0.006192 0.735583 1 64 1.000000
0  -3.119593 -15.217511 -0.627873  0.000000 -1.000000 -0.000013  0.006192 0.735583 1 64 1.000000
0  -3.338604 -15.217511 -0.594255  0.000000 -1.000000 -0.000013  0.006192 0.735583 1 64 1.000000
lowpoly_metal
0  -3.540584 -15.217512 -0.122344  0.000000 0.000000 1.000000  0.006192 0.735583 1 64 1.000000
0  -3.240542 -15.217511 -0.122344  0.000000 0.000000 1.000000  0.006192 0.735583 1 64 1.000000
0  -3.410053 -15.217511 -0.122344  0.000000 0.000000 1.000000  0.006192 0.735583 1 64 1.000000
lowpoly_metal
0  -3.336533 -15.217511 -0.164623  0.000000 -1.000000 0.000000  0.006192 0.735583 1 64 1.000000
0  -3.240542 -15.217511 -0.122344  0.000000 -1.000000 0.000000  0.006192 0.735583 1 64 1.000000
0  -3.410053 -15.217511 -0.122344  0.000000 -1.000000 0.000000  0.006192 0.735583 1 64 1.000000
lowpoly_metal
0  -3.240542 -15.217511 -0.122344  0.695270 0.000000 0.718749  0.006192 0.735583 1 64 1.000000
0  -3.119593 -14.506701 -0.239343  0.695270 0.000000 0.718749  0.006192 0.735583 1 64 1.000000
0  -3.240543 -14.506701 -0.122344  0.695270 0.000000 0.718749  0.006192 0.735583 1 64 1.000000
lowpoly_metal
0  -3.192228 -15.217511 -0.789435  0.912066 0.000001 -0.410042  0.006192 0.735583 1 64 1.000000
0  -3.119593 -14.506701 -0.627873  0.912066 0.000001 -0.410042  0.006192 0.735583 1 64 1.000000
0  -3.119593 -15.217511 -0.627873  0.912066 0.000001 -0.410042  0.006192 0.735583 1 64 1.000000
lowpoly_metal
0  -3.119593 -15.217511 -0.627873  1.000000 0.000001 0.000000  0.006192 0.735583 1 64 1.000000
0  -3.119593 -14.506701 -0.239343  1.000000 0.000001 0.000000  0.006192 0.735583 1 64 1.000000
0  -3.119593 -15.217511 -0.239343  1.000000 0.000001 0.000000  0.006192 0.735583 1 64 1.000000
lowpoly_metal
0  -3.395065 -10.501082 -1.984298  0.000000 0.926530 0.376220  0.006192 0.735583 1 64 1.000000
0  -3.240545 -10.599952 -1.740807  0.000000 0.926530 0.376220  0.006192 0.735583 1 64 1.000000
0  -3.240545 -10.501082 -1.984298  0.000000 0.926530 0.376220  0.006192 0.735583 1 64 1.000000
lowpoly_metal
0  -3.240544 -11.940991 -2.359023  0.000000 1.000000 0.000001  0.006192 0.735583 1 64 1.000000
0  -3.395065 -11.940991 -2.580682  0.000000 1.000000 0.000001  0.006192 0.735583 1 64 1.000000
0  -3.395065 -11.940991 -2.359023  0.000000 1.000000 0.000001  0.006192 0.735583 1 64 1.000000
lowpoly_metal
0  -3.240544 -11.940991 -2.359023  0.000000 1.000000 0.000000  0.006192 0.735583 1 64 1.000000
0  -3.395065 -11.940991 -2.137364  0.000000 1.000000 0.000000  0.006192 0.735583 1 64 1.000000
0  -3.240544 -11.940991 -2.137364  0.000000 1.000000 0.000000  0.006192 0.735583 1 64 1.000000
lowpoly_metal
0  -3.240545 -10.692320 -1.242582  -0.000001 0.730055 0.683388  0.006192 0.735583 1 64 1.000000
0  -3.395065 -10.619276 -1.320614  -0.000001 0.730055 0.683388  0.006192 0.735583 1 64 1.000000
0  -3.395065 -10.692320 -1.242583  -0.000001 0.730055 0.683388  0.006192 0.735583 1 64 1.000000
lowpoly_metal
0  -3.329682 -15.217511 0.046138  0.000000 -1.000000 0.000000  0.006192 0.735583 1 64 1.000000
0  -3.395064 -15.217511 -0.044565  0.000000 -1.000000 0.000000  0.006192 0.735583 1 64 1.000000
0  -3.240542 -15.217511 -0.044565  0.000000 -1.000000 0.000000  0.006192 0.735583 1 64 1.000000
lowpoly_metal
0  -3.540585 -12.750235 0.046138  -0.000003 -0.000000 1.000000  0.006192 0.735583 1 64 1.000000
0  -3.438297 -14.506701 0.046138  -0.000003 -0.000000 1.000000  0.006192 0.735583 1 64 1.000000
0  -3.438297 -12.750235 0.046138  -0.000003 -0.000000 1.000000  0.006192 0.735583 1 64 1.000000
lowpoly_metal
0  -3.540584 -14.506701 0.046138  0.000001 0.000000 1.000000  0.006192 0.735583 1 64 1.000000
0  -3.438297 -15.217511 0.046138  0.000001 0.000000 1.000000  0.006192 0.735583 1 64 1.000000
0  -3.438297 -14.506701 0.046138  0.000001 0.000000 1.000000  0.006192 0.735583 1 64 1.000000
lowpoly_metal
0  -3.438297 -12.750235 0.046138  -0.000003 -0.000001 1.000000  0.006192 0.735583 1 64 1.000000
0  -3.540585 -12.334766 0.046138  -0.000003 -0.000001 1.000000  0.006192 0.735583 1 64 1.000000
0  -3.540585 -12.750235 0.046138  -0.000003 -0.000001 1.000000  0.006192 0.735583 1 64 1.000000
lowpoly_metal
0  -3.540585 -12.334766 -0.044565  0.000000 1.000000 0.000000  0.006192 0.735583 1 64 1.000000
0  -3.438297 -12.334766 0.046138  0.000000 1.000000 0.000000  0.006192 0.735583 1 64 1.000000
0  -3.395065 -12.334766 -0.044565  0.000000 1.000000 0.000000  0.006192 0.735583 1 64 1.000000
lowpoly_metal
0  -3.540585 -10.619276 -1.320614  0.000000 0.998944 0.045938  0.006192 0.735583 1 64 1.000000
0  -3.395065 -10.599953 -1.740807  0.000000 0.998944 0.045938  0.006192 0.735583 1 64 1.000000
0  -3.540585 -10.599953 -1.740807  0.000000 0.998944 0.045938  0.006192 0.735583 1 64 1.000000
lowpoly_metal
0  -3.540584 -12.313784 -2.910100  0.000000 0.949691 -0.313187  0.006192 0.735583 1 64 1.000000
0  -3.428385 -12.436163 -3.281196  0.000000 0.949691 -0.313187  0.006192 0.735583 1 64 1.000000
0  -3.540584 -12.436163 -3.281196  0.000000 0.949691 -0.313187  0.006192 0.735583 1 64 1.000000
lowpoly_metal
0  -3.395065 -11.940991 -2.580682  0.000000 0.662167 -0.749356  0.006192 0.735583 1 64 1.000000
0  -3.540584 -12.313784 -2.910100  0.000000 0.662167 -0.749356  0.006192 0.735583 1 64 1.000000
0  -3.540584 -11.940991 -2.580682  0.000000 0.662167 -0.749356  0.006192 0.735583 1 64 1.000000
lowpoly_metal
0  -3.540584 -12.749867 -3.508553  -0.000005 0.586838 -0.809705  0.006192 0.735583 1 64 1.000000
0  -3.428385 -12.436163 -3.281196  -0.000005 0.586838 -0.809705  0.006192 0.735583 1 64 1.000000
0  -3.428385 -12.749867 -3.508554  -0.000005 0.586838 -0.809705  0.006192 0.735583 1 64 1.000000
lowpoly_metal
0  -3.540584 -13.130715 -3.506778  0.000000 -0.194830 -0.980837  0.006192 0.735583 1 64 1.000000
0  -3.428385 -13.524395 -3.428579  0.000000 -0.194830 -0.980837  0.006192 0.735583 1 64 1.000000
0  -3.540584 -13.524395 -3.428579  0.000000 -0.194830 -0.980837  0.006192 0.735583 1 64 1.000000
lowpoly_metal
0  -3.540584 -12.749867 -3.508553  0.000000 -0.004661 -0.999989  0.006192 0.735583 1 64 1.000000
0  -3.428385 -13.130715 -3.506778  0.000000 -0.004661 -0.999989  0.006192 0.735583 1 64 1.000000
0  -3.540584 -13.130715 -3.506778  0.000000 -0.004661 -0.999989  0.006192 0.735583 1 64 1.000000
lowpoly_metal
0  -3.540584 -13.865223 -3.236119  0.000000 -0.808513 -0.588479  0.006192 0.735583 1 64 1.000000
0  -3.428385 -14.086066 -2.932703  0.000000 -0.808513 -0.588479  0.006192 0.735583 1 64 1.000000
0  -3.540584 -14.086066 -2.932703  0.000000 -0.808513 -0.588479  0.006192 0.735583 1 64 1.000000
lowpoly_metal
0  -3.540584 -13.524395 -3.428579  0.000005 -0.491710 -0.870759  0.006192 0.735583 1 64 1.000000
0  -3.428385 -13.865223 -3.236119  0.000005 -0.491710 -0.870759  0.006192 0.735583 1 64 1.000000
0  -3.540584 -13.865223 -3.236119  0.000005 -0.491710 -0.870759  0.006192 0.735583 1 64 1.000000
lowpoly_metal
0  -3.540584 -14.273732 -2.376616  0.000000 -0.306432 -0.951892  0.006192 0.735583 1 64 1.000000
0  -3.395064 -14.581944 -2.277397  0.000000 -0.306432 -0.951892  0.006192 0.735583 1 64 1.000000
0  -3.540584 -14.581944 -2.277397  0.000000 -0.306432 -0.951892  0.006192 0.735583 1 64 1.000000
lowpoly_metal
0  -3.540584 -14.182254 -2.577164  0.000000 -0.909814 -0.415016  0.006192 0.735583 1 64 1.000000
0  -3.395064 -14.273732 -2.376616  0.000000 -0.909814 -0.415016  0.006192 0.735583 1 64 1.000000
0  -3.540584 -14.273732 -2.376616  0.000000 -0.909814 -0.415016  0.006192 0.735583 1 64 1.000000
lowpoly_metal
0  -3.540584 -14.182254 -2.577164  0.000000 -0.965298 -0.261152  0.006192 0.735583 1 64 1.000000
0  -3.428385 -14.086066 -2.932703  0.000000 -0.965298 -0.261152  0.006192 0.735583 1 64 1.000000
0  -3.395064 -14.182254 -2.577164  0.000000 -0.965298 -0.261152  0.006192 0.735583 1 64 1.000000
lowpoly_metal
0  -3.540584 -14.581944 -2.277397  -0.000006 0.009182 -0.999958  0.006192 0.735583 1 64 1.000000
0  -3.395064 -14.724261 -2.278704  -0.000006 0.009182 -0.999958  0.006192 0.735583 1 64 1.000000
0  -3.540584 -14.724261 -2.278703  -0.000006 0.009182 -0.999958  0.006192 0.735583 1 64 1.000000
lowpoly_metal
0  -3.540585 -10.690455 -2.272127  0.000000 -0.926095 -0.377291  0.006192 0.735583 1 64 1.000000
0  -3.395065 -10.796972 -2.010668  0.000000 -0.926095 -0.377291  0.006192 0.735583 1 64 1.000000
0  -3.540585 -10.796972 -2.010668  0.000000 -0.926095 -0.377291  0.006192 0.735583 1 64 1.000000
lowpoly_metal
0  -3.540585 -10.692320 -1.242582  0.000001 0.286491 0.958083  0.006192 0.735583 1 64 1.000000
0  -3.395065 -10.993700 -1.152463  0.000001 0.286491 0.958083  0.006192 0.735583 1 64 1.000000
0  -3.395065 -10.692320 -1.242583  0.000001 0.286491 0.958083  0.006192 0.735583 1 64 1.000000
lowpoly_metal
0  -3.540584 -12.750235 -0.975556  0.000000 -1.000000 0.000000  0.006192 0.735583 1 64 1.000000
0  -3.240544 -12.750235 -1.117758  0.000000 -1.000000 0.000000  0.006192 0.735583 1 64 1.000000
0  -3.240544 -12.750235 -0.975556  0.000000 -1.000000 0.000000  0.006192 0.735583 1 64 1.000000
lowpoly_metal
0  -3.240545 -10.993699 -1.152463  1.000000 0.000001 -0.000003  0.006192 0.735583 1 64 1.000000
0  -3.240544 -11.940991 -1.259959  1.000000 0.000001 -0.000003  0.006192 0.735583 1 64 1.000000
0  -3.240545 -10.692320 -1.242582  1.000000 0.000001 -0.000003  0.006192 0.735583 1 64 1.000000
lowpoly_metal
0  -3.240544 -12.042147 -1.117758  1.000000 -0.000000 0.000000  0.006192 0.735583 1 64 1.000000
0  -3.240544 -12.750235 -1.259960  1.000000 -0.000000 0.000000  0.006192 0.735583 1 64 1.000000
0  -3.240544 -11.940991 -1.259959  1.000000 -0.000000 0.000000  0.006192 0.735583 1 64 1.000000
lowpoly_metal
0  -3.395065 -10.692320 -1.242583  -0.000002 0.286490 0.958083  0.006192 0.735583 1 64 1.000000
0  -3.240545 -10.993699 -1.152463  -0.000002 0.286490 0.958083  0.006192 0.735583 1 64 1.000000
0  -3.240545 -10.692320 -1.242582  -0.000002 0.286490 0.958083  0.006192 0.735583 1 64 1.000000
lowpoly_metal
0  -3.395065 -11.782377 -0.807259  -1.000000 -0.000002 -0.000000  0.006192 0.735583 1 64 1.000000
0  -3.395065 -12.483750 -0.899038  -1.000000 -0.000002 -0.000000  0.006192 0.735583 1 64 1.000000
0  -3.395065 -12.134217 -0.445450  -1.000000 -0.000002 -0.000000  0.006192 0.735583 1 64 1.000000
lowpoly_metal
0  -3.395065 -12.328709 -0.498153  -0.000000 0.999911 0.013355  0.006192 0.735583 1 64 1.000000
0  -3.469486 -12.331024 -0.324775  -0.000000 0.999911 0.013355  0.006192 0.735583 1 64 1.000000
0  -3.395065 -12.334766 -0.044565  -0.000000 0.999911 0.013355  0.006192 0.735583 1 64 1.000000
lowpoly_metal
0  -3.395065 -12.334766 -0.122344  1.000000 0.000000 0.000003  0.006192 0.735583 1 64 1.000000
0  -3.395065 -12.328709 -0.498153  1.000000 0.000000 0.000003  0.006192 0.735583 1 64 1.000000
0  -3.395065 -12.334766 -0.044565  1.000000 0.000000 0.000003  0.006192 0.735583 1 64 1.000000
lowpoly_metal
0  -3.395065 -11.644612 -1.515931  -1.000000 -0.000000 -0.000000  0.006192 0.735583 1 64 1.000000
0  -3.395065 -11.782377 -0.807259  -1.000000 -0.000000 -0.000000  0.006192 0.735583 1 64 1.000000
0  -3.395065 -11.295080 -1.062343  -1.000000 -0.000000 -0.000000  0.006192 0.735583 1 64 1.000000
lowpoly_metal
0  -3.395065 -11.343232 -1.606050  -1.000000 0.000000 -0.000000  0.006192 0.735583 1 64 1.000000
0  -3.395065 -11.295080 -1.062343  -1.000000 0.000000 -0.000000  0.006192 0.735583 1 64 1.000000
0  -3.395065 -10.993700 -1.152463  -1.000000 0.000000 -0.000000  0.006192 0.735583 1 64 1.000000
lowpoly_metal
0  -3.540584 -11.343233 -1.606050  0.000000 -0.792103 0.610387  0.006192 0.735583 1 64 1.000000
0  -3.395065 -10.993700 -1.152463  0.000000 -0.792103 0.610387  0.006192 0.735583 1 64 1.000000
0  -3.540585 -10.993700 -1.152463  0.000000 -0.792103 0.610387  0.006192 0.735583 1 64 1.000000
lowpoly_metal
0  -3.395065 -12.134217 -0.445450  -1.000000 0.000000 0.000000  0.006192 0.735583 1 64 1.000000
0  -3.395065 -12.328709 -0.575932  -1.000000 0.000000 0.000000  0.006192 0.735583 1 64 1.000000
0  -3.395065 -12.334766 -0.122344  -1.000000 0.000000 0.000000  0.006192 0.735583 1 64 1.000000
lowpoly_metal
0  -3.540584 -12.750235 -0.263202  0.000000 0.000000 -1.000000  0.006192 0.735583 1 64 1.000000
0  -3.505035 -12.331846 -0.263202  0.000000 0.000000 -1.000000  0.006192 0.735583 1 64 1.000000
0  -3.505035 -12.750235 -0.263202  0.000000 0.000000 -1.000000  0.006192 0.735583 1 64 1.000000
lowpoly_metal
0  -3.469486 -12.750235 -0.324775  -0.866022 0.000000 -0.500006  0.006192 0.735583 1 64 1.000000
0  -3.505035 -12.331846 -0.263202  -0.866022 0.000000 -0.500006  0.006192 0.735583 1 64 1.000000
0  -3.469486 -12.331024 -0.324775  -0.866022 0.000000 -0.500006  0.006192 0.735583 1 64 1.000000
lowpoly_metal
0  -3.469486 -12.331024 -0.324775  -0.866024 0.000000 0.500002  0.006192 0.735583 1 64 1.000000
0  -3.505035 -12.750235 -0.386348  -0.866024 0.000000 0.500002  0.006192 0.735583 1 64 1.000000
0  -3.469486 -12.750235 -0.324775  -0.866024 0.000000 0.500002  0.006192 0.735583 1 64 1.000000
lowpoly_metal
0  -3.505035 -12.750235 -0.386348  0.000000 0.000000 1.000000  0.006192 0.735583 1 64 1.000000
0  -3.540585 -12.330202 -0.386348  0.000000 0.000000 1.000000  0.006192 0.735583 1 64 1.000000
0  -3.540584 -12.750235 -0.386348  0.000000 0.000000 1.000000  0.006192 0.735583 1 64 1.000000
lowpoly_metal
0  -3.540585 -10.796972 -2.010668  0.000000 0.110074 -0.993923  0.006192 0.735583 1 64 1.000000
0  -3.395065 -11.940991 -2.137364  0.000000 0.110074 -0.993923  0.006192 0.735583 1 64 1.000000
0  -3.540584 -11.940991 -2.137364  0.000000 0.110074 -0.993923  0.006192 0.735583 1 64 1.000000
lowpoly_metal
0  -3.240544 -11.940991 -2.137364  1.000000 0.000000 -0.000000  0.006192 0.735583 1 64 1.000000
0  -3.240545 -10.910878 -1.740807  1.000000 0.000000 -0.000000  0.006192 0.735583 1 64 1.000000
0  -3.240544 -11.940990 -1.740807  1.000000 0.000000 -0.000000  0.006192 0.735583 1 64 1.000000
lowpoly_metal
0  -3.395065 -10.796972 -2.010668  0.000000 0.110074 -0.993923  0.006192 0.735583 1 64 1.000000
0  -3.240544 -11.940991 -2.137364  0.000000 0.110074 -0.993923  0.006192 0.735583 1 64 1.000000
0  -3.395065 -11.940991 -2.137364  0.000000 0.110074 -0.993923  0.006192 0.735583 1 64 1.000000
lowpoly_metal
0  -3.395065 -10.501082 -1.984298  0.000000 0.926099 0.377280  0.006192 0.735583 1 64 1.000000
0  -3.540585 -10.394566 -2.245757  0.000000 0.926099 0.377280  0.006192 0.735583 1 64 1.000000
0  -3.540585 -10.501082 -1.984298  0.000000 0.926099 0.377280  0.006192 0.735583 1 64 1.000000
lowpoly_metal
0  -3.540585 -10.272310 -2.861428  0.000000 -0.815550 -0.578686  0.006192 0.735583 1 64 1.000000
0  -3.395065 -10.690455 -2.272127  0.000000 -0.815550 -0.578686  0.006192 0.735583 1 64 1.000000
0  -3.540585 -10.690455 -2.272127  0.000000 -0.815550 -0.578686  0.006192 0.735583 1 64 1.000000
lowpoly_metal
0  -3.395065 -10.394566 -2.245757  0.000000 0.818559 0.574423  0.006192 0.735583 1 64 1.000000
0  -3.540585 -9.976892 -2.840949  0.000000 0.818559 0.574423  0.006192 0.735583 1 64 1.000000
0  -3.540585 -10.394566 -2.245757  0.000000 0.818559 0.574423  0.006192 0.735583 1 64 1.000000
lowpoly_metal
0  -3.395065 -9.976892 -2.840949  1.000000 0.000000 -0.000001  0.006192 0.735583 1 64 1.000000
0  -3.395065 -10.179741 -3.053372  1.000000 0.000000 -0.000001  0.006192 0.735583 1 64 1.000000
0  -3.395066 -9.888328 -3.023938  1.000000 0.000000 -0.000001  0.006192 0.735583 1 64 1.000000
lowpoly_metal
0  -3.395065 -9.665223 -3.549218  0.087690 0.916875 0.389425  0.006192 0.735583 1 64 1.000000
0  -3.463167 -9.844054 -3.112841  0.087690 0.916875 0.389425  0.006192 0.735583 1 64 1.000000
0  -3.395066 -9.888328 -3.023938  0.087690 0.916875 0.389425  0.006192 0.735583 1 64 1.000000
lowpoly_metal
0  -3.395065 -9.665223 -3.549218  -1.000000 0.000000 0.000002  0.006192 0.735583 1 64 1.000000
0  -3.395066 -9.888328 -3.023938  -1.000000 0.000000 0.000002  0.006192 0.735583 1 64 1.000000
0  -3.395065 -9.754903 -3.298357  -1.000000 0.000000 0.000002  0.006192 0.735583 1 64 1.000000
lowpoly_metal
0  -3.395065 -10.796972 -2.010668  0.000003 0.088768 -0.996052  0.006192 0.735583 1 64 1.000000
0  -3.240545 -10.501082 -1.984298  0.000003 0.088768 -0.996052  0.006192 0.735583 1 64 1.000000
0  -3.240545 -10.796972 -2.010667  0.000003 0.088768 -0.996052  0.006192 0.735583 1 64 1.000000
lowpoly_metal
0  -3.395065 -10.690455 -2.272127  1.000000 0.000000 0.000000  0.006192 0.735583 1 64 1.000000
0  -3.395065 -10.394566 -2.245757  1.000000 0.000000 0.000000  0.006192 0.735583 1 64 1.000000
0  -3.395065 -10.501082 -1.984298  1.000000 0.000000 0.000000  0.006192 0.735583 1 64 1.000000
lowpoly_metal
0  -3.395065 -10.272310 -2.861427  1.000000 -0.000001 0.000000  0.006192 0.735583 1 64 1.000000
0  -3.395065 -10.394566 -2.245757  1.000000 -0.000001 0.000000  0.006192 0.735583 1 64 1.000000
0  -3.395065 -10.690455 -2.272127  1.000000 -0.000001 0.000000  0.006192 0.735583 1 64 1.000000
lowpoly_metal
0  -3.540585 -10.135467 -3.142275  -0.005906 -0.898950 -0.438012  0.006192 0.735583 1 64 1.000000
0  -3.395065 -10.179741 -3.053372  -0.005906 -0.898950 -0.438012  0.006192 0.735583 1 64 1.000000
0  -3.540585 -10.272310 -2.861428  -0.005906 -0.898950 -0.438012  0.006192 0.735583 1 64 1.000000
lowpoly_metal
0  -3.540585 -9.928012 -3.667554  0.000000 -0.930090 -0.367332  0.006192 0.735583 1 64 1.000000
0  -3.463167 -10.135467 -3.142275  0.000000 -0.930090 -0.367332  0.006192 0.735583 1 64 1.000000
0  -3.540585 -10.135467 -3.142275  0.000000 -0.930090 -0.367332  0.006192 0.735583 1 64 1.000000
lowpoly_metal
0  -3.395066 -9.888328 -3.023938  0.005175 0.898488 0.438967  0.006192 0.735583 1 64 1.000000
0  -3.540585 -9.844054 -3.112842  0.005175 0.898488 0.438967  0.006192 0.735583 1 64 1.000000
0  -3.540585 -9.976892 -2.840949  0.005175 0.898488 0.438967  0.006192 0.735583 1 64 1.000000
lowpoly_metal
0  -3.540585 -9.636599 -3.638121  0.000000 0.100489 -0.994938  0.006192 0.735583 1 64 1.000000
0  -3.463167 -9.928012 -3.667554  0.000000 0.100489 -0.994938  0.006192 0.735583 1 64 1.000000
0  -3.540585 -9.928012 -3.667554  0.000000 0.100489 -0.994938  0.006192 0.735583 1 64 1.000000
lowpoly_metal
0  -3.463167 -9.928012 -3.667554  0.801663 0.060071 -0.594750  0.006192 0.735583 1 64 1.000000
0  -3.395065 -9.665223 -3.549218  0.801663 0.060071 -0.594750  0.006192 0.735583 1 64 1.000000
0  -3.395065 -9.956636 -3.578651  0.801663 0.060071 -0.594750  0.006192 0.735583 1 64 1.000000
lowpoly_metal
0  -3.463167 -10.135467 -3.142275  -0.087705 -0.916871 -0.389429  0.006192 0.735583 1 64 1.000000
0  -3.395065 -9.956636 -3.578651  -0.087705 -0.916871 -0.389429  0.006192 0.735583 1 64 1.000000
0  -3.395065 -10.179741 -3.053372  -0.087705 -0.916871 -0.389429  0.006192 0.735583 1 64 1.000000
lowpoly_metal
0  -3.463167 -9.636599 -3.638121  -0.000003 0.930089 0.367333  0.006192 0.735583 1 64 1.000000
0  -3.540585 -9.844054 -3.112842  -0.000003 0.930089 0.367333  0.006192 0.735583 1 64 1.000000
0  -3.463167 -9.844054 -3.112841  -0.000003 0.930089 0.367333  0.006192 0.735583 1 64 1.000000
lowpoly_metal
0  -3.395065 -9.956636 -3.578651  1.000000 0.000000 0.000000  0.006192 0.735583 1 64 1.000000
0  -3.395066 -9.888328 -3.023938  1.000000 0.000000 0.000000  0.006192 0.735583 1 64 1.000000
0  -3.395065 -10.179741 -3.053372  1.000000 0.000000 0.000000  0.006192 0.735583 1 64 1.000000
lowpoly_metal
0  -3.395064 -15.041738 -2.137364  0.000000 -0.961410 -0.275120  0.006192 0.735583 1 64 1.000000
0  -3.240544 -15.000867 -2.280185  0.000000 -0.961410 -0.275120  0.006192 0.735583 1 64 1.000000
0  -3.240544 -15.041738 -2.137364  0.000000 -0.961410 -0.275120  0.006192 0.735583 1 64 1.000000
lowpoly_metal
0  -3.540584 -15.000867 -2.280185  0.000000 -0.961407 -0.275129  0.006192 0.735583 1 64 1.000000
0  -3.395064 -15.041738 -2.137364  0.000000 -0.961407 -0.275129  0.006192 0.735583 1 64 1.000000
0  -3.540584 -15.041738 -2.137364  0.000000 -0.961407 -0.275129  0.006192 0.735583 1 64 1.000000
lowpoly_metal
0  -3.395064 -15.000867 -2.280185  0.000000 0.005356 -0.999986  0.006192 0.735583 1 64 1.000000
0  -3.240544 -14.724261 -2.278703  0.000000 0.005356 -0.999986  0.006192 0.735583 1 64 1.000000
0  -3.240544 -15.000867 -2.280185  0.000000 0.005356 -0.999986  0.006192 0.735583 1 64 1.000000
lowpoly_metal
0  -3.362154 -15.217511 -0.843771  0.304566 0.000000 -0.952491  0.006192 0.735583 1 64 1.000000
0  -3.192228 -14.506701 -0.789435  0.304566 0.000000 -0.952491  0.006192 0.735583 1 64 1.000000
0  -3.192228 -15.217511 -0.789435  0.304566 0.000000 -0.952491  0.006192 0.735583 1 64 1.000000
lowpoly_metal
0  -3.696506 -15.217511 -1.060246  1.000000 0.000000 0.000000  0.006192 0.735583 1 64 1.000000
0  -3.696506 -14.506701 -0.901942  1.000000 0.000000 0.000000  0.006192 0.735583 1 64 1.000000
0  -3.696506 -15.217511 -0.901942  1.000000 0.000000 0.000000  0.006192 0.735583 1 64 1.000000
lowpoly_metal
0  -3.540584 -14.506701 -0.765249  0.011383 0.000000 -0.999935  0.006192 0.735583 1 64 1.000000
0  -3.444908 -15.217511 -0.764160  0.011383 0.000000 -0.999935  0.006192 0.735583 1 64 1.000000
0  -3.540584 -15.217511 -0.765249  0.011383 0.000000 -0.999935  0.006192 0.735583 1 64 1.000000
lowpoly_metal
0  -3.621874 -14.506701 -1.134877  0.707108 0.000000 0.707105  0.006192 0.735583 1 64 1.000000
0  -3.696506 -15.217511 -1.060246  0.707108 0.000000 0.707105  0.006192 0.735583 1 64 1.000000
0  -3.621874 -15.217511 -1.134877  0.707108 0.000000 0.707105  0.006192 0.735583 1 64 1.000000
lowpoly_metal
0  -3.544080 -14.506701 -1.365512  1.000000 0.000000 -0.000001  0.006192 0.735583 1 64 1.000000
0  -3.544080 -15.217511 -1.365512  1.000000 0.000000 -0.000001  0.006192 0.735583 1 64 1.000000
0  -3.544080 -15.049593 -1.595484  1.000000 0.000000 -0.000001  0.006192 0.735583 1 64 1.000000
lowpoly_metal
0  -3.540584 -15.041738 -2.123429  0.000000 -1.000000 0.000000  0.006192 0.735583 1 64 1.000000
0  -3.395064 -15.041738 -2.137364  0.000000 -1.000000 0.000000  0.006192 0.735583 1 64 1.000000
0  -3.395064 -15.041738 -2.123429  0.000000 -1.000000 0.000000  0.006192 0.735583 1 64 1.000000
lowpoly_metal
0  -3.362154 -15.041738 -2.123429  -0.000004 -0.000000 1.000000  0.006192 0.735583 1 64 1.000000
0  -3.240544 -15.041738 -2.123429  -0.000004 -0.000000 1.000000  0.006192 0.735583 1 64 1.000000
0  -3.240544 -14.523526 -2.123428  -0.000004 -0.000000 1.000000  0.006192 0.735583 1 64 1.000000
lowpoly_metal
0  -3.444908 -14.506701 -0.764160  -0.693284 0.000000 -0.720665  0.006192 0.735583 1 64 1.000000
0  -3.362154 -15.217511 -0.843771  -0.693284 0.000000 -0.720665  0.006192 0.735583 1 64 1.000000
0  -3.444908 -15.217511 -0.764160  -0.693284 0.000000 -0.720665  0.006192 0.735583 1 64 1.000000
lowpoly_metal
0  -3.643802 -14.506701 -0.765491  0.000000 0.000000 -1.000000  0.006192 0.735583 1 64 1.000000
0  -3.561791 -15.217512 -0.765491  0.000000 0.000000 -1.000000  0.006192 0.735583 1 64 1.000000
0  -3.643802 -15.217512 -0.765491  0.000000 0.000000 -1.000000  0.006192 0.735583 1 64 1.000000
lowpoly_metal
0  -3.340504 -14.506701 -0.542120  0.000000 1.000000 0.000000  0.006192 0.735583 1 64 1.000000
0  -3.119593 -14.506701 -0.239343  0.000000 1.000000 0.000000  0.006192 0.735583 1 64 1.000000
0  -3.119593 -14.506701 -0.627873  0.000000 1.000000 0.000000  0.006192 0.735583 1 64 1.000000
lowpoly_metal
0  -3.362154 -15.041738 -2.123429  0.000000 -1.000000 0.000000  0.006192 0.735583 1 64 1.000000
0  -3.395064 -15.041738 -2.137364  0.000000 -1.000000 0.000000  0.006192 0.735583 1 64 1.000000
0  -3.240544 -15.041738 -2.137364  0.000000 -1.000000 0.000000  0.006192 0.735583 1 64 1.000000
lowpoly_metal
0  -3.643802 -14.506701 -0.765491  0.932835 0.000001 -0.360304  0.006192 0.735583 1 64 1.000000
0  -3.696506 -15.217511 -0.901942  0.932835 0.000001 -0.360304  0.006192 0.735583 1 64 1.000000
0  -3.696506 -14.506701 -0.901942  0.932835 0.000001 -0.360304  0.006192 0.735583 1 64 1.000000
lowpoly_metal
0  -3.621874 -15.217511 -1.134877  0.000000 -0.000000 1.000000  0.006192 0.735583 1 64 1.000000
0  -3.544080 -14.506701 -1.134877  0.000000 -0.000000 1.000000  0.006192 0.735583 1 64 1.000000
0  -3.621874 -14.506701 -1.134877  0.000000 -0.000000 1.000000  0.006192 0.735583 1 64 1.000000
lowpoly_metal
0  -3.280061 -14.832726 -1.932636  0.866024 0.000000 0.500002  0.008871 0.733071 1 67 1.000000
0  -3.335855 -14.832726 -1.835999  0.866024 0.000000 0.500002  0.008871 0.733071 1 67 1.000000
0  -3.335855 -15.055901 -1.835999  0.866024 0.000000 0.500002  0.008871 0.733071 1 67 1.000000
lowpoly_metal
0  -3.335855 -14.832726 -1.835999  0.000000 -0.000001 1.000000  0.008871 0.733071 1 67 1.000000
0  -3.447442 -14.832726 -1.835999  0.000000 -0.000001 1.000000  0.008871 0.733071 1 67 1.000000
0  -3.447442 -15.055901 -1.835999  0.000000 -0.000001 1.000000  0.008871 0.733071 1 67 1.000000
lowpoly_metal
0  -3.447442 -14.832726 -1.835999  -0.866028 0.000002 0.499996  0.008871 0.733071 1 67 1.000000
0  -3.503235 -14.832726 -1.932636  -0.866028 0.000002 0.499996  0.008871 0.733071 1 67 1.000000
0  -3.503236 -15.055901 -1.932636  -0.866028 0.000002 0.499996  0.008871 0.733071 1 67 1.000000
lowpoly_metal
0  -3.503236 -15.055901 -1.932636  -0.866026 0.000002 -0.499998  0.008871 0.733071 1 67 1.000000
0  -3.503235 -14.832726 -1.932636  -0.866026 0.000002 -0.499998  0.008871 0.733071 1 67 1.000000
0  -3.447442 -14.832726 -2.029274  -0.866026 0.000002 -0.499998  0.008871 0.733071 1 67 1.000000
lowpoly_metal
0  -3.447442 -14.832726 -1.835999  0.000000 1.000000 -0.000011  0.008871 0.733071 1 67 1.000000
0  -3.335855 -14.832726 -1.835999  0.000000 1.000000 -0.000011  0.008871 0.733071 1 67 1.000000
0  -3.280061 -14.832726 -1.932636  0.000000 1.000000 -0.000011  0.008871 0.733071 1 67 1.000000
lowpoly_metal
0  -3.280061 -14.832726 -1.932636  0.000000 1.000000 0.000011  0.008871 0.733071 1 67 1.000000
0  -3.335855 -14.832726 -2.029274  0.000000 1.000000 0.000011  0.008871 0.733071 1 67 1.000000
0  -3.447442 -14.832726 -1.835999  0.000000 1.000000 0.000011  0.008871 0.733071 1 67 1.000000
lowpoly_metal
0  -3.447442 -14.832726 -2.029274  0.000000 1.000000 0.000000  0.008871 0.733071 1 67 1.000000
0  -3.503235 -14.832726 -1.932636  0.000000 1.000000 0.000000  0.008871 0.733071 1 67 1.000000
0  -3.447442 -14.832726 -1.835999  0.000000 1.000000 0.000000  0.008871 0.733071 1 67 1.000000
lowpoly_metal
0  -3.447442 -15.055901 -2.029274  0.000000 0.000001 -1.000000  0.008871 0.733071 1 67 1.000000
0  -3.447442 -14.832726 -2.029274  0.000000 0.000001 -1.000000  0.008871 0.733071 1 67 1.000000
0  -3.335855 -14.832726 -2.029274  0.000000 0.000001 -1.000000  0.008871 0.733071 1 67 1.000000
lowpoly_metal
0  -3.335855 -15.055901 -2.029274  0.866025 0.000000 -0.500001  0.008871 0.733071 1 67 1.000000
0  -3.335855 -14.832726 -2.029274  0.866025 0.000000 -0.500001  0.008871 0.733071 1 67 1.000000
0  -3.280061 -14.832726 -1.932636  0.866025 0.000000 -0.500001  0.008871 0.733071 1 67 1.000000
lowpoly_metal
0  -3.335855 -15.055901 -2.029274  0.000000 -1.000000 0.000000  0.008871 0.733071 1 67 1.000000
0  -3.280061 -15.055901 -1.932636  0.000000 -1.000000 0.000000  0.008871 0.733071 1 67 1.000000
0  -3.335855 -15.055901 -1.835999  0.000000 -1.000000 0.000000  0.008871 0.733071 1 67 1.000000
lowpoly_metal
0  -3.335855 -15.055901 -1.835999  0.000000 -1.000000 0.000000  0.008871 0.733071 1 67 1.000000
0  -3.447442 -15.055901 -1.835999  0.000000 -1.000000 0.000000  0.008871 0.733071 1 67 1.000000
0  -3.335855 -15.055901 -2.029274  0.000000 -1.000000 0.000000  0.008871 0.733071 1 67 1.000000
lowpoly_metal
0  -3.503236 -15.055901 -1.932636  0.000000 -1.000000 0.000000  0.008871 0.733071 1 67 1.000000
0  -3.447442 -15.055901 -2.029274  0.000000 -1.000000 0.000000  0.008871 0.733071 1 67 1.000000
0  -3.335855 -15.055901 -2.029274  0.000000 -1.000000 0.000000  0.008871 0.733071 1 67 1.000000
lowpoly_metal
0  -3.173165 -14.496332 -1.932636  0.866025 -0.000000 0.500000  0.006192 0.735583 1 67 1.000000
0  -3.282407 -14.496332 -1.743424  0.866025 -0.000000 0.500000  0.006192 0.735583 1 67 1.000000
0  -3.282407 -15.035105 -1.743424  0.866025 -0.000000 0.500000  0.006192 0.735583 1 67 1.000000
lowpoly_metal
0  -3.252310 -14.496333 -1.603574  0.000004 1.000000 0.000004  0.006192 0.735583 1 67 1.000000
0  -3.500890 -14.496332 -1.603574  0.000004 1.000000 0.000004  0.006192 0.735583 1 67 1.000000
0  -3.500890 -14.496332 -1.365762  0.000004 1.000000 0.000004  0.006192 0.735583 1 67 1.000000
lowpoly_metal
0  -3.544113 -14.496332 -2.046983  -0.866026 -0.000000 -0.500000  0.006192 0.735583 1 67 1.000000
0  -3.500890 -14.496332 -2.121848  -0.866026 -0.000000 -0.500000  0.006192 0.735583 1 67 1.000000
0  -3.500890 -15.035105 -2.121848  -0.866026 -0.000000 -0.500000  0.006192 0.735583 1 67 1.000000
lowpoly_metal
0  -3.500890 -14.496332 -1.743424  0.000000 1.000000 0.000000  0.006192 0.735583 1 67 1.000000
0  -3.282407 -14.496332 -1.743424  0.000000 1.000000 0.000000  0.006192 0.735583 1 67 1.000000
0  -3.544113 -14.496332 -1.818289  0.000000 1.000000 0.000000  0.006192 0.735583 1 67 1.000000
lowpoly_metal
0  -3.173165 -14.496332 -1.932636  0.000000 1.000000 0.000000  0.006192 0.735583 1 67 1.000000
0  -3.282407 -14.496332 -2.121848  0.000000 1.000000 0.000000  0.006192 0.735583 1 67 1.000000
0  -3.544113 -14.496332 -2.046983  0.000000 1.000000 0.000000  0.006192 0.735583 1 67 1.000000
lowpoly_metal
0  -3.500890 -14.496332 -2.121848  0.000000 1.000000 0.000000  0.006192 0.735583 1 67 1.000000
0  -3.544113 -14.496332 -2.046983  0.000000 1.000000 0.000000  0.006192 0.735583 1 67 1.000000
0  -3.282407 -14.496332 -2.121848  0.000000 1.000000 0.000000  0.006192 0.735583 1 67 1.000000
lowpoly_metal
0  -3.544113 -14.496332 -1.818289  0.000000 1.000000 0.000000  0.006192 0.735583 1 67 1.000000
0  -3.282407 -14.496332 -1.743424  0.000000 1.000000 0.000000  0.006192 0.735583 1 67 1.000000
0  -3.173165 -14.496332 -1.932636  0.000000 1.000000 0.000000  0.006192 0.735583 1 67 1.000000
lowpoly_metal
0  -3.500890 -14.496332 -2.121848  0.000000 0.000000 -1.000000  0.006192 0.735583 1 67 1.000000
0  -3.282407 -14.496332 -2.121848  0.000000 0.000000 -1.000000  0.006192 0.735583 1 67 1.000000
0  -3.282407 -15.035105 -2.121848  0.000000 0.000000 -1.000000  0.006192 0.735583 1 67 1.000000
lowpoly_metal
0  -3.282407 -15.035105 -2.121848  0.866026 -0.000001 -0.499999  0.006192 0.735583 1 67 1.000000
0  -3.282407 -14.496332 -2.121848  0.866026 -0.000001 -0.499999  0.006192 0.735583 1 67 1.000000
0  -3.173165 -14.496332 -1.932636  0.866026 -0.000001 -0.499999  0.006192 0.735583 1 67 1.000000
lowpoly_metal
0  -3.500890 -14.496332 -1.743424  -0.866024 -0.000000 0.500002  0.006192 0.735583 1 67 1.000000
0  -3.544113 -14.496332 -1.818289  -0.866024 -0.000000 0.500002  0.006192 0.735583 1 67 1.000000
0  -3.544113 -15.035105 -1.818289  -0.866024 -0.000000 0.500002  0.006192 0.735583 1 67 1.000000
lowpoly_metal
0  -3.206244 -14.496333 -0.894990  0.000000 1.000000 0.000000  0.006192 0.735583 1 67 1.000000
0  -3.206244 -14.496332 -1.365762  0.000000 1.000000 0.000000  0.006192 0.735583 1 67 1.000000
0  -3.500890 -14.496332 -1.365762  0.000000 1.000000 0.000000  0.006192 0.735583 1 67 1.000000
lowpoly_metal
0  -3.500890 -14.496332 -1.365762  0.000000 1.000000 0.000000  0.006192 0.735583 1 67 1.000000
0  -3.500890 -14.496333 -0.820394  0.000000 1.000000 0.000000  0.006192 0.735583 1 67 1.000000
0  -3.206244 -14.496333 -0.894990  0.000000 1.000000 0.000000  0.006192 0.735583 1 67 1.000000
lowpoly_metal
0  -3.252311 -15.035105 -1.603574  0.981751 0.000000 -0.190173  0.006192 0.735583 1 67 1.000000
0  -3.252310 -14.496333 -1.603574  0.981751 0.000000 -0.190173  0.006192 0.735583 1 67 1.000000
0  -3.206244 -14.496332 -1.365762  0.981751 0.000000 -0.190173  0.006192 0.735583 1 67 1.000000
lowpoly_metal
0  -3.500890 -15.035105 -1.603574  -1.000000 0.000000 0.000000  0.006192 0.735583 1 67 1.000000
0  -3.500890 -15.213264 -1.365763  -1.000000 0.000000 0.000000  0.006192 0.735583 1 67 1.000000
0  -3.500890 -14.496332 -1.365762  -1.000000 0.000000 0.000000  0.006192 0.735583 1 67 1.000000
lowpoly_metal
0  -3.252311 -15.035105 -1.603574  0.000000 -0.800320 -0.599573  0.006192 0.735583 1 67 1.000000
0  -3.206245 -15.213264 -1.365763  0.000000 -0.800320 -0.599573  0.006192 0.735583 1 67 1.000000
0  -3.500890 -15.213264 -1.365763  0.000000 -0.800320 -0.599573  0.006192 0.735583 1 67 1.000000
lowpoly_metal
0  -3.500890 -15.213264 -0.820395  -0.000003 -1.000000 0.000000  0.006192 0.735583 1 67 1.000000
0  -3.500890 -15.213264 -1.365763  -0.000003 -1.000000 0.000000  0.006192 0.735583 1 67 1.000000
0  -3.206245 -15.213265 -0.894991  -0.000003 -1.000000 0.000000  0.006192 0.735583 1 67 1.000000
lowpoly_metal
0  -3.206245 -15.213264 -1.365763  0.000000 -1.000000 0.000000  0.006192 0.735583 1 67 1.000000
0  -3.206245 -15.213265 -0.894991  0.000000 -1.000000 0.000000  0.006192 0.735583 1 67 1.000000
0  -3.500890 -15.213264 -1.365763  0.000000 -1.000000 0.000000  0.006192 0.735583 1 67 1.000000
lowpoly_metal
0  -3.500890 -15.213264 -1.365763  -1.000000 0.000000 -0.000000  0.006192 0.735583 1 67 1.000000
0  -3.500890 -15.213264 -0.820395  -1.000000 0.000000 -0.000000  0.006192 0.735583 1 67 1.000000
0  -3.500890 -14.496333 -0.820394  -1.000000 0.000000 -0.000000  0.006192 0.735583 1 67 1.000000
lowpoly_metal
0  -3.206245 -15.213264 -1.365763  1.000000 0.000000 -0.000000  0.006192 0.735583 1 67 1.000000
0  -3.206244 -14.496332 -1.365762  1.000000 0.000000 -0.000000  0.006192 0.735583 1 67 1.000000
0  -3.206244 -14.496333 -0.894990  1.000000 0.000000 -0.000000  0.006192 0.735583 1 67 1.000000
lowpoly_metal
0  -3.280841 -15.213265 -0.820395  0.707106 -0.000000 0.707108  0.006192 0.735583 1 67 1.000000
0  -3.206245 -15.213265 -0.894991  0.707106 -0.000000 0.707108  0.006192 0.735583 1 67 1.000000
0  -3.206244 -14.496333 -0.894990  0.707106 -0.000000 0.707108  0.006192 0.735583 1 67 1.000000
lowpoly_metal
0  -3.280841 -14.496333 -0.820395  0.000000 -0.000000 1.000000  0.006192 0.735583 1 67 1.000000
0  -3.500890 -14.496333 -0.820394  0.000000 -0.000000 1.000000  0.006192 0.735583 1 67 1.000000
0  -3.500890 -15.213264 -0.820395  0.000000 -0.000000 1.000000  0.006192 0.735583 1 67 1.000000
lowpoly_metal
0  -3.282407 -15.035105 -1.743424  0.000000 -1.000000 -0.000014  0.006192 0.735583 1 67 1.000000
0  -3.252311 -15.035105 -1.603574  0.000000 -1.000000 -0.000014  0.006192 0.735583 1 67 1.000000
0  -3.500890 -15.035105 -1.603574  0.000000 -1.000000 -0.000014  0.006192 0.735583 1 67 1.000000
lowpoly_metal
0  -3.500890 -14.496332 -1.743424  -1.000000 0.000000 0.000002  0.006192 0.735583 1 67 1.000000
0  -3.500890 -15.035105 -1.743424  -1.000000 0.000000 0.000002  0.006192 0.735583 1 67 1.000000
0  -3.500890 -15.035105 -1.603574  -1.000000 0.000000 0.000002  0.006192 0.735583 1 67 1.000000
lowpoly_metal
0  -3.282407 -14.496332 -1.743424  0.977618 -0.000001 -0.210389  0.006192 0.735583 1 67 1.000000
0  -3.252310 -14.496333 -1.603574  0.977618 -0.000001 -0.210389  0.006192 0.735583 1 67 1.000000
0  -3.252311 -15.035105 -1.603574  0.977618 -0.000001 -0.210389  0.006192 0.735583 1 67 1.000000
lowpoly_metal
0  -3.282407 -14.496332 -1.743424  0.000000 1.000000 -0.000008  0.006192 0.735583 1 67 1.000000
0  -3.500890 -14.496332 -1.743424  0.000000 1.000000 -0.000008  0.006192 0.735583 1 67 1.000000
0  -3.500890 -14.496332 -1.603574  0.000000 1.000000 -0.000008  0.006192 0.735583 1 67 1.000000
lowpoly_metal
0  -3.544113 -15.035105 -2.046983  -1.000000 0.000000 0.000000  0.006192 0.735583 1 67 1.000000
0  -3.544113 -15.035105 -1.818289  -1.000000 0.000000 0.000000  0.006192 0.735583 1 67 1.000000
0  -3.544113 -14.496332 -1.818289  -1.000000 0.000000 0.000000  0.006192 0.735583 1 67 1.000000
lowpoly_metal
0  -3.282407 -15.035105 -2.121848  0.000000 -1.000000 0.000000  0.006192 0.735583 1 67 1.000000
0  -3.173165 -15.035105 -1.932636  0.000000 -1.000000 0.000000  0.006192 0.735583 1 67 1.000000
0  -3.544113 -15.035105 -2.046983  0.000000 -1.000000 0.000000  0.006192 0.735583 1 67 1.000000
lowpoly_metal
0  -3.282407 -15.035105 -1.743424  0.000000 -1.000000 -0.000007  0.006192 0.735583 1 67 1.000000
0  -3.500890 -15.035105 -1.743424  0.000000 -1.000000 -0.000007  0.006192 0.735583 1 67 1.000000
0  -3.544113 -15.035105 -1.818289  0.000000 -1.000000 -0.000007  0.006192 0.735583 1 67 1.000000
lowpoly_metal
0  -3.544113 -15.035105 -1.818289  0.000000 -1.000000 0.000004  0.006192 0.735583 1 67 1.000000
0  -3.173165 -15.035105 -1.932636  0.000000 -1.000000 0.000004  0.006192 0.735583 1 67 1.000000
0  -3.282407 -15.035105 -1.743424  0.000000 -1.000000 0.000004  0.006192 0.735583 1 67 1.000000
lowpoly_metal
0  -3.500890 -15.035105 -2.121848  0.000000 -1.000000 -0.000029  0.006192 0.735583 1 67 1.000000
0  -3.282407 -15.035105 -2.121848  0.000000 -1.000000 -0.000029  0.006192 0.735583 1 67 1.000000
0  -3.544113 -15.035105 -2.046983  0.000000 -1.000000 -0.000029  0.006192 0.735583 1 67 1.000000
lowpoly_metal
0  -3.328448 -12.122208 -1.218605  0.000000 -0.500004 0.866023  0.008828 0.739491 1 64 1.000000
0  -3.328448 -12.229239 -1.280399  0.000000 -0.500004 0.866023  0.008828 0.739491 1 64 1.000000
0  -3.081271 -12.229239 -1.280399  0.000000 -0.500004 0.866023  0.008828 0.739491 1 64 1.000000
lowpoly_metal
0  -3.328448 -12.229239 -1.280399  0.000000 -1.000000 0.000000  0.008828 0.739491 1 64 1.000000
0  -3.328448 -12.229239 -1.403988  0.000000 -1.000000 0.000000  0.008828 0.739491 1 64 1.000000
0  -3.081271 -12.229239 -1.403988  0.000000 -1.000000 0.000000  0.008828 0.739491 1 64 1.000000
lowpoly_metal
0  -3.081271 -12.229239 -1.403988  -0.000001 -0.500005 -0.866022  0.008828 0.739491 1 64 1.000000
0  -3.328448 -12.229239 -1.403988  -0.000001 -0.500005 -0.866022  0.008828 0.739491 1 64 1.000000
0  -3.328448 -12.122208 -1.465782  -0.000001 -0.500005 -0.866022  0.008828 0.739491 1 64 1.000000
lowpoly_metal
0  -3.081271 -12.122208 -1.465782  0.000000 0.500002 -0.866024  0.008828 0.739491 1 64 1.000000
0  -3.328448 -12.122208 -1.465782  0.000000 0.500002 -0.866024  0.008828 0.739491 1 64 1.000000
0  -3.328448 -12.015177 -1.403988  0.000000 0.500002 -0.866024  0.008828 0.739491 1 64 1.000000
lowpoly_metal
0  -3.328448 -12.229239 -1.403988  -1.000000 0.000000 0.000000  0.008828 0.739491 1 64 1.000000
0  -3.328448 -12.229239 -1.280399  -1.000000 0.000000 0.000000  0.008828 0.739491 1 64 1.000000
0  -3.328448 -12.015177 -1.403988  -1.000000 0.000000 0.000000  0.008828 0.739491 1 64 1.000000
lowpoly_metal
0  -3.328448 -12.122208 -1.218605  -1.000000 0.000000 0.000000  0.008828 0.739491 1 64 1.000000
0  -3.328448 -12.015177 -1.280399  -1.000000 0.000000 0.000000  0.008828 0.739491 1 64 1.000000
0  -3.328448 -12.015177 -1.403988  -1.000000 0.000000 0.000000  0.008828 0.739491 1 64 1.000000
lowpoly_metal
0  -3.328448 -12.015177 -1.403988  -1.000000 0.000000 -0.000004  0.008828 0.739491 1 64 1.000000
0  -3.328448 -12.122208 -1.465782  -1.000000 0.000000 -0.000004  0.008828 0.739491 1 64 1.000000
0  -3.328448 -12.229239 -1.403988  -1.000000 0.000000 -0.000004  0.008828 0.739491 1 64 1.000000
lowpoly_metal
0  -3.328448 -12.015177 -1.403988  0.000000 1.000000 0.000000  0.008828 0.739491 1 64 1.000000
0  -3.328448 -12.015177 -1.280399  0.000000 1.000000 0.000000  0.008828 0.739491 1 64 1.000000
0  -3.081271 -12.015177 -1.280399  0.000000 1.000000 0.000000  0.008828 0.739491 1 64 1.000000
lowpoly_metal
0  -3.328448 -12.015177 -1.280399  0.000000 0.500003 0.866024  0.008828 0.739491 1 64 1.000000
0  -3.328448 -12.122208 -1.218605  0.000000 0.500003 0.866024  0.008828 0.739491 1 64 1.000000
0  -3.081271 -12.122208 -1.218605  0.000000 0.500003 0.866024  0.008828 0.739491 1 64 1.000000
lowpoly_metal
0  -3.081271 -12.015177 -1.280399  1.000000 0.000000 0.000000  0.008828 0.739491 1 64 1.000000
0  -3.081271 -12.122208 -1.218605  1.000000 0.000000 0.000000  0.008828 0.739491 1 64 1.000000
0  -3.081271 -12.229239 -1.280399  1.000000 0.000000 0.000000  0.008828 0.739491 1 64 1.000000
lowpoly_metal
0  -3.081271 -12.229239 -1.280399  1.000000 0.000005 0.000000  0.008828 0.739491 1 64 1.000000
0  -3.081271 -12.229239 -1.403988  1.000000 0.000005 0.000000  0.008828 0.739491 1 64 1.000000
0  -3.081271 -12.122208 -1.465782  1.000000 0.000005 0.000000  0.008828 0.739491 1 64 1.000000
lowpoly_metal
0  -3.081271 -12.122208 -1.465782  1.000000 -0.000002 -0.000002  0.008828 0.739491 1 64 1.000000
0  -3.081271 -12.015177 -1.403988  1.000000 -0.000002 -0.000002  0.008828 0.739491 1 64 1.000000
0  -3.081271 -12.229239 -1.280399  1.000000 -0.000002 -0.000002  0.008828 0.739491 1 64 1.000000
lowpoly_metal
0  -3.439914 -12.743871 -0.992878  1.000000 0.000001 0.000000  0.008871 0.733071 1 69 1.000000
0  -3.439914 -12.743871 -0.876633  1.000000 0.000001 0.000000  0.008871 0.733071 1 69 1.000000
0  -3.439914 -14.235672 -0.876634  1.000000 0.000001 0.000000  0.008871 0.733071 1 69 1.000000
lowpoly_metal
0  -3.439914 -12.743871 -0.876633  0.500001 -0.000000 0.866025  0.008871 0.733071 1 69 1.000000
0  -3.540584 -12.743871 -0.818511  0.500001 -0.000000 0.866025  0.008871 0.733071 1 69 1.000000
0  -3.540584 -14.235672 -0.818511  0.500001 -0.000000 0.866025  0.008871 0.733071 1 69 1.000000
lowpoly_metal
0  -3.540584 -12.743871 -0.818511  -0.500000 -0.000000 0.866025  0.008871 0.733071 1 69 1.000000
0  -3.641255 -12.743871 -0.876633  -0.500000 -0.000000 0.866025  0.008871 0.733071 1 69 1.000000
0  -3.641255 -14.235672 -0.876634  -0.500000 -0.000000 0.866025  0.008871 0.733071 1 69 1.000000
lowpoly_metal
0  -3.641255 -12.743871 -0.876633  -1.000000 0.000000 0.000000  0.008871 0.733071 1 69 1.000000
0  -3.641255 -12.743871 -0.992877  -1.000000 0.000000 0.000000  0.008871 0.733071 1 69 1.000000
0  -3.641255 -14.235672 -0.992878  -1.000000 0.000000 0.000000  0.008871 0.733071 1 69 1.000000
lowpoly_metal
0  -3.540584 -12.743871 -0.818511  0.000000 1.000000 0.000000  0.008871 0.733071 1 69 1.000000
0  -3.439914 -12.743871 -0.876633  0.000000 1.000000 0.000000  0.008871 0.733071 1 69 1.000000
0  -3.439914 -12.743871 -0.992878  0.000000 1.000000 0.000000  0.008871 0.733071 1 69 1.000000
lowpoly_metal
0  -3.439914 -12.743871 -0.992878  0.000000 1.000000 0.000005  0.008871 0.733071 1 69 1.000000
0  -3.540585 -12.743871 -1.051000  0.000000 1.000000 0.000005  0.008871 0.733071 1 69 1.000000
0  -3.540584 -12.743871 -0.818511  0.000000 1.000000 0.000005  0.008871 0.733071 1 69 1.000000
lowpoly_metal
0  -3.641255 -12.743871 -0.992877  0.000000 1.000000 0.000000  0.008871 0.733071 1 69 1.000000
0  -3.641255 -12.743871 -0.876633  0.000000 1.000000 0.000000  0.008871 0.733071 1 69 1.000000
0  -3.540584 -12.743871 -0.818511  0.000000 1.000000 0.000000  0.008871 0.733071 1 69 1.000000
lowpoly_metal
0  -3.641255 -12.743871 -0.992877  -0.500000 -0.000000 -0.866025  0.008871 0.733071 1 69 1.000000
0  -3.540585 -12.743871 -1.051000  -0.500000 -0.000000 -0.866025  0.008871 0.733071 1 69 1.000000
0  -3.540584 -14.235672 -1.051000  -0.500000 -0.000000 -0.866025  0.008871 0.733071 1 69 1.000000
lowpoly_metal
0  -3.540584 -14.235672 -1.051000  0.499999 0.000000 -0.866026  0.008871 0.733071 1 69 1.000000
0  -3.540585 -12.743871 -1.051000  0.499999 0.000000 -0.866026  0.008871 0.733071 1 69 1.000000
0  -3.439914 -12.743871 -0.992878  0.499999 0.000000 -0.866026  0.008871 0.733071 1 69 1.000000
lowpoly_metal
0  -3.641254 -16.205242 -0.992878  -0.941625 0.336664 0.000000  0.008871 0.733071 1 69 1.000000
0  -3.653387 -16.239176 -0.999883  -0.941625 0.336664 0.000000  0.008871 0.733071 1 69 1.000000
0  -3.653387 -16.239176 -0.869629  -0.941625 0.336664 0.000000  0.008871 0.733071 1 69 1.000000
lowpoly_metal
0  -3.540584 -16.239176 -1.065010  0.499997 -0.000000 -0.866027  0.008871 0.733071 1 69 1.000000
0  -3.427781 -16.239176 -0.999883  0.499997 -0.000000 -0.866027  0.008871 0.733071 1 69 1.000000
0  -3.427781 -16.490297 -0.999883  0.499997 -0.000000 -0.866027  0.008871 0.733071 1 69 1.000000
lowpoly_metal
0  -3.540584 -16.205240 -0.818512  0.470813 0.336657 0.815474  0.008871 0.733071 1 69 1.000000
0  -3.540584 -16.239176 -0.804502  0.470813 0.336657 0.815474  0.008871 0.733071 1 69 1.000000
0  -3.427781 -16.239176 -0.869629  0.470813 0.336657 0.815474  0.008871 0.733071 1 69 1.000000
lowpoly_metal
0  -3.641254 -16.205242 -0.992878  -0.470819 0.336656 -0.815471  0.008871 0.733071 1 69 1.000000
0  -3.540584 -16.205240 -1.051000  -0.470819 0.336656 -0.815471  0.008871 0.733071 1 69 1.000000
0  -3.540584 -16.239176 -1.065010  -0.470819 0.336656 -0.815471  0.008871 0.733071 1 69 1.000000
lowpoly_metal
0  -3.439914 -16.205240 -0.876634  0.941627 0.336658 0.000005  0.008871 0.733071 1 69 1.000000
0  -3.427781 -16.239176 -0.869629  0.941627 0.336658 0.000005  0.008871 0.733071 1 69 1.000000
0  -3.427781 -16.239176 -0.999883  0.941627 0.336658 0.000005  0.008871 0.733071 1 69 1.000000
lowpoly_metal
0  -3.641254 -16.205242 -0.876634  -0.470854 0.336692 0.815436  0.008871 0.733071 1 69 1.000000
0  -3.653387 -16.239176 -0.869629  -0.470854 0.336692 0.815436  0.008871 0.733071 1 69 1.000000
0  -3.540584 -16.239176 -0.804502  -0.470854 0.336692 0.815436  0.008871 0.733071 1 69 1.000000
lowpoly_metal
0  -3.540584 -16.205240 -1.051000  0.470835 0.336666 -0.815458  0.008871 0.733071 1 69 1.000000
0  -3.439914 -16.205240 -0.992878  0.470835 0.336666 -0.815458  0.008871 0.733071 1 69 1.000000
0  -3.427781 -16.239176 -0.999883  0.470835 0.336666 -0.815458  0.008871 0.733071 1 69 1.000000
lowpoly_metal
0  -3.653387 -16.490297 -0.999883  -0.450612 -0.433426 -0.780443  0.008871 0.733071 1 69 1.000000
0  -3.540584 -16.490297 -1.065010  -0.450612 -0.433426 -0.780443  0.008871 0.733071 1 69 1.000000
0  -3.540584 -16.544594 -1.034858  -0.450612 -0.433426 -0.780443  0.008871 0.733071 1 69 1.000000
lowpoly_metal
0  -3.653387 -16.239176 -0.999883  -1.000000 0.000000 0.000002  0.008871 0.733071 1 69 1.000000
0  -3.653387 -16.490297 -0.999883  -1.000000 0.000000 0.000002  0.008871 0.733071 1 69 1.000000
0  -3.653387 -16.490297 -0.869629  -1.000000 0.000000 0.000002  0.008871 0.733071 1 69 1.000000
lowpoly_metal
0  -3.540584 -16.239176 -0.804502  0.499998 -0.000001 0.866027  0.008871 0.733071 1 69 1.000000
0  -3.540584 -16.490297 -0.804502  0.499998 -0.000001 0.866027  0.008871 0.733071 1 69 1.000000
0  -3.427781 -16.490297 -0.869629  0.499998 -0.000001 0.866027  0.008871 0.733071 1 69 1.000000
lowpoly_metal
0  -3.653387 -16.239176 -0.999883  -0.499998 0.000001 -0.866026  0.008871 0.733071 1 69 1.000000
0  -3.540584 -16.239176 -1.065010  -0.499998 0.000001 -0.866026  0.008871 0.733071 1 69 1.000000
0  -3.540584 -16.490297 -1.065010  -0.499998 0.000001 -0.866026  0.008871 0.733071 1 69 1.000000
lowpoly_metal
0  -3.653387 -16.239176 -0.869629  -0.500001 0.000000 0.866025  0.008871 0.733071 1 69 1.000000
0  -3.653387 -16.490297 -0.869629  -0.500001 0.000000 0.866025  0.008871 0.733071 1 69 1.000000
0  -3.540584 -16.490297 -0.804502  -0.500001 0.000000 0.866025  0.008871 0.733071 1 69 1.000000
lowpoly_metal
0  -3.427781 -16.239176 -0.999883  1.000000 -0.000001 0.000002  0.008871 0.733071 1 69 1.000000
0  -3.427781 -16.239176 -0.869629  1.000000 -0.000001 0.000002  0.008871 0.733071 1 69 1.000000
0  -3.427781 -16.490297 -0.869629  1.000000 -0.000001 0.000002  0.008871 0.733071 1 69 1.000000
lowpoly_metal
0  -3.540584 -16.544594 -1.034858  0.000000 -1.000000 0.000000  0.008871 0.733071 1 69 1.000000
0  -3.453894 -16.544594 -0.984807  0.000000 -1.000000 0.000000  0.008871 0.733071 1 69 1.000000
0  -3.627275 -16.544594 -0.884705  0.000000 -1.000000 0.000000  0.008871 0.733071 1 69 1.000000
lowpoly_metal
0  -3.453894 -16.544594 -0.884705  0.000000 -1.000000 0.000000  0.008871 0.733071 1 69 1.000000
0  -3.540584 -16.544594 -0.834654  0.000000 -1.000000 0.000000  0.008871 0.733071 1 69 1.000000
0  -3.627275 -16.544594 -0.884705  0.000000 -1.000000 0.000000  0.008871 0.733071 1 69 1.000000
lowpoly_metal
0  -3.627275 -16.544594 -0.884705  0.000000 -1.000000 0.000000  0.008871 0.733071 1 69 1.000000
0  -3.627274 -16.544594 -0.984807  0.000000 -1.000000 0.000000  0.008871 0.733071 1 69 1.000000
0  -3.540584 -16.544594 -1.034858  0.000000 -1.000000 0.000000  0.008871 0.733071 1 69 1.000000
lowpoly_metal
0  -3.653387 -16.490297 -0.869629  -0.450593 -0.433406 0.780465  0.008871 0.733071 1 69 1.000000
0  -3.627275 -16.544594 -0.884705  -0.450593 -0.433406 0.780465  0.008871 0.733071 1 69 1.000000
0  -3.540584 -16.544594 -0.834654  -0.450593 -0.433406 0.780465  0.008871 0.733071 1 69 1.000000
lowpoly_metal
0  -3.427781 -16.490297 -0.869629  0.901194 -0.433417 0.000000  0.008871 0.733071 1 69 1.000000
0  -3.453894 -16.544594 -0.884705  0.901194 -0.433417 0.000000  0.008871 0.733071 1 69 1.000000
0  -3.453894 -16.544594 -0.984807  0.901194 -0.433417 0.000000  0.008871 0.733071 1 69 1.000000
lowpoly_metal
0  -3.427781 -16.490297 -0.999883  0.450592 -0.433406 -0.780465  0.008871 0.733071 1 69 1.000000
0  -3.453894 -16.544594 -0.984807  0.450592 -0.433406 -0.780465  0.008871 0.733071 1 69 1.000000
0  -3.540584 -16.544594 -1.034858  0.450592 -0.433406 -0.780465  0.008871 0.733071 1 69 1.000000
lowpoly_metal
0  -3.653387 -16.490297 -0.999883  -0.901198 -0.433409 -0.000004  0.008871 0.733071 1 69 1.000000
0  -3.627274 -16.544594 -0.984807  -0.901198 -0.433409 -0.000004  0.008871 0.733071 1 69 1.000000
0  -3.627275 -16.544594 -0.884705  -0.901198 -0.433409 -0.000004  0.008871 0.733071 1 69 1.000000
lowpoly_metal
0  -3.540584 -16.490297 -0.804502  0.450590 -0.433410 0.780464  0.008871 0.733071 1 69 1.000000
0  -3.540584 -16.544594 -0.834654  0.450590 -0.433410 0.780464  0.008871 0.733071 1 69 1.000000
0  -3.453894 -16.544594 -0.884705  0.450590 -0.433410 0.780464  0.008871 0.733071 1 69 1.000000
lowpoly_metal
0  -3.540584 -14.438279 -1.071369  0.500004 0.000000 -0.866023  0.008871 0.733071 1 69 1.000000
0  -3.540584 -14.303638 -1.071369  0.500004 0.000000 -0.866023  0.008871 0.733071 1 69 1.000000
0  -3.422274 -14.303638 -1.003062  0.500004 0.000000 -0.866023  0.008871 0.733071 1 69 1.000000
lowpoly_metal
0  -3.658895 -14.303638 -1.003062  -0.500001 0.000000 -0.866025  0.008871 0.733071 1 69 1.000000
0  -3.540584 -14.303638 -1.071369  -0.500001 0.000000 -0.866025  0.008871 0.733071 1 69 1.000000
0  -3.540584 -14.438279 -1.071369  -0.500001 0.000000 -0.866025  0.008871 0.733071 1 69 1.000000
lowpoly_metal
0  -3.658895 -14.303638 -0.866449  -1.000000 0.000000 0.000000  0.008871 0.733071 1 69 1.000000
0  -3.658895 -14.303638 -1.003062  -1.000000 0.000000 0.000000  0.008871 0.733071 1 69 1.000000
0  -3.658895 -14.438279 -1.003062  -1.000000 0.000000 0.000000  0.008871 0.733071 1 69 1.000000
lowpoly_metal
0  -3.540584 -14.303638 -0.798142  -0.500001 0.000000 0.866025  0.008871 0.733071 1 69 1.000000
0  -3.658895 -14.303638 -0.866449  -0.500001 0.000000 0.866025  0.008871 0.733071 1 69 1.000000
0  -3.658895 -14.438279 -0.866449  -0.500001 0.000000 0.866025  0.008871 0.733071 1 69 1.000000
lowpoly_metal
0  -3.422274 -14.303638 -0.866449  0.500002 0.000000 0.866024  0.008871 0.733071 1 69 1.000000
0  -3.540584 -14.303638 -0.798142  0.500002 0.000000 0.866024  0.008871 0.733071 1 69 1.000000
0  -3.540584 -14.438279 -0.798142  0.500002 0.000000 0.866024  0.008871 0.733071 1 69 1.000000
lowpoly_metal
0  -3.422274 -14.303638 -1.003062  1.000000 0.000000 0.000000  0.008871 0.733071 1 69 1.000000
0  -3.422274 -14.303638 -0.866449  1.000000 0.000000 0.000000  0.008871 0.733071 1 69 1.000000
0  -3.422274 -14.438279 -0.866449  1.000000 0.000000 0.000000  0.008871 0.733071 1 69 1.000000
lowpoly_metal
0  -3.540584 -14.303638 -1.071369  0.483952 0.251217 -0.838261  0.008871 0.733071 1 69 1.000000
0  -3.540584 -14.235672 -1.051000  0.483952 0.251217 -0.838261  0.008871 0.733071 1 69 1.000000
0  -3.439914 -14.235672 -0.992878  0.483952 0.251217 -0.838261  0.008871 0.733071 1 69 1.000000
lowpoly_metal
0  -3.641255 -14.235672 -0.992878  -0.483952 0.251217 -0.838261  0.008871 0.733071 1 69 1.000000
0  -3.540584 -14.235672 -1.051000  -0.483952 0.251217 -0.838261  0.008871 0.733071 1 69 1.000000
0  -3.540584 -14.303638 -1.071369  -0.483952 0.251217 -0.838261  0.008871 0.733071 1 69 1.000000
lowpoly_metal
0  -3.658895 -14.303638 -0.866449  -0.967931 0.251217 0.000001  0.008871 0.733071 1 69 1.000000
0  -3.641255 -14.235672 -0.876634  -0.967931 0.251217 0.000001  0.008871 0.733071 1 69 1.000000
0  -3.641255 -14.235672 -0.992878  -0.967931 0.251217 0.000001  0.008871 0.733071 1 69 1.000000
lowpoly_metal
0  -3.540584 -14.303638 -0.798142  -0.483965 0.251219 0.838252  0.008871 0.733071 1 69 1.000000
0  -3.540584 -14.235672 -0.818511  -0.483965 0.251219 0.838252  0.008871 0.733071 1 69 1.000000
0  -3.641255 -14.235672 -0.876634  -0.483965 0.251219 0.838252  0.008871 0.733071 1 69 1.000000
lowpoly_metal
0  -3.439914 -14.235672 -0.876634  0.483952 0.251217 0.838260  0.008871 0.733071 1 69 1.000000
0  -3.540584 -14.235672 -0.818511  0.483952 0.251217 0.838260  0.008871 0.733071 1 69 1.000000
0  -3.540584 -14.303638 -0.798142  0.483952 0.251217 0.838260  0.008871 0.733071 1 69 1.000000
lowpoly_metal
0  -3.439914 -14.235672 -0.992878  0.967930 0.251219 0.000000  0.008871 0.733071 1 69 1.000000
0  -3.439914 -14.235672 -0.876634  0.967930 0.251219 0.000000  0.008871 0.733071 1 69 1.000000
0  -3.422274 -14.303638 -0.866449  0.967930 0.251219 0.000000  0.008871 0.733071 1 69 1.000000
lowpoly_metal
0  -3.439914 -16.205240 -0.992878  1.000000 0.000000 0.000000  0.008871 0.733071 1 69 1.000000
0  -3.439914 -14.542808 -0.992878  1.000000 0.000000 0.000000  0.008871 0.733071 1 69 1.000000
0  -3.439914 -14.542808 -0.876634  1.000000 0.000000 0.000000  0.008871 0.733071 1 69 1.000000
lowpoly_metal
0  -3.439914 -14.542808 -0.876634  0.500000 0.000000 0.866025  0.008871 0.733071 1 69 1.000000
0  -3.540584 -14.542809 -0.818511  0.500000 0.000000 0.866025  0.008871 0.733071 1 69 1.000000
0  -3.540584 -16.205240 -0.818512  0.500000 0.000000 0.866025  0.008871 0.733071 1 69 1.000000
lowpoly_metal
0  -3.540584 -16.205240 -0.818512  -0.500003 -0.000000 0.866024  0.008871 0.733071 1 69 1.000000
0  -3.540584 -14.542809 -0.818511  -0.500003 -0.000000 0.866024  0.008871 0.733071 1 69 1.000000
0  -3.641254 -14.542809 -0.876634  -0.500003 -0.000000 0.866024  0.008871 0.733071 1 69 1.000000
lowpoly_metal
0  -3.641254 -14.542809 -0.876634  -1.000000 0.000000 0.000002  0.008871 0.733071 1 69 1.000000
0  -3.641255 -14.542808 -0.992878  -1.000000 0.000000 0.000002  0.008871 0.733071 1 69 1.000000
0  -3.641254 -16.205242 -0.992878  -1.000000 0.000000 0.000002  0.008871 0.733071 1 69 1.000000
lowpoly_metal
0  -3.641254 -16.205242 -0.992878  -0.500000 -0.000000 -0.866026  0.008871 0.733071 1 69 1.000000
0  -3.641255 -14.542808 -0.992878  -0.500000 -0.000000 -0.866026  0.008871 0.733071 1 69 1.000000
0  -3.540584 -14.542809 -1.051000  -0.500000 -0.000000 -0.866026  0.008871 0.733071 1 69 1.000000
lowpoly_metal
0  -3.540584 -14.542809 -1.051000  0.500001 0.000000 -0.866025  0.008871 0.733071 1 69 1.000000
0  -3.439914 -14.542808 -0.992878  0.500001 0.000000 -0.866025  0.008871 0.733071 1 69 1.000000
0  -3.439914 -16.205240 -0.992878  0.500001 0.000000 -0.866025  0.008871 0.733071 1 69 1.000000
lowpoly_metal
0  -3.439914 -14.542808 -0.992878  0.986057 -0.166406 0.000000  0.008871 0.733071 1 69 1.000000
0  -3.422274 -14.438279 -1.003062  0.986057 -0.166406 0.000000  0.008871 0.733071 1 69 1.000000
0  -3.422274 -14.438279 -0.866449  0.986057 -0.166406 0.000000  0.008871 0.733071 1 69 1.000000
lowpoly_metal
0  -3.422274 -14.438279 -0.866449  0.493033 -0.166407 0.853948  0.008871 0.733071 1 69 1.000000
0  -3.540584 -14.438279 -0.798142  0.493033 -0.166407 0.853948  0.008871 0.733071 1 69 1.000000
0  -3.540584 -14.542809 -0.818511  0.493033 -0.166407 0.853948  0.008871 0.733071 1 69 1.000000
lowpoly_metal
0  -3.540584 -14.438279 -0.798142  -0.493035 -0.166405 0.853947  0.008871 0.733071 1 69 1.000000
0  -3.658895 -14.438279 -0.866449  -0.493035 -0.166405 0.853947  0.008871 0.733071 1 69 1.000000
0  -3.641254 -14.542809 -0.876634  -0.493035 -0.166405 0.853947  0.008871 0.733071 1 69 1.000000
lowpoly_metal
0  -3.658895 -14.438279 -0.866449  -0.986057 -0.166408 0.000000  0.008871 0.733071 1 69 1.000000
0  -3.658895 -14.438279 -1.003062  -0.986057 -0.166408 0.000000  0.008871 0.733071 1 69 1.000000
0  -3.641255 -14.542808 -0.992878  -0.986057 -0.166408 0.000000  0.008871 0.733071 1 69 1.000000
lowpoly_metal
0  -3.641255 -14.542808 -0.992878  -0.493029 -0.166407 -0.853950  0.008871 0.733071 1 69 1.000000
0  -3.658895 -14.438279 -1.003062  -0.493029 -0.166407 -0.853950  0.008871 0.733071 1 69 1.000000
0  -3.540584 -14.438279 -1.071369  -0.493029 -0.166407 -0.853950  0.008871 0.733071 1 69 1.000000
lowpoly_metal
0  -3.540584 -14.438279 -1.071369  0.493032 -0.166406 -0.853949  0.008871 0.733071 1 69 1.000000
0  -3.422274 -14.438279 -1.003062  0.493032 -0.166406 -0.853949  0.008871 0.733071 1 69 1.000000
0  -3.439914 -14.542808 -0.992878  0.493032 -0.166406 -0.853949  0.008871 0.733071 1 69 1.000000
lowpoly_metal
0  -3.858551 -12.791289 -1.776663  0.000000 -0.500002 0.866024  0.008871 0.733071 1 64 1.000000
0  -3.858551 -12.894099 -1.836020  0.000000 -0.500002 0.866024  0.008871 0.733071 1 64 1.000000
0  -3.222618 -12.894099 -1.836020  0.000000 -0.500002 0.866024  0.008871 0.733071 1 64 1.000000
lowpoly_metal
0  -3.858551 -12.894099 -1.836020  0.000000 -1.000000 0.000000  0.008871 0.733071 1 64 1.000000
0  -3.858551 -12.894099 -1.954735  0.000000 -1.000000 0.000000  0.008871 0.733071 1 64 1.000000
0  -3.222618 -12.894099 -1.954735  0.000000 -1.000000 0.000000  0.008871 0.733071 1 64 1.000000
lowpoly_metal
0  -3.858551 -12.894099 -1.954735  0.000000 -0.500001 -0.866025  0.008871 0.733071 1 64 1.000000
0  -3.858551 -12.791289 -2.014093  0.000000 -0.500001 -0.866025  0.008871 0.733071 1 64 1.000000
0  -3.222618 -12.791289 -2.014092  0.000000 -0.500001 -0.866025  0.008871 0.733071 1 64 1.000000
lowpoly_metal
0  -3.858551 -12.791289 -2.014093  0.000000 0.500001 -0.866025  0.008871 0.733071 1 64 1.000000
0  -3.858551 -12.688479 -1.954735  0.000000 0.500001 -0.866025  0.008871 0.733071 1 64 1.000000
0  -3.222618 -12.688479 -1.954735  0.000000 0.500001 -0.866025  0.008871 0.733071 1 64 1.000000
lowpoly_metal
0  -3.858551 -12.894099 -1.954735  -1.000000 0.000000 0.000000  0.008871 0.733071 1 64 1.000000
0  -3.858551 -12.894099 -1.836020  -1.000000 0.000000 0.000000  0.008871 0.733071 1 64 1.000000
0  -3.858551 -12.688479 -1.954735  -1.000000 0.000000 0.000000  0.008871 0.733071 1 64 1.000000
lowpoly_metal
0  -3.858551 -12.791289 -1.776663  -1.000000 -0.000005 0.000000  0.008871 0.733071 1 64 1.000000
0  -3.858551 -12.688479 -1.836020  -1.000000 -0.000005 0.000000  0.008871 0.733071 1 64 1.000000
0  -3.858551 -12.688479 -1.954735  -1.000000 -0.000005 0.000000  0.008871 0.733071 1 64 1.000000
lowpoly_metal
0  -3.858551 -12.688479 -1.954735  -1.000000 0.000000 0.000000  0.008871 0.733071 1 64 1.000000
0  -3.858551 -12.791289 -2.014093  -1.000000 0.000000 0.000000  0.008871 0.733071 1 64 1.000000
0  -3.858551 -12.894099 -1.954735  -1.000000 0.000000 0.000000  0.008871 0.733071 1 64 1.000000
lowpoly_metal
0  -3.858551 -12.688479 -1.954735  0.000000 1.000000 0.000000  0.008871 0.733071 1 64 1.000000
0  -3.858551 -12.688479 -1.836020  0.000000 1.000000 0.000000  0.008871 0.733071 1 64 1.000000
0  -3.222618 -12.688479 -1.836020  0.000000 1.000000 0.000000  0.008871 0.733071 1 64 1.000000
lowpoly_metal
0  -3.222618 -12.688479 -1.836020  0.000000 0.500002 0.866024  0.008871 0.733071 1 64 1.000000
0  -3.858551 -12.688479 -1.836020  0.000000 0.500002 0.866024  0.008871 0.733071 1 64 1.000000
0  -3.858551 -12.791289 -1.776663  0.000000 0.500002 0.866024  0.008871 0.733071 1 64 1.000000
lowpoly_metal
0  -3.222618 -12.688479 -1.836020  1.000000 0.000000 -0.000004  0.008871 0.733071 1 64 1.000000
0  -3.222618 -12.791289 -1.776663  1.000000 0.000000 -0.000004  0.008871 0.733071 1 64 1.000000
0  -3.222618 -12.894099 -1.836020  1.000000 0.000000 -0.000004  0.008871 0.733071 1 64 1.000000
lowpoly_metal
0  -3.222618 -12.894099 -1.836020  1.000000 0.000002 0.000002  0.008871 0.733071 1 64 1.000000
0  -3.222618 -12.894099 -1.954735  1.000000 0.000002 0.000002  0.008871 0.733071 1 64 1.000000
0  -3.222618 -12.791289 -2.014092  1.000000 0.000002 0.000002  0.008871 0.733071 1 64 1.000000
lowpoly_metal
0  -3.222618 -12.791289 -2.014092  1.000000 -0.000002 -0.000001  0.008871 0.733071 1 64 1.000000
0  -3.222618 -12.688479 -1.954735  1.000000 -0.000002 -0.000001  0.008871 0.733071 1 64 1.000000
0  -3.222618 -12.894099 -1.836020  1.000000 -0.000002 -0.000001  0.008871 0.733071 1 64 1.000000
lowpoly_metal
0  -3.856164 -13.845052 -1.921199  0.000000 -0.500011 0.866019  0.008871 0.733071 1 64 1.000000
0  -3.856164 -13.921718 -1.965463  0.000000 -0.500011 0.866019  0.008871 0.733071 1 64 1.000000
0  -3.225004 -13.921718 -1.965463  0.000000 -0.500011 0.866019  0.008871 0.733071 1 64 1.000000
lowpoly_metal
0  -3.856164 -13.921718 -1.965463  0.000000 -1.000000 0.000000  0.008871 0.733071 1 64 1.000000
0  -3.856164 -13.921718 -2.053989  0.000000 -1.000000 0.000000  0.008871 0.733071 1 64 1.000000
0  -3.225004 -13.921718 -2.053989  0.000000 -1.000000 0.000000  0.008871 0.733071 1 64 1.000000
lowpoly_metal
0  -3.856164 -13.921718 -2.053989  0.000001 -0.499995 -0.866028  0.008871 0.733071 1 64 1.000000
0  -3.856164 -13.845052 -2.098253  0.000001 -0.499995 -0.866028  0.008871 0.733071 1 64 1.000000
0  -3.225004 -13.845051 -2.098253  0.000001 -0.499995 -0.866028  0.008871 0.733071 1 64 1.000000
lowpoly_metal
0  -3.856164 -13.845052 -2.098253  0.000000 0.499980 -0.866037  0.008871 0.733071 1 64 1.000000
0  -3.856164 -13.768385 -2.053989  0.000000 0.499980 -0.866037  0.008871 0.733071 1 64 1.000000
0  -3.225004 -13.768385 -2.053989  0.000000 0.499980 -0.866037  0.008871 0.733071 1 64 1.000000
lowpoly_metal
0  -3.856164 -13.921718 -2.053989  -1.000000 0.000004 0.000000  0.008871 0.733071 1 64 1.000000
0  -3.856164 -13.921718 -1.965463  -1.000000 0.000004 0.000000  0.008871 0.733071 1 64 1.000000
0  -3.856164 -13.845052 -1.921199  -1.000000 0.000004 0.000000  0.008871 0.733071 1 64 1.000000
lowpoly_metal
0  -3.856164 -13.845052 -1.921199  -1.000000 0.000000 -0.000003  0.008871 0.733071 1 64 1.000000
0  -3.856164 -13.768385 -1.965463  -1.000000 0.000000 -0.000003  0.008871 0.733071 1 64 1.000000
0  -3.856164 -13.768385 -2.053989  -1.000000 0.000000 -0.000003  0.008871 0.733071 1 64 1.000000
lowpoly_metal
0  -3.856164 -13.768385 -2.053989  -1.000000 -0.000009 0.000000  0.008871 0.733071 1 64 1.000000
0  -3.856164 -13.845052 -2.098253  -1.000000 -0.000009 0.000000  0.008871 0.733071 1 64 1.000000
0  -3.856164 -13.845052 -1.921199  -1.000000 -0.000009 0.000000  0.008871 0.733071 1 64 1.000000
lowpoly_metal
0  -3.225004 -13.768385 -2.053989  0.000000 1.000000 0.000019  0.008871 0.733071 1 64 1.000000
0  -3.856164 -13.768385 -2.053989  0.000000 1.000000 0.000019  0.008871 0.733071 1 64 1.000000
0  -3.856164 -13.768385 -1.965463  0.000000 1.000000 0.000019  0.008871 0.733071 1 64 1.000000
lowpoly_metal
0  -3.856164 -13.768385 -1.965463  -0.000001 0.500011 0.866019  0.008871 0.733071 1 64 1.000000
0  -3.856164 -13.845052 -1.921199  -0.000001 0.500011 0.866019  0.008871 0.733071 1 64 1.000000
0  -3.225004 -13.845052 -1.921199  -0.000001 0.500011 0.866019  0.008871 0.733071 1 64 1.000000
lowpoly_metal
0  -3.225004 -13.768385 -1.965462  1.000000 0.000000 -0.000001  0.008871 0.733071 1 64 1.000000
0  -3.225004 -13.845052 -1.921199  1.000000 0.000000 -0.000001  0.008871 0.733071 1 64 1.000000
0  -3.225004 -13.845051 -2.098253  1.000000 0.000000 -0.000001  0.008871 0.733071 1 64 1.000000
lowpoly_metal
0  -3.225004 -13.921718 -1.965463  1.000000 0.000004 0.000000  0.008871 0.733071 1 64 1.000000
0  -3.225004 -13.921718 -2.053989  1.000000 0.000004 0.000000  0.008871 0.733071 1 64 1.000000
0  -3.225004 -13.845051 -2.098253  1.000000 0.000004 0.000000  0.008871 0.733071 1 64 1.000000
lowpoly_metal
0  -3.225004 -13.845051 -2.098253  1.000000 -0.000009 0.000000  0.008871 0.733071 1 64 1.000000
0  -3.225004 -13.768385 -2.053989  1.000000 -0.000009 0.000000  0.008871 0.733071 1 64 1.000000
0  -3.225004 -13.768385 -1.965462  1.000000 -0.000009 0.000000  0.008871 0.733071 1 64 1.000000
lowpoly_metal
0  -3.450684 -14.550936 0.129475  0.866029 -0.499994 -0.000004  0.008828 0.739491 1 64 1.000000
0  -3.495634 -14.628792 0.129475  0.866029 -0.499994 -0.000004  0.008828 0.739491 1 64 1.000000
0  -3.495634 -14.628792 -0.050325  0.866029 -0.499994 -0.000004  0.008828 0.739491 1 64 1.000000
lowpoly_metal
0  -3.495634 -14.628792 -0.050325  0.000000 -1.000000 0.000000  0.008828 0.739491 1 64 1.000000
0  -3.495634 -14.628792 0.129475  0.000000 -1.000000 0.000000  0.008828 0.739491 1 64 1.000000
0  -3.585535 -14.628792 0.129476  0.000000 -1.000000 0.000000  0.008828 0.739491 1 64 1.000000
lowpoly_metal
0  -3.585535 -14.628792 0.129476  -0.866026 -0.499998 0.000006  0.008828 0.739491 1 64 1.000000
0  -3.630484 -14.550936 0.129476  -0.866026 -0.499998 0.000006  0.008828 0.739491 1 64 1.000000
0  -3.630485 -14.550936 -0.050325  -0.866026 -0.499998 0.000006  0.008828 0.739491 1 64 1.000000
lowpoly_metal
0  -3.630485 -14.550936 -0.050325  -0.866023 0.500004 0.000000  0.008828 0.739491 1 64 1.000000
0  -3.630484 -14.550936 0.129476  -0.866023 0.500004 0.000000  0.008828 0.739491 1 64 1.000000
0  -3.585534 -14.473080 0.129476  -0.866023 0.500004 0.000000  0.008828 0.739491 1 64 1.000000
lowpoly_metal
0  -3.585535 -14.628792 0.129476  0.000004 0.000001 1.000000  0.008828 0.739491 1 64 1.000000
0  -3.495634 -14.628792 0.129475  0.000004 0.000001 1.000000  0.008828 0.739491 1 64 1.000000
0  -3.585534 -14.473080 0.129476  0.000004 0.000001 1.000000  0.008828 0.739491 1 64 1.000000
lowpoly_metal
0  -3.450684 -14.550936 0.129475  -0.000003 -0.000008 1.000000  0.008828 0.739491 1 64 1.000000
0  -3.495634 -14.473080 0.129476  -0.000003 -0.000008 1.000000  0.008828 0.739491 1 64 1.000000
0  -3.585534 -14.473080 0.129476  -0.000003 -0.000008 1.000000  0.008828 0.739491 1 64 1.000000
lowpoly_metal
0  -3.585534 -14.473080 0.129476  -0.000001 0.000001 1.000000  0.008828 0.739491 1 64 1.000000
0  -3.630484 -14.550936 0.129476  -0.000001 0.000001 1.000000  0.008828 0.739491 1 64 1.000000
0  -3.585535 -14.628792 0.129476  -0.000001 0.000001 1.000000  0.008828 0.739491 1 64 1.000000
lowpoly_metal
0  -3.585534 -14.473080 0.129476  0.000000 1.000000 0.000000  0.008828 0.739491 1 64 1.000000
0  -3.495634 -14.473080 0.129476  0.000000 1.000000 0.000000  0.008828 0.739491 1 64 1.000000
0  -3.495634 -14.473080 -0.050325  0.000000 1.000000 0.000000  0.008828 0.739491 1 64 1.000000
lowpoly_metal
0  -3.495634 -14.473080 -0.050325  0.866029 0.499994 0.000000  0.008828 0.739491 1 64 1.000000
0  -3.495634 -14.473080 0.129476  0.866029 0.499994 0.000000  0.008828 0.739491 1 64 1.000000
0  -3.450684 -14.550936 0.129475  0.866029 0.499994 0.000000  0.008828 0.739491 1 64 1.000000
lowpoly_metal
0  -3.495634 -14.473080 -0.050325  0.000000 0.000000 -1.000000  0.008828 0.739491 1 64 1.000000
0  -3.450684 -14.550936 -0.050325  0.000000 0.000000 -1.000000  0.008828 0.739491 1 64 1.000000
0  -3.495634 -14.628792 -0.050325  0.000000 0.000000 -1.000000  0.008828 0.739491 1 64 1.000000
lowpoly_metal
0  -3.495634 -14.628792 -0.050325  0.000000 -0.000003 -1.000000  0.008828 0.739491 1 64 1.000000
0  -3.585535 -14.628792 -0.050325  0.000000 -0.000003 -1.000000  0.008828 0.739491 1 64 1.000000
0  -3.630485 -14.550936 -0.050325  0.000000 -0.000003 -1.000000  0.008828 0.739491 1 64 1.000000
lowpoly_metal
0  -3.630485 -14.550936 -0.050325  0.000003 0.000002 -1.000000  0.008828 0.739491 1 64 1.000000
0  -3.585535 -14.473080 -0.050325  0.000003 0.000002 -1.000000  0.008828 0.739491 1 64 1.000000
0  -3.495634 -14.628792 -0.050325  0.000003 0.000002 -1.000000  0.008828 0.739491 1 64 1.000000
lowpoly_metal
0  -3.481112 -12.359838 -0.322066  0.865968 -0.030984 0.499139  0.005487 0.735630 1 65 1.000000
0  -3.481112 -12.277611 -0.316962  0.865968 -0.030984 0.499139  0.005487 0.735630 1 65 1.000000
0  -3.510849 -12.281963 -0.265642  0.865968 -0.030984 0.499139  0.005487 0.735630 1 65 1.000000
lowpoly_metal
0  -3.510849 -12.364191 -0.270745  0.000005 -0.061948 0.998079  0.005487 0.735630 1 65 1.000000
0  -3.510849 -12.281963 -0.265642  0.000005 -0.061948 0.998079  0.005487 0.735630 1 65 1.000000
0  -3.570321 -12.281963 -0.265642  0.000005 -0.061948 0.998079  0.005487 0.735630 1 65 1.000000
lowpoly_metal
0  -3.570321 -12.281963 -0.265642  -0.865975 -0.030976 0.499127  0.005487 0.735630 1 65 1.000000
0  -3.600057 -12.277611 -0.316962  -0.865975 -0.030976 0.499127  0.005487 0.735630 1 65 1.000000
0  -3.600058 -12.359838 -0.322066  -0.865975 -0.030976 0.499127  0.005487 0.735630 1 65 1.000000
lowpoly_metal
0  -3.600057 -12.277611 -0.316962  -0.865974 0.030976 -0.499128  0.005487 0.735630 1 65 1.000000
0  -3.570321 -12.273258 -0.368283  -0.865974 0.030976 -0.499128  0.005487 0.735630 1 65 1.000000
0  -3.570321 -12.355486 -0.373386  -0.865974 0.030976 -0.499128  0.005487 0.735630 1 65 1.000000
lowpoly_metal
0  -3.570321 -12.281963 -0.265642  0.000000 0.996423 0.084509  0.005487 0.735630 1 65 1.000000
0  -3.510849 -12.281963 -0.265642  0.000000 0.996423 0.084509  0.005487 0.735630 1 65 1.000000
0  -3.570321 -12.273258 -0.368283  0.000000 0.996423 0.084509  0.005487 0.735630 1 65 1.000000
lowpoly_metal
0  -3.481112 -12.277611 -0.316962  0.000000 0.996421 0.084529  0.005487 0.735630 1 65 1.000000
0  -3.510849 -12.273258 -0.368283  0.000000 0.996421 0.084529  0.005487 0.735630 1 65 1.000000
0  -3.570321 -12.273258 -0.368283  0.000000 0.996421 0.084529  0.005487 0.735630 1 65 1.000000
lowpoly_metal
0  -3.570321 -12.273258 -0.368283  0.000000 0.996423 0.084509  0.005487 0.735630 1 65 1.000000
0  -3.600057 -12.277611 -0.316962  0.000000 0.996423 0.084509  0.005487 0.735630 1 65 1.000000
0  -3.570321 -12.281963 -0.265642  0.000000 0.996423 0.084509  0.005487 0.735630 1 65 1.000000
lowpoly_metal
0  -3.570321 -12.273258 -0.368283  -0.000004 0.061948 -0.998079  0.005487 0.735630 1 65 1.000000
0  -3.510849 -12.273258 -0.368283  -0.000004 0.061948 -0.998079  0.005487 0.735630 1 65 1.000000
0  -3.510849 -12.355486 -0.373387  -0.000004 0.061948 -0.998079  0.005487 0.735630 1 65 1.000000
lowpoly_metal
0  -3.510849 -12.355486 -0.373387  0.865970 0.030984 -0.499136  0.005487 0.735630 1 65 1.000000
0  -3.510849 -12.273258 -0.368283  0.865970 0.030984 -0.499136  0.005487 0.735630 1 65 1.000000
0  -3.481112 -12.277611 -0.316962  0.865970 0.030984 -0.499136  0.005487 0.735630 1 65 1.000000
lowpoly_metal
0  -3.570321 -12.364192 -0.270745  -0.000006 -0.192487 0.981300  0.005487 0.735630 1 65 1.000000
0  -3.556943 -12.573053 -0.311715  -0.000006 -0.192487 0.981300  0.005487 0.735630 1 65 1.000000
0  -3.524226 -12.573053 -0.311715  -0.000006 -0.192487 0.981300  0.005487 0.735630 1 65 1.000000
lowpoly_metal
0  -3.524226 -12.568264 -0.368179  0.000000 -0.996424 -0.084490  0.005487 0.735630 1 65 1.000000
0  -3.507868 -12.570659 -0.339947  0.000000 -0.996424 -0.084490  0.005487 0.735630 1 65 1.000000
0  -3.573302 -12.570659 -0.339947  0.000000 -0.996424 -0.084490  0.005487 0.735630 1 65 1.000000
lowpoly_metal
0  -3.524226 -12.573053 -0.311715  0.000001 -0.996419 -0.084553  0.005487 0.735630 1 65 1.000000
0  -3.556943 -12.573053 -0.311715  0.000001 -0.996419 -0.084553  0.005487 0.735630 1 65 1.000000
0  -3.573302 -12.570659 -0.339947  0.000001 -0.996419 -0.084553  0.005487 0.735630 1 65 1.000000
lowpoly_metal
0  -3.573302 -12.570659 -0.339947  0.000000 -0.996424 -0.084489  0.005487 0.735630 1 65 1.000000
0  -3.556943 -12.568264 -0.368179  0.000000 -0.996424 -0.084489  0.005487 0.735630 1 65 1.000000
0  -3.524226 -12.568264 -0.368179  0.000000 -0.996424 -0.084489  0.005487 0.735630 1 65 1.000000
lowpoly_metal
0  -3.570321 -12.355486 -0.373386  -0.000002 -0.024464 -0.999701  0.005487 0.735630 1 65 1.000000
0  -3.510849 -12.355486 -0.373387  -0.000002 -0.024464 -0.999701  0.005487 0.735630 1 65 1.000000
0  -3.524226 -12.568264 -0.368179  -0.000002 -0.024464 -0.999701  0.005487 0.735630 1 65 1.000000
lowpoly_metal
0  -3.510849 -12.364191 -0.270745  0.860881 -0.150479 0.486045  0.005487 0.735630 1 65 1.000000
0  -3.524226 -12.573053 -0.311715  0.860881 -0.150479 0.486045  0.005487 0.735630 1 65 1.000000
0  -3.507868 -12.570659 -0.339947  0.860881 -0.150479 0.486045  0.005487 0.735630 1 65 1.000000
lowpoly_metal
0  -3.570321 -12.364192 -0.270745  -0.860879 -0.150486 0.486047  0.005487 0.735630 1 65 1.000000
0  -3.600058 -12.359838 -0.322066  -0.860879 -0.150486 0.486047  0.005487 0.735630 1 65 1.000000
0  -3.573302 -12.570659 -0.339947  -0.860879 -0.150486 0.486047  0.005487 0.735630 1 65 1.000000
lowpoly_metal
0  -3.510849 -12.355486 -0.373387  0.860881 -0.066468 -0.504445  0.005487 0.735630 1 65 1.000000
0  -3.481112 -12.359838 -0.322066  0.860881 -0.066468 -0.504445  0.005487 0.735630 1 65 1.000000
0  -3.507868 -12.570659 -0.339947  0.860881 -0.066468 -0.504445  0.005487 0.735630 1 65 1.000000
lowpoly_metal
0  -3.570321 -12.355486 -0.373386  -0.860877 -0.066469 -0.504453  0.005487 0.735630 1 65 1.000000
0  -3.556943 -12.568264 -0.368179  -0.860877 -0.066469 -0.504453  0.005487 0.735630 1 65 1.000000
0  -3.573302 -12.570659 -0.339947  -0.860877 -0.066469 -0.504453  0.005487 0.735630 1 65 1.000000
lowpoly_metal
0  -2.860467 -12.739975 -0.934755  0.923877 -0.000005 0.382689  0.004890 0.735251 1 64 1.000000
0  -2.860467 -12.641003 -0.934755  0.923877 -0.000005 0.382689  0.004890 0.735251 1 64 1.000000
0  -3.059669 -12.641003 -0.453840  0.923877 -0.000005 0.382689  0.004890 0.735251 1 64 1.000000
lowpoly_metal
0  -3.059669 -12.641003 -0.453840  0.382680 0.000000 0.923881  0.004890 0.735251 1 64 1.000000
0  -3.540585 -12.641003 -0.254638  0.382680 0.000000 0.923881  0.004890 0.735251 1 64 1.000000
0  -3.540585 -12.739975 -0.254638  0.382680 0.000000 0.923881  0.004890 0.735251 1 64 1.000000
lowpoly_metal
0  -3.540585 -12.739975 -0.254638  -0.382680 0.000000 0.923881  0.004890 0.735251 1 64 1.000000
0  -3.540585 -12.641003 -0.254638  -0.382680 0.000000 0.923881  0.004890 0.735251 1 64 1.000000
0  -4.021500 -12.641003 -0.453840  -0.382680 0.000000 0.923881  0.004890 0.735251 1 64 1.000000
lowpoly_metal
0  -4.021500 -12.739975 -0.453840  -0.923877 0.000000 0.382689  0.004890 0.735251 1 64 1.000000
0  -4.021500 -12.641003 -0.453840  -0.923877 0.000000 0.382689  0.004890 0.735251 1 64 1.000000
0  -4.220702 -12.641003 -0.934756  -0.923877 0.000000 0.382689  0.004890 0.735251 1 64 1.000000
lowpoly_metal
0  -4.220702 -12.641003 -0.934756  -0.923877 0.000000 -0.382689  0.004890 0.735251 1 64 1.000000
0  -4.021500 -12.641003 -1.415671  -0.923877 0.000000 -0.382689  0.004890 0.735251 1 64 1.000000
0  -4.021500 -12.739975 -1.415671  -0.923877 0.000000 -0.382689  0.004890 0.735251 1 64 1.000000
lowpoly_metal
0  -4.021500 -12.641003 -1.415671  -0.382679 0.000000 -0.923881  0.004890 0.735251 1 64 1.000000
0  -3.540584 -12.641003 -1.614873  -0.382679 0.000000 -0.923881  0.004890 0.735251 1 64 1.000000
0  -3.540584 -12.739975 -1.614873  -0.382679 0.000000 -0.923881  0.004890 0.735251 1 64 1.000000
lowpoly_metal
0  -3.059669 -12.641003 -1.415671  0.436185 0.881532 -0.180675  0.004890 0.735251 1 64 1.000000
0  -3.267035 -12.495896 -1.208305  0.436185 0.881532 -0.180675  0.004890 0.735251 1 64 1.000000
0  -3.153728 -12.495896 -0.934755  0.436185 0.881532 -0.180675  0.004890 0.735251 1 64 1.000000
lowpoly_metal
0  -3.540584 -12.739975 -1.614873  0.382686 0.000000 -0.923879  0.004890 0.735251 1 64 1.000000
0  -3.540584 -12.641003 -1.614873  0.382686 0.000000 -0.923879  0.004890 0.735251 1 64 1.000000
0  -3.059669 -12.641003 -1.415671  0.382686 0.000000 -0.923879  0.004890 0.735251 1 64 1.000000
lowpoly_metal
0  -3.059669 -12.641003 -1.415671  0.923882 -0.000004 -0.382678  0.004890 0.735251 1 64 1.000000
0  -2.860467 -12.641003 -0.934755  0.923882 -0.000004 -0.382678  0.004890 0.735251 1 64 1.000000
0  -2.860467 -12.739975 -0.934755  0.923882 -0.000004 -0.382678  0.004890 0.735251 1 64 1.000000
lowpoly_metal
0  -3.059669 -12.739975 -1.415671  0.000000 -1.000000 0.000000  0.004890 0.735251 1 64 1.000000
0  -2.860467 -12.739975 -0.934755  0.000000 -1.000000 0.000000  0.004890 0.735251 1 64 1.000000
0  -3.059669 -12.739975 -0.453840  0.000000 -1.000000 0.000000  0.004890 0.735251 1 64 1.000000
lowpoly_metal
0  -3.059669 -12.739975 -0.453840  0.000000 -1.000000 0.000000  0.004890 0.735251 1 64 1.000000
0  -3.540585 -12.739975 -0.254638  0.000000 -1.000000 0.000000  0.004890 0.735251 1 64 1.000000
0  -4.021500 -12.739975 -0.453840  0.000000 -1.000000 0.000000  0.004890 0.735251 1 64 1.000000
lowpoly_metal
0  -4.021500 -12.739975 -0.453840  0.000000 -1.000000 0.000000  0.004890 0.735251 1 64 1.000000
0  -4.220702 -12.739975 -0.934756  0.000000 -1.000000 0.000000  0.004890 0.735251 1 64 1.000000
0  -4.021500 -12.739975 -1.415671  0.000000 -1.000000 0.000000  0.004890 0.735251 1 64 1.000000
lowpoly_metal
0  -4.021500 -12.739975 -1.415671  0.000000 -1.000000 0.000000  0.004890 0.735251 1 64 1.000000
0  -3.540584 -12.739975 -1.614873  0.000000 -1.000000 0.000000  0.004890 0.735251 1 64 1.000000
0  -3.059669 -12.739975 -1.415671  0.000000 -1.000000 0.000000  0.004890 0.735251 1 64 1.000000
lowpoly_metal
0  -3.059669 -12.739975 -1.415671  0.000000 -1.000000 0.000000  0.004890 0.735251 1 64 1.000000
0  -3.059669 -12.739975 -0.453840  0.000000 -1.000000 0.000000  0.004890 0.735251 1 64 1.000000
0  -4.021500 -12.739975 -1.415671  0.000000 -1.000000 0.000000  0.004890 0.735251 1 64 1.000000
lowpoly_metal
0  -3.540585 -12.495896 -0.547898  0.000000 1.000000 -0.000008  0.004890 0.735251 1 64 1.000000
0  -3.267035 -12.495896 -0.661206  0.000000 1.000000 -0.000008  0.004890 0.735251 1 64 1.000000
0  -3.153728 -12.495896 -0.934755  0.000000 1.000000 -0.000008  0.004890 0.735251 1 64 1.000000
lowpoly_metal
0  -3.153728 -12.495896 -0.934755  0.000004 1.000000 0.000000  0.004890 0.735251 1 64 1.000000
0  -3.267035 -12.495896 -1.208305  0.000004 1.000000 0.000000  0.004890 0.735251 1 64 1.000000
0  -3.540584 -12.495895 -1.321612  0.000004 1.000000 0.000000  0.004890 0.735251 1 64 1.000000
lowpoly_metal
0  -3.540584 -12.495895 -1.321612  -0.000003 1.000000 0.000002  0.004890 0.735251 1 64 1.000000
0  -3.814134 -12.495896 -1.208305  -0.000003 1.000000 0.000002  0.004890 0.735251 1 64 1.000000
0  -3.540585 -12.495896 -0.547898  -0.000003 1.000000 0.000002  0.004890 0.735251 1 64 1.000000
lowpoly_metal
0  -3.927441 -12.495896 -0.934755  0.000000 1.000000 0.000008  0.004890 0.735251 1 64 1.000000
0  -3.814134 -12.495896 -0.661206  0.000000 1.000000 0.000008  0.004890 0.735251 1 64 1.000000
0  -3.540585 -12.495896 -0.547898  0.000000 1.000000 0.000008  0.004890 0.735251 1 64 1.000000
lowpoly_metal
0  -3.540585 -12.495896 -0.547898  0.000001 1.000000 0.000003  0.004890 0.735251 1 64 1.000000
0  -3.153728 -12.495896 -0.934755  0.000001 1.000000 0.000003  0.004890 0.735251 1 64 1.000000
0  -3.540584 -12.495895 -1.321612  0.000001 1.000000 0.000003  0.004890 0.735251 1 64 1.000000
lowpoly_metal
0  -3.059669 -12.641003 -0.453840  0.436185 0.881532 0.180676  0.004890 0.735251 1 64 1.000000
0  -2.860467 -12.641003 -0.934755  0.436185 0.881532 0.180676  0.004890 0.735251 1 64 1.000000
0  -3.153728 -12.495896 -0.934755  0.436185 0.881532 0.180676  0.004890 0.735251 1 64 1.000000
lowpoly_metal
0  -3.540585 -12.641003 -0.254638  -0.180674 0.881534 0.436181  0.004890 0.735251 1 64 1.000000
0  -3.540585 -12.495896 -0.547898  -0.180674 0.881534 0.436181  0.004890 0.735251 1 64 1.000000
0  -3.814134 -12.495896 -0.661206  -0.180674 0.881534 0.436181  0.004890 0.735251 1 64 1.000000
lowpoly_metal
0  -4.021500 -12.641003 -1.415671  -0.180675 0.881532 -0.436186  0.004890 0.735251 1 64 1.000000
0  -3.814134 -12.495896 -1.208305  -0.180675 0.881532 -0.436186  0.004890 0.735251 1 64 1.000000
0  -3.540584 -12.495895 -1.321612  -0.180675 0.881532 -0.436186  0.004890 0.735251 1 64 1.000000
lowpoly_metal
0  -4.220702 -12.641003 -0.934756  -0.436186 0.881533 0.180671  0.004890 0.735251 1 64 1.000000
0  -4.021500 -12.641003 -0.453840  -0.436186 0.881533 0.180671  0.004890 0.735251 1 64 1.000000
0  -3.814134 -12.495896 -0.661206  -0.436186 0.881533 0.180671  0.004890 0.735251 1 64 1.000000
lowpoly_metal
0  -3.540584 -12.641003 -1.614873  0.180677 0.881531 -0.436186  0.004890 0.735251 1 64 1.000000
0  -3.540584 -12.495895 -1.321612  0.180677 0.881531 -0.436186  0.004890 0.735251 1 64 1.000000
0  -3.267035 -12.495896 -1.208305  0.180677 0.881531 -0.436186  0.004890 0.735251 1 64 1.000000
lowpoly_metal
0  -3.059669 -12.641003 -0.453840  0.180674 0.881534 0.436182  0.004890 0.735251 1 64 1.000000
0  -3.267035 -12.495896 -0.661206  0.180674 0.881534 0.436182  0.004890 0.735251 1 64 1.000000
0  -3.540585 -12.495896 -0.547898  0.180674 0.881534 0.436182  0.004890 0.735251 1 64 1.000000
lowpoly_metal
0  -4.220702 -12.641003 -0.934756  -0.436184 0.881531 -0.180681  0.004890 0.735251 1 64 1.000000
0  -3.927441 -12.495896 -0.934755  -0.436184 0.881531 -0.180681  0.004890 0.735251 1 64 1.000000
0  -3.814134 -12.495896 -1.208305  -0.436184 0.881531 -0.180681  0.004890 0.735251 1 64 1.000000
lowpoly_metal
0  -3.625836 -12.304829 0.061815  0.000000 1.000000 0.000000  0.004095 0.737684 1 64 1.000000
0  -3.594249 -12.304829 0.343689  0.000000 1.000000 0.000000  0.004095 0.737684 1 64 1.000000
0  -3.594249 -12.304829 0.278603  0.000000 1.000000 0.000000  0.004095 0.737684 1 64 1.000000
lowpoly_metal
0  -3.540585 -12.351744 0.013992  0.000000 -1.000000 0.000000  0.004095 0.737684 1 64 1.000000
0  -3.540585 -12.351744 0.278603  0.000000 -1.000000 0.000000  0.004095 0.737684 1 64 1.000000
0  -3.594249 -12.351744 0.278603  0.000000 -1.000000 0.000000  0.004095 0.737684 1 64 1.000000
lowpoly_metal
0  -3.625836 -12.351744 0.061815  0.000000 -1.000000 -0.000007  0.004095 0.737684 1 64 1.000000
0  -3.594249 -12.351744 0.343689  0.000000 -1.000000 -0.000007  0.004095 0.737684 1 64 1.000000
0  -3.846387 -12.351744 0.343689  0.000000 -1.000000 -0.000007  0.004095 0.737684 1 64 1.000000
lowpoly_metal
0  -3.846387 -12.351744 0.343689  -1.000000 0.000000 0.000000  0.004095 0.737684 1 64 1.000000
0  -3.846387 -12.304829 0.343689  -1.000000 0.000000 0.000000  0.004095 0.737684 1 64 1.000000
0  -3.846387 -12.304829 0.061815  -1.000000 0.000000 0.000000  0.004095 0.737684 1 64 1.000000
lowpoly_metal
0  -3.625836 -12.351744 0.061815  0.000001 0.000000 -1.000000  0.004095 0.737684 1 64 1.000000
0  -3.846387 -12.351744 0.061815  0.000001 0.000000 -1.000000  0.004095 0.737684 1 64 1.000000
0  -3.846387 -12.304829 0.061815  0.000001 0.000000 -1.000000  0.004095 0.737684 1 64 1.000000
lowpoly_metal
0  -3.594249 -12.304829 0.343689  0.000000 0.000000 1.000000  0.004095 0.737684 1 64 1.000000
0  -3.846387 -12.304829 0.343689  0.000000 0.000000 1.000000  0.004095 0.737684 1 64 1.000000
0  -3.846387 -12.351744 0.343689  0.000000 0.000000 1.000000  0.004095 0.737684 1 64 1.000000
lowpoly_metal
0  -3.625836 -12.304829 0.061815  -1.000000 0.000000 0.000000  0.004095 0.737684 1 64 1.000000
0  -3.625836 -12.304829 0.013992  -1.000000 0.000000 0.000000  0.004095 0.737684 1 64 1.000000
0  -3.625836 -12.351744 0.013992  -1.000000 0.000000 0.000000  0.004095 0.737684 1 64 1.000000
lowpoly_metal
0  -3.594249 -12.304829 0.343689  1.000000 0.000000 0.000000  0.004095 0.737684 1 64 1.000000
0  -3.594249 -12.351744 0.343689  1.000000 0.000000 0.000000  0.004095 0.737684 1 64 1.000000
0  -3.594249 -12.351744 0.278603  1.000000 0.000000 0.000000  0.004095 0.737684 1 64 1.000000
lowpoly_metal
0  -3.846387 -12.304829 0.343689  0.000000 1.000000 -0.000002  0.004095 0.737684 1 64 1.000000
0  -3.594249 -12.304829 0.343689  0.000000 1.000000 -0.000002  0.004095 0.737684 1 64 1.000000
0  -3.625836 -12.304829 0.061815  0.000000 1.000000 -0.000002  0.004095 0.737684 1 64 1.000000
lowpoly_metal
0  -3.625836 -12.351744 0.061815  0.000000 -1.000000 0.000000  0.004095 0.737684 1 64 1.000000
0  -3.625836 -12.351744 0.013992  0.000000 -1.000000 0.000000  0.004095 0.737684 1 64 1.000000
0  -3.594249 -12.351744 0.278603  0.000000 -1.000000 0.000000  0.004095 0.737684 1 64 1.000000
lowpoly_metal
0  -3.540585 -12.304829 0.278603  -0.000002 0.000000 1.000000  0.004095 0.737684 1 64 1.000000
0  -3.594249 -12.304829 0.278603  -0.000002 0.000000 1.000000  0.004095 0.737684 1 64 1.000000
0  -3.594249 -12.351744 0.278603  -0.000002 0.000000 1.000000  0.004095 0.737684 1 64 1.000000
lowpoly_metal
0  -3.540585 -12.351744 0.013992  0.000000 0.000000 -1.000000  0.004095 0.737684 1 64 1.000000
0  -3.625836 -12.351744 0.013992  0.000000 0.000000 -1.000000  0.004095 0.737684 1 64 1.000000
0  -3.625836 -12.304829 0.013992  0.000000 0.000000 -1.000000  0.004095 0.737684 1 64 1.000000
lowpoly_metal
0  -3.594249 -12.304829 0.278603  0.000000 1.000000 0.000000  0.004095 0.737684 1 64 1.000000
0  -3.540585 -12.304829 0.278603  0.000000 1.000000 0.000000  0.004095 0.737684 1 64 1.000000
0  -3.540585 -12.304829 0.013992  0.000000 1.000000 0.000000  0.004095 0.737684 1 64 1.000000
lowpoly_metal
0  -3.455333 -12.304829 0.061816  0.000000 1.000000 0.000000  0.004095 0.737684 1 64 1.000000
0  -3.455334 -12.304829 0.013992  0.000000 1.000000 0.000000  0.004095 0.737684 1 64 1.000000
0  -3.486921 -12.304829 0.278602  0.000000 1.000000 0.000000  0.004095 0.737684 1 64 1.000000
lowpoly_metal
0  -3.540585 -12.351744 0.013992  0.000000 -1.000000 -0.000005  0.004095 0.737684 1 64 1.000000
0  -3.455334 -12.351744 0.013992  0.000000 -1.000000 -0.000005  0.004095 0.737684 1 64 1.000000
0  -3.486921 -12.351744 0.278602  0.000000 -1.000000 -0.000005  0.004095 0.737684 1 64 1.000000
lowpoly_metal
0  -3.455333 -12.351744 0.061816  0.000000 -1.000000 0.000000  0.004095 0.737684 1 64 1.000000
0  -3.234783 -12.351744 0.061815  0.000000 -1.000000 0.000000  0.004095 0.737684 1 64 1.000000
0  -3.234783 -12.351744 0.343689  0.000000 -1.000000 0.000000  0.004095 0.737684 1 64 1.000000
lowpoly_metal
0  -3.234783 -12.304828 0.061815  1.000000 0.000000 0.000000  0.004095 0.737684 1 64 1.000000
0  -3.234783 -12.304828 0.343689  1.000000 0.000000 0.000000  0.004095 0.737684 1 64 1.000000
0  -3.234783 -12.351744 0.343689  1.000000 0.000000 0.000000  0.004095 0.737684 1 64 1.000000
lowpoly_metal
0  -3.234783 -12.304828 0.061815  -0.000001 0.000000 -1.000000  0.004095 0.737684 1 64 1.000000
0  -3.234783 -12.351744 0.061815  -0.000001 0.000000 -1.000000  0.004095 0.737684 1 64 1.000000
0  -3.455333 -12.351744 0.061816  -0.000001 0.000000 -1.000000  0.004095 0.737684 1 64 1.000000
lowpoly_metal
0  -3.234783 -12.351744 0.343689  -0.000000 0.000000 1.000000  0.004095 0.737684 1 64 1.000000
0  -3.234783 -12.304828 0.343689  -0.000000 0.000000 1.000000  0.004095 0.737684 1 64 1.000000
0  -3.486920 -12.304829 0.343689  -0.000000 0.000000 1.000000  0.004095 0.737684 1 64 1.000000
lowpoly_metal
0  -3.455334 -12.351744 0.013992  1.000000 0.000000 -0.000005  0.004095 0.737684 1 64 1.000000
0  -3.455334 -12.304829 0.013992  1.000000 0.000000 -0.000005  0.004095 0.737684 1 64 1.000000
0  -3.455333 -12.304829 0.061816  1.000000 0.000000 -0.000005  0.004095 0.737684 1 64 1.000000
lowpoly_metal
0  -3.486921 -12.304829 0.278602  -1.000000 0.000000 0.000004  0.004095 0.737684 1 64 1.000000
0  -3.486921 -12.351744 0.278602  -1.000000 0.000000 0.000004  0.004095 0.737684 1 64 1.000000
0  -3.486920 -12.351744 0.343689  -1.000000 0.000000 0.000004  0.004095 0.737684 1 64 1.000000
lowpoly_metal
0  -3.455333 -12.304829 0.061816  -0.000004 1.000000 0.000000  0.004095 0.737684 1 64 1.000000
0  -3.486920 -12.304829 0.343689  -0.000004 1.000000 0.000000  0.004095 0.737684 1 64 1.000000
0  -3.234783 -12.304828 0.343689  -0.000004 1.000000 0.000000  0.004095 0.737684 1 64 1.000000
lowpoly_metal
0  -3.486921 -12.351744 0.278602  0.000000 -1.000000 -0.000007  0.004095 0.737684 1 64 1.000000
0  -3.455334 -12.351744 0.013992  0.000000 -1.000000 -0.000007  0.004095 0.737684 1 64 1.000000
0  -3.455333 -12.351744 0.061816  0.000000 -1.000000 -0.000007  0.004095 0.737684 1 64 1.000000
lowpoly_metal
0  -3.486921 -12.351744 0.278602  0.000009 0.000000 1.000000  0.004095 0.737684 1 64 1.000000
0  -3.486921 -12.304829 0.278602  0.000009 0.000000 1.000000  0.004095 0.737684 1 64 1.000000
0  -3.540585 -12.304829 0.278603  0.000009 0.000000 1.000000  0.004095 0.737684 1 64 1.000000
lowpoly_metal
0  -3.455334 -12.304829 0.013992  -0.000003 0.000000 -1.000000  0.004095 0.737684 1 64 1.000000
0  -3.455334 -12.351744 0.013992  -0.000003 0.000000 -1.000000  0.004095 0.737684 1 64 1.000000
0  -3.540585 -12.351744 0.013992  -0.000003 0.000000 -1.000000  0.004095 0.737684 1 64 1.000000
lowpoly_metal
0  -3.540585 -12.304829 0.013992  0.000000 1.000000 0.000000  0.004095 0.737684 1 64 1.000000
0  -3.540585 -12.304829 0.278603  0.000000 1.000000 0.000000  0.004095 0.737684 1 64 1.000000
0  -3.486921 -12.304829 0.278602  0.000000 1.000000 0.000000  0.004095 0.737684 1 64 1.000000
lowpoly_metal
0  -3.958223 -12.331001 0.156411  0.000000 -0.500005 0.866023  0.008828 0.739491 1 64 1.000000
0  -3.958223 -12.404750 0.113832  0.000000 -0.500005 0.866023  0.008828 0.739491 1 64 1.000000
0  -3.122946 -12.404750 0.113832  0.000000 -0.500005 0.866023  0.008828 0.739491 1 64 1.000000
lowpoly_metal
0  -3.122946 -12.404750 0.113832  0.000000 -1.000000 0.000000  0.008828 0.739491 1 64 1.000000
0  -3.958223 -12.404750 0.113832  0.000000 -1.000000 0.000000  0.008828 0.739491 1 64 1.000000
0  -3.958223 -12.404750 0.028674  0.000000 -1.000000 0.000000  0.008828 0.739491 1 64 1.000000
lowpoly_metal
0  -3.122946 -12.404750 0.028674  0.000000 -0.500007 -0.866021  0.008828 0.739491 1 64 1.000000
0  -3.958223 -12.404750 0.028674  0.000000 -0.500007 -0.866021  0.008828 0.739491 1 64 1.000000
0  -3.958223 -12.331001 -0.013905  0.000000 -0.500007 -0.866021  0.008828 0.739491 1 64 1.000000
lowpoly_metal
0  -3.958223 -12.331001 -0.013905  0.000000 0.499998 -0.866027  0.008828 0.739491 1 64 1.000000
0  -3.958223 -12.257252 0.028674  0.000000 0.499998 -0.866027  0.008828 0.739491 1 64 1.000000
0  -3.122946 -12.257252 0.028674  0.000000 0.499998 -0.866027  0.008828 0.739491 1 64 1.000000
lowpoly_metal
0  -3.958223 -12.404750 0.028674  -1.000000 0.000000 0.000000  0.008828 0.739491 1 64 1.000000
0  -3.958223 -12.404750 0.113832  -1.000000 0.000000 0.000000  0.008828 0.739491 1 64 1.000000
0  -3.958223 -12.331001 0.156411  -1.000000 0.000000 0.000000  0.008828 0.739491 1 64 1.000000
lowpoly_metal
0  -3.958223 -12.331001 0.156411  -1.000000 -0.000005 -0.000004  0.008828 0.739491 1 64 1.000000
0  -3.958223 -12.257252 0.113832  -1.000000 -0.000005 -0.000004  0.008828 0.739491 1 64 1.000000
0  -3.958223 -12.404750 0.028674  -1.000000 -0.000005 -0.000004  0.008828 0.739491 1 64 1.000000
lowpoly_metal
0  -3.958223 -12.257252 0.028674  -1.000000 0.000000 0.000008  0.008828 0.739491 1 64 1.000000
0  -3.958223 -12.331001 -0.013905  -1.000000 0.000000 0.000008  0.008828 0.739491 1 64 1.000000
0  -3.958223 -12.404750 0.028674  -1.000000 0.000000 0.000008  0.008828 0.739491 1 64 1.000000
lowpoly_metal
0  -3.958223 -12.257252 0.028674  0.000000 1.000000 0.000000  0.008828 0.739491 1 64 1.000000
0  -3.958223 -12.257252 0.113832  0.000000 1.000000 0.000000  0.008828 0.739491 1 64 1.000000
0  -3.122946 -12.257252 0.113832  0.000000 1.000000 0.000000  0.008828 0.739491 1 64 1.000000
lowpoly_metal
0  -3.122946 -12.257252 0.113832  0.000000 0.499994 0.866029  0.008828 0.739491 1 64 1.000000
0  -3.958223 -12.257252 0.113832  0.000000 0.499994 0.866029  0.008828 0.739491 1 64 1.000000
0  -3.958223 -12.331001 0.156411  0.000000 0.499994 0.866029  0.008828 0.739491 1 64 1.000000
lowpoly_metal
0  -3.122946 -12.257252 0.113832  1.000000 0.000000 0.000000  0.008828 0.739491 1 64 1.000000
0  -3.122946 -12.331001 0.156411  1.000000 0.000000 0.000000  0.008828 0.739491 1 64 1.000000
0  -3.122946 -12.404750 0.113832  1.000000 0.000000 0.000000  0.008828 0.739491 1 64 1.000000
lowpoly_metal
0  -3.122946 -12.404750 0.113832  1.000000 0.000000 0.000000  0.008828 0.739491 1 64 1.000000
0  -3.122946 -12.404750 0.028674  1.000000 0.000000 0.000000  0.008828 0.739491 1 64 1.000000
0  -3.122946 -12.257252 0.113832  1.000000 0.000000 0.000000  0.008828 0.739491 1 64 1.000000
lowpoly_metal
0  -3.122946 -12.331001 -0.013905  1.000000 0.000009 0.000000  0.008828 0.739491 1 64 1.000000
0  -3.122946 -12.257252 0.028674  1.000000 0.000009 0.000000  0.008828 0.739491 1 64 1.000000
0  -3.122946 -12.257252 0.113832  1.000000 0.000009 0.000000  0.008828 0.739491 1 64 1.000000
lowpoly_metal
0  -3.672102 -12.331001 0.241080  0.000000 -0.500001 0.866025  0.004095 0.737684 1 64 1.000000
0  -3.928309 -12.331001 0.241080  0.000000 -0.500001 0.866025  0.004095 0.737684 1 64 1.000000
0  -3.928309 -12.478075 0.156166  0.000000 -0.500001 0.866025  0.004095 0.737684 1 64 1.000000
lowpoly_metal
0  -3.928309 -12.478075 0.156166  0.000000 -1.000000 0.000000  0.004095 0.737684 1 64 1.000000
0  -3.928309 -12.478075 -0.097367  0.000000 -1.000000 0.000000  0.004095 0.737684 1 64 1.000000
0  -3.672102 -12.478075 -0.097367  0.000000 -1.000000 0.000000  0.004095 0.737684 1 64 1.000000
lowpoly_metal
0  -3.928309 -12.478075 -0.097367  -0.000000 -0.008203 -0.999966  0.004095 0.737684 1 64 1.000000
0  -3.928309 -12.331001 -0.098574  -0.000000 -0.008203 -0.999966  0.004095 0.737684 1 64 1.000000
0  -3.672102 -12.331001 -0.098574  -0.000000 -0.008203 -0.999966  0.004095 0.737684 1 64 1.000000
lowpoly_metal
0  -3.672102 -12.331001 -0.098574  -0.000000 0.499996 -0.866027  0.004095 0.737684 1 64 1.000000
0  -3.928309 -12.331001 -0.098574  -0.000000 0.499996 -0.866027  0.004095 0.737684 1 64 1.000000
0  -3.928309 -12.183927 -0.013660  -0.000000 0.499996 -0.866027  0.004095 0.737684 1 64 1.000000
lowpoly_metal
0  -3.928309 -12.478075 -0.097367  -1.000000 0.000000 0.000000  0.004095 0.737684 1 64 1.000000
0  -3.928309 -12.478075 0.156166  -1.000000 0.000000 0.000000  0.004095 0.737684 1 64 1.000000
0  -3.928309 -12.331001 -0.098574  -1.000000 0.000000 0.000000  0.004095 0.737684 1 64 1.000000
lowpoly_metal
0  -3.928309 -12.331001 0.241080  -1.000000 0.000000 0.000001  0.004095 0.737684 1 64 1.000000
0  -3.928309 -12.183927 0.156167  -1.000000 0.000000 0.000001  0.004095 0.737684 1 64 1.000000
0  -3.928309 -12.183927 -0.013660  -1.000000 0.000000 0.000001  0.004095 0.737684 1 64 1.000000
lowpoly_metal
0  -3.928309 -12.183927 -0.013660  -1.000000 0.000000 0.000000  0.004095 0.737684 1 64 1.000000
0  -3.928309 -12.331001 -0.098574  -1.000000 0.000000 0.000000  0.004095 0.737684 1 64 1.000000
0  -3.928309 -12.331001 0.241080  -1.000000 0.000000 0.000000  0.004095 0.737684 1 64 1.000000
lowpoly_metal
0  -3.928309 -12.183927 -0.013660  0.000000 1.000000 0.000000  0.004095 0.737684 1 64 1.000000
0  -3.928309 -12.183927 0.156167  0.000000 1.000000 0.000000  0.004095 0.737684 1 64 1.000000
0  -3.672102 -12.183927 0.156166  0.000000 1.000000 0.000000  0.004095 0.737684 1 64 1.000000
lowpoly_metal
0  -3.928309 -12.183927 0.156167  0.000000 0.499999 0.866026  0.004095 0.737684 1 64 1.000000
0  -3.928309 -12.331001 0.241080  0.000000 0.499999 0.866026  0.004095 0.737684 1 64 1.000000
0  -3.672102 -12.331001 0.241080  0.000000 0.499999 0.866026  0.004095 0.737684 1 64 1.000000
lowpoly_metal
0  -3.540585 -12.331001 0.191200  0.000000 -0.500008 0.866021  0.004095 0.737684 1 64 1.000000
0  -3.598667 -12.331001 0.191200  0.000000 -0.500008 0.866021  0.004095 0.737684 1 64 1.000000
0  -3.598667 -12.478075 0.106287  0.000000 -0.500008 0.866021  0.004095 0.737684 1 64 1.000000
lowpoly_metal
0  -3.598667 -12.478075 0.106287  0.000000 -1.000000 0.000001  0.004095 0.737684 1 64 1.000000
0  -3.672102 -12.478075 0.156166  0.000000 -1.000000 0.000001  0.004095 0.737684 1 64 1.000000
0  -3.672102 -12.478075 -0.097367  0.000000 -1.000000 0.000001  0.004095 0.737684 1 64 1.000000
lowpoly_metal
0  -3.672102 -12.183927 0.156166  0.507014 0.430962 0.746464  0.004095 0.737684 1 64 1.000000
0  -3.672102 -12.331001 0.241080  0.507014 0.430962 0.746464  0.004095 0.737684 1 64 1.000000
0  -3.598667 -12.331001 0.191200  0.507014 0.430962 0.746464  0.004095 0.737684 1 64 1.000000
lowpoly_metal
0  -3.672102 -12.183927 -0.013660  0.000000 1.000000 0.000000  0.004095 0.737684 1 64 1.000000
0  -3.672102 -12.183927 0.156166  0.000000 1.000000 0.000000  0.004095 0.737684 1 64 1.000000
0  -3.598667 -12.183927 0.106287  0.000000 1.000000 0.000000  0.004095 0.737684 1 64 1.000000
lowpoly_metal
0  -3.672102 -12.331001 -0.098574  -0.000004 0.500005 -0.866022  0.004095 0.737684 1 64 1.000000
0  -3.672102 -12.183927 -0.013660  -0.000004 0.500005 -0.866022  0.004095 0.737684 1 64 1.000000
0  -3.598667 -12.183927 -0.013661  -0.000004 0.500005 -0.866022  0.004095 0.737684 1 64 1.000000
lowpoly_metal
0  -3.672102 -12.478075 -0.097367  0.000002 -0.008203 -0.999966  0.004095 0.737684 1 64 1.000000
0  -3.672102 -12.331001 -0.098574  0.000002 -0.008203 -0.999966  0.004095 0.737684 1 64 1.000000
0  -3.598667 -12.331001 -0.098574  0.000002 -0.008203 -0.999966  0.004095 0.737684 1 64 1.000000
lowpoly_metal
0  -3.598667 -12.331001 0.191200  0.507018 -0.430968 0.746458  0.004095 0.737684 1 64 1.000000
0  -3.672102 -12.331001 0.241080  0.507018 -0.430968 0.746458  0.004095 0.737684 1 64 1.000000
0  -3.672102 -12.478075 0.156166  0.507018 -0.430968 0.746458  0.004095 0.737684 1 64 1.000000
lowpoly_metal
0  -3.540585 -12.478075 -0.097367  -0.000002 -0.008203 -0.999966  0.004095 0.737684 1 64 1.000000
0  -3.598667 -12.478075 -0.097367  -0.000002 -0.008203 -0.999966  0.004095 0.737684 1 64 1.000000
0  -3.598667 -12.331001 -0.098574  -0.000002 -0.008203 -0.999966  0.004095 0.737684 1 64 1.000000
lowpoly_metal
0  -3.540585 -12.331001 -0.098574  0.000004 0.499992 -0.866030  0.004095 0.737684 1 64 1.000000
0  -3.598667 -12.331001 -0.098574  0.000004 0.499992 -0.866030  0.004095 0.737684 1 64 1.000000
0  -3.598667 -12.183927 -0.013661  0.000004 0.499992 -0.866030  0.004095 0.737684 1 64 1.000000
lowpoly_metal
0  -3.540585 -12.183927 -0.013660  0.000000 1.000000 0.000000  0.004095 0.737684 1 64 1.000000
0  -3.598667 -12.183927 -0.013661  0.000000 1.000000 0.000000  0.004095 0.737684 1 64 1.000000
0  -3.598667 -12.183927 0.106287  0.000000 1.000000 0.000000  0.004095 0.737684 1 64 1.000000
lowpoly_metal
0  -3.540585 -12.183927 0.106287  -0.000003 0.499997 0.866027  0.004095 0.737684 1 64 1.000000
0  -3.598667 -12.183927 0.106287  -0.000003 0.499997 0.866027  0.004095 0.737684 1 64 1.000000
0  -3.598667 -12.331001 0.191200  -0.000003 0.499997 0.866027  0.004095 0.737684 1 64 1.000000
lowpoly_metal
0  -3.540585 -12.478075 0.106287  0.000000 -1.000000 0.000000  0.004095 0.737684 1 64 1.000000
0  -3.598667 -12.478075 0.106287  0.000000 -1.000000 0.000000  0.004095 0.737684 1 64 1.000000
0  -3.598667 -12.478075 -0.097367  0.000000 -1.000000 0.000000  0.004095 0.737684 1 64 1.000000
lowpoly_metal
0  -3.409067 -12.478075 0.156166  0.000000 -0.500000 0.866026  0.004095 0.737684 1 64 1.000000
0  -3.152860 -12.478075 0.156166  0.000000 -0.500000 0.866026  0.004095 0.737684 1 64 1.000000
0  -3.152861 -12.331001 0.241080  0.000000 -0.500000 0.866026  0.004095 0.737684 1 64 1.000000
lowpoly_metal
0  -3.409067 -12.478075 -0.097367  0.000000 -1.000000 0.000000  0.004095 0.737684 1 64 1.000000
0  -3.152860 -12.478075 -0.097367  0.000000 -1.000000 0.000000  0.004095 0.737684 1 64 1.000000
0  -3.152860 -12.478075 0.156166  0.000000 -1.000000 0.000000  0.004095 0.737684 1 64 1.000000
lowpoly_metal
0  -3.409067 -12.331001 -0.098574  0.000000 -0.008202 -0.999966  0.004095 0.737684 1 64 1.000000
0  -3.152861 -12.331001 -0.098574  0.000000 -0.008202 -0.999966  0.004095 0.737684 1 64 1.000000
0  -3.152860 -12.478075 -0.097367  0.000000 -0.008202 -0.999966  0.004095 0.737684 1 64 1.000000
lowpoly_metal
0  -3.409068 -12.183927 -0.013660  -0.000000 0.499999 -0.866026  0.004095 0.737684 1 64 1.000000
0  -3.152861 -12.183927 -0.013661  -0.000000 0.499999 -0.866026  0.004095 0.737684 1 64 1.000000
0  -3.152861 -12.331001 -0.098574  -0.000000 0.499999 -0.866026  0.004095 0.737684 1 64 1.000000
lowpoly_metal
0  -3.152861 -12.331001 0.241080  1.000000 0.000000 0.000000  0.004095 0.737684 1 64 1.000000
0  -3.152860 -12.478075 0.156166  1.000000 0.000000 0.000000  0.004095 0.737684 1 64 1.000000
0  -3.152861 -12.331001 -0.098574  1.000000 0.000000 0.000000  0.004095 0.737684 1 64 1.000000
lowpoly_metal
0  -3.152860 -12.478075 -0.097367  1.000000 0.000003 0.000000  0.004095 0.737684 1 64 1.000000
0  -3.152861 -12.331001 -0.098574  1.000000 0.000003 0.000000  0.004095 0.737684 1 64 1.000000
0  -3.152860 -12.478075 0.156166  1.000000 0.000003 0.000000  0.004095 0.737684 1 64 1.000000
lowpoly_metal
0  -3.152861 -12.183927 -0.013661  1.000000 0.000000 0.000000  0.004095 0.737684 1 64 1.000000
0  -3.152861 -12.183927 0.156166  1.000000 0.000000 0.000000  0.004095 0.737684 1 64 1.000000
0  -3.152861 -12.331001 0.241080  1.000000 0.000000 0.000000  0.004095 0.737684 1 64 1.000000
lowpoly_metal
0  -3.409068 -12.183927 -0.013660  0.000000 1.000000 0.000000  0.004095 0.737684 1 64 1.000000
0  -3.409067 -12.183927 0.156166  0.000000 1.000000 0.000000  0.004095 0.737684 1 64 1.000000
0  -3.152861 -12.183927 0.156166  0.000000 1.000000 0.000000  0.004095 0.737684 1 64 1.000000
lowpoly_metal
0  -3.409068 -12.331001 0.241080  -0.000000 0.499999 0.866026  0.004095 0.737684 1 64 1.000000
0  -3.152861 -12.331001 0.241080  -0.000000 0.499999 0.866026  0.004095 0.737684 1 64 1.000000
0  -3.152861 -12.183927 0.156166  -0.000000 0.499999 0.866026  0.004095 0.737684 1 64 1.000000
lowpoly_metal
0  -3.540585 -12.331001 0.191200  0.000002 -0.499997 0.866027  0.004095 0.737684 1 64 1.000000
0  -3.540585 -12.478075 0.106287  0.000002 -0.499997 0.866027  0.004095 0.737684 1 64 1.000000
0  -3.482502 -12.478075 0.106287  0.000002 -0.499997 0.866027  0.004095 0.737684 1 64 1.000000
lowpoly_metal
0  -3.482502 -12.478075 0.106287  0.000000 -1.000000 0.000000  0.004095 0.737684 1 64 1.000000
0  -3.482502 -12.478075 -0.097367  0.000000 -1.000000 0.000000  0.004095 0.737684 1 64 1.000000
0  -3.409067 -12.478075 -0.097367  0.000000 -1.000000 0.000000  0.004095 0.737684 1 64 1.000000
lowpoly_metal
0  -3.482503 -12.331001 0.191200  -0.507015 0.430962 0.746463  0.004095 0.737684 1 64 1.000000
0  -3.409068 -12.331001 0.241080  -0.507015 0.430962 0.746463  0.004095 0.737684 1 64 1.000000
0  -3.409067 -12.183927 0.156166  -0.507015 0.430962 0.746463  0.004095 0.737684 1 64 1.000000
lowpoly_metal
0  -3.482503 -12.183927 0.106287  0.000000 1.000000 0.000003  0.004095 0.737684 1 64 1.000000
0  -3.409067 -12.183927 0.156166  0.000000 1.000000 0.000003  0.004095 0.737684 1 64 1.000000
0  -3.409068 -12.183927 -0.013660  0.000000 1.000000 0.000003  0.004095 0.737684 1 64 1.000000
lowpoly_metal
0  -3.482503 -12.331001 -0.098574  0.000001 0.500000 -0.866026  0.004095 0.737684 1 64 1.000000
0  -3.482503 -12.183927 -0.013661  0.000001 0.500000 -0.866026  0.004095 0.737684 1 64 1.000000
0  -3.409068 -12.183927 -0.013660  0.000001 0.500000 -0.866026  0.004095 0.737684 1 64 1.000000
lowpoly_metal
0  -3.482503 -12.331001 -0.098574  0.000000 -0.008203 -0.999966  0.004095 0.737684 1 64 1.000000
0  -3.409067 -12.331001 -0.098574  0.000000 -0.008203 -0.999966  0.004095 0.737684 1 64 1.000000
0  -3.409067 -12.478075 -0.097367  0.000000 -0.008203 -0.999966  0.004095 0.737684 1 64 1.000000
lowpoly_metal
0  -3.482503 -12.331001 0.191200  -0.507016 -0.430968 0.746459  0.004095 0.737684 1 64 1.000000
0  -3.482502 -12.478075 0.106287  -0.507016 -0.430968 0.746459  0.004095 0.737684 1 64 1.000000
0  -3.409067 -12.478075 0.156166  -0.507016 -0.430968 0.746459  0.004095 0.737684 1 64 1.000000
lowpoly_metal
0  -3.540585 -12.331001 -0.098574  -0.000004 -0.008204 -0.999966  0.004095 0.737684 1 64 1.000000
0  -3.482503 -12.331001 -0.098574  -0.000004 -0.008204 -0.999966  0.004095 0.737684 1 64 1.000000
0  -3.482502 -12.478075 -0.097367  -0.000004 -0.008204 -0.999966  0.004095 0.737684 1 64 1.000000
lowpoly_metal
0  -3.540585 -12.331001 -0.098574  -0.000004 0.499996 -0.866027  0.004095 0.737684 1 64 1.000000
0  -3.540585 -12.183927 -0.013660  -0.000004 0.499996 -0.866027  0.004095 0.737684 1 64 1.000000
0  -3.482503 -12.183927 -0.013661  -0.000004 0.499996 -0.866027  0.004095 0.737684 1 64 1.000000
lowpoly_metal
0  -3.540585 -12.183927 -0.013660  0.000000 1.000000 0.000000  0.004095 0.737684 1 64 1.000000
0  -3.540585 -12.183927 0.106287  0.000000 1.000000 0.000000  0.004095 0.737684 1 64 1.000000
0  -3.482503 -12.183927 0.106287  0.000000 1.000000 0.000000  0.004095 0.737684 1 64 1.000000
lowpoly_metal
0  -3.540585 -12.331001 0.191200  0.000003 0.499997 0.866027  0.004095 0.737684 1 64 1.000000
0  -3.482503 -12.331001 0.191200  0.000003 0.499997 0.866027  0.004095 0.737684 1 64 1.000000
0  -3.482503 -12.183927 0.106287  0.000003 0.499997 0.866027  0.004095 0.737684 1 64 1.000000
lowpoly_metal
0  -3.540585 -12.478075 0.106287  0.000000 -1.000000 0.000000  0.004095 0.737684 1 64 1.000000
0  -3.540585 -12.478075 -0.097367  0.000000 -1.000000 0.000000  0.004095 0.737684 1 64 1.000000
0  -3.482502 -12.478075 -0.097367  0.000000 -1.000000 0.000000  0.004095 0.737684 1 64 1.000000
lowpoly_metal
0  -3.746079 -12.386640 0.202454  0.000000 1.000000 0.000000  0.004095 0.737684 1 64 1.000000
0  -3.335090 -12.386640 0.202454  0.000000 1.000000 0.000000  0.004095 0.737684 1 64 1.000000
0  -3.335090 -12.386640 -0.019928  0.000000 1.000000 0.000000  0.004095 0.737684 1 64 1.000000
lowpoly_metal
0  -3.335090 -12.386640 0.202454  1.000000 0.000002 0.000000  0.004095 0.737684 1 64 1.000000
0  -3.335090 -12.687209 0.202454  1.000000 0.000002 0.000000  0.004095 0.737684 1 64 1.000000
0  -3.335090 -12.687209 -0.019928  1.000000 0.000002 0.000000  0.004095 0.737684 1 64 1.000000
lowpoly_metal
0  -3.746079 -12.687209 -0.019928  -1.000000 0.000000 -0.000002  0.004095 0.737684 1 64 1.000000
0  -3.746079 -12.946202 -0.019440  -1.000000 0.000000 -0.000002  0.004095 0.737684 1 64 1.000000
0  -3.746079 -12.946202 0.104720  -1.000000 0.000000 -0.000002  0.004095 0.737684 1 64 1.000000
lowpoly_metal
0  -3.746079 -12.687209 0.202454  -1.000000 0.000000 0.000000  0.004095 0.737684 1 64 1.000000
0  -3.746079 -12.386640 0.202454  -1.000000 0.000000 0.000000  0.004095 0.737684 1 64 1.000000
0  -3.746079 -12.386640 -0.019928  -1.000000 0.000000 0.000000  0.004095 0.737684 1 64 1.000000
lowpoly_metal
0  -3.335090 -12.386640 -0.019928  0.000000 0.000000 -1.000000  0.004095 0.737684 1 64 1.000000
0  -3.335090 -12.687209 -0.019928  0.000000 0.000000 -1.000000  0.004095 0.737684 1 64 1.000000
0  -3.746079 -12.687209 -0.019928  0.000000 0.000000 -1.000000  0.004095 0.737684 1 64 1.000000
lowpoly_metal
0  -3.335090 -12.386640 0.202454  0.000000 0.000000 1.000000  0.004095 0.737684 1 64 1.000000
0  -3.746079 -12.386640 0.202454  0.000000 0.000000 1.000000  0.004095 0.737684 1 64 1.000000
0  -3.746079 -12.687209 0.202454  0.000000 0.000000 1.000000  0.004095 0.737684 1 64 1.000000
lowpoly_metal
0  -3.335090 -12.946202 -0.019439  0.000000 0.000000 -1.000000  0.004095 0.737684 1 64 1.000000
0  -3.335089 -14.905758 -0.019440  0.000000 0.000000 -1.000000  0.004095 0.737684 1 64 1.000000
0  -3.746079 -14.905758 -0.019440  0.000000 0.000000 -1.000000  0.004095 0.737684 1 64 1.000000
lowpoly_metal
0  -3.335090 -12.687209 -0.019928  0.000000 -0.001887 -0.999998  0.004095 0.737684 1 64 1.000000
0  -3.335090 -12.946202 -0.019439  0.000000 -0.001887 -0.999998  0.004095 0.737684 1 64 1.000000
0  -3.746079 -12.946202 -0.019440  0.000000 -0.001887 -0.999998  0.004095 0.737684 1 64 1.000000
lowpoly_metal
0  -3.746079 -12.687209 0.202454  -0.000001 -0.353057 0.935602  0.004095 0.737684 1 64 1.000000
0  -3.746079 -12.946202 0.104720  -0.000001 -0.353057 0.935602  0.004095 0.737684 1 64 1.000000
0  -3.335090 -12.946202 0.104721  -0.000001 -0.353057 0.935602  0.004095 0.737684 1 64 1.000000
lowpoly_metal
0  -3.335090 -12.687209 -0.019928  1.000000 0.000000 0.000000  0.004095 0.737684 1 64 1.000000
0  -3.335090 -12.687209 0.202454  1.000000 0.000000 0.000000  0.004095 0.737684 1 64 1.000000
0  -3.335090 -12.946202 0.104721  1.000000 0.000000 0.000000  0.004095 0.737684 1 64 1.000000
lowpoly_metal
0  -3.335089 -14.905758 -0.019440  0.000000 -1.000000 0.000000  0.004095 0.737684 1 64 1.000000
0  -3.335089 -14.905758 0.104721  0.000000 -1.000000 0.000000  0.004095 0.737684 1 64 1.000000
0  -3.746079 -14.905758 0.104721  0.000000 -1.000000 0.000000  0.004095 0.737684 1 64 1.000000
lowpoly_metal
0  -3.746079 -12.946202 0.104720  0.000000 0.000000 1.000000  0.004095 0.737684 1 64 1.000000
0  -3.746079 -14.905758 0.104721  0.000000 0.000000 1.000000  0.004095 0.737684 1 64 1.000000
0  -3.335089 -14.905758 0.104721  0.000000 0.000000 1.000000  0.004095 0.737684 1 64 1.000000
lowpoly_metal
0  -3.335090 -12.946202 0.104721  1.000000 0.000000 0.000000  0.004095 0.737684 1 64 1.000000
0  -3.335089 -14.905758 0.104721  1.000000 0.000000 0.000000  0.004095 0.737684 1 64 1.000000
0  -3.335089 -14.905758 -0.019440  1.000000 0.000000 0.000000  0.004095 0.737684 1 64 1.000000
lowpoly_metal
0  -3.746079 -12.946202 -0.019440  -1.000000 0.000000 0.000002  0.004095 0.737684 1 64 1.000000
0  -3.746079 -14.905758 -0.019440  -1.000000 0.000000 0.000002  0.004095 0.737684 1 64 1.000000
0  -3.746079 -14.905758 0.104721  -1.000000 0.000000 0.000002  0.004095 0.737684 1 64 1.000000
lowpoly_metal
0  -2.736210 -12.764308 -0.934755  0.923879 0.000000 0.382684  0.006035 0.738755 1 68 1.000000
0  -2.971806 -12.764309 -0.365977  0.923879 0.000000 0.382684  0.006035 0.738755 1 68 1.000000
0  -2.971806 -14.418797 -0.365977  0.923879 0.000000 0.382684  0.006035 0.738755 1 68 1.000000
lowpoly_metal
0  -2.971806 -14.418797 -0.365977  0.382684 -0.000000 0.923879  0.006035 0.738755 1 68 1.000000
0  -2.971806 -12.764309 -0.365977  0.382684 -0.000000 0.923879  0.006035 0.738755 1 68 1.000000
0  -3.540584 -12.764309 -0.130381  0.382684 -0.000000 0.923879  0.006035 0.738755 1 68 1.000000
lowpoly_metal
0  -3.540584 -12.764309 -0.130381  -0.382684 -0.000000 0.923879  0.006035 0.738755 1 68 1.000000
0  -4.109363 -12.764309 -0.365977  -0.382684 -0.000000 0.923879  0.006035 0.738755 1 68 1.000000
0  -4.109363 -14.418797 -0.365977  -0.382684 -0.000000 0.923879  0.006035 0.738755 1 68 1.000000
lowpoly_metal
0  -4.109363 -12.764309 -0.365977  -0.923880 0.000000 0.382683  0.006035 0.738755 1 68 1.000000
0  -4.344959 -12.764308 -0.934755  -0.923880 0.000000 0.382683  0.006035 0.738755 1 68 1.000000
0  -4.344959 -14.418797 -0.934756  -0.923880 0.000000 0.382683  0.006035 0.738755 1 68 1.000000
lowpoly_metal
0  -4.344959 -12.764308 -0.934755  -0.923879 -0.000000 -0.382684  0.006035 0.738755 1 68 1.000000
0  -4.109363 -12.764308 -1.503534  -0.923879 -0.000000 -0.382684  0.006035 0.738755 1 68 1.000000
0  -4.109363 -14.418796 -1.503534  -0.923879 -0.000000 -0.382684  0.006035 0.738755 1 68 1.000000
lowpoly_metal
0  -4.109363 -12.764308 -1.503534  -0.382683 0.000000 -0.923880  0.006035 0.738755 1 68 1.000000
0  -3.540584 -12.764308 -1.739130  -0.382683 0.000000 -0.923880  0.006035 0.738755 1 68 1.000000
0  -3.540584 -14.418796 -1.739130  -0.382683 0.000000 -0.923880  0.006035 0.738755 1 68 1.000000
lowpoly_metal
0  -3.540584 -12.764309 -0.130381  0.000000 1.000000 0.000000  0.006035 0.738755 1 68 1.000000
0  -2.971806 -12.764309 -0.365977  0.000000 1.000000 0.000000  0.006035 0.738755 1 68 1.000000
0  -3.341704 -12.764309 -0.326451  0.000000 1.000000 0.000000  0.006035 0.738755 1 68 1.000000
lowpoly_metal
0  -3.540585 -12.764309 -0.211627  0.000000 1.000000 0.000030  0.006035 0.738755 1 68 1.000000
0  -3.540584 -12.764309 -0.130381  0.000000 1.000000 0.000030  0.006035 0.738755 1 68 1.000000
0  -3.341704 -12.764309 -0.326451  0.000000 1.000000 0.000030  0.006035 0.738755 1 68 1.000000
lowpoly_metal
0  -3.341704 -12.764309 -0.326451  0.000000 1.000000 -0.000006  0.006035 0.738755 1 68 1.000000
0  -2.971806 -12.764309 -0.365977  0.000000 1.000000 -0.000006  0.006035 0.738755 1 68 1.000000
0  -3.113218 -12.764309 -0.458367  0.000000 1.000000 -0.000006  0.006035 0.738755 1 68 1.000000
lowpoly_metal
0  -3.341704 -12.764309 -0.326451  0.000002 1.000000 0.000000  0.006035 0.738755 1 68 1.000000
0  -3.113218 -12.764309 -0.458367  0.000002 1.000000 0.000000  0.006035 0.738755 1 68 1.000000
0  -3.312099 -12.764308 -0.573191  0.000002 1.000000 0.000000  0.006035 0.738755 1 68 1.000000
lowpoly_metal
0  -3.540584 -12.764308 -1.198587  -0.000003 1.000000 0.000004  0.006035 0.738755 1 68 1.000000
0  -3.540585 -12.764309 -0.670923  -0.000003 1.000000 0.000004  0.006035 0.738755 1 68 1.000000
0  -3.312099 -12.764308 -0.802839  -0.000003 1.000000 0.000004  0.006035 0.738755 1 68 1.000000
lowpoly_metal
0  -3.341704 -12.764309 -0.556099  -0.000032 1.000000 0.000000  0.006035 0.738755 1 68 1.000000
0  -3.341704 -12.764309 -0.326451  -0.000032 1.000000 0.000000  0.006035 0.738755 1 68 1.000000
0  -3.312099 -12.764308 -0.573191  -0.000032 1.000000 0.000000  0.006035 0.738755 1 68 1.000000
lowpoly_metal
0  -3.312099 -12.764308 -0.802839  0.000000 1.000000 -0.000009  0.006035 0.738755 1 68 1.000000
0  -3.113218 -12.764308 -0.917663  0.000000 1.000000 -0.000009  0.006035 0.738755 1 68 1.000000
0  -3.312099 -12.764308 -1.066671  0.000000 1.000000 -0.000009  0.006035 0.738755 1 68 1.000000
lowpoly_metal
0  -3.341704 -12.764309 -0.556099  -0.000032 1.000000 0.000000  0.006035 0.738755 1 68 1.000000
0  -3.312099 -12.764308 -0.573191  -0.000032 1.000000 0.000000  0.006035 0.738755 1 68 1.000000
0  -3.312099 -12.764308 -0.802839  -0.000032 1.000000 0.000000  0.006035 0.738755 1 68 1.000000
lowpoly_metal
0  -3.341703 -12.764308 -1.313411  0.000000 1.000000 0.000000  0.006035 0.738755 1 68 1.000000
0  -3.540584 -12.764308 -1.198587  0.000000 1.000000 0.000000  0.006035 0.738755 1 68 1.000000
0  -3.312099 -12.764308 -1.066671  0.000000 1.000000 0.000000  0.006035 0.738755 1 68 1.000000
lowpoly_metal
0  -3.540584 -12.764308 -1.739130  0.000000 1.000000 0.000000  0.006035 0.738755 1 68 1.000000
0  -3.540584 -12.764308 -1.657883  0.000000 1.000000 0.000000  0.006035 0.738755 1 68 1.000000
0  -3.341703 -12.764308 -1.543059  0.000000 1.000000 0.000000  0.006035 0.738755 1 68 1.000000
lowpoly_metal
0  -3.540585 -12.764309 -0.670923  -0.000002 1.000000 0.000005  0.006035 0.738755 1 68 1.000000
0  -3.341704 -12.764309 -0.556099  -0.000002 1.000000 0.000005  0.006035 0.738755 1 68 1.000000
0  -3.312099 -12.764308 -0.802839  -0.000002 1.000000 0.000005  0.006035 0.738755 1 68 1.000000
lowpoly_metal
0  -2.971806 -12.764308 -1.503534  0.000000 1.000000 0.000000  0.006035 0.738755 1 68 1.000000
0  -3.540584 -12.764308 -1.739130  0.000000 1.000000 0.000000  0.006035 0.738755 1 68 1.000000
0  -3.341703 -12.764308 -1.543059  0.000000 1.000000 0.000000  0.006035 0.738755 1 68 1.000000
lowpoly_metal
0  -3.341703 -12.764308 -1.543059  0.000000 1.000000 0.000000  0.006035 0.738755 1 68 1.000000
0  -3.341703 -12.764308 -1.313411  0.000000 1.000000 0.000000  0.006035 0.738755 1 68 1.000000
0  -3.312099 -12.764308 -1.296319  0.000000 1.000000 0.000000  0.006035 0.738755 1 68 1.000000
lowpoly_metal
0  -3.113218 -12.764308 -0.917663  0.000000 1.000000 0.000070  0.006035 0.738755 1 68 1.000000
0  -3.113218 -12.764308 -0.951847  0.000000 1.000000 0.000070  0.006035 0.738755 1 68 1.000000
0  -3.312099 -12.764308 -1.066671  0.000000 1.000000 0.000070  0.006035 0.738755 1 68 1.000000
lowpoly_metal
0  -3.312099 -12.764308 -1.296319  0.000000 1.000000 -0.000009  0.006035 0.738755 1 68 1.000000
0  -3.113218 -12.764308 -1.411143  0.000000 1.000000 -0.000009  0.006035 0.738755 1 68 1.000000
0  -3.341703 -12.764308 -1.543059  0.000000 1.000000 -0.000009  0.006035 0.738755 1 68 1.000000
lowpoly_metal
0  -3.312099 -12.764308 -0.802839  0.000000 1.000000 0.000000  0.006035 0.738755 1 68 1.000000
0  -3.312099 -12.764308 -1.066671  0.000000 1.000000 0.000000  0.006035 0.738755 1 68 1.000000
0  -3.540584 -12.764308 -1.198587  0.000000 1.000000 0.000000  0.006035 0.738755 1 68 1.000000
lowpoly_metal
0  -3.113218 -12.764308 -1.411143  0.000000 1.000000 0.000000  0.006035 0.738755 1 68 1.000000
0  -2.971806 -12.764308 -1.503534  0.000000 1.000000 0.000000  0.006035 0.738755 1 68 1.000000
0  -3.341703 -12.764308 -1.543059  0.000000 1.000000 0.000000  0.006035 0.738755 1 68 1.000000
lowpoly_metal
0  -3.540584 -12.764308 -1.739130  0.382684 0.000000 -0.923879  0.006035 0.738755 1 68 1.000000
0  -2.971806 -12.764308 -1.503534  0.382684 0.000000 -0.923879  0.006035 0.738755 1 68 1.000000
0  -2.971806 -14.418796 -1.503534  0.382684 0.000000 -0.923879  0.006035 0.738755 1 68 1.000000
lowpoly_metal
0  -2.971806 -12.764308 -1.503534  0.923879 -0.000000 -0.382684  0.006035 0.738755 1 68 1.000000
0  -2.736210 -12.764308 -0.934755  0.923879 -0.000000 -0.382684  0.006035 0.738755 1 68 1.000000
0  -2.736210 -14.418796 -0.934756  0.923879 -0.000000 -0.382684  0.006035 0.738755 1 68 1.000000
lowpoly_metal
0  -2.971806 -14.418797 -0.365977  0.000000 -1.000000 0.000014  0.006035 0.738755 1 68 1.000000
0  -3.113217 -14.418797 -0.458367  0.000000 -1.000000 0.000014  0.006035 0.738755 1 68 1.000000
0  -2.914336 -14.418797 -0.573191  0.000000 -1.000000 0.000014  0.006035 0.738755 1 68 1.000000
lowpoly_metal
0  -2.914337 -14.418796 -0.802839  0.000005 -1.000000 0.000000  0.006035 0.738755 1 68 1.000000
0  -3.113217 -14.418797 -0.917663  0.000005 -1.000000 0.000000  0.006035 0.738755 1 68 1.000000
0  -2.914337 -14.418796 -1.066672  0.000005 -1.000000 0.000000  0.006035 0.738755 1 68 1.000000
lowpoly_metal
0  -2.736210 -14.418796 -0.934756  0.000012 -1.000000 -0.000015  0.006035 0.738755 1 68 1.000000
0  -2.971806 -14.418797 -0.365977  0.000012 -1.000000 -0.000015  0.006035 0.738755 1 68 1.000000
0  -2.914336 -14.418797 -0.573191  0.000012 -1.000000 -0.000015  0.006035 0.738755 1 68 1.000000
lowpoly_metal
0  -3.113217 -14.418797 -0.917663  0.000005 -1.000000 0.000000  0.006035 0.738755 1 68 1.000000
0  -3.113218 -14.418797 -0.951848  0.000005 -1.000000 0.000000  0.006035 0.738755 1 68 1.000000
0  -2.914337 -14.418796 -1.066672  0.000005 -1.000000 0.000000  0.006035 0.738755 1 68 1.000000
lowpoly_metal
0  -2.736210 -14.418796 -0.934756  -0.000003 -1.000000 -0.000010  0.006035 0.738755 1 68 1.000000
0  -2.914336 -14.418797 -0.573191  -0.000003 -1.000000 -0.000010  0.006035 0.738755 1 68 1.000000
0  -2.914337 -14.418796 -0.802839  -0.000003 -1.000000 -0.000010  0.006035 0.738755 1 68 1.000000
lowpoly_metal
0  -2.914337 -14.418796 -1.296320  0.000006 -1.000000 0.000000  0.006035 0.738755 1 68 1.000000
0  -3.113218 -14.418797 -1.411144  0.000006 -1.000000 0.000000  0.006035 0.738755 1 68 1.000000
0  -2.971806 -14.418796 -1.503534  0.000006 -1.000000 0.000000  0.006035 0.738755 1 68 1.000000
lowpoly_metal
0  -2.914337 -14.418796 -0.802839  0.000000 -1.000000 0.000000  0.006035 0.738755 1 68 1.000000
0  -2.914337 -14.418796 -1.066672  0.000000 -1.000000 0.000000  0.006035 0.738755 1 68 1.000000
0  -2.736210 -14.418796 -0.934756  0.000000 -1.000000 0.000000  0.006035 0.738755 1 68 1.000000
lowpoly_metal
0  -2.914337 -14.418796 -1.296320  0.000000 -1.000000 0.000000  0.006035 0.738755 1 68 1.000000
0  -2.971806 -14.418796 -1.503534  0.000000 -1.000000 0.000000  0.006035 0.738755 1 68 1.000000
0  -2.736210 -14.418796 -0.934756  0.000000 -1.000000 0.000000  0.006035 0.738755 1 68 1.000000
lowpoly_metal
0  -3.312098 -14.418797 -0.802839  0.500001 -0.000000 0.866025  0.006035 0.738755 1 68 1.000000
0  -3.113217 -14.418797 -0.917663  0.500001 -0.000000 0.866025  0.006035 0.738755 1 68 1.000000
0  -3.113218 -12.764308 -0.917663  0.500001 -0.000000 0.866025  0.006035 0.738755 1 68 1.000000
lowpoly_metal
0  -3.967951 -14.418796 -1.411143  -0.500000 0.000000 0.866026  0.006035 0.738755 1 68 1.000000
0  -3.769070 -14.418796 -1.296319  -0.500000 0.000000 0.866026  0.006035 0.738755 1 68 1.000000
0  -3.769070 -12.764308 -1.296319  -0.500000 0.000000 0.866026  0.006035 0.738755 1 68 1.000000
lowpoly_metal
0  -2.914336 -14.418797 -0.573191  -0.499999 -0.000000 -0.866026  0.006035 0.738755 1 68 1.000000
0  -3.113217 -14.418797 -0.458367  -0.499999 -0.000000 -0.866026  0.006035 0.738755 1 68 1.000000
0  -3.113218 -12.764309 -0.458367  -0.499999 -0.000000 -0.866026  0.006035 0.738755 1 68 1.000000
lowpoly_metal
0  -3.113218 -12.764309 -0.458367  0.500001 0.000000 -0.866025  0.006035 0.738755 1 68 1.000000
0  -3.113217 -14.418797 -0.458367  0.500001 0.000000 -0.866025  0.006035 0.738755 1 68 1.000000
0  -3.312098 -14.418797 -0.573192  0.500001 0.000000 -0.866025  0.006035 0.738755 1 68 1.000000
lowpoly_metal
0  -3.769070 -14.418796 -1.296319  -1.000000 0.000000 0.000001  0.006035 0.738755 1 68 1.000000
0  -3.769070 -14.418797 -1.066672  -1.000000 0.000000 0.000001  0.006035 0.738755 1 68 1.000000
0  -3.769070 -12.764308 -1.066672  -1.000000 0.000000 0.000001  0.006035 0.738755 1 68 1.000000
lowpoly_metal
0  -3.540584 -12.764308 -1.198587  0.500000 0.000000 -0.866025  0.006035 0.738755 1 68 1.000000
0  -3.540584 -14.418797 -1.198588  0.500000 0.000000 -0.866025  0.006035 0.738755 1 68 1.000000
0  -3.739465 -14.418796 -1.313412  0.500000 0.000000 -0.866025  0.006035 0.738755 1 68 1.000000
lowpoly_metal
0  -3.341703 -14.418797 -0.556099  -1.000000 -0.000000 0.000000  0.006035 0.738755 1 68 1.000000
0  -3.341703 -14.418796 -0.326451  -1.000000 -0.000000 0.000000  0.006035 0.738755 1 68 1.000000
0  -3.341704 -12.764309 -0.326451  -1.000000 -0.000000 0.000000  0.006035 0.738755 1 68 1.000000
lowpoly_metal
0  -3.769070 -12.764308 -1.066672  -0.500000 0.000000 -0.866026  0.006035 0.738755 1 68 1.000000
0  -3.769070 -14.418797 -1.066672  -0.500000 0.000000 -0.866026  0.006035 0.738755 1 68 1.000000
0  -3.967951 -14.418797 -0.951848  -0.500000 0.000000 -0.866026  0.006035 0.738755 1 68 1.000000
lowpoly_metal
0  -3.312099 -14.418796 -1.066672  1.000000 -0.000000 0.000000  0.006035 0.738755 1 68 1.000000
0  -3.312099 -14.418796 -1.296320  1.000000 -0.000000 0.000000  0.006035 0.738755 1 68 1.000000
0  -3.312099 -12.764308 -1.296319  1.000000 -0.000000 0.000000  0.006035 0.738755 1 68 1.000000
lowpoly_metal
0  -3.341703 -14.418796 -1.543060  -1.000000 0.000000 0.000000  0.006035 0.738755 1 68 1.000000
0  -3.341703 -14.418796 -1.313412  -1.000000 0.000000 0.000000  0.006035 0.738755 1 68 1.000000
0  -3.341703 -12.764308 -1.313411  -1.000000 0.000000 0.000000  0.006035 0.738755 1 68 1.000000
lowpoly_metal
0  -4.109363 -12.764309 -0.365977  0.000000 1.000000 0.000007  0.006035 0.738755 1 68 1.000000
0  -3.540584 -12.764309 -0.130381  0.000000 1.000000 0.000007  0.006035 0.738755 1 68 1.000000
0  -3.739466 -12.764309 -0.326451  0.000000 1.000000 0.000007  0.006035 0.738755 1 68 1.000000
lowpoly_metal
0  -3.540584 -12.764309 -0.130381  0.000000 1.000000 0.000000  0.006035 0.738755 1 68 1.000000
0  -3.540585 -12.764309 -0.211627  0.000000 1.000000 0.000000  0.006035 0.738755 1 68 1.000000
0  -3.739466 -12.764309 -0.326451  0.000000 1.000000 0.000000  0.006035 0.738755 1 68 1.000000
lowpoly_metal
0  -3.769070 -12.764309 -0.573191  0.000000 1.000000 0.000009  0.006035 0.738755 1 68 1.000000
0  -3.967951 -12.764309 -0.458367  0.000000 1.000000 0.000009  0.006035 0.738755 1 68 1.000000
0  -3.739466 -12.764309 -0.326451  0.000000 1.000000 0.000009  0.006035 0.738755 1 68 1.000000
lowpoly_metal
0  -3.967951 -12.764308 -0.951848  -0.000016 1.000000 0.000000  0.006035 0.738755 1 68 1.000000
0  -3.967951 -12.764309 -0.917663  -0.000016 1.000000 0.000000  0.006035 0.738755 1 68 1.000000
0  -3.769070 -12.764309 -0.802839  -0.000016 1.000000 0.000000  0.006035 0.738755 1 68 1.000000
lowpoly_metal
0  -3.967951 -12.764309 -0.458367  0.000000 1.000000 0.000000  0.006035 0.738755 1 68 1.000000
0  -4.109363 -12.764309 -0.365977  0.000000 1.000000 0.000000  0.006035 0.738755 1 68 1.000000
0  -3.739466 -12.764309 -0.326451  0.000000 1.000000 0.000000  0.006035 0.738755 1 68 1.000000
lowpoly_metal
0  -3.769070 -12.764308 -1.066672  0.000002 1.000000 0.000018  0.006035 0.738755 1 68 1.000000
0  -3.967951 -12.764308 -0.951848  0.000002 1.000000 0.000018  0.006035 0.738755 1 68 1.000000
0  -3.769070 -12.764309 -0.802839  0.000002 1.000000 0.000018  0.006035 0.738755 1 68 1.000000
lowpoly_metal
0  -3.769070 -12.764309 -0.802839  0.000000 1.000000 0.000000  0.006035 0.738755 1 68 1.000000
0  -3.769070 -12.764309 -0.573191  0.000000 1.000000 0.000000  0.006035 0.738755 1 68 1.000000
0  -3.739466 -12.764309 -0.556099  0.000000 1.000000 0.000000  0.006035 0.738755 1 68 1.000000
lowpoly_metal
0  -3.739466 -12.764309 -0.556099  0.000000 1.000000 -0.000009  0.006035 0.738755 1 68 1.000000
0  -3.540585 -12.764309 -0.670923  0.000000 1.000000 -0.000009  0.006035 0.738755 1 68 1.000000
0  -3.769070 -12.764309 -0.802839  0.000000 1.000000 -0.000009  0.006035 0.738755 1 68 1.000000
lowpoly_metal
0  -3.769070 -12.764309 -0.573191  0.000000 1.000000 0.000000  0.006035 0.738755 1 68 1.000000
0  -3.739466 -12.764309 -0.326451  0.000000 1.000000 0.000000  0.006035 0.738755 1 68 1.000000
0  -3.739466 -12.764309 -0.556099  0.000000 1.000000 0.000000  0.006035 0.738755 1 68 1.000000
lowpoly_metal
0  -3.769070 -12.764308 -1.066672  -0.000002 1.000000 0.000000  0.006035 0.738755 1 68 1.000000
0  -3.769070 -12.764309 -0.802839  -0.000002 1.000000 0.000000  0.006035 0.738755 1 68 1.000000
0  -3.540585 -12.764309 -0.670923  -0.000002 1.000000 0.000000  0.006035 0.738755 1 68 1.000000
lowpoly_metal
0  -3.540585 -12.764309 -0.670923  0.000001 1.000000 0.000004  0.006035 0.738755 1 68 1.000000
0  -3.540584 -12.764308 -1.198587  0.000001 1.000000 0.000004  0.006035 0.738755 1 68 1.000000
0  -3.769070 -12.764308 -1.066672  0.000001 1.000000 0.000004  0.006035 0.738755 1 68 1.000000
lowpoly_metal
0  -3.739465 -12.764308 -1.543059  0.000000 1.000000 0.000007  0.006035 0.738755 1 68 1.000000
0  -3.540584 -12.764308 -1.657883  0.000000 1.000000 0.000007  0.006035 0.738755 1 68 1.000000
0  -3.540584 -12.764308 -1.739130  0.000000 1.000000 0.000007  0.006035 0.738755 1 68 1.000000
lowpoly_metal
0  -3.540584 -12.764308 -1.198587  0.000000 1.000000 0.000003  0.006035 0.738755 1 68 1.000000
0  -3.739465 -12.764308 -1.313411  0.000000 1.000000 0.000003  0.006035 0.738755 1 68 1.000000
0  -3.769070 -12.764308 -1.066672  0.000000 1.000000 0.000003  0.006035 0.738755 1 68 1.000000
lowpoly_metal
0  -3.769070 -12.764308 -1.296319  0.000000 1.000000 0.000000  0.006035 0.738755 1 68 1.000000
0  -3.769070 -12.764308 -1.066672  0.000000 1.000000 0.000000  0.006035 0.738755 1 68 1.000000
0  -3.739465 -12.764308 -1.313411  0.000000 1.000000 0.000000  0.006035 0.738755 1 68 1.000000
lowpoly_metal
0  -4.109363 -12.764308 -1.503534  0.000000 1.000000 0.000012  0.006035 0.738755 1 68 1.000000
0  -3.967951 -12.764308 -1.411143  0.000000 1.000000 0.000012  0.006035 0.738755 1 68 1.000000
0  -3.739465 -12.764308 -1.543059  0.000000 1.000000 0.000012  0.006035 0.738755 1 68 1.000000
lowpoly_metal
0  -3.739465 -12.764308 -1.543059  0.000000 1.000000 0.000000  0.006035 0.738755 1 68 1.000000
0  -3.540584 -12.764308 -1.739130  0.000000 1.000000 0.000000  0.006035 0.738755 1 68 1.000000
0  -4.109363 -12.764308 -1.503534  0.000000 1.000000 0.000000  0.006035 0.738755 1 68 1.000000
lowpoly_metal
0  -3.769070 -12.764308 -1.296319  0.000000 1.000000 0.000000  0.006035 0.738755 1 68 1.000000
0  -3.739465 -12.764308 -1.313411  0.000000 1.000000 0.000000  0.006035 0.738755 1 68 1.000000
0  -3.739465 -12.764308 -1.543059  0.000000 1.000000 0.000000  0.006035 0.738755 1 68 1.000000
lowpoly_metal
0  -4.109363 -12.764309 -0.365977  0.000000 1.000000 0.000000  0.006035 0.738755 1 68 1.000000
0  -3.967951 -12.764309 -0.458367  0.000000 1.000000 0.000000  0.006035 0.738755 1 68 1.000000
0  -4.166832 -12.764309 -0.573191  0.000000 1.000000 0.000000  0.006035 0.738755 1 68 1.000000
lowpoly_metal
0  -4.166832 -12.764309 -0.802839  0.000002 1.000000 -0.000009  0.006035 0.738755 1 68 1.000000
0  -3.967951 -12.764309 -0.917663  0.000002 1.000000 -0.000009  0.006035 0.738755 1 68 1.000000
0  -4.166831 -12.764308 -1.066672  0.000002 1.000000 -0.000009  0.006035 0.738755 1 68 1.000000
lowpoly_metal
0  -4.344959 -12.764308 -0.934755  0.000012 1.000000 0.000015  0.006035 0.738755 1 68 1.000000
0  -4.109363 -12.764309 -0.365977  0.000012 1.000000 0.000015  0.006035 0.738755 1 68 1.000000
0  -4.166832 -12.764309 -0.573191  0.000012 1.000000 0.000015  0.006035 0.738755 1 68 1.000000
lowpoly_metal
0  -3.967951 -12.764309 -0.917663  -0.000016 1.000000 0.000140  0.006035 0.738755 1 68 1.000000
0  -3.967951 -12.764308 -0.951848  -0.000016 1.000000 0.000140  0.006035 0.738755 1 68 1.000000
0  -4.166831 -12.764308 -1.066672  -0.000016 1.000000 0.000140  0.006035 0.738755 1 68 1.000000
lowpoly_metal
0  -4.344959 -12.764308 -0.934755  0.000005 1.000000 0.000000  0.006035 0.738755 1 68 1.000000
0  -4.166832 -12.764309 -0.573191  0.000005 1.000000 0.000000  0.006035 0.738755 1 68 1.000000
0  -4.166832 -12.764309 -0.802839  0.000005 1.000000 0.000000  0.006035 0.738755 1 68 1.000000
lowpoly_metal
0  -4.166831 -12.764308 -1.296319  0.000000 1.000000 0.000007  0.006035 0.738755 1 68 1.000000
0  -3.967951 -12.764308 -1.411143  0.000000 1.000000 0.000007  0.006035 0.738755 1 68 1.000000
0  -4.109363 -12.764308 -1.503534  0.000000 1.000000 0.000007  0.006035 0.738755 1 68 1.000000
lowpoly_metal
0  -4.166832 -12.764309 -0.802839  0.000003 1.000000 0.000010  0.006035 0.738755 1 68 1.000000
0  -4.166831 -12.764308 -1.066672  0.000003 1.000000 0.000010  0.006035 0.738755 1 68 1.000000
0  -4.344959 -12.764308 -0.934755  0.000003 1.000000 0.000010  0.006035 0.738755 1 68 1.000000
lowpoly_metal
0  -4.166831 -12.764308 -1.296319  0.000000 1.000000 0.000000  0.006035 0.738755 1 68 1.000000
0  -4.109363 -12.764308 -1.503534  0.000000 1.000000 0.000000  0.006035 0.738755 1 68 1.000000
0  -4.344959 -12.764308 -0.934755  0.000000 1.000000 0.000000  0.006035 0.738755 1 68 1.000000
lowpoly_metal
0  -2.971806 -12.764308 -1.503534  0.000000 1.000000 0.000000  0.006035 0.738755 1 68 1.000000
0  -3.113218 -12.764308 -1.411143  0.000000 1.000000 0.000000  0.006035 0.738755 1 68 1.000000
0  -2.914337 -12.764308 -1.296319  0.000000 1.000000 0.000000  0.006035 0.738755 1 68 1.000000
lowpoly_metal
0  -2.914336 -12.764308 -1.066671  0.000000 1.000000 0.000000  0.006035 0.738755 1 68 1.000000
0  -3.113218 -12.764308 -0.951847  0.000000 1.000000 0.000000  0.006035 0.738755 1 68 1.000000
0  -2.914337 -12.764308 -0.802839  0.000000 1.000000 0.000000  0.006035 0.738755 1 68 1.000000
lowpoly_metal
0  -2.736210 -12.764308 -0.934755  0.000000 1.000000 0.000000  0.006035 0.738755 1 68 1.000000
0  -2.971806 -12.764308 -1.503534  0.000000 1.000000 0.000000  0.006035 0.738755 1 68 1.000000
0  -2.914337 -12.764308 -1.296319  0.000000 1.000000 0.000000  0.006035 0.738755 1 68 1.000000
lowpoly_metal
0  -3.113218 -12.764308 -0.951847  0.000000 1.000000 -0.000070  0.006035 0.738755 1 68 1.000000
0  -3.113218 -12.764308 -0.917663  0.000000 1.000000 -0.000070  0.006035 0.738755 1 68 1.000000
0  -2.914337 -12.764308 -0.802839  0.000000 1.000000 -0.000070  0.006035 0.738755 1 68 1.000000
lowpoly_metal
0  -2.736210 -12.764308 -0.934755  0.000000 1.000000 -0.000003  0.006035 0.738755 1 68 1.000000
0  -2.914337 -12.764308 -1.296319  0.000000 1.000000 -0.000003  0.006035 0.738755 1 68 1.000000
0  -2.914336 -12.764308 -1.066671  0.000000 1.000000 -0.000003  0.006035 0.738755 1 68 1.000000
lowpoly_metal
0  -2.914337 -12.764309 -0.573191  0.000000 1.000000 0.000007  0.006035 0.738755 1 68 1.000000
0  -3.113218 -12.764309 -0.458367  0.000000 1.000000 0.000007  0.006035 0.738755 1 68 1.000000
0  -2.971806 -12.764309 -0.365977  0.000000 1.000000 0.000007  0.006035 0.738755 1 68 1.000000
lowpoly_metal
0  -2.914336 -12.764308 -1.066671  0.000000 1.000000 0.000010  0.006035 0.738755 1 68 1.000000
0  -2.914337 -12.764308 -0.802839  0.000000 1.000000 0.000010  0.006035 0.738755 1 68 1.000000
0  -2.736210 -12.764308 -0.934755  0.000000 1.000000 0.000010  0.006035 0.738755 1 68 1.000000
lowpoly_metal
0  -2.914337 -12.764309 -0.573191  -0.000012 1.000000 0.000000  0.006035 0.738755 1 68 1.000000
0  -2.971806 -12.764309 -0.365977  -0.000012 1.000000 0.000000  0.006035 0.738755 1 68 1.000000
0  -2.736210 -12.764308 -0.934755  -0.000012 1.000000 0.000000  0.006035 0.738755 1 68 1.000000
lowpoly_metal
0  -3.540584 -14.418797 -0.211627  0.500001 0.000000 -0.866025  0.006035 0.738755 1 68 1.000000
0  -3.739465 -14.418797 -0.326451  0.500001 0.000000 -0.866025  0.006035 0.738755 1 68 1.000000
0  -3.739466 -12.764309 -0.326451  0.500001 0.000000 -0.866025  0.006035 0.738755 1 68 1.000000
lowpoly_metal
0  -2.914336 -12.764308 -1.066671  -0.500001 0.000001 -0.866025  0.006035 0.738755 1 68 1.000000
0  -2.914337 -14.418796 -1.066672  -0.500001 0.000001 -0.866025  0.006035 0.738755 1 68 1.000000
0  -3.113218 -14.418797 -0.951848  -0.500001 0.000001 -0.866025  0.006035 0.738755 1 68 1.000000
lowpoly_metal
0  -3.540584 -14.418796 -1.739130  0.000000 -1.000000 0.000000  0.006035 0.738755 1 68 1.000000
0  -2.971806 -14.418796 -1.503534  0.000000 -1.000000 0.000000  0.006035 0.738755 1 68 1.000000
0  -3.341703 -14.418796 -1.543060  0.000000 -1.000000 0.000000  0.006035 0.738755 1 68 1.000000
lowpoly_metal
0  -3.540584 -14.418796 -1.657884  0.000000 -1.000000 0.000000  0.006035 0.738755 1 68 1.000000
0  -3.540584 -14.418796 -1.739130  0.000000 -1.000000 0.000000  0.006035 0.738755 1 68 1.000000
0  -3.341703 -14.418796 -1.543060  0.000000 -1.000000 0.000000  0.006035 0.738755 1 68 1.000000
lowpoly_metal
0  -3.341703 -14.418796 -1.543060  0.000001 -1.000000 -0.000012  0.006035 0.738755 1 68 1.000000
0  -2.971806 -14.418796 -1.503534  0.000001 -1.000000 -0.000012  0.006035 0.738755 1 68 1.000000
0  -3.113218 -14.418797 -1.411144  0.000001 -1.000000 -0.000012  0.006035 0.738755 1 68 1.000000
lowpoly_metal
0  -3.341703 -14.418796 -1.543060  -0.000004 -1.000000 0.000000  0.006035 0.738755 1 68 1.000000
0  -3.113218 -14.418797 -1.411144  -0.000004 -1.000000 0.000000  0.006035 0.738755 1 68 1.000000
0  -3.312099 -14.418796 -1.296320  -0.000004 -1.000000 0.000000  0.006035 0.738755 1 68 1.000000
lowpoly_metal
0  -3.540584 -14.418797 -0.670923  0.000004 -1.000000 0.000000  0.006035 0.738755 1 68 1.000000
0  -3.540584 -14.418797 -1.198588  0.000004 -1.000000 0.000000  0.006035 0.738755 1 68 1.000000
0  -3.312099 -14.418796 -1.066672  0.000004 -1.000000 0.000000  0.006035 0.738755 1 68 1.000000
lowpoly_metal
0  -3.341703 -14.418796 -1.313412  0.000000 -1.000000 0.000000  0.006035 0.738755 1 68 1.000000
0  -3.341703 -14.418796 -1.543060  0.000000 -1.000000 0.000000  0.006035 0.738755 1 68 1.000000
0  -3.312099 -14.418796 -1.296320  0.000000 -1.000000 0.000000  0.006035 0.738755 1 68 1.000000
lowpoly_metal
0  -3.312099 -14.418796 -1.066672  -0.000003 -1.000000 0.000000  0.006035 0.738755 1 68 1.000000
0  -3.113218 -14.418797 -0.951848  -0.000003 -1.000000 0.000000  0.006035 0.738755 1 68 1.000000
0  -3.312098 -14.418797 -0.802839  -0.000003 -1.000000 0.000000  0.006035 0.738755 1 68 1.000000
lowpoly_metal
0  -3.341703 -14.418796 -1.313412  0.000000 -1.000000 0.000000  0.006035 0.738755 1 68 1.000000
0  -3.312099 -14.418796 -1.296320  0.000000 -1.000000 0.000000  0.006035 0.738755 1 68 1.000000
0  -3.312099 -14.418796 -1.066672  0.000000 -1.000000 0.000000  0.006035 0.738755 1 68 1.000000
lowpoly_metal
0  -3.341703 -14.418797 -0.556099  0.000000 -1.000000 0.000000  0.006035 0.738755 1 68 1.000000
0  -3.540584 -14.418797 -0.670923  0.000000 -1.000000 0.000000  0.006035 0.738755 1 68 1.000000
0  -3.312098 -14.418797 -0.802839  0.000000 -1.000000 0.000000  0.006035 0.738755 1 68 1.000000
lowpoly_metal
0  -3.540584 -14.418797 -0.130381  0.000005 -1.000000 0.000000  0.006035 0.738755 1 68 1.000000
0  -3.540584 -14.418797 -0.211627  0.000005 -1.000000 0.000000  0.006035 0.738755 1 68 1.000000
0  -3.341703 -14.418796 -0.326451  0.000005 -1.000000 0.000000  0.006035 0.738755 1 68 1.000000
lowpoly_metal
0  -3.540584 -14.418797 -1.198588  0.000004 -1.000000 -0.000003  0.006035 0.738755 1 68 1.000000
0  -3.341703 -14.418796 -1.313412  0.000004 -1.000000 -0.000003  0.006035 0.738755 1 68 1.000000
0  -3.312099 -14.418796 -1.066672  0.000004 -1.000000 -0.000003  0.006035 0.738755 1 68 1.000000
lowpoly_metal
0  -2.971806 -14.418797 -0.365977  -0.000003 -1.000000 -0.000007  0.006035 0.738755 1 68 1.000000
0  -3.540584 -14.418797 -0.130381  -0.000003 -1.000000 -0.000007  0.006035 0.738755 1 68 1.000000
0  -3.341703 -14.418796 -0.326451  -0.000003 -1.000000 -0.000007  0.006035 0.738755 1 68 1.000000
lowpoly_metal
0  -3.341703 -14.418796 -0.326451  0.000002 -1.000000 0.000000  0.006035 0.738755 1 68 1.000000
0  -3.341703 -14.418797 -0.556099  0.000002 -1.000000 0.000000  0.006035 0.738755 1 68 1.000000
0  -3.312098 -14.418797 -0.573192  0.000002 -1.000000 0.000000  0.006035 0.738755 1 68 1.000000
lowpoly_metal
0  -3.113218 -14.418797 -0.951848  0.000000 -1.000000 0.000000  0.006035 0.738755 1 68 1.000000
0  -3.113217 -14.418797 -0.917663  0.000000 -1.000000 0.000000  0.006035 0.738755 1 68 1.000000
0  -3.312098 -14.418797 -0.802839  0.000000 -1.000000 0.000000  0.006035 0.738755 1 68 1.000000
lowpoly_metal
0  -3.312098 -14.418797 -0.573192  -0.000002 -1.000000 -0.000009  0.006035 0.738755 1 68 1.000000
0  -3.113217 -14.418797 -0.458367  -0.000002 -1.000000 -0.000009  0.006035 0.738755 1 68 1.000000
0  -3.341703 -14.418796 -0.326451  -0.000002 -1.000000 -0.000009  0.006035 0.738755 1 68 1.000000
lowpoly_metal
0  -3.312099 -14.418796 -1.066672  -0.000002 -1.000000 0.000000  0.006035 0.738755 1 68 1.000000
0  -3.312098 -14.418797 -0.802839  -0.000002 -1.000000 0.000000  0.006035 0.738755 1 68 1.000000
0  -3.540584 -14.418797 -0.670923  -0.000002 -1.000000 0.000000  0.006035 0.738755 1 68 1.000000
lowpoly_metal
0  -3.113217 -14.418797 -0.458367  -0.000002 -1.000000 0.000024  0.006035 0.738755 1 68 1.000000
0  -2.971806 -14.418797 -0.365977  -0.000002 -1.000000 0.000024  0.006035 0.738755 1 68 1.000000
0  -3.341703 -14.418796 -0.326451  -0.000002 -1.000000 0.000024  0.006035 0.738755 1 68 1.000000
lowpoly_metal
0  -4.109363 -14.418796 -1.503534  0.000000 -1.000000 -0.000007  0.006035 0.738755 1 68 1.000000
0  -3.540584 -14.418796 -1.739130  0.000000 -1.000000 -0.000007  0.006035 0.738755 1 68 1.000000
0  -3.739465 -14.418796 -1.543060  0.000000 -1.000000 -0.000007  0.006035 0.738755 1 68 1.000000
lowpoly_metal
0  -3.540584 -14.418796 -1.739130  0.000000 -1.000000 0.000000  0.006035 0.738755 1 68 1.000000
0  -3.540584 -14.418796 -1.657884  0.000000 -1.000000 0.000000  0.006035 0.738755 1 68 1.000000
0  -3.739465 -14.418796 -1.543060  0.000000 -1.000000 0.000000  0.006035 0.738755 1 68 1.000000
lowpoly_metal
0  -3.769070 -14.418796 -1.296319  0.000000 -1.000000 0.000000  0.006035 0.738755 1 68 1.000000
0  -3.967951 -14.418796 -1.411143  0.000000 -1.000000 0.000000  0.006035 0.738755 1 68 1.000000
0  -3.739465 -14.418796 -1.543060  0.000000 -1.000000 0.000000  0.006035 0.738755 1 68 1.000000
lowpoly_metal
0  -3.967951 -14.418797 -0.917663  0.000000 -1.000000 0.000000  0.006035 0.738755 1 68 1.000000
0  -3.967951 -14.418797 -0.951848  0.000000 -1.000000 0.000000  0.006035 0.738755 1 68 1.000000
0  -3.769070 -14.418797 -1.066672  0.000000 -1.000000 0.000000  0.006035 0.738755 1 68 1.000000
lowpoly_metal
0  -3.967951 -14.418796 -1.411143  0.000000 -1.000000 0.000000  0.006035 0.738755 1 68 1.000000
0  -4.109363 -14.418796 -1.503534  0.000000 -1.000000 0.000000  0.006035 0.738755 1 68 1.000000
0  -3.739465 -14.418796 -1.543060  0.000000 -1.000000 0.000000  0.006035 0.738755 1 68 1.000000
lowpoly_metal
0  -3.769070 -14.418797 -0.802839  0.000000 -1.000000 -0.000009  0.006035 0.738755 1 68 1.000000
0  -3.967951 -14.418797 -0.917663  0.000000 -1.000000 -0.000009  0.006035 0.738755 1 68 1.000000
0  -3.769070 -14.418797 -1.066672  0.000000 -1.000000 -0.000009  0.006035 0.738755 1 68 1.000000
lowpoly_metal
0  -3.769070 -14.418797 -1.066672  -0.000002 -1.000000 -0.000009  0.006035 0.738755 1 68 1.000000
0  -3.769070 -14.418796 -1.296319  -0.000002 -1.000000 -0.000009  0.006035 0.738755 1 68 1.000000
0  -3.739465 -14.418796 -1.313412  -0.000002 -1.000000 -0.000009  0.006035 0.738755 1 68 1.000000
lowpoly_metal
0  -3.739465 -14.418796 -1.313412  -0.000002 -1.000000 -0.000009  0.006035 0.738755 1 68 1.000000
0  -3.540584 -14.418797 -1.198588  -0.000002 -1.000000 -0.000009  0.006035 0.738755 1 68 1.000000
0  -3.769070 -14.418797 -1.066672  -0.000002 -1.000000 -0.000009  0.006035 0.738755 1 68 1.000000
lowpoly_metal
0  -3.769070 -14.418796 -1.296319  0.000000 -1.000000 0.000000  0.006035 0.738755 1 68 1.000000
0  -3.739465 -14.418796 -1.543060  0.000000 -1.000000 0.000000  0.006035 0.738755 1 68 1.000000
0  -3.739465 -14.418796 -1.313412  0.000000 -1.000000 0.000000  0.006035 0.738755 1 68 1.000000
lowpoly_metal
0  -3.769070 -14.418797 -0.802839  0.000000 -1.000000 0.000008  0.006035 0.738755 1 68 1.000000
0  -3.769070 -14.418797 -1.066672  0.000000 -1.000000 0.000008  0.006035 0.738755 1 68 1.000000
0  -3.540584 -14.418797 -1.198588  0.000000 -1.000000 0.000008  0.006035 0.738755 1 68 1.000000
lowpoly_metal
0  -3.540584 -14.418797 -1.198588  0.000000 -1.000000 -0.000004  0.006035 0.738755 1 68 1.000000
0  -3.540584 -14.418797 -0.670923  0.000000 -1.000000 -0.000004  0.006035 0.738755 1 68 1.000000
0  -3.769070 -14.418797 -0.802839  0.000000 -1.000000 -0.000004  0.006035 0.738755 1 68 1.000000
lowpoly_metal
0  -3.739465 -14.418797 -0.326451  0.000000 -1.000000 0.000017  0.006035 0.738755 1 68 1.000000
0  -3.540584 -14.418797 -0.211627  0.000000 -1.000000 0.000017  0.006035 0.738755 1 68 1.000000
0  -3.540584 -14.418797 -0.130381  0.000000 -1.000000 0.000017  0.006035 0.738755 1 68 1.000000
lowpoly_metal
0  -3.540584 -14.418797 -0.670923  0.000000 -1.000000 0.000002  0.006035 0.738755 1 68 1.000000
0  -3.739465 -14.418797 -0.556099  0.000000 -1.000000 0.000002  0.006035 0.738755 1 68 1.000000
0  -3.769070 -14.418797 -0.802839  0.000000 -1.000000 0.000002  0.006035 0.738755 1 68 1.000000
lowpoly_metal
0  -3.769070 -14.418797 -0.573191  0.000000 -1.000000 0.000000  0.006035 0.738755 1 68 1.000000
0  -3.769070 -14.418797 -0.802839  0.000000 -1.000000 0.000000  0.006035 0.738755 1 68 1.000000
0  -3.739465 -14.418797 -0.556099  0.000000 -1.000000 0.000000  0.006035 0.738755 1 68 1.000000
lowpoly_metal
0  -4.109363 -14.418797 -0.365977  0.000000 -1.000000 0.000000  0.006035 0.738755 1 68 1.000000
0  -3.967951 -14.418797 -0.458367  0.000000 -1.000000 0.000000  0.006035 0.738755 1 68 1.000000
0  -3.739465 -14.418797 -0.326451  0.000000 -1.000000 0.000000  0.006035 0.738755 1 68 1.000000
lowpoly_metal
0  -3.739465 -14.418797 -0.326451  0.000000 -1.000000 0.000000  0.006035 0.738755 1 68 1.000000
0  -3.540584 -14.418797 -0.130381  0.000000 -1.000000 0.000000  0.006035 0.738755 1 68 1.000000
0  -4.109363 -14.418797 -0.365977  0.000000 -1.000000 0.000000  0.006035 0.738755 1 68 1.000000
lowpoly_metal
0  -3.769070 -14.418797 -0.573191  0.000000 -1.000000 0.000000  0.006035 0.738755 1 68 1.000000
0  -3.739465 -14.418797 -0.556099  0.000000 -1.000000 0.000000  0.006035 0.738755 1 68 1.000000
0  -3.739465 -14.418797 -0.326451  0.000000 -1.000000 0.000000  0.006035 0.738755 1 68 1.000000
lowpoly_metal
0  -4.109363 -14.418796 -1.503534  0.000003 -1.000000 -0.000014  0.006035 0.738755 1 68 1.000000
0  -3.967951 -14.418796 -1.411143  0.000003 -1.000000 -0.000014  0.006035 0.738755 1 68 1.000000
0  -4.166832 -14.418797 -1.296319  0.000003 -1.000000 -0.000014  0.006035 0.738755 1 68 1.000000
lowpoly_metal
0  -4.166832 -14.418797 -1.066672  0.000000 -1.000000 0.000000  0.006035 0.738755 1 68 1.000000
0  -3.967951 -14.418797 -0.951848  0.000000 -1.000000 0.000000  0.006035 0.738755 1 68 1.000000
0  -4.166831 -14.418797 -0.802839  0.000000 -1.000000 0.000000  0.006035 0.738755 1 68 1.000000
lowpoly_metal
0  -4.344959 -14.418797 -0.934756  -0.000021 -1.000000 0.000015  0.006035 0.738755 1 68 1.000000
0  -4.109363 -14.418796 -1.503534  -0.000021 -1.000000 0.000015  0.006035 0.738755 1 68 1.000000
0  -4.166832 -14.418797 -1.296319  -0.000021 -1.000000 0.000015  0.006035 0.738755 1 68 1.000000
lowpoly_metal
0  -3.967951 -14.418797 -0.951848  0.000000 -1.000000 0.000000  0.006035 0.738755 1 68 1.000000
0  -3.967951 -14.418797 -0.917663  0.000000 -1.000000 0.000000  0.006035 0.738755 1 68 1.000000
0  -4.166831 -14.418797 -0.802839  0.000000 -1.000000 0.000000  0.006035 0.738755 1 68 1.000000
lowpoly_metal
0  -4.344959 -14.418797 -0.934756  0.000000 -1.000000 0.000000  0.006035 0.738755 1 68 1.000000
0  -4.166832 -14.418797 -1.296319  0.000000 -1.000000 0.000000  0.006035 0.738755 1 68 1.000000
0  -4.166832 -14.418797 -1.066672  0.000000 -1.000000 0.000000  0.006035 0.738755 1 68 1.000000
lowpoly_metal
0  -4.166831 -14.418797 -0.573191  0.000000 -1.000000 -0.000014  0.006035 0.738755 1 68 1.000000
0  -3.967951 -14.418797 -0.458367  0.000000 -1.000000 -0.000014  0.006035 0.738755 1 68 1.000000
0  -4.109363 -14.418797 -0.365977  0.000000 -1.000000 -0.000014  0.006035 0.738755 1 68 1.000000
lowpoly_metal
0  -4.166832 -14.418797 -1.066672  0.000000 -1.000000 0.000000  0.006035 0.738755 1 68 1.000000
0  -4.166831 -14.418797 -0.802839  0.000000 -1.000000 0.000000  0.006035 0.738755 1 68 1.000000
0  -4.344959 -14.418797 -0.934756  0.000000 -1.000000 0.000000  0.006035 0.738755 1 68 1.000000
lowpoly_metal
0  -4.166831 -14.418797 -0.573191  0.000000 -1.000000 -0.000030  0.006035 0.738755 1 68 1.000000
0  -4.109363 -14.418797 -0.365977  0.000000 -1.000000 -0.000030  0.006035 0.738755 1 68 1.000000
0  -4.344959 -14.418797 -0.934756  0.000000 -1.000000 -0.000030  0.006035 0.738755 1 68 1.000000
lowpoly_metal
0  -3.739466 -12.764309 -0.326451  1.000000 0.000001 0.000000  0.006035 0.738755 1 68 1.000000
0  -3.739465 -14.418797 -0.326451  1.000000 0.000001 0.000000  0.006035 0.738755 1 68 1.000000
0  -3.739465 -14.418797 -0.556099  1.000000 0.000001 0.000000  0.006035 0.738755 1 68 1.000000
lowpoly_metal
0  -3.967951 -14.418797 -0.458367  0.500000 0.000000 -0.866025  0.006035 0.738755 1 68 1.000000
0  -4.166831 -14.418797 -0.573191  0.500000 0.000000 -0.866025  0.006035 0.738755 1 68 1.000000
0  -4.166832 -12.764309 -0.573191  0.500000 0.000000 -0.866025  0.006035 0.738755 1 68 1.000000
lowpoly_metal
0  -3.341703 -14.418796 -1.313412  -0.500000 0.000001 -0.866025  0.006035 0.738755 1 68 1.000000
0  -3.540584 -14.418797 -1.198588  -0.500000 0.000001 -0.866025  0.006035 0.738755 1 68 1.000000
0  -3.540584 -12.764308 -1.198587  -0.500000 0.000001 -0.866025  0.006035 0.738755 1 68 1.000000
lowpoly_metal
0  -3.739465 -14.418796 -1.313412  1.000000 -0.000001 0.000000  0.006035 0.738755 1 68 1.000000
0  -3.739465 -14.418796 -1.543060  1.000000 -0.000001 0.000000  0.006035 0.738755 1 68 1.000000
0  -3.739465 -12.764308 -1.543059  1.000000 -0.000001 0.000000  0.006035 0.738755 1 68 1.000000
lowpoly_metal
0  -4.166831 -12.764308 -1.296319  0.499998 0.000000 0.866027  0.006035 0.738755 1 68 1.000000
0  -4.166832 -14.418797 -1.296319  0.499998 0.000000 0.866027  0.006035 0.738755 1 68 1.000000
0  -3.967951 -14.418796 -1.411143  0.499998 0.000000 0.866027  0.006035 0.738755 1 68 1.000000
lowpoly_metal
0  -3.967951 -14.418797 -0.951848  0.499999 -0.000000 -0.866026  0.006035 0.738755 1 68 1.000000
0  -4.166832 -14.418797 -1.066672  0.499999 -0.000000 -0.866026  0.006035 0.738755 1 68 1.000000
0  -4.166831 -12.764308 -1.066672  0.499999 -0.000000 -0.866026  0.006035 0.738755 1 68 1.000000
lowpoly_metal
0  -2.914337 -12.764308 -0.802839  -1.000000 -0.000000 0.000002  0.006035 0.738755 1 68 1.000000
0  -2.914337 -14.418796 -0.802839  -1.000000 -0.000000 0.000002  0.006035 0.738755 1 68 1.000000
0  -2.914336 -14.418797 -0.573191  -1.000000 -0.000000 0.000002  0.006035 0.738755 1 68 1.000000
lowpoly_metal
0  -2.914337 -14.418796 -1.296320  -1.000000 -0.000000 0.000000  0.006035 0.738755 1 68 1.000000
0  -2.914337 -14.418796 -1.066672  -1.000000 -0.000000 0.000000  0.006035 0.738755 1 68 1.000000
0  -2.914336 -12.764308 -1.066671  -1.000000 -0.000000 0.000000  0.006035 0.738755 1 68 1.000000
lowpoly_metal
0  -3.113218 -12.764308 -1.411143  -0.499999 -0.000000 0.866026  0.006035 0.738755 1 68 1.000000
0  -3.113218 -14.418797 -1.411144  -0.499999 -0.000000 0.866026  0.006035 0.738755 1 68 1.000000
0  -2.914337 -14.418796 -1.296320  -0.499999 -0.000000 0.866026  0.006035 0.738755 1 68 1.000000
lowpoly_metal
0  -3.341703 -14.418796 -0.326451  -0.499999 -0.000000 -0.866026  0.006035 0.738755 1 68 1.000000
0  -3.540584 -14.418797 -0.211627  -0.499999 -0.000000 -0.866026  0.006035 0.738755 1 68 1.000000
0  -3.540585 -12.764309 -0.211627  -0.499999 -0.000000 -0.866026  0.006035 0.738755 1 68 1.000000
lowpoly_metal
0  -3.540584 -14.418797 -0.670923  -0.499999 -0.000000 0.866026  0.006035 0.738755 1 68 1.000000
0  -3.341703 -14.418797 -0.556099  -0.499999 -0.000000 0.866026  0.006035 0.738755 1 68 1.000000
0  -3.341704 -12.764309 -0.556099  -0.499999 -0.000000 0.866026  0.006035 0.738755 1 68 1.000000
lowpoly_metal
0  -3.967951 -14.418797 -0.917663  -0.499999 0.000000 0.866026  0.006035 0.738755 1 68 1.000000
0  -3.769070 -14.418797 -0.802839  -0.499999 0.000000 0.866026  0.006035 0.738755 1 68 1.000000
0  -3.769070 -12.764309 -0.802839  -0.499999 0.000000 0.866026  0.006035 0.738755 1 68 1.000000
lowpoly_metal
0  -3.312098 -14.418797 -0.573192  1.000000 0.000001 0.000000  0.006035 0.738755 1 68 1.000000
0  -3.312098 -14.418797 -0.802839  1.000000 0.000001 0.000000  0.006035 0.738755 1 68 1.000000
0  -3.312099 -12.764308 -0.802839  1.000000 0.000001 0.000000  0.006035 0.738755 1 68 1.000000
lowpoly_metal
0  -3.113218 -14.418797 -0.951848  0.500001 0.000000 -0.866025  0.006035 0.738755 1 68 1.000000
0  -3.312099 -14.418796 -1.066672  0.500001 0.000000 -0.866025  0.006035 0.738755 1 68 1.000000
0  -3.312099 -12.764308 -1.066671  0.500001 0.000000 -0.866025  0.006035 0.738755 1 68 1.000000
lowpoly_metal
0  -4.166831 -12.764308 -1.066672  1.000000 -0.000000 0.000000  0.006035 0.738755 1 68 1.000000
0  -4.166832 -14.418797 -1.066672  1.000000 -0.000000 0.000000  0.006035 0.738755 1 68 1.000000
0  -4.166832 -14.418797 -1.296319  1.000000 -0.000000 0.000000  0.006035 0.738755 1 68 1.000000
lowpoly_metal
0  -3.739465 -14.418796 -1.543060  0.500001 -0.000000 0.866025  0.006035 0.738755 1 68 1.000000
0  -3.540584 -14.418796 -1.657884  0.500001 -0.000000 0.866025  0.006035 0.738755 1 68 1.000000
0  -3.540584 -12.764308 -1.657883  0.500001 -0.000000 0.866025  0.006035 0.738755 1 68 1.000000
lowpoly_metal
0  -3.113217 -14.418797 -0.917663  -0.500001 -0.000000 0.866025  0.006035 0.738755 1 68 1.000000
0  -2.914337 -14.418796 -0.802839  -0.500001 -0.000000 0.866025  0.006035 0.738755 1 68 1.000000
0  -2.914337 -12.764308 -0.802839  -0.500001 -0.000000 0.866025  0.006035 0.738755 1 68 1.000000
lowpoly_metal
0  -3.739465 -14.418797 -0.556099  0.500000 0.000000 0.866025  0.006035 0.738755 1 68 1.000000
0  -3.540584 -14.418797 -0.670923  0.500000 0.000000 0.866025  0.006035 0.738755 1 68 1.000000
0  -3.540585 -12.764309 -0.670923  0.500000 0.000000 0.866025  0.006035 0.738755 1 68 1.000000
lowpoly_metal
0  -3.312099 -14.418796 -1.296320  0.500000 -0.000000 0.866026  0.006035 0.738755 1 68 1.000000
0  -3.113218 -14.418797 -1.411144  0.500000 -0.000000 0.866026  0.006035 0.738755 1 68 1.000000
0  -3.113218 -12.764308 -1.411143  0.500000 -0.000000 0.866026  0.006035 0.738755 1 68 1.000000
lowpoly_metal
0  -3.769070 -14.418797 -0.573191  -0.500000 -0.000000 -0.866025  0.006035 0.738755 1 68 1.000000
0  -3.967951 -14.418797 -0.458367  -0.500000 -0.000000 -0.866025  0.006035 0.738755 1 68 1.000000
0  -3.967951 -12.764309 -0.458367  -0.500000 -0.000000 -0.866025  0.006035 0.738755 1 68 1.000000
lowpoly_metal
0  -3.540584 -14.418796 -1.657884  -0.500000 0.000000 0.866025  0.006035 0.738755 1 68 1.000000
0  -3.341703 -14.418796 -1.543060  -0.500000 0.000000 0.866025  0.006035 0.738755 1 68 1.000000
0  -3.341703 -12.764308 -1.543059  -0.500000 0.000000 0.866025  0.006035 0.738755 1 68 1.000000
lowpoly_metal
0  -3.769070 -14.418797 -0.802839  -1.000000 -0.000000 0.000000  0.006035 0.738755 1 68 1.000000
0  -3.769070 -14.418797 -0.573191  -1.000000 -0.000000 0.000000  0.006035 0.738755 1 68 1.000000
0  -3.769070 -12.764309 -0.573191  -1.000000 -0.000000 0.000000  0.006035 0.738755 1 68 1.000000
lowpoly_metal
0  -4.166832 -12.764309 -0.573191  1.000000 0.000001 0.000000  0.006035 0.738755 1 68 1.000000
0  -4.166831 -14.418797 -0.573191  1.000000 0.000001 0.000000  0.006035 0.738755 1 68 1.000000
0  -4.166831 -14.418797 -0.802839  1.000000 0.000001 0.000000  0.006035 0.738755 1 68 1.000000
lowpoly_metal
0  -4.166831 -14.418797 -0.802839  0.500000 0.000000 0.866026  0.006035 0.738755 1 68 1.000000
0  -3.967951 -14.418797 -0.917663  0.500000 0.000000 0.866026  0.006035 0.738755 1 68 1.000000
0  -3.967951 -12.764309 -0.917663  0.500000 0.000000 0.866026  0.006035 0.738755 1 68 1.000000
lowpoly_metal
0  -3.362154 -15.041738 -2.123429  0.000000 -0.000000 1.000000  0.006192 0.735583 1 64 1.000000
0  -3.362154 -14.494767 -2.123429  0.000000 -0.000000 1.000000  0.006192 0.735583 1 64 1.000000
0  -3.395064 -15.041738 -2.123429  0.000000 -0.000000 1.000000  0.006192 0.735583 1 64 1.000000
lowpoly_metal
0  -3.544080 -14.494767 -2.123429  0.000000 -0.000000 1.000000  0.006192 0.735583 1 64 1.000000
0  -3.544080 -15.041738 -2.123429  0.000000 -0.000000 1.000000  0.006192 0.735583 1 64 1.000000
0  -3.540584 -15.041738 -2.123429  0.000000 -0.000000 1.000000  0.006192 0.735583 1 64 1.000000
lowpoly_metal
0  -3.395064 -15.041738 -2.123429  0.000000 -0.000000 1.000000  0.006192 0.735583 1 64 1.000000
0  -3.362154 -14.494767 -2.123429  0.000000 -0.000000 1.000000  0.006192 0.735583 1 64 1.000000
0  -3.544080 -14.494767 -2.123429  0.000000 -0.000000 1.000000  0.006192 0.735583 1 64 1.000000
lowpoly_metal
0  -3.544080 -14.494767 -1.740808  0.000000 -1.000000 0.000000  0.006192 0.735583 1 64 1.000000
0  -3.544080 -14.494767 -2.123429  0.000000 -1.000000 0.000000  0.006192 0.735583 1 64 1.000000
0  -3.540584 -14.494767 -1.740808  0.000000 -1.000000 0.000000  0.006192 0.735583 1 64 1.000000
lowpoly_metal
0  -3.362154 -14.494767 -2.123429  0.000000 -1.000000 0.000000  0.006192 0.735583 1 64 1.000000
0  -3.362154 -14.494767 -1.740808  0.000000 -1.000000 0.000000  0.006192 0.735583 1 64 1.000000
0  -3.540584 -14.494767 -1.740808  0.000000 -1.000000 0.000000  0.006192 0.735583 1 64 1.000000
lowpoly_metal
0  -3.240544 -14.494767 -2.123428  0.000000 -1.000000 0.000000  0.006192 0.735583 1 64 1.000000
0  -3.240544 -14.494767 -1.740808  0.000000 -1.000000 0.000000  0.006192 0.735583 1 64 1.000000
0  -3.362154 -14.494767 -1.740808  0.000000 -1.000000 0.000000  0.006192 0.735583 1 64 1.000000
lowpoly_metal
0  -3.840625 -10.796972 -2.010668  -1.000000 0.000000 0.000000  0.006192 0.735583 1 64 1.000000
0  -3.840625 -10.910878 -1.740807  -1.000000 0.000000 0.000000  0.006192 0.735583 1 64 1.000000
0  -3.840625 -10.599953 -1.740807  -1.000000 0.000000 0.000000  0.006192 0.735583 1 64 1.000000
lowpoly_metal
0  -3.840624 -12.750235 -1.740808  -1.000000 0.000000 -0.000001  0.006192 0.735583 1 64 1.000000
0  -3.840625 -11.940991 -1.740808  -1.000000 0.000000 -0.000001  0.006192 0.735583 1 64 1.000000
0  -3.840624 -11.940991 -2.137364  -1.000000 0.000000 -0.000001  0.006192 0.735583 1 64 1.000000
lowpoly_metal
0  -3.840624 -12.750235 -1.740808  -1.000000 -0.000000 0.000000  0.006192 0.735583 1 64 1.000000
0  -3.840624 -12.750235 -1.259960  -1.000000 -0.000000 0.000000  0.006192 0.735583 1 64 1.000000
0  -3.840624 -11.940991 -1.259960  -1.000000 -0.000000 0.000000  0.006192 0.735583 1 64 1.000000
lowpoly_metal
0  -3.840624 -14.524118 -2.137364  -1.000000 0.000000 0.000000  0.006192 0.735583 1 64 1.000000
0  -3.840624 -14.724261 -2.278703  -1.000000 0.000000 0.000000  0.006192 0.735583 1 64 1.000000
0  -3.840624 -15.041738 -2.137364  -1.000000 0.000000 0.000000  0.006192 0.735583 1 64 1.000000
lowpoly_metal
0  -3.840624 -13.782097 -1.740808  -1.000000 -0.000004 0.000000  0.006192 0.735583 1 64 1.000000
0  -3.840624 -13.631670 -1.740808  -1.000000 -0.000004 0.000000  0.006192 0.735583 1 64 1.000000
0  -3.840624 -13.631670 -2.137364  -1.000000 -0.000004 0.000000  0.006192 0.735583 1 64 1.000000
lowpoly_metal
0  -3.840624 -13.631670 -2.137364  0.000000 0.000000 -1.000000  0.006192 0.735583 1 64 1.000000
0  -3.840624 -12.988933 -2.137364  0.000000 0.000000 -1.000000  0.006192 0.735583 1 64 1.000000
0  -3.540584 -12.988933 -2.137364  0.000000 0.000000 -1.000000  0.006192 0.735583 1 64 1.000000
lowpoly_metal
0  -3.840624 -13.631670 -1.740808  -1.000000 0.000000 0.000000  0.006192 0.735583 1 64 1.000000
0  -3.840624 -12.988933 -1.740808  -1.000000 0.000000 0.000000  0.006192 0.735583 1 64 1.000000
0  -3.840624 -12.988933 -2.137364  -1.000000 0.000000 0.000000  0.006192 0.735583 1 64 1.000000
lowpoly_metal
0  -3.840624 -12.489320 -2.580682  0.000000 -0.972529 -0.232780  0.006192 0.735583 1 64 1.000000
0  -3.840625 -12.420794 -2.866972  0.000000 -0.972529 -0.232780  0.006192 0.735583 1 64 1.000000
0  -3.540584 -12.420794 -2.866972  0.000000 -0.972529 -0.232780  0.006192 0.735583 1 64 1.000000
lowpoly_metal
0  -3.840624 -12.619501 -2.308358  0.000000 -0.902210 -0.431296  0.006192 0.735583 1 64 1.000000
0  -3.840624 -12.489320 -2.580682  0.000000 -0.902210 -0.431296  0.006192 0.735583 1 64 1.000000
0  -3.540584 -12.489320 -2.580682  0.000000 -0.902210 -0.431296  0.006192 0.735583 1 64 1.000000
lowpoly_metal
0  -3.840624 -11.940991 -2.359023  -1.000000 0.000000 0.000000  0.006192 0.735583 1 64 1.000000
0  -3.840624 -11.940991 -2.580682  -1.000000 0.000000 0.000000  0.006192 0.735583 1 64 1.000000
0  -3.840624 -12.364423 -2.580682  -1.000000 0.000000 0.000000  0.006192 0.735583 1 64 1.000000
lowpoly_metal
0  -3.840624 -11.940991 -2.137364  -1.000000 -0.000000 0.000000  0.006192 0.735583 1 64 1.000000
0  -3.840624 -11.940991 -2.359023  -1.000000 -0.000000 0.000000  0.006192 0.735583 1 64 1.000000
0  -3.840624 -12.464952 -2.319899  -1.000000 -0.000000 0.000000  0.006192 0.735583 1 64 1.000000
lowpoly_metal
0  -3.840624 -12.988933 -2.137364  0.000000 -0.420046 -0.907503  0.006192 0.735583 1 64 1.000000
0  -3.840624 -12.619501 -2.308358  0.000000 -0.420046 -0.907503  0.006192 0.735583 1 64 1.000000
0  -3.540584 -12.619501 -2.308358  0.000000 -0.420046 -0.907503  0.006192 0.735583 1 64 1.000000
lowpoly_metal
0  -3.840624 -13.782097 -2.137364  -1.000000 0.000000 0.000000  0.006192 0.735583 1 64 1.000000
0  -3.840624 -13.631670 -2.137364  -1.000000 0.000000 0.000000  0.006192 0.735583 1 64 1.000000
0  -3.840624 -13.941289 -2.295692  -1.000000 0.000000 0.000000  0.006192 0.735583 1 64 1.000000
lowpoly_metal
0  -3.840624 -14.524118 -2.137364  -1.000000 0.000000 0.000000  0.006192 0.735583 1 64 1.000000
0  -3.840624 -14.292082 -2.137364  -1.000000 0.000000 0.000000  0.006192 0.735583 1 64 1.000000
0  -3.840624 -14.581944 -2.277397  -1.000000 0.000000 0.000000  0.006192 0.735583 1 64 1.000000
lowpoly_metal
0  -3.840624 -14.724261 -2.278703  0.000000 0.009182 -0.999958  0.006192 0.735583 1 64 1.000000
0  -3.840624 -14.581944 -2.277397  0.000000 0.009182 -0.999958  0.006192 0.735583 1 64 1.000000
0  -3.686103 -14.581944 -2.277397  0.000000 0.009182 -0.999958  0.006192 0.735583 1 64 1.000000
lowpoly_metal
0  -3.840624 -14.507286 -1.740808  -1.000000 0.000000 -0.000001  0.006192 0.735583 1 64 1.000000
0  -3.840624 -14.292081 -1.740808  -1.000000 0.000000 -0.000001  0.006192 0.735583 1 64 1.000000
0  -3.840624 -14.292082 -2.137364  -1.000000 0.000000 -0.000001  0.006192 0.735583 1 64 1.000000
lowpoly_metal
0  -3.686103 -14.182254 -2.577164  0.000000 -0.965297 -0.261153  0.006192 0.735583 1 64 1.000000
0  -3.840624 -14.182254 -2.577164  0.000000 -0.965297 -0.261153  0.006192 0.735583 1 64 1.000000
0  -3.771923 -14.086066 -2.932703  0.000000 -0.965297 -0.261153  0.006192 0.735583 1 64 1.000000
lowpoly_metal
0  -3.840624 -14.017012 -2.314125  -1.000000 0.000000 0.000001  0.006192 0.735583 1 64 1.000000
0  -3.840624 -13.941289 -2.295692  -1.000000 0.000000 0.000001  0.006192 0.735583 1 64 1.000000
0  -3.840624 -14.046841 -2.577164  -1.000000 0.000000 0.000001  0.006192 0.735583 1 64 1.000000
lowpoly_metal
0  -3.840624 -14.273732 -2.376616  0.000000 -0.909818 -0.415008  0.006192 0.735583 1 64 1.000000
0  -3.840624 -14.182254 -2.577164  0.000000 -0.909818 -0.415008  0.006192 0.735583 1 64 1.000000
0  -3.686103 -14.182254 -2.577164  0.000000 -0.909818 -0.415008  0.006192 0.735583 1 64 1.000000
lowpoly_metal
0  -3.840624 -14.581944 -2.277397  0.000000 -0.306428 -0.951894  0.006192 0.735583 1 64 1.000000
0  -3.840624 -14.273732 -2.376616  0.000000 -0.306428 -0.951894  0.006192 0.735583 1 64 1.000000
0  -3.686103 -14.273732 -2.376616  0.000000 -0.306428 -0.951894  0.006192 0.735583 1 64 1.000000
lowpoly_metal
0  -3.840624 -14.077685 -2.577164  -0.976824 0.000000 -0.214046  0.006192 0.735583 1 64 1.000000
0  -3.840624 -14.046841 -2.577164  -0.976824 0.000000 -0.214046  0.006192 0.735583 1 64 1.000000
0  -3.771923 -13.998188 -2.890707  -0.976824 0.000000 -0.214046  0.006192 0.735583 1 64 1.000000
lowpoly_metal
0  -3.771923 -13.865223 -3.236119  0.000005 -0.491708 -0.870760  0.006192 0.735583 1 64 1.000000
0  -3.771923 -13.524395 -3.428580  0.000005 -0.491708 -0.870760  0.006192 0.735583 1 64 1.000000
0  -3.652783 -13.524395 -3.428579  0.000005 -0.491708 -0.870760  0.006192 0.735583 1 64 1.000000
lowpoly_metal
0  -3.652783 -14.086066 -2.932703  0.000000 -0.808511 -0.588481  0.006192 0.735583 1 64 1.000000
0  -3.771923 -14.086066 -2.932703  0.000000 -0.808511 -0.588481  0.006192 0.735583 1 64 1.000000
0  -3.771923 -13.865223 -3.236119  0.000000 -0.808511 -0.588481  0.006192 0.735583 1 64 1.000000
lowpoly_metal
0  -3.771923 -14.018205 -2.900273  -1.000000 -0.000017 0.000001  0.006192 0.735583 1 64 1.000000
0  -3.771923 -13.998188 -2.890707  -1.000000 -0.000017 0.000001  0.006192 0.735583 1 64 1.000000
0  -3.771923 -13.814788 -3.150225  -1.000000 -0.000017 0.000001  0.006192 0.735583 1 64 1.000000
lowpoly_metal
0  -3.771923 -13.827281 -3.173346  -1.000000 0.000000 -0.000008  0.006192 0.735583 1 64 1.000000
0  -3.771923 -13.814788 -3.150225  -1.000000 0.000000 -0.000008  0.006192 0.735583 1 64 1.000000
0  -3.771923 -13.491919 -3.334871  -1.000000 0.000000 -0.000008  0.006192 0.735583 1 64 1.000000
lowpoly_metal
0  -3.771923 -13.130715 -3.506777  0.000000 -0.004663 -0.999989  0.006192 0.735583 1 64 1.000000
0  -3.771923 -12.749867 -3.508553  0.000000 -0.004663 -0.999989  0.006192 0.735583 1 64 1.000000
0  -3.652783 -12.749867 -3.508553  0.000000 -0.004663 -0.999989  0.006192 0.735583 1 64 1.000000
lowpoly_metal
0  -3.652783 -13.524395 -3.428579  0.000005 -0.194825 -0.980838  0.006192 0.735583 1 64 1.000000
0  -3.771923 -13.524395 -3.428580  0.000005 -0.194825 -0.980838  0.006192 0.735583 1 64 1.000000
0  -3.771923 -13.130715 -3.506777  0.000005 -0.194825 -0.980838  0.006192 0.735583 1 64 1.000000
lowpoly_metal
0  -3.771923 -13.491919 -3.334871  -1.000000 -0.000007 -0.000018  0.006192 0.735583 1 64 1.000000
0  -3.771923 -13.119421 -3.407657  -1.000000 -0.000007 -0.000018  0.006192 0.735583 1 64 1.000000
0  -3.771923 -13.122844 -3.433713  -1.000000 -0.000007 -0.000018  0.006192 0.735583 1 64 1.000000
lowpoly_metal
0  -3.771923 -12.782626 -3.410202  -1.000000 -0.000010 0.000000  0.006192 0.735583 1 64 1.000000
0  -3.771923 -12.506859 -3.203016  -1.000000 -0.000010 0.000000  0.006192 0.735583 1 64 1.000000
0  -3.771923 -12.487896 -3.221210  -1.000000 -0.000010 0.000000  0.006192 0.735583 1 64 1.000000
lowpoly_metal
0  -3.771923 -13.122844 -3.433713  -1.000000 -0.000000 -0.000018  0.006192 0.735583 1 64 1.000000
0  -3.771923 -13.119421 -3.407657  -1.000000 -0.000000 -0.000018  0.006192 0.735583 1 64 1.000000
0  -3.771923 -12.782626 -3.410202  -1.000000 -0.000000 -0.000018  0.006192 0.735583 1 64 1.000000
lowpoly_metal
0  -3.652783 -12.749867 -3.508553  0.000000 0.586837 -0.809705  0.006192 0.735583 1 64 1.000000
0  -3.771923 -12.749867 -3.508553  0.000000 0.586837 -0.809705  0.006192 0.735583 1 64 1.000000
0  -3.771923 -12.436163 -3.281196  0.000000 0.586837 -0.809705  0.006192 0.735583 1 64 1.000000
lowpoly_metal
0  -3.686104 -12.313784 -2.910101  0.000000 0.662170 -0.749354  0.006192 0.735583 1 64 1.000000
0  -3.840624 -12.313784 -2.910101  0.000000 0.662170 -0.749354  0.006192 0.735583 1 64 1.000000
0  -3.840624 -11.940991 -2.580682  0.000000 0.662170 -0.749354  0.006192 0.735583 1 64 1.000000
lowpoly_metal
0  -3.771923 -12.436163 -3.281196  0.000000 0.949690 -0.313190  0.006192 0.735583 1 64 1.000000
0  -3.840624 -12.313784 -2.910101  0.000000 0.949690 -0.313190  0.006192 0.735583 1 64 1.000000
0  -3.686104 -12.313784 -2.910101  0.000000 0.949690 -0.313190  0.006192 0.735583 1 64 1.000000
lowpoly_metal
0  -3.771923 -12.506859 -3.203016  -0.980620 -0.073223 -0.181720  0.006192 0.735583 1 64 1.000000
0  -3.840625 -12.420794 -2.866972  -0.980620 -0.073223 -0.181720  0.006192 0.735583 1 64 1.000000
0  -3.840624 -12.396420 -2.876796  -0.980620 -0.073223 -0.181720  0.006192 0.735583 1 64 1.000000
lowpoly_metal
0  -3.840624 -12.364423 -2.580682  -1.000000 0.000000 0.000000  0.006192 0.735583 1 64 1.000000
0  -3.840624 -11.940991 -2.580682  -1.000000 0.000000 0.000000  0.006192 0.735583 1 64 1.000000
0  -3.840624 -12.313784 -2.910101  -1.000000 0.000000 0.000000  0.006192 0.735583 1 64 1.000000
lowpoly_metal
0  -3.840624 -12.364423 -2.580682  -1.000000 0.000005 -0.000001  0.006192 0.735583 1 64 1.000000
0  -3.840624 -12.396420 -2.876796  -1.000000 0.000005 -0.000001  0.006192 0.735583 1 64 1.000000
0  -3.840625 -12.420794 -2.866972  -1.000000 0.000005 -0.000001  0.006192 0.735583 1 64 1.000000
lowpoly_metal
0  -3.771923 -12.487896 -3.221210  -0.981647 -0.071295 -0.176878  0.006192 0.735583 1 64 1.000000
0  -3.840624 -12.396420 -2.876796  -0.981647 -0.071295 -0.176878  0.006192 0.735583 1 64 1.000000
0  -3.840624 -12.313784 -2.910101  -0.981647 -0.071295 -0.176878  0.006192 0.735583 1 64 1.000000
lowpoly_metal
0  -3.771923 -13.130715 -3.506777  -1.000000 -0.000002 0.000003  0.006192 0.735583 1 64 1.000000
0  -3.771923 -13.122844 -3.433713  -1.000000 -0.000002 0.000003  0.006192 0.735583 1 64 1.000000
0  -3.771923 -12.771145 -3.433841  -1.000000 -0.000002 0.000003  0.006192 0.735583 1 64 1.000000
lowpoly_metal
0  -3.771923 -12.771145 -3.433841  -1.000000 -0.000001 -0.000000  0.006192 0.735583 1 64 1.000000
0  -3.771923 -12.487896 -3.221210  -1.000000 -0.000001 -0.000000  0.006192 0.735583 1 64 1.000000
0  -3.771923 -12.436163 -3.281196  -1.000000 -0.000001 -0.000000  0.006192 0.735583 1 64 1.000000
lowpoly_metal
0  -3.771923 -13.500320 -3.359772  -1.000000 0.000002 0.000003  0.006192 0.735583 1 64 1.000000
0  -3.771923 -13.122844 -3.433713  -1.000000 0.000002 0.000003  0.006192 0.735583 1 64 1.000000
0  -3.771923 -13.130715 -3.506777  -1.000000 0.000002 0.000003  0.006192 0.735583 1 64 1.000000
lowpoly_metal
0  -3.771923 -13.827281 -3.173346  -1.000000 -0.000004 0.000000  0.006192 0.735583 1 64 1.000000
0  -3.771923 -13.500320 -3.359772  -1.000000 -0.000004 0.000000  0.006192 0.735583 1 64 1.000000
0  -3.771923 -13.524395 -3.428580  -1.000000 -0.000004 0.000000  0.006192 0.735583 1 64 1.000000
lowpoly_metal
0  -3.771923 -14.086066 -2.932703  -1.000000 0.000000 0.000000  0.006192 0.735583 1 64 1.000000
0  -3.771923 -14.018205 -2.900273  -1.000000 0.000000 0.000000  0.006192 0.735583 1 64 1.000000
0  -3.771923 -13.827281 -3.173346  -1.000000 0.000000 0.000000  0.006192 0.735583 1 64 1.000000
lowpoly_metal
0  -3.840624 -14.077685 -2.577164  -0.977336 0.091271 -0.191008  0.006192 0.735583 1 64 1.000000
0  -3.771923 -14.018205 -2.900273  -0.977336 0.091271 -0.191008  0.006192 0.735583 1 64 1.000000
0  -3.771923 -14.086066 -2.932703  -0.977336 0.091271 -0.191008  0.006192 0.735583 1 64 1.000000
lowpoly_metal
0  -3.840624 -14.087215 -2.291525  -1.000000 -0.000003 0.000000  0.006192 0.735583 1 64 1.000000
0  -3.840624 -14.017012 -2.314125  -1.000000 -0.000003 0.000000  0.006192 0.735583 1 64 1.000000
0  -3.840624 -14.273732 -2.376616  -1.000000 -0.000003 0.000000  0.006192 0.735583 1 64 1.000000
lowpoly_metal
0  -3.840624 -14.273732 -2.376616  -1.000000 0.000000 0.000001  0.006192 0.735583 1 64 1.000000
0  -3.840624 -14.017012 -2.314125  -1.000000 0.000000 0.000001  0.006192 0.735583 1 64 1.000000
0  -3.840624 -14.077685 -2.577164  -1.000000 0.000000 0.000001  0.006192 0.735583 1 64 1.000000
lowpoly_metal
0  -3.840624 -14.292082 -2.137364  -1.000000 0.000000 -0.000001  0.006192 0.735583 1 64 1.000000
0  -3.840624 -13.782097 -2.137364  -1.000000 0.000000 -0.000001  0.006192 0.735583 1 64 1.000000
0  -3.840624 -14.087215 -2.291525  -1.000000 0.000000 -0.000001  0.006192 0.735583 1 64 1.000000
lowpoly_metal
0  -3.840624 -12.750235 -2.137364  -1.000000 -0.000003 0.000000  0.006192 0.735583 1 64 1.000000
0  -3.840624 -12.464952 -2.319899  -1.000000 -0.000003 0.000000  0.006192 0.735583 1 64 1.000000
0  -3.840624 -12.619501 -2.308358  -1.000000 -0.000003 0.000000  0.006192 0.735583 1 64 1.000000
lowpoly_metal
0  -3.840624 -12.464952 -2.319899  -1.000000 0.000000 0.000000  0.006192 0.735583 1 64 1.000000
0  -3.840624 -12.364423 -2.580682  -1.000000 0.000000 0.000000  0.006192 0.735583 1 64 1.000000
0  -3.840624 -12.489320 -2.580682  -1.000000 0.000000 0.000000  0.006192 0.735583 1 64 1.000000
lowpoly_metal
0  -3.840624 -14.292081 -1.740808  -1.000000 0.000000 0.000000  0.006192 0.735583 1 64 1.000000
0  -3.840624 -13.782097 -1.740808  -1.000000 0.000000 0.000000  0.006192 0.735583 1 64 1.000000
0  -3.840624 -13.782097 -2.137364  -1.000000 0.000000 0.000000  0.006192 0.735583 1 64 1.000000
lowpoly_metal
0  -3.840624 -12.988933 -1.740808  -1.000000 0.000000 0.000000  0.006192 0.735583 1 64 1.000000
0  -3.840624 -12.750235 -1.740808  -1.000000 0.000000 0.000000  0.006192 0.735583 1 64 1.000000
0  -3.840624 -12.750235 -2.137364  -1.000000 0.000000 0.000000  0.006192 0.735583 1 64 1.000000
lowpoly_metal
0  -3.840625 -12.547924 -0.406748  -1.000000 0.000001 0.000000  0.006192 0.735583 1 64 1.000000
0  -3.840625 -12.750235 -0.122344  -1.000000 0.000001 0.000000  0.006192 0.735583 1 64 1.000000
0  -3.840624 -12.334766 -0.122344  -1.000000 0.000001 0.000000  0.006192 0.735583 1 64 1.000000
lowpoly_metal
0  -3.840625 -10.619276 -1.320614  -1.000000 0.000000 -0.000001  0.006192 0.735583 1 64 1.000000
0  -3.840625 -10.599953 -1.740807  -1.000000 0.000000 -0.000001  0.006192 0.735583 1 64 1.000000
0  -3.840625 -10.910878 -1.740807  -1.000000 0.000000 -0.000001  0.006192 0.735583 1 64 1.000000
lowpoly_metal
0  -3.840625 -10.910878 -1.740807  -1.000000 -0.000000 0.000000  0.006192 0.735583 1 64 1.000000
0  -3.840625 -11.940991 -1.740808  -1.000000 -0.000000 0.000000  0.006192 0.735583 1 64 1.000000
0  -3.840624 -11.940991 -1.259960  -1.000000 -0.000000 0.000000  0.006192 0.735583 1 64 1.000000
lowpoly_metal
0  -3.840624 -11.940991 -1.259960  -1.000000 -0.000000 0.000000  0.006192 0.735583 1 64 1.000000
0  -3.840625 -10.692320 -1.242582  -1.000000 -0.000000 0.000000  0.006192 0.735583 1 64 1.000000
0  -3.840625 -10.910878 -1.740807  -1.000000 -0.000000 0.000000  0.006192 0.735583 1 64 1.000000
lowpoly_metal
0  -3.686104 -10.993700 -1.152463  0.000000 0.286489 0.958084  0.006192 0.735583 1 64 1.000000
0  -3.840625 -10.993700 -1.152463  0.000000 0.286489 0.958084  0.006192 0.735583 1 64 1.000000
0  -3.840625 -11.295080 -1.062343  0.000000 0.286489 0.958084  0.006192 0.735583 1 64 1.000000
lowpoly_metal
0  -3.840624 -12.334766 -0.122344  0.000000 1.000000 0.000000  0.006192 0.735583 1 64 1.000000
0  -3.840624 -12.334766 -0.044565  0.000000 1.000000 0.000000  0.006192 0.735583 1 64 1.000000
0  -3.686104 -12.334766 -0.044565  0.000000 1.000000 0.000000  0.006192 0.735583 1 64 1.000000
lowpoly_metal
0  -3.840624 -12.134218 -0.445450  0.000000 0.849642 0.527360  0.006192 0.735583 1 64 1.000000
0  -3.840624 -12.334766 -0.122344  0.000000 0.849642 0.527360  0.006192 0.735583 1 64 1.000000
0  -3.686104 -12.334766 -0.122344  0.000000 0.849642 0.527360  0.006192 0.735583 1 64 1.000000
lowpoly_metal
0  -3.686104 -11.295080 -1.062343  0.000000 0.463768 0.885957  0.006192 0.735583 1 64 1.000000
0  -3.840625 -11.295080 -1.062343  0.000000 0.463768 0.885957  0.006192 0.735583 1 64 1.000000
0  -3.840624 -11.782378 -0.807259  0.000000 0.463768 0.885957  0.006192 0.735583 1 64 1.000000
lowpoly_metal
0  -3.686104 -11.782378 -0.807259  0.000000 0.716916 0.697160  0.006192 0.735583 1 64 1.000000
0  -3.840624 -11.782378 -0.807259  0.000000 0.716916 0.697160  0.006192 0.735583 1 64 1.000000
0  -3.840624 -12.134218 -0.445450  0.000000 0.716916 0.697160  0.006192 0.735583 1 64 1.000000
lowpoly_metal
0  -3.840624 -12.750235 -1.117758  -1.000000 0.000000 0.000000  0.006192 0.735583 1 64 1.000000
0  -3.840624 -12.750235 -0.975556  -1.000000 0.000000 0.000000  0.006192 0.735583 1 64 1.000000
0  -3.840625 -12.143302 -0.975556  -1.000000 0.000000 0.000000  0.006192 0.735583 1 64 1.000000
lowpoly_metal
0  -3.840624 -12.750235 -0.975556  -1.000000 0.000000 0.000000  0.006192 0.735583 1 64 1.000000
0  -3.840624 -12.750235 -0.691152  -1.000000 0.000000 0.000000  0.006192 0.735583 1 64 1.000000
0  -3.840624 -12.345613 -0.691152  -1.000000 0.000000 0.000000  0.006192 0.735583 1 64 1.000000
lowpoly_metal
0  -3.840624 -12.750235 -0.691152  -1.000000 0.000000 0.000000  0.006192 0.735583 1 64 1.000000
0  -3.840624 -12.750235 -0.406748  -1.000000 0.000000 0.000000  0.006192 0.735583 1 64 1.000000
0  -3.840625 -12.547924 -0.406748  -1.000000 0.000000 0.000000  0.006192 0.735583 1 64 1.000000
lowpoly_metal
0  -3.840625 -10.599953 -1.740807  -0.000000 0.998944 0.045940  0.006192 0.735583 1 64 1.000000
0  -3.840625 -10.619276 -1.320614  -0.000000 0.998944 0.045940  0.006192 0.735583 1 64 1.000000
0  -3.686104 -10.619276 -1.320614  -0.000000 0.998944 0.045940  0.006192 0.735583 1 64 1.000000
lowpoly_metal
0  -3.840625 -12.143302 -0.975556  -1.000000 0.000000 0.000001  0.006192 0.735583 1 64 1.000000
0  -3.840624 -12.345613 -0.691152  -1.000000 0.000000 0.000001  0.006192 0.735583 1 64 1.000000
0  -3.840624 -11.782378 -0.807259  -1.000000 0.000000 0.000001  0.006192 0.735583 1 64 1.000000
lowpoly_metal
0  -3.840624 -12.345613 -0.691152  -1.000000 0.000000 -0.000000  0.006192 0.735583 1 64 1.000000
0  -3.840625 -12.547924 -0.406748  -1.000000 0.000000 -0.000000  0.006192 0.735583 1 64 1.000000
0  -3.840624 -12.134218 -0.445450  -1.000000 0.000000 -0.000000  0.006192 0.735583 1 64 1.000000
lowpoly_metal
0  -3.840624 -12.042147 -1.117758  -1.000000 -0.000001 -0.000002  0.006192 0.735583 1 64 1.000000
0  -3.840625 -12.143302 -0.975556  -1.000000 -0.000001 -0.000002  0.006192 0.735583 1 64 1.000000
0  -3.840625 -11.295080 -1.062343  -1.000000 -0.000001 -0.000002  0.006192 0.735583 1 64 1.000000
lowpoly_metal
0  -3.686104 -12.334766 -0.044565  0.000000 1.000000 0.000017  0.006192 0.735583 1 64 1.000000
0  -3.840624 -12.334766 -0.044565  0.000000 1.000000 0.000017  0.006192 0.735583 1 64 1.000000
0  -3.751486 -12.334766 0.046138  0.000000 1.000000 0.000017  0.006192 0.735583 1 64 1.000000
lowpoly_metal
0  -3.840625 -14.506701 -0.044565  -0.713232 0.000000 0.700928  0.006192 0.735583 1 64 1.000000
0  -3.840625 -15.217511 -0.044565  -0.713232 0.000000 0.700928  0.006192 0.735583 1 64 1.000000
0  -3.751486 -15.217511 0.046138  -0.713232 0.000000 0.700928  0.006192 0.735583 1 64 1.000000
lowpoly_metal
0  -3.840625 -12.750235 -0.122344  -1.000000 -0.000001 0.000003  0.006192 0.735583 1 64 1.000000
0  -3.840624 -12.750235 -0.044565  -1.000000 -0.000001 0.000003  0.006192 0.735583 1 64 1.000000
0  -3.840624 -12.334766 -0.044565  -1.000000 -0.000001 0.000003  0.006192 0.735583 1 64 1.000000
lowpoly_metal
0  -3.540584 -13.941289 -2.295692  0.000000 0.936326 -0.351131  0.006192 0.735583 1 64 1.000000
0  -3.540584 -14.046841 -2.577164  0.000000 0.936326 -0.351131  0.006192 0.735583 1 64 1.000000
0  -3.840624 -14.046841 -2.577164  0.000000 0.936326 -0.351131  0.006192 0.735583 1 64 1.000000
lowpoly_metal
0  -3.840625 -14.506701 -0.122344  -1.000000 0.000000 0.000000  0.006192 0.735583 1 64 1.000000
0  -3.840625 -15.217511 -0.122344  -1.000000 0.000000 0.000000  0.006192 0.735583 1 64 1.000000
0  -3.840625 -15.217511 -0.044565  -1.000000 0.000000 0.000000  0.006192 0.735583 1 64 1.000000
lowpoly_metal
0  -3.540584 -13.631670 -2.137364  0.000000 0.455292 -0.890342  0.006192 0.735583 1 64 1.000000
0  -3.540584 -13.941289 -2.295692  0.000000 0.455292 -0.890342  0.006192 0.735583 1 64 1.000000
0  -3.840624 -13.941289 -2.295692  0.000000 0.455292 -0.890342  0.006192 0.735583 1 64 1.000000
lowpoly_metal
0  -3.642871 -12.334766 0.046138  -0.000002 0.000000 1.000000  0.006192 0.735583 1 64 1.000000
0  -3.751486 -12.334766 0.046138  -0.000002 0.000000 1.000000  0.006192 0.735583 1 64 1.000000
0  -3.751486 -12.750235 0.046138  -0.000002 0.000000 1.000000  0.006192 0.735583 1 64 1.000000
lowpoly_metal
0  -3.751486 -14.506701 0.046138  0.000000 0.000000 1.000000  0.006192 0.735583 1 64 1.000000
0  -3.751486 -15.217511 0.046138  0.000000 0.000000 1.000000  0.006192 0.735583 1 64 1.000000
0  -3.642871 -15.217511 0.046138  0.000000 0.000000 1.000000  0.006192 0.735583 1 64 1.000000
lowpoly_metal
0  -3.540584 -14.046841 -2.577164  0.000000 0.988174 0.153336  0.006192 0.735583 1 64 1.000000
0  -3.540584 -13.998188 -2.890707  0.000000 0.988174 0.153336  0.006192 0.735583 1 64 1.000000
0  -3.771923 -13.998188 -2.890707  0.000000 0.988174 0.153336  0.006192 0.735583 1 64 1.000000
lowpoly_metal
0  -3.771923 -13.998188 -2.890707  0.000000 0.816655 0.577127  0.006192 0.735583 1 64 1.000000
0  -3.540584 -13.998188 -2.890707  0.000000 0.816655 0.577127  0.006192 0.735583 1 64 1.000000
0  -3.540584 -13.814788 -3.150225  0.000000 0.816655 0.577127  0.006192 0.735583 1 64 1.000000
lowpoly_metal
0  -3.840624 -12.334766 -0.044565  -0.713233 0.000000 0.700927  0.006192 0.735583 1 64 1.000000
0  -3.840624 -12.750235 -0.044565  -0.713233 0.000000 0.700927  0.006192 0.735583 1 64 1.000000
0  -3.751486 -12.750235 0.046138  -0.713233 0.000000 0.700927  0.006192 0.735583 1 64 1.000000
lowpoly_metal
0  -3.751486 -12.750235 0.046138  -0.000001 -0.000000 1.000000  0.006192 0.735583 1 64 1.000000
0  -3.751486 -14.506701 0.046138  -0.000001 -0.000000 1.000000  0.006192 0.735583 1 64 1.000000
0  -3.642872 -14.506701 0.046138  -0.000001 -0.000000 1.000000  0.006192 0.735583 1 64 1.000000
lowpoly_metal
0  -3.540584 -13.491918 -3.334871  -0.000001 0.191772 0.981439  0.006192 0.735583 1 64 1.000000
0  -3.540584 -13.119420 -3.407657  -0.000001 0.191772 0.981439  0.006192 0.735583 1 64 1.000000
0  -3.771923 -13.119421 -3.407657  -0.000001 0.191772 0.981439  0.006192 0.735583 1 64 1.000000
lowpoly_metal
0  -3.840625 -12.750235 -0.122344  -1.000000 0.000000 0.000000  0.006192 0.735583 1 64 1.000000
0  -3.840625 -14.506701 -0.122344  -1.000000 0.000000 0.000000  0.006192 0.735583 1 64 1.000000
0  -3.840625 -14.506701 -0.044565  -1.000000 0.000000 0.000000  0.006192 0.735583 1 64 1.000000
lowpoly_metal
0  -3.540584 -13.814788 -3.150225  -0.000002 0.496447 0.868067  0.006192 0.735583 1 64 1.000000
0  -3.540584 -13.491918 -3.334871  -0.000002 0.496447 0.868067  0.006192 0.735583 1 64 1.000000
0  -3.771923 -13.491919 -3.334871  -0.000002 0.496447 0.868067  0.006192 0.735583 1 64 1.000000
lowpoly_metal
0  -3.840624 -12.750235 -0.044565  -0.713229 0.000001 0.700931  0.006192 0.735583 1 64 1.000000
0  -3.840625 -14.506701 -0.044565  -0.713229 0.000001 0.700931  0.006192 0.735583 1 64 1.000000
0  -3.751486 -14.506701 0.046138  -0.713229 0.000001 0.700931  0.006192 0.735583 1 64 1.000000
lowpoly_metal
0  -3.540584 -13.119420 -3.407657  -0.000003 0.007555 0.999972  0.006192 0.735583 1 64 1.000000
0  -3.540584 -12.782626 -3.410201  -0.000003 0.007555 0.999972  0.006192 0.735583 1 64 1.000000
0  -3.771923 -12.782626 -3.410202  -0.000003 0.007555 0.999972  0.006192 0.735583 1 64 1.000000
lowpoly_metal
0  -3.771923 -12.506859 -3.203016  0.000000 -0.968735 0.248098  0.006192 0.735583 1 64 1.000000
0  -3.540584 -12.506859 -3.203016  0.000000 -0.968735 0.248098  0.006192 0.735583 1 64 1.000000
0  -3.540584 -12.420794 -2.866972  0.000000 -0.968735 0.248098  0.006192 0.735583 1 64 1.000000
lowpoly_metal
0  -3.540584 -12.782626 -3.410201  -0.000001 -0.600666 0.799500  0.006192 0.735583 1 64 1.000000
0  -3.540584 -12.506859 -3.203016  -0.000001 -0.600666 0.799500  0.006192 0.735583 1 64 1.000000
0  -3.771923 -12.506859 -3.203016  -0.000001 -0.600666 0.799500  0.006192 0.735583 1 64 1.000000
lowpoly_metal
0  -3.869821 -14.506701 -0.831962  -1.000000 0.000001 0.000000  0.006192 0.735583 1 64 1.000000
0  -3.869821 -14.506701 -1.365512  -1.000000 0.000001 0.000000  0.006192 0.735583 1 64 1.000000
0  -3.869822 -15.217511 -1.365512  -1.000000 0.000001 0.000000  0.006192 0.735583 1 64 1.000000
lowpoly_metal
0  -3.840624 -15.041738 -1.740808  -1.000000 0.000001 -0.000001  0.006192 0.735583 1 64 1.000000
0  -3.840624 -14.507286 -1.740808  -1.000000 0.000001 -0.000001  0.006192 0.735583 1 64 1.000000
0  -3.840624 -14.524118 -2.137364  -1.000000 0.000001 -0.000001  0.006192 0.735583 1 64 1.000000
lowpoly_metal
0  -3.540584 -15.000867 -2.280185  0.000000 0.005355 -0.999986  0.006192 0.735583 1 64 1.000000
0  -3.686103 -15.000867 -2.280185  0.000000 0.005355 -0.999986  0.006192 0.735583 1 64 1.000000
0  -3.686103 -14.724261 -2.278704  0.000000 0.005355 -0.999986  0.006192 0.735583 1 64 1.000000
lowpoly_metal
0  -3.540584 -15.217512 -0.044565  -0.000009 -1.000000 0.000000  0.006192 0.735583 1 64 1.000000
0  -3.540584 -15.217512 0.046138  -0.000009 -1.000000 0.000000  0.006192 0.735583 1 64 1.000000
0  -3.642871 -15.217511 0.046138  -0.000009 -1.000000 0.000000  0.006192 0.735583 1 64 1.000000
lowpoly_metal
0  -3.840625 -15.217511 -0.044565  0.000000 -1.000000 0.000000  0.006192 0.735583 1 64 1.000000
0  -3.840625 -15.217511 -0.122344  0.000000 -1.000000 0.000000  0.006192 0.735583 1 64 1.000000
0  -3.686104 -15.217511 -0.044565  0.000000 -1.000000 0.000000  0.006192 0.735583 1 64 1.000000
lowpoly_metal
0  -3.671115 -15.217512 -0.122344  -0.000003 -1.000000 0.000000  0.006192 0.735583 1 64 1.000000
0  -3.540584 -15.217512 -0.085875  -0.000003 -1.000000 0.000000  0.006192 0.735583 1 64 1.000000
0  -3.686104 -15.217511 -0.044565  -0.000003 -1.000000 0.000000  0.006192 0.735583 1 64 1.000000
lowpoly_metal
0  -3.540584 -15.217512 -0.044565  -0.000007 -1.000000 0.000000  0.006192 0.735583 1 64 1.000000
0  -3.686104 -15.217511 -0.044565  -0.000007 -1.000000 0.000000  0.006192 0.735583 1 64 1.000000
0  -3.540584 -15.217512 -0.085875  -0.000007 -1.000000 0.000000  0.006192 0.735583 1 64 1.000000
lowpoly_metal
0  -3.540585 -10.692320 -1.242582  0.000000 0.730051 0.683393  0.006192 0.735583 1 64 1.000000
0  -3.540585 -10.619276 -1.320614  0.000000 0.730051 0.683393  0.006192 0.735583 1 64 1.000000
0  -3.686104 -10.619276 -1.320614  0.000000 0.730051 0.683393  0.006192 0.735583 1 64 1.000000
lowpoly_metal
0  -3.686104 -11.940991 -2.137364  0.000000 1.000000 0.000001  0.006192 0.735583 1 64 1.000000
0  -3.540584 -11.940991 -2.137364  0.000000 1.000000 0.000001  0.006192 0.735583 1 64 1.000000
0  -3.540584 -11.940991 -2.359023  0.000000 1.000000 0.000001  0.006192 0.735583 1 64 1.000000
lowpoly_metal
0  -3.686104 -11.940991 -2.359023  0.000000 1.000000 0.000000  0.006192 0.735583 1 64 1.000000
0  -3.540584 -11.940991 -2.359023  0.000000 1.000000 0.000000  0.006192 0.735583 1 64 1.000000
0  -3.540584 -11.940991 -2.580682  0.000000 1.000000 0.000000  0.006192 0.735583 1 64 1.000000
lowpoly_metal
0  -3.686104 -10.599953 -1.740807  0.000000 0.926531 0.376218  0.006192 0.735583 1 64 1.000000
0  -3.540585 -10.599953 -1.740807  0.000000 0.926531 0.376218  0.006192 0.735583 1 64 1.000000
0  -3.540585 -10.501082 -1.984298  0.000000 0.926531 0.376218  0.006192 0.735583 1 64 1.000000
lowpoly_metal
0  -3.544080 -15.041738 -1.740808  0.000000 -0.998543 -0.053960  0.006192 0.735583 1 64 1.000000
0  -3.544080 -15.049593 -1.595484  0.000000 -0.998543 -0.053960  0.006192 0.735583 1 64 1.000000
0  -3.686103 -15.049593 -1.595484  0.000000 -0.998543 -0.053960  0.006192 0.735583 1 64 1.000000
lowpoly_metal
0  -3.544080 -15.041738 -1.740808  0.000000 -1.000000 0.000000  0.006192 0.735583 1 64 1.000000
0  -3.686103 -15.041738 -1.740808  0.000000 -1.000000 0.000000  0.006192 0.735583 1 64 1.000000
0  -3.544080 -15.041738 -2.123429  0.000000 -1.000000 0.000000  0.006192 0.735583 1 64 1.000000
lowpoly_metal
0  -3.686103 -15.041738 -2.137364  0.000000 -1.000000 0.000011  0.006192 0.735583 1 64 1.000000
0  -3.540584 -15.041738 -2.137364  0.000000 -1.000000 0.000011  0.006192 0.735583 1 64 1.000000
0  -3.544080 -15.041738 -2.123429  0.000000 -1.000000 0.000011  0.006192 0.735583 1 64 1.000000
lowpoly_metal
0  -3.544080 -15.041738 -2.123429  0.000000 -1.000000 0.000000  0.006192 0.735583 1 64 1.000000
0  -3.686103 -15.041738 -1.740808  0.000000 -1.000000 0.000000  0.006192 0.735583 1 64 1.000000
0  -3.686103 -15.041738 -2.137364  0.000000 -1.000000 0.000000  0.006192 0.735583 1 64 1.000000
lowpoly_metal
0  -3.686103 -15.049593 -1.595484  0.000000 -0.807620 -0.589704  0.006192 0.735583 1 64 1.000000
0  -3.544080 -15.049593 -1.595484  0.000000 -0.807620 -0.589704  0.006192 0.735583 1 64 1.000000
0  -3.544080 -15.217511 -1.365512  0.000000 -0.807620 -0.589704  0.006192 0.735583 1 64 1.000000
lowpoly_metal
0  -3.840624 -12.750235 -1.259960  0.000000 -1.000000 0.000000  0.006192 0.735583 1 64 1.000000
0  -3.540584 -12.750235 -1.259960  0.000000 -1.000000 0.000000  0.006192 0.735583 1 64 1.000000
0  -3.540584 -12.750235 -1.117758  0.000000 -1.000000 0.000000  0.006192 0.735583 1 64 1.000000
lowpoly_metal
0  -3.840624 -12.750235 -0.975556  0.000000 -1.000000 0.000000  0.006192 0.735583 1 64 1.000000
0  -3.540584 -12.750235 -0.975556  0.000000 -1.000000 0.000000  0.006192 0.735583 1 64 1.000000
0  -3.540584 -12.750235 -0.691152  0.000000 -1.000000 0.000000  0.006192 0.735583 1 64 1.000000
lowpoly_metal
0  -3.540584 -14.292081 -1.740808  0.000000 -0.000001 1.000000  0.006192 0.735583 1 64 1.000000
0  -3.840624 -14.292081 -1.740808  0.000000 -0.000001 1.000000  0.006192 0.735583 1 64 1.000000
0  -3.544080 -14.494767 -1.740808  0.000000 -0.000001 1.000000  0.006192 0.735583 1 64 1.000000
lowpoly_metal
0  -3.840624 -14.507286 -1.740808  0.000000 0.000010 1.000000  0.006192 0.735583 1 64 1.000000
0  -3.544080 -14.507286 -1.740808  0.000000 0.000010 1.000000  0.006192 0.735583 1 64 1.000000
0  -3.544080 -14.494767 -1.740808  0.000000 0.000010 1.000000  0.006192 0.735583 1 64 1.000000
lowpoly_metal
0  -3.544080 -14.494767 -1.740808  0.000000 0.000000 1.000000  0.006192 0.735583 1 64 1.000000
0  -3.540584 -14.494767 -1.740808  0.000000 0.000000 1.000000  0.006192 0.735583 1 64 1.000000
0  -3.540584 -14.292081 -1.740808  0.000000 0.000000 1.000000  0.006192 0.735583 1 64 1.000000
lowpoly_metal
0  -3.540584 -12.750235 -0.122344  0.000000 -1.000000 0.000011  0.006192 0.735583 1 64 1.000000
0  -3.840625 -12.750235 -0.122344  0.000000 -1.000000 0.000011  0.006192 0.735583 1 64 1.000000
0  -3.576134 -12.750235 -0.263202  0.000000 -1.000000 0.000011  0.006192 0.735583 1 64 1.000000
lowpoly_metal
0  -3.840624 -12.750235 -0.406748  0.000000 -1.000000 -0.000058  0.006192 0.735583 1 64 1.000000
0  -3.540584 -12.750235 -0.406748  0.000000 -1.000000 -0.000058  0.006192 0.735583 1 64 1.000000
0  -3.576134 -12.750235 -0.386348  0.000000 -1.000000 -0.000058  0.006192 0.735583 1 64 1.000000
lowpoly_metal
0  -3.540584 -12.750235 -0.406748  0.000000 -1.000000 0.000000  0.006192 0.735583 1 64 1.000000
0  -3.540584 -12.750235 -0.386348  0.000000 -1.000000 0.000000  0.006192 0.735583 1 64 1.000000
0  -3.576134 -12.750235 -0.386348  0.000000 -1.000000 0.000000  0.006192 0.735583 1 64 1.000000
lowpoly_metal
0  -3.576134 -12.750235 -0.263202  0.000000 -1.000000 0.000000  0.006192 0.735583 1 64 1.000000
0  -3.540584 -12.750235 -0.263202  0.000000 -1.000000 0.000000  0.006192 0.735583 1 64 1.000000
0  -3.540584 -12.750235 -0.122344  0.000000 -1.000000 0.000000  0.006192 0.735583 1 64 1.000000
lowpoly_metal
0  -3.840624 -12.750235 -0.406748  0.000000 -1.000000 -0.000007  0.006192 0.735583 1 64 1.000000
0  -3.576134 -12.750235 -0.386348  0.000000 -1.000000 -0.000007  0.006192 0.735583 1 64 1.000000
0  -3.611683 -12.750235 -0.324775  0.000000 -1.000000 -0.000007  0.006192 0.735583 1 64 1.000000
lowpoly_metal
0  -3.611683 -12.750235 -0.324775  0.000000 -1.000000 -0.000022  0.006192 0.735583 1 64 1.000000
0  -3.576134 -12.750235 -0.263202  0.000000 -1.000000 -0.000022  0.006192 0.735583 1 64 1.000000
0  -3.840625 -12.750235 -0.122344  0.000000 -1.000000 -0.000022  0.006192 0.735583 1 64 1.000000
lowpoly_metal
0  -3.840624 -12.988933 -1.740808  -0.000001 -0.000000 1.000000  0.006192 0.735583 1 64 1.000000
0  -3.840624 -13.631670 -1.740808  -0.000001 -0.000000 1.000000  0.006192 0.735583 1 64 1.000000
0  -3.540584 -13.631670 -1.740808  -0.000001 -0.000000 1.000000  0.006192 0.735583 1 64 1.000000
lowpoly_metal
0  -3.631448 -14.506701 -0.122344  0.000001 0.000000 -1.000000  0.006192 0.735583 1 64 1.000000
0  -3.840625 -14.506701 -0.122344  0.000001 0.000000 -1.000000  0.006192 0.735583 1 64 1.000000
0  -3.840625 -12.750235 -0.122344  0.000001 0.000000 -1.000000  0.006192 0.735583 1 64 1.000000
lowpoly_metal
0  -3.840625 -12.750235 -0.122344  0.000000 0.000000 -1.000000  0.006192 0.735583 1 64 1.000000
0  -3.540584 -12.750235 -0.122344  0.000000 0.000000 -1.000000  0.006192 0.735583 1 64 1.000000
0  -3.631448 -14.506701 -0.122344  0.000000 0.000000 -1.000000  0.006192 0.735583 1 64 1.000000
lowpoly_metal
0  -3.840624 -12.988933 -1.740808  -0.000001 0.000000 1.000000  0.006192 0.735583 1 64 1.000000
0  -3.540584 -12.988933 -1.740808  -0.000001 0.000000 1.000000  0.006192 0.735583 1 64 1.000000
0  -3.540584 -12.750235 -1.740808  -0.000001 0.000000 1.000000  0.006192 0.735583 1 64 1.000000
lowpoly_metal
0  -3.544080 -14.506701 -1.365512  0.000000 1.000000 0.000000  0.006192 0.735583 1 64 1.000000
0  -3.869821 -14.506701 -1.365512  0.000000 1.000000 0.000000  0.006192 0.735583 1 64 1.000000
0  -3.621874 -14.506701 -1.134877  0.000000 1.000000 0.000000  0.006192 0.735583 1 64 1.000000
lowpoly_metal
0  -3.869821 -14.506701 -0.831962  0.000000 1.000000 0.000000  0.006192 0.735583 1 64 1.000000
0  -3.961575 -14.506701 -0.627873  0.000000 1.000000 0.000000  0.006192 0.735583 1 64 1.000000
0  -3.740664 -14.506701 -0.542120  0.000000 1.000000 0.000000  0.006192 0.735583 1 64 1.000000
lowpoly_metal
0  -3.961575 -14.506701 -0.239343  0.000000 1.000000 0.000000  0.006192 0.735583 1 64 1.000000
0  -3.840625 -14.506701 -0.122344  0.000000 1.000000 0.000000  0.006192 0.735583 1 64 1.000000
0  -3.751365 -14.506701 -0.208873  0.000000 1.000000 0.000000  0.006192 0.735583 1 64 1.000000
lowpoly_metal
0  -3.840625 -14.506701 -0.122344  0.000000 1.000000 0.000013  0.006192 0.735583 1 64 1.000000
0  -3.631448 -14.506701 -0.122344  0.000000 1.000000 0.000013  0.006192 0.735583 1 64 1.000000
0  -3.751365 -14.506701 -0.208873  0.000000 1.000000 0.000013  0.006192 0.735583 1 64 1.000000
lowpoly_metal
0  -3.621874 -14.506701 -1.134877  0.000000 1.000000 0.000000  0.006192 0.735583 1 64 1.000000
0  -3.544080 -14.506701 -1.134877  0.000000 1.000000 0.000000  0.006192 0.735583 1 64 1.000000
0  -3.544080 -14.506701 -1.365512  0.000000 1.000000 0.000000  0.006192 0.735583 1 64 1.000000
lowpoly_metal
0  -3.696506 -14.506701 -1.060246  0.000000 1.000000 0.000000  0.006192 0.735583 1 64 1.000000
0  -3.621874 -14.506701 -1.134877  0.000000 1.000000 0.000000  0.006192 0.735583 1 64 1.000000
0  -3.869821 -14.506701 -1.365512  0.000000 1.000000 0.000000  0.006192 0.735583 1 64 1.000000
lowpoly_metal
0  -3.961575 -14.506701 -0.627873  0.000000 1.000000 0.000000  0.006192 0.735583 1 64 1.000000
0  -3.961575 -14.506701 -0.239343  0.000000 1.000000 0.000000  0.006192 0.735583 1 64 1.000000
0  -3.740664 -14.506701 -0.542120  0.000000 1.000000 0.000000  0.006192 0.735583 1 64 1.000000
lowpoly_metal
0  -3.740664 -14.506701 -0.542120  0.000000 1.000000 0.000008  0.006192 0.735583 1 64 1.000000
0  -3.540584 -14.506701 -0.694980  0.000000 1.000000 0.000008  0.006192 0.735583 1 64 1.000000
0  -3.643802 -14.506701 -0.765491  0.000000 1.000000 0.000008  0.006192 0.735583 1 64 1.000000
lowpoly_metal
0  -3.961575 -14.506701 -0.239343  0.000000 1.000000 -0.000002  0.006192 0.735583 1 64 1.000000
0  -3.751365 -14.506701 -0.208873  0.000000 1.000000 -0.000002  0.006192 0.735583 1 64 1.000000
0  -3.740664 -14.506701 -0.542120  0.000000 1.000000 -0.000002  0.006192 0.735583 1 64 1.000000
lowpoly_metal
0  -3.696506 -14.506701 -1.060246  0.000000 1.000000 0.000000  0.006192 0.735583 1 64 1.000000
0  -3.869821 -14.506701 -1.365512  0.000000 1.000000 0.000000  0.006192 0.735583 1 64 1.000000
0  -3.869821 -14.506701 -0.831962  0.000000 1.000000 0.000000  0.006192 0.735583 1 64 1.000000
lowpoly_metal
0  -3.696506 -14.506701 -0.901942  0.000000 1.000000 0.000000  0.006192 0.735583 1 64 1.000000
0  -3.696506 -14.506701 -1.060246  0.000000 1.000000 0.000000  0.006192 0.735583 1 64 1.000000
0  -3.869821 -14.506701 -0.831962  0.000000 1.000000 0.000000  0.006192 0.735583 1 64 1.000000
lowpoly_metal
0  -3.540584 -14.506701 -0.694980  0.000000 1.000000 0.000000  0.006192 0.735583 1 64 1.000000
0  -3.540584 -14.506701 -0.765249  0.000000 1.000000 0.000000  0.006192 0.735583 1 64 1.000000
0  -3.561791 -14.506701 -0.765491  0.000000 1.000000 0.000000  0.006192 0.735583 1 64 1.000000
lowpoly_metal
0  -3.643802 -14.506701 -0.765491  0.000000 1.000000 0.000017  0.006192 0.735583 1 64 1.000000
0  -3.696506 -14.506701 -0.901942  0.000000 1.000000 0.000017  0.006192 0.735583 1 64 1.000000
0  -3.869821 -14.506701 -0.831962  0.000000 1.000000 0.000017  0.006192 0.735583 1 64 1.000000
lowpoly_metal
0  -3.540584 -14.506701 -0.694980  0.000000 1.000000 0.000000  0.006192 0.735583 1 64 1.000000
0  -3.561791 -14.506701 -0.765491  0.000000 1.000000 0.000000  0.006192 0.735583 1 64 1.000000
0  -3.643802 -14.506701 -0.765491  0.000000 1.000000 0.000000  0.006192 0.735583 1 64 1.000000
lowpoly_metal
0  -3.840624 -12.750235 -1.740808  0.000000 -1.000000 0.000000  0.006192 0.735583 1 64 1.000000
0  -3.540584 -12.750235 -1.740808  0.000000 -1.000000 0.000000  0.006192 0.735583 1 64 1.000000
0  -3.540584 -12.750235 -1.259960  0.000000 -1.000000 0.000000  0.006192 0.735583 1 64 1.000000
lowpoly_metal
0  -3.840624 -14.292081 -1.740808  0.000000 0.000000 1.000000  0.006192 0.735583 1 64 1.000000
0  -3.540584 -14.292081 -1.740808  0.000000 0.000000 1.000000  0.006192 0.735583 1 64 1.000000
0  -3.540584 -13.782097 -1.740808  0.000000 0.000000 1.000000  0.006192 0.735583 1 64 1.000000
lowpoly_metal
0  -3.840624 -13.631670 -1.740808  0.000000 0.000001 1.000000  0.006192 0.735583 1 64 1.000000
0  -3.840624 -13.782097 -1.740808  0.000000 0.000001 1.000000  0.006192 0.735583 1 64 1.000000
0  -3.540584 -13.782097 -1.740808  0.000000 0.000001 1.000000  0.006192 0.735583 1 64 1.000000
lowpoly_metal
0  -3.840624 -12.750235 -0.691152  0.000000 -1.000000 0.000000  0.006192 0.735583 1 64 1.000000
0  -3.540584 -12.750235 -0.691152  0.000000 -1.000000 0.000000  0.006192 0.735583 1 64 1.000000
0  -3.540584 -12.750235 -0.406748  0.000000 -1.000000 0.000000  0.006192 0.735583 1 64 1.000000
lowpoly_metal
0  -3.544080 -14.507043 -1.595937  0.000000 0.999999 -0.001665  0.006192 0.735583 1 64 1.000000
0  -3.544080 -14.507286 -1.740808  0.000000 0.999999 -0.001665  0.006192 0.735583 1 64 1.000000
0  -3.840624 -14.507286 -1.740808  0.000000 0.999999 -0.001665  0.006192 0.735583 1 64 1.000000
lowpoly_metal
0  -3.540584 -15.217511 -0.765249  0.000045 -1.000000 0.000000  0.006192 0.735583 1 64 1.000000
0  -3.540584 -15.217511 -0.717281  0.000045 -1.000000 0.000000  0.006192 0.735583 1 64 1.000000
0  -3.561791 -15.217512 -0.765491  0.000045 -1.000000 0.000000  0.006192 0.735583 1 64 1.000000
lowpoly_metal
0  -3.742564 -15.217511 -0.594255  0.000000 -1.000000 0.000005  0.006192 0.735583 1 64 1.000000
0  -3.744635 -15.217511 -0.164623  0.000000 -1.000000 0.000005  0.006192 0.735583 1 64 1.000000
0  -3.961575 -15.217511 -0.239343  0.000000 -1.000000 0.000005  0.006192 0.735583 1 64 1.000000
lowpoly_metal
0  -3.840625 -15.217511 -0.122344  0.000000 -1.000000 0.000000  0.006192 0.735583 1 64 1.000000
0  -3.961575 -15.217511 -0.239343  0.000000 -1.000000 0.000000  0.006192 0.735583 1 64 1.000000
0  -3.744635 -15.217511 -0.164623  0.000000 -1.000000 0.000000  0.006192 0.735583 1 64 1.000000
lowpoly_metal
0  -3.869822 -15.217511 -0.831962  0.000000 -1.000000 0.000000  0.006192 0.735583 1 64 1.000000
0  -3.869822 -15.217511 -1.365512  0.000000 -1.000000 0.000000  0.006192 0.735583 1 64 1.000000
0  -3.696506 -15.217511 -1.060246  0.000000 -1.000000 0.000000  0.006192 0.735583 1 64 1.000000
lowpoly_metal
0  -3.961575 -15.217511 -0.239343  0.000000 -1.000000 0.000000  0.006192 0.735583 1 64 1.000000
0  -3.961575 -15.217511 -0.627873  0.000000 -1.000000 0.000000  0.006192 0.735583 1 64 1.000000
0  -3.742564 -15.217511 -0.594255  0.000000 -1.000000 0.000000  0.006192 0.735583 1 64 1.000000
lowpoly_metal
0  -3.561791 -15.217512 -0.765491  0.000000 -1.000000 0.000000  0.006192 0.735583 1 64 1.000000
0  -3.540584 -15.217511 -0.717281  0.000000 -1.000000 0.000000  0.006192 0.735583 1 64 1.000000
0  -3.643802 -15.217512 -0.765491  0.000000 -1.000000 0.000000  0.006192 0.735583 1 64 1.000000
lowpoly_metal
0  -3.742564 -15.217511 -0.594255  0.000000 -1.000000 -0.000005  0.006192 0.735583 1 64 1.000000
0  -3.961575 -15.217511 -0.627873  0.000000 -1.000000 -0.000005  0.006192 0.735583 1 64 1.000000
0  -3.869822 -15.217511 -0.831962  0.000000 -1.000000 -0.000005  0.006192 0.735583 1 64 1.000000
lowpoly_metal
0  -3.869822 -15.217511 -1.365512  0.000000 -1.000000 -0.000001  0.006192 0.735583 1 64 1.000000
0  -3.700264 -15.217511 -1.365512  0.000000 -1.000000 -0.000001  0.006192 0.735583 1 64 1.000000
0  -3.696506 -15.217511 -1.060246  0.000000 -1.000000 -0.000001  0.006192 0.735583 1 64 1.000000
lowpoly_metal
0  -3.544080 -15.217511 -1.365512  0.000000 -1.000000 0.000013  0.006192 0.735583 1 64 1.000000
0  -3.544080 -15.217511 -1.134877  0.000000 -1.000000 0.000013  0.006192 0.735583 1 64 1.000000
0  -3.621874 -15.217511 -1.134877  0.000000 -1.000000 0.000013  0.006192 0.735583 1 64 1.000000
lowpoly_metal
0  -3.544080 -15.217511 -1.365512  0.000000 -1.000000 -0.000007  0.006192 0.735583 1 64 1.000000
0  -3.621874 -15.217511 -1.134877  0.000000 -1.000000 -0.000007  0.006192 0.735583 1 64 1.000000
0  -3.700264 -15.217511 -1.365512  0.000000 -1.000000 -0.000007  0.006192 0.735583 1 64 1.000000
lowpoly_metal
0  -3.643802 -15.217512 -0.765491  0.000005 -1.000000 0.000021  0.006192 0.735583 1 64 1.000000
0  -3.540584 -15.217511 -0.717281  0.000005 -1.000000 0.000021  0.006192 0.735583 1 64 1.000000
0  -3.742564 -15.217511 -0.594255  0.000005 -1.000000 0.000021  0.006192 0.735583 1 64 1.000000
lowpoly_metal
0  -3.696506 -15.217511 -0.901942  -0.000002 -1.000000 -0.000017  0.006192 0.735583 1 64 1.000000
0  -3.643802 -15.217512 -0.765491  -0.000002 -1.000000 -0.000017  0.006192 0.735583 1 64 1.000000
0  -3.869822 -15.217511 -0.831962  -0.000002 -1.000000 -0.000017  0.006192 0.735583 1 64 1.000000
lowpoly_metal
0  -3.700264 -15.217511 -1.365512  0.000000 -1.000000 0.000000  0.006192 0.735583 1 64 1.000000
0  -3.621874 -15.217511 -1.134877  0.000000 -1.000000 0.000000  0.006192 0.735583 1 64 1.000000
0  -3.696506 -15.217511 -1.060246  0.000000 -1.000000 0.000000  0.006192 0.735583 1 64 1.000000
lowpoly_metal
0  -3.696506 -15.217511 -1.060246  0.000000 -1.000000 0.000000  0.006192 0.735583 1 64 1.000000
0  -3.696506 -15.217511 -0.901942  0.000000 -1.000000 0.000000  0.006192 0.735583 1 64 1.000000
0  -3.869822 -15.217511 -0.831962  0.000000 -1.000000 0.000000  0.006192 0.735583 1 64 1.000000
lowpoly_metal
0  -3.840625 -14.506701 -0.122344  -0.695270 0.000000 0.718748  0.006192 0.735583 1 64 1.000000
0  -3.961575 -14.506701 -0.239343  -0.695270 0.000000 0.718748  0.006192 0.735583 1 64 1.000000
0  -3.961575 -15.217511 -0.239343  -0.695270 0.000000 0.718748  0.006192 0.735583 1 64 1.000000
lowpoly_metal
0  -3.961575 -14.506701 -0.627873  -0.912066 0.000001 -0.410043  0.006192 0.735583 1 64 1.000000
0  -3.869821 -14.506701 -0.831962  -0.912066 0.000001 -0.410043  0.006192 0.735583 1 64 1.000000
0  -3.869822 -15.217511 -0.831962  -0.912066 0.000001 -0.410043  0.006192 0.735583 1 64 1.000000
lowpoly_metal
0  -3.961575 -14.506701 -0.239343  -1.000000 0.000001 0.000000  0.006192 0.735583 1 64 1.000000
0  -3.961575 -14.506701 -0.627873  -1.000000 0.000001 0.000000  0.006192 0.735583 1 64 1.000000
0  -3.961575 -15.217511 -0.627873  -1.000000 0.000001 0.000000  0.006192 0.735583 1 64 1.000000
lowpoly_metal
0  -3.544080 -14.506701 -1.365512  0.000000 0.999999 -0.001479  0.006192 0.735583 1 64 1.000000
0  -3.544080 -14.507043 -1.595937  0.000000 0.999999 -0.001479  0.006192 0.735583 1 64 1.000000
0  -3.840624 -14.507043 -1.595937  0.000000 0.999999 -0.001479  0.006192 0.735583 1 64 1.000000
lowpoly_metal
0  -3.840624 -15.041738 -1.740808  -1.000000 -0.000001 0.000003  0.006192 0.735583 1 64 1.000000
0  -3.840624 -15.049593 -1.595484  -1.000000 -0.000001 0.000003  0.006192 0.735583 1 64 1.000000
0  -3.840624 -14.507043 -1.595937  -1.000000 -0.000001 0.000003  0.006192 0.735583 1 64 1.000000
lowpoly_metal
0  -3.840624 -15.049593 -1.595484  -0.992037 0.000001 -0.125951  0.006192 0.735583 1 64 1.000000
0  -3.869822 -15.217511 -1.365512  -0.992037 0.000001 -0.125951  0.006192 0.735583 1 64 1.000000
0  -3.869821 -14.506701 -1.365512  -0.992037 0.000001 -0.125951  0.006192 0.735583 1 64 1.000000
lowpoly_metal
0  -3.840624 -15.049593 -1.595484  0.000000 -0.807623 -0.589700  0.006192 0.735583 1 64 1.000000
0  -3.686103 -15.049593 -1.595484  0.000000 -0.807623 -0.589700  0.006192 0.735583 1 64 1.000000
0  -3.700264 -15.217511 -1.365512  0.000000 -0.807623 -0.589700  0.006192 0.735583 1 64 1.000000
lowpoly_metal
0  -3.840624 -15.041738 -2.137364  0.000000 -1.000000 0.000000  0.006192 0.735583 1 64 1.000000
0  -3.686103 -15.041738 -2.137364  0.000000 -1.000000 0.000000  0.006192 0.735583 1 64 1.000000
0  -3.686103 -15.041738 -1.740808  0.000000 -1.000000 0.000000  0.006192 0.735583 1 64 1.000000
lowpoly_metal
0  -3.686103 -15.041738 -1.740808  0.000000 -0.998542 -0.053985  0.006192 0.735583 1 64 1.000000
0  -3.686103 -15.049593 -1.595484  0.000000 -0.998542 -0.053985  0.006192 0.735583 1 64 1.000000
0  -3.840624 -15.049593 -1.595484  0.000000 -0.998542 -0.053985  0.006192 0.735583 1 64 1.000000
lowpoly_metal
0  -3.840625 -10.599953 -1.740807  0.000000 0.926531 0.376218  0.006192 0.735583 1 64 1.000000
0  -3.686104 -10.599953 -1.740807  0.000000 0.926531 0.376218  0.006192 0.735583 1 64 1.000000
0  -3.686104 -10.501083 -1.984298  0.000000 0.926531 0.376218  0.006192 0.735583 1 64 1.000000
lowpoly_metal
0  -3.840624 -11.940991 -2.359023  0.000000 1.000000 0.000000  0.006192 0.735583 1 64 1.000000
0  -3.686104 -11.940991 -2.359023  0.000000 1.000000 0.000000  0.006192 0.735583 1 64 1.000000
0  -3.686104 -11.940991 -2.580682  0.000000 1.000000 0.000000  0.006192 0.735583 1 64 1.000000
lowpoly_metal
0  -3.686104 -11.940991 -2.137364  0.000000 1.000000 0.000000  0.006192 0.735583 1 64 1.000000
0  -3.686104 -11.940991 -2.359023  0.000000 1.000000 0.000000  0.006192 0.735583 1 64 1.000000
0  -3.840624 -11.940991 -2.359023  0.000000 1.000000 0.000000  0.006192 0.735583 1 64 1.000000
lowpoly_metal
0  -3.840625 -10.692320 -1.242582  0.000000 0.730054 0.683389  0.006192 0.735583 1 64 1.000000
0  -3.686104 -10.692320 -1.242583  0.000000 0.730054 0.683389  0.006192 0.735583 1 64 1.000000
0  -3.686104 -10.619276 -1.320614  0.000000 0.730054 0.683389  0.006192 0.735583 1 64 1.000000
lowpoly_metal
0  -3.686104 -15.217511 -0.044565  0.000000 -1.000000 -0.000024  0.006192 0.735583 1 64 1.000000
0  -3.642871 -15.217511 0.046138  0.000000 -1.000000 -0.000024  0.006192 0.735583 1 64 1.000000
0  -3.751486 -15.217511 0.046138  0.000000 -1.000000 -0.000024  0.006192 0.735583 1 64 1.000000
lowpoly_metal
0  -3.642872 -12.750235 0.046138  -0.000001 -0.000000 1.000000  0.006192 0.735583 1 64 1.000000
0  -3.642872 -14.506701 0.046138  -0.000001 -0.000000 1.000000  0.006192 0.735583 1 64 1.000000
0  -3.540584 -14.506701 0.046138  -0.000001 -0.000000 1.000000  0.006192 0.735583 1 64 1.000000
lowpoly_metal
0  -3.540584 -14.506701 0.046138  -0.000001 0.000000 1.000000  0.006192 0.735583 1 64 1.000000
0  -3.642872 -14.506701 0.046138  -0.000001 0.000000 1.000000  0.006192 0.735583 1 64 1.000000
0  -3.642871 -15.217511 0.046138  -0.000001 0.000000 1.000000  0.006192 0.735583 1 64 1.000000
lowpoly_metal
0  -3.540585 -12.334766 0.046138  0.000000 -0.000001 1.000000  0.006192 0.735583 1 64 1.000000
0  -3.642871 -12.334766 0.046138  0.000000 -0.000001 1.000000  0.006192 0.735583 1 64 1.000000
0  -3.642872 -12.750235 0.046138  0.000000 -0.000001 1.000000  0.006192 0.735583 1 64 1.000000
lowpoly_metal
0  -3.540585 -12.334766 -0.044565  0.000000 1.000000 -0.000009  0.006192 0.735583 1 64 1.000000
0  -3.686104 -12.334766 -0.044565  0.000000 1.000000 -0.000009  0.006192 0.735583 1 64 1.000000
0  -3.642871 -12.334766 0.046138  0.000000 1.000000 -0.000009  0.006192 0.735583 1 64 1.000000
lowpoly_metal
0  -3.686104 -10.599953 -1.740807  -0.000000 0.998944 0.045942  0.006192 0.735583 1 64 1.000000
0  -3.686104 -10.619276 -1.320614  -0.000000 0.998944 0.045942  0.006192 0.735583 1 64 1.000000
0  -3.540585 -10.619276 -1.320614  -0.000000 0.998944 0.045942  0.006192 0.735583 1 64 1.000000
lowpoly_metal
0  -3.652783 -12.436162 -3.281196  0.000000 0.949692 -0.313185  0.006192 0.735583 1 64 1.000000
0  -3.686104 -12.313784 -2.910101  0.000000 0.949692 -0.313185  0.006192 0.735583 1 64 1.000000
0  -3.540584 -12.313784 -2.910100  0.000000 0.949692 -0.313185  0.006192 0.735583 1 64 1.000000
lowpoly_metal
0  -3.540584 -12.313784 -2.910100  0.000003 0.662173 -0.749351  0.006192 0.735583 1 64 1.000000
0  -3.686104 -12.313784 -2.910101  0.000003 0.662173 -0.749351  0.006192 0.735583 1 64 1.000000
0  -3.686104 -11.940991 -2.580682  0.000003 0.662173 -0.749351  0.006192 0.735583 1 64 1.000000
lowpoly_metal
0  -3.652783 -12.749867 -3.508553  0.000010 0.586832 -0.809709  0.006192 0.735583 1 64 1.000000
0  -3.652783 -12.436162 -3.281196  0.000010 0.586832 -0.809709  0.006192 0.735583 1 64 1.000000
0  -3.540584 -12.436163 -3.281196  0.000010 0.586832 -0.809709  0.006192 0.735583 1 64 1.000000
lowpoly_metal
0  -3.540584 -13.524395 -3.428579  0.000000 -0.194830 -0.980837  0.006192 0.735583 1 64 1.000000
0  -3.652783 -13.524395 -3.428579  0.000000 -0.194830 -0.980837  0.006192 0.735583 1 64 1.000000
0  -3.652783 -13.130715 -3.506778  0.000000 -0.194830 -0.980837  0.006192 0.735583 1 64 1.000000
lowpoly_metal
0  -3.540584 -13.130715 -3.506778  0.000000 -0.004661 -0.999989  0.006192 0.735583 1 64 1.000000
0  -3.652783 -13.130715 -3.506778  0.000000 -0.004661 -0.999989  0.006192 0.735583 1 64 1.000000
0  -3.652783 -12.749867 -3.508553  0.000000 -0.004661 -0.999989  0.006192 0.735583 1 64 1.000000
lowpoly_metal
0  -3.652783 -14.086066 -2.932703  -0.000003 -0.808508 -0.588485  0.006192 0.735583 1 64 1.000000
0  -3.652783 -13.865223 -3.236119  -0.000003 -0.808508 -0.588485  0.006192 0.735583 1 64 1.000000
0  -3.540584 -13.865223 -3.236119  -0.000003 -0.808508 -0.588485  0.006192 0.735583 1 64 1.000000
lowpoly_metal
0  -3.652783 -13.865223 -3.236119  0.000000 -0.491708 -0.870760  0.006192 0.735583 1 64 1.000000
0  -3.652783 -13.524395 -3.428579  0.000000 -0.491708 -0.870760  0.006192 0.735583 1 64 1.000000
0  -3.540584 -13.524395 -3.428579  0.000000 -0.491708 -0.870760  0.006192 0.735583 1 64 1.000000
lowpoly_metal
0  -3.686103 -14.581944 -2.277397  0.000000 -0.306430 -0.951893  0.006192 0.735583 1 64 1.000000
0  -3.686103 -14.273732 -2.376616  0.000000 -0.306430 -0.951893  0.006192 0.735583 1 64 1.000000
0  -3.540584 -14.273732 -2.376616  0.000000 -0.306430 -0.951893  0.006192 0.735583 1 64 1.000000
lowpoly_metal
0  -3.540584 -14.273732 -2.376616  0.000000 -0.909819 -0.415006  0.006192 0.735583 1 64 1.000000
0  -3.686103 -14.273732 -2.376616  0.000000 -0.909819 -0.415006  0.006192 0.735583 1 64 1.000000
0  -3.686103 -14.182254 -2.577164  0.000000 -0.909819 -0.415006  0.006192 0.735583 1 64 1.000000
lowpoly_metal
0  -3.540584 -14.182254 -2.577164  0.000000 -0.965298 -0.261150  0.006192 0.735583 1 64 1.000000
0  -3.686103 -14.182254 -2.577164  0.000000 -0.965298 -0.261150  0.006192 0.735583 1 64 1.000000
0  -3.652783 -14.086066 -2.932703  0.000000 -0.965298 -0.261150  0.006192 0.735583 1 64 1.000000
lowpoly_metal
0  -3.540584 -14.724261 -2.278703  0.000003 0.009183 -0.999958  0.006192 0.735583 1 64 1.000000
0  -3.686103 -14.724261 -2.278704  0.000003 0.009183 -0.999958  0.006192 0.735583 1 64 1.000000
0  -3.686103 -14.581944 -2.277397  0.000003 0.009183 -0.999958  0.006192 0.735583 1 64 1.000000
lowpoly_metal
0  -3.686104 -10.796972 -2.010668  0.000000 -0.926098 -0.377283  0.006192 0.735583 1 64 1.000000
0  -3.686104 -10.690455 -2.272127  0.000000 -0.926098 -0.377283  0.006192 0.735583 1 64 1.000000
0  -3.540585 -10.690455 -2.272127  0.000000 -0.926098 -0.377283  0.006192 0.735583 1 64 1.000000
lowpoly_metal
0  -3.686104 -10.692320 -1.242583  0.000000 0.286491 0.958083  0.006192 0.735583 1 64 1.000000
0  -3.686104 -10.993700 -1.152463  0.000000 0.286491 0.958083  0.006192 0.735583 1 64 1.000000
0  -3.540585 -10.993700 -1.152463  0.000000 0.286491 0.958083  0.006192 0.735583 1 64 1.000000
lowpoly_metal
0  -3.840624 -12.750235 -0.975556  0.000000 -1.000000 0.000000  0.006192 0.735583 1 64 1.000000
0  -3.840624 -12.750235 -1.117758  0.000000 -1.000000 0.000000  0.006192 0.735583 1 64 1.000000
0  -3.540584 -12.750235 -1.117758  0.000000 -1.000000 0.000000  0.006192 0.735583 1 64 1.000000
lowpoly_metal
0  -3.840624 -11.940991 -1.259960  -1.000000 -0.000000 -0.000000  0.006192 0.735583 1 64 1.000000
0  -3.840624 -12.042147 -1.117758  -1.000000 -0.000000 -0.000000  0.006192 0.735583 1 64 1.000000
0  -3.840625 -10.993700 -1.152463  -1.000000 -0.000000 -0.000000  0.006192 0.735583 1 64 1.000000
lowpoly_metal
0  -3.840624 -12.750235 -1.259960  -1.000000 -0.000000 0.000000  0.006192 0.735583 1 64 1.000000
0  -3.840624 -12.750235 -1.117758  -1.000000 -0.000000 0.000000  0.006192 0.735583 1 64 1.000000
0  -3.840624 -12.042147 -1.117758  -1.000000 -0.000000 0.000000  0.006192 0.735583 1 64 1.000000
lowpoly_metal
0  -3.686104 -10.692320 -1.242583  0.000001 0.286489 0.958083  0.006192 0.735583 1 64 1.000000
0  -3.840625 -10.692320 -1.242582  0.000001 0.286489 0.958083  0.006192 0.735583 1 64 1.000000
0  -3.840625 -10.993700 -1.152463  0.000001 0.286489 0.958083  0.006192 0.735583 1 64 1.000000
lowpoly_metal
0  -3.686104 -11.782378 -0.807259  1.000000 0.000000 0.000000  0.006192 0.735583 1 64 1.000000
0  -3.686104 -12.134218 -0.445450  1.000000 0.000000 0.000000  0.006192 0.735583 1 64 1.000000
0  -3.686104 -12.483750 -0.899038  1.000000 0.000000 0.000000  0.006192 0.735583 1 64 1.000000
lowpoly_metal
0  -3.686104 -12.328709 -0.498153  0.000000 0.999911 0.013355  0.006192 0.735583 1 64 1.000000
0  -3.686104 -12.334766 -0.044565  0.000000 0.999911 0.013355  0.006192 0.735583 1 64 1.000000
0  -3.611683 -12.331024 -0.324775  0.000000 0.999911 0.013355  0.006192 0.735583 1 64 1.000000
lowpoly_metal
0  -3.540585 -12.334766 -0.044565  0.000000 0.999911 0.013358  0.006192 0.735583 1 64 1.000000
0  -3.540585 -12.331846 -0.263202  0.000000 0.999911 0.013358  0.006192 0.735583 1 64 1.000000
0  -3.576134 -12.331846 -0.263202  0.000000 0.999911 0.013358  0.006192 0.735583 1 64 1.000000
lowpoly_metal
0  -3.540585 -12.334766 -0.044565  0.000000 0.999911 0.013360  0.006192 0.735583 1 64 1.000000
0  -3.576134 -12.331846 -0.263202  0.000000 0.999911 0.013360  0.006192 0.735583 1 64 1.000000
0  -3.686104 -12.334766 -0.044565  0.000000 0.999911 0.013360  0.006192 0.735583 1 64 1.000000
lowpoly_metal
0  -3.540585 -12.330202 -0.386348  -0.000000 0.999911 0.013361  0.006192 0.735583 1 64 1.000000
0  -3.540585 -12.328709 -0.498153  -0.000000 0.999911 0.013361  0.006192 0.735583 1 64 1.000000
0  -3.576134 -12.330202 -0.386348  -0.000000 0.999911 0.013361  0.006192 0.735583 1 64 1.000000
lowpoly_metal
0  -3.576134 -12.330202 -0.386348  0.000000 0.999911 0.013349  0.006192 0.735583 1 64 1.000000
0  -3.540585 -12.328709 -0.498153  0.000000 0.999911 0.013349  0.006192 0.735583 1 64 1.000000
0  -3.686104 -12.328709 -0.498153  0.000000 0.999911 0.013349  0.006192 0.735583 1 64 1.000000
lowpoly_metal
0  -3.686104 -12.334766 -0.044565  -0.000005 0.999911 0.013351  0.006192 0.735583 1 64 1.000000
0  -3.576134 -12.331846 -0.263202  -0.000005 0.999911 0.013351  0.006192 0.735583 1 64 1.000000
0  -3.611683 -12.331024 -0.324775  -0.000005 0.999911 0.013351  0.006192 0.735583 1 64 1.000000
lowpoly_metal
0  -3.686104 -12.334766 -0.122344  -1.000000 0.000000 0.000000  0.006192 0.735583 1 64 1.000000
0  -3.686104 -12.334766 -0.044565  -1.000000 0.000000 0.000000  0.006192 0.735583 1 64 1.000000
0  -3.686104 -12.328709 -0.498153  -1.000000 0.000000 0.000000  0.006192 0.735583 1 64 1.000000
lowpoly_metal
0  -3.686104 -11.782378 -0.807259  1.000000 0.000000 0.000000  0.006192 0.735583 1 64 1.000000
0  -3.686104 -12.131910 -1.260847  1.000000 0.000000 0.000000  0.006192 0.735583 1 64 1.000000
0  -3.686104 -11.644613 -1.515931  1.000000 0.000000 0.000000  0.006192 0.735583 1 64 1.000000
lowpoly_metal
0  -3.686104 -11.295080 -1.062343  1.000000 -0.000001 0.000000  0.006192 0.735583 1 64 1.000000
0  -3.686104 -11.644613 -1.515931  1.000000 -0.000001 0.000000  0.006192 0.735583 1 64 1.000000
0  -3.686104 -11.343233 -1.606050  1.000000 -0.000001 0.000000  0.006192 0.735583 1 64 1.000000
lowpoly_metal
0  -3.686104 -10.993700 -1.152463  0.000000 -0.792100 0.610392  0.006192 0.735583 1 64 1.000000
0  -3.686104 -11.343233 -1.606050  0.000000 -0.792100 0.610392  0.006192 0.735583 1 64 1.000000
0  -3.540584 -11.343233 -1.606050  0.000000 -0.792100 0.610392  0.006192 0.735583 1 64 1.000000
lowpoly_metal
0  -3.686104 -12.134218 -0.445450  1.000000 0.000000 0.000000  0.006192 0.735583 1 64 1.000000
0  -3.686104 -12.334766 -0.122344  1.000000 0.000000 0.000000  0.006192 0.735583 1 64 1.000000
0  -3.686104 -12.328709 -0.575932  1.000000 0.000000 0.000000  0.006192 0.735583 1 64 1.000000
lowpoly_metal
0  -3.576134 -12.331846 -0.263202  -0.000003 0.000000 -1.000000  0.006192 0.735583 1 64 1.000000
0  -3.540585 -12.331846 -0.263202  -0.000003 0.000000 -1.000000  0.006192 0.735583 1 64 1.000000
0  -3.540584 -12.750235 -0.263202  -0.000003 0.000000 -1.000000  0.006192 0.735583 1 64 1.000000
lowpoly_metal
0  -3.611683 -12.750235 -0.324775  0.866026 0.000000 -0.499999  0.006192 0.735583 1 64 1.000000
0  -3.611683 -12.331024 -0.324775  0.866026 0.000000 -0.499999  0.006192 0.735583 1 64 1.000000
0  -3.576134 -12.331846 -0.263202  0.866026 0.000000 -0.499999  0.006192 0.735583 1 64 1.000000
lowpoly_metal
0  -3.576134 -12.750235 -0.386348  0.866026 0.000001 0.499999  0.006192 0.735583 1 64 1.000000
0  -3.576134 -12.330202 -0.386348  0.866026 0.000001 0.499999  0.006192 0.735583 1 64 1.000000
0  -3.611683 -12.331024 -0.324775  0.866026 0.000001 0.499999  0.006192 0.735583 1 64 1.000000
lowpoly_metal
0  -3.540585 -12.330202 -0.386348  -0.000004 0.000000 1.000000  0.006192 0.735583 1 64 1.000000
0  -3.576134 -12.330202 -0.386348  -0.000004 0.000000 1.000000  0.006192 0.735583 1 64 1.000000
0  -3.576134 -12.750235 -0.386348  -0.000004 0.000000 1.000000  0.006192 0.735583 1 64 1.000000
lowpoly_metal
0  -3.686104 -11.940991 -2.137364  0.000000 0.110074 -0.993923  0.006192 0.735583 1 64 1.000000
0  -3.686104 -10.796972 -2.010668  0.000000 0.110074 -0.993923  0.006192 0.735583 1 64 1.000000
0  -3.540585 -10.796972 -2.010668  0.000000 0.110074 -0.993923  0.006192 0.735583 1 64 1.000000
lowpoly_metal
0  -3.840624 -11.940991 -2.137364  -1.000000 -0.000000 -0.000001  0.006192 0.735583 1 64 1.000000
0  -3.840625 -11.940991 -1.740808  -1.000000 -0.000000 -0.000001  0.006192 0.735583 1 64 1.000000
0  -3.840625 -10.910878 -1.740807  -1.000000 -0.000000 -0.000001  0.006192 0.735583 1 64 1.000000
lowpoly_metal
0  -3.840624 -11.940991 -2.137364  0.000000 0.110074 -0.993923  0.006192 0.735583 1 64 1.000000
0  -3.840625 -10.796972 -2.010668  0.000000 0.110074 -0.993923  0.006192 0.735583 1 64 1.000000
0  -3.686104 -10.796972 -2.010668  0.000000 0.110074 -0.993923  0.006192 0.735583 1 64 1.000000
lowpoly_metal
0  -3.540585 -10.501082 -1.984298  0.000000 0.926096 0.377287  0.006192 0.735583 1 64 1.000000
0  -3.540585 -10.394566 -2.245757  0.000000 0.926096 0.377287  0.006192 0.735583 1 64 1.000000
0  -3.686104 -10.394566 -2.245757  0.000000 0.926096 0.377287  0.006192 0.735583 1 64 1.000000
lowpoly_metal
0  -3.540585 -10.690455 -2.272127  0.000000 -0.815550 -0.578687  0.006192 0.735583 1 64 1.000000
0  -3.686104 -10.690455 -2.272127  0.000000 -0.815550 -0.578687  0.006192 0.735583 1 64 1.000000
0  -3.686104 -10.272310 -2.861428  0.000000 -0.815550 -0.578687  0.006192 0.735583 1 64 1.000000
lowpoly_metal
0  -3.540585 -10.394566 -2.245757  0.000000 0.818560 0.574421  0.006192 0.735583 1 64 1.000000
0  -3.540585 -9.976892 -2.840949  0.000000 0.818560 0.574421  0.006192 0.735583 1 64 1.000000
0  -3.686104 -9.976892 -2.840949  0.000000 0.818560 0.574421  0.006192 0.735583 1 64 1.000000
lowpoly_metal
0  -3.686104 -10.179741 -3.053372  -1.000000 -0.000002 0.000002  0.006192 0.735583 1 64 1.000000
0  -3.686104 -10.272310 -2.861428  -1.000000 -0.000002 0.000002  0.006192 0.735583 1 64 1.000000
0  -3.686104 -9.976892 -2.840949  -1.000000 -0.000002 0.000002  0.006192 0.735583 1 64 1.000000
lowpoly_metal
0  -3.618002 -9.844054 -3.112841  0.088253 0.926461 0.365898  0.006192 0.735583 1 64 1.000000
0  -3.618002 -9.636599 -3.638121  0.088253 0.926461 0.365898  0.006192 0.735583 1 64 1.000000
0  -3.686104 -9.665223 -3.549218  0.088253 0.926461 0.365898  0.006192 0.735583 1 64 1.000000
lowpoly_metal
0  -3.840625 -10.501083 -1.984298  0.000000 0.088770 -0.996052  0.006192 0.735583 1 64 1.000000
0  -3.686104 -10.501083 -1.984298  0.000000 0.088770 -0.996052  0.006192 0.735583 1 64 1.000000
0  -3.686104 -10.796972 -2.010668  0.000000 0.088770 -0.996052  0.006192 0.735583 1 64 1.000000
lowpoly_metal
0  -3.686104 -10.690455 -2.272127  -1.000000 -0.000000 -0.000000  0.006192 0.735583 1 64 1.000000
0  -3.686104 -10.796972 -2.010668  -1.000000 -0.000000 -0.000000  0.006192 0.735583 1 64 1.000000
0  -3.686104 -10.501083 -1.984298  -1.000000 -0.000000 -0.000000  0.006192 0.735583 1 64 1.000000
lowpoly_metal
0  -3.686104 -10.501083 -1.984298  -1.000000 -0.000000 -0.000001  0.006192 0.735583 1 64 1.000000
0  -3.686104 -10.394566 -2.245757  -1.000000 -0.000000 -0.000001  0.006192 0.735583 1 64 1.000000
0  -3.686104 -10.690455 -2.272127  -1.000000 -0.000000 -0.000001  0.006192 0.735583 1 64 1.000000
lowpoly_metal
0  -3.686104 -10.272310 -2.861428  -1.000000 -0.000000 0.000000  0.006192 0.735583 1 64 1.000000
0  -3.686104 -10.690455 -2.272127  -1.000000 -0.000000 0.000000  0.006192 0.735583 1 64 1.000000
0  -3.686104 -10.394566 -2.245757  -1.000000 -0.000000 0.000000  0.006192 0.735583 1 64 1.000000
lowpoly_metal
0  -3.540585 -10.135467 -3.142275  0.005905 -0.898950 -0.438011  0.006192 0.735583 1 64 1.000000
0  -3.540585 -10.272310 -2.861428  0.005905 -0.898950 -0.438011  0.006192 0.735583 1 64 1.000000
0  -3.686104 -10.179741 -3.053372  0.005905 -0.898950 -0.438011  0.006192 0.735583 1 64 1.000000
lowpoly_metal
0  -3.686104 -10.272310 -2.861428  0.000000 -0.900723 -0.434394  0.006192 0.735583 1 64 1.000000
0  -3.686104 -10.179741 -3.053372  0.000000 -0.900723 -0.434394  0.006192 0.735583 1 64 1.000000
0  -3.540585 -10.272310 -2.861428  0.000000 -0.900723 -0.434394  0.006192 0.735583 1 64 1.000000
lowpoly_metal
0  -3.540585 -10.135467 -3.142275  0.000000 -0.930090 -0.367333  0.006192 0.735583 1 64 1.000000
0  -3.618002 -10.135467 -3.142275  0.000000 -0.930090 -0.367333  0.006192 0.735583 1 64 1.000000
0  -3.618002 -9.928012 -3.667554  0.000000 -0.930090 -0.367333  0.006192 0.735583 1 64 1.000000
lowpoly_metal
0  -3.686104 -9.888328 -3.023938  0.000000 0.900118 0.435647  0.006192 0.735583 1 64 1.000000
0  -3.686104 -9.976892 -2.840949  0.000000 0.900118 0.435647  0.006192 0.735583 1 64 1.000000
0  -3.540585 -9.976892 -2.840949  0.000000 0.900118 0.435647  0.006192 0.735583 1 64 1.000000
lowpoly_metal
0  -3.540585 -9.976892 -2.840949  -0.005175 0.898486 0.438972  0.006192 0.735583 1 64 1.000000
0  -3.540585 -9.844054 -3.112842  -0.005175 0.898486 0.438972  0.006192 0.735583 1 64 1.000000
0  -3.686104 -9.888328 -3.023938  -0.005175 0.898486 0.438972  0.006192 0.735583 1 64 1.000000
lowpoly_metal
0  -3.618002 -9.928012 -3.667554  0.000000 0.100490 -0.994938  0.006192 0.735583 1 64 1.000000
0  -3.618002 -9.636599 -3.638121  0.000000 0.100490 -0.994938  0.006192 0.735583 1 64 1.000000
0  -3.540585 -9.636599 -3.638121  0.000000 0.100490 -0.994938  0.006192 0.735583 1 64 1.000000
lowpoly_metal
0  -3.686104 -9.665223 -3.549218  -0.801664 0.060070 -0.594749  0.006192 0.735583 1 64 1.000000
0  -3.618002 -9.636599 -3.638121  -0.801664 0.060070 -0.594749  0.006192 0.735583 1 64 1.000000
0  -3.618002 -9.928012 -3.667554  -0.801664 0.060070 -0.594749  0.006192 0.735583 1 64 1.000000
lowpoly_metal
0  -3.618002 -10.135467 -3.142275  0.087702 -0.916871 -0.389429  0.006192 0.735583 1 64 1.000000
0  -3.686104 -10.179741 -3.053372  0.087702 -0.916871 -0.389429  0.006192 0.735583 1 64 1.000000
0  -3.686104 -9.956636 -3.578651  0.087702 -0.916871 -0.389429  0.006192 0.735583 1 64 1.000000
lowpoly_metal
0  -3.540585 -9.844054 -3.112842  0.000000 0.930090 0.367331  0.006192 0.735583 1 64 1.000000
0  -3.540585 -9.636599 -3.638121  0.000000 0.930090 0.367331  0.006192 0.735583 1 64 1.000000
0  -3.618002 -9.636599 -3.638121  0.000000 0.930090 0.367331  0.006192 0.735583 1 64 1.000000
lowpoly_metal
0  -3.686104 -9.888328 -3.023938  -1.000000 -0.000001 0.000000  0.006192 0.735583 1 64 1.000000
0  -3.686104 -9.665223 -3.549218  -1.000000 -0.000001 0.000000  0.006192 0.735583 1 64 1.000000
0  -3.686104 -9.956636 -3.578651  -1.000000 -0.000001 0.000000  0.006192 0.735583 1 64 1.000000
lowpoly_metal
0  -3.840624 -15.041738 -2.137364  0.000001 -0.961411 -0.275118  0.006192 0.735583 1 64 1.000000
0  -3.840624 -15.000867 -2.280185  0.000001 -0.961411 -0.275118  0.006192 0.735583 1 64 1.000000
0  -3.686103 -15.000867 -2.280185  0.000001 -0.961411 -0.275118  0.006192 0.735583 1 64 1.000000
lowpoly_metal
0  -3.540584 -15.041738 -2.137364  0.000000 -0.961407 -0.275129  0.006192 0.735583 1 64 1.000000
0  -3.686103 -15.041738 -2.137364  0.000000 -0.961407 -0.275129  0.006192 0.735583 1 64 1.000000
0  -3.686103 -15.000867 -2.280185  0.000000 -0.961407 -0.275129  0.006192 0.735583 1 64 1.000000
lowpoly_metal
0  -3.840624 -15.000867 -2.280185  -0.000003 0.005357 -0.999986  0.006192 0.735583 1 64 1.000000
0  -3.840624 -14.724261 -2.278703  -0.000003 0.005357 -0.999986  0.006192 0.735583 1 64 1.000000
0  -3.686103 -14.724261 -2.278704  -0.000003 0.005357 -0.999986  0.006192 0.735583 1 64 1.000000
lowpoly_metal
0  -3.240545 -10.796972 -2.010667  1.000000 0.000000 0.000000  0.006192 0.735583 1 64 1.000000
0  -3.240545 -10.501082 -1.984298  1.000000 0.000000 0.000000  0.006192 0.735583 1 64 1.000000
0  -3.240545 -10.599952 -1.740807  1.000000 0.000000 0.000000  0.006192 0.735583 1 64 1.000000
lowpoly_metal
0  -3.240544 -11.940991 -2.137364  1.000000 -0.000000 0.000000  0.006192 0.735583 1 64 1.000000
0  -3.240544 -11.940990 -1.740807  1.000000 -0.000000 0.000000  0.006192 0.735583 1 64 1.000000
0  -3.240544 -12.750235 -1.740808  1.000000 -0.000000 0.000000  0.006192 0.735583 1 64 1.000000
lowpoly_metal
0  -3.240544 -11.940990 -1.740807  1.000000 -0.000000 0.000000  0.006192 0.735583 1 64 1.000000
0  -3.240544 -11.940991 -1.259959  1.000000 -0.000000 0.000000  0.006192 0.735583 1 64 1.000000
0  -3.240544 -12.750235 -1.259960  1.000000 -0.000000 0.000000  0.006192 0.735583 1 64 1.000000
lowpoly_metal
0  -3.240544 -15.041738 -2.137364  1.000000 -0.000000 0.000001  0.006192 0.735583 1 64 1.000000
0  -3.240544 -15.000867 -2.280185  1.000000 -0.000000 0.000001  0.006192 0.735583 1 64 1.000000
0  -3.240544 -14.724261 -2.278703  1.000000 -0.000000 0.000001  0.006192 0.735583 1 64 1.000000
lowpoly_metal
0  -3.240544 -13.631670 -2.137364  1.000000 -0.000001 -0.000001  0.006192 0.735583 1 64 1.000000
0  -3.240544 -13.631670 -1.740808  1.000000 -0.000001 -0.000001  0.006192 0.735583 1 64 1.000000
0  -3.240544 -13.782097 -1.740808  1.000000 -0.000001 -0.000001  0.006192 0.735583 1 64 1.000000
lowpoly_metal
0  -3.540584 -12.988933 -2.137364  0.000000 0.000000 -1.000000  0.006192 0.735583 1 64 1.000000
0  -3.240544 -12.988933 -2.137364  0.000000 0.000000 -1.000000  0.006192 0.735583 1 64 1.000000
0  -3.240544 -13.631670 -2.137364  0.000000 0.000000 -1.000000  0.006192 0.735583 1 64 1.000000
lowpoly_metal
0  -3.240544 -12.988933 -2.137364  1.000000 0.000001 0.000000  0.006192 0.735583 1 64 1.000000
0  -3.240544 -12.988933 -1.740808  1.000000 0.000001 0.000000  0.006192 0.735583 1 64 1.000000
0  -3.240544 -13.631670 -1.740808  1.000000 0.000001 0.000000  0.006192 0.735583 1 64 1.000000
lowpoly_metal
0  -3.540584 -12.420794 -2.866972  0.000000 -0.972529 -0.232783  0.006192 0.735583 1 64 1.000000
0  -3.240544 -12.420794 -2.866972  0.000000 -0.972529 -0.232783  0.006192 0.735583 1 64 1.000000
0  -3.240544 -12.489320 -2.580682  0.000000 -0.972529 -0.232783  0.006192 0.735583 1 64 1.000000
lowpoly_metal
0  -3.540584 -12.489320 -2.580682  0.000000 -0.902211 -0.431295  0.006192 0.735583 1 64 1.000000
0  -3.240544 -12.489320 -2.580682  0.000000 -0.902211 -0.431295  0.006192 0.735583 1 64 1.000000
0  -3.240544 -12.619501 -2.308358  0.000000 -0.902211 -0.431295  0.006192 0.735583 1 64 1.000000
lowpoly_metal
0  -3.240545 -12.364423 -2.580682  1.000000 0.000000 0.000000  0.006192 0.735583 1 64 1.000000
0  -3.240544 -11.940991 -2.580682  1.000000 0.000000 0.000000  0.006192 0.735583 1 64 1.000000
0  -3.240544 -11.940991 -2.359023  1.000000 0.000000 0.000000  0.006192 0.735583 1 64 1.000000
lowpoly_metal
0  -3.240544 -12.464952 -2.319899  1.000000 0.000000 0.000000  0.006192 0.735583 1 64 1.000000
0  -3.240544 -11.940991 -2.359023  1.000000 0.000000 0.000000  0.006192 0.735583 1 64 1.000000
0  -3.240544 -11.940991 -2.137364  1.000000 0.000000 0.000000  0.006192 0.735583 1 64 1.000000
lowpoly_metal
0  -3.540584 -12.619501 -2.308358  0.000000 -0.420046 -0.907503  0.006192 0.735583 1 64 1.000000
0  -3.240544 -12.619501 -2.308358  0.000000 -0.420046 -0.907503  0.006192 0.735583 1 64 1.000000
0  -3.240544 -12.988933 -2.137364  0.000000 -0.420046 -0.907503  0.006192 0.735583 1 64 1.000000
lowpoly_metal
0  -3.240544 -13.782097 -2.137364  1.000000 -0.000002 0.000000  0.006192 0.735583 1 64 1.000000
0  -3.240544 -14.087215 -2.291525  1.000000 -0.000002 0.000000  0.006192 0.735583 1 64 1.000000
0  -3.240544 -13.941289 -2.295692  1.000000 -0.000002 0.000000  0.006192 0.735583 1 64 1.000000
lowpoly_metal
0  -3.240544 -14.524117 -2.137364  1.000000 0.000001 -0.000001  0.006192 0.735583 1 64 1.000000
0  -3.240544 -14.724261 -2.278703  1.000000 0.000001 -0.000001  0.006192 0.735583 1 64 1.000000
0  -3.240544 -14.581944 -2.277397  1.000000 0.000001 -0.000001  0.006192 0.735583 1 64 1.000000
lowpoly_metal
0  -3.395064 -14.724261 -2.278704  0.000000 0.009183 -0.999958  0.006192 0.735583 1 64 1.000000
0  -3.395064 -14.581944 -2.277397  0.000000 0.009183 -0.999958  0.006192 0.735583 1 64 1.000000
0  -3.240544 -14.581944 -2.277397  0.000000 0.009183 -0.999958  0.006192 0.735583 1 64 1.000000
lowpoly_metal
0  -3.240544 -14.523526 -2.123428  1.000000 0.000000 0.000000  0.006192 0.735583 1 64 1.000000
0  -3.240544 -14.524117 -2.137364  1.000000 0.000000 0.000000  0.006192 0.735583 1 64 1.000000
0  -3.240544 -14.494767 -2.123428  1.000000 0.000000 0.000000  0.006192 0.735583 1 64 1.000000
lowpoly_metal
0  -3.240544 -14.292081 -2.137364  1.000000 -0.000003 -0.000001  0.006192 0.735583 1 64 1.000000
0  -3.240544 -14.292081 -1.740808  1.000000 -0.000003 -0.000001  0.006192 0.735583 1 64 1.000000
0  -3.240544 -14.494767 -2.123428  1.000000 -0.000003 -0.000001  0.006192 0.735583 1 64 1.000000
lowpoly_metal
0  -3.240544 -14.494767 -2.123428  1.000000 0.000000 0.000000  0.006192 0.735583 1 64 1.000000
0  -3.240544 -14.524117 -2.137364  1.000000 0.000000 0.000000  0.006192 0.735583 1 64 1.000000
0  -3.240544 -14.292081 -2.137364  1.000000 0.000000 0.000000  0.006192 0.735583 1 64 1.000000
lowpoly_metal
0  -3.395064 -14.182254 -2.577164  0.000000 -0.965299 -0.261147  0.006192 0.735583 1 64 1.000000
0  -3.428385 -14.086066 -2.932703  0.000000 -0.965299 -0.261147  0.006192 0.735583 1 64 1.000000
0  -3.309245 -14.086066 -2.932703  0.000000 -0.965299 -0.261147  0.006192 0.735583 1 64 1.000000
lowpoly_metal
0  -3.240544 -14.017012 -2.314125  1.000000 0.000000 0.000001  0.006192 0.735583 1 64 1.000000
0  -3.240544 -14.077685 -2.577164  1.000000 0.000000 0.000001  0.006192 0.735583 1 64 1.000000
0  -3.240544 -14.046841 -2.577164  1.000000 0.000000 0.000001  0.006192 0.735583 1 64 1.000000
lowpoly_metal
0  -3.395064 -14.182254 -2.577164  0.000000 -0.909818 -0.415007  0.006192 0.735583 1 64 1.000000
0  -3.240544 -14.182254 -2.577164  0.000000 -0.909818 -0.415007  0.006192 0.735583 1 64 1.000000
0  -3.240544 -14.273732 -2.376616  0.000000 -0.909818 -0.415007  0.006192 0.735583 1 64 1.000000
lowpoly_metal
0  -3.395064 -14.581944 -2.277397  0.000000 -0.306431 -0.951893  0.006192 0.735583 1 64 1.000000
0  -3.395064 -14.273732 -2.376616  0.000000 -0.306431 -0.951893  0.006192 0.735583 1 64 1.000000
0  -3.240544 -14.273732 -2.376616  0.000000 -0.306431 -0.951893  0.006192 0.735583 1 64 1.000000
lowpoly_metal
0  -3.240544 -14.077685 -2.577164  0.977340 0.091268 -0.190991  0.006192 0.735583 1 64 1.000000
0  -3.309245 -14.018205 -2.900273  0.977340 0.091268 -0.190991  0.006192 0.735583 1 64 1.000000
0  -3.309245 -13.998188 -2.890707  0.977340 0.091268 -0.190991  0.006192 0.735583 1 64 1.000000
lowpoly_metal
0  -3.428385 -13.524395 -3.428579  0.000000 -0.491707 -0.870761  0.006192 0.735583 1 64 1.000000
0  -3.309245 -13.524395 -3.428579  0.000000 -0.491707 -0.870761  0.006192 0.735583 1 64 1.000000
0  -3.309245 -13.865223 -3.236119  0.000000 -0.491707 -0.870761  0.006192 0.735583 1 64 1.000000
lowpoly_metal
0  -3.428385 -14.086066 -2.932703  0.000000 -0.808511 -0.588481  0.006192 0.735583 1 64 1.000000
0  -3.428385 -13.865223 -3.236119  0.000000 -0.808511 -0.588481  0.006192 0.735583 1 64 1.000000
0  -3.309245 -13.865223 -3.236119  0.000000 -0.808511 -0.588481  0.006192 0.735583 1 64 1.000000
lowpoly_metal
0  -3.309245 -14.018205 -2.900273  1.000000 -0.000015 -0.000006  0.006192 0.735583 1 64 1.000000
0  -3.309245 -13.827281 -3.173346  1.000000 -0.000015 -0.000006  0.006192 0.735583 1 64 1.000000
0  -3.309245 -13.814788 -3.150225  1.000000 -0.000015 -0.000006  0.006192 0.735583 1 64 1.000000
lowpoly_metal
0  -3.309245 -13.827281 -3.173346  1.000000 0.000005 0.000000  0.006192 0.735583 1 64 1.000000
0  -3.309245 -13.500320 -3.359772  1.000000 0.000005 0.000000  0.006192 0.735583 1 64 1.000000
0  -3.309245 -13.491918 -3.334871  1.000000 0.000005 0.000000  0.006192 0.735583 1 64 1.000000
lowpoly_metal
0  -3.428385 -13.130715 -3.506778  0.000000 -0.004663 -0.999989  0.006192 0.735583 1 64 1.000000
0  -3.428385 -12.749867 -3.508554  0.000000 -0.004663 -0.999989  0.006192 0.735583 1 64 1.000000
0  -3.309245 -12.749867 -3.508554  0.000000 -0.004663 -0.999989  0.006192 0.735583 1 64 1.000000
lowpoly_metal
0  -3.428385 -13.524395 -3.428579  0.000000 -0.194830 -0.980837  0.006192 0.735583 1 64 1.000000
0  -3.428385 -13.130715 -3.506778  0.000000 -0.194830 -0.980837  0.006192 0.735583 1 64 1.000000
0  -3.309245 -13.130715 -3.506778  0.000000 -0.194830 -0.980837  0.006192 0.735583 1 64 1.000000
lowpoly_metal
0  -3.309246 -13.122844 -3.433712  1.000000 -0.000003 -0.000009  0.006192 0.735583 1 64 1.000000
0  -3.309245 -13.119420 -3.407657  1.000000 -0.000003 -0.000009  0.006192 0.735583 1 64 1.000000
0  -3.309245 -13.491918 -3.334871  1.000000 -0.000003 -0.000009  0.006192 0.735583 1 64 1.000000
lowpoly_metal
0  -3.309245 -12.487896 -3.221210  1.000000 0.000000 -0.000001  0.006192 0.735583 1 64 1.000000
0  -3.309245 -12.506859 -3.203016  1.000000 0.000000 -0.000001  0.006192 0.735583 1 64 1.000000
0  -3.309246 -12.782626 -3.410202  1.000000 0.000000 -0.000001  0.006192 0.735583 1 64 1.000000
lowpoly_metal
0  -3.309246 -13.122844 -3.433712  1.000000 0.000000 0.000000  0.006192 0.735583 1 64 1.000000
0  -3.309246 -12.771145 -3.433841  1.000000 0.000000 0.000000  0.006192 0.735583 1 64 1.000000
0  -3.309246 -12.782626 -3.410202  1.000000 0.000000 0.000000  0.006192 0.735583 1 64 1.000000
lowpoly_metal
0  -3.428385 -12.749867 -3.508554  -0.000004 0.586837 -0.809705  0.006192 0.735583 1 64 1.000000
0  -3.428385 -12.436163 -3.281196  -0.000004 0.586837 -0.809705  0.006192 0.735583 1 64 1.000000
0  -3.309246 -12.436162 -3.281196  -0.000004 0.586837 -0.809705  0.006192 0.735583 1 64 1.000000
lowpoly_metal
0  -3.240544 -11.940991 -2.580682  -0.000003 0.662169 -0.749354  0.006192 0.735583 1 64 1.000000
0  -3.240544 -12.313784 -2.910101  -0.000003 0.662169 -0.749354  0.006192 0.735583 1 64 1.000000
0  -3.395065 -12.313784 -2.910101  -0.000003 0.662169 -0.749354  0.006192 0.735583 1 64 1.000000
lowpoly_metal
0  -3.395065 -12.313784 -2.910101  0.000000 0.949691 -0.313189  0.006192 0.735583 1 64 1.000000
0  -3.240544 -12.313784 -2.910101  0.000000 0.949691 -0.313189  0.006192 0.735583 1 64 1.000000
0  -3.309246 -12.436162 -3.281196  0.000000 0.949691 -0.313189  0.006192 0.735583 1 64 1.000000
lowpoly_metal
0  -3.240544 -12.396420 -2.876796  0.980619 -0.073219 -0.181727  0.006192 0.735583 1 64 1.000000
0  -3.240544 -12.420794 -2.866972  0.980619 -0.073219 -0.181727  0.006192 0.735583 1 64 1.000000
0  -3.309245 -12.506859 -3.203016  0.980619 -0.073219 -0.181727  0.006192 0.735583 1 64 1.000000
lowpoly_metal
0  -3.240545 -12.364423 -2.580682  1.000000 0.000002 0.000001  0.006192 0.735583 1 64 1.000000
0  -3.240544 -12.396420 -2.876796  1.000000 0.000002 0.000001  0.006192 0.735583 1 64 1.000000
0  -3.240544 -12.313784 -2.910101  1.000000 0.000002 0.000001  0.006192 0.735583 1 64 1.000000
lowpoly_metal
0  -3.240544 -12.420794 -2.866972  1.000000 0.000000 -0.000000  0.006192 0.735583 1 64 1.000000
0  -3.240544 -12.396420 -2.876796  1.000000 0.000000 -0.000000  0.006192 0.735583 1 64 1.000000
0  -3.240545 -12.364423 -2.580682  1.000000 0.000000 -0.000000  0.006192 0.735583 1 64 1.000000
lowpoly_metal
0  -3.240544 -12.313784 -2.910101  0.981648 -0.071288 -0.176875  0.006192 0.735583 1 64 1.000000
0  -3.240544 -12.396420 -2.876796  0.981648 -0.071288 -0.176875  0.006192 0.735583 1 64 1.000000
0  -3.309245 -12.487896 -3.221210  0.981648 -0.071288 -0.176875  0.006192 0.735583 1 64 1.000000
lowpoly_metal
0  -3.309245 -13.130715 -3.506778  1.000000 0.000000 0.000003  0.006192 0.735583 1 64 1.000000
0  -3.309245 -12.749867 -3.508554  1.000000 0.000000 0.000003  0.006192 0.735583 1 64 1.000000
0  -3.309246 -12.771145 -3.433841  1.000000 0.000000 0.000003  0.006192 0.735583 1 64 1.000000
lowpoly_metal
0  -3.309246 -12.436162 -3.281196  1.000000 0.000000 -0.000003  0.006192 0.735583 1 64 1.000000
0  -3.309245 -12.487896 -3.221210  1.000000 0.000000 -0.000003  0.006192 0.735583 1 64 1.000000
0  -3.309246 -12.771145 -3.433841  1.000000 0.000000 -0.000003  0.006192 0.735583 1 64 1.000000
lowpoly_metal
0  -3.309245 -13.130715 -3.506778  1.000000 0.000002 0.000003  0.006192 0.735583 1 64 1.000000
0  -3.309246 -13.122844 -3.433712  1.000000 0.000002 0.000003  0.006192 0.735583 1 64 1.000000
0  -3.309245 -13.500320 -3.359772  1.000000 0.000002 0.000003  0.006192 0.735583 1 64 1.000000
lowpoly_metal
0  -3.309245 -13.524395 -3.428579  1.000000 0.000000 0.000000  0.006192 0.735583 1 64 1.000000
0  -3.309245 -13.500320 -3.359772  1.000000 0.000000 0.000000  0.006192 0.735583 1 64 1.000000
0  -3.309245 -13.827281 -3.173346  1.000000 0.000000 0.000000  0.006192 0.735583 1 64 1.000000
lowpoly_metal
0  -3.309245 -14.086066 -2.932703  1.000000 0.000004 -0.000000  0.006192 0.735583 1 64 1.000000
0  -3.309245 -13.865223 -3.236119  1.000000 0.000004 -0.000000  0.006192 0.735583 1 64 1.000000
0  -3.309245 -13.827281 -3.173346  1.000000 0.000004 -0.000000  0.006192 0.735583 1 64 1.000000
lowpoly_metal
0  -3.309245 -14.086066 -2.932703  0.977336 0.091279 -0.191003  0.006192 0.735583 1 64 1.000000
0  -3.309245 -14.018205 -2.900273  0.977336 0.091279 -0.191003  0.006192 0.735583 1 64 1.000000
0  -3.240544 -14.077685 -2.577164  0.977336 0.091279 -0.191003  0.006192 0.735583 1 64 1.000000
lowpoly_metal
0  -3.240544 -14.273732 -2.376616  1.000000 0.000006 -0.000003  0.006192 0.735583 1 64 1.000000
0  -3.240544 -14.017012 -2.314125  1.000000 0.000006 -0.000003  0.006192 0.735583 1 64 1.000000
0  -3.240544 -14.087215 -2.291525  1.000000 0.000006 -0.000003  0.006192 0.735583 1 64 1.000000
lowpoly_metal
0  -3.240544 -14.273732 -2.376616  1.000000 0.000000 0.000001  0.006192 0.735583 1 64 1.000000
0  -3.240544 -14.182254 -2.577164  1.000000 0.000000 0.000001  0.006192 0.735583 1 64 1.000000
0  -3.240544 -14.077685 -2.577164  1.000000 0.000000 0.000001  0.006192 0.735583 1 64 1.000000
lowpoly_metal
0  -3.240544 -14.292081 -2.137364  1.000000 0.000001 0.000000  0.006192 0.735583 1 64 1.000000
0  -3.240544 -14.581944 -2.277397  1.000000 0.000001 0.000000  0.006192 0.735583 1 64 1.000000
0  -3.240544 -14.087215 -2.291525  1.000000 0.000001 0.000000  0.006192 0.735583 1 64 1.000000
lowpoly_metal
0  -3.240544 -12.619501 -2.308358  1.000000 0.000005 0.000001  0.006192 0.735583 1 64 1.000000
0  -3.240544 -12.464952 -2.319899  1.000000 0.000005 0.000001  0.006192 0.735583 1 64 1.000000
0  -3.240544 -12.750235 -2.137364  1.000000 0.000005 0.000001  0.006192 0.735583 1 64 1.000000
lowpoly_metal
0  -3.240544 -12.489320 -2.580682  1.000000 0.000000 -0.000001  0.006192 0.735583 1 64 1.000000
0  -3.240545 -12.364423 -2.580682  1.000000 0.000000 -0.000001  0.006192 0.735583 1 64 1.000000
0  -3.240544 -12.464952 -2.319899  1.000000 0.000000 -0.000001  0.006192 0.735583 1 64 1.000000
lowpoly_metal
0  -3.240544 -13.782097 -2.137364  1.000000 0.000001 0.000000  0.006192 0.735583 1 64 1.000000
0  -3.240544 -13.782097 -1.740808  1.000000 0.000001 0.000000  0.006192 0.735583 1 64 1.000000
0  -3.240544 -14.292081 -1.740808  1.000000 0.000001 0.000000  0.006192 0.735583 1 64 1.000000
lowpoly_metal
0  -3.240544 -12.750235 -2.137364  1.000000 0.000000 0.000000  0.006192 0.735583 1 64 1.000000
0  -3.240544 -12.750235 -1.740808  1.000000 0.000000 0.000000  0.006192 0.735583 1 64 1.000000
0  -3.240544 -12.988933 -1.740808  1.000000 0.000000 0.000000  0.006192 0.735583 1 64 1.000000
lowpoly_metal
0  -3.240544 -12.334766 -0.122344  1.000000 0.000001 0.000000  0.006192 0.735583 1 64 1.000000
0  -3.240544 -12.750235 -0.122344  1.000000 0.000001 0.000000  0.006192 0.735583 1 64 1.000000
0  -3.240544 -12.547924 -0.406748  1.000000 0.000001 0.000000  0.006192 0.735583 1 64 1.000000
lowpoly_metal
0  -3.240545 -10.910878 -1.740807  1.000000 0.000000 0.000001  0.006192 0.735583 1 64 1.000000
0  -3.240545 -10.599952 -1.740807  1.000000 0.000000 0.000001  0.006192 0.735583 1 64 1.000000
0  -3.240545 -10.619275 -1.320614  1.000000 0.000000 0.000001  0.006192 0.735583 1 64 1.000000
lowpoly_metal
0  -3.240545 -10.619275 -1.320614  1.000000 0.000000 0.000000  0.006192 0.735583 1 64 1.000000
0  -3.240545 -10.692320 -1.242582  1.000000 0.000000 0.000000  0.006192 0.735583 1 64 1.000000
0  -3.240545 -10.910878 -1.740807  1.000000 0.000000 0.000000  0.006192 0.735583 1 64 1.000000
lowpoly_metal
0  -3.240544 -11.940991 -1.259959  1.000000 0.000001 0.000000  0.006192 0.735583 1 64 1.000000
0  -3.240544 -11.940990 -1.740807  1.000000 0.000001 0.000000  0.006192 0.735583 1 64 1.000000
0  -3.240545 -10.910878 -1.740807  1.000000 0.000001 0.000000  0.006192 0.735583 1 64 1.000000
lowpoly_metal
0  -3.395065 -10.993700 -1.152463  -0.000000 0.286490 0.958083  0.006192 0.735583 1 64 1.000000
0  -3.395065 -11.295080 -1.062343  -0.000000 0.286490 0.958083  0.006192 0.735583 1 64 1.000000
0  -3.240545 -11.295079 -1.062343  -0.000000 0.286490 0.958083  0.006192 0.735583 1 64 1.000000
lowpoly_metal
0  -3.395065 -12.334766 -0.122344  0.000000 1.000000 0.000000  0.006192 0.735583 1 64 1.000000
0  -3.395065 -12.334766 -0.044565  0.000000 1.000000 0.000000  0.006192 0.735583 1 64 1.000000
0  -3.240544 -12.334766 -0.044565  0.000000 1.000000 0.000000  0.006192 0.735583 1 64 1.000000
lowpoly_metal
0  -3.395065 -12.334766 -0.122344  0.000000 0.849642 0.527360  0.006192 0.735583 1 64 1.000000
0  -3.240544 -12.334766 -0.122344  0.000000 0.849642 0.527360  0.006192 0.735583 1 64 1.000000
0  -3.240544 -12.134218 -0.445450  0.000000 0.849642 0.527360  0.006192 0.735583 1 64 1.000000
lowpoly_metal
0  -3.395065 -11.295080 -1.062343  0.000002 0.463769 0.885956  0.006192 0.735583 1 64 1.000000
0  -3.395065 -11.782377 -0.807259  0.000002 0.463769 0.885956  0.006192 0.735583 1 64 1.000000
0  -3.240545 -11.782378 -0.807259  0.000002 0.463769 0.885956  0.006192 0.735583 1 64 1.000000
lowpoly_metal
0  -3.395065 -12.134217 -0.445450  0.000005 0.716913 0.697163  0.006192 0.735583 1 64 1.000000
0  -3.240544 -12.134218 -0.445450  0.000005 0.716913 0.697163  0.006192 0.735583 1 64 1.000000
0  -3.240545 -11.782378 -0.807259  0.000005 0.716913 0.697163  0.006192 0.735583 1 64 1.000000
lowpoly_metal
0  -3.240544 -12.143302 -0.975556  1.000000 0.000000 0.000000  0.006192 0.735583 1 64 1.000000
0  -3.240544 -12.750235 -0.975556  1.000000 0.000000 0.000000  0.006192 0.735583 1 64 1.000000
0  -3.240544 -12.750235 -1.117758  1.000000 0.000000 0.000000  0.006192 0.735583 1 64 1.000000
lowpoly_metal
0  -3.240544 -12.345613 -0.691152  1.000000 0.000000 0.000000  0.006192 0.735583 1 64 1.000000
0  -3.240544 -12.750235 -0.691152  1.000000 0.000000 0.000000  0.006192 0.735583 1 64 1.000000
0  -3.240544 -12.750235 -0.975556  1.000000 0.000000 0.000000  0.006192 0.735583 1 64 1.000000
lowpoly_metal
0  -3.240544 -12.547924 -0.406748  1.000000 0.000000 -0.000001  0.006192 0.735583 1 64 1.000000
0  -3.240544 -12.750235 -0.406748  1.000000 0.000000 -0.000001  0.006192 0.735583 1 64 1.000000
0  -3.240544 -12.750235 -0.691152  1.000000 0.000000 -0.000001  0.006192 0.735583 1 64 1.000000
lowpoly_metal
0  -3.395065 -10.619276 -1.320614  -0.000006 0.998944 0.045944  0.006192 0.735583 1 64 1.000000
0  -3.240545 -10.619275 -1.320614  -0.000006 0.998944 0.045944  0.006192 0.735583 1 64 1.000000
0  -3.240545 -10.599952 -1.740807  -0.000006 0.998944 0.045944  0.006192 0.735583 1 64 1.000000
lowpoly_metal
0  -3.240545 -11.782378 -0.807259  1.000000 0.000000 0.000000  0.006192 0.735583 1 64 1.000000
0  -3.240544 -12.345613 -0.691152  1.000000 0.000000 0.000000  0.006192 0.735583 1 64 1.000000
0  -3.240544 -12.143302 -0.975556  1.000000 0.000000 0.000000  0.006192 0.735583 1 64 1.000000
lowpoly_metal
0  -3.240544 -12.134218 -0.445450  1.000000 0.000000 -0.000000  0.006192 0.735583 1 64 1.000000
0  -3.240544 -12.547924 -0.406748  1.000000 0.000000 -0.000000  0.006192 0.735583 1 64 1.000000
0  -3.240544 -12.345613 -0.691152  1.000000 0.000000 -0.000000  0.006192 0.735583 1 64 1.000000
lowpoly_metal
0  -3.240545 -11.295079 -1.062343  1.000000 0.000001 0.000000  0.006192 0.735583 1 64 1.000000
0  -3.240544 -12.143302 -0.975556  1.000000 0.000001 0.000000  0.006192 0.735583 1 64 1.000000
0  -3.240544 -12.042147 -1.117758  1.000000 0.000001 0.000000  0.006192 0.735583 1 64 1.000000
lowpoly_metal
0  -3.395065 -12.334766 -0.044565  0.000000 1.000000 0.000000  0.006192 0.735583 1 64 1.000000
0  -3.438297 -12.334766 0.046138  0.000000 1.000000 0.000000  0.006192 0.735583 1 64 1.000000
0  -3.329683 -12.334766 0.046138  0.000000 1.000000 0.000000  0.006192 0.735583 1 64 1.000000
lowpoly_metal
0  -3.240543 -14.506701 -0.044565  0.713228 -0.000000 0.700932  0.006192 0.735583 1 64 1.000000
0  -3.329682 -14.506701 0.046138  0.713228 -0.000000 0.700932  0.006192 0.735583 1 64 1.000000
0  -3.329682 -15.217511 0.046138  0.713228 -0.000000 0.700932  0.006192 0.735583 1 64 1.000000
lowpoly_metal
0  -3.240544 -12.334766 -0.044565  1.000000 0.000000 0.000000  0.006192 0.735583 1 64 1.000000
0  -3.240544 -12.750235 -0.044565  1.000000 0.000000 0.000000  0.006192 0.735583 1 64 1.000000
0  -3.240544 -12.750235 -0.122344  1.000000 0.000000 0.000000  0.006192 0.735583 1 64 1.000000
lowpoly_metal
0  -3.240544 -14.046841 -2.577164  0.000000 0.936326 -0.351131  0.006192 0.735583 1 64 1.000000
0  -3.540584 -14.046841 -2.577164  0.000000 0.936326 -0.351131  0.006192 0.735583 1 64 1.000000
0  -3.540584 -13.941289 -2.295692  0.000000 0.936326 -0.351131  0.006192 0.735583 1 64 1.000000
lowpoly_metal
0  -3.240542 -15.217511 -0.044565  1.000000 0.000001 0.000003  0.006192 0.735583 1 64 1.000000
0  -3.240542 -15.217511 -0.122344  1.000000 0.000001 0.000003  0.006192 0.735583 1 64 1.000000
0  -3.240543 -14.506701 -0.122344  1.000000 0.000001 0.000003  0.006192 0.735583 1 64 1.000000
lowpoly_metal
0  -3.240544 -13.631670 -2.137364  0.000000 0.455292 -0.890342  0.006192 0.735583 1 64 1.000000
0  -3.240544 -13.941289 -2.295692  0.000000 0.455292 -0.890342  0.006192 0.735583 1 64 1.000000
0  -3.540584 -13.941289 -2.295692  0.000000 0.455292 -0.890342  0.006192 0.735583 1 64 1.000000
lowpoly_metal
0  -3.329683 -12.750235 0.046138  0.000001 0.000000 1.000000  0.006192 0.735583 1 64 1.000000
0  -3.329683 -12.334766 0.046138  0.000001 0.000000 1.000000  0.006192 0.735583 1 64 1.000000
0  -3.438297 -12.334766 0.046138  0.000001 0.000000 1.000000  0.006192 0.735583 1 64 1.000000
lowpoly_metal
0  -3.438297 -15.217511 0.046138  0.000001 -0.000000 1.000000  0.006192 0.735583 1 64 1.000000
0  -3.329682 -15.217511 0.046138  0.000001 -0.000000 1.000000  0.006192 0.735583 1 64 1.000000
0  -3.329682 -14.506701 0.046138  0.000001 -0.000000 1.000000  0.006192 0.735583 1 64 1.000000
lowpoly_metal
0  -3.309245 -13.998188 -2.890707  0.000000 0.988174 0.153336  0.006192 0.735583 1 64 1.000000
0  -3.540584 -13.998188 -2.890707  0.000000 0.988174 0.153336  0.006192 0.735583 1 64 1.000000
0  -3.540584 -14.046841 -2.577164  0.000000 0.988174 0.153336  0.006192 0.735583 1 64 1.000000
lowpoly_metal
0  -3.309245 -13.814788 -3.150225  0.000000 0.816655 0.577127  0.006192 0.735583 1 64 1.000000
0  -3.540584 -13.814788 -3.150225  0.000000 0.816655 0.577127  0.006192 0.735583 1 64 1.000000
0  -3.540584 -13.998188 -2.890707  0.000000 0.816655 0.577127  0.006192 0.735583 1 64 1.000000
lowpoly_metal
0  -3.329683 -12.334766 0.046138  0.713230 0.000000 0.700930  0.006192 0.735583 1 64 1.000000
0  -3.329683 -12.750235 0.046138  0.713230 0.000000 0.700930  0.006192 0.735583 1 64 1.000000
0  -3.240544 -12.750235 -0.044565  0.713230 0.000000 0.700930  0.006192 0.735583 1 64 1.000000
lowpoly_metal
0  -3.438297 -14.506701 0.046138  -0.000001 -0.000000 1.000000  0.006192 0.735583 1 64 1.000000
0  -3.329682 -14.506701 0.046138  -0.000001 -0.000000 1.000000  0.006192 0.735583 1 64 1.000000
0  -3.329683 -12.750235 0.046138  -0.000001 -0.000000 1.000000  0.006192 0.735583 1 64 1.000000
lowpoly_metal
0  -3.309245 -13.119420 -3.407657  0.000000 0.191771 0.981440  0.006192 0.735583 1 64 1.000000
0  -3.540584 -13.119420 -3.407657  0.000000 0.191771 0.981440  0.006192 0.735583 1 64 1.000000
0  -3.540584 -13.491918 -3.334871  0.000000 0.191771 0.981440  0.006192 0.735583 1 64 1.000000
lowpoly_metal
0  -3.240543 -14.506701 -0.044565  1.000000 0.000000 0.000000  0.006192 0.735583 1 64 1.000000
0  -3.240543 -14.506701 -0.122344  1.000000 0.000000 0.000000  0.006192 0.735583 1 64 1.000000
0  -3.240544 -12.750235 -0.122344  1.000000 0.000000 0.000000  0.006192 0.735583 1 64 1.000000
lowpoly_metal
0  -3.309245 -13.491918 -3.334871  0.000000 0.496440 0.868071  0.006192 0.735583 1 64 1.000000
0  -3.540584 -13.491918 -3.334871  0.000000 0.496440 0.868071  0.006192 0.735583 1 64 1.000000
0  -3.540584 -13.814788 -3.150225  0.000000 0.496440 0.868071  0.006192 0.735583 1 64 1.000000
lowpoly_metal
0  -3.329683 -12.750235 0.046138  0.713229 0.000001 0.700931  0.006192 0.735583 1 64 1.000000
0  -3.329682 -14.506701 0.046138  0.713229 0.000001 0.700931  0.006192 0.735583 1 64 1.000000
0  -3.240543 -14.506701 -0.044565  0.713229 0.000001 0.700931  0.006192 0.735583 1 64 1.000000
lowpoly_metal
0  -3.309246 -12.782626 -3.410202  0.000003 0.007555 0.999972  0.006192 0.735583 1 64 1.000000
0  -3.540584 -12.782626 -3.410201  0.000003 0.007555 0.999972  0.006192 0.735583 1 64 1.000000
0  -3.540584 -13.119420 -3.407657  0.000003 0.007555 0.999972  0.006192 0.735583 1 64 1.000000
lowpoly_metal
0  -3.309245 -12.506859 -3.203016  0.000000 -0.968733 0.248106  0.006192 0.735583 1 64 1.000000
0  -3.240544 -12.420794 -2.866972  0.000000 -0.968733 0.248106  0.006192 0.735583 1 64 1.000000
0  -3.540584 -12.420794 -2.866972  0.000000 -0.968733 0.248106  0.006192 0.735583 1 64 1.000000
lowpoly_metal
0  -3.309245 -12.506859 -3.203016  0.000001 -0.600666 0.799500  0.006192 0.735583 1 64 1.000000
0  -3.540584 -12.506859 -3.203016  0.000001 -0.600666 0.799500  0.006192 0.735583 1 64 1.000000
0  -3.540584 -12.782626 -3.410201  0.000001 -0.600666 0.799500  0.006192 0.735583 1 64 1.000000
lowpoly_metal
0  -3.240544 -14.524117 -2.137364  1.000000 -0.000000 0.000000  0.006192 0.735583 1 64 1.000000
0  -3.240544 -14.523526 -2.123428  1.000000 -0.000000 0.000000  0.006192 0.735583 1 64 1.000000
0  -3.240544 -15.041738 -2.123429  1.000000 -0.000000 0.000000  0.006192 0.735583 1 64 1.000000
lowpoly_metal
0  -3.540584 -14.724261 -2.278703  0.000000 0.005355 -0.999986  0.006192 0.735583 1 64 1.000000
0  -3.395064 -14.724261 -2.278704  0.000000 0.005355 -0.999986  0.006192 0.735583 1 64 1.000000
0  -3.395064 -15.000867 -2.280185  0.000000 0.005355 -0.999986  0.006192 0.735583 1 64 1.000000
lowpoly_metal
0  -3.438297 -15.217511 0.046138  0.000009 -1.000000 0.000000  0.006192 0.735583 1 64 1.000000
0  -3.540584 -15.217512 0.046138  0.000009 -1.000000 0.000000  0.006192 0.735583 1 64 1.000000
0  -3.540584 -15.217512 -0.044565  0.000009 -1.000000 0.000000  0.006192 0.735583 1 64 1.000000
lowpoly_metal
0  -3.410053 -15.217511 -0.122344  0.000000 -1.000000 0.000000  0.006192 0.735583 1 64 1.000000
0  -3.240542 -15.217511 -0.122344  0.000000 -1.000000 0.000000  0.006192 0.735583 1 64 1.000000
0  -3.395064 -15.217511 -0.044565  0.000000 -1.000000 0.000000  0.006192 0.735583 1 64 1.000000
lowpoly_metal
0  -3.395064 -15.217511 -0.044565  0.000007 -1.000000 0.000000  0.006192 0.735583 1 64 1.000000
0  -3.540584 -15.217512 -0.044565  0.000007 -1.000000 0.000000  0.006192 0.735583 1 64 1.000000
0  -3.540584 -15.217512 -0.085875  0.000007 -1.000000 0.000000  0.006192 0.735583 1 64 1.000000
lowpoly_metal
0  -3.240542 -15.217511 -0.122344  0.000000 -1.000000 0.000000  0.006192 0.735583 1 64 1.000000
0  -3.240542 -15.217511 -0.044565  0.000000 -1.000000 0.000000  0.006192 0.735583 1 64 1.000000
0  -3.395064 -15.217511 -0.044565  0.000000 -1.000000 0.000000  0.006192 0.735583 1 64 1.000000
lowpoly_metal
0  -3.395065 -10.619276 -1.320614  0.000000 0.730052 0.683392  0.006192 0.735583 1 64 1.000000
0  -3.540585 -10.619276 -1.320614  0.000000 0.730052 0.683392  0.006192 0.735583 1 64 1.000000
0  -3.540585 -10.692320 -1.242582  0.000000 0.730052 0.683392  0.006192 0.735583 1 64 1.000000
lowpoly_metal
0  -3.395065 -11.940991 -2.359023  0.000000 1.000000 -0.000001  0.006192 0.735583 1 64 1.000000
0  -3.540584 -11.940991 -2.359023  0.000000 1.000000 -0.000001  0.006192 0.735583 1 64 1.000000
0  -3.540584 -11.940991 -2.137364  0.000000 1.000000 -0.000001  0.006192 0.735583 1 64 1.000000
lowpoly_metal
0  -3.395065 -11.940991 -2.359023  0.000000 1.000000 0.000000  0.006192 0.735583 1 64 1.000000
0  -3.395065 -11.940991 -2.580682  0.000000 1.000000 0.000000  0.006192 0.735583 1 64 1.000000
0  -3.540584 -11.940991 -2.580682  0.000000 1.000000 0.000000  0.006192 0.735583 1 64 1.000000
lowpoly_metal
0  -3.540585 -10.501082 -1.984298  0.000000 0.926531 0.376217  0.006192 0.735583 1 64 1.000000
0  -3.540585 -10.599953 -1.740807  0.000000 0.926531 0.376217  0.006192 0.735583 1 64 1.000000
0  -3.395065 -10.599953 -1.740807  0.000000 0.926531 0.376217  0.006192 0.735583 1 64 1.000000
lowpoly_metal
0  -3.540584 -12.750235 -1.117758  0.000000 -1.000000 0.000000  0.006192 0.735583 1 64 1.000000
0  -3.540584 -12.750235 -1.259960  0.000000 -1.000000 0.000000  0.006192 0.735583 1 64 1.000000
0  -3.240544 -12.750235 -1.259960  0.000000 -1.000000 0.000000  0.006192 0.735583 1 64 1.000000
lowpoly_metal
0  -3.240544 -12.750235 -0.691152  0.000000 -1.000000 0.000000  0.006192 0.735583 1 64 1.000000
0  -3.540584 -12.750235 -0.691152  0.000000 -1.000000 0.000000  0.006192 0.735583 1 64 1.000000
0  -3.540584 -12.750235 -0.975556  0.000000 -1.000000 0.000000  0.006192 0.735583 1 64 1.000000
lowpoly_metal
0  -3.240544 -14.494767 -1.740808  0.000000 0.000000 1.000000  0.006192 0.735583 1 64 1.000000
0  -3.240544 -14.292081 -1.740808  0.000000 0.000000 1.000000  0.006192 0.735583 1 64 1.000000
0  -3.362154 -14.494767 -1.740808  0.000000 0.000000 1.000000  0.006192 0.735583 1 64 1.000000
lowpoly_metal
0  -3.540584 -14.292081 -1.740808  0.000000 0.000000 1.000000  0.006192 0.735583 1 64 1.000000
0  -3.540584 -14.494767 -1.740808  0.000000 0.000000 1.000000  0.006192 0.735583 1 64 1.000000
0  -3.362154 -14.494767 -1.740808  0.000000 0.000000 1.000000  0.006192 0.735583 1 64 1.000000
lowpoly_metal
0  -3.240544 -12.750235 -0.406748  0.000000 -1.000000 0.000000  0.006192 0.735583 1 64 1.000000
0  -3.240544 -12.750235 -0.122344  0.000000 -1.000000 0.000000  0.006192 0.735583 1 64 1.000000
0  -3.469486 -12.750235 -0.324775  0.000000 -1.000000 0.000000  0.006192 0.735583 1 64 1.000000
lowpoly_metal
0  -3.540584 -12.750235 -0.122344  0.000000 -1.000000 0.000000  0.006192 0.735583 1 64 1.000000
0  -3.540584 -12.750235 -0.263202  0.000000 -1.000000 0.000000  0.006192 0.735583 1 64 1.000000
0  -3.505035 -12.750235 -0.263202  0.000000 -1.000000 0.000000  0.006192 0.735583 1 64 1.000000
lowpoly_metal
0  -3.540584 -12.750235 -0.122344  0.000000 -1.000000 0.000000  0.006192 0.735583 1 64 1.000000
0  -3.505035 -12.750235 -0.263202  0.000000 -1.000000 0.000000  0.006192 0.735583 1 64 1.000000
0  -3.240544 -12.750235 -0.122344  0.000000 -1.000000 0.000000  0.006192 0.735583 1 64 1.000000
lowpoly_metal
0  -3.540584 -12.750235 -0.386348  0.000000 -1.000000 0.000000  0.006192 0.735583 1 64 1.000000
0  -3.540584 -12.750235 -0.406748  0.000000 -1.000000 0.000000  0.006192 0.735583 1 64 1.000000
0  -3.505035 -12.750235 -0.386348  0.000000 -1.000000 0.000000  0.006192 0.735583 1 64 1.000000
lowpoly_metal
0  -3.505035 -12.750235 -0.386348  0.000000 -1.000000 0.000000  0.006192 0.735583 1 64 1.000000
0  -3.540584 -12.750235 -0.406748  0.000000 -1.000000 0.000000  0.006192 0.735583 1 64 1.000000
0  -3.240544 -12.750235 -0.406748  0.000000 -1.000000 0.000000  0.006192 0.735583 1 64 1.000000
lowpoly_metal
0  -3.240544 -12.750235 -0.122344  0.000000 -1.000000 0.000000  0.006192 0.735583 1 64 1.000000
0  -3.505035 -12.750235 -0.263202  0.000000 -1.000000 0.000000  0.006192 0.735583 1 64 1.000000
0  -3.469486 -12.750235 -0.324775  0.000000 -1.000000 0.000000  0.006192 0.735583 1 64 1.000000
lowpoly_metal
0  -3.240544 -12.988933 -1.740808  0.000000 -0.000000 1.000000  0.006192 0.735583 1 64 1.000000
0  -3.540584 -12.988933 -1.740808  0.000000 -0.000000 1.000000  0.006192 0.735583 1 64 1.000000
0  -3.540584 -13.631670 -1.740808  0.000000 -0.000000 1.000000  0.006192 0.735583 1 64 1.000000
lowpoly_metal
0  -3.240544 -12.750235 -0.122344  0.000001 0.000000 -1.000000  0.006192 0.735583 1 64 1.000000
0  -3.240543 -14.506701 -0.122344  0.000001 0.000000 -1.000000  0.006192 0.735583 1 64 1.000000
0  -3.449720 -14.506701 -0.122344  0.000001 0.000000 -1.000000  0.006192 0.735583 1 64 1.000000
lowpoly_metal
0  -3.449720 -14.506701 -0.122344  0.000001 0.000000 -1.000000  0.006192 0.735583 1 64 1.000000
0  -3.540584 -14.506701 -0.122344  0.000001 0.000000 -1.000000  0.006192 0.735583 1 64 1.000000
0  -3.540584 -12.750235 -0.122344  0.000001 0.000000 -1.000000  0.006192 0.735583 1 64 1.000000
lowpoly_metal
0  -3.540584 -12.750235 -1.740808  0.000000 0.000000 1.000000  0.006192 0.735583 1 64 1.000000
0  -3.540584 -12.988933 -1.740808  0.000000 0.000000 1.000000  0.006192 0.735583 1 64 1.000000
0  -3.240544 -12.988933 -1.740808  0.000000 0.000000 1.000000  0.006192 0.735583 1 64 1.000000
lowpoly_metal
0  -3.240544 -12.750235 -1.259960  0.000000 -1.000000 0.000000  0.006192 0.735583 1 64 1.000000
0  -3.540584 -12.750235 -1.259960  0.000000 -1.000000 0.000000  0.006192 0.735583 1 64 1.000000
0  -3.540584 -12.750235 -1.740808  0.000000 -1.000000 0.000000  0.006192 0.735583 1 64 1.000000
lowpoly_metal
0  -3.540584 -13.782097 -1.740808  0.000000 0.000000 1.000000  0.006192 0.735583 1 64 1.000000
0  -3.540584 -14.292081 -1.740808  0.000000 0.000000 1.000000  0.006192 0.735583 1 64 1.000000
0  -3.240544 -14.292081 -1.740808  0.000000 0.000000 1.000000  0.006192 0.735583 1 64 1.000000
lowpoly_metal
0  -3.540584 -13.631670 -1.740808  0.000000 -0.000001 1.000000  0.006192 0.735583 1 64 1.000000
0  -3.540584 -13.782097 -1.740808  0.000000 -0.000001 1.000000  0.006192 0.735583 1 64 1.000000
0  -3.240544 -13.782097 -1.740808  0.000000 -0.000001 1.000000  0.006192 0.735583 1 64 1.000000
lowpoly_metal
0  -3.540584 -12.750235 -0.406748  0.000000 -1.000000 0.000000  0.006192 0.735583 1 64 1.000000
0  -3.540584 -12.750235 -0.691152  0.000000 -1.000000 0.000000  0.006192 0.735583 1 64 1.000000
0  -3.240544 -12.750235 -0.691152  0.000000 -1.000000 0.000000  0.006192 0.735583 1 64 1.000000
lowpoly_metal
0  -3.338604 -15.217511 -0.594255  0.000000 -1.000000 -0.000011  0.006192 0.735583 1 64 1.000000
0  -3.540584 -15.217511 -0.717281  0.000000 -1.000000 -0.000011  0.006192 0.735583 1 64 1.000000
0  -3.444908 -15.217511 -0.764160  0.000000 -1.000000 -0.000011  0.006192 0.735583 1 64 1.000000
lowpoly_metal
0  -3.444908 -15.217511 -0.764160  0.000000 -1.000000 0.000003  0.006192 0.735583 1 64 1.000000
0  -3.362154 -15.217511 -0.843771  0.000000 -1.000000 0.000003  0.006192 0.735583 1 64 1.000000
0  -3.338604 -15.217511 -0.594255  0.000000 -1.000000 0.000003  0.006192 0.735583 1 64 1.000000
lowpoly_metal
0  -3.540584 -15.217511 -0.717281  0.000000 -1.000000 0.000000  0.006192 0.735583 1 64 1.000000
0  -3.540584 -15.217511 -0.765249  0.000000 -1.000000 0.000000  0.006192 0.735583 1 64 1.000000
0  -3.444908 -15.217511 -0.764160  0.000000 -1.000000 0.000000  0.006192 0.735583 1 64 1.000000
lowpoly_metal
0  -3.240542 -15.217511 -0.122344  0.000000 -1.000000 0.000000  0.006192 0.735583 1 64 1.000000
0  -3.336533 -15.217511 -0.164623  0.000000 -1.000000 0.000000  0.006192 0.735583 1 64 1.000000
0  -3.119593 -15.217511 -0.239343  0.000000 -1.000000 0.000000  0.006192 0.735583 1 64 1.000000
lowpoly_metal
0  -3.119593 -15.217511 -0.627873  0.000000 -1.000000 0.000000  0.006192 0.735583 1 64 1.000000
0  -3.119593 -15.217511 -0.239343  0.000000 -1.000000 0.000000  0.006192 0.735583 1 64 1.000000
0  -3.338604 -15.217511 -0.594255  0.000000 -1.000000 0.000000  0.006192 0.735583 1 64 1.000000
lowpoly_metal
0  -3.362154 -15.217511 -0.843771  0.000000 -1.000000 0.000000  0.006192 0.735583 1 64 1.000000
0  -3.192228 -15.217511 -0.789435  0.000000 -1.000000 0.000000  0.006192 0.735583 1 64 1.000000
0  -3.338604 -15.217511 -0.594255  0.000000 -1.000000 0.000000  0.006192 0.735583 1 64 1.000000
lowpoly_metal
0  -3.119593 -15.217511 -0.239343  0.000000 -1.000000 0.000005  0.006192 0.735583 1 64 1.000000
0  -3.336533 -15.217511 -0.164623  0.000000 -1.000000 0.000005  0.006192 0.735583 1 64 1.000000
0  -3.338604 -15.217511 -0.594255  0.000000 -1.000000 0.000005  0.006192 0.735583 1 64 1.000000
lowpoly_metal
0  -3.240542 -15.217511 -0.122344  0.695271 0.000000 0.718747  0.006192 0.735583 1 64 1.000000
0  -3.119593 -15.217511 -0.239343  0.695271 0.000000 0.718747  0.006192 0.735583 1 64 1.000000
0  -3.119593 -14.506701 -0.239343  0.695271 0.000000 0.718747  0.006192 0.735583 1 64 1.000000
lowpoly_metal
0  -3.192228 -15.217511 -0.789435  0.912067 0.000001 -0.410042  0.006192 0.735583 1 64 1.000000
0  -3.192228 -14.506701 -0.789435  0.912067 0.000001 -0.410042  0.006192 0.735583 1 64 1.000000
0  -3.119593 -14.506701 -0.627873  0.912067 0.000001 -0.410042  0.006192 0.735583 1 64 1.000000
lowpoly_metal
0  -3.119593 -15.217511 -0.627873  1.000000 0.000001 0.000000  0.006192 0.735583 1 64 1.000000
0  -3.119593 -14.506701 -0.627873  1.000000 0.000001 0.000000  0.006192 0.735583 1 64 1.000000
0  -3.119593 -14.506701 -0.239343  1.000000 0.000001 0.000000  0.006192 0.735583 1 64 1.000000
lowpoly_metal
0  -3.395065 -10.501082 -1.984298  -0.000006 0.926529 0.376224  0.006192 0.735583 1 64 1.000000
0  -3.395065 -10.599953 -1.740807  -0.000006 0.926529 0.376224  0.006192 0.735583 1 64 1.000000
0  -3.240545 -10.599952 -1.740807  -0.000006 0.926529 0.376224  0.006192 0.735583 1 64 1.000000
lowpoly_metal
0  -3.240544 -11.940991 -2.359023  0.000000 1.000000 0.000000  0.006192 0.735583 1 64 1.000000
0  -3.240544 -11.940991 -2.580682  0.000000 1.000000 0.000000  0.006192 0.735583 1 64 1.000000
0  -3.395065 -11.940991 -2.580682  0.000000 1.000000 0.000000  0.006192 0.735583 1 64 1.000000
lowpoly_metal
0  -3.240544 -11.940991 -2.359023  0.000000 1.000000 -0.000001  0.006192 0.735583 1 64 1.000000
0  -3.395065 -11.940991 -2.359023  0.000000 1.000000 -0.000001  0.006192 0.735583 1 64 1.000000
0  -3.395065 -11.940991 -2.137364  0.000000 1.000000 -0.000001  0.006192 0.735583 1 64 1.000000
lowpoly_metal
0  -3.240545 -10.692320 -1.242582  -0.000005 0.730055 0.683388  0.006192 0.735583 1 64 1.000000
0  -3.240545 -10.619275 -1.320614  -0.000005 0.730055 0.683388  0.006192 0.735583 1 64 1.000000
0  -3.395065 -10.619276 -1.320614  -0.000005 0.730055 0.683388  0.006192 0.735583 1 64 1.000000
lowpoly_metal
0  -3.329682 -15.217511 0.046138  0.000000 -1.000000 -0.000012  0.006192 0.735583 1 64 1.000000
0  -3.438297 -15.217511 0.046138  0.000000 -1.000000 -0.000012  0.006192 0.735583 1 64 1.000000
0  -3.395064 -15.217511 -0.044565  0.000000 -1.000000 -0.000012  0.006192 0.735583 1 64 1.000000
lowpoly_metal
0  -3.540585 -12.750235 0.046138  0.000001 0.000000 1.000000  0.006192 0.735583 1 64 1.000000
0  -3.540584 -14.506701 0.046138  0.000001 0.000000 1.000000  0.006192 0.735583 1 64 1.000000
0  -3.438297 -14.506701 0.046138  0.000001 0.000000 1.000000  0.006192 0.735583 1 64 1.000000
lowpoly_metal
0  -3.540584 -14.506701 0.046138  -0.000001 -0.000000 1.000000  0.006192 0.735583 1 64 1.000000
0  -3.540584 -15.217512 0.046138  -0.000001 -0.000000 1.000000  0.006192 0.735583 1 64 1.000000
0  -3.438297 -15.217511 0.046138  -0.000001 -0.000000 1.000000  0.006192 0.735583 1 64 1.000000
lowpoly_metal
0  -3.438297 -12.750235 0.046138  0.000000 0.000000 1.000000  0.006192 0.735583 1 64 1.000000
0  -3.438297 -12.334766 0.046138  0.000000 0.000000 1.000000  0.006192 0.735583 1 64 1.000000
0  -3.540585 -12.334766 0.046138  0.000000 0.000000 1.000000  0.006192 0.735583 1 64 1.000000
lowpoly_metal
0  -3.540585 -12.334766 -0.044565  0.000000 1.000000 0.000000  0.006192 0.735583 1 64 1.000000
0  -3.540585 -12.334766 0.046138  0.000000 1.000000 0.000000  0.006192 0.735583 1 64 1.000000
0  -3.438297 -12.334766 0.046138  0.000000 1.000000 0.000000  0.006192 0.735583 1 64 1.000000
lowpoly_metal
0  -3.540585 -10.619276 -1.320614  0.000000 0.998944 0.045938  0.006192 0.735583 1 64 1.000000
0  -3.395065 -10.619276 -1.320614  0.000000 0.998944 0.045938  0.006192 0.735583 1 64 1.000000
0  -3.395065 -10.599953 -1.740807  0.000000 0.998944 0.045938  0.006192 0.735583 1 64 1.000000
lowpoly_metal
0  -3.540584 -12.313784 -2.910100  -0.000001 0.949691 -0.313189  0.006192 0.735583 1 64 1.000000
0  -3.395065 -12.313784 -2.910101  -0.000001 0.949691 -0.313189  0.006192 0.735583 1 64 1.000000
0  -3.428385 -12.436163 -3.281196  -0.000001 0.949691 -0.313189  0.006192 0.735583 1 64 1.000000
lowpoly_metal
0  -3.395065 -11.940991 -2.580682  0.000000 0.662169 -0.749355  0.006192 0.735583 1 64 1.000000
0  -3.395065 -12.313784 -2.910101  0.000000 0.662169 -0.749355  0.006192 0.735583 1 64 1.000000
0  -3.540584 -12.313784 -2.910100  0.000000 0.662169 -0.749355  0.006192 0.735583 1 64 1.000000
lowpoly_metal
0  -3.540584 -12.749867 -3.508553  0.000000 0.586833 -0.809708  0.006192 0.735583 1 64 1.000000
0  -3.540584 -12.436163 -3.281196  0.000000 0.586833 -0.809708  0.006192 0.735583 1 64 1.000000
0  -3.428385 -12.436163 -3.281196  0.000000 0.586833 -0.809708  0.006192 0.735583 1 64 1.000000
lowpoly_metal
0  -3.540584 -13.130715 -3.506778  0.000000 -0.194828 -0.980837  0.006192 0.735583 1 64 1.000000
0  -3.428385 -13.130715 -3.506778  0.000000 -0.194828 -0.980837  0.006192 0.735583 1 64 1.000000
0  -3.428385 -13.524395 -3.428579  0.000000 -0.194828 -0.980837  0.006192 0.735583 1 64 1.000000
lowpoly_metal
0  -3.540584 -12.749867 -3.508553  -0.000006 -0.004663 -0.999989  0.006192 0.735583 1 64 1.000000
0  -3.428385 -12.749867 -3.508554  -0.000006 -0.004663 -0.999989  0.006192 0.735583 1 64 1.000000
0  -3.428385 -13.130715 -3.506778  -0.000006 -0.004663 -0.999989  0.006192 0.735583 1 64 1.000000
lowpoly_metal
0  -3.540584 -13.865223 -3.236119  0.000003 -0.808510 -0.588482  0.006192 0.735583 1 64 1.000000
0  -3.428385 -13.865223 -3.236119  0.000003 -0.808510 -0.588482  0.006192 0.735583 1 64 1.000000
0  -3.428385 -14.086066 -2.932703  0.000003 -0.808510 -0.588482  0.006192 0.735583 1 64 1.000000
lowpoly_metal
0  -3.540584 -13.524395 -3.428579  0.000000 -0.491702 -0.870763  0.006192 0.735583 1 64 1.000000
0  -3.428385 -13.524395 -3.428579  0.000000 -0.491702 -0.870763  0.006192 0.735583 1 64 1.000000
0  -3.428385 -13.865223 -3.236119  0.000000 -0.491702 -0.870763  0.006192 0.735583 1 64 1.000000
lowpoly_metal
0  -3.540584 -14.273732 -2.376616  0.000000 -0.306434 -0.951892  0.006192 0.735583 1 64 1.000000
0  -3.395064 -14.273732 -2.376616  0.000000 -0.306434 -0.951892  0.006192 0.735583 1 64 1.000000
0  -3.395064 -14.581944 -2.277397  0.000000 -0.306434 -0.951892  0.006192 0.735583 1 64 1.000000
lowpoly_metal
0  -3.540584 -14.182254 -2.577164  0.000000 -0.909819 -0.415005  0.006192 0.735583 1 64 1.000000
0  -3.395064 -14.182254 -2.577164  0.000000 -0.909819 -0.415005  0.006192 0.735583 1 64 1.000000
0  -3.395064 -14.273732 -2.376616  0.000000 -0.909819 -0.415005  0.006192 0.735583 1 64 1.000000
lowpoly_metal
0  -3.540584 -14.182254 -2.577164  0.000000 -0.965298 -0.261152  0.006192 0.735583 1 64 1.000000
0  -3.540584 -14.086066 -2.932703  0.000000 -0.965298 -0.261152  0.006192 0.735583 1 64 1.000000
0  -3.428385 -14.086066 -2.932703  0.000000 -0.965298 -0.261152  0.006192 0.735583 1 64 1.000000
lowpoly_metal
0  -3.540584 -14.581944 -2.277397  0.000000 0.009183 -0.999958  0.006192 0.735583 1 64 1.000000
0  -3.395064 -14.581944 -2.277397  0.000000 0.009183 -0.999958  0.006192 0.735583 1 64 1.000000
0  -3.395064 -14.724261 -2.278704  0.000000 0.009183 -0.999958  0.006192 0.735583 1 64 1.000000
lowpoly_metal
0  -3.540585 -10.690455 -2.272127  0.000001 -0.926099 -0.377280  0.006192 0.735583 1 64 1.000000
0  -3.395065 -10.690455 -2.272127  0.000001 -0.926099 -0.377280  0.006192 0.735583 1 64 1.000000
0  -3.395065 -10.796972 -2.010668  0.000001 -0.926099 -0.377280  0.006192 0.735583 1 64 1.000000
lowpoly_metal
0  -3.540585 -10.692320 -1.242582  0.000000 0.286488 0.958084  0.006192 0.735583 1 64 1.000000
0  -3.540585 -10.993700 -1.152463  0.000000 0.286488 0.958084  0.006192 0.735583 1 64 1.000000
0  -3.395065 -10.993700 -1.152463  0.000000 0.286488 0.958084  0.006192 0.735583 1 64 1.000000
lowpoly_metal
0  -3.540584 -12.750235 -0.975556  0.000000 -1.000000 0.000000  0.006192 0.735583 1 64 1.000000
0  -3.540584 -12.750235 -1.117758  0.000000 -1.000000 0.000000  0.006192 0.735583 1 64 1.000000
0  -3.240544 -12.750235 -1.117758  0.000000 -1.000000 0.000000  0.006192 0.735583 1 64 1.000000
lowpoly_metal
0  -3.240545 -10.993699 -1.152463  1.000000 0.000000 0.000000  0.006192 0.735583 1 64 1.000000
0  -3.240544 -12.042147 -1.117758  1.000000 0.000000 0.000000  0.006192 0.735583 1 64 1.000000
0  -3.240544 -11.940991 -1.259959  1.000000 0.000000 0.000000  0.006192 0.735583 1 64 1.000000
lowpoly_metal
0  -3.240544 -12.042147 -1.117758  1.000000 0.000000 0.000002  0.006192 0.735583 1 64 1.000000
0  -3.240544 -12.750235 -1.117758  1.000000 0.000000 0.000002  0.006192 0.735583 1 64 1.000000
0  -3.240544 -12.750235 -1.259960  1.000000 0.000000 0.000002  0.006192 0.735583 1 64 1.000000
lowpoly_metal
0  -3.395065 -10.692320 -1.242583  -0.000001 0.286489 0.958084  0.006192 0.735583 1 64 1.000000
0  -3.395065 -10.993700 -1.152463  -0.000001 0.286489 0.958084  0.006192 0.735583 1 64 1.000000
0  -3.240545 -10.993699 -1.152463  -0.000001 0.286489 0.958084  0.006192 0.735583 1 64 1.000000
lowpoly_metal
0  -3.395065 -11.782377 -0.807259  -1.000000 -0.000001 -0.000001  0.006192 0.735583 1 64 1.000000
0  -3.395065 -12.131910 -1.260847  -1.000000 -0.000001 -0.000001  0.006192 0.735583 1 64 1.000000
0  -3.395065 -12.483750 -0.899038  -1.000000 -0.000001 -0.000001  0.006192 0.735583 1 64 1.000000
lowpoly_metal
0  -3.540585 -12.334766 -0.044565  0.000000 0.999911 0.013353  0.006192 0.735583 1 64 1.000000
0  -3.395065 -12.334766 -0.044565  0.000000 0.999911 0.013353  0.006192 0.735583 1 64 1.000000
0  -3.505035 -12.331846 -0.263202  0.000000 0.999911 0.013353  0.006192 0.735583 1 64 1.000000
lowpoly_metal
0  -3.395065 -12.328709 -0.498153  0.000000 0.999911 0.013352  0.006192 0.735583 1 64 1.000000
0  -3.540585 -12.328709 -0.498153  0.000000 0.999911 0.013352  0.006192 0.735583 1 64 1.000000
0  -3.505035 -12.330202 -0.386348  0.000000 0.999911 0.013352  0.006192 0.735583 1 64 1.000000
lowpoly_metal
0  -3.540585 -12.328709 -0.498153  0.000000 0.999911 0.013361  0.006192 0.735583 1 64 1.000000
0  -3.540585 -12.330202 -0.386348  0.000000 0.999911 0.013361  0.006192 0.735583 1 64 1.000000
0  -3.505035 -12.330202 -0.386348  0.000000 0.999911 0.013361  0.006192 0.735583 1 64 1.000000
lowpoly_metal
0  -3.505035 -12.331846 -0.263202  0.000000 0.999911 0.013350  0.006192 0.735583 1 64 1.000000
0  -3.540585 -12.331846 -0.263202  0.000000 0.999911 0.013350  0.006192 0.735583 1 64 1.000000
0  -3.540585 -12.334766 -0.044565  0.000000 0.999911 0.013350  0.006192 0.735583 1 64 1.000000
lowpoly_metal
0  -3.395065 -12.328709 -0.498153  -0.000004 0.999911 0.013350  0.006192 0.735583 1 64 1.000000
0  -3.505035 -12.330202 -0.386348  -0.000004 0.999911 0.013350  0.006192 0.735583 1 64 1.000000
0  -3.469486 -12.331024 -0.324775  -0.000004 0.999911 0.013350  0.006192 0.735583 1 64 1.000000
lowpoly_metal
0  -3.469486 -12.331024 -0.324775  0.000005 0.999911 0.013359  0.006192 0.735583 1 64 1.000000
0  -3.505035 -12.331846 -0.263202  0.000005 0.999911 0.013359  0.006192 0.735583 1 64 1.000000
0  -3.395065 -12.334766 -0.044565  0.000005 0.999911 0.013359  0.006192 0.735583 1 64 1.000000
lowpoly_metal
0  -3.395065 -12.334766 -0.122344  1.000000 -0.000127 0.000000  0.006192 0.735583 1 64 1.000000
0  -3.395065 -12.328709 -0.575932  1.000000 -0.000127 0.000000  0.006192 0.735583 1 64 1.000000
0  -3.395065 -12.328709 -0.498153  1.000000 -0.000127 0.000000  0.006192 0.735583 1 64 1.000000
lowpoly_metal
0  -3.395065 -11.644612 -1.515931  -1.000000 -0.000001 -0.000000  0.006192 0.735583 1 64 1.000000
0  -3.395065 -12.131910 -1.260847  -1.000000 -0.000001 -0.000000  0.006192 0.735583 1 64 1.000000
0  -3.395065 -11.782377 -0.807259  -1.000000 -0.000001 -0.000000  0.006192 0.735583 1 64 1.000000
lowpoly_metal
0  -3.395065 -11.343232 -1.606050  -1.000000 0.000000 -0.000000  0.006192 0.735583 1 64 1.000000
0  -3.395065 -11.644612 -1.515931  -1.000000 0.000000 -0.000000  0.006192 0.735583 1 64 1.000000
0  -3.395065 -11.295080 -1.062343  -1.000000 0.000000 -0.000000  0.006192 0.735583 1 64 1.000000
lowpoly_metal
0  -3.540584 -11.343233 -1.606050  0.000005 -0.792100 0.610391  0.006192 0.735583 1 64 1.000000
0  -3.395065 -11.343232 -1.606050  0.000005 -0.792100 0.610391  0.006192 0.735583 1 64 1.000000
0  -3.395065 -10.993700 -1.152463  0.000005 -0.792100 0.610391  0.006192 0.735583 1 64 1.000000
lowpoly_metal
0  -3.395065 -12.134217 -0.445450  -1.000000 0.000006 -0.000001  0.006192 0.735583 1 64 1.000000
0  -3.395065 -12.483750 -0.899038  -1.000000 0.000006 -0.000001  0.006192 0.735583 1 64 1.000000
0  -3.395065 -12.328709 -0.575932  -1.000000 0.000006 -0.000001  0.006192 0.735583 1 64 1.000000
lowpoly_metal
0  -3.540584 -12.750235 -0.263202  0.000000 0.000000 -1.000000  0.006192 0.735583 1 64 1.000000
0  -3.540585 -12.331846 -0.263202  0.000000 0.000000 -1.000000  0.006192 0.735583 1 64 1.000000
0  -3.505035 -12.331846 -0.263202  0.000000 0.000000 -1.000000  0.006192 0.735583 1 64 1.000000
lowpoly_metal
0  -3.469486 -12.750235 -0.324775  -0.866025 -0.000001 -0.500001  0.006192 0.735583 1 64 1.000000
0  -3.505035 -12.750235 -0.263202  -0.866025 -0.000001 -0.500001  0.006192 0.735583 1 64 1.000000
0  -3.505035 -12.331846 -0.263202  -0.866025 -0.000001 -0.500001  0.006192 0.735583 1 64 1.000000
lowpoly_metal
0  -3.469486 -12.331024 -0.324775  -0.866025 0.000000 0.500002  0.006192 0.735583 1 64 1.000000
0  -3.505035 -12.330202 -0.386348  -0.866025 0.000000 0.500002  0.006192 0.735583 1 64 1.000000
0  -3.505035 -12.750235 -0.386348  -0.866025 0.000000 0.500002  0.006192 0.735583 1 64 1.000000
lowpoly_metal
0  -3.505035 -12.750235 -0.386348  0.000000 0.000000 1.000000  0.006192 0.735583 1 64 1.000000
0  -3.505035 -12.330202 -0.386348  0.000000 0.000000 1.000000  0.006192 0.735583 1 64 1.000000
0  -3.540585 -12.330202 -0.386348  0.000000 0.000000 1.000000  0.006192 0.735583 1 64 1.000000
lowpoly_metal
0  -3.540585 -10.796972 -2.010668  0.000000 0.110074 -0.993923  0.006192 0.735583 1 64 1.000000
0  -3.395065 -10.796972 -2.010668  0.000000 0.110074 -0.993923  0.006192 0.735583 1 64 1.000000
0  -3.395065 -11.940991 -2.137364  0.000000 0.110074 -0.993923  0.006192 0.735583 1 64 1.000000
lowpoly_metal
0  -3.240544 -11.940991 -2.137364  1.000000 0.000000 0.000001  0.006192 0.735583 1 64 1.000000
0  -3.240545 -10.796972 -2.010667  1.000000 0.000000 0.000001  0.006192 0.735583 1 64 1.000000
0  -3.240545 -10.910878 -1.740807  1.000000 0.000000 0.000001  0.006192 0.735583 1 64 1.000000
lowpoly_metal
0  -3.395065 -10.796972 -2.010668  0.000003 0.110074 -0.993923  0.006192 0.735583 1 64 1.000000
0  -3.240545 -10.796972 -2.010667  0.000003 0.110074 -0.993923  0.006192 0.735583 1 64 1.000000
0  -3.240544 -11.940991 -2.137364  0.000003 0.110074 -0.993923  0.006192 0.735583 1 64 1.000000
lowpoly_metal
0  -3.395065 -10.501082 -1.984298  0.000000 0.926097 0.377286  0.006192 0.735583 1 64 1.000000
0  -3.395065 -10.394566 -2.245757  0.000000 0.926097 0.377286  0.006192 0.735583 1 64 1.000000
0  -3.540585 -10.394566 -2.245757  0.000000 0.926097 0.377286  0.006192 0.735583 1 64 1.000000
lowpoly_metal
0  -3.540585 -10.272310 -2.861428  0.000000 -0.815553 -0.578682  0.006192 0.735583 1 64 1.000000
0  -3.395065 -10.272310 -2.861427  0.000000 -0.815553 -0.578682  0.006192 0.735583 1 64 1.000000
0  -3.395065 -10.690455 -2.272127  0.000000 -0.815553 -0.578682  0.006192 0.735583 1 64 1.000000
lowpoly_metal
0  -3.395065 -10.394566 -2.245757  0.000000 0.818562 0.574418  0.006192 0.735583 1 64 1.000000
0  -3.395065 -9.976892 -2.840949  0.000000 0.818562 0.574418  0.006192 0.735583 1 64 1.000000
0  -3.540585 -9.976892 -2.840949  0.000000 0.818562 0.574418  0.006192 0.735583 1 64 1.000000
lowpoly_metal
0  -3.395065 -9.976892 -2.840949  1.000000 0.000000 -0.000001  0.006192 0.735583 1 64 1.000000
0  -3.395065 -10.272310 -2.861427  1.000000 0.000000 -0.000001  0.006192 0.735583 1 64 1.000000
0  -3.395065 -10.179741 -3.053372  1.000000 0.000000 -0.000001  0.006192 0.735583 1 64 1.000000
lowpoly_metal
0  -3.395065 -9.665223 -3.549218  -0.088251 0.926460 0.365902  0.006192 0.735583 1 64 1.000000
0  -3.463167 -9.636599 -3.638121  -0.088251 0.926460 0.365902  0.006192 0.735583 1 64 1.000000
0  -3.463167 -9.844054 -3.112841  -0.088251 0.926460 0.365902  0.006192 0.735583 1 64 1.000000
lowpoly_metal
0  -3.395065 -10.796972 -2.010668  0.000000 0.088770 -0.996052  0.006192 0.735583 1 64 1.000000
0  -3.395065 -10.501082 -1.984298  0.000000 0.088770 -0.996052  0.006192 0.735583 1 64 1.000000
0  -3.240545 -10.501082 -1.984298  0.000000 0.088770 -0.996052  0.006192 0.735583 1 64 1.000000
lowpoly_metal
0  -3.395065 -10.501082 -1.984298  1.000000 0.000000 -0.000001  0.006192 0.735583 1 64 1.000000
0  -3.395065 -10.796972 -2.010668  1.000000 0.000000 -0.000001  0.006192 0.735583 1 64 1.000000
0  -3.395065 -10.690455 -2.272127  1.000000 0.000000 -0.000001  0.006192 0.735583 1 64 1.000000
lowpoly_metal
0  -3.395065 -10.690455 -2.272127  0.000000 0.088769 -0.996052  0.006192 0.735583 1 64 1.000000
0  -3.540585 -10.690455 -2.272127  0.000000 0.088769 -0.996052  0.006192 0.735583 1 64 1.000000
0  -3.395065 -10.394566 -2.245757  0.000000 0.088769 -0.996052  0.006192 0.735583 1 64 1.000000
lowpoly_metal
0  -3.395065 -10.272310 -2.861427  1.000000 0.000000 0.000001  0.006192 0.735583 1 64 1.000000
0  -3.395065 -9.976892 -2.840949  1.000000 0.000000 0.000001  0.006192 0.735583 1 64 1.000000
0  -3.395065 -10.394566 -2.245757  1.000000 0.000000 0.000001  0.006192 0.735583 1 64 1.000000
lowpoly_metal
0  -3.395065 -10.272310 -2.861427  0.000002 -0.900720 -0.434399  0.006192 0.735583 1 64 1.000000
0  -3.540585 -10.272310 -2.861428  0.000002 -0.900720 -0.434399  0.006192 0.735583 1 64 1.000000
0  -3.395065 -10.179741 -3.053372  0.000002 -0.900720 -0.434399  0.006192 0.735583 1 64 1.000000
lowpoly_metal
0  -3.540585 -10.135467 -3.142275  0.000004 -0.895138 -0.445790  0.006192 0.735583 1 64 1.000000
0  -3.463167 -10.135467 -3.142275  0.000004 -0.895138 -0.445790  0.006192 0.735583 1 64 1.000000
0  -3.395065 -10.179741 -3.053372  0.000004 -0.895138 -0.445790  0.006192 0.735583 1 64 1.000000
lowpoly_metal
0  -3.540585 -9.928012 -3.667554  0.000000 -0.930091 -0.367329  0.006192 0.735583 1 64 1.000000
0  -3.463167 -9.928012 -3.667554  0.000000 -0.930091 -0.367329  0.006192 0.735583 1 64 1.000000
0  -3.463167 -10.135467 -3.142275  0.000000 -0.930091 -0.367329  0.006192 0.735583 1 64 1.000000
lowpoly_metal
0  -3.540585 -9.976892 -2.840949  0.000000 0.900113 0.435656  0.006192 0.735583 1 64 1.000000
0  -3.395065 -9.976892 -2.840949  0.000000 0.900113 0.435656  0.006192 0.735583 1 64 1.000000
0  -3.395066 -9.888328 -3.023938  0.000000 0.900113 0.435656  0.006192 0.735583 1 64 1.000000
lowpoly_metal
0  -3.395066 -9.888328 -3.023938  0.000000 0.895144 0.445777  0.006192 0.735583 1 64 1.000000
0  -3.463167 -9.844054 -3.112841  0.000000 0.895144 0.445777  0.006192 0.735583 1 64 1.000000
0  -3.540585 -9.844054 -3.112842  0.000000 0.895144 0.445777  0.006192 0.735583 1 64 1.000000
lowpoly_metal
0  -3.540585 -9.636599 -3.638121  0.000000 0.100492 -0.994938  0.006192 0.735583 1 64 1.000000
0  -3.463167 -9.636599 -3.638121  0.000000 0.100492 -0.994938  0.006192 0.735583 1 64 1.000000
0  -3.463167 -9.928012 -3.667554  0.000000 0.100492 -0.994938  0.006192 0.735583 1 64 1.000000
lowpoly_metal
0  -3.463167 -9.928012 -3.667554  0.801666 0.060071 -0.594746  0.006192 0.735583 1 64 1.000000
0  -3.463167 -9.636599 -3.638121  0.801666 0.060071 -0.594746  0.006192 0.735583 1 64 1.000000
0  -3.395065 -9.665223 -3.549218  0.801666 0.060071 -0.594746  0.006192 0.735583 1 64 1.000000
lowpoly_metal
0  -3.463167 -10.135467 -3.142275  0.088251 -0.926460 -0.365902  0.006192 0.735583 1 64 1.000000
0  -3.463167 -9.928012 -3.667554  0.088251 -0.926460 -0.365902  0.006192 0.735583 1 64 1.000000
0  -3.395065 -9.956636 -3.578651  0.088251 -0.926460 -0.365902  0.006192 0.735583 1 64 1.000000
lowpoly_metal
0  -3.463167 -9.636599 -3.638121  0.000000 0.930089 0.367335  0.006192 0.735583 1 64 1.000000
0  -3.540585 -9.636599 -3.638121  0.000000 0.930089 0.367335  0.006192 0.735583 1 64 1.000000
0  -3.540585 -9.844054 -3.112842  0.000000 0.930089 0.367335  0.006192 0.735583 1 64 1.000000
lowpoly_metal
0  -3.395065 -9.956636 -3.578651  1.000000 0.000000 0.000001  0.006192 0.735583 1 64 1.000000
0  -3.395065 -9.754903 -3.298357  1.000000 0.000000 0.000001  0.006192 0.735583 1 64 1.000000
0  -3.395066 -9.888328 -3.023938  1.000000 0.000000 0.000001  0.006192 0.735583 1 64 1.000000
lowpoly_metal
0  -3.395064 -15.041738 -2.137364  0.000000 -0.961410 -0.275119  0.006192 0.735583 1 64 1.000000
0  -3.395064 -15.000867 -2.280185  0.000000 -0.961410 -0.275119  0.006192 0.735583 1 64 1.000000
0  -3.240544 -15.000867 -2.280185  0.000000 -0.961410 -0.275119  0.006192 0.735583 1 64 1.000000
lowpoly_metal
0  -3.540584 -15.000867 -2.280185  0.000000 -0.961407 -0.275130  0.006192 0.735583 1 64 1.000000
0  -3.395064 -15.000867 -2.280185  0.000000 -0.961407 -0.275130  0.006192 0.735583 1 64 1.000000
0  -3.395064 -15.041738 -2.137364  0.000000 -0.961407 -0.275130  0.006192 0.735583 1 64 1.000000
lowpoly_metal
0  -3.395064 -15.000867 -2.280185  0.000000 0.005355 -0.999986  0.006192 0.735583 1 64 1.000000
0  -3.395064 -14.724261 -2.278704  0.000000 0.005355 -0.999986  0.006192 0.735583 1 64 1.000000
0  -3.240544 -14.724261 -2.278703  0.000000 0.005355 -0.999986  0.006192 0.735583 1 64 1.000000
lowpoly_metal
0  -3.362154 -15.217511 -0.843771  0.304566 0.000000 -0.952491  0.006192 0.735583 1 64 1.000000
0  -3.362154 -14.506701 -0.843770  0.304566 0.000000 -0.952491  0.006192 0.735583 1 64 1.000000
0  -3.192228 -14.506701 -0.789435  0.304566 0.000000 -0.952491  0.006192 0.735583 1 64 1.000000
lowpoly_metal
0  -3.696506 -15.217511 -1.060246  1.000000 0.000000 0.000000  0.006192 0.735583 1 64 1.000000
0  -3.696506 -14.506701 -1.060246  1.000000 0.000000 0.000000  0.006192 0.735583 1 64 1.000000
0  -3.696506 -14.506701 -0.901942  1.000000 0.000000 0.000000  0.006192 0.735583 1 64 1.000000
lowpoly_metal
0  -3.540584 -15.217511 -0.765249  0.011395 0.000000 -0.999935  0.006192 0.735583 1 64 1.000000
0  -3.561791 -15.217512 -0.765491  0.011395 0.000000 -0.999935  0.006192 0.735583 1 64 1.000000
0  -3.561791 -14.506701 -0.765491  0.011395 0.000000 -0.999935  0.006192 0.735583 1 64 1.000000
lowpoly_metal
0  -3.540584 -14.506701 -0.765249  0.011382 0.000000 -0.999935  0.006192 0.735583 1 64 1.000000
0  -3.444908 -14.506701 -0.764160  0.011382 0.000000 -0.999935  0.006192 0.735583 1 64 1.000000
0  -3.444908 -15.217511 -0.764160  0.011382 0.000000 -0.999935  0.006192 0.735583 1 64 1.000000
lowpoly_metal
0  -3.540584 -15.217511 -0.765249  0.011371 0.000000 -0.999935  0.006192 0.735583 1 64 1.000000
0  -3.561791 -14.506701 -0.765491  0.011371 0.000000 -0.999935  0.006192 0.735583 1 64 1.000000
0  -3.540584 -14.506701 -0.765249  0.011371 0.000000 -0.999935  0.006192 0.735583 1 64 1.000000
lowpoly_metal
0  -3.621874 -14.506701 -1.134877  0.707107 0.000000 0.707106  0.006192 0.735583 1 64 1.000000
0  -3.696506 -14.506701 -1.060246  0.707107 0.000000 0.707106  0.006192 0.735583 1 64 1.000000
0  -3.696506 -15.217511 -1.060246  0.707107 0.000000 0.707106  0.006192 0.735583 1 64 1.000000
lowpoly_metal
0  -3.544080 -15.041738 -1.740808  1.000000 0.000000 0.000000  0.006192 0.735583 1 64 1.000000
0  -3.544080 -15.041738 -2.123429  1.000000 0.000000 0.000000  0.006192 0.735583 1 64 1.000000
0  -3.544080 -14.507286 -1.740808  1.000000 0.000000 0.000000  0.006192 0.735583 1 64 1.000000
lowpoly_metal
0  -3.544080 -14.494767 -2.123429  1.000000 -0.000023 0.000000  0.006192 0.735583 1 64 1.000000
0  -3.544080 -14.494767 -1.740808  1.000000 -0.000023 0.000000  0.006192 0.735583 1 64 1.000000
0  -3.544080 -14.507286 -1.740808  1.000000 -0.000023 0.000000  0.006192 0.735583 1 64 1.000000
lowpoly_metal
0  -3.544080 -14.507286 -1.740808  1.000000 0.000000 -0.000000  0.006192 0.735583 1 64 1.000000
0  -3.544080 -14.507043 -1.595937  1.000000 0.000000 -0.000000  0.006192 0.735583 1 64 1.000000
0  -3.544080 -15.041738 -1.740808  1.000000 0.000000 -0.000000  0.006192 0.735583 1 64 1.000000
lowpoly_metal
0  -3.544080 -14.506701 -1.365512  1.000000 -0.000000 0.000000  0.006192 0.735583 1 64 1.000000
0  -3.544080 -14.506701 -1.134877  1.000000 -0.000000 0.000000  0.006192 0.735583 1 64 1.000000
0  -3.544080 -15.217511 -1.134877  1.000000 -0.000000 0.000000  0.006192 0.735583 1 64 1.000000
lowpoly_metal
0  -3.544080 -15.217511 -1.134877  1.000000 0.000000 0.000001  0.006192 0.735583 1 64 1.000000
0  -3.544080 -15.217511 -1.365512  1.000000 0.000000 0.000001  0.006192 0.735583 1 64 1.000000
0  -3.544080 -14.506701 -1.365512  1.000000 0.000000 0.000001  0.006192 0.735583 1 64 1.000000
lowpoly_metal
0  -3.544080 -15.049593 -1.595484  1.000000 0.000000 0.000002  0.006192 0.735583 1 64 1.000000
0  -3.544080 -15.041738 -1.740808  1.000000 0.000000 0.000002  0.006192 0.735583 1 64 1.000000
0  -3.544080 -14.507043 -1.595937  1.000000 0.000000 0.000002  0.006192 0.735583 1 64 1.000000
lowpoly_metal
0  -3.544080 -14.507043 -1.595937  1.000000 0.000000 0.000000  0.006192 0.735583 1 64 1.000000
0  -3.544080 -14.506701 -1.365512  1.000000 0.000000 0.000000  0.006192 0.735583 1 64 1.000000
0  -3.544080 -15.049593 -1.595484  1.000000 0.000000 0.000000  0.006192 0.735583 1 64 1.000000
lowpoly_metal
0  -3.544080 -15.041738 -2.123429  1.000000 0.000000 0.000000  0.006192 0.735583 1 64 1.000000
0  -3.544080 -14.494767 -2.123429  1.000000 0.000000 0.000000  0.006192 0.735583 1 64 1.000000
0  -3.544080 -14.507286 -1.740808  1.000000 0.000000 0.000000  0.006192 0.735583 1 64 1.000000
lowpoly_metal
0  -3.540584 -15.041738 -2.123429  0.000000 -1.000000 0.000000  0.006192 0.735583 1 64 1.000000
0  -3.540584 -15.041738 -2.137364  0.000000 -1.000000 0.000000  0.006192 0.735583 1 64 1.000000
0  -3.395064 -15.041738 -2.137364  0.000000 -1.000000 0.000000  0.006192 0.735583 1 64 1.000000
lowpoly_metal
0  -3.240544 -14.523526 -2.123428  0.000000 0.000000 1.000000  0.006192 0.735583 1 64 1.000000
0  -3.240544 -14.494767 -2.123428  0.000000 0.000000 1.000000  0.006192 0.735583 1 64 1.000000
0  -3.362154 -14.494767 -2.123429  0.000000 0.000000 1.000000  0.006192 0.735583 1 64 1.000000
lowpoly_metal
0  -3.362154 -14.494767 -2.123429  -0.000004 -0.000000 1.000000  0.006192 0.735583 1 64 1.000000
0  -3.362154 -15.041738 -2.123429  -0.000004 -0.000000 1.000000  0.006192 0.735583 1 64 1.000000
0  -3.240544 -14.523526 -2.123428  -0.000004 -0.000000 1.000000  0.006192 0.735583 1 64 1.000000
lowpoly_metal
0  -3.444908 -14.506701 -0.764160  -0.693283 0.000001 -0.720665  0.006192 0.735583 1 64 1.000000
0  -3.362154 -14.506701 -0.843770  -0.693283 0.000001 -0.720665  0.006192 0.735583 1 64 1.000000
0  -3.362154 -15.217511 -0.843771  -0.693283 0.000001 -0.720665  0.006192 0.735583 1 64 1.000000
lowpoly_metal
0  -3.643802 -14.506701 -0.765491  0.000000 0.000000 -1.000000  0.006192 0.735583 1 64 1.000000
0  -3.561791 -14.506701 -0.765491  0.000000 0.000000 -1.000000  0.006192 0.735583 1 64 1.000000
0  -3.561791 -15.217512 -0.765491  0.000000 0.000000 -1.000000  0.006192 0.735583 1 64 1.000000
lowpoly_metal
0  -3.119593 -14.506701 -0.627873  0.000000 1.000000 0.000000  0.006192 0.735583 1 64 1.000000
0  -3.192228 -14.506701 -0.789435  0.000000 1.000000 0.000000  0.006192 0.735583 1 64 1.000000
0  -3.340504 -14.506701 -0.542120  0.000000 1.000000 0.000000  0.006192 0.735583 1 64 1.000000
lowpoly_metal
0  -3.444908 -14.506701 -0.764160  0.000000 1.000000 0.000000  0.006192 0.735583 1 64 1.000000
0  -3.540584 -14.506701 -0.765249  0.000000 1.000000 0.000000  0.006192 0.735583 1 64 1.000000
0  -3.540584 -14.506701 -0.694980  0.000000 1.000000 0.000000  0.006192 0.735583 1 64 1.000000
lowpoly_metal
0  -3.192228 -14.506701 -0.789435  0.000000 1.000000 0.000013  0.006192 0.735583 1 64 1.000000
0  -3.362154 -14.506701 -0.843770  0.000000 1.000000 0.000013  0.006192 0.735583 1 64 1.000000
0  -3.444908 -14.506701 -0.764160  0.000000 1.000000 0.000013  0.006192 0.735583 1 64 1.000000
lowpoly_metal
0  -3.240543 -14.506701 -0.122344  0.000000 1.000000 0.000000  0.006192 0.735583 1 64 1.000000
0  -3.119593 -14.506701 -0.239343  0.000000 1.000000 0.000000  0.006192 0.735583 1 64 1.000000
0  -3.329803 -14.506701 -0.208873  0.000000 1.000000 0.000000  0.006192 0.735583 1 64 1.000000
lowpoly_metal
0  -3.329803 -14.506701 -0.208873  0.000000 1.000000 0.000000  0.006192 0.735583 1 64 1.000000
0  -3.449720 -14.506701 -0.122344  0.000000 1.000000 0.000000  0.006192 0.735583 1 64 1.000000
0  -3.240543 -14.506701 -0.122344  0.000000 1.000000 0.000000  0.006192 0.735583 1 64 1.000000
lowpoly_metal
0  -3.444908 -14.506701 -0.764160  0.000000 1.000000 0.000000  0.006192 0.735583 1 64 1.000000
0  -3.540584 -14.506701 -0.694980  0.000000 1.000000 0.000000  0.006192 0.735583 1 64 1.000000
0  -3.340504 -14.506701 -0.542120  0.000000 1.000000 0.000000  0.006192 0.735583 1 64 1.000000
lowpoly_metal
0  -3.340504 -14.506701 -0.542120  0.000000 1.000000 0.000000  0.006192 0.735583 1 64 1.000000
0  -3.329803 -14.506701 -0.208873  0.000000 1.000000 0.000000  0.006192 0.735583 1 64 1.000000
0  -3.119593 -14.506701 -0.239343  0.000000 1.000000 0.000000  0.006192 0.735583 1 64 1.000000
lowpoly_metal
0  -3.192228 -14.506701 -0.789435  0.000000 1.000000 0.000000  0.006192 0.735583 1 64 1.000000
0  -3.444908 -14.506701 -0.764160  0.000000 1.000000 0.000000  0.006192 0.735583 1 64 1.000000
0  -3.340504 -14.506701 -0.542120  0.000000 1.000000 0.000000  0.006192 0.735583 1 64 1.000000
lowpoly_metal
0  -3.240544 -15.041738 -2.137364  0.000000 -1.000000 0.000000  0.006192 0.735583 1 64 1.000000
0  -3.240544 -15.041738 -2.123429  0.000000 -1.000000 0.000000  0.006192 0.735583 1 64 1.000000
0  -3.362154 -15.041738 -2.123429  0.000000 -1.000000 0.000000  0.006192 0.735583 1 64 1.000000
lowpoly_metal
0  -3.362154 -15.041738 -2.123429  0.000000 -1.000000 0.000000  0.006192 0.735583 1 64 1.000000
0  -3.395064 -15.041738 -2.123429  0.000000 -1.000000 0.000000  0.006192 0.735583 1 64 1.000000
0  -3.395064 -15.041738 -2.137364  0.000000 -1.000000 0.000000  0.006192 0.735583 1 64 1.000000
lowpoly_metal
0  -3.643802 -14.506701 -0.765491  0.932835 0.000000 -0.360304  0.006192 0.735583 1 64 1.000000
0  -3.643802 -15.217512 -0.765491  0.932835 0.000000 -0.360304  0.006192 0.735583 1 64 1.000000
0  -3.696506 -15.217511 -0.901942  0.932835 0.000000 -0.360304  0.006192 0.735583 1 64 1.000000
lowpoly_metal
0  -3.621874 -15.217511 -1.134877  -0.000002 -0.000000 1.000000  0.006192 0.735583 1 64 1.000000
0  -3.544080 -15.217511 -1.134877  -0.000002 -0.000000 1.000000  0.006192 0.735583 1 64 1.000000
0  -3.544080 -14.506701 -1.134877  -0.000002 -0.000000 1.000000  0.006192 0.735583 1 64 1.000000
lowpoly_metal
0  -3.840624 -11.940991 -2.580682  -1.000000 -0.000001 0.000000  0.006192 0.735583 1 64 1.000000
0  -3.840624 -11.940991 -2.137364  -1.000000 -0.000001 0.000000  0.006192 0.735583 1 64 1.000000
0  -3.840625 -10.796972 -2.010668  -1.000000 -0.000001 0.000000  0.006192 0.735583 1 64 1.000000
lowpoly_metal
0  -3.240544 -11.940991 -2.580682  -1.000000 0.000000 0.000000  0.006192 0.735583 1 64 1.000000
0  -3.240544 -11.940991 -2.137364  -1.000000 0.000000 0.000000  0.006192 0.735583 1 64 1.000000
0  -3.240545 -10.796972 -2.010667  -1.000000 0.000000 0.000000  0.006192 0.735583 1 64 1.000000
lowpoly_metal
0  -3.686104 -9.665223 -3.549218  0.000000 0.943895 0.330246  0.006192 0.735583 1 64 1.000000
0  -3.395065 -9.665223 -3.549218  0.000000 0.943895 0.330246  0.006192 0.735583 1 64 1.000000
0  -3.540585 -9.636599 -3.638121  -0.000000 0.943895 0.330246  0.006192 0.735583 1 64 1.000000
lowpoly_metal
0  -3.395065 -9.754903 -3.298357  -0.000003 -0.900453 -0.434953  0.006192 0.735583 1 64 1.000000
0  -3.463167 -9.844054 -3.112841  -0.000003 -0.900453 -0.434953  0.006192 0.735583 1 64 1.000000
0  -3.540585 -9.844054 -3.112842  -0.000003 -0.900453 -0.434953  0.006192 0.735583 1 64 1.000000
lowpoly_metal
0  -3.395065 -9.754903 -3.298357  -0.013841 -0.899249 -0.437217  0.006192 0.735583 1 64 1.000000
0  -3.395066 -9.888328 -3.023938  -0.013841 -0.899249 -0.437217  0.006192 0.735583 1 64 1.000000
0  -3.463167 -9.844054 -3.112841  -0.013841 -0.899249 -0.437217  0.006192 0.735583 1 64 1.000000
lowpoly_metal
0  -3.686104 -9.888328 -3.023938  0.013841 -0.899247 -0.437222  0.006192 0.735583 1 64 1.000000
0  -3.686104 -9.754903 -3.298358  0.013841 -0.899247 -0.437222  0.006192 0.735583 1 64 1.000000
0  -3.618002 -9.844054 -3.112841  0.013841 -0.899247 -0.437222  0.006192 0.735583 1 64 1.000000
lowpoly_metal
0  -3.141167 -11.879398 -1.568272  0.000000 -0.000001 -1.000000  0.004095 0.737684 1 71 1.000000
0  -3.258379 -11.982019 -1.568272  0.000000 -0.000001 -1.000000  0.004095 0.737684 1 71 1.000000
0  -3.251975 -11.879398 -1.568272  0.000000 -0.000001 -1.000000  0.004095 0.737684 1 71 1.000000
lowpoly_metal
0  -3.141167 -11.879398 -1.568272  0.998673 0.048470 0.017397  0.004095 0.737684 1 71 1.000000
0  -3.156945 -11.639914 -1.329756  0.998673 0.048470 0.017397  0.004095 0.737684 1 71 1.000000
0  -3.141167 -12.042052 -1.115137  0.998673 0.048470 0.017397  0.004095 0.737684 1 71 1.000000
lowpoly_metal
0  -3.236197 -11.639914 -1.503749  -0.968385 -0.249460 -0.000011  0.004095 0.737684 1 71 1.000000
0  -3.251975 -11.578668 -1.394471  -0.968385 -0.249460 -0.000011  0.004095 0.737684 1 71 1.000000
0  -3.251975 -11.578667 -1.439035  -0.968385 -0.249460 -0.000011  0.004095 0.737684 1 71 1.000000
lowpoly_metal
0  -3.236197 -11.639914 -1.503749  -0.999231 0.039205 0.000000  0.004095 0.737684 1 71 1.000000
0  -3.251975 -12.042052 -1.115137  -0.999231 0.039205 0.000000  0.004095 0.737684 1 71 1.000000
0  -3.236197 -11.639914 -1.329756  -0.999231 0.039205 0.000000  0.004095 0.737684 1 71 1.000000
lowpoly_metal
0  -3.156945 -11.639914 -1.329756  -0.000002 0.470833 0.882222  0.004095 0.737684 1 71 1.000000
0  -3.251975 -12.042052 -1.115137  -0.000002 0.470833 0.882222  0.004095 0.737684 1 71 1.000000
0  -3.141167 -12.042052 -1.115137  -0.000002 0.470833 0.882222  0.004095 0.737684 1 71 1.000000
lowpoly_metal
0  -3.141167 -11.879398 -1.568272  0.000000 0.260147 -0.965569  0.004095 0.737684 1 71 1.000000
0  -3.236197 -11.639914 -1.503749  0.000000 0.260147 -0.965569  0.004095 0.737684 1 71 1.000000
0  -3.156945 -11.639914 -1.503749  0.000000 0.260147 -0.965569  0.004095 0.737684 1 71 1.000000
lowpoly_metal
0  -3.092332 -12.144672 -1.115137  1.000000 0.000000 0.000000  0.004095 0.737684 1 71 1.000000
0  -3.092332 -12.148445 -1.568272  1.000000 0.000000 0.000000  0.004095 0.737684 1 71 1.000000
0  -3.092332 -11.982019 -1.568272  1.000000 0.000000 0.000000  0.004095 0.737684 1 71 1.000000
lowpoly_metal
0  -3.141167 -12.042052 -1.115137  0.000000 0.000001 1.000000  0.004095 0.737684 1 71 1.000000
0  -3.258379 -12.144672 -1.115137  0.000000 0.000001 1.000000  0.004095 0.737684 1 71 1.000000
0  -3.092332 -12.144672 -1.115137  0.000000 0.000001 1.000000  0.004095 0.737684 1 71 1.000000
lowpoly_metal
0  -3.141167 -12.042052 -1.115137  0.892414 0.424688 0.152441  0.004095 0.737684 1 71 1.000000
0  -3.092332 -11.982019 -1.568272  0.892414 0.424688 0.152441  0.004095 0.737684 1 71 1.000000
0  -3.141167 -11.879398 -1.568272  0.892414 0.424688 0.152441  0.004095 0.737684 1 71 1.000000
lowpoly_metal
0  -3.251975 -11.879398 -1.568272  -0.997809 0.062275 0.022354  0.004095 0.737684 1 71 1.000000
0  -3.258379 -12.144672 -1.115137  -0.997809 0.062275 0.022354  0.004095 0.737684 1 71 1.000000
0  -3.251975 -12.042052 -1.115137  -0.997809 0.062275 0.022354  0.004095 0.737684 1 71 1.000000
lowpoly_metal
0  -3.092332 -12.148445 -1.568272  0.130669 -0.559000 -0.818807  0.004095 0.737684 1 71 1.000000
0  -3.258379 -12.319200 -1.478197  0.130669 -0.559000 -0.818807  0.004095 0.737684 1 71 1.000000
0  -3.258379 -12.187260 -1.568272  0.130669 -0.559000 -0.818807  0.004095 0.737684 1 71 1.000000
lowpoly_metal
0  -3.258379 -11.982019 -1.568272  -1.000000 -0.000009 -0.000001  0.004095 0.737684 1 71 1.000000
0  -3.258379 -12.187260 -1.115137  -1.000000 -0.000009 -0.000001  0.004095 0.737684 1 71 1.000000
0  -3.258379 -12.144672 -1.115137  -1.000000 -0.000009 -0.000001  0.004095 0.737684 1 71 1.000000
lowpoly_metal
0  -3.258379 -11.982019 -1.568272  0.000001 0.000001 -1.000000  0.004095 0.737684 1 71 1.000000
0  -3.092332 -12.148445 -1.568272  0.000001 0.000001 -1.000000  0.004095 0.737684 1 71 1.000000
0  -3.258379 -12.187260 -1.568272  0.000001 0.000001 -1.000000  0.004095 0.737684 1 71 1.000000
lowpoly_metal
0  -3.092332 -12.144672 -1.115137  0.000000 -0.000032 1.000000  0.004095 0.737684 1 71 1.000000
0  -3.258379 -12.187260 -1.115137  0.000000 -0.000032 1.000000  0.004095 0.737684 1 71 1.000000
0  -3.092332 -12.148445 -1.115137  0.000000 -0.000032 1.000000  0.004095 0.737684 1 71 1.000000
lowpoly_metal
0  -3.258379 -12.319200 -1.205212  0.227614 -0.973751 0.000000  0.004095 0.737684 1 71 1.000000
0  -3.092332 -12.280386 -1.478197  0.227614 -0.973751 0.000000  0.004095 0.737684 1 71 1.000000
0  -3.092332 -12.280386 -1.205212  0.227614 -0.973751 0.000000  0.004095 0.737684 1 71 1.000000
lowpoly_metal
0  -3.258379 -12.187260 -1.115137  0.130668 -0.558991 0.818813  0.004095 0.737684 1 71 1.000000
0  -3.092332 -12.280386 -1.205212  0.130668 -0.558991 0.818813  0.004095 0.737684 1 71 1.000000
0  -3.092332 -12.148445 -1.115137  0.130668 -0.558991 0.818813  0.004095 0.737684 1 71 1.000000
lowpoly_metal
0  -3.092332 -12.148445 -1.115137  1.000000 -0.000001 0.000001  0.004095 0.737684 1 71 1.000000
0  -3.092332 -12.280386 -1.478197  1.000000 -0.000001 0.000001  0.004095 0.737684 1 71 1.000000
0  -3.092332 -12.148445 -1.568272  1.000000 -0.000001 0.000001  0.004095 0.737684 1 71 1.000000
lowpoly_metal
0  -3.258379 -12.187260 -1.115137  -1.000000 0.000003 0.000000  0.004095 0.737684 1 71 1.000000
0  -3.258379 -12.319200 -1.478197  -1.000000 0.000003 0.000000  0.004095 0.737684 1 71 1.000000
0  -3.258379 -12.319200 -1.205212  -1.000000 0.000003 0.000000  0.004095 0.737684 1 71 1.000000
lowpoly_metal
0  -3.141167 -11.578667 -1.394471  -0.000009 1.000000 0.000000  0.004095 0.737684 1 71 1.000000
0  -3.251975 -11.578667 -1.439035  -0.000009 1.000000 0.000000  0.004095 0.737684 1 71 1.000000
0  -3.251975 -11.578668 -1.394471  -0.000009 1.000000 0.000000  0.004095 0.737684 1 71 1.000000
lowpoly_metal
0  -3.156945 -11.639914 -1.329756  0.000000 0.726310 0.687367  0.004095 0.737684 1 71 1.000000
0  -3.251975 -11.578668 -1.394471  0.000000 0.726310 0.687367  0.004095 0.737684 1 71 1.000000
0  -3.236197 -11.639914 -1.329756  0.000000 0.726310 0.687367  0.004095 0.737684 1 71 1.000000
lowpoly_metal
0  -3.236197 -11.639914 -1.503749  -0.000002 0.726295 -0.687383  0.004095 0.737684 1 71 1.000000
0  -3.141167 -11.578667 -1.439035  -0.000002 0.726295 -0.687383  0.004095 0.737684 1 71 1.000000
0  -3.156945 -11.639914 -1.503749  -0.000002 0.726295 -0.687383  0.004095 0.737684 1 71 1.000000
lowpoly_metal
0  -3.156945 -11.639914 -1.503749  0.968382 -0.249471 0.000000  0.004095 0.737684 1 71 1.000000
0  -3.141167 -11.578667 -1.394471  0.968382 -0.249471 0.000000  0.004095 0.737684 1 71 1.000000
0  -3.156945 -11.639914 -1.329756  0.968382 -0.249471 0.000000  0.004095 0.737684 1 71 1.000000
lowpoly_metal
0  -3.141167 -11.879398 -1.568272  0.000000 -0.000000 -1.000000  0.004095 0.737684 1 71 1.000000
0  -3.092332 -11.982019 -1.568272  0.000000 -0.000000 -1.000000  0.004095 0.737684 1 71 1.000000
0  -3.258379 -11.982019 -1.568272  0.000000 -0.000000 -1.000000  0.004095 0.737684 1 71 1.000000
lowpoly_metal
0  -3.141167 -11.879398 -1.568272  0.997837 0.065741 0.000000  0.004095 0.737684 1 71 1.000000
0  -3.156945 -11.639914 -1.503749  0.997837 0.065741 0.000000  0.004095 0.737684 1 71 1.000000
0  -3.156945 -11.639914 -1.329756  0.997837 0.065741 0.000000  0.004095 0.737684 1 71 1.000000
lowpoly_metal
0  -3.236197 -11.639914 -1.503749  -0.968382 -0.249470 0.000000  0.004095 0.737684 1 71 1.000000
0  -3.236197 -11.639914 -1.329756  -0.968382 -0.249470 0.000000  0.004095 0.737684 1 71 1.000000
0  -3.251975 -11.578668 -1.394471  -0.968382 -0.249470 0.000000  0.004095 0.737684 1 71 1.000000
lowpoly_metal
0  -3.236197 -11.639914 -1.503749  -0.997969 0.059951 0.021520  0.004095 0.737684 1 71 1.000000
0  -3.251975 -11.879398 -1.568272  -0.997969 0.059951 0.021520  0.004095 0.737684 1 71 1.000000
0  -3.251975 -12.042052 -1.115137  -0.997969 0.059951 0.021520  0.004095 0.737684 1 71 1.000000
lowpoly_metal
0  -3.156945 -11.639914 -1.329756  0.000003 0.470835 0.882221  0.004095 0.737684 1 71 1.000000
0  -3.236197 -11.639914 -1.329756  0.000003 0.470835 0.882221  0.004095 0.737684 1 71 1.000000
0  -3.251975 -12.042052 -1.115137  0.000003 0.470835 0.882221  0.004095 0.737684 1 71 1.000000
lowpoly_metal
0  -3.141167 -11.879398 -1.568272  0.000000 0.260147 -0.965569  0.004095 0.737684 1 71 1.000000
0  -3.251975 -11.879398 -1.568272  0.000000 0.260147 -0.965569  0.004095 0.737684 1 71 1.000000
0  -3.236197 -11.639914 -1.503749  0.000000 0.260147 -0.965569  0.004095 0.737684 1 71 1.000000
lowpoly_metal
0  -3.092332 -12.144672 -1.115137  1.000000 0.000000 0.000001  0.004095 0.737684 1 71 1.000000
0  -3.092332 -12.148445 -1.115137  1.000000 0.000000 0.000001  0.004095 0.737684 1 71 1.000000
0  -3.092332 -12.148445 -1.568272  1.000000 0.000000 0.000001  0.004095 0.737684 1 71 1.000000
lowpoly_metal
0  -3.141167 -12.042052 -1.115137  0.000000 0.000001 1.000000  0.004095 0.737684 1 71 1.000000
0  -3.251975 -12.042052 -1.115137  0.000000 0.000001 1.000000  0.004095 0.737684 1 71 1.000000
0  -3.258379 -12.144672 -1.115137  0.000000 0.000001 1.000000  0.004095 0.737684 1 71 1.000000
lowpoly_metal
0  -3.141167 -12.042052 -1.115137  0.892416 0.424683 0.152443  0.004095 0.737684 1 71 1.000000
0  -3.092332 -12.144672 -1.115137  0.892416 0.424683 0.152443  0.004095 0.737684 1 71 1.000000
0  -3.092332 -11.982019 -1.568272  0.892416 0.424683 0.152443  0.004095 0.737684 1 71 1.000000
lowpoly_metal
0  -3.251975 -11.879398 -1.568272  -0.997809 0.062276 0.022352  0.004095 0.737684 1 71 1.000000
0  -3.258379 -11.982019 -1.568272  -0.997809 0.062276 0.022352  0.004095 0.737684 1 71 1.000000
0  -3.258379 -12.144672 -1.115137  -0.997809 0.062276 0.022352  0.004095 0.737684 1 71 1.000000
lowpoly_metal
0  -3.092332 -12.148445 -1.568272  0.130666 -0.558989 -0.818815  0.004095 0.737684 1 71 1.000000
0  -3.092332 -12.280386 -1.478197  0.130666 -0.558989 -0.818815  0.004095 0.737684 1 71 1.000000
0  -3.258379 -12.319200 -1.478197  0.130666 -0.558989 -0.818815  0.004095 0.737684 1 71 1.000000
lowpoly_metal
0  -3.258379 -11.982019 -1.568272  -1.000000 0.000003 -0.000001  0.004095 0.737684 1 71 1.000000
0  -3.258379 -12.187260 -1.568272  -1.000000 0.000003 -0.000001  0.004095 0.737684 1 71 1.000000
0  -3.258379 -12.187260 -1.115137  -1.000000 0.000003 -0.000001  0.004095 0.737684 1 71 1.000000
lowpoly_metal
0  -3.258379 -11.982019 -1.568272  0.000000 0.000000 -1.000000  0.004095 0.737684 1 71 1.000000
0  -3.092332 -11.982019 -1.568272  0.000000 0.000000 -1.000000  0.004095 0.737684 1 71 1.000000
0  -3.092332 -12.148445 -1.568272  0.000000 0.000000 -1.000000  0.004095 0.737684 1 71 1.000000
lowpoly_metal
0  -3.092332 -12.144672 -1.115137  0.000000 -0.000003 1.000000  0.004095 0.737684 1 71 1.000000
0  -3.258379 -12.144672 -1.115137  0.000000 -0.000003 1.000000  0.004095 0.737684 1 71 1.000000
0  -3.258379 -12.187260 -1.115137  0.000000 -0.000003 1.000000  0.004095 0.737684 1 71 1.000000
lowpoly_metal
0  -3.258379 -12.319200 -1.205212  0.227614 -0.973751 0.000000  0.004095 0.737684 1 71 1.000000
0  -3.258379 -12.319200 -1.478197  0.227614 -0.973751 0.000000  0.004095 0.737684 1 71 1.000000
0  -3.092332 -12.280386 -1.478197  0.227614 -0.973751 0.000000  0.004095 0.737684 1 71 1.000000
lowpoly_metal
0  -3.258379 -12.187260 -1.115137  0.130665 -0.558998 0.818809  0.004095 0.737684 1 71 1.000000
0  -3.258379 -12.319200 -1.205212  0.130665 -0.558998 0.818809  0.004095 0.737684 1 71 1.000000
0  -3.092332 -12.280386 -1.205212  0.130665 -0.558998 0.818809  0.004095 0.737684 1 71 1.000000
lowpoly_metal
0  -3.092332 -12.148445 -1.115137  1.000000 0.000000 0.000000  0.004095 0.737684 1 71 1.000000
0  -3.092332 -12.280386 -1.205212  1.000000 0.000000 0.000000  0.004095 0.737684 1 71 1.000000
0  -3.092332 -12.280386 -1.478197  1.000000 0.000000 0.000000  0.004095 0.737684 1 71 1.000000
lowpoly_metal
0  -3.258379 -12.187260 -1.115137  -1.000000 -0.000004 -0.000001  0.004095 0.737684 1 71 1.000000
0  -3.258379 -12.187260 -1.568272  -1.000000 -0.000004 -0.000001  0.004095 0.737684 1 71 1.000000
0  -3.258379 -12.319200 -1.478197  -1.000000 -0.000004 -0.000001  0.004095 0.737684 1 71 1.000000
lowpoly_metal
0  -3.141167 -11.578667 -1.394471  0.000000 1.000000 0.000000  0.004095 0.737684 1 71 1.000000
0  -3.141167 -11.578667 -1.439035  0.000000 1.000000 0.000000  0.004095 0.737684 1 71 1.000000
0  -3.251975 -11.578667 -1.439035  0.000000 1.000000 0.000000  0.004095 0.737684 1 71 1.000000
lowpoly_metal
0  -3.156945 -11.639914 -1.329756  -0.000007 0.726285 0.687394  0.004095 0.737684 1 71 1.000000
0  -3.141167 -11.578667 -1.394471  -0.000007 0.726285 0.687394  0.004095 0.737684 1 71 1.000000
0  -3.251975 -11.578668 -1.394471  -0.000007 0.726285 0.687394  0.004095 0.737684 1 71 1.000000
lowpoly_metal
0  -3.236197 -11.639914 -1.503749  0.000000 0.726298 -0.687380  0.004095 0.737684 1 71 1.000000
0  -3.251975 -11.578667 -1.439035  0.000000 0.726298 -0.687380  0.004095 0.737684 1 71 1.000000
0  -3.141167 -11.578667 -1.439035  0.000000 0.726298 -0.687380  0.004095 0.737684 1 71 1.000000
lowpoly_metal
0  -3.156945 -11.639914 -1.503749  0.968382 -0.249473 0.000000  0.004095 0.737684 1 71 1.000000
0  -3.141167 -11.578667 -1.439035  0.968382 -0.249473 0.000000  0.004095 0.737684 1 71 1.000000
0  -3.141167 -11.578667 -1.394471  0.968382 -0.249473 0.000000  0.004095 0.737684 1 71 1.000000
lowpoly_metal
0  -3.543055 -20.969297 0.063961  0.000000 0.000000 -1.000000  0.004095 0.737684 1 64 1.000000
0  -3.666355 -21.210392 0.063961  0.000000 0.000000 -1.000000  0.004095 0.737684 1 64 1.000000
0  -3.666355 -20.969297 0.063961  0.000000 0.000000 -1.000000  0.004095 0.737684 1 64 1.000000
lowpoly_metal
0  -3.543055 -20.910467 -0.009145  -0.000001 -0.779050 -0.626962  0.004095 0.737684 1 64 1.000000
0  -3.666355 -20.969297 0.063961  -0.000001 -0.779050 -0.626962  0.004095 0.737684 1 64 1.000000
0  -3.666355 -20.910467 -0.009144  -0.000001 -0.779050 -0.626962  0.004095 0.737684 1 64 1.000000
lowpoly_metal
0  -3.666355 -20.910467 -0.009144  1.000000 0.000000 0.000003  0.004095 0.737684 1 64 1.000000
0  -3.666355 -21.210392 0.063961  1.000000 0.000000 0.000003  0.004095 0.737684 1 64 1.000000
0  -3.666355 -21.273308 -0.009144  1.000000 0.000000 0.000003  0.004095 0.737684 1 64 1.000000
lowpoly_metal
0  -3.543055 -21.210392 0.063961  0.000000 0.757960 -0.652301  0.004095 0.737684 1 64 1.000000
0  -3.666355 -21.273308 -0.009144  0.000000 0.757960 -0.652301  0.004095 0.737684 1 64 1.000000
0  -3.666355 -21.210392 0.063961  0.000000 0.757960 -0.652301  0.004095 0.737684 1 64 1.000000
lowpoly_metal
0  -3.543055 -21.273308 -0.009145  0.000001 0.000000 1.000000  0.004095 0.737684 1 64 1.000000
0  -3.666355 -20.910467 -0.009144  0.000001 0.000000 1.000000  0.004095 0.737684 1 64 1.000000
0  -3.666355 -21.273308 -0.009144  0.000001 0.000000 1.000000  0.004095 0.737684 1 64 1.000000
lowpoly_metal
0  -3.618002 -9.844054 -3.112841  0.138674 0.911530 0.387147  0.006192 0.735583 1 64 1.000000
0  -3.686104 -9.665223 -3.549218  0.138673 0.911531 0.387145  0.006192 0.735583 1 64 1.000000
0  -3.686104 -9.754903 -3.298358  0.138672 0.911532 0.387142  0.006192 0.735583 1 64 1.000000
lowpoly_metal
0  -3.686104 -9.888328 -3.023938  -1.000000 0.000013 0.000000  0.006192 0.735583 1 64 1.000000
0  -3.686104 -9.754903 -3.298358  -1.000000 0.000013 0.000000  0.006192 0.735583 1 64 1.000000
0  -3.686104 -9.665223 -3.549218  -1.000000 0.000013 0.000000  0.006192 0.735583 1 64 1.000000
lowpoly_metal
0  -3.395065 -9.956636 -3.578651  1.000000 0.000000 0.000000  0.006192 0.735583 1 64 1.000000
0  -3.395065 -9.665223 -3.549218  1.000000 0.000000 0.000000  0.006192 0.735583 1 64 1.000000
0  -3.395065 -9.754903 -3.298357  1.000000 0.000000 0.000000  0.006192 0.735583 1 64 1.000000
lowpoly_metal
0  -3.840624 -11.940991 -2.580682  1.000000 -0.000000 -0.000048  0.006192 0.735583 1 64 1.000000
0  -3.840624 -11.940991 -2.359023  1.000000 -0.000000 -0.000048  0.006192 0.735583 1 64 1.000000
0  -3.840624 -11.940991 -2.137364  -1.000000 -0.000000 0.000048  0.006192 0.735583 1 64 1.000000
lowpoly_metal
0  -3.240544 -11.940991 -2.580682  -1.000000 0.000000 -0.000048  0.006192 0.735583 1 64 1.000000
0  -3.240544 -11.940991 -2.359023  -1.000000 0.000000 -0.000048  0.006192 0.735583 1 64 1.000000
0  -3.240544 -11.940991 -2.137364  1.000000 0.000000 0.000048  0.006192 0.735583 1 64 1.000000
lowpoly_metal
0  -3.540585 -9.636599 -3.638121  0.000000 0.943892 0.330254  0.006192 0.735583 1 64 1.000000
0  -3.618002 -9.636599 -3.638121  0.000001 0.943892 0.330254  0.006192 0.735583 1 64 1.000000
0  -3.686104 -9.665223 -3.549218  0.000002 0.943892 0.330254  0.006192 0.735583 1 64 1.000000
lowpoly_metal
0  -3.686104 -9.665223 -3.549218  0.000000 0.943877 0.330297  0.006192 0.735583 1 64 1.000000
0  -3.686104 -9.754903 -3.298358  0.000000 0.943877 0.330297  0.006192 0.735583 1 64 1.000000
0  -3.395065 -9.754903 -3.298357  0.000000 0.943877 0.330297  0.006192 0.735583 1 64 1.000000
lowpoly_metal
0  -3.395065 -9.754903 -3.298357  0.000000 0.943877 0.330297  0.006192 0.735583 1 64 1.000000
0  -3.395065 -9.665223 -3.549218  -0.000000 0.943877 0.330297  0.006192 0.735583 1 64 1.000000
0  -3.686104 -9.665223 -3.549218  0.000000 0.943877 0.330297  0.006192 0.735583 1 64 1.000000
lowpoly_metal
0  -3.395065 -9.665223 -3.549218  0.000001 0.943892 0.330254  0.006192 0.735583 1 64 1.000000
0  -3.463167 -9.636599 -3.638121  0.000000 0.943892 0.330254  0.006192 0.735583 1 64 1.000000
0  -3.540585 -9.636599 -3.638121  0.000000 0.943892 0.330254  0.006192 0.735583 1 64 1.000000
lowpoly_metal
0  -3.618002 -9.844054 -3.112841  -0.000003 -0.900458 -0.434944  0.006192 0.735583 1 64 1.000000
0  -3.686104 -9.754903 -3.298358  -0.000002 -0.900458 -0.434944  0.006192 0.735583 1 64 1.000000
0  -3.540585 -9.844054 -3.112842  -0.000002 -0.900458 -0.434944  0.006192 0.735583 1 64 1.000000
lowpoly_metal
0  -3.686104 -9.754903 -3.298358  0.000001 -0.900450 -0.434959  0.006192 0.735583 1 64 1.000000
0  -3.395065 -9.754903 -3.298357  0.000000 -0.900450 -0.434959  0.006192 0.735583 1 64 1.000000
0  -3.540585 -9.844054 -3.112842  0.000001 -0.900450 -0.434959  0.006192 0.735583 1 64 1.000000
lowpoly_metal
0  -3.543055 -20.969297 0.063961  0.000000 0.000000 -1.000000  0.004095 0.737684 1 64 1.000000
0  -3.543055 -21.210392 0.063961  0.000000 0.000000 -1.000000  0.004095 0.737684 1 64 1.000000
0  -3.666355 -21.210392 0.063961  0.000000 0.000000 -1.000000  0.004095 0.737684 1 64 1.000000
lowpoly_metal
0  -3.543055 -20.910467 -0.009145  0.000000 -0.779072 -0.626934  0.004095 0.737684 1 64 1.000000
0  -3.543055 -20.969297 0.063961  0.000000 -0.779072 -0.626934  0.004095 0.737684 1 64 1.000000
0  -3.666355 -20.969297 0.063961  0.000000 -0.779072 -0.626934  0.004095 0.737684 1 64 1.000000
lowpoly_metal
0  -3.666355 -20.910467 -0.009144  1.000000 0.000000 -0.000001  0.004095 0.737684 1 64 1.000000
0  -3.666355 -20.969297 0.063961  1.000000 0.000000 -0.000001  0.004095 0.737684 1 64 1.000000
0  -3.666355 -21.210392 0.063961  1.000000 0.000000 -0.000001  0.004095 0.737684 1 64 1.000000
lowpoly_metal
0  -3.543055 -21.210392 0.063961  -0.000001 0.757948 -0.652314  0.004095 0.737684 1 64 1.000000
0  -3.543055 -21.273308 -0.009145  -0.000001 0.757948 -0.652314  0.004095 0.737684 1 64 1.000000
0  -3.666355 -21.273308 -0.009144  -0.000001 0.757948 -0.652314  0.004095 0.737684 1 64 1.000000
lowpoly_metal
0  -3.543055 -21.273308 -0.009145  0.000001 0.000000 1.000000  0.004095 0.737684 1 64 1.000000
0  -3.543055 -20.910467 -0.009145  0.000001 0.000000 1.000000  0.004095 0.737684 1 64 1.000000
0  -3.666355 -20.910467 -0.009144  0.000001 0.000000 1.000000  0.004095 0.737684 1 64 1.000000
end
