version 1
nodes
0 "root" -1
end
skeleton
time 0
0 0 0 0 0 0 0
end
triangles
lowpoly_plastic.004
0  0.374876 1.644715 1.398132  0.000000 0.242885 -0.970055  0.074294 0.766422 0
0  -0.296021 1.816523 1.441149  0.000000 0.242885 -0.970055  0.073908 0.766363 0
0  0.374876 1.816523 1.441149  0.000000 0.242885 -0.970055  0.074294 0.766363 0
lowpoly_plastic.004
0  0.039428 -0.945424 1.682739  0.000000 -0.967075 0.254493  0.073900 0.748931 0
0  0.226590 -0.865609 1.986034  0.000000 -0.967075 0.254493  0.073786 0.748760 0
0  -0.147734 -0.865609 1.986034  0.000000 -0.967075 0.254493  0.074000 0.748760 0
lowpoly_plastic.004
0  -0.298482 -0.705980 2.008838  -0.718300 -0.639038 -0.275092  0.074095 0.748698 0
0  0.039428 -0.945424 1.682739  -0.718300 -0.639038 -0.275092  0.073900 0.748931 0
0  -0.147734 -0.865609 1.986034  -0.718300 -0.639038 -0.275092  0.074000 0.748760 0
lowpoly_plastic.004
0  -0.298482 -0.705980 2.008838  -0.722133 -0.689653 0.053879  0.073045 0.752356 0
0  -0.147734 -0.865609 1.986034  -0.722133 -0.689653 0.053879  0.072949 0.752334 0
0  -0.147734 -0.854207 2.131981  -0.722133 -0.689653 0.053879  0.072981 0.752256 0
lowpoly_plastic.004
0  0.371036 1.795769 1.700241  0.701963 0.709037 0.067198  0.068249 0.747794 0
0  0.598627 1.583417 1.563416  0.701963 0.709037 0.067198  0.068305 0.747922 0
0  0.374876 1.816523 1.441149  0.701963 0.709037 0.067198  0.068163 0.747917 0
lowpoly_plastic.004
0  0.374876 1.816523 1.441149  0.000000 0.301158 -0.953574  0.074294 0.766363 0
0  -0.296021 1.940257 1.480227  0.000000 0.301158 -0.953574  0.073908 0.766316 0
0  0.374876 1.940257 1.480227  0.000000 0.301158 -0.953574  0.074294 0.766316 0
lowpoly_metal.005
0  0.384710 -3.249837 -4.436844  -0.686098 -0.631785 -0.360717  0.073392 0.752349 0
0  0.438768 -3.753805 -3.656978  -0.686098 -0.631785 -0.360717  0.072474 0.750593 0
0  0.383767 -3.708785 -3.631216  -0.686098 -0.631785 -0.360717  0.072505 0.750597 0
lowpoly_plastic.004
0  -0.095619 -0.934022 2.348621  -0.837314 -0.546723 0.000000  0.072975 0.752121 0
0  -0.147734 -0.854207 2.131981  -0.837314 -0.546723 0.000000  0.072981 0.752256 0
0  -0.095619 -0.934022 2.186711  -0.837314 -0.546723 0.000000  0.072946 0.752209 0
lowpoly_plastic.004
0  0.226590 -0.854207 2.131981  0.837314 -0.546722 0.000000  0.069696 0.748348 0
0  0.174475 -0.934022 2.348621  0.837314 -0.546722 0.000000  0.069801 0.748263 0
0  0.174475 -0.934022 2.186711  0.837314 -0.546722 0.000000  0.069754 0.748344 0
lowpoly_plastic.004
0  -0.298482 -0.731885 2.596912  0.000000 -0.045112 0.998982  0.071864 0.751925 0
0  0.300867 -0.634688 2.601302  0.000000 -0.045112 0.998982  0.071808 0.752271 0
0  -0.222013 -0.634688 2.601302  0.000000 -0.045112 0.998982  0.071808 0.751969 0
lowpoly_plastic.004
0  0.226590 -0.845085 2.455800  0.620569 -0.783392 -0.034509  0.069785 0.748183 0
0  0.377338 -0.705980 2.008838  0.620569 -0.783392 -0.034509  0.069581 0.748365 0
0  0.377338 -0.731885 2.596912  0.620569 -0.783392 -0.034509  0.069764 0.748080 0
lowpoly_plastic.004
0  0.377338 -0.705980 2.008838  0.323228 -0.890863 0.319197  0.069581 0.748365 0
0  0.039428 -0.945424 1.682739  0.323228 -0.890863 0.319197  0.073900 0.748931 0
0  0.464198 -0.799477 1.659935  0.323228 -0.890863 0.319197  0.069523 0.748566 0
lowpoly_plastic.004
0  -0.233319 1.585330 2.885008  0.018730 0.873421 0.486606  0.072397 0.751668 0
0  -0.251067 1.701419 2.677321  0.018730 0.873421 0.486606  0.072387 0.751755 0
0  -0.318594 1.702232 2.678460  0.018730 0.873421 0.486606  0.072348 0.751754 0
lowpoly_plastic.004
0  -0.387799 -0.151257 2.625816  -0.577027 -0.609864 0.543236  0.072451 0.752385 0
0  -0.281716 -0.252998 2.624278  -0.577027 -0.609864 0.543236  0.072377 0.752377 0
0  -0.282374 -0.113436 2.780258  -0.577027 -0.609864 0.543236  0.072443 0.752278 0
lowpoly_plastic.004
0  0.464198 -2.499917 -2.220239  0.927723 -0.264027 0.263855  0.069244 0.750992 0
0  0.598627 -1.716603 -1.909071  0.927723 -0.264027 0.263855  0.068940 0.750609 0
0  0.464198 -2.011404 -1.731406  0.927723 -0.264027 0.263855  0.069143 0.750607 0
lowpoly_plastic.004
0  0.174475 -0.934022 2.186711  0.000000 -1.000000 0.000000  0.072774 0.751789 0
0  -0.095619 -0.934022 2.348621  0.000000 -1.000000 0.000000  0.072851 0.751936 0
0  -0.095619 -0.934022 2.186711  0.000000 -1.000000 0.000000  0.072774 0.751943 0
lowpoly_plastic.004
0  -0.519771 -0.147278 1.648533  -0.844176 0.026332 0.535419  0.070379 0.748390 0
0  -0.460715 1.562620 1.657552  -0.844176 0.026332 0.535419  0.071217 0.747880 0
0  -0.519771 1.583417 1.563416  -0.844176 0.026332 0.535419  0.071258 0.747921 0
lowpoly_metal.005
0  -0.304911 -3.708785 -3.631216  0.000000 -0.868898 -0.494992  0.072902 0.750597 0
0  0.384710 -3.249837 -4.436844  0.000000 -0.868898 -0.494992  0.072505 0.751126 0
0  0.383767 -3.708785 -3.631216  0.000000 -0.868898 -0.494992  0.072505 0.750597 0
lowpoly_plastic.004
0  0.341044 1.973095 1.582025  0.000000 0.787506 0.616307  0.072761 0.752445 0
0  -0.262189 1.913987 1.657552  0.000000 0.787506 0.616307  0.072800 0.752098 0
0  0.341044 1.913987 1.657552  0.000000 0.787506 0.616307  0.072800 0.752445 0
lowpoly_plastic.004
0  0.371036 1.795769 1.700241  0.812878 0.581461 0.033651  0.068249 0.747794 0
0  0.397449 1.702232 2.678460  0.812878 0.581461 0.033651  0.068577 0.747333 0
0  0.539578 1.562620 1.657552  0.812878 0.581461 0.033651  0.068345 0.747882 0
lowpoly_plastic.004
0  -0.292181 1.795769 1.700241  -0.812892 0.581442 0.033649  0.071311 0.747789 0
0  -0.460715 1.562620 1.657552  -0.812892 0.581442 0.033649  0.071217 0.747880 0
0  -0.318594 1.702232 2.678460  -0.812892 0.581442 0.033649  0.070979 0.747333 0
lowpoly_plastic.004
0  0.329922 1.701419 2.677321  0.000000 0.995370 0.096117  0.072722 0.751755 0
0  -0.292181 1.795769 1.700241  0.000000 0.995370 0.096117  0.072363 0.752260 0
0  -0.251067 1.701419 2.677321  0.000000 0.995370 0.096117  0.072387 0.751755 0
lowpoly_plastic.004
0  0.341044 1.406311 0.341076  -0.996963 0.076488 0.014658  0.070611 0.770036 0
0  0.374876 1.644715 1.398132  -0.996963 0.076488 0.014658  0.070611 0.769411 0
0  0.384891 1.800367 1.267108  -0.996963 0.076488 0.014658  0.070714 0.769464 0
lowpoly_plastic.004
0  -0.262189 1.406311 0.341076  0.996963 0.076488 0.014658  0.070611 0.770036 0
0  -0.306036 1.800367 1.267108  0.996963 0.076488 0.014658  0.070507 0.769465 0
0  -0.296021 1.644715 1.398132  0.996963 0.076488 0.014658  0.070611 0.769411 0
lowpoly_plastic.004
0  -0.262189 1.406311 0.341076  -0.837418 0.487515 -0.247105  0.071796 0.748050 0
0  -0.519771 1.583417 1.563416  -0.837418 0.487515 -0.247105  0.071258 0.747921 0
0  -0.306036 1.800367 1.267108  -0.837418 0.487515 -0.247105  0.071442 0.748002 0
lowpoly_metal.005
0  0.208425 -3.008733 -4.949992  0.000000 -0.914204 -0.405254  0.072607 0.751445 0
0  0.384835 -3.189828 -4.541462  0.000000 -0.914204 -0.405254  0.072505 0.751195 0
0  0.290873 -3.189828 -4.541462  0.000000 -0.914204 -0.405254  0.072559 0.751195 0
lowpoly_plastic.004
0  0.539578 -0.171450 1.720594  0.828139 -0.557334 0.059710  0.069225 0.748353 0
0  0.377338 -0.325732 2.530702  0.828139 -0.557334 0.059710  0.069543 0.747995 0
0  0.377338 -0.412718 1.718769  0.828139 -0.557334 0.059710  0.069351 0.748425 0
lowpoly_plastic.004
0  0.598627 -0.147278 1.648533  0.769450 0.023205 0.638286  0.069190 0.748382 0
0  0.539578 1.562620 1.657552  0.769450 0.023205 0.638286  0.068345 0.747882 0
0  0.539578 -0.171450 1.720594  0.769450 0.023205 0.638286  0.069225 0.748353 0
lowpoly_metal.005
0  0.268703 -2.937221 -4.968873  0.000004 -0.255297 -0.966863  0.072572 0.751479 0
0  -0.129569 -3.008732 -4.949992  0.000004 -0.255297 -0.966863  0.072801 0.751445 0
0  -0.189847 -2.937220 -4.968875  0.000004 -0.255297 -0.966863  0.072836 0.751479 0
lowpoly_metal.005
0  -0.189847 -2.937220 -4.968875  0.000001 -0.836620 -0.547784  0.072836 0.751479 0
0  0.494129 -2.756611 -5.244714  0.000001 -0.836620 -0.547784  0.072442 0.751668 0
0  0.268703 -2.937221 -4.968873  0.000001 -0.836620 -0.547784  0.072572 0.751479 0
lowpoly_plastic.004
0  0.464198 -0.430049 1.646252  0.548958 -0.374797 0.747110  0.069335 0.748465 0
0  0.539578 -0.171450 1.720594  0.548958 -0.374797 0.747110  0.072946 0.752439 0
0  0.377338 -0.412718 1.718769  0.548958 -0.374797 0.747110  0.072870 0.752290 0
lowpoly_plastic.004
0  0.377338 -0.705980 2.008838  0.591650 0.566937 0.573177  0.069581 0.748365 0
0  0.464198 -0.430049 1.646252  0.591650 0.566937 0.573177  0.072920 0.752291 0
0  0.377338 -0.412718 1.718769  0.591650 0.566937 0.573177  0.069351 0.748425 0
lowpoly_plastic.004
0  0.313659 0.540587 2.912920  -0.001206 -0.545012 0.838428  0.071720 0.752315 0
0  0.300867 0.348838 2.788257  -0.001206 -0.545012 0.838428  0.071752 0.752431 0
0  0.359344 0.349032 2.788468  -0.001206 -0.545012 0.838428  0.071720 0.752440 0
lowpoly_plastic.004
0  -0.460714 -0.171450 1.720594  -0.868657 -0.488768 0.080873  0.070343 0.748361 0
0  -0.298482 -0.325732 2.530702  -0.868657 -0.488768 0.080873  0.070021 0.748005 0
0  -0.387799 -0.151257 2.625816  -0.868657 -0.488768 0.080873  0.070083 0.747907 0
lowpoly_plastic.004
0  0.377338 -0.325732 2.530702  1.000000 0.000000 0.000000  0.069543 0.747995 0
0  0.377338 -0.731885 2.596912  1.000000 0.000000 0.000000  0.069764 0.748080 0
0  0.377338 -0.705980 2.008838  1.000000 0.000000 0.000000  0.069581 0.748365 0
lowpoly_plastic.004
0  0.377338 -0.412718 1.718769  1.000000 0.000000 -0.000000  0.069351 0.748425 0
0  0.377338 -0.325732 2.530702  1.000000 0.000000 -0.000000  0.069543 0.747995 0
0  0.377338 -0.705980 2.008838  1.000000 0.000000 -0.000000  0.069581 0.748365 0
lowpoly_plastic.004
0  -0.298482 -0.705980 2.008838  -1.000000 -0.000000 0.000000  0.069986 0.748376 0
0  -0.298482 -0.325732 2.530702  -1.000000 -0.000000 0.000000  0.070021 0.748005 0
0  -0.298482 -0.412718 1.718769  -1.000000 -0.000000 0.000000  0.070216 0.748433 0
lowpoly_plastic.004
0  -0.298482 -0.705980 2.008838  -1.000000 0.000000 -0.000000  0.069986 0.748376 0
0  -0.298482 -0.731885 2.596912  -1.000000 0.000000 -0.000000  0.069801 0.748092 0
0  -0.298482 -0.325732 2.530702  -1.000000 0.000000 -0.000000  0.070021 0.748005 0
lowpoly_plastic.004
0  -0.298482 -0.731885 2.596912  -0.987268 0.025593 0.156995  0.069801 0.748092 0
0  -0.281716 -0.252998 2.624278  -0.987268 0.025593 0.156995  0.070028 0.747937 0
0  -0.298482 -0.325732 2.530702  -0.987268 0.025593 0.156995  0.070021 0.748005 0
lowpoly_plastic.004
0  0.360572 -0.252998 2.624278  0.987268 0.025593 0.156996  0.069535 0.747927 0
0  0.377338 -0.731885 2.596912  0.987268 0.025593 0.156996  0.069764 0.748080 0
0  0.377338 -0.325732 2.530702  0.987268 0.025593 0.156996  0.069543 0.747995 0
lowpoly_plastic.004
0  -0.298482 -0.325732 2.530702  -0.565979 -0.598703 0.566765  0.072348 0.752440 0
0  -0.281716 -0.252998 2.624278  -0.565979 -0.598703 0.566765  0.072377 0.752377 0
0  -0.387799 -0.151257 2.625816  -0.565979 -0.598703 0.566765  0.072451 0.752385 0
lowpoly_plastic.004
0  0.377338 -0.325732 2.530702  0.565951 -0.598721 0.566774  0.072497 0.752448 0
0  0.466663 -0.151257 2.625816  0.565951 -0.598721 0.566774  0.072451 0.752347 0
0  0.360572 -0.252998 2.624278  0.565951 -0.598721 0.566774  0.072506 0.752380 0
lowpoly_plastic.004
0  0.361229 -0.113436 2.780258  0.576996 -0.609881 0.543250  0.072506 0.752260 0
0  0.360572 -0.252998 2.624278  0.576996 -0.609881 0.543250  0.072506 0.752380 0
0  0.466663 -0.151257 2.625816  0.576996 -0.609881 0.543250  0.072451 0.752347 0
lowpoly_plastic.004
0  -0.318594 1.702232 2.678460  -0.877343 0.159599 0.452545  0.070979 0.747333 0
0  -0.387799 1.416758 2.644971  -0.877343 0.159599 0.452545  0.070851 0.747434 0
0  -0.233319 1.585330 2.885008  -0.877343 0.159599 0.452545  0.070856 0.747265 0
lowpoly_plastic.004
0  -0.234804 0.540587 2.912920  -0.845710 0.015453 0.533419  0.070333 0.747559 0
0  -0.233319 1.585330 2.885008  -0.845710 0.015453 0.533419  0.070856 0.747265 0
0  -0.387799 1.416758 2.644971  -0.845710 0.015453 0.533419  0.070851 0.747434 0
lowpoly_plastic.004
0  0.397449 1.702232 2.678460  0.848493 0.527201 0.046029  0.068577 0.747333 0
0  0.466663 1.602840 2.540984  0.848493 0.527201 0.046029  0.068584 0.747430 0
0  0.539578 1.562620 1.657552  0.848493 0.527201 0.046029  0.068345 0.747882 0
lowpoly_plastic.004
0  -0.318594 1.702232 2.678460  -0.848527 0.527146 0.046035  0.070979 0.747333 0
0  -0.460715 1.562620 1.657552  -0.848527 0.527146 0.046035  0.071217 0.747880 0
0  -0.387799 1.602840 2.540984  -0.848527 0.527146 0.046035  0.070974 0.747431 0
lowpoly_plastic.004
0  -0.296021 1.816523 1.441149  0.998161 0.014724 -0.058808  0.070519 0.769365 0
0  -0.296021 1.644715 1.398132  0.998161 0.014724 -0.058808  0.070611 0.769411 0
0  -0.306036 1.800367 1.267108  0.998161 0.014724 -0.058808  0.070507 0.769465 0
lowpoly_plastic.004
0  0.226590 -0.854207 2.131981  0.000000 -0.565528 -0.824729  0.074807 0.771465 0
0  -0.095619 -0.934022 2.186711  0.000000 -0.565528 -0.824729  0.074754 0.771280 0
0  -0.147734 -0.854207 2.131981  0.000000 -0.565528 -0.824729  0.074807 0.771249 0
lowpoly_plastic.004
0  0.341044 1.913987 1.657552  0.982219 -0.056539 0.179022  0.068179 0.747781 0
0  0.374876 1.816523 1.441149  0.982219 -0.056539 0.179022  0.068163 0.747917 0
0  0.374876 1.940257 1.480227  0.982219 -0.056539 0.179022  0.068113 0.747861 0
lowpoly_plastic.004
0  0.341044 1.973095 1.582025  0.934206 0.280929 0.219857  0.068128 0.747801 0
0  0.341044 1.913987 1.657552  0.934206 0.280929 0.219857  0.068179 0.747781 0
0  0.374876 1.940257 1.480227  0.934206 0.280929 0.219857  0.068113 0.747861 0
lowpoly_plastic.004
0  -0.147734 -0.854207 2.131981  0.000000 -0.996962 0.077887  0.073994 0.748686 0
0  0.226590 -0.865609 1.986034  0.000000 -0.996962 0.077887  0.073786 0.748760 0
0  0.226590 -0.854207 2.131981  0.000000 -0.996962 0.077887  0.073780 0.748687 0
lowpoly_plastic.004
0  0.374876 1.816523 1.441149  -0.998161 0.014724 -0.058808  0.070702 0.769365 0
0  0.384891 1.800367 1.267108  -0.998161 0.014724 -0.058808  0.070714 0.769464 0
0  0.374876 1.644715 1.398132  -0.998161 0.014724 -0.058808  0.070611 0.769411 0
lowpoly_plastic.004
0  -0.296021 1.940257 1.480227  -0.934206 0.280929 0.219857  0.071447 0.747855 0
0  -0.262189 1.913987 1.657552  -0.934206 0.280929 0.219857  0.071381 0.747775 0
0  -0.262189 1.973095 1.582025  -0.934206 0.280929 0.219857  0.071432 0.747795 0
lowpoly_plastic.004
0  0.598627 1.583417 1.563416  0.726971 0.686320 -0.021876  0.068305 0.747922 0
0  0.384891 1.800367 1.267108  0.726971 0.686320 -0.021876  0.068120 0.748008 0
0  0.374876 1.816523 1.441149  0.726971 0.686320 -0.021876  0.068163 0.747917 0
lowpoly_plastic.004
0  -0.292181 1.795769 1.700241  -0.722876 0.422412 0.546825  0.071311 0.747789 0
0  -0.519771 1.583417 1.563416  -0.722876 0.422412 0.546825  0.071258 0.747921 0
0  -0.460715 1.562620 1.657552  -0.722876 0.422412 0.546825  0.071217 0.747880 0
lowpoly_plastic.004
0  -0.519771 1.583417 1.563416  -0.726971 0.686320 -0.021876  0.071258 0.747921 0
0  -0.296021 1.816523 1.441149  -0.726971 0.686320 -0.021876  0.071398 0.747911 0
0  -0.306036 1.800367 1.267108  -0.726971 0.686320 -0.021876  0.071442 0.748002 0
lowpoly_metal.005
0  0.039428 -4.071566 -2.803906  0.329047 -0.017180 0.944157  0.072180 0.752227 0
0  0.464198 -3.896214 -2.948753  0.329047 -0.017180 0.944157  0.072070 0.752472 0
0  0.039428 -3.975813 -2.802163  0.329047 -0.017180 0.944157  0.072125 0.752227 0
lowpoly_plastic.004
0  -0.387799 1.602840 2.540984  -0.995776 0.044789 0.080149  0.070974 0.747431 0
0  -0.460715 1.562620 1.657552  -0.995776 0.044789 0.080149  0.071217 0.747880 0
0  -0.387799 1.416758 2.644971  -0.995776 0.044789 0.080149  0.070851 0.747434 0
lowpoly_plastic.004
0  0.539578 1.562620 1.657552  0.995776 0.044789 0.080149  0.068345 0.747882 0
0  0.466663 1.602840 2.540984  0.995776 0.044789 0.080149  0.068584 0.747430 0
0  0.466663 1.416758 2.644971  0.995776 0.044789 0.080149  0.068707 0.747432 0
lowpoly_plastic.004
0  -0.385342 -2.142027 -1.525444  -1.000000 0.000000 -0.000000  0.070321 0.750550 0
0  -0.385342 -1.700609 -0.855610  -1.000000 0.000000 -0.000000  0.070342 0.750088 0
0  -0.385342 -1.545487 -1.043812  -1.000000 0.000000 -0.000000  0.070473 0.750135 0
lowpoly_plastic.004
0  0.466663 1.416758 2.644971  0.997252 0.002692 0.074039  0.068707 0.747432 0
0  0.539578 -0.171450 1.720594  0.997252 0.002692 0.074039  0.069225 0.748353 0
0  0.539578 1.562620 1.657552  0.997252 0.002692 0.074039  0.068345 0.747882 0
lowpoly_plastic.004
0  0.464198 -0.806082 1.297908  0.734044 -0.017850 0.678868  0.069421 0.748748 0
0  0.598627 -0.248340 1.167218  0.734044 -0.017850 0.678868  0.069101 0.748651 0
0  0.464198 -0.563068 1.304297  0.734044 -0.017850 0.678868  0.069302 0.748674 0
lowpoly_plastic.004
0  0.464198 -0.592280 1.180555  0.752933 -0.316656 -0.576906  0.033626 0.763278 0
0  0.598627 -0.248340 1.167218  0.752933 -0.316656 -0.576906  0.033446 0.763184 0
0  0.464198 -0.806082 1.297908  0.752933 -0.316656 -0.576906  0.033767 0.763281 0
lowpoly_plastic.004
0  0.464198 -1.545487 -1.043812  0.752935 -0.507829 -0.418567  0.033456 0.764662 0
0  0.598627 -1.230955 -1.183604  0.752935 -0.507829 -0.418567  0.033254 0.764640 0
0  0.464198 -1.700609 -0.855610  0.752935 -0.507829 -0.418567  0.033588 0.764614 0
lowpoly_plastic.004
0  0.464198 -1.700609 -0.855610  0.734044 0.234889 0.637187  0.069242 0.750080 0
0  0.598627 -1.230955 -1.183604  0.734044 0.234889 0.637187  0.068908 0.750107 0
0  0.464198 -1.472516 -0.939693  0.734044 0.234889 0.637187  0.069104 0.750056 0
lowpoly_plastic.004
0  0.464198 -1.025973 0.555856  0.734045 0.070326 0.675449  0.069316 0.749182 0
0  0.598627 -0.489887 0.353948  0.734045 0.070326 0.675449  0.068985 0.749126 0
0  0.464198 -0.784182 0.530681  0.734045 0.070326 0.675449  0.069188 0.749124 0
lowpoly_plastic.004
0  0.464198 -0.829193 0.411770  0.752934 -0.388788 -0.530975  0.033522 0.763729 0
0  0.598627 -0.489887 0.353948  0.752934 -0.388788 -0.530975  0.033331 0.763659 0
0  0.464198 -1.025973 0.555856  0.752934 -0.388788 -0.530975  0.033661 0.763715 0
lowpoly_plastic.004
0  0.464198 -1.142469 -0.339600  0.752935 -0.449268 -0.480883  0.033460 0.764195 0
0  0.598627 -0.812466 -0.437427  0.752935 -0.449268 -0.480883  0.033262 0.764147 0
0  0.464198 -1.320686 -0.173100  0.752935 -0.449268 -0.480883  0.033596 0.764163 0
lowpoly_plastic.004
0  0.464198 -1.320686 -0.173100  0.734044 0.150284 0.662264  0.069251 0.749630 0
0  0.598627 -0.812466 -0.437427  0.734044 0.150284 0.662264  0.068916 0.749614 0
0  0.464198 -1.083615 -0.226897  0.734044 0.150284 0.662264  0.069118 0.749588 0
lowpoly_plastic.004
0  -0.519772 -0.248340 1.167218  -0.927539 -0.358425 0.105840  0.070470 0.748658 0
0  -0.385342 -0.784182 0.530681  -0.927539 -0.358425 0.105840  0.070386 0.749131 0
0  -0.385342 -0.592280 1.180555  -0.927539 -0.358425 0.105840  0.070290 0.748753 0
lowpoly_plastic.004
0  -0.385342 -0.592280 1.180555  -1.000000 -0.000000 -0.000000  0.070290 0.748753 0
0  -0.385342 -1.025973 0.555856  -1.000000 -0.000000 -0.000000  0.070260 0.749190 0
0  -0.385342 -0.806082 1.297908  -1.000000 -0.000000 -0.000000  0.070150 0.748758 0
lowpoly_plastic.004
0  -0.519771 -0.812466 -0.437427  -0.928563 -0.325230 0.178874  0.070664 0.749619 0
0  -0.385342 -1.472516 -0.939693  -0.928563 -0.325230 0.178874  0.070479 0.750062 0
0  -0.385342 -1.142469 -0.339600  -0.928563 -0.325230 0.178874  0.070465 0.749668 0
lowpoly_plastic.004
0  -0.385342 -1.142469 -0.339600  -1.000000 -0.000000 0.000000  0.070465 0.749668 0
0  -0.385342 -1.700609 -0.855610  -1.000000 -0.000000 0.000000  0.070342 0.750088 0
0  -0.385342 -1.320686 -0.173100  -1.000000 -0.000000 0.000000  0.070329 0.749638 0
lowpoly_plastic.004
0  0.039428 -1.530612 -0.067094  -0.354282 -0.787738 0.503937  0.073936 0.749959 0
0  -0.385342 -2.227143 -1.454513  -0.354282 -0.787738 0.503937  0.074194 0.750847 0
0  0.039428 -2.372790 -1.383559  -0.354282 -0.787738 0.503937  0.073939 0.750859 0
lowpoly_plastic.004
0  -0.385342 -1.083615 -0.226897  -0.926330 -0.348846 0.142196  0.070461 0.749594 0
0  -0.519772 -0.489887 0.353948  -0.926330 -0.348846 0.142196  0.070590 0.749132 0
0  -0.519771 -0.812466 -0.437427  -0.926330 -0.348846 0.142196  0.070664 0.749619 0
lowpoly_plastic.004
0  0.464198 -2.142027 -1.525444  0.734042 0.311986 0.603197  0.069267 0.750542 0
0  0.598627 -1.716603 -1.909071  0.734042 0.311986 0.603197  0.068940 0.750609 0
0  0.464198 -1.926101 -1.637125  0.734042 0.311986 0.603197  0.069128 0.750535 0
lowpoly_plastic.004
0  0.464198 -2.011404 -1.731406  0.752935 -0.555752 -0.352461  0.033488 0.765140 0
0  0.598627 -1.716603 -1.909071  0.752935 -0.555752 -0.352461  0.033285 0.765142 0
0  0.464198 -2.142027 -1.525444  0.752935 -0.555752 -0.352461  0.033613 0.765075 0
lowpoly_plastic.004
0  0.464198 -2.699538 -2.081502  0.734044 0.387565 0.557649  0.069383 0.750981 0
0  0.598627 -2.327450 -2.517054  0.734044 0.387565 0.557649  0.069067 0.751089 0
0  0.464198 -2.499917 -2.220239  0.734044 0.387565 0.557649  0.069244 0.750992 0
lowpoly_plastic.004
0  0.464198 -2.596725 -2.302664  0.752935 -0.596763 -0.277422  0.033614 0.765594 0
0  0.598627 -2.327450 -2.517054  0.752935 -0.596763 -0.277422  0.033413 0.765622 0
0  0.464198 -2.699538 -2.081502  0.752935 -0.596763 -0.277422  0.033729 0.765514 0
lowpoly_plastic.004
0  0.464198 -3.248099 -2.806606  0.752935 -0.637199 -0.164517  0.033792 0.766034 0
0  0.598627 -3.022202 -3.066303  0.752935 -0.637199 -0.164517  0.033599 0.766098 0
0  0.464198 -3.309069 -2.570458  0.752935 -0.637199 -0.164517  0.033890 0.765934 0
lowpoly_plastic.004
0  0.464198 -3.309069 -2.570458  0.734045 0.482329 0.478056  0.069545 0.751401 0
0  0.598627 -3.022202 -3.066303  0.734045 0.482329 0.478056  0.069253 0.751565 0
0  0.464198 -3.137940 -2.743117  0.734045 0.482329 0.478056  0.069410 0.751438 0
lowpoly_plastic.004
0  -0.519771 -1.716603 -1.909071  -0.927723 -0.264027 0.263854  0.070650 0.750615 0
0  -0.385342 -2.499917 -2.220239  -0.927723 -0.264027 0.263854  0.070348 0.751000 0
0  -0.385342 -2.011404 -1.731406  -0.927723 -0.264027 0.263854  0.070446 0.750613 0
lowpoly_plastic.004
0  -0.385342 -2.011404 -1.731406  -1.000000 0.000000 -0.000000  0.070446 0.750613 0
0  -0.385342 -2.699538 -2.081502  -1.000000 0.000000 -0.000000  0.070209 0.750990 0
0  -0.385342 -2.142027 -1.525444  -1.000000 0.000000 -0.000000  0.070321 0.750550 0
lowpoly_plastic.004
0  -0.385342 -3.248099 -2.806606  -0.915368 -0.215835 0.339878  0.070151 0.751511 0
0  -0.519771 -3.632990 -3.413073  -0.915368 -0.215835 0.339878  0.070146 0.751926 0
0  -0.385342 -3.787957 -3.149435  -0.915368 -0.215835 0.339878  0.069986 0.751840 0
lowpoly_plastic.004
0  -0.519771 -1.230955 -1.183604  -0.930033 -0.309303 0.198420  0.070676 0.750112 0
0  -0.385342 -1.926101 -1.637125  -0.930033 -0.309303 0.198420  0.070460 0.750541 0
0  -0.385342 -1.545487 -1.043812  -0.930033 -0.309303 0.198420  0.070473 0.750135 0
lowpoly_plastic.004
0  -0.385342 -2.596725 -2.302664  -1.000000 0.000000 -0.000000  0.070325 0.751069 0
0  -0.385342 -3.309069 -2.570458  -1.000000 0.000000 -0.000000  0.070052 0.751412 0
0  -0.385342 -2.699538 -2.081502  -1.000000 0.000000 -0.000000  0.070209 0.750990 0
lowpoly_plastic.004
0  -0.385342 -3.137940 -2.743117  -0.924197 -0.236853 0.299599  0.070187 0.751447 0
0  -0.519771 -2.327450 -2.517054  -0.924197 -0.236853 0.299599  0.070527 0.751096 0
0  -0.519771 -3.022202 -3.066303  -0.924197 -0.236853 0.299599  0.070346 0.751574 0
lowpoly_plastic.004
0  -0.385342 -0.806082 1.297908  -0.734044 -0.017850 0.678867  0.070150 0.748758 0
0  -0.385342 -0.563068 1.304297  -0.734044 -0.017850 0.678867  0.070268 0.748683 0
0  -0.519772 -0.248340 1.167218  -0.734044 -0.017850 0.678867  0.070470 0.748658 0
lowpoly_plastic.004
0  -0.385342 -0.592280 1.180555  -0.752934 -0.316656 -0.576906  0.034636 0.763286 0
0  -0.385342 -0.806082 1.297908  -0.752934 -0.316656 -0.576906  0.034496 0.763291 0
0  -0.519772 -0.248340 1.167218  -0.752934 -0.316656 -0.576906  0.034816 0.763192 0
lowpoly_plastic.004
0  -0.385342 -1.545487 -1.043812  -0.752935 -0.507829 -0.418567  0.034819 0.764668 0
0  -0.385342 -1.700609 -0.855610  -0.752935 -0.507829 -0.418567  0.034687 0.764621 0
0  -0.519771 -1.230955 -1.183604  -0.752935 -0.507829 -0.418567  0.035022 0.764646 0
lowpoly_plastic.004
0  -0.385342 -1.700609 -0.855610  -0.734044 0.234890 0.637187  0.070342 0.750088 0
0  -0.385342 -1.472516 -0.939693  -0.734044 0.234890 0.637187  0.070479 0.750062 0
0  -0.519771 -1.230955 -1.183604  -0.734044 0.234890 0.637187  0.070676 0.750112 0
lowpoly_plastic.004
0  -0.385342 -1.025973 0.555856  -0.734045 0.070326 0.675449  0.070260 0.749190 0
0  -0.385342 -0.784182 0.530681  -0.734045 0.070326 0.675449  0.070386 0.749131 0
0  -0.519772 -0.489887 0.353948  -0.734045 0.070326 0.675449  0.070590 0.749132 0
lowpoly_plastic.004
0  -0.385342 -0.829193 0.411770  -0.752934 -0.388788 -0.530975  0.034745 0.763736 0
0  -0.385342 -1.025973 0.555856  -0.752934 -0.388788 -0.530975  0.034605 0.763723 0
0  -0.519772 -0.489887 0.353948  -0.752934 -0.388788 -0.530975  0.034936 0.763665 0
lowpoly_plastic.004
0  -0.385342 -1.142469 -0.339600  -0.752935 -0.449267 -0.480882  0.034811 0.764201 0
0  -0.385342 -1.320686 -0.173100  -0.752935 -0.449267 -0.480882  0.034674 0.764171 0
0  -0.519771 -0.812466 -0.437427  -0.752935 -0.449267 -0.480882  0.035009 0.764153 0
lowpoly_plastic.004
0  -0.385342 -1.320686 -0.173100  -0.734044 0.150284 0.662264  0.070329 0.749638 0
0  -0.385342 -1.083615 -0.226897  -0.734044 0.150284 0.662264  0.070461 0.749594 0
0  -0.519771 -0.812466 -0.437427  -0.734044 0.150284 0.662264  0.070664 0.749619 0
lowpoly_plastic.004
0  0.341044 1.913987 1.657552  0.000000 0.339643 0.940554  0.072800 0.752445 0
0  -0.292181 1.795769 1.700241  0.000000 0.339643 0.940554  0.072870 0.752080 0
0  0.371036 1.795769 1.700241  0.000000 0.339643 0.940554  0.072870 0.752463 0
lowpoly_plastic.004
0  0.464198 -1.700609 -0.855610  1.000000 -0.000000 -0.000000  0.069242 0.750080 0
0  0.464198 -1.142469 -0.339600  1.000000 -0.000000 -0.000000  0.069114 0.749661 0
0  0.464198 -1.320686 -0.173100  1.000000 -0.000000 -0.000000  0.069251 0.749630 0
lowpoly_plastic.004
0  0.464198 -1.926101 -1.637125  0.930033 -0.309304 0.198420  0.069128 0.750535 0
0  0.598627 -1.230955 -1.183604  0.930033 -0.309304 0.198420  0.068908 0.750107 0
0  0.464198 -1.545487 -1.043812  0.930033 -0.309304 0.198420  0.069111 0.750129 0
lowpoly_plastic.004
0  0.464198 -2.699538 -2.081502  1.000000 0.000000 0.000000  0.069383 0.750981 0
0  0.464198 -2.011404 -1.731406  1.000000 0.000000 0.000000  0.069143 0.750607 0
0  0.464198 -2.142027 -1.525444  1.000000 0.000000 0.000000  0.069267 0.750542 0
lowpoly_plastic.004
0  0.464198 -1.429445 -0.111627  1.000000 0.000000 -0.000000  0.069323 0.749631 0
0  0.464198 -0.829193 0.411770  1.000000 0.000000 -0.000000  0.069176 0.749196 0
0  0.464198 -1.025973 0.555856  1.000000 0.000000 -0.000000  0.069316 0.749182 0
lowpoly_plastic.004
0  0.464198 -0.784182 0.530681  0.927539 -0.358426 0.105840  0.069188 0.749124 0
0  0.598627 -0.248340 1.167218  0.927539 -0.358426 0.105840  0.069101 0.748651 0
0  0.464198 -0.592280 1.180555  0.927539 -0.358426 0.105840  0.069281 0.748744 0
lowpoly_plastic.004
0  -0.385342 -2.142027 -1.525444  -0.734042 0.311985 0.603197  0.070321 0.750550 0
0  -0.385342 -1.926101 -1.637125  -0.734042 0.311985 0.603197  0.070460 0.750541 0
0  -0.519771 -1.716603 -1.909071  -0.734042 0.311985 0.603197  0.070650 0.750615 0
lowpoly_plastic.004
0  -0.385342 -2.011404 -1.731406  -0.752935 -0.555752 -0.352460  0.034791 0.765146 0
0  -0.385342 -2.142027 -1.525444  -0.752935 -0.555752 -0.352460  0.034666 0.765083 0
0  -0.519771 -1.716603 -1.909071  -0.752935 -0.555752 -0.352460  0.034995 0.765148 0
lowpoly_plastic.004
0  -0.385342 -2.699538 -2.081502  -0.734045 0.387565 0.557648  0.070209 0.750990 0
0  -0.385342 -2.499917 -2.220239  -0.734045 0.387565 0.557648  0.070348 0.751000 0
0  -0.519771 -2.327450 -2.517054  -0.734045 0.387565 0.557648  0.070527 0.751096 0
lowpoly_plastic.004
0  -0.385342 -2.596725 -2.302664  -0.752934 -0.596763 -0.277423  0.034670 0.765602 0
0  -0.385342 -2.699538 -2.081502  -0.752934 -0.596763 -0.277423  0.034554 0.765523 0
0  -0.519771 -2.327450 -2.517054  -0.752934 -0.596763 -0.277423  0.034873 0.765630 0
lowpoly_plastic.004
0  -0.385342 -3.248099 -2.806606  -0.752935 -0.637199 -0.164517  0.034497 0.766044 0
0  -0.385342 -3.309069 -2.570458  -0.752935 -0.637199 -0.164517  0.034397 0.765945 0
0  -0.519771 -3.022202 -3.066303  -0.752935 -0.637199 -0.164517  0.034691 0.766107 0
lowpoly_plastic.004
0  -0.385342 -3.309069 -2.570458  -0.734044 0.482328 0.478057  0.070052 0.751412 0
0  -0.385342 -3.137940 -2.743117  -0.734044 0.482328 0.478057  0.070187 0.751447 0
0  -0.519771 -3.022202 -3.066303  -0.734044 0.482328 0.478057  0.070346 0.751574 0
lowpoly_plastic.004
0  0.464198 -1.472516 -0.939693  0.928563 -0.325231 0.178874  0.069104 0.750056 0
0  0.598627 -0.812466 -0.437427  0.928563 -0.325231 0.178874  0.068916 0.749614 0
0  0.464198 -1.142469 -0.339600  0.928563 -0.325231 0.178874  0.069114 0.749661 0
lowpoly_plastic.004
0  0.598627 -0.248340 1.167218  1.000000 0.000000 -0.000000  0.069101 0.748651 0
0  0.598627 1.583417 1.563416  1.000000 0.000000 -0.000000  0.068305 0.747922 0
0  0.598627 -0.147278 1.648533  1.000000 0.000000 -0.000000  0.069190 0.748382 0
lowpoly_plastic.004
0  0.464198 -2.227143 -1.454513  1.000000 0.000000 0.000000  0.069330 0.750531 0
0  0.464198 -1.545487 -1.043812  1.000000 0.000000 0.000000  0.069111 0.750129 0
0  0.464198 -1.700609 -0.855610  1.000000 0.000000 0.000000  0.069242 0.750080 0
lowpoly_plastic.004
0  0.464198 -0.430049 1.646252  0.899199 -0.428202 0.089910  0.069335 0.748465 0
0  0.598627 -0.248340 1.167218  0.899199 -0.428202 0.089910  0.069101 0.748651 0
0  0.598627 -0.147278 1.648533  0.899199 -0.428202 0.089910  0.069190 0.748382 0
lowpoly_metal.005
0  0.562657 -4.011253 -2.932868  0.909973 -0.414232 -0.018986  0.069785 0.751785 0
0  0.656799 -3.778528 -3.498310  0.909973 -0.414232 -0.018986  0.069502 0.751999 0
0  0.696150 -3.694273 -3.450524  0.909973 -0.414232 -0.018986  0.069472 0.751950 0
lowpoly_metal.005
0  0.039428 -4.071566 -2.803906  -0.222214 -0.791340 0.569564  0.072276 0.752215 0
0  -0.436807 -4.077913 -2.998526  -0.222214 -0.791340 0.569564  0.072180 0.752495 0
0  0.039428 -4.133634 -2.890142  -0.222214 -0.791340 0.569564  0.072214 0.752215 0
lowpoly_plastic.004
0  0.039428 -2.372790 -1.383559  0.350609 -0.747982 0.563556  0.073939 0.750859 0
0  0.464198 -2.699538 -2.081502  0.350609 -0.747982 0.563556  0.073705 0.751299 0
0  0.464198 -2.227143 -1.454513  0.350609 -0.747982 0.563556  0.073708 0.750847 0
lowpoly_plastic.004
0  0.039428 -0.945424 1.682739  0.326584 -0.911360 0.250531  0.073900 0.748931 0
0  0.464198 -0.891198 1.326280  0.326584 -0.911360 0.250531  0.073675 0.749086 0
0  0.464198 -0.799477 1.659935  0.326584 -0.911360 0.250531  0.073667 0.748896 0
lowpoly_plastic.004
0  0.464198 -2.227143 -1.454513  1.000000 0.000001 -0.000000  0.069330 0.750531 0
0  0.464198 -2.699538 -2.081502  1.000000 0.000001 -0.000000  0.069383 0.750981 0
0  0.464198 -2.142027 -1.525444  1.000000 0.000001 -0.000000  0.069267 0.750542 0
lowpoly_plastic.004
0  -0.385342 -2.699538 -2.081502  -0.350609 -0.747982 0.563556  0.074191 0.751299 0
0  0.039428 -2.372790 -1.383559  -0.350609 -0.747982 0.563556  0.073939 0.750859 0
0  -0.385342 -2.227143 -1.454513  -0.350609 -0.747982 0.563556  0.074194 0.750847 0
lowpoly_plastic.004
0  0.039428 -2.823985 -1.950541  0.390219 -0.576126 0.718197  0.073935 0.751275 0
0  0.464198 -3.309069 -2.570458  0.390219 -0.576126 0.718197  0.073688 0.751728 0
0  0.464198 -2.699538 -2.081502  0.390219 -0.576126 0.718197  0.073705 0.751299 0
lowpoly_plastic.004
0  -0.385342 -2.227143 -1.454513  -1.000000 0.000000 0.000000  0.070258 0.750540 0
0  -0.385342 -2.142027 -1.525444  -1.000000 0.000000 0.000000  0.070321 0.750550 0
0  -0.385342 -2.699538 -2.081502  -1.000000 0.000000 0.000000  0.070209 0.750990 0
lowpoly_plastic.004
0  0.464198 -1.700609 -0.855610  1.000000 0.000000 0.000000  0.069242 0.750080 0
0  0.464198 -1.320686 -0.173100  1.000000 0.000000 0.000000  0.069251 0.749630 0
0  0.464198 -1.429445 -0.111627  1.000000 0.000000 0.000000  0.069323 0.749631 0
lowpoly_plastic.004
0  0.464198 -1.429445 -0.111627  1.000000 0.000000 -0.000000  0.069323 0.749631 0
0  0.464198 -2.227143 -1.454513  1.000000 0.000000 -0.000000  0.069330 0.750531 0
0  0.464198 -1.700609 -0.855610  1.000000 0.000000 -0.000000  0.069242 0.750080 0
lowpoly_plastic.004
0  0.464198 -1.025973 0.555856  1.000000 -0.000000 -0.000000  0.069316 0.749182 0
0  0.464198 -0.806082 1.297908  1.000000 -0.000000 -0.000000  0.069421 0.748748 0
0  0.464198 -0.891198 1.326280  1.000000 -0.000000 -0.000000  0.069472 0.748759 0
lowpoly_plastic.004
0  0.464198 -0.891198 1.326280  1.000000 0.000000 -0.000000  0.069472 0.748759 0
0  0.464198 -1.429445 -0.111627  1.000000 0.000000 -0.000000  0.069323 0.749631 0
0  0.464198 -1.025973 0.555856  1.000000 0.000000 -0.000000  0.069316 0.749182 0
lowpoly_plastic.004
0  -0.385342 -1.700609 -0.855610  -1.000000 0.000000 0.000000  0.070342 0.750088 0
0  -0.385342 -2.227143 -1.454513  -1.000000 0.000000 0.000000  0.070258 0.750540 0
0  -0.385342 -1.429445 -0.111627  -1.000000 0.000000 0.000000  0.070257 0.749640 0
lowpoly_plastic.004
0  -0.385342 -1.429445 -0.111627  -1.000000 0.000000 -0.000000  0.070257 0.749640 0
0  -0.385342 -1.320686 -0.173100  -1.000000 0.000000 -0.000000  0.070329 0.749638 0
0  -0.385342 -1.700609 -0.855610  -1.000000 0.000000 -0.000000  0.070342 0.750088 0
lowpoly_plastic.004
0  -0.385342 -1.025973 0.555856  -1.000000 0.000000 0.000000  0.070260 0.749190 0
0  -0.385342 -1.429445 -0.111627  -1.000000 0.000000 0.000000  0.070257 0.749640 0
0  -0.385342 -0.891198 1.326280  -1.000000 0.000000 0.000000  0.070100 0.748769 0
lowpoly_plastic.004
0  -0.385342 -0.891198 1.326280  -1.000000 0.000000 0.000000  0.070100 0.748769 0
0  -0.385342 -0.806082 1.297908  -1.000000 0.000000 0.000000  0.070150 0.748758 0
0  -0.385342 -1.025973 0.555856  -1.000000 0.000000 0.000000  0.070260 0.749190 0
lowpoly_metal.005
0  -0.115573 -4.117351 -3.026608  0.000000 -0.868709 -0.495322  0.072793 0.750177 0
0  0.208625 -3.890145 -3.425087  0.000000 -0.868709 -0.495322  0.072606 0.750439 0
0  0.194429 -4.117351 -3.026608  0.000000 -0.868709 -0.495322  0.072615 0.750177 0
lowpoly_plastic.004
0  -0.460714 -0.171450 1.720594  -0.997252 0.002692 0.074039  0.070343 0.748361 0
0  -0.387799 1.416758 2.644971  -0.997252 0.002692 0.074039  0.070851 0.747434 0
0  -0.460715 1.562620 1.657552  -0.997252 0.002692 0.074039  0.071217 0.747880 0
lowpoly_plastic.004
0  0.258387 1.570786 2.856751  -0.469801 0.022909 0.882475  0.072317 0.752519 0
0  0.313659 0.540587 2.912920  -0.469801 0.022909 0.882475  0.072348 0.751925 0
0  0.312174 1.585330 2.885008  -0.469801 0.022909 0.882475  0.072348 0.752525 0
lowpoly_plastic.004
0  0.464198 -1.429445 -0.111627  0.251463 -0.906366 0.339509  0.073702 0.749948 0
0  0.039428 -1.001000 1.346781  0.251463 -0.906366 0.339509  0.073911 0.749110 0
0  0.039428 -1.530612 -0.067094  0.251463 -0.906366 0.339509  0.073936 0.749959 0
lowpoly_plastic.004
0  0.464198 -2.227143 -1.454513  0.354282 -0.787738 0.503937  0.073708 0.750847 0
0  0.039428 -1.530612 -0.067094  0.354282 -0.787738 0.503937  0.073936 0.749959 0
0  0.039428 -2.372790 -1.383559  0.354282 -0.787738 0.503937  0.073939 0.750859 0
lowpoly_plastic.004
0  -0.385342 -1.320686 -0.173100  -1.000000 0.000000 0.000000  0.070329 0.749638 0
0  -0.385342 -1.025973 0.555856  -1.000000 0.000000 0.000000  0.070260 0.749190 0
0  -0.385342 -0.829193 0.411770  -1.000000 0.000000 0.000000  0.070399 0.749203 0
lowpoly_plastic.004
0  0.039428 -3.975813 -2.802163  0.333872 -0.492097 0.803971  0.073899 0.752052 0
0  0.464198 -3.309069 -2.570458  0.333872 -0.492097 0.803971  0.073688 0.751728 0
0  0.039428 -3.360559 -2.425576  0.333872 -0.492097 0.803971  0.073921 0.751675 0
lowpoly_plastic.004
0  -0.385342 -3.896214 -2.948753  -1.000000 0.000000 -0.000000  0.069873 0.751773 0
0  -0.385342 -3.248099 -2.806606  -1.000000 0.000000 -0.000000  0.070151 0.751511 0
0  -0.385342 -3.787957 -3.149435  -1.000000 0.000000 -0.000000  0.069986 0.751840 0
lowpoly_plastic.004
0  -0.385342 -3.309069 -2.570458  -0.390219 -0.576126 0.718198  0.074173 0.751728 0
0  0.039428 -2.823985 -1.950541  -0.390219 -0.576126 0.718198  0.073935 0.751275 0
0  -0.385342 -2.699538 -2.081502  -0.390219 -0.576126 0.718198  0.074191 0.751299 0
lowpoly_plastic.004
0  0.598627 -3.632990 -3.413073  0.915368 -0.215835 0.339878  0.069456 0.751914 0
0  0.464198 -3.248099 -2.806606  0.915368 -0.215835 0.339878  0.069446 0.751501 0
0  0.464198 -3.787957 -3.149435  0.915368 -0.215835 0.339878  0.069615 0.751829 0
lowpoly_plastic.004
0  -0.385342 -0.799477 1.659935  -1.000000 0.000000 0.000001  0.070047 0.748577 0
0  -0.385342 -0.563068 1.304297  -1.000000 0.000000 0.000001  0.070268 0.748683 0
0  -0.385342 -0.806082 1.297908  -1.000000 0.000000 0.000001  0.070150 0.748758 0
lowpoly_plastic.004
0  0.598627 -0.489887 0.353948  0.926329 -0.348846 0.142196  0.068985 0.749126 0
0  0.464198 -1.083615 -0.226897  0.926329 -0.348846 0.142196  0.069118 0.749588 0
0  0.598627 -0.812466 -0.437427  0.926329 -0.348846 0.142196  0.068916 0.749614 0
lowpoly_plastic.004
0  -0.519771 1.299696 0.404890  -0.481138 0.793768 -0.372075  0.071647 0.748038 0
0  -0.222243 0.426943 -1.841745  -0.481138 0.793768 -0.372075  0.071821 0.749391 0
0  -0.519771 0.307974 -1.710809  -0.481138 0.793768 -0.372075  0.071647 0.749382 0
lowpoly_metal.005
0  0.696150 -3.694273 -3.450524  0.940923 -0.291992 -0.171475  0.069472 0.751950 0
0  0.656799 -2.911120 -5.000025  0.940923 -0.291992 -0.171475  0.068636 0.752495 0
0  0.696150 -2.811367 -4.953961  0.940923 -0.291992 -0.171475  0.068598 0.752443 0
lowpoly_plastic.004
0  -0.519771 -1.249251 -3.781900  -0.807753 0.353090 -0.472083  0.071431 0.751404 0
0  -0.337293 -2.602931 -5.106598  -0.807753 0.353090 -0.472083  0.071143 0.752458 0
0  -0.519771 -2.758183 -4.910489  -0.807753 0.353090 -0.472083  0.071018 0.752408 0
lowpoly_plastic.004
0  0.416149 -2.602931 -5.106598  0.807753 0.353090 -0.472083  0.068462 0.752460 0
0  0.598627 -1.249251 -3.781900  0.807753 0.353090 -0.472083  0.068165 0.751407 0
0  0.598627 -2.758183 -4.910489  0.807753 0.353090 -0.472083  0.068588 0.752407 0
lowpoly_plastic.004
0  0.464198 -0.891198 1.326280  1.000000 0.000000 -0.000000  0.069472 0.748759 0
0  0.464198 -0.806082 1.297908  1.000000 0.000000 -0.000000  0.069421 0.748748 0
0  0.464198 -0.799477 1.659935  1.000000 0.000000 -0.000000  0.069523 0.748566 0
lowpoly_metal.005
0  0.467427 -2.640609 -5.180544  0.000000 0.484059 -0.875035  0.072216 0.751866 0
0  -0.415273 -2.756610 -5.244715  0.000000 0.484059 -0.875035  0.071707 0.751925 0
0  -0.388571 -2.640609 -5.180544  0.000000 0.484059 -0.875035  0.071723 0.751866 0
lowpoly_plastic.004
0  -0.385342 -0.430050 1.646252  -0.931052 -0.340063 0.132284  0.070233 0.748474 0
0  -0.519772 -0.248340 1.167218  -0.931052 -0.340063 0.132284  0.070470 0.748658 0
0  -0.385342 -0.563068 1.304297  -0.931052 -0.340063 0.132284  0.070268 0.748683 0
lowpoly_plastic.004
0  -0.385342 -0.891198 1.326280  -1.000000 0.000000 0.000001  0.070100 0.748769 0
0  -0.385342 -0.799477 1.659935  -1.000000 0.000000 0.000001  0.070047 0.748577 0
0  -0.385342 -0.806082 1.297908  -1.000000 0.000000 0.000001  0.070150 0.748758 0
lowpoly_plastic.004
0  0.464198 -0.799477 1.659935  1.000000 0.000000 0.000000  0.069523 0.748566 0
0  0.464198 -0.563068 1.304297  1.000000 0.000000 0.000000  0.069302 0.748674 0
0  0.464198 -0.430049 1.646252  1.000000 0.000000 0.000000  0.069335 0.748465 0
lowpoly_metal.005
0  -0.130199 -4.083114 -2.981934  0.000001 -0.793713 0.608293  0.071833 0.752509 0
0  0.194429 -4.117351 -3.026608  0.000001 -0.793713 0.608293  0.071801 0.752323 0
0  0.209056 -4.083114 -2.981935  0.000001 -0.793713 0.608293  0.071833 0.752315 0
lowpoly_plastic.004
0  -0.519771 -1.230955 -1.183604  -1.000000 0.000000 -0.000000  0.070676 0.750112 0
0  -0.519771 -0.812466 -0.437427  -1.000000 0.000000 -0.000000  0.070664 0.749619 0
0  -0.519771 0.307974 -1.710809  -1.000000 0.000000 -0.000000  0.071591 0.749919 0
lowpoly_metal.005
0  0.224591 -3.834468 -3.418015  -0.012086 -0.868459 -0.495614  0.072597 0.750455 0
0  0.515663 -4.077913 -2.998526  -0.012086 -0.868459 -0.495614  0.072429 0.750178 0
0  0.209056 -4.083114 -2.981935  -0.012086 -0.868459 -0.495614  0.072606 0.750169 0
lowpoly_plastic.004
0  0.598627 -0.248340 1.167218  1.000000 0.000000 -0.000000  0.069101 0.748651 0
0  0.598627 -0.489887 0.353948  1.000000 0.000000 -0.000000  0.068985 0.749126 0
0  0.598627 1.299696 0.404890  1.000000 0.000000 -0.000000  0.068111 0.748582 0
lowpoly_plastic.004
0  0.598627 -0.812466 -0.437427  1.000000 0.000000 -0.000000  0.068916 0.749614 0
0  0.598627 -1.230955 -1.183604  1.000000 0.000000 -0.000000  0.068908 0.750107 0
0  0.598627 0.307974 -1.710809  1.000000 0.000000 -0.000000  0.067991 0.749923 0
lowpoly_plastic.004
0  -0.519771 -3.022202 -3.066303  -1.000000 0.000000 0.000000  0.070346 0.751574 0
0  -0.519771 -1.249251 -3.781900  -1.000000 0.000000 0.000000  0.071431 0.751404 0
0  -0.519771 -2.758183 -4.910489  -1.000000 0.000000 0.000000  0.071018 0.752408 0
lowpoly_plastic.004
0  -0.519771 0.307974 -1.710809  -1.000000 0.000000 -0.000000  0.071591 0.749919 0
0  -0.519771 -1.249251 -3.781900  -1.000000 0.000000 -0.000000  0.071431 0.751404 0
0  -0.519771 -1.716603 -1.909071  -1.000000 0.000000 -0.000000  0.070650 0.750615 0
lowpoly_plastic.004
0  0.598627 -0.489887 0.353948  1.000000 0.000000 -0.000000  0.068985 0.749126 0
0  0.598627 0.307974 -1.710809  1.000000 0.000000 -0.000000  0.067991 0.749923 0
0  0.598627 1.299696 0.404890  1.000000 0.000000 -0.000000  0.068111 0.748582 0
lowpoly_plastic.004
0  -0.519771 0.307974 -1.710809  -1.000000 0.000000 -0.000000  0.071591 0.749919 0
0  -0.519771 -1.716603 -1.909071  -1.000000 0.000000 -0.000000  0.070650 0.750615 0
0  -0.519771 -1.230955 -1.183604  -1.000000 0.000000 -0.000000  0.070676 0.750112 0
lowpoly_plastic.004
0  -0.519771 -2.758183 -4.910489  -1.000000 -0.000000 -0.000000  0.071018 0.752408 0
0  -0.519771 -3.632990 -3.413073  -1.000000 -0.000000 -0.000000  0.070146 0.751926 0
0  -0.519771 -3.022202 -3.066303  -1.000000 -0.000000 -0.000000  0.070346 0.751574 0
lowpoly_plastic.004
0  -0.519772 -0.489887 0.353948  -1.000000 0.000000 -0.000000  0.070590 0.749132 0
0  -0.519772 -0.248340 1.167218  -1.000000 0.000000 -0.000000  0.070470 0.748658 0
0  -0.519771 1.299696 0.404890  -1.000000 0.000000 -0.000000  0.071458 0.748578 0
lowpoly_plastic.004
0  -0.519771 -2.327450 -2.517054  -1.000000 0.000000 -0.000000  0.070527 0.751096 0
0  -0.519771 -1.716603 -1.909071  -1.000000 0.000000 -0.000000  0.070650 0.750615 0
0  -0.519771 -1.249251 -3.781900  -1.000000 0.000000 -0.000000  0.071431 0.751404 0
lowpoly_plastic.004
0  -0.251067 1.323565 0.527731  0.999912 0.012506 -0.004456  0.071793 0.781360 0
0  -0.222013 -0.252806 2.623074  0.999912 0.012506 -0.004456  0.072872 0.780307 0
0  -0.222013 -0.921109 0.747671  0.999912 0.012506 -0.004456  0.073087 0.781434 0
lowpoly_plastic.004
0  -0.262189 1.913987 1.657552  -0.965620 0.257600 0.034945  0.071381 0.747775 0
0  -0.296021 1.816523 1.441149  -0.965620 0.257600 0.034945  0.071398 0.747911 0
0  -0.292181 1.795769 1.700241  -0.965620 0.257600 0.034945  0.071311 0.747789 0
lowpoly_plastic.004
0  0.598627 -1.249251 -3.781900  1.000000 0.000000 -0.000000  0.068165 0.751407 0
0  0.598627 0.307974 -1.710809  1.000000 0.000000 -0.000000  0.067991 0.749923 0
0  0.598627 -1.716603 -1.909071  1.000000 0.000000 -0.000000  0.068940 0.750609 0
lowpoly_plastic.004
0  0.598627 -3.022202 -3.066303  1.000000 0.000000 0.000000  0.069253 0.751565 0
0  0.598627 -3.632990 -3.413073  1.000000 0.000000 0.000000  0.069456 0.751914 0
0  0.598627 -2.758183 -4.910489  1.000000 0.000000 0.000000  0.068588 0.752407 0
lowpoly_plastic.004
0  0.598627 -1.249251 -3.781900  1.000000 0.000000 -0.000000  0.068165 0.751407 0
0  0.598627 -1.716603 -1.909071  1.000000 0.000000 -0.000000  0.068940 0.750609 0
0  0.598627 -2.327450 -2.517054  1.000000 0.000000 -0.000000  0.069067 0.751089 0
lowpoly_plastic.004
0  0.598627 -1.716603 -1.909071  1.000000 0.000000 0.000000  0.068940 0.750609 0
0  0.598627 0.307974 -1.710809  1.000000 0.000000 0.000000  0.067991 0.749923 0
0  0.598627 -1.230955 -1.183604  1.000000 0.000000 0.000000  0.068908 0.750107 0
lowpoly_plastic.004
0  -0.519771 1.583417 1.563416  -1.000000 -0.000000 0.000001  0.071258 0.747921 0
0  -0.519772 -0.248340 1.167218  -1.000000 -0.000000 0.000001  0.070470 0.748658 0
0  -0.519771 -0.147278 1.648533  -1.000000 -0.000000 0.000001  0.070379 0.748390 0
lowpoly_metal.005
0  -0.129569 -3.008732 -4.949992  -0.576700 -0.625018 -0.526089  0.072801 0.751445 0
0  -0.305979 -3.189828 -4.541462  -0.576700 -0.625018 -0.526089  0.072903 0.751195 0
0  -0.189847 -2.937220 -4.968875  -0.576700 -0.625018 -0.526089  0.072836 0.751479 0
lowpoly_metal.005
0  0.598627 -2.758183 -4.910489  0.571250 0.707757 0.415636  0.068588 0.752407 0
0  0.696150 -3.694273 -3.450524  0.571250 0.707757 0.415636  0.069472 0.751950 0
0  0.696150 -2.811367 -4.953961  0.571250 0.707757 0.415636  0.068598 0.752443 0
lowpoly_metal.005
0  -0.305854 -3.249837 -4.436844  0.809721 -0.516854 -0.277876  0.072903 0.751126 0
0  -0.359911 -3.753805 -3.656977  0.809721 -0.516854 -0.277876  0.073392 0.751257 0
0  -0.342661 -3.275609 -4.496161  0.809721 -0.516854 -0.277876  0.073392 0.751813 0
lowpoly_plastic.004
0  0.374876 1.940257 1.480227  0.000000 0.951709 -0.307000  0.072163 0.747326 0
0  -0.262189 1.973095 1.582025  0.000000 0.951709 -0.307000  0.071796 0.747265 0
0  0.341044 1.973095 1.582025  0.000000 0.951709 -0.307000  0.072143 0.747265 0
lowpoly_plastic.004
0  0.598627 -2.327450 -2.517054  0.924197 -0.236853 0.299599  0.069067 0.751089 0
0  0.464198 -3.137940 -2.743117  0.924197 -0.236853 0.299599  0.069410 0.751438 0
0  0.598627 -3.022202 -3.066303  0.924197 -0.236853 0.299599  0.069253 0.751565 0
lowpoly_metal.005
0  -0.212017 -3.189828 -4.541462  -0.682264 -0.607387 -0.406936  0.032156 0.729686 0
0  -0.129569 -3.008732 -4.949992  -0.682264 -0.607387 -0.406936  0.032109 0.729936 0
0  -0.162669 -3.275609 -4.496161  -0.682264 -0.607387 -0.406936  0.032128 0.729635 0
lowpoly_plastic.004
0  0.359344 0.349032 2.788468  -0.003616 -0.017763 0.999836  0.073271 0.752576 0
0  0.300867 -0.113219 2.780044  -0.003616 -0.017763 0.999836  0.073236 0.752312 0
0  0.361229 -0.113436 2.780258  -0.003616 -0.017763 0.999836  0.073271 0.752312 0
lowpoly_plastic.004
0  0.598627 -3.022202 -3.066303  1.000000 0.000000 -0.000000  0.069253 0.751565 0
0  0.598627 -1.249251 -3.781900  1.000000 0.000000 -0.000000  0.068165 0.751407 0
0  0.598627 -2.327450 -2.517054  1.000000 0.000000 -0.000000  0.069067 0.751089 0
lowpoly_metal.005
0  0.384835 -3.189828 -4.541462  0.669345 -0.102387 -0.735863  0.032254 0.730915 0
0  0.495006 -3.252295 -4.432559  0.669345 -0.102387 -0.735863  0.032254 0.730847 0
0  0.421517 -3.275609 -4.496161  0.669345 -0.102387 -0.735863  0.032284 0.730871 0
lowpoly_plastic.004
0  -0.298482 -0.705980 2.008838  -0.620569 -0.783392 -0.034509  0.073045 0.752356 0
0  -0.147734 -0.845085 2.455800  -0.620569 -0.783392 -0.034509  0.072931 0.751967 0
0  -0.298482 -0.731885 2.596912  -0.620569 -0.783392 -0.034509  0.073035 0.752055 0
lowpoly_metal.005
0  -0.414912 -3.708913 -3.630992  -0.000031 -0.861468 -0.507812  0.032273 0.729088 0
0  -0.304911 -3.708785 -3.631216  -0.000031 -0.861468 -0.507812  0.032210 0.729088 0
0  -0.145735 -3.834468 -3.418015  -0.000031 -0.861468 -0.507812  0.032118 0.728946 0
lowpoly_metal.005
0  0.383767 -3.708785 -3.631216  0.000031 -0.861466 -0.507815  0.031813 0.729088 0
0  0.493768 -3.708913 -3.630992  0.000031 -0.861466 -0.507815  0.031749 0.729088 0
0  0.224591 -3.834468 -3.418015  0.000031 -0.861466 -0.507815  0.031905 0.728946 0
lowpoly_metal.005
0  -0.304911 -3.708785 -3.631216  0.002345 -0.498811 0.866708  0.032342 0.730910 0
0  -0.414912 -3.708913 -3.630992  0.002345 -0.498811 0.866708  0.032342 0.730973 0
0  -0.359911 -3.753805 -3.656977  0.002345 -0.498811 0.866708  0.032315 0.730939 0
lowpoly_metal.005
0  0.290873 -3.189828 -4.541462  0.000000 -0.466980 -0.884268  0.072559 0.751195 0
0  0.421517 -3.275609 -4.496161  0.000000 -0.466980 -0.884268  0.072484 0.751144 0
0  0.241525 -3.275609 -4.496161  0.000000 -0.466980 -0.884268  0.072587 0.751144 0
lowpoly_metal.005
0  -0.617294 -2.811367 -4.953961  -0.815073 -0.055211 -0.576722  0.071009 0.752446 0
0  -0.415273 -2.756610 -5.244715  -0.815073 -0.055211 -0.576722  0.071112 0.752573 0
0  -0.577943 -2.911120 -5.000025  -0.815073 -0.055211 -0.576722  0.070972 0.752498 0
lowpoly_metal.005
0  -0.416150 -3.252295 -4.432559  -0.686091 -0.632597 -0.359305  0.072967 0.751123 0
0  -0.359911 -3.753805 -3.656977  -0.686091 -0.632597 -0.359305  0.072934 0.750593 0
0  -0.414912 -3.708913 -3.630992  -0.686091 -0.632597 -0.359305  0.072966 0.750597 0
lowpoly_metal.005
0  0.241525 -3.275609 -4.496161  0.000000 -0.917170 0.398497  0.031848 0.730853 0
0  0.421517 -3.275609 -4.496161  0.000000 -0.917170 0.398497  0.031848 0.730751 0
0  0.384710 -3.249837 -4.436844  0.000000 -0.917170 0.398497  0.031885 0.730771 0
lowpoly_metal.005
0  -0.416150 -3.252295 -4.432559  -0.669345 -0.102388 -0.735863  0.032315 0.730847 0
0  -0.305979 -3.189828 -4.541462  -0.669345 -0.102388 -0.735863  0.032315 0.730914 0
0  -0.342661 -3.275609 -4.496161  -0.669345 -0.102388 -0.735863  0.032284 0.730869 0
lowpoly_plastic.004
0  -0.519771 0.307974 -1.710809  -1.000000 0.000000 -0.000000  0.071591 0.749919 0
0  -0.519772 -0.489887 0.353948  -1.000000 0.000000 -0.000000  0.070590 0.749132 0
0  -0.519771 1.299696 0.404890  -1.000000 0.000000 -0.000000  0.071458 0.748578 0
lowpoly_metal.005
0  -0.130199 -4.083114 -2.981934  -0.958709 -0.260399 -0.114320  0.071864 0.752315 0
0  -0.129769 -3.890145 -3.425087  -0.958709 -0.260399 -0.114320  0.071833 0.752591 0
0  -0.115573 -4.117351 -3.026608  -0.958709 -0.260399 -0.114320  0.071833 0.752327 0
lowpoly_metal.005
0  0.209056 -4.083114 -2.981935  0.958709 -0.260400 -0.114321  0.073271 0.752312 0
0  0.208625 -3.890145 -3.425087  0.958709 -0.260400 -0.114321  0.073301 0.752588 0
0  0.224591 -3.834468 -3.418015  0.958709 -0.260400 -0.114321  0.073271 0.752601 0
lowpoly_plastic.004
0  0.226590 -0.845085 2.455800  0.000000 -0.780032 0.625740  0.072931 0.751753 0
0  -0.298482 -0.731885 2.596912  0.000000 -0.780032 0.625740  0.073035 0.752055 0
0  -0.147734 -0.845085 2.455800  0.000000 -0.780032 0.625740  0.072931 0.751967 0
lowpoly_metal.005
0  0.493768 -3.708913 -3.630992  -0.002345 -0.498818 0.866704  0.032342 0.730847 0
0  0.383767 -3.708785 -3.631216  -0.002345 -0.498818 0.866704  0.032342 0.730910 0
0  0.438768 -3.753805 -3.656978  -0.002345 -0.498818 0.866704  0.032315 0.730877 0
lowpoly_metal.005
0  0.384710 -3.249837 -4.436844  0.000000 -0.917170 0.398496  0.031885 0.730771 0
0  -0.305854 -3.249837 -4.436844  0.000000 -0.917170 0.398496  0.031885 0.731166 0
0  -0.162669 -3.275609 -4.496161  0.000000 -0.917170 0.398496  0.031848 0.731085 0
lowpoly_metal.005
0  -0.305854 -3.249837 -4.436844  0.000000 -0.917169 0.398497  0.031885 0.731166 0
0  -0.342661 -3.275609 -4.496161  0.000000 -0.917169 0.398497  0.031848 0.731188 0
0  -0.162669 -3.275609 -4.496161  0.000000 -0.917169 0.398497  0.031848 0.731085 0
lowpoly_metal.005
0  0.241525 -3.275609 -4.496161  0.000000 -0.917163 0.398512  0.031848 0.730853 0
0  0.384710 -3.249837 -4.436844  0.000000 -0.917163 0.398512  0.031885 0.730771 0
0  -0.162669 -3.275609 -4.496161  0.000000 -0.917163 0.398512  0.031848 0.731085 0
lowpoly_plastic.004
0  -0.385342 -0.430050 1.646252  -0.775120 -0.372605 0.510249  0.071689 0.752429 0
0  -0.460714 -0.171450 1.720594  -0.775120 -0.372605 0.510249  0.070343 0.748361 0
0  -0.519771 -0.147278 1.648533  -0.775120 -0.372605 0.510249  0.070379 0.748390 0
lowpoly_plastic.004
0  0.374876 1.644715 1.398132  0.000000 0.975498 -0.220010  0.006861 0.764291 0
0  -0.262189 1.406311 0.341076  0.000000 0.975498 -0.220010  0.006494 0.764908 0
0  -0.296021 1.644715 1.398132  0.000000 0.975498 -0.220010  0.006474 0.764291 0
lowpoly_metal.005
0  0.290873 -3.189828 -4.541462  0.682264 -0.607388 -0.406935  0.031866 0.729686 0
0  0.241525 -3.275609 -4.496161  0.682264 -0.607388 -0.406935  0.031895 0.729635 0
0  0.208425 -3.008733 -4.949992  0.682264 -0.607388 -0.406935  0.031914 0.729936 0
lowpoly_plastic.004
0  -0.385342 -3.309069 -2.570458  -0.333872 -0.492097 0.803971  0.074173 0.751728 0
0  0.039428 -3.975813 -2.802163  -0.333872 -0.492097 0.803971  0.073899 0.752052 0
0  0.039428 -3.360559 -2.425576  -0.333872 -0.492097 0.803971  0.073921 0.751675 0
lowpoly_metal.005
0  -0.519771 -2.758183 -4.910489  -0.592920 0.695302 0.406203  0.071018 0.752408 0
0  -0.617294 -3.694273 -3.450524  -0.592920 0.695302 0.406203  0.070132 0.751963 0
0  -0.519771 -3.632990 -3.413073  -0.592920 0.695302 0.406203  0.070146 0.751926 0
lowpoly_plastic.004
0  0.039428 -0.945424 1.682739  -0.254268 -0.954166 0.157844  0.073900 0.748931 0
0  -0.385342 -0.891198 1.326280  -0.254268 -0.954166 0.157844  0.074161 0.749085 0
0  0.039428 -1.001000 1.346781  -0.254268 -0.954166 0.157844  0.073911 0.749110 0
lowpoly_metal.005
0  -0.617294 -3.694273 -3.450524  -0.926462 -0.325925 -0.188258  0.070132 0.751963 0
0  -0.577943 -2.911120 -5.000025  -0.926462 -0.325925 -0.188258  0.070972 0.752498 0
0  -0.577943 -3.778528 -3.498310  -0.926462 -0.325925 -0.188258  0.070102 0.752011 0
lowpoly_metal.005
0  0.495006 -3.252295 -4.432559  0.031757 -0.868488 -0.494692  0.031749 0.729614 0
0  0.656799 -3.778528 -3.498310  0.031757 -0.868488 -0.494692  0.031655 0.729003 0
0  0.493768 -3.708913 -3.630992  0.031757 -0.868488 -0.494692  0.031749 0.729088 0
lowpoly_metal.005
0  0.384835 -3.189828 -4.541462  0.018299 -0.859181 -0.511344  0.031812 0.729686 0
0  0.656799 -2.911120 -5.000025  0.018299 -0.859181 -0.511344  0.031655 0.729993 0
0  0.495006 -3.252295 -4.432559  0.018299 -0.859181 -0.511344  0.031749 0.729614 0
lowpoly_metal.005
0  -0.416150 -3.252295 -4.432559  -0.071532 -0.863709 -0.498888  0.032274 0.729614 0
0  -0.577943 -3.778528 -3.498310  -0.071532 -0.863709 -0.498888  0.032367 0.729003 0
0  -0.577943 -2.911120 -5.000025  -0.071532 -0.863709 -0.498888  0.032367 0.729993 0
lowpoly_metal.005
0  -0.577943 -2.911120 -5.000025  -0.018300 -0.859182 -0.511343  0.032367 0.729993 0
0  -0.305979 -3.189828 -4.541462  -0.018300 -0.859182 -0.511343  0.032210 0.729686 0
0  -0.416150 -3.252295 -4.432559  -0.018300 -0.859182 -0.511343  0.032274 0.729614 0
lowpoly_metal.005
0  -0.145735 -3.834468 -3.418015  -0.022726 -0.873528 -0.486243  0.032118 0.728946 0
0  -0.577943 -3.778528 -3.498310  -0.022726 -0.873528 -0.486243  0.032367 0.729003 0
0  -0.414912 -3.708913 -3.630992  -0.022726 -0.873528 -0.486243  0.032273 0.729088 0
lowpoly_metal.005
0  0.224591 -3.834468 -3.418015  0.022726 -0.873528 -0.486242  0.031905 0.728946 0
0  0.493768 -3.708913 -3.630992  0.022726 -0.873528 -0.486242  0.031749 0.729088 0
0  0.656799 -3.778528 -3.498310  0.022726 -0.873528 -0.486242  0.031655 0.729003 0
lowpoly_metal.005
0  -0.385342 -3.896214 -2.948753  -0.329048 -0.017181 0.944157  0.072070 0.751982 0
0  0.039428 -4.071566 -2.803906  -0.329048 -0.017181 0.944157  0.072180 0.752227 0
0  0.039428 -3.975813 -2.802163  -0.329048 -0.017181 0.944157  0.072125 0.752227 0
lowpoly_metal.005
0  0.416149 -2.602931 -5.106598  0.000000 0.891004 -0.453995  0.072187 0.751818 0
0  -0.388571 -2.640609 -5.180544  0.000000 0.891004 -0.453995  0.071723 0.751866 0
0  -0.337293 -2.602931 -5.106598  0.000000 0.891004 -0.453995  0.071752 0.751818 0
lowpoly_metal.005
0  0.464198 -3.787957 -3.149435  -0.083170 0.877060 0.473126  0.030996 0.730884 0
0  0.464198 -3.896214 -2.948753  -0.083170 0.877060 0.473126  0.031027 0.730806 0
0  0.598627 -3.632990 -3.413073  -0.083170 0.877060 0.473126  0.031027 0.731014 0
lowpoly_metal.005
0  -0.617294 -3.694273 -3.450524  -0.588560 0.618274 0.520898  0.070132 0.751963 0
0  -0.385342 -3.896214 -2.948753  -0.588560 0.618274 0.520898  0.073165 0.752312 0
0  -0.519771 -3.632990 -3.413073  -0.588560 0.618274 0.520898  0.073189 0.752507 0
lowpoly_metal.005
0  -0.577943 -3.778528 -3.498310  -0.909974 -0.414231 -0.018985  0.070102 0.752011 0
0  -0.483801 -4.011253 -2.932868  -0.909974 -0.414231 -0.018985  0.069817 0.751799 0
0  -0.617294 -3.694273 -3.450524  -0.909974 -0.414231 -0.018985  0.070132 0.751963 0
lowpoly_metal.005
0  -0.385342 -3.787957 -3.149435  0.083170 0.877059 0.473128  0.032068 0.730835 0
0  -0.519771 -3.632990 -3.413073  0.083170 0.877059 0.473128  0.031991 0.730944 0
0  -0.385342 -3.896214 -2.948753  0.083170 0.877059 0.473128  0.032068 0.730751 0
lowpoly_metal.005
0  0.224591 -3.834468 -3.418015  0.000000 0.126015 -0.992028  0.072597 0.750455 0
0  -0.129769 -3.890145 -3.425087  0.000000 0.126015 -0.992028  0.072801 0.750439 0
0  -0.145735 -3.834468 -3.418015  0.000000 0.126015 -0.992028  0.072811 0.750455 0
lowpoly_plastic.004
0  0.464198 -3.896214 -2.948753  1.000000 0.000000 0.000000  0.069727 0.751760 0
0  0.464198 -3.248099 -2.806606  1.000000 0.000000 0.000000  0.069446 0.751501 0
0  0.464198 -3.309069 -2.570458  1.000000 0.000000 0.000000  0.069545 0.751401 0
lowpoly_metal.005
0  0.039428 -4.071566 -2.803906  0.236545 -0.761343 0.603658  0.072276 0.752215 0
0  0.515663 -4.077913 -2.998526  0.236545 -0.761343 0.603658  0.072180 0.751950 0
0  0.562657 -4.011253 -2.932868  0.236545 -0.761343 0.603658  0.072233 0.751925 0
lowpoly_metal.005
0  0.696150 -3.694273 -3.450524  0.611080 0.595083 0.521975  0.073123 0.752511 0
0  0.464198 -3.896214 -2.948753  0.611080 0.595083 0.521975  0.069727 0.751760 0
0  0.562657 -4.011253 -2.932868  0.611080 0.595083 0.521975  0.069785 0.751785 0
lowpoly_metal.005
0  -0.130199 -4.083114 -2.981934  -0.000001 -0.876080 -0.482165  0.032109 0.728660 0
0  0.209056 -4.083114 -2.981935  -0.000001 -0.876080 -0.482165  0.031913 0.728660 0
0  0.039428 -4.133634 -2.890142  -0.000001 -0.876080 -0.482165  0.032011 0.728600 0
lowpoly_metal.005
0  0.495006 -3.252295 -4.432559  0.579807 -0.702706 -0.412345  0.072441 0.751123 0
0  0.438768 -3.753805 -3.656978  0.579807 -0.702706 -0.412345  0.072474 0.750593 0
0  0.421517 -3.275609 -4.496161  0.579807 -0.702706 -0.412345  0.072484 0.751144 0
lowpoly_metal.005
0  0.598627 -2.758183 -4.910489  0.624888 0.779886 0.035956  0.072292 0.751746 0
0  0.467427 -2.640609 -5.180544  0.624888 0.779886 0.035956  0.072216 0.751866 0
0  0.416149 -2.602931 -5.106598  0.624888 0.779886 0.035956  0.072187 0.751818 0
lowpoly_plastic.004
0  0.174475 -0.934022 2.348621  0.000000 -0.769560 0.638575  0.072851 0.751782 0
0  -0.147734 -0.845085 2.455800  0.000000 -0.769560 0.638575  0.072931 0.751967 0
0  -0.095619 -0.934022 2.348621  0.000000 -0.769560 0.638575  0.072851 0.751936 0
lowpoly_metal.005
0  -0.304911 -3.708785 -3.631216  0.000000 -0.861455 -0.507834  0.072902 0.750597 0
0  0.224591 -3.834468 -3.418015  0.000000 -0.861455 -0.507834  0.072597 0.750455 0
0  -0.145735 -3.834468 -3.418015  0.000000 -0.861455 -0.507834  0.072811 0.750455 0
lowpoly_metal.005
0  0.039428 -4.133634 -2.890142  0.012337 -0.866204 -0.499539  0.032011 0.728600 0
0  -0.436807 -4.077913 -2.998526  0.012337 -0.866204 -0.499539  0.032286 0.728669 0
0  -0.130199 -4.083114 -2.981934  0.012337 -0.866204 -0.499539  0.032109 0.728660 0
lowpoly_metal.005
0  0.209056 -4.083114 -2.981935  -0.012336 -0.866212 -0.499524  0.031913 0.728660 0
0  0.515663 -4.077913 -2.998526  -0.012336 -0.866212 -0.499524  0.031737 0.728669 0
0  0.039428 -4.133634 -2.890142  -0.012336 -0.866212 -0.499524  0.032011 0.728600 0
lowpoly_metal.005
0  -0.145735 -3.834468 -3.418015  -0.016463 -0.859787 -0.510388  0.072811 0.750455 0
0  -0.436807 -4.077913 -2.998526  -0.016463 -0.859787 -0.510388  0.072978 0.750178 0
0  -0.577943 -3.778528 -3.498310  -0.016463 -0.859787 -0.510388  0.073060 0.750512 0
lowpoly_plastic.004
0  0.598627 1.583417 1.563416  0.837417 0.487515 -0.247105  0.072292 0.747357 0
0  0.341044 1.406311 0.341076  0.837417 0.487515 -0.247105  0.068050 0.748584 0
0  0.384891 1.800367 1.267108  0.837417 0.487515 -0.247105  0.068120 0.748008 0
lowpoly_metal.005
0  0.268703 -2.937221 -4.968873  0.013235 -0.841468 -0.540145  0.031879 0.729970 0
0  0.494129 -2.756611 -5.244714  0.013235 -0.841468 -0.540145  0.031749 0.730159 0
0  0.656799 -2.911120 -5.000025  0.013235 -0.841468 -0.540145  0.031655 0.729993 0
lowpoly_metal.005
0  -0.577943 -2.911120 -5.000025  -0.013236 -0.841468 -0.540145  0.032367 0.729993 0
0  -0.415273 -2.756610 -5.244715  -0.013236 -0.841468 -0.540145  0.032273 0.730159 0
0  -0.189847 -2.937220 -4.968875  -0.013236 -0.841468 -0.540145  0.032143 0.729970 0
lowpoly_plastic.004
0  0.397449 1.702232 2.678460  0.924999 0.185358 0.331691  0.068577 0.747333 0
0  0.466663 1.416758 2.644971  0.924999 0.185358 0.331691  0.068707 0.747432 0
0  0.466663 1.602840 2.540984  0.924999 0.185358 0.331691  0.068584 0.747430 0
lowpoly_plastic.004
0  0.464198 -1.025973 0.555856  1.000000 0.000000 0.000000  0.069316 0.749182 0
0  0.464198 -0.592280 1.180555  1.000000 0.000000 0.000000  0.069281 0.748744 0
0  0.464198 -0.806082 1.297908  1.000000 0.000000 0.000000  0.069421 0.748748 0
lowpoly_metal.005
0  0.494129 -2.756611 -5.244714  0.815071 -0.055211 -0.576724  0.068495 0.752573 0
0  0.696150 -2.811367 -4.953961  0.815071 -0.055211 -0.576724  0.068598 0.752443 0
0  0.656799 -2.911120 -5.000025  0.815071 -0.055211 -0.576724  0.068636 0.752495 0
lowpoly_plastic.004
0  0.377338 -0.705980 2.008838  0.722133 -0.689653 0.053879  0.069581 0.748365 0
0  0.226590 -0.854207 2.131981  0.722133 -0.689653 0.053879  0.069696 0.748348 0
0  0.226590 -0.865609 1.986034  0.722133 -0.689653 0.053879  0.069660 0.748424 0
lowpoly_plastic.004
0  -0.095619 -0.934022 2.348621  -0.854914 -0.518564 0.014608  0.072975 0.752121 0
0  -0.147734 -0.845085 2.455800  -0.854914 -0.518564 0.014608  0.073045 0.752080 0
0  -0.147734 -0.854207 2.131981  -0.854914 -0.518564 0.014608  0.072981 0.752256 0
lowpoly_plastic.004
0  0.226590 -0.854207 2.131981  0.854914 -0.518564 0.014608  0.069696 0.748348 0
0  0.226590 -0.845085 2.455800  0.854914 -0.518564 0.014608  0.069785 0.748183 0
0  0.174475 -0.934022 2.348621  0.854914 -0.518564 0.014608  0.069801 0.748263 0
lowpoly_plastic.004
0  -0.385342 -0.799477 1.659935  -0.643950 0.028316 0.764543  0.070047 0.748577 0
0  -0.298482 -0.412718 1.718769  -0.643950 0.028316 0.764543  0.073236 0.752535 0
0  -0.385342 -0.430050 1.646252  -0.643950 0.028316 0.764543  0.073189 0.752519 0
lowpoly_plastic.004
0  -0.292181 1.795769 1.700241  0.013601 0.995333 0.095541  0.072363 0.752260 0
0  -0.318594 1.702232 2.678460  0.013601 0.995333 0.095541  0.072348 0.751754 0
0  -0.251067 1.701419 2.677321  0.013601 0.995333 0.095541  0.072387 0.751755 0
lowpoly_plastic.004
0  0.464198 -1.320686 -0.173100  1.000000 0.000000 -0.000000  0.069251 0.749630 0
0  0.464198 -1.083615 -0.226897  1.000000 0.000000 -0.000000  0.069118 0.749588 0
0  0.464198 -0.829193 0.411770  1.000000 0.000000 -0.000000  0.069176 0.749196 0
lowpoly_plastic.004
0  0.464198 -2.142027 -1.525444  1.000000 0.000000 0.000000  0.069267 0.750542 0
0  0.464198 -1.926101 -1.637125  1.000000 0.000000 0.000000  0.069128 0.750535 0
0  0.464198 -1.545487 -1.043812  1.000000 0.000000 0.000000  0.069111 0.750129 0
lowpoly_plastic.004
0  -0.385342 -0.829193 0.411770  -1.000000 0.000000 0.000000  0.070399 0.749203 0
0  -0.385342 -1.083615 -0.226897  -1.000000 0.000000 0.000000  0.070461 0.749594 0
0  -0.385342 -1.320686 -0.173100  -1.000000 0.000000 0.000000  0.070329 0.749638 0
lowpoly_plastic.004
0  -0.385342 -1.545487 -1.043812  -1.000000 -0.000000 -0.000000  0.070473 0.750135 0
0  -0.385342 -1.926101 -1.637125  -1.000000 -0.000000 -0.000000  0.070460 0.750541 0
0  -0.385342 -2.142027 -1.525444  -1.000000 -0.000000 -0.000000  0.070321 0.750550 0
lowpoly_metal.005
0  0.495006 -3.252295 -4.432559  0.071532 -0.863709 -0.498888  0.031749 0.729614 0
0  0.656799 -2.911120 -5.000025  0.071532 -0.863709 -0.498888  0.031655 0.729993 0
0  0.656799 -3.778528 -3.498310  0.071532 -0.863709 -0.498888  0.031655 0.729003 0
lowpoly_metal.005
0  0.384835 -3.189828 -4.541462  0.016652 -0.858779 -0.512076  0.031812 0.729686 0
0  0.268703 -2.937221 -4.968873  0.016652 -0.858779 -0.512076  0.031879 0.729970 0
0  0.656799 -2.911120 -5.000025  0.016652 -0.858779 -0.512076  0.031655 0.729993 0
lowpoly_metal.005
0  -0.416150 -3.252295 -4.432559  -0.031757 -0.868488 -0.494692  0.032274 0.729614 0
0  -0.414912 -3.708913 -3.630992  -0.031757 -0.868488 -0.494692  0.032273 0.729088 0
0  -0.577943 -3.778528 -3.498310  -0.031757 -0.868488 -0.494692  0.032367 0.729003 0
lowpoly_metal.005
0  -0.577943 -2.911120 -5.000025  -0.016653 -0.858779 -0.512076  0.032367 0.729993 0
0  -0.189847 -2.937220 -4.968875  -0.016653 -0.858779 -0.512076  0.032143 0.729970 0
0  -0.305979 -3.189828 -4.541462  -0.016653 -0.858779 -0.512076  0.032210 0.729686 0
lowpoly_plastic.004
0  -0.179533 1.570786 2.856751  0.934453 0.023686 -0.355297  0.071854 0.780012 0
0  -0.251067 1.622407 2.672054  0.934453 0.023686 -0.355297  0.071811 0.780112 0
0  -0.251067 1.701419 2.677321  0.934453 0.023686 -0.355297  0.071767 0.780102 0
lowpoly_plastic.004
0  0.360572 -0.252998 2.624278  -0.015915 -0.057598 0.998213  0.071591 0.752305 0
0  0.300867 -0.634688 2.601302  -0.015915 -0.057598 0.998213  0.071808 0.752271 0
0  0.377338 -0.731885 2.596912  -0.015915 -0.057598 0.998213  0.071864 0.752315 0
lowpoly_plastic.004
0  0.039428 -1.001000 1.346781  -0.251463 -0.906366 0.339509  0.073911 0.749110 0
0  -0.385342 -1.429445 -0.111627  -0.251463 -0.906366 0.339509  0.074187 0.749947 0
0  0.039428 -1.530612 -0.067094  -0.251463 -0.906366 0.339509  0.073936 0.749959 0
lowpoly_plastic.004
0  -0.222013 -0.113219 2.780044  0.003612 -0.017763 0.999836  0.071626 0.752315 0
0  -0.280489 0.349032 2.788468  0.003612 -0.017763 0.999836  0.071591 0.752579 0
0  -0.282374 -0.113436 2.780258  0.003612 -0.017763 0.999836  0.071591 0.752315 0
lowpoly_plastic.004
0  -0.222013 0.348838 2.788257  0.001204 -0.545012 0.838428  0.071768 0.752432 0
0  -0.234804 0.540587 2.912920  0.001204 -0.545012 0.838428  0.071801 0.752315 0
0  -0.280489 0.349032 2.788468  0.001204 -0.545012 0.838428  0.071801 0.752437 0
lowpoly_plastic.004
0  -0.234804 0.540587 2.912920  0.469804 0.022909 0.882473  0.072276 0.751925 0
0  -0.179533 1.570786 2.856751  0.469804 0.022909 0.882473  0.072307 0.752519 0
0  -0.233319 1.585330 2.885008  0.469804 0.022909 0.882473  0.072276 0.752525 0
lowpoly_metal.005
0  -0.212017 -3.189828 -4.541462  0.000000 -0.466983 -0.884266  0.072849 0.751195 0
0  -0.342661 -3.275609 -4.496161  0.000000 -0.466983 -0.884266  0.072924 0.751144 0
0  -0.305979 -3.189828 -4.541462  0.000000 -0.466983 -0.884266  0.072903 0.751195 0
lowpoly_plastic.004
0  0.329922 1.701419 2.677321  -0.013601 0.995333 0.095541  0.072722 0.751755 0
0  0.397449 1.702232 2.678460  -0.013601 0.995333 0.095541  0.072761 0.751754 0
0  0.371036 1.795769 1.700241  -0.013601 0.995333 0.095541  0.072746 0.752260 0
lowpoly_plastic.004
0  0.329922 1.701419 2.677321  -0.018730 0.873421 0.486606  0.072722 0.751755 0
0  0.312174 1.585330 2.885008  -0.018730 0.873421 0.486606  0.072712 0.751668 0
0  0.397449 1.702232 2.678460  -0.018730 0.873421 0.486606  0.072761 0.751754 0
lowpoly_plastic.004
0  0.464198 -3.309069 -2.570458  1.000000 0.000000 0.000000  0.069545 0.751401 0
0  0.464198 -2.596725 -2.302664  1.000000 0.000000 0.000000  0.069268 0.751061 0
0  0.464198 -2.699538 -2.081502  1.000000 0.000000 0.000000  0.069383 0.750981 0
lowpoly_metal.005
0  -0.388571 -2.640609 -5.180544  -0.624889 0.779885 0.035955  0.071723 0.751866 0
0  -0.519771 -2.758183 -4.910489  -0.624889 0.779885 0.035955  0.071647 0.751746 0
0  -0.337293 -2.602931 -5.106598  -0.624889 0.779885 0.035955  0.071752 0.751818 0
lowpoly_plastic.004
0  -0.281716 -0.252998 2.624278  0.005054 -0.745221 0.666798  0.072377 0.752377 0
0  -0.222013 -0.113219 2.780044  0.005054 -0.745221 0.666798  0.072414 0.752260 0
0  -0.282374 -0.113436 2.780258  0.005054 -0.745221 0.666798  0.072443 0.752278 0
lowpoly_plastic.004
0  0.300867 -0.113219 2.780044  -0.005053 -0.745222 0.666798  0.072541 0.752260 0
0  0.360572 -0.252998 2.624278  -0.005053 -0.745222 0.666798  0.072506 0.752380 0
0  0.361229 -0.113436 2.780258  -0.005053 -0.745222 0.666798  0.072506 0.752260 0
lowpoly_plastic.004
0  -0.222013 -0.634688 2.601302  0.015909 -0.057598 0.998213  0.071808 0.751969 0
0  -0.281716 -0.252998 2.624278  0.015909 -0.057598 0.998213  0.071591 0.751935 0
0  -0.298482 -0.731885 2.596912  0.015909 -0.057598 0.998213  0.071864 0.751925 0
lowpoly_metal.005
0  -0.162669 -3.275609 -4.496161  0.000000 -0.862002 -0.506904  0.072820 0.751144 0
0  0.208425 -3.008733 -4.949992  0.000000 -0.862002 -0.506904  0.072607 0.751445 0
0  0.241525 -3.275609 -4.496161  0.000000 -0.862002 -0.506904  0.072587 0.751144 0
lowpoly_plastic.004
0  0.329922 1.701419 2.677321  -0.934452 0.023687 -0.355299  0.073086 0.781523 0
0  0.329922 1.622407 2.672054  -0.934452 0.023687 -0.355299  0.073042 0.781533 0
0  0.258387 1.570786 2.856751  -0.934452 0.023687 -0.355299  0.072999 0.781434 0
lowpoly_plastic.004
0  -0.251067 1.701419 2.677321  0.000000 -0.066518 0.997785  0.071996 0.785007 0
0  0.329922 1.622407 2.672054  0.000000 -0.066518 0.997785  0.072041 0.785342 0
0  0.329922 1.701419 2.677321  0.000000 -0.066518 0.997785  0.071996 0.785342 0
lowpoly_plastic.004
0  -0.251067 1.622407 2.672054  0.000000 -0.990428 0.138030  0.072810 0.782877 0
0  0.329922 1.323565 0.527731  0.000000 -0.990428 0.138030  0.072479 0.783985 0
0  0.329922 1.622407 2.672054  0.000000 -0.990428 0.138030  0.072479 0.782857 0
lowpoly_plastic.004
0  0.300867 -0.252806 2.623074  -1.000000 0.000000 -0.000000  0.071982 0.781730 0
0  0.300867 -0.921109 0.747671  -1.000000 0.000000 -0.000000  0.071767 0.782857 0
0  0.300867 -0.634688 2.601302  -1.000000 0.000000 -0.000000  0.071767 0.781777 0
lowpoly_plastic.004
0  -0.222013 -0.634688 2.601302  1.000000 0.000000 -0.000000  0.073087 0.780353 0
0  -0.222013 -0.921109 0.747671  1.000000 0.000000 -0.000000  0.073087 0.781434 0
0  -0.222013 -0.252806 2.623074  1.000000 0.000000 -0.000000  0.072872 0.780307 0
lowpoly_plastic.004
0  0.258387 0.542580 2.884142  -0.924193 -0.013741 -0.381678  0.072413 0.781511 0
0  0.329922 1.622407 2.672054  -0.924193 -0.013741 -0.381678  0.073042 0.781533 0
0  0.300867 0.348838 2.788257  -0.924193 -0.013741 -0.381678  0.072309 0.781582 0
lowpoly_plastic.004
0  -0.251067 1.622407 2.672054  0.924190 -0.013742 -0.381685  0.071811 0.780112 0
0  -0.179533 0.542579 2.884142  0.924190 -0.013742 -0.381685  0.072441 0.780088 0
0  -0.222013 0.348838 2.788257  0.924190 -0.013742 -0.381685  0.072544 0.780159 0
lowpoly_plastic.004
0  -0.222013 -0.252806 2.623074  1.000000 0.000000 -0.000000  0.072872 0.780307 0
0  -0.222013 0.348838 2.788257  1.000000 0.000000 -0.000000  0.072544 0.780159 0
0  -0.222013 -0.113219 2.780044  1.000000 0.000000 -0.000000  0.072806 0.780205 0
lowpoly_plastic.004
0  0.300867 -0.252806 2.623074  -0.997915 0.017088 -0.062238  0.071982 0.781730 0
0  0.300867 0.348838 2.788257  -0.997915 0.017088 -0.062238  0.072309 0.781582 0
0  0.329922 1.622407 2.672054  -0.997915 0.017088 -0.062238  0.073042 0.781533 0
lowpoly_plastic.004
0  0.329922 1.323565 0.527731  -0.999877 0.015549 -0.002167  0.073060 0.782780 0
0  0.300867 -0.252806 2.623074  -0.999877 0.015549 -0.002167  0.071982 0.781730 0
0  0.329922 1.622407 2.672054  -0.999877 0.015549 -0.002167  0.073042 0.781533 0
lowpoly_plastic.004
0  0.360572 -0.252998 2.624278  -0.020307 -0.056909 0.998173  0.071591 0.752305 0
0  0.300867 -0.252806 2.623074  -0.020307 -0.056909 0.998173  0.071591 0.752271 0
0  0.300867 -0.634688 2.601302  -0.020307 -0.056909 0.998173  0.071808 0.752271 0
lowpoly_plastic.004
0  -0.222013 -0.634688 2.601302  0.020304 -0.056909 0.998173  0.071808 0.751969 0
0  -0.222013 -0.252806 2.623074  0.020304 -0.056909 0.998173  0.071591 0.751969 0
0  -0.281716 -0.252998 2.624278  0.020304 -0.056909 0.998173  0.071591 0.751935 0
lowpoly_plastic.004
0  0.258387 0.542580 2.884142  -0.931544 -0.009683 -0.363499  0.072413 0.781511 0
0  0.258387 1.570786 2.856751  -0.931544 -0.009683 -0.363499  0.072999 0.781434 0
0  0.329922 1.622407 2.672054  -0.931544 -0.009683 -0.363499  0.073042 0.781533 0
lowpoly_plastic.004
0  -0.251067 1.622407 2.672054  0.931545 -0.009683 -0.363496  0.071811 0.780112 0
0  -0.179533 1.570786 2.856751  0.931545 -0.009683 -0.363496  0.071854 0.780012 0
0  -0.179533 0.542579 2.884142  0.931545 -0.009683 -0.363496  0.072441 0.780088 0
lowpoly_plastic.004
0  -0.222013 -0.252806 2.623074  0.997915 0.017087 -0.062235  0.072872 0.780307 0
0  -0.251067 1.622407 2.672054  0.997915 0.017087 -0.062235  0.071811 0.780112 0
0  -0.222013 0.348838 2.788257  0.997915 0.017087 -0.062235  0.072544 0.780159 0
lowpoly_plastic.004
0  0.300867 -0.252806 2.623074  -1.000000 0.000000 -0.000000  0.071982 0.781730 0
0  0.300867 -0.113219 2.780044  -1.000000 0.000000 -0.000000  0.072047 0.781628 0
0  0.300867 0.348838 2.788257  -1.000000 0.000000 -0.000000  0.072309 0.781582 0
lowpoly_plastic.004
0  0.300867 -0.634688 2.601302  0.000000 0.988272 -0.152707  0.072780 0.784005 0
0  -0.222013 -0.921109 0.747671  0.000000 0.988272 -0.152707  0.072479 0.785060 0
0  -0.222013 -0.634688 2.601302  0.000000 0.988272 -0.152707  0.072479 0.784005 0
lowpoly_plastic.004
0  0.359344 0.349032 2.788468  0.824767 -0.006907 0.565430  0.069283 0.747671 0
0  0.466663 -0.151257 2.625816  0.824767 -0.006907 0.565430  0.069480 0.747897 0
0  0.466663 1.416758 2.644971  0.824767 -0.006907 0.565430  0.068707 0.747432 0
lowpoly_plastic.004
0  0.341044 1.406311 0.341076  0.479977 0.797095 -0.366417  0.072143 0.748050 0
0  0.598627 0.307974 -1.710809  0.479977 0.797095 -0.366417  0.072292 0.749382 0
0  0.301098 0.426943 -1.841745  0.479977 0.797095 -0.366417  0.071989 0.749240 0
lowpoly_plastic.004
0  -0.225215 -1.159876 -3.912595  0.000000 0.793760 -0.608231  0.071817 0.750833 0
0  0.301098 0.426943 -1.841745  0.000000 0.793760 -0.608231  0.072120 0.749387 0
0  0.304070 -1.159876 -3.912595  0.000000 0.793760 -0.608231  0.072121 0.750835 0
lowpoly_plastic.004
0  -0.222243 0.426943 -1.841745  -0.504346 0.690176 -0.518934  0.071821 0.749391 0
0  -0.519771 -1.249251 -3.781900  -0.504346 0.690176 -0.518934  0.071647 0.750822 0
0  -0.519771 0.307974 -1.710809  -0.504346 0.690176 -0.518934  0.071647 0.749382 0
lowpoly_plastic.004
0  -0.519771 -1.249251 -3.781900  -0.470663 0.583877 -0.661486  0.071647 0.750822 0
0  -0.225215 -1.159876 -3.912595  -0.470663 0.583877 -0.661486  0.071939 0.750978 0
0  -0.337293 -2.602931 -5.106598  -0.470663 0.583877 -0.661486  0.071752 0.751818 0
lowpoly_plastic.004
0  0.598627 -1.249251 -3.781900  0.504345 0.690177 -0.518934  0.072292 0.750822 0
0  0.301098 0.426943 -1.841745  0.504345 0.690177 -0.518934  0.072120 0.749387 0
0  0.598627 0.307974 -1.710809  0.504345 0.690177 -0.518934  0.072292 0.749382 0
lowpoly_plastic.004
0  -0.225215 -1.159876 -3.912595  0.000000 0.637489 -0.770460  0.071939 0.750978 0
0  0.416149 -2.602931 -5.106598  0.000000 0.637489 -0.770460  0.072187 0.751818 0
0  -0.337293 -2.602931 -5.106598  0.000000 0.637489 -0.770460  0.071752 0.751818 0
lowpoly_plastic.004
0  0.416149 -2.602931 -5.106598  0.470662 0.583878 -0.661486  0.072187 0.751818 0
0  0.304070 -1.159876 -3.912595  0.470662 0.583878 -0.661486  0.072121 0.750835 0
0  0.598627 -1.249251 -3.781900  0.470662 0.583878 -0.661486  0.072292 0.750822 0
lowpoly_plastic.004
0  0.301098 0.426943 -1.841745  0.000000 0.912375 -0.409356  0.071989 0.749240 0
0  -0.262189 1.406311 0.341076  0.000000 0.912375 -0.409356  0.071796 0.748050 0
0  0.341044 1.406311 0.341076  0.000000 0.912375 -0.409356  0.072143 0.748050 0
lowpoly_plastic.004
0  0.155837 1.274689 1.952151  0.467721 0.721020 0.511241  0.885492 0.508840 0
0  0.352752 1.235100 1.827832  0.467721 0.721020 0.511241  0.885492 0.508840 0
0  0.155834 1.374207 1.811800  0.467721 0.721020 0.511241  0.885492 0.508840 0
lowpoly_plastic.004
0  -0.387809 -0.111485 1.983026  0.000000 0.114492 0.993424  0.885492 0.508840 0
0  0.389521 -0.264651 2.000679  0.000000 0.114492 0.993424  0.885492 0.508840 0
0  0.467343 -0.111468 1.983024  0.000000 0.114492 0.993424  0.885492 0.508840 0
lowpoly_plastic.004
0  -0.310208 -0.264668 2.000680  -0.000001 0.114490 0.993424  0.885492 0.508840 0
0  0.332148 -0.409757 2.017402  -0.000001 0.114490 0.993424  0.885492 0.508840 0
0  0.389521 -0.264651 2.000679  -0.000001 0.114490 0.993424  0.885492 0.508840 0
lowpoly_plastic.004
0  0.250893 1.207539 1.959890  0.782478 0.071791 0.618527  0.885492 0.508840 0
0  0.353410 0.216914 1.945178  0.782478 0.071791 0.618527  0.885492 0.508840 0
0  0.352752 1.235100 1.827832  0.782478 0.071791 0.618527  0.885492 0.508840 0
lowpoly_plastic.004
0  0.353410 0.216914 1.945178  0.000003 0.114492 0.993424  0.885492 0.508840 0
0  0.466649 1.514742 1.795603  0.000003 0.114492 0.993424  0.885492 0.508840 0
0  0.352752 1.235100 1.827832  0.000003 0.114492 0.993424  0.885492 0.508840 0
lowpoly_plastic.004
0  0.156492 -0.058303 1.976897  0.000000 0.114491 0.993424  0.885492 0.508840 0
0  -0.387809 -0.111485 1.983026  0.000000 0.114491 0.993424  0.885492 0.508840 0
0  0.467343 -0.111468 1.983024  0.000000 0.114491 0.993424  0.885492 0.508840 0
lowpoly_plastic.004
0  0.155834 1.374207 1.811800  0.000000 0.114493 0.993424  0.885492 0.508840 0
0  0.466649 1.514742 1.795603  0.000000 0.114493 0.993424  0.885492 0.508840 0
0  -0.388503 1.514725 1.795605  0.000000 0.114493 0.993424  0.885492 0.508840 0
lowpoly_plastic.004
0  0.060826 1.207564 1.959887  -0.782478 0.070847 0.618635  0.885492 0.508840 0
0  -0.040427 0.093859 1.959360  -0.782478 0.070847 0.618635  0.885492 0.508840 0
0  0.061436 0.148355 2.081961  -0.782478 0.070847 0.618635  0.885492 0.508840 0
lowpoly_plastic.004
0  0.251508 0.256880 2.069453  -0.000002 0.114492 0.993424  0.885492 0.508840 0
0  0.060826 1.207564 1.959887  -0.000002 0.114492 0.993424  0.885492 0.508840 0
0  0.061436 0.148355 2.081961  -0.000002 0.114492 0.993424  0.885492 0.508840 0
lowpoly_plastic.004
0  0.155837 1.274689 1.952151  -0.467752 0.720996 0.511247  0.885492 0.508840 0
0  -0.041085 1.235085 1.827834  -0.467752 0.720996 0.511247  0.885492 0.508840 0
0  0.060826 1.207564 1.959887  -0.467752 0.720996 0.511247  0.885492 0.508840 0
lowpoly_plastic.004
0  -0.040427 0.093859 1.959360  0.000000 0.114492 0.993424  0.885492 0.508840 0
0  -0.388503 1.514725 1.795605  0.000000 0.114492 0.993424  0.885492 0.508840 0
0  -0.387809 -0.111485 1.983026  0.000000 0.114492 0.993424  0.885492 0.508840 0
lowpoly_plastic.004
0  0.133832 0.092414 2.088408  0.647684 -0.387837 0.655811  0.885492 0.508840 0
0  0.353410 0.216914 1.945178  0.647684 -0.387837 0.655811  0.885492 0.508840 0
0  0.251508 0.256880 2.069453  0.647684 -0.387837 0.655811  0.885492 0.508840 0
lowpoly_plastic.004
0  0.133832 0.092414 2.088408  -0.494546 -0.563777 0.661498  0.885492 0.508840 0
0  -0.040427 0.093859 1.959360  -0.494546 -0.563777 0.661498  0.885492 0.508840 0
0  0.156492 -0.058303 1.976897  -0.494546 -0.563777 0.661498  0.885492 0.508840 0
lowpoly_plastic.004
0  0.133832 0.092414 2.088408  -0.000002 0.114493 0.993424  0.885492 0.508840 0
0  0.251508 0.256880 2.069453  -0.000002 0.114493 0.993424  0.885492 0.508840 0
0  0.061436 0.148355 2.081961  -0.000002 0.114493 0.993424  0.885492 0.508840 0
lowpoly_plastic.004
0  0.250893 1.207539 1.959890  0.000000 0.114490 0.993424  0.885492 0.508840 0
0  0.155837 1.274689 1.952151  0.000000 0.114490 0.993424  0.885492 0.508840 0
0  0.060826 1.207564 1.959887  0.000000 0.114490 0.993424  0.885492 0.508840 0
lowpoly_plastic.004
0  -0.387809 -0.111485 1.983026  -0.000000 0.114492 0.993424  0.885492 0.508840 0
0  -0.310208 -0.264668 2.000680  -0.000000 0.114492 0.993424  0.885492 0.508840 0
0  0.389521 -0.264651 2.000679  -0.000000 0.114492 0.993424  0.885492 0.508840 0
lowpoly_plastic.004
0  0.353410 0.216914 1.945178  0.000000 0.114492 0.993424  0.885492 0.508840 0
0  0.467343 -0.111468 1.983024  0.000000 0.114492 0.993424  0.885492 0.508840 0
0  0.466649 1.514742 1.795603  0.000000 0.114492 0.993424  0.885492 0.508840 0
lowpoly_plastic.004
0  0.467343 -0.111468 1.983024  0.000000 0.114492 0.993424  0.885492 0.508840 0
0  0.353410 0.216914 1.945178  0.000000 0.114492 0.993424  0.885492 0.508840 0
0  0.156492 -0.058303 1.976897  0.000000 0.114492 0.993424  0.885492 0.508840 0
lowpoly_plastic.004
0  0.156492 -0.058303 1.976897  0.000000 0.114492 0.993424  0.885492 0.508840 0
0  -0.040427 0.093859 1.959360  0.000000 0.114492 0.993424  0.885492 0.508840 0
0  -0.387809 -0.111485 1.983026  0.000000 0.114492 0.993424  0.885492 0.508840 0
lowpoly_plastic.004
0  -0.388503 1.514725 1.795605  0.000000 0.114493 0.993424  0.885492 0.508840 0
0  -0.041085 1.235085 1.827834  0.000000 0.114493 0.993424  0.885492 0.508840 0
0  0.155834 1.374207 1.811800  0.000000 0.114493 0.993424  0.885492 0.508840 0
lowpoly_plastic.004
0  0.155834 1.374207 1.811800  0.000000 0.114493 0.993424  0.885492 0.508840 0
0  0.352752 1.235100 1.827832  0.000000 0.114493 0.993424  0.885492 0.508840 0
0  0.466649 1.514742 1.795603  0.000000 0.114493 0.993424  0.885492 0.508840 0
lowpoly_plastic.004
0  -0.252869 -0.409774 2.017404  0.000002 0.050950 0.998701  0.885492 0.508840 0
0  0.332148 -0.770013 2.035780  0.000002 0.050950 0.998701  0.885492 0.508840 0
0  0.332148 -0.409757 2.017402  0.000002 0.050950 0.998701  0.885492 0.508840 0
lowpoly_plastic.004
0  0.374876 1.644715 1.398132  0.000000 0.242884 -0.970055  0.074294 0.766422 0
0  -0.296021 1.644715 1.398132  0.000000 0.242884 -0.970055  0.073908 0.766422 0
0  -0.296021 1.816523 1.441149  0.000000 0.242884 -0.970055  0.073908 0.766363 0
lowpoly_plastic.004
0  -0.298482 -0.705980 2.008838  -0.323228 -0.890863 0.319196  0.074095 0.748698 0
0  -0.385342 -0.799477 1.659935  -0.323228 -0.890863 0.319196  0.074153 0.748896 0
0  0.039428 -0.945424 1.682739  -0.323228 -0.890863 0.319196  0.073900 0.748931 0
lowpoly_plastic.004
0  0.371036 1.795769 1.700241  0.722886 0.422453 0.546780  0.068249 0.747794 0
0  0.539578 1.562620 1.657552  0.722886 0.422453 0.546780  0.068345 0.747882 0
0  0.598627 1.583417 1.563416  0.722886 0.422453 0.546780  0.068305 0.747922 0
lowpoly_plastic.004
0  0.374876 1.816523 1.441149  0.000000 0.301157 -0.953575  0.074294 0.766363 0
0  -0.296021 1.816523 1.441149  0.000000 0.301157 -0.953575  0.073908 0.766363 0
0  -0.296021 1.940257 1.480227  0.000000 0.301157 -0.953575  0.073908 0.766316 0
lowpoly_metal.005
0  0.384710 -3.249837 -4.436844  -0.809720 -0.516854 -0.277876  0.073392 0.752349 0
0  0.421517 -3.275609 -4.496161  -0.809720 -0.516854 -0.277876  0.073361 0.752369 0
0  0.438768 -3.753805 -3.656978  -0.809720 -0.516854 -0.277876  0.072474 0.750593 0
lowpoly_plastic.004
0  -0.298482 -0.731885 2.596912  0.000000 -0.045112 0.998982  0.071864 0.751925 0
0  0.377338 -0.731885 2.596912  0.000000 -0.045112 0.998982  0.071864 0.752315 0
0  0.300867 -0.634688 2.601302  0.000000 -0.045112 0.998982  0.071808 0.752271 0
lowpoly_plastic.004
0  0.226590 -0.845085 2.455800  0.709180 -0.704748 0.019852  0.069785 0.748183 0
0  0.226590 -0.854207 2.131981  0.709180 -0.704748 0.019852  0.069696 0.748348 0
0  0.377338 -0.705980 2.008838  0.709180 -0.704748 0.019852  0.069581 0.748365 0
lowpoly_plastic.004
0  0.377338 -0.705980 2.008838  0.718300 -0.639038 -0.275091  0.069581 0.748365 0
0  0.226590 -0.865609 1.986034  0.718300 -0.639038 -0.275091  0.073786 0.748760 0
0  0.039428 -0.945424 1.682739  0.718300 -0.639038 -0.275091  0.073900 0.748931 0
lowpoly_plastic.004
0  -0.233319 1.585330 2.885008  0.432977 0.802083 0.411331  0.072397 0.751668 0
0  -0.179533 1.570786 2.856751  0.432977 0.802083 0.411331  0.072428 0.751687 0
0  -0.251067 1.701419 2.677321  0.432977 0.802083 0.411331  0.072387 0.751755 0
lowpoly_plastic.004
0  0.464198 -2.499917 -2.220239  0.926915 -0.264733 0.265980  0.069244 0.750992 0
0  0.598627 -2.327450 -2.517054  0.926915 -0.264733 0.265980  0.069067 0.751089 0
0  0.598627 -1.716603 -1.909071  0.926915 -0.264733 0.265980  0.068940 0.750609 0
lowpoly_plastic.004
0  0.174475 -0.934022 2.186711  0.000000 -1.000000 0.000000  0.072774 0.751789 0
0  0.174475 -0.934022 2.348621  0.000000 -1.000000 0.000000  0.072851 0.751782 0
0  -0.095619 -0.934022 2.348621  0.000000 -1.000000 0.000000  0.072851 0.751936 0
lowpoly_plastic.004
0  -0.519771 -0.147278 1.648533  -0.769406 0.023207 0.638339  0.070379 0.748390 0
0  -0.460714 -0.171450 1.720594  -0.769406 0.023207 0.638339  0.070343 0.748361 0
0  -0.460715 1.562620 1.657552  -0.769406 0.023207 0.638339  0.071217 0.747880 0
lowpoly_metal.005
0  -0.304911 -3.708785 -3.631216  0.000000 -0.868898 -0.494991  0.072902 0.750597 0
0  -0.305854 -3.249837 -4.436844  0.000000 -0.868898 -0.494991  0.072903 0.751126 0
0  0.384710 -3.249837 -4.436844  0.000000 -0.868898 -0.494991  0.072505 0.751126 0
lowpoly_plastic.004
0  0.341044 1.973095 1.582025  0.000000 0.787506 0.616307  0.072761 0.752445 0
0  -0.262189 1.973095 1.582025  0.000000 0.787506 0.616307  0.072761 0.752098 0
0  -0.262189 1.913987 1.657552  0.000000 0.787506 0.616307  0.072800 0.752098 0
lowpoly_plastic.004
0  0.329922 1.701419 2.677321  0.000000 0.995370 0.096117  0.072722 0.751755 0
0  0.371036 1.795769 1.700241  0.000000 0.995370 0.096117  0.072746 0.752260 0
0  -0.292181 1.795769 1.700241  0.000000 0.995370 0.096117  0.072363 0.752260 0
lowpoly_plastic.004
0  -0.262189 1.406311 0.341076  -0.418621 0.882095 -0.216023  0.071796 0.748050 0
0  -0.519771 1.299696 0.404890  -0.418621 0.882095 -0.216023  0.071647 0.748038 0
0  -0.519771 1.583417 1.563416  -0.418621 0.882095 -0.216023  0.071258 0.747921 0
lowpoly_metal.005
0  0.208425 -3.008733 -4.949992  0.576707 -0.625012 -0.526089  0.072607 0.751445 0
0  0.268703 -2.937221 -4.968873  0.576707 -0.625012 -0.526089  0.072572 0.751479 0
0  0.384835 -3.189828 -4.541462  0.576707 -0.625012 -0.526089  0.072505 0.751195 0
lowpoly_plastic.004
0  0.539578 -0.171450 1.720594  0.868639 -0.488800 0.080873  0.069225 0.748353 0
0  0.466663 -0.151257 2.625816  0.868639 -0.488800 0.080873  0.069480 0.747897 0
0  0.377338 -0.325732 2.530702  0.868639 -0.488800 0.080873  0.069543 0.747995 0
lowpoly_plastic.004
0  0.598627 -0.147278 1.648533  0.844209 0.026330 0.535367  0.069190 0.748382 0
0  0.598627 1.583417 1.563416  0.844209 0.026330 0.535367  0.068305 0.747922 0
0  0.539578 1.562620 1.657552  0.844209 0.026330 0.535367  0.068345 0.747882 0
lowpoly_metal.005
0  0.268703 -2.937221 -4.968873  0.000000 -0.255276 -0.966868  0.072572 0.751479 0
0  0.208425 -3.008733 -4.949992  0.000000 -0.255276 -0.966868  0.072607 0.751445 0
0  -0.129569 -3.008732 -4.949992  0.000000 -0.255276 -0.966868  0.072801 0.751445 0
lowpoly_metal.005
0  -0.189847 -2.937220 -4.968875  0.000000 -0.836618 -0.547787  0.072836 0.751479 0
0  -0.415273 -2.756610 -5.244715  0.000000 -0.836618 -0.547787  0.072966 0.751668 0
0  0.494129 -2.756611 -5.244714  0.000000 -0.836618 -0.547787  0.072442 0.751668 0
lowpoly_plastic.004
0  0.464198 -0.430049 1.646252  0.775154 -0.372621 0.510185  0.069335 0.748465 0
0  0.598627 -0.147278 1.648533  0.775154 -0.372621 0.510185  0.069190 0.748382 0
0  0.539578 -0.171450 1.720594  0.775154 -0.372621 0.510185  0.072946 0.752439 0
lowpoly_plastic.004
0  0.377338 -0.705980 2.008838  0.970897 0.008864 0.239331  0.069581 0.748365 0
0  0.464198 -0.799477 1.659935  0.970897 0.008864 0.239331  0.072946 0.752080 0
0  0.464198 -0.430049 1.646252  0.970897 0.008864 0.239331  0.072920 0.752291 0
lowpoly_plastic.004
0  0.313659 0.540587 2.912920  -0.419837 -0.474850 0.773469  0.071720 0.752315 0
0  0.258387 0.542580 2.884142  -0.419837 -0.474850 0.773469  0.071755 0.752319 0
0  0.300867 0.348838 2.788257  -0.419837 -0.474850 0.773469  0.071752 0.752431 0
lowpoly_plastic.004
0  -0.460714 -0.171450 1.720594  -0.828152 -0.557314 0.059708  0.070343 0.748361 0
0  -0.298482 -0.412718 1.718769  -0.828152 -0.557314 0.059708  0.070216 0.748433 0
0  -0.298482 -0.325732 2.530702  -0.828152 -0.557314 0.059708  0.070021 0.748005 0
lowpoly_plastic.004
0  -0.318594 1.702232 2.678460  -0.925015 0.185338 0.331657  0.070979 0.747333 0
0  -0.387799 1.602840 2.540984  -0.925015 0.185338 0.331657  0.070974 0.747431 0
0  -0.387799 1.416758 2.644971  -0.925015 0.185338 0.331657  0.070851 0.747434 0
lowpoly_plastic.004
0  -0.387799 1.416758 2.644971  -0.824787 -0.006907 0.565401  0.070851 0.747434 0
0  -0.387799 -0.151257 2.625816  -0.824787 -0.006907 0.565401  0.070083 0.747907 0
0  -0.280489 0.349032 2.788468  -0.824787 -0.006907 0.565401  0.070277 0.747678 0
lowpoly_plastic.004
0  -0.387799 -0.151257 2.625816  -0.825140 -0.006665 0.564889  0.070083 0.747907 0
0  -0.282374 -0.113436 2.780258  -0.825140 -0.006665 0.564889  0.070051 0.747819 0
0  -0.280489 0.349032 2.788468  -0.825140 -0.006665 0.564889  0.070277 0.747678 0
lowpoly_plastic.004
0  -0.280489 0.349032 2.788468  -0.917192 -0.038888 0.396543  0.070277 0.747678 0
0  -0.234804 0.540587 2.912920  -0.917192 -0.038888 0.396543  0.070333 0.747559 0
0  -0.387799 1.416758 2.644971  -0.917192 -0.038888 0.396543  0.070851 0.747434 0
lowpoly_plastic.004
0  0.226590 -0.854207 2.131981  0.000000 -0.565527 -0.824730  0.074807 0.771465 0
0  0.174475 -0.934022 2.186711  0.000000 -0.565527 -0.824730  0.074754 0.771435 0
0  -0.095619 -0.934022 2.186711  0.000000 -0.565527 -0.824730  0.074754 0.771280 0
lowpoly_plastic.004
0  0.341044 1.913987 1.657552  0.965619 0.257600 0.034945  0.068179 0.747781 0
0  0.371036 1.795769 1.700241  0.965619 0.257600 0.034945  0.068249 0.747794 0
0  0.374876 1.816523 1.441149  0.965619 0.257600 0.034945  0.068163 0.747917 0
lowpoly_plastic.004
0  -0.147734 -0.854207 2.131981  0.000000 -0.996962 0.077887  0.073994 0.748686 0
0  -0.147734 -0.865609 1.986034  0.000000 -0.996962 0.077887  0.074000 0.748760 0
0  0.226590 -0.865609 1.986034  0.000000 -0.996962 0.077887  0.073786 0.748760 0
lowpoly_plastic.004
0  -0.292181 1.795769 1.700241  -0.701963 0.709036 0.067199  0.071311 0.747789 0
0  -0.296021 1.816523 1.441149  -0.701963 0.709036 0.067199  0.071398 0.747911 0
0  -0.519771 1.583417 1.563416  -0.701963 0.709036 0.067199  0.071258 0.747921 0
lowpoly_metal.005
0  0.039428 -4.071566 -2.803906  0.196120 0.296900 0.934552  0.072180 0.752227 0
0  0.562657 -4.011253 -2.932868  0.196120 0.296900 0.934552  0.072137 0.752528 0
0  0.464198 -3.896214 -2.948753  0.196120 0.296900 0.934552  0.072070 0.752472 0
lowpoly_plastic.004
0  -0.385342 -2.142027 -1.525444  -1.000000 -0.000001 0.000000  0.070321 0.750550 0
0  -0.385342 -2.227143 -1.454513  -1.000000 -0.000001 0.000000  0.070258 0.750540 0
0  -0.385342 -1.700609 -0.855610  -1.000000 -0.000001 0.000000  0.070342 0.750088 0
lowpoly_plastic.004
0  0.466663 1.416758 2.644971  0.996769 -0.000981 0.080312  0.068707 0.747432 0
0  0.466663 -0.151257 2.625816  0.996769 -0.000981 0.080312  0.069480 0.747897 0
0  0.539578 -0.171450 1.720594  0.996769 -0.000981 0.080312  0.069225 0.748353 0
lowpoly_plastic.004
0  -0.519772 -0.248340 1.167218  -0.927070 -0.359372 0.106736  0.070470 0.748658 0
0  -0.519772 -0.489887 0.353948  -0.927070 -0.359372 0.106736  0.070590 0.749132 0
0  -0.385342 -0.784182 0.530681  -0.927070 -0.359372 0.106736  0.070386 0.749131 0
lowpoly_plastic.004
0  -0.385342 -0.592280 1.180555  -1.000000 -0.000000 0.000000  0.070290 0.748753 0
0  -0.385342 -0.784182 0.530681  -1.000000 -0.000000 0.000000  0.070386 0.749131 0
0  -0.385342 -1.025973 0.555856  -1.000000 -0.000000 0.000000  0.070260 0.749190 0
lowpoly_plastic.004
0  -0.519771 -0.812466 -0.437427  -0.926107 -0.329044 0.184542  0.070664 0.749619 0
0  -0.519771 -1.230955 -1.183604  -0.926107 -0.329044 0.184542  0.070676 0.750112 0
0  -0.385342 -1.472516 -0.939693  -0.926107 -0.329044 0.184542  0.070479 0.750062 0
lowpoly_plastic.004
0  -0.385342 -1.142469 -0.339600  -1.000000 -0.000000 0.000000  0.070465 0.749668 0
0  -0.385342 -1.472516 -0.939693  -1.000000 -0.000000 0.000000  0.070479 0.750062 0
0  -0.385342 -1.700609 -0.855610  -1.000000 -0.000000 0.000000  0.070342 0.750088 0
lowpoly_plastic.004
0  0.039428 -1.530612 -0.067094  -0.250101 -0.832431 0.494478  0.073936 0.749959 0
0  -0.385342 -1.429445 -0.111627  -0.250101 -0.832431 0.494478  0.074187 0.749947 0
0  -0.385342 -2.227143 -1.454513  -0.250101 -0.832431 0.494478  0.074194 0.750847 0
lowpoly_plastic.004
0  -0.385342 -1.083615 -0.226897  -0.928683 -0.344543 0.137253  0.070461 0.749594 0
0  -0.385342 -0.829193 0.411770  -0.928683 -0.344543 0.137253  0.070399 0.749203 0
0  -0.519772 -0.489887 0.353948  -0.928683 -0.344543 0.137253  0.070590 0.749132 0
lowpoly_plastic.004
0  -0.519771 -1.716603 -1.909071  -0.926915 -0.264732 0.265979  0.070650 0.750615 0
0  -0.519771 -2.327450 -2.517054  -0.926915 -0.264732 0.265979  0.070527 0.751096 0
0  -0.385342 -2.499917 -2.220239  -0.926915 -0.264732 0.265979  0.070348 0.751000 0
lowpoly_plastic.004
0  -0.385342 -2.011404 -1.731406  -1.000000 -0.000000 0.000000  0.070446 0.750613 0
0  -0.385342 -2.499917 -2.220239  -1.000000 -0.000000 0.000000  0.070348 0.751000 0
0  -0.385342 -2.699538 -2.081502  -1.000000 -0.000000 0.000000  0.070209 0.750990 0
lowpoly_plastic.004
0  -0.385342 -3.248099 -2.806606  -0.928968 -0.182755 0.321899  0.070151 0.751511 0
0  -0.519771 -3.022202 -3.066303  -0.928968 -0.182755 0.321899  0.070346 0.751574 0
0  -0.519771 -3.632990 -3.413073  -0.928968 -0.182755 0.321899  0.070146 0.751926 0
lowpoly_plastic.004
0  -0.519771 -1.230955 -1.183604  -0.924225 -0.317313 0.212418  0.070676 0.750112 0
0  -0.519771 -1.716603 -1.909071  -0.924225 -0.317313 0.212418  0.070650 0.750615 0
0  -0.385342 -1.926101 -1.637125  -0.924225 -0.317313 0.212418  0.070460 0.750541 0
lowpoly_plastic.004
0  -0.385342 -2.596725 -2.302664  -1.000000 0.000000 0.000000  0.070325 0.751069 0
0  -0.385342 -3.137940 -2.743117  -1.000000 0.000000 0.000000  0.070187 0.751447 0
0  -0.385342 -3.309069 -2.570458  -1.000000 0.000000 0.000000  0.070052 0.751412 0
lowpoly_plastic.004
0  -0.385342 -3.137940 -2.743117  -0.928545 -0.234317 0.287922  0.070187 0.751447 0
0  -0.385342 -2.596725 -2.302664  -0.928545 -0.234317 0.287922  0.070325 0.751069 0
0  -0.519771 -2.327450 -2.517054  -0.928545 -0.234317 0.287922  0.070527 0.751096 0
lowpoly_plastic.004
0  0.341044 1.913987 1.657552  0.000000 0.339644 0.940554  0.072800 0.752445 0
0  -0.262189 1.913987 1.657552  0.000000 0.339644 0.940554  0.072800 0.752098 0
0  -0.292181 1.795769 1.700241  0.000000 0.339644 0.940554  0.072870 0.752080 0
lowpoly_plastic.004
0  0.464198 -1.700609 -0.855610  1.000000 0.000000 -0.000000  0.069242 0.750080 0
0  0.464198 -1.472516 -0.939693  1.000000 0.000000 -0.000000  0.069104 0.750056 0
0  0.464198 -1.142469 -0.339600  1.000000 0.000000 -0.000000  0.069114 0.749661 0
lowpoly_plastic.004
0  0.464198 -1.926101 -1.637125  0.924225 -0.317312 0.212418  0.069128 0.750535 0
0  0.598627 -1.716603 -1.909071  0.924225 -0.317312 0.212418  0.068940 0.750609 0
0  0.598627 -1.230955 -1.183604  0.924225 -0.317312 0.212418  0.068908 0.750107 0
lowpoly_plastic.004
0  0.464198 -2.699538 -2.081502  1.000000 0.000000 -0.000000  0.069383 0.750981 0
0  0.464198 -2.499917 -2.220239  1.000000 0.000000 -0.000000  0.069244 0.750992 0
0  0.464198 -2.011404 -1.731406  1.000000 0.000000 -0.000000  0.069143 0.750607 0
lowpoly_plastic.004
0  0.464198 -1.429445 -0.111627  1.000000 0.000001 0.000000  0.069323 0.749631 0
0  0.464198 -1.320686 -0.173100  1.000000 0.000001 0.000000  0.069251 0.749630 0
0  0.464198 -0.829193 0.411770  1.000000 0.000001 0.000000  0.069176 0.749196 0
lowpoly_plastic.004
0  0.464198 -0.784182 0.530681  0.927070 -0.359372 0.106736  0.069188 0.749124 0
0  0.598627 -0.489887 0.353948  0.927070 -0.359372 0.106736  0.068985 0.749126 0
0  0.598627 -0.248340 1.167218  0.927070 -0.359372 0.106736  0.069101 0.748651 0
lowpoly_plastic.004
0  0.464198 -1.472516 -0.939693  0.926107 -0.329044 0.184542  0.069104 0.750056 0
0  0.598627 -1.230955 -1.183604  0.926107 -0.329044 0.184542  0.068908 0.750107 0
0  0.598627 -0.812466 -0.437427  0.926107 -0.329044 0.184542  0.068916 0.749614 0
lowpoly_plastic.004
0  0.598627 -0.248340 1.167218  1.000000 0.000000 0.000000  0.069101 0.748651 0
0  0.598627 1.299696 0.404890  1.000000 0.000000 0.000000  0.068111 0.748582 0
0  0.598627 1.583417 1.563416  1.000000 0.000000 0.000000  0.068305 0.747922 0
lowpoly_plastic.004
0  0.464198 -2.227143 -1.454513  1.000000 0.000000 -0.000000  0.069330 0.750531 0
0  0.464198 -2.142027 -1.525444  1.000000 0.000000 -0.000000  0.069267 0.750542 0
0  0.464198 -1.545487 -1.043812  1.000000 0.000000 -0.000000  0.069111 0.750129 0
lowpoly_plastic.004
0  0.464198 -0.430049 1.646252  0.931052 -0.340063 0.132283  0.069335 0.748465 0
0  0.464198 -0.563068 1.304297  0.931052 -0.340063 0.132283  0.069302 0.748674 0
0  0.598627 -0.248340 1.167218  0.931052 -0.340063 0.132283  0.069101 0.748651 0
lowpoly_metal.005
0  0.562657 -4.011253 -2.932868  0.848174 -0.524434 -0.074629  0.069785 0.751785 0
0  0.515663 -4.077913 -2.998526  0.848174 -0.524434 -0.074629  0.069801 0.751837 0
0  0.656799 -3.778528 -3.498310  0.848174 -0.524434 -0.074629  0.069502 0.751999 0
lowpoly_metal.005
0  0.039428 -4.071566 -2.803906  -0.236545 -0.761343 0.603658  0.072276 0.752215 0
0  -0.483801 -4.011253 -2.932868  -0.236545 -0.761343 0.603658  0.072233 0.752523 0
0  -0.436807 -4.077913 -2.998526  -0.236545 -0.761343 0.603658  0.072180 0.752495 0
lowpoly_plastic.004
0  0.039428 -2.372790 -1.383559  0.388193 -0.721112 0.573850  0.073939 0.750859 0
0  0.039428 -2.823985 -1.950541  0.388193 -0.721112 0.573850  0.073935 0.751275 0
0  0.464198 -2.699538 -2.081502  0.388193 -0.721112 0.573850  0.073705 0.751299 0
lowpoly_plastic.004
0  0.039428 -0.945424 1.682739  0.254268 -0.954166 0.157844  0.073900 0.748931 0
0  0.039428 -1.001000 1.346781  0.254268 -0.954166 0.157844  0.073911 0.749110 0
0  0.464198 -0.891198 1.326280  0.254268 -0.954166 0.157844  0.073675 0.749086 0
lowpoly_plastic.004
0  -0.385342 -2.699538 -2.081502  -0.388192 -0.721112 0.573850  0.074191 0.751299 0
0  0.039428 -2.823985 -1.950541  -0.388192 -0.721112 0.573850  0.073935 0.751275 0
0  0.039428 -2.372790 -1.383559  -0.388192 -0.721112 0.573850  0.073939 0.750859 0
lowpoly_plastic.004
0  0.039428 -2.823985 -1.950541  0.318274 -0.628396 0.709803  0.073935 0.751275 0
0  0.039428 -3.360559 -2.425576  0.318274 -0.628396 0.709803  0.073921 0.751675 0
0  0.464198 -3.309069 -2.570458  0.318274 -0.628396 0.709803  0.073688 0.751728 0
lowpoly_metal.005
0  -0.115573 -4.117351 -3.026608  0.000000 -0.868709 -0.495322  0.072793 0.750177 0
0  -0.129769 -3.890145 -3.425087  0.000000 -0.868709 -0.495322  0.072801 0.750439 0
0  0.208625 -3.890145 -3.425087  0.000000 -0.868709 -0.495322  0.072606 0.750439 0
lowpoly_plastic.004
0  -0.460714 -0.171450 1.720594  -0.996769 -0.000981 0.080312  0.070343 0.748361 0
0  -0.387799 -0.151257 2.625816  -0.996769 -0.000981 0.080312  0.070083 0.747907 0
0  -0.387799 1.416758 2.644971  -0.996769 -0.000981 0.080312  0.070851 0.747434 0
lowpoly_plastic.004
0  0.258387 1.570786 2.856751  -0.461022 0.023631 0.887074  0.072317 0.752519 0
0  0.258387 0.542580 2.884142  -0.461022 0.023631 0.887074  0.072316 0.751928 0
0  0.313659 0.540587 2.912920  -0.461022 0.023631 0.887074  0.072348 0.751925 0
lowpoly_plastic.004
0  0.464198 -1.429445 -0.111627  0.250738 -0.906619 0.339371  0.073702 0.749948 0
0  0.464198 -0.891198 1.326280  0.250738 -0.906619 0.339371  0.073675 0.749086 0
0  0.039428 -1.001000 1.346781  0.250738 -0.906619 0.339371  0.073911 0.749110 0
lowpoly_plastic.004
0  0.464198 -2.227143 -1.454513  0.250101 -0.832431 0.494478  0.073708 0.750847 0
0  0.464198 -1.429445 -0.111627  0.250101 -0.832431 0.494478  0.073702 0.749948 0
0  0.039428 -1.530612 -0.067094  0.250101 -0.832431 0.494478  0.073936 0.749959 0
lowpoly_plastic.004
0  -0.385342 -1.320686 -0.173100  -1.000000 0.000000 -0.000000  0.070329 0.749638 0
0  -0.385342 -1.429445 -0.111627  -1.000000 0.000000 -0.000000  0.070257 0.749640 0
0  -0.385342 -1.025973 0.555856  -1.000000 0.000000 -0.000000  0.070260 0.749190 0
lowpoly_plastic.004
0  0.039428 -3.975813 -2.802163  0.364636 -0.504322 0.782751  0.073899 0.752052 0
0  0.464198 -3.896214 -2.948753  0.364636 -0.504322 0.782751  0.073667 0.752097 0
0  0.464198 -3.309069 -2.570458  0.364636 -0.504322 0.782751  0.073688 0.751728 0
lowpoly_plastic.004
0  -0.385342 -3.896214 -2.948753  -1.000000 -0.000000 -0.000000  0.069873 0.751773 0
0  -0.385342 -3.309069 -2.570458  -1.000000 -0.000000 -0.000000  0.070052 0.751412 0
0  -0.385342 -3.248099 -2.806606  -1.000000 -0.000000 -0.000000  0.070151 0.751511 0
lowpoly_plastic.004
0  -0.385342 -3.309069 -2.570458  -0.318275 -0.628397 0.709802  0.074173 0.751728 0
0  0.039428 -3.360559 -2.425576  -0.318275 -0.628397 0.709802  0.073921 0.751675 0
0  0.039428 -2.823985 -1.950541  -0.318275 -0.628397 0.709802  0.073935 0.751275 0
lowpoly_plastic.004
0  0.598627 -3.632990 -3.413073  0.928968 -0.182756 0.321899  0.069456 0.751914 0
0  0.598627 -3.022202 -3.066303  0.928968 -0.182756 0.321899  0.069253 0.751565 0
0  0.464198 -3.248099 -2.806606  0.928968 -0.182756 0.321899  0.069446 0.751501 0
lowpoly_plastic.004
0  -0.385342 -0.799477 1.659935  -1.000000 0.000000 0.000001  0.070047 0.748577 0
0  -0.385342 -0.430050 1.646252  -1.000000 0.000000 0.000001  0.070233 0.748474 0
0  -0.385342 -0.563068 1.304297  -1.000000 0.000000 0.000001  0.070268 0.748683 0
lowpoly_plastic.004
0  0.598627 -0.489887 0.353948  0.928683 -0.344543 0.137254  0.068985 0.749126 0
0  0.464198 -0.829193 0.411770  0.928683 -0.344543 0.137254  0.069176 0.749196 0
0  0.464198 -1.083615 -0.226897  0.928683 -0.344543 0.137254  0.069118 0.749588 0
lowpoly_plastic.004
0  -0.519771 1.299696 0.404890  -0.432356 0.819710 -0.375692  0.071647 0.748038 0
0  -0.262189 1.406311 0.341076  -0.432356 0.819710 -0.375692  0.071796 0.748050 0
0  -0.222243 0.426943 -1.841745  -0.432356 0.819710 -0.375692  0.071821 0.749391 0
lowpoly_metal.005
0  0.696150 -3.694273 -3.450524  0.926462 -0.325924 -0.188258  0.069472 0.751950 0
0  0.656799 -3.778528 -3.498310  0.926462 -0.325924 -0.188258  0.069502 0.751999 0
0  0.656799 -2.911120 -5.000025  0.926462 -0.325924 -0.188258  0.068636 0.752495 0
lowpoly_metal.005
0  0.467427 -2.640609 -5.180544  0.000001 0.484053 -0.875039  0.072216 0.751866 0
0  0.494129 -2.756611 -5.244714  0.000001 0.484053 -0.875039  0.072232 0.751925 0
0  -0.415273 -2.756610 -5.244715  0.000001 0.484053 -0.875039  0.071707 0.751925 0
lowpoly_plastic.004
0  -0.385342 -0.430050 1.646252  -0.899199 -0.428202 0.089911  0.070233 0.748474 0
0  -0.519771 -0.147278 1.648533  -0.899199 -0.428202 0.089911  0.070379 0.748390 0
0  -0.519772 -0.248340 1.167218  -0.899199 -0.428202 0.089911  0.070470 0.748658 0
lowpoly_plastic.004
0  0.464198 -0.799477 1.659935  1.000000 0.000000 0.000000  0.069523 0.748566 0
0  0.464198 -0.806082 1.297908  1.000000 0.000000 0.000000  0.069421 0.748748 0
0  0.464198 -0.563068 1.304297  1.000000 0.000000 0.000000  0.069302 0.748674 0
lowpoly_metal.005
0  -0.130199 -4.083114 -2.981934  0.000000 -0.793724 0.608278  0.071833 0.752509 0
0  -0.115573 -4.117351 -3.026608  0.000000 -0.793724 0.608278  0.071801 0.752500 0
0  0.194429 -4.117351 -3.026608  0.000000 -0.793724 0.608278  0.071801 0.752323 0
lowpoly_metal.005
0  0.224591 -3.834468 -3.418015  0.016463 -0.859787 -0.510388  0.072597 0.750455 0
0  0.656799 -3.778528 -3.498310  0.016463 -0.859787 -0.510388  0.072348 0.750512 0
0  0.515663 -4.077913 -2.998526  0.016463 -0.859787 -0.510388  0.072429 0.750178 0
lowpoly_plastic.004
0  -0.519771 -3.022202 -3.066303  -1.000000 0.000000 -0.000000  0.070346 0.751574 0
0  -0.519771 -2.327450 -2.517054  -1.000000 0.000000 -0.000000  0.070527 0.751096 0
0  -0.519771 -1.249251 -3.781900  -1.000000 0.000000 -0.000000  0.071431 0.751404 0
lowpoly_plastic.004
0  0.598627 -0.489887 0.353948  1.000000 0.000000 0.000000  0.068985 0.749126 0
0  0.598627 -0.812466 -0.437427  1.000000 0.000000 0.000000  0.068916 0.749614 0
0  0.598627 0.307974 -1.710809  1.000000 0.000000 0.000000  0.067991 0.749923 0
lowpoly_plastic.004
0  -0.251067 1.323565 0.527731  0.999877 0.015548 -0.002167  0.071793 0.781360 0
0  -0.251067 1.622407 2.672054  0.999877 0.015548 -0.002167  0.071811 0.780112 0
0  -0.222013 -0.252806 2.623074  0.999877 0.015548 -0.002167  0.072872 0.780307 0
lowpoly_plastic.004
0  -0.262189 1.913987 1.657552  -0.982219 -0.056539 0.179022  0.071381 0.747775 0
0  -0.296021 1.940257 1.480227  -0.982219 -0.056539 0.179022  0.071447 0.747855 0
0  -0.296021 1.816523 1.441149  -0.982219 -0.056539 0.179022  0.071398 0.747911 0
lowpoly_plastic.004
0  -0.519771 1.583417 1.563416  -1.000000 0.000000 -0.000000  0.071258 0.747921 0
0  -0.519771 1.299696 0.404890  -1.000000 0.000000 -0.000000  0.071458 0.748578 0
0  -0.519772 -0.248340 1.167218  -1.000000 0.000000 -0.000000  0.070470 0.748658 0
lowpoly_metal.005
0  -0.129569 -3.008732 -4.949992  0.000000 -0.914204 -0.405254  0.072801 0.751445 0
0  -0.212017 -3.189828 -4.541462  0.000000 -0.914204 -0.405254  0.072849 0.751195 0
0  -0.305979 -3.189828 -4.541462  0.000000 -0.914204 -0.405254  0.072903 0.751195 0
lowpoly_metal.005
0  0.598627 -2.758183 -4.910489  0.592920 0.695302 0.406203  0.068588 0.752407 0
0  0.598627 -3.632990 -3.413073  0.592920 0.695302 0.406203  0.069456 0.751914 0
0  0.696150 -3.694273 -3.450524  0.592920 0.695302 0.406203  0.069472 0.751950 0
lowpoly_metal.005
0  -0.305854 -3.249837 -4.436844  0.686099 -0.631784 -0.360717  0.072903 0.751126 0
0  -0.304911 -3.708785 -3.631216  0.686099 -0.631784 -0.360717  0.072902 0.750597 0
0  -0.359911 -3.753805 -3.656977  0.686099 -0.631784 -0.360717  0.073392 0.751257 0
lowpoly_plastic.004
0  0.374876 1.940257 1.480227  0.000000 0.951709 -0.307002  0.072163 0.747326 0
0  -0.296021 1.940257 1.480227  0.000000 0.951709 -0.307002  0.071776 0.747326 0
0  -0.262189 1.973095 1.582025  0.000000 0.951709 -0.307002  0.071796 0.747265 0
lowpoly_plastic.004
0  0.598627 -2.327450 -2.517054  0.928545 -0.234317 0.287922  0.069067 0.751089 0
0  0.464198 -2.596725 -2.302664  0.928545 -0.234317 0.287922  0.069268 0.751061 0
0  0.464198 -3.137940 -2.743117  0.928545 -0.234317 0.287922  0.069410 0.751438 0
lowpoly_plastic.004
0  0.359344 0.349032 2.788468  -0.003538 -0.017773 0.999836  0.073271 0.752576 0
0  0.300867 0.348838 2.788257  -0.003538 -0.017773 0.999836  0.073237 0.752576 0
0  0.300867 -0.113219 2.780044  -0.003538 -0.017773 0.999836  0.073236 0.752312 0
lowpoly_plastic.004
0  0.598627 -3.022202 -3.066303  1.000000 0.000000 0.000000  0.069253 0.751565 0
0  0.598627 -2.758183 -4.910489  1.000000 0.000000 0.000000  0.068588 0.752407 0
0  0.598627 -1.249251 -3.781900  1.000000 0.000000 0.000000  0.068165 0.751407 0
lowpoly_plastic.004
0  -0.298482 -0.705980 2.008838  -0.709180 -0.704748 0.019852  0.073045 0.752356 0
0  -0.147734 -0.854207 2.131981  -0.709180 -0.704748 0.019852  0.072981 0.752256 0
0  -0.147734 -0.845085 2.455800  -0.709180 -0.704748 0.019852  0.072931 0.751967 0
lowpoly_metal.005
0  0.290873 -3.189828 -4.541462  0.000000 -0.466984 -0.884266  0.072559 0.751195 0
0  0.384835 -3.189828 -4.541462  0.000000 -0.466984 -0.884266  0.072505 0.751195 0
0  0.421517 -3.275609 -4.496161  0.000000 -0.466984 -0.884266  0.072484 0.751144 0
lowpoly_metal.005
0  -0.617294 -2.811367 -4.953961  -0.776649 0.432257 -0.458225  0.071009 0.752446 0
0  -0.388571 -2.640609 -5.180544  -0.776649 0.432257 -0.458225  0.071149 0.752506 0
0  -0.415273 -2.756610 -5.244715  -0.776649 0.432257 -0.458225  0.071112 0.752573 0
lowpoly_metal.005
0  -0.416150 -3.252295 -4.432559  -0.579806 -0.702706 -0.412345  0.072967 0.751123 0
0  -0.342661 -3.275609 -4.496161  -0.579806 -0.702706 -0.412345  0.072924 0.751144 0
0  -0.359911 -3.753805 -3.656977  -0.579806 -0.702706 -0.412345  0.072934 0.750593 0
lowpoly_plastic.004
0  -0.519771 0.307974 -1.710809  -1.000000 0.000000 -0.000000  0.071591 0.749919 0
0  -0.519771 -0.812466 -0.437427  -1.000000 0.000000 -0.000000  0.070664 0.749619 0
0  -0.519772 -0.489887 0.353948  -1.000000 0.000000 -0.000000  0.070590 0.749132 0
lowpoly_metal.005
0  -0.130199 -4.083114 -2.981934  -0.958709 -0.260398 -0.114320  0.071864 0.752315 0
0  -0.145735 -3.834468 -3.418015  -0.958709 -0.260398 -0.114320  0.071864 0.752604 0
0  -0.129769 -3.890145 -3.425087  -0.958709 -0.260398 -0.114320  0.071833 0.752591 0
lowpoly_metal.005
0  0.209056 -4.083114 -2.981935  0.958709 -0.260399 -0.114321  0.073271 0.752312 0
0  0.194429 -4.117351 -3.026608  0.958709 -0.260399 -0.114321  0.073301 0.752324 0
0  0.208625 -3.890145 -3.425087  0.958709 -0.260399 -0.114321  0.073301 0.752588 0
lowpoly_plastic.004
0  0.226590 -0.845085 2.455800  0.000000 -0.780032 0.625740  0.072931 0.751753 0
0  0.377338 -0.731885 2.596912  0.000000 -0.780032 0.625740  0.073035 0.751668 0
0  -0.298482 -0.731885 2.596912  0.000000 -0.780032 0.625740  0.073035 0.752055 0
lowpoly_plastic.004
0  -0.385342 -0.430050 1.646252  -0.548963 -0.374782 0.747113  0.071689 0.752429 0
0  -0.298482 -0.412718 1.718769  -0.548963 -0.374782 0.747113  0.071626 0.752447 0
0  -0.460714 -0.171450 1.720594  -0.548963 -0.374782 0.747113  0.070343 0.748361 0
lowpoly_plastic.004
0  0.374876 1.644715 1.398132  0.000000 0.975498 -0.220010  0.006861 0.764291 0
0  0.341044 1.406311 0.341076  0.000000 0.975498 -0.220010  0.006841 0.764908 0
0  -0.262189 1.406311 0.341076  0.000000 0.975498 -0.220010  0.006494 0.764908 0
lowpoly_plastic.004
0  -0.385342 -3.309069 -2.570458  -0.364636 -0.504323 0.782751  0.074173 0.751728 0
0  -0.385342 -3.896214 -2.948753  -0.364636 -0.504323 0.782751  0.074153 0.752097 0
0  0.039428 -3.975813 -2.802163  -0.364636 -0.504323 0.782751  0.073899 0.752052 0
lowpoly_metal.005
0  -0.519771 -2.758183 -4.910489  -0.571250 0.707756 0.415637  0.071018 0.752408 0
0  -0.617294 -2.811367 -4.953961  -0.571250 0.707756 0.415637  0.071009 0.752446 0
0  -0.617294 -3.694273 -3.450524  -0.571250 0.707756 0.415637  0.070132 0.751963 0
lowpoly_plastic.004
0  0.039428 -0.945424 1.682739  -0.326584 -0.911360 0.250531  0.073900 0.748931 0
0  -0.385342 -0.799477 1.659935  -0.326584 -0.911360 0.250531  0.074153 0.748896 0
0  -0.385342 -0.891198 1.326280  -0.326584 -0.911360 0.250531  0.074161 0.749085 0
lowpoly_metal.005
0  -0.617294 -3.694273 -3.450524  -0.940924 -0.291991 -0.171475  0.070132 0.751963 0
0  -0.617294 -2.811367 -4.953961  -0.940924 -0.291991 -0.171475  0.071009 0.752446 0
0  -0.577943 -2.911120 -5.000025  -0.940924 -0.291991 -0.171475  0.070972 0.752498 0
lowpoly_metal.005
0  -0.385342 -3.896214 -2.948753  -0.196121 0.296899 0.934552  0.072070 0.751982 0
0  -0.483801 -4.011253 -2.932868  -0.196121 0.296899 0.934552  0.072137 0.751925 0
0  0.039428 -4.071566 -2.803906  -0.196121 0.296899 0.934552  0.072180 0.752227 0
lowpoly_metal.005
0  0.416149 -2.602931 -5.106598  0.000000 0.891009 -0.453986  0.072187 0.751818 0
0  0.467427 -2.640609 -5.180544  0.000000 0.891009 -0.453986  0.072216 0.751866 0
0  -0.388571 -2.640609 -5.180544  0.000000 0.891009 -0.453986  0.071723 0.751866 0
lowpoly_metal.005
0  -0.617294 -3.694273 -3.450524  -0.611080 0.595082 0.521975  0.070132 0.751963 0
0  -0.483801 -4.011253 -2.932868  -0.611080 0.595082 0.521975  0.069817 0.751799 0
0  -0.385342 -3.896214 -2.948753  -0.611080 0.595082 0.521975  0.073165 0.752312 0
lowpoly_metal.005
0  -0.577943 -3.778528 -3.498310  -0.848175 -0.524433 -0.074630  0.070102 0.752011 0
0  -0.436807 -4.077913 -2.998526  -0.848175 -0.524433 -0.074630  0.069801 0.751851 0
0  -0.483801 -4.011253 -2.932868  -0.848175 -0.524433 -0.074630  0.069817 0.751799 0
lowpoly_metal.005
0  0.224591 -3.834468 -3.418015  0.000000 0.126014 -0.992028  0.072597 0.750455 0
0  0.208625 -3.890145 -3.425087  0.000000 0.126014 -0.992028  0.072606 0.750439 0
0  -0.129769 -3.890145 -3.425087  0.000000 0.126014 -0.992028  0.072801 0.750439 0
lowpoly_plastic.004
0  0.464198 -3.896214 -2.948753  1.000000 0.000000 0.000000  0.069727 0.751760 0
0  0.464198 -3.787957 -3.149435  1.000000 0.000000 0.000000  0.069615 0.751829 0
0  0.464198 -3.248099 -2.806606  1.000000 0.000000 0.000000  0.069446 0.751501 0
lowpoly_metal.005
0  0.039428 -4.071566 -2.803906  0.222214 -0.791340 0.569564  0.072276 0.752215 0
0  0.039428 -4.133634 -2.890142  0.222214 -0.791340 0.569564  0.072214 0.752215 0
0  0.515663 -4.077913 -2.998526  0.222214 -0.791340 0.569564  0.072180 0.751950 0
lowpoly_metal.005
0  0.696150 -3.694273 -3.450524  0.588559 0.618273 0.520900  0.073123 0.752511 0
0  0.598627 -3.632990 -3.413073  0.588559 0.618273 0.520900  0.073060 0.752498 0
0  0.464198 -3.896214 -2.948753  0.588559 0.618273 0.520900  0.069727 0.751760 0
lowpoly_metal.005
0  0.495006 -3.252295 -4.432559  0.686090 -0.632598 -0.359305  0.072441 0.751123 0
0  0.493768 -3.708913 -3.630992  0.686090 -0.632598 -0.359305  0.072442 0.750597 0
0  0.438768 -3.753805 -3.656978  0.686090 -0.632598 -0.359305  0.072474 0.750593 0
lowpoly_metal.005
0  0.598627 -2.758183 -4.910489  0.515705 0.848481 0.118860  0.072292 0.751746 0
0  0.696150 -2.811367 -4.953961  0.515705 0.848481 0.118860  0.072348 0.751781 0
0  0.467427 -2.640609 -5.180544  0.515705 0.848481 0.118860  0.072216 0.751866 0
lowpoly_plastic.004
0  0.174475 -0.934022 2.348621  0.000000 -0.769561 0.638574  0.072851 0.751782 0
0  0.226590 -0.845085 2.455800  0.000000 -0.769561 0.638574  0.072931 0.751753 0
0  -0.147734 -0.845085 2.455800  0.000000 -0.769561 0.638574  0.072931 0.751967 0
lowpoly_metal.005
0  -0.304911 -3.708785 -3.631216  0.000000 -0.861456 -0.507833  0.072902 0.750597 0
0  0.383767 -3.708785 -3.631216  0.000000 -0.861456 -0.507833  0.072505 0.750597 0
0  0.224591 -3.834468 -3.418015  0.000000 -0.861456 -0.507833  0.072597 0.750455 0
lowpoly_metal.005
0  -0.145735 -3.834468 -3.418015  0.012086 -0.868460 -0.495612  0.072811 0.750455 0
0  -0.130199 -4.083114 -2.981934  0.012086 -0.868460 -0.495612  0.072802 0.750169 0
0  -0.436807 -4.077913 -2.998526  0.012086 -0.868460 -0.495612  0.072978 0.750178 0
lowpoly_plastic.004
0  0.598627 1.583417 1.563416  0.418620 0.882095 -0.216023  0.072292 0.747357 0
0  0.598627 1.299696 0.404890  0.418620 0.882095 -0.216023  0.072292 0.748038 0
0  0.341044 1.406311 0.341076  0.418620 0.882095 -0.216023  0.068050 0.748584 0
lowpoly_plastic.004
0  0.397449 1.702232 2.678460  0.877334 0.159622 0.452554  0.068577 0.747333 0
0  0.312174 1.585330 2.885008  0.877334 0.159622 0.452554  0.068699 0.747265 0
0  0.466663 1.416758 2.644971  0.877334 0.159622 0.452554  0.068707 0.747432 0
lowpoly_plastic.004
0  0.464198 -1.025973 0.555856  1.000000 0.000000 -0.000000  0.069316 0.749182 0
0  0.464198 -0.784182 0.530681  1.000000 0.000000 -0.000000  0.069188 0.749124 0
0  0.464198 -0.592280 1.180555  1.000000 0.000000 -0.000000  0.069281 0.748744 0
lowpoly_metal.005
0  0.494129 -2.756611 -5.244714  0.776649 0.432254 -0.458228  0.068495 0.752573 0
0  0.467427 -2.640609 -5.180544  0.776649 0.432254 -0.458228  0.068457 0.752508 0
0  0.696150 -2.811367 -4.953961  0.776649 0.432254 -0.458228  0.068598 0.752443 0
lowpoly_plastic.004
0  -0.385342 -0.799477 1.659935  -0.963762 0.187594 0.189659  0.070047 0.748577 0
0  -0.298482 -0.705980 2.008838  -0.963762 0.187594 0.189659  0.069986 0.748376 0
0  -0.298482 -0.412718 1.718769  -0.963762 0.187594 0.189659  0.073236 0.752535 0
lowpoly_plastic.004
0  0.039428 -1.001000 1.346781  -0.250738 -0.906619 0.339372  0.073911 0.749110 0
0  -0.385342 -0.891198 1.326280  -0.250738 -0.906619 0.339372  0.074161 0.749085 0
0  -0.385342 -1.429445 -0.111627  -0.250738 -0.906619 0.339372  0.074187 0.749947 0
lowpoly_plastic.004
0  -0.222013 -0.113219 2.780044  0.003541 -0.017773 0.999836  0.071626 0.752315 0
0  -0.222013 0.348838 2.788257  0.003541 -0.017773 0.999836  0.071625 0.752579 0
0  -0.280489 0.349032 2.788468  0.003541 -0.017773 0.999836  0.071591 0.752579 0
lowpoly_plastic.004
0  -0.222013 0.348838 2.788257  0.419840 -0.474852 0.773466  0.071768 0.752432 0
0  -0.179533 0.542579 2.884142  0.419840 -0.474852 0.773466  0.071769 0.752323 0
0  -0.234804 0.540587 2.912920  0.419840 -0.474852 0.773466  0.071801 0.752315 0
lowpoly_plastic.004
0  -0.234804 0.540587 2.912920  0.461021 0.023631 0.887075  0.072276 0.751925 0
0  -0.179533 0.542579 2.884142  0.461021 0.023631 0.887075  0.072307 0.751928 0
0  -0.179533 1.570786 2.856751  0.461021 0.023631 0.887075  0.072307 0.752519 0
lowpoly_metal.005
0  -0.212017 -3.189828 -4.541462  0.000000 -0.466980 -0.884268  0.072849 0.751195 0
0  -0.162669 -3.275609 -4.496161  0.000000 -0.466980 -0.884268  0.072820 0.751144 0
0  -0.342661 -3.275609 -4.496161  0.000000 -0.466980 -0.884268  0.072924 0.751144 0
lowpoly_plastic.004
0  0.329922 1.701419 2.677321  -0.432973 0.802084 0.411333  0.072722 0.751755 0
0  0.258387 1.570786 2.856751  -0.432973 0.802084 0.411333  0.072681 0.751687 0
0  0.312174 1.585330 2.885008  -0.432973 0.802084 0.411333  0.072712 0.751668 0
lowpoly_plastic.004
0  0.464198 -3.309069 -2.570458  1.000000 0.000000 -0.000000  0.069545 0.751401 0
0  0.464198 -3.137940 -2.743117  1.000000 0.000000 -0.000000  0.069410 0.751438 0
0  0.464198 -2.596725 -2.302664  1.000000 0.000000 -0.000000  0.069268 0.751061 0
lowpoly_metal.005
0  -0.388571 -2.640609 -5.180544  -0.515705 0.848482 0.118859  0.071723 0.751866 0
0  -0.617294 -2.811367 -4.953961  -0.515705 0.848482 0.118859  0.071591 0.751781 0
0  -0.519771 -2.758183 -4.910489  -0.515705 0.848482 0.118859  0.071647 0.751746 0
lowpoly_plastic.004
0  -0.281716 -0.252998 2.624278  0.015801 -0.747177 0.664437  0.072377 0.752377 0
0  -0.222013 -0.252806 2.623074  0.015801 -0.747177 0.664437  0.072348 0.752360 0
0  -0.222013 -0.113219 2.780044  0.015801 -0.747177 0.664437  0.072414 0.752260 0
lowpoly_plastic.004
0  0.300867 -0.113219 2.780044  -0.015798 -0.747177 0.664437  0.072541 0.752260 0
0  0.300867 -0.252806 2.623074  -0.015798 -0.747177 0.664437  0.072541 0.752379 0
0  0.360572 -0.252998 2.624278  -0.015798 -0.747177 0.664437  0.072506 0.752380 0
lowpoly_metal.005
0  -0.162669 -3.275609 -4.496161  -0.000001 -0.862003 -0.506904  0.072820 0.751144 0
0  -0.129569 -3.008732 -4.949992  -0.000001 -0.862003 -0.506904  0.072801 0.751445 0
0  0.208425 -3.008733 -4.949992  -0.000001 -0.862003 -0.506904  0.072607 0.751445 0
lowpoly_plastic.004
0  -0.251067 1.701419 2.677321  0.000000 -0.066518 0.997785  0.071996 0.785007 0
0  -0.251067 1.622407 2.672054  0.000000 -0.066518 0.997785  0.072041 0.785007 0
0  0.329922 1.622407 2.672054  0.000000 -0.066518 0.997785  0.072041 0.785342 0
lowpoly_plastic.004
0  -0.251067 1.622407 2.672054  0.000000 -0.990428 0.138030  0.072810 0.782877 0
0  -0.251067 1.323565 0.527731  0.000000 -0.990428 0.138030  0.072810 0.784005 0
0  0.329922 1.323565 0.527731  0.000000 -0.990428 0.138030  0.072479 0.783985 0
lowpoly_plastic.004
0  0.329922 1.323565 0.527731  -0.999912 0.012506 -0.004457  0.073060 0.782780 0
0  0.300867 -0.921109 0.747671  -0.999912 0.012506 -0.004457  0.071767 0.782857 0
0  0.300867 -0.252806 2.623074  -0.999912 0.012506 -0.004457  0.071982 0.781730 0
lowpoly_plastic.004
0  0.300867 -0.634688 2.601302  0.000000 0.988271 -0.152707  0.072780 0.784005 0
0  0.300867 -0.921109 0.747671  0.000000 0.988271 -0.152707  0.072780 0.785060 0
0  -0.222013 -0.921109 0.747671  0.000000 0.988271 -0.152707  0.072479 0.785060 0
lowpoly_plastic.004
0  0.466663 1.416758 2.644971  0.845697 0.015454 0.533439  0.068707 0.747432 0
0  0.312174 1.585330 2.885008  0.845697 0.015454 0.533439  0.068699 0.747265 0
0  0.313659 0.540587 2.912920  0.845697 0.015454 0.533439  0.069226 0.747554 0
lowpoly_plastic.004
0  0.359344 0.349032 2.788468  0.825119 -0.006665 0.564920  0.069283 0.747671 0
0  0.361229 -0.113436 2.780258  0.825119 -0.006665 0.564920  0.069510 0.747809 0
0  0.466663 -0.151257 2.625816  0.825119 -0.006665 0.564920  0.069480 0.747897 0
lowpoly_plastic.004
0  0.466663 1.416758 2.644971  0.917189 -0.038893 0.396549  0.068707 0.747432 0
0  0.313659 0.540587 2.912920  0.917189 -0.038893 0.396549  0.069226 0.747554 0
0  0.359344 0.349032 2.788468  0.917189 -0.038893 0.396549  0.069283 0.747671 0
lowpoly_plastic.004
0  0.341044 1.406311 0.341076  0.432674 0.816319 -0.382645  0.072143 0.748050 0
0  0.598627 1.299696 0.404890  0.432674 0.816319 -0.382645  0.072292 0.748038 0
0  0.598627 0.307974 -1.710809  0.432674 0.816319 -0.382645  0.072292 0.749382 0
lowpoly_plastic.004
0  -0.225215 -1.159876 -3.912595  0.000000 0.793760 -0.608231  0.071817 0.750833 0
0  -0.222243 0.426943 -1.841745  0.000000 0.793760 -0.608231  0.071821 0.749391 0
0  0.301098 0.426943 -1.841745  0.000000 0.793760 -0.608231  0.072120 0.749387 0
lowpoly_plastic.004
0  -0.222243 0.426943 -1.841745  -0.454764 0.707247 -0.541286  0.071821 0.749391 0
0  -0.225215 -1.159876 -3.912595  -0.454764 0.707247 -0.541286  0.071817 0.750833 0
0  -0.519771 -1.249251 -3.781900  -0.454764 0.707247 -0.541286  0.071647 0.750822 0
lowpoly_plastic.004
0  0.598627 -1.249251 -3.781900  0.454763 0.707248 -0.541286  0.072292 0.750822 0
0  0.304070 -1.159876 -3.912595  0.454763 0.707248 -0.541286  0.072121 0.750835 0
0  0.301098 0.426943 -1.841745  0.454763 0.707248 -0.541286  0.072120 0.749387 0
lowpoly_plastic.004
0  -0.225215 -1.159876 -3.912595  0.000000 0.637488 -0.770460  0.071939 0.750978 0
0  0.304070 -1.159876 -3.912595  0.000000 0.637488 -0.770460  0.072000 0.750978 0
0  0.416149 -2.602931 -5.106598  0.000000 0.637488 -0.770460  0.072187 0.751818 0
lowpoly_plastic.004
0  0.301098 0.426943 -1.841745  -0.000000 0.912375 -0.409356  0.071989 0.749240 0
0  -0.222243 0.426943 -1.841745  -0.000000 0.912375 -0.409356  0.071950 0.749240 0
0  -0.262189 1.406311 0.341076  -0.000000 0.912375 -0.409356  0.071796 0.748050 0
lowpoly_plastic.004
0  0.155837 1.274689 1.952151  0.467722 0.721018 0.511243  0.885492 0.508840 0
0  0.250893 1.207539 1.959890  0.467722 0.721018 0.511243  0.885492 0.508840 0
0  0.352752 1.235100 1.827832  0.467722 0.721018 0.511243  0.885492 0.508840 0
lowpoly_plastic.004
0  -0.310208 -0.264668 2.000680  0.000001 0.114492 0.993424  0.885492 0.508840 0
0  -0.252869 -0.409774 2.017404  0.000001 0.114492 0.993424  0.885492 0.508840 0
0  0.332148 -0.409757 2.017402  0.000001 0.114492 0.993424  0.885492 0.508840 0
lowpoly_plastic.004
0  0.250893 1.207539 1.959890  0.782478 0.071791 0.618526  0.885492 0.508840 0
0  0.251508 0.256880 2.069453  0.782478 0.071791 0.618526  0.885492 0.508840 0
0  0.353410 0.216914 1.945178  0.782478 0.071791 0.618526  0.885492 0.508840 0
lowpoly_plastic.004
0  0.060826 1.207564 1.959887  -0.782477 0.070847 0.618635  0.885492 0.508840 0
0  -0.041085 1.235085 1.827834  -0.782477 0.070847 0.618635  0.885492 0.508840 0
0  -0.040427 0.093859 1.959360  -0.782477 0.070847 0.618635  0.885492 0.508840 0
lowpoly_plastic.004
0  0.251508 0.256880 2.069453  0.000000 0.114492 0.993424  0.885492 0.508840 0
0  0.250893 1.207539 1.959890  0.000000 0.114492 0.993424  0.885492 0.508840 0
0  0.060826 1.207564 1.959887  0.000000 0.114492 0.993424  0.885492 0.508840 0
lowpoly_plastic.004
0  0.155837 1.274689 1.952151  -0.467753 0.720996 0.511246  0.885492 0.508840 0
0  0.155834 1.374207 1.811800  -0.467753 0.720996 0.511246  0.885492 0.508840 0
0  -0.041085 1.235085 1.827834  -0.467753 0.720996 0.511246  0.885492 0.508840 0
lowpoly_plastic.004
0  -0.040427 0.093859 1.959360  -0.000000 0.114492 0.993424  0.885492 0.508840 0
0  -0.041085 1.235085 1.827834  -0.000000 0.114492 0.993424  0.885492 0.508840 0
0  -0.388503 1.514725 1.795605  -0.000000 0.114492 0.993424  0.885492 0.508840 0
lowpoly_plastic.004
0  0.133832 0.092414 2.088408  0.647684 -0.387837 0.655811  0.885492 0.508840 0
0  0.156492 -0.058303 1.976897  0.647684 -0.387837 0.655811  0.885492 0.508840 0
0  0.353410 0.216914 1.945178  0.647684 -0.387837 0.655811  0.885492 0.508840 0
lowpoly_plastic.004
0  0.133832 0.092414 2.088408  -0.494548 -0.563775 0.661498  0.885492 0.508840 0
0  0.061436 0.148355 2.081961  -0.494548 -0.563775 0.661498  0.885492 0.508840 0
0  -0.040427 0.093859 1.959360  -0.494548 -0.563775 0.661498  0.885492 0.508840 0
lowpoly_plastic.004
0  -0.252869 -0.409774 2.017404  0.000002 0.050950 0.998701  0.885492 0.508840 0
0  -0.252869 -0.770029 2.035783  0.000002 0.050950 0.998701  0.885492 0.508840 0
0  0.332148 -0.770013 2.035780  0.000002 0.050950 0.998701  0.885492 0.508840 0
end
