version 1
nodes
0 "ValveBiped.Bip01_Spine4" -1
1 "ValveBiped.Bip01_L_Clavicle" 0
2 "ValveBiped.Bip01_L_UpperArm" 1
3 "ValveBiped.Bip01_L_Forearm" 2
4 "ValveBiped.Bip01_L_Hand" 3
5 "ValveBiped.Bip01_L_Finger4" 4
6 "ValveBiped.Bip01_L_Finger41" 5
7 "ValveBiped.Bip01_L_Finger42" 6
8 "ValveBiped.Bip01_L_Finger3" 4
9 "ValveBiped.Bip01_L_Finger31" 8
10 "ValveBiped.Bip01_L_Finger32" 9
11 "ValveBiped.Bip01_L_Finger2" 4
12 "ValveBiped.Bip01_L_Finger21" 11
13 "ValveBiped.Bip01_L_Finger22" 12
14 "ValveBiped.Bip01_L_Finger1" 4
15 "ValveBiped.Bip01_L_Finger11" 14
16 "ValveBiped.Bip01_L_Finger12" 15
17 "ValveBiped.Bip01_L_Finger0" 4
18 "ValveBiped.Bip01_L_Finger01" 17
19 "ValveBiped.Bip01_L_Finger02" 18
20 "ValveBiped.Bip01_L_Ulna" 3
21 "ValveBiped.Bip01_L_Wrist" 3
22 "rig_l_upperarm" 1
23 "rig_l_forearm" 22
24 "rig_d_l_forearm" 23
25 "rig_d_l_upperarm" 22
26 "ValveBiped.Bip01_R_Clavicle" 0
27 "ValveBiped.Bip01_R_UpperArm" 26
28 "ValveBiped.Bip01_R_Forearm" 27
29 "ValveBiped.Bip01_R_Hand" 28
30 "ValveBiped.Bip01_R_Finger4" 29
31 "ValveBiped.Bip01_R_Finger41" 30
32 "ValveBiped.Bip01_R_Finger42" 31
33 "ValveBiped.Bip01_R_Finger3" 29
34 "ValveBiped.Bip01_R_Finger31" 33
35 "ValveBiped.Bip01_R_Finger32" 34
36 "ValveBiped.Bip01_R_Finger2" 29
37 "ValveBiped.Bip01_R_Finger21" 36
38 "ValveBiped.Bip01_R_Finger22" 37
39 "ValveBiped.Bip01_R_Finger1" 29
40 "ValveBiped.Bip01_R_Finger11" 39
41 "ValveBiped.Bip01_R_Finger12" 40
42 "ValveBiped.Bip01_R_Finger0" 29
43 "ValveBiped.Bip01_R_Finger01" 42
44 "ValveBiped.Bip01_R_Finger02" 43
45 "ValveBiped.Bip01_R_Ulna" 28
46 "ValveBiped.Bip01_R_Wrist" 28
47 "rig_r_upperarm" 26
48 "rig_r_forearm" 47
49 "rig_d_r_forearm" 48
50 "rig_d_r_upperarm" 47
51 "rig_r_hand" -1
52 "rig_d_r_hand" 51
53 "rig_d_r_wrist" 52
54 "rig_l_hand" -1
55 "rig_d_l_hand" 54
56 "rig_d_l_wrist" 54
57 "rig_l_pole" -1
58 "rig_r_pole" -1
59 "rig_l_clavicle" -1
60 "rig_d_l_clavicle" 59
61 "rig_r_clavicle" -1
62 "rig_d_r_clavicle" 61
63 "Camera" -1
64 "body" -1
65 "trigger" 64
66 "bullet1" 64
67 "slide" 64
68 "hammer" 64
69 "sliderelease" 64
70 "barrel" 64
71 "slidesg" 64
72 "grip_safety" 64
73 "safety" 64
74 "magrelease" 64
75 "sg_round" -1
76 "mag" -1
77 "bullet2" 76
78 "bullet3" 76
79 "bullet4" 78
80 "bullet5" 78
81 "bullet6" 78
82 "bullet7" 78
83 "bullet8" 78
84 "bullet9" 78
85 "bullet10" 78
86 "springstart" 76
87 "springend" 86
88 "sg_shell" -1
end
skeleton
time 0
0  0.000006 0.000000 0.000000  -1.570800 -1.391899 -1.570792
1  -9.841317 -7.634221 1.937669  -1.544956 -1.855077 -0.198630
2  6.027525 -0.000329 0.000190  -0.046636 -1.482824 -1.947293
3  11.692115 0.000646 -0.000738  -0.990394 0.000005 -0.817278
4  11.480170 0.000508 -0.000561  1.037812 -0.327222 0.409754
5  3.666628 -0.163903 -1.204803  -0.519250 0.086737 -1.532179
6  1.312590 0.000011 0.000008  -0.003664 0.023357 -0.272237
7  0.729355 0.000053 0.000049  -0.003677 0.000626 -0.150723
8  3.942140 0.046331 -0.431543  -0.205965 0.132196 -1.449654
9  1.539111 0.000082 0.000003  -0.000570 0.007396 -0.283198
10  1.196333 0.000147 0.000028  -0.000713 0.000161 -0.519018
11  3.883510 -0.047211 0.431351  -0.042690 0.198097 -1.260493
12  1.719573 -0.000027 0.000017  -0.000644 0.003280 -0.404344
13  1.209178 0.000091 0.000013  -0.000905 0.002861 -0.623854
14  3.859677 -0.138418 1.332380  -0.235831 0.317274 -1.342437
15  1.719448 -0.000017 0.000028  0.001902 0.001157 -0.067177
16  1.099675 0.000049 0.000005  -0.000943 0.002399 -0.620101
17  0.459533 -0.272515 1.494839  -1.528877 -0.394735 -0.263833
18  1.789819 -0.000004 -0.000016  -0.005043 0.002467 0.111593
19  1.207017 -0.000012 -0.000045  -0.005634 -0.000693 0.835388
20  5.740636 0.000389 -0.000700  -0.115682 0.000003 0.000063
21  11.481044 0.000281 -0.000766  -0.089975 -0.063309 0.049805
22  6.027524 -0.000329 0.000201  1.517109 -0.069806 1.851374
23  0.000001 11.692100 -0.000007  -0.599033 -0.156382 -0.496821
24  0.000003 0.000010 -0.000000  -0.121332 -0.000030 1.570739
25  0.000001 -0.000011 0.000000  0.868960 0.000002 1.570712
26  -6.899342 -10.734701 0.826813  1.473120 1.855075 -0.198639
27  6.027517 -0.000263 -0.000216  1.569580 1.238355 -0.683402
28  11.691990 0.000161 0.000859  0.139889 0.000017 -0.998212
29  11.480539 0.000019 0.000828  -1.300323 0.548699 0.509511
30  3.710774 -0.434234 1.096849  0.974897 -0.111756 -2.079603
31  1.312560 0.000030 0.000000  0.008191 -0.088214 -0.285514
32  0.729347 0.000065 -0.000028  -0.132450 -0.134191 -1.087309
33  3.820806 -0.154608 0.327900  0.610805 -0.300364 -1.640271
34  1.539095 0.000003 -0.000002  0.047162 -0.047589 -0.892209
35  1.196302 0.000082 -0.000003  -0.021079 -0.009374 -1.253100
36  3.882446 -0.171892 -0.416804  0.406628 -0.376223 -1.253559
37  1.719567 -0.000082 -0.000004  0.018695 -0.082922 -1.374417
38  1.209193 0.000036 0.000012  0.003361 -0.003782 -0.857658
39  3.859584 -0.149081 -1.331322  0.077206 -0.247323 -0.615712
40  1.719412 -0.000097 -0.000037  0.031501 -0.009834 -1.165718
41  1.099672 0.000020 0.000006  -0.003681 -0.008201 -0.720067
42  0.230504 -0.805067 -1.086893  1.111612 0.594062 -0.578210
43  1.789780 -0.000008 -0.000042  -0.089312 -0.070323 0.368341
44  1.206995 -0.000006 0.000005  0.000678 -0.214508 0.376132
45  5.740573 0.000080 0.000721  0.084682 -0.000013 0.000028
46  11.481052 0.000077 0.000911  0.028369 0.097850 0.073926
47  6.027515 -0.000273 -0.000229  -1.313294 -0.212666 -1.578778
48  -0.000001 11.691974 -0.000007  -0.719350 0.227889 0.590804
49  0.000003 0.000000 0.000000  2.412441 -0.000036 1.570860
50  -0.000007 -0.000014 0.000005  2.272645 -0.000036 1.570861
51  -2.538002 -8.408206 -5.370322  -0.148535 -2.879863 1.246914
52  0.000000 -0.000000 -0.000000  0.008153 -0.000259 0.000009
53  0.000000 0.000000 0.000000  1.565115 0.043565 -0.106862
54  0.162817 -10.241511 -6.033255  -0.543722 -0.024713 -1.962570
55  0.000000 0.000001 0.000001  0.000000 -0.000001 -0.000002
56  0.000031 0.000030 0.000002  -1.571901 -0.044449 -0.106509
57  12.000549 -19.544212 -17.246658  1.570796 -0.000000 0.000000
58  -15.417984 4.000748 -22.641926  1.570796 -0.000000 0.000000
59  1.941978 9.263218 -8.327020  1.570796 -0.000000 0.000000
60  -0.004311 0.001229 -0.000372  0.006898 -0.005534 -0.284229
61  0.826810 11.791080 -4.879054  1.570796 -0.000000 0.000000
62  0.000000 0.000000 0.000000  -0.078727 -3.136056 0.284226
63  -1.923794 -1.699245 -0.756134  1.570796 -0.000000 0.000000
64  -1.915771 -10.889102 -3.861487  1.570796 -0.000000 0.000000
65  -0.008022 0.449004 2.123034  0.000000 -0.000000 0.000000
66  -0.008021 1.798499 0.936337  0.000000 -0.000000 0.000000
67  0.000000 2.151127 2.901127  0.000000 -0.000000 0.000000
68  -0.008023 1.347420 0.085285  0.000000 -0.000000 0.000000
69  0.230628 1.332312 3.105305  0.000000 -0.000000 0.000000
70  -0.008024 2.172907 7.984052  0.000000 -0.000000 0.000000
71  -0.008022 1.228065 5.810777  0.000000 -0.000000 0.000000
72  -0.008023 1.115505 -0.313082  0.000000 -0.000000 0.000000
73  -0.008023 1.345870 0.084164  1.570796 -0.000000 -0.000000
74  -0.008023 0.197514 1.902819  0.000000 -0.000000 0.000000
75  -1.923793 -12.799380 -1.699540  1.570796 -0.000000 0.000000
76  -1.915770 -11.617895 -1.911009  1.570796 -0.000000 0.000000
77  -0.008021 -0.653744 0.060182  0.000000 -0.000000 0.000000
78  -0.008021 -1.155510 -0.087180  0.000000 -0.000000 0.000000
79  0.000000 -0.501765 -0.147367  0.000000 -0.000000 0.000000
80  0.000000 -1.003531 -0.294728  0.000000 -0.000000 0.000000
81  0.000000 -1.505297 -0.442090  0.000000 -0.000000 0.000000
82  0.000000 -2.007061 -0.589454  0.000000 -0.000000 0.000000
83  0.000000 -2.508827 -0.736814  0.000000 -0.000000 0.000000
84  0.000000 -2.772560 -0.939010  0.000000 -0.000000 0.000000
85  0.000000 -3.071457 -1.220325  0.000000 -0.000000 0.000000
86  -0.283371 -4.518086 -0.534134  0.346743 -0.000000 -0.000000
87  0.000000 4.582805 -0.219901  -0.051302 0.000000 0.000000
88  -1.923793 -12.799380 -1.699540  1.570796 -0.000000 0.000000
time 1
0  0.000006 0.000000 0.000000  -1.570800 -1.391899 -1.570792
1  -9.841317 -7.634221 1.937669  -1.544956 -1.855077 -0.198630
2  6.027525 -0.000329 0.000190  -0.535644 -1.467329 -1.452401
3  11.692110 0.000645 -0.000739  -0.990402 0.000002 -0.940522
4  11.479943 0.000432 -0.000677  1.044656 -0.395185 0.418253
5  3.666628 -0.163903 -1.204802  -0.519250 0.086737 -1.532179
6  1.312589 0.000009 0.000008  -0.003664 0.023356 -0.272237
7  0.729355 0.000053 0.000049  -0.003677 0.000626 -0.150723
8  3.942140 0.046332 -0.431542  -0.205965 0.132196 -1.449654
9  1.539110 0.000083 0.000003  -0.000570 0.007396 -0.283198
10  1.196332 0.000146 0.000029  -0.000713 0.000161 -0.519019
11  3.883511 -0.047211 0.431351  -0.042690 0.198097 -1.260493
12  1.719573 -0.000028 0.000017  -0.000644 0.003280 -0.404344
13  1.209180 0.000090 0.000012  -0.000905 0.002861 -0.623853
14  3.859677 -0.138418 1.332380  -0.235831 0.317274 -1.342437
15  1.719448 -0.000019 0.000028  0.001902 0.001157 -0.067177
16  1.099675 0.000049 0.000005  -0.000943 0.002399 -0.620101
17  0.459533 -0.272515 1.494839  -1.528877 -0.394734 -0.263833
18  1.789818 -0.000004 -0.000017  -0.005043 0.002467 0.111593
19  1.207017 -0.000012 -0.000044  -0.005634 -0.000693 0.835388
20  5.740635 0.000389 -0.000699  -0.120247 0.000003 0.000064
21  11.480997 0.000266 -0.000789  -0.084915 -0.076369 0.048478
22  6.027524 -0.000329 0.000201  1.553623 -0.102120 1.856264
23  -0.000001 11.692098 -0.000008  -0.681583 -0.203915 -0.561642
24  0.000002 0.000008 0.000000  -0.121333 -0.000031 1.570738
25  -0.000001 -0.000011 -0.000000  0.868960 0.000002 1.570712
26  -6.899342 -10.734701 0.826813  1.473120 1.855075 -0.198639
27  6.027516 -0.000262 -0.000217  1.558115 1.182766 -0.691965
28  11.691989 0.000161 0.000858  0.139895 0.000022 -1.110311
29  11.480615 0.000023 0.000826  -1.296321 0.570126 0.523979
30  3.710775 -0.434234 1.096849  0.974897 -0.111756 -2.079603
31  1.312561 0.000031 0.000000  0.008191 -0.088214 -0.285514
32  0.729347 0.000067 -0.000028  -0.132450 -0.134191 -1.087309
33  3.820806 -0.154608 0.327899  0.610805 -0.300364 -1.640271
34  1.539095 0.000004 -0.000002  0.047162 -0.047589 -0.892209
35  1.196302 0.000079 -0.000003  -0.021079 -0.009374 -1.253100
36  3.882446 -0.171891 -0.416804  0.406628 -0.376223 -1.253560
37  1.719566 -0.000084 -0.000004  0.018695 -0.082922 -1.374417
38  1.209193 0.000035 0.000011  0.003361 -0.003782 -0.857658
39  3.859586 -0.149081 -1.331322  0.077206 -0.247323 -0.615712
40  1.719414 -0.000097 -0.000037  0.031501 -0.009834 -1.165718
41  1.099673 0.000023 0.000006  -0.003681 -0.008201 -0.720067
42  0.230504 -0.805067 -1.086893  1.111612 0.594062 -0.578210
43  1.789780 -0.000009 -0.000042  -0.089312 -0.070323 0.368341
44  1.206995 -0.000007 0.000005  0.000678 -0.214508 0.376132
45  5.740573 0.000079 0.000721  0.092567 -0.000014 0.000028
46  11.481067 0.000079 0.000910  0.027319 0.102341 0.075783
47  6.027515 -0.000273 -0.000229  -1.271341 -0.250603 -1.586242
48  -0.000000 11.691975 -0.000008  -0.791389 0.277501 0.645198
49  0.000003 0.000001 0.000000  2.412441 -0.000036 1.570860
50  -0.000007 -0.000013 0.000004  2.272645 -0.000036 1.570861
51  -2.542400 -7.755093 -5.464149  -0.128741 -2.841632 1.252644
52  -0.000000 -0.000000 0.000000  0.008153 -0.000259 0.000009
53  0.000000 0.000001 -0.000000  1.565115 0.043565 -0.106862
54  0.182648 -9.584018 -6.033413  -0.522218 -0.061615 -1.952281
55  0.000000 0.000000 0.000001  0.000000 -0.000001 -0.000002
56  0.000030 0.000029 0.000002  -1.571901 -0.044449 -0.106509
57  12.000549 -19.544212 -17.246658  1.570796 -0.000000 0.000000
58  -15.417984 4.000748 -22.641926  1.570796 -0.000000 0.000000
59  1.941978 9.263218 -8.327020  1.570796 -0.000000 0.000000
60  -0.004311 0.001229 -0.000372  0.006898 -0.005534 -0.284229
61  0.826810 11.791080 -4.879054  1.570796 -0.000000 0.000000
62  0.000000 0.000000 0.000000  -0.078727 -3.136056 0.284226
63  -1.923794 -1.699245 -0.756134  1.570796 -0.000000 0.000000
64  -1.902102 -10.162842 -3.848177  1.528485 -0.005746 0.011339
65  -0.008022 0.449003 2.123035  -0.000000 0.000000 0.000000
66  -0.008021 1.798499 0.936337  -0.000000 0.000000 0.000000
67  0.000000 2.151126 0.763484  -0.000000 0.000000 0.000000
68  -0.008023 1.347419 0.085285  -1.051149 0.001216 0.000412
69  0.230627 1.332312 3.105305  -0.000000 0.000000 0.000000
70  -0.008024 2.244750 7.780429  -0.035921 -0.000000 0.000000
71  -0.008022 1.228065 5.810776  -0.000000 0.000000 0.000000
72  -0.008023 1.115504 -0.313082  -0.000000 0.000000 0.000000
73  -0.008023 1.345870 0.084165  1.570796 0.000000 -0.000000
74  -0.008023 0.197513 1.902820  -0.000000 0.000000 0.000000
75  -1.902394 -11.980083 -1.607446  1.528485 -0.005746 0.011339
76  -1.906155 -10.808567 -1.868650  1.528485 -0.005746 0.011339
77  -0.008021 -0.653745 0.060183  -0.000000 0.000000 0.000000
78  -0.008021 -1.155510 -0.087179  -0.000000 0.000000 0.000000
79  0.000000 -0.501765 -0.147366  -0.000000 0.000000 0.000000
80  -0.000000 -1.003531 -0.294728  -0.000000 0.000000 0.000000
81  0.000000 -1.505297 -0.442090  -0.000000 0.000000 0.000000
82  0.000000 -2.007061 -0.589454  -0.000000 0.000000 0.000000
83  0.000000 -2.508827 -0.736814  -0.000000 0.000000 0.000000
84  0.000000 -2.772560 -0.939009  -0.000000 0.000000 0.000000
85  0.000000 -3.071457 -1.220324  -0.000000 0.000000 0.000000
86  -0.283371 -4.518086 -0.534133  0.346743 -0.000000 -0.000000
87  0.000000 4.582804 -0.219900  -0.051302 0.000000 0.000000
88  -1.902394 -11.980083 -1.607446  1.528485 -0.005746 0.011339
time 2
0  0.000006 0.000000 0.000000  -1.570800 -1.391899 -1.570792
1  -9.841317 -7.634221 1.937669  -1.544956 -1.855077 -0.198630
2  6.027525 -0.000329 0.000190  -0.488698 -1.471087 -1.502997
3  11.692111 0.000645 -0.000739  -0.990401 0.000002 -0.926879
4  11.480404 0.000535 -0.000521  1.047043 -0.376163 0.426268
5  3.666627 -0.163904 -1.204802  -0.519250 0.086737 -1.532179
6  1.312590 0.000010 0.000008  -0.003664 0.023357 -0.272237
7  0.729354 0.000054 0.000048  -0.003677 0.000626 -0.150723
8  3.942140 0.046331 -0.431543  -0.205965 0.132196 -1.449654
9  1.539110 0.000084 0.000004  -0.000570 0.007396 -0.283198
10  1.196331 0.000145 0.000028  -0.000713 0.000161 -0.519019
11  3.883512 -0.047212 0.431351  -0.042690 0.198097 -1.260493
12  1.719573 -0.000028 0.000017  -0.000644 0.003280 -0.404344
13  1.209179 0.000090 0.000012  -0.000905 0.002861 -0.623854
14  3.859677 -0.138418 1.332380  -0.235831 0.317274 -1.342437
15  1.719448 -0.000019 0.000029  0.001902 0.001157 -0.067177
16  1.099675 0.000050 0.000006  -0.000943 0.002399 -0.620101
17  0.459534 -0.272515 1.494839  -1.528877 -0.394734 -0.263833
18  1.789819 -0.000004 -0.000017  -0.005043 0.002467 0.111593
19  1.207018 -0.000012 -0.000043  -0.005634 -0.000693 0.835388
20  5.740637 0.000389 -0.000699  -0.118588 0.000003 0.000063
21  11.481090 0.000286 -0.000757  -0.085248 -0.072953 0.051079
22  6.027524 -0.000329 0.000201  1.549640 -0.097529 1.852769
23  -0.000000 11.692099 -0.000007  -0.672564 -0.198397 -0.554637
24  0.000002 0.000010 -0.000000  -0.121333 -0.000031 1.570738
25  0.000000 -0.000010 0.000001  0.868960 0.000002 1.570712
26  -6.899342 -10.734701 0.826813  1.473120 1.855075 -0.198639
27  6.027516 -0.000262 -0.000217  1.558403 1.189128 -0.691812
28  11.691992 0.000162 0.000860  0.139894 0.000022 -1.102049
29  11.480668 0.000049 0.000820  -1.287871 0.577373 0.539090
30  3.710774 -0.434234 1.096849  0.974897 -0.111756 -2.079603
31  1.312560 0.000030 -0.000000  0.008191 -0.088214 -0.285514
32  0.729348 0.000067 -0.000027  -0.132450 -0.134191 -1.087309
33  3.820806 -0.154609 0.327899  0.610805 -0.300364 -1.640271
34  1.539095 0.000004 -0.000001  0.047162 -0.047589 -0.892209
35  1.196303 0.000082 -0.000004  -0.021079 -0.009374 -1.253100
36  3.882445 -0.171893 -0.416804  0.406628 -0.376223 -1.253560
37  1.719566 -0.000084 -0.000005  0.018695 -0.082922 -1.374417
38  1.209194 0.000034 0.000011  0.003361 -0.003782 -0.857658
39  3.859585 -0.149082 -1.331322  0.077206 -0.247323 -0.615712
40  1.719413 -0.000097 -0.000037  0.031501 -0.009834 -1.165718
41  1.099672 0.000023 0.000007  -0.003681 -0.008201 -0.720067
42  0.230503 -0.805067 -1.086893  1.111612 0.594062 -0.578210
43  1.789780 -0.000007 -0.000042  -0.089312 -0.070323 0.368341
44  1.206995 -0.000007 0.000005  0.000678 -0.214508 0.376132
45  5.740573 0.000080 0.000720  0.094096 -0.000014 0.000028
46  11.481078 0.000085 0.000909  0.027828 0.104307 0.077941
47  6.027515 -0.000273 -0.000229  -1.276387 -0.246534 -1.585115
48  -0.000002 11.691974 -0.000009  -0.786143 0.273717 0.641292
49  0.000004 0.000000 -0.000000  2.412441 -0.000036 1.570860
50  -0.000008 -0.000012 0.000004  2.272645 -0.000036 1.570861
51  -2.514212 -7.799974 -5.422141  -0.125517 -2.851891 1.239447
52  0.000000 0.000000 -0.000000  0.008153 -0.000259 0.000009
53  -0.000000 -0.000000 0.000000  1.565115 0.043565 -0.106862
54  0.191766 -9.657217 -5.990681  -0.519780 -0.051182 -1.964678
55  0.000000 0.000000 0.000000  0.000000 -0.000001 -0.000002
56  0.000030 0.000029 0.000001  -1.571901 -0.044449 -0.106509
57  12.000549 -19.544212 -17.246658  1.570796 -0.000000 0.000000
58  -15.417984 4.000748 -22.641926  1.570796 -0.000000 0.000000
59  1.941978 9.263218 -8.327020  1.570796 -0.000000 0.000000
60  -0.004311 0.001229 -0.000372  0.006898 -0.005534 -0.284229
61  0.826810 11.791080 -4.879054  1.570796 -0.000000 0.000000
62  0.000000 0.000000 0.000000  -0.078727 -3.136056 0.284226
63  -1.923794 -1.699245 -0.756134  1.570796 -0.000000 0.000000
64  -1.913526 -10.229376 -3.823458  1.537192 -0.011989 -0.000998
65  -0.008021 0.449004 2.123032  0.000000 -0.000000 0.000000
66  -0.008022 1.968138 1.857530  0.024974 -0.000000 0.000000
67  0.000001 2.151127 1.832305  0.000000 -0.000000 0.000000
68  -0.008023 1.347420 0.085284  -1.051149 0.001216 0.000412
69  0.230628 1.332312 3.105305  0.000000 -0.000000 0.000000
70  -0.008023 2.208829 7.882239  -0.017961 -0.000000 0.000000
71  -0.008022 1.228065 5.810775  0.000000 -0.000000 0.000000
72  -0.008022 1.115505 -0.313082  0.000000 -0.000000 0.000000
73  -0.008022 1.345871 0.084163  1.570796 -0.000000 -0.000000
74  -0.008023 0.197514 1.902819  0.000000 -0.000000 0.000000
75  -1.950053 -12.065901 -1.598806  1.537192 -0.011989 -0.000998
76  -1.937851 -10.892200 -1.849737  1.537192 -0.011989 -0.000998
77  -0.008021 -0.402862 0.133862  0.000000 -0.000000 0.000000
78  -0.008021 -0.904627 -0.013498  0.000000 -0.000000 0.000000
79  -0.000000 -0.501766 -0.147366  0.000000 -0.000000 0.000000
80  -0.000000 -1.003531 -0.294728  0.000000 -0.000000 0.000000
81  -0.000000 -1.505297 -0.442089  0.000000 -0.000000 0.000000
82  -0.000000 -2.007061 -0.589453  0.000000 -0.000000 0.000000
83  -0.000000 -2.508827 -0.736814  0.000000 -0.000000 0.000000
84  -0.000000 -2.772560 -0.939008  0.000000 -0.000000 0.000000
85  -0.000000 -3.071458 -1.220323  0.000000 -0.000000 0.000000
86  -0.283371 -4.518086 -0.534134  0.346743 -0.000000 -0.000000
87  -0.000000 4.582804 -0.219901  -0.051302 0.000000 0.000000
88  -1.950053 -12.065901 -1.598806  1.537192 -0.011989 -0.000998
time 3
0  0.000006 0.000000 0.000000  -1.570800 -1.391899 -1.570792
1  -9.841317 -7.634221 1.937669  -1.544956 -1.855077 -0.198630
2  6.027525 -0.000329 0.000190  -0.369627 -1.476093 -1.621568
3  11.692113 0.000642 -0.000739  -0.990399 0.000003 -0.897629
4  11.480624 0.000583 -0.000446  1.026337 -0.352113 0.426962
5  3.666628 -0.163903 -1.204801  -0.519250 0.086737 -1.532179
6  1.312590 0.000009 0.000008  -0.003664 0.023357 -0.272237
7  0.729353 0.000055 0.000049  -0.003677 0.000626 -0.150723
8  3.942141 0.046332 -0.431542  -0.205965 0.132196 -1.449654
9  1.539110 0.000083 0.000003  -0.000570 0.007396 -0.283198
10  1.196332 0.000147 0.000028  -0.000713 0.000161 -0.519018
11  3.883512 -0.047211 0.431351  -0.042690 0.198097 -1.260493
12  1.719573 -0.000029 0.000017  -0.000644 0.003280 -0.404344
13  1.209179 0.000090 0.000012  -0.000905 0.002861 -0.623854
14  3.859678 -0.138417 1.332380  -0.235831 0.317274 -1.342437
15  1.719448 -0.000020 0.000028  0.001902 0.001157 -0.067177
16  1.099675 0.000050 0.000006  -0.000943 0.002399 -0.620101
17  0.459534 -0.272515 1.494840  -1.528877 -0.394735 -0.263833
18  1.789819 -0.000004 -0.000017  -0.005043 0.002467 0.111593
19  1.207017 -0.000012 -0.000043  -0.005634 -0.000693 0.835388
20  5.740636 0.000389 -0.000699  -0.121071 0.000003 0.000064
21  11.481133 0.000297 -0.000741  -0.090441 -0.069176 0.051467
22  6.027524 -0.000329 0.000201  1.539830 -0.089595 1.853623
23  0.000001 11.692099 -0.000008  -0.653127 -0.186777 -0.539472
24  0.000002 0.000008 -0.000000  -0.121333 -0.000031 1.570739
25  0.000001 -0.000012 -0.000000  0.868960 0.000002 1.570712
26  -6.899342 -10.734701 0.826813  1.473120 1.855075 -0.198639
27  6.027516 -0.000262 -0.000217  1.564755 1.201881 -0.687066
28  11.691990 0.000162 0.000859  0.139893 0.000021 -1.080260
29  11.480818 0.000119 0.000813  -1.302979 0.574403 0.547092
30  3.710774 -0.434234 1.096848  0.974897 -0.111756 -2.079603
31  1.312560 0.000032 -0.000001  0.008191 -0.088214 -0.285514
32  0.729347 0.000066 -0.000028  -0.132450 -0.134191 -1.087309
33  3.820806 -0.154609 0.327899  0.610805 -0.300364 -1.640271
34  1.539095 0.000003 -0.000002  0.047162 -0.047589 -0.892209
35  1.196302 0.000081 -0.000003  -0.021079 -0.009374 -1.253100
36  3.882446 -0.171892 -0.416804  0.406628 -0.376223 -1.253559
37  1.719566 -0.000083 -0.000005  0.018695 -0.082922 -1.374417
38  1.209193 0.000033 0.000011  0.003361 -0.003782 -0.857658
39  3.859586 -0.149081 -1.331322  0.077206 -0.247323 -0.615712
40  1.719412 -0.000097 -0.000037  0.031501 -0.009834 -1.165718
41  1.099672 0.000023 0.000006  -0.003681 -0.008201 -0.720067
42  0.230505 -0.805067 -1.086893  1.111612 0.594062 -0.578210
43  1.789780 -0.000006 -0.000042  -0.089312 -0.070323 0.368341
44  1.206995 -0.000007 0.000005  0.000678 -0.214508 0.376132
45  5.740573 0.000079 0.000721  0.090105 -0.000014 0.000028
46  11.481108 0.000098 0.000907  0.024911 0.103194 0.080518
47  6.027515 -0.000273 -0.000229  -1.285137 -0.236741 -1.584185
48  -0.000000 11.691974 -0.000008  -0.772259 0.263832 0.630911
49  0.000003 0.000001 0.000000  2.412441 -0.000036 1.570860
50  -0.000007 -0.000012 0.000004  2.272645 -0.000036 1.570861
51  -2.518276 -7.928722 -5.353045  -0.146707 -2.865098 1.232812
52  0.000000 0.000000 0.000000  0.008153 -0.000259 0.000009
53  0.000001 0.000000 0.000000  1.565115 0.043565 -0.106862
54  0.155221 -9.808116 -5.997404  -0.540963 -0.039325 -1.976274
55  -0.000000 -0.000000 0.000000  0.000000 -0.000001 -0.000002
56  0.000030 0.000029 0.000001  -1.571902 -0.044449 -0.106509
57  12.000549 -19.544212 -17.246658  1.570796 -0.000000 0.000000
58  -15.417984 4.000748 -22.641926  1.570796 -0.000000 0.000000
59  1.941978 9.263218 -8.327020  1.570796 -0.000000 0.000000
60  -0.004311 0.001229 -0.000372  0.006898 -0.005534 -0.284229
61  0.826810 11.791080 -4.879054  1.570796 -0.000000 0.000000
62  0.000000 0.000000 0.000000  -0.078727 -3.136056 0.284226
63  -1.923794 -1.699245 -0.756134  1.570796 -0.000000 0.000000
64  -1.924950 -10.395712 -3.810148  1.556239 0.003032 -0.013637
65  -0.008022 0.449004 2.123035  0.000000 0.000000 -0.000000
66  -0.008023 2.137776 2.778723  0.049949 0.000000 -0.000000
67  0.000000 2.151127 2.901127  0.000000 0.000000 -0.000000
68  -0.008023 1.347420 0.085285  -1.051149 0.001216 0.000412
69  0.230628 1.332312 3.105304  0.000000 0.000000 -0.000000
70  -0.008023 2.172907 7.984051  0.000000 -0.000000 0.000000
71  -0.008022 1.228065 5.810777  0.000000 0.000000 -0.000000
72  -0.008023 1.115505 -0.313083  0.000000 0.000000 -0.000000
73  -0.008023 1.345871 0.084162  1.570796 0.000000 -0.000000
74  -0.008022 0.197514 1.902818  0.000000 0.000000 -0.000000
75  -1.951952 -12.274123 -1.620609  1.556239 0.003032 -0.013637
76  -1.928556 -11.096050 -1.849277  1.556239 0.003032 -0.013637
77  -0.008021 -0.151980 0.207543  0.000000 0.000000 -0.000000
78  -0.008021 -0.653744 0.060182  0.000000 0.000000 -0.000000
79  0.000000 -0.501765 -0.147366  0.000000 0.000000 -0.000000
80  0.000000 -1.003531 -0.294728  0.000000 0.000000 -0.000000
81  0.000000 -1.505297 -0.442090  0.000000 0.000000 -0.000000
82  -0.000000 -2.007061 -0.589453  0.000000 0.000000 -0.000000
83  0.000000 -2.508827 -0.736815  0.000000 0.000000 -0.000000
84  0.000000 -2.772560 -0.939010  0.000000 0.000000 -0.000000
85  0.000000 -3.071457 -1.220324  0.000000 0.000000 -0.000000
86  -0.283371 -4.518086 -0.534134  0.346743 -0.000000 -0.000000
87  0.000000 4.582804 -0.219901  -0.051302 0.000000 0.000000
88  -1.951952 -12.274123 -1.620609  1.556239 0.003032 -0.013637
time 4
0  0.000006 0.000000 0.000000  -1.570800 -1.391899 -1.570792
1  -9.841317 -7.634221 1.937669  -1.544956 -1.855077 -0.198630
2  6.027525 -0.000329 0.000190  -0.236578 -1.479413 -1.753189
3  11.692112 0.000643 -0.000740  -0.990397 0.000004 -0.866030
4  11.480756 0.000609 -0.000404  1.006559 -0.343406 0.425629
5  3.666628 -0.163904 -1.204802  -0.519250 0.086737 -1.532179
6  1.312590 0.000010 0.000009  -0.003664 0.023357 -0.272237
7  0.729355 0.000054 0.000049  -0.003677 0.000626 -0.150723
8  3.942141 0.046331 -0.431543  -0.205965 0.132196 -1.449654
9  1.539110 0.000081 0.000003  -0.000570 0.007396 -0.283198
10  1.196333 0.000145 0.000028  -0.000713 0.000161 -0.519018
11  3.883511 -0.047212 0.431351  -0.042690 0.198097 -1.260493
12  1.719573 -0.000030 0.000017  -0.000644 0.003280 -0.404344
13  1.209179 0.000089 0.000012  -0.000905 0.002861 -0.623853
14  3.859677 -0.138418 1.332380  -0.235831 0.317274 -1.342437
15  1.719448 -0.000020 0.000029  0.001902 0.001157 -0.067177
16  1.099675 0.000049 0.000006  -0.000943 0.002399 -0.620101
17  0.459533 -0.272516 1.494839  -1.528877 -0.394735 -0.263833
18  1.789818 -0.000004 -0.000017  -0.005043 0.002467 0.111593
19  1.207016 -0.000011 -0.000043  -0.005634 -0.000693 0.835388
20  5.740635 0.000388 -0.000699  -0.123839 0.000003 0.000063
21  11.481158 0.000301 -0.000734  -0.094701 -0.068215 0.050785
22  6.027524 -0.000329 0.000201  1.529708 -0.081730 1.855343
23  -0.000001 11.692100 -0.000007  -0.631977 -0.174553 -0.522872
24  0.000003 0.000009 0.000000  -0.121333 -0.000030 1.570739
25  -0.000001 -0.000012 0.000000  0.868960 0.000002 1.570712
26  -6.899342 -10.734701 0.826813  1.473120 1.855075 -0.198639
27  6.027516 -0.000262 -0.000216  1.573164 1.217615 -0.680588
28  11.691992 0.000161 0.000858  0.139891 0.000019 -1.048294
29  11.480320 -0.000076 0.000839  -1.318681 0.555084 0.539931
30  3.710775 -0.434234 1.096848  0.974897 -0.111756 -2.079603
31  1.312560 0.000030 0.000000  0.008191 -0.088214 -0.285514
32  0.729347 0.000064 -0.000028  -0.132450 -0.134191 -1.087309
33  3.820806 -0.154609 0.327899  0.610805 -0.300364 -1.640271
34  1.539095 0.000005 -0.000002  0.047162 -0.047589 -0.892209
35  1.196301 0.000080 -0.000003  -0.021079 -0.009374 -1.253100
36  3.882446 -0.171892 -0.416804  0.406628 -0.376223 -1.253559
37  1.719565 -0.000084 -0.000005  0.018695 -0.082922 -1.374417
38  1.209194 0.000036 0.000012  0.003361 -0.003782 -0.857658
39  3.859585 -0.149082 -1.331322  0.073653 -0.245898 -0.589610
40  1.719411 -0.000097 -0.000037  0.031342 -0.007296 -1.128595
41  1.099673 0.000023 0.000006  -0.004421 -0.007986 -0.675784
42  0.230505 -0.805067 -1.086893  1.111612 0.594062 -0.578210
43  1.789779 -0.000008 -0.000042  -0.089312 -0.070323 0.368341
44  1.206996 -0.000007 0.000005  0.000678 -0.214508 0.376132
45  5.740574 0.000079 0.000721  0.084833 -0.000014 0.000028
46  11.481009 0.000059 0.000913  0.023446 0.098707 0.080711
47  6.027515 -0.000273 -0.000229  -1.295898 -0.224633 -1.583114
48  -0.000000 11.691974 -0.000007  -0.751766 0.249585 0.615476
49  0.000002 0.000000 0.000001  2.412441 -0.000036 1.570860
50  -0.000007 -0.000015 0.000005  2.272645 -0.000036 1.570861
51  -2.548442 -8.118638 -5.306446  -0.167927 -2.878326 1.242958
52  0.000000 -0.000000 -0.000000  0.008153 -0.000259 0.000009
53  0.000000 -0.000000 -0.000000  1.565115 0.043565 -0.106862
54  0.123194 -9.972948 -6.026730  -0.562302 -0.027559 -1.971073
55  0.000001 -0.000000 -0.000000  0.000000 -0.000001 -0.000002
56  0.000031 0.000029 0.000001  -1.571901 -0.044449 -0.106509
57  12.000549 -19.544212 -17.246658  1.570796 -0.000000 0.000000
58  -15.417984 4.000748 -22.641926  1.570796 -0.000000 0.000000
59  1.941978 9.263218 -8.327020  1.570796 -0.000000 0.000000
60  -0.004311 0.001229 -0.000372  0.006898 -0.005534 -0.284229
61  0.826810 11.791080 -4.879054  1.570796 -0.000000 0.000000
62  0.000000 0.000000 0.000000  -0.078727 -3.136056 0.284226
63  -1.923794 -1.699245 -0.756134  1.570796 -0.000000 0.000000
64  -1.921258 -10.611948 -3.820292  1.575254 0.018254 -0.008947
65  -0.008022 0.449004 2.286257  -0.000000 -0.000000 0.000000
66  -0.008023 2.137776 2.778724  0.049949 -0.000000 0.000000
67  0.000000 2.151127 2.901128  -0.000000 -0.000000 0.000000
68  -0.008023 1.347420 0.085285  -1.051149 0.001216 0.000412
69  0.230628 1.332312 3.105305  -0.000000 -0.000000 0.000000
70  -0.008024 2.172907 7.984052  -0.000000 -0.000000 0.000000
71  -0.008022 1.228065 5.810779  -0.000000 -0.000000 0.000000
72  -0.008023 1.115505 -0.313081  -0.000000 -0.000000 0.000000
73  -0.008023 1.345871 0.084164  1.570796 -0.000000 -0.000000
74  -0.008023 0.197514 1.902820  -0.000000 -0.000000 0.000000
75  -1.907151 -12.532048 -1.667095  1.575254 0.018254 -0.008947
76  -1.892315 -11.349717 -1.873407  1.575254 0.018254 -0.008947
77  -0.008021 -0.151979 0.207543  -0.000000 -0.000000 0.000000
78  -0.008021 -0.653745 0.060182  -0.000000 -0.000000 0.000000
79  0.000000 -0.501765 -0.147366  -0.000000 -0.000000 0.000000
80  0.000000 -1.003531 -0.294728  -0.000000 -0.000000 0.000000
81  0.000000 -1.505297 -0.442089  -0.000000 -0.000000 0.000000
82  0.000000 -2.007061 -0.589454  -0.000000 -0.000000 0.000000
83  0.000000 -2.508827 -0.736814  -0.000000 -0.000000 0.000000
84  0.000000 -2.772560 -0.939009  -0.000000 -0.000000 0.000000
85  0.000000 -3.071457 -1.220324  -0.000000 -0.000000 0.000000
86  -0.283371 -4.518086 -0.534135  0.346743 -0.000000 -0.000000
87  0.000000 4.582804 -0.219900  -0.051302 0.000000 0.000000
88  -1.907151 -12.532048 -1.667095  1.575254 0.018254 -0.008947
time 5
0  0.000006 0.000000 0.000000  -1.570800 -1.391899 -1.570792
1  -9.841317 -7.634221 1.937669  -1.544956 -1.855077 -0.198630
2  6.027525 -0.000329 0.000190  -0.104865 -1.481899 -1.886935
3  11.692113 0.000645 -0.000739  -0.990395 0.000005 -0.833046
4  11.480923 0.000644 -0.000353  1.013658 -0.335678 0.423484
5  3.666626 -0.163903 -1.204802  -0.519250 0.086737 -1.532179
6  1.312591 0.000008 0.000008  -0.003664 0.023357 -0.272237
7  0.729354 0.000054 0.000049  -0.003677 0.000626 -0.150723
8  3.942139 0.046332 -0.431543  -0.205965 0.132196 -1.449654
9  1.539111 0.000082 0.000003  -0.000570 0.007396 -0.283198
10  1.196333 0.000147 0.000029  -0.000713 0.000161 -0.519018
11  3.883509 -0.047211 0.431351  -0.042690 0.198097 -1.260493
12  1.719573 -0.000029 0.000017  -0.000644 0.003280 -0.404344
13  1.209180 0.000088 0.000012  -0.000905 0.002861 -0.623853
14  3.859675 -0.138417 1.332379  -0.235831 0.317274 -1.342437
15  1.719448 -0.000017 0.000028  0.001902 0.001157 -0.067177
16  1.099675 0.000048 0.000006  -0.000943 0.002399 -0.620101
17  0.459533 -0.272515 1.494839  -1.528877 -0.394734 -0.263833
18  1.789820 -0.000003 -0.000016  -0.005043 0.002467 0.111593
19  1.207017 -0.000013 -0.000044  -0.005634 -0.000693 0.835388
20  5.740636 0.000388 -0.000699  -0.121133 0.000003 0.000063
21  11.481194 0.000307 -0.000724  -0.093813 -0.066384 0.051062
22  6.027524 -0.000329 0.000201  1.520736 -0.073575 1.853471
23  0.000000 11.692099 -0.000008  -0.609729 -0.162167 -0.505304
24  0.000004 0.000008 0.000000  -0.121332 -0.000031 1.570739
25  0.000000 -0.000012 -0.000001  0.868960 0.000002 1.570712
26  -6.899342 -10.734701 0.826813  1.473120 1.855075 -0.198639
27  6.027517 -0.000263 -0.000216  1.575238 1.233712 -0.678917
28  11.691991 0.000161 0.000858  0.139890 0.000017 -1.012285
29  11.480471 -0.000011 0.000831  -1.311955 0.541053 0.526638
30  3.710774 -0.434234 1.096849  0.974897 -0.111756 -2.079603
31  1.312560 0.000030 0.000000  0.008191 -0.088214 -0.285514
32  0.729347 0.000066 -0.000027  -0.132450 -0.134191 -1.087309
33  3.820806 -0.154609 0.327900  0.610805 -0.300364 -1.640271
34  1.539094 0.000003 -0.000001  0.047162 -0.047589 -0.892209
35  1.196303 0.000080 -0.000003  -0.021079 -0.009374 -1.253100
36  3.882445 -0.171891 -0.416804  0.406628 -0.376223 -1.253560
37  1.719565 -0.000084 -0.000005  0.018695 -0.082922 -1.374417
38  1.209194 0.000034 0.000011  0.003361 -0.003782 -0.857658
39  3.859584 -0.149081 -1.331322  0.065085 -0.242187 -0.526326
40  1.719412 -0.000097 -0.000037  0.031320 -0.001851 -1.049099
41  1.099673 0.000023 0.000006  -0.005971 -0.007417 -0.580926
42  0.230504 -0.805066 -1.086893  1.111612 0.594062 -0.578210
43  1.789780 -0.000007 -0.000042  -0.089312 -0.070323 0.368341
44  1.206997 -0.000007 0.000005  0.000678 -0.214508 0.376132
45  5.740573 0.000079 0.000721  0.083469 -0.000014 0.000028
46  11.481038 0.000072 0.000911  0.025998 0.096126 0.078179
47  6.027515 -0.000273 -0.000229  -1.308394 -0.214102 -1.580676
48  -0.000002 11.691973 -0.000008  -0.728498 0.233907 0.597797
49  0.000003 -0.000000 0.000000  2.412441 -0.000036 1.570860
50  -0.000008 -0.000014 0.000004  2.272645 -0.000036 1.570861
51  -2.554250 -8.327375 -5.313696  -0.165114 -2.888441 1.250741
52  0.000001 0.000000 -0.000000  0.008153 -0.000259 0.000009
53  -0.000000 0.000000 0.000000  1.565115 0.043565 -0.106862
54  0.137205 -10.152602 -6.034482  -0.560317 -0.017275 -1.962615
55  -0.000000 0.000001 0.000000  0.000000 -0.000001 -0.000002
56  0.000029 0.000030 0.000001  -1.571901 -0.044449 -0.106509
57  12.000549 -19.544212 -17.246658  1.570796 -0.000000 0.000000
58  -15.417984 4.000748 -22.641926  1.570796 -0.000000 0.000000
59  1.941978 9.263218 -8.327020  1.570796 -0.000000 0.000000
60  -0.004311 0.001229 -0.000372  0.006898 -0.005534 -0.284229
61  0.826810 11.791080 -4.879054  1.570796 -0.000000 0.000000
62  0.000000 0.000000 0.000000  -0.078727 -3.136056 0.284226
63  -1.923794 -1.699245 -0.756134  1.570796 -0.000000 0.000000
64  -1.914401 -10.828184 -3.845653  1.584005 0.012496 -0.000311
65  -0.008022 0.449004 2.449478  0.000000 -0.000000 0.000000
66  -0.008023 2.137776 2.778723  0.049949 -0.000000 0.000000
67  0.000001 2.151127 2.901126  0.000000 -0.000000 0.000000
68  -0.008023 1.347420 0.085285  -1.051149 0.001216 0.000412
69  0.230628 1.332312 3.105305  0.000000 -0.000000 0.000000
70  -0.008023 2.172907 7.984052  0.000000 -0.000000 0.000000
71  -0.008022 1.228065 5.810778  0.000000 -0.000000 0.000000
72  -0.008023 1.115505 -0.313081  0.000000 -0.000000 0.000000
73  -0.008023 1.345870 0.084163  1.570796 -0.000000 -0.000000
74  -0.008023 0.197514 1.902819  0.000000 -0.000000 0.000000
75  -1.896326 -12.766857 -1.709193  1.584005 0.012496 -0.000311
76  -1.890384 -11.582685 -1.905122  1.584005 0.012496 -0.000311
77  -0.008021 -0.151980 0.207542  0.000000 -0.000000 0.000000
78  -0.008021 -0.653745 0.060182  0.000000 -0.000000 0.000000
79  -0.000000 -0.501765 -0.147367  0.000000 -0.000000 0.000000
80  -0.000000 -1.003530 -0.294728  0.000000 -0.000000 0.000000
81  -0.000000 -1.505296 -0.442091  0.000000 -0.000000 0.000000
82  -0.000000 -2.007060 -0.589454  0.000000 -0.000000 0.000000
83  -0.000000 -2.508826 -0.736816  0.000000 -0.000000 0.000000
84  -0.000000 -2.772560 -0.939010  0.000000 -0.000000 0.000000
85  -0.000000 -3.071456 -1.220324  0.000000 -0.000000 0.000000
86  -0.283371 -4.518087 -0.534135  0.346743 -0.000000 -0.000000
87  -0.000000 4.582805 -0.219899  -0.051302 0.000000 0.000000
88  -1.896326 -12.766857 -1.709193  1.584005 0.012496 -0.000311
time 6
0  0.000006 0.000000 0.000000  -1.570800 -1.391899 -1.570792
1  -9.841317 -7.634221 1.937669  -1.544956 -1.855077 -0.198630
2  6.027525 -0.000328 0.000190  0.013881 -1.482824 -2.007709
3  11.692113 0.000644 -0.000740  -0.990393 0.000005 -0.803135
4  11.480595 0.000589 -0.000436  1.031839 -0.324984 0.413523
5  3.666627 -0.163903 -1.204802  -0.519250 0.086737 -1.532179
6  1.312590 0.000009 0.000008  -0.003664 0.023357 -0.272237
7  0.729354 0.000054 0.000050  -0.003677 0.000626 -0.150723
8  3.942139 0.046331 -0.431542  -0.205965 0.132196 -1.449654
9  1.539111 0.000082 0.000003  -0.000570 0.007396 -0.283198
10  1.196332 0.000147 0.000028  -0.000713 0.000161 -0.519019
11  3.883510 -0.047212 0.431351  -0.042690 0.198097 -1.260493
12  1.719573 -0.000028 0.000018  -0.000644 0.003280 -0.404344
13  1.209179 0.000091 0.000012  -0.000905 0.002861 -0.623854
14  3.859675 -0.138418 1.332380  -0.235831 0.317274 -1.342437
15  1.719448 -0.000018 0.000028  0.001902 0.001157 -0.067177
16  1.099675 0.000049 0.000006  -0.000943 0.002399 -0.620101
17  0.459532 -0.272516 1.494840  -1.528877 -0.394735 -0.263833
18  1.789820 -0.000004 -0.000016  -0.005043 0.002467 0.111593
19  1.207016 -0.000012 -0.000042  -0.005634 -0.000693 0.835388
20  5.740635 0.000389 -0.000699  -0.116328 0.000003 0.000064
21  11.481127 0.000298 -0.000740  -0.091141 -0.063252 0.050403
22  6.027524 -0.000329 0.000201  1.512990 -0.066433 1.851520
23  -0.000001 11.692098 -0.000009  -0.589405 -0.151271 -0.489166
24  0.000001 0.000009 -0.000001  -0.121333 -0.000031 1.570739
25  -0.000001 -0.000011 -0.000000  0.868960 0.000002 1.570712
26  -6.899342 -10.734701 0.826813  1.473120 1.855075 -0.198639
27  6.027517 -0.000263 -0.000216  1.572290 1.246191 -0.681238
28  11.691989 0.000159 0.000859  0.139888 0.000016 -0.981737
29  11.480619 0.000054 0.000822  -1.301172 0.537888 0.508420
30  3.710774 -0.434234 1.096849  0.974897 -0.111756 -2.079603
31  1.312560 0.000031 0.000001  0.008191 -0.088214 -0.285514
32  0.729347 0.000066 -0.000029  -0.132450 -0.134191 -1.087309
33  3.820807 -0.154608 0.327899  0.610805 -0.300364 -1.640271
34  1.539094 0.000003 -0.000002  0.047162 -0.047589 -0.892209
35  1.196302 0.000081 -0.000003  -0.021079 -0.009374 -1.253100
36  3.882444 -0.171891 -0.416804  0.406628 -0.376223 -1.253560
37  1.719566 -0.000083 -0.000004  0.018695 -0.082922 -1.374417
38  1.209193 0.000033 0.000011  0.003361 -0.003782 -0.857658
39  3.859584 -0.149081 -1.331322  0.058330 -0.239211 -0.477310
40  1.719414 -0.000097 -0.000037  0.031458 0.000689 -1.011978
41  1.099672 0.000022 0.000006  -0.006675 -0.007101 -0.536644
42  0.230502 -0.805067 -1.086893  1.111612 0.594062 -0.578210
43  1.789780 -0.000008 -0.000042  -0.089312 -0.070323 0.368341
44  1.206997 -0.000006 0.000005  0.000678 -0.214508 0.376132
45  5.740572 0.000079 0.000721  0.083337 -0.000014 0.000028
46  11.481068 0.000085 0.000909  0.028855 0.095717 0.074112
47  6.027515 -0.000273 -0.000229  -1.318993 -0.207088 -1.577993
48  -0.000001 11.691974 -0.000008  -0.708604 0.220924 0.582559
49  0.000003 0.000000 -0.000001  2.412441 -0.000036 1.570860
50  -0.000008 -0.000013 0.000004  2.272645 -0.000036 1.570861
51  -2.546216 -8.500095 -5.359356  -0.153869 -2.889562 1.252503
52  0.000000 0.000000 -0.000001  0.008153 -0.000259 0.000009
53  -0.000000 0.000000 -0.000000  1.565115 0.043565 -0.106862
54  0.161087 -10.314634 -6.047007  -0.549534 -0.015390 -1.958219
55  -0.000001 -0.000001 -0.000000  0.000000 -0.000001 -0.000002
56  0.000028 0.000028 0.000001  -1.571901 -0.044449 -0.106509
57  12.000549 -19.544212 -17.246658  1.570796 -0.000000 0.000000
58  -15.417984 4.000748 -22.641926  1.570796 -0.000000 0.000000
59  1.941978 9.263218 -8.327020  1.570796 -0.000000 0.000000
60  -0.004311 0.001229 -0.000372  0.006898 -0.005534 -0.284229
61  0.826810 11.791080 -4.879054  1.570796 -0.000000 0.000000
62  0.000000 0.000000 0.000000  -0.078727 -3.136056 0.284226
63  -1.923794 -1.699245 -0.756134  1.570796 -0.000000 0.000000
64  -1.910708 -10.994520 -3.878621  1.581632 0.001812 0.004244
65  -0.008021 0.449004 2.449476  -0.000000 -0.000000 0.000000
66  -0.008023 2.137776 2.778723  0.049949 -0.000000 0.000000
67  0.000001 2.151127 2.901126  -0.000000 -0.000000 0.000000
68  -0.008023 1.347420 0.085285  -1.051149 0.001216 0.000412
69  0.230628 1.332312 3.105304  -0.000000 -0.000000 0.000000
70  -0.008023 2.172907 7.984051  -0.000000 -0.000000 0.000000
71  -0.008022 1.228065 5.810774  -0.000000 -0.000000 0.000000
72  -0.008022 1.115505 -0.313083  -0.000000 -0.000000 0.000000
73  -0.008022 1.345870 0.084163  1.570796 -0.000000 -0.000000
74  -0.008022 0.197514 1.902818  -0.000000 -0.000000 0.000000
75  -1.906644 -12.928110 -1.737489  1.581632 0.001812 0.004244
76  -1.904006 -11.744383 -1.936158  1.581632 0.001812 0.004244
77  -0.008021 -0.151980 0.207543  -0.000000 -0.000000 0.000000
78  -0.008021 -0.653745 0.060181  -0.000000 -0.000000 0.000000
79  -0.000000 -0.501765 -0.147367  -0.000000 -0.000000 0.000000
80  0.000000 -1.003531 -0.294728  -0.000000 -0.000000 0.000000
81  0.000000 -1.505296 -0.442091  -0.000000 -0.000000 0.000000
82  -0.000000 -2.007061 -0.589454  -0.000000 -0.000000 0.000000
83  -0.000000 -2.508827 -0.736815  -0.000000 -0.000000 0.000000
84  -0.000000 -2.772560 -0.939009  -0.000000 -0.000000 0.000000
85  -0.000000 -3.071456 -1.220324  -0.000000 -0.000000 0.000000
86  -0.283371 -4.518086 -0.534134  0.346743 -0.000000 -0.000000
87  0.000000 4.582804 -0.219902  -0.051302 0.000000 0.000000
88  -1.906644 -12.928110 -1.737489  1.581632 0.001812 0.004244
time 7
0  0.000006 0.000000 0.000000  -1.570800 -1.391899 -1.570792
1  -9.841317 -7.634221 1.937669  -1.544956 -1.855077 -0.198630
2  6.027525 -0.000328 0.000190  0.065178 -1.482585 -2.058963
3  11.692112 0.000645 -0.000739  -0.990392 0.000006 -0.788816
4  11.480734 0.000617 -0.000396  1.043569 -0.316755 0.403716
5  3.666627 -0.163904 -1.204802  -0.519250 0.086737 -1.532179
6  1.312590 0.000010 0.000008  -0.003664 0.023357 -0.272237
7  0.729355 0.000054 0.000050  -0.003677 0.000626 -0.150723
8  3.942139 0.046331 -0.431543  -0.205965 0.132197 -1.449654
9  1.539111 0.000082 0.000003  -0.000570 0.007396 -0.283198
10  1.196332 0.000146 0.000029  -0.000713 0.000161 -0.519018
11  3.883511 -0.047212 0.431351  -0.042690 0.198097 -1.260493
12  1.719573 -0.000029 0.000017  -0.000644 0.003280 -0.404344
13  1.209179 0.000089 0.000012  -0.000905 0.002861 -0.623853
14  3.859676 -0.138419 1.332379  -0.235831 0.317274 -1.342437
15  1.719448 -0.000018 0.000028  0.001902 0.001157 -0.067177
16  1.099676 0.000049 0.000005  -0.000943 0.002399 -0.620101
17  0.459533 -0.272515 1.494839  -1.528877 -0.394735 -0.263833
18  1.789820 -0.000004 -0.000016  -0.005043 0.002467 0.111593
19  1.207016 -0.000012 -0.000043  -0.005634 -0.000693 0.835388
20  5.740635 0.000388 -0.000699  -0.113372 0.000003 0.000063
21  11.481154 0.000303 -0.000733  -0.089542 -0.060853 0.049355
22  6.027524 -0.000329 0.000201  1.509499 -0.063555 1.851590
23  0.000000 11.692098 -0.000007  -0.579624 -0.146170 -0.481371
24  0.000003 0.000009 -0.000000  -0.121333 -0.000030 1.570739
25  0.000000 -0.000012 0.000001  0.868960 0.000002 1.570712
26  -6.899342 -10.734701 0.826813  1.473120 1.855075 -0.198639
27  6.027517 -0.000263 -0.000216  1.567684 1.250554 -0.684939
28  11.691992 0.000162 0.000858  0.139887 0.000015 -0.968463
29  11.480692 0.000083 0.000817  -1.295886 0.541953 0.496596
30  3.710775 -0.434235 1.096847  0.974897 -0.111756 -2.079603
31  1.312559 0.000030 0.000000  0.008191 -0.088214 -0.285514
32  0.729347 0.000067 -0.000027  -0.132450 -0.134191 -1.087309
33  3.820806 -0.154609 0.327899  0.610805 -0.300364 -1.640271
34  1.539094 0.000003 -0.000001  0.047162 -0.047589 -0.892209
35  1.196303 0.000080 -0.000003  -0.021079 -0.009374 -1.253100
36  3.882445 -0.171892 -0.416806  0.406628 -0.376223 -1.253559
37  1.719566 -0.000083 -0.000005  0.018695 -0.082922 -1.374417
38  1.209194 0.000034 0.000012  0.003361 -0.003782 -0.857658
39  3.859584 -0.149082 -1.331323  0.054235 -0.238309 -0.454475
40  1.719411 -0.000097 -0.000037  0.031478 0.001253 -1.069027
41  1.099673 0.000022 0.000006  -0.005919 -0.007665 -0.624587
42  0.230504 -0.805067 -1.086894  1.111612 0.594062 -0.578210
43  1.789780 -0.000006 -0.000042  -0.089312 -0.070323 0.368341
44  1.206996 -0.000006 0.000005  0.000678 -0.214508 0.376132
45  5.740572 0.000077 0.000721  0.083349 -0.000014 0.000028
46  11.481082 0.000089 0.000908  0.030055 0.096544 0.071376
47  6.027515 -0.000273 -0.000229  -1.323401 -0.205494 -1.576422
48  -0.000000 11.691974 -0.000008  -0.699914 0.215375 0.575870
49  0.000002 -0.000000 0.000000  2.412441 -0.000036 1.570860
50  -0.000007 -0.000014 0.000004  2.272645 -0.000036 1.570861
51  -2.536769 -8.574686 -5.410050  -0.146394 -2.885993 1.250028
52  -0.000000 0.000000 0.000001  0.008153 -0.000259 0.000009
53  0.000000 -0.000000 -0.000001  1.565115 0.043565 -0.106862
54  0.173326 -10.394667 -6.071839  -0.542070 -0.018458 -1.958944
55  -0.000001 -0.000000 -0.000000  0.000000 -0.000001 -0.000002
56  0.000029 0.000028 0.000001  -1.571902 -0.044449 -0.106509
57  12.000549 -19.544212 -17.246658  1.570796 -0.000000 0.000000
58  -15.417984 4.000748 -22.641926  1.570796 -0.000000 0.000000
59  1.941978 9.263218 -8.327020  1.570796 -0.000000 0.000000
60  -0.004311 0.001229 -0.000372  0.006898 -0.005534 -0.284229
61  0.826810 11.791080 -4.879054  1.570796 -0.000000 0.000000
62  0.000000 0.000000 0.000000  -0.078727 -3.136056 0.284226
63  -1.923794 -1.699245 -0.756134  1.570796 -0.000000 0.000000
64  -1.911314 -11.061054 -3.911590  1.575948 -0.003915 0.003652
65  -0.008022 0.449004 2.449479  -0.000000 0.000000 -0.000000
66  -0.008023 2.137776 2.778724  0.049949 0.000000 -0.000000
67  0.000000 2.151127 2.901127  -0.000000 0.000000 -0.000000
68  -0.008023 1.347419 0.085285  -1.051149 0.001216 0.000412
69  0.230628 1.332312 3.105305  -0.000000 0.000000 -0.000000
70  -0.008024 2.172906 7.984052  -0.000000 -0.000000 0.000000
71  -0.008022 1.228065 5.810775  -0.000000 0.000000 -0.000000
72  -0.008023 1.115505 -0.313080  -0.000000 0.000000 -0.000000
73  -0.008023 1.345870 0.084165  1.570796 0.000000 -0.000000
74  -0.008023 0.197514 1.902820  -0.000000 0.000000 -0.000000
75  -1.920743 -12.982491 -1.759560  1.575948 -0.003915 0.003652
76  -1.916236 -11.799908 -1.964907  1.575948 -0.003915 0.003652
77  -0.008021 -0.151980 0.207545  -0.000000 0.000000 -0.000000
78  -0.008021 -0.653745 0.060183  -0.000000 0.000000 -0.000000
79  -0.000000 -0.501765 -0.147367  -0.000000 0.000000 -0.000000
80  -0.000000 -1.003531 -0.294729  -0.000000 0.000000 -0.000000
81  -0.000000 -1.505297 -0.442091  -0.000000 0.000000 -0.000000
82  0.000000 -2.007061 -0.589454  -0.000000 0.000000 -0.000000
83  -0.000000 -2.508827 -0.736814  -0.000000 0.000000 -0.000000
84  -0.000000 -2.772560 -0.939010  -0.000000 0.000000 -0.000000
85  0.000000 -3.071457 -1.220324  -0.000000 0.000000 -0.000000
86  -0.283371 -4.518087 -0.534133  0.346743 -0.000000 -0.000000
87  0.000000 4.582804 -0.219899  -0.051302 0.000000 0.000000
88  -1.920743 -12.982491 -1.759560  1.575948 -0.003915 0.003652
time 8
0  0.000006 0.000000 0.000000  -1.570800 -1.391899 -1.570792
1  -9.841317 -7.634221 1.937669  -1.544956 -1.855077 -0.198630
2  6.027525 -0.000328 0.000190  0.047884 -1.482177 -2.039804
3  11.692113 0.000645 -0.000740  -0.990392 0.000006 -0.790570
4  11.480727 0.000615 -0.000396  1.046521 -0.315705 0.396057
5  3.666629 -0.163903 -1.204802  -0.519250 0.086737 -1.532179
6  1.312590 0.000009 0.000008  -0.003664 0.023357 -0.272237
7  0.729355 0.000055 0.000049  -0.003677 0.000626 -0.150723
8  3.942141 0.046331 -0.431544  -0.205965 0.132196 -1.449654
9  1.539111 0.000083 0.000004  -0.000570 0.007396 -0.283198
10  1.196333 0.000147 0.000028  -0.000713 0.000161 -0.519018
11  3.883511 -0.047212 0.431350  -0.042690 0.198097 -1.260493
12  1.719573 -0.000029 0.000017  -0.000644 0.003280 -0.404344
13  1.209179 0.000091 0.000012  -0.000905 0.002861 -0.623854
14  3.859678 -0.138418 1.332379  -0.235831 0.317274 -1.342437
15  1.719448 -0.000017 0.000028  0.001902 0.001157 -0.067177
16  1.099675 0.000048 0.000005  -0.000943 0.002399 -0.620101
17  0.459533 -0.272516 1.494839  -1.528877 -0.394735 -0.263833
18  1.789820 -0.000003 -0.000016  -0.005043 0.002467 0.111593
19  1.207017 -0.000013 -0.000044  -0.005634 -0.000693 0.835388
20  5.740634 0.000388 -0.000699  -0.112830 0.000003 0.000063
21  11.481153 0.000302 -0.000732  -0.089202 -0.060245 0.048022
22  6.027524 -0.000329 0.000201  1.510325 -0.064903 1.853470
23  -0.000001 11.692097 -0.000008  -0.580824 -0.146791 -0.482328
24  0.000001 0.000008 -0.000001  -0.121332 -0.000031 1.570738
25  0.000000 -0.000012 -0.000000  0.868960 0.000002 1.570712
26  -6.899342 -10.734701 0.826813  1.473120 1.855075 -0.198639
27  6.027517 -0.000263 -0.000216  1.563997 1.247747 -0.687891
28  11.691989 0.000162 0.000859  0.139887 0.000015 -0.970937
29  11.480680 0.000079 0.000818  -1.297409 0.547457 0.490118
30  3.710774 -0.434235 1.096848  0.974897 -0.111756 -2.079603
31  1.312559 0.000031 -0.000000  0.008191 -0.088214 -0.285514
32  0.729347 0.000067 -0.000027  -0.132450 -0.134191 -1.087309
33  3.820804 -0.154609 0.327898  0.610805 -0.300364 -1.640271
34  1.539094 0.000004 -0.000001  0.047162 -0.047589 -0.892209
35  1.196301 0.000081 -0.000003  -0.021079 -0.009374 -1.253100
36  3.882444 -0.171893 -0.416805  0.406628 -0.376223 -1.253560
37  1.719565 -0.000082 -0.000004  0.018695 -0.082922 -1.374417
38  1.209193 0.000034 0.000011  0.003361 -0.003782 -0.857658
39  3.859584 -0.149082 -1.331323  0.052683 -0.238405 -0.449221
40  1.719413 -0.000097 -0.000038  0.031466 0.001819 -1.126076
41  1.099673 0.000022 0.000006  -0.005117 -0.008160 -0.712530
42  0.230504 -0.805067 -1.086894  1.111612 0.594062 -0.578210
43  1.789780 -0.000006 -0.000042  -0.089312 -0.070323 0.368341
44  1.206997 -0.000007 0.000005  0.000678 -0.214508 0.376132
45  5.740572 0.000079 0.000720  0.083075 -0.000014 0.000028
46  11.481078 0.000090 0.000909  0.029722 0.097447 0.070030
47  6.027515 -0.000273 -0.000229  -1.321923 -0.208167 -1.576179
48  -0.000001 11.691974 -0.000007  -0.701536 0.216405 0.577120
49  0.000002 -0.000000 -0.000001  2.412441 -0.000036 1.570860
50  -0.000007 -0.000013 0.000004  2.272645 -0.000036 1.570861
51  -2.535368 -8.563375 -5.451933  -0.144614 -2.879431 1.248129
52  -0.000000 0.000001 -0.000000  0.008153 -0.000259 0.000009
53  -0.000001 -0.000000 -0.000001  1.565115 0.043565 -0.106862
54  0.171803 -10.391706 -6.102574  -0.539913 -0.024889 -1.960434
55  -0.000001 0.000000 -0.000000  0.000000 -0.000001 -0.000002
56  0.000030 0.000029 0.000001  -1.571901 -0.044449 -0.106509
57  12.000549 -19.544212 -17.246658  1.570796 -0.000000 0.000000
58  -15.417984 4.000748 -22.641926  1.570796 -0.000000 0.000000
59  1.941978 9.263218 -8.327020  1.570796 -0.000000 0.000000
60  -0.004311 0.001229 -0.000372  0.006898 -0.005534 -0.284229
61  0.826810 11.791080 -4.879054  1.570796 -0.000000 0.000000
62  0.000000 0.000000 0.000000  -0.078727 -3.136056 0.284226
63  -1.923794 -1.699245 -0.756134  1.570796 -0.000000 0.000000
64  -1.912829 -11.040444 -3.936950  1.569180 -0.003452 0.002234
65  -0.008022 0.449004 2.449477  -0.000000 -0.000000 0.000000
66  -0.008024 2.137776 2.778724  0.049949 -0.000000 0.000000
67  0.000000 2.151127 2.901127  -0.000000 -0.000000 0.000000
68  -0.008023 1.347420 0.085286  -1.051149 0.001216 0.000412
69  0.230628 1.332312 3.105304  -0.000000 -0.000000 0.000000
70  -0.008023 2.172907 7.984049  -0.000000 -0.000000 0.000000
71  -0.008022 1.228065 5.810774  -0.000000 -0.000000 0.000000
72  -0.008023 1.115505 -0.313082  -0.000000 -0.000000 0.000000
73  -0.008023 1.345871 0.084164  1.570796 -0.000000 -0.000000
74  -0.008023 0.197514 1.902819  -0.000000 -0.000000 0.000000
75  -1.924065 -12.947254 -1.771958  1.569180 -0.003452 0.002234
76  -1.917944 -11.766096 -1.985308  1.569180 -0.003452 0.002234
77  -0.008021 -0.151980 0.207543  -0.000000 -0.000000 0.000000
78  -0.008021 -0.653745 0.060181  -0.000000 -0.000000 0.000000
79  -0.000000 -0.501765 -0.147366  -0.000000 -0.000000 0.000000
80  -0.000000 -1.003530 -0.294728  -0.000000 -0.000000 0.000000
81  -0.000000 -1.505296 -0.442090  -0.000000 -0.000000 0.000000
82  -0.000000 -2.007061 -0.589454  -0.000000 -0.000000 0.000000
83  -0.000000 -2.508826 -0.736813  -0.000000 -0.000000 0.000000
84  -0.000000 -2.772559 -0.939010  -0.000000 -0.000000 0.000000
85  -0.000000 -3.071456 -1.220324  -0.000000 -0.000000 0.000000
86  -0.283371 -4.518086 -0.534134  0.346743 -0.000000 -0.000000
87  0.000000 4.582804 -0.219901  -0.051302 0.000000 0.000000
88  -1.924065 -12.947254 -1.771958  1.569180 -0.003452 0.002234
time 9
0  0.000006 0.000000 0.000000  -1.570800 -1.391899 -1.570792
1  -9.841317 -7.634221 1.937669  -1.544956 -1.855077 -0.198630
2  6.027525 -0.000328 0.000190  0.009666 -1.481915 -2.000140
3  11.692111 0.000645 -0.000740  -0.990393 0.000005 -0.798201
4  11.480706 0.000610 -0.000403  1.047158 -0.317247 0.392111
5  3.666626 -0.163903 -1.204802  -0.519250 0.086737 -1.532179
6  1.312589 0.000012 0.000008  -0.003664 0.023356 -0.272237
7  0.729355 0.000054 0.000050  -0.003677 0.000626 -0.150723
8  3.942141 0.046331 -0.431543  -0.205965 0.132196 -1.449654
9  1.539110 0.000083 0.000004  -0.000570 0.007396 -0.283198
10  1.196333 0.000145 0.000028  -0.000713 0.000161 -0.519018
11  3.883510 -0.047212 0.431351  -0.042690 0.198097 -1.260493
12  1.719573 -0.000029 0.000017  -0.000644 0.003280 -0.404344
13  1.209179 0.000090 0.000014  -0.000905 0.002861 -0.623853
14  3.859676 -0.138418 1.332380  -0.235831 0.317274 -1.342437
15  1.719448 -0.000020 0.000028  0.001902 0.001157 -0.067177
16  1.099675 0.000048 0.000006  -0.000943 0.002399 -0.620101
17  0.459532 -0.272516 1.494839  -1.528877 -0.394734 -0.263833
18  1.789819 -0.000004 -0.000016  -0.005043 0.002467 0.111593
19  1.207015 -0.000013 -0.000043  -0.005634 -0.000693 0.835388
20  5.740636 0.000388 -0.000699  -0.112974 0.000003 0.000063
21  11.481151 0.000301 -0.000734  -0.089093 -0.060365 0.047202
22  6.027524 -0.000329 0.000201  1.512674 -0.067363 1.854912
23  0.000001 11.692100 -0.000008  -0.586038 -0.149505 -0.486485
24  0.000001 0.000009 -0.000001  -0.121332 -0.000031 1.570739
25  0.000000 -0.000011 0.000001  0.868960 0.000002 1.570712
26  -6.899342 -10.734701 0.826813  1.473120 1.855075 -0.198639
27  6.027517 -0.000263 -0.000216  1.561651 1.242987 -0.689740
28  11.691991 0.000160 0.000859  0.139888 0.000016 -0.979190
29  11.480634 0.000059 0.000821  -1.299388 0.552826 0.488504
30  3.710773 -0.434234 1.096849  0.974897 -0.111756 -2.079603
31  1.312560 0.000031 -0.000000  0.008191 -0.088214 -0.285514
32  0.729347 0.000065 -0.000028  -0.132450 -0.134191 -1.087309
33  3.820806 -0.154609 0.327900  0.610805 -0.300364 -1.640271
34  1.539095 0.000003 -0.000002  0.047162 -0.047589 -0.892209
35  1.196302 0.000080 -0.000004  -0.021079 -0.009374 -1.253100
36  3.882445 -0.171892 -0.416804  0.406628 -0.376223 -1.253560
37  1.719564 -0.000083 -0.000004  0.018695 -0.082922 -1.374417
38  1.209193 0.000035 0.000011  0.003361 -0.003782 -0.857658
39  3.859584 -0.149081 -1.331322  0.052683 -0.238405 -0.449221
40  1.719412 -0.000097 -0.000037  0.031466 0.001819 -1.126076
41  1.099673 0.000023 0.000006  -0.005117 -0.008160 -0.712530
42  0.230504 -0.805067 -1.086892  1.111612 0.594062 -0.578210
43  1.789779 -0.000008 -0.000042  -0.089312 -0.070323 0.368341
44  1.206996 -0.000007 0.000005  0.000678 -0.214508 0.376132
45  5.740572 0.000079 0.000721  0.083159 -0.000014 0.000028
46  11.481070 0.000085 0.000910  0.029129 0.098379 0.069660
47  6.027515 -0.000273 -0.000229  -1.318632 -0.211753 -1.576492
48  -0.000001 11.691975 -0.000007  -0.706938 0.219855 0.581279
49  0.000003 0.000000 0.000000  2.412441 -0.000036 1.570860
50  -0.000007 -0.000013 0.000005  2.272645 -0.000036 1.570861
51  -2.534416 -8.519317 -5.475408  -0.143846 -2.873698 1.246057
52  0.000001 -0.000000 -0.000000  0.008153 -0.000259 0.000009
53  -0.000001 0.000000 0.000000  1.565115 0.043565 -0.106862
54  0.168602 -10.356380 -6.118686  -0.538790 -0.030560 -1.962336
55  -0.000001 0.000000 0.000001  0.000000 -0.000001 -0.000002
56  0.000030 0.000029 0.000002  -1.571901 -0.044449 -0.106509
57  12.000549 -19.544212 -17.246658  1.570796 -0.000000 0.000000
58  -15.417984 4.000748 -22.641926  1.570796 -0.000000 0.000000
59  1.941978 9.263218 -8.327020  1.570796 -0.000000 0.000000
60  -0.004311 0.001229 -0.000372  0.006898 -0.005534 -0.284229
61  0.826810 11.791080 -4.879054  1.570796 -0.000000 0.000000
62  0.000000 0.000000 0.000000  -0.078727 -3.136056 0.284226
63  -1.923794 -1.699245 -0.756134  1.570796 -0.000000 0.000000
64  -1.914798 -10.988918 -3.947094  1.563510 -0.002324 0.000379
65  -0.008022 0.449003 2.449477  -0.000000 0.000000 -0.000000
66  -0.008024 2.137775 2.778723  0.049949 0.000000 -0.000000
67  0.000000 2.151126 2.901126  -0.000000 0.000000 -0.000000
68  -0.008023 1.347419 0.085285  -1.051149 0.001216 0.000412
69  0.230628 1.332312 3.105305  -0.000000 0.000000 -0.000000
70  -0.008024 2.172906 7.984051  -0.000000 -0.000000 0.000000
71  -0.008022 1.228065 5.810775  -0.000000 0.000000 -0.000000
72  -0.008023 1.115504 -0.313083  -0.000000 0.000000 -0.000000
73  -0.008023 1.345870 0.084164  1.570796 0.000000 -0.000000
74  -0.008023 0.197513 1.902818  -0.000000 0.000000 -0.000000
75  -1.927158 -12.883397 -1.771310  1.563510 -0.002324 0.000379
76  -1.919072 -11.703482 -1.991363  1.563510 -0.002324 0.000379
77  -0.008021 -0.151980 0.207543  -0.000000 0.000000 -0.000000
78  -0.008021 -0.653744 0.060182  -0.000000 0.000000 -0.000000
79  0.000000 -0.501765 -0.147367  -0.000000 0.000000 -0.000000
80  -0.000000 -1.003531 -0.294729  -0.000000 0.000000 -0.000000
81  0.000000 -1.505296 -0.442090  -0.000000 0.000000 -0.000000
82  -0.000000 -2.007061 -0.589454  -0.000000 0.000000 -0.000000
83  -0.000000 -2.508827 -0.736814  -0.000000 0.000000 -0.000000
84  -0.000000 -2.772560 -0.939009  -0.000000 0.000000 -0.000000
85  -0.000000 -3.071457 -1.220324  -0.000000 0.000000 -0.000000
86  -0.283371 -4.518086 -0.534134  0.346743 -0.000000 -0.000000
87  0.000000 4.582805 -0.219901  -0.051302 0.000000 0.000000
88  -1.927158 -12.883397 -1.771310  1.563510 -0.002324 0.000379
time 10
0  0.000006 0.000000 0.000000  -1.570800 -1.391899 -1.570792
1  -9.841317 -7.634221 1.937669  -1.544956 -1.855077 -0.198630
2  6.027525 -0.000329 0.000190  -0.038444 -1.481715 -1.951348
3  11.692114 0.000645 -0.000739  -0.990393 0.000005 -0.809463
4  11.480398 0.000553 -0.000494  1.044894 -0.320840 0.393497
5  3.666628 -0.163903 -1.204803  -0.519250 0.086737 -1.532179
6  1.312589 0.000010 0.000007  -0.003664 0.023356 -0.272237
7  0.729355 0.000053 0.000049  -0.003677 0.000626 -0.150723
8  3.942142 0.046332 -0.431544  -0.205965 0.132196 -1.449654
9  1.539110 0.000082 0.000003  -0.000570 0.007396 -0.283198
10  1.196333 0.000145 0.000028  -0.000713 0.000161 -0.519018
11  3.883511 -0.047211 0.431350  -0.042690 0.198097 -1.260493
12  1.719573 -0.000028 0.000017  -0.000644 0.003280 -0.404344
13  1.209179 0.000091 0.000013  -0.000905 0.002861 -0.623853
14  3.859678 -0.138417 1.332379  -0.235831 0.317274 -1.342437
15  1.719448 -0.000019 0.000028  0.001902 0.001157 -0.067177
16  1.099675 0.000049 0.000006  -0.000943 0.002399 -0.620101
17  0.459534 -0.272515 1.494839  -1.528877 -0.394735 -0.263833
18  1.789819 -0.000004 -0.000016  -0.005043 0.002467 0.111593
19  1.207016 -0.000013 -0.000044  -0.005634 -0.000693 0.835388
20  5.740635 0.000390 -0.000700  -0.113836 0.000003 0.000063
21  11.481089 0.000291 -0.000752  -0.089319 -0.061189 0.047213
22  6.027524 -0.000329 0.000201  1.515853 -0.070237 1.855566
23  0.000001 11.692100 -0.000008  -0.593717 -0.153549 -0.492597
24  0.000001 0.000009 0.000000  -0.121332 -0.000031 1.570739
25  0.000000 -0.000011 -0.000001  0.868960 0.000002 1.570712
26  -6.899342 -10.734701 0.826813  1.473120 1.855075 -0.198639
27  6.027517 -0.000263 -0.000216  1.561245 1.237656 -0.690026
28  11.691992 0.000162 0.000860  0.139888 0.000016 -0.990829
29  11.480576 0.000036 0.000825  -1.301084 0.556368 0.492836
30  3.710775 -0.434234 1.096849  0.974897 -0.111756 -2.079603
31  1.312560 0.000031 -0.000001  0.008191 -0.088214 -0.285514
32  0.729347 0.000064 -0.000028  -0.132450 -0.134191 -1.087309
33  3.820806 -0.154609 0.327899  0.610805 -0.300364 -1.640271
34  1.539095 0.000003 -0.000002  0.047162 -0.047589 -0.892209
35  1.196302 0.000081 -0.000004  -0.021079 -0.009374 -1.253100
36  3.882447 -0.171893 -0.416804  0.406628 -0.376223 -1.253560
37  1.719566 -0.000083 -0.000004  0.018695 -0.082922 -1.374417
38  1.209193 0.000033 0.000011  0.003361 -0.003782 -0.857658
39  3.859584 -0.149082 -1.331322  0.052683 -0.238405 -0.449221
40  1.719412 -0.000097 -0.000037  0.031466 0.001818 -1.126076
41  1.099673 0.000024 0.000006  -0.005117 -0.008160 -0.712530
42  0.230505 -0.805067 -1.086893  1.111612 0.594062 -0.578210
43  1.789779 -0.000008 -0.000042  -0.089312 -0.070323 0.368341
44  1.206996 -0.000007 0.000005  0.000678 -0.214508 0.376132
45  5.740573 0.000079 0.000720  0.083604 -0.000014 0.000028
46  11.481059 0.000081 0.000910  0.028454 0.099056 0.070487
47  6.027515 -0.000273 -0.000229  -1.314490 -0.215223 -1.577271
48  -0.000001 11.691976 -0.000007  -0.714540 0.224757 0.587117
49  0.000004 -0.000000 0.000001  2.412441 -0.000036 1.570860
50  -0.000006 -0.000013 0.000005  2.272645 -0.000036 1.570861
51  -2.534007 -8.454818 -5.473950  -0.144492 -2.870978 1.244360
52  -0.000001 0.000000 -0.000000  0.008153 -0.000259 0.000009
53  0.000000 -0.000000 0.000000  1.565115 0.043565 -0.106862
54  0.164632 -10.298456 -6.116796  -0.539229 -0.033315 -1.964191
55  -0.000000 -0.000000 0.000000  0.000000 -0.000001 -0.000002
56  0.000030 0.000029 0.000001  -1.571902 -0.044449 -0.106509
57  12.000549 -19.544212 -17.246658  1.570796 -0.000000 0.000000
58  -15.417984 4.000748 -22.641926  1.570796 -0.000000 0.000000
59  1.941978 9.263218 -8.327020  1.570796 -0.000000 0.000000
60  -0.004311 0.001229 -0.000372  0.006898 -0.005534 -0.284229
61  0.826810 11.791080 -4.879054  1.570796 -0.000000 0.000000
62  0.000000 0.000000 0.000000  -0.078727 -3.136056 0.284226
63  -1.923794 -1.699245 -0.756134  1.570796 -0.000000 0.000000
64  -1.916767 -10.921936 -3.940671  1.561132 -0.000865 -0.001486
65  -0.008022 0.449003 2.449477  0.000000 0.000000 -0.000000
66  -0.008024 2.137776 2.778724  0.049949 0.000000 -0.000000
67  0.000000 2.151127 2.901126  0.000000 0.000000 -0.000000
68  -0.008023 1.347419 0.085285  -1.051149 0.001216 0.000412
69  0.230627 1.332312 3.105304  0.000000 0.000000 -0.000000
70  -0.008024 2.172906 7.984050  0.000000 -0.000000 0.000000
71  -0.008022 1.228065 5.810773  0.000000 0.000000 -0.000000
72  -0.008023 1.115505 -0.313081  0.000000 0.000000 -0.000000
73  -0.008023 1.345870 0.084164  1.570796 0.000000 -0.000000
74  -0.008023 0.197514 1.902819  0.000000 0.000000 -0.000000
75  -1.929483 -12.811212 -1.760372  1.561132 -0.000865 -0.001486
76  -1.919515 -11.631842 -1.983242  1.561132 -0.000865 -0.001486
77  -0.008021 -0.151980 0.207542  0.000000 0.000000 -0.000000
78  -0.008021 -0.653745 0.060180  0.000000 0.000000 -0.000000
79  0.000000 -0.501765 -0.147368  0.000000 0.000000 -0.000000
80  0.000000 -1.003531 -0.294728  0.000000 0.000000 -0.000000
81  -0.000000 -1.505297 -0.442091  0.000000 0.000000 -0.000000
82  -0.000000 -2.007061 -0.589454  0.000000 0.000000 -0.000000
83  -0.000000 -2.508827 -0.736815  0.000000 0.000000 -0.000000
84  0.000000 -2.772559 -0.939010  0.000000 0.000000 -0.000000
85  0.000000 -3.071457 -1.220325  0.000000 0.000000 -0.000000
86  -0.283371 -4.518085 -0.534134  0.346743 -0.000000 -0.000000
87  0.000000 4.582804 -0.219901  -0.051302 0.000000 0.000000
88  -1.929483 -12.811212 -1.760372  1.561132 -0.000865 -0.001486
time 11
0  0.000006 0.000000 0.000000  -1.570800 -1.391899 -1.570792
1  -9.841317 -7.634221 1.937669  -1.544956 -1.855077 -0.198630
2  6.027525 -0.000329 0.000190  -0.087538 -1.481461 -1.902160
3  11.692113 0.000645 -0.000739  -0.990394 0.000005 -0.821842
4  11.480037 0.000480 -0.000601  1.040186 -0.325609 0.399410
5  3.666628 -0.163904 -1.204801  -0.519250 0.086737 -1.532179
6  1.312589 0.000010 0.000008  -0.003664 0.023356 -0.272237
7  0.729354 0.000054 0.000048  -0.003677 0.000626 -0.150723
8  3.942141 0.046331 -0.431542  -0.205965 0.132197 -1.449654
9  1.539110 0.000083 0.000003  -0.000570 0.007396 -0.283198
10  1.196333 0.000146 0.000029  -0.000713 0.000161 -0.519018
11  3.883510 -0.047212 0.431351  -0.042690 0.198097 -1.260493
12  1.719573 -0.000029 0.000017  -0.000644 0.003280 -0.404344
13  1.209178 0.000091 0.000012  -0.000905 0.002861 -0.623854
14  3.859676 -0.138418 1.332380  -0.235831 0.317274 -1.342437
15  1.719448 -0.000018 0.000028  0.001902 0.001157 -0.067177
16  1.099675 0.000049 0.000006  -0.000943 0.002399 -0.620101
17  0.459533 -0.272516 1.494840  -1.528877 -0.394735 -0.263833
18  1.789819 -0.000004 -0.000016  -0.005043 0.002467 0.111593
19  1.207017 -0.000012 -0.000044  -0.005634 -0.000693 0.835388
20  5.740635 0.000388 -0.000699  -0.115229 0.000003 0.000064
21  11.481015 0.000276 -0.000773  -0.089846 -0.062505 0.047953
22  6.027524 -0.000329 0.000201  1.519215 -0.073055 1.855615
23  -0.000000 11.692100 -0.000008  -0.602133 -0.158047 -0.499282
24  0.000003 0.000009 0.000000  -0.121332 -0.000031 1.570739
25  -0.000000 -0.000011 0.000000  0.868960 0.000002 1.570712
26  -6.899342 -10.734701 0.826813  1.473120 1.855075 -0.198639
27  6.027517 -0.000263 -0.000216  1.562298 1.232763 -0.689156
28  11.691990 0.000161 0.000858  0.139889 0.000017 -1.003111
29  11.480514 0.000009 0.000829  -1.302084 0.557518 0.501617
30  3.710774 -0.434235 1.096848  0.974897 -0.111756 -2.079603
31  1.312559 0.000030 0.000000  0.008191 -0.088214 -0.285514
32  0.729348 0.000063 -0.000028  -0.132450 -0.134191 -1.087309
33  3.820807 -0.154609 0.327899  0.610805 -0.300364 -1.640271
34  1.539095 0.000005 -0.000001  0.047162 -0.047589 -0.892209
35  1.196302 0.000081 -0.000003  -0.021079 -0.009374 -1.253100
36  3.882446 -0.171892 -0.416804  0.406628 -0.376223 -1.253560
37  1.719565 -0.000084 -0.000005  0.018695 -0.082922 -1.374417
38  1.209193 0.000033 0.000012  0.003361 -0.003782 -0.857658
39  3.859584 -0.149082 -1.331322  0.052683 -0.238405 -0.449221
40  1.719411 -0.000097 -0.000037  0.031466 0.001819 -1.126076
41  1.099673 0.000023 0.000006  -0.005117 -0.008160 -0.712530
42  0.230503 -0.805067 -1.086894  1.111612 0.594062 -0.578210
43  1.789780 -0.000007 -0.000042  -0.089312 -0.070323 0.368341
44  1.206997 -0.000007 0.000005  0.000678 -0.214508 0.376132
45  5.740573 0.000079 0.000721  0.084278 -0.000014 0.000028
46  11.481047 0.000076 0.000911  0.027863 0.099362 0.072212
47  6.027515 -0.000273 -0.000229  -1.310378 -0.218041 -1.578280
48  -0.000001 11.691973 -0.000008  -0.722538 0.229977 0.593244
49  0.000004 0.000000 -0.000001  2.412441 -0.000036 1.570860
50  -0.000007 -0.000014 0.000004  2.272645 -0.000036 1.570861
51  -2.534208 -8.385077 -5.454303  -0.146333 -2.871667 1.243414
52  0.000000 -0.000000 -0.000000  0.008153 -0.000259 0.000009
53  0.000000 0.000000 -0.000000  1.565115 0.043565 -0.106862
54  0.160837 -10.231804 -6.103339  -0.541047 -0.032747 -1.965569
55  -0.000000 0.000000 0.000000  0.000000 -0.000001 -0.000002
56  0.000030 0.000029 0.000001  -1.571901 -0.044449 -0.106509
57  12.000549 -19.544212 -17.246658  1.570796 -0.000000 0.000000
58  -15.417984 4.000748 -22.641926  1.570796 -0.000000 0.000000
59  1.941978 9.263218 -8.327020  1.570796 -0.000000 0.000000
60  -0.004311 0.001229 -0.000372  0.006898 -0.005534 -0.284229
61  0.826810 11.791080 -4.879054  1.570796 -0.000000 0.000000
62  0.000000 0.000000 0.000000  -0.078727 -3.136056 0.284226
63  -1.923794 -1.699245 -0.756134  1.570796 -0.000000 0.000000
64  -1.918282 -10.854953 -3.924940  1.562351 0.000597 -0.002924
65  -0.008022 0.449004 2.449478  0.000000 0.000000 0.000000
66  -0.008023 2.137777 2.778723  0.049949 0.000000 0.000000
67  0.000000 2.151128 2.901128  0.000000 0.000000 0.000000
68  -0.008023 1.347420 0.085284  -1.051149 0.001216 0.000412
69  0.230628 1.332312 3.105305  0.000000 0.000000 0.000000
70  -0.008023 2.172907 7.984051  0.000000 -0.000000 0.000000
71  -0.008022 1.228066 5.810777  0.000000 0.000000 0.000000
72  -0.008023 1.115505 -0.313081  0.000000 0.000000 0.000000
73  -0.008023 1.345871 0.084163  1.570796 0.000000 -0.000000
74  -0.008023 0.197514 1.902819  0.000000 0.000000 0.000000
75  -1.930535 -12.746876 -1.746932  1.562351 0.000597 -0.002924
76  -1.919196 -11.567247 -1.968377  1.562351 0.000597 -0.002924
77  -0.008021 -0.151979 0.207542  0.000000 0.000000 0.000000
78  -0.008021 -0.653744 0.060181  0.000000 0.000000 0.000000
79  0.000000 -0.501765 -0.147366  0.000000 0.000000 0.000000
80  0.000000 -1.003531 -0.294729  0.000000 0.000000 0.000000
81  0.000000 -1.505297 -0.442089  0.000000 0.000000 0.000000
82  -0.000000 -2.007060 -0.589453  0.000000 0.000000 0.000000
83  -0.000000 -2.508827 -0.736814  0.000000 0.000000 0.000000
84  -0.000000 -2.772559 -0.939010  0.000000 0.000000 0.000000
85  0.000000 -3.071457 -1.220324  0.000000 0.000000 0.000000
86  -0.283371 -4.518086 -0.534136  0.346743 -0.000000 -0.000000
87  0.000000 4.582804 -0.219900  -0.051302 0.000000 0.000000
88  -1.930535 -12.746876 -1.746932  1.562351 0.000597 -0.002924
time 12
0  0.000006 0.000000 0.000000  -1.570800 -1.391899 -1.570792
1  -9.841317 -7.634221 1.937669  -1.544956 -1.855077 -0.198630
2  6.027525 -0.000329 0.000190  -0.126450 -1.481232 -1.863639
3  11.692113 0.000644 -0.000738  -0.990395 0.000005 -0.832221
4  11.480928 0.000648 -0.000351  1.035213 -0.330307 0.406668
5  3.666630 -0.163903 -1.204802  -0.519250 0.086737 -1.532179
6  1.312590 0.000008 0.000008  -0.003664 0.023356 -0.272237
7  0.729355 0.000054 0.000049  -0.003677 0.000626 -0.150723
8  3.942141 0.046332 -0.431543  -0.205965 0.132196 -1.449654
9  1.539110 0.000083 0.000004  -0.000570 0.007396 -0.283198
10  1.196333 0.000145 0.000028  -0.000713 0.000161 -0.519018
11  3.883511 -0.047212 0.431351  -0.042690 0.198097 -1.260493
12  1.719573 -0.000029 0.000018  -0.000644 0.003280 -0.404344
13  1.209179 0.000091 0.000013  -0.000905 0.002861 -0.623853
14  3.859678 -0.138418 1.332379  -0.235831 0.317274 -1.342437
15  1.719448 -0.000018 0.000028  0.001902 0.001157 -0.067177
16  1.099675 0.000048 0.000006  -0.000943 0.002399 -0.620101
17  0.459535 -0.272515 1.494839  -1.528877 -0.394734 -0.263833
18  1.789820 -0.000004 -0.000017  -0.005043 0.002467 0.111593
19  1.207017 -0.000012 -0.000044  -0.005634 -0.000693 0.835388
20  5.740636 0.000390 -0.000699  -0.116621 0.000003 0.000063
21  11.481194 0.000309 -0.000724  -0.090388 -0.063873 0.048944
22  6.027524 -0.000329 0.000201  1.521970 -0.075197 1.855175
23  0.000000 11.692099 -0.000007  -0.609171 -0.161862 -0.504862
24  0.000005 0.000009 0.000000  -0.121333 -0.000031 1.570739
25  -0.000000 -0.000011 0.000000  0.868960 0.000002 1.570712
26  -6.899342 -10.734701 0.826813  1.473120 1.855075 -0.198639
27  6.027517 -0.000263 -0.000216  1.564128 1.229376 -0.687692
28  11.691991 0.000161 0.000858  0.139890 0.000017 -1.012826
29  11.480468 -0.000011 0.000830  -1.302482 0.556748 0.510733
30  3.710775 -0.434235 1.096849  0.974897 -0.111756 -2.079603
31  1.312560 0.000032 0.000000  0.008191 -0.088214 -0.285514
32  0.729348 0.000066 -0.000027  -0.132450 -0.134191 -1.087309
33  3.820805 -0.154608 0.327899  0.610805 -0.300364 -1.640271
34  1.539095 0.000005 -0.000002  0.047162 -0.047589 -0.892209
35  1.196303 0.000081 -0.000003  -0.021079 -0.009374 -1.253100
36  3.882446 -0.171892 -0.416804  0.406628 -0.376223 -1.253560
37  1.719564 -0.000083 -0.000004  0.018695 -0.082922 -1.374417
38  1.209193 0.000035 0.000011  0.003361 -0.003782 -0.857658
39  3.859585 -0.149082 -1.331322  0.052683 -0.238405 -0.449221
40  1.719412 -0.000097 -0.000037  0.031466 0.001819 -1.126076
41  1.099673 0.000021 0.000006  -0.005117 -0.008160 -0.712530
42  0.230504 -0.805067 -1.086893  1.111612 0.594062 -0.578210
43  1.789779 -0.000008 -0.000042  -0.089312 -0.070323 0.368341
44  1.206996 -0.000007 0.000005  0.000678 -0.214508 0.376132
45  5.740573 0.000079 0.000721  0.084938 -0.000014 0.000028
46  11.481037 0.000072 0.000911  0.027474 0.099326 0.074029
47  6.027515 -0.000273 -0.000229  -1.307288 -0.219697 -1.579211
48  -0.000001 11.691975 -0.000008  -0.728849 0.234139 0.598065
49  0.000003 0.000001 0.000000  2.412441 -0.000036 1.570860
50  -0.000007 -0.000014 0.000004  2.272645 -0.000036 1.570861
51  -2.535096 -8.328754 -5.426681  -0.148406 -2.874063 1.243386
52  0.000000 -0.000000 0.000000  0.008153 -0.000259 0.000009
53  0.000000 0.000000 0.000000  1.565115 0.043565 -0.106862
54  0.158148 -10.175137 -6.084117  -0.543204 -0.030492 -1.966078
55  -0.000000 0.000000 -0.000000  0.000000 -0.000001 -0.000002
56  0.000030 0.000029 0.000001  -1.571902 -0.044449 -0.106509
57  12.000549 -19.544212 -17.246658  1.570796 -0.000000 0.000000
58  -15.417984 4.000748 -22.641926  1.570796 -0.000000 0.000000
59  1.941978 9.263218 -8.327020  1.570796 -0.000000 0.000000
60  -0.004311 0.001229 -0.000372  0.006898 -0.005534 -0.284229
61  0.826810 11.791080 -4.879054  1.570796 -0.000000 0.000000
62  0.000000 0.000000 0.000000  -0.078727 -3.136056 0.284226
63  -1.923794 -1.699245 -0.756134  1.570796 -0.000000 0.000000
64  -1.918888 -10.803427 -3.905208  1.565258 0.001728 -0.003498
65  -0.008022 0.449004 2.449477  -0.000000 -0.000000 -0.000000
66  -0.008023 2.137776 2.778723  0.049949 -0.000000 -0.000000
67  0.000000 2.151127 2.901127  -0.000000 -0.000000 -0.000000
68  -0.008023 1.347419 0.085285  -1.051149 0.001216 0.000412
69  0.230628 1.332312 3.105304  -0.000000 -0.000000 -0.000000
70  -0.008023 2.172907 7.984051  -0.000000 -0.000000 0.000000
71  -0.008022 1.228065 5.810778  -0.000000 -0.000000 -0.000000
72  -0.008022 1.115505 -0.313082  -0.000000 -0.000000 -0.000000
73  -0.008022 1.345870 0.084164  1.570796 -0.000000 -0.000000
74  -0.008022 0.197514 1.902818  -0.000000 -0.000000 -0.000000
75  -1.929796 -12.701676 -1.732704  1.565258 0.001728 -0.003498
76  -1.918022 -11.521415 -1.950726  1.565258 0.001728 -0.003498
77  -0.008021 -0.151980 0.207544  -0.000000 -0.000000 -0.000000
78  -0.008022 -0.653745 0.060181  -0.000000 -0.000000 -0.000000
79  -0.000000 -0.501766 -0.147366  -0.000000 -0.000000 -0.000000
80  0.000000 -1.003531 -0.294727  -0.000000 -0.000000 -0.000000
81  -0.000000 -1.505297 -0.442089  -0.000000 -0.000000 -0.000000
82  -0.000000 -2.007061 -0.589453  -0.000000 -0.000000 -0.000000
83  0.000000 -2.508827 -0.736813  -0.000000 -0.000000 -0.000000
84  -0.000000 -2.772560 -0.939008  -0.000000 -0.000000 -0.000000
85  -0.000000 -3.071457 -1.220325  -0.000000 -0.000000 -0.000000
86  -0.283371 -4.518087 -0.534134  0.346743 -0.000000 -0.000000
87  0.000000 4.582804 -0.219901  -0.051302 0.000000 0.000000
88  -1.929796 -12.701676 -1.732704  1.565258 0.001728 -0.003498
time 13
0  0.000006 0.000000 0.000000  -1.570800 -1.391899 -1.570792
1  -9.841317 -7.634221 1.937669  -1.544956 -1.855077 -0.198630
2  6.027525 -0.000329 0.000190  -0.141854 -1.481281 -1.849033
3  11.692113 0.000646 -0.000739  -0.990395 0.000005 -0.837151
4  11.480900 0.000642 -0.000359  1.031735 -0.333629 0.412755
5  3.666627 -0.163904 -1.204802  -0.519250 0.086737 -1.532179
6  1.312589 0.000010 0.000009  -0.003664 0.023357 -0.272237
7  0.729355 0.000054 0.000050  -0.003677 0.000626 -0.150723
8  3.942141 0.046331 -0.431543  -0.205965 0.132196 -1.449654
9  1.539111 0.000081 0.000003  -0.000570 0.007396 -0.283198
10  1.196332 0.000147 0.000029  -0.000713 0.000161 -0.519018
11  3.883511 -0.047212 0.431351  -0.042690 0.198097 -1.260493
12  1.719573 -0.000029 0.000017  -0.000644 0.003280 -0.404344
13  1.209179 0.000091 0.000013  -0.000905 0.002861 -0.623853
14  3.859677 -0.138418 1.332380  -0.235831 0.317274 -1.342437
15  1.719448 -0.000018 0.000028  0.001902 0.001157 -0.067177
16  1.099674 0.000049 0.000006  -0.000943 0.002399 -0.620101
17  0.459534 -0.272516 1.494839  -1.528877 -0.394735 -0.263833
18  1.789818 -0.000004 -0.000016  -0.005043 0.002467 0.111593
19  1.207017 -0.000012 -0.000044  -0.005634 -0.000693 0.835388
20  5.740635 0.000390 -0.000700  -0.117534 0.000003 0.000063
21  11.481189 0.000308 -0.000724  -0.090736 -0.064879 0.049829
22  6.027524 -0.000329 0.000201  1.523159 -0.075898 1.854351
23  0.000001 11.692100 -0.000007  -0.612508 -0.163687 -0.507504
24  0.000003 0.000009 -0.000001  -0.121332 -0.000030 1.570738
25  0.000001 -0.000011 0.000000  0.868960 0.000002 1.570712
26  -6.899342 -10.734701 0.826813  1.473120 1.855075 -0.198639
27  6.027517 -0.000263 -0.000216  1.566248 1.228493 -0.686016
28  11.691991 0.000162 0.000859  0.139890 0.000017 -1.017063
29  11.480448 -0.000019 0.000833  -1.302231 0.554179 0.517067
30  3.710775 -0.434234 1.096848  0.974897 -0.111756 -2.079603
31  1.312560 0.000030 -0.000001  0.008190 -0.088214 -0.285514
32  0.729347 0.000065 -0.000027  -0.132450 -0.134191 -1.087309
33  3.820806 -0.154609 0.327900  0.610805 -0.300364 -1.640271
34  1.539095 0.000002 -0.000001  0.047162 -0.047589 -0.892209
35  1.196302 0.000081 -0.000003  -0.021079 -0.009374 -1.253100
36  3.882445 -0.171892 -0.416804  0.406628 -0.376223 -1.253560
37  1.719565 -0.000082 -0.000004  0.018695 -0.082922 -1.374417
38  1.209195 0.000033 0.000012  0.003361 -0.003782 -0.857658
39  3.859584 -0.149081 -1.331322  0.052683 -0.238405 -0.449221
40  1.719413 -0.000097 -0.000037  0.031466 0.001818 -1.126076
41  1.099672 0.000022 0.000007  -0.005117 -0.008160 -0.712530
42  0.230504 -0.805067 -1.086893  1.111612 0.594062 -0.578210
43  1.789780 -0.000007 -0.000042  -0.089312 -0.070323 0.368341
44  1.206996 -0.000006 0.000005  0.000678 -0.214508 0.376132
45  5.740573 0.000079 0.000721  0.085364 -0.000014 0.000028
46  11.481033 0.000071 0.000912  0.027417 0.098932 0.075326
47  6.027515 -0.000273 -0.000229  -1.306126 -0.219698 -1.579787
48  -0.000001 11.691975 -0.000008  -0.731596 0.235964 0.600160
49  0.000003 0.000000 0.000000  2.412441 -0.000036 1.570860
50  -0.000006 -0.000013 0.000004  2.272645 -0.000036 1.570861
51  -2.536793 -8.303298 -5.399372  -0.150001 -2.877210 1.244495
52  -0.000000 0.000000 0.000000  0.008153 -0.000259 0.000009
53  0.000000 0.000000 -0.000000  1.565115 0.043565 -0.106862
54  0.157426 -10.145528 -6.064420  -0.544954 -0.027457 -1.965338
55  0.000001 0.000001 0.000000  0.000000 -0.000001 -0.000002
56  0.000030 0.000030 0.000001  -1.571901 -0.044449 -0.106509
57  12.000549 -19.544212 -17.246658  1.570796 -0.000000 0.000000
58  -15.417984 4.000748 -22.641926  1.570796 -0.000000 0.000000
59  1.941978 9.263218 -8.327020  1.570796 -0.000000 0.000000
60  -0.004311 0.001229 -0.000372  0.006898 -0.005534 -0.284229
61  0.826810 11.791080 -4.879054  1.570796 -0.000000 0.000000
62  0.000000 0.000000 0.000000  -0.078727 -3.136056 0.284226
63  -1.923794 -1.699245 -0.756134  1.570796 -0.000000 0.000000
64  -1.918199 -10.782817 -3.886781  1.568731 0.002186 -0.002802
65  -0.008022 0.449003 2.449476  0.000000 -0.000000 -0.000000
66  -0.008023 2.137776 2.778723  0.049949 -0.000000 -0.000000
67  0.000000 2.151126 2.901126  0.000000 -0.000000 -0.000000
68  -0.008023 1.347419 0.085283  -1.051149 0.001216 0.000412
69  0.230627 1.332311 3.105303  0.000000 -0.000000 -0.000000
70  -0.008024 2.172907 7.984049  0.000000 -0.000000 0.000000
71  -0.008022 1.228065 5.810775  0.000000 -0.000000 -0.000000
72  -0.008023 1.115504 -0.313083  0.000000 -0.000000 -0.000000
73  -0.008023 1.345870 0.084162  1.570796 -0.000000 -0.000000
74  -0.008023 0.197513 1.902817  0.000000 -0.000000 -0.000000
75  -1.926827 -12.688610 -1.720881  1.568731 0.002186 -0.002802
76  -1.915962 -11.507590 -1.934806  1.568731 0.002186 -0.002802
77  -0.008021 -0.151980 0.207543  0.000000 -0.000000 -0.000000
78  -0.008021 -0.653745 0.060181  0.000000 -0.000000 -0.000000
79  -0.000000 -0.501765 -0.147367  0.000000 -0.000000 -0.000000
80  -0.000000 -1.003531 -0.294728  0.000000 -0.000000 -0.000000
81  0.000000 -1.505297 -0.442090  0.000000 -0.000000 -0.000000
82  0.000000 -2.007061 -0.589454  0.000000 -0.000000 -0.000000
83  -0.000000 -2.508827 -0.736815  0.000000 -0.000000 -0.000000
84  -0.000000 -2.772560 -0.939010  0.000000 -0.000000 -0.000000
85  0.000000 -3.071457 -1.220324  0.000000 -0.000000 -0.000000
86  -0.283371 -4.518086 -0.534135  0.346743 -0.000000 -0.000000
87  -0.000000 4.582804 -0.219899  -0.051302 0.000000 0.000000
88  -1.926827 -12.688610 -1.720881  1.568731 0.002186 -0.002802
time 14
0  0.000006 0.000000 0.000000  -1.570800 -1.391899 -1.570792
1  -9.841317 -7.634221 1.937669  -1.544956 -1.855077 -0.198630
2  6.027525 -0.000329 0.000190  -0.139352 -1.481549 -1.852399
3  11.692113 0.000645 -0.000738  -0.990395 0.000005 -0.837383
4  11.480901 0.000640 -0.000360  1.030419 -0.335392 0.416600
5  3.666627 -0.163904 -1.204802  -0.519250 0.086737 -1.532179
6  1.312590 0.000009 0.000007  -0.003664 0.023357 -0.272237
7  0.729356 0.000054 0.000049  -0.003677 0.000626 -0.150723
8  3.942140 0.046330 -0.431543  -0.205965 0.132196 -1.449654
9  1.539111 0.000084 0.000004  -0.000570 0.007396 -0.283198
10  1.196334 0.000144 0.000028  -0.000713 0.000161 -0.519018
11  3.883511 -0.047212 0.431351  -0.042690 0.198097 -1.260493
12  1.719573 -0.000029 0.000017  -0.000644 0.003280 -0.404344
13  1.209180 0.000090 0.000012  -0.000905 0.002861 -0.623854
14  3.859676 -0.138418 1.332380  -0.235831 0.317274 -1.342437
15  1.719448 -0.000019 0.000029  0.001902 0.001157 -0.067177
16  1.099675 0.000049 0.000005  -0.000943 0.002399 -0.620101
17  0.459533 -0.272516 1.494839  -1.528877 -0.394735 -0.263833
18  1.789818 -0.000003 -0.000016  -0.005043 0.002467 0.111593
19  1.207017 -0.000013 -0.000043  -0.005634 -0.000693 0.835388
20  5.740636 0.000387 -0.000700  -0.117841 0.000003 0.000063
21  11.481189 0.000307 -0.000726  -0.090802 -0.065418 0.050440
22  6.027524 -0.000329 0.000201  1.523113 -0.075553 1.853480
23  0.000000 11.692099 -0.000008  -0.612665 -0.163774 -0.507629
24  0.000004 0.000008 0.000001  -0.121332 -0.000030 1.570739
25  0.000000 -0.000012 -0.000000  0.868960 0.000002 1.570712
26  -6.899342 -10.734701 0.826813  1.473120 1.855075 -0.198639
27  6.027517 -0.000263 -0.000216  1.567926 1.229488 -0.684697
28  11.691991 0.000159 0.000858  0.139890 0.000017 -1.016475
29  11.480451 -0.000019 0.000833  -1.301289 0.551002 0.519822
30  3.710774 -0.434234 1.096848  0.974897 -0.111756 -2.079603
31  1.312560 0.000030 0.000000  0.008191 -0.088214 -0.285514
32  0.729347 0.000067 -0.000028  -0.132450 -0.134191 -1.087309
33  3.820806 -0.154609 0.327900  0.610805 -0.300364 -1.640271
34  1.539094 0.000003 -0.000001  0.047162 -0.047589 -0.892209
35  1.196302 0.000080 -0.000004  -0.021079 -0.009374 -1.253100
36  3.882445 -0.171892 -0.416805  0.406628 -0.376223 -1.253560
37  1.719564 -0.000083 -0.000004  0.018695 -0.082922 -1.374417
38  1.209193 0.000033 0.000011  0.003361 -0.003782 -0.857658
39  3.859585 -0.149081 -1.331322  0.052683 -0.238405 -0.449221
40  1.719414 -0.000097 -0.000037  0.031466 0.001819 -1.126076
41  1.099672 0.000023 0.000006  -0.005117 -0.008160 -0.712530
42  0.230503 -0.805067 -1.086893  1.111612 0.594063 -0.578210
43  1.789780 -0.000007 -0.000042  -0.089312 -0.070323 0.368341
44  1.206996 -0.000006 0.000005  0.000678 -0.214508 0.376132
45  5.740573 0.000078 0.000721  0.085563 -0.000014 0.000028
46  11.481033 0.000069 0.000912  0.027662 0.098399 0.075909
47  6.027515 -0.000273 -0.000229  -1.306561 -0.218637 -1.579954
48  -0.000001 11.691974 -0.000007  -0.731215 0.235711 0.599870
49  0.000004 -0.000000 0.000000  2.412441 -0.000036 1.570860
50  -0.000007 -0.000013 0.000005  2.272645 -0.000036 1.570861
51  -2.538443 -8.305737 -5.380587  -0.150567 -2.880098 1.246164
52  0.000000 -0.000000 -0.000000  0.008153 -0.000259 0.000009
53  0.000000 0.000000 0.000000  1.565115 0.043565 -0.106862
54  0.158848 -10.141916 -6.049893  -0.545696 -0.024613 -1.963796
55  -0.000000 -0.000000 0.000000  0.000000 -0.000001 -0.000002
56  0.000030 0.000029 0.000001  -1.571901 -0.044449 -0.106509
57  12.000549 -19.544212 -17.246658  1.570796 -0.000000 0.000000
58  -15.417984 4.000748 -22.641926  1.570796 -0.000000 0.000000
59  1.941978 9.263218 -8.327020  1.570796 -0.000000 0.000000
60  -0.004311 0.001229 -0.000372  0.006898 -0.005534 -0.284229
61  0.826810 11.791080 -4.879054  1.570796 -0.000000 0.000000
62  0.000000 0.000000 0.000000  -0.078727 -3.136056 0.284226
63  -1.923794 -1.699245 -0.756134  1.570796 -0.000000 0.000000
64  -1.916684 -10.788704 -3.874966  1.571643 0.001786 -0.001274
65  -0.008022 0.449003 2.449476  0.000000 -0.000000 -0.000000
66  -0.008024 2.137776 2.778722  0.049949 -0.000000 -0.000000
67  0.000000 2.151127 2.901126  0.000000 -0.000000 -0.000000
68  -0.008023 1.347420 0.085284  -1.051149 0.001216 0.000412
69  0.230628 1.332312 3.105304  0.000000 -0.000000 -0.000000
70  -0.008023 2.172907 7.984049  0.000000 -0.000000 0.000000
71  -0.008022 1.228065 5.810774  0.000000 -0.000000 -0.000000
72  -0.008023 1.115505 -0.313083  0.000000 -0.000000 -0.000000
73  -0.008023 1.345870 0.084163  1.570796 -0.000000 -0.000000
74  -0.008023 0.197513 1.902818  0.000000 -0.000000 -0.000000
75  -1.923283 -12.700804 -1.714626  1.571643 0.001786 -0.001274
76  -1.914131 -11.519152 -1.925109  1.571643 0.001786 -0.001274
77  -0.008021 -0.151980 0.207543  0.000000 -0.000000 -0.000000
78  -0.008021 -0.653745 0.060182  0.000000 -0.000000 -0.000000
79  -0.000000 -0.501766 -0.147367  0.000000 -0.000000 -0.000000
80  0.000000 -1.003531 -0.294729  0.000000 -0.000000 -0.000000
81  0.000000 -1.505297 -0.442090  0.000000 -0.000000 -0.000000
82  0.000000 -2.007060 -0.589454  0.000000 -0.000000 -0.000000
83  0.000000 -2.508827 -0.736816  0.000000 -0.000000 -0.000000
84  0.000000 -2.772560 -0.939010  0.000000 -0.000000 -0.000000
85  0.000000 -3.071457 -1.220325  0.000000 -0.000000 -0.000000
86  -0.283371 -4.518086 -0.534134  0.346743 -0.000000 -0.000000
87  0.000000 4.582804 -0.219902  -0.051302 0.000000 0.000000
88  -1.923283 -12.700804 -1.714626  1.571643 0.001786 -0.001274
time 15
0  0.000006 0.000000 0.000000  -1.570800 -1.391899 -1.570792
1  -9.841317 -7.634221 1.937669  -1.544956 -1.855077 -0.198630
2  6.027525 -0.000329 0.000190  -0.129543 -1.481847 -1.862895
3  11.692114 0.000643 -0.000739  -0.990395 0.000005 -0.835419
4  11.480912 0.000643 -0.000355  1.031096 -0.335978 0.417832
5  3.666628 -0.163904 -1.204803  -0.519250 0.086737 -1.532179
6  1.312590 0.000011 0.000008  -0.003664 0.023357 -0.272237
7  0.729355 0.000054 0.000049  -0.003677 0.000626 -0.150723
8  3.942140 0.046331 -0.431544  -0.205965 0.132196 -1.449654
9  1.539110 0.000082 0.000004  -0.000570 0.007396 -0.283198
10  1.196333 0.000146 0.000029  -0.000713 0.000161 -0.519019
11  3.883511 -0.047212 0.431350  -0.042690 0.198097 -1.260493
12  1.719573 -0.000030 0.000017  -0.000644 0.003280 -0.404344
13  1.209180 0.000091 0.000012  -0.000905 0.002861 -0.623853
14  3.859677 -0.138418 1.332379  -0.235831 0.317274 -1.342437
15  1.719448 -0.000019 0.000029  0.001902 0.001157 -0.067177
16  1.099675 0.000050 0.000006  -0.000943 0.002399 -0.620101
17  0.459533 -0.272516 1.494839  -1.528877 -0.394735 -0.263833
18  1.789818 -0.000004 -0.000016  -0.005043 0.002467 0.111593
19  1.207017 -0.000012 -0.000043  -0.005634 -0.000693 0.835388
20  5.740637 0.000389 -0.000699  -0.117664 0.000003 0.000063
21  11.481193 0.000308 -0.000724  -0.090613 -0.065554 0.050681
22  6.027524 -0.000329 0.000201  1.522537 -0.074831 1.852798
23  -0.000000 11.692099 -0.000008  -0.611336 -0.163045 -0.506577
24  0.000003 0.000009 -0.000000  -0.121332 -0.000030 1.570739
25  -0.000001 -0.000012 -0.000000  0.868960 0.000002 1.570712
26  -6.899342 -10.734701 0.826813  1.473120 1.855075 -0.198639
27  6.027517 -0.000263 -0.000216  1.568797 1.230987 -0.684013
28  11.691991 0.000161 0.000859  0.139890 0.000017 -1.013896
29  11.480464 -0.000014 0.000830  -1.300170 0.548743 0.519607
30  3.710775 -0.434234 1.096848  0.974897 -0.111756 -2.079603
31  1.312559 0.000031 -0.000000  0.008191 -0.088214 -0.285514
32  0.729347 0.000066 -0.000028  -0.132450 -0.134191 -1.087309
33  3.820806 -0.154608 0.327899  0.610805 -0.300364 -1.640271
34  1.539094 0.000004 -0.000002  0.047162 -0.047589 -0.892209
35  1.196302 0.000081 -0.000003  -0.021079 -0.009374 -1.253100
36  3.882446 -0.171891 -0.416804  0.406628 -0.376223 -1.253560
37  1.719565 -0.000083 -0.000004  0.018695 -0.082922 -1.374417
38  1.209194 0.000034 0.000011  0.003361 -0.003782 -0.857658
39  3.859584 -0.149081 -1.331323  0.052683 -0.238405 -0.449221
40  1.719414 -0.000097 -0.000037  0.031466 0.001819 -1.126076
41  1.099673 0.000023 0.000007  -0.005117 -0.008160 -0.712530
42  0.230504 -0.805067 -1.086893  1.111612 0.594062 -0.578210
43  1.789780 -0.000007 -0.000042  -0.089312 -0.070323 0.368341
44  1.206996 -0.000007 0.000005  0.000678 -0.214508 0.376132
45  5.740573 0.000078 0.000720  0.085629 -0.000014 0.000028
46  11.481036 0.000070 0.000911  0.028004 0.098009 0.075875
47  6.027515 -0.000273 -0.000229  -1.307573 -0.217473 -1.579871
48  -0.000002 11.691975 -0.000008  -0.729543 0.234599 0.598594
49  0.000003 -0.000000 -0.000000  2.412441 -0.000036 1.570860
50  -0.000008 -0.000013 0.000004  2.272645 -0.000036 1.570861
51  -2.539374 -8.320035 -5.372430  -0.150096 -2.881539 1.247567
52  -0.000000 -0.000000 0.000000  0.008153 -0.000259 0.000009
53  -0.000000 0.000001 -0.000000  1.565115 0.043565 -0.106862
54  0.161308 -10.151285 -6.041573  -0.545341 -0.023144 -1.962281
55  -0.000000 0.000000 0.000000  0.000000 -0.000001 -0.000002
56  0.000030 0.000029 0.000001  -1.571901 -0.044449 -0.106509
57  12.000549 -19.544212 -17.246658  1.570796 -0.000000 0.000000
58  -15.417984 4.000748 -22.641926  1.570796 -0.000000 0.000000
59  1.941978 9.263218 -8.327020  1.570796 -0.000000 0.000000
60  -0.004311 0.001229 -0.000372  0.006898 -0.005534 -0.284229
61  0.826810 11.791080 -4.879054  1.570796 -0.000000 0.000000
62  0.000000 0.000000 0.000000  -0.078727 -3.136056 0.284226
63  -1.923794 -1.699245 -0.756134  1.570796 -0.000000 0.000000
64  -1.915168 -10.803888 -3.869287  1.572865 0.000897 0.000252
65  -0.008022 0.449004 2.449477  0.000000 0.000000 0.000000
66  -0.008023 2.137776 2.778723  0.049949 0.000000 0.000000
67  0.000001 2.151127 2.901126  0.000000 0.000000 0.000000
68  -0.008023 1.347419 0.085285  -1.051149 0.001216 0.000412
69  0.230628 1.332312 3.105304  0.000000 0.000000 0.000000
70  -0.008023 2.172907 7.984049  0.000000 -0.000000 0.000000
71  -0.008022 1.228065 5.810775  0.000000 0.000000 0.000000
72  -0.008022 1.115505 -0.313082  0.000000 0.000000 0.000000
73  -0.008022 1.345870 0.084163  1.570796 -0.000000 -0.000000
74  -0.008022 0.197514 1.902818  0.000000 0.000000 0.000000
75  -1.920772 -12.718635 -1.711290  1.572865 0.000897 0.000252
76  -1.913236 -11.536715 -1.920321  1.572865 0.000897 0.000252
77  -0.008021 -0.151980 0.207544  0.000000 0.000000 0.000000
78  -0.008021 -0.653745 0.060181  0.000000 0.000000 0.000000
79  0.000000 -0.501765 -0.147367  0.000000 0.000000 0.000000
80  -0.000000 -1.003530 -0.294729  0.000000 0.000000 0.000000
81  0.000000 -1.505297 -0.442091  0.000000 0.000000 0.000000
82  -0.000000 -2.007060 -0.589454  0.000000 0.000000 0.000000
83  0.000000 -2.508826 -0.736815  0.000000 0.000000 0.000000
84  -0.000000 -2.772560 -0.939011  0.000000 0.000000 0.000000
85  0.000000 -3.071457 -1.220326  0.000000 0.000000 0.000000
86  -0.283371 -4.518086 -0.534134  0.346743 -0.000000 -0.000000
87  0.000000 4.582804 -0.219902  -0.051302 0.000000 0.000000
88  -1.920772 -12.718635 -1.711290  1.572865 0.000897 0.000252
time 16
0  0.000006 0.000000 0.000000  -1.570800 -1.391899 -1.570792
1  -9.841317 -7.634221 1.937669  -1.544956 -1.855077 -0.198630
2  6.027525 -0.000329 0.000190  -0.110240 -1.482207 -1.882823
3  11.692114 0.000645 -0.000737  -0.990395 0.000005 -0.831246
4  11.479773 0.000429 -0.000681  1.033190 -0.334687 0.416693
5  3.666626 -0.163903 -1.204802  -0.519250 0.086737 -1.532179
6  1.312589 0.000011 0.000007  -0.003664 0.023356 -0.272237
7  0.729355 0.000055 0.000050  -0.003677 0.000626 -0.150723
8  3.942139 0.046331 -0.431543  -0.205965 0.132196 -1.449654
9  1.539111 0.000082 0.000003  -0.000570 0.007396 -0.283198
10  1.196331 0.000146 0.000029  -0.000713 0.000161 -0.519018
11  3.883510 -0.047211 0.431350  -0.042690 0.198097 -1.260493
12  1.719573 -0.000030 0.000017  -0.000644 0.003280 -0.404344
13  1.209179 0.000091 0.000012  -0.000905 0.002861 -0.623854
14  3.859675 -0.138418 1.332379  -0.235831 0.317274 -1.342437
15  1.719448 -0.000018 0.000029  0.001902 0.001157 -0.067177
16  1.099676 0.000047 0.000006  -0.000943 0.002399 -0.620101
17  0.459532 -0.272515 1.494839  -1.528877 -0.394735 -0.263833
18  1.789819 -0.000004 -0.000017  -0.005043 0.002467 0.111593
19  1.207016 -0.000012 -0.000043  -0.005634 -0.000693 0.835388
20  5.740636 0.000388 -0.000699  -0.117113 0.000003 0.000063
21  11.480963 0.000265 -0.000790  -0.090308 -0.065183 0.050609
22  6.027524 -0.000329 0.000201  1.521304 -0.073587 1.852188
23  0.000001 11.692099 -0.000006  -0.608510 -0.161502 -0.504339
24  0.000004 0.000009 -0.000000  -0.121332 -0.000030 1.570739
25  0.000001 -0.000013 0.000001  0.868960 0.000002 1.570712
26  -6.899342 -10.734701 0.826813  1.473120 1.855075 -0.198639
27  6.027517 -0.000263 -0.000216  1.569163 1.232874 -0.683726
28  11.691992 0.000160 0.000858  0.139889 0.000017 -1.010067
29  11.480480 -0.000007 0.000832  -1.299374 0.547946 0.517478
30  3.710774 -0.434234 1.096848  0.974897 -0.111756 -2.079603
31  1.312560 0.000032 -0.000002  0.008191 -0.088214 -0.285514
32  0.729347 0.000064 -0.000027  -0.132450 -0.134191 -1.087309
33  3.820807 -0.154609 0.327900  0.610805 -0.300364 -1.640271
34  1.539095 0.000003 -0.000001  0.047162 -0.047589 -0.892209
35  1.196301 0.000081 -0.000003  -0.021079 -0.009374 -1.253100
36  3.882446 -0.171892 -0.416804  0.406628 -0.376223 -1.253560
37  1.719566 -0.000082 -0.000005  0.018695 -0.082922 -1.374417
38  1.209194 0.000033 0.000011  0.003361 -0.003782 -0.857658
39  3.859586 -0.149082 -1.331322  0.052683 -0.238405 -0.449221
40  1.719412 -0.000097 -0.000037  0.031466 0.001819 -1.126076
41  1.099672 0.000022 0.000006  -0.005117 -0.008160 -0.712530
42  0.230503 -0.805066 -1.086893  1.111612 0.594062 -0.578210
43  1.789780 -0.000008 -0.000042  -0.089312 -0.070323 0.368341
44  1.206996 -0.000007 0.000005  0.000678 -0.214508 0.376132
45  5.740574 0.000077 0.000721  0.085555 -0.000014 0.000028
46  11.481040 0.000071 0.000911  0.028278 0.097858 0.075441
47  6.027515 -0.000273 -0.000229  -1.309004 -0.216199 -1.579622
48  -0.000003 11.691976 -0.000009  -0.727058 0.232954 0.596698
49  0.000003 -0.000000 0.000000  2.412441 -0.000036 1.570860
50  -0.000008 -0.000013 0.000004  2.272645 -0.000036 1.570861
51  -2.539068 -8.341551 -5.369711  -0.149153 -2.881617 1.248017
52  0.000000 -0.000000 0.000000  0.008153 -0.000259 0.000009
53  0.000000 -0.000000 -0.000000  1.565115 0.043565 -0.106862
54  0.163475 -10.171072 -6.036060  -0.544436 -0.023004 -1.961609
55  -0.000001 -0.000000 0.000000  0.000000 -0.000001 -0.000002
56  0.000030 0.000029 0.000001  -1.571901 -0.044449 -0.106509
57  12.000549 -19.544212 -17.246658  1.570796 -0.000000 0.000000
58  -15.417984 4.000748 -22.641926  1.570796 -0.000000 0.000000
59  1.941978 9.263218 -8.327020  1.570796 -0.000000 0.000000
60  -0.004311 0.001229 -0.000372  0.006898 -0.005534 -0.284229
61  0.826810 11.791080 -4.879054  1.570796 -0.000000 0.000000
62  0.000000 0.000000 0.000000  -0.078727 -3.136056 0.284226
63  -1.923794 -1.699245 -0.756134  1.570796 -0.000000 0.000000
64  -1.914479 -10.824649 -3.865481  1.572649 0.000008 0.000945
65  -0.008022 0.449004 2.449477  0.000000 -0.000000 0.000000
66  -0.008023 2.137776 2.778724  0.049949 -0.000000 0.000000
67  0.000001 2.151127 2.901127  0.000000 -0.000000 0.000000
68  -0.008023 1.347419 0.085285  -1.051149 0.001216 0.000412
69  0.230628 1.332312 3.105305  0.000000 -0.000000 0.000000
70  -0.008023 2.172906 7.984051  0.000000 -0.000000 0.000000
71  -0.008022 1.228065 5.810776  0.000000 -0.000000 0.000000
72  -0.008022 1.115505 -0.313082  0.000000 -0.000000 0.000000
73  -0.008022 1.345870 0.084164  1.570796 0.000000 -0.000000
74  -0.008022 0.197513 1.902819  0.000000 -0.000000 0.000000
75  -1.920677 -12.738936 -1.707077  1.572649 0.000008 0.000945
76  -1.913772 -11.557055 -1.916357  1.572649 0.000008 0.000945
77  -0.008021 -0.151980 0.207545  0.000000 -0.000000 0.000000
78  -0.008021 -0.653745 0.060182  0.000000 -0.000000 0.000000
79  -0.000000 -0.501765 -0.147367  0.000000 -0.000000 0.000000
80  -0.000000 -1.003531 -0.294728  0.000000 -0.000000 0.000000
81  -0.000000 -1.505297 -0.442090  0.000000 -0.000000 0.000000
82  -0.000000 -2.007061 -0.589455  0.000000 -0.000000 0.000000
83  -0.000000 -2.508827 -0.736814  0.000000 -0.000000 0.000000
84  -0.000000 -2.772560 -0.939010  0.000000 -0.000000 0.000000
85  -0.000000 -3.071457 -1.220324  0.000000 -0.000000 0.000000
86  -0.283371 -4.518086 -0.534134  0.346743 -0.000000 -0.000000
87  0.000000 4.582805 -0.219902  -0.051302 0.000000 0.000000
88  -1.920677 -12.738936 -1.707077  1.572649 0.000008 0.000945
time 17
0  0.000006 0.000000 0.000000  -1.570800 -1.391899 -1.570792
1  -9.841317 -7.634221 1.937669  -1.544956 -1.855077 -0.198630
2  6.027525 -0.000329 0.000190  -0.088726 -1.482499 -1.904783
3  11.692114 0.000646 -0.000738  -0.990395 0.000005 -0.826506
4  11.479906 0.000455 -0.000640  1.035103 -0.332299 0.414702
5  3.666628 -0.163904 -1.204802  -0.519250 0.086737 -1.532179
6  1.312591 0.000010 0.000008  -0.003664 0.023357 -0.272237
7  0.729353 0.000053 0.000049  -0.003677 0.000626 -0.150723
8  3.942141 0.046331 -0.431542  -0.205965 0.132196 -1.449654
9  1.539110 0.000082 0.000004  -0.000570 0.007396 -0.283198
10  1.196333 0.000145 0.000029  -0.000713 0.000161 -0.519018
11  3.883510 -0.047212 0.431351  -0.042690 0.198097 -1.260493
12  1.719573 -0.000028 0.000017  -0.000644 0.003280 -0.404344
13  1.209179 0.000090 0.000012  -0.000905 0.002861 -0.623854
14  3.859677 -0.138418 1.332380  -0.235831 0.317274 -1.342437
15  1.719448 -0.000018 0.000028  0.001902 0.001157 -0.067177
16  1.099676 0.000048 0.000005  -0.000943 0.002399 -0.620101
17  0.459533 -0.272516 1.494839  -1.528877 -0.394734 -0.263833
18  1.789819 -0.000004 -0.000017  -0.005043 0.002467 0.111593
19  1.207016 -0.000012 -0.000045  -0.005634 -0.000693 0.835388
20  5.740637 0.000388 -0.000700  -0.116558 0.000003 0.000064
21  11.480990 0.000271 -0.000781  -0.090115 -0.064576 0.050416
22  6.027524 -0.000329 0.000201  1.519903 -0.072268 1.851760
23  -0.000001 11.692100 -0.000008  -0.605298 -0.159757 -0.501792
24  0.000004 0.000010 0.000001  -0.121333 -0.000030 1.570739
25  -0.000000 -0.000011 -0.000001  0.868960 0.000002 1.570712
26  -6.899342 -10.734701 0.826813  1.473120 1.855075 -0.198639
27  6.027517 -0.000263 -0.000216  1.569341 1.234843 -0.683588
28  11.691990 0.000160 0.000858  0.139889 0.000017 -1.005918
29  11.480499 0.000002 0.000829  -1.299212 0.548020 0.514975
30  3.710774 -0.434235 1.096848  0.974897 -0.111756 -2.079603
31  1.312561 0.000032 -0.000000  0.008191 -0.088214 -0.285514
32  0.729347 0.000066 -0.000027  -0.132450 -0.134191 -1.087309
33  3.820807 -0.154610 0.327899  0.610805 -0.300364 -1.640271
34  1.539095 0.000004 -0.000002  0.047162 -0.047589 -0.892209
35  1.196302 0.000082 -0.000003  -0.021079 -0.009374 -1.253100
36  3.882445 -0.171893 -0.416804  0.406628 -0.376223 -1.253560
37  1.719566 -0.000084 -0.000005  0.018695 -0.082922 -1.374417
38  1.209193 0.000035 0.000012  0.003361 -0.003782 -0.857658
39  3.859585 -0.149082 -1.331322  0.052683 -0.238405 -0.449221
40  1.719413 -0.000097 -0.000037  0.031466 0.001819 -1.126076
41  1.099672 0.000021 0.000006  -0.005117 -0.008160 -0.712530
42  0.230504 -0.805067 -1.086893  1.111612 0.594062 -0.578210
43  1.789781 -0.000007 -0.000042  -0.089312 -0.070323 0.368341
44  1.206996 -0.000007 0.000005  0.000678 -0.214508 0.376132
45  5.740573 0.000079 0.000721  0.085345 -0.000014 0.000028
46  11.481045 0.000074 0.000910  0.028401 0.097843 0.074943
47  6.027515 -0.000273 -0.000229  -1.310540 -0.214922 -1.579323
48  -0.000001 11.691975 -0.000008  -0.724363 0.231177 0.594639
49  0.000004 -0.000001 0.000000  2.412441 -0.000036 1.570860
50  -0.000007 -0.000014 0.000004  2.272645 -0.000036 1.570861
51  -2.538294 -8.364850 -5.368927  -0.148588 -2.881259 1.247724
52  -0.000000 0.000000 0.000000  0.008153 -0.000259 0.000009
53  0.000000 -0.000000 -0.000000  1.565115 0.043565 -0.106862
54  0.164247 -10.195112 -6.033247  -0.543867 -0.023324 -1.961770
55  0.000000 0.000000 0.000001  0.000000 -0.000001 -0.000002
56  0.000031 0.000029 0.000002  -1.571901 -0.044449 -0.106509
57  12.000549 -19.544212 -17.246658  1.570796 -0.000000 0.000000
58  -15.417984 4.000748 -22.641926  1.570796 -0.000000 0.000000
59  1.941978 9.263218 -8.327020  1.570796 -0.000000 0.000000
60  -0.004311 0.001229 -0.000372  0.006898 -0.005534 -0.284229
61  0.826810 11.791080 -4.879054  1.570796 -0.000000 0.000000
62  0.000000 0.000000 0.000000  -0.078727 -3.136056 0.284226
63  -1.923794 -1.699245 -0.756134  1.570796 -0.000000 0.000000
64  -1.914681 -10.847270 -3.863172  1.572136 -0.000396 0.000797
65  -0.008022 0.449004 2.449478  -0.000000 0.000000 0.000000
66  -0.008024 2.137776 2.778724  0.049949 0.000000 0.000000
67  0.000000 2.151127 2.901127  -0.000000 0.000000 0.000000
68  -0.008023 1.347419 0.085285  -1.051149 0.001216 0.000412
69  0.230628 1.332312 3.105306  -0.000000 0.000000 0.000000
70  -0.008024 2.172907 7.984050  -0.000000 -0.000000 0.000000
71  -0.008022 1.228065 5.810777  -0.000000 0.000000 0.000000
72  -0.008023 1.115505 -0.313082  -0.000000 0.000000 0.000000
73  -0.008023 1.345870 0.084164  1.570796 0.000000 -0.000000
74  -0.008023 0.197513 1.902820  -0.000000 0.000000 0.000000
75  -1.922034 -12.760449 -1.703790  1.572136 -0.000396 0.000797
76  -1.914870 -11.578676 -1.913672  1.572136 -0.000396 0.000797
77  -0.008021 -0.151980 0.207543  -0.000000 0.000000 0.000000
78  -0.008021 -0.653745 0.060181  -0.000000 0.000000 0.000000
79  0.000000 -0.501766 -0.147365  -0.000000 0.000000 0.000000
80  0.000000 -1.003531 -0.294727  -0.000000 0.000000 0.000000
81  0.000000 -1.505297 -0.442089  -0.000000 0.000000 0.000000
82  0.000000 -2.007061 -0.589453  -0.000000 0.000000 0.000000
83  0.000000 -2.508828 -0.736814  -0.000000 0.000000 0.000000
84  0.000000 -2.772560 -0.939009  -0.000000 0.000000 0.000000
85  0.000000 -3.071457 -1.220324  -0.000000 0.000000 0.000000
86  -0.283371 -4.518087 -0.534134  0.346743 -0.000000 -0.000000
87  0.000000 4.582805 -0.219901  -0.051302 0.000000 0.000000
88  -1.922034 -12.760449 -1.703790  1.572136 -0.000396 0.000797
time 18
0  0.000006 0.000000 0.000000  -1.570800 -1.391899 -1.570792
1  -9.841317 -7.634221 1.937669  -1.544956 -1.855077 -0.198630
2  6.027525 -0.000329 0.000190  -0.068110 -1.482690 -1.925648
3  11.692113 0.000644 -0.000739  -0.990394 0.000005 -0.821986
4  11.480031 0.000481 -0.000603  1.036505 -0.329873 0.412384
5  3.666627 -0.163904 -1.204802  -0.519250 0.086737 -1.532179
6  1.312590 0.000011 0.000006  -0.003664 0.023356 -0.272237
7  0.729354 0.000055 0.000049  -0.003677 0.000626 -0.150723
8  3.942141 0.046332 -0.431543  -0.205965 0.132196 -1.449654
9  1.539111 0.000083 0.000004  -0.000570 0.007396 -0.283198
10  1.196332 0.000146 0.000028  -0.000713 0.000161 -0.519018
11  3.883510 -0.047212 0.431351  -0.042690 0.198097 -1.260493
12  1.719573 -0.000028 0.000017  -0.000644 0.003280 -0.404344
13  1.209179 0.000091 0.000012  -0.000905 0.002861 -0.623853
14  3.859677 -0.138418 1.332380  -0.235831 0.317274 -1.342437
15  1.719448 -0.000017 0.000029  0.001902 0.001157 -0.067177
16  1.099675 0.000048 0.000005  -0.000943 0.002399 -0.620101
17  0.459534 -0.272515 1.494840  -1.528877 -0.394735 -0.263833
18  1.789820 -0.000004 -0.000015  -0.005043 0.002466 0.111593
19  1.207016 -0.000012 -0.000043  -0.005634 -0.000693 0.835388
20  5.740636 0.000389 -0.000700  -0.116114 0.000003 0.000064
21  11.481014 0.000276 -0.000775  -0.090027 -0.063968 0.050138
22  6.027524 -0.000329 0.000201  1.518539 -0.071050 1.851527
23  0.000000 11.692101 -0.000007  -0.602231 -0.158100 -0.499360
24  0.000003 0.000010 -0.000000  -0.121332 -0.000030 1.570739
25  0.000000 -0.000012 0.000000  0.868960 0.000002 1.570712
26  -6.899342 -10.734701 0.826813  1.473120 1.855075 -0.198639
27  6.027517 -0.000263 -0.000216  1.569485 1.236601 -0.683475
28  11.691991 0.000163 0.000858  0.139889 0.000017 -1.002101
29  11.480520 0.000011 0.000827  -1.299644 0.548274 0.512349
30  3.710774 -0.434235 1.096849  0.974897 -0.111756 -2.079603
31  1.312560 0.000030 -0.000001  0.008191 -0.088214 -0.285514
32  0.729347 0.000065 -0.000029  -0.132450 -0.134191 -1.087309
33  3.820807 -0.154610 0.327900  0.610805 -0.300364 -1.640271
34  1.539094 0.000003 -0.000002  0.047162 -0.047589 -0.892209
35  1.196303 0.000081 -0.000004  -0.021079 -0.009374 -1.253100
36  3.882446 -0.171893 -0.416803  0.406628 -0.376223 -1.253559
37  1.719566 -0.000084 -0.000004  0.018695 -0.082922 -1.374417
38  1.209194 0.000036 0.000011  0.003361 -0.003782 -0.857658
39  3.859585 -0.149082 -1.331321  0.052683 -0.238405 -0.449221
40  1.719412 -0.000097 -0.000037  0.031466 0.001818 -1.126076
41  1.099673 0.000023 0.000006  -0.005117 -0.008160 -0.712530
42  0.230504 -0.805067 -1.086893  1.111612 0.594062 -0.578210
43  1.789780 -0.000006 -0.000042  -0.089312 -0.070323 0.368341
44  1.206997 -0.000006 0.000005  0.000678 -0.214508 0.376132
45  5.740573 0.000079 0.000721  0.085039 -0.000014 0.000028
46  11.481048 0.000075 0.000910  0.028408 0.097836 0.074450
47  6.027515 -0.000273 -0.000229  -1.311914 -0.213787 -1.579054
48  -0.000001 11.691975 -0.000007  -0.721882 0.229546 0.592741
49  0.000005 -0.000001 -0.000000  2.412441 -0.000036 1.570860
50  -0.000007 -0.000014 0.000005  2.272645 -0.000036 1.570861
51  -2.538087 -8.386330 -5.369197  -0.148487 -2.880646 1.247373
52  -0.000001 0.000000 0.000000  0.008153 -0.000259 0.000009
53  0.000000 -0.000000 0.000001  1.565115 0.043565 -0.106862
54  0.163792 -10.217877 -6.032673  -0.543729 -0.023929 -1.962098
55  -0.000001 -0.000000 0.000001  0.000000 -0.000001 -0.000002
56  0.000029 0.000029 0.000002  -1.571901 -0.044449 -0.106509
57  12.000549 -19.544212 -17.246658  1.570796 -0.000000 0.000000
58  -15.417984 4.000748 -22.641926  1.570796 -0.000000 0.000000
59  1.941978 9.263218 -8.327020  1.570796 -0.000000 0.000000
60  -0.004311 0.001229 -0.000372  0.006898 -0.005534 -0.284229
61  0.826810 11.791080 -4.879054  1.570796 -0.000000 0.000000
62  0.000000 0.000000 0.000000  -0.078727 -3.136056 0.284226
63  -1.923794 -1.699245 -0.756134  1.570796 -0.000000 0.000000
64  -1.915125 -10.868031 -3.861986  1.571524 -0.000293 0.000472
65  -0.008022 0.449003 2.449476  -0.000000 -0.000000 0.000000
66  -0.008024 2.137776 2.778723  0.049949 -0.000000 0.000000
67  0.000000 2.151126 2.901126  -0.000000 -0.000000 0.000000
68  -0.008023 1.347420 0.085285  -1.051149 0.001216 0.000412
69  0.230627 1.332312 3.105304  -0.000000 -0.000000 0.000000
70  -0.008024 2.172906 7.984048  -0.000000 -0.000000 0.000000
71  -0.008022 1.228065 5.810775  -0.000000 -0.000000 0.000000
72  -0.008023 1.115504 -0.313082  -0.000000 -0.000000 0.000000
73  -0.008023 1.345870 0.084162  1.570796 -0.000000 -0.000000
74  -0.008023 0.197513 1.902818  -0.000000 -0.000000 0.000000
75  -1.922877 -12.779885 -1.701432  1.571524 -0.000293 0.000472
76  -1.915351 -11.598244 -1.912039  1.571524 -0.000293 0.000472
77  -0.008021 -0.151980 0.207543  -0.000000 -0.000000 0.000000
78  -0.008021 -0.653745 0.060181  -0.000000 -0.000000 0.000000
79  -0.000000 -0.501765 -0.147367  -0.000000 -0.000000 0.000000
80  -0.000000 -1.003531 -0.294729  -0.000000 -0.000000 0.000000
81  -0.000000 -1.505297 -0.442090  -0.000000 -0.000000 0.000000
82  -0.000000 -2.007061 -0.589454  -0.000000 -0.000000 0.000000
83  -0.000000 -2.508827 -0.736815  -0.000000 -0.000000 0.000000
84  -0.000000 -2.772561 -0.939011  -0.000000 -0.000000 0.000000
85  -0.000000 -3.071457 -1.220325  -0.000000 -0.000000 0.000000
86  -0.283371 -4.518086 -0.534135  0.346743 -0.000000 -0.000000
87  0.000000 4.582804 -0.219900  -0.051302 0.000000 0.000000
88  -1.922877 -12.779885 -1.701432  1.571524 -0.000293 0.000472
time 19
0  0.000006 0.000000 0.000000  -1.570800 -1.391899 -1.570792
1  -9.841317 -7.634221 1.937669  -1.544956 -1.855077 -0.198630
2  6.027525 -0.000329 0.000190  -0.052693 -1.482793 -1.941198
3  11.692112 0.000644 -0.000738  -0.990394 0.000005 -0.818606
4  11.480129 0.000502 -0.000573  1.037460 -0.327984 0.410519
5  3.666627 -0.163903 -1.204802  -0.519250 0.086737 -1.532179
6  1.312589 0.000011 0.000009  -0.003664 0.023357 -0.272237
7  0.729355 0.000054 0.000049  -0.003677 0.000626 -0.150723
8  3.942141 0.046332 -0.431543  -0.205965 0.132196 -1.449654
9  1.539111 0.000082 0.000004  -0.000570 0.007396 -0.283198
10  1.196334 0.000144 0.000029  -0.000713 0.000161 -0.519018
11  3.883511 -0.047211 0.431351  -0.042690 0.198097 -1.260493
12  1.719573 -0.000029 0.000017  -0.000644 0.003280 -0.404344
13  1.209179 0.000090 0.000013  -0.000905 0.002861 -0.623854
14  3.859677 -0.138417 1.332380  -0.235831 0.317274 -1.342437
15  1.719448 -0.000017 0.000029  0.001902 0.001157 -0.067177
16  1.099675 0.000049 0.000005  -0.000943 0.002399 -0.620101
17  0.459534 -0.272515 1.494839  -1.528877 -0.394735 -0.263833
18  1.789820 -0.000004 -0.000016  -0.005043 0.002467 0.111593
19  1.207017 -0.000012 -0.000043  -0.005634 -0.000693 0.835388
20  5.740637 0.000389 -0.000699  -0.115801 0.000003 0.000064
21  11.481035 0.000280 -0.000768  -0.089986 -0.063498 0.049903
22  6.027524 -0.000329 0.000201  1.517513 -0.070154 1.851408
23  0.000001 11.692100 -0.000008  -0.599935 -0.156866 -0.497538
24  0.000003 0.000009 0.000000  -0.121332 -0.000031 1.570738
25  0.000001 -0.000011 -0.000001  0.868960 0.000002 1.570712
26  -6.899342 -10.734701 0.826813  1.473120 1.855075 -0.198639
27  6.027517 -0.000263 -0.000216  1.569560 1.237868 -0.683418
28  11.691992 0.000160 0.000859  0.139889 0.000017 -0.999300
29  11.480531 0.000015 0.000826  -1.300107 0.548562 0.510323
30  3.710773 -0.434234 1.096848  0.974897 -0.111756 -2.079603
31  1.312560 0.000029 -0.000001  0.008190 -0.088214 -0.285514
32  0.729347 0.000065 -0.000027  -0.132450 -0.134191 -1.087309
33  3.820805 -0.154608 0.327900  0.610805 -0.300364 -1.640271
34  1.539094 0.000004 -0.000002  0.047162 -0.047589 -0.892209
35  1.196303 0.000081 -0.000003  -0.021079 -0.009374 -1.253100
36  3.882446 -0.171892 -0.416804  0.406628 -0.376223 -1.253560
37  1.719566 -0.000083 -0.000005  0.018695 -0.082922 -1.374417
38  1.209193 0.000034 0.000011  0.003361 -0.003782 -0.857658
39  3.859584 -0.149082 -1.331322  0.052683 -0.238405 -0.449221
40  1.719412 -0.000096 -0.000038  0.031466 0.001819 -1.126076
41  1.099672 0.000023 0.000006  -0.005117 -0.008160 -0.712530
42  0.230504 -0.805067 -1.086892  1.111612 0.594062 -0.578210
43  1.789781 -0.000007 -0.000042  -0.089312 -0.070323 0.368341
44  1.206996 -0.000007 0.000005  0.000678 -0.214508 0.376132
45  5.740572 0.000079 0.000721  0.084786 -0.000014 0.000028
46  11.481050 0.000077 0.000910  0.028385 0.097843 0.074075
47  6.027515 -0.000273 -0.000229  -1.312910 -0.212975 -1.578856
48  -0.000001 11.691975 -0.000007  -0.720059 0.228352 0.591347
49  0.000002 -0.000001 -0.000000  2.412441 -0.000036 1.570860
50  -0.000007 -0.000014 0.000005  2.272645 -0.000036 1.570861
51  -2.538012 -8.402086 -5.369915  -0.148505 -2.880099 1.247053
52  -0.000000 0.000000 -0.000000  0.008153 -0.000259 0.000009
53  0.000000 -0.000000 0.000000  1.565115 0.043565 -0.106862
54  0.163145 -10.234852 -6.032965  -0.543709 -0.024476 -1.962423
55  -0.000000 0.000000 0.000001  0.000000 -0.000001 -0.000002
56  0.000029 0.000029 0.000002  -1.571901 -0.044449 -0.106509
57  12.000549 -19.544212 -17.246658  1.570796 -0.000000 0.000000
58  -15.417984 4.000748 -22.641926  1.570796 -0.000000 0.000000
59  1.941978 9.263218 -8.327020  1.570796 -0.000000 0.000000
60  -0.004311 0.001229 -0.000372  0.006898 -0.005534 -0.284229
61  0.826810 11.791080 -4.879054  1.570796 -0.000000 0.000000
62  0.000000 0.000000 0.000000  -0.078727 -3.136056 0.284226
63  -1.923794 -1.699245 -0.756134  1.570796 -0.000000 0.000000
64  -1.915569 -10.883215 -3.861549  1.571011 -0.000103 0.000148
65  -0.008022 0.449004 2.449478  -0.000000 0.000000 -0.000000
66  -0.008023 2.137776 2.778724  0.049949 0.000000 -0.000000
67  0.000001 2.151127 2.901127  -0.000000 0.000000 -0.000000
68  -0.008023 1.347420 0.085285  -1.051149 0.001216 0.000412
69  0.230628 1.332312 3.105305  -0.000000 0.000000 -0.000000
70  -0.008023 2.172907 7.984052  -0.000000 -0.000000 0.000000
71  -0.008022 1.228065 5.810776  -0.000000 0.000000 -0.000000
72  -0.008023 1.115505 -0.313081  -0.000000 0.000000 -0.000000
73  -0.008023 1.345871 0.084164  1.570796 -0.000000 -0.000000
74  -0.008023 0.197514 1.902819  -0.000000 0.000000 -0.000000
75  -1.923531 -12.793958 -1.700014  1.571011 -0.000103 0.000148
76  -1.915661 -11.612428 -1.911228  1.571011 -0.000103 0.000148
77  -0.008021 -0.151980 0.207543  -0.000000 0.000000 -0.000000
78  -0.008021 -0.653745 0.060181  -0.000000 0.000000 -0.000000
79  -0.000000 -0.501766 -0.147367  -0.000000 0.000000 -0.000000
80  -0.000000 -1.003531 -0.294728  -0.000000 0.000000 -0.000000
81  -0.000000 -1.505296 -0.442091  -0.000000 0.000000 -0.000000
82  -0.000000 -2.007061 -0.589454  -0.000000 0.000000 -0.000000
83  -0.000000 -2.508827 -0.736815  -0.000000 0.000000 -0.000000
84  -0.000000 -2.772560 -0.939010  -0.000000 0.000000 -0.000000
85  -0.000000 -3.071457 -1.220325  -0.000000 0.000000 -0.000000
86  -0.283371 -4.518086 -0.534134  0.346743 -0.000000 -0.000000
87  -0.000000 4.582804 -0.219901  -0.051302 0.000000 0.000000
88  -1.923531 -12.793958 -1.700014  1.571011 -0.000103 0.000148
time 20
0  0.000006 0.000000 0.000000  -1.570800 -1.391899 -1.570792
1  -9.841317 -7.634221 1.937669  -1.544956 -1.855077 -0.198630
2  6.027525 -0.000329 0.000190  -0.046636 -1.482824 -1.947293
3  11.692115 0.000646 -0.000738  -0.990394 0.000005 -0.817278
4  11.480170 0.000508 -0.000561  1.037812 -0.327222 0.409754
5  3.666628 -0.163903 -1.204803  -0.519250 0.086737 -1.532179
6  1.312590 0.000011 0.000008  -0.003664 0.023357 -0.272237
7  0.729355 0.000053 0.000049  -0.003677 0.000626 -0.150723
8  3.942140 0.046331 -0.431543  -0.205965 0.132196 -1.449654
9  1.539111 0.000082 0.000003  -0.000570 0.007396 -0.283198
10  1.196333 0.000147 0.000028  -0.000713 0.000161 -0.519018
11  3.883510 -0.047211 0.431351  -0.042690 0.198097 -1.260493
12  1.719573 -0.000027 0.000017  -0.000644 0.003280 -0.404344
13  1.209178 0.000091 0.000013  -0.000905 0.002861 -0.623854
14  3.859677 -0.138418 1.332380  -0.235831 0.317274 -1.342437
15  1.719448 -0.000017 0.000028  0.001902 0.001157 -0.067177
16  1.099675 0.000049 0.000005  -0.000943 0.002399 -0.620101
17  0.459533 -0.272515 1.494839  -1.528877 -0.394735 -0.263833
18  1.789819 -0.000004 -0.000016  -0.005043 0.002467 0.111593
19  1.207017 -0.000012 -0.000045  -0.005634 -0.000693 0.835388
20  5.740636 0.000389 -0.000700  -0.115682 0.000003 0.000063
21  11.481044 0.000281 -0.000766  -0.089975 -0.063309 0.049805
22  6.027524 -0.000329 0.000201  1.517109 -0.069806 1.851374
23  0.000001 11.692100 -0.000007  -0.599033 -0.156382 -0.496821
24  0.000003 0.000010 -0.000000  -0.121332 -0.000030 1.570739
25  0.000001 -0.000011 0.000000  0.868960 0.000002 1.570712
26  -6.899342 -10.734701 0.826813  1.473120 1.855075 -0.198639
27  6.027517 -0.000263 -0.000216  1.569580 1.238355 -0.683402
28  11.691990 0.000161 0.000859  0.139889 0.000017 -0.998212
29  11.480539 0.000019 0.000828  -1.300323 0.548699 0.509511
30  3.710774 -0.434234 1.096849  0.974897 -0.111756 -2.079603
31  1.312560 0.000030 0.000000  0.008191 -0.088214 -0.285514
32  0.729347 0.000065 -0.000028  -0.132450 -0.134191 -1.087309
33  3.820806 -0.154608 0.327900  0.610805 -0.300364 -1.640271
34  1.539095 0.000003 -0.000002  0.047162 -0.047589 -0.892209
35  1.196302 0.000082 -0.000003  -0.021079 -0.009374 -1.253100
36  3.882446 -0.171892 -0.416804  0.406628 -0.376223 -1.253559
37  1.719567 -0.000082 -0.000004  0.018695 -0.082922 -1.374417
38  1.209193 0.000036 0.000012  0.003361 -0.003782 -0.857658
39  3.859584 -0.149081 -1.331322  0.052683 -0.238405 -0.449221
40  1.719412 -0.000097 -0.000037  0.031466 0.001819 -1.126077
41  1.099673 0.000022 0.000006  -0.005117 -0.008160 -0.712530
42  0.230504 -0.805067 -1.086893  1.111612 0.594062 -0.578210
43  1.789780 -0.000008 -0.000042  -0.089312 -0.070323 0.368341
44  1.206995 -0.000006 0.000005  0.000678 -0.214508 0.376132
45  5.740573 0.000080 0.000721  0.084682 -0.000013 0.000028
46  11.481052 0.000077 0.000911  0.028369 0.097850 0.073926
47  6.027515 -0.000273 -0.000229  -1.313294 -0.212666 -1.578778
48  -0.000001 11.691974 -0.000007  -0.719350 0.227889 0.590804
49  0.000003 0.000000 0.000000  2.412441 -0.000036 1.570860
50  -0.000007 -0.000014 0.000005  2.272645 -0.000036 1.570861
51  -2.538002 -8.408206 -5.370322  -0.148535 -2.879863 1.246914
52  0.000000 -0.000000 -0.000000  0.008153 -0.000259 0.000009
53  0.000000 0.000000 0.000000  1.565115 0.043565 -0.106862
54  0.162817 -10.241511 -6.033255  -0.543722 -0.024713 -1.962570
55  0.000000 0.000001 0.000001  0.000000 -0.000001 -0.000002
56  0.000031 0.000030 0.000002  -1.571901 -0.044449 -0.106509
57  12.000549 -19.544212 -17.246658  1.570796 -0.000000 0.000000
58  -15.417984 4.000748 -22.641926  1.570796 -0.000000 0.000000
59  1.941978 9.263218 -8.327020  1.570796 -0.000000 0.000000
60  -0.004311 0.001229 -0.000372  0.006898 -0.005534 -0.284229
61  0.826810 11.791080 -4.879054  1.570796 -0.000000 0.000000
62  0.000000 0.000000 0.000000  -0.078727 -3.136056 0.284226
63  -1.923794 -1.699245 -0.756134  1.570796 -0.000000 0.000000
64  -1.915771 -10.889102 -3.861487  1.570796 -0.000000 0.000000
65  -0.008022 0.449004 2.449477  0.000000 -0.000000 0.000000
66  -0.008024 2.137776 2.778724  0.049949 -0.000000 0.000000
67  0.000000 2.151127 2.901127  0.000000 -0.000000 0.000000
68  -0.008023 1.347420 0.085285  -1.051149 0.001216 0.000412
69  0.230628 1.332312 3.105305  0.000000 -0.000000 0.000000
70  -0.008024 2.172907 7.984052  -0.000000 -0.000000 0.000000
71  -0.008022 1.228065 5.810777  0.000000 -0.000000 0.000000
72  -0.008023 1.115505 -0.313082  0.000000 -0.000000 0.000000
73  -0.008023 1.345870 0.084164  1.570796 -0.000000 -0.000000
74  -0.008023 0.197514 1.902819  0.000000 -0.000000 0.000000
75  -1.923793 -12.799380 -1.699540  1.570796 -0.000000 0.000000
76  -1.915770 -11.617895 -1.911009  1.570796 -0.000000 0.000000
77  -0.008021 -0.151980 0.207543  0.000000 -0.000000 0.000000
78  -0.008021 -0.653745 0.060182  0.000000 -0.000000 0.000000
79  0.000000 -0.501765 -0.147367  0.000000 -0.000000 0.000000
80  0.000000 -1.003531 -0.294728  0.000000 -0.000000 0.000000
81  0.000000 -1.505297 -0.442090  0.000000 -0.000000 0.000000
82  0.000000 -2.007061 -0.589454  0.000000 -0.000000 0.000000
83  0.000000 -2.508827 -0.736814  0.000000 -0.000000 0.000000
84  0.000000 -2.772560 -0.939010  0.000000 -0.000000 0.000000
85  0.000000 -3.071457 -1.220325  0.000000 -0.000000 0.000000
86  -0.283371 -4.518086 -0.534134  0.346743 -0.000000 -0.000000
87  0.000000 4.582805 -0.219901  -0.051302 0.000000 0.000000
88  -1.923793 -12.799380 -1.699540  1.570796 -0.000000 0.000000
end
