version 1
nodes
0 "ValveBiped.Bip01_Spine4" -1
1 "ValveBiped.Bip01_L_Clavicle" 0
2 "ValveBiped.Bip01_L_UpperArm" 1
3 "ValveBiped.Bip01_L_Forearm" 2
4 "ValveBiped.Bip01_L_Hand" 3
5 "ValveBiped.Bip01_L_Finger4" 4
6 "ValveBiped.Bip01_L_Finger41" 5
7 "ValveBiped.Bip01_L_Finger42" 6
8 "ValveBiped.Bip01_L_Finger3" 4
9 "ValveBiped.Bip01_L_Finger31" 8
10 "ValveBiped.Bip01_L_Finger32" 9
11 "ValveBiped.Bip01_L_Finger2" 4
12 "ValveBiped.Bip01_L_Finger21" 11
13 "ValveBiped.Bip01_L_Finger22" 12
14 "ValveBiped.Bip01_L_Finger1" 4
15 "ValveBiped.Bip01_L_Finger11" 14
16 "ValveBiped.Bip01_L_Finger12" 15
17 "ValveBiped.Bip01_L_Finger0" 4
18 "ValveBiped.Bip01_L_Finger01" 17
19 "ValveBiped.Bip01_L_Finger02" 18
20 "ValveBiped.Bip01_L_Ulna" 3
21 "ValveBiped.Bip01_L_Wrist" 3
22 "rig_l_upperarm" 1
23 "rig_l_forearm" 22
24 "rig_d_l_forearm" 23
25 "rig_d_l_upperarm" 22
26 "ValveBiped.Bip01_R_Clavicle" 0
27 "ValveBiped.Bip01_R_UpperArm" 26
28 "ValveBiped.Bip01_R_Forearm" 27
29 "ValveBiped.Bip01_R_Hand" 28
30 "ValveBiped.Bip01_R_Finger4" 29
31 "ValveBiped.Bip01_R_Finger41" 30
32 "ValveBiped.Bip01_R_Finger42" 31
33 "ValveBiped.Bip01_R_Finger3" 29
34 "ValveBiped.Bip01_R_Finger31" 33
35 "ValveBiped.Bip01_R_Finger32" 34
36 "ValveBiped.Bip01_R_Finger2" 29
37 "ValveBiped.Bip01_R_Finger21" 36
38 "ValveBiped.Bip01_R_Finger22" 37
39 "ValveBiped.Bip01_R_Finger1" 29
40 "ValveBiped.Bip01_R_Finger11" 39
41 "ValveBiped.Bip01_R_Finger12" 40
42 "ValveBiped.Bip01_R_Finger0" 29
43 "ValveBiped.Bip01_R_Finger01" 42
44 "ValveBiped.Bip01_R_Finger02" 43
45 "ValveBiped.Bip01_R_Ulna" 28
46 "ValveBiped.Bip01_R_Wrist" 28
47 "rig_r_upperarm" 26
48 "rig_r_forearm" 47
49 "rig_d_r_forearm" 48
50 "rig_d_r_upperarm" 47
51 "rig_r_hand" -1
52 "rig_d_r_hand" 51
53 "rig_d_r_wrist" 52
54 "rig_l_hand" -1
55 "rig_d_l_hand" 54
56 "rig_d_l_wrist" 54
57 "rig_l_pole" -1
58 "rig_r_pole" -1
59 "rig_l_clavicle" -1
60 "rig_d_l_clavicle" 59
61 "rig_r_clavicle" -1
62 "rig_d_r_clavicle" 61
63 "Camera" -1
64 "body" -1
65 "trigger" 64
66 "bolt" 64
67 "barrel" 64
68 "magrel" 64
69 "chandle" 64
70 "chandle2" 69
71 "boltrelease" 64
72 "laseradj" 64
73 "selector" 64
74 "stock" 64
75 "safety" 64
76 "mag" -1
77 "bullet1" 76
78 "bullet2" 76
79 "bullet3" 76
80 "mag2" -1
81 "fakerounds" 80
end
skeleton
time 0
0  0.000006 0.000000 0.000000  -1.570800 -1.391899 -1.570792
1  2.033349 1.000767 1.937657  -1.544956 -1.855077 -0.198630
2  6.027515 -0.000324 0.000205  -1.380949 0.171782 -0.720055
3  11.692119 0.000651 -0.000741  -0.000006 -0.000000 -0.007161
4  15.695798 0.011969 -0.000995  1.365014 -0.263232 -0.082477
5  3.859512 -0.142880 -1.192049  -0.468164 0.151540 -0.880272
6  1.312591 0.000010 0.000008  -0.000026 0.000045 -0.439738
7  0.729354 0.000059 0.000050  0.000017 0.000021 -0.244318
8  3.942144 0.046271 -0.431512  -0.151810 0.073212 -0.811101
9  1.539110 0.000081 0.000005  -0.000007 0.000021 -0.247841
10  1.196331 0.000145 0.000029  0.000012 0.000019 -0.430771
11  3.883507 -0.047273 0.431381  0.085898 0.021851 -0.587925
12  1.719575 -0.000029 0.000015  0.000015 0.005519 -0.366533
13  1.209177 0.000090 0.000012  0.000004 0.003092 -0.216437
14  3.859661 -0.138477 1.332410  0.354468 -0.042725 -0.531804
15  1.719449 -0.000012 0.000022  0.000029 0.004070 -0.363021
16  1.099674 0.000048 0.000005  0.000003 0.002579 -0.244381
17  0.805995 -0.349051 1.321254  -1.222687 -0.679194 -0.788886
18  1.789817 -0.000005 -0.000020  0.000012 -0.000024 0.228522
19  1.207016 -0.000013 -0.000040  0.000002 -0.000008 0.362858
20  5.740636 0.000410 -0.000703  -0.101278 0.000003 0.000071
21  12.324168 0.002605 -0.000858  -0.036871 -0.030953 -0.033461
22  6.027524 -0.000330 0.000203  -2.871996 -0.873631 0.641929
23  0.000001 11.692099 -0.000008  -0.005502 -0.000058 -0.004650
24  0.000004 0.000008 -0.000002  0.868996 -0.000030 1.570739
25  0.000000 -0.000011 -0.000001  0.868957 0.000002 1.570712
26  2.033355 1.000772 -1.937609  1.473120 1.855075 -0.198639
27  6.027508 -0.000257 -0.000240  1.473976 -0.122996 -0.700915
28  11.691987 0.000245 0.000857  -0.000051 -0.000000 -0.007111
29  16.178350 0.013074 0.001148  -1.397156 0.232428 -0.094382
30  3.859437 -0.132784 1.193062  0.466291 -0.158048 -0.878829
31  1.312557 0.000024 0.000000  0.000011 -0.000044 -0.439710
32  0.729347 0.000062 -0.000029  -0.000023 -0.000019 -0.244286
33  3.942047 0.050110 0.430997  0.150090 -0.079180 -0.810199
34  1.539093 0.000009 -0.000000  0.000010 -0.000008 -0.247820
35  1.196300 0.000075 -0.000004  -0.000007 -0.000009 -0.430782
36  3.883412 -0.050500 -0.431087  -0.085915 -0.026391 -0.587671
37  1.719565 -0.000077 -0.000004  -0.000006 -0.007962 -0.366483
38  1.209197 0.000035 0.000011  0.000002 -0.004460 -0.216413
39  3.859586 -0.149112 -1.331323  -0.354446 0.038580 -0.531963
40  1.719411 -0.000100 -0.000035  -0.000028 -0.006585 -0.363032
41  1.099675 0.000021 0.000004  0.000004 -0.004187 -0.244346
42  0.805980 -0.359856 -1.318338  1.221444 0.673631 -0.793566
43  1.789778 -0.000007 -0.000041  -0.000028 0.000031 0.228552
44  1.206997 -0.000007 0.000008  -0.000017 0.000020 0.362911
45  5.740572 0.000055 0.000725  0.091248 -0.000014 0.000021
46  12.420613 0.002651 0.000980  0.033344 0.024798 -0.034273
47  6.027514 -0.000273 -0.000237  0.175409 -0.790928 -2.397131
48  -0.000001 11.691973 -0.000007  -0.005441 0.000036 0.004600
49  0.000003 -0.000001 -0.000000  2.272568 -0.000041 1.570856
50  -0.000007 -0.000015 0.000005  2.272644 -0.000030 1.570865
51  -23.122208 3.215578 -22.638103  -1.605366 2.379717 -0.041994
52  0.000002 0.000001 -0.000000  0.008153 -0.000259 0.000009
53  0.000000 -0.000000 0.000000  1.565115 0.043565 -0.106862
54  22.230877 3.215688 -22.638191  1.605712 0.761853 0.042358
55  -0.000002 0.000000 -0.000000  0.000000 -0.000000 -0.000002
56  0.000028 0.000030 0.000001  -1.571901 -0.044449 -0.106509
57  15.265023 8.339654 -8.787539  1.570796 -0.000000 0.000000
58  -15.265000 8.339654 -8.787539  1.570796 -0.000000 0.000000
59  1.941978 -1.346989 1.821586  1.570796 -0.000000 0.000000
60  -0.004311 0.001230 -0.000371  0.006898 -0.005534 -0.284229
61  -1.937603 -1.346625 1.822824  1.570796 -0.000000 0.000000
62  0.000000 0.000000 0.000000  -0.078727 -3.136056 0.284226
63  0.000000 0.000000 0.000000  1.570796 -0.000000 0.000000
64  -3.867668 -11.947968 -8.158499  1.570796 -0.000000 0.000000
65  0.000000 1.493403 -3.233429  0.000000 -0.000000 0.000000
66  0.000000 1.437356 2.678908  0.000000 -0.000000 0.000000
67  0.000000 1.223551 8.368259  0.000000 -0.000000 0.000000
68  0.493784 -0.455403 2.949804  0.000000 -0.000000 0.000000
69  0.000000 1.837544 4.270628  0.000000 -0.000000 0.000000
70  0.611233 0.000000 0.133974  0.000000 -0.000000 0.000000
71  0.843996 1.221737 2.472330  0.000000 -0.000000 0.000000
72  -1.136987 1.307241 5.785715  0.000000 -0.000000 0.000000
73  0.635495 2.656139 0.560856  0.000000 -0.000000 0.000000
74  -0.811924 2.486342 -5.665846  0.000000 -0.000000 0.000000
75  0.635495 2.608408 -3.871954  0.000000 -0.000000 0.000000
76  -3.867669 -13.373656 -9.908490  1.570796 -0.000000 0.000000
77  0.036712 -1.716773 0.260792  0.000000 -0.000000 0.000000
78  -0.076920 -1.687246 0.370360  0.000000 -0.000000 0.000000
79  0.045456 -1.731096 0.166453  0.000000 -0.000000 0.000000
80  -3.867669 -13.373656 -9.908490  1.570796 -0.000000 0.000000
81  0.000000 0.000000 0.249117  0.000000 -0.000000 0.000000
end
triangles
lowpoly_plastic
0  -3.637389 -13.108394 -14.367811  0.000005 0.036195 0.999345  0.018262 0.763527 1 76 1.000000
0  -3.701581 -13.163874 -14.365802  0.000005 0.036195 0.999345  0.018297 0.763558 1 76 1.000000
0  -3.389935 -13.147624 -14.366390  0.000005 0.036195 0.999345  0.018125 0.763549 1 76 1.000000
lowpoly_plastic
0  -4.246359 -12.935904 -15.109928  -0.021266 -0.440488 -0.897506  0.006133 0.763355 1 76 1.000000
0  -3.973970 -13.144286 -15.014112  -0.021266 -0.440488 -0.897506  0.006283 0.763436 1 76 1.000000
0  -4.285614 -13.128036 -15.014700  -0.021266 -0.440488 -0.897506  0.006111 0.763428 1 76 1.000000
lowpoly_plastic
0  -4.246359 -12.888464 -14.375773  -1.000000 -0.000001 0.000000  0.053133 0.750741 1 76 1.000000
0  -4.246359 -14.652081 -8.800717  -1.000000 -0.000001 0.000000  0.053161 0.747521 1 76 1.000000
0  -4.246359 -14.441198 -8.732496  -1.000000 -0.000001 0.000000  0.053283 0.747521 1 76 1.000000
lowpoly_plastic
0  -3.701581 -13.108394 -14.367811  0.000000 -0.953462 -0.301514  0.054330 0.750644 1 76 1.000000
0  -4.109065 -15.342807 -7.302042  0.000000 -0.953462 -0.301514  0.054555 0.746624 1 76 1.000000
0  -3.973970 -13.108394 -14.367811  0.000000 -0.953462 -0.301514  0.054480 0.750644 1 76 1.000000
lowpoly_plastic
0  -3.429192 -12.888464 -14.375773  0.000002 0.036182 0.999345  0.018147 0.763406 1 76 1.000000
0  -3.389935 -11.552792 -14.424133  0.000002 0.036182 0.999345  0.018125 0.762670 1 76 1.000000
0  -3.429192 -11.592022 -14.422712  0.000002 0.036182 0.999345  0.018147 0.762691 1 76 1.000000
lowpoly_plastic
0  -3.701581 -11.656617 -14.703101  0.000000 0.628955 -0.777442  0.006434 0.762622 1 76 1.000000
0  -3.973970 -11.498942 -14.575541  0.000000 0.628955 -0.777442  0.006283 0.762513 1 76 1.000000
0  -3.701581 -11.498942 -14.575541  0.000000 0.628955 -0.777442  0.006434 0.762513 1 76 1.000000
lowpoly_plastic
0  -4.038161 -13.108394 -14.367811  0.000000 0.036195 0.999345  0.018483 0.763527 1 76 1.000000
0  -3.973970 -13.163874 -14.365802  0.000000 0.036195 0.999345  0.018448 0.763558 1 76 1.000000
0  -3.973970 -13.108394 -14.367811  0.000000 0.036195 0.999345  0.018448 0.763527 1 76 1.000000
lowpoly_plastic
0  -3.429192 -13.937276 -7.225836  0.000000 0.950790 0.309835  0.054256 0.746705 1 76 1.000000
0  -3.429192 -11.592022 -14.422712  0.000000 0.950790 0.309835  0.054256 0.750885 1 76 1.000000
0  -3.701581 -11.592022 -14.422712  0.000000 0.950790 0.309835  0.054106 0.750885 1 76 1.000000
lowpoly_plastic
0  -3.973970 -11.592022 -14.422712  -0.003516 0.950824 0.309713  0.053955 0.750885 1 76 1.000000
0  -4.246359 -13.937276 -7.225836  -0.003516 0.950824 0.309713  0.053805 0.746705 1 76 1.000000
0  -3.973970 -13.982059 -7.085258  -0.003516 0.950824 0.309713  0.053955 0.746624 1 76 1.000000
lowpoly_plastic
0  -3.701581 -11.592022 -14.422712  -0.024336 0.950548 0.309622  0.054106 0.750885 1 76 1.000000
0  -3.743295 -13.934565 -7.234345  -0.024336 0.950548 0.309622  0.054083 0.746710 1 76 1.000000
0  -3.701581 -13.982059 -7.085258  -0.024336 0.950548 0.309622  0.054106 0.746624 1 76 1.000000
lowpoly_plastic
0  -3.973970 -11.592022 -14.422712  0.024336 0.950548 0.309623  0.053955 0.750885 1 76 1.000000
0  -3.973970 -13.982059 -7.085258  0.024336 0.950548 0.309623  0.053955 0.746624 1 76 1.000000
0  -3.932255 -13.934565 -7.234345  0.024336 0.950548 0.309623  0.053978 0.746710 1 76 1.000000
lowpoly_plastic
0  -3.973970 -11.592022 -14.422712  0.000000 0.950788 0.309842  0.053955 0.750885 1 76 1.000000
0  -3.743295 -13.934565 -7.234345  0.000000 0.950788 0.309842  0.054083 0.746710 1 76 1.000000
0  -3.701581 -11.592022 -14.422712  0.000000 0.950788 0.309842  0.054106 0.750885 1 76 1.000000
lowpoly_plastic
0  -3.701581 -11.656617 -14.703101  0.000000 0.303056 -0.952973  0.018448 0.761847 1 76 1.000000
0  -3.429192 -12.935904 -15.109928  0.000000 0.303056 -0.952973  0.018598 0.762580 1 76 1.000000
0  -3.701581 -12.935904 -15.109928  0.000000 0.303056 -0.952973  0.018448 0.762580 1 76 1.000000
lowpoly_plastic
0  -4.246359 -11.656617 -14.703101  0.000000 0.303056 -0.952973  0.018147 0.761847 1 76 1.000000
0  -3.973970 -12.935904 -15.109928  0.000000 0.303056 -0.952973  0.018297 0.762580 1 76 1.000000
0  -4.246359 -12.935904 -15.109928  0.000000 0.303056 -0.952973  0.018147 0.762580 1 76 1.000000
lowpoly_plastic
0  -3.973970 -11.656617 -14.703101  0.000000 0.303055 -0.952973  0.018297 0.761847 1 76 1.000000
0  -3.701581 -12.935904 -15.109928  0.000000 0.303055 -0.952973  0.018448 0.762580 1 76 1.000000
0  -3.973970 -12.935904 -15.109928  0.000000 0.303055 -0.952973  0.018297 0.762580 1 76 1.000000
lowpoly_plastic
0  -3.973970 -11.592022 -14.422712  0.000000 0.036178 0.999345  0.018448 0.762691 1 76 1.000000
0  -3.701581 -11.536542 -14.424721  0.000000 0.036178 0.999345  0.018297 0.762661 1 76 1.000000
0  -3.973970 -11.536542 -14.424721  0.000000 0.036178 0.999345  0.018448 0.762661 1 76 1.000000
lowpoly_plastic
0  -3.429192 -11.656617 -14.703101  0.036108 0.665506 -0.745519  0.006584 0.762622 1 76 1.000000
0  -3.701581 -11.498942 -14.575541  0.036108 0.665506 -0.745519  0.006434 0.762513 1 76 1.000000
0  -3.389935 -11.515192 -14.574951  0.036108 0.665506 -0.745519  0.006606 0.762521 1 76 1.000000
lowpoly_plastic
0  -3.701581 -11.592022 -14.422712  0.000007 0.036177 0.999345  0.018297 0.762691 1 76 1.000000
0  -3.389935 -11.552792 -14.424133  0.000007 0.036177 0.999345  0.018125 0.762670 1 76 1.000000
0  -3.701581 -11.536542 -14.424721  0.000007 0.036177 0.999345  0.018297 0.762661 1 76 1.000000
lowpoly_plastic
0  -3.701581 -12.935904 -15.109928  0.020057 -0.417680 -0.908373  0.006434 0.763355 1 76 1.000000
0  -3.389935 -13.128036 -15.014700  0.020057 -0.417680 -0.908373  0.006606 0.763428 1 76 1.000000
0  -3.701581 -13.144286 -15.014112  0.020057 -0.417680 -0.908373  0.006434 0.763436 1 76 1.000000
lowpoly_plastic
0  -3.701581 -13.108394 -14.367811  0.000000 -0.953461 -0.301516  0.054330 0.750644 1 76 1.000000
0  -3.637389 -13.108394 -14.367811  0.000000 -0.953461 -0.301516  0.054295 0.750644 1 76 1.000000
0  -3.568022 -15.342807 -7.302042  0.000000 -0.953461 -0.301516  0.054256 0.746624 1 76 1.000000
lowpoly_plastic
0  -4.285614 -11.552792 -14.424133  -0.050071 0.969081 0.241608  0.006883 0.765733 1 76 1.000000
0  -3.973970 -11.498942 -14.575541  -0.050071 0.969081 0.241608  0.006972 0.765561 1 76 1.000000
0  -4.285614 -11.515192 -14.574951  -0.050071 0.969081 0.241608  0.006969 0.765733 1 76 1.000000
lowpoly_plastic
0  -3.389935 -13.147624 -14.366390  0.051991 -0.998192 -0.030154  0.006468 0.765238 1 76 1.000000
0  -3.701581 -13.144286 -15.014112  0.051991 -0.998192 -0.030154  0.006113 0.765410 1 76 1.000000
0  -3.389935 -13.128036 -15.014700  0.051991 -0.998192 -0.030154  0.006111 0.765238 1 76 1.000000
lowpoly_plastic
0  -3.973970 -11.536542 -14.424721  0.000000 0.970300 0.241904  0.006886 0.765561 1 76 1.000000
0  -3.701581 -11.498942 -14.575541  0.000000 0.970300 0.241904  0.006972 0.765410 1 76 1.000000
0  -3.973970 -11.498942 -14.575541  0.000000 0.970300 0.241904  0.006972 0.765561 1 76 1.000000
lowpoly_plastic
0  -3.973970 -13.163874 -14.365802  -0.051991 -0.998192 -0.030159  0.006470 0.765561 1 76 1.000000
0  -4.285614 -13.128036 -15.014700  -0.051991 -0.998192 -0.030159  0.006111 0.765733 1 76 1.000000
0  -3.973970 -13.144286 -15.014112  -0.051991 -0.998192 -0.030159  0.006113 0.765561 1 76 1.000000
lowpoly_plastic
0  -3.701581 -11.536542 -14.424721  0.050073 0.969082 0.241605  0.006886 0.765410 1 76 1.000000
0  -3.389935 -11.515192 -14.574951  0.050073 0.969082 0.241605  0.006969 0.765238 1 76 1.000000
0  -3.701581 -11.498942 -14.575541  0.050073 0.969082 0.241605  0.006972 0.765410 1 76 1.000000
lowpoly_plastic
0  -3.389935 -11.552792 -14.424133  1.000000 0.000001 0.000000  0.006111 0.765214 1 76 1.000000
0  -3.389935 -13.128036 -15.014700  1.000000 0.000001 0.000000  0.006468 0.764357 1 76 1.000000
0  -3.389935 -11.515192 -14.574951  1.000000 0.000001 0.000000  0.006194 0.765238 1 76 1.000000
lowpoly_plastic
0  -4.285579 -13.147589 -14.366392  -1.000000 -0.000015 0.000054  0.006924 0.764333 1 76 1.000000
0  -4.285614 -11.515192 -14.574951  -1.000000 -0.000015 0.000054  0.006842 0.765238 1 76 1.000000
0  -4.285614 -13.128036 -15.014700  -1.000000 -0.000015 0.000054  0.006568 0.764357 1 76 1.000000
lowpoly_plastic
0  -3.701581 -13.163874 -14.365802  0.000000 -0.999544 -0.030199  0.006470 0.765410 1 76 1.000000
0  -3.973970 -13.144286 -15.014112  0.000000 -0.999544 -0.030199  0.006113 0.765561 1 76 1.000000
0  -3.701581 -13.144286 -15.014112  0.000000 -0.999544 -0.030199  0.006113 0.765410 1 76 1.000000
lowpoly_plastic
0  -3.701581 -13.108394 -14.367811  0.000000 0.036194 0.999345  0.018297 0.763527 1 76 1.000000
0  -3.973970 -13.163874 -14.365802  0.000000 0.036194 0.999345  0.018448 0.763558 1 76 1.000000
0  -3.701581 -13.163874 -14.365802  0.000000 0.036194 0.999345  0.018297 0.763558 1 76 1.000000
lowpoly_plastic
0  -4.109065 -15.342807 -7.302042  0.000000 -0.953461 -0.301516  0.054555 0.746624 1 76 1.000000
0  -4.038161 -13.108394 -14.367811  0.000000 -0.953461 -0.301516  0.054516 0.750644 1 76 1.000000
0  -3.973970 -13.108394 -14.367811  0.000000 -0.953461 -0.301516  0.054480 0.750644 1 76 1.000000
lowpoly_plastic
0  -3.973970 -12.935904 -15.109928  0.000000 -0.417763 -0.908556  0.006283 0.763355 1 76 1.000000
0  -3.701581 -13.144286 -15.014112  0.000000 -0.417763 -0.908556  0.006434 0.763436 1 76 1.000000
0  -3.973970 -13.144286 -15.014112  0.000000 -0.417763 -0.908556  0.006283 0.763436 1 76 1.000000
lowpoly_plastic
0  -4.246359 -11.656617 -14.703101  -0.910491 0.108781 -0.398964  0.006767 0.765162 1 76 1.000000
0  -4.285614 -13.128036 -15.014700  -0.910491 0.108781 -0.398964  0.006568 0.764357 1 76 1.000000
0  -4.285614 -11.515192 -14.574951  -0.910491 0.108781 -0.398964  0.006842 0.765238 1 76 1.000000
lowpoly_plastic
0  -4.246359 -11.592022 -14.422712  -0.000009 0.036193 0.999345  0.018598 0.762691 1 76 1.000000
0  -3.973970 -11.536542 -14.424721  -0.000009 0.036193 0.999345  0.018448 0.762661 1 76 1.000000
0  -4.285614 -11.552792 -14.424133  -0.000009 0.036193 0.999345  0.018620 0.762670 1 76 1.000000
lowpoly_plastic
0  -3.973970 -11.656617 -14.703101  -0.034242 0.628585 -0.776987  0.006283 0.762622 1 76 1.000000
0  -4.285614 -11.515192 -14.574951  -0.034242 0.628585 -0.776987  0.006111 0.762521 1 76 1.000000
0  -3.973970 -11.498942 -14.575541  -0.034242 0.628585 -0.776987  0.006283 0.762513 1 76 1.000000
lowpoly_plastic
0  -3.429192 -15.105806 -7.366423  1.000000 -0.000000 0.000000  0.052860 0.746693 1 76 1.000000
0  -3.429192 -14.748070 -8.497282  1.000000 -0.000000 0.000000  0.052866 0.747346 1 76 1.000000
0  -3.429192 -14.539154 -8.429697  1.000000 -0.000000 0.000000  0.052745 0.747346 1 76 1.000000
lowpoly_plastic
0  -3.429192 -12.935904 -15.109928  0.964045 0.069902 -0.256379  0.006518 0.764465 1 76 1.000000
0  -3.389935 -11.515192 -14.574951  0.964045 0.069902 -0.256379  0.006194 0.765238 1 76 1.000000
0  -3.389935 -13.128036 -15.014700  0.964045 0.069902 -0.256379  0.006468 0.764357 1 76 1.000000
lowpoly_plastic
0  -4.038161 -13.108394 -14.367811  0.000000 0.036180 0.999345  0.018483 0.763527 1 76 1.000000
0  -4.246359 -12.888464 -14.375773  0.000000 0.036180 0.999345  0.018598 0.763406 1 76 1.000000
0  -4.285579 -13.147589 -14.366392  0.000000 0.036180 0.999345  0.018620 0.763549 1 76 1.000000
lowpoly_plastic
0  -3.429192 -12.888464 -14.375773  0.000006 0.036182 0.999345  0.018147 0.763406 1 76 1.000000
0  -3.637389 -13.108394 -14.367811  0.000006 0.036182 0.999345  0.018262 0.763527 1 76 1.000000
0  -3.389935 -13.147624 -14.366390  0.000006 0.036182 0.999345  0.018125 0.763549 1 76 1.000000
lowpoly_plastic
0  -4.109065 -15.342807 -7.302042  -0.830431 -0.528743 -0.175545  0.053051 0.746624 1 76 1.000000
0  -4.186698 -14.816700 -8.519485  -0.830431 -0.528743 -0.175545  0.053121 0.747348 1 76 1.000000
0  -4.186698 -14.716423 -8.821532  -0.830431 -0.528743 -0.175545  0.053122 0.747523 1 76 1.000000
lowpoly_plastic
0  -3.568022 -15.342807 -7.302042  0.829939 -0.531877 -0.168251  0.052977 0.746624 1 76 1.000000
0  -3.497024 -14.748100 -8.831779  0.829939 -0.531877 -0.168251  0.052925 0.747523 1 76 1.000000
0  -3.497024 -14.844090 -8.528344  0.829939 -0.531877 -0.168251  0.052923 0.747348 1 76 1.000000
lowpoly_plastic
0  -4.246359 -12.888464 -14.375773  0.000000 0.036183 0.999345  0.018598 0.763406 1 76 1.000000
0  -4.285614 -11.552792 -14.424133  0.000000 0.036183 0.999345  0.018620 0.762670 1 76 1.000000
0  -4.285579 -13.147589 -14.366392  0.000000 0.036183 0.999345  0.018620 0.763549 1 76 1.000000
lowpoly_plastic
0  -3.497024 -14.748100 -8.831779  1.000000 0.000000 0.000000  0.004094 0.762638 1 76 1.000000
0  -3.497024 -14.539154 -8.429697  1.000000 0.000000 0.000000  0.003915 0.762463 1 76 1.000000
0  -3.497024 -14.844090 -8.528344  1.000000 0.000000 0.000000  0.004092 0.762463 1 76 1.000000
lowpoly_plastic
0  -3.429192 -14.539154 -8.429697  0.000000 -0.951453 -0.307793  0.025459 0.767739 1 76 1.000000
0  -3.497024 -14.441198 -8.732496  0.000000 -0.951453 -0.307793  0.025497 0.767911 1 76 1.000000
0  -3.429192 -14.441198 -8.732496  0.000000 -0.951453 -0.307793  0.025459 0.767911 1 76 1.000000
lowpoly_plastic
0  -3.497024 -14.441198 -8.732496  0.000000 -0.307799 0.951451  0.025982 0.764838 1 76 1.000000
0  -3.429192 -14.652081 -8.800717  0.000000 -0.307799 0.951451  0.025944 0.764956 1 76 1.000000
0  -3.429192 -14.441198 -8.732496  0.000000 -0.307799 0.951451  0.025944 0.764838 1 76 1.000000
lowpoly_plastic
0  -3.497024 -14.539154 -8.429697  0.000000 0.307796 -0.951452  0.025459 0.767563 1 76 1.000000
0  -3.429192 -14.748070 -8.497282  0.000000 0.307796 -0.951452  0.025497 0.767684 1 76 1.000000
0  -3.497024 -14.844090 -8.528344  0.000000 0.307796 -0.951452  0.025459 0.767739 1 76 1.000000
lowpoly_plastic
0  -4.186698 -14.816700 -8.519485  -1.000000 0.000000 0.000000  0.004290 0.762462 1 76 1.000000
0  -4.186698 -14.441198 -8.732496  -1.000000 0.000000 0.000000  0.004451 0.762638 1 76 1.000000
0  -4.186698 -14.716423 -8.821532  -1.000000 0.000000 0.000000  0.004291 0.762637 1 76 1.000000
lowpoly_plastic
0  -4.246359 -14.441198 -8.732496  0.000000 -0.951452 -0.307796  0.025977 0.765182 1 76 1.000000
0  -4.186698 -14.539154 -8.429697  0.000000 -0.951452 -0.307796  0.025944 0.765009 1 76 1.000000
0  -4.246359 -14.539154 -8.429697  0.000000 -0.951452 -0.307796  0.025977 0.765009 1 76 1.000000
lowpoly_plastic
0  -4.186698 -14.441198 -8.732496  -0.000030 -0.307800 0.951451  0.025944 0.765341 1 76 1.000000
0  -4.246359 -14.652081 -8.800717  -0.000030 -0.307800 0.951451  0.025977 0.765459 1 76 1.000000
0  -4.203315 -14.692856 -8.813908  -0.000030 -0.307800 0.951451  0.025954 0.765481 1 76 1.000000
lowpoly_plastic
0  -4.186698 -14.539154 -8.429697  0.000006 0.307796 -0.951452  0.025977 0.765182 1 76 1.000000
0  -4.212421 -14.780218 -8.507682  0.000006 0.307796 -0.951452  0.025963 0.765320 1 76 1.000000
0  -4.246359 -14.748070 -8.497282  0.000006 0.307796 -0.951452  0.025944 0.765302 1 76 1.000000
lowpoly_plastic
0  -3.568022 -13.982059 -7.085258  0.000000 0.036872 0.999320  0.055447 0.748459 1 76 1.000000
0  -3.701581 -13.982059 -7.085258  0.000000 0.036872 0.999320  0.055520 0.748451 1 76 1.000000
0  -3.568022 -14.650455 -7.060596  0.000000 0.036872 0.999320  0.055482 0.748825 1 76 1.000000
lowpoly_plastic
0  -3.973970 -13.982059 -7.085258  0.000000 0.036872 0.999320  0.055398 0.747685 1 76 1.000000
0  -4.107528 -13.982059 -7.085258  0.000000 0.036872 0.999320  0.055472 0.747693 1 76 1.000000
0  -4.109065 -14.650455 -7.060596  0.000000 0.036872 0.999320  0.055436 0.748060 1 76 1.000000
lowpoly_plastic
0  -4.109065 -15.342807 -7.302042  -0.711028 -0.231542 0.663948  0.055398 0.748444 1 76 1.000000
0  -4.246359 -14.629436 -7.200296  -0.711028 -0.231542 0.663948  0.055512 0.748058 1 76 1.000000
0  -4.246359 -15.105806 -7.366423  -0.711028 -0.231542 0.663948  0.055486 0.748322 1 76 1.000000
lowpoly_plastic
0  -3.429192 -14.629436 -7.200296  0.707108 -0.232840 0.667670  0.055405 0.748823 1 76 1.000000
0  -3.568022 -15.342807 -7.302042  0.707108 -0.232840 0.667670  0.055520 0.749210 1 76 1.000000
0  -3.429192 -15.105806 -7.366423  0.707108 -0.232840 0.667670  0.055431 0.749088 1 76 1.000000
lowpoly_plastic
0  -4.109065 -14.650455 -7.060596  -0.711032 0.025928 0.702681  0.055436 0.748060 1 76 1.000000
0  -4.246359 -13.937276 -7.225836  -0.711032 0.025928 0.702681  0.055550 0.747678 1 76 1.000000
0  -4.246359 -14.629436 -7.200296  -0.711032 0.025928 0.702681  0.055512 0.748058 1 76 1.000000
lowpoly_plastic
0  -3.429192 -14.629436 -7.200296  0.707105 0.026073 0.706628  0.055405 0.748823 1 76 1.000000
0  -3.568022 -13.982059 -7.085258  0.707105 0.026073 0.706628  0.055447 0.748459 1 76 1.000000
0  -3.568022 -14.650455 -7.060596  0.707105 0.026073 0.706628  0.055482 0.748825 1 76 1.000000
lowpoly_plastic
0  -3.568022 -15.342807 -7.302042  -0.999557 -0.005247 0.029311  0.053499 0.797757 1 76 1.000000
0  -3.567250 -14.652116 -7.152119  -0.999557 -0.005247 0.029311  0.053547 0.797369 1 76 1.000000
0  -3.570176 -15.321728 -7.371703  -0.999557 -0.005247 0.029311  0.053539 0.797758 1 76 1.000000
lowpoly_plastic
0  -3.973970 -13.982059 -7.085258  0.879746 -0.130758 -0.457110  0.053719 0.798072 1 76 1.000000
0  -4.108300 -14.652116 -7.152119  0.879746 -0.130758 -0.457110  0.053801 0.798436 1 76 1.000000
0  -4.021102 -13.977921 -7.177152  0.879746 -0.130758 -0.457110  0.053669 0.798087 1 76 1.000000
lowpoly_plastic
0  -4.109065 -14.650455 -7.060596  0.999964 -0.000982 0.008374  0.053848 0.798419 1 76 1.000000
0  -4.107120 -15.321728 -7.371704  0.999964 -0.000982 0.008374  0.053808 0.798825 1 76 1.000000
0  -4.108300 -14.652116 -7.152119  0.999964 -0.000982 0.008374  0.053801 0.798436 1 76 1.000000
lowpoly_plastic
0  -3.568022 -14.650455 -7.060596  -0.991693 -0.128487 -0.006035  0.053499 0.797352 1 76 1.000000
0  -3.654448 -13.977921 -7.177152  -0.991693 -0.128487 -0.006035  0.053679 0.797020 1 76 1.000000
0  -3.567250 -14.652116 -7.152119  -0.991693 -0.128487 -0.006035  0.053547 0.797369 1 76 1.000000
lowpoly_plastic
0  -3.743295 -13.934565 -7.234345  -0.319235 -0.925147 -0.205408  0.053866 0.797844 1 76 1.000000
0  -3.654448 -13.977921 -7.177152  -0.319235 -0.925147 -0.205408  0.053901 0.797795 1 76 1.000000
0  -3.701581 -13.982059 -7.085258  -0.319235 -0.925147 -0.205408  0.053951 0.797821 1 76 1.000000
lowpoly_plastic
0  -3.973970 -13.982059 -7.085258  0.319238 -0.925148 -0.205398  0.053951 0.797972 1 76 1.000000
0  -4.021102 -13.977921 -7.177152  0.319238 -0.925148 -0.205398  0.053901 0.797998 1 76 1.000000
0  -3.932255 -13.934565 -7.234345  0.319238 -0.925148 -0.205398  0.053866 0.797949 1 76 1.000000
lowpoly_plastic
0  -3.570176 -15.321728 -7.371703  -0.943690 0.207810 0.257417  0.053539 0.797758 1 76 1.000000
0  -3.507154 -14.612749 -7.713018  -0.943690 0.207810 0.257417  0.053848 0.797451 1 76 1.000000
0  -3.620435 -15.177279 -7.672565  -0.943690 0.207810 0.257417  0.053720 0.797736 1 76 1.000000
lowpoly_plastic
0  -4.021102 -13.977921 -7.177152  0.984332 -0.150689 -0.091559  0.053669 0.798087 1 76 1.000000
0  -4.168129 -14.612749 -7.713018  0.984332 -0.150689 -0.091559  0.053499 0.798518 1 76 1.000000
0  -4.061603 -14.040177 -7.510113  0.984332 -0.150689 -0.091559  0.053505 0.798181 1 76 1.000000
lowpoly_plastic
0  -4.108300 -14.652116 -7.152119  0.978286 0.186071 -0.091291  0.053801 0.798436 1 76 1.000000
0  -4.056980 -15.177279 -7.672565  0.978286 0.186071 -0.091291  0.053627 0.798803 1 76 1.000000
0  -4.168129 -14.612749 -7.713018  0.978286 0.186071 -0.091291  0.053499 0.798518 1 76 1.000000
lowpoly_plastic
0  -3.567250 -14.652116 -7.152119  -0.983122 -0.142046 -0.115302  0.053547 0.797369 1 76 1.000000
0  -3.613680 -14.040177 -7.510113  -0.983122 -0.142046 -0.115302  0.053842 0.797114 1 76 1.000000
0  -3.507154 -14.612749 -7.713018  -0.983122 -0.142046 -0.115302  0.053848 0.797451 1 76 1.000000
lowpoly_plastic
0  -3.620435 -15.177279 -7.672565  0.000004 0.071475 0.997442  0.053474 0.800360 1 76 1.000000
0  -4.168129 -14.612749 -7.713018  0.000004 0.071475 0.997442  0.053776 0.800049 1 76 1.000000
0  -4.056980 -15.177279 -7.672565  0.000004 0.071475 0.997442  0.053715 0.800360 1 76 1.000000
lowpoly_plastic
0  -3.507154 -14.612749 -7.713018  0.000000 -0.334023 0.942565  0.053411 0.800049 1 76 1.000000
0  -4.061603 -14.040177 -7.510113  0.000000 -0.334023 0.942565  0.053718 0.799730 1 76 1.000000
0  -4.168129 -14.612749 -7.713018  0.000000 -0.334023 0.942565  0.053776 0.800049 1 76 1.000000
lowpoly_plastic
0  -3.620435 -15.177279 -7.672565  0.000000 0.913032 0.407889  0.053722 0.797802 1 76 1.000000
0  -4.109065 -15.342807 -7.302042  0.000000 0.913032 0.407889  0.053499 0.798072 1 76 1.000000
0  -3.568022 -15.342807 -7.302042  0.000000 0.913032 0.407889  0.053499 0.797773 1 76 1.000000
lowpoly_plastic
0  -3.613680 -14.040177 -7.510113  0.000000 -0.933859 0.357642  0.053722 0.797773 1 76 1.000000
0  -3.932255 -13.934565 -7.234345  0.000000 -0.933859 0.357642  0.053866 0.797949 1 76 1.000000
0  -4.061603 -14.040177 -7.510113  0.000000 -0.933859 0.357642  0.053722 0.798020 1 76 1.000000
lowpoly_plastic
0  -3.654448 -13.977921 -7.177152  -0.488618 -0.866492 0.102193  0.053901 0.797795 1 76 1.000000
0  -3.743295 -13.934565 -7.234345  -0.488618 -0.866492 0.102193  0.053866 0.797844 1 76 1.000000
0  -3.613680 -14.040177 -7.510113  -0.488618 -0.866492 0.102193  0.053722 0.797773 1 76 1.000000
lowpoly_plastic
0  -3.932255 -13.934565 -7.234345  0.488780 -0.866359 0.102544  0.053866 0.797949 1 76 1.000000
0  -4.021102 -13.977921 -7.177152  0.488780 -0.866359 0.102544  0.053901 0.797998 1 76 1.000000
0  -4.061603 -14.040177 -7.510113  0.488780 -0.866359 0.102544  0.053722 0.798020 1 76 1.000000
lowpoly_plastic
0  -3.637389 -13.108394 -14.367811  -0.000002 0.036181 0.999345  0.018262 0.763527 1 76 1.000000
0  -3.701580 -13.163874 -14.365803  -0.000002 0.036181 0.999345  0.018297 0.763558 1 76 1.000000
0  -3.389935 -13.147624 -14.366390  -0.000002 0.036181 0.999345  0.018125 0.763549 1 76 1.000000
lowpoly_plastic
0  -4.246358 -12.935904 -15.109930  -0.021280 -0.440487 -0.897507  0.006133 0.763355 1 76 1.000000
0  -3.973969 -13.144286 -15.014112  -0.021280 -0.440487 -0.897507  0.006283 0.763436 1 76 1.000000
0  -4.285614 -13.128036 -15.014701  -0.021280 -0.440487 -0.897507  0.006111 0.763428 1 76 1.000000
lowpoly_plastic
0  -4.246358 -13.309024 -13.046323  -1.000000 -0.000001 0.000000  0.053139 0.749973 1 76 1.000000
0  -4.246358 -14.652081 -8.800717  -1.000000 -0.000001 0.000000  0.053161 0.747521 1 76 1.000000
0  -4.246358 -14.441198 -8.732496  -1.000000 -0.000001 0.000000  0.053283 0.747521 1 76 1.000000
lowpoly_plastic
0  -3.701580 -13.108394 -14.367811  0.000000 -0.953462 -0.301513  0.054330 0.750644 1 76 1.000000
0  -3.986853 -13.321483 -13.693971  0.000000 -0.953462 -0.301513  0.054488 0.750260 1 76 1.000000
0  -3.973969 -13.108394 -14.367811  0.000000 -0.953462 -0.301513  0.054480 0.750644 1 76 1.000000
lowpoly_plastic
0  -3.429191 -12.888464 -14.375774  0.000002 0.036181 0.999345  0.018147 0.763406 1 76 1.000000
0  -3.389935 -11.552792 -14.424133  0.000002 0.036181 0.999345  0.018125 0.762670 1 76 1.000000
0  -3.429191 -11.592022 -14.422712  0.000002 0.036181 0.999345  0.018147 0.762691 1 76 1.000000
lowpoly_plastic
0  -3.701580 -11.656617 -14.703102  0.000000 0.628953 -0.777443  0.006434 0.762622 1 76 1.000000
0  -3.973969 -11.498941 -14.575541  0.000000 0.628953 -0.777443  0.006283 0.762513 1 76 1.000000
0  -3.701580 -11.498941 -14.575541  0.000000 0.628953 -0.777443  0.006434 0.762513 1 76 1.000000
lowpoly_plastic
0  -4.038160 -13.108394 -14.367811  0.000000 0.036178 0.999345  0.018483 0.763527 1 76 1.000000
0  -3.973969 -13.163874 -14.365803  0.000000 0.036178 0.999345  0.018448 0.763558 1 76 1.000000
0  -3.973969 -13.108394 -14.367811  0.000000 0.036178 0.999345  0.018448 0.763527 1 76 1.000000
lowpoly_plastic
0  -3.429191 -13.937276 -7.225835  0.000781 0.950790 0.309835  0.054256 0.746705 1 76 1.000000
0  -3.429191 -12.112381 -12.825888  0.000781 0.950790 0.309835  0.054256 0.749957 1 76 1.000000
0  -3.701580 -12.112170 -12.825850  0.000781 0.950790 0.309835  0.054106 0.749957 1 76 1.000000
lowpoly_plastic
0  -3.973969 -12.112170 -12.825850  -0.003516 0.950824 0.309713  0.053955 0.749957 1 76 1.000000
0  -4.246358 -13.937276 -7.225835  -0.003516 0.950824 0.309713  0.053805 0.746705 1 76 1.000000
0  -3.973969 -13.982059 -7.085258  -0.003516 0.950824 0.309713  0.053955 0.746624 1 76 1.000000
lowpoly_plastic
0  -3.701580 -11.592022 -14.422712  -0.024338 0.950543 0.309639  0.054106 0.750885 1 76 1.000000
0  -3.707188 -11.906961 -13.456285  -0.024338 0.950543 0.309639  0.054103 0.750323 1 76 1.000000
0  -3.701580 -11.906825 -13.456263  -0.024338 0.950543 0.309639  0.054106 0.750323 1 76 1.000000
lowpoly_plastic
0  -3.973969 -11.592022 -14.422712  0.024336 0.950550 0.309618  0.053955 0.750885 1 76 1.000000
0  -3.973969 -11.906825 -13.456263  0.024336 0.950550 0.309618  0.053955 0.750323 1 76 1.000000
0  -3.968361 -11.906961 -13.456285  0.024336 0.950550 0.309618  0.053958 0.750323 1 76 1.000000
lowpoly_plastic
0  -3.973969 -11.592022 -14.422712  0.000000 0.950788 0.309843  0.053955 0.750885 1 76 1.000000
0  -3.707188 -11.906961 -13.456285  0.000000 0.950788 0.309843  0.054103 0.750323 1 76 1.000000
0  -3.701580 -11.592022 -14.422712  0.000000 0.950788 0.309843  0.054106 0.750885 1 76 1.000000
lowpoly_plastic
0  -3.701580 -11.656617 -14.703102  0.000000 0.303057 -0.952972  0.018448 0.761847 1 76 1.000000
0  -3.429191 -12.935904 -15.109930  0.000000 0.303057 -0.952972  0.018598 0.762580 1 76 1.000000
0  -3.701580 -12.935904 -15.109930  0.000000 0.303057 -0.952972  0.018448 0.762580 1 76 1.000000
lowpoly_plastic
0  -4.246358 -11.656617 -14.703102  0.000000 0.303057 -0.952972  0.018147 0.761847 1 76 1.000000
0  -3.973969 -12.935904 -15.109930  0.000000 0.303057 -0.952972  0.018297 0.762580 1 76 1.000000
0  -4.246358 -12.935904 -15.109930  0.000000 0.303057 -0.952972  0.018147 0.762580 1 76 1.000000
lowpoly_plastic
0  -3.973969 -11.656617 -14.703102  0.000000 0.303057 -0.952973  0.018297 0.761847 1 76 1.000000
0  -3.701580 -12.935904 -15.109930  0.000000 0.303057 -0.952973  0.018448 0.762580 1 76 1.000000
0  -3.973969 -12.935904 -15.109930  0.000000 0.303057 -0.952973  0.018297 0.762580 1 76 1.000000
lowpoly_plastic
0  -3.973969 -11.592022 -14.422712  0.000000 0.036194 0.999345  0.018448 0.762691 1 76 1.000000
0  -3.701580 -11.536541 -14.424722  0.000000 0.036194 0.999345  0.018297 0.762661 1 76 1.000000
0  -3.973969 -11.536541 -14.424722  0.000000 0.036194 0.999345  0.018448 0.762661 1 76 1.000000
lowpoly_plastic
0  -3.429191 -11.656617 -14.703102  0.036113 0.665506 -0.745518  0.006584 0.762622 1 76 1.000000
0  -3.701580 -11.498941 -14.575541  0.036113 0.665506 -0.745518  0.006434 0.762513 1 76 1.000000
0  -3.389935 -11.515192 -14.574952  0.036113 0.665506 -0.745518  0.006606 0.762521 1 76 1.000000
lowpoly_plastic
0  -3.701580 -11.592022 -14.422712  -0.000002 0.036194 0.999345  0.018297 0.762691 1 76 1.000000
0  -3.389935 -11.552792 -14.424133  -0.000002 0.036194 0.999345  0.018125 0.762670 1 76 1.000000
0  -3.701580 -11.536541 -14.424722  -0.000002 0.036194 0.999345  0.018297 0.762661 1 76 1.000000
lowpoly_plastic
0  -3.701580 -12.935904 -15.109930  0.020070 -0.417683 -0.908371  0.006434 0.763355 1 76 1.000000
0  -3.389935 -13.128036 -15.014701  0.020070 -0.417683 -0.908371  0.006606 0.763428 1 76 1.000000
0  -3.701580 -13.144286 -15.014112  0.020070 -0.417683 -0.908371  0.006434 0.763436 1 76 1.000000
lowpoly_plastic
0  -3.701580 -13.108394 -14.367811  0.000000 -0.953462 -0.301514  0.054330 0.750644 1 76 1.000000
0  -3.630774 -13.321483 -13.693971  0.000000 -0.953462 -0.301514  0.054291 0.750260 1 76 1.000000
0  -3.688843 -13.321483 -13.693971  0.000000 -0.953462 -0.301514  0.054323 0.750260 1 76 1.000000
lowpoly_plastic
0  -4.285614 -11.552792 -14.424133  -0.050074 0.969084 0.241597  0.006883 0.765733 1 76 1.000000
0  -3.973969 -11.498941 -14.575541  -0.050074 0.969084 0.241597  0.006972 0.765561 1 76 1.000000
0  -4.285614 -11.515192 -14.574952  -0.050074 0.969084 0.241597  0.006969 0.765733 1 76 1.000000
lowpoly_plastic
0  -3.389935 -13.147624 -14.366390  0.051990 -0.998192 -0.030154  0.006468 0.765238 1 76 1.000000
0  -3.701580 -13.144286 -15.014112  0.051990 -0.998192 -0.030154  0.006113 0.765410 1 76 1.000000
0  -3.389935 -13.128036 -15.014701  0.051990 -0.998192 -0.030154  0.006111 0.765238 1 76 1.000000
lowpoly_plastic
0  -3.973969 -11.536541 -14.424722  0.000000 0.970300 0.241905  0.006886 0.765561 1 76 1.000000
0  -3.701580 -11.498941 -14.575541  0.000000 0.970300 0.241905  0.006972 0.765410 1 76 1.000000
0  -3.973969 -11.498941 -14.575541  0.000000 0.970300 0.241905  0.006972 0.765561 1 76 1.000000
lowpoly_plastic
0  -3.973969 -13.163874 -14.365803  -0.051990 -0.998192 -0.030154  0.006470 0.765561 1 76 1.000000
0  -4.285614 -13.128036 -15.014701  -0.051990 -0.998192 -0.030154  0.006111 0.765733 1 76 1.000000
0  -3.973969 -13.144286 -15.014112  -0.051990 -0.998192 -0.030154  0.006113 0.765561 1 76 1.000000
lowpoly_plastic
0  -3.701580 -11.536541 -14.424722  0.050076 0.969084 0.241597  0.006886 0.765410 1 76 1.000000
0  -3.389935 -11.515192 -14.574952  0.050076 0.969084 0.241597  0.006969 0.765238 1 76 1.000000
0  -3.701580 -11.498941 -14.575541  0.050076 0.969084 0.241597  0.006972 0.765410 1 76 1.000000
lowpoly_plastic
0  -3.389935 -11.552792 -14.424133  1.000000 0.000000 0.000000  0.006111 0.765214 1 76 1.000000
0  -3.389935 -13.128036 -15.014701  1.000000 0.000000 0.000000  0.006468 0.764357 1 76 1.000000
0  -3.389935 -11.515192 -14.574952  1.000000 0.000000 0.000000  0.006194 0.765238 1 76 1.000000
lowpoly_plastic
0  -4.285579 -13.147589 -14.366392  -1.000000 -0.000015 0.000054  0.006924 0.764333 1 76 1.000000
0  -4.285614 -11.515192 -14.574952  -1.000000 -0.000015 0.000054  0.006842 0.765238 1 76 1.000000
0  -4.285614 -13.128036 -15.014701  -1.000000 -0.000015 0.000054  0.006568 0.764357 1 76 1.000000
lowpoly_plastic
0  -3.701580 -13.163874 -14.365803  0.000000 -0.999544 -0.030199  0.006470 0.765410 1 76 1.000000
0  -3.973969 -13.144286 -15.014112  0.000000 -0.999544 -0.030199  0.006113 0.765561 1 76 1.000000
0  -3.701580 -13.144286 -15.014112  0.000000 -0.999544 -0.030199  0.006113 0.765410 1 76 1.000000
lowpoly_plastic
0  -3.701580 -13.108394 -14.367811  0.000000 0.036177 0.999345  0.018297 0.763527 1 76 1.000000
0  -3.973969 -13.163874 -14.365803  0.000000 0.036177 0.999345  0.018448 0.763558 1 76 1.000000
0  -3.701580 -13.163874 -14.365803  0.000000 0.036177 0.999345  0.018297 0.763558 1 76 1.000000
lowpoly_plastic
0  -4.109065 -15.342807 -7.302042  0.000000 -0.953462 -0.301512  0.054555 0.746624 1 76 1.000000
0  -4.051042 -13.514329 -13.084143  0.000000 -0.953462 -0.301512  0.054523 0.749913 1 76 1.000000
0  -3.998513 -13.514329 -13.084143  0.000000 -0.953462 -0.301512  0.054494 0.749913 1 76 1.000000
lowpoly_plastic
0  -3.973969 -12.935904 -15.109930  0.000000 -0.417767 -0.908554  0.006283 0.763355 1 76 1.000000
0  -3.701580 -13.144286 -15.014112  0.000000 -0.417767 -0.908554  0.006434 0.763436 1 76 1.000000
0  -3.973969 -13.144286 -15.014112  0.000000 -0.417767 -0.908554  0.006283 0.763436 1 76 1.000000
lowpoly_plastic
0  -4.246358 -11.656617 -14.703102  -0.910498 0.108776 -0.398951  0.006767 0.765162 1 76 1.000000
0  -4.285614 -13.128036 -15.014701  -0.910498 0.108776 -0.398951  0.006568 0.764357 1 76 1.000000
0  -4.285614 -11.515192 -14.574952  -0.910498 0.108776 -0.398951  0.006842 0.765238 1 76 1.000000
lowpoly_plastic
0  -4.246358 -11.592022 -14.422712  0.000002 0.036198 0.999345  0.018598 0.762691 1 76 1.000000
0  -3.973969 -11.536541 -14.424722  0.000002 0.036198 0.999345  0.018448 0.762661 1 76 1.000000
0  -4.285614 -11.552792 -14.424133  0.000002 0.036198 0.999345  0.018620 0.762670 1 76 1.000000
lowpoly_plastic
0  -3.973969 -11.656617 -14.703102  -0.034247 0.628588 -0.776984  0.006283 0.762622 1 76 1.000000
0  -4.285614 -11.515192 -14.574952  -0.034247 0.628588 -0.776984  0.006111 0.762521 1 76 1.000000
0  -3.973969 -11.498941 -14.575541  -0.034247 0.628588 -0.776984  0.006283 0.762513 1 76 1.000000
lowpoly_plastic
0  -3.429191 -12.888464 -14.375774  1.000000 0.000000 0.000000  0.052895 0.750742 1 76 1.000000
0  -3.429191 -11.906954 -13.456283  1.000000 0.000000 0.000000  0.052223 0.750430 1 76 1.000000
0  -3.429191 -13.115116 -13.659294  1.000000 0.000000 0.000000  0.052892 0.750328 1 76 1.000000
lowpoly_plastic
0  -3.429191 -12.935904 -15.109930  0.964047 0.069901 -0.256372  0.006518 0.764465 1 76 1.000000
0  -3.389935 -11.515192 -14.574952  0.964047 0.069901 -0.256372  0.006194 0.765238 1 76 1.000000
0  -3.389935 -13.128036 -15.014701  0.964047 0.069901 -0.256372  0.006468 0.764357 1 76 1.000000
lowpoly_plastic
0  -4.038160 -13.108394 -14.367811  0.000000 0.036184 0.999345  0.018483 0.763527 1 76 1.000000
0  -4.246358 -12.888464 -14.375774  0.000000 0.036184 0.999345  0.018598 0.763406 1 76 1.000000
0  -4.285579 -13.147589 -14.366392  0.000000 0.036184 0.999345  0.018620 0.763549 1 76 1.000000
lowpoly_plastic
0  -3.429191 -12.888464 -14.375774  -0.000002 0.036186 0.999345  0.018147 0.763406 1 76 1.000000
0  -3.637389 -13.108394 -14.367811  -0.000002 0.036186 0.999345  0.018262 0.763527 1 76 1.000000
0  -3.389935 -13.147624 -14.366390  -0.000002 0.036186 0.999345  0.018125 0.763549 1 76 1.000000
lowpoly_plastic
0  -4.038160 -13.108394 -14.367811  -0.705553 -0.675655 -0.213739  0.053014 0.750707 1 76 1.000000
0  -4.246358 -13.115116 -13.659294  -0.705553 -0.675655 -0.213739  0.053136 0.750327 1 76 1.000000
0  -4.246358 -12.888464 -14.375774  -0.705553 -0.675655 -0.213739  0.053133 0.750741 1 76 1.000000
lowpoly_plastic
0  -3.568022 -15.342807 -7.302042  0.829936 -0.531881 -0.168251  0.052977 0.746624 1 76 1.000000
0  -3.497023 -14.748100 -8.831779  0.829936 -0.531881 -0.168251  0.052925 0.747523 1 76 1.000000
0  -3.497023 -14.844090 -8.528344  0.829936 -0.531881 -0.168251  0.052923 0.747348 1 76 1.000000
lowpoly_plastic
0  -4.246358 -12.888464 -14.375774  0.000000 0.036182 0.999345  0.018598 0.763406 1 76 1.000000
0  -4.285614 -11.552792 -14.424133  0.000000 0.036182 0.999345  0.018620 0.762670 1 76 1.000000
0  -4.285579 -13.147589 -14.366392  0.000000 0.036182 0.999345  0.018620 0.763549 1 76 1.000000
lowpoly_plastic
0  -3.497023 -14.748100 -8.831779  1.000000 -0.000001 0.000000  0.004094 0.762638 1 76 1.000000
0  -3.497023 -14.539154 -8.429697  1.000000 -0.000001 0.000000  0.003915 0.762463 1 76 1.000000
0  -3.497023 -14.844090 -8.528344  1.000000 -0.000001 0.000000  0.004092 0.762463 1 76 1.000000
lowpoly_plastic
0  -3.429191 -14.539154 -8.429697  0.000000 -0.951453 -0.307793  0.025459 0.767739 1 76 1.000000
0  -3.497023 -14.441198 -8.732496  0.000000 -0.951453 -0.307793  0.025497 0.767911 1 76 1.000000
0  -3.429191 -14.441198 -8.732496  0.000000 -0.951453 -0.307793  0.025459 0.767911 1 76 1.000000
lowpoly_plastic
0  -3.497023 -14.441198 -8.732496  0.000000 -0.307796 0.951452  0.025982 0.764838 1 76 1.000000
0  -3.429191 -14.652081 -8.800717  0.000000 -0.307796 0.951452  0.025944 0.764956 1 76 1.000000
0  -3.429191 -14.441198 -8.732496  0.000000 -0.307796 0.951452  0.025944 0.764838 1 76 1.000000
lowpoly_plastic
0  -3.497023 -14.539154 -8.429697  0.000000 0.307798 -0.951452  0.025459 0.767563 1 76 1.000000
0  -3.429191 -14.748070 -8.497282  0.000000 0.307798 -0.951452  0.025497 0.767684 1 76 1.000000
0  -3.497023 -14.844090 -8.528344  0.000000 0.307798 -0.951452  0.025459 0.767739 1 76 1.000000
lowpoly_plastic
0  -4.186698 -14.816700 -8.519484  -1.000000 -0.000001 0.000000  0.004290 0.762462 1 76 1.000000
0  -4.186698 -14.441198 -8.732496  -1.000000 -0.000001 0.000000  0.004451 0.762638 1 76 1.000000
0  -4.186698 -14.716423 -8.821532  -1.000000 -0.000001 0.000000  0.004291 0.762637 1 76 1.000000
lowpoly_plastic
0  -4.246358 -14.441198 -8.732496  0.000000 -0.951452 -0.307796  0.025977 0.765182 1 76 1.000000
0  -4.186698 -14.539154 -8.429697  0.000000 -0.951452 -0.307796  0.025944 0.765009 1 76 1.000000
0  -4.246358 -14.539154 -8.429697  0.000000 -0.951452 -0.307796  0.025977 0.765009 1 76 1.000000
lowpoly_plastic
0  -4.186698 -14.441198 -8.732496  -0.000030 -0.307792 0.951454  0.025944 0.765341 1 76 1.000000
0  -4.246358 -14.652081 -8.800717  -0.000030 -0.307792 0.951454  0.025977 0.765459 1 76 1.000000
0  -4.203315 -14.692856 -8.813908  -0.000030 -0.307792 0.951454  0.025954 0.765481 1 76 1.000000
lowpoly_plastic
0  -4.186698 -14.539154 -8.429697  0.000006 0.307794 -0.951453  0.025977 0.765182 1 76 1.000000
0  -4.212421 -14.780218 -8.507682  0.000006 0.307794 -0.951453  0.025963 0.765320 1 76 1.000000
0  -4.246358 -14.748070 -8.497282  0.000006 0.307794 -0.951453  0.025944 0.765302 1 76 1.000000
lowpoly_plastic
0  -3.568022 -13.982059 -7.085258  0.000000 0.036873 0.999320  0.055447 0.748459 1 76 1.000000
0  -3.701580 -13.982059 -7.085258  0.000000 0.036873 0.999320  0.055520 0.748451 1 76 1.000000
0  -3.568022 -14.650455 -7.060595  0.000000 0.036873 0.999320  0.055482 0.748825 1 76 1.000000
lowpoly_plastic
0  -3.973969 -13.982059 -7.085258  0.000000 0.036873 0.999320  0.055398 0.747685 1 76 1.000000
0  -4.107528 -13.982059 -7.085258  0.000000 0.036873 0.999320  0.055472 0.747693 1 76 1.000000
0  -4.109065 -14.650455 -7.060595  0.000000 0.036873 0.999320  0.055436 0.748060 1 76 1.000000
lowpoly_plastic
0  -4.109065 -15.342807 -7.302042  -0.711029 -0.231541 0.663948  0.055398 0.748444 1 76 1.000000
0  -4.246358 -14.629436 -7.200296  -0.711029 -0.231541 0.663948  0.055512 0.748058 1 76 1.000000
0  -4.246358 -15.105806 -7.366422  -0.711029 -0.231541 0.663948  0.055486 0.748322 1 76 1.000000
lowpoly_plastic
0  -3.429191 -14.629436 -7.200296  0.707106 -0.232840 0.667672  0.055405 0.748823 1 76 1.000000
0  -3.568022 -15.342807 -7.302042  0.707106 -0.232840 0.667672  0.055520 0.749210 1 76 1.000000
0  -3.429191 -15.105806 -7.366422  0.707106 -0.232840 0.667672  0.055431 0.749088 1 76 1.000000
lowpoly_plastic
0  -4.109065 -14.650455 -7.060595  -0.711033 0.025927 0.702680  0.055436 0.748060 1 76 1.000000
0  -4.246358 -13.937276 -7.225835  -0.711033 0.025927 0.702680  0.055550 0.747678 1 76 1.000000
0  -4.246358 -14.629436 -7.200296  -0.711033 0.025927 0.702680  0.055512 0.748058 1 76 1.000000
lowpoly_plastic
0  -3.429191 -14.629436 -7.200296  0.707105 0.026073 0.706628  0.055405 0.748823 1 76 1.000000
0  -3.568022 -13.982059 -7.085258  0.707105 0.026073 0.706628  0.055447 0.748459 1 76 1.000000
0  -3.568022 -14.650455 -7.060595  0.707105 0.026073 0.706628  0.055482 0.748825 1 76 1.000000
lowpoly_plastic
0  -3.568022 -15.342807 -7.302042  -0.999557 -0.005247 0.029315  0.053499 0.797757 1 76 1.000000
0  -3.567250 -14.652117 -7.152119  -0.999557 -0.005247 0.029315  0.053547 0.797369 1 76 1.000000
0  -3.570176 -15.321728 -7.371703  -0.999557 -0.005247 0.029315  0.053539 0.797758 1 76 1.000000
lowpoly_plastic
0  -3.973969 -13.982059 -7.085258  0.879746 -0.130758 -0.457110  0.053719 0.798072 1 76 1.000000
0  -4.108300 -14.652117 -7.152119  0.879746 -0.130758 -0.457110  0.053801 0.798436 1 76 1.000000
0  -4.021101 -13.977921 -7.177152  0.879746 -0.130758 -0.457110  0.053669 0.798087 1 76 1.000000
lowpoly_plastic
0  -4.109065 -14.650455 -7.060595  0.999964 -0.000982 0.008375  0.053848 0.798419 1 76 1.000000
0  -4.107120 -15.321728 -7.371703  0.999964 -0.000982 0.008375  0.053808 0.798825 1 76 1.000000
0  -4.108300 -14.652117 -7.152119  0.999964 -0.000982 0.008375  0.053801 0.798436 1 76 1.000000
lowpoly_plastic
0  -3.568022 -14.650455 -7.060595  -0.991693 -0.128488 -0.006027  0.053499 0.797352 1 76 1.000000
0  -3.654448 -13.977921 -7.177152  -0.991693 -0.128488 -0.006027  0.053679 0.797020 1 76 1.000000
0  -3.567250 -14.652117 -7.152119  -0.991693 -0.128488 -0.006027  0.053547 0.797369 1 76 1.000000
lowpoly_plastic
0  -3.743295 -13.934565 -7.234345  -0.319235 -0.925147 -0.205408  0.053866 0.797844 1 76 1.000000
0  -3.654448 -13.977921 -7.177152  -0.319235 -0.925147 -0.205408  0.053901 0.797795 1 76 1.000000
0  -3.701580 -13.982059 -7.085258  -0.319235 -0.925147 -0.205408  0.053951 0.797821 1 76 1.000000
lowpoly_plastic
0  -3.973969 -13.982059 -7.085258  0.319237 -0.925153 -0.205377  0.053951 0.797972 1 76 1.000000
0  -4.021101 -13.977921 -7.177152  0.319237 -0.925153 -0.205377  0.053901 0.797998 1 76 1.000000
0  -3.932255 -13.934565 -7.234345  0.319237 -0.925153 -0.205377  0.053866 0.797949 1 76 1.000000
lowpoly_plastic
0  -3.570176 -15.321728 -7.371703  -0.943691 0.207809 0.257416  0.053539 0.797758 1 76 1.000000
0  -3.507154 -14.612749 -7.713018  -0.943691 0.207809 0.257416  0.053848 0.797451 1 76 1.000000
0  -3.620435 -15.177279 -7.672565  -0.943691 0.207809 0.257416  0.053720 0.797736 1 76 1.000000
lowpoly_plastic
0  -4.021101 -13.977921 -7.177152  0.984333 -0.150685 -0.091559  0.053669 0.798087 1 76 1.000000
0  -4.168128 -14.612749 -7.713018  0.984333 -0.150685 -0.091559  0.053499 0.798518 1 76 1.000000
0  -4.061603 -14.040177 -7.510113  0.984333 -0.150685 -0.091559  0.053505 0.798181 1 76 1.000000
lowpoly_plastic
0  -4.108300 -14.652117 -7.152119  0.978286 0.186070 -0.091289  0.053801 0.798436 1 76 1.000000
0  -4.056980 -15.177279 -7.672565  0.978286 0.186070 -0.091289  0.053627 0.798803 1 76 1.000000
0  -4.168128 -14.612749 -7.713018  0.978286 0.186070 -0.091289  0.053499 0.798518 1 76 1.000000
lowpoly_plastic
0  -3.567250 -14.652117 -7.152119  -0.983122 -0.142046 -0.115303  0.053547 0.797369 1 76 1.000000
0  -3.613680 -14.040177 -7.510113  -0.983122 -0.142046 -0.115303  0.053842 0.797114 1 76 1.000000
0  -3.507154 -14.612749 -7.713018  -0.983122 -0.142046 -0.115303  0.053848 0.797451 1 76 1.000000
lowpoly_plastic
0  -3.620435 -15.177279 -7.672565  0.000000 0.071474 0.997442  0.053474 0.800360 1 76 1.000000
0  -4.168128 -14.612749 -7.713018  0.000000 0.071474 0.997442  0.053776 0.800049 1 76 1.000000
0  -4.056980 -15.177279 -7.672565  0.000000 0.071474 0.997442  0.053715 0.800360 1 76 1.000000
lowpoly_plastic
0  -3.507154 -14.612749 -7.713018  0.000000 -0.334021 0.942566  0.053411 0.800049 1 76 1.000000
0  -4.061603 -14.040177 -7.510113  0.000000 -0.334021 0.942566  0.053718 0.799730 1 76 1.000000
0  -4.168128 -14.612749 -7.713018  0.000000 -0.334021 0.942566  0.053776 0.800049 1 76 1.000000
lowpoly_plastic
0  -3.620435 -15.177279 -7.672565  0.000000 0.913035 0.407882  0.053722 0.797802 1 76 1.000000
0  -4.109065 -15.342807 -7.302042  0.000000 0.913035 0.407882  0.053499 0.798072 1 76 1.000000
0  -3.568022 -15.342807 -7.302042  0.000000 0.913035 0.407882  0.053499 0.797773 1 76 1.000000
lowpoly_plastic
0  -3.613680 -14.040177 -7.510113  0.000000 -0.933859 0.357642  0.053722 0.797773 1 76 1.000000
0  -3.932255 -13.934565 -7.234345  0.000000 -0.933859 0.357642  0.053866 0.797949 1 76 1.000000
0  -4.061603 -14.040177 -7.510113  0.000000 -0.933859 0.357642  0.053722 0.798020 1 76 1.000000
lowpoly_plastic
0  -3.654448 -13.977921 -7.177152  -0.488618 -0.866492 0.102193  0.053901 0.797795 1 76 1.000000
0  -3.743295 -13.934565 -7.234345  -0.488618 -0.866492 0.102193  0.053866 0.797844 1 76 1.000000
0  -3.613680 -14.040177 -7.510113  -0.488618 -0.866492 0.102193  0.053722 0.797773 1 76 1.000000
lowpoly_plastic
0  -3.932255 -13.934565 -7.234345  0.488781 -0.866360 0.102538  0.053866 0.797949 1 76 1.000000
0  -4.021101 -13.977921 -7.177152  0.488781 -0.866360 0.102538  0.053901 0.797998 1 76 1.000000
0  -4.061603 -14.040177 -7.510113  0.488781 -0.866360 0.102538  0.053722 0.798020 1 76 1.000000
lowpoly_plastic
0  -3.429191 -15.105806 -7.366422  1.000000 -0.000000 0.000000  0.052860 0.746693 1 76 1.000000
0  -3.429191 -14.748070 -8.497282  1.000000 -0.000000 0.000000  0.052866 0.747346 1 76 1.000000
0  -3.429191 -14.539154 -8.429697  1.000000 -0.000000 0.000000  0.052745 0.747346 1 76 1.000000
lowpoly_plastic
0  -3.998513 -13.514329 -13.084143  -0.001250 -0.301522 0.953458  0.796681 0.982726 1 76 1.000000
0  -4.069777 -13.557392 -13.097856  -0.001250 -0.301522 0.953458  0.796710 0.982726 1 76 1.000000
0  -3.998513 -13.560975 -13.098894  -0.001250 -0.301522 0.953458  0.796681 0.982726 1 76 1.000000
lowpoly_plastic
0  -3.986853 -13.321483 -13.693971  0.000000 0.301528 -0.953457  0.796675 0.983073 1 76 1.000000
0  -3.688843 -13.368129 -13.708722  0.000000 0.301528 -0.953457  0.796510 0.983073 1 76 1.000000
0  -3.986853 -13.368129 -13.708722  0.000000 0.301528 -0.953457  0.796675 0.983073 1 76 1.000000
lowpoly_plastic
0  -3.701580 -12.112170 -12.825850  -0.024337 0.950549 0.309621  0.054106 0.749957 1 76 1.000000
0  -3.743295 -13.934565 -7.234345  -0.024337 0.950549 0.309621  0.054083 0.746710 1 76 1.000000
0  -3.701580 -13.982059 -7.085258  -0.024337 0.950549 0.309621  0.054106 0.746624 1 76 1.000000
lowpoly_plastic
0  -3.677316 -13.514329 -13.084144  0.000000 -0.953462 -0.301514  0.054317 0.749913 1 76 1.000000
0  -3.624787 -13.514329 -13.084143  0.000000 -0.953462 -0.301514  0.054288 0.749913 1 76 1.000000
0  -3.568022 -15.342807 -7.302042  0.000000 -0.953462 -0.301514  0.054256 0.746624 1 76 1.000000
lowpoly_plastic
0  -3.964703 -12.112393 -12.825891  0.024341 0.950548 0.309623  0.053961 0.749957 1 76 1.000000
0  -3.973969 -13.982059 -7.085258  0.024341 0.950548 0.309623  0.053955 0.746624 1 76 1.000000
0  -3.932255 -13.934565 -7.234345  0.024341 0.950548 0.309623  0.053978 0.746710 1 76 1.000000
lowpoly_plastic
0  -4.186698 -14.716423 -8.821532  -0.830429 -0.528747 -0.175541  0.053122 0.747523 1 76 1.000000
0  -4.051042 -13.514329 -13.084143  -0.830429 -0.528747 -0.175541  0.053021 0.749965 1 76 1.000000
0  -4.109065 -15.342807 -7.302042  -0.830429 -0.528747 -0.175541  0.053051 0.746624 1 76 1.000000
lowpoly_plastic
0  -3.710847 -12.112393 -12.825891  0.000000 0.950788 0.309842  0.054101 0.749957 1 76 1.000000
0  -3.932255 -13.934565 -7.234345  0.000000 0.950788 0.309842  0.053978 0.746710 1 76 1.000000
0  -3.743295 -13.934565 -7.234345  0.000000 0.950788 0.309842  0.054083 0.746710 1 76 1.000000
lowpoly_plastic
0  -3.710847 -12.112393 -12.825891  0.003591 -0.309717 0.950822  0.796288 0.982770 1 76 1.000000
0  -3.702160 -12.065657 -12.810697  0.003591 -0.309717 0.950822  0.796293 0.982770 1 76 1.000000
0  -3.711439 -12.065880 -12.810738  0.003591 -0.309717 0.950822  0.796288 0.982770 1 76 1.000000
lowpoly_plastic
0  -4.246358 -11.906954 -13.456283  -0.153137 0.171238 -0.973256  0.795992 0.983241 1 76 1.000000
0  -4.292288 -13.131158 -13.664455  -0.153137 0.171238 -0.973256  0.795324 0.983140 1 76 1.000000
0  -4.279207 -11.872481 -13.445051  -0.153137 0.171238 -0.973256  0.795992 0.983241 1 76 1.000000
lowpoly_plastic
0  -3.998513 -13.514329 -13.084143  0.000000 -0.953462 -0.301514  0.054494 0.749913 1 76 1.000000
0  -3.568022 -15.342807 -7.302042  0.000000 -0.953462 -0.301514  0.054256 0.746624 1 76 1.000000
0  -4.109065 -15.342807 -7.302042  0.000000 -0.953462 -0.301514  0.054555 0.746624 1 76 1.000000
lowpoly_plastic
0  -3.677316 -13.514329 -13.084144  0.000000 -0.301512 0.953462  0.796504 0.982726 1 76 1.000000
0  -3.998513 -13.560975 -13.098894  0.000000 -0.301512 0.953462  0.796681 0.982726 1 76 1.000000
0  -3.677316 -13.560975 -13.098895  0.000000 -0.301512 0.953462  0.796504 0.982726 1 76 1.000000
lowpoly_plastic
0  -3.707188 -11.906961 -13.456285  0.000000 0.309768 -0.950812  0.796290 0.983136 1 76 1.000000
0  -3.967764 -11.860448 -13.441131  0.000000 0.309768 -0.950812  0.796146 0.983136 1 76 1.000000
0  -3.707786 -11.860448 -13.441131  0.000000 0.309768 -0.950812  0.796290 0.983136 1 76 1.000000
lowpoly_plastic
0  -4.246358 -13.115116 -13.659294  -1.000000 -0.000000 0.000000  0.053136 0.750327 1 76 1.000000
0  -4.246358 -11.592022 -14.422712  -1.000000 -0.000000 0.000000  0.053805 0.750989 1 76 1.000000
0  -4.246358 -12.888464 -14.375774  -1.000000 -0.000000 0.000000  0.053133 0.750741 1 76 1.000000
lowpoly_plastic
0  -4.246358 -12.112381 -12.825888  0.000099 -0.309703 0.950833  0.795992 0.982770 1 76 1.000000
0  -3.973390 -12.065657 -12.810697  0.000099 -0.309703 0.950833  0.796143 0.982770 1 76 1.000000
0  -4.282337 -12.080860 -12.815618  0.000099 -0.309703 0.950833  0.795992 0.982770 1 76 1.000000
lowpoly_plastic
0  -3.429191 -13.115116 -13.659294  0.705553 -0.675656 -0.213739  0.052892 0.750328 1 76 1.000000
0  -3.637389 -13.108394 -14.367811  0.705553 -0.675656 -0.213739  0.053014 0.750708 1 76 1.000000
0  -3.429191 -12.888464 -14.375774  0.705553 -0.675656 -0.213739  0.052895 0.750742 1 76 1.000000
lowpoly_plastic
0  -3.429191 -13.115116 -13.659294  -0.050898 0.170987 -0.983958  0.795079 0.983140 1 76 1.000000
0  -3.396343 -11.872481 -13.445051  -0.050898 0.170987 -0.983958  0.794411 0.983242 1 76 1.000000
0  -3.383266 -13.131169 -13.664457  -0.050898 0.170987 -0.983958  0.795079 0.983140 1 76 1.000000
lowpoly_plastic
0  -3.986853 -13.321483 -13.693971  0.000000 -0.953461 -0.301516  0.054488 0.750260 1 76 1.000000
0  -4.038160 -13.108394 -14.367811  0.000000 -0.953461 -0.301516  0.054516 0.750644 1 76 1.000000
0  -3.973969 -13.108394 -14.367811  0.000000 -0.953461 -0.301516  0.054480 0.750644 1 76 1.000000
lowpoly_plastic
0  -3.429191 -13.309024 -13.046323  0.035542 -0.227213 0.973196  0.795076 0.982786 1 76 1.000000
0  -3.606065 -13.557398 -13.097856  0.035542 -0.227213 0.973196  0.795195 0.982778 1 76 1.000000
0  -3.384323 -13.327590 -13.052295  0.035542 -0.227213 0.973196  0.795076 0.982786 1 76 1.000000
lowpoly_plastic
0  -4.246358 -11.906954 -13.456283  0.000000 0.950790 0.309835  0.053805 0.750323 1 76 1.000000
0  -3.973969 -11.592022 -14.422712  0.000000 0.950790 0.309835  0.053955 0.750885 1 76 1.000000
0  -4.246358 -11.592022 -14.422712  0.000000 0.950790 0.309835  0.053805 0.750885 1 76 1.000000
lowpoly_plastic
0  -3.973969 -11.906825 -13.456263  -0.000076 0.309757 -0.950816  0.796143 0.983136 1 76 1.000000
0  -4.279207 -11.872481 -13.445051  -0.000076 0.309757 -0.950816  0.795992 0.983136 1 76 1.000000
0  -3.973391 -11.860312 -13.441110  -0.000076 0.309757 -0.950816  0.796143 0.983136 1 76 1.000000
lowpoly_plastic
0  -3.701580 -12.112170 -12.825850  -0.000095 -0.309754 0.950817  0.796293 0.982770 1 76 1.000000
0  -3.393213 -12.080860 -12.815618  -0.000095 -0.309754 0.950817  0.796444 0.982770 1 76 1.000000
0  -3.702160 -12.065657 -12.810697  -0.000095 -0.309754 0.950817  0.796293 0.982770 1 76 1.000000
lowpoly_plastic
0  -4.246358 -13.309024 -13.046323  -0.053678 -0.185868 0.981107  0.795327 0.982785 1 76 1.000000
0  -4.282337 -12.080860 -12.815618  -0.053678 -0.185868 0.981107  0.795992 0.982876 1 76 1.000000
0  -4.291232 -13.327578 -13.052293  -0.053678 -0.185868 0.981107  0.795327 0.982785 1 76 1.000000
lowpoly_plastic
0  -3.701580 -11.906825 -13.456263  0.000000 0.950829 0.309716  0.054106 0.750323 1 76 1.000000
0  -3.429191 -11.592022 -14.422712  0.000000 0.950829 0.309716  0.054256 0.750885 1 76 1.000000
0  -3.701580 -11.592022 -14.422712  0.000000 0.950829 0.309716  0.054106 0.750885 1 76 1.000000
lowpoly_plastic
0  -3.702160 -12.065657 -12.810697  0.041793 0.949999 0.309443  0.865043 0.985895 1 76 1.000000
0  -3.396343 -11.872481 -13.445051  0.041793 0.949999 0.309443  0.865194 0.986261 1 76 1.000000
0  -3.702159 -11.860312 -13.441110  0.041793 0.949999 0.309443  0.865043 0.986261 1 76 1.000000
lowpoly_plastic
0  -4.282337 -12.080860 -12.815618  -0.041792 0.948562 0.313821  0.864742 0.985895 1 76 1.000000
0  -3.973391 -11.860312 -13.441110  -0.041792 0.948562 0.313821  0.864893 0.986261 1 76 1.000000
0  -4.279207 -11.872481 -13.445051  -0.041792 0.948562 0.313821  0.864742 0.986261 1 76 1.000000
lowpoly_plastic
0  -4.291232 -13.327578 -13.052293  -0.999943 0.009557 0.004792  0.864077 0.985910 1 76 1.000000
0  -4.279207 -11.872481 -13.445051  -0.999943 0.009557 0.004792  0.864742 0.986366 1 76 1.000000
0  -4.292288 -13.131158 -13.664455  -0.999943 0.009557 0.004792  0.864074 0.986265 1 76 1.000000
lowpoly_plastic
0  -3.384323 -13.327590 -13.052295  0.718096 -0.663028 -0.211501  0.863826 0.985911 1 76 1.000000
0  -3.611082 -13.364156 -13.707562  0.718096 -0.663028 -0.211501  0.863948 0.986256 1 76 1.000000
0  -3.383266 -13.131169 -13.664457  0.718096 -0.663028 -0.211501  0.863829 0.986265 1 76 1.000000
lowpoly_plastic
0  -3.998513 -13.560975 -13.098894  -0.053190 -0.951820 -0.302009  0.865431 0.985851 1 76 1.000000
0  -4.064624 -13.364151 -13.707564  -0.053190 -0.951820 -0.302009  0.865457 0.986198 1 76 1.000000
0  -3.986853 -13.368129 -13.708722  -0.053190 -0.951820 -0.302009  0.865425 0.986198 1 76 1.000000
lowpoly_plastic
0  -3.383266 -13.131169 -13.664457  0.999972 0.006411 0.003785  0.863829 0.986265 1 76 1.000000
0  -3.393213 -12.080860 -12.815618  0.999972 0.006411 0.003785  0.863161 0.986002 1 76 1.000000
0  -3.384323 -13.327590 -13.052295  0.999972 0.006411 0.003785  0.863826 0.985911 1 76 1.000000
lowpoly_plastic
0  -3.688843 -13.368129 -13.708722  0.052192 -0.951877 -0.302004  0.865260 0.986198 1 76 1.000000
0  -3.606065 -13.557398 -13.097856  0.052192 -0.951877 -0.302004  0.865225 0.985851 1 76 1.000000
0  -3.677316 -13.560975 -13.098895  0.052192 -0.951877 -0.302004  0.865254 0.985851 1 76 1.000000
lowpoly_plastic
0  -3.702159 -11.860312 -13.441110  -0.024190 0.950549 0.309630  0.865043 0.986261 1 76 1.000000
0  -3.711439 -12.065880 -12.810738  -0.024190 0.950549 0.309630  0.865038 0.985895 1 76 1.000000
0  -3.702160 -12.065657 -12.810697  -0.024190 0.950549 0.309630  0.865043 0.985895 1 76 1.000000
lowpoly_plastic
0  -3.967764 -11.860448 -13.441131  0.024268 0.950546 0.309634  0.864896 0.986261 1 76 1.000000
0  -3.973390 -12.065657 -12.810697  0.024268 0.950546 0.309634  0.864893 0.985895 1 76 1.000000
0  -3.964111 -12.065880 -12.810738  0.024268 0.950546 0.309634  0.864898 0.985895 1 76 1.000000
lowpoly_plastic
0  -3.707786 -11.860448 -13.441131  0.000000 0.950788 0.309843  0.865040 0.986261 1 76 1.000000
0  -3.964111 -12.065880 -12.810738  0.000000 0.950788 0.309843  0.864898 0.985895 1 76 1.000000
0  -3.711439 -12.065880 -12.810738  0.000000 0.950788 0.309843  0.865038 0.985895 1 76 1.000000
lowpoly_plastic
0  -3.986853 -13.368129 -13.708722  0.000000 -0.953461 -0.301516  0.865425 0.986198 1 76 1.000000
0  -3.677316 -13.560975 -13.098895  0.000000 -0.953461 -0.301516  0.865254 0.985851 1 76 1.000000
0  -3.998513 -13.560975 -13.098894  0.000000 -0.953461 -0.301516  0.865431 0.985851 1 76 1.000000
lowpoly_plastic
0  -4.292288 -13.131158 -13.664455  -0.724529 -0.656651 -0.209444  0.864074 0.986265 1 76 1.000000
0  -4.069777 -13.557392 -13.097856  -0.724529 -0.656651 -0.209444  0.863958 0.985903 1 76 1.000000
0  -4.291232 -13.327578 -13.052293  -0.724529 -0.656651 -0.209444  0.864077 0.985910 1 76 1.000000
lowpoly_plastic
0  -3.688843 -13.321483 -13.693971  -0.001189 0.301519 -0.953460  0.796510 0.983073 1 76 1.000000
0  -3.611082 -13.364156 -13.707562  -0.001189 0.301519 -0.953460  0.796478 0.983073 1 76 1.000000
0  -3.688843 -13.368129 -13.708722  -0.001189 0.301519 -0.953460  0.796510 0.983073 1 76 1.000000
lowpoly_plastic
0  -3.624787 -13.514329 -13.084143  0.001307 -0.302873 0.953030  0.796475 0.982726 1 76 1.000000
0  -3.677316 -13.560975 -13.098895  0.001307 -0.302873 0.953030  0.796504 0.982726 1 76 1.000000
0  -3.606065 -13.557398 -13.097856  0.001307 -0.302873 0.953030  0.796475 0.982726 1 76 1.000000
lowpoly_plastic
0  -4.246358 -13.115116 -13.659294  0.034794 0.214559 -0.976091  0.795324 0.983140 1 76 1.000000
0  -4.064624 -13.364151 -13.707564  0.034794 0.214559 -0.976091  0.795205 0.983130 1 76 1.000000
0  -4.292288 -13.131158 -13.664455  0.034794 0.214559 -0.976091  0.795324 0.983140 1 76 1.000000
lowpoly_plastic
0  -3.630774 -13.321483 -13.693971  -0.089048 0.264738 -0.960200  0.795198 0.983131 1 76 1.000000
0  -3.383266 -13.131169 -13.664457  -0.089048 0.264738 -0.960200  0.795079 0.983140 1 76 1.000000
0  -3.611082 -13.364156 -13.707562  -0.089048 0.264738 -0.960200  0.795198 0.983131 1 76 1.000000
lowpoly_plastic
0  -3.973969 -12.112170 -12.825850  -0.003328 -0.309696 0.950830  0.796143 0.982770 1 76 1.000000
0  -3.964111 -12.065880 -12.810738  -0.003328 -0.309696 0.950830  0.796148 0.982770 1 76 1.000000
0  -3.973390 -12.065657 -12.810697  -0.003328 -0.309696 0.950830  0.796143 0.982770 1 76 1.000000
lowpoly_plastic
0  -3.429191 -11.906954 -13.456283  0.000067 0.309710 -0.950831  0.796444 0.983136 1 76 1.000000
0  -3.702159 -11.860312 -13.441110  0.000067 0.309710 -0.950831  0.796293 0.983136 1 76 1.000000
0  -3.396343 -11.872481 -13.445051  0.000067 0.309710 -0.950831  0.796444 0.983136 1 76 1.000000
lowpoly_plastic
0  -3.701580 -11.906825 -13.456263  -0.004640 0.309733 -0.950812  0.796293 0.983136 1 76 1.000000
0  -3.707786 -11.860448 -13.441131  -0.004640 0.309733 -0.950812  0.796290 0.983136 1 76 1.000000
0  -3.702159 -11.860312 -13.441110  -0.004640 0.309733 -0.950812  0.796293 0.983136 1 76 1.000000
lowpoly_plastic
0  -4.051042 -13.514329 -13.084143  -0.082428 -0.269649 0.959424  0.795208 0.982778 1 76 1.000000
0  -4.291232 -13.327578 -13.052293  -0.082428 -0.269649 0.959424  0.795327 0.982785 1 76 1.000000
0  -4.069777 -13.557392 -13.097856  -0.082428 -0.269649 0.959424  0.795208 0.982778 1 76 1.000000
lowpoly_plastic
0  -4.044922 -13.321483 -13.693972  0.001292 0.302987 -0.952994  0.796707 0.983073 1 76 1.000000
0  -3.986853 -13.368129 -13.708722  0.001292 0.302987 -0.952994  0.796675 0.983073 1 76 1.000000
0  -4.064624 -13.364151 -13.707564  0.001292 0.302987 -0.952994  0.796707 0.983073 1 76 1.000000
lowpoly_plastic
0  -3.964703 -12.112393 -12.825891  0.000000 -0.309772 0.950811  0.796148 0.982770 1 76 1.000000
0  -3.711439 -12.065880 -12.810738  0.000000 -0.309772 0.950811  0.796288 0.982770 1 76 1.000000
0  -3.964111 -12.065880 -12.810738  0.000000 -0.309772 0.950811  0.796148 0.982770 1 76 1.000000
lowpoly_plastic
0  -3.429191 -12.112381 -12.825888  -0.115533 -0.186053 0.975724  0.794411 0.982877 1 76 1.000000
0  -3.384323 -13.327590 -13.052295  -0.115533 -0.186053 0.975724  0.795076 0.982786 1 76 1.000000
0  -3.393213 -12.080860 -12.815618  -0.115533 -0.186053 0.975724  0.794411 0.982877 1 76 1.000000
lowpoly_plastic
0  -3.968361 -11.906961 -13.456285  0.003774 0.309741 -0.950813  0.796146 0.983136 1 76 1.000000
0  -3.973391 -11.860312 -13.441110  0.003774 0.309741 -0.950813  0.796143 0.983136 1 76 1.000000
0  -3.967764 -11.860448 -13.441131  0.003774 0.309741 -0.950813  0.796146 0.983136 1 76 1.000000
lowpoly_plastic
0  -3.637389 -13.108394 -14.367811  0.000005 0.036195 0.999345  0.018262 0.763527 1 80 1.000000
0  -3.701581 -13.163874 -14.365802  0.000005 0.036195 0.999345  0.018297 0.763558 1 80 1.000000
0  -3.389935 -13.147624 -14.366390  0.000005 0.036195 0.999345  0.018125 0.763549 1 80 1.000000
lowpoly_plastic
0  -4.246359 -12.935904 -15.109928  -0.021266 -0.440488 -0.897506  0.006133 0.763355 1 80 1.000000
0  -3.973970 -13.144286 -15.014112  -0.021266 -0.440488 -0.897506  0.006283 0.763436 1 80 1.000000
0  -4.285614 -13.128036 -15.014700  -0.021266 -0.440488 -0.897506  0.006111 0.763428 1 80 1.000000
lowpoly_plastic
0  -4.246359 -12.888464 -14.375773  -1.000000 -0.000001 0.000000  0.053133 0.750741 1 80 1.000000
0  -4.246359 -14.652081 -8.800717  -1.000000 -0.000001 0.000000  0.053161 0.747521 1 80 1.000000
0  -4.246359 -14.441198 -8.732496  -1.000000 -0.000001 0.000000  0.053283 0.747521 1 80 1.000000
lowpoly_plastic
0  -3.701581 -13.108394 -14.367811  0.000000 -0.953462 -0.301514  0.054330 0.750644 1 80 1.000000
0  -4.109065 -15.342807 -7.302042  0.000000 -0.953462 -0.301514  0.054555 0.746624 1 80 1.000000
0  -3.973970 -13.108394 -14.367811  0.000000 -0.953462 -0.301514  0.054480 0.750644 1 80 1.000000
lowpoly_plastic
0  -3.429192 -12.888464 -14.375773  0.000002 0.036182 0.999345  0.018147 0.763406 1 80 1.000000
0  -3.389935 -11.552792 -14.424133  0.000002 0.036182 0.999345  0.018125 0.762670 1 80 1.000000
0  -3.429192 -11.592022 -14.422712  0.000002 0.036182 0.999345  0.018147 0.762691 1 80 1.000000
lowpoly_plastic
0  -3.701581 -11.656617 -14.703101  0.000000 0.628955 -0.777442  0.006434 0.762622 1 80 1.000000
0  -3.973970 -11.498942 -14.575541  0.000000 0.628955 -0.777442  0.006283 0.762513 1 80 1.000000
0  -3.701581 -11.498942 -14.575541  0.000000 0.628955 -0.777442  0.006434 0.762513 1 80 1.000000
lowpoly_plastic
0  -4.038161 -13.108394 -14.367811  0.000000 0.036195 0.999345  0.018483 0.763527 1 80 1.000000
0  -3.973970 -13.163874 -14.365802  0.000000 0.036195 0.999345  0.018448 0.763558 1 80 1.000000
0  -3.973970 -13.108394 -14.367811  0.000000 0.036195 0.999345  0.018448 0.763527 1 80 1.000000
lowpoly_plastic
0  -3.429192 -13.937276 -7.225836  0.000000 0.950790 0.309835  0.054256 0.746705 1 80 1.000000
0  -3.429192 -11.592022 -14.422712  0.000000 0.950790 0.309835  0.054256 0.750885 1 80 1.000000
0  -3.701581 -11.592022 -14.422712  0.000000 0.950790 0.309835  0.054106 0.750885 1 80 1.000000
lowpoly_plastic
0  -3.973970 -11.592022 -14.422712  -0.003516 0.950824 0.309713  0.053955 0.750885 1 80 1.000000
0  -4.246359 -13.937276 -7.225836  -0.003516 0.950824 0.309713  0.053805 0.746705 1 80 1.000000
0  -3.973970 -13.982059 -7.085258  -0.003516 0.950824 0.309713  0.053955 0.746624 1 80 1.000000
lowpoly_plastic
0  -3.701581 -11.592022 -14.422712  -0.024336 0.950548 0.309622  0.054106 0.750885 1 80 1.000000
0  -3.743295 -13.934565 -7.234345  -0.024336 0.950548 0.309622  0.054083 0.746710 1 80 1.000000
0  -3.701581 -13.982059 -7.085258  -0.024336 0.950548 0.309622  0.054106 0.746624 1 80 1.000000
lowpoly_plastic
0  -3.973970 -11.592022 -14.422712  0.024336 0.950548 0.309623  0.053955 0.750885 1 80 1.000000
0  -3.973970 -13.982059 -7.085258  0.024336 0.950548 0.309623  0.053955 0.746624 1 80 1.000000
0  -3.932255 -13.934565 -7.234345  0.024336 0.950548 0.309623  0.053978 0.746710 1 80 1.000000
lowpoly_plastic
0  -3.973970 -11.592022 -14.422712  0.000000 0.950788 0.309842  0.053955 0.750885 1 80 1.000000
0  -3.743295 -13.934565 -7.234345  0.000000 0.950788 0.309842  0.054083 0.746710 1 80 1.000000
0  -3.701581 -11.592022 -14.422712  0.000000 0.950788 0.309842  0.054106 0.750885 1 80 1.000000
lowpoly_plastic
0  -3.701581 -11.656617 -14.703101  0.000000 0.303056 -0.952973  0.018448 0.761847 1 80 1.000000
0  -3.429192 -12.935904 -15.109928  0.000000 0.303056 -0.952973  0.018598 0.762580 1 80 1.000000
0  -3.701581 -12.935904 -15.109928  0.000000 0.303056 -0.952973  0.018448 0.762580 1 80 1.000000
lowpoly_plastic
0  -4.246359 -11.656617 -14.703101  0.000000 0.303056 -0.952973  0.018147 0.761847 1 80 1.000000
0  -3.973970 -12.935904 -15.109928  0.000000 0.303056 -0.952973  0.018297 0.762580 1 80 1.000000
0  -4.246359 -12.935904 -15.109928  0.000000 0.303056 -0.952973  0.018147 0.762580 1 80 1.000000
lowpoly_plastic
0  -3.973970 -11.656617 -14.703101  0.000000 0.303055 -0.952973  0.018297 0.761847 1 80 1.000000
0  -3.701581 -12.935904 -15.109928  0.000000 0.303055 -0.952973  0.018448 0.762580 1 80 1.000000
0  -3.973970 -12.935904 -15.109928  0.000000 0.303055 -0.952973  0.018297 0.762580 1 80 1.000000
lowpoly_plastic
0  -3.973970 -11.592022 -14.422712  0.000000 0.036178 0.999345  0.018448 0.762691 1 80 1.000000
0  -3.701581 -11.536542 -14.424721  0.000000 0.036178 0.999345  0.018297 0.762661 1 80 1.000000
0  -3.973970 -11.536542 -14.424721  0.000000 0.036178 0.999345  0.018448 0.762661 1 80 1.000000
lowpoly_plastic
0  -3.429192 -11.656617 -14.703101  0.036108 0.665506 -0.745519  0.006584 0.762622 1 80 1.000000
0  -3.701581 -11.498942 -14.575541  0.036108 0.665506 -0.745519  0.006434 0.762513 1 80 1.000000
0  -3.389935 -11.515192 -14.574951  0.036108 0.665506 -0.745519  0.006606 0.762521 1 80 1.000000
lowpoly_plastic
0  -3.701581 -11.592022 -14.422712  0.000007 0.036177 0.999345  0.018297 0.762691 1 80 1.000000
0  -3.389935 -11.552792 -14.424133  0.000007 0.036177 0.999345  0.018125 0.762670 1 80 1.000000
0  -3.701581 -11.536542 -14.424721  0.000007 0.036177 0.999345  0.018297 0.762661 1 80 1.000000
lowpoly_plastic
0  -3.701581 -12.935904 -15.109928  0.020057 -0.417680 -0.908373  0.006434 0.763355 1 80 1.000000
0  -3.389935 -13.128036 -15.014700  0.020057 -0.417680 -0.908373  0.006606 0.763428 1 80 1.000000
0  -3.701581 -13.144286 -15.014112  0.020057 -0.417680 -0.908373  0.006434 0.763436 1 80 1.000000
lowpoly_plastic
0  -3.701581 -13.108394 -14.367811  0.000000 -0.953461 -0.301516  0.054330 0.750644 1 80 1.000000
0  -3.637389 -13.108394 -14.367811  0.000000 -0.953461 -0.301516  0.054295 0.750644 1 80 1.000000
0  -3.568022 -15.342807 -7.302042  0.000000 -0.953461 -0.301516  0.054256 0.746624 1 80 1.000000
lowpoly_plastic
0  -4.285614 -11.552792 -14.424133  -0.050071 0.969081 0.241608  0.006883 0.765733 1 80 1.000000
0  -3.973970 -11.498942 -14.575541  -0.050071 0.969081 0.241608  0.006972 0.765561 1 80 1.000000
0  -4.285614 -11.515192 -14.574951  -0.050071 0.969081 0.241608  0.006969 0.765733 1 80 1.000000
lowpoly_plastic
0  -3.389935 -13.147624 -14.366390  0.051991 -0.998192 -0.030154  0.006468 0.765238 1 80 1.000000
0  -3.701581 -13.144286 -15.014112  0.051991 -0.998192 -0.030154  0.006113 0.765410 1 80 1.000000
0  -3.389935 -13.128036 -15.014700  0.051991 -0.998192 -0.030154  0.006111 0.765238 1 80 1.000000
lowpoly_plastic
0  -3.973970 -11.536542 -14.424721  0.000000 0.970300 0.241904  0.006886 0.765561 1 80 1.000000
0  -3.701581 -11.498942 -14.575541  0.000000 0.970300 0.241904  0.006972 0.765410 1 80 1.000000
0  -3.973970 -11.498942 -14.575541  0.000000 0.970300 0.241904  0.006972 0.765561 1 80 1.000000
lowpoly_plastic
0  -3.973970 -13.163874 -14.365802  -0.051991 -0.998192 -0.030159  0.006470 0.765561 1 80 1.000000
0  -4.285614 -13.128036 -15.014700  -0.051991 -0.998192 -0.030159  0.006111 0.765733 1 80 1.000000
0  -3.973970 -13.144286 -15.014112  -0.051991 -0.998192 -0.030159  0.006113 0.765561 1 80 1.000000
lowpoly_plastic
0  -3.701581 -11.536542 -14.424721  0.050073 0.969082 0.241605  0.006886 0.765410 1 80 1.000000
0  -3.389935 -11.515192 -14.574951  0.050073 0.969082 0.241605  0.006969 0.765238 1 80 1.000000
0  -3.701581 -11.498942 -14.575541  0.050073 0.969082 0.241605  0.006972 0.765410 1 80 1.000000
lowpoly_plastic
0  -3.389935 -11.552792 -14.424133  1.000000 0.000001 0.000000  0.006111 0.765214 1 80 1.000000
0  -3.389935 -13.128036 -15.014700  1.000000 0.000001 0.000000  0.006468 0.764357 1 80 1.000000
0  -3.389935 -11.515192 -14.574951  1.000000 0.000001 0.000000  0.006194 0.765238 1 80 1.000000
lowpoly_plastic
0  -4.285579 -13.147589 -14.366392  -1.000000 -0.000015 0.000054  0.006924 0.764333 1 80 1.000000
0  -4.285614 -11.515192 -14.574951  -1.000000 -0.000015 0.000054  0.006842 0.765238 1 80 1.000000
0  -4.285614 -13.128036 -15.014700  -1.000000 -0.000015 0.000054  0.006568 0.764357 1 80 1.000000
lowpoly_plastic
0  -3.701581 -13.163874 -14.365802  0.000000 -0.999544 -0.030199  0.006470 0.765410 1 80 1.000000
0  -3.973970 -13.144286 -15.014112  0.000000 -0.999544 -0.030199  0.006113 0.765561 1 80 1.000000
0  -3.701581 -13.144286 -15.014112  0.000000 -0.999544 -0.030199  0.006113 0.765410 1 80 1.000000
lowpoly_plastic
0  -3.701581 -13.108394 -14.367811  0.000000 0.036194 0.999345  0.018297 0.763527 1 80 1.000000
0  -3.973970 -13.163874 -14.365802  0.000000 0.036194 0.999345  0.018448 0.763558 1 80 1.000000
0  -3.701581 -13.163874 -14.365802  0.000000 0.036194 0.999345  0.018297 0.763558 1 80 1.000000
lowpoly_plastic
0  -4.109065 -15.342807 -7.302042  0.000000 -0.953461 -0.301516  0.054555 0.746624 1 80 1.000000
0  -4.038161 -13.108394 -14.367811  0.000000 -0.953461 -0.301516  0.054516 0.750644 1 80 1.000000
0  -3.973970 -13.108394 -14.367811  0.000000 -0.953461 -0.301516  0.054480 0.750644 1 80 1.000000
lowpoly_plastic
0  -3.973970 -12.935904 -15.109928  0.000000 -0.417763 -0.908556  0.006283 0.763355 1 80 1.000000
0  -3.701581 -13.144286 -15.014112  0.000000 -0.417763 -0.908556  0.006434 0.763436 1 80 1.000000
0  -3.973970 -13.144286 -15.014112  0.000000 -0.417763 -0.908556  0.006283 0.763436 1 80 1.000000
lowpoly_plastic
0  -4.246359 -11.656617 -14.703101  -0.910491 0.108781 -0.398964  0.006767 0.765162 1 80 1.000000
0  -4.285614 -13.128036 -15.014700  -0.910491 0.108781 -0.398964  0.006568 0.764357 1 80 1.000000
0  -4.285614 -11.515192 -14.574951  -0.910491 0.108781 -0.398964  0.006842 0.765238 1 80 1.000000
lowpoly_plastic
0  -4.246359 -11.592022 -14.422712  -0.000009 0.036193 0.999345  0.018598 0.762691 1 80 1.000000
0  -3.973970 -11.536542 -14.424721  -0.000009 0.036193 0.999345  0.018448 0.762661 1 80 1.000000
0  -4.285614 -11.552792 -14.424133  -0.000009 0.036193 0.999345  0.018620 0.762670 1 80 1.000000
lowpoly_plastic
0  -3.973970 -11.656617 -14.703101  -0.034242 0.628585 -0.776987  0.006283 0.762622 1 80 1.000000
0  -4.285614 -11.515192 -14.574951  -0.034242 0.628585 -0.776987  0.006111 0.762521 1 80 1.000000
0  -3.973970 -11.498942 -14.575541  -0.034242 0.628585 -0.776987  0.006283 0.762513 1 80 1.000000
lowpoly_plastic
0  -3.429192 -15.105806 -7.366423  1.000000 -0.000000 0.000000  0.052860 0.746693 1 80 1.000000
0  -3.429192 -14.748070 -8.497282  1.000000 -0.000000 0.000000  0.052866 0.747346 1 80 1.000000
0  -3.429192 -14.539154 -8.429697  1.000000 -0.000000 0.000000  0.052745 0.747346 1 80 1.000000
lowpoly_plastic
0  -3.429192 -12.935904 -15.109928  0.964045 0.069902 -0.256379  0.006518 0.764465 1 80 1.000000
0  -3.389935 -11.515192 -14.574951  0.964045 0.069902 -0.256379  0.006194 0.765238 1 80 1.000000
0  -3.389935 -13.128036 -15.014700  0.964045 0.069902 -0.256379  0.006468 0.764357 1 80 1.000000
lowpoly_plastic
0  -4.038161 -13.108394 -14.367811  0.000000 0.036180 0.999345  0.018483 0.763527 1 80 1.000000
0  -4.246359 -12.888464 -14.375773  0.000000 0.036180 0.999345  0.018598 0.763406 1 80 1.000000
0  -4.285579 -13.147589 -14.366392  0.000000 0.036180 0.999345  0.018620 0.763549 1 80 1.000000
lowpoly_plastic
0  -3.429192 -12.888464 -14.375773  0.000006 0.036182 0.999345  0.018147 0.763406 1 80 1.000000
0  -3.637389 -13.108394 -14.367811  0.000006 0.036182 0.999345  0.018262 0.763527 1 80 1.000000
0  -3.389935 -13.147624 -14.366390  0.000006 0.036182 0.999345  0.018125 0.763549 1 80 1.000000
lowpoly_plastic
0  -4.109065 -15.342807 -7.302042  -0.830431 -0.528743 -0.175545  0.053051 0.746624 1 80 1.000000
0  -4.186698 -14.816700 -8.519485  -0.830431 -0.528743 -0.175545  0.053121 0.747348 1 80 1.000000
0  -4.186698 -14.716423 -8.821532  -0.830431 -0.528743 -0.175545  0.053122 0.747523 1 80 1.000000
lowpoly_plastic
0  -3.568022 -15.342807 -7.302042  0.829939 -0.531877 -0.168251  0.052977 0.746624 1 80 1.000000
0  -3.497024 -14.748100 -8.831779  0.829939 -0.531877 -0.168251  0.052925 0.747523 1 80 1.000000
0  -3.497024 -14.844090 -8.528344  0.829939 -0.531877 -0.168251  0.052923 0.747348 1 80 1.000000
lowpoly_plastic
0  -4.246359 -12.888464 -14.375773  0.000000 0.036183 0.999345  0.018598 0.763406 1 80 1.000000
0  -4.285614 -11.552792 -14.424133  0.000000 0.036183 0.999345  0.018620 0.762670 1 80 1.000000
0  -4.285579 -13.147589 -14.366392  0.000000 0.036183 0.999345  0.018620 0.763549 1 80 1.000000
lowpoly_plastic
0  -3.497024 -14.748100 -8.831779  1.000000 0.000000 0.000000  0.004094 0.762638 1 80 1.000000
0  -3.497024 -14.539154 -8.429697  1.000000 0.000000 0.000000  0.003915 0.762463 1 80 1.000000
0  -3.497024 -14.844090 -8.528344  1.000000 0.000000 0.000000  0.004092 0.762463 1 80 1.000000
lowpoly_plastic
0  -3.429192 -14.539154 -8.429697  0.000000 -0.951453 -0.307793  0.025459 0.767739 1 80 1.000000
0  -3.497024 -14.441198 -8.732496  0.000000 -0.951453 -0.307793  0.025497 0.767911 1 80 1.000000
0  -3.429192 -14.441198 -8.732496  0.000000 -0.951453 -0.307793  0.025459 0.767911 1 80 1.000000
lowpoly_plastic
0  -3.497024 -14.441198 -8.732496  0.000000 -0.307799 0.951451  0.025982 0.764838 1 80 1.000000
0  -3.429192 -14.652081 -8.800717  0.000000 -0.307799 0.951451  0.025944 0.764956 1 80 1.000000
0  -3.429192 -14.441198 -8.732496  0.000000 -0.307799 0.951451  0.025944 0.764838 1 80 1.000000
lowpoly_plastic
0  -3.497024 -14.539154 -8.429697  0.000000 0.307796 -0.951452  0.025459 0.767563 1 80 1.000000
0  -3.429192 -14.748070 -8.497282  0.000000 0.307796 -0.951452  0.025497 0.767684 1 80 1.000000
0  -3.497024 -14.844090 -8.528344  0.000000 0.307796 -0.951452  0.025459 0.767739 1 80 1.000000
lowpoly_plastic
0  -4.186698 -14.816700 -8.519485  -1.000000 0.000000 0.000000  0.004290 0.762462 1 80 1.000000
0  -4.186698 -14.441198 -8.732496  -1.000000 0.000000 0.000000  0.004451 0.762638 1 80 1.000000
0  -4.186698 -14.716423 -8.821532  -1.000000 0.000000 0.000000  0.004291 0.762637 1 80 1.000000
lowpoly_plastic
0  -4.246359 -14.441198 -8.732496  0.000000 -0.951452 -0.307796  0.025977 0.765182 1 80 1.000000
0  -4.186698 -14.539154 -8.429697  0.000000 -0.951452 -0.307796  0.025944 0.765009 1 80 1.000000
0  -4.246359 -14.539154 -8.429697  0.000000 -0.951452 -0.307796  0.025977 0.765009 1 80 1.000000
lowpoly_plastic
0  -4.186698 -14.441198 -8.732496  -0.000030 -0.307800 0.951451  0.025944 0.765341 1 80 1.000000
0  -4.246359 -14.652081 -8.800717  -0.000030 -0.307800 0.951451  0.025977 0.765459 1 80 1.000000
0  -4.203315 -14.692856 -8.813908  -0.000030 -0.307800 0.951451  0.025954 0.765481 1 80 1.000000
lowpoly_plastic
0  -4.186698 -14.539154 -8.429697  0.000006 0.307796 -0.951452  0.025977 0.765182 1 80 1.000000
0  -4.212421 -14.780218 -8.507682  0.000006 0.307796 -0.951452  0.025963 0.765320 1 80 1.000000
0  -4.246359 -14.748070 -8.497282  0.000006 0.307796 -0.951452  0.025944 0.765302 1 80 1.000000
lowpoly_plastic
0  -3.568022 -13.982059 -7.085258  0.000000 0.036872 0.999320  0.055447 0.748459 1 80 1.000000
0  -3.701581 -13.982059 -7.085258  0.000000 0.036872 0.999320  0.055520 0.748451 1 80 1.000000
0  -3.568022 -14.650455 -7.060596  0.000000 0.036872 0.999320  0.055482 0.748825 1 80 1.000000
lowpoly_plastic
0  -3.973970 -13.982059 -7.085258  0.000000 0.036872 0.999320  0.055398 0.747685 1 80 1.000000
0  -4.107528 -13.982059 -7.085258  0.000000 0.036872 0.999320  0.055472 0.747693 1 80 1.000000
0  -4.109065 -14.650455 -7.060596  0.000000 0.036872 0.999320  0.055436 0.748060 1 80 1.000000
lowpoly_plastic
0  -4.109065 -15.342807 -7.302042  -0.711028 -0.231542 0.663948  0.055398 0.748444 1 80 1.000000
0  -4.246359 -14.629436 -7.200296  -0.711028 -0.231542 0.663948  0.055512 0.748058 1 80 1.000000
0  -4.246359 -15.105806 -7.366423  -0.711028 -0.231542 0.663948  0.055486 0.748322 1 80 1.000000
lowpoly_plastic
0  -3.429192 -14.629436 -7.200296  0.707108 -0.232840 0.667670  0.055405 0.748823 1 80 1.000000
0  -3.568022 -15.342807 -7.302042  0.707108 -0.232840 0.667670  0.055520 0.749210 1 80 1.000000
0  -3.429192 -15.105806 -7.366423  0.707108 -0.232840 0.667670  0.055431 0.749088 1 80 1.000000
lowpoly_plastic
0  -4.109065 -14.650455 -7.060596  -0.711032 0.025928 0.702681  0.055436 0.748060 1 80 1.000000
0  -4.246359 -13.937276 -7.225836  -0.711032 0.025928 0.702681  0.055550 0.747678 1 80 1.000000
0  -4.246359 -14.629436 -7.200296  -0.711032 0.025928 0.702681  0.055512 0.748058 1 80 1.000000
lowpoly_plastic
0  -3.429192 -14.629436 -7.200296  0.707105 0.026073 0.706628  0.055405 0.748823 1 80 1.000000
0  -3.568022 -13.982059 -7.085258  0.707105 0.026073 0.706628  0.055447 0.748459 1 80 1.000000
0  -3.568022 -14.650455 -7.060596  0.707105 0.026073 0.706628  0.055482 0.748825 1 80 1.000000
lowpoly_plastic
0  -3.568022 -15.342807 -7.302042  -0.999557 -0.005247 0.029311  0.053499 0.797757 1 80 1.000000
0  -3.567250 -14.652116 -7.152119  -0.999557 -0.005247 0.029311  0.053547 0.797369 1 80 1.000000
0  -3.570176 -15.321728 -7.371703  -0.999557 -0.005247 0.029311  0.053539 0.797758 1 80 1.000000
lowpoly_plastic
0  -3.973970 -13.982059 -7.085258  0.879746 -0.130758 -0.457110  0.053719 0.798072 1 80 1.000000
0  -4.108300 -14.652116 -7.152119  0.879746 -0.130758 -0.457110  0.053801 0.798436 1 80 1.000000
0  -4.021102 -13.977921 -7.177152  0.879746 -0.130758 -0.457110  0.053669 0.798087 1 80 1.000000
lowpoly_plastic
0  -4.109065 -14.650455 -7.060596  0.999964 -0.000982 0.008374  0.053848 0.798419 1 80 1.000000
0  -4.107120 -15.321728 -7.371704  0.999964 -0.000982 0.008374  0.053808 0.798825 1 80 1.000000
0  -4.108300 -14.652116 -7.152119  0.999964 -0.000982 0.008374  0.053801 0.798436 1 80 1.000000
lowpoly_plastic
0  -3.568022 -14.650455 -7.060596  -0.991693 -0.128487 -0.006035  0.053499 0.797352 1 80 1.000000
0  -3.654448 -13.977921 -7.177152  -0.991693 -0.128487 -0.006035  0.053679 0.797020 1 80 1.000000
0  -3.567250 -14.652116 -7.152119  -0.991693 -0.128487 -0.006035  0.053547 0.797369 1 80 1.000000
lowpoly_plastic
0  -3.743295 -13.934565 -7.234345  -0.319235 -0.925147 -0.205408  0.053866 0.797844 1 80 1.000000
0  -3.654448 -13.977921 -7.177152  -0.319235 -0.925147 -0.205408  0.053901 0.797795 1 80 1.000000
0  -3.701581 -13.982059 -7.085258  -0.319235 -0.925147 -0.205408  0.053951 0.797821 1 80 1.000000
lowpoly_plastic
0  -3.973970 -13.982059 -7.085258  0.319238 -0.925148 -0.205398  0.053951 0.797972 1 80 1.000000
0  -4.021102 -13.977921 -7.177152  0.319238 -0.925148 -0.205398  0.053901 0.797998 1 80 1.000000
0  -3.932255 -13.934565 -7.234345  0.319238 -0.925148 -0.205398  0.053866 0.797949 1 80 1.000000
lowpoly_plastic
0  -3.570176 -15.321728 -7.371703  -0.943690 0.207810 0.257417  0.053539 0.797758 1 80 1.000000
0  -3.507154 -14.612749 -7.713018  -0.943690 0.207810 0.257417  0.053848 0.797451 1 80 1.000000
0  -3.620435 -15.177279 -7.672565  -0.943690 0.207810 0.257417  0.053720 0.797736 1 80 1.000000
lowpoly_plastic
0  -4.021102 -13.977921 -7.177152  0.984332 -0.150689 -0.091559  0.053669 0.798087 1 80 1.000000
0  -4.168129 -14.612749 -7.713018  0.984332 -0.150689 -0.091559  0.053499 0.798518 1 80 1.000000
0  -4.061603 -14.040177 -7.510113  0.984332 -0.150689 -0.091559  0.053505 0.798181 1 80 1.000000
lowpoly_plastic
0  -4.108300 -14.652116 -7.152119  0.978286 0.186071 -0.091291  0.053801 0.798436 1 80 1.000000
0  -4.056980 -15.177279 -7.672565  0.978286 0.186071 -0.091291  0.053627 0.798803 1 80 1.000000
0  -4.168129 -14.612749 -7.713018  0.978286 0.186071 -0.091291  0.053499 0.798518 1 80 1.000000
lowpoly_plastic
0  -3.567250 -14.652116 -7.152119  -0.983122 -0.142046 -0.115302  0.053547 0.797369 1 80 1.000000
0  -3.613680 -14.040177 -7.510113  -0.983122 -0.142046 -0.115302  0.053842 0.797114 1 80 1.000000
0  -3.507154 -14.612749 -7.713018  -0.983122 -0.142046 -0.115302  0.053848 0.797451 1 80 1.000000
lowpoly_plastic
0  -3.620435 -15.177279 -7.672565  0.000004 0.071475 0.997442  0.053474 0.800360 1 80 1.000000
0  -4.168129 -14.612749 -7.713018  0.000004 0.071475 0.997442  0.053776 0.800049 1 80 1.000000
0  -4.056980 -15.177279 -7.672565  0.000004 0.071475 0.997442  0.053715 0.800360 1 80 1.000000
lowpoly_plastic
0  -3.507154 -14.612749 -7.713018  0.000000 -0.334023 0.942565  0.053411 0.800049 1 80 1.000000
0  -4.061603 -14.040177 -7.510113  0.000000 -0.334023 0.942565  0.053718 0.799730 1 80 1.000000
0  -4.168129 -14.612749 -7.713018  0.000000 -0.334023 0.942565  0.053776 0.800049 1 80 1.000000
lowpoly_plastic
0  -3.620435 -15.177279 -7.672565  0.000000 0.913032 0.407889  0.053722 0.797802 1 80 1.000000
0  -4.109065 -15.342807 -7.302042  0.000000 0.913032 0.407889  0.053499 0.798072 1 80 1.000000
0  -3.568022 -15.342807 -7.302042  0.000000 0.913032 0.407889  0.053499 0.797773 1 80 1.000000
lowpoly_plastic
0  -3.613680 -14.040177 -7.510113  0.000000 -0.933859 0.357642  0.053722 0.797773 1 80 1.000000
0  -3.932255 -13.934565 -7.234345  0.000000 -0.933859 0.357642  0.053866 0.797949 1 80 1.000000
0  -4.061603 -14.040177 -7.510113  0.000000 -0.933859 0.357642  0.053722 0.798020 1 80 1.000000
lowpoly_plastic
0  -3.654448 -13.977921 -7.177152  -0.488618 -0.866492 0.102193  0.053901 0.797795 1 80 1.000000
0  -3.743295 -13.934565 -7.234345  -0.488618 -0.866492 0.102193  0.053866 0.797844 1 80 1.000000
0  -3.613680 -14.040177 -7.510113  -0.488618 -0.866492 0.102193  0.053722 0.797773 1 80 1.000000
lowpoly_plastic
0  -3.932255 -13.934565 -7.234345  0.488780 -0.866359 0.102544  0.053866 0.797949 1 80 1.000000
0  -4.021102 -13.977921 -7.177152  0.488780 -0.866359 0.102544  0.053901 0.797998 1 80 1.000000
0  -4.061603 -14.040177 -7.510113  0.488780 -0.866359 0.102544  0.053722 0.798020 1 80 1.000000
lowpoly_plastic
0  -3.637389 -13.108394 -14.367811  -0.000002 0.036181 0.999345  0.018262 0.763527 1 80 1.000000
0  -3.701580 -13.163874 -14.365803  -0.000002 0.036181 0.999345  0.018297 0.763558 1 80 1.000000
0  -3.389935 -13.147624 -14.366390  -0.000002 0.036181 0.999345  0.018125 0.763549 1 80 1.000000
lowpoly_plastic
0  -4.246358 -12.935904 -15.109930  -0.021280 -0.440487 -0.897507  0.006133 0.763355 1 80 1.000000
0  -3.973969 -13.144286 -15.014112  -0.021280 -0.440487 -0.897507  0.006283 0.763436 1 80 1.000000
0  -4.285614 -13.128036 -15.014701  -0.021280 -0.440487 -0.897507  0.006111 0.763428 1 80 1.000000
lowpoly_plastic
0  -4.246358 -13.309024 -13.046323  -1.000000 -0.000001 0.000000  0.053139 0.749973 1 80 1.000000
0  -4.246358 -14.652081 -8.800717  -1.000000 -0.000001 0.000000  0.053161 0.747521 1 80 1.000000
0  -4.246358 -14.441198 -8.732496  -1.000000 -0.000001 0.000000  0.053283 0.747521 1 80 1.000000
lowpoly_plastic
0  -3.701580 -13.108394 -14.367811  0.000000 -0.953462 -0.301513  0.054330 0.750644 1 80 1.000000
0  -3.986853 -13.321483 -13.693971  0.000000 -0.953462 -0.301513  0.054488 0.750260 1 80 1.000000
0  -3.973969 -13.108394 -14.367811  0.000000 -0.953462 -0.301513  0.054480 0.750644 1 80 1.000000
lowpoly_plastic
0  -3.429191 -12.888464 -14.375774  0.000002 0.036181 0.999345  0.018147 0.763406 1 80 1.000000
0  -3.389935 -11.552792 -14.424133  0.000002 0.036181 0.999345  0.018125 0.762670 1 80 1.000000
0  -3.429191 -11.592022 -14.422712  0.000002 0.036181 0.999345  0.018147 0.762691 1 80 1.000000
lowpoly_plastic
0  -3.701580 -11.656617 -14.703102  0.000000 0.628953 -0.777443  0.006434 0.762622 1 80 1.000000
0  -3.973969 -11.498941 -14.575541  0.000000 0.628953 -0.777443  0.006283 0.762513 1 80 1.000000
0  -3.701580 -11.498941 -14.575541  0.000000 0.628953 -0.777443  0.006434 0.762513 1 80 1.000000
lowpoly_plastic
0  -4.038160 -13.108394 -14.367811  0.000000 0.036178 0.999345  0.018483 0.763527 1 80 1.000000
0  -3.973969 -13.163874 -14.365803  0.000000 0.036178 0.999345  0.018448 0.763558 1 80 1.000000
0  -3.973969 -13.108394 -14.367811  0.000000 0.036178 0.999345  0.018448 0.763527 1 80 1.000000
lowpoly_plastic
0  -3.429191 -13.937276 -7.225835  0.000781 0.950790 0.309835  0.054256 0.746705 1 80 1.000000
0  -3.429191 -12.112381 -12.825888  0.000781 0.950790 0.309835  0.054256 0.749957 1 80 1.000000
0  -3.701580 -12.112170 -12.825850  0.000781 0.950790 0.309835  0.054106 0.749957 1 80 1.000000
lowpoly_plastic
0  -3.973969 -12.112170 -12.825850  -0.003516 0.950824 0.309713  0.053955 0.749957 1 80 1.000000
0  -4.246358 -13.937276 -7.225835  -0.003516 0.950824 0.309713  0.053805 0.746705 1 80 1.000000
0  -3.973969 -13.982059 -7.085258  -0.003516 0.950824 0.309713  0.053955 0.746624 1 80 1.000000
lowpoly_plastic
0  -3.701580 -11.592022 -14.422712  -0.024338 0.950543 0.309639  0.054106 0.750885 1 80 1.000000
0  -3.707188 -11.906961 -13.456285  -0.024338 0.950543 0.309639  0.054103 0.750323 1 80 1.000000
0  -3.701580 -11.906825 -13.456263  -0.024338 0.950543 0.309639  0.054106 0.750323 1 80 1.000000
lowpoly_plastic
0  -3.973969 -11.592022 -14.422712  0.024336 0.950550 0.309618  0.053955 0.750885 1 80 1.000000
0  -3.973969 -11.906825 -13.456263  0.024336 0.950550 0.309618  0.053955 0.750323 1 80 1.000000
0  -3.968361 -11.906961 -13.456285  0.024336 0.950550 0.309618  0.053958 0.750323 1 80 1.000000
lowpoly_plastic
0  -3.973969 -11.592022 -14.422712  0.000000 0.950788 0.309843  0.053955 0.750885 1 80 1.000000
0  -3.707188 -11.906961 -13.456285  0.000000 0.950788 0.309843  0.054103 0.750323 1 80 1.000000
0  -3.701580 -11.592022 -14.422712  0.000000 0.950788 0.309843  0.054106 0.750885 1 80 1.000000
lowpoly_plastic
0  -3.701580 -11.656617 -14.703102  0.000000 0.303057 -0.952972  0.018448 0.761847 1 80 1.000000
0  -3.429191 -12.935904 -15.109930  0.000000 0.303057 -0.952972  0.018598 0.762580 1 80 1.000000
0  -3.701580 -12.935904 -15.109930  0.000000 0.303057 -0.952972  0.018448 0.762580 1 80 1.000000
lowpoly_plastic
0  -4.246358 -11.656617 -14.703102  0.000000 0.303057 -0.952972  0.018147 0.761847 1 80 1.000000
0  -3.973969 -12.935904 -15.109930  0.000000 0.303057 -0.952972  0.018297 0.762580 1 80 1.000000
0  -4.246358 -12.935904 -15.109930  0.000000 0.303057 -0.952972  0.018147 0.762580 1 80 1.000000
lowpoly_plastic
0  -3.973969 -11.656617 -14.703102  0.000000 0.303057 -0.952973  0.018297 0.761847 1 80 1.000000
0  -3.701580 -12.935904 -15.109930  0.000000 0.303057 -0.952973  0.018448 0.762580 1 80 1.000000
0  -3.973969 -12.935904 -15.109930  0.000000 0.303057 -0.952973  0.018297 0.762580 1 80 1.000000
lowpoly_plastic
0  -3.973969 -11.592022 -14.422712  0.000000 0.036194 0.999345  0.018448 0.762691 1 80 1.000000
0  -3.701580 -11.536541 -14.424722  0.000000 0.036194 0.999345  0.018297 0.762661 1 80 1.000000
0  -3.973969 -11.536541 -14.424722  0.000000 0.036194 0.999345  0.018448 0.762661 1 80 1.000000
lowpoly_plastic
0  -3.429191 -11.656617 -14.703102  0.036113 0.665506 -0.745518  0.006584 0.762622 1 80 1.000000
0  -3.701580 -11.498941 -14.575541  0.036113 0.665506 -0.745518  0.006434 0.762513 1 80 1.000000
0  -3.389935 -11.515192 -14.574952  0.036113 0.665506 -0.745518  0.006606 0.762521 1 80 1.000000
lowpoly_plastic
0  -3.701580 -11.592022 -14.422712  -0.000002 0.036194 0.999345  0.018297 0.762691 1 80 1.000000
0  -3.389935 -11.552792 -14.424133  -0.000002 0.036194 0.999345  0.018125 0.762670 1 80 1.000000
0  -3.701580 -11.536541 -14.424722  -0.000002 0.036194 0.999345  0.018297 0.762661 1 80 1.000000
lowpoly_plastic
0  -3.701580 -12.935904 -15.109930  0.020070 -0.417683 -0.908371  0.006434 0.763355 1 80 1.000000
0  -3.389935 -13.128036 -15.014701  0.020070 -0.417683 -0.908371  0.006606 0.763428 1 80 1.000000
0  -3.701580 -13.144286 -15.014112  0.020070 -0.417683 -0.908371  0.006434 0.763436 1 80 1.000000
lowpoly_plastic
0  -3.701580 -13.108394 -14.367811  0.000000 -0.953462 -0.301514  0.054330 0.750644 1 80 1.000000
0  -3.630774 -13.321483 -13.693971  0.000000 -0.953462 -0.301514  0.054291 0.750260 1 80 1.000000
0  -3.688843 -13.321483 -13.693971  0.000000 -0.953462 -0.301514  0.054323 0.750260 1 80 1.000000
lowpoly_plastic
0  -4.285614 -11.552792 -14.424133  -0.050074 0.969084 0.241597  0.006883 0.765733 1 80 1.000000
0  -3.973969 -11.498941 -14.575541  -0.050074 0.969084 0.241597  0.006972 0.765561 1 80 1.000000
0  -4.285614 -11.515192 -14.574952  -0.050074 0.969084 0.241597  0.006969 0.765733 1 80 1.000000
lowpoly_plastic
0  -3.389935 -13.147624 -14.366390  0.051990 -0.998192 -0.030154  0.006468 0.765238 1 80 1.000000
0  -3.701580 -13.144286 -15.014112  0.051990 -0.998192 -0.030154  0.006113 0.765410 1 80 1.000000
0  -3.389935 -13.128036 -15.014701  0.051990 -0.998192 -0.030154  0.006111 0.765238 1 80 1.000000
lowpoly_plastic
0  -3.973969 -11.536541 -14.424722  0.000000 0.970300 0.241905  0.006886 0.765561 1 80 1.000000
0  -3.701580 -11.498941 -14.575541  0.000000 0.970300 0.241905  0.006972 0.765410 1 80 1.000000
0  -3.973969 -11.498941 -14.575541  0.000000 0.970300 0.241905  0.006972 0.765561 1 80 1.000000
lowpoly_plastic
0  -3.973969 -13.163874 -14.365803  -0.051990 -0.998192 -0.030154  0.006470 0.765561 1 80 1.000000
0  -4.285614 -13.128036 -15.014701  -0.051990 -0.998192 -0.030154  0.006111 0.765733 1 80 1.000000
0  -3.973969 -13.144286 -15.014112  -0.051990 -0.998192 -0.030154  0.006113 0.765561 1 80 1.000000
lowpoly_plastic
0  -3.701580 -11.536541 -14.424722  0.050076 0.969084 0.241597  0.006886 0.765410 1 80 1.000000
0  -3.389935 -11.515192 -14.574952  0.050076 0.969084 0.241597  0.006969 0.765238 1 80 1.000000
0  -3.701580 -11.498941 -14.575541  0.050076 0.969084 0.241597  0.006972 0.765410 1 80 1.000000
lowpoly_plastic
0  -3.389935 -11.552792 -14.424133  1.000000 0.000000 0.000000  0.006111 0.765214 1 80 1.000000
0  -3.389935 -13.128036 -15.014701  1.000000 0.000000 0.000000  0.006468 0.764357 1 80 1.000000
0  -3.389935 -11.515192 -14.574952  1.000000 0.000000 0.000000  0.006194 0.765238 1 80 1.000000
lowpoly_plastic
0  -4.285579 -13.147589 -14.366392  -1.000000 -0.000015 0.000054  0.006924 0.764333 1 80 1.000000
0  -4.285614 -11.515192 -14.574952  -1.000000 -0.000015 0.000054  0.006842 0.765238 1 80 1.000000
0  -4.285614 -13.128036 -15.014701  -1.000000 -0.000015 0.000054  0.006568 0.764357 1 80 1.000000
lowpoly_plastic
0  -3.701580 -13.163874 -14.365803  0.000000 -0.999544 -0.030199  0.006470 0.765410 1 80 1.000000
0  -3.973969 -13.144286 -15.014112  0.000000 -0.999544 -0.030199  0.006113 0.765561 1 80 1.000000
0  -3.701580 -13.144286 -15.014112  0.000000 -0.999544 -0.030199  0.006113 0.765410 1 80 1.000000
lowpoly_plastic
0  -3.701580 -13.108394 -14.367811  0.000000 0.036177 0.999345  0.018297 0.763527 1 80 1.000000
0  -3.973969 -13.163874 -14.365803  0.000000 0.036177 0.999345  0.018448 0.763558 1 80 1.000000
0  -3.701580 -13.163874 -14.365803  0.000000 0.036177 0.999345  0.018297 0.763558 1 80 1.000000
lowpoly_plastic
0  -4.109065 -15.342807 -7.302042  0.000000 -0.953462 -0.301512  0.054555 0.746624 1 80 1.000000
0  -4.051042 -13.514329 -13.084143  0.000000 -0.953462 -0.301512  0.054523 0.749913 1 80 1.000000
0  -3.998513 -13.514329 -13.084143  0.000000 -0.953462 -0.301512  0.054494 0.749913 1 80 1.000000
lowpoly_plastic
0  -3.973969 -12.935904 -15.109930  0.000000 -0.417767 -0.908554  0.006283 0.763355 1 80 1.000000
0  -3.701580 -13.144286 -15.014112  0.000000 -0.417767 -0.908554  0.006434 0.763436 1 80 1.000000
0  -3.973969 -13.144286 -15.014112  0.000000 -0.417767 -0.908554  0.006283 0.763436 1 80 1.000000
lowpoly_plastic
0  -4.246358 -11.656617 -14.703102  -0.910498 0.108776 -0.398951  0.006767 0.765162 1 80 1.000000
0  -4.285614 -13.128036 -15.014701  -0.910498 0.108776 -0.398951  0.006568 0.764357 1 80 1.000000
0  -4.285614 -11.515192 -14.574952  -0.910498 0.108776 -0.398951  0.006842 0.765238 1 80 1.000000
lowpoly_plastic
0  -4.246358 -11.592022 -14.422712  0.000002 0.036198 0.999345  0.018598 0.762691 1 80 1.000000
0  -3.973969 -11.536541 -14.424722  0.000002 0.036198 0.999345  0.018448 0.762661 1 80 1.000000
0  -4.285614 -11.552792 -14.424133  0.000002 0.036198 0.999345  0.018620 0.762670 1 80 1.000000
lowpoly_plastic
0  -3.973969 -11.656617 -14.703102  -0.034247 0.628588 -0.776984  0.006283 0.762622 1 80 1.000000
0  -4.285614 -11.515192 -14.574952  -0.034247 0.628588 -0.776984  0.006111 0.762521 1 80 1.000000
0  -3.973969 -11.498941 -14.575541  -0.034247 0.628588 -0.776984  0.006283 0.762513 1 80 1.000000
lowpoly_plastic
0  -3.429191 -12.888464 -14.375774  1.000000 0.000000 0.000000  0.052895 0.750742 1 80 1.000000
0  -3.429191 -11.906954 -13.456283  1.000000 0.000000 0.000000  0.052223 0.750430 1 80 1.000000
0  -3.429191 -13.115116 -13.659294  1.000000 0.000000 0.000000  0.052892 0.750328 1 80 1.000000
lowpoly_plastic
0  -3.429191 -12.935904 -15.109930  0.964047 0.069901 -0.256372  0.006518 0.764465 1 80 1.000000
0  -3.389935 -11.515192 -14.574952  0.964047 0.069901 -0.256372  0.006194 0.765238 1 80 1.000000
0  -3.389935 -13.128036 -15.014701  0.964047 0.069901 -0.256372  0.006468 0.764357 1 80 1.000000
lowpoly_plastic
0  -4.038160 -13.108394 -14.367811  0.000000 0.036184 0.999345  0.018483 0.763527 1 80 1.000000
0  -4.246358 -12.888464 -14.375774  0.000000 0.036184 0.999345  0.018598 0.763406 1 80 1.000000
0  -4.285579 -13.147589 -14.366392  0.000000 0.036184 0.999345  0.018620 0.763549 1 80 1.000000
lowpoly_plastic
0  -3.429191 -12.888464 -14.375774  -0.000002 0.036186 0.999345  0.018147 0.763406 1 80 1.000000
0  -3.637389 -13.108394 -14.367811  -0.000002 0.036186 0.999345  0.018262 0.763527 1 80 1.000000
0  -3.389935 -13.147624 -14.366390  -0.000002 0.036186 0.999345  0.018125 0.763549 1 80 1.000000
lowpoly_plastic
0  -4.038160 -13.108394 -14.367811  -0.705553 -0.675655 -0.213739  0.053014 0.750707 1 80 1.000000
0  -4.246358 -13.115116 -13.659294  -0.705553 -0.675655 -0.213739  0.053136 0.750327 1 80 1.000000
0  -4.246358 -12.888464 -14.375774  -0.705553 -0.675655 -0.213739  0.053133 0.750741 1 80 1.000000
lowpoly_plastic
0  -3.568022 -15.342807 -7.302042  0.829936 -0.531881 -0.168251  0.052977 0.746624 1 80 1.000000
0  -3.497023 -14.748100 -8.831779  0.829936 -0.531881 -0.168251  0.052925 0.747523 1 80 1.000000
0  -3.497023 -14.844090 -8.528344  0.829936 -0.531881 -0.168251  0.052923 0.747348 1 80 1.000000
lowpoly_plastic
0  -4.246358 -12.888464 -14.375774  0.000000 0.036182 0.999345  0.018598 0.763406 1 80 1.000000
0  -4.285614 -11.552792 -14.424133  0.000000 0.036182 0.999345  0.018620 0.762670 1 80 1.000000
0  -4.285579 -13.147589 -14.366392  0.000000 0.036182 0.999345  0.018620 0.763549 1 80 1.000000
lowpoly_plastic
0  -3.497023 -14.748100 -8.831779  1.000000 -0.000001 0.000000  0.004094 0.762638 1 80 1.000000
0  -3.497023 -14.539154 -8.429697  1.000000 -0.000001 0.000000  0.003915 0.762463 1 80 1.000000
0  -3.497023 -14.844090 -8.528344  1.000000 -0.000001 0.000000  0.004092 0.762463 1 80 1.000000
lowpoly_plastic
0  -3.429191 -14.539154 -8.429697  0.000000 -0.951453 -0.307793  0.025459 0.767739 1 80 1.000000
0  -3.497023 -14.441198 -8.732496  0.000000 -0.951453 -0.307793  0.025497 0.767911 1 80 1.000000
0  -3.429191 -14.441198 -8.732496  0.000000 -0.951453 -0.307793  0.025459 0.767911 1 80 1.000000
lowpoly_plastic
0  -3.497023 -14.441198 -8.732496  0.000000 -0.307796 0.951452  0.025982 0.764838 1 80 1.000000
0  -3.429191 -14.652081 -8.800717  0.000000 -0.307796 0.951452  0.025944 0.764956 1 80 1.000000
0  -3.429191 -14.441198 -8.732496  0.000000 -0.307796 0.951452  0.025944 0.764838 1 80 1.000000
lowpoly_plastic
0  -3.497023 -14.539154 -8.429697  0.000000 0.307798 -0.951452  0.025459 0.767563 1 80 1.000000
0  -3.429191 -14.748070 -8.497282  0.000000 0.307798 -0.951452  0.025497 0.767684 1 80 1.000000
0  -3.497023 -14.844090 -8.528344  0.000000 0.307798 -0.951452  0.025459 0.767739 1 80 1.000000
lowpoly_plastic
0  -4.186698 -14.816700 -8.519484  -1.000000 -0.000001 0.000000  0.004290 0.762462 1 80 1.000000
0  -4.186698 -14.441198 -8.732496  -1.000000 -0.000001 0.000000  0.004451 0.762638 1 80 1.000000
0  -4.186698 -14.716423 -8.821532  -1.000000 -0.000001 0.000000  0.004291 0.762637 1 80 1.000000
lowpoly_plastic
0  -4.246358 -14.441198 -8.732496  0.000000 -0.951452 -0.307796  0.025977 0.765182 1 80 1.000000
0  -4.186698 -14.539154 -8.429697  0.000000 -0.951452 -0.307796  0.025944 0.765009 1 80 1.000000
0  -4.246358 -14.539154 -8.429697  0.000000 -0.951452 -0.307796  0.025977 0.765009 1 80 1.000000
lowpoly_plastic
0  -4.186698 -14.441198 -8.732496  -0.000030 -0.307792 0.951454  0.025944 0.765341 1 80 1.000000
0  -4.246358 -14.652081 -8.800717  -0.000030 -0.307792 0.951454  0.025977 0.765459 1 80 1.000000
0  -4.203315 -14.692856 -8.813908  -0.000030 -0.307792 0.951454  0.025954 0.765481 1 80 1.000000
lowpoly_plastic
0  -4.186698 -14.539154 -8.429697  0.000006 0.307794 -0.951453  0.025977 0.765182 1 80 1.000000
0  -4.212421 -14.780218 -8.507682  0.000006 0.307794 -0.951453  0.025963 0.765320 1 80 1.000000
0  -4.246358 -14.748070 -8.497282  0.000006 0.307794 -0.951453  0.025944 0.765302 1 80 1.000000
lowpoly_plastic
0  -3.568022 -13.982059 -7.085258  0.000000 0.036873 0.999320  0.055447 0.748459 1 80 1.000000
0  -3.701580 -13.982059 -7.085258  0.000000 0.036873 0.999320  0.055520 0.748451 1 80 1.000000
0  -3.568022 -14.650455 -7.060595  0.000000 0.036873 0.999320  0.055482 0.748825 1 80 1.000000
lowpoly_plastic
0  -3.973969 -13.982059 -7.085258  0.000000 0.036873 0.999320  0.055398 0.747685 1 80 1.000000
0  -4.107528 -13.982059 -7.085258  0.000000 0.036873 0.999320  0.055472 0.747693 1 80 1.000000
0  -4.109065 -14.650455 -7.060595  0.000000 0.036873 0.999320  0.055436 0.748060 1 80 1.000000
lowpoly_plastic
0  -4.109065 -15.342807 -7.302042  -0.711029 -0.231541 0.663948  0.055398 0.748444 1 80 1.000000
0  -4.246358 -14.629436 -7.200296  -0.711029 -0.231541 0.663948  0.055512 0.748058 1 80 1.000000
0  -4.246358 -15.105806 -7.366422  -0.711029 -0.231541 0.663948  0.055486 0.748322 1 80 1.000000
lowpoly_plastic
0  -3.429191 -14.629436 -7.200296  0.707106 -0.232840 0.667672  0.055405 0.748823 1 80 1.000000
0  -3.568022 -15.342807 -7.302042  0.707106 -0.232840 0.667672  0.055520 0.749210 1 80 1.000000
0  -3.429191 -15.105806 -7.366422  0.707106 -0.232840 0.667672  0.055431 0.749088 1 80 1.000000
lowpoly_plastic
0  -4.109065 -14.650455 -7.060595  -0.711033 0.025927 0.702680  0.055436 0.748060 1 80 1.000000
0  -4.246358 -13.937276 -7.225835  -0.711033 0.025927 0.702680  0.055550 0.747678 1 80 1.000000
0  -4.246358 -14.629436 -7.200296  -0.711033 0.025927 0.702680  0.055512 0.748058 1 80 1.000000
lowpoly_plastic
0  -3.429191 -14.629436 -7.200296  0.707105 0.026073 0.706628  0.055405 0.748823 1 80 1.000000
0  -3.568022 -13.982059 -7.085258  0.707105 0.026073 0.706628  0.055447 0.748459 1 80 1.000000
0  -3.568022 -14.650455 -7.060595  0.707105 0.026073 0.706628  0.055482 0.748825 1 80 1.000000
lowpoly_plastic
0  -3.568022 -15.342807 -7.302042  -0.999557 -0.005247 0.029315  0.053499 0.797757 1 80 1.000000
0  -3.567250 -14.652117 -7.152119  -0.999557 -0.005247 0.029315  0.053547 0.797369 1 80 1.000000
0  -3.570176 -15.321728 -7.371703  -0.999557 -0.005247 0.029315  0.053539 0.797758 1 80 1.000000
lowpoly_plastic
0  -3.973969 -13.982059 -7.085258  0.879746 -0.130758 -0.457110  0.053719 0.798072 1 80 1.000000
0  -4.108300 -14.652117 -7.152119  0.879746 -0.130758 -0.457110  0.053801 0.798436 1 80 1.000000
0  -4.021101 -13.977921 -7.177152  0.879746 -0.130758 -0.457110  0.053669 0.798087 1 80 1.000000
lowpoly_plastic
0  -4.109065 -14.650455 -7.060595  0.999964 -0.000982 0.008375  0.053848 0.798419 1 80 1.000000
0  -4.107120 -15.321728 -7.371703  0.999964 -0.000982 0.008375  0.053808 0.798825 1 80 1.000000
0  -4.108300 -14.652117 -7.152119  0.999964 -0.000982 0.008375  0.053801 0.798436 1 80 1.000000
lowpoly_plastic
0  -3.568022 -14.650455 -7.060595  -0.991693 -0.128488 -0.006027  0.053499 0.797352 1 80 1.000000
0  -3.654448 -13.977921 -7.177152  -0.991693 -0.128488 -0.006027  0.053679 0.797020 1 80 1.000000
0  -3.567250 -14.652117 -7.152119  -0.991693 -0.128488 -0.006027  0.053547 0.797369 1 80 1.000000
lowpoly_plastic
0  -3.743295 -13.934565 -7.234345  -0.319235 -0.925147 -0.205408  0.053866 0.797844 1 80 1.000000
0  -3.654448 -13.977921 -7.177152  -0.319235 -0.925147 -0.205408  0.053901 0.797795 1 80 1.000000
0  -3.701580 -13.982059 -7.085258  -0.319235 -0.925147 -0.205408  0.053951 0.797821 1 80 1.000000
lowpoly_plastic
0  -3.973969 -13.982059 -7.085258  0.319237 -0.925153 -0.205377  0.053951 0.797972 1 80 1.000000
0  -4.021101 -13.977921 -7.177152  0.319237 -0.925153 -0.205377  0.053901 0.797998 1 80 1.000000
0  -3.932255 -13.934565 -7.234345  0.319237 -0.925153 -0.205377  0.053866 0.797949 1 80 1.000000
lowpoly_plastic
0  -3.570176 -15.321728 -7.371703  -0.943691 0.207809 0.257416  0.053539 0.797758 1 80 1.000000
0  -3.507154 -14.612749 -7.713018  -0.943691 0.207809 0.257416  0.053848 0.797451 1 80 1.000000
0  -3.620435 -15.177279 -7.672565  -0.943691 0.207809 0.257416  0.053720 0.797736 1 80 1.000000
lowpoly_plastic
0  -4.021101 -13.977921 -7.177152  0.984333 -0.150685 -0.091559  0.053669 0.798087 1 80 1.000000
0  -4.168128 -14.612749 -7.713018  0.984333 -0.150685 -0.091559  0.053499 0.798518 1 80 1.000000
0  -4.061603 -14.040177 -7.510113  0.984333 -0.150685 -0.091559  0.053505 0.798181 1 80 1.000000
lowpoly_plastic
0  -4.108300 -14.652117 -7.152119  0.978286 0.186070 -0.091289  0.053801 0.798436 1 80 1.000000
0  -4.056980 -15.177279 -7.672565  0.978286 0.186070 -0.091289  0.053627 0.798803 1 80 1.000000
0  -4.168128 -14.612749 -7.713018  0.978286 0.186070 -0.091289  0.053499 0.798518 1 80 1.000000
lowpoly_plastic
0  -3.567250 -14.652117 -7.152119  -0.983122 -0.142046 -0.115303  0.053547 0.797369 1 80 1.000000
0  -3.613680 -14.040177 -7.510113  -0.983122 -0.142046 -0.115303  0.053842 0.797114 1 80 1.000000
0  -3.507154 -14.612749 -7.713018  -0.983122 -0.142046 -0.115303  0.053848 0.797451 1 80 1.000000
lowpoly_plastic
0  -3.620435 -15.177279 -7.672565  0.000000 0.071474 0.997442  0.053474 0.800360 1 80 1.000000
0  -4.168128 -14.612749 -7.713018  0.000000 0.071474 0.997442  0.053776 0.800049 1 80 1.000000
0  -4.056980 -15.177279 -7.672565  0.000000 0.071474 0.997442  0.053715 0.800360 1 80 1.000000
lowpoly_plastic
0  -3.507154 -14.612749 -7.713018  0.000000 -0.334021 0.942566  0.053411 0.800049 1 80 1.000000
0  -4.061603 -14.040177 -7.510113  0.000000 -0.334021 0.942566  0.053718 0.799730 1 80 1.000000
0  -4.168128 -14.612749 -7.713018  0.000000 -0.334021 0.942566  0.053776 0.800049 1 80 1.000000
lowpoly_plastic
0  -3.620435 -15.177279 -7.672565  0.000000 0.913035 0.407882  0.053722 0.797802 1 80 1.000000
0  -4.109065 -15.342807 -7.302042  0.000000 0.913035 0.407882  0.053499 0.798072 1 80 1.000000
0  -3.568022 -15.342807 -7.302042  0.000000 0.913035 0.407882  0.053499 0.797773 1 80 1.000000
lowpoly_plastic
0  -3.613680 -14.040177 -7.510113  0.000000 -0.933859 0.357642  0.053722 0.797773 1 80 1.000000
0  -3.932255 -13.934565 -7.234345  0.000000 -0.933859 0.357642  0.053866 0.797949 1 80 1.000000
0  -4.061603 -14.040177 -7.510113  0.000000 -0.933859 0.357642  0.053722 0.798020 1 80 1.000000
lowpoly_plastic
0  -3.654448 -13.977921 -7.177152  -0.488618 -0.866492 0.102193  0.053901 0.797795 1 80 1.000000
0  -3.743295 -13.934565 -7.234345  -0.488618 -0.866492 0.102193  0.053866 0.797844 1 80 1.000000
0  -3.613680 -14.040177 -7.510113  -0.488618 -0.866492 0.102193  0.053722 0.797773 1 80 1.000000
lowpoly_plastic
0  -3.932255 -13.934565 -7.234345  0.488781 -0.866360 0.102538  0.053866 0.797949 1 80 1.000000
0  -4.021101 -13.977921 -7.177152  0.488781 -0.866360 0.102538  0.053901 0.797998 1 80 1.000000
0  -4.061603 -14.040177 -7.510113  0.488781 -0.866360 0.102538  0.053722 0.798020 1 80 1.000000
lowpoly_plastic
0  -3.429191 -15.105806 -7.366422  1.000000 -0.000000 0.000000  0.052860 0.746693 1 80 1.000000
0  -3.429191 -14.748070 -8.497282  1.000000 -0.000000 0.000000  0.052866 0.747346 1 80 1.000000
0  -3.429191 -14.539154 -8.429697  1.000000 -0.000000 0.000000  0.052745 0.747346 1 80 1.000000
lowpoly_plastic
0  -3.998513 -13.514329 -13.084143  -0.001250 -0.301522 0.953458  0.796681 0.982726 1 80 1.000000
0  -4.069777 -13.557392 -13.097856  -0.001250 -0.301522 0.953458  0.796710 0.982726 1 80 1.000000
0  -3.998513 -13.560975 -13.098894  -0.001250 -0.301522 0.953458  0.796681 0.982726 1 80 1.000000
lowpoly_plastic
0  -3.986853 -13.321483 -13.693971  0.000000 0.301528 -0.953457  0.796675 0.983073 1 80 1.000000
0  -3.688843 -13.368129 -13.708722  0.000000 0.301528 -0.953457  0.796510 0.983073 1 80 1.000000
0  -3.986853 -13.368129 -13.708722  0.000000 0.301528 -0.953457  0.796675 0.983073 1 80 1.000000
lowpoly_plastic
0  -3.701580 -12.112170 -12.825850  -0.024337 0.950549 0.309621  0.054106 0.749957 1 80 1.000000
0  -3.743295 -13.934565 -7.234345  -0.024337 0.950549 0.309621  0.054083 0.746710 1 80 1.000000
0  -3.701580 -13.982059 -7.085258  -0.024337 0.950549 0.309621  0.054106 0.746624 1 80 1.000000
lowpoly_plastic
0  -3.677316 -13.514329 -13.084144  0.000000 -0.953462 -0.301514  0.054317 0.749913 1 80 1.000000
0  -3.624787 -13.514329 -13.084143  0.000000 -0.953462 -0.301514  0.054288 0.749913 1 80 1.000000
0  -3.568022 -15.342807 -7.302042  0.000000 -0.953462 -0.301514  0.054256 0.746624 1 80 1.000000
lowpoly_plastic
0  -3.964703 -12.112393 -12.825891  0.024341 0.950548 0.309623  0.053961 0.749957 1 80 1.000000
0  -3.973969 -13.982059 -7.085258  0.024341 0.950548 0.309623  0.053955 0.746624 1 80 1.000000
0  -3.932255 -13.934565 -7.234345  0.024341 0.950548 0.309623  0.053978 0.746710 1 80 1.000000
lowpoly_plastic
0  -4.186698 -14.716423 -8.821532  -0.830429 -0.528747 -0.175541  0.053122 0.747523 1 80 1.000000
0  -4.051042 -13.514329 -13.084143  -0.830429 -0.528747 -0.175541  0.053021 0.749965 1 80 1.000000
0  -4.109065 -15.342807 -7.302042  -0.830429 -0.528747 -0.175541  0.053051 0.746624 1 80 1.000000
lowpoly_plastic
0  -3.710847 -12.112393 -12.825891  0.000000 0.950788 0.309842  0.054101 0.749957 1 80 1.000000
0  -3.932255 -13.934565 -7.234345  0.000000 0.950788 0.309842  0.053978 0.746710 1 80 1.000000
0  -3.743295 -13.934565 -7.234345  0.000000 0.950788 0.309842  0.054083 0.746710 1 80 1.000000
lowpoly_plastic
0  -3.710847 -12.112393 -12.825891  0.003591 -0.309717 0.950822  0.796288 0.982770 1 80 1.000000
0  -3.702160 -12.065657 -12.810697  0.003591 -0.309717 0.950822  0.796293 0.982770 1 80 1.000000
0  -3.711439 -12.065880 -12.810738  0.003591 -0.309717 0.950822  0.796288 0.982770 1 80 1.000000
lowpoly_plastic
0  -4.246358 -11.906954 -13.456283  -0.153137 0.171238 -0.973256  0.795992 0.983241 1 80 1.000000
0  -4.292288 -13.131158 -13.664455  -0.153137 0.171238 -0.973256  0.795324 0.983140 1 80 1.000000
0  -4.279207 -11.872481 -13.445051  -0.153137 0.171238 -0.973256  0.795992 0.983241 1 80 1.000000
lowpoly_plastic
0  -3.998513 -13.514329 -13.084143  0.000000 -0.953462 -0.301514  0.054494 0.749913 1 80 1.000000
0  -3.568022 -15.342807 -7.302042  0.000000 -0.953462 -0.301514  0.054256 0.746624 1 80 1.000000
0  -4.109065 -15.342807 -7.302042  0.000000 -0.953462 -0.301514  0.054555 0.746624 1 80 1.000000
lowpoly_plastic
0  -3.677316 -13.514329 -13.084144  0.000000 -0.301512 0.953462  0.796504 0.982726 1 80 1.000000
0  -3.998513 -13.560975 -13.098894  0.000000 -0.301512 0.953462  0.796681 0.982726 1 80 1.000000
0  -3.677316 -13.560975 -13.098895  0.000000 -0.301512 0.953462  0.796504 0.982726 1 80 1.000000
lowpoly_plastic
0  -3.707188 -11.906961 -13.456285  0.000000 0.309768 -0.950812  0.796290 0.983136 1 80 1.000000
0  -3.967764 -11.860448 -13.441131  0.000000 0.309768 -0.950812  0.796146 0.983136 1 80 1.000000
0  -3.707786 -11.860448 -13.441131  0.000000 0.309768 -0.950812  0.796290 0.983136 1 80 1.000000
lowpoly_plastic
0  -4.246358 -13.115116 -13.659294  -1.000000 -0.000000 0.000000  0.053136 0.750327 1 80 1.000000
0  -4.246358 -11.592022 -14.422712  -1.000000 -0.000000 0.000000  0.053805 0.750989 1 80 1.000000
0  -4.246358 -12.888464 -14.375774  -1.000000 -0.000000 0.000000  0.053133 0.750741 1 80 1.000000
lowpoly_plastic
0  -4.246358 -12.112381 -12.825888  0.000099 -0.309703 0.950833  0.795992 0.982770 1 80 1.000000
0  -3.973390 -12.065657 -12.810697  0.000099 -0.309703 0.950833  0.796143 0.982770 1 80 1.000000
0  -4.282337 -12.080860 -12.815618  0.000099 -0.309703 0.950833  0.795992 0.982770 1 80 1.000000
lowpoly_plastic
0  -3.429191 -13.115116 -13.659294  0.705553 -0.675656 -0.213739  0.052892 0.750328 1 80 1.000000
0  -3.637389 -13.108394 -14.367811  0.705553 -0.675656 -0.213739  0.053014 0.750708 1 80 1.000000
0  -3.429191 -12.888464 -14.375774  0.705553 -0.675656 -0.213739  0.052895 0.750742 1 80 1.000000
lowpoly_plastic
0  -3.429191 -13.115116 -13.659294  -0.050898 0.170987 -0.983958  0.795079 0.983140 1 80 1.000000
0  -3.396343 -11.872481 -13.445051  -0.050898 0.170987 -0.983958  0.794411 0.983242 1 80 1.000000
0  -3.383266 -13.131169 -13.664457  -0.050898 0.170987 -0.983958  0.795079 0.983140 1 80 1.000000
lowpoly_plastic
0  -3.986853 -13.321483 -13.693971  0.000000 -0.953461 -0.301516  0.054488 0.750260 1 80 1.000000
0  -4.038160 -13.108394 -14.367811  0.000000 -0.953461 -0.301516  0.054516 0.750644 1 80 1.000000
0  -3.973969 -13.108394 -14.367811  0.000000 -0.953461 -0.301516  0.054480 0.750644 1 80 1.000000
lowpoly_plastic
0  -3.429191 -13.309024 -13.046323  0.035542 -0.227213 0.973196  0.795076 0.982786 1 80 1.000000
0  -3.606065 -13.557398 -13.097856  0.035542 -0.227213 0.973196  0.795195 0.982778 1 80 1.000000
0  -3.384323 -13.327590 -13.052295  0.035542 -0.227213 0.973196  0.795076 0.982786 1 80 1.000000
lowpoly_plastic
0  -4.246358 -11.906954 -13.456283  0.000000 0.950790 0.309835  0.053805 0.750323 1 80 1.000000
0  -3.973969 -11.592022 -14.422712  0.000000 0.950790 0.309835  0.053955 0.750885 1 80 1.000000
0  -4.246358 -11.592022 -14.422712  0.000000 0.950790 0.309835  0.053805 0.750885 1 80 1.000000
lowpoly_plastic
0  -3.973969 -11.906825 -13.456263  -0.000076 0.309757 -0.950816  0.796143 0.983136 1 80 1.000000
0  -4.279207 -11.872481 -13.445051  -0.000076 0.309757 -0.950816  0.795992 0.983136 1 80 1.000000
0  -3.973391 -11.860312 -13.441110  -0.000076 0.309757 -0.950816  0.796143 0.983136 1 80 1.000000
lowpoly_plastic
0  -3.701580 -12.112170 -12.825850  -0.000095 -0.309754 0.950817  0.796293 0.982770 1 80 1.000000
0  -3.393213 -12.080860 -12.815618  -0.000095 -0.309754 0.950817  0.796444 0.982770 1 80 1.000000
0  -3.702160 -12.065657 -12.810697  -0.000095 -0.309754 0.950817  0.796293 0.982770 1 80 1.000000
lowpoly_plastic
0  -4.246358 -13.309024 -13.046323  -0.053678 -0.185868 0.981107  0.795327 0.982785 1 80 1.000000
0  -4.282337 -12.080860 -12.815618  -0.053678 -0.185868 0.981107  0.795992 0.982876 1 80 1.000000
0  -4.291232 -13.327578 -13.052293  -0.053678 -0.185868 0.981107  0.795327 0.982785 1 80 1.000000
lowpoly_plastic
0  -3.701580 -11.906825 -13.456263  0.000000 0.950829 0.309716  0.054106 0.750323 1 80 1.000000
0  -3.429191 -11.592022 -14.422712  0.000000 0.950829 0.309716  0.054256 0.750885 1 80 1.000000
0  -3.701580 -11.592022 -14.422712  0.000000 0.950829 0.309716  0.054106 0.750885 1 80 1.000000
lowpoly_plastic
0  -3.702160 -12.065657 -12.810697  0.041793 0.949999 0.309443  0.865043 0.985895 1 80 1.000000
0  -3.396343 -11.872481 -13.445051  0.041793 0.949999 0.309443  0.865194 0.986261 1 80 1.000000
0  -3.702159 -11.860312 -13.441110  0.041793 0.949999 0.309443  0.865043 0.986261 1 80 1.000000
lowpoly_plastic
0  -4.282337 -12.080860 -12.815618  -0.041792 0.948562 0.313821  0.864742 0.985895 1 80 1.000000
0  -3.973391 -11.860312 -13.441110  -0.041792 0.948562 0.313821  0.864893 0.986261 1 80 1.000000
0  -4.279207 -11.872481 -13.445051  -0.041792 0.948562 0.313821  0.864742 0.986261 1 80 1.000000
lowpoly_plastic
0  -4.291232 -13.327578 -13.052293  -0.999943 0.009557 0.004792  0.864077 0.985910 1 80 1.000000
0  -4.279207 -11.872481 -13.445051  -0.999943 0.009557 0.004792  0.864742 0.986366 1 80 1.000000
0  -4.292288 -13.131158 -13.664455  -0.999943 0.009557 0.004792  0.864074 0.986265 1 80 1.000000
lowpoly_plastic
0  -3.384323 -13.327590 -13.052295  0.718096 -0.663028 -0.211501  0.863826 0.985911 1 80 1.000000
0  -3.611082 -13.364156 -13.707562  0.718096 -0.663028 -0.211501  0.863948 0.986256 1 80 1.000000
0  -3.383266 -13.131169 -13.664457  0.718096 -0.663028 -0.211501  0.863829 0.986265 1 80 1.000000
lowpoly_plastic
0  -3.998513 -13.560975 -13.098894  -0.053190 -0.951820 -0.302009  0.865431 0.985851 1 80 1.000000
0  -4.064624 -13.364151 -13.707564  -0.053190 -0.951820 -0.302009  0.865457 0.986198 1 80 1.000000
0  -3.986853 -13.368129 -13.708722  -0.053190 -0.951820 -0.302009  0.865425 0.986198 1 80 1.000000
lowpoly_plastic
0  -3.383266 -13.131169 -13.664457  0.999972 0.006411 0.003785  0.863829 0.986265 1 80 1.000000
0  -3.393213 -12.080860 -12.815618  0.999972 0.006411 0.003785  0.863161 0.986002 1 80 1.000000
0  -3.384323 -13.327590 -13.052295  0.999972 0.006411 0.003785  0.863826 0.985911 1 80 1.000000
lowpoly_plastic
0  -3.688843 -13.368129 -13.708722  0.052192 -0.951877 -0.302004  0.865260 0.986198 1 80 1.000000
0  -3.606065 -13.557398 -13.097856  0.052192 -0.951877 -0.302004  0.865225 0.985851 1 80 1.000000
0  -3.677316 -13.560975 -13.098895  0.052192 -0.951877 -0.302004  0.865254 0.985851 1 80 1.000000
lowpoly_plastic
0  -3.702159 -11.860312 -13.441110  -0.024190 0.950549 0.309630  0.865043 0.986261 1 80 1.000000
0  -3.711439 -12.065880 -12.810738  -0.024190 0.950549 0.309630  0.865038 0.985895 1 80 1.000000
0  -3.702160 -12.065657 -12.810697  -0.024190 0.950549 0.309630  0.865043 0.985895 1 80 1.000000
lowpoly_plastic
0  -3.967764 -11.860448 -13.441131  0.024268 0.950546 0.309634  0.864896 0.986261 1 80 1.000000
0  -3.973390 -12.065657 -12.810697  0.024268 0.950546 0.309634  0.864893 0.985895 1 80 1.000000
0  -3.964111 -12.065880 -12.810738  0.024268 0.950546 0.309634  0.864898 0.985895 1 80 1.000000
lowpoly_plastic
0  -3.707786 -11.860448 -13.441131  0.000000 0.950788 0.309843  0.865040 0.986261 1 80 1.000000
0  -3.964111 -12.065880 -12.810738  0.000000 0.950788 0.309843  0.864898 0.985895 1 80 1.000000
0  -3.711439 -12.065880 -12.810738  0.000000 0.950788 0.309843  0.865038 0.985895 1 80 1.000000
lowpoly_plastic
0  -3.986853 -13.368129 -13.708722  0.000000 -0.953461 -0.301516  0.865425 0.986198 1 80 1.000000
0  -3.677316 -13.560975 -13.098895  0.000000 -0.953461 -0.301516  0.865254 0.985851 1 80 1.000000
0  -3.998513 -13.560975 -13.098894  0.000000 -0.953461 -0.301516  0.865431 0.985851 1 80 1.000000
lowpoly_plastic
0  -4.292288 -13.131158 -13.664455  -0.724529 -0.656651 -0.209444  0.864074 0.986265 1 80 1.000000
0  -4.069777 -13.557392 -13.097856  -0.724529 -0.656651 -0.209444  0.863958 0.985903 1 80 1.000000
0  -4.291232 -13.327578 -13.052293  -0.724529 -0.656651 -0.209444  0.864077 0.985910 1 80 1.000000
lowpoly_plastic
0  -3.688843 -13.321483 -13.693971  -0.001189 0.301519 -0.953460  0.796510 0.983073 1 80 1.000000
0  -3.611082 -13.364156 -13.707562  -0.001189 0.301519 -0.953460  0.796478 0.983073 1 80 1.000000
0  -3.688843 -13.368129 -13.708722  -0.001189 0.301519 -0.953460  0.796510 0.983073 1 80 1.000000
lowpoly_plastic
0  -3.624787 -13.514329 -13.084143  0.001307 -0.302873 0.953030  0.796475 0.982726 1 80 1.000000
0  -3.677316 -13.560975 -13.098895  0.001307 -0.302873 0.953030  0.796504 0.982726 1 80 1.000000
0  -3.606065 -13.557398 -13.097856  0.001307 -0.302873 0.953030  0.796475 0.982726 1 80 1.000000
lowpoly_plastic
0  -4.246358 -13.115116 -13.659294  0.034794 0.214559 -0.976091  0.795324 0.983140 1 80 1.000000
0  -4.064624 -13.364151 -13.707564  0.034794 0.214559 -0.976091  0.795205 0.983130 1 80 1.000000
0  -4.292288 -13.131158 -13.664455  0.034794 0.214559 -0.976091  0.795324 0.983140 1 80 1.000000
lowpoly_plastic
0  -3.630774 -13.321483 -13.693971  -0.089048 0.264738 -0.960200  0.795198 0.983131 1 80 1.000000
0  -3.383266 -13.131169 -13.664457  -0.089048 0.264738 -0.960200  0.795079 0.983140 1 80 1.000000
0  -3.611082 -13.364156 -13.707562  -0.089048 0.264738 -0.960200  0.795198 0.983131 1 80 1.000000
lowpoly_plastic
0  -3.973969 -12.112170 -12.825850  -0.003328 -0.309696 0.950830  0.796143 0.982770 1 80 1.000000
0  -3.964111 -12.065880 -12.810738  -0.003328 -0.309696 0.950830  0.796148 0.982770 1 80 1.000000
0  -3.973390 -12.065657 -12.810697  -0.003328 -0.309696 0.950830  0.796143 0.982770 1 80 1.000000
lowpoly_plastic
0  -3.429191 -11.906954 -13.456283  0.000067 0.309710 -0.950831  0.796444 0.983136 1 80 1.000000
0  -3.702159 -11.860312 -13.441110  0.000067 0.309710 -0.950831  0.796293 0.983136 1 80 1.000000
0  -3.396343 -11.872481 -13.445051  0.000067 0.309710 -0.950831  0.796444 0.983136 1 80 1.000000
lowpoly_plastic
0  -3.701580 -11.906825 -13.456263  -0.004640 0.309733 -0.950812  0.796293 0.983136 1 80 1.000000
0  -3.707786 -11.860448 -13.441131  -0.004640 0.309733 -0.950812  0.796290 0.983136 1 80 1.000000
0  -3.702159 -11.860312 -13.441110  -0.004640 0.309733 -0.950812  0.796293 0.983136 1 80 1.000000
lowpoly_plastic
0  -4.051042 -13.514329 -13.084143  -0.082428 -0.269649 0.959424  0.795208 0.982778 1 80 1.000000
0  -4.291232 -13.327578 -13.052293  -0.082428 -0.269649 0.959424  0.795327 0.982785 1 80 1.000000
0  -4.069777 -13.557392 -13.097856  -0.082428 -0.269649 0.959424  0.795208 0.982778 1 80 1.000000
lowpoly_plastic
0  -4.044922 -13.321483 -13.693972  0.001292 0.302987 -0.952994  0.796707 0.983073 1 80 1.000000
0  -3.986853 -13.368129 -13.708722  0.001292 0.302987 -0.952994  0.796675 0.983073 1 80 1.000000
0  -4.064624 -13.364151 -13.707564  0.001292 0.302987 -0.952994  0.796707 0.983073 1 80 1.000000
lowpoly_plastic
0  -3.964703 -12.112393 -12.825891  0.000000 -0.309772 0.950811  0.796148 0.982770 1 80 1.000000
0  -3.711439 -12.065880 -12.810738  0.000000 -0.309772 0.950811  0.796288 0.982770 1 80 1.000000
0  -3.964111 -12.065880 -12.810738  0.000000 -0.309772 0.950811  0.796148 0.982770 1 80 1.000000
lowpoly_plastic
0  -3.429191 -12.112381 -12.825888  -0.115533 -0.186053 0.975724  0.794411 0.982877 1 80 1.000000
0  -3.384323 -13.327590 -13.052295  -0.115533 -0.186053 0.975724  0.795076 0.982786 1 80 1.000000
0  -3.393213 -12.080860 -12.815618  -0.115533 -0.186053 0.975724  0.794411 0.982877 1 80 1.000000
lowpoly_plastic
0  -3.968361 -11.906961 -13.456285  0.003774 0.309741 -0.950813  0.796146 0.983136 1 80 1.000000
0  -3.973391 -11.860312 -13.441110  0.003774 0.309741 -0.950813  0.796143 0.983136 1 80 1.000000
0  -3.967764 -11.860448 -13.441131  0.003774 0.309741 -0.950813  0.796146 0.983136 1 80 1.000000
lowpoly_plastic
0  -3.637389 -13.108394 -14.367811  0.000000 0.036195 0.999345  0.018262 0.763527 1 76 1.000000
0  -3.701581 -13.108394 -14.367811  0.000000 0.036195 0.999345  0.018297 0.763527 1 76 1.000000
0  -3.701581 -13.163874 -14.365802  0.000000 0.036195 0.999345  0.018297 0.763558 1 76 1.000000
lowpoly_plastic
0  -4.246359 -12.935904 -15.109928  0.000000 -0.417766 -0.908555  0.006133 0.763355 1 76 1.000000
0  -3.973970 -12.935904 -15.109928  0.000000 -0.417766 -0.908555  0.006283 0.763355 1 76 1.000000
0  -3.973970 -13.144286 -15.014112  0.000000 -0.417766 -0.908555  0.006283 0.763436 1 76 1.000000
lowpoly_plastic
0  -4.246359 -14.748070 -8.497282  -1.000000 0.000000 0.000000  0.053162 0.747346 1 76 1.000000
0  -4.246359 -15.105806 -7.366423  -1.000000 0.000000 0.000000  0.053168 0.746692 1 76 1.000000
0  -4.246359 -14.539154 -8.429697  -1.000000 0.000000 0.000000  0.053283 0.747346 1 76 1.000000
lowpoly_plastic
0  -4.246359 -15.105806 -7.366423  -1.000000 0.000000 0.000000  0.053168 0.746692 1 76 1.000000
0  -4.246359 -14.629436 -7.200296  -1.000000 0.000000 0.000000  0.053446 0.746688 1 76 1.000000
0  -4.246359 -14.539154 -8.429697  -1.000000 0.000000 0.000000  0.053283 0.747346 1 76 1.000000
lowpoly_plastic
0  -4.246359 -14.629436 -7.200296  -1.000000 0.000001 0.000000  0.053446 0.746688 1 76 1.000000
0  -4.246359 -13.937276 -7.225836  -1.000000 0.000001 0.000000  0.053805 0.746820 1 76 1.000000
0  -4.246359 -14.539154 -8.429697  -1.000000 0.000001 0.000000  0.053283 0.747346 1 76 1.000000
lowpoly_plastic
0  -4.246359 -13.937276 -7.225836  -1.000000 0.000000 0.000000  0.053805 0.746820 1 76 1.000000
0  -4.246359 -11.592022 -14.422712  -1.000000 0.000000 0.000000  0.053805 0.750989 1 76 1.000000
0  -4.246359 -14.441198 -8.732496  -1.000000 0.000000 0.000000  0.053283 0.747521 1 76 1.000000
lowpoly_plastic
0  -4.246359 -14.539154 -8.429697  -1.000000 0.000000 0.000000  0.053283 0.747346 1 76 1.000000
0  -4.246359 -13.937276 -7.225836  -1.000000 0.000000 0.000000  0.053805 0.746820 1 76 1.000000
0  -4.246359 -14.441198 -8.732496  -1.000000 0.000000 0.000000  0.053283 0.747521 1 76 1.000000
lowpoly_plastic
0  -4.246359 -11.592022 -14.422712  -1.000000 0.000001 0.000000  0.053805 0.750989 1 76 1.000000
0  -4.246359 -12.888464 -14.375773  -1.000000 0.000001 0.000000  0.053133 0.750741 1 76 1.000000
0  -4.246359 -14.441198 -8.732496  -1.000000 0.000001 0.000000  0.053283 0.747521 1 76 1.000000
lowpoly_plastic
0  -3.701581 -13.108394 -14.367811  0.000000 -0.953462 -0.301514  0.054330 0.750644 1 76 1.000000
0  -3.568022 -15.342807 -7.302042  0.000000 -0.953462 -0.301514  0.054256 0.746624 1 76 1.000000
0  -4.109065 -15.342807 -7.302042  0.000000 -0.953462 -0.301514  0.054555 0.746624 1 76 1.000000
lowpoly_plastic
0  -3.429192 -12.888464 -14.375773  0.000000 0.036183 0.999345  0.018147 0.763406 1 76 1.000000
0  -3.389935 -13.147624 -14.366390  0.000000 0.036183 0.999345  0.018125 0.763549 1 76 1.000000
0  -3.389935 -11.552792 -14.424133  0.000000 0.036183 0.999345  0.018125 0.762670 1 76 1.000000
lowpoly_plastic
0  -3.701581 -11.656617 -14.703101  0.000000 0.628958 -0.777439  0.006434 0.762622 1 76 1.000000
0  -3.973970 -11.656617 -14.703101  0.000000 0.628958 -0.777439  0.006283 0.762622 1 76 1.000000
0  -3.973970 -11.498942 -14.575541  0.000000 0.628958 -0.777439  0.006283 0.762513 1 76 1.000000
lowpoly_plastic
0  -4.038161 -13.108394 -14.367811  -0.000004 0.036192 0.999345  0.018483 0.763527 1 76 1.000000
0  -4.285579 -13.147589 -14.366392  -0.000004 0.036192 0.999345  0.018620 0.763549 1 76 1.000000
0  -3.973970 -13.163874 -14.365802  -0.000004 0.036192 0.999345  0.018448 0.763558 1 76 1.000000
lowpoly_plastic
0  -3.701581 -11.592022 -14.422712  0.003516 0.950824 0.309713  0.054106 0.750885 1 76 1.000000
0  -3.701581 -13.982059 -7.085258  0.003516 0.950824 0.309713  0.054106 0.746624 1 76 1.000000
0  -3.429192 -13.937276 -7.225836  0.003516 0.950824 0.309713  0.054256 0.746705 1 76 1.000000
lowpoly_plastic
0  -3.701581 -13.982059 -7.085258  0.000000 0.952820 0.303536  0.054106 0.746624 1 76 1.000000
0  -3.568022 -13.982059 -7.085258  0.000000 0.952820 0.303536  0.054180 0.746624 1 76 1.000000
0  -3.429192 -13.937276 -7.225836  0.000000 0.952820 0.303536  0.054256 0.746705 1 76 1.000000
lowpoly_plastic
0  -4.246359 -11.592022 -14.422712  0.000000 0.950790 0.309835  0.053805 0.750885 1 76 1.000000
0  -4.246359 -13.937276 -7.225836  0.000000 0.950790 0.309835  0.053805 0.746705 1 76 1.000000
0  -3.973970 -11.592022 -14.422712  0.000000 0.950790 0.309835  0.053955 0.750885 1 76 1.000000
lowpoly_plastic
0  -4.246359 -13.937276 -7.225836  0.000000 0.952816 0.303548  0.053805 0.746705 1 76 1.000000
0  -4.107528 -13.982059 -7.085258  0.000000 0.952816 0.303548  0.053882 0.746624 1 76 1.000000
0  -3.973970 -13.982059 -7.085258  0.000000 0.952816 0.303548  0.053955 0.746624 1 76 1.000000
lowpoly_plastic
0  -3.973970 -11.592022 -14.422712  0.000000 0.950788 0.309843  0.053955 0.750885 1 76 1.000000
0  -3.932255 -13.934565 -7.234345  0.000000 0.950788 0.309843  0.053978 0.746710 1 76 1.000000
0  -3.743295 -13.934565 -7.234345  0.000000 0.950788 0.309843  0.054083 0.746710 1 76 1.000000
lowpoly_plastic
0  -3.701581 -11.656617 -14.703101  0.000000 0.303056 -0.952973  0.018448 0.761847 1 76 1.000000
0  -3.429192 -11.656617 -14.703101  0.000000 0.303056 -0.952973  0.018598 0.761847 1 76 1.000000
0  -3.429192 -12.935904 -15.109928  0.000000 0.303056 -0.952973  0.018598 0.762580 1 76 1.000000
lowpoly_plastic
0  -4.246359 -11.656617 -14.703101  0.000000 0.303056 -0.952973  0.018147 0.761847 1 76 1.000000
0  -3.973970 -11.656617 -14.703101  0.000000 0.303056 -0.952973  0.018297 0.761847 1 76 1.000000
0  -3.973970 -12.935904 -15.109928  0.000000 0.303056 -0.952973  0.018297 0.762580 1 76 1.000000
lowpoly_plastic
0  -3.973970 -11.656617 -14.703101  0.000000 0.303056 -0.952973  0.018297 0.761847 1 76 1.000000
0  -3.701581 -11.656617 -14.703101  0.000000 0.303056 -0.952973  0.018448 0.761847 1 76 1.000000
0  -3.701581 -12.935904 -15.109928  0.000000 0.303056 -0.952973  0.018448 0.762580 1 76 1.000000
lowpoly_plastic
0  -3.973970 -11.592022 -14.422712  0.000000 0.036177 0.999345  0.018448 0.762691 1 76 1.000000
0  -3.701581 -11.592022 -14.422712  0.000000 0.036177 0.999345  0.018297 0.762691 1 76 1.000000
0  -3.701581 -11.536542 -14.424721  0.000000 0.036177 0.999345  0.018297 0.762661 1 76 1.000000
lowpoly_plastic
0  -3.429192 -11.656617 -14.703101  0.000000 0.628959 -0.777439  0.006584 0.762622 1 76 1.000000
0  -3.701581 -11.656617 -14.703101  0.000000 0.628959 -0.777439  0.006434 0.762622 1 76 1.000000
0  -3.701581 -11.498942 -14.575541  0.000000 0.628959 -0.777439  0.006434 0.762513 1 76 1.000000
lowpoly_plastic
0  -3.701581 -11.592022 -14.422712  0.000000 0.036198 0.999345  0.018297 0.762691 1 76 1.000000
0  -3.429192 -11.592022 -14.422712  0.000000 0.036198 0.999345  0.018147 0.762691 1 76 1.000000
0  -3.389935 -11.552792 -14.424133  0.000000 0.036198 0.999345  0.018125 0.762670 1 76 1.000000
lowpoly_plastic
0  -3.701581 -12.935904 -15.109928  0.000000 -0.444081 -0.895987  0.006434 0.763355 1 76 1.000000
0  -3.429192 -12.935904 -15.109928  0.000000 -0.444081 -0.895987  0.006584 0.763355 1 76 1.000000
0  -3.389935 -13.128036 -15.014700  0.000000 -0.444081 -0.895987  0.006606 0.763428 1 76 1.000000
lowpoly_plastic
0  -4.285614 -11.552792 -14.424133  -0.050076 0.969089 0.241577  0.006883 0.765733 1 76 1.000000
0  -3.973970 -11.536542 -14.424721  -0.050076 0.969089 0.241577  0.006886 0.765561 1 76 1.000000
0  -3.973970 -11.498942 -14.575541  -0.050076 0.969089 0.241577  0.006972 0.765561 1 76 1.000000
lowpoly_plastic
0  -3.389935 -13.147624 -14.366390  0.051990 -0.998192 -0.030159  0.006468 0.765238 1 76 1.000000
0  -3.701581 -13.163874 -14.365802  0.051990 -0.998192 -0.030159  0.006470 0.765410 1 76 1.000000
0  -3.701581 -13.144286 -15.014112  0.051990 -0.998192 -0.030159  0.006113 0.765410 1 76 1.000000
lowpoly_plastic
0  -3.973970 -11.536542 -14.424721  0.000000 0.970303 0.241892  0.006886 0.765561 1 76 1.000000
0  -3.701581 -11.536542 -14.424721  0.000000 0.970303 0.241892  0.006886 0.765410 1 76 1.000000
0  -3.701581 -11.498942 -14.575541  0.000000 0.970303 0.241892  0.006972 0.765410 1 76 1.000000
lowpoly_plastic
0  -3.973970 -13.163874 -14.365802  -0.052109 -0.998188 -0.030102  0.006470 0.765561 1 76 1.000000
0  -4.285579 -13.147589 -14.366392  -0.052109 -0.998188 -0.030102  0.006468 0.765733 1 76 1.000000
0  -4.285614 -13.128036 -15.014700  -0.052109 -0.998188 -0.030102  0.006111 0.765733 1 76 1.000000
lowpoly_plastic
0  -3.701581 -11.536542 -14.424721  0.050074 0.969086 0.241589  0.006886 0.765410 1 76 1.000000
0  -3.389935 -11.552792 -14.424133  0.050074 0.969086 0.241589  0.006883 0.765238 1 76 1.000000
0  -3.389935 -11.515192 -14.574951  0.050074 0.969086 0.241589  0.006969 0.765238 1 76 1.000000
lowpoly_plastic
0  -3.389935 -11.552792 -14.424133  1.000000 -0.000000 0.000000  0.006111 0.765214 1 76 1.000000
0  -3.389935 -13.147624 -14.366390  1.000000 -0.000000 0.000000  0.006111 0.764333 1 76 1.000000
0  -3.389935 -13.128036 -15.014700  1.000000 -0.000000 0.000000  0.006468 0.764357 1 76 1.000000
lowpoly_plastic
0  -4.285579 -13.147589 -14.366392  -1.000000 -0.000022 -0.000006  0.006924 0.764333 1 76 1.000000
0  -4.285614 -11.552792 -14.424133  -1.000000 -0.000022 -0.000006  0.006924 0.765214 1 76 1.000000
0  -4.285614 -11.515192 -14.574951  -1.000000 -0.000022 -0.000006  0.006842 0.765238 1 76 1.000000
lowpoly_plastic
0  -3.701581 -13.163874 -14.365802  0.000000 -0.999544 -0.030202  0.006470 0.765410 1 76 1.000000
0  -3.973970 -13.163874 -14.365802  0.000000 -0.999544 -0.030202  0.006470 0.765561 1 76 1.000000
0  -3.973970 -13.144286 -15.014112  0.000000 -0.999544 -0.030202  0.006113 0.765561 1 76 1.000000
lowpoly_plastic
0  -3.701581 -13.108394 -14.367811  0.000000 0.036195 0.999345  0.018297 0.763527 1 76 1.000000
0  -3.973970 -13.108394 -14.367811  0.000000 0.036195 0.999345  0.018448 0.763527 1 76 1.000000
0  -3.973970 -13.163874 -14.365802  0.000000 0.036195 0.999345  0.018448 0.763558 1 76 1.000000
lowpoly_plastic
0  -3.973970 -12.935904 -15.109928  0.000000 -0.417767 -0.908554  0.006283 0.763355 1 76 1.000000
0  -3.701581 -12.935904 -15.109928  0.000000 -0.417767 -0.908554  0.006434 0.763355 1 76 1.000000
0  -3.701581 -13.144286 -15.014112  0.000000 -0.417767 -0.908554  0.006434 0.763436 1 76 1.000000
lowpoly_plastic
0  -4.246359 -11.656617 -14.703101  -0.966994 0.077217 -0.242816  0.006767 0.765162 1 76 1.000000
0  -4.246359 -12.935904 -15.109928  -0.966994 0.077217 -0.242816  0.006518 0.764465 1 76 1.000000
0  -4.285614 -13.128036 -15.014700  -0.966994 0.077217 -0.242816  0.006568 0.764357 1 76 1.000000
lowpoly_plastic
0  -4.246359 -11.592022 -14.422712  0.000000 0.036177 0.999345  0.018598 0.762691 1 76 1.000000
0  -3.973970 -11.592022 -14.422712  0.000000 0.036177 0.999345  0.018448 0.762691 1 76 1.000000
0  -3.973970 -11.536542 -14.424721  0.000000 0.036177 0.999345  0.018448 0.762661 1 76 1.000000
lowpoly_plastic
0  -3.973970 -11.656617 -14.703101  0.000000 0.671474 -0.741028  0.006283 0.762622 1 76 1.000000
0  -4.246359 -11.656617 -14.703101  0.000000 0.671474 -0.741028  0.006133 0.762622 1 76 1.000000
0  -4.285614 -11.515192 -14.574951  0.000000 0.671474 -0.741028  0.006111 0.762521 1 76 1.000000
lowpoly_plastic
0  -3.429192 -14.652081 -8.800717  1.000000 0.000000 0.000000  0.052868 0.747521 1 76 1.000000
0  -3.429192 -12.888464 -14.375773  1.000000 0.000000 0.000000  0.052895 0.750742 1 76 1.000000
0  -3.429192 -14.441198 -8.732496  1.000000 0.000000 0.000000  0.052745 0.747522 1 76 1.000000
lowpoly_plastic
0  -3.429192 -12.888464 -14.375773  1.000000 -0.000001 0.000000  0.052895 0.750742 1 76 1.000000
0  -3.429192 -11.592022 -14.422712  1.000000 -0.000001 0.000000  0.052223 0.750989 1 76 1.000000
0  -3.429192 -14.441198 -8.732496  1.000000 -0.000001 0.000000  0.052745 0.747522 1 76 1.000000
lowpoly_plastic
0  -3.429192 -11.592022 -14.422712  1.000000 0.000000 0.000000  0.052223 0.750989 1 76 1.000000
0  -3.429192 -13.937276 -7.225836  1.000000 0.000000 0.000000  0.052223 0.746820 1 76 1.000000
0  -3.429192 -14.441198 -8.732496  1.000000 0.000000 0.000000  0.052745 0.747522 1 76 1.000000
lowpoly_plastic
0  -3.429192 -13.937276 -7.225836  1.000000 0.000000 0.000000  0.052223 0.746820 1 76 1.000000
0  -3.429192 -14.629436 -7.200296  1.000000 0.000000 0.000000  0.052582 0.746688 1 76 1.000000
0  -3.429192 -14.539154 -8.429697  1.000000 0.000000 0.000000  0.052745 0.747346 1 76 1.000000
lowpoly_plastic
0  -3.429192 -14.441198 -8.732496  1.000000 0.000003 0.000000  0.052745 0.747522 1 76 1.000000
0  -3.429192 -13.937276 -7.225836  1.000000 0.000003 0.000000  0.052223 0.746820 1 76 1.000000
0  -3.429192 -14.539154 -8.429697  1.000000 0.000003 0.000000  0.052745 0.747346 1 76 1.000000
lowpoly_plastic
0  -3.429192 -14.629436 -7.200296  1.000000 -0.000001 0.000000  0.052582 0.746688 1 76 1.000000
0  -3.429192 -15.105806 -7.366423  1.000000 -0.000001 0.000000  0.052860 0.746693 1 76 1.000000
0  -3.429192 -14.539154 -8.429697  1.000000 -0.000001 0.000000  0.052745 0.747346 1 76 1.000000
lowpoly_plastic
0  -3.429192 -12.935904 -15.109928  0.896126 0.134496 -0.422930  0.006518 0.764465 1 76 1.000000
0  -3.429192 -11.656617 -14.703101  0.896126 0.134496 -0.422930  0.006269 0.765162 1 76 1.000000
0  -3.389935 -11.515192 -14.574951  0.896126 0.134496 -0.422930  0.006194 0.765238 1 76 1.000000
lowpoly_plastic
0  -4.246359 -12.888464 -14.375773  -0.705553 -0.675656 -0.213737  0.053133 0.750741 1 76 1.000000
0  -4.038161 -13.108394 -14.367811  -0.705553 -0.675656 -0.213737  0.053014 0.750707 1 76 1.000000
0  -4.246359 -14.652081 -8.800717  -0.705553 -0.675656 -0.213737  0.053161 0.747521 1 76 1.000000
lowpoly_plastic
0  -4.038161 -13.108394 -14.367811  -0.830426 -0.528751 -0.175540  0.053014 0.750707 1 76 1.000000
0  -4.109065 -15.342807 -7.302042  -0.830426 -0.528751 -0.175540  0.053051 0.746624 1 76 1.000000
0  -4.186698 -14.716423 -8.821532  -0.830426 -0.528751 -0.175540  0.053122 0.747523 1 76 1.000000
lowpoly_plastic
0  -4.109065 -15.342807 -7.302042  -0.830427 -0.528750 -0.175540  0.053051 0.746624 1 76 1.000000
0  -4.246359 -15.105806 -7.366423  -0.830427 -0.528750 -0.175540  0.053168 0.746692 1 76 1.000000
0  -4.186698 -14.816700 -8.519485  -0.830427 -0.528750 -0.175540  0.053121 0.747348 1 76 1.000000
lowpoly_plastic
0  -4.246359 -15.105806 -7.366423  -0.705545 -0.675663 -0.213740  0.053168 0.746692 1 76 1.000000
0  -4.246359 -14.748070 -8.497282  -0.705545 -0.675663 -0.213740  0.053162 0.747346 1 76 1.000000
0  -4.212421 -14.780218 -8.507682  -0.705545 -0.675663 -0.213740  0.053143 0.747347 1 76 1.000000
lowpoly_plastic
0  -4.246359 -15.105806 -7.366423  -0.830427 -0.528751 -0.175539  0.053168 0.746692 1 76 1.000000
0  -4.212421 -14.780218 -8.507682  -0.830427 -0.528751 -0.175539  0.053143 0.747347 1 76 1.000000
0  -4.186698 -14.816700 -8.519485  -0.830427 -0.528751 -0.175539  0.053121 0.747348 1 76 1.000000
lowpoly_plastic
0  -4.203315 -14.692856 -8.813908  -0.705549 -0.675660 -0.213738  0.053136 0.747522 1 76 1.000000
0  -4.246359 -14.652081 -8.800717  -0.705549 -0.675660 -0.213738  0.053161 0.747521 1 76 1.000000
0  -4.038161 -13.108394 -14.367811  -0.705549 -0.675660 -0.213738  0.053014 0.750707 1 76 1.000000
lowpoly_plastic
0  -4.186698 -14.716423 -8.821532  -0.830436 -0.528733 -0.175547  0.053122 0.747523 1 76 1.000000
0  -4.203315 -14.692856 -8.813908  -0.830436 -0.528733 -0.175547  0.053136 0.747522 1 76 1.000000
0  -4.038161 -13.108394 -14.367811  -0.830436 -0.528733 -0.175547  0.053014 0.750707 1 76 1.000000
lowpoly_plastic
0  -3.429192 -14.748070 -8.497282  0.829944 -0.531868 -0.168253  0.052866 0.747346 1 76 1.000000
0  -3.429192 -15.105806 -7.366423  0.829944 -0.531868 -0.168253  0.052860 0.746693 1 76 1.000000
0  -3.497024 -14.844090 -8.528344  0.829944 -0.531868 -0.168253  0.052923 0.747348 1 76 1.000000
lowpoly_plastic
0  -3.429192 -15.105806 -7.366423  0.829942 -0.531873 -0.168252  0.052860 0.746693 1 76 1.000000
0  -3.568022 -15.342807 -7.302042  0.829942 -0.531873 -0.168252  0.052977 0.746624 1 76 1.000000
0  -3.497024 -14.844090 -8.528344  0.829942 -0.531873 -0.168252  0.052923 0.747348 1 76 1.000000
lowpoly_plastic
0  -3.568022 -15.342807 -7.302042  0.774753 -0.600614 -0.197538  0.052977 0.746624 1 76 1.000000
0  -3.637389 -13.108394 -14.367811  0.774753 -0.600614 -0.197538  0.053014 0.750708 1 76 1.000000
0  -3.497024 -14.748100 -8.831779  0.774753 -0.600614 -0.197538  0.052925 0.747523 1 76 1.000000
lowpoly_plastic
0  -3.637389 -13.108394 -14.367811  0.705554 -0.675655 -0.213737  0.053014 0.750708 1 76 1.000000
0  -3.429192 -12.888464 -14.375773  0.705554 -0.675655 -0.213737  0.052895 0.750742 1 76 1.000000
0  -3.429192 -14.652081 -8.800717  0.705554 -0.675655 -0.213737  0.052868 0.747521 1 76 1.000000
lowpoly_plastic
0  -3.497024 -14.748100 -8.831779  0.829931 -0.528817 -0.177673  0.052925 0.747523 1 76 1.000000
0  -3.637389 -13.108394 -14.367811  0.829931 -0.528817 -0.177673  0.053014 0.750708 1 76 1.000000
0  -3.429192 -14.652081 -8.800717  0.829931 -0.528817 -0.177673  0.052868 0.747521 1 76 1.000000
lowpoly_plastic
0  -4.246359 -12.888464 -14.375773  -0.000002 0.036182 0.999345  0.018598 0.763406 1 76 1.000000
0  -4.246359 -11.592022 -14.422712  -0.000002 0.036182 0.999345  0.018598 0.762691 1 76 1.000000
0  -4.285614 -11.552792 -14.424133  -0.000002 0.036182 0.999345  0.018620 0.762670 1 76 1.000000
lowpoly_plastic
0  -3.497024 -14.748100 -8.831779  1.000000 0.000000 0.000000  0.004094 0.762638 1 76 1.000000
0  -3.497024 -14.441198 -8.732496  1.000000 0.000000 0.000000  0.003916 0.762639 1 76 1.000000
0  -3.497024 -14.539154 -8.429697  1.000000 0.000000 0.000000  0.003915 0.762463 1 76 1.000000
lowpoly_plastic
0  -3.429192 -14.539154 -8.429697  0.000000 -0.951452 -0.307798  0.025459 0.767739 1 76 1.000000
0  -3.497024 -14.539154 -8.429697  0.000000 -0.951452 -0.307798  0.025497 0.767739 1 76 1.000000
0  -3.497024 -14.441198 -8.732496  0.000000 -0.951452 -0.307798  0.025497 0.767911 1 76 1.000000
lowpoly_plastic
0  -3.497024 -14.441198 -8.732496  0.000011 -0.307795 0.951453  0.025982 0.764838 1 76 1.000000
0  -3.497024 -14.748100 -8.831779  0.000011 -0.307795 0.951453  0.025982 0.765009 1 76 1.000000
0  -3.429192 -14.652081 -8.800717  0.000011 -0.307795 0.951453  0.025944 0.764956 1 76 1.000000
lowpoly_plastic
0  -3.497024 -14.539154 -8.429697  0.000000 0.307799 -0.951451  0.025459 0.767563 1 76 1.000000
0  -3.429192 -14.539154 -8.429697  0.000000 0.307799 -0.951451  0.025497 0.767563 1 76 1.000000
0  -3.429192 -14.748070 -8.497282  0.000000 0.307799 -0.951451  0.025497 0.767684 1 76 1.000000
lowpoly_plastic
0  -4.186698 -14.816700 -8.519485  -1.000000 0.000000 0.000000  0.004290 0.762462 1 76 1.000000
0  -4.186698 -14.539154 -8.429697  -1.000000 0.000000 0.000000  0.004451 0.762463 1 76 1.000000
0  -4.186698 -14.441198 -8.732496  -1.000000 0.000000 0.000000  0.004451 0.762638 1 76 1.000000
lowpoly_plastic
0  -4.246359 -14.441198 -8.732496  0.000000 -0.951452 -0.307796  0.025977 0.765182 1 76 1.000000
0  -4.186698 -14.441198 -8.732496  0.000000 -0.951452 -0.307796  0.025944 0.765182 1 76 1.000000
0  -4.186698 -14.539154 -8.429697  0.000000 -0.951452 -0.307796  0.025944 0.765009 1 76 1.000000
lowpoly_plastic
0  -4.203315 -14.692856 -8.813908  0.000000 -0.307780 0.951458  0.025954 0.765481 1 76 1.000000
0  -4.186698 -14.716423 -8.821532  0.000000 -0.307780 0.951458  0.025944 0.765494 1 76 1.000000
0  -4.186698 -14.441198 -8.732496  0.000000 -0.307780 0.951458  0.025944 0.765341 1 76 1.000000
lowpoly_plastic
0  -4.186698 -14.441198 -8.732496  0.000000 -0.307797 0.951452  0.025944 0.765341 1 76 1.000000
0  -4.246359 -14.441198 -8.732496  0.000000 -0.307797 0.951452  0.025977 0.765341 1 76 1.000000
0  -4.246359 -14.652081 -8.800717  0.000000 -0.307797 0.951452  0.025977 0.765459 1 76 1.000000
lowpoly_plastic
0  -4.246359 -14.748070 -8.497282  0.000000 0.307800 -0.951451  0.025944 0.765302 1 76 1.000000
0  -4.246359 -14.539154 -8.429697  0.000000 0.307800 -0.951451  0.025944 0.765182 1 76 1.000000
0  -4.186698 -14.539154 -8.429697  0.000000 0.307800 -0.951451  0.025977 0.765182 1 76 1.000000
lowpoly_plastic
0  -4.186698 -14.539154 -8.429697  0.000032 0.307796 -0.951452  0.025977 0.765182 1 76 1.000000
0  -4.186698 -14.816700 -8.519485  0.000032 0.307796 -0.951452  0.025977 0.765341 1 76 1.000000
0  -4.212421 -14.780218 -8.507682  0.000032 0.307796 -0.951452  0.025963 0.765320 1 76 1.000000
lowpoly_plastic
0  -4.109065 -15.342807 -7.302042  -0.711032 -0.231539 0.663945  0.055398 0.748444 1 76 1.000000
0  -4.109065 -14.650455 -7.060596  -0.711032 -0.231539 0.663945  0.055436 0.748060 1 76 1.000000
0  -4.246359 -14.629436 -7.200296  -0.711032 -0.231539 0.663945  0.055512 0.748058 1 76 1.000000
lowpoly_plastic
0  -3.429192 -14.629436 -7.200296  0.707107 -0.232839 0.667672  0.055405 0.748823 1 76 1.000000
0  -3.568022 -14.650455 -7.060596  0.707107 -0.232839 0.667672  0.055482 0.748825 1 76 1.000000
0  -3.568022 -15.342807 -7.302042  0.707107 -0.232839 0.667672  0.055520 0.749210 1 76 1.000000
lowpoly_plastic
0  -4.109065 -14.650455 -7.060596  -0.706815 0.027706 0.706856  0.055436 0.748060 1 76 1.000000
0  -4.107528 -13.982059 -7.085258  -0.706815 0.027706 0.706856  0.055472 0.747693 1 76 1.000000
0  -4.246359 -13.937276 -7.225836  -0.706815 0.027706 0.706856  0.055550 0.747678 1 76 1.000000
lowpoly_plastic
0  -3.429192 -14.629436 -7.200296  0.707113 0.026073 0.706620  0.055405 0.748823 1 76 1.000000
0  -3.429192 -13.937276 -7.225836  0.707113 0.026073 0.706620  0.055368 0.748444 1 76 1.000000
0  -3.568022 -13.982059 -7.085258  0.707113 0.026073 0.706620  0.055447 0.748459 1 76 1.000000
lowpoly_plastic
0  -3.568022 -15.342807 -7.302042  -0.999960 0.002962 -0.008488  0.053499 0.797757 1 76 1.000000
0  -3.568022 -14.650455 -7.060596  -0.999960 0.002962 -0.008488  0.053499 0.797352 1 76 1.000000
0  -3.567250 -14.652116 -7.152119  -0.999960 0.002962 -0.008488  0.053547 0.797369 1 76 1.000000
lowpoly_plastic
0  -3.973970 -13.982059 -7.085258  0.980196 -0.197680 0.011776  0.053719 0.798072 1 76 1.000000
0  -4.109065 -14.650455 -7.060596  0.980196 -0.197680 0.011776  0.053848 0.798419 1 76 1.000000
0  -4.108300 -14.652116 -7.152119  0.980196 -0.197680 0.011776  0.053801 0.798436 1 76 1.000000
lowpoly_plastic
0  -4.109065 -14.650455 -7.060596  0.999642 -0.008805 0.025247  0.053848 0.798419 1 76 1.000000
0  -4.109065 -15.342807 -7.302042  0.999642 -0.008805 0.025247  0.053848 0.798823 1 76 1.000000
0  -4.107120 -15.321728 -7.371704  0.999642 -0.008805 0.025247  0.053808 0.798825 1 76 1.000000
lowpoly_plastic
0  -3.568022 -14.650455 -7.060596  -0.869961 -0.190616 -0.454789  0.053499 0.797352 1 76 1.000000
0  -3.701581 -13.982059 -7.085258  -0.869961 -0.190616 -0.454789  0.053628 0.797005 1 76 1.000000
0  -3.654448 -13.977921 -7.177152  -0.869961 -0.190616 -0.454789  0.053679 0.797020 1 76 1.000000
lowpoly_plastic
0  -3.570176 -15.321728 -7.371703  -0.993859 0.038378 -0.103790  0.053539 0.797758 1 76 1.000000
0  -3.567250 -14.652116 -7.152119  -0.993859 0.038378 -0.103790  0.053547 0.797369 1 76 1.000000
0  -3.507154 -14.612749 -7.713018  -0.993859 0.038378 -0.103790  0.053848 0.797451 1 76 1.000000
lowpoly_plastic
0  -4.021102 -13.977921 -7.177152  0.984695 -0.131598 -0.114270  0.053669 0.798087 1 76 1.000000
0  -4.108300 -14.652116 -7.152119  0.984695 -0.131598 -0.114270  0.053801 0.798436 1 76 1.000000
0  -4.168129 -14.612749 -7.713018  0.984695 -0.131598 -0.114270  0.053499 0.798518 1 76 1.000000
lowpoly_plastic
0  -4.108300 -14.652116 -7.152119  0.988680 -0.045178 0.143076  0.053801 0.798436 1 76 1.000000
0  -4.107120 -15.321728 -7.371704  0.988680 -0.045178 0.143076  0.053808 0.798825 1 76 1.000000
0  -4.056980 -15.177279 -7.672565  0.988680 -0.045178 0.143076  0.053627 0.798803 1 76 1.000000
lowpoly_plastic
0  -3.567250 -14.652116 -7.152119  -0.986671 -0.131188 -0.096281  0.053547 0.797369 1 76 1.000000
0  -3.654448 -13.977921 -7.177152  -0.986671 -0.131188 -0.096281  0.053679 0.797020 1 76 1.000000
0  -3.613680 -14.040177 -7.510113  -0.986671 -0.131188 -0.096281  0.053842 0.797114 1 76 1.000000
lowpoly_plastic
0  -3.620435 -15.177279 -7.672565  0.000000 0.071474 0.997442  0.053474 0.800360 1 76 1.000000
0  -3.507154 -14.612749 -7.713018  0.000000 0.071474 0.997442  0.053411 0.800049 1 76 1.000000
0  -4.168129 -14.612749 -7.713018  0.000000 0.071474 0.997442  0.053776 0.800049 1 76 1.000000
lowpoly_plastic
0  -3.507154 -14.612749 -7.713018  0.000000 -0.334021 0.942566  0.053411 0.800049 1 76 1.000000
0  -3.613680 -14.040177 -7.510113  0.000000 -0.334021 0.942566  0.053470 0.799730 1 76 1.000000
0  -4.061603 -14.040177 -7.510113  0.000000 -0.334021 0.942566  0.053718 0.799730 1 76 1.000000
lowpoly_plastic
0  -3.620435 -15.177279 -7.672565  0.000001 0.913031 0.407890  0.053722 0.797802 1 76 1.000000
0  -4.056980 -15.177279 -7.672565  0.000001 0.913031 0.407890  0.053722 0.798043 1 76 1.000000
0  -4.109065 -15.342807 -7.302042  0.000001 0.913031 0.407890  0.053499 0.798072 1 76 1.000000
lowpoly_plastic
0  -3.613680 -14.040177 -7.510113  0.000000 -0.933854 0.357654  0.053722 0.797773 1 76 1.000000
0  -3.743295 -13.934565 -7.234345  0.000000 -0.933854 0.357654  0.053866 0.797844 1 76 1.000000
0  -3.932255 -13.934565 -7.234345  0.000000 -0.933854 0.357654  0.053866 0.797949 1 76 1.000000
lowpoly_plastic
0  -3.637389 -13.108394 -14.367811  0.000000 0.036178 0.999345  0.018262 0.763527 1 76 1.000000
0  -3.701580 -13.108394 -14.367811  0.000000 0.036178 0.999345  0.018297 0.763527 1 76 1.000000
0  -3.701580 -13.163874 -14.365803  0.000000 0.036178 0.999345  0.018297 0.763558 1 76 1.000000
lowpoly_plastic
0  -4.246358 -12.935904 -15.109930  0.000000 -0.417769 -0.908553  0.006133 0.763355 1 76 1.000000
0  -3.973969 -12.935904 -15.109930  0.000000 -0.417769 -0.908553  0.006283 0.763355 1 76 1.000000
0  -3.973969 -13.144286 -15.014112  0.000000 -0.417769 -0.908553  0.006283 0.763436 1 76 1.000000
lowpoly_plastic
0  -4.246358 -14.748070 -8.497282  -1.000000 0.000000 0.000000  0.053162 0.747346 1 76 1.000000
0  -4.246358 -15.105806 -7.366422  -1.000000 0.000000 0.000000  0.053168 0.746692 1 76 1.000000
0  -4.246358 -14.539154 -8.429697  -1.000000 0.000000 0.000000  0.053283 0.747346 1 76 1.000000
lowpoly_plastic
0  -4.246358 -15.105806 -7.366422  -1.000000 0.000000 0.000000  0.053168 0.746692 1 76 1.000000
0  -4.246358 -14.629436 -7.200296  -1.000000 0.000000 0.000000  0.053446 0.746688 1 76 1.000000
0  -4.246358 -14.539154 -8.429697  -1.000000 0.000000 0.000000  0.053283 0.747346 1 76 1.000000
lowpoly_plastic
0  -4.246358 -14.629436 -7.200296  -1.000000 0.000000 0.000000  0.053446 0.746688 1 76 1.000000
0  -4.246358 -13.937276 -7.225835  -1.000000 0.000000 0.000000  0.053805 0.746820 1 76 1.000000
0  -4.246358 -14.539154 -8.429697  -1.000000 0.000000 0.000000  0.053283 0.747346 1 76 1.000000
lowpoly_plastic
0  -4.246358 -13.937276 -7.225835  -1.000000 0.000000 0.000000  0.053805 0.746820 1 76 1.000000
0  -4.246358 -12.112381 -12.825888  -1.000000 0.000000 0.000000  0.053805 0.750064 1 76 1.000000
0  -4.246358 -14.441198 -8.732496  -1.000000 0.000000 0.000000  0.053283 0.747521 1 76 1.000000
lowpoly_plastic
0  -4.246358 -14.539154 -8.429697  -1.000000 0.000000 0.000000  0.053283 0.747346 1 76 1.000000
0  -4.246358 -13.937276 -7.225835  -1.000000 0.000000 0.000000  0.053805 0.746820 1 76 1.000000
0  -4.246358 -14.441198 -8.732496  -1.000000 0.000000 0.000000  0.053283 0.747521 1 76 1.000000
lowpoly_plastic
0  -4.246358 -12.112381 -12.825888  -1.000000 0.000000 0.000000  0.053805 0.750064 1 76 1.000000
0  -4.246358 -13.309024 -13.046323  -1.000000 0.000000 0.000000  0.053139 0.749973 1 76 1.000000
0  -4.246358 -14.441198 -8.732496  -1.000000 0.000000 0.000000  0.053283 0.747521 1 76 1.000000
lowpoly_plastic
0  -3.701580 -13.108394 -14.367811  0.000000 -0.953462 -0.301513  0.054330 0.750644 1 76 1.000000
0  -3.688843 -13.321483 -13.693971  0.000000 -0.953462 -0.301513  0.054323 0.750260 1 76 1.000000
0  -3.986853 -13.321483 -13.693971  0.000000 -0.953462 -0.301513  0.054488 0.750260 1 76 1.000000
lowpoly_plastic
0  -3.429191 -12.888464 -14.375774  0.000000 0.036183 0.999345  0.018147 0.763406 1 76 1.000000
0  -3.389935 -13.147624 -14.366390  0.000000 0.036183 0.999345  0.018125 0.763549 1 76 1.000000
0  -3.389935 -11.552792 -14.424133  0.000000 0.036183 0.999345  0.018125 0.762670 1 76 1.000000
lowpoly_plastic
0  -3.701580 -11.656617 -14.703102  0.000000 0.628962 -0.777436  0.006434 0.762622 1 76 1.000000
0  -3.973969 -11.656617 -14.703102  0.000000 0.628962 -0.777436  0.006283 0.762622 1 76 1.000000
0  -3.973969 -11.498941 -14.575541  0.000000 0.628962 -0.777436  0.006283 0.762513 1 76 1.000000
lowpoly_plastic
0  -4.038160 -13.108394 -14.367811  0.000002 0.036178 0.999345  0.018483 0.763527 1 76 1.000000
0  -4.285579 -13.147589 -14.366392  0.000002 0.036178 0.999345  0.018620 0.763549 1 76 1.000000
0  -3.973969 -13.163874 -14.365803  0.000002 0.036178 0.999345  0.018448 0.763558 1 76 1.000000
lowpoly_plastic
0  -3.701580 -12.112170 -12.825850  0.003516 0.950824 0.309713  0.054106 0.749957 1 76 1.000000
0  -3.701580 -13.982059 -7.085258  0.003516 0.950824 0.309713  0.054106 0.746624 1 76 1.000000
0  -3.429191 -13.937276 -7.225835  0.003516 0.950824 0.309713  0.054256 0.746705 1 76 1.000000
lowpoly_plastic
0  -3.701580 -13.982059 -7.085258  0.000000 0.952820 0.303537  0.054106 0.746624 1 76 1.000000
0  -3.568022 -13.982059 -7.085258  0.000000 0.952820 0.303537  0.054180 0.746624 1 76 1.000000
0  -3.429191 -13.937276 -7.225835  0.000000 0.952820 0.303537  0.054256 0.746705 1 76 1.000000
lowpoly_plastic
0  -4.246358 -12.112381 -12.825888  -0.000780 0.950790 0.309835  0.053805 0.749957 1 76 1.000000
0  -4.246358 -13.937276 -7.225835  -0.000780 0.950790 0.309835  0.053805 0.746705 1 76 1.000000
0  -3.973969 -12.112170 -12.825850  -0.000780 0.950790 0.309835  0.053955 0.749957 1 76 1.000000
lowpoly_plastic
0  -4.246358 -13.937276 -7.225835  0.000000 0.952819 0.303539  0.053805 0.746705 1 76 1.000000
0  -4.107528 -13.982059 -7.085258  0.000000 0.952819 0.303539  0.053882 0.746624 1 76 1.000000
0  -3.973969 -13.982059 -7.085258  0.000000 0.952819 0.303539  0.053955 0.746624 1 76 1.000000
lowpoly_plastic
0  -3.973969 -11.592022 -14.422712  0.000000 0.950788 0.309844  0.053955 0.750885 1 76 1.000000
0  -3.968361 -11.906961 -13.456285  0.000000 0.950788 0.309844  0.053958 0.750323 1 76 1.000000
0  -3.707188 -11.906961 -13.456285  0.000000 0.950788 0.309844  0.054103 0.750323 1 76 1.000000
lowpoly_plastic
0  -3.701580 -11.656617 -14.703102  0.000000 0.303056 -0.952973  0.018448 0.761847 1 76 1.000000
0  -3.429191 -11.656617 -14.703102  0.000000 0.303056 -0.952973  0.018598 0.761847 1 76 1.000000
0  -3.429191 -12.935904 -15.109930  0.000000 0.303056 -0.952973  0.018598 0.762580 1 76 1.000000
lowpoly_plastic
0  -4.246358 -11.656617 -14.703102  0.000000 0.303056 -0.952973  0.018147 0.761847 1 76 1.000000
0  -3.973969 -11.656617 -14.703102  0.000000 0.303056 -0.952973  0.018297 0.761847 1 76 1.000000
0  -3.973969 -12.935904 -15.109930  0.000000 0.303056 -0.952973  0.018297 0.762580 1 76 1.000000
lowpoly_plastic
0  -3.973969 -11.656617 -14.703102  0.000000 0.303056 -0.952973  0.018297 0.761847 1 76 1.000000
0  -3.701580 -11.656617 -14.703102  0.000000 0.303056 -0.952973  0.018448 0.761847 1 76 1.000000
0  -3.701580 -12.935904 -15.109930  0.000000 0.303056 -0.952973  0.018448 0.762580 1 76 1.000000
lowpoly_plastic
0  -3.973969 -11.592022 -14.422712  0.000000 0.036194 0.999345  0.018448 0.762691 1 76 1.000000
0  -3.701580 -11.592022 -14.422712  0.000000 0.036194 0.999345  0.018297 0.762691 1 76 1.000000
0  -3.701580 -11.536541 -14.424722  0.000000 0.036194 0.999345  0.018297 0.762661 1 76 1.000000
lowpoly_plastic
0  -3.429191 -11.656617 -14.703102  0.000000 0.628961 -0.777437  0.006584 0.762622 1 76 1.000000
0  -3.701580 -11.656617 -14.703102  0.000000 0.628961 -0.777437  0.006434 0.762622 1 76 1.000000
0  -3.701580 -11.498941 -14.575541  0.000000 0.628961 -0.777437  0.006434 0.762513 1 76 1.000000
lowpoly_plastic
0  -3.701580 -11.592022 -14.422712  0.000000 0.036198 0.999345  0.018297 0.762691 1 76 1.000000
0  -3.429191 -11.592022 -14.422712  0.000000 0.036198 0.999345  0.018147 0.762691 1 76 1.000000
0  -3.389935 -11.552792 -14.424133  0.000000 0.036198 0.999345  0.018125 0.762670 1 76 1.000000
lowpoly_plastic
0  -3.701580 -12.935904 -15.109930  0.000000 -0.444085 -0.895985  0.006434 0.763355 1 76 1.000000
0  -3.429191 -12.935904 -15.109930  0.000000 -0.444085 -0.895985  0.006584 0.763355 1 76 1.000000
0  -3.389935 -13.128036 -15.014701  0.000000 -0.444085 -0.895985  0.006606 0.763428 1 76 1.000000
lowpoly_plastic
0  -3.701580 -13.108394 -14.367811  0.000000 -0.953462 -0.301513  0.054330 0.750644 1 76 1.000000
0  -3.637389 -13.108394 -14.367811  0.000000 -0.953462 -0.301513  0.054295 0.750644 1 76 1.000000
0  -3.630774 -13.321483 -13.693971  0.000000 -0.953462 -0.301513  0.054291 0.750260 1 76 1.000000
lowpoly_plastic
0  -4.285614 -11.552792 -14.424133  -0.050076 0.969084 0.241596  0.006883 0.765733 1 76 1.000000
0  -3.973969 -11.536541 -14.424722  -0.050076 0.969084 0.241596  0.006886 0.765561 1 76 1.000000
0  -3.973969 -11.498941 -14.575541  -0.050076 0.969084 0.241596  0.006972 0.765561 1 76 1.000000
lowpoly_plastic
0  -3.389935 -13.147624 -14.366390  0.051990 -0.998192 -0.030159  0.006468 0.765238 1 76 1.000000
0  -3.701580 -13.163874 -14.365803  0.051990 -0.998192 -0.030159  0.006470 0.765410 1 76 1.000000
0  -3.701580 -13.144286 -15.014112  0.051990 -0.998192 -0.030159  0.006113 0.765410 1 76 1.000000
lowpoly_plastic
0  -3.973969 -11.536541 -14.424722  0.000000 0.970302 0.241895  0.006886 0.765561 1 76 1.000000
0  -3.701580 -11.536541 -14.424722  0.000000 0.970302 0.241895  0.006886 0.765410 1 76 1.000000
0  -3.701580 -11.498941 -14.575541  0.000000 0.970302 0.241895  0.006972 0.765410 1 76 1.000000
lowpoly_plastic
0  -3.973969 -13.163874 -14.365803  -0.052109 -0.998188 -0.030102  0.006470 0.765561 1 76 1.000000
0  -4.285579 -13.147589 -14.366392  -0.052109 -0.998188 -0.030102  0.006468 0.765733 1 76 1.000000
0  -4.285614 -13.128036 -15.014701  -0.052109 -0.998188 -0.030102  0.006111 0.765733 1 76 1.000000
lowpoly_plastic
0  -3.701580 -11.536541 -14.424722  0.050076 0.969084 0.241597  0.006886 0.765410 1 76 1.000000
0  -3.389935 -11.552792 -14.424133  0.050076 0.969084 0.241597  0.006883 0.765238 1 76 1.000000
0  -3.389935 -11.515192 -14.574952  0.050076 0.969084 0.241597  0.006969 0.765238 1 76 1.000000
lowpoly_plastic
0  -3.389935 -11.552792 -14.424133  1.000000 -0.000000 0.000000  0.006111 0.765214 1 76 1.000000
0  -3.389935 -13.147624 -14.366390  1.000000 -0.000000 0.000000  0.006111 0.764333 1 76 1.000000
0  -3.389935 -13.128036 -15.014701  1.000000 -0.000000 0.000000  0.006468 0.764357 1 76 1.000000
lowpoly_plastic
0  -4.285579 -13.147589 -14.366392  -1.000000 -0.000023 -0.000006  0.006924 0.764333 1 76 1.000000
0  -4.285614 -11.552792 -14.424133  -1.000000 -0.000023 -0.000006  0.006924 0.765214 1 76 1.000000
0  -4.285614 -11.515192 -14.574952  -1.000000 -0.000023 -0.000006  0.006842 0.765238 1 76 1.000000
lowpoly_plastic
0  -3.701580 -13.163874 -14.365803  0.000000 -0.999544 -0.030202  0.006470 0.765410 1 76 1.000000
0  -3.973969 -13.163874 -14.365803  0.000000 -0.999544 -0.030202  0.006470 0.765561 1 76 1.000000
0  -3.973969 -13.144286 -15.014112  0.000000 -0.999544 -0.030202  0.006113 0.765561 1 76 1.000000
lowpoly_plastic
0  -3.701580 -13.108394 -14.367811  0.000000 0.036178 0.999345  0.018297 0.763527 1 76 1.000000
0  -3.973969 -13.108394 -14.367811  0.000000 0.036178 0.999345  0.018448 0.763527 1 76 1.000000
0  -3.973969 -13.163874 -14.365803  0.000000 0.036178 0.999345  0.018448 0.763558 1 76 1.000000
lowpoly_plastic
0  -3.973969 -12.935904 -15.109930  0.000000 -0.417769 -0.908553  0.006283 0.763355 1 76 1.000000
0  -3.701580 -12.935904 -15.109930  0.000000 -0.417769 -0.908553  0.006434 0.763355 1 76 1.000000
0  -3.701580 -13.144286 -15.014112  0.000000 -0.417769 -0.908553  0.006434 0.763436 1 76 1.000000
lowpoly_plastic
0  -4.246358 -11.656617 -14.703102  -0.966991 0.077222 -0.242828  0.006767 0.765162 1 76 1.000000
0  -4.246358 -12.935904 -15.109930  -0.966991 0.077222 -0.242828  0.006518 0.764465 1 76 1.000000
0  -4.285614 -13.128036 -15.014701  -0.966991 0.077222 -0.242828  0.006568 0.764357 1 76 1.000000
lowpoly_plastic
0  -4.246358 -11.592022 -14.422712  0.000000 0.036194 0.999345  0.018598 0.762691 1 76 1.000000
0  -3.973969 -11.592022 -14.422712  0.000000 0.036194 0.999345  0.018448 0.762691 1 76 1.000000
0  -3.973969 -11.536541 -14.424722  0.000000 0.036194 0.999345  0.018448 0.762661 1 76 1.000000
lowpoly_plastic
0  -3.973969 -11.656617 -14.703102  0.000000 0.671473 -0.741029  0.006283 0.762622 1 76 1.000000
0  -4.246358 -11.656617 -14.703102  0.000000 0.671473 -0.741029  0.006133 0.762622 1 76 1.000000
0  -4.285614 -11.515192 -14.574952  0.000000 0.671473 -0.741029  0.006111 0.762521 1 76 1.000000
lowpoly_plastic
0  -3.429191 -12.888464 -14.375774  1.000000 0.000000 0.000000  0.052895 0.750742 1 76 1.000000
0  -3.429191 -11.592022 -14.422712  1.000000 0.000000 0.000000  0.052223 0.750989 1 76 1.000000
0  -3.429191 -11.906954 -13.456283  1.000000 0.000000 0.000000  0.052223 0.750430 1 76 1.000000
lowpoly_plastic
0  -3.429191 -12.935904 -15.109930  0.896113 0.134505 -0.422954  0.006518 0.764465 1 76 1.000000
0  -3.429191 -11.656617 -14.703102  0.896113 0.134505 -0.422954  0.006269 0.765162 1 76 1.000000
0  -3.389935 -11.515192 -14.574952  0.896113 0.134505 -0.422954  0.006194 0.765238 1 76 1.000000
lowpoly_plastic
0  -4.038160 -13.108394 -14.367811  -0.716540 -0.662984 -0.216845  0.053014 0.750707 1 76 1.000000
0  -4.044922 -13.321483 -13.693972  -0.716540 -0.662984 -0.216845  0.053018 0.750318 1 76 1.000000
0  -4.246358 -13.115116 -13.659294  -0.716540 -0.662984 -0.216845  0.053136 0.750327 1 76 1.000000
lowpoly_plastic
0  -3.429191 -14.748070 -8.497282  0.829942 -0.531871 -0.168253  0.052866 0.747346 1 76 1.000000
0  -3.429191 -15.105806 -7.366422  0.829942 -0.531871 -0.168253  0.052860 0.746693 1 76 1.000000
0  -3.497023 -14.844090 -8.528344  0.829942 -0.531871 -0.168253  0.052923 0.747348 1 76 1.000000
lowpoly_plastic
0  -3.429191 -15.105806 -7.366422  0.829942 -0.531873 -0.168252  0.052860 0.746693 1 76 1.000000
0  -3.568022 -15.342807 -7.302042  0.829942 -0.531873 -0.168252  0.052977 0.746624 1 76 1.000000
0  -3.497023 -14.844090 -8.528344  0.829942 -0.531873 -0.168252  0.052923 0.747348 1 76 1.000000
lowpoly_plastic
0  -3.568022 -15.342807 -7.302042  0.774754 -0.600612 -0.197538  0.052977 0.746624 1 76 1.000000
0  -3.624787 -13.514329 -13.084143  0.774754 -0.600612 -0.197538  0.053007 0.749966 1 76 1.000000
0  -3.497023 -14.748100 -8.831779  0.774754 -0.600612 -0.197538  0.052925 0.747523 1 76 1.000000
lowpoly_plastic
0  -3.624787 -13.514329 -13.084143  0.727096 -0.654565 -0.207066  0.053007 0.749966 1 76 1.000000
0  -3.429191 -13.309024 -13.046323  0.727096 -0.654565 -0.207066  0.052889 0.749974 1 76 1.000000
0  -3.429191 -14.652081 -8.800717  0.727096 -0.654565 -0.207066  0.052868 0.747521 1 76 1.000000
lowpoly_plastic
0  -3.497023 -14.748100 -8.831779  0.829925 -0.528612 -0.178305  0.052925 0.747523 1 76 1.000000
0  -3.624787 -13.514329 -13.084143  0.829925 -0.528612 -0.178305  0.053007 0.749966 1 76 1.000000
0  -3.429191 -14.652081 -8.800717  0.829925 -0.528612 -0.178305  0.052868 0.747521 1 76 1.000000
lowpoly_plastic
0  -4.246358 -12.888464 -14.375774  -0.000002 0.036182 0.999345  0.018598 0.763406 1 76 1.000000
0  -4.246358 -11.592022 -14.422712  -0.000002 0.036182 0.999345  0.018598 0.762691 1 76 1.000000
0  -4.285614 -11.552792 -14.424133  -0.000002 0.036182 0.999345  0.018620 0.762670 1 76 1.000000
lowpoly_plastic
0  -3.497023 -14.748100 -8.831779  1.000000 0.000000 0.000000  0.004094 0.762638 1 76 1.000000
0  -3.497023 -14.441198 -8.732496  1.000000 0.000000 0.000000  0.003916 0.762639 1 76 1.000000
0  -3.497023 -14.539154 -8.429697  1.000000 0.000000 0.000000  0.003915 0.762463 1 76 1.000000
lowpoly_plastic
0  -3.429191 -14.539154 -8.429697  0.000000 -0.951452 -0.307796  0.025459 0.767739 1 76 1.000000
0  -3.497023 -14.539154 -8.429697  0.000000 -0.951452 -0.307796  0.025497 0.767739 1 76 1.000000
0  -3.497023 -14.441198 -8.732496  0.000000 -0.951452 -0.307796  0.025497 0.767911 1 76 1.000000
lowpoly_plastic
0  -3.497023 -14.441198 -8.732496  0.000011 -0.307799 0.951451  0.025982 0.764838 1 76 1.000000
0  -3.497023 -14.748100 -8.831779  0.000011 -0.307799 0.951451  0.025982 0.765009 1 76 1.000000
0  -3.429191 -14.652081 -8.800717  0.000011 -0.307799 0.951451  0.025944 0.764956 1 76 1.000000
lowpoly_plastic
0  -3.497023 -14.539154 -8.429697  0.000000 0.307796 -0.951452  0.025459 0.767563 1 76 1.000000
0  -3.429191 -14.539154 -8.429697  0.000000 0.307796 -0.951452  0.025497 0.767563 1 76 1.000000
0  -3.429191 -14.748070 -8.497282  0.000000 0.307796 -0.951452  0.025497 0.767684 1 76 1.000000
lowpoly_plastic
0  -4.186698 -14.816700 -8.519484  -1.000000 0.000000 0.000000  0.004290 0.762462 1 76 1.000000
0  -4.186698 -14.539154 -8.429697  -1.000000 0.000000 0.000000  0.004451 0.762463 1 76 1.000000
0  -4.186698 -14.441198 -8.732496  -1.000000 0.000000 0.000000  0.004451 0.762638 1 76 1.000000
lowpoly_plastic
0  -4.246358 -14.441198 -8.732496  0.000000 -0.951451 -0.307800  0.025977 0.765182 1 76 1.000000
0  -4.186698 -14.441198 -8.732496  0.000000 -0.951451 -0.307800  0.025944 0.765182 1 76 1.000000
0  -4.186698 -14.539154 -8.429697  0.000000 -0.951451 -0.307800  0.025944 0.765009 1 76 1.000000
lowpoly_plastic
0  -4.203315 -14.692856 -8.813908  0.000000 -0.307787 0.951455  0.025954 0.765481 1 76 1.000000
0  -4.186698 -14.716423 -8.821532  0.000000 -0.307787 0.951455  0.025944 0.765494 1 76 1.000000
0  -4.186698 -14.441198 -8.732496  0.000000 -0.307787 0.951455  0.025944 0.765341 1 76 1.000000
lowpoly_plastic
0  -4.186698 -14.441198 -8.732496  0.000000 -0.307802 0.951451  0.025944 0.765341 1 76 1.000000
0  -4.246358 -14.441198 -8.732496  0.000000 -0.307802 0.951451  0.025977 0.765341 1 76 1.000000
0  -4.246358 -14.652081 -8.800717  0.000000 -0.307802 0.951451  0.025977 0.765459 1 76 1.000000
lowpoly_plastic
0  -4.246358 -14.748070 -8.497282  0.000000 0.307803 -0.951450  0.025944 0.765302 1 76 1.000000
0  -4.246358 -14.539154 -8.429697  0.000000 0.307803 -0.951450  0.025944 0.765182 1 76 1.000000
0  -4.186698 -14.539154 -8.429697  0.000000 0.307803 -0.951450  0.025977 0.765182 1 76 1.000000
lowpoly_plastic
0  -4.186698 -14.539154 -8.429697  0.000016 0.307793 -0.951453  0.025977 0.765182 1 76 1.000000
0  -4.186698 -14.816700 -8.519484  0.000016 0.307793 -0.951453  0.025977 0.765341 1 76 1.000000
0  -4.212421 -14.780218 -8.507682  0.000016 0.307793 -0.951453  0.025963 0.765320 1 76 1.000000
lowpoly_plastic
0  -4.109065 -15.342807 -7.302042  -0.711037 -0.231539 0.663940  0.055398 0.748444 1 76 1.000000
0  -4.109065 -14.650455 -7.060595  -0.711037 -0.231539 0.663940  0.055436 0.748060 1 76 1.000000
0  -4.246358 -14.629436 -7.200296  -0.711037 -0.231539 0.663940  0.055512 0.748058 1 76 1.000000
lowpoly_plastic
0  -3.429191 -14.629436 -7.200296  0.707110 -0.232838 0.667669  0.055405 0.748823 1 76 1.000000
0  -3.568022 -14.650455 -7.060595  0.707110 -0.232838 0.667669  0.055482 0.748825 1 76 1.000000
0  -3.568022 -15.342807 -7.302042  0.707110 -0.232838 0.667669  0.055520 0.749210 1 76 1.000000
lowpoly_plastic
0  -4.109065 -14.650455 -7.060595  -0.706813 0.027708 0.706857  0.055436 0.748060 1 76 1.000000
0  -4.107528 -13.982059 -7.085258  -0.706813 0.027708 0.706857  0.055472 0.747693 1 76 1.000000
0  -4.246358 -13.937276 -7.225835  -0.706813 0.027708 0.706857  0.055550 0.747678 1 76 1.000000
lowpoly_plastic
0  -3.429191 -14.629436 -7.200296  0.707110 0.026073 0.706623  0.055405 0.748823 1 76 1.000000
0  -3.429191 -13.937276 -7.225835  0.707110 0.026073 0.706623  0.055368 0.748444 1 76 1.000000
0  -3.568022 -13.982059 -7.085258  0.707110 0.026073 0.706623  0.055447 0.748459 1 76 1.000000
lowpoly_plastic
0  -3.568022 -15.342807 -7.302042  -0.999960 0.002959 -0.008486  0.053499 0.797757 1 76 1.000000
0  -3.568022 -14.650455 -7.060595  -0.999960 0.002959 -0.008486  0.053499 0.797352 1 76 1.000000
0  -3.567250 -14.652117 -7.152119  -0.999960 0.002959 -0.008486  0.053547 0.797369 1 76 1.000000
lowpoly_plastic
0  -3.973969 -13.982059 -7.085258  0.980196 -0.197681 0.011780  0.053719 0.798072 1 76 1.000000
0  -4.109065 -14.650455 -7.060595  0.980196 -0.197681 0.011780  0.053848 0.798419 1 76 1.000000
0  -4.108300 -14.652117 -7.152119  0.980196 -0.197681 0.011780  0.053801 0.798436 1 76 1.000000
lowpoly_plastic
0  -4.109065 -14.650455 -7.060595  0.999642 -0.008804 0.025246  0.053848 0.798419 1 76 1.000000
0  -4.109065 -15.342807 -7.302042  0.999642 -0.008804 0.025246  0.053848 0.798823 1 76 1.000000
0  -4.107120 -15.321728 -7.371703  0.999642 -0.008804 0.025246  0.053808 0.798825 1 76 1.000000
lowpoly_plastic
0  -3.568022 -14.650455 -7.060595  -0.869961 -0.190616 -0.454789  0.053499 0.797352 1 76 1.000000
0  -3.701580 -13.982059 -7.085258  -0.869961 -0.190616 -0.454789  0.053628 0.797005 1 76 1.000000
0  -3.654448 -13.977921 -7.177152  -0.869961 -0.190616 -0.454789  0.053679 0.797020 1 76 1.000000
lowpoly_plastic
0  -3.570176 -15.321728 -7.371703  -0.993859 0.038377 -0.103790  0.053539 0.797758 1 76 1.000000
0  -3.567250 -14.652117 -7.152119  -0.993859 0.038377 -0.103790  0.053547 0.797369 1 76 1.000000
0  -3.507154 -14.612749 -7.713018  -0.993859 0.038377 -0.103790  0.053848 0.797451 1 76 1.000000
lowpoly_plastic
0  -4.021101 -13.977921 -7.177152  0.984695 -0.131601 -0.114270  0.053669 0.798087 1 76 1.000000
0  -4.108300 -14.652117 -7.152119  0.984695 -0.131601 -0.114270  0.053801 0.798436 1 76 1.000000
0  -4.168128 -14.612749 -7.713018  0.984695 -0.131601 -0.114270  0.053499 0.798518 1 76 1.000000
lowpoly_plastic
0  -4.108300 -14.652117 -7.152119  0.988680 -0.045178 0.143076  0.053801 0.798436 1 76 1.000000
0  -4.107120 -15.321728 -7.371703  0.988680 -0.045178 0.143076  0.053808 0.798825 1 76 1.000000
0  -4.056980 -15.177279 -7.672565  0.988680 -0.045178 0.143076  0.053627 0.798803 1 76 1.000000
lowpoly_plastic
0  -3.567250 -14.652117 -7.152119  -0.986671 -0.131187 -0.096280  0.053547 0.797369 1 76 1.000000
0  -3.654448 -13.977921 -7.177152  -0.986671 -0.131187 -0.096280  0.053679 0.797020 1 76 1.000000
0  -3.613680 -14.040177 -7.510113  -0.986671 -0.131187 -0.096280  0.053842 0.797114 1 76 1.000000
lowpoly_plastic
0  -3.620435 -15.177279 -7.672565  0.000000 0.071474 0.997442  0.053474 0.800360 1 76 1.000000
0  -3.507154 -14.612749 -7.713018  0.000000 0.071474 0.997442  0.053411 0.800049 1 76 1.000000
0  -4.168128 -14.612749 -7.713018  0.000000 0.071474 0.997442  0.053776 0.800049 1 76 1.000000
lowpoly_plastic
0  -3.507154 -14.612749 -7.713018  0.000000 -0.334020 0.942566  0.053411 0.800049 1 76 1.000000
0  -3.613680 -14.040177 -7.510113  0.000000 -0.334020 0.942566  0.053470 0.799730 1 76 1.000000
0  -4.061603 -14.040177 -7.510113  0.000000 -0.334020 0.942566  0.053718 0.799730 1 76 1.000000
lowpoly_plastic
0  -3.620435 -15.177279 -7.672565  0.000000 0.913031 0.407889  0.053722 0.797802 1 76 1.000000
0  -4.056980 -15.177279 -7.672565  0.000000 0.913031 0.407889  0.053722 0.798043 1 76 1.000000
0  -4.109065 -15.342807 -7.302042  0.000000 0.913031 0.407889  0.053499 0.798072 1 76 1.000000
lowpoly_plastic
0  -3.613680 -14.040177 -7.510113  0.000000 -0.933855 0.357653  0.053722 0.797773 1 76 1.000000
0  -3.743295 -13.934565 -7.234345  0.000000 -0.933855 0.357653  0.053866 0.797844 1 76 1.000000
0  -3.932255 -13.934565 -7.234345  0.000000 -0.933855 0.357653  0.053866 0.797949 1 76 1.000000
lowpoly_plastic
0  -3.429191 -14.652081 -8.800717  1.000000 0.000000 0.000000  0.052868 0.747521 1 76 1.000000
0  -3.429191 -13.309024 -13.046323  1.000000 0.000000 0.000000  0.052889 0.749974 1 76 1.000000
0  -3.429191 -14.441198 -8.732496  1.000000 0.000000 0.000000  0.052745 0.747522 1 76 1.000000
lowpoly_plastic
0  -3.429191 -13.309024 -13.046323  1.000000 0.000000 0.000000  0.052889 0.749974 1 76 1.000000
0  -3.429191 -12.112381 -12.825888  1.000000 0.000000 0.000000  0.052223 0.750064 1 76 1.000000
0  -3.429191 -14.441198 -8.732496  1.000000 0.000000 0.000000  0.052745 0.747522 1 76 1.000000
lowpoly_plastic
0  -3.429191 -12.112381 -12.825888  1.000000 0.000000 0.000000  0.052223 0.750064 1 76 1.000000
0  -3.429191 -13.937276 -7.225835  1.000000 0.000000 0.000000  0.052223 0.746820 1 76 1.000000
0  -3.429191 -14.441198 -8.732496  1.000000 0.000000 0.000000  0.052745 0.747522 1 76 1.000000
lowpoly_plastic
0  -3.429191 -13.937276 -7.225835  1.000000 -0.000001 0.000000  0.052223 0.746820 1 76 1.000000
0  -3.429191 -14.629436 -7.200296  1.000000 -0.000001 0.000000  0.052582 0.746688 1 76 1.000000
0  -3.429191 -14.539154 -8.429697  1.000000 -0.000001 0.000000  0.052745 0.747346 1 76 1.000000
lowpoly_plastic
0  -3.429191 -14.441198 -8.732496  1.000000 0.000003 0.000000  0.052745 0.747522 1 76 1.000000
0  -3.429191 -13.937276 -7.225835  1.000000 0.000003 0.000000  0.052223 0.746820 1 76 1.000000
0  -3.429191 -14.539154 -8.429697  1.000000 0.000003 0.000000  0.052745 0.747346 1 76 1.000000
lowpoly_plastic
0  -3.429191 -14.629436 -7.200296  1.000000 0.000000 0.000000  0.052582 0.746688 1 76 1.000000
0  -3.429191 -15.105806 -7.366422  1.000000 0.000000 0.000000  0.052860 0.746693 1 76 1.000000
0  -3.429191 -14.539154 -8.429697  1.000000 0.000000 0.000000  0.052745 0.747346 1 76 1.000000
lowpoly_plastic
0  -3.998513 -13.514329 -13.084143  0.000000 -0.303427 0.952855  0.796681 0.982726 1 76 1.000000
0  -4.051042 -13.514329 -13.084143  0.000000 -0.303427 0.952855  0.796710 0.982726 1 76 1.000000
0  -4.069777 -13.557392 -13.097856  0.000000 -0.303427 0.952855  0.796710 0.982726 1 76 1.000000
lowpoly_plastic
0  -3.986853 -13.321483 -13.693971  0.000000 0.301519 -0.953460  0.796675 0.983073 1 76 1.000000
0  -3.688843 -13.321483 -13.693971  0.000000 0.301519 -0.953460  0.796510 0.983073 1 76 1.000000
0  -3.688843 -13.368129 -13.708722  0.000000 0.301519 -0.953460  0.796510 0.983073 1 76 1.000000
lowpoly_plastic
0  -3.701580 -12.112170 -12.825850  -0.024355 0.950542 0.309640  0.054106 0.749957 1 76 1.000000
0  -3.710847 -12.112393 -12.825891  -0.024355 0.950542 0.309640  0.054101 0.749957 1 76 1.000000
0  -3.743295 -13.934565 -7.234345  -0.024355 0.950542 0.309640  0.054083 0.746710 1 76 1.000000
lowpoly_plastic
0  -3.964703 -12.112393 -12.825891  0.024336 0.950544 0.309635  0.053961 0.749957 1 76 1.000000
0  -3.973969 -12.112170 -12.825850  0.024336 0.950544 0.309635  0.053955 0.749957 1 76 1.000000
0  -3.973969 -13.982059 -7.085258  0.024336 0.950544 0.309635  0.053955 0.746624 1 76 1.000000
lowpoly_plastic
0  -4.246358 -14.652081 -8.800717  -0.727583 -0.654073 -0.206909  0.053161 0.747521 1 76 1.000000
0  -4.246358 -13.309024 -13.046323  -0.727583 -0.654073 -0.206909  0.053139 0.749973 1 76 1.000000
0  -4.051042 -13.514329 -13.084143  -0.727583 -0.654073 -0.206909  0.053021 0.749965 1 76 1.000000
lowpoly_plastic
0  -4.109065 -15.342807 -7.302042  -0.830428 -0.528748 -0.175539  0.053051 0.746624 1 76 1.000000
0  -4.246358 -15.105806 -7.366422  -0.830428 -0.528748 -0.175539  0.053168 0.746692 1 76 1.000000
0  -4.186698 -14.816700 -8.519484  -0.830428 -0.528748 -0.175539  0.053121 0.747348 1 76 1.000000
lowpoly_plastic
0  -4.246358 -15.105806 -7.366422  -0.705550 -0.675659 -0.213739  0.053168 0.746692 1 76 1.000000
0  -4.246358 -14.748070 -8.497282  -0.705550 -0.675659 -0.213739  0.053162 0.747346 1 76 1.000000
0  -4.212421 -14.780218 -8.507682  -0.705550 -0.675659 -0.213739  0.053143 0.747347 1 76 1.000000
lowpoly_plastic
0  -4.246358 -15.105806 -7.366422  -0.830422 -0.528759 -0.175538  0.053168 0.746692 1 76 1.000000
0  -4.212421 -14.780218 -8.507682  -0.830422 -0.528759 -0.175538  0.053143 0.747347 1 76 1.000000
0  -4.186698 -14.816700 -8.519484  -0.830422 -0.528759 -0.175538  0.053121 0.747348 1 76 1.000000
lowpoly_plastic
0  -4.203315 -14.692856 -8.813908  -0.705553 -0.676264 -0.211804  0.053136 0.747522 1 76 1.000000
0  -4.246358 -14.652081 -8.800717  -0.705553 -0.676264 -0.211804  0.053161 0.747521 1 76 1.000000
0  -4.051042 -13.514329 -13.084143  -0.705553 -0.676264 -0.211804  0.053021 0.749965 1 76 1.000000
lowpoly_plastic
0  -4.186698 -14.716423 -8.821532  -0.830433 -0.528741 -0.175539  0.053122 0.747523 1 76 1.000000
0  -4.203315 -14.692856 -8.813908  -0.830433 -0.528741 -0.175539  0.053136 0.747522 1 76 1.000000
0  -4.051042 -13.514329 -13.084143  -0.830433 -0.528741 -0.175539  0.053021 0.749965 1 76 1.000000
lowpoly_plastic
0  -4.186698 -14.816700 -8.519484  -0.830439 -0.528731 -0.175541  0.053121 0.747348 1 76 1.000000
0  -4.186698 -14.716423 -8.821532  -0.830439 -0.528731 -0.175541  0.053122 0.747523 1 76 1.000000
0  -4.109065 -15.342807 -7.302042  -0.830439 -0.528731 -0.175541  0.053051 0.746624 1 76 1.000000
lowpoly_plastic
0  -3.710847 -12.112393 -12.825891  0.000000 0.950788 0.309843  0.054101 0.749957 1 76 1.000000
0  -3.964703 -12.112393 -12.825891  0.000000 0.950788 0.309843  0.053961 0.749957 1 76 1.000000
0  -3.932255 -13.934565 -7.234345  0.000000 0.950788 0.309843  0.053978 0.746710 1 76 1.000000
lowpoly_plastic
0  -3.710847 -12.112393 -12.825891  0.002892 -0.309723 0.950823  0.796288 0.982770 1 76 1.000000
0  -3.701580 -12.112170 -12.825850  0.002892 -0.309723 0.950823  0.796293 0.982770 1 76 1.000000
0  -3.702160 -12.065657 -12.810697  0.002892 -0.309723 0.950823  0.796293 0.982770 1 76 1.000000
lowpoly_plastic
0  -4.246358 -11.906954 -13.456283  0.052928 0.165479 -0.984792  0.795992 0.983241 1 76 1.000000
0  -4.246358 -13.115116 -13.659294  0.052928 0.165479 -0.984792  0.795324 0.983140 1 76 1.000000
0  -4.292288 -13.131158 -13.664455  0.052928 0.165479 -0.984792  0.795324 0.983140 1 76 1.000000
lowpoly_plastic
0  -3.998513 -13.514329 -13.084143  0.000000 -0.953462 -0.301514  0.054494 0.749913 1 76 1.000000
0  -3.677316 -13.514329 -13.084144  0.000000 -0.953462 -0.301514  0.054317 0.749913 1 76 1.000000
0  -3.568022 -15.342807 -7.302042  0.000000 -0.953462 -0.301514  0.054256 0.746624 1 76 1.000000
lowpoly_plastic
0  -3.677316 -13.514329 -13.084144  0.000000 -0.301529 0.953457  0.796504 0.982726 1 76 1.000000
0  -3.998513 -13.514329 -13.084143  0.000000 -0.301529 0.953457  0.796681 0.982726 1 76 1.000000
0  -3.998513 -13.560975 -13.098894  0.000000 -0.301529 0.953457  0.796681 0.982726 1 76 1.000000
lowpoly_plastic
0  -3.707188 -11.906961 -13.456285  0.000000 0.309780 -0.950808  0.796290 0.983136 1 76 1.000000
0  -3.968361 -11.906961 -13.456285  0.000000 0.309780 -0.950808  0.796146 0.983136 1 76 1.000000
0  -3.967764 -11.860448 -13.441131  0.000000 0.309780 -0.950808  0.796146 0.983136 1 76 1.000000
lowpoly_plastic
0  -4.246358 -13.115116 -13.659294  -1.000000 0.000000 0.000000  0.053136 0.750327 1 76 1.000000
0  -4.246358 -11.906954 -13.456283  -1.000000 0.000000 0.000000  0.053805 0.750429 1 76 1.000000
0  -4.246358 -11.592022 -14.422712  -1.000000 0.000000 0.000000  0.053805 0.750989 1 76 1.000000
lowpoly_plastic
0  -4.246358 -12.112381 -12.825888  0.000098 -0.309753 0.950817  0.795992 0.982770 1 76 1.000000
0  -3.973969 -12.112170 -12.825850  0.000098 -0.309753 0.950817  0.796143 0.982770 1 76 1.000000
0  -3.973390 -12.065657 -12.810697  0.000098 -0.309753 0.950817  0.796143 0.982770 1 76 1.000000
lowpoly_plastic
0  -3.429191 -13.115116 -13.659294  0.716301 -0.663265 -0.216776  0.052892 0.750328 1 76 1.000000
0  -3.630774 -13.321483 -13.693971  0.716301 -0.663265 -0.216776  0.053011 0.750318 1 76 1.000000
0  -3.637389 -13.108394 -14.367811  0.716301 -0.663265 -0.216776  0.053014 0.750708 1 76 1.000000
lowpoly_plastic
0  -3.429191 -13.115116 -13.659294  0.161156 0.163546 -0.973284  0.795079 0.983140 1 76 1.000000
0  -3.429191 -11.906954 -13.456283  0.161156 0.163546 -0.973284  0.794411 0.983242 1 76 1.000000
0  -3.396343 -11.872481 -13.445051  0.161156 0.163546 -0.973284  0.794411 0.983242 1 76 1.000000
lowpoly_plastic
0  -3.986853 -13.321483 -13.693971  0.000000 -0.953462 -0.301514  0.054488 0.750260 1 76 1.000000
0  -4.044922 -13.321483 -13.693972  0.000000 -0.953462 -0.301514  0.054520 0.750260 1 76 1.000000
0  -4.038160 -13.108394 -14.367811  0.000000 -0.953462 -0.301514  0.054516 0.750644 1 76 1.000000
lowpoly_plastic
0  -3.429191 -13.309024 -13.046323  0.092793 -0.265220 0.959712  0.795076 0.982786 1 76 1.000000
0  -3.624787 -13.514329 -13.084143  0.092793 -0.265220 0.959712  0.795195 0.982778 1 76 1.000000
0  -3.606065 -13.557398 -13.097856  0.092793 -0.265220 0.959712  0.795195 0.982778 1 76 1.000000
lowpoly_plastic
0  -4.246358 -11.906954 -13.456283  -0.000472 0.950830 0.309715  0.053805 0.750323 1 76 1.000000
0  -3.973969 -11.906825 -13.456263  -0.000472 0.950830 0.309715  0.053955 0.750323 1 76 1.000000
0  -3.973969 -11.592022 -14.422712  -0.000472 0.950830 0.309715  0.053955 0.750885 1 76 1.000000
lowpoly_plastic
0  -3.973969 -11.906825 -13.456263  -0.000078 0.309723 -0.950827  0.796143 0.983136 1 76 1.000000
0  -4.246358 -11.906954 -13.456283  -0.000078 0.309723 -0.950827  0.795992 0.983136 1 76 1.000000
0  -4.279207 -11.872481 -13.445051  -0.000078 0.309723 -0.950827  0.795992 0.983136 1 76 1.000000
lowpoly_plastic
0  -3.701580 -12.112170 -12.825850  -0.000112 -0.309690 0.950838  0.796293 0.982770 1 76 1.000000
0  -3.429191 -12.112381 -12.825888  -0.000112 -0.309690 0.950838  0.796444 0.982770 1 76 1.000000
0  -3.393213 -12.080860 -12.815618  -0.000112 -0.309690 0.950838  0.796444 0.982770 1 76 1.000000
lowpoly_plastic
0  -4.246358 -13.309024 -13.046323  0.121118 -0.179831 0.976213  0.795327 0.982785 1 76 1.000000
0  -4.246358 -12.112381 -12.825888  0.121118 -0.179831 0.976213  0.795992 0.982876 1 76 1.000000
0  -4.282337 -12.080860 -12.815618  0.121118 -0.179831 0.976213  0.795992 0.982876 1 76 1.000000
lowpoly_plastic
0  -3.701580 -11.906825 -13.456263  0.000472 0.950791 0.309833  0.054106 0.750323 1 76 1.000000
0  -3.429191 -11.906954 -13.456283  0.000472 0.950791 0.309833  0.054256 0.750323 1 76 1.000000
0  -3.429191 -11.592022 -14.422712  0.000472 0.950791 0.309833  0.054256 0.750885 1 76 1.000000
lowpoly_plastic
0  -3.702160 -12.065657 -12.810697  0.051656 0.948138 0.313635  0.865043 0.985895 1 76 1.000000
0  -3.393213 -12.080860 -12.815618  0.051656 0.948138 0.313635  0.865194 0.985895 1 76 1.000000
0  -3.396343 -11.872481 -13.445051  0.051656 0.948138 0.313635  0.865194 0.986261 1 76 1.000000
lowpoly_plastic
0  -4.282337 -12.080860 -12.815618  -0.051657 0.949560 0.309302  0.864742 0.985895 1 76 1.000000
0  -3.973390 -12.065657 -12.810697  -0.051657 0.949560 0.309302  0.864893 0.985895 1 76 1.000000
0  -3.973391 -11.860312 -13.441110  -0.051657 0.949560 0.309302  0.864893 0.986261 1 76 1.000000
lowpoly_plastic
0  -4.291232 -13.327578 -13.052293  -0.999968 0.007600 -0.002456  0.864077 0.985910 1 76 1.000000
0  -4.282337 -12.080860 -12.815618  -0.999968 0.007600 -0.002456  0.864742 0.986001 1 76 1.000000
0  -4.279207 -11.872481 -13.445051  -0.999968 0.007600 -0.002456  0.864742 0.986366 1 76 1.000000
lowpoly_plastic
0  -3.384323 -13.327590 -13.052295  0.723816 -0.656011 -0.213871  0.863826 0.985911 1 76 1.000000
0  -3.606065 -13.557398 -13.097856  0.723816 -0.656011 -0.213871  0.863945 0.985903 1 76 1.000000
0  -3.611082 -13.364156 -13.707562  0.723816 -0.656011 -0.213871  0.863948 0.986256 1 76 1.000000
lowpoly_plastic
0  -3.998513 -13.560975 -13.098894  -0.052256 -0.951838 -0.302114  0.865431 0.985851 1 76 1.000000
0  -4.069777 -13.557392 -13.097856  -0.052256 -0.951838 -0.302114  0.865460 0.985851 1 76 1.000000
0  -4.064624 -13.364151 -13.707564  -0.052256 -0.951838 -0.302114  0.865457 0.986198 1 76 1.000000
lowpoly_plastic
0  -3.383266 -13.131169 -13.664457  0.999942 0.010641 -0.001449  0.863829 0.986265 1 76 1.000000
0  -3.396343 -11.872481 -13.445051  0.999942 0.010641 -0.001449  0.863161 0.986367 1 76 1.000000
0  -3.393213 -12.080860 -12.815618  0.999942 0.010641 -0.001449  0.863161 0.986002 1 76 1.000000
lowpoly_plastic
0  -3.688843 -13.368129 -13.708722  0.053134 -0.951795 -0.302098  0.865260 0.986198 1 76 1.000000
0  -3.611082 -13.364156 -13.707562  0.053134 -0.951795 -0.302098  0.865228 0.986198 1 76 1.000000
0  -3.606065 -13.557398 -13.097856  0.053134 -0.951795 -0.302098  0.865225 0.985851 1 76 1.000000
lowpoly_plastic
0  -3.702159 -11.860312 -13.441110  -0.024275 0.950560 0.309591  0.865043 0.986261 1 76 1.000000
0  -3.707786 -11.860448 -13.441131  -0.024275 0.950560 0.309591  0.865040 0.986261 1 76 1.000000
0  -3.711439 -12.065880 -12.810738  -0.024275 0.950560 0.309591  0.865038 0.985895 1 76 1.000000
lowpoly_plastic
0  -3.967764 -11.860448 -13.441131  0.024150 0.950550 0.309630  0.864896 0.986261 1 76 1.000000
0  -3.973391 -11.860312 -13.441110  0.024150 0.950550 0.309630  0.864893 0.986261 1 76 1.000000
0  -3.973390 -12.065657 -12.810697  0.024150 0.950550 0.309630  0.864893 0.985895 1 76 1.000000
lowpoly_plastic
0  -3.707786 -11.860448 -13.441131  0.000000 0.950789 0.309840  0.865040 0.986261 1 76 1.000000
0  -3.967764 -11.860448 -13.441131  0.000000 0.950789 0.309840  0.864896 0.986261 1 76 1.000000
0  -3.964111 -12.065880 -12.810738  0.000000 0.950789 0.309840  0.864898 0.985895 1 76 1.000000
lowpoly_plastic
0  -3.986853 -13.368129 -13.708722  0.000000 -0.953462 -0.301515  0.865425 0.986198 1 76 1.000000
0  -3.688843 -13.368129 -13.708722  0.000000 -0.953462 -0.301515  0.865260 0.986198 1 76 1.000000
0  -3.677316 -13.560975 -13.098895  0.000000 -0.953462 -0.301515  0.865254 0.985851 1 76 1.000000
lowpoly_plastic
0  -4.292288 -13.131158 -13.664455  -0.718050 -0.661695 -0.215787  0.864074 0.986265 1 76 1.000000
0  -4.064624 -13.364151 -13.707564  -0.718050 -0.661695 -0.215787  0.863955 0.986255 1 76 1.000000
0  -4.069777 -13.557392 -13.097856  -0.718050 -0.661695 -0.215787  0.863958 0.985903 1 76 1.000000
lowpoly_plastic
0  -3.688843 -13.321483 -13.693971  0.000000 0.303488 -0.952835  0.796510 0.983073 1 76 1.000000
0  -3.630774 -13.321483 -13.693971  0.000000 0.303488 -0.952835  0.796478 0.983073 1 76 1.000000
0  -3.611082 -13.364156 -13.707562  0.000000 0.303488 -0.952835  0.796478 0.983073 1 76 1.000000
lowpoly_plastic
0  -3.624787 -13.514329 -13.084143  0.000000 -0.301517 0.953461  0.796475 0.982726 1 76 1.000000
0  -3.677316 -13.514329 -13.084144  0.000000 -0.301517 0.953461  0.796504 0.982726 1 76 1.000000
0  -3.677316 -13.560975 -13.098895  0.000000 -0.301517 0.953461  0.796504 0.982726 1 76 1.000000
lowpoly_plastic
0  -4.246358 -13.115116 -13.659294  0.100557 0.259551 -0.960480  0.795324 0.983140 1 76 1.000000
0  -4.044922 -13.321483 -13.693972  0.100557 0.259551 -0.960480  0.795205 0.983130 1 76 1.000000
0  -4.064624 -13.364151 -13.707564  0.100557 0.259551 -0.960480  0.795205 0.983130 1 76 1.000000
lowpoly_plastic
0  -3.630774 -13.321483 -13.693971  -0.039211 0.202670 -0.978462  0.795198 0.983131 1 76 1.000000
0  -3.429191 -13.115116 -13.659294  -0.039211 0.202670 -0.978462  0.795079 0.983140 1 76 1.000000
0  -3.383266 -13.131169 -13.664457  -0.039211 0.202670 -0.978462  0.795079 0.983140 1 76 1.000000
lowpoly_plastic
0  -3.973969 -12.112170 -12.825850  -0.003155 -0.309767 0.950807  0.796143 0.982770 1 76 1.000000
0  -3.964703 -12.112393 -12.825891  -0.003155 -0.309767 0.950807  0.796148 0.982770 1 76 1.000000
0  -3.964111 -12.065880 -12.810738  -0.003155 -0.309767 0.950807  0.796148 0.982770 1 76 1.000000
lowpoly_plastic
0  -3.429191 -11.906954 -13.456283  0.000089 0.309762 -0.950814  0.796444 0.983136 1 76 1.000000
0  -3.701580 -11.906825 -13.456263  0.000089 0.309762 -0.950814  0.796293 0.983136 1 76 1.000000
0  -3.702159 -11.860312 -13.441110  0.000089 0.309762 -0.950814  0.796293 0.983136 1 76 1.000000
lowpoly_plastic
0  -3.701580 -11.906825 -13.456263  -0.003475 0.309718 -0.950822  0.796293 0.983136 1 76 1.000000
0  -3.707188 -11.906961 -13.456285  -0.003475 0.309718 -0.950822  0.796290 0.983136 1 76 1.000000
0  -3.707786 -11.860448 -13.441131  -0.003475 0.309718 -0.950822  0.796290 0.983136 1 76 1.000000
lowpoly_plastic
0  -4.051042 -13.514329 -13.084143  -0.039818 -0.217527 0.975242  0.795208 0.982778 1 76 1.000000
0  -4.246358 -13.309024 -13.046323  -0.039818 -0.217527 0.975242  0.795327 0.982785 1 76 1.000000
0  -4.291232 -13.327578 -13.052293  -0.039818 -0.217527 0.975242  0.795327 0.982785 1 76 1.000000
lowpoly_plastic
0  -4.044922 -13.321483 -13.693972  0.000042 0.301513 -0.953462  0.796707 0.983073 1 76 1.000000
0  -3.986853 -13.321483 -13.693971  0.000042 0.301513 -0.953462  0.796675 0.983073 1 76 1.000000
0  -3.986853 -13.368129 -13.708722  0.000042 0.301513 -0.953462  0.796675 0.983073 1 76 1.000000
lowpoly_plastic
0  -3.964703 -12.112393 -12.825891  0.000000 -0.309759 0.950815  0.796148 0.982770 1 76 1.000000
0  -3.710847 -12.112393 -12.825891  0.000000 -0.309759 0.950815  0.796288 0.982770 1 76 1.000000
0  -3.711439 -12.065880 -12.810738  0.000000 -0.309759 0.950815  0.796288 0.982770 1 76 1.000000
lowpoly_plastic
0  -3.429191 -12.112381 -12.825888  0.055814 -0.180880 0.981920  0.794411 0.982877 1 76 1.000000
0  -3.429191 -13.309024 -13.046323  0.055814 -0.180880 0.981920  0.795076 0.982786 1 76 1.000000
0  -3.384323 -13.327590 -13.052295  0.055814 -0.180880 0.981920  0.795076 0.982786 1 76 1.000000
lowpoly_plastic
0  -3.968361 -11.906961 -13.456285  0.004344 0.309676 -0.950832  0.796146 0.983136 1 76 1.000000
0  -3.973969 -11.906825 -13.456263  0.004344 0.309676 -0.950832  0.796143 0.983136 1 76 1.000000
0  -3.973391 -11.860312 -13.441110  0.004344 0.309676 -0.950832  0.796143 0.983136 1 76 1.000000
lowpoly_plastic
0  -3.637389 -13.108394 -14.367811  0.000000 0.036195 0.999345  0.018262 0.763527 1 80 1.000000
0  -3.701581 -13.108394 -14.367811  0.000000 0.036195 0.999345  0.018297 0.763527 1 80 1.000000
0  -3.701581 -13.163874 -14.365802  0.000000 0.036195 0.999345  0.018297 0.763558 1 80 1.000000
lowpoly_plastic
0  -4.246359 -12.935904 -15.109928  0.000000 -0.417766 -0.908555  0.006133 0.763355 1 80 1.000000
0  -3.973970 -12.935904 -15.109928  0.000000 -0.417766 -0.908555  0.006283 0.763355 1 80 1.000000
0  -3.973970 -13.144286 -15.014112  0.000000 -0.417766 -0.908555  0.006283 0.763436 1 80 1.000000
lowpoly_plastic
0  -4.246359 -14.748070 -8.497282  -1.000000 0.000000 0.000000  0.053162 0.747346 1 80 1.000000
0  -4.246359 -15.105806 -7.366423  -1.000000 0.000000 0.000000  0.053168 0.746692 1 80 1.000000
0  -4.246359 -14.539154 -8.429697  -1.000000 0.000000 0.000000  0.053283 0.747346 1 80 1.000000
lowpoly_plastic
0  -4.246359 -15.105806 -7.366423  -1.000000 0.000000 0.000000  0.053168 0.746692 1 80 1.000000
0  -4.246359 -14.629436 -7.200296  -1.000000 0.000000 0.000000  0.053446 0.746688 1 80 1.000000
0  -4.246359 -14.539154 -8.429697  -1.000000 0.000000 0.000000  0.053283 0.747346 1 80 1.000000
lowpoly_plastic
0  -4.246359 -14.629436 -7.200296  -1.000000 0.000001 0.000000  0.053446 0.746688 1 80 1.000000
0  -4.246359 -13.937276 -7.225836  -1.000000 0.000001 0.000000  0.053805 0.746820 1 80 1.000000
0  -4.246359 -14.539154 -8.429697  -1.000000 0.000001 0.000000  0.053283 0.747346 1 80 1.000000
lowpoly_plastic
0  -4.246359 -13.937276 -7.225836  -1.000000 0.000000 0.000000  0.053805 0.746820 1 80 1.000000
0  -4.246359 -11.592022 -14.422712  -1.000000 0.000000 0.000000  0.053805 0.750989 1 80 1.000000
0  -4.246359 -14.441198 -8.732496  -1.000000 0.000000 0.000000  0.053283 0.747521 1 80 1.000000
lowpoly_plastic
0  -4.246359 -14.539154 -8.429697  -1.000000 0.000000 0.000000  0.053283 0.747346 1 80 1.000000
0  -4.246359 -13.937276 -7.225836  -1.000000 0.000000 0.000000  0.053805 0.746820 1 80 1.000000
0  -4.246359 -14.441198 -8.732496  -1.000000 0.000000 0.000000  0.053283 0.747521 1 80 1.000000
lowpoly_plastic
0  -4.246359 -11.592022 -14.422712  -1.000000 0.000001 0.000000  0.053805 0.750989 1 80 1.000000
0  -4.246359 -12.888464 -14.375773  -1.000000 0.000001 0.000000  0.053133 0.750741 1 80 1.000000
0  -4.246359 -14.441198 -8.732496  -1.000000 0.000001 0.000000  0.053283 0.747521 1 80 1.000000
lowpoly_plastic
0  -3.701581 -13.108394 -14.367811  0.000000 -0.953462 -0.301514  0.054330 0.750644 1 80 1.000000
0  -3.568022 -15.342807 -7.302042  0.000000 -0.953462 -0.301514  0.054256 0.746624 1 80 1.000000
0  -4.109065 -15.342807 -7.302042  0.000000 -0.953462 -0.301514  0.054555 0.746624 1 80 1.000000
lowpoly_plastic
0  -3.429192 -12.888464 -14.375773  0.000000 0.036183 0.999345  0.018147 0.763406 1 80 1.000000
0  -3.389935 -13.147624 -14.366390  0.000000 0.036183 0.999345  0.018125 0.763549 1 80 1.000000
0  -3.389935 -11.552792 -14.424133  0.000000 0.036183 0.999345  0.018125 0.762670 1 80 1.000000
lowpoly_plastic
0  -3.701581 -11.656617 -14.703101  0.000000 0.628958 -0.777439  0.006434 0.762622 1 80 1.000000
0  -3.973970 -11.656617 -14.703101  0.000000 0.628958 -0.777439  0.006283 0.762622 1 80 1.000000
0  -3.973970 -11.498942 -14.575541  0.000000 0.628958 -0.777439  0.006283 0.762513 1 80 1.000000
lowpoly_plastic
0  -4.038161 -13.108394 -14.367811  -0.000004 0.036192 0.999345  0.018483 0.763527 1 80 1.000000
0  -4.285579 -13.147589 -14.366392  -0.000004 0.036192 0.999345  0.018620 0.763549 1 80 1.000000
0  -3.973970 -13.163874 -14.365802  -0.000004 0.036192 0.999345  0.018448 0.763558 1 80 1.000000
lowpoly_plastic
0  -3.701581 -11.592022 -14.422712  0.003516 0.950824 0.309713  0.054106 0.750885 1 80 1.000000
0  -3.701581 -13.982059 -7.085258  0.003516 0.950824 0.309713  0.054106 0.746624 1 80 1.000000
0  -3.429192 -13.937276 -7.225836  0.003516 0.950824 0.309713  0.054256 0.746705 1 80 1.000000
lowpoly_plastic
0  -3.701581 -13.982059 -7.085258  0.000000 0.952820 0.303536  0.054106 0.746624 1 80 1.000000
0  -3.568022 -13.982059 -7.085258  0.000000 0.952820 0.303536  0.054180 0.746624 1 80 1.000000
0  -3.429192 -13.937276 -7.225836  0.000000 0.952820 0.303536  0.054256 0.746705 1 80 1.000000
lowpoly_plastic
0  -4.246359 -11.592022 -14.422712  0.000000 0.950790 0.309835  0.053805 0.750885 1 80 1.000000
0  -4.246359 -13.937276 -7.225836  0.000000 0.950790 0.309835  0.053805 0.746705 1 80 1.000000
0  -3.973970 -11.592022 -14.422712  0.000000 0.950790 0.309835  0.053955 0.750885 1 80 1.000000
lowpoly_plastic
0  -4.246359 -13.937276 -7.225836  0.000000 0.952816 0.303548  0.053805 0.746705 1 80 1.000000
0  -4.107528 -13.982059 -7.085258  0.000000 0.952816 0.303548  0.053882 0.746624 1 80 1.000000
0  -3.973970 -13.982059 -7.085258  0.000000 0.952816 0.303548  0.053955 0.746624 1 80 1.000000
lowpoly_plastic
0  -3.973970 -11.592022 -14.422712  0.000000 0.950788 0.309843  0.053955 0.750885 1 80 1.000000
0  -3.932255 -13.934565 -7.234345  0.000000 0.950788 0.309843  0.053978 0.746710 1 80 1.000000
0  -3.743295 -13.934565 -7.234345  0.000000 0.950788 0.309843  0.054083 0.746710 1 80 1.000000
lowpoly_plastic
0  -3.701581 -11.656617 -14.703101  0.000000 0.303056 -0.952973  0.018448 0.761847 1 80 1.000000
0  -3.429192 -11.656617 -14.703101  0.000000 0.303056 -0.952973  0.018598 0.761847 1 80 1.000000
0  -3.429192 -12.935904 -15.109928  0.000000 0.303056 -0.952973  0.018598 0.762580 1 80 1.000000
lowpoly_plastic
0  -4.246359 -11.656617 -14.703101  0.000000 0.303056 -0.952973  0.018147 0.761847 1 80 1.000000
0  -3.973970 -11.656617 -14.703101  0.000000 0.303056 -0.952973  0.018297 0.761847 1 80 1.000000
0  -3.973970 -12.935904 -15.109928  0.000000 0.303056 -0.952973  0.018297 0.762580 1 80 1.000000
lowpoly_plastic
0  -3.973970 -11.656617 -14.703101  0.000000 0.303056 -0.952973  0.018297 0.761847 1 80 1.000000
0  -3.701581 -11.656617 -14.703101  0.000000 0.303056 -0.952973  0.018448 0.761847 1 80 1.000000
0  -3.701581 -12.935904 -15.109928  0.000000 0.303056 -0.952973  0.018448 0.762580 1 80 1.000000
lowpoly_plastic
0  -3.973970 -11.592022 -14.422712  0.000000 0.036177 0.999345  0.018448 0.762691 1 80 1.000000
0  -3.701581 -11.592022 -14.422712  0.000000 0.036177 0.999345  0.018297 0.762691 1 80 1.000000
0  -3.701581 -11.536542 -14.424721  0.000000 0.036177 0.999345  0.018297 0.762661 1 80 1.000000
lowpoly_plastic
0  -3.429192 -11.656617 -14.703101  0.000000 0.628959 -0.777439  0.006584 0.762622 1 80 1.000000
0  -3.701581 -11.656617 -14.703101  0.000000 0.628959 -0.777439  0.006434 0.762622 1 80 1.000000
0  -3.701581 -11.498942 -14.575541  0.000000 0.628959 -0.777439  0.006434 0.762513 1 80 1.000000
lowpoly_plastic
0  -3.701581 -11.592022 -14.422712  0.000000 0.036198 0.999345  0.018297 0.762691 1 80 1.000000
0  -3.429192 -11.592022 -14.422712  0.000000 0.036198 0.999345  0.018147 0.762691 1 80 1.000000
0  -3.389935 -11.552792 -14.424133  0.000000 0.036198 0.999345  0.018125 0.762670 1 80 1.000000
lowpoly_plastic
0  -3.701581 -12.935904 -15.109928  0.000000 -0.444081 -0.895987  0.006434 0.763355 1 80 1.000000
0  -3.429192 -12.935904 -15.109928  0.000000 -0.444081 -0.895987  0.006584 0.763355 1 80 1.000000
0  -3.389935 -13.128036 -15.014700  0.000000 -0.444081 -0.895987  0.006606 0.763428 1 80 1.000000
lowpoly_plastic
0  -4.285614 -11.552792 -14.424133  -0.050076 0.969089 0.241577  0.006883 0.765733 1 80 1.000000
0  -3.973970 -11.536542 -14.424721  -0.050076 0.969089 0.241577  0.006886 0.765561 1 80 1.000000
0  -3.973970 -11.498942 -14.575541  -0.050076 0.969089 0.241577  0.006972 0.765561 1 80 1.000000
lowpoly_plastic
0  -3.389935 -13.147624 -14.366390  0.051990 -0.998192 -0.030159  0.006468 0.765238 1 80 1.000000
0  -3.701581 -13.163874 -14.365802  0.051990 -0.998192 -0.030159  0.006470 0.765410 1 80 1.000000
0  -3.701581 -13.144286 -15.014112  0.051990 -0.998192 -0.030159  0.006113 0.765410 1 80 1.000000
lowpoly_plastic
0  -3.973970 -11.536542 -14.424721  0.000000 0.970303 0.241892  0.006886 0.765561 1 80 1.000000
0  -3.701581 -11.536542 -14.424721  0.000000 0.970303 0.241892  0.006886 0.765410 1 80 1.000000
0  -3.701581 -11.498942 -14.575541  0.000000 0.970303 0.241892  0.006972 0.765410 1 80 1.000000
lowpoly_plastic
0  -3.973970 -13.163874 -14.365802  -0.052109 -0.998188 -0.030102  0.006470 0.765561 1 80 1.000000
0  -4.285579 -13.147589 -14.366392  -0.052109 -0.998188 -0.030102  0.006468 0.765733 1 80 1.000000
0  -4.285614 -13.128036 -15.014700  -0.052109 -0.998188 -0.030102  0.006111 0.765733 1 80 1.000000
lowpoly_plastic
0  -3.701581 -11.536542 -14.424721  0.050074 0.969086 0.241589  0.006886 0.765410 1 80 1.000000
0  -3.389935 -11.552792 -14.424133  0.050074 0.969086 0.241589  0.006883 0.765238 1 80 1.000000
0  -3.389935 -11.515192 -14.574951  0.050074 0.969086 0.241589  0.006969 0.765238 1 80 1.000000
lowpoly_plastic
0  -3.389935 -11.552792 -14.424133  1.000000 -0.000000 0.000000  0.006111 0.765214 1 80 1.000000
0  -3.389935 -13.147624 -14.366390  1.000000 -0.000000 0.000000  0.006111 0.764333 1 80 1.000000
0  -3.389935 -13.128036 -15.014700  1.000000 -0.000000 0.000000  0.006468 0.764357 1 80 1.000000
lowpoly_plastic
0  -4.285579 -13.147589 -14.366392  -1.000000 -0.000022 -0.000006  0.006924 0.764333 1 80 1.000000
0  -4.285614 -11.552792 -14.424133  -1.000000 -0.000022 -0.000006  0.006924 0.765214 1 80 1.000000
0  -4.285614 -11.515192 -14.574951  -1.000000 -0.000022 -0.000006  0.006842 0.765238 1 80 1.000000
lowpoly_plastic
0  -3.701581 -13.163874 -14.365802  0.000000 -0.999544 -0.030202  0.006470 0.765410 1 80 1.000000
0  -3.973970 -13.163874 -14.365802  0.000000 -0.999544 -0.030202  0.006470 0.765561 1 80 1.000000
0  -3.973970 -13.144286 -15.014112  0.000000 -0.999544 -0.030202  0.006113 0.765561 1 80 1.000000
lowpoly_plastic
0  -3.701581 -13.108394 -14.367811  0.000000 0.036195 0.999345  0.018297 0.763527 1 80 1.000000
0  -3.973970 -13.108394 -14.367811  0.000000 0.036195 0.999345  0.018448 0.763527 1 80 1.000000
0  -3.973970 -13.163874 -14.365802  0.000000 0.036195 0.999345  0.018448 0.763558 1 80 1.000000
lowpoly_plastic
0  -3.973970 -12.935904 -15.109928  0.000000 -0.417767 -0.908554  0.006283 0.763355 1 80 1.000000
0  -3.701581 -12.935904 -15.109928  0.000000 -0.417767 -0.908554  0.006434 0.763355 1 80 1.000000
0  -3.701581 -13.144286 -15.014112  0.000000 -0.417767 -0.908554  0.006434 0.763436 1 80 1.000000
lowpoly_plastic
0  -4.246359 -11.656617 -14.703101  -0.966994 0.077217 -0.242816  0.006767 0.765162 1 80 1.000000
0  -4.246359 -12.935904 -15.109928  -0.966994 0.077217 -0.242816  0.006518 0.764465 1 80 1.000000
0  -4.285614 -13.128036 -15.014700  -0.966994 0.077217 -0.242816  0.006568 0.764357 1 80 1.000000
lowpoly_plastic
0  -4.246359 -11.592022 -14.422712  0.000000 0.036177 0.999345  0.018598 0.762691 1 80 1.000000
0  -3.973970 -11.592022 -14.422712  0.000000 0.036177 0.999345  0.018448 0.762691 1 80 1.000000
0  -3.973970 -11.536542 -14.424721  0.000000 0.036177 0.999345  0.018448 0.762661 1 80 1.000000
lowpoly_plastic
0  -3.973970 -11.656617 -14.703101  0.000000 0.671474 -0.741028  0.006283 0.762622 1 80 1.000000
0  -4.246359 -11.656617 -14.703101  0.000000 0.671474 -0.741028  0.006133 0.762622 1 80 1.000000
0  -4.285614 -11.515192 -14.574951  0.000000 0.671474 -0.741028  0.006111 0.762521 1 80 1.000000
lowpoly_plastic
0  -3.429192 -14.652081 -8.800717  1.000000 0.000000 0.000000  0.052868 0.747521 1 80 1.000000
0  -3.429192 -12.888464 -14.375773  1.000000 0.000000 0.000000  0.052895 0.750742 1 80 1.000000
0  -3.429192 -14.441198 -8.732496  1.000000 0.000000 0.000000  0.052745 0.747522 1 80 1.000000
lowpoly_plastic
0  -3.429192 -12.888464 -14.375773  1.000000 -0.000001 0.000000  0.052895 0.750742 1 80 1.000000
0  -3.429192 -11.592022 -14.422712  1.000000 -0.000001 0.000000  0.052223 0.750989 1 80 1.000000
0  -3.429192 -14.441198 -8.732496  1.000000 -0.000001 0.000000  0.052745 0.747522 1 80 1.000000
lowpoly_plastic
0  -3.429192 -11.592022 -14.422712  1.000000 0.000000 0.000000  0.052223 0.750989 1 80 1.000000
0  -3.429192 -13.937276 -7.225836  1.000000 0.000000 0.000000  0.052223 0.746820 1 80 1.000000
0  -3.429192 -14.441198 -8.732496  1.000000 0.000000 0.000000  0.052745 0.747522 1 80 1.000000
lowpoly_plastic
0  -3.429192 -13.937276 -7.225836  1.000000 0.000000 0.000000  0.052223 0.746820 1 80 1.000000
0  -3.429192 -14.629436 -7.200296  1.000000 0.000000 0.000000  0.052582 0.746688 1 80 1.000000
0  -3.429192 -14.539154 -8.429697  1.000000 0.000000 0.000000  0.052745 0.747346 1 80 1.000000
lowpoly_plastic
0  -3.429192 -14.441198 -8.732496  1.000000 0.000003 0.000000  0.052745 0.747522 1 80 1.000000
0  -3.429192 -13.937276 -7.225836  1.000000 0.000003 0.000000  0.052223 0.746820 1 80 1.000000
0  -3.429192 -14.539154 -8.429697  1.000000 0.000003 0.000000  0.052745 0.747346 1 80 1.000000
lowpoly_plastic
0  -3.429192 -14.629436 -7.200296  1.000000 -0.000001 0.000000  0.052582 0.746688 1 80 1.000000
0  -3.429192 -15.105806 -7.366423  1.000000 -0.000001 0.000000  0.052860 0.746693 1 80 1.000000
0  -3.429192 -14.539154 -8.429697  1.000000 -0.000001 0.000000  0.052745 0.747346 1 80 1.000000
lowpoly_plastic
0  -3.429192 -12.935904 -15.109928  0.896126 0.134496 -0.422930  0.006518 0.764465 1 80 1.000000
0  -3.429192 -11.656617 -14.703101  0.896126 0.134496 -0.422930  0.006269 0.765162 1 80 1.000000
0  -3.389935 -11.515192 -14.574951  0.896126 0.134496 -0.422930  0.006194 0.765238 1 80 1.000000
lowpoly_plastic
0  -4.246359 -12.888464 -14.375773  -0.705553 -0.675656 -0.213737  0.053133 0.750741 1 80 1.000000
0  -4.038161 -13.108394 -14.367811  -0.705553 -0.675656 -0.213737  0.053014 0.750707 1 80 1.000000
0  -4.246359 -14.652081 -8.800717  -0.705553 -0.675656 -0.213737  0.053161 0.747521 1 80 1.000000
lowpoly_plastic
0  -4.038161 -13.108394 -14.367811  -0.830426 -0.528751 -0.175540  0.053014 0.750707 1 80 1.000000
0  -4.109065 -15.342807 -7.302042  -0.830426 -0.528751 -0.175540  0.053051 0.746624 1 80 1.000000
0  -4.186698 -14.716423 -8.821532  -0.830426 -0.528751 -0.175540  0.053122 0.747523 1 80 1.000000
lowpoly_plastic
0  -4.109065 -15.342807 -7.302042  -0.830427 -0.528750 -0.175540  0.053051 0.746624 1 80 1.000000
0  -4.246359 -15.105806 -7.366423  -0.830427 -0.528750 -0.175540  0.053168 0.746692 1 80 1.000000
0  -4.186698 -14.816700 -8.519485  -0.830427 -0.528750 -0.175540  0.053121 0.747348 1 80 1.000000
lowpoly_plastic
0  -4.246359 -15.105806 -7.366423  -0.705545 -0.675663 -0.213740  0.053168 0.746692 1 80 1.000000
0  -4.246359 -14.748070 -8.497282  -0.705545 -0.675663 -0.213740  0.053162 0.747346 1 80 1.000000
0  -4.212421 -14.780218 -8.507682  -0.705545 -0.675663 -0.213740  0.053143 0.747347 1 80 1.000000
lowpoly_plastic
0  -4.246359 -15.105806 -7.366423  -0.830427 -0.528751 -0.175539  0.053168 0.746692 1 80 1.000000
0  -4.212421 -14.780218 -8.507682  -0.830427 -0.528751 -0.175539  0.053143 0.747347 1 80 1.000000
0  -4.186698 -14.816700 -8.519485  -0.830427 -0.528751 -0.175539  0.053121 0.747348 1 80 1.000000
lowpoly_plastic
0  -4.203315 -14.692856 -8.813908  -0.705549 -0.675660 -0.213738  0.053136 0.747522 1 80 1.000000
0  -4.246359 -14.652081 -8.800717  -0.705549 -0.675660 -0.213738  0.053161 0.747521 1 80 1.000000
0  -4.038161 -13.108394 -14.367811  -0.705549 -0.675660 -0.213738  0.053014 0.750707 1 80 1.000000
lowpoly_plastic
0  -4.186698 -14.716423 -8.821532  -0.830436 -0.528733 -0.175547  0.053122 0.747523 1 80 1.000000
0  -4.203315 -14.692856 -8.813908  -0.830436 -0.528733 -0.175547  0.053136 0.747522 1 80 1.000000
0  -4.038161 -13.108394 -14.367811  -0.830436 -0.528733 -0.175547  0.053014 0.750707 1 80 1.000000
lowpoly_plastic
0  -3.429192 -14.748070 -8.497282  0.829944 -0.531868 -0.168253  0.052866 0.747346 1 80 1.000000
0  -3.429192 -15.105806 -7.366423  0.829944 -0.531868 -0.168253  0.052860 0.746693 1 80 1.000000
0  -3.497024 -14.844090 -8.528344  0.829944 -0.531868 -0.168253  0.052923 0.747348 1 80 1.000000
lowpoly_plastic
0  -3.429192 -15.105806 -7.366423  0.829942 -0.531873 -0.168252  0.052860 0.746693 1 80 1.000000
0  -3.568022 -15.342807 -7.302042  0.829942 -0.531873 -0.168252  0.052977 0.746624 1 80 1.000000
0  -3.497024 -14.844090 -8.528344  0.829942 -0.531873 -0.168252  0.052923 0.747348 1 80 1.000000
lowpoly_plastic
0  -3.568022 -15.342807 -7.302042  0.774753 -0.600614 -0.197538  0.052977 0.746624 1 80 1.000000
0  -3.637389 -13.108394 -14.367811  0.774753 -0.600614 -0.197538  0.053014 0.750708 1 80 1.000000
0  -3.497024 -14.748100 -8.831779  0.774753 -0.600614 -0.197538  0.052925 0.747523 1 80 1.000000
lowpoly_plastic
0  -3.637389 -13.108394 -14.367811  0.705554 -0.675655 -0.213737  0.053014 0.750708 1 80 1.000000
0  -3.429192 -12.888464 -14.375773  0.705554 -0.675655 -0.213737  0.052895 0.750742 1 80 1.000000
0  -3.429192 -14.652081 -8.800717  0.705554 -0.675655 -0.213737  0.052868 0.747521 1 80 1.000000
lowpoly_plastic
0  -3.497024 -14.748100 -8.831779  0.829931 -0.528817 -0.177673  0.052925 0.747523 1 80 1.000000
0  -3.637389 -13.108394 -14.367811  0.829931 -0.528817 -0.177673  0.053014 0.750708 1 80 1.000000
0  -3.429192 -14.652081 -8.800717  0.829931 -0.528817 -0.177673  0.052868 0.747521 1 80 1.000000
lowpoly_plastic
0  -4.246359 -12.888464 -14.375773  -0.000002 0.036182 0.999345  0.018598 0.763406 1 80 1.000000
0  -4.246359 -11.592022 -14.422712  -0.000002 0.036182 0.999345  0.018598 0.762691 1 80 1.000000
0  -4.285614 -11.552792 -14.424133  -0.000002 0.036182 0.999345  0.018620 0.762670 1 80 1.000000
lowpoly_plastic
0  -3.497024 -14.748100 -8.831779  1.000000 0.000000 0.000000  0.004094 0.762638 1 80 1.000000
0  -3.497024 -14.441198 -8.732496  1.000000 0.000000 0.000000  0.003916 0.762639 1 80 1.000000
0  -3.497024 -14.539154 -8.429697  1.000000 0.000000 0.000000  0.003915 0.762463 1 80 1.000000
lowpoly_plastic
0  -3.429192 -14.539154 -8.429697  0.000000 -0.951452 -0.307798  0.025459 0.767739 1 80 1.000000
0  -3.497024 -14.539154 -8.429697  0.000000 -0.951452 -0.307798  0.025497 0.767739 1 80 1.000000
0  -3.497024 -14.441198 -8.732496  0.000000 -0.951452 -0.307798  0.025497 0.767911 1 80 1.000000
lowpoly_plastic
0  -3.497024 -14.441198 -8.732496  0.000011 -0.307795 0.951453  0.025982 0.764838 1 80 1.000000
0  -3.497024 -14.748100 -8.831779  0.000011 -0.307795 0.951453  0.025982 0.765009 1 80 1.000000
0  -3.429192 -14.652081 -8.800717  0.000011 -0.307795 0.951453  0.025944 0.764956 1 80 1.000000
lowpoly_plastic
0  -3.497024 -14.539154 -8.429697  0.000000 0.307799 -0.951451  0.025459 0.767563 1 80 1.000000
0  -3.429192 -14.539154 -8.429697  0.000000 0.307799 -0.951451  0.025497 0.767563 1 80 1.000000
0  -3.429192 -14.748070 -8.497282  0.000000 0.307799 -0.951451  0.025497 0.767684 1 80 1.000000
lowpoly_plastic
0  -4.186698 -14.816700 -8.519485  -1.000000 0.000000 0.000000  0.004290 0.762462 1 80 1.000000
0  -4.186698 -14.539154 -8.429697  -1.000000 0.000000 0.000000  0.004451 0.762463 1 80 1.000000
0  -4.186698 -14.441198 -8.732496  -1.000000 0.000000 0.000000  0.004451 0.762638 1 80 1.000000
lowpoly_plastic
0  -4.246359 -14.441198 -8.732496  0.000000 -0.951452 -0.307796  0.025977 0.765182 1 80 1.000000
0  -4.186698 -14.441198 -8.732496  0.000000 -0.951452 -0.307796  0.025944 0.765182 1 80 1.000000
0  -4.186698 -14.539154 -8.429697  0.000000 -0.951452 -0.307796  0.025944 0.765009 1 80 1.000000
lowpoly_plastic
0  -4.203315 -14.692856 -8.813908  0.000000 -0.307780 0.951458  0.025954 0.765481 1 80 1.000000
0  -4.186698 -14.716423 -8.821532  0.000000 -0.307780 0.951458  0.025944 0.765494 1 80 1.000000
0  -4.186698 -14.441198 -8.732496  0.000000 -0.307780 0.951458  0.025944 0.765341 1 80 1.000000
lowpoly_plastic
0  -4.186698 -14.441198 -8.732496  0.000000 -0.307797 0.951452  0.025944 0.765341 1 80 1.000000
0  -4.246359 -14.441198 -8.732496  0.000000 -0.307797 0.951452  0.025977 0.765341 1 80 1.000000
0  -4.246359 -14.652081 -8.800717  0.000000 -0.307797 0.951452  0.025977 0.765459 1 80 1.000000
lowpoly_plastic
0  -4.246359 -14.748070 -8.497282  0.000000 0.307800 -0.951451  0.025944 0.765302 1 80 1.000000
0  -4.246359 -14.539154 -8.429697  0.000000 0.307800 -0.951451  0.025944 0.765182 1 80 1.000000
0  -4.186698 -14.539154 -8.429697  0.000000 0.307800 -0.951451  0.025977 0.765182 1 80 1.000000
lowpoly_plastic
0  -4.186698 -14.539154 -8.429697  0.000032 0.307796 -0.951452  0.025977 0.765182 1 80 1.000000
0  -4.186698 -14.816700 -8.519485  0.000032 0.307796 -0.951452  0.025977 0.765341 1 80 1.000000
0  -4.212421 -14.780218 -8.507682  0.000032 0.307796 -0.951452  0.025963 0.765320 1 80 1.000000
lowpoly_plastic
0  -4.109065 -15.342807 -7.302042  -0.711032 -0.231539 0.663945  0.055398 0.748444 1 80 1.000000
0  -4.109065 -14.650455 -7.060596  -0.711032 -0.231539 0.663945  0.055436 0.748060 1 80 1.000000
0  -4.246359 -14.629436 -7.200296  -0.711032 -0.231539 0.663945  0.055512 0.748058 1 80 1.000000
lowpoly_plastic
0  -3.429192 -14.629436 -7.200296  0.707107 -0.232839 0.667672  0.055405 0.748823 1 80 1.000000
0  -3.568022 -14.650455 -7.060596  0.707107 -0.232839 0.667672  0.055482 0.748825 1 80 1.000000
0  -3.568022 -15.342807 -7.302042  0.707107 -0.232839 0.667672  0.055520 0.749210 1 80 1.000000
lowpoly_plastic
0  -4.109065 -14.650455 -7.060596  -0.706815 0.027706 0.706856  0.055436 0.748060 1 80 1.000000
0  -4.107528 -13.982059 -7.085258  -0.706815 0.027706 0.706856  0.055472 0.747693 1 80 1.000000
0  -4.246359 -13.937276 -7.225836  -0.706815 0.027706 0.706856  0.055550 0.747678 1 80 1.000000
lowpoly_plastic
0  -3.429192 -14.629436 -7.200296  0.707113 0.026073 0.706620  0.055405 0.748823 1 80 1.000000
0  -3.429192 -13.937276 -7.225836  0.707113 0.026073 0.706620  0.055368 0.748444 1 80 1.000000
0  -3.568022 -13.982059 -7.085258  0.707113 0.026073 0.706620  0.055447 0.748459 1 80 1.000000
lowpoly_plastic
0  -3.568022 -15.342807 -7.302042  -0.999960 0.002962 -0.008488  0.053499 0.797757 1 80 1.000000
0  -3.568022 -14.650455 -7.060596  -0.999960 0.002962 -0.008488  0.053499 0.797352 1 80 1.000000
0  -3.567250 -14.652116 -7.152119  -0.999960 0.002962 -0.008488  0.053547 0.797369 1 80 1.000000
lowpoly_plastic
0  -3.973970 -13.982059 -7.085258  0.980196 -0.197680 0.011776  0.053719 0.798072 1 80 1.000000
0  -4.109065 -14.650455 -7.060596  0.980196 -0.197680 0.011776  0.053848 0.798419 1 80 1.000000
0  -4.108300 -14.652116 -7.152119  0.980196 -0.197680 0.011776  0.053801 0.798436 1 80 1.000000
lowpoly_plastic
0  -4.109065 -14.650455 -7.060596  0.999642 -0.008805 0.025247  0.053848 0.798419 1 80 1.000000
0  -4.109065 -15.342807 -7.302042  0.999642 -0.008805 0.025247  0.053848 0.798823 1 80 1.000000
0  -4.107120 -15.321728 -7.371704  0.999642 -0.008805 0.025247  0.053808 0.798825 1 80 1.000000
lowpoly_plastic
0  -3.568022 -14.650455 -7.060596  -0.869961 -0.190616 -0.454789  0.053499 0.797352 1 80 1.000000
0  -3.701581 -13.982059 -7.085258  -0.869961 -0.190616 -0.454789  0.053628 0.797005 1 80 1.000000
0  -3.654448 -13.977921 -7.177152  -0.869961 -0.190616 -0.454789  0.053679 0.797020 1 80 1.000000
lowpoly_plastic
0  -3.570176 -15.321728 -7.371703  -0.993859 0.038378 -0.103790  0.053539 0.797758 1 80 1.000000
0  -3.567250 -14.652116 -7.152119  -0.993859 0.038378 -0.103790  0.053547 0.797369 1 80 1.000000
0  -3.507154 -14.612749 -7.713018  -0.993859 0.038378 -0.103790  0.053848 0.797451 1 80 1.000000
lowpoly_plastic
0  -4.021102 -13.977921 -7.177152  0.984695 -0.131598 -0.114270  0.053669 0.798087 1 80 1.000000
0  -4.108300 -14.652116 -7.152119  0.984695 -0.131598 -0.114270  0.053801 0.798436 1 80 1.000000
0  -4.168129 -14.612749 -7.713018  0.984695 -0.131598 -0.114270  0.053499 0.798518 1 80 1.000000
lowpoly_plastic
0  -4.108300 -14.652116 -7.152119  0.988680 -0.045178 0.143076  0.053801 0.798436 1 80 1.000000
0  -4.107120 -15.321728 -7.371704  0.988680 -0.045178 0.143076  0.053808 0.798825 1 80 1.000000
0  -4.056980 -15.177279 -7.672565  0.988680 -0.045178 0.143076  0.053627 0.798803 1 80 1.000000
lowpoly_plastic
0  -3.567250 -14.652116 -7.152119  -0.986671 -0.131188 -0.096281  0.053547 0.797369 1 80 1.000000
0  -3.654448 -13.977921 -7.177152  -0.986671 -0.131188 -0.096281  0.053679 0.797020 1 80 1.000000
0  -3.613680 -14.040177 -7.510113  -0.986671 -0.131188 -0.096281  0.053842 0.797114 1 80 1.000000
lowpoly_plastic
0  -3.620435 -15.177279 -7.672565  0.000000 0.071474 0.997442  0.053474 0.800360 1 80 1.000000
0  -3.507154 -14.612749 -7.713018  0.000000 0.071474 0.997442  0.053411 0.800049 1 80 1.000000
0  -4.168129 -14.612749 -7.713018  0.000000 0.071474 0.997442  0.053776 0.800049 1 80 1.000000
lowpoly_plastic
0  -3.507154 -14.612749 -7.713018  0.000000 -0.334021 0.942566  0.053411 0.800049 1 80 1.000000
0  -3.613680 -14.040177 -7.510113  0.000000 -0.334021 0.942566  0.053470 0.799730 1 80 1.000000
0  -4.061603 -14.040177 -7.510113  0.000000 -0.334021 0.942566  0.053718 0.799730 1 80 1.000000
lowpoly_plastic
0  -3.620435 -15.177279 -7.672565  0.000001 0.913031 0.407890  0.053722 0.797802 1 80 1.000000
0  -4.056980 -15.177279 -7.672565  0.000001 0.913031 0.407890  0.053722 0.798043 1 80 1.000000
0  -4.109065 -15.342807 -7.302042  0.000001 0.913031 0.407890  0.053499 0.798072 1 80 1.000000
lowpoly_plastic
0  -3.613680 -14.040177 -7.510113  0.000000 -0.933854 0.357654  0.053722 0.797773 1 80 1.000000
0  -3.743295 -13.934565 -7.234345  0.000000 -0.933854 0.357654  0.053866 0.797844 1 80 1.000000
0  -3.932255 -13.934565 -7.234345  0.000000 -0.933854 0.357654  0.053866 0.797949 1 80 1.000000
lowpoly_plastic
0  -3.637389 -13.108394 -14.367811  0.000000 0.036178 0.999345  0.018262 0.763527 1 80 1.000000
0  -3.701580 -13.108394 -14.367811  0.000000 0.036178 0.999345  0.018297 0.763527 1 80 1.000000
0  -3.701580 -13.163874 -14.365803  0.000000 0.036178 0.999345  0.018297 0.763558 1 80 1.000000
lowpoly_plastic
0  -4.246358 -12.935904 -15.109930  0.000000 -0.417769 -0.908553  0.006133 0.763355 1 80 1.000000
0  -3.973969 -12.935904 -15.109930  0.000000 -0.417769 -0.908553  0.006283 0.763355 1 80 1.000000
0  -3.973969 -13.144286 -15.014112  0.000000 -0.417769 -0.908553  0.006283 0.763436 1 80 1.000000
lowpoly_plastic
0  -4.246358 -14.748070 -8.497282  -1.000000 0.000000 0.000000  0.053162 0.747346 1 80 1.000000
0  -4.246358 -15.105806 -7.366422  -1.000000 0.000000 0.000000  0.053168 0.746692 1 80 1.000000
0  -4.246358 -14.539154 -8.429697  -1.000000 0.000000 0.000000  0.053283 0.747346 1 80 1.000000
lowpoly_plastic
0  -4.246358 -15.105806 -7.366422  -1.000000 0.000000 0.000000  0.053168 0.746692 1 80 1.000000
0  -4.246358 -14.629436 -7.200296  -1.000000 0.000000 0.000000  0.053446 0.746688 1 80 1.000000
0  -4.246358 -14.539154 -8.429697  -1.000000 0.000000 0.000000  0.053283 0.747346 1 80 1.000000
lowpoly_plastic
0  -4.246358 -14.629436 -7.200296  -1.000000 0.000000 0.000000  0.053446 0.746688 1 80 1.000000
0  -4.246358 -13.937276 -7.225835  -1.000000 0.000000 0.000000  0.053805 0.746820 1 80 1.000000
0  -4.246358 -14.539154 -8.429697  -1.000000 0.000000 0.000000  0.053283 0.747346 1 80 1.000000
lowpoly_plastic
0  -4.246358 -13.937276 -7.225835  -1.000000 0.000000 0.000000  0.053805 0.746820 1 80 1.000000
0  -4.246358 -12.112381 -12.825888  -1.000000 0.000000 0.000000  0.053805 0.750064 1 80 1.000000
0  -4.246358 -14.441198 -8.732496  -1.000000 0.000000 0.000000  0.053283 0.747521 1 80 1.000000
lowpoly_plastic
0  -4.246358 -14.539154 -8.429697  -1.000000 0.000000 0.000000  0.053283 0.747346 1 80 1.000000
0  -4.246358 -13.937276 -7.225835  -1.000000 0.000000 0.000000  0.053805 0.746820 1 80 1.000000
0  -4.246358 -14.441198 -8.732496  -1.000000 0.000000 0.000000  0.053283 0.747521 1 80 1.000000
lowpoly_plastic
0  -4.246358 -12.112381 -12.825888  -1.000000 0.000000 0.000000  0.053805 0.750064 1 80 1.000000
0  -4.246358 -13.309024 -13.046323  -1.000000 0.000000 0.000000  0.053139 0.749973 1 80 1.000000
0  -4.246358 -14.441198 -8.732496  -1.000000 0.000000 0.000000  0.053283 0.747521 1 80 1.000000
lowpoly_plastic
0  -3.701580 -13.108394 -14.367811  0.000000 -0.953462 -0.301513  0.054330 0.750644 1 80 1.000000
0  -3.688843 -13.321483 -13.693971  0.000000 -0.953462 -0.301513  0.054323 0.750260 1 80 1.000000
0  -3.986853 -13.321483 -13.693971  0.000000 -0.953462 -0.301513  0.054488 0.750260 1 80 1.000000
lowpoly_plastic
0  -3.429191 -12.888464 -14.375774  0.000000 0.036183 0.999345  0.018147 0.763406 1 80 1.000000
0  -3.389935 -13.147624 -14.366390  0.000000 0.036183 0.999345  0.018125 0.763549 1 80 1.000000
0  -3.389935 -11.552792 -14.424133  0.000000 0.036183 0.999345  0.018125 0.762670 1 80 1.000000
lowpoly_plastic
0  -3.701580 -11.656617 -14.703102  0.000000 0.628962 -0.777436  0.006434 0.762622 1 80 1.000000
0  -3.973969 -11.656617 -14.703102  0.000000 0.628962 -0.777436  0.006283 0.762622 1 80 1.000000
0  -3.973969 -11.498941 -14.575541  0.000000 0.628962 -0.777436  0.006283 0.762513 1 80 1.000000
lowpoly_plastic
0  -4.038160 -13.108394 -14.367811  0.000002 0.036178 0.999345  0.018483 0.763527 1 80 1.000000
0  -4.285579 -13.147589 -14.366392  0.000002 0.036178 0.999345  0.018620 0.763549 1 80 1.000000
0  -3.973969 -13.163874 -14.365803  0.000002 0.036178 0.999345  0.018448 0.763558 1 80 1.000000
lowpoly_plastic
0  -3.701580 -12.112170 -12.825850  0.003516 0.950824 0.309713  0.054106 0.749957 1 80 1.000000
0  -3.701580 -13.982059 -7.085258  0.003516 0.950824 0.309713  0.054106 0.746624 1 80 1.000000
0  -3.429191 -13.937276 -7.225835  0.003516 0.950824 0.309713  0.054256 0.746705 1 80 1.000000
lowpoly_plastic
0  -3.701580 -13.982059 -7.085258  0.000000 0.952820 0.303537  0.054106 0.746624 1 80 1.000000
0  -3.568022 -13.982059 -7.085258  0.000000 0.952820 0.303537  0.054180 0.746624 1 80 1.000000
0  -3.429191 -13.937276 -7.225835  0.000000 0.952820 0.303537  0.054256 0.746705 1 80 1.000000
lowpoly_plastic
0  -4.246358 -12.112381 -12.825888  -0.000780 0.950790 0.309835  0.053805 0.749957 1 80 1.000000
0  -4.246358 -13.937276 -7.225835  -0.000780 0.950790 0.309835  0.053805 0.746705 1 80 1.000000
0  -3.973969 -12.112170 -12.825850  -0.000780 0.950790 0.309835  0.053955 0.749957 1 80 1.000000
lowpoly_plastic
0  -4.246358 -13.937276 -7.225835  0.000000 0.952819 0.303539  0.053805 0.746705 1 80 1.000000
0  -4.107528 -13.982059 -7.085258  0.000000 0.952819 0.303539  0.053882 0.746624 1 80 1.000000
0  -3.973969 -13.982059 -7.085258  0.000000 0.952819 0.303539  0.053955 0.746624 1 80 1.000000
lowpoly_plastic
0  -3.973969 -11.592022 -14.422712  0.000000 0.950788 0.309844  0.053955 0.750885 1 80 1.000000
0  -3.968361 -11.906961 -13.456285  0.000000 0.950788 0.309844  0.053958 0.750323 1 80 1.000000
0  -3.707188 -11.906961 -13.456285  0.000000 0.950788 0.309844  0.054103 0.750323 1 80 1.000000
lowpoly_plastic
0  -3.701580 -11.656617 -14.703102  0.000000 0.303056 -0.952973  0.018448 0.761847 1 80 1.000000
0  -3.429191 -11.656617 -14.703102  0.000000 0.303056 -0.952973  0.018598 0.761847 1 80 1.000000
0  -3.429191 -12.935904 -15.109930  0.000000 0.303056 -0.952973  0.018598 0.762580 1 80 1.000000
lowpoly_plastic
0  -4.246358 -11.656617 -14.703102  0.000000 0.303056 -0.952973  0.018147 0.761847 1 80 1.000000
0  -3.973969 -11.656617 -14.703102  0.000000 0.303056 -0.952973  0.018297 0.761847 1 80 1.000000
0  -3.973969 -12.935904 -15.109930  0.000000 0.303056 -0.952973  0.018297 0.762580 1 80 1.000000
lowpoly_plastic
0  -3.973969 -11.656617 -14.703102  0.000000 0.303056 -0.952973  0.018297 0.761847 1 80 1.000000
0  -3.701580 -11.656617 -14.703102  0.000000 0.303056 -0.952973  0.018448 0.761847 1 80 1.000000
0  -3.701580 -12.935904 -15.109930  0.000000 0.303056 -0.952973  0.018448 0.762580 1 80 1.000000
lowpoly_plastic
0  -3.973969 -11.592022 -14.422712  0.000000 0.036194 0.999345  0.018448 0.762691 1 80 1.000000
0  -3.701580 -11.592022 -14.422712  0.000000 0.036194 0.999345  0.018297 0.762691 1 80 1.000000
0  -3.701580 -11.536541 -14.424722  0.000000 0.036194 0.999345  0.018297 0.762661 1 80 1.000000
lowpoly_plastic
0  -3.429191 -11.656617 -14.703102  0.000000 0.628961 -0.777437  0.006584 0.762622 1 80 1.000000
0  -3.701580 -11.656617 -14.703102  0.000000 0.628961 -0.777437  0.006434 0.762622 1 80 1.000000
0  -3.701580 -11.498941 -14.575541  0.000000 0.628961 -0.777437  0.006434 0.762513 1 80 1.000000
lowpoly_plastic
0  -3.701580 -11.592022 -14.422712  0.000000 0.036198 0.999345  0.018297 0.762691 1 80 1.000000
0  -3.429191 -11.592022 -14.422712  0.000000 0.036198 0.999345  0.018147 0.762691 1 80 1.000000
0  -3.389935 -11.552792 -14.424133  0.000000 0.036198 0.999345  0.018125 0.762670 1 80 1.000000
lowpoly_plastic
0  -3.701580 -12.935904 -15.109930  0.000000 -0.444085 -0.895985  0.006434 0.763355 1 80 1.000000
0  -3.429191 -12.935904 -15.109930  0.000000 -0.444085 -0.895985  0.006584 0.763355 1 80 1.000000
0  -3.389935 -13.128036 -15.014701  0.000000 -0.444085 -0.895985  0.006606 0.763428 1 80 1.000000
lowpoly_plastic
0  -3.701580 -13.108394 -14.367811  0.000000 -0.953462 -0.301513  0.054330 0.750644 1 80 1.000000
0  -3.637389 -13.108394 -14.367811  0.000000 -0.953462 -0.301513  0.054295 0.750644 1 80 1.000000
0  -3.630774 -13.321483 -13.693971  0.000000 -0.953462 -0.301513  0.054291 0.750260 1 80 1.000000
lowpoly_plastic
0  -4.285614 -11.552792 -14.424133  -0.050076 0.969084 0.241596  0.006883 0.765733 1 80 1.000000
0  -3.973969 -11.536541 -14.424722  -0.050076 0.969084 0.241596  0.006886 0.765561 1 80 1.000000
0  -3.973969 -11.498941 -14.575541  -0.050076 0.969084 0.241596  0.006972 0.765561 1 80 1.000000
lowpoly_plastic
0  -3.389935 -13.147624 -14.366390  0.051990 -0.998192 -0.030159  0.006468 0.765238 1 80 1.000000
0  -3.701580 -13.163874 -14.365803  0.051990 -0.998192 -0.030159  0.006470 0.765410 1 80 1.000000
0  -3.701580 -13.144286 -15.014112  0.051990 -0.998192 -0.030159  0.006113 0.765410 1 80 1.000000
lowpoly_plastic
0  -3.973969 -11.536541 -14.424722  0.000000 0.970302 0.241895  0.006886 0.765561 1 80 1.000000
0  -3.701580 -11.536541 -14.424722  0.000000 0.970302 0.241895  0.006886 0.765410 1 80 1.000000
0  -3.701580 -11.498941 -14.575541  0.000000 0.970302 0.241895  0.006972 0.765410 1 80 1.000000
lowpoly_plastic
0  -3.973969 -13.163874 -14.365803  -0.052109 -0.998188 -0.030102  0.006470 0.765561 1 80 1.000000
0  -4.285579 -13.147589 -14.366392  -0.052109 -0.998188 -0.030102  0.006468 0.765733 1 80 1.000000
0  -4.285614 -13.128036 -15.014701  -0.052109 -0.998188 -0.030102  0.006111 0.765733 1 80 1.000000
lowpoly_plastic
0  -3.701580 -11.536541 -14.424722  0.050076 0.969084 0.241597  0.006886 0.765410 1 80 1.000000
0  -3.389935 -11.552792 -14.424133  0.050076 0.969084 0.241597  0.006883 0.765238 1 80 1.000000
0  -3.389935 -11.515192 -14.574952  0.050076 0.969084 0.241597  0.006969 0.765238 1 80 1.000000
lowpoly_plastic
0  -3.389935 -11.552792 -14.424133  1.000000 -0.000000 0.000000  0.006111 0.765214 1 80 1.000000
0  -3.389935 -13.147624 -14.366390  1.000000 -0.000000 0.000000  0.006111 0.764333 1 80 1.000000
0  -3.389935 -13.128036 -15.014701  1.000000 -0.000000 0.000000  0.006468 0.764357 1 80 1.000000
lowpoly_plastic
0  -4.285579 -13.147589 -14.366392  -1.000000 -0.000023 -0.000006  0.006924 0.764333 1 80 1.000000
0  -4.285614 -11.552792 -14.424133  -1.000000 -0.000023 -0.000006  0.006924 0.765214 1 80 1.000000
0  -4.285614 -11.515192 -14.574952  -1.000000 -0.000023 -0.000006  0.006842 0.765238 1 80 1.000000
lowpoly_plastic
0  -3.701580 -13.163874 -14.365803  0.000000 -0.999544 -0.030202  0.006470 0.765410 1 80 1.000000
0  -3.973969 -13.163874 -14.365803  0.000000 -0.999544 -0.030202  0.006470 0.765561 1 80 1.000000
0  -3.973969 -13.144286 -15.014112  0.000000 -0.999544 -0.030202  0.006113 0.765561 1 80 1.000000
lowpoly_plastic
0  -3.701580 -13.108394 -14.367811  0.000000 0.036178 0.999345  0.018297 0.763527 1 80 1.000000
0  -3.973969 -13.108394 -14.367811  0.000000 0.036178 0.999345  0.018448 0.763527 1 80 1.000000
0  -3.973969 -13.163874 -14.365803  0.000000 0.036178 0.999345  0.018448 0.763558 1 80 1.000000
lowpoly_plastic
0  -3.973969 -12.935904 -15.109930  0.000000 -0.417769 -0.908553  0.006283 0.763355 1 80 1.000000
0  -3.701580 -12.935904 -15.109930  0.000000 -0.417769 -0.908553  0.006434 0.763355 1 80 1.000000
0  -3.701580 -13.144286 -15.014112  0.000000 -0.417769 -0.908553  0.006434 0.763436 1 80 1.000000
lowpoly_plastic
0  -4.246358 -11.656617 -14.703102  -0.966991 0.077222 -0.242828  0.006767 0.765162 1 80 1.000000
0  -4.246358 -12.935904 -15.109930  -0.966991 0.077222 -0.242828  0.006518 0.764465 1 80 1.000000
0  -4.285614 -13.128036 -15.014701  -0.966991 0.077222 -0.242828  0.006568 0.764357 1 80 1.000000
lowpoly_plastic
0  -4.246358 -11.592022 -14.422712  0.000000 0.036194 0.999345  0.018598 0.762691 1 80 1.000000
0  -3.973969 -11.592022 -14.422712  0.000000 0.036194 0.999345  0.018448 0.762691 1 80 1.000000
0  -3.973969 -11.536541 -14.424722  0.000000 0.036194 0.999345  0.018448 0.762661 1 80 1.000000
lowpoly_plastic
0  -3.973969 -11.656617 -14.703102  0.000000 0.671473 -0.741029  0.006283 0.762622 1 80 1.000000
0  -4.246358 -11.656617 -14.703102  0.000000 0.671473 -0.741029  0.006133 0.762622 1 80 1.000000
0  -4.285614 -11.515192 -14.574952  0.000000 0.671473 -0.741029  0.006111 0.762521 1 80 1.000000
lowpoly_plastic
0  -3.429191 -12.888464 -14.375774  1.000000 0.000000 0.000000  0.052895 0.750742 1 80 1.000000
0  -3.429191 -11.592022 -14.422712  1.000000 0.000000 0.000000  0.052223 0.750989 1 80 1.000000
0  -3.429191 -11.906954 -13.456283  1.000000 0.000000 0.000000  0.052223 0.750430 1 80 1.000000
lowpoly_plastic
0  -3.429191 -12.935904 -15.109930  0.896113 0.134505 -0.422954  0.006518 0.764465 1 80 1.000000
0  -3.429191 -11.656617 -14.703102  0.896113 0.134505 -0.422954  0.006269 0.765162 1 80 1.000000
0  -3.389935 -11.515192 -14.574952  0.896113 0.134505 -0.422954  0.006194 0.765238 1 80 1.000000
lowpoly_plastic
0  -4.038160 -13.108394 -14.367811  -0.716540 -0.662984 -0.216845  0.053014 0.750707 1 80 1.000000
0  -4.044922 -13.321483 -13.693972  -0.716540 -0.662984 -0.216845  0.053018 0.750318 1 80 1.000000
0  -4.246358 -13.115116 -13.659294  -0.716540 -0.662984 -0.216845  0.053136 0.750327 1 80 1.000000
lowpoly_plastic
0  -3.429191 -14.748070 -8.497282  0.829942 -0.531871 -0.168253  0.052866 0.747346 1 80 1.000000
0  -3.429191 -15.105806 -7.366422  0.829942 -0.531871 -0.168253  0.052860 0.746693 1 80 1.000000
0  -3.497023 -14.844090 -8.528344  0.829942 -0.531871 -0.168253  0.052923 0.747348 1 80 1.000000
lowpoly_plastic
0  -3.429191 -15.105806 -7.366422  0.829942 -0.531873 -0.168252  0.052860 0.746693 1 80 1.000000
0  -3.568022 -15.342807 -7.302042  0.829942 -0.531873 -0.168252  0.052977 0.746624 1 80 1.000000
0  -3.497023 -14.844090 -8.528344  0.829942 -0.531873 -0.168252  0.052923 0.747348 1 80 1.000000
lowpoly_plastic
0  -3.568022 -15.342807 -7.302042  0.774754 -0.600612 -0.197538  0.052977 0.746624 1 80 1.000000
0  -3.624787 -13.514329 -13.084143  0.774754 -0.600612 -0.197538  0.053007 0.749966 1 80 1.000000
0  -3.497023 -14.748100 -8.831779  0.774754 -0.600612 -0.197538  0.052925 0.747523 1 80 1.000000
lowpoly_plastic
0  -3.624787 -13.514329 -13.084143  0.727096 -0.654565 -0.207066  0.053007 0.749966 1 80 1.000000
0  -3.429191 -13.309024 -13.046323  0.727096 -0.654565 -0.207066  0.052889 0.749974 1 80 1.000000
0  -3.429191 -14.652081 -8.800717  0.727096 -0.654565 -0.207066  0.052868 0.747521 1 80 1.000000
lowpoly_plastic
0  -3.497023 -14.748100 -8.831779  0.829925 -0.528612 -0.178305  0.052925 0.747523 1 80 1.000000
0  -3.624787 -13.514329 -13.084143  0.829925 -0.528612 -0.178305  0.053007 0.749966 1 80 1.000000
0  -3.429191 -14.652081 -8.800717  0.829925 -0.528612 -0.178305  0.052868 0.747521 1 80 1.000000
lowpoly_plastic
0  -4.246358 -12.888464 -14.375774  -0.000002 0.036182 0.999345  0.018598 0.763406 1 80 1.000000
0  -4.246358 -11.592022 -14.422712  -0.000002 0.036182 0.999345  0.018598 0.762691 1 80 1.000000
0  -4.285614 -11.552792 -14.424133  -0.000002 0.036182 0.999345  0.018620 0.762670 1 80 1.000000
lowpoly_plastic
0  -3.497023 -14.748100 -8.831779  1.000000 0.000000 0.000000  0.004094 0.762638 1 80 1.000000
0  -3.497023 -14.441198 -8.732496  1.000000 0.000000 0.000000  0.003916 0.762639 1 80 1.000000
0  -3.497023 -14.539154 -8.429697  1.000000 0.000000 0.000000  0.003915 0.762463 1 80 1.000000
lowpoly_plastic
0  -3.429191 -14.539154 -8.429697  0.000000 -0.951452 -0.307796  0.025459 0.767739 1 80 1.000000
0  -3.497023 -14.539154 -8.429697  0.000000 -0.951452 -0.307796  0.025497 0.767739 1 80 1.000000
0  -3.497023 -14.441198 -8.732496  0.000000 -0.951452 -0.307796  0.025497 0.767911 1 80 1.000000
lowpoly_plastic
0  -3.497023 -14.441198 -8.732496  0.000011 -0.307799 0.951451  0.025982 0.764838 1 80 1.000000
0  -3.497023 -14.748100 -8.831779  0.000011 -0.307799 0.951451  0.025982 0.765009 1 80 1.000000
0  -3.429191 -14.652081 -8.800717  0.000011 -0.307799 0.951451  0.025944 0.764956 1 80 1.000000
lowpoly_plastic
0  -3.497023 -14.539154 -8.429697  0.000000 0.307796 -0.951452  0.025459 0.767563 1 80 1.000000
0  -3.429191 -14.539154 -8.429697  0.000000 0.307796 -0.951452  0.025497 0.767563 1 80 1.000000
0  -3.429191 -14.748070 -8.497282  0.000000 0.307796 -0.951452  0.025497 0.767684 1 80 1.000000
lowpoly_plastic
0  -4.186698 -14.816700 -8.519484  -1.000000 0.000000 0.000000  0.004290 0.762462 1 80 1.000000
0  -4.186698 -14.539154 -8.429697  -1.000000 0.000000 0.000000  0.004451 0.762463 1 80 1.000000
0  -4.186698 -14.441198 -8.732496  -1.000000 0.000000 0.000000  0.004451 0.762638 1 80 1.000000
lowpoly_plastic
0  -4.246358 -14.441198 -8.732496  0.000000 -0.951451 -0.307800  0.025977 0.765182 1 80 1.000000
0  -4.186698 -14.441198 -8.732496  0.000000 -0.951451 -0.307800  0.025944 0.765182 1 80 1.000000
0  -4.186698 -14.539154 -8.429697  0.000000 -0.951451 -0.307800  0.025944 0.765009 1 80 1.000000
lowpoly_plastic
0  -4.203315 -14.692856 -8.813908  0.000000 -0.307787 0.951455  0.025954 0.765481 1 80 1.000000
0  -4.186698 -14.716423 -8.821532  0.000000 -0.307787 0.951455  0.025944 0.765494 1 80 1.000000
0  -4.186698 -14.441198 -8.732496  0.000000 -0.307787 0.951455  0.025944 0.765341 1 80 1.000000
lowpoly_plastic
0  -4.186698 -14.441198 -8.732496  0.000000 -0.307802 0.951451  0.025944 0.765341 1 80 1.000000
0  -4.246358 -14.441198 -8.732496  0.000000 -0.307802 0.951451  0.025977 0.765341 1 80 1.000000
0  -4.246358 -14.652081 -8.800717  0.000000 -0.307802 0.951451  0.025977 0.765459 1 80 1.000000
lowpoly_plastic
0  -4.246358 -14.748070 -8.497282  0.000000 0.307803 -0.951450  0.025944 0.765302 1 80 1.000000
0  -4.246358 -14.539154 -8.429697  0.000000 0.307803 -0.951450  0.025944 0.765182 1 80 1.000000
0  -4.186698 -14.539154 -8.429697  0.000000 0.307803 -0.951450  0.025977 0.765182 1 80 1.000000
lowpoly_plastic
0  -4.186698 -14.539154 -8.429697  0.000016 0.307793 -0.951453  0.025977 0.765182 1 80 1.000000
0  -4.186698 -14.816700 -8.519484  0.000016 0.307793 -0.951453  0.025977 0.765341 1 80 1.000000
0  -4.212421 -14.780218 -8.507682  0.000016 0.307793 -0.951453  0.025963 0.765320 1 80 1.000000
lowpoly_plastic
0  -4.109065 -15.342807 -7.302042  -0.711037 -0.231539 0.663940  0.055398 0.748444 1 80 1.000000
0  -4.109065 -14.650455 -7.060595  -0.711037 -0.231539 0.663940  0.055436 0.748060 1 80 1.000000
0  -4.246358 -14.629436 -7.200296  -0.711037 -0.231539 0.663940  0.055512 0.748058 1 80 1.000000
lowpoly_plastic
0  -3.429191 -14.629436 -7.200296  0.707110 -0.232838 0.667669  0.055405 0.748823 1 80 1.000000
0  -3.568022 -14.650455 -7.060595  0.707110 -0.232838 0.667669  0.055482 0.748825 1 80 1.000000
0  -3.568022 -15.342807 -7.302042  0.707110 -0.232838 0.667669  0.055520 0.749210 1 80 1.000000
lowpoly_plastic
0  -4.109065 -14.650455 -7.060595  -0.706813 0.027708 0.706857  0.055436 0.748060 1 80 1.000000
0  -4.107528 -13.982059 -7.085258  -0.706813 0.027708 0.706857  0.055472 0.747693 1 80 1.000000
0  -4.246358 -13.937276 -7.225835  -0.706813 0.027708 0.706857  0.055550 0.747678 1 80 1.000000
lowpoly_plastic
0  -3.429191 -14.629436 -7.200296  0.707110 0.026073 0.706623  0.055405 0.748823 1 80 1.000000
0  -3.429191 -13.937276 -7.225835  0.707110 0.026073 0.706623  0.055368 0.748444 1 80 1.000000
0  -3.568022 -13.982059 -7.085258  0.707110 0.026073 0.706623  0.055447 0.748459 1 80 1.000000
lowpoly_plastic
0  -3.568022 -15.342807 -7.302042  -0.999960 0.002959 -0.008486  0.053499 0.797757 1 80 1.000000
0  -3.568022 -14.650455 -7.060595  -0.999960 0.002959 -0.008486  0.053499 0.797352 1 80 1.000000
0  -3.567250 -14.652117 -7.152119  -0.999960 0.002959 -0.008486  0.053547 0.797369 1 80 1.000000
lowpoly_plastic
0  -3.973969 -13.982059 -7.085258  0.980196 -0.197681 0.011780  0.053719 0.798072 1 80 1.000000
0  -4.109065 -14.650455 -7.060595  0.980196 -0.197681 0.011780  0.053848 0.798419 1 80 1.000000
0  -4.108300 -14.652117 -7.152119  0.980196 -0.197681 0.011780  0.053801 0.798436 1 80 1.000000
lowpoly_plastic
0  -4.109065 -14.650455 -7.060595  0.999642 -0.008804 0.025246  0.053848 0.798419 1 80 1.000000
0  -4.109065 -15.342807 -7.302042  0.999642 -0.008804 0.025246  0.053848 0.798823 1 80 1.000000
0  -4.107120 -15.321728 -7.371703  0.999642 -0.008804 0.025246  0.053808 0.798825 1 80 1.000000
lowpoly_plastic
0  -3.568022 -14.650455 -7.060595  -0.869961 -0.190616 -0.454789  0.053499 0.797352 1 80 1.000000
0  -3.701580 -13.982059 -7.085258  -0.869961 -0.190616 -0.454789  0.053628 0.797005 1 80 1.000000
0  -3.654448 -13.977921 -7.177152  -0.869961 -0.190616 -0.454789  0.053679 0.797020 1 80 1.000000
lowpoly_plastic
0  -3.570176 -15.321728 -7.371703  -0.993859 0.038377 -0.103790  0.053539 0.797758 1 80 1.000000
0  -3.567250 -14.652117 -7.152119  -0.993859 0.038377 -0.103790  0.053547 0.797369 1 80 1.000000
0  -3.507154 -14.612749 -7.713018  -0.993859 0.038377 -0.103790  0.053848 0.797451 1 80 1.000000
lowpoly_plastic
0  -4.021101 -13.977921 -7.177152  0.984695 -0.131601 -0.114270  0.053669 0.798087 1 80 1.000000
0  -4.108300 -14.652117 -7.152119  0.984695 -0.131601 -0.114270  0.053801 0.798436 1 80 1.000000
0  -4.168128 -14.612749 -7.713018  0.984695 -0.131601 -0.114270  0.053499 0.798518 1 80 1.000000
lowpoly_plastic
0  -4.108300 -14.652117 -7.152119  0.988680 -0.045178 0.143076  0.053801 0.798436 1 80 1.000000
0  -4.107120 -15.321728 -7.371703  0.988680 -0.045178 0.143076  0.053808 0.798825 1 80 1.000000
0  -4.056980 -15.177279 -7.672565  0.988680 -0.045178 0.143076  0.053627 0.798803 1 80 1.000000
lowpoly_plastic
0  -3.567250 -14.652117 -7.152119  -0.986671 -0.131187 -0.096280  0.053547 0.797369 1 80 1.000000
0  -3.654448 -13.977921 -7.177152  -0.986671 -0.131187 -0.096280  0.053679 0.797020 1 80 1.000000
0  -3.613680 -14.040177 -7.510113  -0.986671 -0.131187 -0.096280  0.053842 0.797114 1 80 1.000000
lowpoly_plastic
0  -3.620435 -15.177279 -7.672565  0.000000 0.071474 0.997442  0.053474 0.800360 1 80 1.000000
0  -3.507154 -14.612749 -7.713018  0.000000 0.071474 0.997442  0.053411 0.800049 1 80 1.000000
0  -4.168128 -14.612749 -7.713018  0.000000 0.071474 0.997442  0.053776 0.800049 1 80 1.000000
lowpoly_plastic
0  -3.507154 -14.612749 -7.713018  0.000000 -0.334020 0.942566  0.053411 0.800049 1 80 1.000000
0  -3.613680 -14.040177 -7.510113  0.000000 -0.334020 0.942566  0.053470 0.799730 1 80 1.000000
0  -4.061603 -14.040177 -7.510113  0.000000 -0.334020 0.942566  0.053718 0.799730 1 80 1.000000
lowpoly_plastic
0  -3.620435 -15.177279 -7.672565  0.000000 0.913031 0.407889  0.053722 0.797802 1 80 1.000000
0  -4.056980 -15.177279 -7.672565  0.000000 0.913031 0.407889  0.053722 0.798043 1 80 1.000000
0  -4.109065 -15.342807 -7.302042  0.000000 0.913031 0.407889  0.053499 0.798072 1 80 1.000000
lowpoly_plastic
0  -3.613680 -14.040177 -7.510113  0.000000 -0.933855 0.357653  0.053722 0.797773 1 80 1.000000
0  -3.743295 -13.934565 -7.234345  0.000000 -0.933855 0.357653  0.053866 0.797844 1 80 1.000000
0  -3.932255 -13.934565 -7.234345  0.000000 -0.933855 0.357653  0.053866 0.797949 1 80 1.000000
lowpoly_plastic
0  -3.429191 -14.652081 -8.800717  1.000000 0.000000 0.000000  0.052868 0.747521 1 80 1.000000
0  -3.429191 -13.309024 -13.046323  1.000000 0.000000 0.000000  0.052889 0.749974 1 80 1.000000
0  -3.429191 -14.441198 -8.732496  1.000000 0.000000 0.000000  0.052745 0.747522 1 80 1.000000
lowpoly_plastic
0  -3.429191 -13.309024 -13.046323  1.000000 0.000000 0.000000  0.052889 0.749974 1 80 1.000000
0  -3.429191 -12.112381 -12.825888  1.000000 0.000000 0.000000  0.052223 0.750064 1 80 1.000000
0  -3.429191 -14.441198 -8.732496  1.000000 0.000000 0.000000  0.052745 0.747522 1 80 1.000000
lowpoly_plastic
0  -3.429191 -12.112381 -12.825888  1.000000 0.000000 0.000000  0.052223 0.750064 1 80 1.000000
0  -3.429191 -13.937276 -7.225835  1.000000 0.000000 0.000000  0.052223 0.746820 1 80 1.000000
0  -3.429191 -14.441198 -8.732496  1.000000 0.000000 0.000000  0.052745 0.747522 1 80 1.000000
lowpoly_plastic
0  -3.429191 -13.937276 -7.225835  1.000000 -0.000001 0.000000  0.052223 0.746820 1 80 1.000000
0  -3.429191 -14.629436 -7.200296  1.000000 -0.000001 0.000000  0.052582 0.746688 1 80 1.000000
0  -3.429191 -14.539154 -8.429697  1.000000 -0.000001 0.000000  0.052745 0.747346 1 80 1.000000
lowpoly_plastic
0  -3.429191 -14.441198 -8.732496  1.000000 0.000003 0.000000  0.052745 0.747522 1 80 1.000000
0  -3.429191 -13.937276 -7.225835  1.000000 0.000003 0.000000  0.052223 0.746820 1 80 1.000000
0  -3.429191 -14.539154 -8.429697  1.000000 0.000003 0.000000  0.052745 0.747346 1 80 1.000000
lowpoly_plastic
0  -3.429191 -14.629436 -7.200296  1.000000 0.000000 0.000000  0.052582 0.746688 1 80 1.000000
0  -3.429191 -15.105806 -7.366422  1.000000 0.000000 0.000000  0.052860 0.746693 1 80 1.000000
0  -3.429191 -14.539154 -8.429697  1.000000 0.000000 0.000000  0.052745 0.747346 1 80 1.000000
lowpoly_plastic
0  -3.998513 -13.514329 -13.084143  0.000000 -0.303427 0.952855  0.796681 0.982726 1 80 1.000000
0  -4.051042 -13.514329 -13.084143  0.000000 -0.303427 0.952855  0.796710 0.982726 1 80 1.000000
0  -4.069777 -13.557392 -13.097856  0.000000 -0.303427 0.952855  0.796710 0.982726 1 80 1.000000
lowpoly_plastic
0  -3.986853 -13.321483 -13.693971  0.000000 0.301519 -0.953460  0.796675 0.983073 1 80 1.000000
0  -3.688843 -13.321483 -13.693971  0.000000 0.301519 -0.953460  0.796510 0.983073 1 80 1.000000
0  -3.688843 -13.368129 -13.708722  0.000000 0.301519 -0.953460  0.796510 0.983073 1 80 1.000000
lowpoly_plastic
0  -3.701580 -12.112170 -12.825850  -0.024355 0.950542 0.309640  0.054106 0.749957 1 80 1.000000
0  -3.710847 -12.112393 -12.825891  -0.024355 0.950542 0.309640  0.054101 0.749957 1 80 1.000000
0  -3.743295 -13.934565 -7.234345  -0.024355 0.950542 0.309640  0.054083 0.746710 1 80 1.000000
lowpoly_plastic
0  -3.964703 -12.112393 -12.825891  0.024336 0.950544 0.309635  0.053961 0.749957 1 80 1.000000
0  -3.973969 -12.112170 -12.825850  0.024336 0.950544 0.309635  0.053955 0.749957 1 80 1.000000
0  -3.973969 -13.982059 -7.085258  0.024336 0.950544 0.309635  0.053955 0.746624 1 80 1.000000
lowpoly_plastic
0  -4.246358 -14.652081 -8.800717  -0.727583 -0.654073 -0.206909  0.053161 0.747521 1 80 1.000000
0  -4.246358 -13.309024 -13.046323  -0.727583 -0.654073 -0.206909  0.053139 0.749973 1 80 1.000000
0  -4.051042 -13.514329 -13.084143  -0.727583 -0.654073 -0.206909  0.053021 0.749965 1 80 1.000000
lowpoly_plastic
0  -4.109065 -15.342807 -7.302042  -0.830428 -0.528748 -0.175539  0.053051 0.746624 1 80 1.000000
0  -4.246358 -15.105806 -7.366422  -0.830428 -0.528748 -0.175539  0.053168 0.746692 1 80 1.000000
0  -4.186698 -14.816700 -8.519484  -0.830428 -0.528748 -0.175539  0.053121 0.747348 1 80 1.000000
lowpoly_plastic
0  -4.246358 -15.105806 -7.366422  -0.705550 -0.675659 -0.213739  0.053168 0.746692 1 80 1.000000
0  -4.246358 -14.748070 -8.497282  -0.705550 -0.675659 -0.213739  0.053162 0.747346 1 80 1.000000
0  -4.212421 -14.780218 -8.507682  -0.705550 -0.675659 -0.213739  0.053143 0.747347 1 80 1.000000
lowpoly_plastic
0  -4.246358 -15.105806 -7.366422  -0.830422 -0.528759 -0.175538  0.053168 0.746692 1 80 1.000000
0  -4.212421 -14.780218 -8.507682  -0.830422 -0.528759 -0.175538  0.053143 0.747347 1 80 1.000000
0  -4.186698 -14.816700 -8.519484  -0.830422 -0.528759 -0.175538  0.053121 0.747348 1 80 1.000000
lowpoly_plastic
0  -4.203315 -14.692856 -8.813908  -0.705553 -0.676264 -0.211804  0.053136 0.747522 1 80 1.000000
0  -4.246358 -14.652081 -8.800717  -0.705553 -0.676264 -0.211804  0.053161 0.747521 1 80 1.000000
0  -4.051042 -13.514329 -13.084143  -0.705553 -0.676264 -0.211804  0.053021 0.749965 1 80 1.000000
lowpoly_plastic
0  -4.186698 -14.716423 -8.821532  -0.830433 -0.528741 -0.175539  0.053122 0.747523 1 80 1.000000
0  -4.203315 -14.692856 -8.813908  -0.830433 -0.528741 -0.175539  0.053136 0.747522 1 80 1.000000
0  -4.051042 -13.514329 -13.084143  -0.830433 -0.528741 -0.175539  0.053021 0.749965 1 80 1.000000
lowpoly_plastic
0  -4.186698 -14.816700 -8.519484  -0.830439 -0.528731 -0.175541  0.053121 0.747348 1 80 1.000000
0  -4.186698 -14.716423 -8.821532  -0.830439 -0.528731 -0.175541  0.053122 0.747523 1 80 1.000000
0  -4.109065 -15.342807 -7.302042  -0.830439 -0.528731 -0.175541  0.053051 0.746624 1 80 1.000000
lowpoly_plastic
0  -3.710847 -12.112393 -12.825891  0.000000 0.950788 0.309843  0.054101 0.749957 1 80 1.000000
0  -3.964703 -12.112393 -12.825891  0.000000 0.950788 0.309843  0.053961 0.749957 1 80 1.000000
0  -3.932255 -13.934565 -7.234345  0.000000 0.950788 0.309843  0.053978 0.746710 1 80 1.000000
lowpoly_plastic
0  -3.710847 -12.112393 -12.825891  0.002892 -0.309723 0.950823  0.796288 0.982770 1 80 1.000000
0  -3.701580 -12.112170 -12.825850  0.002892 -0.309723 0.950823  0.796293 0.982770 1 80 1.000000
0  -3.702160 -12.065657 -12.810697  0.002892 -0.309723 0.950823  0.796293 0.982770 1 80 1.000000
lowpoly_plastic
0  -4.246358 -11.906954 -13.456283  0.052928 0.165479 -0.984792  0.795992 0.983241 1 80 1.000000
0  -4.246358 -13.115116 -13.659294  0.052928 0.165479 -0.984792  0.795324 0.983140 1 80 1.000000
0  -4.292288 -13.131158 -13.664455  0.052928 0.165479 -0.984792  0.795324 0.983140 1 80 1.000000
lowpoly_plastic
0  -3.998513 -13.514329 -13.084143  0.000000 -0.953462 -0.301514  0.054494 0.749913 1 80 1.000000
0  -3.677316 -13.514329 -13.084144  0.000000 -0.953462 -0.301514  0.054317 0.749913 1 80 1.000000
0  -3.568022 -15.342807 -7.302042  0.000000 -0.953462 -0.301514  0.054256 0.746624 1 80 1.000000
lowpoly_plastic
0  -3.677316 -13.514329 -13.084144  0.000000 -0.301529 0.953457  0.796504 0.982726 1 80 1.000000
0  -3.998513 -13.514329 -13.084143  0.000000 -0.301529 0.953457  0.796681 0.982726 1 80 1.000000
0  -3.998513 -13.560975 -13.098894  0.000000 -0.301529 0.953457  0.796681 0.982726 1 80 1.000000
lowpoly_plastic
0  -3.707188 -11.906961 -13.456285  0.000000 0.309780 -0.950808  0.796290 0.983136 1 80 1.000000
0  -3.968361 -11.906961 -13.456285  0.000000 0.309780 -0.950808  0.796146 0.983136 1 80 1.000000
0  -3.967764 -11.860448 -13.441131  0.000000 0.309780 -0.950808  0.796146 0.983136 1 80 1.000000
lowpoly_plastic
0  -4.246358 -13.115116 -13.659294  -1.000000 0.000000 0.000000  0.053136 0.750327 1 80 1.000000
0  -4.246358 -11.906954 -13.456283  -1.000000 0.000000 0.000000  0.053805 0.750429 1 80 1.000000
0  -4.246358 -11.592022 -14.422712  -1.000000 0.000000 0.000000  0.053805 0.750989 1 80 1.000000
lowpoly_plastic
0  -4.246358 -12.112381 -12.825888  0.000098 -0.309753 0.950817  0.795992 0.982770 1 80 1.000000
0  -3.973969 -12.112170 -12.825850  0.000098 -0.309753 0.950817  0.796143 0.982770 1 80 1.000000
0  -3.973390 -12.065657 -12.810697  0.000098 -0.309753 0.950817  0.796143 0.982770 1 80 1.000000
lowpoly_plastic
0  -3.429191 -13.115116 -13.659294  0.716301 -0.663265 -0.216776  0.052892 0.750328 1 80 1.000000
0  -3.630774 -13.321483 -13.693971  0.716301 -0.663265 -0.216776  0.053011 0.750318 1 80 1.000000
0  -3.637389 -13.108394 -14.367811  0.716301 -0.663265 -0.216776  0.053014 0.750708 1 80 1.000000
lowpoly_plastic
0  -3.429191 -13.115116 -13.659294  0.161156 0.163546 -0.973284  0.795079 0.983140 1 80 1.000000
0  -3.429191 -11.906954 -13.456283  0.161156 0.163546 -0.973284  0.794411 0.983242 1 80 1.000000
0  -3.396343 -11.872481 -13.445051  0.161156 0.163546 -0.973284  0.794411 0.983242 1 80 1.000000
lowpoly_plastic
0  -3.986853 -13.321483 -13.693971  0.000000 -0.953462 -0.301514  0.054488 0.750260 1 80 1.000000
0  -4.044922 -13.321483 -13.693972  0.000000 -0.953462 -0.301514  0.054520 0.750260 1 80 1.000000
0  -4.038160 -13.108394 -14.367811  0.000000 -0.953462 -0.301514  0.054516 0.750644 1 80 1.000000
lowpoly_plastic
0  -3.429191 -13.309024 -13.046323  0.092793 -0.265220 0.959712  0.795076 0.982786 1 80 1.000000
0  -3.624787 -13.514329 -13.084143  0.092793 -0.265220 0.959712  0.795195 0.982778 1 80 1.000000
0  -3.606065 -13.557398 -13.097856  0.092793 -0.265220 0.959712  0.795195 0.982778 1 80 1.000000
lowpoly_plastic
0  -4.246358 -11.906954 -13.456283  -0.000472 0.950830 0.309715  0.053805 0.750323 1 80 1.000000
0  -3.973969 -11.906825 -13.456263  -0.000472 0.950830 0.309715  0.053955 0.750323 1 80 1.000000
0  -3.973969 -11.592022 -14.422712  -0.000472 0.950830 0.309715  0.053955 0.750885 1 80 1.000000
lowpoly_plastic
0  -3.973969 -11.906825 -13.456263  -0.000078 0.309723 -0.950827  0.796143 0.983136 1 80 1.000000
0  -4.246358 -11.906954 -13.456283  -0.000078 0.309723 -0.950827  0.795992 0.983136 1 80 1.000000
0  -4.279207 -11.872481 -13.445051  -0.000078 0.309723 -0.950827  0.795992 0.983136 1 80 1.000000
lowpoly_plastic
0  -3.701580 -12.112170 -12.825850  -0.000112 -0.309690 0.950838  0.796293 0.982770 1 80 1.000000
0  -3.429191 -12.112381 -12.825888  -0.000112 -0.309690 0.950838  0.796444 0.982770 1 80 1.000000
0  -3.393213 -12.080860 -12.815618  -0.000112 -0.309690 0.950838  0.796444 0.982770 1 80 1.000000
lowpoly_plastic
0  -4.246358 -13.309024 -13.046323  0.121118 -0.179831 0.976213  0.795327 0.982785 1 80 1.000000
0  -4.246358 -12.112381 -12.825888  0.121118 -0.179831 0.976213  0.795992 0.982876 1 80 1.000000
0  -4.282337 -12.080860 -12.815618  0.121118 -0.179831 0.976213  0.795992 0.982876 1 80 1.000000
lowpoly_plastic
0  -3.701580 -11.906825 -13.456263  0.000472 0.950791 0.309833  0.054106 0.750323 1 80 1.000000
0  -3.429191 -11.906954 -13.456283  0.000472 0.950791 0.309833  0.054256 0.750323 1 80 1.000000
0  -3.429191 -11.592022 -14.422712  0.000472 0.950791 0.309833  0.054256 0.750885 1 80 1.000000
lowpoly_plastic
0  -3.702160 -12.065657 -12.810697  0.051656 0.948138 0.313635  0.865043 0.985895 1 80 1.000000
0  -3.393213 -12.080860 -12.815618  0.051656 0.948138 0.313635  0.865194 0.985895 1 80 1.000000
0  -3.396343 -11.872481 -13.445051  0.051656 0.948138 0.313635  0.865194 0.986261 1 80 1.000000
lowpoly_plastic
0  -4.282337 -12.080860 -12.815618  -0.051657 0.949560 0.309302  0.864742 0.985895 1 80 1.000000
0  -3.973390 -12.065657 -12.810697  -0.051657 0.949560 0.309302  0.864893 0.985895 1 80 1.000000
0  -3.973391 -11.860312 -13.441110  -0.051657 0.949560 0.309302  0.864893 0.986261 1 80 1.000000
lowpoly_plastic
0  -4.291232 -13.327578 -13.052293  -0.999968 0.007600 -0.002456  0.864077 0.985910 1 80 1.000000
0  -4.282337 -12.080860 -12.815618  -0.999968 0.007600 -0.002456  0.864742 0.986001 1 80 1.000000
0  -4.279207 -11.872481 -13.445051  -0.999968 0.007600 -0.002456  0.864742 0.986366 1 80 1.000000
lowpoly_plastic
0  -3.384323 -13.327590 -13.052295  0.723816 -0.656011 -0.213871  0.863826 0.985911 1 80 1.000000
0  -3.606065 -13.557398 -13.097856  0.723816 -0.656011 -0.213871  0.863945 0.985903 1 80 1.000000
0  -3.611082 -13.364156 -13.707562  0.723816 -0.656011 -0.213871  0.863948 0.986256 1 80 1.000000
lowpoly_plastic
0  -3.998513 -13.560975 -13.098894  -0.052256 -0.951838 -0.302114  0.865431 0.985851 1 80 1.000000
0  -4.069777 -13.557392 -13.097856  -0.052256 -0.951838 -0.302114  0.865460 0.985851 1 80 1.000000
0  -4.064624 -13.364151 -13.707564  -0.052256 -0.951838 -0.302114  0.865457 0.986198 1 80 1.000000
lowpoly_plastic
0  -3.383266 -13.131169 -13.664457  0.999942 0.010641 -0.001449  0.863829 0.986265 1 80 1.000000
0  -3.396343 -11.872481 -13.445051  0.999942 0.010641 -0.001449  0.863161 0.986367 1 80 1.000000
0  -3.393213 -12.080860 -12.815618  0.999942 0.010641 -0.001449  0.863161 0.986002 1 80 1.000000
lowpoly_plastic
0  -3.688843 -13.368129 -13.708722  0.053134 -0.951795 -0.302098  0.865260 0.986198 1 80 1.000000
0  -3.611082 -13.364156 -13.707562  0.053134 -0.951795 -0.302098  0.865228 0.986198 1 80 1.000000
0  -3.606065 -13.557398 -13.097856  0.053134 -0.951795 -0.302098  0.865225 0.985851 1 80 1.000000
lowpoly_plastic
0  -3.702159 -11.860312 -13.441110  -0.024275 0.950560 0.309591  0.865043 0.986261 1 80 1.000000
0  -3.707786 -11.860448 -13.441131  -0.024275 0.950560 0.309591  0.865040 0.986261 1 80 1.000000
0  -3.711439 -12.065880 -12.810738  -0.024275 0.950560 0.309591  0.865038 0.985895 1 80 1.000000
lowpoly_plastic
0  -3.967764 -11.860448 -13.441131  0.024150 0.950550 0.309630  0.864896 0.986261 1 80 1.000000
0  -3.973391 -11.860312 -13.441110  0.024150 0.950550 0.309630  0.864893 0.986261 1 80 1.000000
0  -3.973390 -12.065657 -12.810697  0.024150 0.950550 0.309630  0.864893 0.985895 1 80 1.000000
lowpoly_plastic
0  -3.707786 -11.860448 -13.441131  0.000000 0.950789 0.309840  0.865040 0.986261 1 80 1.000000
0  -3.967764 -11.860448 -13.441131  0.000000 0.950789 0.309840  0.864896 0.986261 1 80 1.000000
0  -3.964111 -12.065880 -12.810738  0.000000 0.950789 0.309840  0.864898 0.985895 1 80 1.000000
lowpoly_plastic
0  -3.986853 -13.368129 -13.708722  0.000000 -0.953462 -0.301515  0.865425 0.986198 1 80 1.000000
0  -3.688843 -13.368129 -13.708722  0.000000 -0.953462 -0.301515  0.865260 0.986198 1 80 1.000000
0  -3.677316 -13.560975 -13.098895  0.000000 -0.953462 -0.301515  0.865254 0.985851 1 80 1.000000
lowpoly_plastic
0  -4.292288 -13.131158 -13.664455  -0.718050 -0.661695 -0.215787  0.864074 0.986265 1 80 1.000000
0  -4.064624 -13.364151 -13.707564  -0.718050 -0.661695 -0.215787  0.863955 0.986255 1 80 1.000000
0  -4.069777 -13.557392 -13.097856  -0.718050 -0.661695 -0.215787  0.863958 0.985903 1 80 1.000000
lowpoly_plastic
0  -3.688843 -13.321483 -13.693971  0.000000 0.303488 -0.952835  0.796510 0.983073 1 80 1.000000
0  -3.630774 -13.321483 -13.693971  0.000000 0.303488 -0.952835  0.796478 0.983073 1 80 1.000000
0  -3.611082 -13.364156 -13.707562  0.000000 0.303488 -0.952835  0.796478 0.983073 1 80 1.000000
lowpoly_plastic
0  -3.624787 -13.514329 -13.084143  0.000000 -0.301517 0.953461  0.796475 0.982726 1 80 1.000000
0  -3.677316 -13.514329 -13.084144  0.000000 -0.301517 0.953461  0.796504 0.982726 1 80 1.000000
0  -3.677316 -13.560975 -13.098895  0.000000 -0.301517 0.953461  0.796504 0.982726 1 80 1.000000
lowpoly_plastic
0  -4.246358 -13.115116 -13.659294  0.100557 0.259551 -0.960480  0.795324 0.983140 1 80 1.000000
0  -4.044922 -13.321483 -13.693972  0.100557 0.259551 -0.960480  0.795205 0.983130 1 80 1.000000
0  -4.064624 -13.364151 -13.707564  0.100557 0.259551 -0.960480  0.795205 0.983130 1 80 1.000000
lowpoly_plastic
0  -3.630774 -13.321483 -13.693971  -0.039211 0.202670 -0.978462  0.795198 0.983131 1 80 1.000000
0  -3.429191 -13.115116 -13.659294  -0.039211 0.202670 -0.978462  0.795079 0.983140 1 80 1.000000
0  -3.383266 -13.131169 -13.664457  -0.039211 0.202670 -0.978462  0.795079 0.983140 1 80 1.000000
lowpoly_plastic
0  -3.973969 -12.112170 -12.825850  -0.003155 -0.309767 0.950807  0.796143 0.982770 1 80 1.000000
0  -3.964703 -12.112393 -12.825891  -0.003155 -0.309767 0.950807  0.796148 0.982770 1 80 1.000000
0  -3.964111 -12.065880 -12.810738  -0.003155 -0.309767 0.950807  0.796148 0.982770 1 80 1.000000
lowpoly_plastic
0  -3.429191 -11.906954 -13.456283  0.000089 0.309762 -0.950814  0.796444 0.983136 1 80 1.000000
0  -3.701580 -11.906825 -13.456263  0.000089 0.309762 -0.950814  0.796293 0.983136 1 80 1.000000
0  -3.702159 -11.860312 -13.441110  0.000089 0.309762 -0.950814  0.796293 0.983136 1 80 1.000000
lowpoly_plastic
0  -3.701580 -11.906825 -13.456263  -0.003475 0.309718 -0.950822  0.796293 0.983136 1 80 1.000000
0  -3.707188 -11.906961 -13.456285  -0.003475 0.309718 -0.950822  0.796290 0.983136 1 80 1.000000
0  -3.707786 -11.860448 -13.441131  -0.003475 0.309718 -0.950822  0.796290 0.983136 1 80 1.000000
lowpoly_plastic
0  -4.051042 -13.514329 -13.084143  -0.039818 -0.217527 0.975242  0.795208 0.982778 1 80 1.000000
0  -4.246358 -13.309024 -13.046323  -0.039818 -0.217527 0.975242  0.795327 0.982785 1 80 1.000000
0  -4.291232 -13.327578 -13.052293  -0.039818 -0.217527 0.975242  0.795327 0.982785 1 80 1.000000
lowpoly_plastic
0  -4.044922 -13.321483 -13.693972  0.000042 0.301513 -0.953462  0.796707 0.983073 1 80 1.000000
0  -3.986853 -13.321483 -13.693971  0.000042 0.301513 -0.953462  0.796675 0.983073 1 80 1.000000
0  -3.986853 -13.368129 -13.708722  0.000042 0.301513 -0.953462  0.796675 0.983073 1 80 1.000000
lowpoly_plastic
0  -3.964703 -12.112393 -12.825891  0.000000 -0.309759 0.950815  0.796148 0.982770 1 80 1.000000
0  -3.710847 -12.112393 -12.825891  0.000000 -0.309759 0.950815  0.796288 0.982770 1 80 1.000000
0  -3.711439 -12.065880 -12.810738  0.000000 -0.309759 0.950815  0.796288 0.982770 1 80 1.000000
lowpoly_plastic
0  -3.429191 -12.112381 -12.825888  0.055814 -0.180880 0.981920  0.794411 0.982877 1 80 1.000000
0  -3.429191 -13.309024 -13.046323  0.055814 -0.180880 0.981920  0.795076 0.982786 1 80 1.000000
0  -3.384323 -13.327590 -13.052295  0.055814 -0.180880 0.981920  0.795076 0.982786 1 80 1.000000
lowpoly_plastic
0  -3.968361 -11.906961 -13.456285  0.004344 0.309676 -0.950832  0.796146 0.983136 1 80 1.000000
0  -3.973969 -11.906825 -13.456263  0.004344 0.309676 -0.950832  0.796143 0.983136 1 80 1.000000
0  -3.973391 -11.860312 -13.441110  0.004344 0.309676 -0.950832  0.796143 0.983136 1 80 1.000000
end
