version 1
nodes
0 "ValveBiped.Bip01_Spine4" -1
1 "ValveBiped.Bip01_L_Clavicle" 0
2 "ValveBiped.Bip01_L_UpperArm" 1
3 "ValveBiped.Bip01_L_Forearm" 2
4 "ValveBiped.Bip01_L_Hand" 3
5 "ValveBiped.Bip01_L_Finger4" 4
6 "ValveBiped.Bip01_L_Finger41" 5
7 "ValveBiped.Bip01_L_Finger42" 6
8 "ValveBiped.Bip01_L_Finger3" 4
9 "ValveBiped.Bip01_L_Finger31" 8
10 "ValveBiped.Bip01_L_Finger32" 9
11 "ValveBiped.Bip01_L_Finger2" 4
12 "ValveBiped.Bip01_L_Finger21" 11
13 "ValveBiped.Bip01_L_Finger22" 12
14 "ValveBiped.Bip01_L_Finger1" 4
15 "ValveBiped.Bip01_L_Finger11" 14
16 "ValveBiped.Bip01_L_Finger12" 15
17 "ValveBiped.Bip01_L_Finger0" 4
18 "ValveBiped.Bip01_L_Finger01" 17
19 "ValveBiped.Bip01_L_Finger02" 18
20 "ValveBiped.Bip01_L_Ulna" 3
21 "ValveBiped.Bip01_L_Wrist" 3
22 "rig_l_upperarm" 1
23 "rig_l_forearm" 22
24 "rig_d_l_forearm" 23
25 "rig_d_l_upperarm" 22
26 "ValveBiped.Bip01_R_Clavicle" 0
27 "ValveBiped.Bip01_R_UpperArm" 26
28 "ValveBiped.Bip01_R_Forearm" 27
29 "ValveBiped.Bip01_R_Hand" 28
30 "ValveBiped.Bip01_R_Finger4" 29
31 "ValveBiped.Bip01_R_Finger41" 30
32 "ValveBiped.Bip01_R_Finger42" 31
33 "ValveBiped.Bip01_R_Finger3" 29
34 "ValveBiped.Bip01_R_Finger31" 33
35 "ValveBiped.Bip01_R_Finger32" 34
36 "ValveBiped.Bip01_R_Finger2" 29
37 "ValveBiped.Bip01_R_Finger21" 36
38 "ValveBiped.Bip01_R_Finger22" 37
39 "ValveBiped.Bip01_R_Finger1" 29
40 "ValveBiped.Bip01_R_Finger11" 39
41 "ValveBiped.Bip01_R_Finger12" 40
42 "ValveBiped.Bip01_R_Finger0" 29
43 "ValveBiped.Bip01_R_Finger01" 42
44 "ValveBiped.Bip01_R_Finger02" 43
45 "ValveBiped.Bip01_R_Ulna" 28
46 "ValveBiped.Bip01_R_Wrist" 28
47 "rig_r_upperarm" 26
48 "rig_r_forearm" 47
49 "rig_d_r_forearm" 48
50 "rig_d_r_upperarm" 47
51 "rig_r_hand" -1
52 "rig_d_r_hand" 51
53 "rig_d_r_wrist" 52
54 "rig_l_hand" -1
55 "rig_d_l_hand" 54
56 "rig_d_l_wrist" 54
57 "rig_l_pole" -1
58 "rig_r_pole" -1
59 "rig_l_clavicle" -1
60 "rig_d_l_clavicle" 59
61 "rig_r_clavicle" -1
62 "rig_d_r_clavicle" 61
63 "Camera" -1
64 "body" -1
65 "trigger" 64
66 "bolt" 64
67 "barrel" 64
68 "magrel" 64
69 "chandle" 64
70 "boltrelease" 64
71 "laseradj" 64
72 "mag" -1
73 "bullet1" 72
74 "bullet2" 72
75 "bullet3" 72
76 "round1" 72
77 "round2" 72
78 "round3" 72
79 "mag2" -1
end
skeleton
time 0
0  0.000006 0.000000 0.000000  -1.570800 -1.391899 -1.570792
1  2.033349 1.000767 1.937657  -1.544960 -1.855077 -0.198626
2  6.027515 -0.000326 0.000204  -1.583281 0.045956 -0.585171
3  11.692120 0.000528 -0.000741  -0.000018 -0.000000 -0.056697
4  11.481219 0.000216 -0.000752  1.576890 -0.106581 0.041970
5  3.859509 -0.142883 -1.192049  -0.468164 0.151540 -0.880272
6  1.312589 0.000013 0.000007  -0.000026 0.000045 -0.439738
7  0.729353 0.000051 0.000049  0.000017 0.000021 -0.244318
8  3.942146 0.046269 -0.431512  -0.151810 0.073212 -0.811101
9  1.539109 0.000083 0.000005  -0.000007 0.000021 -0.247841
10  1.196331 0.000143 0.000029  0.000012 0.000019 -0.430771
11  3.883508 -0.047272 0.431381  0.085898 0.021851 -0.587925
12  1.719575 -0.000028 0.000015  0.000015 0.005519 -0.366533
13  1.209179 0.000091 0.000012  0.000004 0.003092 -0.216437
14  3.859662 -0.138478 1.332410  0.354468 -0.042725 -0.531804
15  1.719453 -0.000009 0.000021  0.000029 0.004070 -0.363021
16  1.099675 0.000047 0.000006  0.000003 0.002579 -0.244381
17  0.805995 -0.349054 1.321254  -1.222687 -0.679194 -0.788886
18  1.789818 -0.000004 -0.000018  0.000012 -0.000024 0.228522
19  1.207011 -0.000013 -0.000045  0.000002 -0.000008 0.362858
20  5.740637 0.000410 -0.000702  0.003119 0.000003 0.000071
21  11.481257 0.000262 -0.000831  0.004951 0.000185 -0.001480
22  6.027524 -0.000330 0.000203  0.059584 -2.453119 -2.193916
23  0.000001 11.692101 -0.000006  -0.043310 -0.000838 -0.036607
24  0.000003 0.000009 0.000001  0.868996 -0.000031 1.570739
25  -0.000000 -0.000012 -0.000001  0.868957 0.000002 1.570712
26  2.033355 1.000772 -1.937609  1.473131 1.855076 -0.198627
27  6.027508 -0.000258 -0.000237  1.639678 -0.005938 -0.586605
28  11.691988 0.000145 0.000867  -0.000046 -0.000001 -0.056062
29  11.481175 0.000050 0.000829  -1.565092 0.106516 0.042004
30  3.859437 -0.132786 1.193062  0.466291 -0.158048 -0.878829
31  1.312561 0.000025 -0.000001  0.000011 -0.000044 -0.439710
32  0.729343 0.000065 -0.000028  -0.000023 -0.000019 -0.244285
33  3.942049 0.050108 0.430997  0.150090 -0.079180 -0.810199
34  1.539095 0.000009 -0.000000  0.000010 -0.000008 -0.247820
35  1.196298 0.000074 -0.000003  -0.000007 -0.000009 -0.430783
36  3.883413 -0.050504 -0.431087  -0.085915 -0.026391 -0.587671
37  1.719565 -0.000079 -0.000003  -0.000006 -0.007962 -0.366483
38  1.209196 0.000035 0.000011  0.000002 -0.004460 -0.216413
39  3.859587 -0.149112 -1.331323  -0.354446 0.038580 -0.531963
40  1.719414 -0.000101 -0.000035  -0.000028 -0.006585 -0.363032
41  1.099673 0.000024 0.000006  0.000004 -0.004187 -0.244346
42  0.805980 -0.359856 -1.318338  1.221444 0.673631 -0.793566
43  1.789782 -0.000009 -0.000044  -0.000028 0.000031 0.228552
44  1.206996 -0.000006 0.000005  -0.000017 0.000020 0.362911
45  5.740572 0.000055 0.000723  0.002082 -0.000014 0.000021
46  11.481179 0.000045 0.000935  -0.000025 -0.000087 -0.001749
47  6.027515 -0.000273 -0.000237  0.007374 -0.632955 -2.161837
48  -0.000000 11.691975 -0.000006  -0.042810 0.000798 0.036188
49  0.000003 -0.000003 -0.000000  2.272569 -0.000041 1.570856
50  -0.000007 -0.000015 0.000005  2.272644 -0.000030 1.570865
51  -22.676567 -0.984331 -17.554111  -1.605366 2.379717 -0.041994
52  0.000001 0.000002 -0.000000  0.008153 -0.000259 0.000009
53  -0.000000 -0.000001 0.000000  1.565115 0.043565 -0.106862
54  22.676517 -0.984221 -17.554199  1.605712 0.761853 0.042358
55  0.000001 -0.000003 -0.000000  0.000000 -0.000000 -0.000002
56  0.000032 0.000027 0.000001  -1.571901 -0.044449 -0.106509
57  15.265023 8.339654 -8.787539  1.570796 -0.000000 0.000000
58  -15.265000 8.339654 -8.787539  1.570796 -0.000000 0.000000
59  1.941978 -1.346989 1.821586  1.570796 -0.000000 0.000000
60  -0.004311 0.001230 -0.000371  0.006898 -0.005534 -0.284229
61  -1.937603 -1.346625 1.822824  1.570796 -0.000000 0.000000
62  0.000000 0.000000 0.000000  -0.078727 -3.136056 0.284226
63  0.000000 0.000000 0.000000  1.570796 -0.000000 0.000000
64  -3.867668 -7.481349 -6.398460  1.570796 -0.000000 0.000000
65  0.000000 0.106749 0.631995  0.000000 -0.000000 0.000000
66  0.000000 0.621414 -1.027760  0.000000 -0.000000 0.000000
67  0.000000 0.532204 8.683752  0.000000 -0.000000 0.000000
68  -0.000000 -1.186305 0.340613  0.000000 -0.000000 0.000000
69  0.000000 1.996277 -5.696260  0.000000 -0.000000 0.000000
70  0.000000 0.111713 1.276771  0.000000 -0.000000 0.000000
71  -1.117961 0.703408 5.154790  0.000000 -0.000000 0.000000
72  -3.867669 -7.060684 -9.600098  1.570796 -0.000000 0.000000
73  0.036712 3.547556 -0.615411  0.000000 -0.000000 0.000000
74  -0.076920 3.276581 -0.615409  0.000000 -0.000000 0.000000
75  0.045456 3.053679 -0.615410  0.000000 -0.000000 0.000000
76  0.000000 1.834484 -0.723263  0.000000 -0.000000 0.000000
77  0.000000 1.834484 -0.560888  0.000000 -0.000000 0.000000
78  0.000000 1.834484 -0.409514  0.000000 -0.000000 0.000000
79  -3.867669 10.247787 -14.916825  1.570796 -0.000000 0.000000
end
triangles
lowpoly_metal
0  -3.799424 -7.430742 -6.559576  0.471493 -0.332886 -0.816628  0.965100 0.662257 1 78 1.000000
0  -3.822213 -7.336096 -6.606764  0.444359 -0.298977 -0.844487  0.965091 0.662182 1 78 1.000000
0  -3.769952 -7.336096 -6.576591  0.482035 -0.265711 -0.834889  0.965159 0.662220 1 78 1.000000
lowpoly_metal
0  -3.944590 -7.336096 -6.263172  0.482011 -0.265708 0.834904  0.964950 0.662341 1 77 1.000000
0  -3.921801 -7.430742 -6.310360  0.471471 -0.332883 0.816642  0.964962 0.662263 1 77 1.000000
0  -3.892329 -7.336096 -6.293345  0.509168 -0.298974 0.807070  0.965021 0.662302 1 77 1.000000
lowpoly_metal
0  -3.883215 -7.336096 -6.022367  -0.482034 -0.265708 0.834890  0.964811 0.662341 1 76 1.000000
0  -3.830955 -7.430742 -6.026225  -0.471491 -0.332884 0.816630  0.964824 0.662265 1 76 1.000000
0  -3.830955 -7.336096 -5.992194  -0.444360 -0.298969 0.844489  0.964883 0.662303 1 76 1.000000
lowpoly_metal
0  -3.769952 -7.336096 -6.516246  0.964056 -0.265699 -0.000001  0.965159 0.662302 1 78 1.000000
0  -3.799424 -7.430742 -6.559576  0.942971 -0.332874 -0.000002  0.965100 0.662257 1 78 1.000000
0  -3.769952 -7.336096 -6.576591  0.953531 -0.298960 -0.037428  0.965159 0.662220 1 78 1.000000
lowpoly_metal
0  -3.830955 -7.336096 -6.112886  0.444329 -0.298980 -0.844501  0.964746 0.662221 1 76 1.000000
0  -3.808165 -7.430742 -6.065697  0.471467 -0.332897 -0.816638  0.964815 0.662250 1 76 1.000000
0  -3.830955 -7.430742 -6.078855  0.471472 -0.332897 -0.816636  0.964805 0.662256 1 76 1.000000
lowpoly_metal
0  -3.853744 -7.430742 -6.039382  0.000000 -1.000000 0.000000  0.964816 0.662271 1 76 1.000000
0  -3.853744 -7.430742 -6.065697  0.000000 -1.000000 0.000000  0.964806 0.662267 1 76 1.000000
0  -3.830955 -7.430742 -6.078855  0.000000 -1.000000 0.000000  0.964805 0.662256 1 76 1.000000
lowpoly_metal
0  -3.830955 -7.336096 -6.112886  -0.482030 -0.265705 -0.834894  0.964746 0.662221 1 76 1.000000
0  -3.853744 -7.430742 -6.065697  -0.471487 -0.332880 -0.816634  0.964806 0.662267 1 76 1.000000
0  -3.883215 -7.336096 -6.082713  -0.509184 -0.298971 -0.807062  0.964744 0.662298 1 76 1.000000
lowpoly_metal
0  -3.996851 -7.336096 -6.293345  -0.482006 -0.265711 0.834906  0.964883 0.662298 1 77 1.000000
0  -3.944590 -7.430742 -6.297203  -0.471467 -0.332886 0.816643  0.964954 0.662270 1 77 1.000000
0  -3.944590 -7.336096 -6.263172  -0.444335 -0.298972 0.844501  0.964950 0.662341 1 77 1.000000
lowpoly_metal
0  -3.822213 -7.336096 -6.606764  -0.482026 -0.265707 -0.834896  0.965091 0.662182 1 78 1.000000
0  -3.845002 -7.430742 -6.559576  -0.471482 -0.332882 -0.816636  0.965081 0.662257 1 78 1.000000
0  -3.874474 -7.336096 -6.576591  -0.509179 -0.298973 -0.807064  0.965023 0.662219 1 78 1.000000
lowpoly_metal
0  -3.996851 -7.336096 -6.353690  -0.964055 -0.265703 0.000001  0.964883 0.662222 1 77 1.000000
0  -3.967379 -7.430742 -6.310360  -0.942970 -0.332879 -0.000005  0.964944 0.662267 1 77 1.000000
0  -3.996851 -7.336096 -6.293345  -0.953528 -0.298970 0.037428  0.964883 0.662298 1 77 1.000000
lowpoly_metal
0  -3.830955 -7.336096 -5.992194  0.482042 -0.265700 0.834889  0.964883 0.662303 1 76 1.000000
0  -3.808165 -7.430742 -6.039382  0.471498 -0.332875 0.816629  0.964822 0.662255 1 76 1.000000
0  -3.778693 -7.336096 -6.022367  0.509195 -0.298966 0.807056  0.964883 0.662220 1 76 1.000000
lowpoly_metal
0  -3.822213 -7.336096 -6.486073  0.482045 -0.265705 0.834885  0.965090 0.662341 1 78 1.000000
0  -3.799424 -7.430742 -6.533261  0.471502 -0.332880 0.816625  0.965099 0.662267 1 78 1.000000
0  -3.769952 -7.336096 -6.516246  0.509198 -0.298970 0.807052  0.965159 0.662302 1 78 1.000000
lowpoly_metal
0  -3.944590 -7.336096 -6.383863  -0.482037 -0.265700 -0.834892  0.964949 0.662182 1 77 1.000000
0  -3.967379 -7.430742 -6.336675  -0.471493 -0.332875 -0.816633  0.964942 0.662256 1 77 1.000000
0  -3.996851 -7.336096 -6.353690  -0.509195 -0.298966 -0.807056  0.964883 0.662222 1 77 1.000000
lowpoly_metal
0  -3.967379 -7.430742 -6.310360  0.000000 -1.000000 0.000000  0.964944 0.662267 1 77 1.000000
0  -3.967379 -7.430742 -6.336675  0.000000 -1.000000 0.000000  0.964942 0.662256 1 77 1.000000
0  -3.944590 -7.430742 -6.349832  0.000000 -1.000000 0.000000  0.964951 0.662251 1 77 1.000000
lowpoly_metal
0  -3.874474 -7.336096 -6.576591  -0.964053 -0.265709 0.000001  0.965023 0.662219 1 78 1.000000
0  -3.845002 -7.430742 -6.533261  -0.942968 -0.332885 -0.000005  0.965083 0.662267 1 78 1.000000
0  -3.874474 -7.336096 -6.516246  -0.953525 -0.298981 0.037427  0.965021 0.662300 1 78 1.000000
lowpoly_metal
0  -3.883215 -7.336096 -6.082713  -0.964053 -0.265709 0.000001  0.964744 0.662298 1 76 1.000000
0  -3.853744 -7.430742 -6.039382  -0.942968 -0.332885 -0.000005  0.964816 0.662271 1 76 1.000000
0  -3.883215 -7.336096 -6.022367  -0.953527 -0.298975 0.037427  0.964811 0.662341 1 76 1.000000
lowpoly_metal
0  -3.944590 -7.336096 -6.383863  0.444351 -0.298980 -0.844490  0.964949 0.662182 1 77 1.000000
0  -3.921801 -7.430742 -6.336675  0.471453 -0.332898 -0.816646  0.964960 0.662253 1 77 1.000000
0  -3.944590 -7.430742 -6.349832  0.471456 -0.332899 -0.816644  0.964951 0.662251 1 77 1.000000
lowpoly_metal
0  -3.799424 -7.430742 -6.559576  0.000000 -1.000000 0.000000  0.965100 0.662257 1 78 1.000000
0  -3.799424 -7.430742 -6.533261  0.000000 -1.000000 0.000000  0.965099 0.662267 1 78 1.000000
0  -3.845002 -7.430742 -6.533261  0.000000 -1.000000 0.000000  0.965083 0.662267 1 78 1.000000
lowpoly_metal
0  -3.892329 -7.336096 -6.293345  0.964054 -0.265707 -0.000001  0.965021 0.662302 1 77 1.000000
0  -3.921801 -7.430742 -6.336675  0.942968 -0.332882 0.000005  0.964960 0.662253 1 77 1.000000
0  -3.892329 -7.336096 -6.353690  0.953527 -0.298973 -0.037428  0.965021 0.662220 1 77 1.000000
lowpoly_metal
0  -3.778693 -7.336096 -6.022367  0.964054 -0.265705 -0.000001  0.964883 0.662220 1 76 1.000000
0  -3.808165 -7.430742 -6.065697  0.942969 -0.332880 0.000005  0.964815 0.662250 1 76 1.000000
0  -3.778693 -7.336096 -6.082713  0.953528 -0.298971 -0.037428  0.964811 0.662182 1 76 1.000000
lowpoly_metal
0  -3.822213 -7.336096 -6.486073  -0.444339 -0.298982 0.844495  0.965090 0.662341 1 78 1.000000
0  -3.845002 -7.430742 -6.533261  -0.471473 -0.332892 0.816637  0.965083 0.662267 1 78 1.000000
0  -3.822213 -7.430742 -6.520103  -0.471478 -0.332892 0.816634  0.965091 0.662273 1 78 1.000000
lowpoly_metal
0  -4.096556 -6.006765 -6.411255  -0.500017 0.000000 -0.866015  0.991813 0.744421 1 77 1.000000
0  -3.944591 -5.969767 -6.498992  -0.500017 0.000000 -0.866015  0.991813 0.744416 1 77 1.000000
0  -3.944591 -6.006764 -6.498992  -0.500017 0.000000 -0.866015  0.991813 0.744419 1 77 1.000000
lowpoly_metal
0  -3.830955 -6.839612 -5.880307  -0.465714 -0.363918 0.806643  0.991821 0.744438 1 76 1.000000
0  -3.931407 -6.964269 -5.994543  -0.465714 -0.363918 0.806643  0.991821 0.744435 1 76 1.000000
0  -3.830955 -6.964269 -5.936546  -0.465714 -0.363918 0.806643  0.991821 0.744435 1 76 1.000000
lowpoly_metal
0  -3.957975 -6.049456 -6.125875  -0.499992 0.000000 -0.866030  0.991823 0.744482 1 76 1.000000
0  -3.830955 -6.006764 -6.199209  -0.499992 0.000000 -0.866030  0.991824 0.744491 1 76 1.000000
0  -3.830955 -6.049456 -6.199209  -0.499992 0.000000 -0.866030  0.991824 0.744486 1 76 1.000000
lowpoly_metal
0  -3.830955 -7.124786 -5.941825  -0.496371 -0.120401 0.859720  0.942697 0.699403 1 76 1.000000
0  -3.912687 -7.241449 -6.005352  -0.496371 -0.120401 0.859720  0.942697 0.699403 1 76 1.000000
0  -3.830955 -7.241449 -5.958163  -0.496371 -0.120401 0.859720  0.942697 0.699403 1 76 1.000000
lowpoly_metal
0  -3.822213 -6.964269 -6.430425  0.499995 0.000000 0.866028  0.991795 0.744441 1 78 1.000000
0  -3.721760 -7.124786 -6.488421  0.499995 0.000000 0.866028  0.991794 0.744435 1 78 1.000000
0  -3.721760 -6.964269 -6.488421  0.499995 0.000000 0.866028  0.991794 0.744442 1 78 1.000000
lowpoly_metal
0  -3.974179 -6.006764 -6.458681  -1.000000 0.000000 0.000000  0.991799 0.744506 1 78 1.000000
0  -3.974179 -5.969767 -6.634156  -1.000000 0.000000 0.000000  0.991799 0.744504 1 78 1.000000
0  -3.974179 -6.006764 -6.634156  -1.000000 0.000000 0.000000  0.991799 0.744502 1 78 1.000000
lowpoly_metal
0  -3.678990 -6.006764 -6.140277  1.000000 -0.000008 0.000000  0.991826 0.744486 1 76 1.000000
0  -3.678990 -5.969767 -5.964802  1.000000 -0.000008 0.000000  0.991825 0.744484 1 76 1.000000
0  -3.678990 -6.006764 -5.964803  1.000000 -0.000008 0.000000  0.991824 0.744483 1 76 1.000000
lowpoly_metal
0  -3.735072 -7.124786 -6.107897  0.992725 -0.120403 0.000000  0.942697 0.699403 1 76 1.000000
0  -3.749222 -7.241449 -6.005352  0.992725 -0.120403 0.000000  0.942697 0.699403 1 76 1.000000
0  -3.749222 -7.241449 -6.099728  0.992725 -0.120403 0.000000  0.942697 0.699402 1 76 1.000000
lowpoly_metal
0  -3.822213 -7.241450 -6.452042  -0.482050 -0.265699 0.834884  0.942695 0.699403 1 78 1.000000
0  -3.874474 -7.336096 -6.516246  -0.505320 -0.299042 0.809460  0.942695 0.699402 1 78 1.000000
0  -3.822213 -7.336096 -6.486073  -0.471506 -0.332874 0.816625  0.942695 0.699403 1 78 1.000000
lowpoly_metal
0  -3.830955 -7.124786 -6.163255  0.496362 -0.120406 -0.859725  0.942697 0.699403 1 76 1.000000
0  -3.749222 -7.241449 -6.099728  0.496362 -0.120406 -0.859725  0.942697 0.699402 1 76 1.000000
0  -3.830955 -7.241450 -6.146916  0.496362 -0.120406 -0.859725  0.942697 0.699403 1 76 1.000000
lowpoly_metal
0  -3.830955 -6.079339 -5.880307  0.401757 0.595293 0.695858  0.991823 0.744478 1 76 1.000000
0  -3.703935 -6.049456 -5.979205  0.401757 0.595293 0.695858  0.991824 0.744480 1 76 1.000000
0  -3.830955 -6.049456 -5.905870  0.401757 0.595293 0.695858  0.991823 0.744479 1 76 1.000000
lowpoly_metal
0  -3.944590 -7.124786 -6.434233  0.496367 -0.120401 -0.859723  0.942696 0.699409 1 77 1.000000
0  -3.862858 -7.241449 -6.370706  0.496367 -0.120401 -0.859723  0.942696 0.699410 1 77 1.000000
0  -3.944590 -7.241450 -6.417894  0.496367 -0.120401 -0.859723  0.942696 0.699410 1 77 1.000000
lowpoly_metal
0  -3.822213 -6.839612 -6.374186  0.465718 -0.363921 0.806641  0.991795 0.744446 1 78 1.000000
0  -3.721760 -6.964269 -6.488421  0.465718 -0.363921 0.806641  0.991794 0.744442 1 78 1.000000
0  -3.673055 -6.839612 -6.460302  0.465718 -0.363921 0.806641  0.991795 0.744446 1 78 1.000000
lowpoly_metal
0  -3.830955 -6.079339 -5.880307  0.500003 0.000000 0.866023  0.991823 0.744478 1 76 1.000000
0  -3.681796 -6.839612 -5.966423  0.500003 0.000000 0.866023  0.991821 0.744438 1 76 1.000000
0  -3.681797 -6.079339 -5.966423  0.500003 0.000000 0.866023  0.991824 0.744478 1 76 1.000000
lowpoly_metal
0  -3.944590 -6.964269 -6.439511  -0.500005 0.000000 -0.866023  0.991809 0.744480 1 77 1.000000
0  -4.045043 -7.124786 -6.381515  -0.500005 0.000000 -0.866023  0.991807 0.744487 1 77 1.000000
0  -4.045043 -6.964269 -6.381515  -0.500005 0.000000 -0.866023  0.991808 0.744479 1 77 1.000000
lowpoly_metal
0  -3.830955 -5.969767 -6.141106  -0.499985 0.000000 0.866034  0.991824 0.744495 1 76 1.000000
0  -3.754255 -5.997100 -6.096823  -0.499985 0.000000 0.866034  0.991824 0.744489 1 76 1.000000
0  -3.754255 -5.969767 -6.096823  -0.499985 0.000000 0.866034  0.991824 0.744489 1 76 1.000000
lowpoly_metal
0  -3.762142 -5.997100 -6.092269  1.000000 0.000000 0.000000  0.200931 0.194573 1 76 1.000000
0  -3.762142 -5.972044 -6.012811  1.000000 0.000000 0.000000  0.200931 0.194573 1 76 1.000000
0  -3.762142 -5.997100 -6.012811  1.000000 0.000000 0.000000  0.200931 0.194573 1 76 1.000000
lowpoly_metal
0  -3.949234 -6.049456 -6.473084  -1.000000 0.000000 0.000000  0.991799 0.744500 1 78 1.000000
0  -3.949234 -6.006765 -6.619753  -1.000000 0.000000 0.000000  0.991798 0.744500 1 78 1.000000
0  -3.949234 -6.049456 -6.619753  -1.000000 0.000000 0.000000  0.991798 0.744498 1 78 1.000000
lowpoly_metal
0  -3.957975 -6.049456 -5.979205  -1.000000 0.000000 0.000000  0.991823 0.744480 1 76 1.000000
0  -3.957975 -6.006764 -6.125875  -1.000000 0.000000 0.000000  0.991823 0.744484 1 76 1.000000
0  -3.957975 -6.049456 -6.125875  -1.000000 0.000000 0.000000  0.991823 0.744482 1 76 1.000000
lowpoly_metal
0  -3.822214 -6.079339 -6.374186  0.499999 0.000001 0.866026  0.991798 0.744498 1 78 1.000000
0  -3.673055 -6.839612 -6.460302  0.499999 0.000001 0.866026  0.991795 0.744446 1 78 1.000000
0  -3.673056 -6.079339 -6.460302  0.499999 0.000001 0.866026  0.991798 0.744497 1 78 1.000000
lowpoly_metal
0  -3.931407 -6.964269 -6.110537  -0.500000 0.000000 -0.866025  0.991821 0.744435 1 76 1.000000
0  -3.830955 -7.124786 -6.168533  -0.500000 0.000000 -0.866025  0.991822 0.744428 1 76 1.000000
0  -3.931407 -7.124786 -6.110537  -0.500000 0.000000 -0.866025  0.991822 0.744429 1 76 1.000000
lowpoly_metal
0  -3.899768 -5.997100 -6.012811  -1.000000 0.000000 0.000000  0.200931 0.194573 1 76 1.000000
0  -3.899768 -5.972044 -6.092269  -1.000000 0.000000 0.000000  0.200931 0.194573 1 76 1.000000
0  -3.899768 -5.997100 -6.092269  -1.000000 0.000000 0.000000  0.200931 0.194573 1 76 1.000000
lowpoly_metal
0  -3.830955 -6.006764 -6.228014  0.499998 0.000000 -0.866027  0.991825 0.744498 1 76 1.000000
0  -3.678990 -5.969767 -6.140277  0.499998 0.000000 -0.866027  0.991826 0.744487 1 76 1.000000
0  -3.678990 -6.006764 -6.140277  0.499998 0.000000 -0.866027  0.991826 0.744486 1 76 1.000000
lowpoly_metal
0  -3.980113 -6.839612 -5.966423  -0.500003 -0.000000 0.866024  0.991821 0.744438 1 76 1.000000
0  -3.830955 -6.079339 -5.880307  -0.500003 -0.000000 0.866024  0.991823 0.744478 1 76 1.000000
0  -3.980113 -6.079339 -5.966423  -0.500003 -0.000000 0.866024  0.991823 0.744478 1 76 1.000000
lowpoly_metal
0  -3.822213 -6.839612 -6.718651  0.465711 -0.363918 -0.806646  0.991795 0.744446 1 78 1.000000
0  -3.721760 -6.964269 -6.604415  0.465711 -0.363918 -0.806646  0.991794 0.744442 1 78 1.000000
0  -3.822213 -6.964269 -6.662412  0.465711 -0.363918 -0.806646  0.991794 0.744441 1 78 1.000000
lowpoly_metal
0  -3.681797 -6.079339 -6.138656  0.803527 0.595268 0.000000  0.991824 0.744480 1 76 1.000000
0  -3.703935 -6.049456 -5.979205  0.803527 0.595268 0.000000  0.991824 0.744480 1 76 1.000000
0  -3.681797 -6.079339 -5.966423  0.803527 0.595268 0.000000  0.991824 0.744478 1 76 1.000000
lowpoly_metal
0  -3.830955 -5.969767 -5.963974  0.499996 0.000000 -0.866028  0.991824 0.744485 1 76 1.000000
0  -3.907655 -5.997100 -6.008257  0.499996 0.000000 -0.866028  0.991824 0.744486 1 76 1.000000
0  -3.907655 -5.969767 -6.008257  0.499996 0.000000 -0.866028  0.991824 0.744486 1 76 1.000000
lowpoly_metal
0  -3.753401 -5.972044 -6.586147  0.000000 1.000000 0.000000  0.200926 0.194577 1 78 1.000000
0  -3.891027 -5.972044 -6.586147  0.000000 1.000000 0.000000  0.200926 0.194577 1 78 1.000000
0  -3.822214 -5.972044 -6.466960  0.000000 1.000000 0.000000  0.200926 0.194578 1 78 1.000000
lowpoly_metal
0  -3.907655 -5.969767 -6.008257  1.000000 0.000000 0.000000  0.991824 0.744486 1 76 1.000000
0  -3.907655 -5.997100 -6.096823  1.000000 0.000000 0.000000  0.991824 0.744489 1 76 1.000000
0  -3.907655 -5.969767 -6.096823  1.000000 0.000000 0.000000  0.991824 0.744489 1 76 1.000000
lowpoly_metal
0  -3.944591 -6.049456 -6.176848  -0.500007 0.000000 0.866021  0.991812 0.744426 1 77 1.000000
0  -4.071610 -6.006764 -6.250183  -0.500007 0.000000 0.866021  0.991812 0.744424 1 77 1.000000
0  -4.071610 -6.049456 -6.250183  -0.500007 0.000000 0.866021  0.991812 0.744426 1 77 1.000000
lowpoly_metal
0  -3.903945 -7.241449 -6.593607  -0.964056 -0.265700 0.000003  0.942694 0.699403 1 78 1.000000
0  -3.874474 -7.336096 -6.516246  -0.942971 -0.332876 -0.000009  0.942695 0.699402 1 78 1.000000
0  -3.903945 -7.241449 -6.499230  -0.964055 -0.265700 -0.000000  0.942695 0.699403 1 78 1.000000
lowpoly_metal
0  -3.762142 -5.997100 -6.092269  0.499998 0.000000 -0.866027  0.200931 0.194573 1 76 1.000000
0  -3.830955 -5.972044 -6.131999  0.499998 0.000000 -0.866027  0.200931 0.194573 1 76 1.000000
0  -3.762142 -5.972044 -6.092269  0.499998 0.000000 -0.866027  0.200931 0.194573 1 76 1.000000
lowpoly_metal
0  -3.912687 -7.241449 -6.005352  -0.482040 -0.265703 0.834889  0.942697 0.699403 1 76 1.000000
0  -3.830955 -7.336096 -5.992194  -0.471493 -0.332879 0.816631  0.942697 0.699403 1 76 1.000000
0  -3.830955 -7.241449 -5.958163  -0.482039 -0.265703 0.834889  0.942697 0.699403 1 76 1.000000
lowpoly_metal
0  -3.944591 -6.006764 -6.498992  0.500005 0.000000 -0.866023  0.991813 0.744419 1 77 1.000000
0  -3.792625 -5.969767 -6.411255  0.500005 0.000000 -0.866023  0.991814 0.744409 1 77 1.000000
0  -3.792625 -6.006765 -6.411255  0.500005 0.000000 -0.866023  0.991814 0.744413 1 77 1.000000
lowpoly_metal
0  -3.944591 -6.006764 -6.498992  -0.000003 -1.000000 0.000000  0.991813 0.744419 1 77 1.000000
0  -3.792625 -6.006765 -6.411255  -0.000003 -1.000000 0.000000  0.991814 0.744413 1 77 1.000000
0  -3.944591 -6.006764 -6.470187  -0.000003 -1.000000 0.000000  0.991813 0.744421 1 77 1.000000
lowpoly_metal
0  -3.944591 -6.079339 -6.151285  0.401767 0.595273 0.695869  0.991812 0.744428 1 77 1.000000
0  -3.817571 -6.049456 -6.250183  0.401767 0.595273 0.695869  0.991812 0.744424 1 77 1.000000
0  -3.944591 -6.049456 -6.176848  0.401767 0.595273 0.695869  0.991812 0.744426 1 77 1.000000
lowpoly_metal
0  -3.944591 -5.969767 -6.234951  0.000000 1.000000 0.000000  0.991813 0.744417 1 77 1.000000
0  -3.944591 -5.969767 -6.148043  0.000000 1.000000 0.000000  0.991812 0.744420 1 77 1.000000
0  -3.792625 -5.969767 -6.235780  0.000000 1.000000 0.000000  0.991812 0.744416 1 77 1.000000
lowpoly_metal
0  -3.944591 -5.969767 -6.498992  0.000000 1.000000 0.000000  0.991813 0.744416 1 77 1.000000
0  -4.096556 -5.969767 -6.411255  0.000000 1.000000 0.000000  0.991813 0.744420 1 77 1.000000
0  -3.944591 -5.969767 -6.412084  0.000000 1.000000 0.000000  0.991813 0.744413 1 77 1.000000
lowpoly_metal
0  -3.673055 -6.839612 -6.460302  1.000000 0.000001 0.000000  0.991795 0.744446 1 78 1.000000
0  -3.673056 -6.079339 -6.632535  1.000000 0.000001 0.000000  0.991798 0.744496 1 78 1.000000
0  -3.673056 -6.079339 -6.460302  1.000000 0.000001 0.000000  0.991798 0.744497 1 78 1.000000
lowpoly_metal
0  -3.944590 -6.839612 -6.495750  -0.499997 0.000000 -0.866027  0.991809 0.744475 1 77 1.000000
0  -4.093749 -6.079339 -6.409634  -0.499997 0.000000 -0.866027  0.991812 0.744428 1 77 1.000000
0  -3.944591 -6.079339 -6.495750  -0.499997 0.000000 -0.866027  0.991812 0.744427 1 77 1.000000
lowpoly_metal
0  -3.817571 -6.049456 -6.250183  0.500000 0.000000 0.866025  0.991812 0.744424 1 77 1.000000
0  -3.944591 -6.006765 -6.176848  0.500000 0.000000 0.866025  0.991812 0.744424 1 77 1.000000
0  -3.944591 -6.049456 -6.176848  0.500000 0.000000 0.866025  0.991812 0.744426 1 77 1.000000
lowpoly_metal
0  -3.830955 -6.006764 -5.877066  -0.499998 0.000000 0.866027  0.991824 0.744482 1 76 1.000000
0  -3.982920 -5.969767 -5.964803  -0.499998 0.000000 0.866027  0.991823 0.744484 1 76 1.000000
0  -3.982920 -6.006764 -5.964803  -0.499998 0.000000 0.866027  0.991823 0.744483 1 76 1.000000
lowpoly_metal
0  -3.922666 -7.124786 -6.604415  0.000000 -1.000000 0.000000  0.991794 0.744433 1 78 1.000000
0  -3.822213 -7.124786 -6.662412  0.000000 -1.000000 0.000000  0.991793 0.744434 1 78 1.000000
0  -3.822213 -7.124786 -6.657134  0.000000 -1.000000 0.000000  0.991793 0.744431 1 78 1.000000
lowpoly_metal
0  -4.071610 -6.049456 -6.250183  -1.000000 0.000000 0.000000  0.991812 0.744426 1 77 1.000000
0  -4.071610 -6.006764 -6.396852  -1.000000 0.000000 0.000000  0.991813 0.744423 1 77 1.000000
0  -4.071610 -6.049456 -6.396852  -1.000000 0.000000 0.000000  0.991812 0.744426 1 77 1.000000
lowpoly_metal
0  -3.944591 -6.049456 -6.470187  0.500000 0.000000 -0.866025  0.991813 0.744424 1 77 1.000000
0  -3.817571 -6.006764 -6.396852  0.500000 0.000000 -0.866025  0.991813 0.744418 1 77 1.000000
0  -3.817571 -6.049456 -6.396852  0.500000 0.000000 -0.866025  0.991813 0.744422 1 77 1.000000
lowpoly_metal
0  -3.944591 -5.972044 -6.244059  0.000000 1.000000 0.000000  0.200929 0.194558 1 77 1.000000
0  -3.875778 -5.972044 -6.363246  0.000000 1.000000 0.000000  0.200929 0.194557 1 77 1.000000
0  -4.013404 -5.972044 -6.363246  0.000000 1.000000 0.000000  0.200929 0.194558 1 77 1.000000
lowpoly_metal
0  -4.093748 -6.839612 -6.409634  -1.000000 -0.000001 0.000000  0.991809 0.744475 1 77 1.000000
0  -4.093749 -6.079339 -6.237401  -1.000000 -0.000001 0.000000  0.991812 0.744428 1 77 1.000000
0  -4.093749 -6.079339 -6.409634  -1.000000 -0.000001 0.000000  0.991812 0.744428 1 77 1.000000
lowpoly_metal
0  -3.822213 -7.124786 -6.435703  -0.496367 -0.120403 0.859723  0.942694 0.699404 1 78 1.000000
0  -3.903945 -7.241449 -6.499230  -0.496367 -0.120403 0.859723  0.942695 0.699403 1 78 1.000000
0  -3.822213 -7.241450 -6.452042  -0.496367 -0.120403 0.859723  0.942695 0.699403 1 78 1.000000
lowpoly_metal
0  -4.096556 -6.006764 -6.235780  -1.000000 0.000000 0.000000  0.991813 0.744423 1 77 1.000000
0  -4.096556 -5.969767 -6.411255  -1.000000 0.000000 0.000000  0.991813 0.744420 1 77 1.000000
0  -4.096556 -6.006765 -6.411255  -1.000000 0.000000 0.000000  0.991813 0.744421 1 77 1.000000
lowpoly_metal
0  -3.971371 -6.839612 -6.460302  -0.499997 -0.000000 0.866027  0.991795 0.744446 1 78 1.000000
0  -3.822214 -6.079339 -6.374186  -0.499997 -0.000000 0.866027  0.991798 0.744498 1 78 1.000000
0  -3.971372 -6.079339 -6.460302  -0.499997 -0.000000 0.866027  0.991798 0.744497 1 78 1.000000
lowpoly_metal
0  -3.944590 -6.839612 -6.495750  0.465705 -0.363921 -0.806648  0.991809 0.744475 1 77 1.000000
0  -3.844137 -6.964269 -6.381515  0.465705 -0.363921 -0.806648  0.991809 0.744479 1 77 1.000000
0  -3.944590 -6.964269 -6.439511  0.465705 -0.363921 -0.806648  0.991809 0.744480 1 77 1.000000
lowpoly_metal
0  -3.754255 -5.969767 -6.096823  -1.000000 0.000000 0.000000  0.991824 0.744489 1 76 1.000000
0  -3.754255 -5.997100 -6.008257  -1.000000 0.000000 0.000000  0.991824 0.744486 1 76 1.000000
0  -3.754255 -5.969767 -6.008257  -1.000000 0.000000 0.000000  0.991824 0.744486 1 76 1.000000
lowpoly_metal
0  -3.944590 -7.124786 -6.207524  0.000000 -1.000000 0.000000  0.991808 0.744485 1 77 1.000000
0  -4.040473 -7.124786 -6.268159  0.000000 -1.000000 0.000000  0.991807 0.744488 1 77 1.000000
0  -3.944590 -7.124786 -6.212802  0.000000 -1.000000 0.000000  0.991808 0.744487 1 77 1.000000
lowpoly_metal
0  -3.830955 -5.997100 -5.973082  -0.500000 0.000000 0.866026  0.200931 0.194572 1 76 1.000000
0  -3.899768 -5.972044 -6.012811  -0.500000 0.000000 0.866026  0.200931 0.194573 1 76 1.000000
0  -3.899768 -5.997100 -6.012811  -0.500000 0.000000 0.866026  0.200931 0.194573 1 76 1.000000
lowpoly_metal
0  -3.762142 -5.997100 -6.092269  0.000000 1.000000 0.000085  0.991825 0.744489 1 76 1.000000
0  -3.754255 -5.997100 -6.096823  0.000000 1.000000 0.000085  0.991824 0.744489 1 76 1.000000
0  -3.830955 -5.997100 -6.141105  0.000000 1.000000 0.000085  0.991824 0.744493 1 76 1.000000
lowpoly_metal
0  -4.093748 -6.839612 -6.409634  -0.931430 -0.363920 0.000000  0.991809 0.744475 1 77 1.000000
0  -4.045043 -6.964269 -6.265521  -0.931430 -0.363920 0.000000  0.991808 0.744479 1 77 1.000000
0  -4.093748 -6.839612 -6.237401  -0.931430 -0.363920 0.000000  0.991809 0.744475 1 77 1.000000
lowpoly_metal
0  -3.822214 -6.006764 -6.370944  -0.499998 0.000000 0.866027  0.991799 0.744511 1 78 1.000000
0  -3.974179 -5.969767 -6.458681  -0.499998 0.000000 0.866027  0.991799 0.744508 1 78 1.000000
0  -3.974179 -6.006764 -6.458681  -0.499998 0.000000 0.866027  0.991799 0.744506 1 78 1.000000
lowpoly_metal
0  -3.830955 -7.241450 -6.146916  0.482030 -0.265699 -0.834896  0.942697 0.699403 1 76 1.000000
0  -3.778693 -7.336096 -6.082713  0.505305 -0.299043 -0.809469  0.942697 0.699401 1 76 1.000000
0  -3.830955 -7.336096 -6.112886  0.471491 -0.332875 -0.816634  0.942698 0.699402 1 76 1.000000
lowpoly_metal
0  -3.944590 -6.964269 -6.207524  -0.500002 0.000000 0.866024  0.991809 0.744479 1 77 1.000000
0  -4.045043 -7.124786 -6.265521  -0.500002 0.000000 0.866024  0.991807 0.744485 1 77 1.000000
0  -3.944590 -7.124786 -6.207524  -0.500002 0.000000 0.866024  0.991808 0.744485 1 77 1.000000
lowpoly_metal
0  -3.926837 -7.124786 -6.107897  -0.992724 -0.120414 0.000000  0.942697 0.699403 1 76 1.000000
0  -3.912687 -7.241449 -6.005352  -0.992724 -0.120414 0.000000  0.942697 0.699403 1 76 1.000000
0  -3.926837 -7.124786 -5.997182  -0.992724 -0.120414 0.000000  0.942697 0.699403 1 76 1.000000
lowpoly_metal
0  -3.795433 -6.079339 -6.409634  0.803521 0.595276 0.000000  0.991812 0.744426 1 77 1.000000
0  -3.817571 -6.049456 -6.250183  0.803521 0.595276 0.000000  0.991812 0.744424 1 77 1.000000
0  -3.795433 -6.079339 -6.237401  0.803521 0.595276 0.000000  0.991812 0.744427 1 77 1.000000
lowpoly_metal
0  -3.944590 -7.241450 -6.417894  -0.482031 -0.265706 -0.834893  0.942696 0.699410 1 77 1.000000
0  -3.996851 -7.336096 -6.353690  -0.471484 -0.332882 -0.816635  0.942695 0.699411 1 77 1.000000
0  -4.026322 -7.241449 -6.370706  -0.482028 -0.265706 -0.834895  0.942696 0.699410 1 77 1.000000
lowpoly_metal
0  -4.045043 -6.964269 -6.265521  -1.000000 0.000000 0.000000  0.991808 0.744479 1 77 1.000000
0  -4.045043 -7.124786 -6.381515  -1.000000 0.000000 0.000000  0.991807 0.744487 1 77 1.000000
0  -4.045043 -7.124786 -6.265521  -1.000000 0.000000 0.000000  0.991807 0.744485 1 77 1.000000
lowpoly_metal
0  -3.944591 -5.997100 -6.244059  -0.500011 -0.000021 0.866019  0.200929 0.194558 1 77 1.000000
0  -4.013404 -5.972044 -6.283788  -0.500011 -0.000021 0.866019  0.200929 0.194558 1 77 1.000000
0  -4.013404 -5.997100 -6.283789  -0.500011 -0.000021 0.866019  0.200929 0.194558 1 77 1.000000
lowpoly_metal
0  -3.944591 -6.079339 -6.151285  -0.401753 0.595283 0.695868  0.991812 0.744428 1 77 1.000000
0  -4.071610 -6.049456 -6.250183  -0.401753 0.595283 0.695868  0.991812 0.744426 1 77 1.000000
0  -4.093749 -6.079339 -6.237401  -0.401753 0.595283 0.695868  0.991812 0.744428 1 77 1.000000
lowpoly_metal
0  -3.944590 -6.839612 -6.495750  -0.465712 -0.363920 -0.806644  0.991809 0.744475 1 77 1.000000
0  -4.045043 -6.964269 -6.381515  -0.465712 -0.363920 -0.806644  0.991808 0.744479 1 77 1.000000
0  -4.093748 -6.839612 -6.409634  -0.465712 -0.363920 -0.806644  0.991809 0.744475 1 77 1.000000
lowpoly_plastic
0  -4.400871 -7.354600 -10.225001  -1.000000 0.000000 0.000000  0.005476 0.761164 1 72 1.000000
0  -4.400872 -6.087096 -10.406671  -1.000000 0.000000 0.000000  0.005476 0.761164 1 72 1.000000
0  -4.400871 -7.449032 -10.406670  -1.000000 0.000000 0.000000  0.005476 0.761164 1 72 1.000000
lowpoly_plastic
0  -3.998553 -7.641479 -9.156596  0.000000 -0.999935 0.011435  0.008576 0.748762 1 72 1.000000
0  -3.867667 -7.614930 -6.834948  0.000000 -0.999935 0.011435  0.008576 0.748762 1 72 1.000000
0  -3.998553 -7.614930 -6.834948  0.000000 -0.999935 0.011435  0.008576 0.748762 1 72 1.000000
lowpoly_plastic
0  -3.867668 10.331635 -19.873455  0.000009 0.184589 0.982816  0.005476 0.761164 1 79 1.000000
0  -4.300466 8.644011 -19.556492  0.000009 0.184589 0.982816  0.005476 0.761164 1 79 1.000000
0  -3.867668 8.418833 -19.514200  0.000009 0.184589 0.982816  0.005476 0.761164 1 79 1.000000
lowpoly_plastic
0  -4.080925 -5.894232 -9.188294  0.000000 0.999935 -0.011386  0.008576 0.748762 1 72 1.000000
0  -3.867667 -5.867599 -6.849327  0.000000 0.999935 -0.011386  0.008576 0.748762 1 72 1.000000
0  -3.867668 -5.894232 -9.188294  0.000000 0.999935 -0.011386  0.008576 0.748762 1 72 1.000000
lowpoly_plastic
0  -4.300466 10.331635 -19.873455  -0.000001 0.977582 -0.210556  0.005476 0.761164 1 79 1.000000
0  -3.867668 10.290794 -20.063068  -0.000001 0.977582 -0.210556  0.005476 0.761164 1 79 1.000000
0  -4.300466 10.290793 -20.063068  -0.000001 0.977582 -0.210556  0.005476 0.761164 1 79 1.000000
lowpoly_plastic
0  -4.272912 -6.073191 -10.336664  0.000000 0.992145 -0.125094  0.008576 0.748762 1 72 1.000000
0  -4.185127 -6.218812 -11.491621  0.000000 0.992145 -0.125094  0.008576 0.748762 1 72 1.000000
0  -4.272913 -6.218812 -11.491620  0.000000 0.992145 -0.125094  0.008576 0.748762 1 72 1.000000
lowpoly_plastic
0  -4.400872 10.910907 -16.232515  -0.000001 1.000000 0.000000  0.005476 0.761164 1 79 1.000000
0  -3.334465 10.910908 -16.414185  -0.000001 1.000000 0.000000  0.005476 0.761164 1 79 1.000000
0  -4.400872 10.910907 -16.414185  -0.000001 1.000000 0.000000  0.005476 0.761164 1 79 1.000000
lowpoly_plastic
0  -4.300466 10.290793 -20.063068  -0.000004 -0.184589 -0.982816  0.005476 0.761164 1 79 1.000000
0  -3.867668 8.377992 -19.703815  -0.000004 -0.184589 -0.982816  0.005476 0.761164 1 79 1.000000
0  -4.300466 8.603169 -19.746105  -0.000004 -0.184589 -0.982816  0.005476 0.761164 1 79 1.000000
lowpoly_plastic
0  -3.434870 -6.707209 -14.055555  0.000000 -0.184588 -0.982816  0.005476 0.761164 1 72 1.000000
0  -3.867668 -8.620011 -13.696301  0.000000 -0.184588 -0.982816  0.005476 0.761164 1 72 1.000000
0  -3.867668 -6.707209 -14.055555  0.000000 -0.184588 -0.982816  0.005476 0.761164 1 72 1.000000
lowpoly_plastic
0  -4.080925 -5.982566 -10.349180  0.000000 0.997118 -0.075872  0.008576 0.748762 1 72 1.000000
0  -3.867668 -5.894232 -9.188294  0.000000 0.997118 -0.075872  0.008576 0.748762 1 72 1.000000
0  -3.867668 -5.982566 -10.349180  0.000000 0.997118 -0.075872  0.008576 0.748762 1 72 1.000000
lowpoly_plastic
0  -3.687268 8.418833 -19.514200  0.672002 -0.723948 0.155926  0.005476 0.761164 1 79 1.000000
0  -3.434870 8.603170 -19.746105  0.672002 -0.723948 0.155926  0.005476 0.761164 1 79 1.000000
0  -3.434870 8.644011 -19.556492  0.672002 -0.723948 0.155926  0.005476 0.761164 1 79 1.000000
lowpoly_plastic
0  -4.300466 8.644011 -19.556492  -1.000000 0.000000 0.000000  0.005476 0.761164 1 79 1.000000
0  -4.300466 10.290793 -20.063068  -1.000000 0.000000 0.000000  0.005476 0.761164 1 79 1.000000
0  -4.300466 8.603169 -19.746105  -1.000000 0.000000 0.000000  0.005476 0.761164 1 79 1.000000
lowpoly_plastic
0  -4.300466 -6.707210 -14.055554  0.000002 -0.184588 -0.982816  0.005476 0.761164 1 72 1.000000
0  -3.867668 -8.620011 -13.696301  0.000002 -0.184588 -0.982816  0.005476 0.761164 1 72 1.000000
0  -4.300466 -8.394834 -13.738592  0.000002 -0.184588 -0.982816  0.005476 0.761164 1 72 1.000000
lowpoly_plastic
0  -3.434870 -8.394833 -13.738592  0.000000 -0.184580 -0.982818  0.005476 0.761164 1 72 1.000000
0  -3.687268 -8.620011 -13.696301  0.000000 -0.184580 -0.982818  0.005476 0.761164 1 72 1.000000
0  -3.867668 -8.620011 -13.696301  0.000000 -0.184580 -0.982818  0.005476 0.761164 1 72 1.000000
lowpoly_plastic
0  -4.080925 -7.799085 -13.712293  0.000000 -0.179766 -0.983709  0.008576 0.748762 1 72 1.000000
0  -4.185127 -6.831200 -13.889168  0.000000 -0.179766 -0.983709  0.008576 0.748762 1 72 1.000000
0  -4.080925 -6.831200 -13.889168  0.000000 -0.179766 -0.983709  0.008576 0.748762 1 72 1.000000
lowpoly_plastic
0  -4.300466 -8.394834 -13.738592  -0.672001 -0.723949 0.155926  0.005476 0.761164 1 72 1.000000
0  -4.048068 -8.579170 -13.506686  -0.672001 -0.723949 0.155926  0.005476 0.761164 1 72 1.000000
0  -4.300466 -8.353992 -13.548979  -0.672001 -0.723949 0.155926  0.005476 0.761164 1 72 1.000000
lowpoly_plastic
0  -3.434870 10.290794 -20.063068  1.000000 -0.000001 0.000000  0.005476 0.761164 1 79 1.000000
0  -3.434870 8.644011 -19.556492  1.000000 -0.000001 0.000000  0.005476 0.761164 1 79 1.000000
0  -3.434870 8.603170 -19.746105  1.000000 -0.000001 0.000000  0.005476 0.761164 1 79 1.000000
lowpoly_plastic
0  -3.462424 -6.218812 -11.491621  1.000000 0.000000 -0.000000  0.008576 0.748762 1 72 1.000000
0  -3.462424 -6.139083 -10.330079  1.000000 0.000000 -0.000000  0.008576 0.748762 1 72 1.000000
0  -3.462424 -6.284280 -11.485141  1.000000 0.000000 -0.000000  0.008576 0.748762 1 72 1.000000
lowpoly_plastic
0  -4.176485 -8.063068 -12.387641  -0.749861 -0.643563 0.153410  0.008576 0.748762 1 72 1.000000
0  -4.116385 -7.880834 -11.327120  -0.756184 -0.636443 0.152072  0.008576 0.748762 1 72 1.000000
0  -4.176485 -7.812179 -11.333915  -0.752662 -0.641452 0.148457  0.008576 0.748762 1 72 1.000000
lowpoly_plastic
0  -4.166634 -5.993142 -6.141292  -0.929931 -0.000827 0.367732  0.008576 0.748762 1 72 1.000000
0  -4.082368 -6.675337 -5.929730  -0.929931 -0.000827 0.367732  0.008576 0.748762 1 72 1.000000
0  -4.082368 -5.993521 -5.928199  -0.929931 -0.000827 0.367732  0.008576 0.748762 1 72 1.000000
lowpoly_plastic
0  -3.568701 -7.427198 -6.143525  0.750362 -0.649695 0.121872  0.008576 0.748762 1 72 1.000000
0  -3.618950 -7.614930 -6.834948  0.750362 -0.649695 0.121872  0.008576 0.748762 1 72 1.000000
0  -3.558850 -7.545487 -6.835025  0.750362 -0.649695 0.121872  0.008576 0.748762 1 72 1.000000
lowpoly_plastic
0  -4.109588 -8.351501 -13.611342  0.000000 -0.179780 -0.983707  0.008576 0.748762 1 72 1.000000
0  -4.116385 -8.419815 -13.598858  0.000000 -0.179780 -0.983707  0.008576 0.748762 1 72 1.000000
0  -4.176486 -8.351501 -13.611342  0.000000 -0.179780 -0.983707  0.008576 0.748762 1 72 1.000000
lowpoly_plastic
0  -4.272912 -6.000030 -6.836738  -0.988523 -0.000235 0.151069  0.008576 0.748762 1 72 1.000000
0  -4.166633 -6.977054 -6.142824  -0.988523 -0.000235 0.151069  0.008576 0.748762 1 72 1.000000
0  -4.166634 -5.993142 -6.141292  -0.988523 -0.000235 0.151069  0.008576 0.748762 1 72 1.000000
lowpoly_plastic
0  -3.462424 -6.714375 -13.395756  1.000000 0.000000 0.000000  0.008576 0.748762 1 72 1.000000
0  -3.462424 -6.766057 -13.901073  1.000000 0.000000 0.000000  0.008576 0.748762 1 72 1.000000
0  -3.462424 -6.649740 -13.410086  1.000000 0.000000 0.000000  0.008576 0.748762 1 72 1.000000
lowpoly_plastic
0  -4.078847 -7.427198 -6.143525  0.000000 -0.001558 0.999999  0.008576 0.748762 1 72 1.000000
0  -4.070206 -7.538619 -6.143699  0.000000 -0.001558 0.999999  0.008576 0.748762 1 72 1.000000
0  -4.003308 -7.538619 -6.143699  0.000000 -0.001558 0.999999  0.008576 0.748762 1 72 1.000000
lowpoly_plastic
0  -3.654410 -5.958225 -6.836811  0.988455 0.020728 0.150088  0.008576 0.748762 1 72 1.000000
0  -3.760689 -5.836295 -6.153706  0.988455 0.020728 0.150088  0.008576 0.748762 1 72 1.000000
0  -3.760689 -5.926921 -6.141189  0.988455 0.020728 0.150088  0.008576 0.748762 1 72 1.000000
lowpoly_plastic
0  -3.760689 -5.993142 -6.141292  0.000000 -0.001555 0.999999  0.008576 0.748762 1 72 1.000000
0  -3.867667 -5.926921 -6.141189  0.000000 -0.001555 0.999999  0.008576 0.748762 1 72 1.000000
0  -3.867667 -5.993142 -6.141292  0.000000 -0.001555 0.999999  0.008576 0.748762 1 72 1.000000
lowpoly_plastic
0  -3.867668 -5.894232 -9.188294  0.000000 0.997118 -0.075872  0.008576 0.748762 1 72 1.000000
0  -3.654411 -5.982566 -10.349180  0.000000 0.997118 -0.075872  0.008576 0.748762 1 72 1.000000
0  -3.867668 -5.982566 -10.349180  0.000000 0.997118 -0.075872  0.008576 0.748762 1 72 1.000000
lowpoly_plastic
0  -3.462424 -8.114102 -13.085431  0.002640 -0.216657 -0.976244  0.863264 0.820637 1 72 1.000000
0  -3.424033 -7.674734 -13.182840  0.002640 -0.216657 -0.976244  0.863264 0.820637 1 72 1.000000
0  -3.426498 -8.127273 -13.082313  0.002640 -0.216657 -0.976244  0.863264 0.820637 1 72 1.000000
lowpoly_plastic
0  -3.550210 -7.799085 -13.712293  0.000000 -0.179768 -0.983709  0.008576 0.748762 1 72 1.000000
0  -3.654411 -8.241897 -13.631371  0.000000 -0.179768 -0.983709  0.008576 0.748762 1 72 1.000000
0  -3.654411 -7.799085 -13.712293  0.000000 -0.179768 -0.983709  0.008576 0.748762 1 72 1.000000
lowpoly_plastic
0  -3.867668 -6.831200 -13.889168  0.000000 -0.179785 -0.983706  0.008576 0.748762 1 72 1.000000
0  -4.080925 -6.766057 -13.901073  0.000000 -0.179785 -0.983706  0.008576 0.748762 1 72 1.000000
0  -3.867668 -6.766057 -13.901073  0.000000 -0.179785 -0.983706  0.008576 0.748762 1 72 1.000000
lowpoly_plastic
0  -3.867668 -8.351501 -13.611342  0.000000 -0.179778 -0.983707  0.008576 0.748762 1 72 1.000000
0  -3.736783 -8.419815 -13.598858  0.000000 -0.179778 -0.983707  0.008576 0.748762 1 72 1.000000
0  -3.867668 -8.419815 -13.598858  0.000000 -0.179778 -0.983707  0.008576 0.748762 1 72 1.000000
lowpoly_plastic
0  -3.550210 -6.831200 -13.889168  0.000000 -0.179767 -0.983709  0.008576 0.748762 1 72 1.000000
0  -3.654411 -7.799085 -13.712293  0.000000 -0.179767 -0.983709  0.008576 0.748762 1 72 1.000000
0  -3.654411 -6.831200 -13.889168  0.000000 -0.179767 -0.983709  0.008576 0.748762 1 72 1.000000
lowpoly_plastic
0  -3.687268 8.377992 -19.703815  0.000000 -0.977579 0.210571  0.005476 0.761164 1 79 1.000000
0  -3.867668 8.418833 -19.514200  0.000000 -0.977579 0.210571  0.005476 0.761164 1 79 1.000000
0  -3.867668 8.377992 -19.703815  0.000000 -0.977579 0.210571  0.005476 0.761164 1 79 1.000000
lowpoly_plastic
0  -4.400872 -6.087096 -10.406671  -0.000000 1.000000 0.000010  0.005476 0.761164 1 72 1.000000
0  -3.334465 -6.087095 -10.493556  -0.000000 1.000000 0.000010  0.005476 0.761164 1 72 1.000000
0  -4.400872 -6.087096 -10.493556  -0.000000 1.000000 0.000010  0.005476 0.761164 1 72 1.000000
lowpoly_plastic
0  -3.618951 -7.880834 -11.327120  0.000000 -0.993286 0.115688  0.008576 0.748762 1 72 1.000000
0  -3.672829 -7.746001 -10.169467  0.000000 -0.993286 0.115688  0.008576 0.748762 1 72 1.000000
0  -3.672829 -7.880834 -11.327120  0.000000 -0.993286 0.115688  0.008576 0.748762 1 72 1.000000
lowpoly_plastic
0  -3.654411 -6.218812 -11.491621  1.000000 -0.000000 -0.000000  0.008576 0.748762 1 72 1.000000
0  -3.654411 -5.982566 -10.349180  1.000000 -0.000000 -0.000000  0.008576 0.748762 1 72 1.000000
0  -3.654411 -6.073191 -10.336664  1.000000 -0.000000 -0.000000  0.008576 0.748762 1 72 1.000000
lowpoly_plastic
0  -3.654411 -6.394765 -12.695693  1.000000 0.000000 0.000000  0.008576 0.748762 1 72 1.000000
0  -3.654411 -6.218812 -11.491621  1.000000 0.000000 0.000000  0.008576 0.748762 1 72 1.000000
0  -3.654411 -6.485390 -12.683177  1.000000 0.000000 0.000000  0.008576 0.748762 1 72 1.000000
lowpoly_plastic
0  -3.550209 -6.977055 -8.336673  -1.000000 0.000001 0.000000  0.008576 0.748762 1 72 1.000000
0  -3.550209 -7.427199 -6.810592  -1.000000 0.000001 0.000000  0.008576 0.748762 1 72 1.000000
0  -3.550209 -6.977054 -6.809891  -1.000000 0.000001 0.000000  0.008576 0.748762 1 72 1.000000
lowpoly_plastic
0  -3.462424 -6.073191 -10.336664  1.000000 0.000000 0.000000  0.008576 0.748762 1 72 1.000000
0  -3.462424 -6.026660 -9.175023  1.000000 0.000000 0.000000  0.008576 0.748762 1 72 1.000000
0  -3.462424 -6.139083 -10.330079  1.000000 0.000000 0.000000  0.008576 0.748762 1 72 1.000000
lowpoly_plastic
0  -3.462424 -7.674734 -13.182840  1.000000 0.000000 0.000000  0.008576 0.748762 1 72 1.000000
0  -3.462424 -6.831200 -13.889168  1.000000 0.000000 0.000000  0.008576 0.748762 1 72 1.000000
0  -3.462424 -6.714375 -13.395756  1.000000 0.000000 0.000000  0.008576 0.748762 1 72 1.000000
lowpoly_plastic
0  -3.462423 -5.958225 -6.836811  0.988527 -0.000060 0.151046  0.008576 0.748762 1 72 1.000000
0  -3.568701 -5.993142 -6.141292  0.988524 0.000276 0.151062  0.008576 0.748762 1 72 1.000000
0  -3.462423 -6.000030 -6.836738  0.988527 -0.000060 0.151046  0.008576 0.748762 1 72 1.000000
lowpoly_plastic
0  -3.652966 -5.927301 -5.928096  0.929934 -0.000568 0.367727  0.008576 0.748762 1 72 1.000000
0  -3.568701 -5.993142 -6.141292  0.929934 -0.000568 0.367727  0.008576 0.748762 1 72 1.000000
0  -3.568701 -5.926921 -6.141189  0.929934 -0.000568 0.367727  0.008576 0.748762 1 72 1.000000
lowpoly_plastic
0  -3.654411 -6.485390 -12.683177  0.004638 0.224814 0.974391  0.863264 0.820637 1 72 1.000000
0  -3.550210 -6.447945 -12.691643  0.000000 0.220552 0.975375  0.863264 0.820637 1 72 1.000000
0  -3.626559 -6.459619 -12.689004  0.006302 0.221490 0.975142  0.863264 0.820637 1 72 1.000000
lowpoly_plastic
0  -3.462424 -8.114102 -13.085431  1.000000 0.000001 -0.000000  0.008576 0.748762 1 72 1.000000
0  -3.462424 -7.799085 -13.712293  1.000000 0.000001 -0.000000  0.008576 0.748762 1 72 1.000000
0  -3.462424 -7.674734 -13.182840  1.000000 0.000001 -0.000000  0.008576 0.748762 1 72 1.000000
lowpoly_plastic
0  -3.867668 -8.241897 -13.631371  0.000000 -0.179765 -0.983710  0.008576 0.748762 1 72 1.000000
0  -3.705155 -8.351501 -13.611342  0.000000 -0.179765 -0.983710  0.008576 0.748762 1 72 1.000000
0  -3.867668 -8.351501 -13.611342  0.000000 -0.179765 -0.983710  0.008576 0.748762 1 72 1.000000
lowpoly_plastic
0  -3.705155 -8.351501 -13.611342  0.000000 -0.179777 -0.983707  0.008576 0.748762 1 72 1.000000
0  -3.618951 -8.419815 -13.598858  0.000000 -0.179777 -0.983707  0.008576 0.748762 1 72 1.000000
0  -3.672830 -8.419815 -13.598858  0.000000 -0.179777 -0.983707  0.008576 0.748762 1 72 1.000000
lowpoly_plastic
0  -4.185127 -8.241897 -13.631371  0.000000 -0.179760 -0.983711  0.008576 0.748762 1 72 1.000000
0  -4.176486 -8.351501 -13.611342  0.000000 -0.179760 -0.983711  0.008576 0.748762 1 72 1.000000
0  -4.272913 -8.241897 -13.631371  0.000000 -0.179760 -0.983711  0.008576 0.748762 1 72 1.000000
lowpoly_plastic
0  -3.656487 -5.926921 -6.141189  0.000000 0.998989 -0.044955  0.008576 0.748762 1 72 1.000000
0  -3.550209 -5.958225 -6.836811  0.000000 0.998989 -0.044955  0.008576 0.748762 1 72 1.000000
0  -3.654410 -5.958225 -6.836811  0.000000 0.998989 -0.044955  0.008576 0.748762 1 72 1.000000
lowpoly_plastic
0  -4.176484 -7.545487 -6.835025  -0.750580 -0.649459 0.121789  0.008576 0.748762 1 72 1.000000
0  -4.166633 -7.427198 -6.143525  -0.750580 -0.649459 0.121789  0.008576 0.748762 1 72 1.000000
0  -4.272911 -7.434068 -6.835149  -0.750580 -0.649459 0.121789  0.008576 0.748762 1 72 1.000000
lowpoly_plastic
0  -3.923902 -7.538619 -6.143699  0.000000 -0.001552 0.999999  0.008576 0.748762 1 72 1.000000
0  -3.956228 -7.608063 -6.143806  0.000000 -0.001552 0.999999  0.008576 0.748762 1 72 1.000000
0  -3.892274 -7.608063 -6.143806  0.000000 -0.001552 0.999999  0.008576 0.748762 1 72 1.000000
lowpoly_plastic
0  -3.654411 -6.218812 -11.491621  0.000000 0.992145 -0.125094  0.008576 0.748762 1 72 1.000000
0  -3.550210 -6.073191 -10.336664  0.000000 0.992145 -0.125094  0.008576 0.748762 1 72 1.000000
0  -3.550210 -6.218812 -11.491621  0.000000 0.992145 -0.125094  0.008576 0.748762 1 72 1.000000
lowpoly_plastic
0  -3.867668 -7.746001 -10.169467  0.000000 -0.994718 0.102649  0.008576 0.748762 1 72 1.000000
0  -3.998553 -7.641479 -9.156596  0.000000 -0.994718 0.102649  0.008576 0.748762 1 72 1.000000
0  -3.998553 -7.746001 -10.169467  0.000000 -0.994718 0.102649  0.008576 0.748762 1 72 1.000000
lowpoly_plastic
0  -4.400871 -7.449032 -10.406670  -1.000000 0.000000 -0.000000  0.005476 0.761164 1 72 1.000000
0  -4.400872 -6.087096 -10.493556  -1.000000 0.000000 -0.000000  0.005476 0.761164 1 72 1.000000
0  -4.400871 -7.449031 -10.493556  -1.000000 0.000000 -0.000000  0.005476 0.761164 1 72 1.000000
lowpoly_plastic
0  -4.062506 -7.614930 -6.834948  0.000000 -0.999951 0.009933  0.008576 0.748762 1 72 1.000000
0  -4.010106 -7.608063 -6.143806  0.000000 -0.999951 0.009933  0.008576 0.748762 1 72 1.000000
0  -4.116384 -7.614930 -6.834948  0.000000 -0.999951 0.009933  0.008576 0.748762 1 72 1.000000
lowpoly_plastic
0  -3.867668 -6.128187 -11.504136  0.000000 0.992145 -0.125093  0.008576 0.748762 1 72 1.000000
0  -3.654411 -5.982566 -10.349180  0.000000 0.992145 -0.125093  0.008576 0.748762 1 72 1.000000
0  -3.654411 -6.128187 -11.504136  0.000000 0.992145 -0.125093  0.008576 0.748762 1 72 1.000000
lowpoly_plastic
0  -4.176485 -8.063068 -12.387641  0.014492 0.200335 0.979620  0.863264 0.820637 1 72 1.000000
0  -4.309006 -7.966728 -12.405059  0.017577 0.201304 0.979371  0.863264 0.820637 1 72 1.000000
0  -4.205480 -8.087552 -12.381836  0.016577 0.204451 0.978736  0.863264 0.820637 1 72 1.000000
lowpoly_plastic
0  -4.080925 -6.649740 -13.410086  -0.000000 0.971577 -0.236726  0.008576 0.748762 1 72 1.000000
0  -4.185127 -6.766057 -13.901073  0.000000 0.973066 -0.230527  0.008576 0.748762 1 72 1.000000
0  -4.185127 -6.649740 -13.410086  0.000000 0.973066 -0.230527  0.008576 0.748762 1 72 1.000000
lowpoly_plastic
0  -3.334465 10.910908 -16.232515  0.000000 0.000000 1.000000  0.005476 0.761164 1 79 1.000000
0  -4.400871 9.643402 -16.232515  0.000000 0.000000 1.000000  0.005476 0.761164 1 79 1.000000
0  -3.334464 9.643403 -16.232515  0.000000 0.000000 1.000000  0.005476 0.761164 1 79 1.000000
lowpoly_plastic
0  -4.080925 -5.958225 -6.836811  0.000000 0.998989 -0.044956  0.008576 0.748762 1 72 1.000000
0  -4.078847 -5.926921 -6.141189  0.000000 0.998989 -0.044956  0.008576 0.748762 1 72 1.000000
0  -3.974646 -5.926921 -6.141189  0.000000 0.998989 -0.044956  0.008576 0.748762 1 72 1.000000
lowpoly_plastic
0  -3.867668 8.418833 -19.514200  0.000000 -0.977580 0.210563  0.005476 0.761164 1 79 1.000000
0  -4.048068 8.377992 -19.703815  0.000000 -0.977580 0.210563  0.005476 0.761164 1 79 1.000000
0  -3.867668 8.377992 -19.703815  0.000000 -0.977580 0.210563  0.005476 0.761164 1 79 1.000000
lowpoly_plastic
0  -3.672829 -8.131048 -12.374907  0.000000 0.231255 0.972893  0.863264 0.820637 1 72 1.000000
0  -3.736782 -8.168398 -12.366030  0.000000 0.231255 0.972893  0.863264 0.820637 1 72 1.000000
0  -3.672829 -8.168398 -12.366030  0.000000 0.231255 0.972893  0.863264 0.820637 1 72 1.000000
lowpoly_plastic
0  -3.672829 -7.880834 -11.327120  0.000000 -0.993285 0.115689  0.008576 0.748762 1 72 1.000000
0  -3.736782 -7.746001 -10.169467  0.000000 -0.993285 0.115689  0.008576 0.748762 1 72 1.000000
0  -3.736782 -7.880834 -11.327120  0.000000 -0.993285 0.115689  0.008576 0.748762 1 72 1.000000
lowpoly_plastic
0  -3.618951 -7.641479 -9.156596  0.000000 -0.994718 0.102649  0.008576 0.748762 1 72 1.000000
0  -3.672829 -7.746001 -10.169467  0.000000 -0.994718 0.102649  0.008576 0.748762 1 72 1.000000
0  -3.618951 -7.746001 -10.169467  0.000000 -0.994718 0.102649  0.008576 0.748762 1 72 1.000000
lowpoly_plastic
0  -4.003308 -7.538619 -6.143699  0.000000 1.000000 -0.000002  0.008576 0.748762 1 72 1.000000
0  -4.030180 -7.538619 -6.810765  0.000000 1.000000 -0.000002  0.008576 0.748762 1 72 1.000000
0  -4.109587 -7.538619 -6.810765  0.000000 1.000000 -0.000002  0.008576 0.748762 1 72 1.000000
lowpoly_plastic
0  -3.656487 -7.427198 -6.143525  -0.820515 0.556476 -0.130727  0.008576 0.748762 1 72 1.000000
0  -3.625747 -7.538619 -6.810765  -0.820515 0.556476 -0.130727  0.008576 0.748762 1 72 1.000000
0  -3.732026 -7.538619 -6.143699  -0.820515 0.556476 -0.130727  0.008576 0.748762 1 72 1.000000
lowpoly_plastic
0  -3.654411 -8.241897 -13.631371  0.000000 -0.179762 -0.983710  0.008576 0.748762 1 72 1.000000
0  -3.558851 -8.351501 -13.611342  0.000000 -0.179762 -0.983710  0.008576 0.748762 1 72 1.000000
0  -3.625749 -8.351501 -13.611342  0.000000 -0.179762 -0.983710  0.008576 0.748762 1 72 1.000000
lowpoly_plastic
0  -3.550209 -6.977054 -6.809891  -0.987545 0.000245 -0.157337  0.008576 0.748762 1 72 1.000000
0  -3.656487 -7.427198 -6.143525  -0.987545 0.000245 -0.157337  0.008576 0.748762 1 72 1.000000
0  -3.656487 -6.977054 -6.142824  -0.987545 0.000245 -0.157337  0.008576 0.748762 1 72 1.000000
lowpoly_plastic
0  -4.070206 -7.538619 -6.143699  -0.750359 -0.649711 0.121809  0.008576 0.748762 1 72 1.000000
0  -4.176484 -7.545487 -6.835025  -0.750359 -0.649711 0.121809  0.008576 0.748762 1 72 1.000000
0  -4.116384 -7.614930 -6.834948  -0.750359 -0.649711 0.121809  0.008576 0.748762 1 72 1.000000
lowpoly_plastic
0  -3.867667 -5.867599 -6.849327  0.000000 0.999935 -0.011386  0.008576 0.748762 1 72 1.000000
0  -3.654411 -5.894232 -9.188294  0.000000 0.999935 -0.011386  0.008576 0.748762 1 72 1.000000
0  -3.867668 -5.894232 -9.188294  0.000000 0.999935 -0.011386  0.008576 0.748762 1 72 1.000000
lowpoly_plastic
0  -4.185126 -5.984858 -9.175779  0.000000 0.999935 -0.011386  0.008576 0.748762 1 72 1.000000
0  -4.080925 -5.958225 -6.836811  0.000000 0.999935 -0.011386  0.008576 0.748762 1 72 1.000000
0  -4.080925 -5.984858 -9.175779  0.000000 0.999935 -0.011386  0.008576 0.748762 1 72 1.000000
lowpoly_plastic
0  -3.462424 -5.984858 -9.175779  1.000000 0.000000 -0.000000  0.008576 0.748762 1 72 1.000000
0  -3.462423 -6.000030 -6.836738  1.000000 0.000000 -0.000000  0.008576 0.748762 1 72 1.000000
0  -3.462424 -6.026660 -9.175023  1.000000 0.000000 -0.000000  0.008576 0.748762 1 72 1.000000
lowpoly_plastic
0  -3.672828 -7.614930 -6.834948  0.000000 -0.999935 0.011435  0.008576 0.748762 1 72 1.000000
0  -3.736782 -7.641479 -9.156596  0.000000 -0.999935 0.011435  0.008576 0.748762 1 72 1.000000
0  -3.672829 -7.641479 -9.156596  0.000000 -0.999935 0.011435  0.008576 0.748762 1 72 1.000000
lowpoly_plastic
0  -3.736782 -7.641479 -9.156596  0.000000 -0.999935 0.011435  0.008576 0.748762 1 72 1.000000
0  -3.867667 -7.614930 -6.834948  0.000000 -0.999935 0.011435  0.008576 0.748762 1 72 1.000000
0  -3.867668 -7.641479 -9.156596  0.000000 -0.999935 0.011435  0.008576 0.748762 1 72 1.000000
lowpoly_plastic
0  -3.654411 -5.984858 -9.175779  1.000000 -0.000005 -0.000000  0.008576 0.748762 1 72 1.000000
0  -3.654410 -5.867599 -6.849327  1.000000 -0.000005 -0.000000  0.008576 0.748762 1 72 1.000000
0  -3.654410 -5.958225 -6.836811  1.000000 -0.000005 -0.000000  0.008576 0.748762 1 72 1.000000
lowpoly_plastic
0  -3.462424 -7.010510 -9.163797  1.000000 0.000000 -0.000000  0.008576 0.748762 1 72 1.000000
0  -3.462423 -7.434068 -6.835149  1.000000 0.000000 -0.000000  0.008576 0.748762 1 72 1.000000
0  -3.462424 -7.460626 -9.158661  1.000000 0.000000 -0.000000  0.008576 0.748762 1 72 1.000000
lowpoly_plastic
0  -4.272912 -7.010510 -9.163797  -1.000000 0.000001 0.000000  0.008576 0.748762 1 72 1.000000
0  -4.272911 -7.434068 -6.835149  -1.000000 0.000001 0.000000  0.008576 0.748762 1 72 1.000000
0  -4.272911 -6.983929 -6.835647  -1.000000 0.000001 0.000000  0.008576 0.748762 1 72 1.000000
lowpoly_plastic
0  -3.867668 -8.579170 -13.506686  0.000000 -0.977580 0.210563  0.005476 0.761164 1 72 1.000000
0  -4.048068 -8.620011 -13.696301  0.000000 -0.977580 0.210563  0.005476 0.761164 1 72 1.000000
0  -3.867668 -8.620011 -13.696301  0.000000 -0.977580 0.210563  0.005476 0.761164 1 72 1.000000
lowpoly_plastic
0  -3.867668 -6.559115 -13.422601  -0.001821 0.971638 -0.236466  0.008576 0.748762 1 72 1.000000
0  -4.080925 -6.675433 -13.913589  0.000000 0.973066 -0.230525  0.008576 0.748762 1 72 1.000000
0  -4.080925 -6.559115 -13.422601  0.006376 0.973047 -0.230520  0.008576 0.748762 1 72 1.000000
lowpoly_plastic
0  -3.687268 -8.620011 -13.696301  0.000000 -0.977579 0.210571  0.005476 0.761164 1 72 1.000000
0  -3.867668 -8.579170 -13.506686  0.000000 -0.977579 0.210571  0.005476 0.761164 1 72 1.000000
0  -3.867668 -8.620011 -13.696301  0.000000 -0.977579 0.210571  0.005476 0.761164 1 72 1.000000
lowpoly_plastic
0  -3.462424 -6.139083 -10.330079  1.000000 0.000001 -0.000000  0.008576 0.748762 1 72 1.000000
0  -3.462424 -7.010510 -9.163797  1.000000 0.000001 -0.000000  0.008576 0.748762 1 72 1.000000
0  -3.462424 -7.118120 -10.232224  1.000000 0.000001 -0.000000  0.008576 0.748762 1 72 1.000000
lowpoly_plastic
0  -3.998553 -7.746001 -10.169467  0.000000 -0.994718 0.102650  0.008576 0.748762 1 72 1.000000
0  -4.062506 -7.641479 -9.156596  0.000000 -0.994718 0.102650  0.008576 0.748762 1 72 1.000000
0  -4.062506 -7.746001 -10.169467  0.000000 -0.994718 0.102650  0.008576 0.748762 1 72 1.000000
lowpoly_plastic
0  -3.462423 -6.000030 -6.836738  0.988521 -0.000223 0.151085  0.008576 0.748762 1 72 1.000000
0  -3.568701 -6.977054 -6.142824  0.988480 -0.000027 0.151354  0.008576 0.748762 1 72 1.000000
0  -3.462423 -6.983929 -6.835647  0.988480 -0.000027 0.151354  0.008576 0.748762 1 72 1.000000
lowpoly_plastic
0  -3.652966 -5.993521 -5.928199  -0.232562 -0.001505 0.972580  0.008576 0.748762 1 72 1.000000
0  -3.705285 -5.927300 -5.940608  -0.232562 -0.001505 0.972580  0.008576 0.748762 1 72 1.000000
0  -3.705285 -5.993521 -5.940710  -0.232562 -0.001505 0.972580  0.008576 0.748762 1 72 1.000000
lowpoly_plastic
0  -4.078847 -5.993142 -6.141292  0.971532 0.000369 -0.236909  0.008576 0.748762 1 72 1.000000
0  -4.030049 -6.675337 -5.942241  0.971632 0.000593 -0.236497  0.008576 0.748762 1 72 1.000000
0  -4.078847 -6.977054 -6.142824  0.971532 0.000369 -0.236909  0.008576 0.748762 1 72 1.000000
lowpoly_plastic
0  -3.652966 -6.675337 -5.929730  -0.191748 -0.564707 0.802707  0.008576 0.748762 1 72 1.000000
0  -3.656487 -6.977054 -6.142824  -0.000006 -0.576505 0.817094  0.008576 0.748762 1 72 1.000000
0  -3.568701 -6.977054 -6.142824  0.000000 -0.576896 0.816818  0.008576 0.748762 1 72 1.000000
lowpoly_plastic
0  -3.867668 -8.419815 -13.598858  0.000000 -0.973745 0.227643  0.008576 0.748762 1 72 1.000000
0  -3.736783 -8.290636 -13.046293  -0.002253 -0.973742 0.227642  0.008576 0.748762 1 72 1.000000
0  -3.867668 -8.290636 -13.046293  -0.000000 -0.974266 0.225402  0.008576 0.748762 1 72 1.000000
lowpoly_plastic
0  -3.462424 -7.513357 -12.490615  -0.008172 0.184801 0.982742  0.863264 0.820637 1 72 1.000000
0  -3.426329 -7.966728 -12.405059  -0.008172 0.184802 0.982742  0.863264 0.820637 1 72 1.000000
0  -3.424033 -7.513357 -12.490615  -0.008172 0.184802 0.982742  0.863264 0.820637 1 72 1.000000
lowpoly_plastic
0  -3.558851 -8.063068 -12.387641  0.750715 -0.642301 0.154520  0.008576 0.748762 1 72 1.000000
0  -3.618951 -7.880834 -11.327120  0.756223 -0.636398 0.152065  0.008576 0.748762 1 72 1.000000
0  -3.618951 -8.131048 -12.374907  0.752857 -0.638972 0.157863  0.008576 0.748762 1 72 1.000000
lowpoly_plastic
0  -3.867668 -6.707209 -14.055555  0.000000 0.977581 -0.210561  0.005476 0.761164 1 72 1.000000
0  -3.434870 -6.666368 -13.865941  0.000000 0.977581 -0.210561  0.005476 0.761164 1 72 1.000000
0  -3.434870 -6.707209 -14.055555  0.000000 0.977581 -0.210561  0.005476 0.761164 1 72 1.000000
lowpoly_plastic
0  -4.176485 -7.676901 -10.176373  -0.754818 -0.652038 0.071391  0.008576 0.748762 1 72 1.000000
0  -4.116385 -7.641479 -9.156596  -0.755404 -0.651809 0.067160  0.008576 0.748762 1 72 1.000000
0  -4.176485 -7.572039 -9.157390  -0.754965 -0.652363 0.066716  0.008576 0.748762 1 72 1.000000
lowpoly_plastic
0  -3.568701 -5.993142 -6.141292  0.929655 -0.000573 0.368431  0.008576 0.748762 1 72 1.000000
0  -3.652966 -6.675337 -5.929730  0.929817 -0.000760 0.368021  0.008576 0.748762 1 72 1.000000
0  -3.568701 -6.977054 -6.142824  0.929655 -0.000573 0.368431  0.008576 0.748762 1 72 1.000000
lowpoly_plastic
0  -3.550209 -5.958225 -6.836811  0.000000 0.998989 -0.044953  0.008576 0.748762 1 72 1.000000
0  -3.568701 -5.926921 -6.141189  0.000000 0.998989 -0.044953  0.008576 0.748762 1 72 1.000000
0  -3.462423 -5.958225 -6.836811  0.000000 0.998989 -0.044953  0.008576 0.748762 1 72 1.000000
lowpoly_plastic
0  -3.867668 -5.993142 -8.335141  0.000000 -1.000000 0.000001  0.008576 0.748762 1 72 1.000000
0  -3.654410 -5.993142 -6.808359  0.000000 -1.000000 0.000001  0.008576 0.748762 1 72 1.000000
0  -3.867667 -5.993142 -6.808359  0.000000 -1.000000 0.000001  0.008576 0.748762 1 72 1.000000
lowpoly_plastic
0  -4.272911 -6.983929 -6.835647  -0.988438 -0.000236 0.151627  0.008576 0.748762 1 72 1.000000
0  -4.166633 -7.427198 -6.143525  -0.988438 -0.000236 0.151627  0.008576 0.748762 1 72 1.000000
0  -4.166633 -6.977054 -6.142824  -0.988438 -0.000236 0.151627  0.008576 0.748762 1 72 1.000000
lowpoly_plastic
0  -3.665128 -7.538619 -6.143699  0.000000 -0.001558 0.999999  0.008576 0.748762 1 72 1.000000
0  -3.656487 -7.427198 -6.143525  0.000000 -0.001558 0.999999  0.008576 0.748762 1 72 1.000000
0  -3.732026 -7.538619 -6.143699  0.000000 -0.001558 0.999999  0.008576 0.748762 1 72 1.000000
lowpoly_plastic
0  -4.176485 -8.222855 -13.061320  -0.757262 -0.636584 0.145996  0.008576 0.748762 1 72 1.000000
0  -4.272913 -8.241897 -13.631371  -0.755756 -0.637644 0.149140  0.008576 0.748762 1 72 1.000000
0  -4.176486 -8.351501 -13.611342  -0.755756 -0.637644 0.149140  0.008576 0.748762 1 72 1.000000
lowpoly_plastic
0  -4.272912 -7.118120 -10.232224  -1.000000 0.000000 0.000000  0.008576 0.748762 1 72 1.000000
0  -4.272912 -7.460626 -9.158661  -1.000000 0.000000 0.000000  0.008576 0.748762 1 72 1.000000
0  -4.272912 -7.010510 -9.163797  -1.000000 0.000000 0.000000  0.008576 0.748762 1 72 1.000000
lowpoly_plastic
0  -3.462424 -7.799085 -13.712293  0.000000 -0.179766 -0.983709  0.008576 0.748762 1 72 1.000000
0  -3.550210 -8.241897 -13.631371  0.000000 -0.179766 -0.983709  0.008576 0.748762 1 72 1.000000
0  -3.550210 -7.799085 -13.712293  0.000000 -0.179766 -0.983709  0.008576 0.748762 1 72 1.000000
lowpoly_plastic
0  -3.736782 -7.641479 -9.156596  0.000000 -0.994718 0.102649  0.008576 0.748762 1 72 1.000000
0  -3.867668 -7.746001 -10.169467  0.000000 -0.994718 0.102649  0.008576 0.748762 1 72 1.000000
0  -3.736782 -7.746001 -10.169467  0.000000 -0.994718 0.102649  0.008576 0.748762 1 72 1.000000
lowpoly_plastic
0  -3.867668 -6.675433 -13.913589  0.000000 -0.136799 -0.990599  0.008576 0.748762 1 72 1.000000
0  -3.654411 -6.766057 -13.901073  0.000000 -0.136799 -0.990599  0.008576 0.748762 1 72 1.000000
0  -3.867668 -6.766057 -13.901073  0.000000 -0.136799 -0.990599  0.008576 0.748762 1 72 1.000000
lowpoly_plastic
0  -3.867667 -5.867599 -6.849327  0.000000 0.998989 -0.044955  0.008576 0.748762 1 72 1.000000
0  -3.974646 -5.836295 -6.153706  0.000000 0.998989 -0.044955  0.008576 0.748762 1 72 1.000000
0  -3.867667 -5.836295 -6.153706  0.000000 0.998989 -0.044955  0.008576 0.748762 1 72 1.000000
lowpoly_plastic
0  -3.654411 -6.766057 -13.901073  0.000000 -0.179785 -0.983706  0.008576 0.748762 1 72 1.000000
0  -3.867668 -6.831200 -13.889168  0.000000 -0.179785 -0.983706  0.008576 0.748762 1 72 1.000000
0  -3.867668 -6.766057 -13.901073  0.000000 -0.179785 -0.983706  0.008576 0.748762 1 72 1.000000
lowpoly_plastic
0  -3.867667 -5.926921 -6.141189  0.000000 0.136813 0.990597  0.008576 0.748762 1 72 1.000000
0  -3.974646 -5.836295 -6.153706  0.000000 0.136813 0.990597  0.008576 0.748762 1 72 1.000000
0  -3.974646 -5.926921 -6.141189  0.000000 0.136813 0.990597  0.008576 0.748762 1 72 1.000000
lowpoly_plastic
0  -4.400872 -6.087096 -10.225001  -0.000000 1.000000 0.000000  0.005476 0.761164 1 72 1.000000
0  -3.334465 -6.087096 -10.406671  -0.000000 1.000000 0.000000  0.005476 0.761164 1 72 1.000000
0  -4.400872 -6.087096 -10.406671  -0.000000 1.000000 0.000000  0.005476 0.761164 1 72 1.000000
lowpoly_plastic
0  -4.185126 -6.073191 -10.336664  0.000000 0.992145 -0.125095  0.008576 0.748762 1 72 1.000000
0  -4.080925 -6.218812 -11.491621  0.000000 0.992145 -0.125095  0.008576 0.748762 1 72 1.000000
0  -4.185127 -6.218812 -11.491621  0.000000 0.992145 -0.125095  0.008576 0.748762 1 72 1.000000
lowpoly_plastic
0  -3.867668 -8.241897 -13.631371  0.000000 -0.179760 -0.983710  0.008576 0.748762 1 72 1.000000
0  -4.030181 -8.351501 -13.611342  0.000000 -0.179760 -0.983710  0.008576 0.748762 1 72 1.000000
0  -4.080925 -8.241897 -13.631371  0.000000 -0.179760 -0.983710  0.008576 0.748762 1 72 1.000000
lowpoly_plastic
0  -3.550210 -6.766057 -13.901073  0.000000 0.973066 -0.230525  0.008576 0.748762 1 72 1.000000
0  -3.654411 -6.649740 -13.410086  0.000963 0.971594 -0.236654  0.008576 0.748762 1 72 1.000000
0  -3.550210 -6.649740 -13.410086  0.000000 0.973066 -0.230525  0.008576 0.748762 1 72 1.000000
lowpoly_plastic
0  -3.998554 -8.290636 -13.046293  0.000000 -0.973745 0.227642  0.008576 0.748762 1 72 1.000000
0  -3.867668 -8.419815 -13.598858  0.000000 -0.973745 0.227642  0.008576 0.748762 1 72 1.000000
0  -3.867668 -8.290636 -13.046293  -0.002349 -0.973742 0.227641  0.008576 0.748762 1 72 1.000000
lowpoly_plastic
0  -4.080925 -6.073191 -10.336664  -1.000000 0.000000 0.000000  0.008576 0.748762 1 72 1.000000
0  -4.080925 -5.894232 -9.188294  -1.000000 0.000000 0.000000  0.008576 0.748762 1 72 1.000000
0  -4.080925 -5.982566 -10.349180  -1.000000 0.000000 0.000000  0.008576 0.748762 1 72 1.000000
lowpoly_plastic
0  -4.080925 -6.649740 -13.410086  -1.000000 -0.000001 0.000000  0.008576 0.748762 1 72 1.000000
0  -4.080925 -6.675433 -13.913589  -1.000000 -0.000001 0.000000  0.008576 0.748762 1 72 1.000000
0  -4.080925 -6.766057 -13.901073  -1.000000 -0.000001 0.000000  0.008576 0.748762 1 72 1.000000
lowpoly_plastic
0  -4.062506 -7.746001 -10.169467  0.000000 -0.994718 0.102648  0.008576 0.748762 1 72 1.000000
0  -4.116385 -7.641479 -9.156596  0.000000 -0.994718 0.102648  0.008576 0.748762 1 72 1.000000
0  -4.116385 -7.746001 -10.169467  0.000000 -0.994718 0.102648  0.008576 0.748762 1 72 1.000000
lowpoly_plastic
0  -4.080925 -6.831200 -13.889168  0.000000 -0.179787 -0.983706  0.008576 0.748762 1 72 1.000000
0  -4.185127 -6.766057 -13.901073  0.000000 -0.179787 -0.983706  0.008576 0.748762 1 72 1.000000
0  -4.080925 -6.766057 -13.901073  0.000000 -0.179787 -0.983706  0.008576 0.748762 1 72 1.000000
lowpoly_plastic
0  -3.867667 -7.538619 -6.810765  0.000000 1.000000 -0.000001  0.008576 0.748762 1 72 1.000000
0  -4.030180 -7.538620 -8.337546  0.000000 1.000000 -0.000001  0.008576 0.748762 1 72 1.000000
0  -4.030180 -7.538619 -6.810765  0.000000 1.000000 -0.000001  0.008576 0.748762 1 72 1.000000
lowpoly_plastic
0  -4.080925 -6.766057 -13.901073  0.000000 -0.136800 -0.990599  0.008576 0.748762 1 72 1.000000
0  -3.867668 -6.675433 -13.913589  0.000000 -0.136800 -0.990599  0.008576 0.748762 1 72 1.000000
0  -3.867668 -6.766057 -13.901073  0.000000 -0.136800 -0.990599  0.008576 0.748762 1 72 1.000000
lowpoly_plastic
0  -3.550210 -5.993142 -8.335141  -1.000000 -0.000001 0.000000  0.008576 0.748762 1 72 1.000000
0  -3.550209 -6.977054 -6.809891  -1.000000 -0.000001 0.000000  0.008576 0.748762 1 72 1.000000
0  -3.550209 -5.993142 -6.808359  -1.000000 -0.000001 0.000000  0.008576 0.748762 1 72 1.000000
lowpoly_plastic
0  -4.272912 -6.139083 -10.330079  -1.000000 0.000000 0.000000  0.008576 0.748762 1 72 1.000000
0  -4.272912 -7.010510 -9.163797  -1.000000 0.000000 0.000000  0.008576 0.748762 1 72 1.000000
0  -4.272912 -6.026660 -9.175023  -1.000000 0.000000 0.000000  0.008576 0.748762 1 72 1.000000
lowpoly_plastic
0  -4.272912 -6.139083 -10.330079  -1.000000 0.000005 0.000000  0.008576 0.748762 1 72 1.000000
0  -4.272913 -6.218812 -11.491620  -1.000000 0.000005 0.000000  0.008576 0.748762 1 72 1.000000
0  -4.272913 -6.284280 -11.485139  -1.000000 0.000005 0.000000  0.008576 0.748762 1 72 1.000000
lowpoly_plastic
0  -3.656487 -5.993142 -6.141292  -0.971659 0.000375 -0.236387  0.008576 0.748762 1 72 1.000000
0  -3.705285 -5.927300 -5.940608  -0.971659 0.000375 -0.236387  0.008576 0.748762 1 72 1.000000
0  -3.656487 -5.926921 -6.141189  -0.971659 0.000375 -0.236387  0.008576 0.748762 1 72 1.000000
lowpoly_plastic
0  -3.867668 -8.351501 -13.611342  0.000000 -0.179774 -0.983708  0.008576 0.748762 1 72 1.000000
0  -3.998554 -8.419815 -13.598858  0.000000 -0.179774 -0.983708  0.008576 0.748762 1 72 1.000000
0  -4.030181 -8.351501 -13.611342  0.000000 -0.179774 -0.983708  0.008576 0.748762 1 72 1.000000
lowpoly_plastic
0  -4.116385 -8.290636 -13.046293  -0.755715 -0.638064 0.147545  0.008576 0.748762 1 72 1.000000
0  -4.176486 -8.351501 -13.611342  -0.755762 -0.637653 0.149072  0.008576 0.748762 1 72 1.000000
0  -4.116385 -8.419815 -13.598858  -0.755762 -0.637653 0.149072  0.008576 0.748762 1 72 1.000000
lowpoly_plastic
0  -4.116385 -7.746001 -10.169467  -0.757813 -0.647600 0.079583  0.008576 0.748762 1 72 1.000000
0  -4.176485 -7.812179 -11.333915  -0.753895 -0.652399 0.077574  0.008576 0.748762 1 72 1.000000
0  -4.116385 -7.880834 -11.327120  -0.753965 -0.652503 0.075997  0.008576 0.748762 1 72 1.000000
lowpoly_plastic
0  -3.568701 -7.427198 -6.143525  0.750583 -0.649455 0.121789  0.008576 0.748762 1 72 1.000000
0  -3.558850 -7.545487 -6.835025  0.750583 -0.649455 0.121789  0.008576 0.748762 1 72 1.000000
0  -3.462423 -7.434068 -6.835149  0.750583 -0.649455 0.121789  0.008576 0.748762 1 72 1.000000
lowpoly_plastic
0  -4.272912 -7.566033 -10.187455  -0.753006 -0.654484 0.068063  0.008576 0.748762 1 72 1.000000
0  -4.176485 -7.572039 -9.157390  -0.755376 -0.651881 0.066768  0.008576 0.748762 1 72 1.000000
0  -4.272912 -7.460626 -9.158661  -0.754811 -0.652527 0.066855  0.008576 0.748762 1 72 1.000000
lowpoly_plastic
0  -4.272912 -7.954001 -12.408072  -0.752739 -0.640498 0.152139  0.008576 0.748762 1 72 1.000000
0  -4.176485 -7.812179 -11.333915  -0.755627 -0.637187 0.151724  0.008576 0.748762 1 72 1.000000
0  -4.272912 -7.702026 -11.344817  -0.752739 -0.640498 0.152139  0.008576 0.748762 1 72 1.000000
lowpoly_plastic
0  -3.654411 -8.241897 -13.631371  0.000000 -0.179765 -0.983710  0.008576 0.748762 1 72 1.000000
0  -3.625749 -8.351501 -13.611342  0.000000 -0.179765 -0.983710  0.008576 0.748762 1 72 1.000000
0  -3.705155 -8.351501 -13.611342  0.000000 -0.179765 -0.983710  0.008576 0.748762 1 72 1.000000
lowpoly_plastic
0  -3.779107 -7.608063 -6.143806  0.000000 -0.001552 0.999999  0.008576 0.748762 1 72 1.000000
0  -3.811433 -7.538619 -6.143699  0.000000 -0.001552 0.999999  0.008576 0.748762 1 72 1.000000
0  -3.843060 -7.608063 -6.143806  0.000000 -0.001552 0.999999  0.008576 0.748762 1 72 1.000000
lowpoly_plastic
0  -3.462424 -6.766057 -13.901073  0.000000 -0.179785 -0.983706  0.008576 0.748762 1 72 1.000000
0  -3.550210 -6.831200 -13.889168  0.000000 -0.179785 -0.983706  0.008576 0.748762 1 72 1.000000
0  -3.550210 -6.766057 -13.901073  0.000000 -0.179785 -0.983706  0.008576 0.748762 1 72 1.000000
lowpoly_plastic
0  -3.725228 -7.608063 -6.143806  0.000000 -0.999951 0.009933  0.008576 0.748762 1 72 1.000000
0  -3.672828 -7.614930 -6.834948  0.000000 -0.999951 0.009933  0.008576 0.748762 1 72 1.000000
0  -3.618950 -7.614930 -6.834948  0.000000 -0.999951 0.009933  0.008576 0.748762 1 72 1.000000
lowpoly_plastic
0  -3.550210 -6.218812 -11.491621  0.000000 0.992145 -0.125093  0.008576 0.748762 1 72 1.000000
0  -3.462424 -6.073191 -10.336664  0.000000 0.992145 -0.125093  0.008576 0.748762 1 72 1.000000
0  -3.462424 -6.218812 -11.491621  0.000000 0.992145 -0.125093  0.008576 0.748762 1 72 1.000000
lowpoly_plastic
0  -3.867668 -6.394765 -12.695693  0.000484 0.226737 0.973956  0.863264 0.820637 1 72 1.000000
0  -3.628030 -6.367560 -12.701844  0.000000 0.220540 0.975378  0.863264 0.820637 1 72 1.000000
0  -3.867668 -6.357319 -12.704160  0.006332 0.219807 0.975523  0.863264 0.820637 1 72 1.000000
lowpoly_plastic
0  -4.109587 -7.538619 -6.810765  0.827707 0.561160 -0.000000  0.008576 0.748762 1 72 1.000000
0  -4.185126 -7.427199 -8.337374  0.827707 0.561160 -0.000000  0.008576 0.748762 1 72 1.000000
0  -4.185125 -7.427199 -6.810592  0.827707 0.561160 -0.000000  0.008576 0.748762 1 72 1.000000
lowpoly_plastic
0  -3.705155 -8.351501 -13.611342  0.000000 -0.179775 -0.983708  0.008576 0.748762 1 72 1.000000
0  -3.672830 -8.419815 -13.598858  0.000000 -0.179775 -0.983708  0.008576 0.748762 1 72 1.000000
0  -3.736783 -8.419815 -13.598858  0.000000 -0.179775 -0.983708  0.008576 0.748762 1 72 1.000000
lowpoly_plastic
0  -4.080925 -5.958225 -6.836811  0.000000 0.998989 -0.044955  0.008576 0.748762 1 72 1.000000
0  -4.166634 -5.926921 -6.141189  0.000000 0.998989 -0.044955  0.008576 0.748762 1 72 1.000000
0  -4.078847 -5.926921 -6.141189  0.000000 0.998989 -0.044955  0.008576 0.748762 1 72 1.000000
lowpoly_plastic
0  -4.185127 -7.799085 -13.712293  0.000000 -0.179766 -0.983709  0.008576 0.748762 1 72 1.000000
0  -4.272913 -6.831200 -13.889168  0.000000 -0.179766 -0.983709  0.008576 0.748762 1 72 1.000000
0  -4.185127 -6.831200 -13.889168  0.000000 -0.179766 -0.983709  0.008576 0.748762 1 72 1.000000
lowpoly_plastic
0  -3.867667 -5.926921 -6.141189  0.000000 -0.001555 0.999999  0.008576 0.748762 1 72 1.000000
0  -3.974646 -5.993142 -6.141292  0.000000 -0.001555 0.999999  0.008576 0.748762 1 72 1.000000
0  -3.867667 -5.993142 -6.141292  0.000000 -0.001555 0.999999  0.008576 0.748762 1 72 1.000000
lowpoly_plastic
0  -3.625748 -7.538620 -8.337546  0.000000 1.000000 0.000000  0.008576 0.748762 1 72 1.000000
0  -3.705154 -7.538619 -6.810765  0.000000 1.000000 0.000000  0.008576 0.748762 1 72 1.000000
0  -3.625747 -7.538619 -6.810765  0.000000 1.000000 0.000000  0.008576 0.748762 1 72 1.000000
lowpoly_plastic
0  -3.618950 -7.614930 -6.834948  -0.000328 -0.999934 0.011507  0.008576 0.748762 1 72 1.000000
0  -3.672829 -7.641479 -9.156596  0.000000 -0.999935 0.011434  0.008576 0.748762 1 72 1.000000
0  -3.618951 -7.641479 -9.156596  0.000000 -0.999935 0.011434  0.008576 0.748762 1 72 1.000000
lowpoly_plastic
0  -4.062506 -7.641479 -9.156596  0.000000 -0.999935 0.011435  0.008576 0.748762 1 72 1.000000
0  -4.116384 -7.614930 -6.834948  0.000000 -0.999935 0.011435  0.008576 0.748762 1 72 1.000000
0  -4.116385 -7.641479 -9.156596  0.000000 -0.999935 0.011435  0.008576 0.748762 1 72 1.000000
lowpoly_plastic
0  -3.811433 -7.538619 -6.143699  0.000000 1.000000 0.000000  0.008576 0.748762 1 72 1.000000
0  -3.867667 -7.538619 -6.810765  0.000000 1.000000 0.000000  0.008576 0.748762 1 72 1.000000
0  -3.867667 -7.538619 -6.143699  0.000000 1.000000 0.000000  0.008576 0.748762 1 72 1.000000
lowpoly_plastic
0  -4.003308 -7.538619 -6.143699  0.000000 1.000000 0.000000  0.008576 0.748762 1 72 1.000000
0  -3.867667 -7.538619 -6.810765  0.000000 1.000000 0.000000  0.008576 0.748762 1 72 1.000000
0  -4.030180 -7.538619 -6.810765  0.000000 1.000000 0.000000  0.008576 0.748762 1 72 1.000000
lowpoly_plastic
0  -4.080925 -5.958225 -6.836811  -0.988456 0.020723 0.150084  0.008576 0.748762 1 72 1.000000
0  -3.974646 -5.836295 -6.153706  -0.988456 0.020723 0.150084  0.008576 0.748762 1 72 1.000000
0  -4.080925 -5.867599 -6.849327  -0.988456 0.020723 0.150084  0.008576 0.748762 1 72 1.000000
lowpoly_plastic
0  -4.078847 -5.993142 -6.141292  0.000000 -1.000000 0.000000  0.008576 0.748762 1 72 1.000000
0  -4.080925 -5.993142 -6.808359  0.000000 -1.000000 0.000000  0.008576 0.748762 1 72 1.000000
0  -3.974646 -5.993142 -6.141292  0.000000 -1.000000 0.000000  0.008576 0.748762 1 72 1.000000
lowpoly_plastic
0  -3.974646 -5.993142 -6.141292  0.000000 -1.000000 0.000000  0.008576 0.748762 1 72 1.000000
0  -3.867667 -5.993142 -6.808359  0.000000 -1.000000 0.000000  0.008576 0.748762 1 72 1.000000
0  -3.867667 -5.993142 -6.141292  0.000000 -1.000000 0.000000  0.008576 0.748762 1 72 1.000000
lowpoly_plastic
0  -3.998553 -7.641479 -9.156596  0.000000 -0.999935 0.011435  0.008576 0.748762 1 72 1.000000
0  -4.062506 -7.614930 -6.834948  0.000000 -0.999935 0.011435  0.008576 0.748762 1 72 1.000000
0  -4.062506 -7.641479 -9.156596  0.000000 -0.999935 0.011435  0.008576 0.748762 1 72 1.000000
lowpoly_plastic
0  -3.334464 9.643403 -16.232515  0.000000 -0.887286 0.461219  0.005476 0.761164 1 79 1.000000
0  -4.400871 9.548971 -16.414185  0.000000 -0.887286 0.461219  0.005476 0.761164 1 79 1.000000
0  -3.334464 9.548971 -16.414185  0.000000 -0.887286 0.461219  0.005476 0.761164 1 79 1.000000
lowpoly_plastic
0  -4.176485 -7.572039 -9.157390  -0.756126 -0.654384 0.007482  0.008576 0.748762 1 72 1.000000
0  -4.116384 -7.614930 -6.834948  -0.756126 -0.654384 0.007482  0.008576 0.748762 1 72 1.000000
0  -4.176484 -7.545487 -6.835025  -0.756126 -0.654384 0.007482  0.008576 0.748762 1 72 1.000000
lowpoly_plastic
0  -3.974646 -5.926921 -6.141189  0.000000 -0.001555 0.999999  0.008576 0.748762 1 72 1.000000
0  -4.078847 -5.993142 -6.141292  0.000000 -0.001555 0.999999  0.008576 0.748762 1 72 1.000000
0  -3.974646 -5.993142 -6.141292  0.000000 -0.001555 0.999999  0.008576 0.748762 1 72 1.000000
lowpoly_plastic
0  -4.272912 -7.566033 -10.187455  -1.000000 -0.000000 0.000000  0.008576 0.748762 1 72 1.000000
0  -4.272912 -7.257002 -11.388865  -1.000000 -0.000000 0.000000  0.008576 0.748762 1 72 1.000000
0  -4.272912 -7.702026 -11.344817  -1.000000 -0.000000 0.000000  0.008576 0.748762 1 72 1.000000
lowpoly_plastic
0  -4.116385 -8.290636 -13.046293  0.002523 -0.231213 -0.972900  0.863264 0.820637 1 72 1.000000
0  -4.062507 -8.327986 -13.037416  0.000030 -0.231188 -0.972909  0.863264 0.820637 1 72 1.000000
0  -4.132262 -8.324643 -13.038213  0.001021 -0.229064 -0.973411  0.863264 0.820637 1 72 1.000000
lowpoly_plastic
0  -4.185126 -6.073191 -10.336664  0.000000 0.997118 -0.075872  0.008576 0.748762 1 72 1.000000
0  -4.080925 -5.984858 -9.175779  0.000000 0.997118 -0.075872  0.008576 0.748762 1 72 1.000000
0  -4.080925 -6.073191 -10.336664  0.000000 0.997118 -0.075872  0.008576 0.748762 1 72 1.000000
lowpoly_plastic
0  -4.272912 -8.114102 -13.085431  -1.000000 0.000001 0.000001  0.008576 0.748762 1 72 1.000000
0  -4.272913 -7.799085 -13.712293  -1.000000 0.000001 0.000001  0.008576 0.748762 1 72 1.000000
0  -4.272913 -8.241897 -13.631371  -1.000000 0.000001 0.000001  0.008576 0.748762 1 72 1.000000
lowpoly_plastic
0  -4.185125 -6.977054 -6.809891  1.000000 0.000001 0.000000  0.008576 0.748762 1 72 1.000000
0  -4.185126 -5.993142 -8.335141  1.000000 0.000001 0.000000  0.008576 0.748762 1 72 1.000000
0  -4.185126 -5.993142 -6.808359  1.000000 0.000001 0.000000  0.008576 0.748762 1 72 1.000000
lowpoly_plastic
0  -3.568701 -7.427198 -6.143525  0.000000 -0.001557 0.999999  0.008576 0.748762 1 72 1.000000
0  -3.656487 -6.977054 -6.142824  0.000000 -0.001557 0.999999  0.008576 0.748762 1 72 1.000000
0  -3.656487 -7.427198 -6.143525  0.000000 -0.001557 0.999999  0.008576 0.748762 1 72 1.000000
lowpoly_plastic
0  -4.078847 -6.977054 -6.142824  0.000000 -0.001557 0.999999  0.008576 0.748762 1 72 1.000000
0  -4.166633 -7.427198 -6.143525  0.000000 -0.001557 0.999999  0.008576 0.748762 1 72 1.000000
0  -4.078847 -7.427198 -6.143525  0.000000 -0.001557 0.999999  0.008576 0.748762 1 72 1.000000
lowpoly_plastic
0  -4.030049 -5.993521 -5.940710  0.232584 -0.002184 0.972574  0.008576 0.748762 1 72 1.000000
0  -4.082368 -6.675337 -5.929730  0.232584 -0.002184 0.972574  0.008576 0.748762 1 72 1.000000
0  -4.030049 -6.675337 -5.942241  0.232584 -0.002184 0.972574  0.008576 0.748762 1 72 1.000000
lowpoly_plastic
0  -3.705285 -6.675337 -5.942241  -0.971602 0.000525 -0.236619  0.008576 0.748762 1 72 1.000000
0  -3.656487 -5.993142 -6.141292  -0.971532 0.000369 -0.236907  0.008576 0.748762 1 72 1.000000
0  -3.656487 -6.977054 -6.142824  -0.971532 0.000369 -0.236907  0.008576 0.748762 1 72 1.000000
lowpoly_plastic
0  -4.078847 -5.926921 -6.141189  0.000409 0.999998 0.001782  0.008576 0.748762 1 72 1.000000
0  -4.082368 -5.927301 -5.928096  0.000409 0.999998 0.001782  0.008576 0.748762 1 72 1.000000
0  -4.030049 -5.927300 -5.940608  0.000409 0.999998 0.001782  0.008576 0.748762 1 72 1.000000
lowpoly_plastic
0  -4.078847 -5.993142 -6.141292  0.971659 0.000369 -0.236385  0.008576 0.748762 1 72 1.000000
0  -4.030049 -5.927300 -5.940608  0.971659 0.000369 -0.236385  0.008576 0.748762 1 72 1.000000
0  -4.030049 -5.993521 -5.940710  0.971659 0.000369 -0.236385  0.008576 0.748762 1 72 1.000000
lowpoly_metal
0  -3.830955 -6.049456 -5.905870  0.500000 0.000000 0.866025  0.991823 0.744479 1 76 1.000000
0  -3.703935 -6.006764 -5.979205  0.500000 0.000000 0.866025  0.991824 0.744482 1 76 1.000000
0  -3.830955 -6.006764 -5.905870  0.500000 0.000000 0.866025  0.991824 0.744481 1 76 1.000000
lowpoly_metal
0  -3.830955 -6.839612 -6.224773  -0.500004 -0.000000 -0.866023  0.991821 0.744438 1 76 1.000000
0  -3.980113 -6.079339 -6.138656  -0.500004 -0.000000 -0.866023  0.991823 0.744480 1 76 1.000000
0  -3.830955 -6.079339 -6.224773  -0.500004 -0.000000 -0.866023  0.991824 0.744482 1 76 1.000000
lowpoly_metal
0  -3.822214 -5.997100 -6.466960  -0.500011 0.000000 0.866019  0.200926 0.194578 1 78 1.000000
0  -3.891027 -5.972044 -6.506689  -0.500011 0.000000 0.866019  0.200926 0.194578 1 78 1.000000
0  -3.891027 -5.997100 -6.506689  -0.500011 0.000000 0.866019  0.200926 0.194578 1 78 1.000000
lowpoly_metal
0  -3.971372 -6.079339 -6.460302  -0.803527 0.595268 0.000000  0.991798 0.744497 1 78 1.000000
0  -3.949234 -6.049456 -6.619753  -0.803527 0.595268 0.000000  0.991798 0.744498 1 78 1.000000
0  -3.971372 -6.079339 -6.632535  -0.803527 0.595268 0.000000  0.991798 0.744496 1 78 1.000000
lowpoly_metal
0  -3.822214 -6.079339 -6.718651  -0.401759 0.595258 -0.695886  0.991798 0.744495 1 78 1.000000
0  -3.949234 -6.049456 -6.619753  -0.401759 0.595258 -0.695886  0.991798 0.744498 1 78 1.000000
0  -3.822214 -6.049456 -6.693089  -0.401759 0.595258 -0.695886  0.991798 0.744497 1 78 1.000000
lowpoly_metal
0  -4.093749 -6.079339 -6.237401  -0.499991 0.000000 0.866030  0.991812 0.744428 1 77 1.000000
0  -3.944590 -6.839612 -6.151285  -0.499991 0.000000 0.866030  0.991809 0.744475 1 77 1.000000
0  -3.944591 -6.079339 -6.151285  -0.499991 0.000000 0.866030  0.991812 0.744428 1 77 1.000000
lowpoly_metal
0  -3.830955 -6.079339 -5.880307  -0.401757 0.595266 0.695880  0.991823 0.744478 1 76 1.000000
0  -3.957975 -6.049456 -5.979205  -0.401757 0.595266 0.695880  0.991823 0.744480 1 76 1.000000
0  -3.980113 -6.079339 -5.966423  -0.401757 0.595266 0.695880  0.991823 0.744478 1 76 1.000000
lowpoly_metal
0  -3.982920 -6.006764 -5.964803  -1.000000 -0.000018 0.000000  0.991823 0.744483 1 76 1.000000
0  -3.982921 -5.969767 -6.140277  -1.000000 -0.000018 0.000000  0.991821 0.744487 1 76 1.000000
0  -3.982920 -6.006764 -6.140277  -1.000000 -0.000018 0.000000  0.991822 0.744486 1 76 1.000000
lowpoly_metal
0  -3.949234 -6.049456 -6.619753  -0.500015 0.000000 -0.866017  0.991798 0.744498 1 78 1.000000
0  -3.822214 -6.006764 -6.693089  -0.500015 0.000000 -0.866017  0.991798 0.744499 1 78 1.000000
0  -3.822214 -6.049456 -6.693089  -0.500015 0.000000 -0.866017  0.991798 0.744497 1 78 1.000000
lowpoly_metal
0  -4.021291 -5.969767 -6.279235  1.000000 0.000000 0.000000  0.991813 0.744418 1 77 1.000000
0  -4.021291 -5.997100 -6.367800  1.000000 0.000000 0.000000  0.991813 0.744416 1 77 1.000000
0  -4.021291 -5.969767 -6.367800  1.000000 0.000000 0.000000  0.991813 0.744417 1 77 1.000000
lowpoly_metal
0  -3.971371 -6.839612 -6.632535  -0.931430 -0.363919 0.000000  0.991795 0.744446 1 78 1.000000
0  -3.922666 -6.964269 -6.488421  -0.931430 -0.363919 0.000000  0.991795 0.744441 1 78 1.000000
0  -3.971371 -6.839612 -6.460302  -0.931430 -0.363919 0.000000  0.991795 0.744446 1 78 1.000000
lowpoly_metal
0  -4.096556 -6.006764 -6.235780  0.000002 -1.000000 0.000000  0.991813 0.744423 1 77 1.000000
0  -4.096556 -6.006765 -6.411255  0.000002 -1.000000 0.000000  0.991813 0.744421 1 77 1.000000
0  -4.071610 -6.006764 -6.250183  0.000002 -1.000000 0.000000  0.991812 0.744424 1 77 1.000000
lowpoly_metal
0  -3.703935 -6.006764 -6.125875  0.000000 -1.000000 0.000000  0.991825 0.744484 1 76 1.000000
0  -3.678990 -6.006764 -6.140277  0.000000 -1.000000 0.000000  0.991826 0.744486 1 76 1.000000
0  -3.678990 -6.006764 -5.964803  0.000000 -1.000000 0.000000  0.991824 0.744483 1 76 1.000000
lowpoly_metal
0  -3.974179 -6.006764 -6.634156  -0.500008 0.000000 -0.866021  0.991799 0.744502 1 78 1.000000
0  -3.822214 -5.969767 -6.721893  -0.500008 0.000000 -0.866021  0.991799 0.744503 1 78 1.000000
0  -3.822214 -6.006765 -6.721893  -0.500008 0.000000 -0.866021  0.991798 0.744501 1 78 1.000000
lowpoly_metal
0  -3.944591 -6.079339 -6.151285  0.500004 0.000000 0.866023  0.991812 0.744428 1 77 1.000000
0  -3.795432 -6.839612 -6.237401  0.500004 0.000000 0.866023  0.991809 0.744475 1 77 1.000000
0  -3.795433 -6.079339 -6.237401  0.500004 0.000000 0.866023  0.991812 0.744427 1 77 1.000000
lowpoly_metal
0  -3.822213 -6.964269 -6.430425  -0.499993 -0.000002 0.866030  0.991795 0.744441 1 78 1.000000
0  -3.922666 -7.124786 -6.488421  -0.499993 -0.000002 0.866030  0.991795 0.744433 1 78 1.000000
0  -3.822213 -7.124786 -6.430425  -0.499993 -0.000002 0.866030  0.991795 0.744435 1 78 1.000000
lowpoly_metal
0  -3.822214 -5.969767 -6.370944  0.000000 1.000000 0.000000  0.991799 0.744516 1 78 1.000000
0  -3.670249 -5.969767 -6.458681  0.000000 1.000000 0.000000  0.991799 0.744508 1 78 1.000000
0  -3.822214 -5.969767 -6.457853  0.000000 1.000000 0.000000  0.991800 0.744522 1 78 1.000000
lowpoly_metal
0  -3.721760 -7.124786 -6.488421  0.000000 -1.000000 0.000000  0.991794 0.744435 1 78 1.000000
0  -3.822213 -7.124786 -6.430425  0.000000 -1.000000 0.000000  0.991795 0.744435 1 78 1.000000
0  -3.822213 -7.124786 -6.435703  0.000000 -1.000000 0.000000  0.991795 0.744432 1 78 1.000000
lowpoly_metal
0  -3.822214 -6.049456 -6.399749  -0.500007 -0.000011 0.866021  0.991799 0.744502 1 78 1.000000
0  -3.949234 -6.006764 -6.473083  -0.500007 -0.000011 0.866021  0.991799 0.744503 1 78 1.000000
0  -3.949234 -6.049456 -6.473084  -0.500007 -0.000011 0.866021  0.991799 0.744500 1 78 1.000000
lowpoly_metal
0  -3.944591 -5.969767 -6.412084  0.500001 0.000000 0.866025  0.991813 0.744413 1 77 1.000000
0  -4.021291 -5.997100 -6.367800  0.500001 0.000000 0.866025  0.991813 0.744416 1 77 1.000000
0  -3.944591 -5.997101 -6.412084  0.500001 0.000000 0.866025  0.991813 0.744413 1 77 1.000000
lowpoly_metal
0  -3.830955 -6.049456 -5.905870  -0.499992 0.000000 0.866030  0.991823 0.744479 1 76 1.000000
0  -3.957975 -6.006764 -5.979205  -0.499992 0.000000 0.866030  0.991823 0.744482 1 76 1.000000
0  -3.957975 -6.049456 -5.979205  -0.499992 0.000000 0.866030  0.991823 0.744480 1 76 1.000000
lowpoly_metal
0  -3.898914 -5.969767 -6.590701  0.000000 1.000000 0.000000  0.991799 0.744507 1 78 1.000000
0  -3.822214 -5.969767 -6.634984  0.000000 1.000000 0.000000  0.991799 0.744505 1 78 1.000000
0  -3.822214 -5.969767 -6.721893  0.000000 1.000000 0.000000  0.991799 0.744503 1 78 1.000000
lowpoly_metal
0  -3.745514 -5.969767 -6.590701  -1.000000 0.000002 0.000000  0.991799 0.744507 1 78 1.000000
0  -3.745514 -5.997100 -6.502135  -1.000000 0.000002 0.000000  0.991800 0.744512 1 78 1.000000
0  -3.745514 -5.969767 -6.502136  -1.000000 0.000002 0.000000  0.991799 0.744512 1 78 1.000000
lowpoly_metal
0  -4.021291 -5.997100 -6.279235  0.000000 1.000000 0.000000  0.991813 0.744417 1 77 1.000000
0  -3.944591 -5.997100 -6.234951  0.000000 1.000000 0.000000  0.991813 0.744416 1 77 1.000000
0  -3.944591 -5.997100 -6.244059  0.000000 1.000000 0.000000  0.991812 0.744416 1 77 1.000000
lowpoly_metal
0  -4.096556 -6.006764 -6.235780  -0.499998 0.000000 0.866027  0.991813 0.744423 1 77 1.000000
0  -3.944591 -5.969767 -6.148043  -0.499998 0.000000 0.866027  0.991812 0.744420 1 77 1.000000
0  -4.096556 -5.969767 -6.235780  -0.499998 0.000000 0.866027  0.991813 0.744421 1 77 1.000000
lowpoly_metal
0  -3.753401 -5.997101 -6.586147  1.000000 0.000000 0.000000  0.200926 0.194577 1 78 1.000000
0  -3.753401 -5.972044 -6.506689  1.000000 0.000000 0.000000  0.200926 0.194578 1 78 1.000000
0  -3.753401 -5.997100 -6.506689  1.000000 0.000000 0.000000  0.200926 0.194578 1 78 1.000000
lowpoly_metal
0  -3.891027 -5.997100 -6.506689  -1.000000 0.000000 0.000000  0.200926 0.194578 1 78 1.000000
0  -3.891027 -5.972044 -6.586147  -1.000000 0.000000 0.000000  0.200926 0.194577 1 78 1.000000
0  -3.891027 -5.997100 -6.586147  -1.000000 0.000000 0.000000  0.200926 0.194577 1 78 1.000000
lowpoly_metal
0  -3.792625 -6.006765 -6.411255  1.000000 0.000000 0.000000  0.991814 0.744413 1 77 1.000000
0  -3.792625 -5.969767 -6.235780  1.000000 0.000000 0.000000  0.991812 0.744416 1 77 1.000000
0  -3.792625 -6.006764 -6.235780  1.000000 0.000000 0.000000  0.991812 0.744419 1 77 1.000000
lowpoly_metal
0  -4.013404 -5.997100 -6.283789  -1.000000 0.000000 0.000000  0.200929 0.194558 1 77 1.000000
0  -4.013404 -5.972044 -6.363246  -1.000000 0.000000 0.000000  0.200929 0.194558 1 77 1.000000
0  -4.013404 -5.997100 -6.363246  -1.000000 0.000000 0.000000  0.200929 0.194558 1 77 1.000000
lowpoly_metal
0  -3.918095 -7.124786 -6.601776  -0.992724 -0.120410 0.000000  0.942694 0.699404 1 78 1.000000
0  -3.903945 -7.241449 -6.499230  -0.992724 -0.120410 0.000000  0.942695 0.699403 1 78 1.000000
0  -3.918095 -7.124786 -6.491061  -0.992724 -0.120410 0.000000  0.942694 0.699404 1 78 1.000000
lowpoly_metal
0  -4.013404 -5.997100 -6.363246  -0.500011 0.000000 -0.866019  0.200929 0.194558 1 77 1.000000
0  -3.944591 -5.972044 -6.402976  -0.500011 0.000000 -0.866019  0.200929 0.194557 1 77 1.000000
0  -3.944591 -5.997100 -6.402976  -0.500011 0.000000 -0.866019  0.200929 0.194557 1 77 1.000000
lowpoly_metal
0  -3.907655 -5.969767 -6.008257  0.000000 1.000000 -0.000001  0.991824 0.744486 1 76 1.000000
0  -3.982921 -5.969767 -6.140277  0.000000 1.000000 -0.000001  0.991821 0.744487 1 76 1.000000
0  -3.982920 -5.969767 -5.964803  0.000000 1.000000 -0.000001  0.991823 0.744484 1 76 1.000000
lowpoly_metal
0  -3.875777 -5.997100 -6.363246  1.000000 -0.000000 0.000006  0.200929 0.194557 1 77 1.000000
0  -3.875778 -5.972044 -6.283788  1.000000 -0.000000 0.000006  0.200929 0.194557 1 77 1.000000
0  -3.875778 -5.997100 -6.283789  1.000000 -0.000000 0.000006  0.200929 0.194557 1 77 1.000000
lowpoly_metal
0  -3.944591 -5.997100 -6.402976  0.500008 0.000000 -0.866021  0.200929 0.194557 1 77 1.000000
0  -3.875778 -5.972044 -6.363246  0.500008 0.000000 -0.866021  0.200929 0.194557 1 77 1.000000
0  -3.875777 -5.997100 -6.363246  0.500008 0.000000 -0.866021  0.200929 0.194557 1 77 1.000000
lowpoly_metal
0  -4.040473 -7.124786 -6.378875  -0.992725 -0.120405 0.000000  0.942696 0.699409 1 77 1.000000
0  -4.026322 -7.241449 -6.276330  -0.992725 -0.120405 0.000000  0.942696 0.699410 1 77 1.000000
0  -4.040473 -7.124786 -6.268159  -0.992725 -0.120405 0.000000  0.942696 0.699409 1 77 1.000000
lowpoly_metal
0  -3.762142 -5.972044 -6.092269  0.000000 1.000000 0.000000  0.200931 0.194573 1 76 1.000000
0  -3.899768 -5.972044 -6.092269  0.000000 1.000000 0.000000  0.200931 0.194573 1 76 1.000000
0  -3.830955 -5.972044 -5.973082  0.000000 1.000000 0.000000  0.200931 0.194573 1 76 1.000000
lowpoly_metal
0  -4.071610 -6.049456 -6.396852  -0.500007 0.000000 -0.866021  0.991812 0.744426 1 77 1.000000
0  -3.944591 -6.006764 -6.470187  -0.500007 0.000000 -0.866021  0.991813 0.744421 1 77 1.000000
0  -3.944591 -6.049456 -6.470187  -0.500007 0.000000 -0.866021  0.991813 0.744424 1 77 1.000000
lowpoly_metal
0  -3.848708 -7.124786 -6.378875  0.992725 -0.120404 0.000000  0.942696 0.699409 1 77 1.000000
0  -3.862858 -7.241449 -6.276330  0.992725 -0.120404 0.000000  0.942696 0.699410 1 77 1.000000
0  -3.862858 -7.241449 -6.370706  0.992725 -0.120404 0.000000  0.942696 0.699410 1 77 1.000000
lowpoly_metal
0  -3.899768 -5.997100 -6.012811  0.000000 1.000000 0.000000  0.991824 0.744487 1 76 1.000000
0  -3.907655 -5.997100 -6.096823  0.000000 1.000000 0.000000  0.991824 0.744489 1 76 1.000000
0  -3.907655 -5.997100 -6.008257  0.000000 1.000000 0.000000  0.991824 0.744486 1 76 1.000000
lowpoly_metal
0  -3.944590 -7.124786 -6.434233  -0.496364 -0.120402 -0.859724  0.942696 0.699409 1 77 1.000000
0  -4.026322 -7.241449 -6.370706  -0.496364 -0.120402 -0.859724  0.942696 0.699410 1 77 1.000000
0  -4.040473 -7.124786 -6.378875  -0.496364 -0.120402 -0.859724  0.942696 0.699409 1 77 1.000000
lowpoly_metal
0  -3.944590 -7.124786 -6.212802  -0.496363 -0.120409 0.859724  0.942696 0.699409 1 77 1.000000
0  -4.026322 -7.241449 -6.276330  -0.496363 -0.120409 0.859724  0.942696 0.699410 1 77 1.000000
0  -3.944590 -7.241449 -6.229141  -0.496363 -0.120409 0.859724  0.942696 0.699409 1 77 1.000000
lowpoly_metal
0  -3.907655 -5.969767 -6.096823  0.499996 0.000035 0.866028  0.991824 0.744489 1 76 1.000000
0  -3.830955 -5.997100 -6.141105  0.499996 0.000035 0.866028  0.991824 0.744493 1 76 1.000000
0  -3.830955 -5.969767 -6.141106  0.499996 0.000035 0.866028  0.991824 0.744495 1 76 1.000000
lowpoly_metal
0  -3.830955 -7.241450 -6.146916  -0.482031 -0.265706 -0.834893  0.942697 0.699403 1 76 1.000000
0  -3.883215 -7.336096 -6.082713  -0.471484 -0.332882 -0.816635  0.942697 0.699403 1 76 1.000000
0  -3.912687 -7.241449 -6.099728  -0.482032 -0.265706 -0.834892  0.942697 0.699403 1 76 1.000000
lowpoly_metal
0  -3.749222 -7.241449 -6.005352  0.964055 -0.265704 -0.000003  0.942697 0.699403 1 76 1.000000
0  -3.778693 -7.336096 -6.082713  0.942969 -0.332880 0.000003  0.942697 0.699401 1 76 1.000000
0  -3.749222 -7.241449 -6.099728  0.964055 -0.265704 0.000000  0.942697 0.699402 1 76 1.000000
lowpoly_metal
0  -3.980113 -6.839612 -6.138657  -0.931428 -0.363926 0.000000  0.991821 0.744438 1 76 1.000000
0  -3.931407 -6.964269 -5.994543  -0.931428 -0.363926 0.000000  0.991821 0.744435 1 76 1.000000
0  -3.980113 -6.839612 -5.966423  -0.931428 -0.363926 0.000000  0.991821 0.744438 1 76 1.000000
lowpoly_metal
0  -3.944590 -7.124786 -6.434233  0.000000 -1.000000 0.000000  0.991808 0.744490 1 77 1.000000
0  -4.045043 -7.124786 -6.381515  0.000000 -1.000000 0.000000  0.991807 0.744487 1 77 1.000000
0  -3.944590 -7.124786 -6.439511  0.000000 -1.000000 0.000000  0.991808 0.744487 1 77 1.000000
lowpoly_metal
0  -3.830955 -7.124786 -6.163255  -0.496365 -0.120407 -0.859723  0.942697 0.699403 1 76 1.000000
0  -3.912687 -7.241449 -6.099728  -0.496365 -0.120407 -0.859723  0.942697 0.699403 1 76 1.000000
0  -3.926837 -7.124786 -6.107897  -0.496365 -0.120407 -0.859723  0.942697 0.699403 1 76 1.000000
lowpoly_metal
0  -3.944590 -6.964269 -6.207524  0.499995 0.000000 0.866028  0.991809 0.744479 1 77 1.000000
0  -3.844137 -7.124786 -6.265521  0.499995 0.000000 0.866028  0.991809 0.744485 1 77 1.000000
0  -3.844137 -6.964269 -6.265521  0.499995 0.000000 0.866028  0.991809 0.744479 1 77 1.000000
lowpoly_metal
0  -3.944591 -5.969767 -6.412084  -0.500005 0.000000 0.866022  0.991813 0.744413 1 77 1.000000
0  -3.867891 -5.997100 -6.367800  -0.500005 0.000000 0.866022  0.991814 0.744405 1 77 1.000000
0  -3.867891 -5.969767 -6.367800  -0.500005 0.000000 0.866022  0.991814 0.744402 1 77 1.000000
lowpoly_metal
0  -4.026322 -7.241449 -6.370706  -0.964056 -0.265699 0.000003  0.942696 0.699410 1 77 1.000000
0  -3.996851 -7.336096 -6.293345  -0.942971 -0.332874 -0.000003  0.942695 0.699410 1 77 1.000000
0  -4.026322 -7.241449 -6.276330  -0.964056 -0.265699 -0.000000  0.942696 0.699410 1 77 1.000000
lowpoly_metal
0  -4.093749 -6.079339 -6.237401  -0.803525 0.595271 0.000000  0.991812 0.744428 1 77 1.000000
0  -4.071610 -6.049456 -6.396852  -0.803525 0.595271 0.000000  0.991812 0.744426 1 77 1.000000
0  -4.093749 -6.079339 -6.409634  -0.803525 0.595271 0.000000  0.991812 0.744428 1 77 1.000000
lowpoly_metal
0  -3.912687 -7.241449 -6.099728  -0.964056 -0.265700 0.000003  0.942697 0.699403 1 76 1.000000
0  -3.883215 -7.336096 -6.022367  -0.942971 -0.332875 -0.000003  0.942697 0.699403 1 76 1.000000
0  -3.912687 -7.241449 -6.005352  -0.964056 -0.265700 -0.000000  0.942697 0.699403 1 76 1.000000
lowpoly_metal
0  -3.822213 -7.241449 -6.640795  -0.482028 -0.265711 -0.834893  0.942694 0.699403 1 78 1.000000
0  -3.874474 -7.336096 -6.576591  -0.471486 -0.332886 -0.816632  0.942694 0.699401 1 78 1.000000
0  -3.903945 -7.241449 -6.593607  -0.482029 -0.265711 -0.834893  0.942694 0.699403 1 78 1.000000
lowpoly_metal
0  -3.830955 -7.124786 -5.941825  0.496360 -0.120408 0.859726  0.942697 0.699403 1 76 1.000000
0  -3.749222 -7.241449 -6.005352  0.496360 -0.120408 0.859726  0.942697 0.699403 1 76 1.000000
0  -3.735072 -7.124786 -5.997182  0.496360 -0.120408 0.859726  0.942697 0.699403 1 76 1.000000
lowpoly_metal
0  -3.769952 -7.336096 -6.576591  0.505296 -0.299045 -0.809473  0.942694 0.699403 1 78 1.000000
0  -3.822213 -7.241449 -6.640795  0.482027 -0.265705 -0.834896  0.942694 0.699403 1 78 1.000000
0  -3.740481 -7.241449 -6.593607  0.482028 -0.265705 -0.834895  0.942694 0.699404 1 78 1.000000
lowpoly_metal
0  -3.830955 -7.241449 -5.958163  0.482039 -0.265705 0.834889  0.942697 0.699403 1 76 1.000000
0  -3.778693 -7.336096 -6.022367  0.471491 -0.332880 0.816632  0.942696 0.699402 1 76 1.000000
0  -3.749222 -7.241449 -6.005352  0.482035 -0.265704 0.834891  0.942697 0.699403 1 76 1.000000
lowpoly_metal
0  -3.862858 -7.241449 -6.276330  0.964054 -0.265706 -0.000003  0.942696 0.699410 1 77 1.000000
0  -3.892329 -7.336096 -6.353690  0.942969 -0.332882 0.000003  0.942696 0.699411 1 77 1.000000
0  -3.862858 -7.241449 -6.370706  0.964054 -0.265706 0.000000  0.942696 0.699410 1 77 1.000000
lowpoly_metal
0  -3.982920 -6.006764 -6.140277  -0.499998 0.000000 -0.866027  0.991822 0.744486 1 76 1.000000
0  -3.830955 -5.969767 -6.228014  -0.499998 0.000000 -0.866027  0.991825 0.744504 1 76 1.000000
0  -3.830955 -6.006764 -6.228014  -0.499998 0.000000 -0.866027  0.991825 0.744498 1 76 1.000000
lowpoly_metal
0  -3.944590 -7.241450 -6.417894  0.482047 -0.265689 -0.834889  0.942696 0.699410 1 77 1.000000
0  -3.892329 -7.336096 -6.353690  0.505322 -0.299033 -0.809462  0.942696 0.699411 1 77 1.000000
0  -3.944590 -7.336096 -6.383863  0.471504 -0.332865 -0.816630  0.942696 0.699412 1 77 1.000000
lowpoly_metal
0  -3.817571 -6.049456 -6.396852  1.000000 0.000000 0.000000  0.991813 0.744422 1 77 1.000000
0  -3.817571 -6.006764 -6.250183  1.000000 0.000000 0.000000  0.991812 0.744421 1 77 1.000000
0  -3.817571 -6.049456 -6.250183  1.000000 0.000000 0.000000  0.991812 0.744424 1 77 1.000000
lowpoly_metal
0  -3.822213 -6.839612 -6.718651  -0.499998 0.000000 -0.866027  0.991795 0.744446 1 78 1.000000
0  -3.971372 -6.079339 -6.632535  -0.499998 0.000000 -0.866027  0.991798 0.744496 1 78 1.000000
0  -3.822214 -6.079339 -6.718651  -0.499998 0.000000 -0.866027  0.991798 0.744495 1 78 1.000000
lowpoly_metal
0  -3.795433 -6.079339 -6.237401  1.000000 0.000000 0.000000  0.991812 0.744427 1 77 1.000000
0  -3.795432 -6.839612 -6.409634  1.000000 0.000000 0.000000  0.991809 0.744475 1 77 1.000000
0  -3.795433 -6.079339 -6.409634  1.000000 0.000000 0.000000  0.991812 0.744426 1 77 1.000000
lowpoly_metal
0  -3.980113 -6.839612 -6.138657  -1.000000 0.000000 0.000000  0.991821 0.744438 1 76 1.000000
0  -3.980113 -6.079339 -5.966423  -1.000000 0.000000 0.000000  0.991823 0.744478 1 76 1.000000
0  -3.980113 -6.079339 -6.138656  -1.000000 0.000000 0.000000  0.991823 0.744480 1 76 1.000000
lowpoly_metal
0  -3.695194 -6.049456 -6.473084  0.500007 0.000000 0.866021  0.991798 0.744500 1 78 1.000000
0  -3.822214 -6.006764 -6.399749  0.500007 0.000000 0.866021  0.991799 0.744506 1 78 1.000000
0  -3.822214 -6.049456 -6.399749  0.500007 0.000000 0.866021  0.991799 0.744502 1 78 1.000000
lowpoly_metal
0  -3.898914 -5.969767 -6.590701  0.499976 0.000000 0.866039  0.991799 0.744507 1 78 1.000000
0  -3.822214 -5.997101 -6.634984  0.499976 0.000000 0.866039  0.991799 0.744506 1 78 1.000000
0  -3.822214 -5.969767 -6.634984  0.499976 0.000000 0.866039  0.991799 0.744505 1 78 1.000000
lowpoly_metal
0  -3.822214 -5.997100 -6.625877  0.499998 0.000000 -0.866027  0.200926 0.194577 1 78 1.000000
0  -3.753401 -5.972044 -6.586147  0.499998 0.000000 -0.866027  0.200926 0.194577 1 78 1.000000
0  -3.753401 -5.997101 -6.586147  0.499998 0.000000 -0.866027  0.200926 0.194577 1 78 1.000000
lowpoly_metal
0  -3.681796 -6.839612 -6.138656  0.500003 0.000000 -0.866024  0.991821 0.744438 1 76 1.000000
0  -3.830955 -6.079339 -6.224773  0.500003 0.000000 -0.866024  0.991824 0.744482 1 76 1.000000
0  -3.681797 -6.079339 -6.138656  0.500003 0.000000 -0.866024  0.991824 0.744480 1 76 1.000000
lowpoly_plastic
0  -3.998554 -7.880834 -11.327120  0.000000 -0.972651 0.232273  0.008576 0.748762 1 72 1.000000
0  -3.867668 -8.131048 -12.374907  0.000000 -0.972102 0.234557  0.008576 0.748762 1 72 1.000000
0  -3.867668 -7.880834 -11.327120  0.000000 -0.972651 0.232273  0.008576 0.748762 1 72 1.000000
lowpoly_plastic
0  -3.462424 -7.702026 -11.344817  1.000000 0.000001 0.000000  0.008576 0.748762 1 72 1.000000
0  -3.462424 -7.513357 -12.490615  1.000000 0.000001 0.000000  0.008576 0.748762 1 72 1.000000
0  -3.462424 -7.257002 -11.388865  1.000000 0.000001 0.000000  0.008576 0.748762 1 72 1.000000
lowpoly_plastic
0  -4.048068 -8.579170 -13.506686  0.000000 0.184590 0.982816  0.005476 0.761164 1 72 1.000000
0  -3.867668 -8.579170 -13.506686  0.000000 0.184590 0.982816  0.005476 0.761164 1 72 1.000000
0  -4.300466 -8.353992 -13.548979  0.000000 0.184590 0.982816  0.005476 0.761164 1 72 1.000000
lowpoly_plastic
0  -4.062507 -8.290636 -13.046293  0.000000 -0.231255 -0.972893  0.863264 0.820637 1 72 1.000000
0  -3.998554 -8.327986 -13.037416  0.000000 -0.231255 -0.972893  0.863264 0.820637 1 72 1.000000
0  -4.062507 -8.327986 -13.037416  0.000000 -0.231255 -0.972893  0.863264 0.820637 1 72 1.000000
lowpoly_plastic
0  -4.272912 -7.702026 -11.344817  -1.000000 -0.000002 0.000000  0.008576 0.748762 1 72 1.000000
0  -4.272912 -7.513357 -12.490615  -1.000000 -0.000002 0.000000  0.008576 0.748762 1 72 1.000000
0  -4.272912 -7.954001 -12.408072  -1.000000 -0.000002 0.000000  0.008576 0.748762 1 72 1.000000
lowpoly_plastic
0  -3.867668 -8.620011 -13.696301  0.000000 -0.184582 -0.982817  0.005476 0.761164 1 72 1.000000
0  -4.048068 -8.620011 -13.696301  0.000000 -0.184582 -0.982817  0.005476 0.761164 1 72 1.000000
0  -4.300466 -8.394834 -13.738592  0.000000 -0.184582 -0.982817  0.005476 0.761164 1 72 1.000000
lowpoly_plastic
0  -4.062507 -7.880834 -11.327120  0.000000 -0.972651 0.232274  0.008576 0.748762 1 72 1.000000
0  -3.998554 -8.131048 -12.374907  0.000000 -0.972651 0.232274  0.008576 0.748762 1 72 1.000000
0  -3.998554 -7.880834 -11.327120  0.000000 -0.972651 0.232274  0.008576 0.748762 1 72 1.000000
lowpoly_plastic
0  -3.687268 -8.579170 -13.506686  0.000000 0.184590 0.982816  0.005476 0.761164 1 72 1.000000
0  -3.434870 -8.353992 -13.548979  0.000000 0.184590 0.982816  0.005476 0.761164 1 72 1.000000
0  -3.867668 -8.579170 -13.506686  0.000000 0.184590 0.982816  0.005476 0.761164 1 72 1.000000
lowpoly_plastic
0  -3.867668 -6.666368 -13.865941  -0.000003 0.184588 0.982816  0.005476 0.761164 1 72 1.000000
0  -4.300466 -8.353992 -13.548979  -0.000003 0.184588 0.982816  0.005476 0.761164 1 72 1.000000
0  -3.867668 -8.579170 -13.506686  -0.000003 0.184588 0.982816  0.005476 0.761164 1 72 1.000000
lowpoly_plastic
0  -3.867668 -6.128187 -11.504136  0.000000 0.975876 -0.218325  0.008576 0.748762 1 72 1.000000
0  -4.080925 -6.394765 -12.695693  0.000000 0.977248 -0.212099  0.008576 0.748762 1 72 1.000000
0  -4.080925 -6.128187 -11.504136  0.000000 0.975876 -0.218325  0.008576 0.748762 1 72 1.000000
lowpoly_plastic
0  -4.166634 -5.993142 -6.141292  -0.929655 -0.000575 0.368432  0.008576 0.748762 1 72 1.000000
0  -4.166633 -6.977054 -6.142824  -0.929655 -0.000575 0.368432  0.008576 0.748762 1 72 1.000000
0  -4.082368 -6.675337 -5.929730  -0.929655 -0.000575 0.368432  0.008576 0.748762 1 72 1.000000
lowpoly_plastic
0  -4.185126 -5.958225 -6.836811  0.000000 0.998989 -0.044953  0.008576 0.748762 1 72 1.000000
0  -4.272912 -5.958225 -6.836811  0.000000 0.998989 -0.044953  0.008576 0.748762 1 72 1.000000
0  -4.166634 -5.926921 -6.141189  0.000000 0.998989 -0.044953  0.008576 0.748762 1 72 1.000000
lowpoly_plastic
0  -4.116384 -7.614930 -6.834948  -0.750420 -0.649632 0.121849  0.008576 0.748762 1 72 1.000000
0  -4.010106 -7.608063 -6.143806  -0.750420 -0.649632 0.121849  0.008576 0.748762 1 72 1.000000
0  -4.070206 -7.538619 -6.143699  -0.750420 -0.649632 0.121849  0.008576 0.748762 1 72 1.000000
lowpoly_plastic
0  -4.272912 -7.513357 -12.490615  0.000000 0.184121 0.982904  0.863264 0.820637 1 72 1.000000
0  -4.311303 -6.550214 -12.671033  0.000000 0.184121 0.982904  0.863264 0.820637 1 72 1.000000
0  -4.311303 -7.513357 -12.490615  0.000000 0.184121 0.982904  0.863264 0.820637 1 72 1.000000
lowpoly_plastic
0  -4.078847 -7.427198 -6.143525  0.000000 -0.001558 0.999999  0.008576 0.748762 1 72 1.000000
0  -4.166633 -7.427198 -6.143525  0.000000 -0.001558 0.999999  0.008576 0.748762 1 72 1.000000
0  -4.070206 -7.538619 -6.143699  0.000000 -0.001558 0.999999  0.008576 0.748762 1 72 1.000000
lowpoly_plastic
0  -3.867667 -7.614930 -6.834948  0.000000 -0.999951 0.009937  0.008576 0.748762 1 72 1.000000
0  -3.867667 -7.608063 -6.143806  0.000000 -0.999951 0.009937  0.008576 0.748762 1 72 1.000000
0  -3.892274 -7.608063 -6.143806  0.000000 -0.999951 0.009937  0.008576 0.748762 1 72 1.000000
lowpoly_plastic
0  -3.462424 -6.714375 -13.395756  -0.001381 -0.217245 -0.976116  0.863264 0.820637 1 72 1.000000
0  -3.435242 -6.623297 -13.416064  -0.001381 -0.217245 -0.976116  0.863264 0.820637 1 72 1.000000
0  -3.424033 -6.714375 -13.395756  -0.001381 -0.217245 -0.976116  0.863264 0.820637 1 72 1.000000
lowpoly_plastic
0  -4.003308 -7.538619 -6.143699  0.000000 -0.001552 0.999999  0.008576 0.748762 1 72 1.000000
0  -4.070206 -7.538619 -6.143699  0.000000 -0.001552 0.999999  0.008576 0.748762 1 72 1.000000
0  -4.010106 -7.608063 -6.143806  0.000000 -0.001552 0.999999  0.008576 0.748762 1 72 1.000000
lowpoly_plastic
0  -4.080925 -8.241897 -13.631371  0.000000 -0.179763 -0.983710  0.008576 0.748762 1 72 1.000000
0  -4.030181 -8.351501 -13.611342  0.000000 -0.179763 -0.983710  0.008576 0.748762 1 72 1.000000
0  -4.109588 -8.351501 -13.611342  0.000000 -0.179763 -0.983710  0.008576 0.748762 1 72 1.000000
lowpoly_plastic
0  -4.080925 -6.218812 -11.491621  -1.000000 0.000001 0.000000  0.008576 0.748762 1 72 1.000000
0  -4.080925 -6.394765 -12.695693  -1.000000 0.000001 0.000000  0.008576 0.748762 1 72 1.000000
0  -4.080925 -6.485390 -12.683177  -1.000000 0.000001 0.000000  0.008576 0.748762 1 72 1.000000
lowpoly_plastic
0  -4.030181 -8.351501 -13.611342  0.000000 -0.179775 -0.983708  0.008576 0.748762 1 72 1.000000
0  -3.998554 -8.419815 -13.598858  0.000000 -0.179775 -0.983708  0.008576 0.748762 1 72 1.000000
0  -4.062507 -8.419815 -13.598858  0.000000 -0.179775 -0.983708  0.008576 0.748762 1 72 1.000000
lowpoly_plastic
0  -3.923902 -7.538619 -6.143699  0.000000 1.000000 0.000000  0.008576 0.748762 1 72 1.000000
0  -3.867667 -7.538619 -6.143699  0.000000 1.000000 0.000000  0.008576 0.748762 1 72 1.000000
0  -3.867667 -7.538619 -6.810765  0.000000 1.000000 0.000000  0.008576 0.748762 1 72 1.000000
lowpoly_plastic
0  -4.078847 -5.993142 -6.141292  0.971659 0.000530 -0.236388  0.008576 0.748762 1 72 1.000000
0  -4.030049 -5.993521 -5.940710  0.971659 0.000530 -0.236388  0.008576 0.748762 1 72 1.000000
0  -4.030049 -6.675337 -5.942241  0.971729 0.000376 -0.236098  0.008576 0.748762 1 72 1.000000
lowpoly_plastic
0  -3.568701 -5.993142 -6.141292  0.929931 -0.000825 0.367732  0.008576 0.748762 1 72 1.000000
0  -3.652966 -5.993521 -5.928199  0.929931 -0.000825 0.367732  0.008576 0.748762 1 72 1.000000
0  -3.652966 -6.675337 -5.929730  0.929974 -0.000360 0.367625  0.008576 0.748762 1 72 1.000000
lowpoly_plastic
0  -3.665128 -7.538619 -6.143699  0.750423 -0.649629 0.121851  0.008576 0.748762 1 72 1.000000
0  -3.725228 -7.608063 -6.143806  0.750423 -0.649629 0.121851  0.008576 0.748762 1 72 1.000000
0  -3.618950 -7.614930 -6.834948  0.750423 -0.649629 0.121851  0.008576 0.748762 1 72 1.000000
lowpoly_plastic
0  -3.625749 -8.351501 -13.611342  0.000000 -0.179777 -0.983707  0.008576 0.748762 1 72 1.000000
0  -3.558851 -8.351501 -13.611342  0.000000 -0.179777 -0.983707  0.008576 0.748762 1 72 1.000000
0  -3.618951 -8.419815 -13.598858  0.000000 -0.179777 -0.983707  0.008576 0.748762 1 72 1.000000
lowpoly_plastic
0  -3.665128 -7.538619 -6.143699  0.000000 -0.001558 0.999999  0.008576 0.748762 1 72 1.000000
0  -3.568701 -7.427198 -6.143525  0.000000 -0.001558 0.999999  0.008576 0.748762 1 72 1.000000
0  -3.656487 -7.427198 -6.143525  0.000000 -0.001558 0.999999  0.008576 0.748762 1 72 1.000000
lowpoly_plastic
0  -3.843060 -7.608063 -6.143806  0.000000 -0.999951 0.009935  0.008576 0.748762 1 72 1.000000
0  -3.867667 -7.608063 -6.143806  0.000000 -0.999951 0.009935  0.008576 0.748762 1 72 1.000000
0  -3.867667 -7.614930 -6.834948  0.000000 -0.999951 0.009935  0.008576 0.748762 1 72 1.000000
lowpoly_plastic
0  -3.867668 -7.880834 -11.327120  0.000000 -0.972651 0.232273  0.008576 0.748762 1 72 1.000000
0  -3.736782 -8.131048 -12.374907  0.000000 -0.972114 0.234510  0.008576 0.748762 1 72 1.000000
0  -3.736782 -7.880834 -11.327120  0.000000 -0.972651 0.232273  0.008576 0.748762 1 72 1.000000
lowpoly_plastic
0  -3.725228 -7.608063 -6.143806  0.000000 -0.001552 0.999999  0.008576 0.748762 1 72 1.000000
0  -3.665128 -7.538619 -6.143699  0.000000 -0.001552 0.999999  0.008576 0.748762 1 72 1.000000
0  -3.732026 -7.538619 -6.143699  0.000000 -0.001552 0.999999  0.008576 0.748762 1 72 1.000000
lowpoly_plastic
0  -3.550210 -8.241897 -13.631371  0.000000 -0.179757 -0.983711  0.008576 0.748762 1 72 1.000000
0  -3.462424 -8.241897 -13.631371  0.000000 -0.179757 -0.983711  0.008576 0.748762 1 72 1.000000
0  -3.558851 -8.351501 -13.611342  0.000000 -0.179757 -0.983711  0.008576 0.748762 1 72 1.000000
lowpoly_plastic
0  -4.272913 -6.714375 -13.395756  0.000000 -0.216451 -0.976293  0.863264 0.820637 1 72 1.000000
0  -4.311303 -7.674734 -13.182840  0.000000 -0.216451 -0.976293  0.863264 0.820637 1 72 1.000000
0  -4.311303 -6.714375 -13.395756  0.000000 -0.216451 -0.976293  0.863264 0.820637 1 72 1.000000
lowpoly_plastic
0  -4.080925 -6.218812 -11.491621  0.000000 0.975876 -0.218325  0.008576 0.748762 1 72 1.000000
0  -4.185127 -6.485390 -12.683177  0.000000 0.975876 -0.218325  0.008576 0.748762 1 72 1.000000
0  -4.185127 -6.218812 -11.491621  0.000000 0.975876 -0.218325  0.008576 0.748762 1 72 1.000000
lowpoly_plastic
0  -3.654410 -5.958225 -6.836811  0.000000 0.998989 -0.044956  0.008576 0.748762 1 72 1.000000
0  -3.760689 -5.926921 -6.141189  0.000000 0.998989 -0.044956  0.008576 0.748762 1 72 1.000000
0  -3.656487 -5.926921 -6.141189  0.000000 0.998989 -0.044956  0.008576 0.748762 1 72 1.000000
lowpoly_plastic
0  -3.732026 -7.538619 -6.143699  0.000000 1.000000 0.000000  0.008576 0.748762 1 72 1.000000
0  -3.625747 -7.538619 -6.810765  0.000000 1.000000 0.000000  0.008576 0.748762 1 72 1.000000
0  -3.705154 -7.538619 -6.810765  0.000000 1.000000 0.000000  0.008576 0.748762 1 72 1.000000
lowpoly_plastic
0  -3.705285 -6.675337 -5.942241  -0.971760 0.000310 -0.235973  0.008576 0.748762 1 72 1.000000
0  -3.705285 -5.993521 -5.940710  -0.971659 0.000530 -0.236387  0.008576 0.748762 1 72 1.000000
0  -3.656487 -5.993142 -6.141292  -0.971659 0.000530 -0.236387  0.008576 0.748762 1 72 1.000000
lowpoly_metal
0  -3.822214 -6.079339 -6.374186  0.401761 0.595264 0.695880  0.991798 0.744498 1 78 1.000000
0  -3.695194 -6.049456 -6.473084  0.401761 0.595264 0.695880  0.991798 0.744500 1 78 1.000000
0  -3.822214 -6.049456 -6.399749  0.401761 0.595264 0.695880  0.991799 0.744502 1 78 1.000000
lowpoly_metal
0  -3.844137 -6.964269 -6.381515  0.499995 0.000000 -0.866028  0.991809 0.744479 1 77 1.000000
0  -3.944590 -7.124786 -6.439511  0.499995 0.000000 -0.866028  0.991808 0.744487 1 77 1.000000
0  -3.944590 -6.964269 -6.439511  0.499995 0.000000 -0.866028  0.991809 0.744480 1 77 1.000000
lowpoly_metal
0  -3.922666 -6.964269 -6.604415  -0.500002 0.000000 -0.866024  0.991794 0.744441 1 78 1.000000
0  -3.822213 -7.124786 -6.662412  -0.500002 0.000000 -0.866024  0.991793 0.744434 1 78 1.000000
0  -3.922666 -7.124786 -6.604415  -0.500002 0.000000 -0.866024  0.991794 0.744433 1 78 1.000000
lowpoly_metal
0  -3.822214 -5.969767 -6.457853  0.499985 -0.000009 -0.866034  0.991800 0.744522 1 78 1.000000
0  -3.898914 -5.997100 -6.502135  0.499985 -0.000009 -0.866034  0.991799 0.744511 1 78 1.000000
0  -3.898914 -5.969767 -6.502136  0.499985 -0.000009 -0.866034  0.991799 0.744511 1 78 1.000000
lowpoly_metal
0  -3.931407 -6.964269 -5.994543  -1.000000 0.000000 0.000000  0.991821 0.744435 1 76 1.000000
0  -3.931407 -7.124786 -6.110537  -1.000000 0.000000 0.000000  0.991822 0.744429 1 76 1.000000
0  -3.931407 -7.124786 -5.994543  -1.000000 0.000000 0.000000  0.991821 0.744430 1 76 1.000000
lowpoly_metal
0  -3.822213 -7.241450 -6.452042  0.482022 -0.265707 0.834898  0.942695 0.699403 1 78 1.000000
0  -3.769952 -7.336096 -6.516246  0.471474 -0.332882 0.816640  0.942694 0.699404 1 78 1.000000
0  -3.740481 -7.241449 -6.499230  0.482018 -0.265707 0.834900  0.942694 0.699404 1 78 1.000000
lowpoly_metal
0  -3.762142 -5.997100 -6.012811  0.500000 0.000000 0.866026  0.200931 0.194573 1 76 1.000000
0  -3.830955 -5.972044 -5.973082  0.500000 0.000000 0.866026  0.200931 0.194573 1 76 1.000000
0  -3.830955 -5.997100 -5.973082  0.500000 0.000000 0.866026  0.200931 0.194572 1 76 1.000000
lowpoly_metal
0  -3.980113 -6.079339 -6.138656  -0.803536 0.595256 0.000000  0.991823 0.744480 1 76 1.000000
0  -3.957975 -6.049456 -5.979205  -0.803536 0.595256 0.000000  0.991823 0.744480 1 76 1.000000
0  -3.957975 -6.049456 -6.125875  -0.803536 0.595256 0.000000  0.991823 0.744482 1 76 1.000000
lowpoly_metal
0  -3.681796 -6.839612 -5.966423  1.000000 0.000001 0.000000  0.991821 0.744438 1 76 1.000000
0  -3.681797 -6.079339 -6.138656  1.000000 0.000001 0.000000  0.991824 0.744480 1 76 1.000000
0  -3.681797 -6.079339 -5.966423  1.000000 0.000001 0.000000  0.991824 0.744478 1 76 1.000000
lowpoly_metal
0  -3.944590 -7.124786 -6.212802  0.496359 -0.120412 0.859726  0.942696 0.699409 1 77 1.000000
0  -3.862858 -7.241449 -6.276330  0.496359 -0.120412 0.859726  0.942696 0.699410 1 77 1.000000
0  -3.848708 -7.124786 -6.268159  0.496359 -0.120412 0.859726  0.942696 0.699409 1 77 1.000000
lowpoly_metal
0  -3.944590 -6.839612 -6.151285  0.465722 -0.363918 0.806639  0.991809 0.744475 1 77 1.000000
0  -3.844137 -6.964269 -6.265521  0.465722 -0.363918 0.806639  0.991809 0.744479 1 77 1.000000
0  -3.795432 -6.839612 -6.237401  0.465722 -0.363918 0.806639  0.991809 0.744475 1 77 1.000000
lowpoly_metal
0  -3.944591 -6.079339 -6.495750  -0.401758 0.595275 -0.695872  0.991812 0.744427 1 77 1.000000
0  -4.071610 -6.049456 -6.396852  -0.401758 0.595275 -0.695872  0.991812 0.744426 1 77 1.000000
0  -3.944591 -6.049456 -6.470187  -0.401758 0.595275 -0.695872  0.991813 0.744424 1 77 1.000000
lowpoly_metal
0  -3.971371 -6.839612 -6.632535  -1.000000 0.000000 0.000000  0.991795 0.744446 1 78 1.000000
0  -3.971372 -6.079339 -6.460302  -1.000000 0.000000 0.000000  0.991798 0.744497 1 78 1.000000
0  -3.971372 -6.079339 -6.632535  -1.000000 0.000000 0.000000  0.991798 0.744496 1 78 1.000000
lowpoly_metal
0  -3.822213 -6.839612 -6.374186  -0.465708 -0.363921 0.806646  0.991795 0.744446 1 78 1.000000
0  -3.922666 -6.964269 -6.488421  -0.465708 -0.363921 0.806646  0.991795 0.744441 1 78 1.000000
0  -3.822213 -6.964269 -6.430425  -0.465708 -0.363921 0.806646  0.991795 0.744441 1 78 1.000000
lowpoly_metal
0  -3.867891 -5.969767 -6.279235  -0.500005 0.000000 -0.866022  0.991813 0.744413 1 77 1.000000
0  -3.944591 -5.997100 -6.234951  -0.500005 0.000000 -0.866022  0.991813 0.744416 1 77 1.000000
0  -3.944591 -5.969767 -6.234951  -0.500005 0.000000 -0.866022  0.991813 0.744417 1 77 1.000000
lowpoly_metal
0  -3.830955 -6.079339 -6.224773  -0.401765 0.595280 -0.695864  0.991824 0.744482 1 76 1.000000
0  -3.957975 -6.049456 -6.125875  -0.401765 0.595280 -0.695864  0.991823 0.744482 1 76 1.000000
0  -3.830955 -6.049456 -6.199209  -0.401765 0.595280 -0.695864  0.991824 0.744486 1 76 1.000000
lowpoly_metal
0  -3.673056 -6.079339 -6.632535  0.803522 0.595275 0.000000  0.991798 0.744496 1 78 1.000000
0  -3.695194 -6.049456 -6.473084  0.803522 0.595275 0.000000  0.991798 0.744500 1 78 1.000000
0  -3.673056 -6.079339 -6.460302  0.803522 0.595275 0.000000  0.991798 0.744497 1 78 1.000000
lowpoly_metal
0  -3.822214 -6.079339 -6.718651  0.401765 0.595285 -0.695860  0.991798 0.744495 1 78 1.000000
0  -3.695194 -6.049456 -6.619753  0.401765 0.595285 -0.695860  0.991798 0.744498 1 78 1.000000
0  -3.673056 -6.079339 -6.632535  0.401765 0.595285 -0.695860  0.991798 0.744496 1 78 1.000000
lowpoly_metal
0  -3.822214 -6.049456 -6.693089  0.500007 0.000000 -0.866021  0.991798 0.744497 1 78 1.000000
0  -3.695194 -6.006765 -6.619753  0.500007 0.000000 -0.866021  0.991798 0.744500 1 78 1.000000
0  -3.695194 -6.049456 -6.619753  0.500007 0.000000 -0.866021  0.991798 0.744498 1 78 1.000000
lowpoly_metal
0  -3.830955 -6.079339 -6.224773  0.401760 0.595274 -0.695872  0.991824 0.744482 1 76 1.000000
0  -3.703935 -6.049456 -6.125875  0.401760 0.595274 -0.695872  0.991824 0.744482 1 76 1.000000
0  -3.681797 -6.079339 -6.138656  0.401760 0.595274 -0.695872  0.991824 0.744480 1 76 1.000000
lowpoly_metal
0  -3.944591 -5.997101 -6.412084  0.000024 1.000000 -0.000171  0.991813 0.744413 1 77 1.000000
0  -3.944591 -5.997100 -6.402976  0.000024 1.000000 -0.000171  0.991814 0.744412 1 77 1.000000
0  -3.867891 -5.997100 -6.367800  0.000024 1.000000 -0.000171  0.991814 0.744405 1 77 1.000000
lowpoly_metal
0  -3.695194 -6.049456 -6.619753  1.000000 0.000008 0.000000  0.991798 0.744498 1 78 1.000000
0  -3.695194 -6.006764 -6.473083  1.000000 0.000008 0.000000  0.991799 0.744503 1 78 1.000000
0  -3.695194 -6.049456 -6.473084  1.000000 0.000008 0.000000  0.991798 0.744500 1 78 1.000000
lowpoly_metal
0  -3.974179 -6.006764 -6.634156  0.000006 -1.000000 0.000000  0.991799 0.744502 1 78 1.000000
0  -3.822214 -6.006765 -6.721893  0.000006 -1.000000 0.000000  0.991798 0.744501 1 78 1.000000
0  -3.822214 -6.006764 -6.693089  0.000006 -1.000000 0.000000  0.991798 0.744499 1 78 1.000000
lowpoly_metal
0  -3.830955 -6.049456 -6.199209  0.499992 0.000000 -0.866030  0.991824 0.744486 1 76 1.000000
0  -3.703935 -6.006764 -6.125875  0.499992 0.000000 -0.866030  0.991825 0.744484 1 76 1.000000
0  -3.703935 -6.049456 -6.125875  0.499992 0.000000 -0.866030  0.991824 0.744482 1 76 1.000000
lowpoly_metal
0  -3.703935 -6.049456 -6.125875  1.000000 0.000000 0.000000  0.991824 0.744482 1 76 1.000000
0  -3.703935 -6.006764 -5.979205  1.000000 0.000000 0.000000  0.991824 0.744482 1 76 1.000000
0  -3.703935 -6.049456 -5.979205  1.000000 0.000000 0.000000  0.991824 0.744480 1 76 1.000000
lowpoly_metal
0  -3.673055 -6.839612 -6.632535  0.500004 0.000001 -0.866023  0.991795 0.744446 1 78 1.000000
0  -3.822214 -6.079339 -6.718651  0.500004 0.000001 -0.866023  0.991798 0.744495 1 78 1.000000
0  -3.673056 -6.079339 -6.632535  0.500004 0.000001 -0.866023  0.991798 0.744496 1 78 1.000000
lowpoly_metal
0  -3.670249 -6.006764 -6.634156  1.000000 0.000000 0.000000  0.991798 0.744502 1 78 1.000000
0  -3.670249 -5.969767 -6.458681  1.000000 0.000000 0.000000  0.991799 0.744508 1 78 1.000000
0  -3.670249 -6.006764 -6.458681  1.000000 0.000000 0.000000  0.991798 0.744505 1 78 1.000000
lowpoly_metal
0  -3.830955 -6.839612 -6.224773  -0.465721 -0.363923 -0.806637  0.991821 0.744438 1 76 1.000000
0  -3.931407 -6.964269 -6.110537  -0.465721 -0.363923 -0.806637  0.991821 0.744435 1 76 1.000000
0  -3.980113 -6.839612 -6.138657  -0.465721 -0.363923 -0.806637  0.991821 0.744438 1 76 1.000000
lowpoly_metal
0  -3.957975 -6.006764 -6.125875  0.000000 -1.000000 0.000000  0.991823 0.744484 1 76 1.000000
0  -3.982920 -6.006764 -5.964803  0.000000 -1.000000 0.000000  0.991823 0.744483 1 76 1.000000
0  -3.982920 -6.006764 -6.140277  0.000000 -1.000000 0.000000  0.991822 0.744486 1 76 1.000000
lowpoly_metal
0  -3.745514 -5.969767 -6.502136  -0.499996 0.000000 -0.866028  0.991799 0.744512 1 78 1.000000
0  -3.822214 -5.997101 -6.457853  -0.499996 0.000000 -0.866028  0.991800 0.744519 1 78 1.000000
0  -3.822214 -5.969767 -6.457853  -0.499996 0.000000 -0.866028  0.991800 0.744522 1 78 1.000000
lowpoly_metal
0  -3.822213 -6.839612 -6.718651  -0.465715 -0.363920 -0.806642  0.991795 0.744446 1 78 1.000000
0  -3.922666 -6.964269 -6.604415  -0.465715 -0.363920 -0.806642  0.991794 0.744441 1 78 1.000000
0  -3.971371 -6.839612 -6.632535  -0.465715 -0.363920 -0.806642  0.991795 0.744446 1 78 1.000000
lowpoly_metal
0  -3.673055 -6.839612 -6.460302  0.931430 -0.363921 0.000000  0.991795 0.744446 1 78 1.000000
0  -3.721760 -6.964269 -6.604415  0.931430 -0.363921 0.000000  0.991794 0.744442 1 78 1.000000
0  -3.673055 -6.839612 -6.632535  0.931430 -0.363921 0.000000  0.991795 0.744446 1 78 1.000000
lowpoly_metal
0  -3.944591 -6.079339 -6.495750  0.401764 0.595280 -0.695865  0.991812 0.744427 1 77 1.000000
0  -3.817571 -6.049456 -6.396852  0.401764 0.595280 -0.695865  0.991813 0.744422 1 77 1.000000
0  -3.795433 -6.079339 -6.409634  0.401764 0.595280 -0.695865  0.991812 0.744426 1 77 1.000000
lowpoly_metal
0  -3.670249 -6.006764 -6.458681  0.500001 0.000000 0.866025  0.991798 0.744505 1 78 1.000000
0  -3.822214 -5.969767 -6.370944  0.500001 0.000000 0.866025  0.991799 0.744516 1 78 1.000000
0  -3.822214 -6.006764 -6.370944  0.500001 0.000000 0.866025  0.991799 0.744511 1 78 1.000000
lowpoly_metal
0  -3.726331 -7.124786 -6.601776  0.992724 -0.120412 0.000000  0.942694 0.699404 1 78 1.000000
0  -3.740481 -7.241449 -6.499230  0.992724 -0.120412 0.000000  0.942694 0.699404 1 78 1.000000
0  -3.740481 -7.241449 -6.593607  0.992724 -0.120412 0.000000  0.942694 0.699404 1 78 1.000000
lowpoly_metal
0  -3.721760 -6.964269 -6.488421  1.000000 0.000000 0.000000  0.991794 0.744442 1 78 1.000000
0  -3.721760 -7.124786 -6.604415  1.000000 0.000000 0.000000  0.991793 0.744435 1 78 1.000000
0  -3.721760 -6.964269 -6.604415  1.000000 0.000000 0.000000  0.991794 0.744442 1 78 1.000000
lowpoly_metal
0  -3.730501 -6.964269 -6.110537  0.500000 0.000000 -0.866025  0.991821 0.744434 1 76 1.000000
0  -3.830955 -7.124786 -6.168533  0.500000 0.000000 -0.866025  0.991822 0.744428 1 76 1.000000
0  -3.830955 -6.964269 -6.168533  0.500000 0.000000 -0.866025  0.991821 0.744435 1 76 1.000000
lowpoly_metal
0  -3.867891 -5.969767 -6.367800  -1.000000 0.000000 0.000000  0.991814 0.744402 1 77 1.000000
0  -3.867891 -5.997100 -6.279235  -1.000000 0.000000 0.000000  0.991814 0.744413 1 77 1.000000
0  -3.867891 -5.969767 -6.279235  -1.000000 0.000000 0.000000  0.991813 0.744413 1 77 1.000000
lowpoly_metal
0  -3.678990 -6.006764 -5.964803  0.499998 0.000000 0.866027  0.991824 0.744483 1 76 1.000000
0  -3.830955 -5.969767 -5.877066  0.499998 0.000000 0.866027  0.991824 0.744483 1 76 1.000000
0  -3.830955 -6.006764 -5.877066  0.499998 0.000000 0.866027  0.991824 0.744482 1 76 1.000000
lowpoly_metal
0  -3.944591 -5.969767 -6.234951  0.499996 0.000000 -0.866028  0.991813 0.744417 1 77 1.000000
0  -4.021291 -5.997100 -6.279235  0.499996 0.000000 -0.866028  0.991813 0.744417 1 77 1.000000
0  -4.021291 -5.969767 -6.279235  0.499996 0.000000 -0.866028  0.991813 0.744418 1 77 1.000000
lowpoly_metal
0  -3.922666 -6.964269 -6.604415  -1.000000 0.000000 0.000000  0.991794 0.744441 1 78 1.000000
0  -3.922666 -7.124786 -6.488421  -1.000000 0.000000 0.000000  0.991795 0.744433 1 78 1.000000
0  -3.922666 -6.964269 -6.488421  -1.000000 0.000000 0.000000  0.991795 0.744441 1 78 1.000000
lowpoly_metal
0  -3.830955 -6.839612 -5.880307  0.465716 -0.363922 0.806641  0.991821 0.744438 1 76 1.000000
0  -3.730501 -6.964269 -5.994543  0.465716 -0.363922 0.806641  0.991821 0.744435 1 76 1.000000
0  -3.681796 -6.839612 -5.966423  0.465716 -0.363922 0.806641  0.991821 0.744438 1 76 1.000000
lowpoly_metal
0  -3.792625 -6.006764 -6.235780  0.500002 0.000009 0.866024  0.991812 0.744419 1 77 1.000000
0  -3.944591 -5.969767 -6.148043  0.500002 0.000009 0.866024  0.991812 0.744420 1 77 1.000000
0  -3.944591 -6.006764 -6.148043  0.500002 0.000009 0.866024  0.991812 0.744422 1 77 1.000000
lowpoly_metal
0  -3.822214 -5.997100 -6.466960  0.000024 1.000000 0.000171  0.991799 0.744516 1 78 1.000000
0  -3.822214 -5.997101 -6.457853  0.000024 1.000000 0.000171  0.991800 0.744519 1 78 1.000000
0  -3.745514 -5.997100 -6.502135  0.000024 1.000000 0.000171  0.991800 0.744512 1 78 1.000000
lowpoly_metal
0  -3.753401 -5.997100 -6.506689  0.500000 0.000000 0.866026  0.200926 0.194578 1 78 1.000000
0  -3.822214 -5.972044 -6.466960  0.500000 0.000000 0.866026  0.200926 0.194578 1 78 1.000000
0  -3.822214 -5.997100 -6.466960  0.500000 0.000000 0.866026  0.200926 0.194578 1 78 1.000000
lowpoly_metal
0  -3.681796 -6.839612 -6.138656  0.931430 -0.363921 0.000000  0.991821 0.744438 1 76 1.000000
0  -3.730501 -6.964269 -5.994543  0.931430 -0.363921 0.000000  0.991821 0.744435 1 76 1.000000
0  -3.730501 -6.964269 -6.110537  0.931430 -0.363921 0.000000  0.991821 0.744434 1 76 1.000000
lowpoly_metal
0  -3.745514 -5.969767 -6.590701  -0.500005 0.000000 0.866022  0.991799 0.744507 1 78 1.000000
0  -3.822214 -5.997101 -6.634984  -0.500005 0.000000 0.866022  0.991799 0.744506 1 78 1.000000
0  -3.745514 -5.997101 -6.590701  -0.500005 0.000000 0.866022  0.991799 0.744508 1 78 1.000000
lowpoly_metal
0  -3.830955 -6.964269 -5.936546  -0.500000 0.000000 0.866025  0.991821 0.744435 1 76 1.000000
0  -3.931407 -7.124786 -5.994543  -0.500000 0.000000 0.866025  0.991821 0.744430 1 76 1.000000
0  -3.830955 -7.124786 -5.936546  -0.500000 0.000000 0.866025  0.991820 0.744429 1 76 1.000000
lowpoly_metal
0  -3.898914 -5.969767 -6.502136  1.000000 0.000000 0.000000  0.991799 0.744511 1 78 1.000000
0  -3.898914 -5.997101 -6.590701  1.000000 0.000000 0.000000  0.991799 0.744508 1 78 1.000000
0  -3.898914 -5.969767 -6.590701  1.000000 0.000000 0.000000  0.991799 0.744507 1 78 1.000000
lowpoly_metal
0  -3.830955 -6.964269 -5.936546  0.500001 0.000000 0.866025  0.991821 0.744435 1 76 1.000000
0  -3.730501 -7.124786 -5.994543  0.500001 0.000000 0.866025  0.991820 0.744429 1 76 1.000000
0  -3.730501 -6.964269 -5.994543  0.500001 0.000000 0.866025  0.991821 0.744435 1 76 1.000000
lowpoly_metal
0  -3.891027 -5.997100 -6.586147  -0.500011 0.000000 -0.866019  0.200926 0.194577 1 78 1.000000
0  -3.822214 -5.972044 -6.625877  -0.500011 0.000000 -0.866019  0.200926 0.194577 1 78 1.000000
0  -3.822214 -5.997100 -6.625877  -0.500011 0.000000 -0.866019  0.200926 0.194577 1 78 1.000000
lowpoly_metal
0  -3.899768 -5.997100 -6.092269  -0.500000 0.000000 -0.866026  0.200931 0.194573 1 76 1.000000
0  -3.830955 -5.972044 -6.131999  -0.500000 0.000000 -0.866026  0.200931 0.194573 1 76 1.000000
0  -3.830955 -5.997100 -6.131999  -0.500000 0.000000 -0.866026  0.200931 0.194574 1 76 1.000000
lowpoly_metal
0  -3.795432 -6.839612 -6.409634  0.499999 0.000000 -0.866026  0.991809 0.744475 1 77 1.000000
0  -3.944591 -6.079339 -6.495750  0.499999 0.000000 -0.866026  0.991812 0.744427 1 77 1.000000
0  -3.795433 -6.079339 -6.409634  0.499999 0.000000 -0.866026  0.991812 0.744426 1 77 1.000000
lowpoly_metal
0  -3.754255 -5.969767 -6.008257  -0.499985 0.000000 -0.866034  0.991824 0.744486 1 76 1.000000
0  -3.830955 -5.997100 -5.963974  -0.499985 0.000000 -0.866034  0.991824 0.744486 1 76 1.000000
0  -3.830955 -5.969767 -5.963974  -0.499985 0.000000 -0.866034  0.991824 0.744485 1 76 1.000000
lowpoly_metal
0  -3.822214 -6.006765 -6.721893  0.500014 0.000000 -0.866017  0.991798 0.744501 1 78 1.000000
0  -3.670249 -5.969767 -6.634156  0.500014 0.000000 -0.866017  0.991798 0.744504 1 78 1.000000
0  -3.670249 -6.006764 -6.634156  0.500014 0.000000 -0.866017  0.991798 0.744502 1 78 1.000000
lowpoly_metal
0  -3.844137 -6.964269 -6.265521  1.000000 0.000000 0.000000  0.991809 0.744479 1 77 1.000000
0  -3.844137 -7.124786 -6.381515  1.000000 0.000000 0.000000  0.991809 0.744486 1 77 1.000000
0  -3.844137 -6.964269 -6.381515  1.000000 0.000000 0.000000  0.991809 0.744479 1 77 1.000000
lowpoly_metal
0  -3.931407 -7.124786 -5.994543  0.000000 -1.000000 0.000000  0.991821 0.744430 1 76 1.000000
0  -3.931407 -7.124786 -6.110537  0.000000 -1.000000 0.000000  0.991822 0.744429 1 76 1.000000
0  -3.926837 -7.124786 -6.107897  0.000000 -1.000000 0.000000  0.991822 0.744427 1 76 1.000000
lowpoly_metal
0  -3.822213 -7.124786 -6.435703  0.496365 -0.120408 0.859723  0.942694 0.699404 1 78 1.000000
0  -3.740481 -7.241449 -6.499230  0.496365 -0.120408 0.859723  0.942694 0.699404 1 78 1.000000
0  -3.726331 -7.124786 -6.491061  0.496365 -0.120408 0.859723  0.942694 0.699404 1 78 1.000000
lowpoly_metal
0  -3.730501 -7.124786 -6.110537  0.000000 -1.000000 0.000000  0.991821 0.744428 1 76 1.000000
0  -3.730501 -7.124786 -5.994543  0.000000 -1.000000 0.000000  0.991820 0.744429 1 76 1.000000
0  -3.735072 -7.124786 -6.107897  0.000000 -1.000000 0.000000  0.991820 0.744425 1 76 1.000000
lowpoly_metal
0  -3.822213 -7.124786 -6.657134  0.496363 -0.120409 -0.859724  0.942694 0.699404 1 78 1.000000
0  -3.740481 -7.241449 -6.593607  0.496363 -0.120409 -0.859724  0.942694 0.699404 1 78 1.000000
0  -3.822213 -7.241449 -6.640795  0.496363 -0.120409 -0.859724  0.942694 0.699403 1 78 1.000000
lowpoly_metal
0  -3.822213 -7.124786 -6.657134  -0.496367 -0.120402 -0.859723  0.942694 0.699404 1 78 1.000000
0  -3.903945 -7.241449 -6.593607  -0.496367 -0.120402 -0.859723  0.942694 0.699403 1 78 1.000000
0  -3.918095 -7.124786 -6.601776  -0.496367 -0.120402 -0.859723  0.942694 0.699404 1 78 1.000000
lowpoly_metal
0  -3.754255 -5.969767 -6.096823  0.000000 1.000000 0.000000  0.991824 0.744489 1 76 1.000000
0  -3.678990 -5.969767 -6.140277  0.000000 1.000000 0.000000  0.991826 0.744487 1 76 1.000000
0  -3.830955 -5.969767 -6.228014  0.000000 1.000000 0.000000  0.991825 0.744504 1 76 1.000000
lowpoly_metal
0  -4.026322 -7.241449 -6.276330  -0.482027 -0.265703 0.834896  0.942696 0.699410 1 77 1.000000
0  -3.944590 -7.336096 -6.263172  -0.471485 -0.332878 0.816636  0.942696 0.699409 1 77 1.000000
0  -3.944590 -7.241449 -6.229141  -0.482026 -0.265703 0.834897  0.942696 0.699409 1 77 1.000000
lowpoly_metal
0  -3.944590 -7.241449 -6.229141  0.482028 -0.265711 0.834893  0.942696 0.699409 1 77 1.000000
0  -3.892329 -7.336096 -6.293345  0.471486 -0.332886 0.816632  0.942696 0.699410 1 77 1.000000
0  -3.862858 -7.241449 -6.276330  0.482029 -0.265711 0.834893  0.942696 0.699410 1 77 1.000000
lowpoly_metal
0  -3.795432 -6.839612 -6.237401  0.931431 -0.363919 0.000000  0.991809 0.744475 1 77 1.000000
0  -3.844137 -6.964269 -6.381515  0.931431 -0.363919 0.000000  0.991809 0.744479 1 77 1.000000
0  -3.795432 -6.839612 -6.409634  0.931431 -0.363919 0.000000  0.991809 0.744475 1 77 1.000000
lowpoly_metal
0  -3.822214 -6.079339 -6.374186  -0.401761 0.595285 0.695862  0.991798 0.744498 1 78 1.000000
0  -3.949234 -6.049456 -6.473084  -0.401761 0.595285 0.695862  0.991799 0.744500 1 78 1.000000
0  -3.971372 -6.079339 -6.460302  -0.401761 0.595285 0.695862  0.991798 0.744497 1 78 1.000000
lowpoly_metal
0  -3.695194 -6.006764 -6.473083  0.000000 -1.000000 0.000000  0.991799 0.744503 1 78 1.000000
0  -3.670249 -6.006764 -6.458681  0.000000 -1.000000 0.000000  0.991798 0.744505 1 78 1.000000
0  -3.822214 -6.006764 -6.370944  0.000000 -1.000000 0.000000  0.991799 0.744511 1 78 1.000000
lowpoly_metal
0  -3.721760 -6.964269 -6.604415  0.499994 0.000000 -0.866029  0.991794 0.744442 1 78 1.000000
0  -3.822213 -7.124786 -6.662412  0.499994 0.000000 -0.866029  0.991793 0.744434 1 78 1.000000
0  -3.822213 -6.964269 -6.662412  0.499994 0.000000 -0.866029  0.991794 0.744441 1 78 1.000000
lowpoly_metal
0  -3.830955 -6.839612 -6.224773  0.465714 -0.363922 -0.806642  0.991821 0.744438 1 76 1.000000
0  -3.730501 -6.964269 -6.110537  0.465714 -0.363922 -0.806642  0.991821 0.744434 1 76 1.000000
0  -3.830955 -6.964269 -6.168533  0.465714 -0.363922 -0.806642  0.991821 0.744435 1 76 1.000000
lowpoly_metal
0  -3.730501 -6.964269 -5.994543  1.000000 0.000003 0.000000  0.991821 0.744435 1 76 1.000000
0  -3.730501 -7.124786 -6.110537  1.000000 0.000003 0.000000  0.991821 0.744428 1 76 1.000000
0  -3.730501 -6.964269 -6.110537  1.000000 0.000003 0.000000  0.991821 0.744434 1 76 1.000000
lowpoly_metal
0  -3.822214 -5.997100 -6.625877  -0.000030 1.000000 0.000000  0.991799 0.744507 1 78 1.000000
0  -3.822214 -5.997101 -6.634984  -0.000030 1.000000 0.000000  0.991799 0.744506 1 78 1.000000
0  -3.898914 -5.997101 -6.590701  -0.000030 1.000000 0.000000  0.991799 0.744508 1 78 1.000000
lowpoly_metal
0  -3.944590 -6.839612 -6.151285  -0.465714 -0.363918 0.806643  0.991809 0.744475 1 77 1.000000
0  -4.045043 -6.964269 -6.265521  -0.465714 -0.363918 0.806643  0.991808 0.744479 1 77 1.000000
0  -3.944590 -6.964269 -6.207524  -0.465714 -0.363918 0.806643  0.991809 0.744479 1 77 1.000000
lowpoly_metal
0  -3.875778 -5.997100 -6.283789  0.500011 0.000000 0.866019  0.200929 0.194557 1 77 1.000000
0  -3.944591 -5.972044 -6.244059  0.500011 0.000000 0.866019  0.200929 0.194558 1 77 1.000000
0  -3.944591 -5.997100 -6.244059  0.500011 0.000000 0.866019  0.200929 0.194558 1 77 1.000000
lowpoly_metal
0  -3.740481 -7.241449 -6.499230  0.964055 -0.265703 -0.000003  0.942694 0.699404 1 78 1.000000
0  -3.769952 -7.336096 -6.576591  0.942970 -0.332879 -0.000004  0.942694 0.699403 1 78 1.000000
0  -3.740481 -7.241449 -6.593607  0.964055 -0.265703 0.000000  0.942694 0.699404 1 78 1.000000
lowpoly_metal
0  -3.799424 9.567261 -12.567089  0.471523 -0.332887 -0.816610  0.965100 0.662257 1 79 1.000000
0  -3.822213 9.661907 -12.614279  0.444389 -0.298978 -0.844470  0.965091 0.662182 1 79 1.000000
0  -3.769952 9.661907 -12.584105  0.482065 -0.265712 -0.834871  0.965159 0.662220 1 79 1.000000
lowpoly_metal
0  -3.944590 9.661907 -12.270685  0.482058 -0.265703 0.834878  0.964950 0.662341 1 79 1.000000
0  -3.921801 9.567261 -12.317874  0.471513 -0.332878 0.816619  0.964962 0.662263 1 79 1.000000
0  -3.892329 9.661907 -12.300859  0.509214 -0.298974 0.807041  0.965021 0.662302 1 79 1.000000
lowpoly_metal
0  -3.883215 9.661907 -12.029881  -0.482030 -0.265709 0.834893  0.964811 0.662341 1 79 1.000000
0  -3.830955 9.567261 -12.033739  -0.471485 -0.332884 0.816633  0.964824 0.662265 1 79 1.000000
0  -3.830955 9.661907 -11.999708  -0.444360 -0.298964 0.844491  0.964883 0.662303 1 79 1.000000
lowpoly_metal
0  -3.769952 9.661907 -12.523760  0.964053 -0.265710 -0.000001  0.965159 0.662302 1 79 1.000000
0  -3.799424 9.567261 -12.567089  0.942967 -0.332886 -0.000001  0.965100 0.662257 1 79 1.000000
0  -3.769952 9.661907 -12.584105  0.953528 -0.298971 -0.037428  0.965159 0.662220 1 79 1.000000
lowpoly_metal
0  -3.830955 9.661907 -12.120399  0.444331 -0.298967 -0.844505  0.964746 0.662221 1 79 1.000000
0  -3.808165 9.567261 -12.073212  0.471475 -0.332884 -0.816639  0.964815 0.662250 1 79 1.000000
0  -3.830955 9.567261 -12.086369  0.471474 -0.332884 -0.816640  0.964805 0.662256 1 79 1.000000
lowpoly_metal
0  -3.853744 9.567261 -12.046896  0.000000 -1.000000 0.000000  0.964816 0.662271 1 79 1.000000
0  -3.853744 9.567261 -12.073212  0.000000 -1.000000 0.000000  0.964806 0.662267 1 79 1.000000
0  -3.830955 9.567261 -12.086369  0.000000 -1.000000 0.000000  0.964805 0.662256 1 79 1.000000
lowpoly_metal
0  -3.830955 9.661907 -12.120399  -0.482033 -0.265702 -0.834893  0.964746 0.662221 1 79 1.000000
0  -3.853744 9.567261 -12.073212  -0.471490 -0.332877 -0.816634  0.964806 0.662267 1 79 1.000000
0  -3.883215 9.661907 -12.090227  -0.509186 -0.298968 -0.807061  0.964744 0.662298 1 79 1.000000
lowpoly_metal
0  -3.996851 9.661907 -12.300859  -0.482016 -0.265713 0.834899  0.964883 0.662298 1 79 1.000000
0  -3.944590 9.567261 -12.304717  -0.471476 -0.332888 0.816637  0.964954 0.662270 1 79 1.000000
0  -3.944590 9.661907 -12.270685  -0.444350 -0.298974 0.844493  0.964950 0.662341 1 79 1.000000
lowpoly_metal
0  -3.822213 9.661907 -12.614279  -0.482050 -0.265700 -0.834884  0.965091 0.662182 1 79 1.000000
0  -3.845002 9.567261 -12.567089  -0.471507 -0.332875 -0.816624  0.965081 0.662257 1 79 1.000000
0  -3.874474 9.661907 -12.584105  -0.509203 -0.298966 -0.807051  0.965023 0.662219 1 79 1.000000
lowpoly_metal
0  -3.996851 9.661907 -12.361204  -0.964052 -0.265713 0.000001  0.964883 0.662222 1 79 1.000000
0  -3.967379 9.567261 -12.317874  -0.942966 -0.332888 -0.000005  0.964944 0.662267 1 79 1.000000
0  -3.996851 9.661907 -12.300859  -0.953526 -0.298979 0.037427  0.964883 0.662298 1 79 1.000000
lowpoly_metal
0  -3.830955 9.661907 -11.999708  0.482020 -0.265699 0.834902  0.964883 0.662303 1 79 1.000000
0  -3.808165 9.567261 -12.046896  0.471476 -0.332875 0.816643  0.964822 0.662255 1 79 1.000000
0  -3.778693 9.661907 -12.029881  0.509177 -0.298971 0.807066  0.964883 0.662220 1 79 1.000000
lowpoly_metal
0  -3.822213 9.661907 -12.493587  0.482036 -0.265711 0.834889  0.965090 0.662341 1 79 1.000000
0  -3.799424 9.567261 -12.540775  0.471494 -0.332886 0.816628  0.965099 0.662267 1 79 1.000000
0  -3.769952 9.661907 -12.523760  0.509185 -0.298977 0.807059  0.965159 0.662302 1 79 1.000000
lowpoly_metal
0  -3.944590 9.661907 -12.391377  -0.482016 -0.265701 -0.834904  0.964949 0.662182 1 79 1.000000
0  -3.967379 9.567261 -12.344189  -0.471471 -0.332876 -0.816645  0.964942 0.662256 1 79 1.000000
0  -3.996851 9.661907 -12.361204  -0.509174 -0.298968 -0.807069  0.964883 0.662222 1 79 1.000000
lowpoly_metal
0  -3.967379 9.567261 -12.317874  0.000000 -1.000000 0.000000  0.964944 0.662267 1 79 1.000000
0  -3.967379 9.567261 -12.344189  0.000000 -1.000000 0.000000  0.964942 0.662256 1 79 1.000000
0  -3.944590 9.567261 -12.357346  0.000000 -1.000000 0.000000  0.964951 0.662251 1 79 1.000000
lowpoly_metal
0  -3.874474 9.661907 -12.584105  -0.964052 -0.265713 0.000001  0.965023 0.662219 1 79 1.000000
0  -3.845002 9.567261 -12.540775  -0.942966 -0.332888 -0.000005  0.965083 0.662267 1 79 1.000000
0  -3.874474 9.661907 -12.523760  -0.953524 -0.298984 0.037427  0.965021 0.662300 1 79 1.000000
lowpoly_metal
0  -3.883215 9.661907 -12.090227  -0.964054 -0.265706 0.000001  0.964744 0.662298 1 79 1.000000
0  -3.853744 9.567261 -12.046896  -0.942969 -0.332881 -0.000005  0.964816 0.662271 1 79 1.000000
0  -3.883215 9.661907 -12.029881  -0.953528 -0.298972 0.037428  0.964811 0.662341 1 79 1.000000
lowpoly_metal
0  -3.944590 9.661907 -12.391377  0.444345 -0.298976 -0.844495  0.964949 0.662182 1 79 1.000000
0  -3.921801 9.567261 -12.344189  0.471488 -0.332892 -0.816628  0.964960 0.662253 1 79 1.000000
0  -3.944590 9.567261 -12.357346  0.471492 -0.332892 -0.816626  0.964951 0.662251 1 79 1.000000
lowpoly_metal
0  -3.799424 9.567261 -12.567089  0.000000 -1.000000 0.000000  0.965100 0.662257 1 79 1.000000
0  -3.799424 9.567261 -12.540775  0.000000 -1.000000 0.000000  0.965099 0.662267 1 79 1.000000
0  -3.845002 9.567261 -12.540775  0.000000 -1.000000 0.000000  0.965083 0.662267 1 79 1.000000
lowpoly_metal
0  -3.892329 9.661907 -12.300859  0.964053 -0.265708 -0.000001  0.965021 0.662302 1 79 1.000000
0  -3.921801 9.567261 -12.344189  0.942968 -0.332883 0.000005  0.964960 0.662253 1 79 1.000000
0  -3.892329 9.661907 -12.361204  0.953527 -0.298974 -0.037428  0.965021 0.662220 1 79 1.000000
lowpoly_metal
0  -3.778693 9.661907 -12.029881  0.964056 -0.265699 -0.000001  0.964883 0.662220 1 79 1.000000
0  -3.808165 9.567261 -12.073212  0.942971 -0.332874 0.000005  0.964815 0.662250 1 79 1.000000
0  -3.778693 9.661907 -12.090227  0.953530 -0.298965 -0.037428  0.964811 0.662182 1 79 1.000000
lowpoly_metal
0  -3.822213 9.661907 -12.493587  -0.444412 -0.298962 0.844464  0.965090 0.662341 1 79 1.000000
0  -3.845002 9.567261 -12.540775  -0.471540 -0.332872 0.816606  0.965083 0.662267 1 79 1.000000
0  -3.822213 9.567261 -12.527617  -0.471541 -0.332871 0.816606  0.965091 0.662273 1 79 1.000000
lowpoly_metal
0  -4.096556 10.991238 -12.418769  -0.499989 0.000000 -0.866032  0.991813 0.744421 1 79 1.000000
0  -3.944591 11.028236 -12.506506  -0.499989 0.000000 -0.866032  0.991813 0.744416 1 79 1.000000
0  -3.944591 10.991239 -12.506506  -0.499989 0.000000 -0.866032  0.991813 0.744419 1 79 1.000000
lowpoly_metal
0  -3.830955 10.158391 -11.887821  -0.465714 -0.363924 0.806641  0.991821 0.744438 1 79 1.000000
0  -3.931407 10.033733 -12.002057  -0.465714 -0.363924 0.806641  0.991821 0.744435 1 79 1.000000
0  -3.830955 10.033733 -11.944060  -0.465714 -0.363924 0.806641  0.991821 0.744435 1 79 1.000000
lowpoly_metal
0  -3.957975 10.948547 -12.133389  -0.500007 0.000000 -0.866021  0.991823 0.744482 1 79 1.000000
0  -3.830955 10.991239 -12.206723  -0.500007 0.000000 -0.866021  0.991824 0.744491 1 79 1.000000
0  -3.830955 10.948547 -12.206723  -0.500007 0.000000 -0.866021  0.991824 0.744486 1 79 1.000000
lowpoly_metal
0  -3.830955 9.873217 -11.949339  -0.496363 -0.120401 0.859725  0.942697 0.699403 1 79 1.000000
0  -3.912687 9.756554 -12.012866  -0.496363 -0.120401 0.859725  0.942697 0.699403 1 79 1.000000
0  -3.830955 9.756554 -11.965677  -0.496363 -0.120401 0.859725  0.942697 0.699403 1 79 1.000000
lowpoly_metal
0  -3.822213 10.033733 -12.437939  0.500012 0.000000 0.866019  0.991795 0.744441 1 79 1.000000
0  -3.721760 9.873217 -12.495935  0.500012 0.000000 0.866019  0.991794 0.744435 1 79 1.000000
0  -3.721760 10.033733 -12.495935  0.500012 0.000000 0.866019  0.991794 0.744442 1 79 1.000000
lowpoly_metal
0  -3.974179 10.991239 -12.466195  -1.000000 0.000000 0.000000  0.991799 0.744506 1 79 1.000000
0  -3.974179 11.028236 -12.641670  -1.000000 0.000000 0.000000  0.991799 0.744504 1 79 1.000000
0  -3.974179 10.991239 -12.641670  -1.000000 0.000000 0.000000  0.991799 0.744502 1 79 1.000000
lowpoly_metal
0  -3.678990 10.991239 -12.147791  1.000000 0.000000 0.000000  0.991826 0.744486 1 79 1.000000
0  -3.678990 11.028236 -11.972317  1.000000 0.000000 0.000000  0.991825 0.744484 1 79 1.000000
0  -3.678990 10.991239 -11.972317  1.000000 0.000000 0.000000  0.991824 0.744483 1 79 1.000000
lowpoly_metal
0  -3.735072 9.873217 -12.115412  0.992725 -0.120401 0.000000  0.942697 0.699403 1 79 1.000000
0  -3.749222 9.756554 -12.012866  0.992725 -0.120401 0.000000  0.942697 0.699403 1 79 1.000000
0  -3.749222 9.756554 -12.107243  0.992725 -0.120401 0.000000  0.942697 0.699402 1 79 1.000000
lowpoly_metal
0  -3.822213 9.756553 -12.459557  -0.482004 -0.265705 0.834909  0.942695 0.699403 1 79 1.000000
0  -3.874474 9.661907 -12.523760  -0.505279 -0.299049 0.809484  0.942695 0.699402 1 79 1.000000
0  -3.822213 9.661907 -12.493587  -0.471464 -0.332881 0.816647  0.942695 0.699403 1 79 1.000000
lowpoly_metal
0  -3.830955 9.873217 -12.170769  0.496362 -0.120404 -0.859725  0.942697 0.699403 1 79 1.000000
0  -3.749222 9.756554 -12.107243  0.496362 -0.120404 -0.859725  0.942697 0.699402 1 79 1.000000
0  -3.830955 9.756553 -12.154430  0.496362 -0.120404 -0.859725  0.942697 0.699403 1 79 1.000000
lowpoly_metal
0  -3.830955 10.918665 -11.887821  0.401769 0.595283 0.695859  0.991823 0.744478 1 79 1.000000
0  -3.703935 10.948547 -11.986719  0.401769 0.595283 0.695859  0.991824 0.744480 1 79 1.000000
0  -3.830955 10.948547 -11.913384  0.401769 0.595283 0.695859  0.991823 0.744479 1 79 1.000000
lowpoly_metal
0  -3.944590 9.873217 -12.441747  0.496376 -0.120406 -0.859717  0.942696 0.699409 1 79 1.000000
0  -3.862858 9.756554 -12.378220  0.496376 -0.120406 -0.859717  0.942696 0.699410 1 79 1.000000
0  -3.944590 9.756553 -12.425407  0.496376 -0.120406 -0.859717  0.942696 0.699410 1 79 1.000000
lowpoly_metal
0  -3.822213 10.158391 -12.381700  0.465708 -0.363916 0.806648  0.991795 0.744446 1 79 1.000000
0  -3.721760 10.033733 -12.495935  0.465708 -0.363916 0.806648  0.991794 0.744442 1 79 1.000000
0  -3.673055 10.158392 -12.467815  0.465708 -0.363916 0.806648  0.991795 0.744446 1 79 1.000000
lowpoly_metal
0  -3.830955 10.918665 -11.887821  0.499997 0.000000 0.866027  0.991823 0.744478 1 79 1.000000
0  -3.681796 10.158392 -11.973937  0.499997 0.000000 0.866027  0.991821 0.744438 1 79 1.000000
0  -3.681797 10.918664 -11.973937  0.499997 0.000000 0.866027  0.991824 0.744478 1 79 1.000000
lowpoly_metal
0  -3.944590 10.033733 -12.447025  -0.499993 0.000000 -0.866030  0.991809 0.744480 1 79 1.000000
0  -4.045043 9.873217 -12.389029  -0.499993 0.000000 -0.866030  0.991807 0.744487 1 79 1.000000
0  -4.045043 10.033733 -12.389029  -0.499993 0.000000 -0.866030  0.991808 0.744479 1 79 1.000000
lowpoly_metal
0  -3.830955 11.028236 -12.148621  -0.500005 0.000000 0.866022  0.991824 0.744495 1 79 1.000000
0  -3.754255 11.000902 -12.104337  -0.500005 0.000000 0.866022  0.991824 0.744489 1 79 1.000000
0  -3.754255 11.028236 -12.104337  -0.500005 0.000000 0.866022  0.991824 0.744489 1 79 1.000000
lowpoly_metal
0  -3.762142 11.000902 -12.099783  1.000000 0.000000 0.000000  0.200931 0.194573 1 79 1.000000
0  -3.762142 11.025959 -12.020325  1.000000 0.000000 0.000000  0.200931 0.194573 1 79 1.000000
0  -3.762142 11.000902 -12.020325  1.000000 0.000000 0.000000  0.200931 0.194573 1 79 1.000000
lowpoly_metal
0  -3.949234 10.948547 -12.480598  -1.000000 0.000000 0.000000  0.991799 0.744500 1 79 1.000000
0  -3.949234 10.991238 -12.627268  -1.000000 0.000000 0.000000  0.991798 0.744500 1 79 1.000000
0  -3.949234 10.948547 -12.627268  -1.000000 0.000000 0.000000  0.991798 0.744498 1 79 1.000000
lowpoly_metal
0  -3.957975 10.948547 -11.986719  -1.000000 0.000000 0.000000  0.991823 0.744480 1 79 1.000000
0  -3.957975 10.991239 -12.133389  -1.000000 0.000000 0.000000  0.991823 0.744484 1 79 1.000000
0  -3.957975 10.948547 -12.133389  -1.000000 0.000000 0.000000  0.991823 0.744482 1 79 1.000000
lowpoly_metal
0  -3.822214 10.918664 -12.381700  0.500000 0.000001 0.866026  0.991798 0.744498 1 79 1.000000
0  -3.673055 10.158392 -12.467815  0.500000 0.000001 0.866026  0.991795 0.744446 1 79 1.000000
0  -3.673056 10.918664 -12.467815  0.500000 0.000001 0.866026  0.991798 0.744497 1 79 1.000000
lowpoly_metal
0  -3.931407 10.033733 -12.118051  -0.499995 0.000000 -0.866028  0.991821 0.744435 1 79 1.000000
0  -3.830955 9.873217 -12.176047  -0.499995 0.000000 -0.866028  0.991822 0.744428 1 79 1.000000
0  -3.931407 9.873217 -12.118051  -0.499995 0.000000 -0.866028  0.991822 0.744429 1 79 1.000000
lowpoly_metal
0  -3.899768 11.000902 -12.020325  -1.000000 0.000000 0.000000  0.200931 0.194573 1 79 1.000000
0  -3.899768 11.025959 -12.099783  -1.000000 0.000000 0.000000  0.200931 0.194573 1 79 1.000000
0  -3.899768 11.000902 -12.099783  -1.000000 0.000000 0.000000  0.200931 0.194573 1 79 1.000000
lowpoly_metal
0  -3.830955 10.991239 -12.235528  0.499998 0.000000 -0.866027  0.991825 0.744498 1 79 1.000000
0  -3.678990 11.028236 -12.147791  0.499998 0.000000 -0.866027  0.991826 0.744487 1 79 1.000000
0  -3.678990 10.991239 -12.147791  0.499998 0.000000 -0.866027  0.991826 0.744486 1 79 1.000000
lowpoly_metal
0  -3.980113 10.158391 -11.973937  -0.499987 -0.000000 0.866033  0.991821 0.744438 1 79 1.000000
0  -3.830955 10.918665 -11.887821  -0.499987 -0.000000 0.866033  0.991823 0.744478 1 79 1.000000
0  -3.980113 10.918664 -11.973937  -0.499987 -0.000000 0.866033  0.991823 0.744478 1 79 1.000000
lowpoly_metal
0  -3.822213 10.158391 -12.726166  0.465719 -0.363922 -0.806639  0.991795 0.744446 1 79 1.000000
0  -3.721760 10.033733 -12.611929  0.465719 -0.363922 -0.806639  0.991794 0.744442 1 79 1.000000
0  -3.822213 10.033733 -12.669926  0.465719 -0.363922 -0.806639  0.991794 0.744441 1 79 1.000000
lowpoly_metal
0  -3.681797 10.918664 -12.146170  0.803522 0.595274 0.000000  0.991824 0.744480 1 79 1.000000
0  -3.703935 10.948547 -11.986719  0.803522 0.595274 0.000000  0.991824 0.744480 1 79 1.000000
0  -3.681797 10.918664 -11.973937  0.803522 0.595274 0.000000  0.991824 0.744478 1 79 1.000000
lowpoly_metal
0  -3.830955 11.028236 -11.971488  0.500005 0.000000 -0.866022  0.991824 0.744485 1 79 1.000000
0  -3.907655 11.000902 -12.015771  0.500005 0.000000 -0.866022  0.991824 0.744486 1 79 1.000000
0  -3.907655 11.028236 -12.015771  0.500005 0.000000 -0.866022  0.991824 0.744486 1 79 1.000000
lowpoly_metal
0  -3.891027 11.025959 -12.593661  0.000000 1.000000 0.000000  0.200926 0.194577 1 79 1.000000
0  -3.891027 11.025959 -12.514203  0.000000 1.000000 0.000000  0.200926 0.194578 1 79 1.000000
0  -3.822214 11.025959 -12.474474  0.000000 1.000000 0.000000  0.200926 0.194578 1 79 1.000000
lowpoly_metal
0  -3.907655 11.028236 -12.015771  1.000000 0.000000 0.000000  0.991824 0.744486 1 79 1.000000
0  -3.907655 11.000902 -12.104337  1.000000 0.000000 0.000000  0.991824 0.744489 1 79 1.000000
0  -3.907655 11.028236 -12.104337  1.000000 0.000000 0.000000  0.991824 0.744489 1 79 1.000000
lowpoly_metal
0  -3.944591 10.948547 -12.184362  -0.500007 0.000000 0.866021  0.991812 0.744426 1 79 1.000000
0  -4.071610 10.991239 -12.257697  -0.500007 0.000000 0.866021  0.991812 0.744424 1 79 1.000000
0  -4.071610 10.948547 -12.257697  -0.500007 0.000000 0.866021  0.991812 0.744426 1 79 1.000000
lowpoly_metal
0  -3.903945 9.756554 -12.601121  -0.964057 -0.265697 0.000003  0.942694 0.699403 1 79 1.000000
0  -3.874474 9.661907 -12.523760  -0.942972 -0.332872 -0.000009  0.942695 0.699402 1 79 1.000000
0  -3.903945 9.756554 -12.506744  -0.964057 -0.265697 -0.000000  0.942695 0.699403 1 79 1.000000
lowpoly_metal
0  -3.762142 11.000902 -12.099783  0.500009 0.000000 -0.866020  0.200931 0.194573 1 79 1.000000
0  -3.830955 11.025959 -12.139513  0.500009 0.000000 -0.866020  0.200931 0.194573 1 79 1.000000
0  -3.762142 11.025959 -12.099783  0.500009 0.000000 -0.866020  0.200931 0.194573 1 79 1.000000
lowpoly_metal
0  -3.912687 9.756554 -12.012866  -0.482016 -0.265704 0.834903  0.942697 0.699403 1 79 1.000000
0  -3.830955 9.661907 -11.999708  -0.471468 -0.332879 0.816645  0.942697 0.699403 1 79 1.000000
0  -3.830955 9.756554 -11.965677  -0.482014 -0.265703 0.834904  0.942697 0.699403 1 79 1.000000
lowpoly_metal
0  -3.944591 10.991239 -12.506506  0.499989 0.000000 -0.866032  0.991813 0.744419 1 79 1.000000
0  -3.792625 11.028236 -12.418769  0.499989 0.000000 -0.866032  0.991814 0.744409 1 79 1.000000
0  -3.792625 10.991238 -12.418769  0.499989 0.000000 -0.866032  0.991814 0.744413 1 79 1.000000
lowpoly_metal
0  -3.944591 10.991239 -12.506506  -0.000006 -1.000000 0.000000  0.991813 0.744419 1 79 1.000000
0  -3.792625 10.991238 -12.418769  -0.000006 -1.000000 0.000000  0.991814 0.744413 1 79 1.000000
0  -3.944591 10.991239 -12.477701  -0.000006 -1.000000 0.000000  0.991813 0.744421 1 79 1.000000
lowpoly_metal
0  -3.944591 10.918664 -12.158798  0.401761 0.595276 0.695870  0.991812 0.744428 1 79 1.000000
0  -3.817571 10.948547 -12.257697  0.401761 0.595276 0.695870  0.991812 0.744424 1 79 1.000000
0  -3.944591 10.948547 -12.184362  0.401761 0.595276 0.695870  0.991812 0.744426 1 79 1.000000
lowpoly_metal
0  -3.944591 11.028236 -12.242466  0.000000 1.000000 0.000000  0.991813 0.744417 1 79 1.000000
0  -3.944591 11.028236 -12.155558  0.000000 1.000000 0.000000  0.991812 0.744420 1 79 1.000000
0  -3.792625 11.028236 -12.243294  0.000000 1.000000 0.000000  0.991812 0.744416 1 79 1.000000
lowpoly_metal
0  -4.021291 11.028236 -12.375315  0.000000 1.000000 0.000000  0.991813 0.744417 1 79 1.000000
0  -3.944591 11.028236 -12.419598  0.000000 1.000000 0.000000  0.991813 0.744413 1 79 1.000000
0  -3.944591 11.028236 -12.506506  0.000000 1.000000 0.000000  0.991813 0.744416 1 79 1.000000
lowpoly_metal
0  -3.673055 10.158392 -12.467815  1.000000 0.000000 0.000000  0.991795 0.744446 1 79 1.000000
0  -3.673056 10.918664 -12.640049  1.000000 0.000000 0.000000  0.991798 0.744496 1 79 1.000000
0  -3.673056 10.918664 -12.467815  1.000000 0.000000 0.000000  0.991798 0.744497 1 79 1.000000
lowpoly_metal
0  -3.944590 10.158391 -12.503264  -0.499986 0.000000 -0.866034  0.991809 0.744475 1 79 1.000000
0  -4.093749 10.918664 -12.417149  -0.499986 0.000000 -0.866034  0.991812 0.744428 1 79 1.000000
0  -3.944591 10.918664 -12.503264  -0.499986 0.000000 -0.866034  0.991812 0.744427 1 79 1.000000
lowpoly_metal
0  -3.817571 10.948547 -12.257697  0.499978 0.000000 0.866038  0.991812 0.744424 1 79 1.000000
0  -3.944591 10.991238 -12.184362  0.499978 0.000000 0.866038  0.991812 0.744424 1 79 1.000000
0  -3.944591 10.948547 -12.184362  0.499978 0.000000 0.866038  0.991812 0.744426 1 79 1.000000
lowpoly_metal
0  -3.830955 10.991239 -11.884580  -0.500005 0.000000 0.866023  0.991824 0.744482 1 79 1.000000
0  -3.982920 11.028236 -11.972317  -0.500005 0.000000 0.866023  0.991823 0.744484 1 79 1.000000
0  -3.982920 10.991239 -11.972317  -0.500005 0.000000 0.866023  0.991823 0.744483 1 79 1.000000
lowpoly_metal
0  -3.922666 9.873217 -12.611929  0.000000 -1.000000 0.000000  0.991794 0.744433 1 79 1.000000
0  -3.822213 9.873217 -12.669926  0.000000 -1.000000 0.000000  0.991793 0.744434 1 79 1.000000
0  -3.822213 9.873217 -12.664648  0.000000 -1.000000 0.000000  0.991793 0.744431 1 79 1.000000
lowpoly_metal
0  -4.071610 10.948547 -12.257697  -1.000000 0.000000 0.000000  0.991812 0.744426 1 79 1.000000
0  -4.071610 10.991239 -12.404366  -1.000000 0.000000 0.000000  0.991813 0.744423 1 79 1.000000
0  -4.071610 10.948547 -12.404366  -1.000000 0.000000 0.000000  0.991812 0.744426 1 79 1.000000
lowpoly_metal
0  -3.944591 10.948547 -12.477701  0.500007 0.000000 -0.866021  0.991813 0.744424 1 79 1.000000
0  -3.817571 10.991239 -12.404366  0.500007 0.000000 -0.866021  0.991813 0.744418 1 79 1.000000
0  -3.817571 10.948547 -12.404366  0.500007 0.000000 -0.866021  0.991813 0.744422 1 79 1.000000
lowpoly_metal
0  -3.944591 11.025959 -12.251574  0.000000 1.000000 0.000000  0.200929 0.194558 1 79 1.000000
0  -3.875778 11.025959 -12.370760  0.000000 1.000000 0.000000  0.200929 0.194557 1 79 1.000000
0  -4.013404 11.025959 -12.370760  0.000000 1.000000 0.000000  0.200929 0.194558 1 79 1.000000
lowpoly_metal
0  -4.093748 10.158391 -12.417149  -1.000000 -0.000001 0.000000  0.991809 0.744475 1 79 1.000000
0  -4.093749 10.918664 -12.244915  -1.000000 -0.000001 0.000000  0.991812 0.744428 1 79 1.000000
0  -4.093749 10.918664 -12.417149  -1.000000 -0.000001 0.000000  0.991812 0.744428 1 79 1.000000
lowpoly_metal
0  -3.822213 9.873217 -12.443217  -0.496377 -0.120408 0.859716  0.942694 0.699404 1 79 1.000000
0  -3.903945 9.756554 -12.506744  -0.496377 -0.120408 0.859716  0.942695 0.699403 1 79 1.000000
0  -3.822213 9.756553 -12.459557  -0.496377 -0.120408 0.859716  0.942695 0.699403 1 79 1.000000
lowpoly_metal
0  -4.096556 10.991239 -12.243294  -1.000000 0.000000 0.000000  0.991813 0.744423 1 79 1.000000
0  -4.096556 11.028236 -12.418769  -1.000000 0.000000 0.000000  0.991813 0.744420 1 79 1.000000
0  -4.096556 10.991238 -12.418769  -1.000000 0.000000 0.000000  0.991813 0.744421 1 79 1.000000
lowpoly_metal
0  -3.971371 10.158391 -12.467815  -0.499998 -0.000000 0.866027  0.991795 0.744446 1 79 1.000000
0  -3.822214 10.918664 -12.381700  -0.499998 -0.000000 0.866027  0.991798 0.744498 1 79 1.000000
0  -3.971372 10.918664 -12.467815  -0.499998 -0.000000 0.866027  0.991798 0.744497 1 79 1.000000
lowpoly_metal
0  -3.944590 10.158391 -12.503264  0.465720 -0.363917 -0.806641  0.991809 0.744475 1 79 1.000000
0  -3.844137 10.033733 -12.389029  0.465720 -0.363917 -0.806641  0.991809 0.744479 1 79 1.000000
0  -3.944590 10.033733 -12.447025  0.465720 -0.363917 -0.806641  0.991809 0.744480 1 79 1.000000
lowpoly_metal
0  -3.754255 11.028236 -12.104337  -1.000000 0.000000 0.000000  0.991824 0.744489 1 79 1.000000
0  -3.754255 11.000902 -12.015771  -1.000000 0.000000 0.000000  0.991824 0.744486 1 79 1.000000
0  -3.754255 11.028236 -12.015771  -1.000000 0.000000 0.000000  0.991824 0.744486 1 79 1.000000
lowpoly_metal
0  -3.944590 9.873217 -12.215038  0.000000 -1.000000 0.000000  0.991808 0.744485 1 79 1.000000
0  -4.040473 9.873217 -12.275673  0.000000 -1.000000 0.000000  0.991807 0.744488 1 79 1.000000
0  -3.944590 9.873217 -12.220316  0.000000 -1.000000 0.000000  0.991808 0.744487 1 79 1.000000
lowpoly_metal
0  -3.830955 11.000902 -11.980596  -0.500009 0.000000 0.866020  0.200931 0.194572 1 79 1.000000
0  -3.899768 11.025959 -12.020325  -0.500009 0.000000 0.866020  0.200931 0.194573 1 79 1.000000
0  -3.899768 11.000902 -12.020325  -0.500009 0.000000 0.866020  0.200931 0.194573 1 79 1.000000
lowpoly_metal
0  -3.762142 11.000902 -12.099783  0.000000 1.000000 0.000000  0.991825 0.744489 1 79 1.000000
0  -3.754255 11.000902 -12.104337  0.000000 1.000000 0.000000  0.991824 0.744489 1 79 1.000000
0  -3.830955 11.000902 -12.148619  0.000000 1.000000 0.000000  0.991824 0.744493 1 79 1.000000
lowpoly_metal
0  -4.093748 10.158391 -12.417149  -0.931433 -0.363912 0.000000  0.991809 0.744475 1 79 1.000000
0  -4.045043 10.033733 -12.273035  -0.931433 -0.363912 0.000000  0.991808 0.744479 1 79 1.000000
0  -4.093748 10.158391 -12.244915  -0.931433 -0.363912 0.000000  0.991809 0.744475 1 79 1.000000
lowpoly_metal
0  -3.822214 10.991239 -12.378458  -0.499991 0.000000 0.866031  0.991799 0.744511 1 79 1.000000
0  -3.974179 11.028236 -12.466195  -0.499991 0.000000 0.866031  0.991799 0.744508 1 79 1.000000
0  -3.974179 10.991239 -12.466195  -0.499991 0.000000 0.866031  0.991799 0.744506 1 79 1.000000
lowpoly_metal
0  -3.830955 9.756553 -12.154430  0.482038 -0.265709 -0.834888  0.942697 0.699403 1 79 1.000000
0  -3.778693 9.661907 -12.090227  0.505309 -0.299047 -0.809465  0.942697 0.699401 1 79 1.000000
0  -3.830955 9.661907 -12.120399  0.471498 -0.332884 -0.816626  0.942698 0.699402 1 79 1.000000
lowpoly_metal
0  -3.944590 10.033733 -12.215038  -0.499995 0.000000 0.866028  0.991809 0.744479 1 79 1.000000
0  -4.045043 9.873217 -12.273035  -0.499995 0.000000 0.866028  0.991807 0.744485 1 79 1.000000
0  -3.944590 9.873217 -12.215038  -0.499995 0.000000 0.866028  0.991808 0.744485 1 79 1.000000
lowpoly_metal
0  -3.926837 9.873217 -12.115412  -0.992724 -0.120416 0.000000  0.942697 0.699403 1 79 1.000000
0  -3.912687 9.756554 -12.012866  -0.992724 -0.120416 0.000000  0.942697 0.699403 1 79 1.000000
0  -3.926837 9.873217 -12.004696  -0.992724 -0.120416 0.000000  0.942697 0.699403 1 79 1.000000
lowpoly_metal
0  -3.795433 10.918664 -12.417149  0.803532 0.595262 0.000000  0.991812 0.744426 1 79 1.000000
0  -3.817571 10.948547 -12.257697  0.803532 0.595262 0.000000  0.991812 0.744424 1 79 1.000000
0  -3.795433 10.918664 -12.244915  0.803532 0.595262 0.000000  0.991812 0.744427 1 79 1.000000
lowpoly_metal
0  -3.944590 9.756553 -12.425407  -0.482039 -0.265700 -0.834890  0.942696 0.699410 1 79 1.000000
0  -3.996851 9.661907 -12.361204  -0.471492 -0.332876 -0.816633  0.942695 0.699411 1 79 1.000000
0  -4.026322 9.756554 -12.378220  -0.482036 -0.265700 -0.834892  0.942696 0.699410 1 79 1.000000
lowpoly_metal
0  -4.045043 10.033733 -12.273035  -1.000000 0.000000 0.000000  0.991808 0.744479 1 79 1.000000
0  -4.045043 9.873217 -12.389029  -1.000000 0.000000 0.000000  0.991807 0.744487 1 79 1.000000
0  -4.045043 9.873217 -12.273035  -1.000000 0.000000 0.000000  0.991807 0.744485 1 79 1.000000
lowpoly_metal
0  -3.944591 11.000902 -12.251574  -0.500013 -0.000028 0.866018  0.200929 0.194558 1 79 1.000000
0  -4.013404 11.025959 -12.291302  -0.500013 -0.000028 0.866018  0.200929 0.194558 1 79 1.000000
0  -4.013404 11.000902 -12.291303  -0.500013 -0.000028 0.866018  0.200929 0.194558 1 79 1.000000
lowpoly_metal
0  -3.944591 10.918664 -12.158798  -0.401764 0.595291 0.695855  0.991812 0.744428 1 79 1.000000
0  -4.071610 10.948547 -12.257697  -0.401764 0.595291 0.695855  0.991812 0.744426 1 79 1.000000
0  -4.093749 10.918664 -12.244915  -0.401764 0.595291 0.695855  0.991812 0.744428 1 79 1.000000
lowpoly_metal
0  -3.944590 10.158391 -12.503264  -0.465713 -0.363920 -0.806643  0.991809 0.744475 1 79 1.000000
0  -4.045043 10.033733 -12.389029  -0.465713 -0.363920 -0.806643  0.991808 0.744479 1 79 1.000000
0  -4.093748 10.158391 -12.417149  -0.465713 -0.363920 -0.806643  0.991809 0.744475 1 79 1.000000
lowpoly_plastic
0  -3.654411 -6.559115 -13.422601  0.004624 -0.216259 -0.976325  0.863264 0.820637 1 72 1.000000
0  -3.867668 -6.521670 -13.431067  0.002198 -0.226328 -0.974049  0.863264 0.820637 1 72 1.000000
0  -3.626559 -6.533345 -13.428428  -0.006368 -0.220231 -0.975427  0.863264 0.820637 1 72 1.000000
lowpoly_plastic
0  -3.334465 -6.087096 -10.406671  1.000000 0.000000 -0.000000  0.005476 0.761164 1 72 1.000000
0  -3.334464 -7.354600 -10.225001  1.000000 0.000000 -0.000000  0.005476 0.761164 1 72 1.000000
0  -3.334464 -7.449031 -10.406670  1.000000 0.000000 -0.000000  0.005476 0.761164 1 72 1.000000
lowpoly_plastic
0  -3.334464 -7.449031 -10.406670  0.000000 -1.000000 -0.000010  0.005476 0.761164 1 72 1.000000
0  -4.400871 -7.449031 -10.493556  0.000000 -1.000000 -0.000010  0.005476 0.761164 1 72 1.000000
0  -3.334464 -7.449031 -10.493556  0.000000 -1.000000 -0.000010  0.005476 0.761164 1 72 1.000000
lowpoly_plastic
0  -3.334465 10.910908 -16.414185  1.000000 0.000000 -0.000000  0.005476 0.761164 1 79 1.000000
0  -3.334464 9.643403 -16.232515  1.000000 0.000000 -0.000000  0.005476 0.761164 1 79 1.000000
0  -3.334464 9.548971 -16.414185  1.000000 0.000000 -0.000000  0.005476 0.761164 1 79 1.000000
lowpoly_plastic
0  -4.116385 -8.290636 -13.046293  0.000000 -0.974276 0.225356  0.008576 0.748762 1 72 1.000000
0  -4.062507 -8.419815 -13.598858  0.000000 -0.973744 0.227644  0.008576 0.748762 1 72 1.000000
0  -4.062507 -8.290636 -13.046293  0.000000 -0.973744 0.227644  0.008576 0.748762 1 72 1.000000
lowpoly_plastic
0  -3.334464 -7.354600 -10.225001  0.000001 -0.887291 0.461211  0.005476 0.761164 1 72 1.000000
0  -4.400871 -7.449032 -10.406670  0.000001 -0.887291 0.461211  0.005476 0.761164 1 72 1.000000
0  -3.334464 -7.449031 -10.406670  0.000001 -0.887291 0.461211  0.005476 0.761164 1 72 1.000000
lowpoly_plastic
0  -3.334465 10.910908 -16.414185  1.000000 0.000001 0.000000  0.005476 0.761164 1 79 1.000000
0  -3.334464 9.548972 -16.501070  1.000000 0.000001 0.000000  0.005476 0.761164 1 79 1.000000
0  -3.334465 10.910908 -16.501070  1.000000 0.000001 0.000000  0.005476 0.761164 1 79 1.000000
lowpoly_plastic
0  -4.400872 10.910907 -16.414185  0.000000 1.000000 0.000000  0.005476 0.761164 1 79 1.000000
0  -3.334465 10.910908 -16.501070  0.000000 1.000000 0.000000  0.005476 0.761164 1 79 1.000000
0  -4.400872 10.910908 -16.501070  0.000000 1.000000 0.000000  0.005476 0.761164 1 79 1.000000
lowpoly_plastic
0  -3.334464 9.548971 -16.414185  0.000001 -1.000000 0.000000  0.005476 0.761164 1 79 1.000000
0  -4.400871 9.548971 -16.501070  0.000001 -1.000000 0.000000  0.005476 0.761164 1 79 1.000000
0  -3.334464 9.548972 -16.501070  0.000001 -1.000000 0.000000  0.005476 0.761164 1 79 1.000000
lowpoly_plastic
0  -3.334465 -6.087096 -10.406671  1.000000 0.000001 0.000000  0.005476 0.761164 1 72 1.000000
0  -3.334464 -7.449031 -10.493556  1.000000 0.000001 0.000000  0.005476 0.761164 1 72 1.000000
0  -3.334465 -6.087095 -10.493556  1.000000 0.000001 0.000000  0.005476 0.761164 1 72 1.000000
lowpoly_plastic
0  -3.867668 10.331635 -19.873455  0.000000 0.184589 0.982816  0.005476 0.761164 1 79 1.000000
0  -3.434870 8.644011 -19.556492  0.000000 0.184589 0.982816  0.005476 0.761164 1 79 1.000000
0  -3.434870 10.331635 -19.873455  0.000000 0.184589 0.982816  0.005476 0.761164 1 79 1.000000
lowpoly_plastic
0  -3.434870 10.290794 -20.063068  0.000000 -0.184587 -0.982816  0.005476 0.761164 1 79 1.000000
0  -3.867668 8.377992 -19.703815  0.000000 -0.184587 -0.982816  0.005476 0.761164 1 79 1.000000
0  -3.867668 10.290794 -20.063068  0.000000 -0.184587 -0.982816  0.005476 0.761164 1 79 1.000000
lowpoly_plastic
0  -3.462424 -6.831200 -13.889168  0.000000 -0.179766 -0.983709  0.008576 0.748762 1 72 1.000000
0  -3.550210 -7.799085 -13.712293  0.000000 -0.179766 -0.983709  0.008576 0.748762 1 72 1.000000
0  -3.550210 -6.831200 -13.889168  0.000000 -0.179766 -0.983709  0.008576 0.748762 1 72 1.000000
lowpoly_plastic
0  -4.300466 -6.666369 -13.865940  -0.000003 0.977580 -0.210566  0.005476 0.761164 1 72 1.000000
0  -3.867668 -6.707209 -14.055555  -0.000003 0.977580 -0.210566  0.005476 0.761164 1 72 1.000000
0  -4.300466 -6.707210 -14.055554  -0.000003 0.977580 -0.210566  0.005476 0.761164 1 72 1.000000
lowpoly_plastic
0  -3.462424 -7.257002 -11.388865  1.000000 0.000000 -0.000000  0.008576 0.748762 1 72 1.000000
0  -3.462424 -7.566033 -10.187455  1.000000 0.000000 -0.000000  0.008576 0.748762 1 72 1.000000
0  -3.462424 -7.702026 -11.344817  1.000000 0.000000 -0.000000  0.008576 0.748762 1 72 1.000000
lowpoly_plastic
0  -4.272913 -6.714375 -13.395756  -1.000000 0.000002 0.000000  0.008576 0.748762 1 72 1.000000
0  -4.272913 -6.766057 -13.901073  -1.000000 0.000002 0.000000  0.008576 0.748762 1 72 1.000000
0  -4.272913 -6.831200 -13.889168  -1.000000 0.000002 0.000000  0.008576 0.748762 1 72 1.000000
lowpoly_plastic
0  -3.867668 -6.666368 -13.865941  0.000000 0.184588 0.982816  0.005476 0.761164 1 72 1.000000
0  -3.434870 -8.353992 -13.548979  0.000000 0.184588 0.982816  0.005476 0.761164 1 72 1.000000
0  -3.434870 -6.666368 -13.865941  0.000000 0.184588 0.982816  0.005476 0.761164 1 72 1.000000
lowpoly_plastic
0  -3.434870 8.603170 -19.746105  0.000000 -0.184576 -0.982818  0.005476 0.761164 1 79 1.000000
0  -3.687268 8.377992 -19.703815  0.000000 -0.184576 -0.982818  0.005476 0.761164 1 79 1.000000
0  -3.867668 8.377992 -19.703815  0.000000 -0.184576 -0.982818  0.005476 0.761164 1 79 1.000000
lowpoly_plastic
0  -3.654411 -6.831200 -13.889168  0.000000 -0.179767 -0.983709  0.008576 0.748762 1 72 1.000000
0  -3.867668 -7.799085 -13.712293  0.000000 -0.179767 -0.983709  0.008576 0.748762 1 72 1.000000
0  -3.867668 -6.831200 -13.889168  0.000000 -0.179767 -0.983709  0.008576 0.748762 1 72 1.000000
lowpoly_plastic
0  -3.462424 -6.485390 -12.683177  0.000000 0.975876 -0.218326  0.008576 0.748762 1 72 1.000000
0  -3.550210 -6.218812 -11.491621  0.000000 0.975876 -0.218326  0.008576 0.748762 1 72 1.000000
0  -3.462424 -6.218812 -11.491621  0.000000 0.975876 -0.218326  0.008576 0.748762 1 72 1.000000
lowpoly_plastic
0  -4.300466 8.603169 -19.746105  -0.672001 -0.723949 0.155926  0.005476 0.761164 1 79 1.000000
0  -4.048068 8.418833 -19.514200  -0.672001 -0.723949 0.155926  0.005476 0.761164 1 79 1.000000
0  -4.300466 8.644011 -19.556492  -0.672001 -0.723949 0.155926  0.005476 0.761164 1 79 1.000000
lowpoly_plastic
0  -4.300466 -8.353992 -13.548979  -1.000000 0.000000 0.000000  0.005476 0.761164 1 72 1.000000
0  -4.300466 -6.707210 -14.055554  -1.000000 0.000000 0.000000  0.005476 0.761164 1 72 1.000000
0  -4.300466 -8.394834 -13.738592  -1.000000 0.000000 0.000000  0.005476 0.761164 1 72 1.000000
lowpoly_plastic
0  -3.462424 -7.954001 -12.408072  -0.016736 0.197094 0.980242  0.863264 0.820637 1 72 1.000000
0  -3.529856 -8.087552 -12.381836  -0.020761 0.204111 0.978728  0.863264 0.820637 1 72 1.000000
0  -3.426329 -7.966728 -12.405059  -0.021842 0.200322 0.979487  0.863264 0.820637 1 72 1.000000
lowpoly_plastic
0  -3.654411 -7.799085 -13.712293  0.000000 -0.179767 -0.983709  0.008576 0.748762 1 72 1.000000
0  -3.867668 -8.241897 -13.631371  0.000000 -0.179767 -0.983709  0.008576 0.748762 1 72 1.000000
0  -3.867668 -7.799085 -13.712293  0.000000 -0.179767 -0.983709  0.008576 0.748762 1 72 1.000000
lowpoly_plastic
0  -3.558851 -7.676901 -10.176373  0.754727 -0.652085 0.071920  0.008576 0.748762 1 72 1.000000
0  -3.618951 -7.641479 -9.156596  0.756184 -0.651024 0.065978  0.008576 0.748762 1 72 1.000000
0  -3.618951 -7.746001 -10.169467  0.753639 -0.653530 0.070197  0.008576 0.748762 1 72 1.000000
lowpoly_plastic
0  -4.176485 -7.676901 -10.176373  -0.757497 -0.648850 0.072052  0.008576 0.748762 1 72 1.000000
0  -4.272912 -7.702026 -11.344817  -0.755066 -0.651193 0.076315  0.008576 0.748762 1 72 1.000000
0  -4.176485 -7.812179 -11.333915  -0.755066 -0.651193 0.076315  0.008576 0.748762 1 72 1.000000
lowpoly_plastic
0  -3.462424 -7.702026 -11.344817  0.757325 -0.648650 0.075573  0.008576 0.748762 1 72 1.000000
0  -3.558851 -7.676901 -10.176373  0.754071 -0.652881 0.071573  0.008576 0.748762 1 72 1.000000
0  -3.558851 -7.812179 -11.333915  0.755061 -0.651198 0.076314  0.008576 0.748762 1 72 1.000000
lowpoly_plastic
0  -4.272912 -5.958225 -6.836811  -0.988524 0.000243 0.151062  0.008576 0.748762 1 72 1.000000
0  -4.166634 -5.993142 -6.141292  -0.988524 0.000243 0.151062  0.008576 0.748762 1 72 1.000000
0  -4.166634 -5.926921 -6.141189  -0.988524 0.000243 0.151062  0.008576 0.748762 1 72 1.000000
lowpoly_plastic
0  -3.654411 -6.675433 -13.913589  1.000000 -0.000005 0.000000  0.008576 0.748762 1 72 1.000000
0  -3.654411 -6.649740 -13.410086  1.000000 -0.000005 0.000000  0.008576 0.748762 1 72 1.000000
0  -3.654411 -6.766057 -13.901073  1.000000 -0.000005 0.000000  0.008576 0.748762 1 72 1.000000
lowpoly_plastic
0  -3.558851 -8.222855 -13.061320  0.756015 -0.638115 0.145778  0.008576 0.748762 1 72 1.000000
0  -3.462424 -8.241897 -13.631371  0.756046 -0.637292 0.149179  0.008576 0.748762 1 72 1.000000
0  -3.462424 -8.114102 -13.085431  0.754030 -0.640205 0.146888  0.008576 0.748762 1 72 1.000000
lowpoly_plastic
0  -3.550210 -5.984858 -9.175779  0.000000 0.997118 -0.075872  0.008576 0.748762 1 72 1.000000
0  -3.462424 -6.073191 -10.336664  0.000000 0.997118 -0.075872  0.008576 0.748762 1 72 1.000000
0  -3.550210 -6.073191 -10.336664  0.000000 0.997118 -0.075872  0.008576 0.748762 1 72 1.000000
lowpoly_plastic
0  -3.462424 -7.118120 -10.232224  1.000000 0.000000 0.000000  0.008576 0.748762 1 72 1.000000
0  -3.462424 -7.460626 -9.158661  1.000000 0.000000 0.000000  0.008576 0.748762 1 72 1.000000
0  -3.462424 -7.566033 -10.187455  1.000000 0.000000 0.000000  0.008576 0.748762 1 72 1.000000
lowpoly_plastic
0  -3.892274 -7.608063 -6.143806  0.000000 -0.999951 0.009933  0.008576 0.748762 1 72 1.000000
0  -3.998553 -7.614930 -6.834948  0.000233 -0.999946 0.010352  0.008576 0.748762 1 72 1.000000
0  -3.867667 -7.614930 -6.834948  0.000000 -0.999951 0.009933  0.008576 0.748762 1 72 1.000000
lowpoly_plastic
0  -4.080925 -8.241897 -13.631371  0.000000 -0.179767 -0.983709  0.008576 0.748762 1 72 1.000000
0  -4.185127 -7.799085 -13.712293  0.000000 -0.179767 -0.983709  0.008576 0.748762 1 72 1.000000
0  -4.080925 -7.799085 -13.712293  0.000000 -0.179767 -0.983709  0.008576 0.748762 1 72 1.000000
lowpoly_plastic
0  -4.062506 -7.746001 -10.169467  0.000000 -0.993286 0.115688  0.008576 0.748762 1 72 1.000000
0  -4.116385 -7.880834 -11.327120  0.000000 -0.993286 0.115688  0.008576 0.748762 1 72 1.000000
0  -4.062507 -7.880834 -11.327120  0.000000 -0.993286 0.115688  0.008576 0.748762 1 72 1.000000
lowpoly_plastic
0  -4.080925 -6.559115 -13.422601  0.086231 -0.134921 -0.987097  0.863264 0.820637 1 72 1.000000
0  -4.107306 -6.622536 -13.416237  0.086231 -0.134921 -0.987097  0.863264 0.820637 1 72 1.000000
0  -4.108778 -6.533345 -13.428428  0.086231 -0.134921 -0.987097  0.863264 0.820637 1 72 1.000000
lowpoly_plastic
0  -3.760689 -5.836295 -6.153706  0.000000 0.136812 0.990597  0.008576 0.748762 1 72 1.000000
0  -3.867667 -5.926921 -6.141189  0.000000 0.136812 0.990597  0.008576 0.748762 1 72 1.000000
0  -3.760689 -5.926921 -6.141189  0.000000 0.136812 0.990597  0.008576 0.748762 1 72 1.000000
lowpoly_plastic
0  -3.334464 9.548972 -16.501070  0.000000 0.000000 -1.000000  0.005476 0.761164 1 79 1.000000
0  -4.400872 10.910908 -16.501070  0.000000 0.000000 -1.000000  0.005476 0.761164 1 79 1.000000
0  -3.334465 10.910908 -16.501070  0.000000 0.000000 -1.000000  0.005476 0.761164 1 79 1.000000
lowpoly_plastic
0  -3.672829 -8.131048 -12.374907  0.000000 -0.972650 0.232274  0.008576 0.748762 1 72 1.000000
0  -3.618951 -7.880834 -11.327120  0.000000 -0.972650 0.232274  0.008576 0.748762 1 72 1.000000
0  -3.672829 -7.880834 -11.327120  0.000000 -0.972650 0.232274  0.008576 0.748762 1 72 1.000000
lowpoly_plastic
0  -4.080925 -5.993142 -6.808359  0.000000 -1.000000 0.000001  0.008576 0.748762 1 72 1.000000
0  -3.867668 -5.993142 -8.335141  0.000000 -1.000000 0.000001  0.008576 0.748762 1 72 1.000000
0  -3.867667 -5.993142 -6.808359  0.000000 -1.000000 0.000001  0.008576 0.748762 1 72 1.000000
lowpoly_plastic
0  -3.654411 -6.073191 -10.336664  1.000000 0.000006 0.000000  0.008576 0.748762 1 72 1.000000
0  -3.654411 -5.894232 -9.188294  1.000000 0.000006 0.000000  0.008576 0.748762 1 72 1.000000
0  -3.654411 -5.984858 -9.175779  1.000000 0.000006 0.000000  0.008576 0.748762 1 72 1.000000
lowpoly_plastic
0  -3.672829 -7.641479 -9.156596  0.000000 -0.994718 0.102649  0.008576 0.748762 1 72 1.000000
0  -3.736782 -7.746001 -10.169467  0.000000 -0.994718 0.102649  0.008576 0.748762 1 72 1.000000
0  -3.672829 -7.746001 -10.169467  0.000000 -0.994718 0.102649  0.008576 0.748762 1 72 1.000000
lowpoly_plastic
0  -3.867667 -5.867599 -6.849327  0.000000 0.998989 -0.044955  0.008576 0.748762 1 72 1.000000
0  -3.760689 -5.836295 -6.153706  0.000000 0.998989 -0.044955  0.008576 0.748762 1 72 1.000000
0  -3.654410 -5.867599 -6.849327  0.000000 0.998989 -0.044955  0.008576 0.748762 1 72 1.000000
lowpoly_plastic
0  -4.185126 -5.993142 -6.808359  0.000000 -1.000000 0.000001  0.008576 0.748762 1 72 1.000000
0  -4.080925 -5.993142 -8.335141  0.000000 -1.000000 0.000001  0.008576 0.748762 1 72 1.000000
0  -4.080925 -5.993142 -6.808359  0.000000 -1.000000 0.000001  0.008576 0.748762 1 72 1.000000
lowpoly_plastic
0  -4.185127 -6.649740 -13.410086  0.000000 0.973066 -0.230526  0.008576 0.748762 1 72 1.000000
0  -4.272913 -6.766057 -13.901073  0.000000 0.973066 -0.230526  0.008576 0.748762 1 72 1.000000
0  -4.272913 -6.649740 -13.410086  0.006376 0.973046 -0.230521  0.008576 0.748762 1 72 1.000000
lowpoly_plastic
0  -4.272913 -7.674734 -13.182840  -1.000000 0.000000 0.000000  0.008576 0.748762 1 72 1.000000
0  -4.272913 -6.831200 -13.889168  -1.000000 0.000000 0.000000  0.008576 0.748762 1 72 1.000000
0  -4.272913 -7.799085 -13.712293  -1.000000 0.000000 0.000000  0.008576 0.748762 1 72 1.000000
lowpoly_plastic
0  -3.550210 -6.649740 -13.410086  0.000020 -0.220522 -0.975382  0.863264 0.820637 1 72 1.000000
0  -3.628031 -6.622536 -13.416237  -0.003143 -0.225918 -0.974141  0.863264 0.820637 1 72 1.000000
0  -3.550210 -6.612295 -13.418551  0.000020 -0.220522 -0.975382  0.863264 0.820637 1 72 1.000000
lowpoly_plastic
0  -4.272912 -7.118120 -10.232224  -1.000000 0.000000 0.000000  0.008576 0.748762 1 72 1.000000
0  -4.272913 -6.284280 -11.485139  -1.000000 0.000000 0.000000  0.008576 0.748762 1 72 1.000000
0  -4.272912 -7.257002 -11.388865  -1.000000 0.000000 0.000000  0.008576 0.748762 1 72 1.000000
lowpoly_plastic
0  -3.867667 -7.538619 -6.143699  0.000000 -0.001552 0.999999  0.008576 0.748762 1 72 1.000000
0  -3.892274 -7.608063 -6.143806  0.000000 -0.001552 0.999999  0.008576 0.748762 1 72 1.000000
0  -3.867667 -7.608063 -6.143806  0.000000 -0.001552 0.999999  0.008576 0.748762 1 72 1.000000
lowpoly_plastic
0  -3.558851 -7.812179 -11.333915  0.756034 -0.649914 0.077625  0.008576 0.748762 1 72 1.000000
0  -3.618951 -7.746001 -10.169467  0.756893 -0.649279 0.074506  0.008576 0.748762 1 72 1.000000
0  -3.618951 -7.880834 -11.327120  0.753966 -0.652502 0.075997  0.008576 0.748762 1 72 1.000000
lowpoly_plastic
0  -4.109588 -8.351501 -13.611342  0.000000 -0.179760 -0.983710  0.008576 0.748762 1 72 1.000000
0  -4.185127 -8.241897 -13.631371  0.000000 -0.179760 -0.983710  0.008576 0.748762 1 72 1.000000
0  -4.080925 -8.241897 -13.631371  0.000000 -0.179760 -0.983710  0.008576 0.748762 1 72 1.000000
lowpoly_plastic
0  -3.736782 -7.880834 -11.327120  0.000000 -0.993286 0.115688  0.008576 0.748762 1 72 1.000000
0  -3.867668 -7.746001 -10.169467  0.000000 -0.993286 0.115688  0.008576 0.748762 1 72 1.000000
0  -3.867668 -7.880834 -11.327120  0.000000 -0.993286 0.115688  0.008576 0.748762 1 72 1.000000
lowpoly_plastic
0  -4.185127 -6.831200 -13.889168  0.000000 -0.179782 -0.983706  0.008576 0.748762 1 72 1.000000
0  -4.272913 -6.766057 -13.901073  0.000000 -0.179782 -0.983706  0.008576 0.748762 1 72 1.000000
0  -4.185127 -6.766057 -13.901073  0.000000 -0.179782 -0.983706  0.008576 0.748762 1 72 1.000000
lowpoly_plastic
0  -3.550210 -6.485390 -12.683177  0.000000 0.975876 -0.218325  0.008576 0.748762 1 72 1.000000
0  -3.654411 -6.218812 -11.491621  0.000000 0.975876 -0.218325  0.008576 0.748762 1 72 1.000000
0  -3.550210 -6.218812 -11.491621  0.000000 0.975876 -0.218325  0.008576 0.748762 1 72 1.000000
lowpoly_plastic
0  -3.732026 -7.538619 -6.143699  0.000000 -0.001552 0.999999  0.008576 0.748762 1 72 1.000000
0  -3.779107 -7.608063 -6.143806  0.000000 -0.001552 0.999999  0.008576 0.748762 1 72 1.000000
0  -3.725228 -7.608063 -6.143806  0.000000 -0.001552 0.999999  0.008576 0.748762 1 72 1.000000
lowpoly_plastic
0  -3.654411 -6.394765 -12.695693  0.000000 0.975876 -0.218324  0.008576 0.748762 1 72 1.000000
0  -3.867668 -6.128187 -11.504136  0.000000 0.975876 -0.218324  0.008576 0.748762 1 72 1.000000
0  -3.654411 -6.128187 -11.504136  0.000000 0.975876 -0.218324  0.008576 0.748762 1 72 1.000000
lowpoly_plastic
0  -4.062507 -8.290636 -13.046293  0.000000 -0.973745 0.227641  0.008576 0.748762 1 72 1.000000
0  -3.998554 -8.419815 -13.598858  0.000000 -0.973745 0.227641  0.008576 0.748762 1 72 1.000000
0  -3.998554 -8.290636 -13.046293  0.000000 -0.973745 0.227641  0.008576 0.748762 1 72 1.000000
lowpoly_plastic
0  -4.185127 -8.241897 -13.631371  0.000000 -0.179768 -0.983709  0.008576 0.748762 1 72 1.000000
0  -4.272913 -7.799085 -13.712293  0.000000 -0.179768 -0.983709  0.008576 0.748762 1 72 1.000000
0  -4.185127 -7.799085 -13.712293  0.000000 -0.179768 -0.983709  0.008576 0.748762 1 72 1.000000
lowpoly_plastic
0  -3.334465 -6.087096 -10.225001  0.000000 0.000000 1.000000  0.005476 0.761164 1 72 1.000000
0  -4.400871 -7.354600 -10.225001  0.000000 0.000000 1.000000  0.005476 0.761164 1 72 1.000000
0  -3.334464 -7.354600 -10.225001  0.000000 0.000000 1.000000  0.005476 0.761164 1 72 1.000000
lowpoly_plastic
0  -3.654410 -5.993142 -6.808359  0.000000 -1.000000 0.000000  0.008576 0.748762 1 72 1.000000
0  -3.656487 -5.993142 -6.141292  0.000000 -1.000000 0.000000  0.008576 0.748762 1 72 1.000000
0  -3.760689 -5.993142 -6.141292  0.000000 -1.000000 0.000000  0.008576 0.748762 1 72 1.000000
lowpoly_plastic
0  -4.078847 -6.977054 -6.142824  0.987545 0.000245 -0.157338  0.008576 0.748762 1 72 1.000000
0  -4.185126 -5.993142 -6.808359  0.987545 0.000245 -0.157338  0.008576 0.748762 1 72 1.000000
0  -4.078847 -5.993142 -6.141292  0.987545 0.000245 -0.157338  0.008576 0.748762 1 72 1.000000
lowpoly_plastic
0  -3.867667 -5.993142 -6.808359  0.000000 -1.000000 0.000000  0.008576 0.748762 1 72 1.000000
0  -3.760689 -5.993142 -6.141292  0.000000 -1.000000 0.000000  0.008576 0.748762 1 72 1.000000
0  -3.867667 -5.993142 -6.141292  0.000000 -1.000000 0.000000  0.008576 0.748762 1 72 1.000000
lowpoly_plastic
0  -3.558851 -7.572039 -9.157390  0.756154 -0.654350 0.007483  0.008576 0.748762 1 72 1.000000
0  -3.618950 -7.614930 -6.834948  0.756154 -0.654350 0.007483  0.008576 0.748762 1 72 1.000000
0  -3.618951 -7.641479 -9.156596  0.756154 -0.654350 0.007483  0.008576 0.748762 1 72 1.000000
lowpoly_plastic
0  -4.272912 -5.984858 -9.175779  -1.000000 -0.000000 0.000000  0.008576 0.748762 1 72 1.000000
0  -4.272912 -6.000030 -6.836738  -1.000000 -0.000000 0.000000  0.008576 0.748762 1 72 1.000000
0  -4.272912 -5.958225 -6.836811  -1.000000 -0.000000 0.000000  0.008576 0.748762 1 72 1.000000
lowpoly_plastic
0  -3.654411 -5.993142 -8.335141  0.000000 -1.000000 0.000001  0.008576 0.748762 1 72 1.000000
0  -3.550209 -5.993142 -6.808359  0.000000 -1.000000 0.000001  0.008576 0.748762 1 72 1.000000
0  -3.654410 -5.993142 -6.808359  0.000000 -1.000000 0.000001  0.008576 0.748762 1 72 1.000000
lowpoly_plastic
0  -3.334464 -7.449031 -10.493556  0.000000 0.000000 -1.000000  0.005476 0.761164 1 72 1.000000
0  -4.400872 -6.087096 -10.493556  0.000000 0.000000 -1.000000  0.005476 0.761164 1 72 1.000000
0  -3.334465 -6.087095 -10.493556  0.000000 0.000000 -1.000000  0.005476 0.761164 1 72 1.000000
lowpoly_plastic
0  -4.080925 -5.984858 -9.175779  -1.000000 0.000000 0.000000  0.008576 0.748762 1 72 1.000000
0  -4.080925 -5.867599 -6.849327  -1.000000 0.000000 0.000000  0.008576 0.748762 1 72 1.000000
0  -4.080925 -5.894232 -9.188294  -1.000000 0.000000 0.000000  0.008576 0.748762 1 72 1.000000
lowpoly_plastic
0  -3.998553 -7.746001 -10.169467  0.000000 -0.993285 0.115689  0.008576 0.748762 1 72 1.000000
0  -4.062507 -7.880834 -11.327120  0.000000 -0.993285 0.115689  0.008576 0.748762 1 72 1.000000
0  -3.998554 -7.880834 -11.327120  0.000000 -0.993285 0.115689  0.008576 0.748762 1 72 1.000000
lowpoly_plastic
0  -4.272912 -6.026660 -9.175023  -1.000000 -0.000001 0.000000  0.008576 0.748762 1 72 1.000000
0  -4.272911 -6.983929 -6.835647  -1.000000 -0.000001 0.000000  0.008576 0.748762 1 72 1.000000
0  -4.272912 -6.000030 -6.836738  -1.000000 -0.000001 0.000000  0.008576 0.748762 1 72 1.000000
lowpoly_plastic
0  -3.550209 -5.993142 -6.808359  -0.987545 0.000245 -0.157337  0.008576 0.748762 1 72 1.000000
0  -3.656487 -6.977054 -6.142824  -0.987545 0.000245 -0.157337  0.008576 0.748762 1 72 1.000000
0  -3.656487 -5.993142 -6.141292  -0.987545 0.000245 -0.157337  0.008576 0.748762 1 72 1.000000
lowpoly_plastic
0  -3.654411 -6.675433 -13.913589  0.000000 0.973066 -0.230527  0.008576 0.748762 1 72 1.000000
0  -3.867668 -6.559115 -13.422601  0.002267 0.971685 -0.236271  0.008576 0.748762 1 72 1.000000
0  -3.654411 -6.559115 -13.422601  -0.006376 0.973046 -0.230522  0.008576 0.748762 1 72 1.000000
lowpoly_plastic
0  -3.618951 -8.290636 -13.046293  0.755219 -0.638512 0.148142  0.008576 0.748762 1 72 1.000000
0  -3.558851 -8.351501 -13.611342  0.756050 -0.637313 0.149064  0.008576 0.748762 1 72 1.000000
0  -3.558851 -8.222855 -13.061320  0.755177 -0.638977 0.146342  0.008576 0.748762 1 72 1.000000
lowpoly_plastic
0  -3.956228 -7.608063 -6.143806  0.000000 -0.999951 0.009934  0.008576 0.748762 1 72 1.000000
0  -4.062506 -7.614930 -6.834948  0.000000 -0.999951 0.009934  0.008576 0.748762 1 72 1.000000
0  -3.998553 -7.614930 -6.834948  0.000000 -0.999951 0.009934  0.008576 0.748762 1 72 1.000000
lowpoly_plastic
0  -3.550209 -7.427199 -8.337374  -0.827709 0.561158 0.000000  0.008576 0.748762 1 72 1.000000
0  -3.625747 -7.538619 -6.810765  -0.827709 0.561158 0.000000  0.008576 0.748762 1 72 1.000000
0  -3.550209 -7.427199 -6.810592  -0.827709 0.561158 0.000000  0.008576 0.748762 1 72 1.000000
lowpoly_plastic
0  -3.656487 -5.926921 -6.141189  -0.000336 0.999998 0.001790  0.008576 0.748762 1 72 1.000000
0  -3.652966 -5.927301 -5.928096  -0.000336 0.999998 0.001790  0.008576 0.748762 1 72 1.000000
0  -3.568701 -5.926921 -6.141189  -0.000336 0.999998 0.001790  0.008576 0.748762 1 72 1.000000
lowpoly_plastic
0  -4.030049 -5.927300 -5.940608  0.232558 -0.001506 0.972581  0.008576 0.748762 1 72 1.000000
0  -4.082368 -5.993521 -5.928199  0.232558 -0.001506 0.972581  0.008576 0.748762 1 72 1.000000
0  -4.030049 -5.993521 -5.940710  0.232558 -0.001506 0.972581  0.008576 0.748762 1 72 1.000000
lowpoly_plastic
0  -3.736783 -8.419815 -13.598858  0.000000 -0.973744 0.227646  0.008576 0.748762 1 72 1.000000
0  -3.672829 -8.290636 -13.046293  0.000000 -0.973744 0.227646  0.008576 0.748762 1 72 1.000000
0  -3.736783 -8.290636 -13.046293  -0.000000 -0.974254 0.225451  0.008576 0.748762 1 72 1.000000
lowpoly_plastic
0  -3.434870 -6.707209 -14.055555  1.000000 -0.000001 0.000000  0.005476 0.761164 1 72 1.000000
0  -3.434870 -8.353992 -13.548979  1.000000 -0.000001 0.000000  0.005476 0.761164 1 72 1.000000
0  -3.434870 -8.394833 -13.738592  1.000000 -0.000001 0.000000  0.005476 0.761164 1 72 1.000000
lowpoly_plastic
0  -3.687268 -8.579170 -13.506686  0.672003 -0.723947 0.155926  0.005476 0.761164 1 72 1.000000
0  -3.434870 -8.394833 -13.738592  0.672003 -0.723947 0.155926  0.005476 0.761164 1 72 1.000000
0  -3.434870 -8.353992 -13.548979  0.672003 -0.723947 0.155926  0.005476 0.761164 1 72 1.000000
lowpoly_plastic
0  -4.030180 -7.538619 -6.810765  0.000000 1.000000 -0.000001  0.008576 0.748762 1 72 1.000000
0  -4.109587 -7.538620 -8.337546  0.000000 1.000000 -0.000001  0.008576 0.748762 1 72 1.000000
0  -4.109587 -7.538619 -6.810765  0.000000 1.000000 -0.000001  0.008576 0.748762 1 72 1.000000
lowpoly_plastic
0  -4.080925 -6.649740 -13.410086  -0.006407 -0.220522 -0.975361  0.863264 0.820637 1 72 1.000000
0  -4.185127 -6.612295 -13.418551  -0.000031 -0.220554 -0.975375  0.863264 0.820637 1 72 1.000000
0  -4.107306 -6.622536 -13.416237  0.004350 -0.225067 -0.974333  0.863264 0.820637 1 72 1.000000
lowpoly_plastic
0  -3.462423 -6.983929 -6.835647  0.988399 0.000168 0.151880  0.008576 0.748762 1 72 1.000000
0  -3.568701 -7.427198 -6.143525  0.988399 0.000168 0.151880  0.008576 0.748762 1 72 1.000000
0  -3.462423 -7.434068 -6.835149  0.988399 0.000168 0.151880  0.008576 0.748762 1 72 1.000000
lowpoly_plastic
0  -4.272912 -6.073191 -10.336664  0.000000 0.997117 -0.075873  0.008576 0.748762 1 72 1.000000
0  -4.185126 -5.984858 -9.175779  0.000000 0.997117 -0.075873  0.008576 0.748762 1 72 1.000000
0  -4.185126 -6.073191 -10.336664  0.000000 0.997117 -0.075873  0.008576 0.748762 1 72 1.000000
lowpoly_plastic
0  -3.867668 10.290794 -20.063068  0.000000 0.977582 -0.210556  0.005476 0.761164 1 79 1.000000
0  -3.434870 10.331635 -19.873455  0.000000 0.977582 -0.210556  0.005476 0.761164 1 79 1.000000
0  -3.434870 10.290794 -20.063068  0.000000 0.977582 -0.210556  0.005476 0.761164 1 79 1.000000
lowpoly_plastic
0  -3.779107 -7.608063 -6.143806  0.000000 -0.999951 0.009934  0.008576 0.748762 1 72 1.000000
0  -3.867667 -7.614930 -6.834948  0.000000 -0.999951 0.009934  0.008576 0.748762 1 72 1.000000
0  -3.736781 -7.614930 -6.834948  0.000000 -0.999951 0.009934  0.008576 0.748762 1 72 1.000000
lowpoly_plastic
0  -3.462424 -6.766057 -13.901073  0.000000 0.973066 -0.230526  0.008576 0.748762 1 72 1.000000
0  -3.550210 -6.649740 -13.410086  0.000000 0.973066 -0.230526  0.008576 0.748762 1 72 1.000000
0  -3.462424 -6.649740 -13.410086  -0.006376 0.973046 -0.230521  0.008576 0.748762 1 72 1.000000
lowpoly_plastic
0  -3.550210 -6.766057 -13.901073  0.000000 -0.179786 -0.983706  0.008576 0.748762 1 72 1.000000
0  -3.654411 -6.831200 -13.889168  0.000000 -0.179786 -0.983706  0.008576 0.748762 1 72 1.000000
0  -3.654411 -6.766057 -13.901073  0.000000 -0.179786 -0.983706  0.008576 0.748762 1 72 1.000000
lowpoly_plastic
0  -3.725228 -7.608063 -6.143806  0.000000 -0.999951 0.009934  0.008576 0.748762 1 72 1.000000
0  -3.736781 -7.614930 -6.834948  0.000342 -0.999947 0.010270  0.008576 0.748762 1 72 1.000000
0  -3.672828 -7.614930 -6.834948  0.000000 -0.999951 0.009934  0.008576 0.748762 1 72 1.000000
lowpoly_plastic
0  -3.654410 -5.958225 -6.836811  0.000000 0.999935 -0.011385  0.008576 0.748762 1 72 1.000000
0  -3.550210 -5.984858 -9.175779  0.000000 0.999935 -0.011385  0.008576 0.748762 1 72 1.000000
0  -3.654411 -5.984858 -9.175779  0.000000 0.999935 -0.011385  0.008576 0.748762 1 72 1.000000
lowpoly_plastic
0  -3.656487 -5.993142 -6.141292  0.000000 -0.001555 0.999999  0.008576 0.748762 1 72 1.000000
0  -3.760689 -5.926921 -6.141189  0.000000 -0.001555 0.999999  0.008576 0.748762 1 72 1.000000
0  -3.760689 -5.993142 -6.141292  0.000000 -0.001555 0.999999  0.008576 0.748762 1 72 1.000000
lowpoly_plastic
0  -3.736782 -8.131048 -12.374907  0.000000 -0.972651 0.232272  0.008576 0.748762 1 72 1.000000
0  -3.672829 -7.880834 -11.327120  0.000000 -0.972651 0.232272  0.008576 0.748762 1 72 1.000000
0  -3.736782 -7.880834 -11.327120  0.000000 -0.972651 0.232272  0.008576 0.748762 1 72 1.000000
lowpoly_plastic
0  -3.705154 -7.538620 -8.337546  0.000000 1.000000 -0.000001  0.008576 0.748762 1 72 1.000000
0  -3.867667 -7.538619 -6.810765  0.000000 1.000000 -0.000001  0.008576 0.748762 1 72 1.000000
0  -3.705154 -7.538619 -6.810765  0.000000 1.000000 -0.000001  0.008576 0.748762 1 72 1.000000
lowpoly_plastic
0  -3.558851 -8.063068 -12.387641  -0.025715 0.208048 0.977780  0.863264 0.820637 1 72 1.000000
0  -3.602834 -8.164948 -12.366853  -0.029152 0.215831 0.975995  0.863264 0.820637 1 72 1.000000
0  -3.529856 -8.087552 -12.381836  -0.030077 0.209772 0.977287  0.863264 0.820637 1 72 1.000000
lowpoly_plastic
0  -4.185125 -7.427199 -6.810592  1.000000 0.000001 -0.000000  0.008576 0.748762 1 72 1.000000
0  -4.185126 -6.977055 -8.336673  1.000000 0.000001 -0.000000  0.008576 0.748762 1 72 1.000000
0  -4.185125 -6.977054 -6.809891  1.000000 0.000001 -0.000000  0.008576 0.748762 1 72 1.000000
lowpoly_plastic
0  -4.272912 -8.114102 -13.085431  -0.006507 -0.225633 -0.974191  0.863264 0.820637 1 72 1.000000
0  -4.205480 -8.247338 -13.055515  -0.004609 -0.218395 -0.975850  0.863264 0.820637 1 72 1.000000
0  -4.308838 -8.127273 -13.082313  -0.001390 -0.222768 -0.974870  0.863264 0.820637 1 72 1.000000
lowpoly_plastic
0  -4.272912 -6.073191 -10.336664  -1.000000 -0.000016 0.000000  0.008576 0.748762 1 72 1.000000
0  -4.272912 -6.026660 -9.175023  -1.000000 -0.000016 0.000000  0.008576 0.748762 1 72 1.000000
0  -4.272912 -5.984858 -9.175779  -1.000000 -0.000016 0.000000  0.008576 0.748762 1 72 1.000000
lowpoly_plastic
0  -3.462424 -7.566033 -10.187455  0.754425 -0.652466 0.071635  0.008576 0.748762 1 72 1.000000
0  -3.558851 -7.572039 -9.157390  0.756077 -0.651121 0.066243  0.008576 0.748762 1 72 1.000000
0  -3.558851 -7.676901 -10.176373  0.759021 -0.647462 0.068413  0.008576 0.748762 1 72 1.000000
lowpoly_plastic
0  -4.166634 -5.993142 -6.141292  -0.929933 -0.000573 0.367728  0.008576 0.748762 1 72 1.000000
0  -4.082368 -5.927301 -5.928096  -0.929933 -0.000573 0.367728  0.008576 0.748762 1 72 1.000000
0  -4.166634 -5.926921 -6.141189  -0.929933 -0.000573 0.367728  0.008576 0.748762 1 72 1.000000
lowpoly_plastic
0  -4.272913 -6.485390 -12.683177  0.006367 0.220523 0.975361  0.863264 0.820637 1 72 1.000000
0  -4.185127 -6.447945 -12.691643  -0.000009 0.220531 0.975380  0.863264 0.820637 1 72 1.000000
0  -4.299732 -6.458597 -12.689235  0.004445 0.216077 0.976366  0.863264 0.820637 1 72 1.000000
lowpoly_plastic
0  -3.462424 -6.284280 -11.485141  1.000000 0.000000 -0.000000  0.008576 0.748762 1 72 1.000000
0  -3.462424 -7.118120 -10.232224  1.000000 0.000000 -0.000000  0.008576 0.748762 1 72 1.000000
0  -3.462424 -7.257002 -11.388865  1.000000 0.000000 -0.000000  0.008576 0.748762 1 72 1.000000
lowpoly_plastic
0  -4.400871 9.643402 -16.232515  -1.000000 0.000000 0.000000  0.005476 0.761164 1 79 1.000000
0  -4.400872 10.910907 -16.414185  -1.000000 0.000000 0.000000  0.005476 0.761164 1 79 1.000000
0  -4.400871 9.548971 -16.414185  -1.000000 0.000000 0.000000  0.005476 0.761164 1 79 1.000000
lowpoly_plastic
0  -3.843060 -7.608063 -6.143806  0.000000 -0.001552 0.999999  0.008576 0.748762 1 72 1.000000
0  -3.867667 -7.538619 -6.143699  0.000000 -0.001552 0.999999  0.008576 0.748762 1 72 1.000000
0  -3.867667 -7.608063 -6.143806  0.000000 -0.001552 0.999999  0.008576 0.748762 1 72 1.000000
lowpoly_plastic
0  -3.923902 -7.538619 -6.143699  0.000000 -0.001552 0.999999  0.008576 0.748762 1 72 1.000000
0  -4.010106 -7.608063 -6.143806  0.000000 -0.001552 0.999999  0.008576 0.748762 1 72 1.000000
0  -3.956228 -7.608063 -6.143806  0.000000 -0.001552 0.999999  0.008576 0.748762 1 72 1.000000
lowpoly_plastic
0  -3.550209 -5.958225 -6.836811  0.000000 0.999935 -0.011386  0.008576 0.748762 1 72 1.000000
0  -3.462424 -5.984858 -9.175779  0.000000 0.999935 -0.011386  0.008576 0.748762 1 72 1.000000
0  -3.550210 -5.984858 -9.175779  0.000000 0.999935 -0.011386  0.008576 0.748762 1 72 1.000000
lowpoly_plastic
0  -3.867668 -8.241897 -13.631371  0.000000 -0.179767 -0.983709  0.008576 0.748762 1 72 1.000000
0  -4.080925 -7.799085 -13.712293  0.000000 -0.179767 -0.983709  0.008576 0.748762 1 72 1.000000
0  -3.867668 -7.799085 -13.712293  0.000000 -0.179767 -0.983709  0.008576 0.748762 1 72 1.000000
lowpoly_plastic
0  -3.867668 -7.746001 -10.169467  0.000000 -0.993286 0.115690  0.008576 0.748762 1 72 1.000000
0  -3.998554 -7.880834 -11.327120  0.000000 -0.993286 0.115690  0.008576 0.748762 1 72 1.000000
0  -3.867668 -7.880834 -11.327120  0.000000 -0.993286 0.115690  0.008576 0.748762 1 72 1.000000
lowpoly_plastic
0  -4.080925 -5.982566 -10.349180  0.000000 0.992145 -0.125093  0.008576 0.748762 1 72 1.000000
0  -3.867668 -6.128187 -11.504136  0.000000 0.992145 -0.125093  0.008576 0.748762 1 72 1.000000
0  -4.080925 -6.128187 -11.504136  0.000000 0.992145 -0.125093  0.008576 0.748762 1 72 1.000000
lowpoly_plastic
0  -3.654411 -5.984858 -9.175779  0.000000 0.997118 -0.075872  0.008576 0.748762 1 72 1.000000
0  -3.550210 -6.073191 -10.336664  0.000000 0.997118 -0.075872  0.008576 0.748762 1 72 1.000000
0  -3.654411 -6.073191 -10.336664  0.000000 0.997118 -0.075872  0.008576 0.748762 1 72 1.000000
lowpoly_plastic
0  -3.867668 -7.799085 -13.712293  0.000000 -0.179767 -0.983709  0.008576 0.748762 1 72 1.000000
0  -4.080925 -6.831200 -13.889168  0.000000 -0.179767 -0.983709  0.008576 0.748762 1 72 1.000000
0  -3.867668 -6.831200 -13.889168  0.000000 -0.179767 -0.983709  0.008576 0.748762 1 72 1.000000
lowpoly_plastic
0  -4.272912 -5.984858 -9.175779  0.000000 0.999935 -0.011385  0.008576 0.748762 1 72 1.000000
0  -4.185126 -5.958225 -6.836811  0.000000 0.999935 -0.011385  0.008576 0.748762 1 72 1.000000
0  -4.185126 -5.984858 -9.175779  0.000000 0.999935 -0.011385  0.008576 0.748762 1 72 1.000000
lowpoly_plastic
0  -3.705154 -7.538619 -6.810765  0.000000 1.000000 0.000000  0.008576 0.748762 1 72 1.000000
0  -3.811433 -7.538619 -6.143699  0.000000 1.000000 0.000000  0.008576 0.748762 1 72 1.000000
0  -3.732026 -7.538619 -6.143699  0.000000 1.000000 0.000000  0.008576 0.748762 1 72 1.000000
lowpoly_plastic
0  -4.078847 -7.427198 -6.143525  0.820511 0.556482 -0.130726  0.008576 0.748762 1 72 1.000000
0  -4.109587 -7.538619 -6.810765  0.820511 0.556482 -0.130726  0.008576 0.748762 1 72 1.000000
0  -4.185125 -7.427199 -6.810592  0.820511 0.556482 -0.130726  0.008576 0.748762 1 72 1.000000
lowpoly_plastic
0  -3.462424 -7.460626 -9.158661  0.756147 -0.654360 0.007481  0.008576 0.748762 1 72 1.000000
0  -3.558850 -7.545487 -6.835025  0.756147 -0.654360 0.007481  0.008576 0.748762 1 72 1.000000
0  -3.558851 -7.572039 -9.157390  0.756147 -0.654360 0.007481  0.008576 0.748762 1 72 1.000000
lowpoly_plastic
0  -4.400871 9.548971 -16.414185  -1.000000 0.000000 0.000000  0.005476 0.761164 1 79 1.000000
0  -4.400872 10.910908 -16.501070  -1.000000 0.000000 0.000000  0.005476 0.761164 1 79 1.000000
0  -4.400871 9.548971 -16.501070  -1.000000 0.000000 0.000000  0.005476 0.761164 1 79 1.000000
lowpoly_plastic
0  -4.272912 -7.460626 -9.158661  -0.756131 -0.654378 0.007480  0.008576 0.748762 1 72 1.000000
0  -4.176484 -7.545487 -6.835025  -0.756131 -0.654378 0.007480  0.008576 0.748762 1 72 1.000000
0  -4.272911 -7.434068 -6.835149  -0.756131 -0.654378 0.007480  0.008576 0.748762 1 72 1.000000
lowpoly_plastic
0  -3.672830 -8.419815 -13.598858  0.000000 -0.973745 0.227643  0.008576 0.748762 1 72 1.000000
0  -3.618951 -8.290636 -13.046293  -0.000151 -0.974232 0.225547  0.008576 0.748762 1 72 1.000000
0  -3.672829 -8.290636 -13.046293  0.000000 -0.973745 0.227643  0.008576 0.748762 1 72 1.000000
lowpoly_plastic
0  -3.462424 -6.026660 -9.175023  1.000000 0.000000 -0.000000  0.008576 0.748762 1 72 1.000000
0  -3.462423 -6.983929 -6.835647  1.000000 0.000000 -0.000000  0.008576 0.748762 1 72 1.000000
0  -3.462424 -7.010510 -9.163797  1.000000 0.000000 -0.000000  0.008576 0.748762 1 72 1.000000
lowpoly_plastic
0  -4.078847 -7.427198 -6.143525  0.987545 0.000245 -0.157337  0.008576 0.748762 1 72 1.000000
0  -4.185125 -6.977054 -6.809891  0.987545 0.000245 -0.157337  0.008576 0.748762 1 72 1.000000
0  -4.078847 -6.977054 -6.142824  0.987545 0.000245 -0.157337  0.008576 0.748762 1 72 1.000000
lowpoly_plastic
0  -4.080925 -6.218812 -11.491621  -1.000000 0.000000 0.000000  0.008576 0.748762 1 72 1.000000
0  -4.080925 -5.982566 -10.349180  -1.000000 0.000000 0.000000  0.008576 0.748762 1 72 1.000000
0  -4.080925 -6.128187 -11.504136  -1.000000 0.000000 0.000000  0.008576 0.748762 1 72 1.000000
lowpoly_plastic
0  -3.652966 -6.675337 -5.929730  -0.232584 -0.002184 0.972574  0.008576 0.748762 1 72 1.000000
0  -3.705285 -5.993521 -5.940710  -0.232584 -0.002184 0.972574  0.008576 0.748762 1 72 1.000000
0  -3.705285 -6.675337 -5.942241  -0.232584 -0.002184 0.972574  0.008576 0.748762 1 72 1.000000
lowpoly_plastic
0  -4.078847 -6.977054 -6.142824  0.191748 -0.564687 0.802721  0.008576 0.748762 1 72 1.000000
0  -4.082368 -6.675337 -5.929730  0.000000 -0.576893 0.816820  0.008576 0.748762 1 72 1.000000
0  -4.166633 -6.977054 -6.142824  0.000000 -0.576893 0.816820  0.008576 0.748762 1 72 1.000000
lowpoly_metal
0  -3.830955 10.948547 -11.913384  0.499990 0.000000 0.866031  0.991823 0.744479 1 79 1.000000
0  -3.703935 10.991239 -11.986719  0.499990 0.000000 0.866031  0.991824 0.744482 1 79 1.000000
0  -3.830955 10.991239 -11.913384  0.499990 0.000000 0.866031  0.991824 0.744481 1 79 1.000000
lowpoly_metal
0  -3.830955 10.158391 -12.232286  -0.500009 -0.000000 -0.866020  0.991821 0.744438 1 79 1.000000
0  -3.980113 10.918664 -12.146170  -0.500009 -0.000000 -0.866020  0.991823 0.744480 1 79 1.000000
0  -3.830955 10.918664 -12.232286  -0.500009 -0.000000 -0.866020  0.991824 0.744482 1 79 1.000000
lowpoly_metal
0  -3.822214 11.000902 -12.474474  -0.499987 0.000000 0.866033  0.200926 0.194578 1 79 1.000000
0  -3.891027 11.025959 -12.514203  -0.499987 0.000000 0.866033  0.200926 0.194578 1 79 1.000000
0  -3.891027 11.000902 -12.514203  -0.499987 0.000000 0.866033  0.200926 0.194578 1 79 1.000000
lowpoly_metal
0  -3.971372 10.918664 -12.467815  -0.803526 0.595269 0.000000  0.991798 0.744497 1 79 1.000000
0  -3.949234 10.948547 -12.627268  -0.803526 0.595269 0.000000  0.991798 0.744498 1 79 1.000000
0  -3.971372 10.918664 -12.640049  -0.803526 0.595269 0.000000  0.991798 0.744496 1 79 1.000000
lowpoly_metal
0  -3.822214 10.918664 -12.726166  -0.401766 0.595262 -0.695879  0.991798 0.744495 1 79 1.000000
0  -3.949234 10.948547 -12.627268  -0.401766 0.595262 -0.695879  0.991798 0.744498 1 79 1.000000
0  -3.822214 10.948547 -12.700603  -0.401766 0.595262 -0.695879  0.991798 0.744497 1 79 1.000000
lowpoly_metal
0  -4.093749 10.918664 -12.244915  -0.499997 0.000000 0.866027  0.991812 0.744428 1 79 1.000000
0  -3.944590 10.158391 -12.158798  -0.499997 0.000000 0.866027  0.991809 0.744475 1 79 1.000000
0  -3.944591 10.918664 -12.158798  -0.499997 0.000000 0.866027  0.991812 0.744428 1 79 1.000000
lowpoly_metal
0  -3.830955 10.918665 -11.887821  -0.401758 0.595285 0.695864  0.991823 0.744478 1 79 1.000000
0  -3.957975 10.948547 -11.986719  -0.401758 0.595285 0.695864  0.991823 0.744480 1 79 1.000000
0  -3.980113 10.918664 -11.973937  -0.401758 0.595285 0.695864  0.991823 0.744478 1 79 1.000000
lowpoly_metal
0  -3.982920 10.991239 -11.972317  -1.000000 -0.000018 0.000000  0.991823 0.744483 1 79 1.000000
0  -3.982921 11.028236 -12.147791  -1.000000 -0.000018 0.000000  0.991821 0.744487 1 79 1.000000
0  -3.982920 10.991239 -12.147791  -1.000000 -0.000018 0.000000  0.991822 0.744486 1 79 1.000000
lowpoly_metal
0  -3.949234 10.948547 -12.627268  -0.500007 0.000000 -0.866021  0.991798 0.744498 1 79 1.000000
0  -3.822214 10.991239 -12.700603  -0.500007 0.000000 -0.866021  0.991798 0.744499 1 79 1.000000
0  -3.822214 10.948547 -12.700603  -0.500007 0.000000 -0.866021  0.991798 0.744497 1 79 1.000000
lowpoly_metal
0  -4.021291 11.028236 -12.286749  1.000000 0.000000 0.000000  0.991813 0.744418 1 79 1.000000
0  -4.021291 11.000902 -12.375315  1.000000 0.000000 0.000000  0.991813 0.744416 1 79 1.000000
0  -4.021291 11.028236 -12.375315  1.000000 0.000000 0.000000  0.991813 0.744417 1 79 1.000000
lowpoly_metal
0  -3.971371 10.158391 -12.640049  -0.931430 -0.363920 0.000000  0.991795 0.744446 1 79 1.000000
0  -3.922666 10.033733 -12.495935  -0.931430 -0.363920 0.000000  0.991795 0.744441 1 79 1.000000
0  -3.971371 10.158391 -12.467815  -0.931430 -0.363920 0.000000  0.991795 0.744446 1 79 1.000000
lowpoly_metal
0  -4.096556 10.991239 -12.243294  0.000003 -1.000000 0.000000  0.991813 0.744423 1 79 1.000000
0  -4.096556 10.991238 -12.418769  0.000003 -1.000000 0.000000  0.991813 0.744421 1 79 1.000000
0  -4.071610 10.991239 -12.257697  0.000003 -1.000000 0.000000  0.991812 0.744424 1 79 1.000000
lowpoly_metal
0  -3.678990 10.991239 -11.972317  0.000000 -1.000000 0.000000  0.991824 0.744483 1 79 1.000000
0  -3.703935 10.991239 -11.986719  0.000000 -1.000000 0.000000  0.991824 0.744482 1 79 1.000000
0  -3.678990 10.991239 -12.147791  0.000000 -1.000000 0.000000  0.991826 0.744486 1 79 1.000000
lowpoly_metal
0  -3.974179 10.991239 -12.641670  -0.499989 0.000000 -0.866032  0.991799 0.744502 1 79 1.000000
0  -3.822214 11.028236 -12.729407  -0.499989 0.000000 -0.866032  0.991799 0.744503 1 79 1.000000
0  -3.822214 10.991238 -12.729407  -0.499989 0.000000 -0.866032  0.991798 0.744501 1 79 1.000000
lowpoly_metal
0  -3.944591 10.918664 -12.158798  0.500000 0.000000 0.866026  0.991812 0.744428 1 79 1.000000
0  -3.795432 10.158392 -12.244915  0.500000 0.000000 0.866026  0.991809 0.744475 1 79 1.000000
0  -3.795433 10.918664 -12.244915  0.500000 0.000000 0.866026  0.991812 0.744427 1 79 1.000000
lowpoly_metal
0  -3.822213 10.033733 -12.437939  -0.499993 -0.000002 0.866030  0.991795 0.744441 1 79 1.000000
0  -3.922666 9.873217 -12.495935  -0.499993 -0.000002 0.866030  0.991795 0.744433 1 79 1.000000
0  -3.822213 9.873217 -12.437939  -0.499993 -0.000002 0.866030  0.991795 0.744435 1 79 1.000000
lowpoly_metal
0  -3.745514 11.028236 -12.509649  0.000000 1.000000 0.000000  0.991799 0.744512 1 79 1.000000
0  -3.822214 11.028236 -12.465366  0.000000 1.000000 0.000000  0.991800 0.744522 1 79 1.000000
0  -3.822214 11.028236 -12.378458  0.000000 1.000000 0.000000  0.991799 0.744516 1 79 1.000000
lowpoly_metal
0  -3.721760 9.873217 -12.495935  0.000000 -1.000000 0.000000  0.991794 0.744435 1 79 1.000000
0  -3.822213 9.873217 -12.437939  0.000000 -1.000000 0.000000  0.991795 0.744435 1 79 1.000000
0  -3.822213 9.873217 -12.443217  0.000000 -1.000000 0.000000  0.991795 0.744432 1 79 1.000000
lowpoly_metal
0  -3.822214 10.948547 -12.407263  -0.500021 -0.000023 0.866013  0.991799 0.744502 1 79 1.000000
0  -3.949234 10.991239 -12.480597  -0.500021 -0.000023 0.866013  0.991799 0.744503 1 79 1.000000
0  -3.949234 10.948547 -12.480598  -0.500021 -0.000023 0.866013  0.991799 0.744500 1 79 1.000000
lowpoly_metal
0  -3.944591 11.028236 -12.419598  0.500005 0.000000 0.866022  0.991813 0.744413 1 79 1.000000
0  -4.021291 11.000902 -12.375315  0.500005 0.000000 0.866022  0.991813 0.744416 1 79 1.000000
0  -3.944591 11.000902 -12.419598  0.500005 0.000000 0.866022  0.991813 0.744413 1 79 1.000000
lowpoly_metal
0  -3.830955 10.948547 -11.913384  -0.500007 0.000000 0.866021  0.991823 0.744479 1 79 1.000000
0  -3.957975 10.991239 -11.986719  -0.500007 0.000000 0.866021  0.991823 0.744482 1 79 1.000000
0  -3.957975 10.948547 -11.986719  -0.500007 0.000000 0.866021  0.991823 0.744480 1 79 1.000000
lowpoly_metal
0  -3.822214 11.028236 -12.642498  0.000000 1.000000 0.000000  0.991799 0.744505 1 79 1.000000
0  -3.822214 11.028236 -12.729407  0.000000 1.000000 0.000000  0.991799 0.744503 1 79 1.000000
0  -3.974179 11.028236 -12.641670  0.000000 1.000000 0.000000  0.991799 0.744504 1 79 1.000000
lowpoly_metal
0  -3.745514 11.028236 -12.598215  -1.000000 0.000000 0.000000  0.991799 0.744507 1 79 1.000000
0  -3.745514 11.000902 -12.509649  -1.000000 0.000000 0.000000  0.991800 0.744512 1 79 1.000000
0  -3.745514 11.028236 -12.509649  -1.000000 0.000000 0.000000  0.991799 0.744512 1 79 1.000000
lowpoly_metal
0  -4.021291 11.000902 -12.286749  0.000000 1.000000 0.000000  0.991813 0.744417 1 79 1.000000
0  -3.944591 11.000902 -12.242466  0.000000 1.000000 0.000000  0.991813 0.744416 1 79 1.000000
0  -3.944591 11.000902 -12.251574  0.000000 1.000000 0.000000  0.991812 0.744416 1 79 1.000000
lowpoly_metal
0  -4.096556 10.991239 -12.243294  -0.499998 0.000000 0.866027  0.991813 0.744423 1 79 1.000000
0  -3.944591 11.028236 -12.155558  -0.499998 0.000000 0.866027  0.991812 0.744420 1 79 1.000000
0  -4.096556 11.028236 -12.243294  -0.499998 0.000000 0.866027  0.991813 0.744421 1 79 1.000000
lowpoly_metal
0  -3.753401 11.000902 -12.593661  1.000000 0.000000 0.000000  0.200926 0.194577 1 79 1.000000
0  -3.753401 11.025959 -12.514203  1.000000 0.000000 0.000000  0.200926 0.194578 1 79 1.000000
0  -3.753401 11.000902 -12.514203  1.000000 0.000000 0.000000  0.200926 0.194578 1 79 1.000000
lowpoly_metal
0  -3.891027 11.000902 -12.514203  -1.000000 0.000000 0.000000  0.200926 0.194578 1 79 1.000000
0  -3.891027 11.025959 -12.593661  -1.000000 0.000000 0.000000  0.200926 0.194577 1 79 1.000000
0  -3.891027 11.000902 -12.593661  -1.000000 0.000000 0.000000  0.200926 0.194577 1 79 1.000000
lowpoly_metal
0  -3.792625 10.991238 -12.418769  1.000000 0.000000 0.000000  0.991814 0.744413 1 79 1.000000
0  -3.792625 11.028236 -12.243294  1.000000 0.000000 0.000000  0.991812 0.744416 1 79 1.000000
0  -3.792625 10.991239 -12.243294  1.000000 0.000000 0.000000  0.991812 0.744419 1 79 1.000000
lowpoly_metal
0  -4.013404 11.000902 -12.291303  -1.000000 0.000000 0.000000  0.200929 0.194558 1 79 1.000000
0  -4.013404 11.025959 -12.370760  -1.000000 0.000000 0.000000  0.200929 0.194558 1 79 1.000000
0  -4.013404 11.000902 -12.370760  -1.000000 0.000000 0.000000  0.200929 0.194558 1 79 1.000000
lowpoly_metal
0  -3.918095 9.873217 -12.609289  -0.992725 -0.120407 0.000000  0.942694 0.699404 1 79 1.000000
0  -3.903945 9.756554 -12.506744  -0.992725 -0.120407 0.000000  0.942695 0.699403 1 79 1.000000
0  -3.918095 9.873217 -12.498575  -0.992725 -0.120407 0.000000  0.942694 0.699404 1 79 1.000000
lowpoly_metal
0  -4.013404 11.000902 -12.370760  -0.500035 0.000000 -0.866005  0.200929 0.194558 1 79 1.000000
0  -3.944591 11.025959 -12.410490  -0.500035 0.000000 -0.866005  0.200929 0.194557 1 79 1.000000
0  -3.944591 11.000902 -12.410490  -0.500035 0.000000 -0.866005  0.200929 0.194557 1 79 1.000000
lowpoly_metal
0  -3.907655 11.028236 -12.015771  0.000000 1.000000 -0.000001  0.991824 0.744486 1 79 1.000000
0  -3.982921 11.028236 -12.147791  0.000000 1.000000 -0.000001  0.991821 0.744487 1 79 1.000000
0  -3.982920 11.028236 -11.972317  0.000000 1.000000 -0.000001  0.991823 0.744484 1 79 1.000000
lowpoly_metal
0  -3.875777 11.000902 -12.370760  1.000000 -0.000001 0.000006  0.200929 0.194557 1 79 1.000000
0  -3.875778 11.025959 -12.291302  1.000000 -0.000001 0.000006  0.200929 0.194557 1 79 1.000000
0  -3.875778 11.000902 -12.291303  1.000000 -0.000001 0.000006  0.200929 0.194557 1 79 1.000000
lowpoly_metal
0  -3.944591 11.000902 -12.410490  0.500006 0.000000 -0.866022  0.200929 0.194557 1 79 1.000000
0  -3.875778 11.025959 -12.370760  0.500006 0.000000 -0.866022  0.200929 0.194557 1 79 1.000000
0  -3.875777 11.000902 -12.370760  0.500006 0.000000 -0.866022  0.200929 0.194557 1 79 1.000000
lowpoly_metal
0  -4.040473 9.873217 -12.386389  -0.992725 -0.120406 0.000000  0.942696 0.699409 1 79 1.000000
0  -4.026322 9.756554 -12.283844  -0.992725 -0.120406 0.000000  0.942696 0.699410 1 79 1.000000
0  -4.040473 9.873217 -12.275673  -0.992725 -0.120406 0.000000  0.942696 0.699409 1 79 1.000000
lowpoly_metal
0  -3.762142 11.025959 -12.099783  0.000000 1.000000 0.000000  0.200931 0.194573 1 79 1.000000
0  -3.899768 11.025959 -12.099783  0.000000 1.000000 0.000000  0.200931 0.194573 1 79 1.000000
0  -3.830955 11.025959 -11.980596  0.000000 1.000000 0.000000  0.200931 0.194573 1 79 1.000000
lowpoly_metal
0  -4.071610 10.948547 -12.404366  -0.500007 0.000000 -0.866021  0.991812 0.744426 1 79 1.000000
0  -3.944591 10.991239 -12.477701  -0.500007 0.000000 -0.866021  0.991813 0.744421 1 79 1.000000
0  -3.944591 10.948547 -12.477701  -0.500007 0.000000 -0.866021  0.991813 0.744424 1 79 1.000000
lowpoly_metal
0  -3.848708 9.873217 -12.386389  0.992725 -0.120404 0.000000  0.942696 0.699409 1 79 1.000000
0  -3.862858 9.756554 -12.283844  0.992725 -0.120404 0.000000  0.942696 0.699410 1 79 1.000000
0  -3.862858 9.756554 -12.378220  0.992725 -0.120404 0.000000  0.942696 0.699410 1 79 1.000000
lowpoly_metal
0  -3.899768 11.000902 -12.020325  0.000000 1.000000 0.000000  0.991824 0.744487 1 79 1.000000
0  -3.907655 11.000902 -12.104337  0.000000 1.000000 0.000000  0.991824 0.744489 1 79 1.000000
0  -3.907655 11.000902 -12.015771  0.000000 1.000000 0.000000  0.991824 0.744486 1 79 1.000000
lowpoly_metal
0  -3.944590 9.873217 -12.441747  -0.496354 -0.120404 -0.859730  0.942696 0.699409 1 79 1.000000
0  -4.026322 9.756554 -12.378220  -0.496354 -0.120404 -0.859730  0.942696 0.699410 1 79 1.000000
0  -4.040473 9.873217 -12.386389  -0.496354 -0.120404 -0.859730  0.942696 0.699409 1 79 1.000000
lowpoly_metal
0  -3.944590 9.873217 -12.220316  -0.496379 -0.120408 0.859715  0.942696 0.699409 1 79 1.000000
0  -4.026322 9.756554 -12.283844  -0.496379 -0.120408 0.859715  0.942696 0.699410 1 79 1.000000
0  -3.944590 9.756554 -12.236655  -0.496379 -0.120408 0.859715  0.942696 0.699409 1 79 1.000000
lowpoly_metal
0  -3.907655 11.028236 -12.104337  0.500005 0.000069 0.866022  0.991824 0.744489 1 79 1.000000
0  -3.830955 11.000902 -12.148619  0.500005 0.000069 0.866022  0.991824 0.744493 1 79 1.000000
0  -3.830955 11.028236 -12.148621  0.500005 0.000069 0.866022  0.991824 0.744495 1 79 1.000000
lowpoly_metal
0  -3.830955 9.756553 -12.154430  -0.482014 -0.265706 -0.834903  0.942697 0.699403 1 79 1.000000
0  -3.883215 9.661907 -12.090227  -0.471471 -0.332882 -0.816642  0.942697 0.699403 1 79 1.000000
0  -3.912687 9.756554 -12.107243  -0.482016 -0.265707 -0.834902  0.942697 0.699403 1 79 1.000000
lowpoly_metal
0  -3.749222 9.756554 -12.012866  0.964055 -0.265703 -0.000003  0.942697 0.699403 1 79 1.000000
0  -3.778693 9.661907 -12.090227  0.942970 -0.332878 0.000003  0.942697 0.699401 1 79 1.000000
0  -3.749222 9.756554 -12.107243  0.964055 -0.265703 0.000000  0.942697 0.699402 1 79 1.000000
lowpoly_metal
0  -3.980113 10.158391 -12.146171  -0.931428 -0.363924 0.000000  0.991821 0.744438 1 79 1.000000
0  -3.931407 10.033733 -12.002057  -0.931428 -0.363924 0.000000  0.991821 0.744435 1 79 1.000000
0  -3.980113 10.158391 -11.973937  -0.931428 -0.363924 0.000000  0.991821 0.744438 1 79 1.000000
lowpoly_metal
0  -3.944590 9.873217 -12.441747  0.000000 -1.000000 0.000000  0.991808 0.744490 1 79 1.000000
0  -4.045043 9.873217 -12.389029  0.000000 -1.000000 0.000000  0.991807 0.744487 1 79 1.000000
0  -3.944590 9.873217 -12.447025  0.000000 -1.000000 0.000000  0.991808 0.744487 1 79 1.000000
lowpoly_metal
0  -3.830955 9.873217 -12.170769  -0.496369 -0.120408 -0.859721  0.942697 0.699403 1 79 1.000000
0  -3.912687 9.756554 -12.107243  -0.496369 -0.120408 -0.859721  0.942697 0.699403 1 79 1.000000
0  -3.926837 9.873217 -12.115412  -0.496369 -0.120408 -0.859721  0.942697 0.699403 1 79 1.000000
lowpoly_metal
0  -3.944590 10.033733 -12.215038  0.500002 0.000000 0.866024  0.991809 0.744479 1 79 1.000000
0  -3.844137 9.873217 -12.273035  0.500002 0.000000 0.866024  0.991809 0.744485 1 79 1.000000
0  -3.844137 10.033733 -12.273035  0.500002 0.000000 0.866024  0.991809 0.744479 1 79 1.000000
lowpoly_metal
0  -3.944591 11.028236 -12.419598  -0.499987 0.000000 0.866033  0.991813 0.744413 1 79 1.000000
0  -3.867891 11.000902 -12.375315  -0.499987 0.000000 0.866033  0.991814 0.744405 1 79 1.000000
0  -3.867891 11.028236 -12.375315  -0.499987 0.000000 0.866033  0.991814 0.744402 1 79 1.000000
lowpoly_metal
0  -4.026322 9.756554 -12.378220  -0.964053 -0.265708 0.000003  0.942696 0.699410 1 79 1.000000
0  -3.996851 9.661907 -12.300859  -0.942968 -0.332884 -0.000003  0.942695 0.699410 1 79 1.000000
0  -4.026322 9.756554 -12.283844  -0.964053 -0.265708 -0.000000  0.942696 0.699410 1 79 1.000000
lowpoly_metal
0  -4.093749 10.918664 -12.244915  -0.803527 0.595268 0.000000  0.991812 0.744428 1 79 1.000000
0  -4.071610 10.948547 -12.404366  -0.803527 0.595268 0.000000  0.991812 0.744426 1 79 1.000000
0  -4.093749 10.918664 -12.417149  -0.803527 0.595268 0.000000  0.991812 0.744428 1 79 1.000000
lowpoly_metal
0  -3.912687 9.756554 -12.107243  -0.964054 -0.265705 0.000003  0.942697 0.699403 1 79 1.000000
0  -3.883215 9.661907 -12.029881  -0.942969 -0.332881 -0.000003  0.942697 0.699403 1 79 1.000000
0  -3.912687 9.756554 -12.012866  -0.964054 -0.265705 -0.000000  0.942697 0.699403 1 79 1.000000
lowpoly_metal
0  -3.822213 9.756554 -12.648309  -0.482037 -0.265710 -0.834888  0.942694 0.699403 1 79 1.000000
0  -3.874474 9.661907 -12.584105  -0.471490 -0.332885 -0.816630  0.942694 0.699401 1 79 1.000000
0  -3.903945 9.756554 -12.601121  -0.482037 -0.265710 -0.834888  0.942694 0.699403 1 79 1.000000
lowpoly_metal
0  -3.830955 9.873217 -11.949339  0.496367 -0.120408 0.859722  0.942697 0.699403 1 79 1.000000
0  -3.749222 9.756554 -12.012866  0.496367 -0.120408 0.859722  0.942697 0.699403 1 79 1.000000
0  -3.735072 9.873217 -12.004696  0.496367 -0.120408 0.859722  0.942697 0.699403 1 79 1.000000
lowpoly_metal
0  -3.769952 9.661907 -12.584105  0.505307 -0.299041 -0.809469  0.942694 0.699403 1 79 1.000000
0  -3.822213 9.756554 -12.648309  0.482041 -0.265706 -0.834887  0.942694 0.699403 1 79 1.000000
0  -3.740481 9.756554 -12.601121  0.482041 -0.265706 -0.834887  0.942694 0.699404 1 79 1.000000
lowpoly_metal
0  -3.830955 9.756554 -11.965677  0.482033 -0.265701 0.834893  0.942697 0.699403 1 79 1.000000
0  -3.778693 9.661907 -12.029881  0.471486 -0.332877 0.816636  0.942696 0.699402 1 79 1.000000
0  -3.749222 9.756554 -12.012866  0.482030 -0.265701 0.834895  0.942697 0.699403 1 79 1.000000
lowpoly_metal
0  -3.862858 9.756554 -12.283844  0.964053 -0.265710 -0.000003  0.942696 0.699410 1 79 1.000000
0  -3.892329 9.661907 -12.361204  0.942967 -0.332885 0.000003  0.942696 0.699411 1 79 1.000000
0  -3.862858 9.756554 -12.378220  0.964053 -0.265710 0.000000  0.942696 0.699410 1 79 1.000000
lowpoly_metal
0  -3.982920 10.991239 -12.147791  -0.499998 0.000000 -0.866027  0.991822 0.744486 1 79 1.000000
0  -3.830955 11.028236 -12.235528  -0.499998 0.000000 -0.866027  0.991825 0.744504 1 79 1.000000
0  -3.830955 10.991239 -12.235528  -0.499998 0.000000 -0.866027  0.991825 0.744498 1 79 1.000000
lowpoly_metal
0  -3.944590 9.756553 -12.425407  0.482004 -0.265700 -0.834910  0.942696 0.699410 1 79 1.000000
0  -3.892329 9.661907 -12.361204  0.505278 -0.299049 -0.809484  0.942696 0.699411 1 79 1.000000
0  -3.944590 9.661907 -12.391377  0.471460 -0.332876 -0.816651  0.942696 0.699412 1 79 1.000000
lowpoly_metal
0  -3.817571 10.948547 -12.404366  1.000000 0.000000 0.000000  0.991813 0.744422 1 79 1.000000
0  -3.817571 10.991239 -12.257697  1.000000 0.000000 0.000000  0.991812 0.744421 1 79 1.000000
0  -3.817571 10.948547 -12.257697  1.000000 0.000000 0.000000  0.991812 0.744424 1 79 1.000000
lowpoly_metal
0  -3.822213 10.158391 -12.726166  -0.499998 -0.000000 -0.866027  0.991795 0.744446 1 79 1.000000
0  -3.971372 10.918664 -12.640049  -0.499998 -0.000000 -0.866027  0.991798 0.744496 1 79 1.000000
0  -3.822214 10.918664 -12.726166  -0.499998 -0.000000 -0.866027  0.991798 0.744495 1 79 1.000000
lowpoly_metal
0  -3.795433 10.918664 -12.244915  1.000000 0.000001 0.000000  0.991812 0.744427 1 79 1.000000
0  -3.795432 10.158392 -12.417149  1.000000 0.000001 0.000000  0.991809 0.744475 1 79 1.000000
0  -3.795433 10.918664 -12.417149  1.000000 0.000001 0.000000  0.991812 0.744426 1 79 1.000000
lowpoly_metal
0  -3.980113 10.158391 -12.146171  -1.000000 0.000000 0.000000  0.991821 0.744438 1 79 1.000000
0  -3.980113 10.918664 -11.973937  -1.000000 0.000000 0.000000  0.991823 0.744478 1 79 1.000000
0  -3.980113 10.918664 -12.146170  -1.000000 0.000000 0.000000  0.991823 0.744480 1 79 1.000000
lowpoly_metal
0  -3.695194 10.948547 -12.480598  0.500007 0.000000 0.866021  0.991798 0.744500 1 79 1.000000
0  -3.822214 10.991239 -12.407263  0.500007 0.000000 0.866021  0.991799 0.744506 1 79 1.000000
0  -3.822214 10.948547 -12.407263  0.500007 0.000000 0.866021  0.991799 0.744502 1 79 1.000000
lowpoly_metal
0  -3.898914 11.028236 -12.598215  0.500005 0.000000 0.866022  0.991799 0.744507 1 79 1.000000
0  -3.822214 11.000902 -12.642498  0.500005 0.000000 0.866022  0.991799 0.744506 1 79 1.000000
0  -3.822214 11.028236 -12.642498  0.500005 0.000000 0.866022  0.991799 0.744505 1 79 1.000000
lowpoly_metal
0  -3.822214 11.000902 -12.633390  0.500009 0.000000 -0.866020  0.200926 0.194577 1 79 1.000000
0  -3.753401 11.025959 -12.593661  0.500009 0.000000 -0.866020  0.200926 0.194577 1 79 1.000000
0  -3.753401 11.000902 -12.593661  0.500009 0.000000 -0.866020  0.200926 0.194577 1 79 1.000000
lowpoly_metal
0  -3.681796 10.158392 -12.146170  0.499998 0.000000 -0.866026  0.991821 0.744438 1 79 1.000000
0  -3.830955 10.918664 -12.232286  0.499998 0.000000 -0.866026  0.991824 0.744482 1 79 1.000000
0  -3.681797 10.918664 -12.146170  0.499998 0.000000 -0.866026  0.991824 0.744480 1 79 1.000000
lowpoly_plastic
0  -4.185127 -6.218812 -11.491621  0.000000 0.975877 -0.218323  0.008576 0.748762 1 72 1.000000
0  -4.272913 -6.485390 -12.683177  0.000000 0.977249 -0.212097  0.008576 0.748762 1 72 1.000000
0  -4.272913 -6.218812 -11.491620  0.000000 0.975877 -0.218323  0.008576 0.748762 1 72 1.000000
lowpoly_plastic
0  -3.462424 -6.284280 -11.485141  1.000000 0.000000 0.000000  0.008576 0.748762 1 72 1.000000
0  -3.462424 -6.485390 -12.683177  1.000000 0.000000 0.000000  0.008576 0.748762 1 72 1.000000
0  -3.462424 -6.218812 -11.491621  1.000000 0.000000 0.000000  0.008576 0.748762 1 72 1.000000
lowpoly_plastic
0  -4.048068 8.418833 -19.514200  0.000000 0.184586 0.982816  0.005476 0.761164 1 79 1.000000
0  -3.867668 8.418833 -19.514200  0.000000 0.184586 0.982816  0.005476 0.761164 1 79 1.000000
0  -4.300466 8.644011 -19.556492  0.000000 0.184586 0.982816  0.005476 0.761164 1 79 1.000000
lowpoly_plastic
0  -3.550210 -6.485390 -12.683177  0.000007 0.220520 0.975382  0.863264 0.820637 1 72 1.000000
0  -3.435604 -6.458597 -12.689235  0.000007 0.220520 0.975382  0.863264 0.820637 1 72 1.000000
0  -3.550210 -6.447945 -12.691643  0.000007 0.220520 0.975382  0.863264 0.820637 1 72 1.000000
lowpoly_plastic
0  -4.272913 -6.284280 -11.485139  -1.000000 -0.000005 0.000000  0.008576 0.748762 1 72 1.000000
0  -4.272913 -6.485390 -12.683177  -1.000000 -0.000005 0.000000  0.008576 0.748762 1 72 1.000000
0  -4.272913 -6.550214 -12.671033  -1.000000 -0.000005 0.000000  0.008576 0.748762 1 72 1.000000
lowpoly_plastic
0  -3.867668 8.377992 -19.703815  0.000000 -0.184578 -0.982818  0.005476 0.761164 1 79 1.000000
0  -4.048068 8.377992 -19.703815  0.000000 -0.184578 -0.982818  0.005476 0.761164 1 79 1.000000
0  -4.300466 8.603169 -19.746105  0.000000 -0.184578 -0.982818  0.005476 0.761164 1 79 1.000000
lowpoly_plastic
0  -3.654411 -6.649740 -13.410086  -0.086345 -0.134908 -0.987089  0.863264 0.820637 1 72 1.000000
0  -3.626559 -6.533345 -13.428428  -0.086345 -0.134907 -0.987089  0.863264 0.820637 1 72 1.000000
0  -3.628031 -6.622536 -13.416237  -0.086345 -0.134907 -0.987089  0.863264 0.820637 1 72 1.000000
lowpoly_plastic
0  -3.687268 8.418833 -19.514200  0.000000 0.184588 0.982816  0.005476 0.761164 1 79 1.000000
0  -3.434870 8.644011 -19.556492  0.000000 0.184588 0.982816  0.005476 0.761164 1 79 1.000000
0  -3.867668 8.418833 -19.514200  0.000000 0.184588 0.982816  0.005476 0.761164 1 79 1.000000
lowpoly_plastic
0  -4.062507 -8.419815 -13.598858  0.000000 -0.179774 -0.983708  0.008576 0.748762 1 72 1.000000
0  -4.109588 -8.351501 -13.611342  0.000000 -0.179774 -0.983708  0.008576 0.748762 1 72 1.000000
0  -4.030181 -8.351501 -13.611342  0.000000 -0.179774 -0.983708  0.008576 0.748762 1 72 1.000000
lowpoly_plastic
0  -4.116385 -7.880834 -11.327120  0.000000 -0.972651 0.232270  0.008576 0.748762 1 72 1.000000
0  -4.062507 -8.131048 -12.374907  0.000000 -0.972651 0.232270  0.008576 0.748762 1 72 1.000000
0  -4.062507 -7.880834 -11.327120  0.000000 -0.972651 0.232270  0.008576 0.748762 1 72 1.000000
lowpoly_plastic
0  -4.272912 -7.257002 -11.388865  -1.000000 0.000000 0.000000  0.008576 0.748762 1 72 1.000000
0  -4.272913 -6.550214 -12.671033  -1.000000 0.000000 0.000000  0.008576 0.748762 1 72 1.000000
0  -4.272912 -7.513357 -12.490615  -1.000000 0.000000 0.000000  0.008576 0.748762 1 72 1.000000
lowpoly_plastic
0  -4.272913 -6.649740 -13.410086  0.001442 -0.217244 -0.976116  0.863264 0.820637 1 72 1.000000
0  -4.311303 -6.714375 -13.395756  0.001442 -0.217244 -0.976116  0.863264 0.820637 1 72 1.000000
0  -4.300095 -6.623297 -13.416064  0.001442 -0.217244 -0.976116  0.863264 0.820637 1 72 1.000000
lowpoly_plastic
0  -4.272913 -7.674734 -13.182840  -0.002581 -0.216658 -0.976244  0.863264 0.820637 1 72 1.000000
0  -4.308838 -8.127273 -13.082313  -0.002581 -0.216658 -0.976244  0.863264 0.820637 1 72 1.000000
0  -4.311303 -7.674734 -13.182840  -0.002581 -0.216658 -0.976244  0.863264 0.820637 1 72 1.000000
lowpoly_plastic
0  -3.618951 -8.131048 -12.374907  0.001041 0.229155 0.973389  0.863264 0.820637 1 72 1.000000
0  -3.672829 -8.168398 -12.366030  0.000081 0.231190 0.972908  0.863264 0.820637 1 72 1.000000
0  -3.602834 -8.164948 -12.366853  -0.002123 0.231111 0.972925  0.863264 0.820637 1 72 1.000000
lowpoly_plastic
0  -3.462424 -7.257002 -11.388865  1.000000 0.000000 0.000000  0.008576 0.748762 1 72 1.000000
0  -3.462424 -6.550214 -12.671035  1.000000 0.000000 0.000000  0.008576 0.748762 1 72 1.000000
0  -3.462424 -6.284280 -11.485141  1.000000 0.000000 0.000000  0.008576 0.748762 1 72 1.000000
lowpoly_metal
0  -3.822214 10.918664 -12.381700  0.401748 0.595267 0.695885  0.991798 0.744498 1 79 1.000000
0  -3.695194 10.948547 -12.480598  0.401748 0.595267 0.695885  0.991798 0.744500 1 79 1.000000
0  -3.822214 10.948547 -12.407263  0.401748 0.595267 0.695885  0.991799 0.744502 1 79 1.000000
lowpoly_metal
0  -3.844137 10.033733 -12.389029  0.500002 0.000000 -0.866024  0.991809 0.744479 1 79 1.000000
0  -3.944590 9.873217 -12.447025  0.500002 0.000000 -0.866024  0.991808 0.744487 1 79 1.000000
0  -3.944590 10.033733 -12.447025  0.500002 0.000000 -0.866024  0.991809 0.744480 1 79 1.000000
lowpoly_metal
0  -3.922666 10.033733 -12.611929  -0.499993 0.000000 -0.866030  0.991794 0.744441 1 79 1.000000
0  -3.822213 9.873217 -12.669926  -0.499993 0.000000 -0.866030  0.991793 0.744434 1 79 1.000000
0  -3.922666 9.873217 -12.611929  -0.499993 0.000000 -0.866030  0.991794 0.744433 1 79 1.000000
lowpoly_metal
0  -3.822214 11.028236 -12.465366  0.500005 0.000000 -0.866022  0.991800 0.744522 1 79 1.000000
0  -3.898914 11.000902 -12.509649  0.500005 0.000000 -0.866022  0.991799 0.744511 1 79 1.000000
0  -3.898914 11.028236 -12.509649  0.500005 0.000000 -0.866022  0.991799 0.744511 1 79 1.000000
lowpoly_metal
0  -3.931407 10.033733 -12.002057  -1.000000 0.000000 0.000000  0.991821 0.744435 1 79 1.000000
0  -3.931407 9.873217 -12.118051  -1.000000 0.000000 0.000000  0.991822 0.744429 1 79 1.000000
0  -3.931407 9.873217 -12.002057  -1.000000 0.000000 0.000000  0.991821 0.744430 1 79 1.000000
lowpoly_metal
0  -3.822213 9.756553 -12.459557  0.482020 -0.265702 0.834901  0.942695 0.699403 1 79 1.000000
0  -3.769952 9.661907 -12.523760  0.471472 -0.332878 0.816644  0.942694 0.699404 1 79 1.000000
0  -3.740481 9.756554 -12.506744  0.482020 -0.265702 0.834900  0.942694 0.699404 1 79 1.000000
lowpoly_metal
0  -3.762142 11.000902 -12.020325  0.500013 0.000000 0.866018  0.200931 0.194573 1 79 1.000000
0  -3.830955 11.025959 -11.980596  0.500013 0.000000 0.866018  0.200931 0.194573 1 79 1.000000
0  -3.830955 11.000902 -11.980596  0.500013 0.000000 0.866018  0.200931 0.194572 1 79 1.000000
lowpoly_metal
0  -3.980113 10.918664 -12.146170  -0.803524 0.595272 0.000000  0.991823 0.744480 1 79 1.000000
0  -3.957975 10.948547 -11.986719  -0.803524 0.595272 0.000000  0.991823 0.744480 1 79 1.000000
0  -3.957975 10.948547 -12.133389  -0.803524 0.595272 0.000000  0.991823 0.744482 1 79 1.000000
lowpoly_metal
0  -3.681796 10.158392 -11.973937  1.000000 0.000001 0.000000  0.991821 0.744438 1 79 1.000000
0  -3.681797 10.918664 -12.146170  1.000000 0.000001 0.000000  0.991824 0.744480 1 79 1.000000
0  -3.681797 10.918664 -11.973937  1.000000 0.000001 0.000000  0.991824 0.744478 1 79 1.000000
lowpoly_metal
0  -3.944590 9.873217 -12.220316  0.496352 -0.120420 0.859729  0.942696 0.699409 1 79 1.000000
0  -3.862858 9.756554 -12.283844  0.496352 -0.120420 0.859729  0.942696 0.699410 1 79 1.000000
0  -3.848708 9.873217 -12.275673  0.496352 -0.120420 0.859729  0.942696 0.699409 1 79 1.000000
lowpoly_metal
0  -3.944590 10.158391 -12.158798  0.465708 -0.363916 0.806648  0.991809 0.744475 1 79 1.000000
0  -3.844137 10.033733 -12.273035  0.465708 -0.363916 0.806648  0.991809 0.744479 1 79 1.000000
0  -3.795432 10.158392 -12.244915  0.465708 -0.363916 0.806648  0.991809 0.744475 1 79 1.000000
lowpoly_metal
0  -3.944591 10.918664 -12.503264  -0.401745 0.595275 -0.695880  0.991812 0.744427 1 79 1.000000
0  -4.071610 10.948547 -12.404366  -0.401745 0.595275 -0.695880  0.991812 0.744426 1 79 1.000000
0  -3.944591 10.948547 -12.477701  -0.401745 0.595275 -0.695880  0.991813 0.744424 1 79 1.000000
lowpoly_metal
0  -3.971371 10.158391 -12.640049  -1.000000 0.000000 0.000000  0.991795 0.744446 1 79 1.000000
0  -3.971372 10.918664 -12.467815  -1.000000 0.000000 0.000000  0.991798 0.744497 1 79 1.000000
0  -3.971372 10.918664 -12.640049  -1.000000 0.000000 0.000000  0.991798 0.744496 1 79 1.000000
lowpoly_metal
0  -3.822213 10.158391 -12.381700  -0.465739 -0.363917 0.806630  0.991795 0.744446 1 79 1.000000
0  -3.922666 10.033733 -12.495935  -0.465739 -0.363917 0.806630  0.991795 0.744441 1 79 1.000000
0  -3.822213 10.033733 -12.437939  -0.465739 -0.363917 0.806630  0.991795 0.744441 1 79 1.000000
lowpoly_metal
0  -3.867891 11.028236 -12.286749  -0.500005 0.000000 -0.866022  0.991813 0.744413 1 79 1.000000
0  -3.944591 11.000902 -12.242466  -0.500005 0.000000 -0.866022  0.991813 0.744416 1 79 1.000000
0  -3.944591 11.028236 -12.242466  -0.500005 0.000000 -0.866022  0.991813 0.744417 1 79 1.000000
lowpoly_metal
0  -3.830955 10.918664 -12.232286  -0.401757 0.595265 -0.695882  0.991824 0.744482 1 79 1.000000
0  -3.957975 10.948547 -12.133389  -0.401757 0.595265 -0.695882  0.991823 0.744482 1 79 1.000000
0  -3.830955 10.948547 -12.206723  -0.401757 0.595265 -0.695882  0.991824 0.744486 1 79 1.000000
lowpoly_metal
0  -3.673056 10.918664 -12.640049  0.803527 0.595268 0.000000  0.991798 0.744496 1 79 1.000000
0  -3.695194 10.948547 -12.480598  0.803527 0.595268 0.000000  0.991798 0.744500 1 79 1.000000
0  -3.673056 10.918664 -12.467815  0.803527 0.595268 0.000000  0.991798 0.744497 1 79 1.000000
lowpoly_metal
0  -3.822214 10.918664 -12.726166  0.401769 0.595274 -0.695867  0.991798 0.744495 1 79 1.000000
0  -3.695194 10.948547 -12.627268  0.401769 0.595274 -0.695867  0.991798 0.744498 1 79 1.000000
0  -3.673056 10.918664 -12.640049  0.401769 0.595274 -0.695867  0.991798 0.744496 1 79 1.000000
lowpoly_metal
0  -3.822214 10.948547 -12.700603  0.499993 0.000000 -0.866030  0.991798 0.744497 1 79 1.000000
0  -3.695194 10.991238 -12.627268  0.499993 0.000000 -0.866030  0.991798 0.744500 1 79 1.000000
0  -3.695194 10.948547 -12.627268  0.499993 0.000000 -0.866030  0.991798 0.744498 1 79 1.000000
lowpoly_metal
0  -3.830955 10.918664 -12.232286  0.401775 0.595280 -0.695858  0.991824 0.744482 1 79 1.000000
0  -3.703935 10.948547 -12.133389  0.401775 0.595280 -0.695858  0.991824 0.744482 1 79 1.000000
0  -3.681797 10.918664 -12.146170  0.401775 0.595280 -0.695858  0.991824 0.744480 1 79 1.000000
lowpoly_metal
0  -3.944591 11.000902 -12.419598  0.000000 1.000000 0.000000  0.991813 0.744413 1 79 1.000000
0  -3.944591 11.000902 -12.410490  0.000000 1.000000 0.000000  0.991814 0.744412 1 79 1.000000
0  -3.867891 11.000902 -12.375315  0.000000 1.000000 0.000000  0.991814 0.744405 1 79 1.000000
lowpoly_metal
0  -3.695194 10.948547 -12.627268  1.000000 -0.000002 0.000000  0.991798 0.744498 1 79 1.000000
0  -3.695194 10.991239 -12.480597  1.000000 -0.000002 0.000000  0.991799 0.744503 1 79 1.000000
0  -3.695194 10.948547 -12.480598  1.000000 -0.000002 0.000000  0.991798 0.744500 1 79 1.000000
lowpoly_metal
0  -3.822214 10.991238 -12.729407  -0.000027 -1.000000 0.000000  0.991798 0.744501 1 79 1.000000
0  -3.695194 10.991238 -12.627268  -0.000027 -1.000000 0.000000  0.991798 0.744500 1 79 1.000000
0  -3.822214 10.991239 -12.700603  -0.000027 -1.000000 0.000000  0.991798 0.744499 1 79 1.000000
lowpoly_metal
0  -3.830955 10.948547 -12.206723  0.499993 0.000000 -0.866030  0.991824 0.744486 1 79 1.000000
0  -3.703935 10.991239 -12.133389  0.499993 0.000000 -0.866030  0.991825 0.744484 1 79 1.000000
0  -3.703935 10.948547 -12.133389  0.499993 0.000000 -0.866030  0.991824 0.744482 1 79 1.000000
lowpoly_metal
0  -3.703935 10.948547 -12.133389  1.000000 0.000000 0.000000  0.991824 0.744482 1 79 1.000000
0  -3.703935 10.991239 -11.986719  1.000000 0.000000 0.000000  0.991824 0.744482 1 79 1.000000
0  -3.703935 10.948547 -11.986719  1.000000 0.000000 0.000000  0.991824 0.744480 1 79 1.000000
lowpoly_metal
0  -3.673055 10.158392 -12.640049  0.500000 0.000001 -0.866025  0.991795 0.744446 1 79 1.000000
0  -3.822214 10.918664 -12.726166  0.500000 0.000001 -0.866025  0.991798 0.744495 1 79 1.000000
0  -3.673056 10.918664 -12.640049  0.500000 0.000001 -0.866025  0.991798 0.744496 1 79 1.000000
lowpoly_metal
0  -3.670249 10.991239 -12.641670  1.000000 0.000000 0.000000  0.991798 0.744502 1 79 1.000000
0  -3.670249 11.028236 -12.466195  1.000000 0.000000 0.000000  0.991799 0.744508 1 79 1.000000
0  -3.670249 10.991239 -12.466195  1.000000 0.000000 0.000000  0.991798 0.744505 1 79 1.000000
lowpoly_metal
0  -3.830955 10.158391 -12.232286  -0.465709 -0.363915 -0.806648  0.991821 0.744438 1 79 1.000000
0  -3.931407 10.033733 -12.118051  -0.465709 -0.363915 -0.806648  0.991821 0.744435 1 79 1.000000
0  -3.980113 10.158391 -12.146171  -0.465709 -0.363915 -0.806648  0.991821 0.744438 1 79 1.000000
lowpoly_metal
0  -3.957975 10.991239 -12.133389  0.000000 -1.000000 0.000000  0.991823 0.744484 1 79 1.000000
0  -3.982920 10.991239 -11.972317  0.000000 -1.000000 0.000000  0.991823 0.744483 1 79 1.000000
0  -3.982920 10.991239 -12.147791  0.000000 -1.000000 0.000000  0.991822 0.744486 1 79 1.000000
lowpoly_metal
0  -3.745514 11.028236 -12.509649  -0.499987 0.000000 -0.866033  0.991799 0.744512 1 79 1.000000
0  -3.822214 11.000902 -12.465366  -0.499987 0.000000 -0.866033  0.991800 0.744519 1 79 1.000000
0  -3.822214 11.028236 -12.465366  -0.499987 0.000000 -0.866033  0.991800 0.744522 1 79 1.000000
lowpoly_metal
0  -3.822213 10.158391 -12.726166  -0.465710 -0.363916 -0.806646  0.991795 0.744446 1 79 1.000000
0  -3.922666 10.033733 -12.611929  -0.465710 -0.363916 -0.806646  0.991794 0.744441 1 79 1.000000
0  -3.971371 10.158391 -12.640049  -0.465710 -0.363916 -0.806646  0.991795 0.744446 1 79 1.000000
lowpoly_metal
0  -3.673055 10.158392 -12.467815  0.931430 -0.363919 0.000000  0.991795 0.744446 1 79 1.000000
0  -3.721760 10.033733 -12.611929  0.931430 -0.363919 0.000000  0.991794 0.744442 1 79 1.000000
0  -3.673055 10.158392 -12.640049  0.931430 -0.363919 0.000000  0.991795 0.744446 1 79 1.000000
lowpoly_metal
0  -3.944591 10.918664 -12.503264  0.401767 0.595297 -0.695848  0.991812 0.744427 1 79 1.000000
0  -3.817571 10.948547 -12.404366  0.401767 0.595297 -0.695848  0.991813 0.744422 1 79 1.000000
0  -3.795433 10.918664 -12.417149  0.401767 0.595297 -0.695848  0.991812 0.744426 1 79 1.000000
lowpoly_metal
0  -3.670249 10.991239 -12.466195  0.500005 0.000000 0.866023  0.991798 0.744505 1 79 1.000000
0  -3.822214 11.028236 -12.378458  0.500005 0.000000 0.866023  0.991799 0.744516 1 79 1.000000
0  -3.822214 10.991239 -12.378458  0.500005 0.000000 0.866023  0.991799 0.744511 1 79 1.000000
lowpoly_metal
0  -3.726331 9.873217 -12.609289  0.992724 -0.120415 0.000000  0.942694 0.699404 1 79 1.000000
0  -3.740481 9.756554 -12.506744  0.992724 -0.120415 0.000000  0.942694 0.699404 1 79 1.000000
0  -3.740481 9.756554 -12.601121  0.992724 -0.120415 0.000000  0.942694 0.699404 1 79 1.000000
lowpoly_metal
0  -3.721760 10.033733 -12.495935  1.000000 0.000000 0.000000  0.991794 0.744442 1 79 1.000000
0  -3.721760 9.873217 -12.611929  1.000000 0.000000 0.000000  0.991793 0.744435 1 79 1.000000
0  -3.721760 10.033733 -12.611929  1.000000 0.000000 0.000000  0.991794 0.744442 1 79 1.000000
lowpoly_metal
0  -3.730501 10.033733 -12.118051  0.500002 0.000000 -0.866024  0.991821 0.744434 1 79 1.000000
0  -3.830955 9.873217 -12.176047  0.500002 0.000000 -0.866024  0.991822 0.744428 1 79 1.000000
0  -3.830955 10.033733 -12.176047  0.500002 0.000000 -0.866024  0.991821 0.744435 1 79 1.000000
lowpoly_metal
0  -3.867891 11.028236 -12.375315  -1.000000 0.000000 0.000000  0.991814 0.744402 1 79 1.000000
0  -3.867891 11.000902 -12.286749  -1.000000 0.000000 0.000000  0.991814 0.744413 1 79 1.000000
0  -3.867891 11.028236 -12.286749  -1.000000 0.000000 0.000000  0.991813 0.744413 1 79 1.000000
lowpoly_metal
0  -3.678990 10.991239 -11.972317  0.499991 0.000000 0.866031  0.991824 0.744483 1 79 1.000000
0  -3.830955 11.028236 -11.884580  0.499991 0.000000 0.866031  0.991824 0.744483 1 79 1.000000
0  -3.830955 10.991239 -11.884580  0.499991 0.000000 0.866031  0.991824 0.744482 1 79 1.000000
lowpoly_metal
0  -3.944591 11.028236 -12.242466  0.499987 0.000000 -0.866033  0.991813 0.744417 1 79 1.000000
0  -4.021291 11.000902 -12.286749  0.499987 0.000000 -0.866033  0.991813 0.744417 1 79 1.000000
0  -4.021291 11.028236 -12.286749  0.499987 0.000000 -0.866033  0.991813 0.744418 1 79 1.000000
lowpoly_metal
0  -3.922666 10.033733 -12.611929  -1.000000 0.000000 0.000000  0.991794 0.744441 1 79 1.000000
0  -3.922666 9.873217 -12.495935  -1.000000 0.000000 0.000000  0.991795 0.744433 1 79 1.000000
0  -3.922666 10.033733 -12.495935  -1.000000 0.000000 0.000000  0.991795 0.744441 1 79 1.000000
lowpoly_metal
0  -3.830955 10.158391 -11.887821  0.465717 -0.363915 0.806643  0.991821 0.744438 1 79 1.000000
0  -3.730501 10.033733 -12.002057  0.465717 -0.363915 0.806643  0.991821 0.744435 1 79 1.000000
0  -3.681796 10.158392 -11.973937  0.465717 -0.363915 0.806643  0.991821 0.744438 1 79 1.000000
lowpoly_metal
0  -3.792625 10.991239 -12.243294  0.499999 0.000009 0.866026  0.991812 0.744419 1 79 1.000000
0  -3.944591 11.028236 -12.155558  0.499999 0.000009 0.866026  0.991812 0.744420 1 79 1.000000
0  -3.944591 10.991239 -12.155558  0.499999 0.000009 0.866026  0.991812 0.744422 1 79 1.000000
lowpoly_metal
0  -3.822214 11.000902 -12.474474  0.000000 1.000000 0.000000  0.991799 0.744516 1 79 1.000000
0  -3.822214 11.000902 -12.465366  0.000000 1.000000 0.000000  0.991800 0.744519 1 79 1.000000
0  -3.745514 11.000902 -12.509649  0.000000 1.000000 0.000000  0.991800 0.744512 1 79 1.000000
lowpoly_metal
0  -3.753401 11.000902 -12.514203  0.499987 0.000000 0.866033  0.200926 0.194578 1 79 1.000000
0  -3.822214 11.025959 -12.474474  0.499987 0.000000 0.866033  0.200926 0.194578 1 79 1.000000
0  -3.822214 11.000902 -12.474474  0.499987 0.000000 0.866033  0.200926 0.194578 1 79 1.000000
lowpoly_metal
0  -3.681796 10.158392 -12.146170  0.931429 -0.363922 0.000000  0.991821 0.744438 1 79 1.000000
0  -3.730501 10.033733 -12.002057  0.931429 -0.363922 0.000000  0.991821 0.744435 1 79 1.000000
0  -3.730501 10.033733 -12.118051  0.931429 -0.363922 0.000000  0.991821 0.744434 1 79 1.000000
lowpoly_metal
0  -3.745514 11.028236 -12.598215  -0.500005 0.000000 0.866022  0.991799 0.744507 1 79 1.000000
0  -3.822214 11.000902 -12.642498  -0.500005 0.000000 0.866022  0.991799 0.744506 1 79 1.000000
0  -3.745514 11.000902 -12.598215  -0.500005 0.000000 0.866022  0.991799 0.744508 1 79 1.000000
lowpoly_metal
0  -3.830955 10.033733 -11.944060  -0.499995 0.000000 0.866028  0.991821 0.744435 1 79 1.000000
0  -3.931407 9.873217 -12.002057  -0.499995 0.000000 0.866028  0.991821 0.744430 1 79 1.000000
0  -3.830955 9.873217 -11.944060  -0.499995 0.000000 0.866028  0.991820 0.744429 1 79 1.000000
lowpoly_metal
0  -3.898914 11.028236 -12.509649  1.000000 0.000000 0.000000  0.991799 0.744511 1 79 1.000000
0  -3.898914 11.000902 -12.598215  1.000000 0.000000 0.000000  0.991799 0.744508 1 79 1.000000
0  -3.898914 11.028236 -12.598215  1.000000 0.000000 0.000000  0.991799 0.744507 1 79 1.000000
lowpoly_metal
0  -3.830955 10.033733 -11.944060  0.500003 0.000000 0.866024  0.991821 0.744435 1 79 1.000000
0  -3.730501 9.873217 -12.002057  0.500003 0.000000 0.866024  0.991820 0.744429 1 79 1.000000
0  -3.730501 10.033733 -12.002057  0.500003 0.000000 0.866024  0.991821 0.744435 1 79 1.000000
lowpoly_metal
0  -3.891027 11.000902 -12.593661  -0.499987 0.000000 -0.866033  0.200926 0.194577 1 79 1.000000
0  -3.822214 11.025959 -12.633390  -0.499987 0.000000 -0.866033  0.200926 0.194577 1 79 1.000000
0  -3.822214 11.000902 -12.633390  -0.499987 0.000000 -0.866033  0.200926 0.194577 1 79 1.000000
lowpoly_metal
0  -3.899768 11.000902 -12.099783  -0.500009 0.000000 -0.866020  0.200931 0.194573 1 79 1.000000
0  -3.830955 11.025959 -12.139513  -0.500009 0.000000 -0.866020  0.200931 0.194573 1 79 1.000000
0  -3.830955 11.000902 -12.139513  -0.500009 0.000000 -0.866020  0.200931 0.194574 1 79 1.000000
lowpoly_metal
0  -3.795432 10.158392 -12.417149  0.500000 0.000000 -0.866025  0.991809 0.744475 1 79 1.000000
0  -3.944591 10.918664 -12.503264  0.500000 0.000000 -0.866025  0.991812 0.744427 1 79 1.000000
0  -3.795433 10.918664 -12.417149  0.500000 0.000000 -0.866025  0.991812 0.744426 1 79 1.000000
lowpoly_metal
0  -3.754255 11.028236 -12.015771  -0.500005 0.000000 -0.866022  0.991824 0.744486 1 79 1.000000
0  -3.830955 11.000902 -11.971488  -0.500005 0.000000 -0.866022  0.991824 0.744486 1 79 1.000000
0  -3.830955 11.028236 -11.971488  -0.500005 0.000000 -0.866022  0.991824 0.744485 1 79 1.000000
lowpoly_metal
0  -3.822214 10.991238 -12.729407  0.499989 0.000000 -0.866032  0.991798 0.744501 1 79 1.000000
0  -3.670249 11.028236 -12.641670  0.499989 0.000000 -0.866032  0.991798 0.744504 1 79 1.000000
0  -3.670249 10.991239 -12.641670  0.499989 0.000000 -0.866032  0.991798 0.744502 1 79 1.000000
lowpoly_metal
0  -3.844137 10.033733 -12.273035  1.000000 0.000000 0.000000  0.991809 0.744479 1 79 1.000000
0  -3.844137 9.873217 -12.389029  1.000000 0.000000 0.000000  0.991809 0.744486 1 79 1.000000
0  -3.844137 10.033733 -12.389029  1.000000 0.000000 0.000000  0.991809 0.744479 1 79 1.000000
lowpoly_metal
0  -3.931407 9.873217 -12.002057  0.000000 -1.000000 0.000000  0.991821 0.744430 1 79 1.000000
0  -3.931407 9.873217 -12.118051  0.000000 -1.000000 0.000000  0.991822 0.744429 1 79 1.000000
0  -3.926837 9.873217 -12.115412  0.000000 -1.000000 0.000000  0.991822 0.744427 1 79 1.000000
lowpoly_metal
0  -3.822213 9.873217 -12.443217  0.496355 -0.120407 0.859729  0.942694 0.699404 1 79 1.000000
0  -3.740481 9.756554 -12.506744  0.496355 -0.120407 0.859729  0.942694 0.699404 1 79 1.000000
0  -3.726331 9.873217 -12.498575  0.496355 -0.120407 0.859729  0.942694 0.699404 1 79 1.000000
lowpoly_metal
0  -3.730501 9.873217 -12.118051  0.000000 -1.000000 0.000000  0.991821 0.744428 1 79 1.000000
0  -3.730501 9.873217 -12.002057  0.000000 -1.000000 0.000000  0.991820 0.744429 1 79 1.000000
0  -3.735072 9.873217 -12.115412  0.000000 -1.000000 0.000000  0.991820 0.744425 1 79 1.000000
lowpoly_metal
0  -3.822213 9.873217 -12.664648  0.496347 -0.120411 -0.859733  0.942694 0.699404 1 79 1.000000
0  -3.740481 9.756554 -12.601121  0.496347 -0.120411 -0.859733  0.942694 0.699404 1 79 1.000000
0  -3.822213 9.756554 -12.648309  0.496347 -0.120411 -0.859733  0.942694 0.699403 1 79 1.000000
lowpoly_metal
0  -3.822213 9.873217 -12.664648  -0.496381 -0.120398 -0.859715  0.942694 0.699404 1 79 1.000000
0  -3.903945 9.756554 -12.601121  -0.496381 -0.120398 -0.859715  0.942694 0.699403 1 79 1.000000
0  -3.918095 9.873217 -12.609289  -0.496381 -0.120398 -0.859715  0.942694 0.699404 1 79 1.000000
lowpoly_metal
0  -3.754255 11.028236 -12.104337  0.000000 1.000000 0.000000  0.991824 0.744489 1 79 1.000000
0  -3.678990 11.028236 -12.147791  0.000000 1.000000 0.000000  0.991826 0.744487 1 79 1.000000
0  -3.830955 11.028236 -12.235528  0.000000 1.000000 0.000000  0.991825 0.744504 1 79 1.000000
lowpoly_metal
0  -4.026322 9.756554 -12.283844  -0.482037 -0.265701 0.834891  0.942696 0.699410 1 79 1.000000
0  -3.944590 9.661907 -12.270685  -0.471500 -0.332877 0.816628  0.942696 0.699409 1 79 1.000000
0  -3.944590 9.756554 -12.236655  -0.482040 -0.265701 0.834890  0.942696 0.699409 1 79 1.000000
lowpoly_metal
0  -3.944590 9.756554 -12.236655  0.482038 -0.265703 0.834890  0.942696 0.699409 1 79 1.000000
0  -3.892329 9.661907 -12.300859  0.471491 -0.332878 0.816632  0.942696 0.699410 1 79 1.000000
0  -3.862858 9.756554 -12.283844  0.482034 -0.265703 0.834892  0.942696 0.699410 1 79 1.000000
lowpoly_metal
0  -3.795432 10.158392 -12.244915  0.931433 -0.363914 0.000000  0.991809 0.744475 1 79 1.000000
0  -3.844137 10.033733 -12.389029  0.931433 -0.363914 0.000000  0.991809 0.744479 1 79 1.000000
0  -3.795432 10.158392 -12.417149  0.931433 -0.363914 0.000000  0.991809 0.744475 1 79 1.000000
lowpoly_metal
0  -3.822214 10.918664 -12.381700  -0.401765 0.595303 0.695844  0.991798 0.744498 1 79 1.000000
0  -3.949234 10.948547 -12.480598  -0.401765 0.595303 0.695844  0.991799 0.744500 1 79 1.000000
0  -3.971372 10.918664 -12.467815  -0.401765 0.595303 0.695844  0.991798 0.744497 1 79 1.000000
lowpoly_metal
0  -3.695194 10.991239 -12.480597  0.000000 -1.000000 -0.000054  0.991799 0.744503 1 79 1.000000
0  -3.670249 10.991239 -12.466195  0.000000 -1.000000 -0.000054  0.991798 0.744505 1 79 1.000000
0  -3.822214 10.991239 -12.378458  0.000000 -1.000000 -0.000054  0.991799 0.744511 1 79 1.000000
lowpoly_metal
0  -3.721760 10.033733 -12.611929  0.499992 0.000000 -0.866030  0.991794 0.744442 1 79 1.000000
0  -3.822213 9.873217 -12.669926  0.499992 0.000000 -0.866030  0.991793 0.744434 1 79 1.000000
0  -3.822213 10.033733 -12.669926  0.499992 0.000000 -0.866030  0.991794 0.744441 1 79 1.000000
lowpoly_metal
0  -3.830955 10.158391 -12.232286  0.465709 -0.363918 -0.806647  0.991821 0.744438 1 79 1.000000
0  -3.730501 10.033733 -12.118051  0.465709 -0.363918 -0.806647  0.991821 0.744434 1 79 1.000000
0  -3.830955 10.033733 -12.176047  0.465709 -0.363918 -0.806647  0.991821 0.744435 1 79 1.000000
lowpoly_metal
0  -3.730501 10.033733 -12.002057  1.000000 0.000003 0.000000  0.991821 0.744435 1 79 1.000000
0  -3.730501 9.873217 -12.118051  1.000000 0.000003 0.000000  0.991821 0.744428 1 79 1.000000
0  -3.730501 10.033733 -12.118051  1.000000 0.000003 0.000000  0.991821 0.744434 1 79 1.000000
lowpoly_metal
0  -3.822214 11.000902 -12.633390  0.000000 1.000000 0.000000  0.991799 0.744507 1 79 1.000000
0  -3.822214 11.000902 -12.642498  0.000000 1.000000 0.000000  0.991799 0.744506 1 79 1.000000
0  -3.898914 11.000902 -12.598215  0.000000 1.000000 0.000000  0.991799 0.744508 1 79 1.000000
lowpoly_metal
0  -3.944590 10.158391 -12.158798  -0.465719 -0.363922 0.806639  0.991809 0.744475 1 79 1.000000
0  -4.045043 10.033733 -12.273035  -0.465719 -0.363922 0.806639  0.991808 0.744479 1 79 1.000000
0  -3.944590 10.033733 -12.215038  -0.465719 -0.363922 0.806639  0.991809 0.744479 1 79 1.000000
lowpoly_metal
0  -3.875778 11.000902 -12.291303  0.500009 0.000000 0.866020  0.200929 0.194557 1 79 1.000000
0  -3.944591 11.025959 -12.251574  0.500009 0.000000 0.866020  0.200929 0.194558 1 79 1.000000
0  -3.944591 11.000902 -12.251574  0.500009 0.000000 0.866020  0.200929 0.194558 1 79 1.000000
lowpoly_metal
0  -3.740481 9.756554 -12.506744  0.964054 -0.265707 -0.000003  0.942694 0.699404 1 79 1.000000
0  -3.769952 9.661907 -12.584105  0.942968 -0.332882 -0.000003  0.942694 0.699403 1 79 1.000000
0  -3.740481 9.756554 -12.601121  0.964054 -0.265707 0.000000  0.942694 0.699404 1 79 1.000000
lowpoly_plastic
0  -3.462424 -7.954001 -12.408072  0.750803 -0.641910 0.155713  0.008576 0.748762 1 72 1.000000
0  -3.558851 -7.812179 -11.333915  0.755537 -0.637297 0.151709  0.008576 0.748762 1 72 1.000000
0  -3.558851 -8.063068 -12.387641  0.752826 -0.639391 0.156305  0.008576 0.748762 1 72 1.000000
lowpoly_plastic
0  -3.867668 -8.168398 -12.366030  0.000000 -0.972892 0.231259  0.897248 0.822590 1 72 1.000000
0  -3.736783 -8.327986 -13.037416  0.000000 -0.972369 0.233450  0.897248 0.822590 1 72 1.000000
0  -3.736782 -8.168398 -12.366030  -0.002253 -0.972890 0.231258  0.897248 0.822590 1 72 1.000000
lowpoly_plastic
0  -3.424033 -6.550214 -12.671035  0.992636 0.118193 -0.026528  0.897248 0.822590 1 72 1.000000
0  -3.435242 -6.623297 -13.416064  0.992636 0.118193 -0.026527  0.897248 0.822590 1 72 1.000000
0  -3.435604 -6.458597 -12.689235  0.992636 0.118193 -0.026528  0.897248 0.822590 1 72 1.000000
lowpoly_plastic
0  -4.185127 -6.447945 -12.691643  -0.096286 0.970801 -0.219713  0.897248 0.822590 1 72 1.000000
0  -4.300095 -6.623297 -13.416064  -0.096254 0.972175 -0.213568  0.897248 0.822590 1 72 1.000000
0  -4.299732 -6.458597 -12.689235  -0.089911 0.971382 -0.219847  0.897248 0.822590 1 72 1.000000
lowpoly_plastic
0  -3.998554 -8.168398 -12.366030  0.000000 -0.972893 0.231255  0.897248 0.822590 1 72 1.000000
0  -3.867668 -8.327986 -13.037416  0.000000 -0.972347 0.233540  0.897248 0.822590 1 72 1.000000
0  -3.867668 -8.168398 -12.366030  -0.002301 -0.972890 0.231255  0.897248 0.822590 1 72 1.000000
lowpoly_plastic
0  -3.426329 -7.966728 -12.405059  0.999988 -0.004852 0.001131  0.897248 0.822590 1 72 1.000000
0  -3.424033 -7.674734 -13.182840  0.999988 -0.004852 0.001131  0.897248 0.822590 1 72 1.000000
0  -3.424033 -7.513357 -12.490615  0.999988 -0.004852 0.001131  0.897248 0.822590 1 72 1.000000
lowpoly_plastic
0  -4.062507 -8.168398 -12.366030  0.000000 -0.972893 0.231257  0.897248 0.822590 1 72 1.000000
0  -3.998554 -8.327986 -13.037416  0.000000 -0.972893 0.231257  0.897248 0.822590 1 72 1.000000
0  -3.998554 -8.168398 -12.366030  0.000000 -0.972893 0.231257  0.897248 0.822590 1 72 1.000000
lowpoly_plastic
0  -4.309006 -7.966728 -12.405059  -0.999986 -0.005229 0.000991  0.897248 0.822590 1 72 1.000000
0  -4.311303 -7.674734 -13.182840  -0.999986 -0.005229 0.000991  0.897248 0.822590 1 72 1.000000
0  -4.308838 -8.127273 -13.082313  -0.999986 -0.005229 0.000991  0.897248 0.822590 1 72 1.000000
lowpoly_plastic
0  -3.435242 -6.623297 -13.416064  0.095949 0.972216 -0.213516  0.897248 0.822590 1 72 1.000000
0  -3.550210 -6.447945 -12.691643  0.096238 0.970805 -0.219719  0.897248 0.822590 1 72 1.000000
0  -3.435604 -6.458597 -12.689235  0.096238 0.970805 -0.219719  0.897248 0.822590 1 72 1.000000
lowpoly_plastic
0  -3.672829 -8.327986 -13.037416  0.050029 -0.971661 0.231023  0.897248 0.822590 1 72 1.000000
0  -3.602834 -8.164948 -12.366853  0.049900 -0.972174 0.228884  0.897248 0.822590 1 72 1.000000
0  -3.672829 -8.168398 -12.366030  0.050029 -0.971661 0.231023  0.897248 0.822590 1 72 1.000000
lowpoly_plastic
0  -4.205480 -8.247338 -13.055515  -0.733031 -0.661083 0.160110  0.897248 0.822590 1 72 1.000000
0  -4.132502 -8.164948 -12.366853  -0.733490 -0.661628 0.155697  0.897248 0.822590 1 72 1.000000
0  -4.205480 -8.087552 -12.381836  -0.733860 -0.661929 0.152641  0.897248 0.822590 1 72 1.000000
lowpoly_plastic
0  -3.550210 -6.612295 -13.418551  -0.144226 0.965429 -0.217132  0.897248 0.822590 1 72 1.000000
0  -3.626559 -6.459619 -12.689004  -0.144245 0.964025 -0.223270  0.897248 0.822590 1 72 1.000000
0  -3.550210 -6.447945 -12.691643  -0.144226 0.965429 -0.217131  0.897248 0.822590 1 72 1.000000
lowpoly_plastic
0  -3.867668 -6.357319 -12.704160  -0.046688 0.974109 -0.221204  0.897248 0.822590 1 72 1.000000
0  -4.108778 -6.533345 -13.428428  -0.046670 0.975499 -0.214996  0.897248 0.822590 1 72 1.000000
0  -4.107306 -6.367560 -12.701844  -0.040353 0.974376 -0.221276  0.897248 0.822590 1 72 1.000000
lowpoly_plastic
0  -4.311303 -6.550214 -12.671033  -0.992641 0.118153 -0.026523  0.897248 0.822590 1 72 1.000000
0  -4.300095 -6.623297 -13.416064  -0.992641 0.118153 -0.026523  0.897248 0.822590 1 72 1.000000
0  -4.311303 -6.714375 -13.395756  -0.992641 0.118153 -0.026523  0.897248 0.822590 1 72 1.000000
lowpoly_plastic
0  -4.132502 -8.164948 -12.366853  -0.050025 -0.971661 0.231023  0.897248 0.822590 1 72 1.000000
0  -4.062507 -8.327986 -13.037416  -0.050025 -0.971661 0.231023  0.897248 0.822590 1 72 1.000000
0  -4.062507 -8.168398 -12.366030  -0.050025 -0.971661 0.231023  0.897248 0.822590 1 72 1.000000
lowpoly_plastic
0  -4.311303 -7.513357 -12.490615  -1.000000 0.000001 0.000001  0.897248 0.822590 1 72 1.000000
0  -4.311303 -6.714375 -13.395756  -1.000000 0.000001 0.000001  0.897248 0.822590 1 72 1.000000
0  -4.311303 -7.674734 -13.182840  -1.000000 0.000001 0.000001  0.897248 0.822590 1 72 1.000000
lowpoly_plastic
0  -3.426498 -8.127273 -13.082313  0.763341 -0.627846 0.152051  0.897248 0.822590 1 72 1.000000
0  -3.529856 -8.087552 -12.381836  0.768006 -0.623178 0.147703  0.897248 0.822590 1 72 1.000000
0  -3.529857 -8.247338 -13.055515  0.766148 -0.624629 0.151181  0.897248 0.822590 1 72 1.000000
lowpoly_plastic
0  -4.108778 -6.459619 -12.689004  -1.000000 -0.000021 0.000003  0.897248 0.822590 1 72 1.000000
0  -4.108778 -6.533345 -13.428428  -1.000000 -0.000021 0.000002  0.897248 0.822590 1 72 1.000000
0  -4.107306 -6.622536 -13.416237  -1.000000 -0.000021 0.000001  0.897248 0.822590 1 72 1.000000
lowpoly_plastic
0  -4.108778 -6.459619 -12.689004  0.144226 0.965428 -0.217133  0.897248 0.822590 1 72 1.000000
0  -4.185127 -6.612295 -13.418551  0.144226 0.965428 -0.217134  0.897248 0.822590 1 72 1.000000
0  -4.185127 -6.447945 -12.691643  0.144226 0.965428 -0.217134  0.897248 0.822590 1 72 1.000000
lowpoly_plastic
0  -3.424033 -7.513357 -12.490615  1.000000 0.000000 -0.000000  0.897248 0.822590 1 72 1.000000
0  -3.424033 -6.714375 -13.395756  1.000000 0.000000 -0.000000  0.897248 0.822590 1 72 1.000000
0  -3.424033 -6.550214 -12.671035  1.000000 0.000000 -0.000000  0.897248 0.822590 1 72 1.000000
lowpoly_plastic
0  -3.529857 -8.247338 -13.055515  0.731852 -0.662723 0.158717  0.897248 0.822590 1 72 1.000000
0  -3.602834 -8.164948 -12.366853  0.737551 -0.657055 0.155873  0.897248 0.822590 1 72 1.000000
0  -3.603075 -8.324643 -13.038213  0.734761 -0.660127 0.156074  0.897248 0.822590 1 72 1.000000
lowpoly_plastic
0  -4.308838 -8.127273 -13.082313  -0.763322 -0.627859 0.152091  0.897248 0.822590 1 72 1.000000
0  -4.205480 -8.087552 -12.381836  -0.766089 -0.626116 0.145209  0.897248 0.822590 1 72 1.000000
0  -4.309006 -7.966728 -12.405059  -0.765176 -0.626477 0.148431  0.897248 0.822590 1 72 1.000000
lowpoly_plastic
0  -3.626559 -6.533345 -13.428428  0.045923 0.975523 -0.215048  0.897248 0.822590 1 72 1.000000
0  -3.867668 -6.357319 -12.704160  0.047164 0.972663 -0.227379  0.897248 0.822590 1 72 1.000000
0  -3.628030 -6.367560 -12.701844  0.046689 0.974109 -0.221204  0.897248 0.822590 1 72 1.000000
lowpoly_plastic
0  -3.626559 -6.533345 -13.428428  1.000000 -0.000010 0.000000  0.897248 0.822590 1 72 1.000000
0  -3.626559 -6.459619 -12.689004  1.000000 -0.000010 0.000002  0.897248 0.822590 1 72 1.000000
0  -3.628031 -6.622536 -13.416237  1.000000 -0.000010 0.000002  0.897248 0.822590 1 72 1.000000
lowpoly_plastic
0  -3.736783 -8.327986 -13.037416  0.002349 -0.972891 0.231252  0.897248 0.822590 1 72 1.000000
0  -3.672829 -8.168398 -12.366030  0.000000 -0.972894 0.231252  0.897248 0.822590 1 72 1.000000
0  -3.736782 -8.168398 -12.366030  0.000000 -0.972894 0.231252  0.897248 0.822590 1 72 1.000000
lowpoly_plastic
0  -3.462424 -6.649740 -13.410086  0.004504 -0.216119 -0.976357  0.863264 0.820637 1 72 1.000000
0  -3.550210 -6.612295 -13.418551  -0.000009 -0.220517 -0.975383  0.863264 0.820637 1 72 1.000000
0  -3.435242 -6.623297 -13.416064  -0.006354 -0.219901 -0.975501  0.863264 0.820637 1 72 1.000000
lowpoly_plastic
0  -3.867668 -6.559115 -13.422601  -0.006110 -0.218761 -0.975759  0.863264 0.820637 1 72 1.000000
0  -4.108778 -6.533345 -13.428428  0.006368 -0.220228 -0.975428  0.863264 0.820637 1 72 1.000000
0  -3.867668 -6.521670 -13.431067  -0.001765 -0.226512 -0.974007  0.863264 0.820637 1 72 1.000000
lowpoly_plastic
0  -4.080925 -6.485390 -12.683177  -0.083527 0.137659 0.986952  0.863264 0.820637 1 72 1.000000
0  -4.107306 -6.367560 -12.701844  -0.083527 0.137659 0.986952  0.863264 0.820637 1 72 1.000000
0  -4.108778 -6.459619 -12.689004  -0.083527 0.137659 0.986952  0.863264 0.820637 1 72 1.000000
lowpoly_plastic
0  -3.462424 -6.550214 -12.671035  0.000000 0.184121 0.982904  0.863264 0.820637 1 72 1.000000
0  -3.424033 -7.513357 -12.490615  0.000000 0.184121 0.982904  0.863264 0.820637 1 72 1.000000
0  -3.424033 -6.550214 -12.671035  0.000000 0.184121 0.982904  0.863264 0.820637 1 72 1.000000
lowpoly_plastic
0  -4.080925 -6.394765 -12.695693  0.006328 0.220535 0.975359  0.863264 0.820637 1 72 1.000000
0  -3.867668 -6.357319 -12.704160  0.000000 0.220540 0.975378  0.863264 0.820637 1 72 1.000000
0  -4.107306 -6.367560 -12.701844  0.004348 0.216051 0.976372  0.863264 0.820637 1 72 1.000000
lowpoly_plastic
0  -3.672829 -8.290636 -13.046293  -0.000028 -0.231248 -0.972895  0.863264 0.820637 1 72 1.000000
0  -3.603075 -8.324643 -13.038213  -0.001065 -0.229249 -0.973367  0.863264 0.820637 1 72 1.000000
0  -3.672829 -8.327986 -13.037416  -0.000028 -0.231248 -0.972895  0.863264 0.820637 1 72 1.000000
lowpoly_plastic
0  -3.736783 -8.290636 -13.046293  0.002301 -0.231251 -0.972891  0.863264 0.820637 1 72 1.000000
0  -3.672829 -8.327986 -13.037416  0.000000 -0.231252 -0.972894  0.863264 0.820637 1 72 1.000000
0  -3.736783 -8.327986 -13.037416  0.000000 -0.229012 -0.973423  0.863264 0.820637 1 72 1.000000
lowpoly_plastic
0  -3.462424 -6.485390 -12.683177  0.012544 0.191291 0.981453  0.863264 0.820637 1 72 1.000000
0  -3.424033 -6.550214 -12.671035  0.012545 0.191291 0.981453  0.863264 0.820637 1 72 1.000000
0  -3.435604 -6.458597 -12.689235  0.012545 0.191291 0.981453  0.863264 0.820637 1 72 1.000000
lowpoly_plastic
0  -3.462424 -7.674734 -13.182840  0.000000 -0.216448 -0.976294  0.863264 0.820637 1 72 1.000000
0  -3.424033 -6.714375 -13.395756  0.000000 -0.216448 -0.976294  0.863264 0.820637 1 72 1.000000
0  -3.424033 -7.674734 -13.182840  0.000000 -0.216448 -0.976294  0.863264 0.820637 1 72 1.000000
lowpoly_plastic
0  -4.272912 -7.954001 -12.408072  0.008227 0.184801 0.982742  0.863264 0.820637 1 72 1.000000
0  -4.311303 -7.513357 -12.490615  0.008227 0.184801 0.982742  0.863264 0.820637 1 72 1.000000
0  -4.309006 -7.966728 -12.405059  0.008227 0.184800 0.982742  0.863264 0.820637 1 72 1.000000
lowpoly_plastic
0  -4.185127 -6.485390 -12.683177  0.000000 0.220519 0.975383  0.863264 0.820637 1 72 1.000000
0  -4.108778 -6.459619 -12.689004  0.000000 0.220519 0.975383  0.863264 0.820637 1 72 1.000000
0  -4.185127 -6.447945 -12.691643  0.000000 0.220519 0.975383  0.863264 0.820637 1 72 1.000000
lowpoly_plastic
0  -3.618951 -8.290636 -13.046293  0.008525 -0.223663 -0.974629  0.863264 0.820637 1 72 1.000000
0  -3.529857 -8.247338 -13.055515  0.005560 -0.223769 -0.974626  0.863264 0.820637 1 72 1.000000
0  -3.603075 -8.324643 -13.038213  0.007184 -0.224403 -0.974470  0.863264 0.820637 1 72 1.000000
lowpoly_plastic
0  -4.116385 -8.131048 -12.374907  0.027094 0.209814 0.977366  0.863264 0.820637 1 72 1.000000
0  -4.205480 -8.087552 -12.381836  0.030123 0.208000 0.977665  0.863264 0.820637 1 72 1.000000
0  -4.132502 -8.164948 -12.366853  0.025862 0.211455 0.977045  0.863264 0.820637 1 72 1.000000
lowpoly_plastic
0  -4.272913 -6.550214 -12.671033  -0.012533 0.191319 0.981448  0.863264 0.820637 1 72 1.000000
0  -4.299732 -6.458597 -12.689235  -0.012532 0.191318 0.981448  0.863264 0.820637 1 72 1.000000
0  -4.311303 -6.550214 -12.671033  -0.012533 0.191320 0.981448  0.863264 0.820637 1 72 1.000000
lowpoly_plastic
0  -3.558851 -8.222855 -13.061320  0.007820 -0.219269 -0.975633  0.863264 0.820637 1 72 1.000000
0  -3.426498 -8.127273 -13.082313  0.001411 -0.222759 -0.974873  0.863264 0.820637 1 72 1.000000
0  -3.529857 -8.247338 -13.055515  0.002945 -0.219375 -0.975636  0.863264 0.820637 1 72 1.000000
lowpoly_plastic
0  -3.867668 -8.290636 -13.046293  0.002349 -0.231250 -0.972892  0.863264 0.820637 1 72 1.000000
0  -3.736783 -8.327986 -13.037416  -0.002301 -0.231250 -0.972892  0.863264 0.820637 1 72 1.000000
0  -3.867668 -8.327986 -13.037416  0.000000 -0.228964 -0.973435  0.863264 0.820637 1 72 1.000000
lowpoly_plastic
0  -3.998554 -8.131048 -12.374907  0.000000 0.231241 0.972897  0.863264 0.820637 1 72 1.000000
0  -4.062507 -8.168398 -12.366030  0.000000 0.231241 0.972897  0.863264 0.820637 1 72 1.000000
0  -3.998554 -8.168398 -12.366030  0.000000 0.231241 0.972897  0.863264 0.820637 1 72 1.000000
lowpoly_plastic
0  -3.736782 -8.131048 -12.374907  -0.002301 0.231249 0.972892  0.863264 0.820637 1 72 1.000000
0  -3.867668 -8.168398 -12.366030  0.000000 0.231250 0.972894  0.863264 0.820637 1 72 1.000000
0  -3.736782 -8.168398 -12.366030  0.000000 0.233488 0.972360  0.863264 0.820637 1 72 1.000000
lowpoly_plastic
0  -3.998554 -8.290636 -13.046293  0.000000 -0.231250 -0.972894  0.863264 0.820637 1 72 1.000000
0  -3.867668 -8.327986 -13.037416  -0.002349 -0.231249 -0.972892  0.863264 0.820637 1 72 1.000000
0  -3.998554 -8.327986 -13.037416  0.000000 -0.231250 -0.972894  0.863264 0.820637 1 72 1.000000
lowpoly_plastic
0  -4.062507 -8.131048 -12.374907  -0.000075 0.231252 0.972894  0.863264 0.820637 1 72 1.000000
0  -4.132502 -8.164948 -12.366853  -0.000075 0.231252 0.972894  0.863264 0.820637 1 72 1.000000
0  -4.062507 -8.168398 -12.366030  -0.000075 0.231252 0.972894  0.863264 0.820637 1 72 1.000000
lowpoly_plastic
0  -4.185127 -6.649740 -13.410086  0.000007 -0.220519 -0.975383  0.863264 0.820637 1 72 1.000000
0  -4.300095 -6.623297 -13.416064  0.006304 -0.219912 -0.975499  0.863264 0.820637 1 72 1.000000
0  -4.185127 -6.612295 -13.418551  0.000007 -0.220519 -0.975383  0.863264 0.820637 1 72 1.000000
lowpoly_plastic
0  -3.867668 -8.131048 -12.374907  -0.002397 0.231249 0.972892  0.863264 0.820637 1 72 1.000000
0  -3.998554 -8.168398 -12.366030  0.000000 0.231250 0.972894  0.863264 0.820637 1 72 1.000000
0  -3.867668 -8.168398 -12.366030  0.000000 0.233581 0.972337  0.863264 0.820637 1 72 1.000000
lowpoly_plastic
0  -3.654411 -6.394765 -12.695693  0.083542 0.137672 0.986948  0.863264 0.820637 1 72 1.000000
0  -3.626559 -6.459619 -12.689004  0.083541 0.137672 0.986948  0.863264 0.820637 1 72 1.000000
0  -3.628030 -6.367560 -12.701844  0.083542 0.137672 0.986948  0.863264 0.820637 1 72 1.000000
lowpoly_plastic
0  -4.176485 -8.222855 -13.061320  -0.009700 -0.227509 -0.973728  0.863264 0.820637 1 72 1.000000
0  -4.132262 -8.324643 -13.038213  -0.007636 -0.223788 -0.974608  0.863264 0.820637 1 72 1.000000
0  -4.205480 -8.247338 -13.055515  -0.005682 -0.225995 -0.974112  0.863264 0.820637 1 72 1.000000
lowpoly_plastic
0  -3.998553 9.356524 -15.164109  0.000000 -0.999935 0.011434  0.008576 0.748762 1 79 1.000000
0  -3.867667 9.383073 -12.842461  0.000000 -0.999935 0.011434  0.008576 0.748762 1 79 1.000000
0  -3.998553 9.383073 -12.842461  0.000310 -0.999936 0.011306  0.008576 0.748762 1 79 1.000000
lowpoly_plastic
0  -4.080925 11.103771 -15.195807  0.000000 0.999935 -0.011386  0.008576 0.748762 1 79 1.000000
0  -3.867667 11.130404 -12.856840  0.000000 0.999935 -0.011386  0.008576 0.748762 1 79 1.000000
0  -3.867668 11.103771 -15.195807  0.000000 0.999935 -0.011386  0.008576 0.748762 1 79 1.000000
lowpoly_plastic
0  -4.272912 10.924812 -16.344177  0.000000 0.992145 -0.125095  0.008576 0.748762 1 79 1.000000
0  -4.185127 10.779190 -17.499134  0.000000 0.992145 -0.125095  0.008576 0.748762 1 79 1.000000
0  -4.272913 10.779190 -17.499134  0.000000 0.992145 -0.125095  0.008576 0.748762 1 79 1.000000
lowpoly_plastic
0  -4.080925 11.015437 -16.356693  0.000000 0.997117 -0.075873  0.008576 0.748762 1 79 1.000000
0  -3.867668 11.103771 -15.195807  0.000000 0.997117 -0.075873  0.008576 0.748762 1 79 1.000000
0  -3.867668 11.015437 -16.356693  0.000000 0.997117 -0.075873  0.008576 0.748762 1 79 1.000000
lowpoly_plastic
0  -4.080925 9.198917 -19.719807  0.000000 -0.179766 -0.983709  0.008576 0.748762 1 79 1.000000
0  -4.185127 10.166803 -19.896681  0.000000 -0.179766 -0.983709  0.008576 0.748762 1 79 1.000000
0  -4.080925 10.166803 -19.896681  0.000000 -0.179766 -0.983709  0.008576 0.748762 1 79 1.000000
lowpoly_plastic
0  -3.462424 10.779190 -17.499134  1.000000 -0.000006 -0.000000  0.008576 0.748762 1 79 1.000000
0  -3.462424 10.858919 -16.337593  1.000000 -0.000006 -0.000000  0.008576 0.748762 1 79 1.000000
0  -3.462424 10.713722 -17.492653  1.000000 -0.000006 -0.000000  0.008576 0.748762 1 79 1.000000
lowpoly_plastic
0  -4.176485 8.934935 -18.395153  -0.749858 -0.643567 0.153412  0.008576 0.748762 1 79 1.000000
0  -4.116385 9.117169 -17.334633  -0.756180 -0.636447 0.152074  0.008576 0.748762 1 79 1.000000
0  -4.176485 9.185823 -17.341427  -0.752659 -0.641455 0.148459  0.008576 0.748762 1 79 1.000000
lowpoly_plastic
0  -4.166634 11.004862 -12.148806  -0.929932 -0.000827 0.367731  0.008576 0.748762 1 79 1.000000
0  -4.082368 10.322666 -11.937243  -0.929932 -0.000827 0.367731  0.008576 0.748762 1 79 1.000000
0  -4.082368 11.004482 -11.935712  -0.929932 -0.000827 0.367731  0.008576 0.748762 1 79 1.000000
lowpoly_plastic
0  -3.568701 9.570805 -12.151038  0.750582 -0.649457 0.121787  0.008576 0.748762 1 79 1.000000
0  -3.618950 9.383073 -12.842461  0.750582 -0.649457 0.121787  0.008576 0.748762 1 79 1.000000
0  -3.558850 9.452517 -12.842539  0.750582 -0.649457 0.121787  0.008576 0.748762 1 79 1.000000
lowpoly_plastic
0  -4.109588 8.646502 -19.618855  0.000000 -0.179770 -0.983709  0.008576 0.748762 1 79 1.000000
0  -4.116385 8.578188 -19.606371  0.000000 -0.179770 -0.983709  0.008576 0.748762 1 79 1.000000
0  -4.176486 8.646502 -19.618855  0.000000 -0.179770 -0.983709  0.008576 0.748762 1 79 1.000000
lowpoly_plastic
0  -4.272912 10.997972 -12.844251  -0.988523 -0.000235 0.151069  0.008576 0.748762 1 79 1.000000
0  -4.166633 10.020948 -12.150337  -0.988523 -0.000235 0.151069  0.008576 0.748762 1 79 1.000000
0  -4.166634 11.004862 -12.148806  -0.988523 -0.000235 0.151069  0.008576 0.748762 1 79 1.000000
lowpoly_plastic
0  -3.462424 10.283628 -19.403269  1.000000 0.000000 0.000000  0.008576 0.748762 1 79 1.000000
0  -3.462424 10.231945 -19.908587  1.000000 0.000000 0.000000  0.008576 0.748762 1 79 1.000000
0  -3.462424 10.348263 -19.417599  1.000000 0.000000 0.000000  0.008576 0.748762 1 79 1.000000
lowpoly_plastic
0  -4.078847 9.570805 -12.151038  0.000000 -0.001558 0.999999  0.008576 0.748762 1 79 1.000000
0  -4.070206 9.459385 -12.151212  0.000000 -0.001558 0.999999  0.008576 0.748762 1 79 1.000000
0  -4.003308 9.459385 -12.151212  0.000000 -0.001558 0.999999  0.008576 0.748762 1 79 1.000000
lowpoly_plastic
0  -3.654410 11.039778 -12.844324  0.988456 0.020724 0.150085  0.008576 0.748762 1 79 1.000000
0  -3.760689 11.161708 -12.161219  0.988456 0.020724 0.150085  0.008576 0.748762 1 79 1.000000
0  -3.760689 11.071081 -12.148703  0.988456 0.020724 0.150085  0.008576 0.748762 1 79 1.000000
lowpoly_plastic
0  -3.760689 11.004862 -12.148806  0.000000 -0.001555 0.999999  0.008576 0.748762 1 79 1.000000
0  -3.867667 11.071081 -12.148703  0.000000 -0.001555 0.999999  0.008576 0.748762 1 79 1.000000
0  -3.867667 11.004862 -12.148806  0.000000 -0.001555 0.999999  0.008576 0.748762 1 79 1.000000
lowpoly_plastic
0  -3.867668 11.103771 -15.195807  0.000000 0.997117 -0.075873  0.008576 0.748762 1 79 1.000000
0  -3.654411 11.015437 -16.356693  0.000000 0.997117 -0.075873  0.008576 0.748762 1 79 1.000000
0  -3.867668 11.015437 -16.356693  0.000000 0.997117 -0.075873  0.008576 0.748762 1 79 1.000000
lowpoly_plastic
0  -3.462424 8.883901 -19.092945  0.002583 -0.216661 -0.976243  0.863264 0.820637 1 79 1.000000
0  -3.424033 9.323269 -19.190353  0.002583 -0.216661 -0.976243  0.863264 0.820637 1 79 1.000000
0  -3.426498 8.870730 -19.089825  0.002583 -0.216661 -0.976243  0.863264 0.820637 1 79 1.000000
lowpoly_plastic
0  -3.550210 9.198917 -19.719807  0.000000 -0.179768 -0.983709  0.008576 0.748762 1 79 1.000000
0  -3.654411 8.756106 -19.638885  0.000000 -0.179768 -0.983709  0.008576 0.748762 1 79 1.000000
0  -3.654411 9.198917 -19.719807  0.000000 -0.179768 -0.983709  0.008576 0.748762 1 79 1.000000
lowpoly_plastic
0  -3.867668 10.166803 -19.896681  0.000000 -0.179785 -0.983706  0.008576 0.748762 1 79 1.000000
0  -4.080925 10.231945 -19.908587  0.000000 -0.179785 -0.983706  0.008576 0.748762 1 79 1.000000
0  -3.867668 10.231945 -19.908587  0.000000 -0.179785 -0.983706  0.008576 0.748762 1 79 1.000000
lowpoly_plastic
0  -3.867668 8.646502 -19.618855  0.000000 -0.179760 -0.983711  0.008576 0.748762 1 79 1.000000
0  -3.736783 8.578188 -19.606371  0.000000 -0.179760 -0.983711  0.008576 0.748762 1 79 1.000000
0  -3.867668 8.578188 -19.606371  0.000000 -0.179760 -0.983711  0.008576 0.748762 1 79 1.000000
lowpoly_plastic
0  -3.550210 10.166803 -19.896681  0.000000 -0.179766 -0.983709  0.008576 0.748762 1 79 1.000000
0  -3.654411 9.198917 -19.719807  0.000000 -0.179766 -0.983709  0.008576 0.748762 1 79 1.000000
0  -3.654411 10.166803 -19.896681  0.000000 -0.179766 -0.983709  0.008576 0.748762 1 79 1.000000
lowpoly_plastic
0  -3.618951 9.117169 -17.334633  0.000000 -0.993286 0.115689  0.008576 0.748762 1 79 1.000000
0  -3.672829 9.252003 -16.176979  0.000000 -0.993286 0.115689  0.008576 0.748762 1 79 1.000000
0  -3.672829 9.117169 -17.334633  0.000000 -0.993286 0.115689  0.008576 0.748762 1 79 1.000000
lowpoly_plastic
0  -3.654411 10.779190 -17.499134  1.000000 -0.000000 -0.000000  0.008576 0.748762 1 79 1.000000
0  -3.654411 11.015437 -16.356693  1.000000 -0.000000 -0.000000  0.008576 0.748762 1 79 1.000000
0  -3.654411 10.924812 -16.344177  1.000000 -0.000000 -0.000000  0.008576 0.748762 1 79 1.000000
lowpoly_plastic
0  -3.654411 10.603238 -18.703205  1.000000 0.000000 0.000000  0.008576 0.748762 1 79 1.000000
0  -3.654411 10.779190 -17.499134  1.000000 0.000000 0.000000  0.008576 0.748762 1 79 1.000000
0  -3.654411 10.512613 -18.690689  1.000000 0.000000 0.000000  0.008576 0.748762 1 79 1.000000
lowpoly_plastic
0  -3.550209 10.020948 -14.344186  -1.000000 -0.000000 0.000000  0.008576 0.748762 1 79 1.000000
0  -3.550209 9.570805 -12.818106  -1.000000 -0.000000 0.000000  0.008576 0.748762 1 79 1.000000
0  -3.550209 10.020948 -12.817404  -1.000000 -0.000000 0.000000  0.008576 0.748762 1 79 1.000000
lowpoly_plastic
0  -3.462424 10.924812 -16.344177  1.000000 0.000000 0.000000  0.008576 0.748762 1 79 1.000000
0  -3.462424 10.971342 -15.182536  1.000000 0.000000 0.000000  0.008576 0.748762 1 79 1.000000
0  -3.462424 10.858919 -16.337593  1.000000 0.000000 0.000000  0.008576 0.748762 1 79 1.000000
lowpoly_plastic
0  -3.462424 9.323269 -19.190353  1.000000 0.000000 0.000000  0.008576 0.748762 1 79 1.000000
0  -3.462424 10.166803 -19.896681  1.000000 0.000000 0.000000  0.008576 0.748762 1 79 1.000000
0  -3.462424 10.283628 -19.403269  1.000000 0.000000 0.000000  0.008576 0.748762 1 79 1.000000
lowpoly_plastic
0  -3.462423 11.039778 -12.844324  0.988523 0.000276 0.151070  0.008576 0.748762 1 79 1.000000
0  -3.568701 11.004862 -12.148806  0.988523 0.000276 0.151070  0.008576 0.748762 1 79 1.000000
0  -3.462423 10.997972 -12.844251  0.988523 0.000276 0.151070  0.008576 0.748762 1 79 1.000000
lowpoly_plastic
0  -3.652966 11.070702 -11.935610  0.929931 -0.000568 0.367735  0.008576 0.748762 1 79 1.000000
0  -3.568701 11.004862 -12.148806  0.929931 -0.000568 0.367735  0.008576 0.748762 1 79 1.000000
0  -3.568701 11.071081 -12.148703  0.929931 -0.000568 0.367735  0.008576 0.748762 1 79 1.000000
lowpoly_plastic
0  -3.654411 10.512613 -18.690689  0.004643 0.224861 0.974380  0.863264 0.820637 1 79 1.000000
0  -3.550210 10.550058 -18.699156  0.000000 0.220672 0.975348  0.863264 0.820637 1 79 1.000000
0  -3.626559 10.538383 -18.696518  0.006311 0.221550 0.975129  0.863264 0.820637 1 79 1.000000
lowpoly_plastic
0  -3.462424 8.883901 -19.092945  1.000000 0.000001 -0.000000  0.008576 0.748762 1 79 1.000000
0  -3.462424 9.198917 -19.719807  1.000000 0.000001 -0.000000  0.008576 0.748762 1 79 1.000000
0  -3.462424 9.323269 -19.190353  1.000000 0.000001 -0.000000  0.008576 0.748762 1 79 1.000000
lowpoly_plastic
0  -3.867668 8.756106 -19.638885  0.000000 -0.179779 -0.983707  0.008576 0.748762 1 79 1.000000
0  -3.705155 8.646502 -19.618855  0.000000 -0.179779 -0.983707  0.008576 0.748762 1 79 1.000000
0  -3.867668 8.646502 -19.618855  0.000000 -0.179779 -0.983707  0.008576 0.748762 1 79 1.000000
lowpoly_plastic
0  -3.705155 8.646502 -19.618855  0.000000 -0.179764 -0.983710  0.008576 0.748762 1 79 1.000000
0  -3.618951 8.578188 -19.606371  0.000000 -0.179764 -0.983710  0.008576 0.748762 1 79 1.000000
0  -3.672830 8.578188 -19.606371  0.000000 -0.179764 -0.983710  0.008576 0.748762 1 79 1.000000
lowpoly_plastic
0  -4.185127 8.756106 -19.638885  0.000000 -0.179778 -0.983707  0.008576 0.748762 1 79 1.000000
0  -4.176486 8.646502 -19.618855  0.000000 -0.179778 -0.983707  0.008576 0.748762 1 79 1.000000
0  -4.272913 8.756106 -19.638885  0.000000 -0.179778 -0.983707  0.008576 0.748762 1 79 1.000000
lowpoly_plastic
0  -3.656487 11.071081 -12.148703  0.000000 0.998989 -0.044955  0.008576 0.748762 1 79 1.000000
0  -3.550209 11.039778 -12.844324  0.000000 0.998989 -0.044955  0.008576 0.748762 1 79 1.000000
0  -3.654410 11.039778 -12.844324  0.000000 0.998989 -0.044955  0.008576 0.748762 1 79 1.000000
lowpoly_plastic
0  -4.176484 9.452517 -12.842539  -0.750581 -0.649458 0.121785  0.008576 0.748762 1 79 1.000000
0  -4.166633 9.570805 -12.151038  -0.750581 -0.649458 0.121785  0.008576 0.748762 1 79 1.000000
0  -4.272911 9.563935 -12.842662  -0.750581 -0.649458 0.121785  0.008576 0.748762 1 79 1.000000
lowpoly_plastic
0  -3.923902 9.459385 -12.151212  0.000000 -0.001552 0.999999  0.008576 0.748762 1 79 1.000000
0  -3.956228 9.389940 -12.151320  0.000000 -0.001552 0.999999  0.008576 0.748762 1 79 1.000000
0  -3.892274 9.389940 -12.151320  0.000000 -0.001552 0.999999  0.008576 0.748762 1 79 1.000000
lowpoly_plastic
0  -3.654411 10.779190 -17.499134  0.000000 0.992145 -0.125095  0.008576 0.748762 1 79 1.000000
0  -3.550210 10.924812 -16.344177  0.000000 0.992145 -0.125095  0.008576 0.748762 1 79 1.000000
0  -3.550210 10.779190 -17.499134  0.000000 0.992145 -0.125095  0.008576 0.748762 1 79 1.000000
lowpoly_plastic
0  -3.867668 9.252003 -16.176979  0.000000 -0.994718 0.102647  0.008576 0.748762 1 79 1.000000
0  -3.998553 9.356524 -15.164109  0.000000 -0.994718 0.102647  0.008576 0.748762 1 79 1.000000
0  -3.998553 9.252003 -16.176979  0.000000 -0.994718 0.102647  0.008576 0.748762 1 79 1.000000
lowpoly_plastic
0  -4.062506 9.383073 -12.842461  0.000000 -0.999951 0.009939  0.008576 0.748762 1 79 1.000000
0  -4.010106 9.389940 -12.151320  0.000000 -0.999951 0.009939  0.008576 0.748762 1 79 1.000000
0  -4.116384 9.383073 -12.842461  0.000000 -0.999951 0.009939  0.008576 0.748762 1 79 1.000000
lowpoly_plastic
0  -3.867668 10.869816 -17.511650  0.000000 0.992145 -0.125094  0.008576 0.748762 1 79 1.000000
0  -3.654411 11.015437 -16.356693  0.000000 0.992145 -0.125094  0.008576 0.748762 1 79 1.000000
0  -3.654411 10.869816 -17.511650  0.000000 0.992145 -0.125094  0.008576 0.748762 1 79 1.000000
lowpoly_plastic
0  -4.176485 8.934935 -18.395153  0.014470 0.200281 0.979632  0.863264 0.820637 1 79 1.000000
0  -4.309006 9.031275 -18.412571  0.017654 0.201283 0.979374  0.863264 0.820637 1 79 1.000000
0  -4.205480 8.910451 -18.389349  0.016634 0.204478 0.978730  0.863264 0.820637 1 79 1.000000
lowpoly_plastic
0  -4.080925 10.348263 -19.417599  -0.000000 0.971577 -0.236726  0.008576 0.748762 1 79 1.000000
0  -4.185127 10.231945 -19.908587  0.000000 0.973066 -0.230527  0.008576 0.748762 1 79 1.000000
0  -4.185127 10.348263 -19.417599  0.000000 0.973066 -0.230527  0.008576 0.748762 1 79 1.000000
lowpoly_plastic
0  -4.080925 11.039778 -12.844324  0.000000 0.998989 -0.044955  0.008576 0.748762 1 79 1.000000
0  -4.078847 11.071081 -12.148703  0.000000 0.998989 -0.044955  0.008576 0.748762 1 79 1.000000
0  -3.974646 11.071081 -12.148703  0.000000 0.998989 -0.044955  0.008576 0.748762 1 79 1.000000
lowpoly_plastic
0  -3.672829 8.866955 -18.382420  0.000000 0.231218 0.972902  0.863264 0.820637 1 79 1.000000
0  -3.736782 8.829605 -18.373543  0.000000 0.231218 0.972902  0.863264 0.820637 1 79 1.000000
0  -3.672829 8.829605 -18.373543  0.000000 0.231218 0.972902  0.863264 0.820637 1 79 1.000000
lowpoly_plastic
0  -3.672829 9.117169 -17.334633  0.000000 -0.993285 0.115690  0.008576 0.748762 1 79 1.000000
0  -3.736782 9.252003 -16.176979  0.000000 -0.993285 0.115690  0.008576 0.748762 1 79 1.000000
0  -3.736782 9.117169 -17.334633  0.000000 -0.993285 0.115690  0.008576 0.748762 1 79 1.000000
lowpoly_plastic
0  -3.618951 9.356524 -15.164109  0.000000 -0.994718 0.102648  0.008576 0.748762 1 79 1.000000
0  -3.672829 9.252003 -16.176979  0.000000 -0.994718 0.102648  0.008576 0.748762 1 79 1.000000
0  -3.618951 9.252003 -16.176979  0.000000 -0.994718 0.102648  0.008576 0.748762 1 79 1.000000
lowpoly_plastic
0  -4.003308 9.459385 -12.151212  0.000000 1.000000 0.000000  0.008576 0.748762 1 79 1.000000
0  -4.030180 9.459385 -12.818278  0.000000 1.000000 0.000000  0.008576 0.748762 1 79 1.000000
0  -4.109587 9.459385 -12.818278  0.000000 1.000000 0.000000  0.008576 0.748762 1 79 1.000000
lowpoly_plastic
0  -3.656487 9.570805 -12.151038  -0.820513 0.556479 -0.130724  0.008576 0.748762 1 79 1.000000
0  -3.625747 9.459385 -12.818278  -0.820513 0.556479 -0.130724  0.008576 0.748762 1 79 1.000000
0  -3.732026 9.459385 -12.151212  -0.820513 0.556479 -0.130724  0.008576 0.748762 1 79 1.000000
lowpoly_plastic
0  -3.654411 8.756106 -19.638885  0.000000 -0.179782 -0.983706  0.008576 0.748762 1 79 1.000000
0  -3.558851 8.646502 -19.618855  0.000000 -0.179782 -0.983706  0.008576 0.748762 1 79 1.000000
0  -3.625749 8.646502 -19.618855  0.000000 -0.179782 -0.983706  0.008576 0.748762 1 79 1.000000
lowpoly_plastic
0  -3.550209 10.020948 -12.817404  -0.987545 0.000246 -0.157338  0.008576 0.748762 1 79 1.000000
0  -3.656487 9.570805 -12.151038  -0.987545 0.000246 -0.157338  0.008576 0.748762 1 79 1.000000
0  -3.656487 10.020948 -12.150337  -0.987545 0.000246 -0.157338  0.008576 0.748762 1 79 1.000000
lowpoly_plastic
0  -4.070206 9.459385 -12.151212  -0.750575 -0.649456 0.121837  0.008576 0.748762 1 79 1.000000
0  -4.176484 9.452517 -12.842539  -0.750575 -0.649456 0.121837  0.008576 0.748762 1 79 1.000000
0  -4.116384 9.383073 -12.842461  -0.750575 -0.649456 0.121837  0.008576 0.748762 1 79 1.000000
lowpoly_plastic
0  -3.867667 11.130404 -12.856840  0.000000 0.999935 -0.011386  0.008576 0.748762 1 79 1.000000
0  -3.654411 11.103771 -15.195807  0.000000 0.999935 -0.011386  0.008576 0.748762 1 79 1.000000
0  -3.867668 11.103771 -15.195807  0.000000 0.999935 -0.011386  0.008576 0.748762 1 79 1.000000
lowpoly_plastic
0  -4.185126 11.013145 -15.183292  0.000000 0.999935 -0.011386  0.008576 0.748762 1 79 1.000000
0  -4.080925 11.039778 -12.844324  0.000000 0.999935 -0.011386  0.008576 0.748762 1 79 1.000000
0  -4.080925 11.013145 -15.183292  0.000000 0.999935 -0.011386  0.008576 0.748762 1 79 1.000000
lowpoly_plastic
0  -3.462424 11.013145 -15.183292  1.000000 0.000000 -0.000000  0.008576 0.748762 1 79 1.000000
0  -3.462423 10.997972 -12.844251  1.000000 0.000000 -0.000000  0.008576 0.748762 1 79 1.000000
0  -3.462424 10.971342 -15.182536  1.000000 0.000000 -0.000000  0.008576 0.748762 1 79 1.000000
lowpoly_plastic
0  -3.672828 9.383073 -12.842461  0.000000 -0.999935 0.011435  0.008576 0.748762 1 79 1.000000
0  -3.736782 9.356524 -15.164109  0.000000 -0.999935 0.011435  0.008576 0.748762 1 79 1.000000
0  -3.672829 9.356524 -15.164109  0.000000 -0.999935 0.011435  0.008576 0.748762 1 79 1.000000
lowpoly_plastic
0  -3.736782 9.356524 -15.164109  0.000000 -0.999935 0.011435  0.008576 0.748762 1 79 1.000000
0  -3.867667 9.383073 -12.842461  0.000000 -0.999935 0.011435  0.008576 0.748762 1 79 1.000000
0  -3.867668 9.356524 -15.164109  0.000000 -0.999935 0.011435  0.008576 0.748762 1 79 1.000000
lowpoly_plastic
0  -3.654411 11.013145 -15.183292  1.000000 -0.000005 -0.000000  0.008576 0.748762 1 79 1.000000
0  -3.654410 11.130404 -12.856840  1.000000 -0.000005 -0.000000  0.008576 0.748762 1 79 1.000000
0  -3.654410 11.039778 -12.844324  1.000000 -0.000005 -0.000000  0.008576 0.748762 1 79 1.000000
lowpoly_plastic
0  -3.462424 9.987494 -15.171310  1.000000 0.000000 -0.000000  0.008576 0.748762 1 79 1.000000
0  -3.462423 9.563935 -12.842662  1.000000 0.000000 -0.000000  0.008576 0.748762 1 79 1.000000
0  -3.462424 9.537376 -15.166174  1.000000 0.000000 -0.000000  0.008576 0.748762 1 79 1.000000
lowpoly_plastic
0  -4.272912 9.987494 -15.171310  -1.000000 0.000000 0.000000  0.008576 0.748762 1 79 1.000000
0  -4.272911 9.563935 -12.842662  -1.000000 0.000000 0.000000  0.008576 0.748762 1 79 1.000000
0  -4.272911 10.014074 -12.843161  -1.000000 0.000000 0.000000  0.008576 0.748762 1 79 1.000000
lowpoly_plastic
0  -3.867668 10.438888 -19.430115  -0.001821 0.971638 -0.236467  0.008576 0.748762 1 79 1.000000
0  -4.080925 10.322570 -19.921101  0.000000 0.973066 -0.230526  0.008576 0.748762 1 79 1.000000
0  -4.080925 10.438888 -19.430115  0.006376 0.973046 -0.230522  0.008576 0.748762 1 79 1.000000
lowpoly_plastic
0  -3.462424 10.858919 -16.337593  1.000000 0.000000 -0.000000  0.008576 0.748762 1 79 1.000000
0  -3.462424 9.987494 -15.171310  1.000000 0.000000 -0.000000  0.008576 0.748762 1 79 1.000000
0  -3.462424 9.879883 -16.239737  1.000000 0.000000 -0.000000  0.008576 0.748762 1 79 1.000000
lowpoly_plastic
0  -3.998553 9.252003 -16.176979  0.000000 -0.994718 0.102649  0.008576 0.748762 1 79 1.000000
0  -4.062506 9.356524 -15.164109  0.000000 -0.994718 0.102649  0.008576 0.748762 1 79 1.000000
0  -4.062506 9.252003 -16.176979  0.000000 -0.994718 0.102649  0.008576 0.748762 1 79 1.000000
lowpoly_plastic
0  -3.462423 10.997972 -12.844251  0.988521 -0.000223 0.151084  0.008576 0.748762 1 79 1.000000
0  -3.568701 10.020948 -12.150337  0.988438 0.000169 0.151622  0.008576 0.748762 1 79 1.000000
0  -3.462423 10.014074 -12.843161  0.988438 0.000169 0.151622  0.008576 0.748762 1 79 1.000000
lowpoly_plastic
0  -3.652966 11.004482 -11.935712  -0.232570 -0.001512 0.972578  0.008576 0.748762 1 79 1.000000
0  -3.705285 11.070704 -11.948120  -0.232570 -0.001512 0.972578  0.008576 0.748762 1 79 1.000000
0  -3.705285 11.004482 -11.948223  -0.232570 -0.001512 0.972578  0.008576 0.748762 1 79 1.000000
lowpoly_plastic
0  -4.078847 11.004862 -12.148806  0.971532 0.000369 -0.236910  0.008576 0.748762 1 79 1.000000
0  -4.030049 10.322666 -11.949755  0.971602 0.000525 -0.236621  0.008576 0.748762 1 79 1.000000
0  -4.078847 10.020948 -12.150337  0.971532 0.000369 -0.236910  0.008576 0.748762 1 79 1.000000
lowpoly_plastic
0  -3.652966 10.322666 -11.937243  -0.191795 -0.564699 0.802701  0.008576 0.748762 1 79 1.000000
0  -3.656487 10.020948 -12.150337  -0.000011 -0.576425 0.817150  0.008576 0.748762 1 79 1.000000
0  -3.568701 10.020948 -12.150337  0.000000 -0.576894 0.816819  0.008576 0.748762 1 79 1.000000
lowpoly_plastic
0  -3.867668 8.578188 -19.606371  0.000000 -0.973745 0.227643  0.008576 0.748762 1 79 1.000000
0  -3.736783 8.707367 -19.053806  -0.002253 -0.973742 0.227642  0.008576 0.748762 1 79 1.000000
0  -3.867668 8.707367 -19.053806  -0.000000 -0.974266 0.225402  0.008576 0.748762 1 79 1.000000
lowpoly_plastic
0  -3.462424 9.484646 -18.498127  -0.008172 0.184801 0.982742  0.863264 0.820637 1 79 1.000000
0  -3.426329 9.031275 -18.412571  -0.008172 0.184802 0.982742  0.863264 0.820637 1 79 1.000000
0  -3.424033 9.484646 -18.498127  -0.008172 0.184802 0.982742  0.863264 0.820637 1 79 1.000000
lowpoly_plastic
0  -3.558851 8.934935 -18.395153  0.750713 -0.642303 0.154520  0.008576 0.748762 1 79 1.000000
0  -3.618951 9.117169 -17.334633  0.756190 -0.636436 0.152073  0.008576 0.748762 1 79 1.000000
0  -3.618951 8.866955 -18.382420  0.752867 -0.638971 0.157818  0.008576 0.748762 1 79 1.000000
lowpoly_plastic
0  -4.176485 9.321102 -16.183887  -0.754798 -0.652050 0.071487  0.008576 0.748762 1 79 1.000000
0  -4.116385 9.356524 -15.164109  -0.755305 -0.651923 0.067158  0.008576 0.748762 1 79 1.000000
0  -4.176485 9.425964 -15.164903  -0.754878 -0.652477 0.066579  0.008576 0.748762 1 79 1.000000
lowpoly_plastic
0  -3.568701 11.004862 -12.148806  0.929654 -0.000574 0.368432  0.008576 0.748762 1 79 1.000000
0  -3.652966 10.322666 -11.937243  0.929654 -0.000574 0.368432  0.008576 0.748762 1 79 1.000000
0  -3.568701 10.020948 -12.150337  0.929654 -0.000574 0.368432  0.008576 0.748762 1 79 1.000000
lowpoly_plastic
0  -3.550209 11.039778 -12.844324  0.000000 0.998989 -0.044955  0.008576 0.748762 1 79 1.000000
0  -3.568701 11.071081 -12.148703  0.000000 0.998989 -0.044955  0.008576 0.748762 1 79 1.000000
0  -3.462423 11.039778 -12.844324  0.000000 0.998989 -0.044955  0.008576 0.748762 1 79 1.000000
lowpoly_plastic
0  -3.867668 11.004861 -14.342654  0.000000 -1.000000 0.000000  0.008576 0.748762 1 79 1.000000
0  -3.654410 11.004862 -12.815872  0.000000 -1.000000 0.000000  0.008576 0.748762 1 79 1.000000
0  -3.867667 11.004862 -12.815872  0.000000 -1.000000 0.000000  0.008576 0.748762 1 79 1.000000
lowpoly_plastic
0  -4.272911 10.014074 -12.843161  -0.988438 -0.000236 0.151628  0.008576 0.748762 1 79 1.000000
0  -4.166633 9.570805 -12.151038  -0.988438 -0.000236 0.151628  0.008576 0.748762 1 79 1.000000
0  -4.166633 10.020948 -12.150337  -0.988438 -0.000236 0.151628  0.008576 0.748762 1 79 1.000000
lowpoly_plastic
0  -3.665128 9.459385 -12.151212  0.000000 -0.001558 0.999999  0.008576 0.748762 1 79 1.000000
0  -3.656487 9.570805 -12.151038  0.000000 -0.001558 0.999999  0.008576 0.748762 1 79 1.000000
0  -3.732026 9.459385 -12.151212  0.000000 -0.001558 0.999999  0.008576 0.748762 1 79 1.000000
lowpoly_plastic
0  -4.176485 8.775148 -19.068832  -0.757247 -0.636592 0.146038  0.008576 0.748762 1 79 1.000000
0  -4.272913 8.756106 -19.638885  -0.755760 -0.637640 0.149139  0.008576 0.748762 1 79 1.000000
0  -4.176486 8.646502 -19.618855  -0.755760 -0.637640 0.149139  0.008576 0.748762 1 79 1.000000
lowpoly_plastic
0  -4.272912 9.879883 -16.239737  -1.000000 0.000000 0.000000  0.008576 0.748762 1 79 1.000000
0  -4.272912 9.537376 -15.166174  -1.000000 0.000000 0.000000  0.008576 0.748762 1 79 1.000000
0  -4.272912 9.987494 -15.171310  -1.000000 0.000000 0.000000  0.008576 0.748762 1 79 1.000000
lowpoly_plastic
0  -3.462424 9.198917 -19.719807  0.000000 -0.179766 -0.983709  0.008576 0.748762 1 79 1.000000
0  -3.550210 8.756106 -19.638885  0.000000 -0.179766 -0.983709  0.008576 0.748762 1 79 1.000000
0  -3.550210 9.198917 -19.719807  0.000000 -0.179766 -0.983709  0.008576 0.748762 1 79 1.000000
lowpoly_plastic
0  -3.736782 9.356524 -15.164109  0.000000 -0.994718 0.102649  0.008576 0.748762 1 79 1.000000
0  -3.867668 9.252003 -16.176979  0.000000 -0.994718 0.102649  0.008576 0.748762 1 79 1.000000
0  -3.736782 9.252003 -16.176979  0.000000 -0.994718 0.102649  0.008576 0.748762 1 79 1.000000
lowpoly_plastic
0  -3.867668 10.322570 -19.921101  0.000000 -0.136787 -0.990600  0.008576 0.748762 1 79 1.000000
0  -3.654411 10.231945 -19.908587  0.000000 -0.136787 -0.990600  0.008576 0.748762 1 79 1.000000
0  -3.867668 10.231945 -19.908587  0.000000 -0.136787 -0.990600  0.008576 0.748762 1 79 1.000000
lowpoly_plastic
0  -3.867667 11.130404 -12.856840  0.000000 0.998989 -0.044955  0.008576 0.748762 1 79 1.000000
0  -3.974646 11.161708 -12.161219  0.000000 0.998989 -0.044955  0.008576 0.748762 1 79 1.000000
0  -3.867667 11.161708 -12.161219  0.000000 0.998989 -0.044955  0.008576 0.748762 1 79 1.000000
lowpoly_plastic
0  -3.654411 10.231945 -19.908587  0.000000 -0.179785 -0.983706  0.008576 0.748762 1 79 1.000000
0  -3.867668 10.166803 -19.896681  0.000000 -0.179785 -0.983706  0.008576 0.748762 1 79 1.000000
0  -3.867668 10.231945 -19.908587  0.000000 -0.179785 -0.983706  0.008576 0.748762 1 79 1.000000
lowpoly_plastic
0  -3.867667 11.071081 -12.148703  0.000000 0.136807 0.990598  0.008576 0.748762 1 79 1.000000
0  -3.974646 11.161708 -12.161219  0.000000 0.136807 0.990598  0.008576 0.748762 1 79 1.000000
0  -3.974646 11.071081 -12.148703  0.000000 0.136807 0.990598  0.008576 0.748762 1 79 1.000000
lowpoly_plastic
0  -4.185126 10.924812 -16.344177  0.000000 0.992145 -0.125094  0.008576 0.748762 1 79 1.000000
0  -4.080925 10.779190 -17.499134  0.000000 0.992145 -0.125094  0.008576 0.748762 1 79 1.000000
0  -4.185127 10.779190 -17.499134  0.000000 0.992145 -0.125094  0.008576 0.748762 1 79 1.000000
lowpoly_plastic
0  -3.867668 8.756106 -19.638885  0.000000 -0.179779 -0.983707  0.008576 0.748762 1 79 1.000000
0  -4.030181 8.646502 -19.618855  0.000000 -0.179779 -0.983707  0.008576 0.748762 1 79 1.000000
0  -4.080925 8.756106 -19.638885  0.000000 -0.179779 -0.983707  0.008576 0.748762 1 79 1.000000
lowpoly_plastic
0  -3.550210 10.231945 -19.908587  0.000000 0.973066 -0.230525  0.008576 0.748762 1 79 1.000000
0  -3.654411 10.348263 -19.417599  0.000964 0.971594 -0.236654  0.008576 0.748762 1 79 1.000000
0  -3.550210 10.348263 -19.417599  0.000000 0.973066 -0.230525  0.008576 0.748762 1 79 1.000000
lowpoly_plastic
0  -3.998554 8.707367 -19.053806  0.000000 -0.973745 0.227642  0.008576 0.748762 1 79 1.000000
0  -3.867668 8.578188 -19.606371  0.000000 -0.973745 0.227642  0.008576 0.748762 1 79 1.000000
0  -3.867668 8.707367 -19.053806  -0.002349 -0.973742 0.227641  0.008576 0.748762 1 79 1.000000
lowpoly_plastic
0  -4.080925 10.924812 -16.344177  -1.000000 0.000000 0.000000  0.008576 0.748762 1 79 1.000000
0  -4.080925 11.103771 -15.195807  -1.000000 0.000000 0.000000  0.008576 0.748762 1 79 1.000000
0  -4.080925 11.015437 -16.356693  -1.000000 0.000000 0.000000  0.008576 0.748762 1 79 1.000000
lowpoly_plastic
0  -4.080925 10.348263 -19.417599  -1.000000 -0.000004 0.000000  0.008576 0.748762 1 79 1.000000
0  -4.080925 10.322570 -19.921101  -1.000000 -0.000004 0.000000  0.008576 0.748762 1 79 1.000000
0  -4.080925 10.231945 -19.908587  -1.000000 -0.000004 0.000000  0.008576 0.748762 1 79 1.000000
lowpoly_plastic
0  -4.062506 9.252003 -16.176979  0.000000 -0.994718 0.102647  0.008576 0.748762 1 79 1.000000
0  -4.116385 9.356524 -15.164109  0.000000 -0.994718 0.102647  0.008576 0.748762 1 79 1.000000
0  -4.116385 9.252003 -16.176979  0.000000 -0.994718 0.102647  0.008576 0.748762 1 79 1.000000
lowpoly_plastic
0  -4.080925 10.166803 -19.896681  0.000000 -0.179790 -0.983705  0.008576 0.748762 1 79 1.000000
0  -4.185127 10.231945 -19.908587  0.000000 -0.179790 -0.983705  0.008576 0.748762 1 79 1.000000
0  -4.080925 10.231945 -19.908587  0.000000 -0.179790 -0.983705  0.008576 0.748762 1 79 1.000000
lowpoly_plastic
0  -3.867667 9.459385 -12.818278  0.000000 1.000000 -0.000001  0.008576 0.748762 1 79 1.000000
0  -4.030180 9.459383 -14.345059  0.000000 1.000000 -0.000001  0.008576 0.748762 1 79 1.000000
0  -4.030180 9.459385 -12.818278  0.000000 1.000000 -0.000001  0.008576 0.748762 1 79 1.000000
lowpoly_plastic
0  -4.080925 10.231945 -19.908587  0.000000 -0.136787 -0.990600  0.008576 0.748762 1 79 1.000000
0  -3.867668 10.322570 -19.921101  0.000000 -0.136787 -0.990600  0.008576 0.748762 1 79 1.000000
0  -3.867668 10.231945 -19.908587  0.000000 -0.136787 -0.990600  0.008576 0.748762 1 79 1.000000
lowpoly_plastic
0  -3.550210 11.004861 -14.342654  -1.000000 -0.000000 0.000000  0.008576 0.748762 1 79 1.000000
0  -3.550209 10.020948 -12.817404  -1.000000 -0.000000 0.000000  0.008576 0.748762 1 79 1.000000
0  -3.550209 11.004862 -12.815872  -1.000000 -0.000000 0.000000  0.008576 0.748762 1 79 1.000000
lowpoly_plastic
0  -4.272912 10.858919 -16.337593  -1.000000 0.000000 0.000000  0.008576 0.748762 1 79 1.000000
0  -4.272912 9.987494 -15.171310  -1.000000 0.000000 0.000000  0.008576 0.748762 1 79 1.000000
0  -4.272912 10.971342 -15.182536  -1.000000 0.000000 0.000000  0.008576 0.748762 1 79 1.000000
lowpoly_plastic
0  -4.272912 10.858919 -16.337593  -1.000000 0.000005 0.000000  0.008576 0.748762 1 79 1.000000
0  -4.272913 10.779190 -17.499134  -1.000000 0.000005 0.000000  0.008576 0.748762 1 79 1.000000
0  -4.272913 10.713722 -17.492653  -1.000000 0.000005 0.000000  0.008576 0.748762 1 79 1.000000
lowpoly_plastic
0  -3.656487 11.004862 -12.148806  -0.971660 0.000375 -0.236381  0.008576 0.748762 1 79 1.000000
0  -3.705285 11.070704 -11.948120  -0.971660 0.000375 -0.236381  0.008576 0.748762 1 79 1.000000
0  -3.656487 11.071081 -12.148703  -0.971660 0.000375 -0.236381  0.008576 0.748762 1 79 1.000000
lowpoly_plastic
0  -3.867668 8.646502 -19.618855  0.000000 -0.179765 -0.983710  0.008576 0.748762 1 79 1.000000
0  -3.998554 8.578188 -19.606371  0.000000 -0.179765 -0.983710  0.008576 0.748762 1 79 1.000000
0  -4.030181 8.646502 -19.618855  0.000000 -0.179765 -0.983710  0.008576 0.748762 1 79 1.000000
lowpoly_plastic
0  -4.116385 8.707367 -19.053806  -0.755740 -0.637982 0.147769  0.008576 0.748762 1 79 1.000000
0  -4.176486 8.646502 -19.618855  -0.755977 -0.637399 0.149066  0.008576 0.748762 1 79 1.000000
0  -4.116385 8.578188 -19.606371  -0.755977 -0.637399 0.149066  0.008576 0.748762 1 79 1.000000
lowpoly_plastic
0  -4.116385 9.252003 -16.176979  -0.757815 -0.647598 0.079582  0.008576 0.748762 1 79 1.000000
0  -4.176485 9.185823 -17.341427  -0.753916 -0.652364 0.077669  0.008576 0.748762 1 79 1.000000
0  -4.116385 9.117169 -17.334633  -0.753966 -0.652502 0.075998  0.008576 0.748762 1 79 1.000000
lowpoly_plastic
0  -3.568701 9.570805 -12.151038  0.750583 -0.649456 0.121786  0.008576 0.748762 1 79 1.000000
0  -3.558850 9.452517 -12.842539  0.750583 -0.649456 0.121786  0.008576 0.748762 1 79 1.000000
0  -3.462423 9.563935 -12.842662  0.750583 -0.649456 0.121786  0.008576 0.748762 1 79 1.000000
lowpoly_plastic
0  -4.272912 9.431971 -16.194969  -0.752941 -0.654555 0.068098  0.008576 0.748762 1 79 1.000000
0  -4.176485 9.425964 -15.164903  -0.755310 -0.651957 0.066777  0.008576 0.748762 1 79 1.000000
0  -4.272912 9.537376 -15.166174  -0.755025 -0.652277 0.066877  0.008576 0.748762 1 79 1.000000
lowpoly_plastic
0  -4.272912 9.044003 -18.415585  -0.752742 -0.640495 0.152138  0.008576 0.748762 1 79 1.000000
0  -4.176485 9.185823 -17.341427  -0.755598 -0.637221 0.151726  0.008576 0.748762 1 79 1.000000
0  -4.272912 9.295977 -17.352329  -0.752742 -0.640495 0.152138  0.008576 0.748762 1 79 1.000000
lowpoly_plastic
0  -3.654411 8.756106 -19.638885  0.000000 -0.179779 -0.983707  0.008576 0.748762 1 79 1.000000
0  -3.625749 8.646502 -19.618855  0.000000 -0.179779 -0.983707  0.008576 0.748762 1 79 1.000000
0  -3.705155 8.646502 -19.618855  0.000000 -0.179779 -0.983707  0.008576 0.748762 1 79 1.000000
lowpoly_plastic
0  -3.779107 9.389940 -12.151320  0.000000 -0.001552 0.999999  0.008576 0.748762 1 79 1.000000
0  -3.811433 9.459385 -12.151212  0.000000 -0.001552 0.999999  0.008576 0.748762 1 79 1.000000
0  -3.843060 9.389940 -12.151320  0.000000 -0.001552 0.999999  0.008576 0.748762 1 79 1.000000
lowpoly_plastic
0  -3.462424 10.231945 -19.908587  0.000000 -0.179785 -0.983706  0.008576 0.748762 1 79 1.000000
0  -3.550210 10.166803 -19.896681  0.000000 -0.179785 -0.983706  0.008576 0.748762 1 79 1.000000
0  -3.550210 10.231945 -19.908587  0.000000 -0.179785 -0.983706  0.008576 0.748762 1 79 1.000000
lowpoly_plastic
0  -3.725228 9.389940 -12.151320  0.000000 -0.999951 0.009936  0.008576 0.748762 1 79 1.000000
0  -3.672828 9.383073 -12.842461  0.000000 -0.999951 0.009936  0.008576 0.748762 1 79 1.000000
0  -3.618950 9.383073 -12.842461  0.000000 -0.999951 0.009936  0.008576 0.748762 1 79 1.000000
lowpoly_plastic
0  -3.550210 10.779190 -17.499134  0.000000 0.992145 -0.125094  0.008576 0.748762 1 79 1.000000
0  -3.462424 10.924812 -16.344177  0.000000 0.992145 -0.125094  0.008576 0.748762 1 79 1.000000
0  -3.462424 10.779190 -17.499134  0.000000 0.992145 -0.125094  0.008576 0.748762 1 79 1.000000
lowpoly_plastic
0  -3.867668 10.603238 -18.703205  0.000479 0.226790 0.973944  0.863264 0.820637 1 79 1.000000
0  -3.628030 10.630443 -18.709358  -0.000003 0.220594 0.975366  0.863264 0.820637 1 79 1.000000
0  -3.867668 10.640684 -18.711674  0.006330 0.219868 0.975509  0.863264 0.820637 1 79 1.000000
lowpoly_plastic
0  -4.109587 9.459385 -12.818278  0.827710 0.561157 -0.000000  0.008576 0.748762 1 79 1.000000
0  -4.185126 9.570805 -14.344887  0.827710 0.561157 -0.000000  0.008576 0.748762 1 79 1.000000
0  -4.185125 9.570805 -12.818106  0.827710 0.561157 -0.000000  0.008576 0.748762 1 79 1.000000
lowpoly_plastic
0  -3.705155 8.646502 -19.618855  0.000000 -0.179763 -0.983710  0.008576 0.748762 1 79 1.000000
0  -3.672830 8.578188 -19.606371  0.000000 -0.179763 -0.983710  0.008576 0.748762 1 79 1.000000
0  -3.736783 8.578188 -19.606371  0.000000 -0.179763 -0.983710  0.008576 0.748762 1 79 1.000000
lowpoly_plastic
0  -4.080925 11.039778 -12.844324  0.000000 0.998989 -0.044955  0.008576 0.748762 1 79 1.000000
0  -4.166634 11.071081 -12.148703  0.000000 0.998989 -0.044955  0.008576 0.748762 1 79 1.000000
0  -4.078847 11.071081 -12.148703  0.000000 0.998989 -0.044955  0.008576 0.748762 1 79 1.000000
lowpoly_plastic
0  -4.185127 9.198917 -19.719807  0.000000 -0.179766 -0.983709  0.008576 0.748762 1 79 1.000000
0  -4.272913 10.166803 -19.896681  0.000000 -0.179766 -0.983709  0.008576 0.748762 1 79 1.000000
0  -4.185127 10.166803 -19.896681  0.000000 -0.179766 -0.983709  0.008576 0.748762 1 79 1.000000
lowpoly_plastic
0  -3.867667 11.071081 -12.148703  0.000000 -0.001555 0.999999  0.008576 0.748762 1 79 1.000000
0  -3.974646 11.004862 -12.148806  0.000000 -0.001555 0.999999  0.008576 0.748762 1 79 1.000000
0  -3.867667 11.004862 -12.148806  0.000000 -0.001555 0.999999  0.008576 0.748762 1 79 1.000000
lowpoly_plastic
0  -3.625748 9.459383 -14.345059  0.000000 1.000000 -0.000001  0.008576 0.748762 1 79 1.000000
0  -3.705154 9.459385 -12.818278  0.000000 1.000000 -0.000001  0.008576 0.748762 1 79 1.000000
0  -3.625747 9.459385 -12.818278  0.000000 1.000000 -0.000001  0.008576 0.748762 1 79 1.000000
lowpoly_plastic
0  -3.618950 9.383073 -12.842461  -0.000328 -0.999934 0.011508  0.008576 0.748762 1 79 1.000000
0  -3.672829 9.356524 -15.164109  0.000000 -0.999935 0.011435  0.008576 0.748762 1 79 1.000000
0  -3.618951 9.356524 -15.164109  0.000000 -0.999935 0.011435  0.008576 0.748762 1 79 1.000000
lowpoly_plastic
0  -4.062506 9.356524 -15.164109  0.000000 -0.999935 0.011434  0.008576 0.748762 1 79 1.000000
0  -4.116384 9.383073 -12.842461  0.000000 -0.999935 0.011434  0.008576 0.748762 1 79 1.000000
0  -4.116385 9.356524 -15.164109  0.000000 -0.999935 0.011434  0.008576 0.748762 1 79 1.000000
lowpoly_plastic
0  -3.811433 9.459385 -12.151212  0.000000 1.000000 0.000000  0.008576 0.748762 1 79 1.000000
0  -3.867667 9.459385 -12.818278  0.000000 1.000000 0.000000  0.008576 0.748762 1 79 1.000000
0  -3.867667 9.459385 -12.151212  0.000000 1.000000 0.000000  0.008576 0.748762 1 79 1.000000
lowpoly_plastic
0  -4.003308 9.459385 -12.151212  0.000000 1.000000 -0.000002  0.008576 0.748762 1 79 1.000000
0  -3.867667 9.459385 -12.818278  0.000000 1.000000 -0.000002  0.008576 0.748762 1 79 1.000000
0  -4.030180 9.459385 -12.818278  0.000000 1.000000 -0.000002  0.008576 0.748762 1 79 1.000000
lowpoly_plastic
0  -4.080925 11.039778 -12.844324  -0.988456 0.020723 0.150085  0.008576 0.748762 1 79 1.000000
0  -3.974646 11.161708 -12.161219  -0.988456 0.020723 0.150085  0.008576 0.748762 1 79 1.000000
0  -4.080925 11.130404 -12.856840  -0.988456 0.020723 0.150085  0.008576 0.748762 1 79 1.000000
lowpoly_plastic
0  -4.078847 11.004862 -12.148806  0.000000 -1.000000 0.000003  0.008576 0.748762 1 79 1.000000
0  -4.080925 11.004862 -12.815872  0.000000 -1.000000 0.000003  0.008576 0.748762 1 79 1.000000
0  -3.974646 11.004862 -12.148806  0.000000 -1.000000 0.000003  0.008576 0.748762 1 79 1.000000
lowpoly_plastic
0  -3.974646 11.004862 -12.148806  0.000000 -1.000000 0.000000  0.008576 0.748762 1 79 1.000000
0  -3.867667 11.004862 -12.815872  0.000000 -1.000000 0.000000  0.008576 0.748762 1 79 1.000000
0  -3.867667 11.004862 -12.148806  0.000000 -1.000000 0.000000  0.008576 0.748762 1 79 1.000000
lowpoly_plastic
0  -3.998553 9.356524 -15.164109  0.000000 -0.999935 0.011435  0.008576 0.748762 1 79 1.000000
0  -4.062506 9.383073 -12.842461  0.000000 -0.999935 0.011435  0.008576 0.748762 1 79 1.000000
0  -4.062506 9.356524 -15.164109  0.000000 -0.999935 0.011435  0.008576 0.748762 1 79 1.000000
lowpoly_plastic
0  -4.176485 9.425964 -15.164903  -0.756127 -0.654382 0.007483  0.008576 0.748762 1 79 1.000000
0  -4.116384 9.383073 -12.842461  -0.756127 -0.654382 0.007483  0.008576 0.748762 1 79 1.000000
0  -4.176484 9.452517 -12.842539  -0.756127 -0.654382 0.007483  0.008576 0.748762 1 79 1.000000
lowpoly_plastic
0  -3.974646 11.071081 -12.148703  0.000000 -0.001555 0.999999  0.008576 0.748762 1 79 1.000000
0  -4.078847 11.004862 -12.148806  0.000000 -0.001555 0.999999  0.008576 0.748762 1 79 1.000000
0  -3.974646 11.004862 -12.148806  0.000000 -0.001555 0.999999  0.008576 0.748762 1 79 1.000000
lowpoly_plastic
0  -4.272912 9.431971 -16.194969  -1.000000 -0.000001 0.000000  0.008576 0.748762 1 79 1.000000
0  -4.272912 9.741001 -17.396378  -1.000000 -0.000001 0.000000  0.008576 0.748762 1 79 1.000000
0  -4.272912 9.295977 -17.352329  -1.000000 -0.000001 0.000000  0.008576 0.748762 1 79 1.000000
lowpoly_plastic
0  -4.116385 8.707367 -19.053806  0.002349 -0.231201 -0.972903  0.863264 0.820637 1 79 1.000000
0  -4.062507 8.670017 -19.044930  0.000048 -0.231176 -0.972912  0.863264 0.820637 1 79 1.000000
0  -4.132262 8.673360 -19.045727  0.001019 -0.229095 -0.973404  0.863264 0.820637 1 79 1.000000
lowpoly_plastic
0  -4.185126 10.924812 -16.344177  0.000000 0.997118 -0.075871  0.008576 0.748762 1 79 1.000000
0  -4.080925 11.013145 -15.183292  0.000000 0.997118 -0.075871  0.008576 0.748762 1 79 1.000000
0  -4.080925 10.924812 -16.344177  0.000000 0.997118 -0.075871  0.008576 0.748762 1 79 1.000000
lowpoly_plastic
0  -4.272912 8.883901 -19.092945  -1.000000 0.000001 0.000001  0.008576 0.748762 1 79 1.000000
0  -4.272913 9.198917 -19.719807  -1.000000 0.000001 0.000001  0.008576 0.748762 1 79 1.000000
0  -4.272913 8.756106 -19.638885  -1.000000 0.000001 0.000001  0.008576 0.748762 1 79 1.000000
lowpoly_plastic
0  -4.185125 10.020948 -12.817404  1.000000 0.000001 0.000000  0.008576 0.748762 1 79 1.000000
0  -4.185126 11.004861 -14.342654  1.000000 0.000001 0.000000  0.008576 0.748762 1 79 1.000000
0  -4.185126 11.004862 -12.815872  1.000000 0.000001 0.000000  0.008576 0.748762 1 79 1.000000
lowpoly_plastic
0  -3.568701 9.570805 -12.151038  0.000000 -0.001557 0.999999  0.008576 0.748762 1 79 1.000000
0  -3.656487 10.020948 -12.150337  0.000000 -0.001557 0.999999  0.008576 0.748762 1 79 1.000000
0  -3.656487 9.570805 -12.151038  0.000000 -0.001557 0.999999  0.008576 0.748762 1 79 1.000000
lowpoly_plastic
0  -4.078847 10.020948 -12.150337  0.000000 -0.001557 0.999999  0.008576 0.748762 1 79 1.000000
0  -4.166633 9.570805 -12.151038  0.000000 -0.001557 0.999999  0.008576 0.748762 1 79 1.000000
0  -4.078847 9.570805 -12.151038  0.000000 -0.001557 0.999999  0.008576 0.748762 1 79 1.000000
lowpoly_plastic
0  -4.030049 11.004482 -11.948223  0.232559 -0.002185 0.972580  0.008576 0.748762 1 79 1.000000
0  -4.082368 10.322666 -11.937243  0.232559 -0.002185 0.972580  0.008576 0.748762 1 79 1.000000
0  -4.030049 10.322666 -11.949755  0.232559 -0.002185 0.972580  0.008576 0.748762 1 79 1.000000
lowpoly_plastic
0  -3.705285 10.322666 -11.949755  -0.971532 0.000369 -0.236909  0.008576 0.748762 1 79 1.000000
0  -3.656487 11.004862 -12.148806  -0.971532 0.000369 -0.236909  0.008576 0.748762 1 79 1.000000
0  -3.656487 10.020948 -12.150337  -0.971532 0.000369 -0.236909  0.008576 0.748762 1 79 1.000000
lowpoly_plastic
0  -4.078847 11.071081 -12.148703  0.000391 0.999998 0.001793  0.008576 0.748762 1 79 1.000000
0  -4.082368 11.070702 -11.935610  0.000391 0.999998 0.001793  0.008576 0.748762 1 79 1.000000
0  -4.030049 11.070704 -11.948120  0.000391 0.999998 0.001793  0.008576 0.748762 1 79 1.000000
lowpoly_plastic
0  -4.078847 11.004862 -12.148806  0.971658 0.000367 -0.236390  0.008576 0.748762 1 79 1.000000
0  -4.030049 11.070704 -11.948120  0.971658 0.000367 -0.236390  0.008576 0.748762 1 79 1.000000
0  -4.030049 11.004482 -11.948223  0.971658 0.000367 -0.236390  0.008576 0.748762 1 79 1.000000
lowpoly_plastic
0  -3.998554 9.117169 -17.334633  0.000000 -0.972651 0.232273  0.008576 0.748762 1 79 1.000000
0  -3.867668 8.866955 -18.382420  0.000000 -0.972125 0.234464  0.008576 0.748762 1 79 1.000000
0  -3.867668 9.117169 -17.334633  0.000000 -0.972651 0.232273  0.008576 0.748762 1 79 1.000000
lowpoly_plastic
0  -3.462424 9.295977 -17.352329  1.000000 0.000001 0.000000  0.008576 0.748762 1 79 1.000000
0  -3.462424 9.484646 -18.498127  1.000000 0.000001 0.000000  0.008576 0.748762 1 79 1.000000
0  -3.462424 9.741001 -17.396378  1.000000 0.000001 0.000000  0.008576 0.748762 1 79 1.000000
lowpoly_plastic
0  -4.062507 8.707367 -19.053806  0.000000 -0.231221 -0.972901  0.863264 0.820637 1 79 1.000000
0  -3.998554 8.670017 -19.044930  0.000000 -0.231221 -0.972901  0.863264 0.820637 1 79 1.000000
0  -4.062507 8.670017 -19.044930  0.000000 -0.231221 -0.972901  0.863264 0.820637 1 79 1.000000
lowpoly_plastic
0  -4.272912 9.295977 -17.352329  -1.000000 -0.000002 0.000000  0.008576 0.748762 1 79 1.000000
0  -4.272912 9.484646 -18.498127  -1.000000 -0.000002 0.000000  0.008576 0.748762 1 79 1.000000
0  -4.272912 9.044003 -18.415585  -1.000000 -0.000002 0.000000  0.008576 0.748762 1 79 1.000000
lowpoly_plastic
0  -4.062507 9.117169 -17.334633  0.000000 -0.972650 0.232275  0.008576 0.748762 1 79 1.000000
0  -3.998554 8.866955 -18.382420  0.000000 -0.972650 0.232275  0.008576 0.748762 1 79 1.000000
0  -3.998554 9.117169 -17.334633  0.000000 -0.972650 0.232275  0.008576 0.748762 1 79 1.000000
lowpoly_plastic
0  -3.867668 10.869816 -17.511650  0.000000 0.975876 -0.218328  0.008576 0.748762 1 79 1.000000
0  -4.080925 10.603238 -18.703205  0.000000 0.977248 -0.212101  0.008576 0.748762 1 79 1.000000
0  -4.080925 10.869816 -17.511650  0.000000 0.975876 -0.218328  0.008576 0.748762 1 79 1.000000
lowpoly_plastic
0  -4.166634 11.004862 -12.148806  -0.929654 -0.000575 0.368433  0.008576 0.748762 1 79 1.000000
0  -4.166633 10.020948 -12.150337  -0.929654 -0.000575 0.368433  0.008576 0.748762 1 79 1.000000
0  -4.082368 10.322666 -11.937243  -0.929654 -0.000575 0.368433  0.008576 0.748762 1 79 1.000000
lowpoly_plastic
0  -4.185126 11.039778 -12.844324  0.000000 0.998989 -0.044955  0.008576 0.748762 1 79 1.000000
0  -4.272912 11.039778 -12.844324  0.000000 0.998989 -0.044955  0.008576 0.748762 1 79 1.000000
0  -4.166634 11.071081 -12.148703  0.000000 0.998989 -0.044955  0.008576 0.748762 1 79 1.000000
lowpoly_plastic
0  -4.116384 9.383073 -12.842461  -0.750420 -0.649633 0.121847  0.008576 0.748762 1 79 1.000000
0  -4.010106 9.389940 -12.151320  -0.750420 -0.649633 0.121847  0.008576 0.748762 1 79 1.000000
0  -4.070206 9.459385 -12.151212  -0.750420 -0.649633 0.121847  0.008576 0.748762 1 79 1.000000
lowpoly_plastic
0  -4.272912 9.484646 -18.498127  0.000000 0.184124 0.982903  0.863264 0.820637 1 79 1.000000
0  -4.311303 10.447789 -18.678547  0.000000 0.184124 0.982903  0.863264 0.820637 1 79 1.000000
0  -4.311303 9.484646 -18.498127  0.000000 0.184124 0.982903  0.863264 0.820637 1 79 1.000000
lowpoly_plastic
0  -4.078847 9.570805 -12.151038  0.000000 -0.001558 0.999999  0.008576 0.748762 1 79 1.000000
0  -4.166633 9.570805 -12.151038  0.000000 -0.001558 0.999999  0.008576 0.748762 1 79 1.000000
0  -4.070206 9.459385 -12.151212  0.000000 -0.001558 0.999999  0.008576 0.748762 1 79 1.000000
lowpoly_plastic
0  -3.867667 9.383073 -12.842461  0.000000 -0.999951 0.009935  0.008576 0.748762 1 79 1.000000
0  -3.867667 9.389940 -12.151320  0.000000 -0.999951 0.009935  0.008576 0.748762 1 79 1.000000
0  -3.892274 9.389940 -12.151320  0.000000 -0.999951 0.009935  0.008576 0.748762 1 79 1.000000
lowpoly_plastic
0  -3.462424 10.283628 -19.403269  -0.001381 -0.217234 -0.976119  0.863264 0.820637 1 79 1.000000
0  -3.435242 10.374706 -19.423576  -0.001381 -0.217234 -0.976119  0.863264 0.820637 1 79 1.000000
0  -3.424033 10.283628 -19.403269  -0.001381 -0.217234 -0.976119  0.863264 0.820637 1 79 1.000000
lowpoly_plastic
0  -4.003308 9.459385 -12.151212  0.000000 -0.001552 0.999999  0.008576 0.748762 1 79 1.000000
0  -4.070206 9.459385 -12.151212  0.000000 -0.001552 0.999999  0.008576 0.748762 1 79 1.000000
0  -4.010106 9.389940 -12.151320  0.000000 -0.001552 0.999999  0.008576 0.748762 1 79 1.000000
lowpoly_plastic
0  -4.080925 8.756106 -19.638885  0.000000 -0.179781 -0.983707  0.008576 0.748762 1 79 1.000000
0  -4.030181 8.646502 -19.618855  0.000000 -0.179781 -0.983707  0.008576 0.748762 1 79 1.000000
0  -4.109588 8.646502 -19.618855  0.000000 -0.179781 -0.983707  0.008576 0.748762 1 79 1.000000
lowpoly_plastic
0  -4.080925 10.779190 -17.499134  -1.000000 -0.000007 0.000000  0.008576 0.748762 1 79 1.000000
0  -4.080925 10.603238 -18.703205  -1.000000 -0.000007 0.000000  0.008576 0.748762 1 79 1.000000
0  -4.080925 10.512613 -18.690689  -1.000000 -0.000007 0.000000  0.008576 0.748762 1 79 1.000000
lowpoly_plastic
0  -4.030181 8.646502 -19.618855  0.000000 -0.179763 -0.983710  0.008576 0.748762 1 79 1.000000
0  -3.998554 8.578188 -19.606371  0.000000 -0.179763 -0.983710  0.008576 0.748762 1 79 1.000000
0  -4.062507 8.578188 -19.606371  0.000000 -0.179763 -0.983710  0.008576 0.748762 1 79 1.000000
lowpoly_plastic
0  -3.923902 9.459385 -12.151212  0.000000 1.000000 0.000000  0.008576 0.748762 1 79 1.000000
0  -3.867667 9.459385 -12.151212  0.000000 1.000000 0.000000  0.008576 0.748762 1 79 1.000000
0  -3.867667 9.459385 -12.818278  0.000000 1.000000 0.000000  0.008576 0.748762 1 79 1.000000
lowpoly_plastic
0  -4.078847 11.004862 -12.148806  0.971660 0.000531 -0.236383  0.008576 0.748762 1 79 1.000000
0  -4.030049 11.004482 -11.948223  0.971660 0.000531 -0.236383  0.008576 0.748762 1 79 1.000000
0  -4.030049 10.322666 -11.949755  0.971760 0.000311 -0.235969  0.008576 0.748762 1 79 1.000000
lowpoly_plastic
0  -3.568701 11.004862 -12.148806  0.929932 -0.000825 0.367731  0.008576 0.748762 1 79 1.000000
0  -3.652966 11.004482 -11.935712  0.929932 -0.000825 0.367731  0.008576 0.748762 1 79 1.000000
0  -3.652966 10.322666 -11.937243  0.929932 -0.000825 0.367731  0.008576 0.748762 1 79 1.000000
lowpoly_plastic
0  -3.665128 9.459385 -12.151212  0.750423 -0.649629 0.121849  0.008576 0.748762 1 79 1.000000
0  -3.725228 9.389940 -12.151320  0.750423 -0.649629 0.121849  0.008576 0.748762 1 79 1.000000
0  -3.618950 9.383073 -12.842461  0.750423 -0.649629 0.121849  0.008576 0.748762 1 79 1.000000
lowpoly_plastic
0  -3.625749 8.646502 -19.618855  0.000000 -0.179763 -0.983710  0.008576 0.748762 1 79 1.000000
0  -3.558851 8.646502 -19.618855  0.000000 -0.179763 -0.983710  0.008576 0.748762 1 79 1.000000
0  -3.618951 8.578188 -19.606371  0.000000 -0.179763 -0.983710  0.008576 0.748762 1 79 1.000000
lowpoly_plastic
0  -3.665128 9.459385 -12.151212  0.000000 -0.001558 0.999999  0.008576 0.748762 1 79 1.000000
0  -3.568701 9.570805 -12.151038  0.000000 -0.001558 0.999999  0.008576 0.748762 1 79 1.000000
0  -3.656487 9.570805 -12.151038  0.000000 -0.001558 0.999999  0.008576 0.748762 1 79 1.000000
lowpoly_plastic
0  -3.843060 9.389940 -12.151320  0.000000 -0.999951 0.009935  0.008576 0.748762 1 79 1.000000
0  -3.867667 9.389940 -12.151320  0.000000 -0.999951 0.009935  0.008576 0.748762 1 79 1.000000
0  -3.867667 9.383073 -12.842461  0.000000 -0.999951 0.009935  0.008576 0.748762 1 79 1.000000
lowpoly_plastic
0  -3.867668 9.117169 -17.334633  0.000000 -0.972651 0.232273  0.008576 0.748762 1 79 1.000000
0  -3.736782 8.866955 -18.382420  0.000000 -0.972114 0.234510  0.008576 0.748762 1 79 1.000000
0  -3.736782 9.117169 -17.334633  0.000000 -0.972651 0.232273  0.008576 0.748762 1 79 1.000000
lowpoly_plastic
0  -3.725228 9.389940 -12.151320  0.000000 -0.001552 0.999999  0.008576 0.748762 1 79 1.000000
0  -3.665128 9.459385 -12.151212  0.000000 -0.001552 0.999999  0.008576 0.748762 1 79 1.000000
0  -3.732026 9.459385 -12.151212  0.000000 -0.001552 0.999999  0.008576 0.748762 1 79 1.000000
lowpoly_plastic
0  -3.550210 8.756106 -19.638885  0.000000 -0.179778 -0.983707  0.008576 0.748762 1 79 1.000000
0  -3.462424 8.756106 -19.638885  0.000000 -0.179778 -0.983707  0.008576 0.748762 1 79 1.000000
0  -3.558851 8.646502 -19.618855  0.000000 -0.179778 -0.983707  0.008576 0.748762 1 79 1.000000
lowpoly_plastic
0  -4.272913 10.283628 -19.403269  0.000000 -0.216451 -0.976293  0.863264 0.820637 1 79 1.000000
0  -4.311303 9.323269 -19.190353  0.000000 -0.216451 -0.976293  0.863264 0.820637 1 79 1.000000
0  -4.311303 10.283628 -19.403269  0.000000 -0.216451 -0.976293  0.863264 0.820637 1 79 1.000000
lowpoly_plastic
0  -4.080925 10.779190 -17.499134  0.000000 0.975876 -0.218325  0.008576 0.748762 1 79 1.000000
0  -4.185127 10.512613 -18.690689  0.000000 0.975876 -0.218325  0.008576 0.748762 1 79 1.000000
0  -4.185127 10.779190 -17.499134  0.000000 0.975876 -0.218325  0.008576 0.748762 1 79 1.000000
lowpoly_plastic
0  -3.654410 11.039778 -12.844324  0.000000 0.998989 -0.044955  0.008576 0.748762 1 79 1.000000
0  -3.760689 11.071081 -12.148703  0.000000 0.998989 -0.044955  0.008576 0.748762 1 79 1.000000
0  -3.656487 11.071081 -12.148703  0.000000 0.998989 -0.044955  0.008576 0.748762 1 79 1.000000
lowpoly_plastic
0  -3.732026 9.459385 -12.151212  0.000000 1.000000 0.000000  0.008576 0.748762 1 79 1.000000
0  -3.625747 9.459385 -12.818278  0.000000 1.000000 0.000000  0.008576 0.748762 1 79 1.000000
0  -3.705154 9.459385 -12.818278  0.000000 1.000000 0.000000  0.008576 0.748762 1 79 1.000000
lowpoly_plastic
0  -3.705285 10.322666 -11.949755  -0.971659 0.000531 -0.236384  0.008576 0.748762 1 79 1.000000
0  -3.705285 11.004482 -11.948223  -0.971659 0.000531 -0.236384  0.008576 0.748762 1 79 1.000000
0  -3.656487 11.004862 -12.148806  -0.971659 0.000531 -0.236384  0.008576 0.748762 1 79 1.000000
lowpoly_plastic
0  -3.654411 10.438888 -19.430115  0.004629 -0.216205 -0.976337  0.863264 0.820637 1 79 1.000000
0  -3.867668 10.476334 -19.438580  0.002192 -0.226271 -0.974062  0.863264 0.820637 1 79 1.000000
0  -3.626559 10.464659 -19.435940  -0.006368 -0.220183 -0.975438  0.863264 0.820637 1 79 1.000000
lowpoly_plastic
0  -4.116385 8.707367 -19.053806  0.000000 -0.974276 0.225357  0.008576 0.748762 1 79 1.000000
0  -4.062507 8.578188 -19.606371  0.000000 -0.973744 0.227644  0.008576 0.748762 1 79 1.000000
0  -4.062507 8.707367 -19.053806  0.000000 -0.973744 0.227644  0.008576 0.748762 1 79 1.000000
lowpoly_plastic
0  -3.462424 10.166803 -19.896681  0.000000 -0.179765 -0.983710  0.008576 0.748762 1 79 1.000000
0  -3.550210 9.198917 -19.719807  0.000000 -0.179765 -0.983710  0.008576 0.748762 1 79 1.000000
0  -3.550210 10.166803 -19.896681  0.000000 -0.179765 -0.983710  0.008576 0.748762 1 79 1.000000
lowpoly_plastic
0  -3.462424 9.741001 -17.396378  1.000000 -0.000002 -0.000000  0.008576 0.748762 1 79 1.000000
0  -3.462424 9.431971 -16.194969  1.000000 -0.000002 -0.000000  0.008576 0.748762 1 79 1.000000
0  -3.462424 9.295977 -17.352329  1.000000 -0.000002 -0.000000  0.008576 0.748762 1 79 1.000000
lowpoly_plastic
0  -4.272913 10.283628 -19.403269  -1.000000 0.000002 0.000000  0.008576 0.748762 1 79 1.000000
0  -4.272913 10.231945 -19.908587  -1.000000 0.000002 0.000000  0.008576 0.748762 1 79 1.000000
0  -4.272913 10.166803 -19.896681  -1.000000 0.000002 0.000000  0.008576 0.748762 1 79 1.000000
lowpoly_plastic
0  -3.654411 10.166803 -19.896681  0.000000 -0.179766 -0.983710  0.008576 0.748762 1 79 1.000000
0  -3.867668 9.198917 -19.719807  0.000000 -0.179766 -0.983710  0.008576 0.748762 1 79 1.000000
0  -3.867668 10.166803 -19.896681  0.000000 -0.179766 -0.983710  0.008576 0.748762 1 79 1.000000
lowpoly_plastic
0  -3.462424 10.512613 -18.690689  0.000000 0.975876 -0.218325  0.008576 0.748762 1 79 1.000000
0  -3.550210 10.779190 -17.499134  0.000000 0.975876 -0.218325  0.008576 0.748762 1 79 1.000000
0  -3.462424 10.779190 -17.499134  0.000000 0.975876 -0.218325  0.008576 0.748762 1 79 1.000000
lowpoly_plastic
0  -3.462424 9.044003 -18.415585  -0.016730 0.197100 0.980241  0.863264 0.820637 1 79 1.000000
0  -3.529856 8.910451 -18.389349  -0.020762 0.204084 0.978733  0.863264 0.820637 1 79 1.000000
0  -3.426329 9.031275 -18.412571  -0.021833 0.200328 0.979486  0.863264 0.820637 1 79 1.000000
lowpoly_plastic
0  -3.654411 9.198917 -19.719807  0.000000 -0.179767 -0.983709  0.008576 0.748762 1 79 1.000000
0  -3.867668 8.756106 -19.638885  0.000000 -0.179767 -0.983709  0.008576 0.748762 1 79 1.000000
0  -3.867668 9.198917 -19.719807  0.000000 -0.179767 -0.983709  0.008576 0.748762 1 79 1.000000
lowpoly_plastic
0  -3.558851 9.321102 -16.183887  0.754719 -0.652089 0.071968  0.008576 0.748762 1 79 1.000000
0  -3.618951 9.356524 -15.164109  0.756227 -0.650984 0.065882  0.008576 0.748762 1 79 1.000000
0  -3.618951 9.252003 -16.176979  0.753638 -0.653531 0.070198  0.008576 0.748762 1 79 1.000000
lowpoly_plastic
0  -4.176485 9.321102 -16.183887  -0.757519 -0.648829 0.072015  0.008576 0.748762 1 79 1.000000
0  -4.272912 9.295977 -17.352329  -0.755065 -0.651193 0.076316  0.008576 0.748762 1 79 1.000000
0  -4.176485 9.185823 -17.341427  -0.755065 -0.651193 0.076316  0.008576 0.748762 1 79 1.000000
lowpoly_plastic
0  -3.462424 9.295977 -17.352329  0.757327 -0.648649 0.075570  0.008576 0.748762 1 79 1.000000
0  -3.558851 9.321102 -16.183887  0.754083 -0.652863 0.071621  0.008576 0.748762 1 79 1.000000
0  -3.558851 9.185823 -17.341427  0.755032 -0.651232 0.076314  0.008576 0.748762 1 79 1.000000
lowpoly_plastic
0  -4.272912 11.039778 -12.844324  -0.988528 -0.000236 0.151039  0.008576 0.748762 1 79 1.000000
0  -4.166634 11.004862 -12.148806  -0.988528 -0.000236 0.151039  0.008576 0.748762 1 79 1.000000
0  -4.166634 11.071081 -12.148703  -0.988528 -0.000236 0.151039  0.008576 0.748762 1 79 1.000000
lowpoly_plastic
0  -3.654411 10.322570 -19.921101  1.000000 0.000000 0.000000  0.008576 0.748762 1 79 1.000000
0  -3.654411 10.348263 -19.417599  1.000000 0.000000 0.000000  0.008576 0.748762 1 79 1.000000
0  -3.654411 10.231945 -19.908587  1.000000 0.000000 0.000000  0.008576 0.748762 1 79 1.000000
lowpoly_plastic
0  -3.558851 8.775148 -19.068832  0.756017 -0.638112 0.145778  0.008576 0.748762 1 79 1.000000
0  -3.462424 8.756106 -19.638885  0.756048 -0.637289 0.149179  0.008576 0.748762 1 79 1.000000
0  -3.462424 8.883901 -19.092945  0.753987 -0.640268 0.146835  0.008576 0.748762 1 79 1.000000
lowpoly_plastic
0  -3.550210 11.013145 -15.183292  0.000000 0.997118 -0.075872  0.008576 0.748762 1 79 1.000000
0  -3.462424 10.924812 -16.344177  0.000000 0.997118 -0.075872  0.008576 0.748762 1 79 1.000000
0  -3.550210 10.924812 -16.344177  0.000000 0.997118 -0.075872  0.008576 0.748762 1 79 1.000000
lowpoly_plastic
0  -3.462424 9.879883 -16.239737  1.000000 0.000000 0.000000  0.008576 0.748762 1 79 1.000000
0  -3.462424 9.537376 -15.166174  1.000000 0.000000 0.000000  0.008576 0.748762 1 79 1.000000
0  -3.462424 9.431971 -16.194969  1.000000 0.000000 0.000000  0.008576 0.748762 1 79 1.000000
lowpoly_plastic
0  -3.892274 9.389940 -12.151320  0.000000 -0.999951 0.009938  0.008576 0.748762 1 79 1.000000
0  -3.998553 9.383073 -12.842461  0.000163 -0.999948 0.010232  0.008576 0.748762 1 79 1.000000
0  -3.867667 9.383073 -12.842461  0.000000 -0.999951 0.009938  0.008576 0.748762 1 79 1.000000
lowpoly_plastic
0  -4.080925 8.756106 -19.638885  0.000000 -0.179768 -0.983709  0.008576 0.748762 1 79 1.000000
0  -4.185127 9.198917 -19.719807  0.000000 -0.179768 -0.983709  0.008576 0.748762 1 79 1.000000
0  -4.080925 9.198917 -19.719807  0.000000 -0.179768 -0.983709  0.008576 0.748762 1 79 1.000000
lowpoly_plastic
0  -4.062506 9.252003 -16.176979  0.000000 -0.993286 0.115689  0.008576 0.748762 1 79 1.000000
0  -4.116385 9.117169 -17.334633  0.000000 -0.993286 0.115689  0.008576 0.748762 1 79 1.000000
0  -4.062507 9.117169 -17.334633  0.000000 -0.993286 0.115689  0.008576 0.748762 1 79 1.000000
lowpoly_plastic
0  -4.080925 10.438888 -19.430115  0.085996 -0.134894 -0.987121  0.863264 0.820637 1 79 1.000000
0  -4.107306 10.375467 -19.423750  0.085996 -0.134894 -0.987121  0.863264 0.820637 1 79 1.000000
0  -4.108778 10.464659 -19.435940  0.085996 -0.134895 -0.987121  0.863264 0.820637 1 79 1.000000
lowpoly_plastic
0  -3.760689 11.161708 -12.161219  0.000000 0.136811 0.990597  0.008576 0.748762 1 79 1.000000
0  -3.867667 11.071081 -12.148703  0.000000 0.136811 0.990597  0.008576 0.748762 1 79 1.000000
0  -3.760689 11.071081 -12.148703  0.000000 0.136811 0.990597  0.008576 0.748762 1 79 1.000000
lowpoly_plastic
0  -3.672829 8.866955 -18.382420  0.000000 -0.972651 0.232271  0.008576 0.748762 1 79 1.000000
0  -3.618951 9.117169 -17.334633  0.000000 -0.972651 0.232271  0.008576 0.748762 1 79 1.000000
0  -3.672829 9.117169 -17.334633  0.000000 -0.972651 0.232271  0.008576 0.748762 1 79 1.000000
lowpoly_plastic
0  -4.080925 11.004862 -12.815872  0.000000 -1.000000 -0.000000  0.008576 0.748762 1 79 1.000000
0  -3.867668 11.004861 -14.342654  0.000000 -1.000000 -0.000000  0.008576 0.748762 1 79 1.000000
0  -3.867667 11.004862 -12.815872  0.000000 -1.000000 -0.000000  0.008576 0.748762 1 79 1.000000
lowpoly_plastic
0  -3.654411 10.924812 -16.344177  1.000000 0.000006 0.000000  0.008576 0.748762 1 79 1.000000
0  -3.654411 11.103771 -15.195807  1.000000 0.000006 0.000000  0.008576 0.748762 1 79 1.000000
0  -3.654411 11.013145 -15.183292  1.000000 0.000006 0.000000  0.008576 0.748762 1 79 1.000000
lowpoly_plastic
0  -3.672829 9.356524 -15.164109  0.000000 -0.994718 0.102648  0.008576 0.748762 1 79 1.000000
0  -3.736782 9.252003 -16.176979  0.000000 -0.994718 0.102648  0.008576 0.748762 1 79 1.000000
0  -3.672829 9.252003 -16.176979  0.000000 -0.994718 0.102648  0.008576 0.748762 1 79 1.000000
lowpoly_plastic
0  -3.867667 11.130404 -12.856840  0.000000 0.998989 -0.044955  0.008576 0.748762 1 79 1.000000
0  -3.760689 11.161708 -12.161219  0.000000 0.998989 -0.044955  0.008576 0.748762 1 79 1.000000
0  -3.654410 11.130404 -12.856840  0.000000 0.998989 -0.044955  0.008576 0.748762 1 79 1.000000
lowpoly_plastic
0  -4.185126 11.004862 -12.815872  0.000000 -1.000000 -0.000000  0.008576 0.748762 1 79 1.000000
0  -4.080925 11.004861 -14.342654  0.000000 -1.000000 -0.000000  0.008576 0.748762 1 79 1.000000
0  -4.080925 11.004862 -12.815872  0.000000 -1.000000 -0.000000  0.008576 0.748762 1 79 1.000000
lowpoly_plastic
0  -4.185127 10.348263 -19.417599  0.000000 0.973067 -0.230524  0.008576 0.748762 1 79 1.000000
0  -4.272913 10.231945 -19.908587  0.000000 0.973067 -0.230524  0.008576 0.748762 1 79 1.000000
0  -4.272913 10.348263 -19.417599  0.006376 0.973047 -0.230519  0.008576 0.748762 1 79 1.000000
lowpoly_plastic
0  -4.272913 9.323269 -19.190353  -1.000000 0.000001 0.000000  0.008576 0.748762 1 79 1.000000
0  -4.272913 10.166803 -19.896681  -1.000000 0.000001 0.000000  0.008576 0.748762 1 79 1.000000
0  -4.272913 9.198917 -19.719807  -1.000000 0.000001 0.000000  0.008576 0.748762 1 79 1.000000
lowpoly_plastic
0  -3.550210 10.348263 -19.417599  0.000020 -0.220491 -0.975389  0.863264 0.820637 1 79 1.000000
0  -3.628031 10.375467 -19.423750  -0.003142 -0.225886 -0.974149  0.863264 0.820637 1 79 1.000000
0  -3.550210 10.385708 -19.426064  0.000020 -0.220491 -0.975389  0.863264 0.820637 1 79 1.000000
lowpoly_plastic
0  -4.272912 9.879883 -16.239737  -1.000000 0.000000 0.000000  0.008576 0.748762 1 79 1.000000
0  -4.272913 10.713722 -17.492653  -1.000000 0.000000 0.000000  0.008576 0.748762 1 79 1.000000
0  -4.272912 9.741001 -17.396378  -1.000000 0.000000 0.000000  0.008576 0.748762 1 79 1.000000
lowpoly_plastic
0  -3.867667 9.459385 -12.151212  0.000000 -0.001552 0.999999  0.008576 0.748762 1 79 1.000000
0  -3.892274 9.389940 -12.151320  0.000000 -0.001552 0.999999  0.008576 0.748762 1 79 1.000000
0  -3.867667 9.389940 -12.151320  0.000000 -0.001552 0.999999  0.008576 0.748762 1 79 1.000000
lowpoly_plastic
0  -3.558851 9.185823 -17.341427  0.756010 -0.649945 0.077590  0.008576 0.748762 1 79 1.000000
0  -3.618951 9.252003 -16.176979  0.756920 -0.649249 0.074484  0.008576 0.748762 1 79 1.000000
0  -3.618951 9.117169 -17.334633  0.753964 -0.652505 0.075997  0.008576 0.748762 1 79 1.000000
lowpoly_plastic
0  -4.109588 8.646502 -19.618855  0.000000 -0.179778 -0.983707  0.008576 0.748762 1 79 1.000000
0  -4.185127 8.756106 -19.638885  0.000000 -0.179778 -0.983707  0.008576 0.748762 1 79 1.000000
0  -4.080925 8.756106 -19.638885  0.000000 -0.179778 -0.983707  0.008576 0.748762 1 79 1.000000
lowpoly_plastic
0  -3.736782 9.117169 -17.334633  0.000000 -0.993286 0.115688  0.008576 0.748762 1 79 1.000000
0  -3.867668 9.252003 -16.176979  0.000000 -0.993286 0.115688  0.008576 0.748762 1 79 1.000000
0  -3.867668 9.117169 -17.334633  0.000000 -0.993286 0.115688  0.008576 0.748762 1 79 1.000000
lowpoly_plastic
0  -4.185127 10.166803 -19.896681  0.000000 -0.179786 -0.983706  0.008576 0.748762 1 79 1.000000
0  -4.272913 10.231945 -19.908587  0.000000 -0.179786 -0.983706  0.008576 0.748762 1 79 1.000000
0  -4.185127 10.231945 -19.908587  0.000000 -0.179786 -0.983706  0.008576 0.748762 1 79 1.000000
lowpoly_plastic
0  -3.550210 10.512613 -18.690689  0.000000 0.975876 -0.218325  0.008576 0.748762 1 79 1.000000
0  -3.654411 10.779190 -17.499134  0.000000 0.975876 -0.218325  0.008576 0.748762 1 79 1.000000
0  -3.550210 10.779190 -17.499134  0.000000 0.975876 -0.218325  0.008576 0.748762 1 79 1.000000
lowpoly_plastic
0  -3.732026 9.459385 -12.151212  0.000000 -0.001552 0.999999  0.008576 0.748762 1 79 1.000000
0  -3.779107 9.389940 -12.151320  0.000000 -0.001552 0.999999  0.008576 0.748762 1 79 1.000000
0  -3.725228 9.389940 -12.151320  0.000000 -0.001552 0.999999  0.008576 0.748762 1 79 1.000000
lowpoly_plastic
0  -3.654411 10.603238 -18.703205  0.000000 0.975876 -0.218326  0.008576 0.748762 1 79 1.000000
0  -3.867668 10.869816 -17.511650  0.000000 0.975876 -0.218326  0.008576 0.748762 1 79 1.000000
0  -3.654411 10.869816 -17.511650  0.000000 0.975876 -0.218326  0.008576 0.748762 1 79 1.000000
lowpoly_plastic
0  -4.062507 8.707367 -19.053806  0.000000 -0.973745 0.227641  0.008576 0.748762 1 79 1.000000
0  -3.998554 8.578188 -19.606371  0.000000 -0.973745 0.227641  0.008576 0.748762 1 79 1.000000
0  -3.998554 8.707367 -19.053806  0.000000 -0.973745 0.227641  0.008576 0.748762 1 79 1.000000
lowpoly_plastic
0  -4.185127 8.756106 -19.638885  0.000000 -0.179768 -0.983709  0.008576 0.748762 1 79 1.000000
0  -4.272913 9.198917 -19.719807  0.000000 -0.179768 -0.983709  0.008576 0.748762 1 79 1.000000
0  -4.185127 9.198917 -19.719807  0.000000 -0.179768 -0.983709  0.008576 0.748762 1 79 1.000000
lowpoly_plastic
0  -3.654410 11.004862 -12.815872  0.000000 -1.000000 0.000003  0.008576 0.748762 1 79 1.000000
0  -3.656487 11.004862 -12.148806  0.000000 -1.000000 0.000003  0.008576 0.748762 1 79 1.000000
0  -3.760689 11.004862 -12.148806  0.000000 -1.000000 0.000003  0.008576 0.748762 1 79 1.000000
lowpoly_plastic
0  -4.078847 10.020948 -12.150337  0.987545 0.000245 -0.157338  0.008576 0.748762 1 79 1.000000
0  -4.185126 11.004862 -12.815872  0.987545 0.000245 -0.157338  0.008576 0.748762 1 79 1.000000
0  -4.078847 11.004862 -12.148806  0.987545 0.000245 -0.157338  0.008576 0.748762 1 79 1.000000
lowpoly_plastic
0  -3.867667 11.004862 -12.815872  0.000000 -1.000000 0.000000  0.008576 0.748762 1 79 1.000000
0  -3.760689 11.004862 -12.148806  0.000000 -1.000000 0.000000  0.008576 0.748762 1 79 1.000000
0  -3.867667 11.004862 -12.148806  0.000000 -1.000000 0.000000  0.008576 0.748762 1 79 1.000000
lowpoly_plastic
0  -3.558851 9.425964 -15.164903  0.756155 -0.654350 0.007482  0.008576 0.748762 1 79 1.000000
0  -3.618950 9.383073 -12.842461  0.756155 -0.654350 0.007482  0.008576 0.748762 1 79 1.000000
0  -3.618951 9.356524 -15.164109  0.756155 -0.654350 0.007482  0.008576 0.748762 1 79 1.000000
lowpoly_plastic
0  -4.272912 11.013145 -15.183292  -1.000000 -0.000000 0.000000  0.008576 0.748762 1 79 1.000000
0  -4.272912 10.997972 -12.844251  -1.000000 -0.000000 0.000000  0.008576 0.748762 1 79 1.000000
0  -4.272912 11.039778 -12.844324  -1.000000 -0.000000 0.000000  0.008576 0.748762 1 79 1.000000
lowpoly_plastic
0  -3.654411 11.004861 -14.342654  0.000000 -1.000000 0.000000  0.008576 0.748762 1 79 1.000000
0  -3.550209 11.004862 -12.815872  0.000000 -1.000000 0.000000  0.008576 0.748762 1 79 1.000000
0  -3.654410 11.004862 -12.815872  0.000000 -1.000000 0.000000  0.008576 0.748762 1 79 1.000000
lowpoly_plastic
0  -4.080925 11.013145 -15.183292  -1.000000 0.000000 0.000000  0.008576 0.748762 1 79 1.000000
0  -4.080925 11.130404 -12.856840  -1.000000 0.000000 0.000000  0.008576 0.748762 1 79 1.000000
0  -4.080925 11.103771 -15.195807  -1.000000 0.000000 0.000000  0.008576 0.748762 1 79 1.000000
lowpoly_plastic
0  -3.998553 9.252003 -16.176979  0.000000 -0.993286 0.115687  0.008576 0.748762 1 79 1.000000
0  -4.062507 9.117169 -17.334633  0.000000 -0.993286 0.115687  0.008576 0.748762 1 79 1.000000
0  -3.998554 9.117169 -17.334633  0.000000 -0.993286 0.115687  0.008576 0.748762 1 79 1.000000
lowpoly_plastic
0  -4.272912 10.971342 -15.182536  -1.000000 -0.000001 0.000000  0.008576 0.748762 1 79 1.000000
0  -4.272911 10.014074 -12.843161  -1.000000 -0.000001 0.000000  0.008576 0.748762 1 79 1.000000
0  -4.272912 10.997972 -12.844251  -1.000000 -0.000001 0.000000  0.008576 0.748762 1 79 1.000000
lowpoly_plastic
0  -3.550209 11.004862 -12.815872  -0.987545 0.000245 -0.157337  0.008576 0.748762 1 79 1.000000
0  -3.656487 10.020948 -12.150337  -0.987545 0.000245 -0.157337  0.008576 0.748762 1 79 1.000000
0  -3.656487 11.004862 -12.148806  -0.987545 0.000245 -0.157337  0.008576 0.748762 1 79 1.000000
lowpoly_plastic
0  -3.654411 10.322570 -19.921101  0.000000 0.973066 -0.230525  0.008576 0.748762 1 79 1.000000
0  -3.867668 10.438888 -19.430115  0.002266 0.971685 -0.236270  0.008576 0.748762 1 79 1.000000
0  -3.654411 10.438888 -19.430115  -0.006376 0.973047 -0.230521  0.008576 0.748762 1 79 1.000000
lowpoly_plastic
0  -3.618951 8.707367 -19.053806  0.755283 -0.638418 0.148223  0.008576 0.748762 1 79 1.000000
0  -3.558851 8.646502 -19.618855  0.756046 -0.637318 0.149067  0.008576 0.748762 1 79 1.000000
0  -3.558851 8.775148 -19.068832  0.755175 -0.638980 0.146343  0.008576 0.748762 1 79 1.000000
lowpoly_plastic
0  -3.956228 9.389940 -12.151320  0.000000 -0.999951 0.009938  0.008576 0.748762 1 79 1.000000
0  -4.062506 9.383073 -12.842461  0.000000 -0.999951 0.009938  0.008576 0.748762 1 79 1.000000
0  -3.998553 9.383073 -12.842461  0.000000 -0.999951 0.009938  0.008576 0.748762 1 79 1.000000
lowpoly_plastic
0  -3.550209 9.570805 -14.344887  -0.827710 0.561156 0.000000  0.008576 0.748762 1 79 1.000000
0  -3.625747 9.459385 -12.818278  -0.827710 0.561156 0.000000  0.008576 0.748762 1 79 1.000000
0  -3.550209 9.570805 -12.818106  -0.827710 0.561156 0.000000  0.008576 0.748762 1 79 1.000000
lowpoly_plastic
0  -3.656487 11.071081 -12.148703  0.000000 0.999998 0.001784  0.008576 0.748762 1 79 1.000000
0  -3.652966 11.070702 -11.935610  0.000000 0.999998 0.001784  0.008576 0.748762 1 79 1.000000
0  -3.568701 11.071081 -12.148703  0.000000 0.999998 0.001784  0.008576 0.748762 1 79 1.000000
lowpoly_plastic
0  -4.030049 11.070704 -11.948120  0.232570 -0.001512 0.972578  0.008576 0.748762 1 79 1.000000
0  -4.082368 11.004482 -11.935712  0.232570 -0.001512 0.972578  0.008576 0.748762 1 79 1.000000
0  -4.030049 11.004482 -11.948223  0.232570 -0.001512 0.972578  0.008576 0.748762 1 79 1.000000
lowpoly_plastic
0  -3.736783 8.578188 -19.606371  0.000000 -0.973743 0.227649  0.008576 0.748762 1 79 1.000000
0  -3.672829 8.707367 -19.053806  0.000000 -0.973743 0.227649  0.008576 0.748762 1 79 1.000000
0  -3.736783 8.707367 -19.053806  -0.000000 -0.974254 0.225454  0.008576 0.748762 1 79 1.000000
lowpoly_plastic
0  -4.030180 9.459385 -12.818278  0.000000 1.000000 -0.000002  0.008576 0.748762 1 79 1.000000
0  -4.109587 9.459383 -14.345059  0.000000 1.000000 -0.000002  0.008576 0.748762 1 79 1.000000
0  -4.109587 9.459385 -12.818278  0.000000 1.000000 -0.000002  0.008576 0.748762 1 79 1.000000
lowpoly_plastic
0  -4.080925 10.348263 -19.417599  -0.006359 -0.220514 -0.975363  0.863264 0.820637 1 79 1.000000
0  -4.185127 10.385708 -19.426064  -0.000031 -0.220567 -0.975372  0.863264 0.820637 1 79 1.000000
0  -4.107306 10.375467 -19.423750  0.004317 -0.225047 -0.974338  0.863264 0.820637 1 79 1.000000
lowpoly_plastic
0  -3.462423 10.014074 -12.843161  0.988399 0.000170 0.151881  0.008576 0.748762 1 79 1.000000
0  -3.568701 9.570805 -12.151038  0.988399 0.000170 0.151881  0.008576 0.748762 1 79 1.000000
0  -3.462423 9.563935 -12.842662  0.988399 0.000170 0.151881  0.008576 0.748762 1 79 1.000000
lowpoly_plastic
0  -4.272912 10.924812 -16.344177  0.000000 0.997118 -0.075872  0.008576 0.748762 1 79 1.000000
0  -4.185126 11.013145 -15.183292  0.000000 0.997118 -0.075872  0.008576 0.748762 1 79 1.000000
0  -4.185126 10.924812 -16.344177  0.000000 0.997118 -0.075872  0.008576 0.748762 1 79 1.000000
lowpoly_plastic
0  -3.779107 9.389940 -12.151320  0.000000 -0.999951 0.009938  0.008576 0.748762 1 79 1.000000
0  -3.867667 9.383073 -12.842461  0.000000 -0.999951 0.009938  0.008576 0.748762 1 79 1.000000
0  -3.736781 9.383073 -12.842461  0.000000 -0.999951 0.009938  0.008576 0.748762 1 79 1.000000
lowpoly_plastic
0  -3.462424 10.231945 -19.908587  0.000000 0.973066 -0.230526  0.008576 0.748762 1 79 1.000000
0  -3.550210 10.348263 -19.417599  0.000000 0.973066 -0.230526  0.008576 0.748762 1 79 1.000000
0  -3.462424 10.348263 -19.417599  -0.006376 0.973046 -0.230521  0.008576 0.748762 1 79 1.000000
lowpoly_plastic
0  -3.550210 10.231945 -19.908587  0.000000 -0.179783 -0.983706  0.008576 0.748762 1 79 1.000000
0  -3.654411 10.166803 -19.896681  0.000000 -0.179783 -0.983706  0.008576 0.748762 1 79 1.000000
0  -3.654411 10.231945 -19.908587  0.000000 -0.179783 -0.983706  0.008576 0.748762 1 79 1.000000
lowpoly_plastic
0  -3.725228 9.389940 -12.151320  0.000000 -0.999951 0.009935  0.008576 0.748762 1 79 1.000000
0  -3.736781 9.383073 -12.842461  0.000342 -0.999947 0.010271  0.008576 0.748762 1 79 1.000000
0  -3.672828 9.383073 -12.842461  0.000000 -0.999951 0.009935  0.008576 0.748762 1 79 1.000000
lowpoly_plastic
0  -3.654410 11.039778 -12.844324  0.000000 0.999935 -0.011386  0.008576 0.748762 1 79 1.000000
0  -3.550210 11.013145 -15.183292  0.000000 0.999935 -0.011386  0.008576 0.748762 1 79 1.000000
0  -3.654411 11.013145 -15.183292  0.000000 0.999935 -0.011386  0.008576 0.748762 1 79 1.000000
lowpoly_plastic
0  -3.656487 11.004862 -12.148806  0.000000 -0.001555 0.999999  0.008576 0.748762 1 79 1.000000
0  -3.760689 11.071081 -12.148703  0.000000 -0.001555 0.999999  0.008576 0.748762 1 79 1.000000
0  -3.760689 11.004862 -12.148806  0.000000 -0.001555 0.999999  0.008576 0.748762 1 79 1.000000
lowpoly_plastic
0  -3.736782 8.866955 -18.382420  0.000000 -0.972651 0.232274  0.008576 0.748762 1 79 1.000000
0  -3.672829 9.117169 -17.334633  0.000000 -0.972651 0.232274  0.008576 0.748762 1 79 1.000000
0  -3.736782 9.117169 -17.334633  0.000000 -0.972651 0.232274  0.008576 0.748762 1 79 1.000000
lowpoly_plastic
0  -3.705154 9.459383 -14.345059  0.000000 1.000000 -0.000001  0.008576 0.748762 1 79 1.000000
0  -3.867667 9.459385 -12.818278  0.000000 1.000000 -0.000001  0.008576 0.748762 1 79 1.000000
0  -3.705154 9.459385 -12.818278  0.000000 1.000000 -0.000001  0.008576 0.748762 1 79 1.000000
lowpoly_plastic
0  -3.558851 8.934935 -18.395153  -0.025609 0.208024 0.977789  0.863264 0.820637 1 79 1.000000
0  -3.602834 8.833055 -18.374367  -0.029091 0.215814 0.976001  0.863264 0.820637 1 79 1.000000
0  -3.529856 8.910451 -18.389349  -0.030072 0.209732 0.977297  0.863264 0.820637 1 79 1.000000
lowpoly_plastic
0  -4.185125 9.570805 -12.818106  1.000000 0.000000 -0.000000  0.008576 0.748762 1 79 1.000000
0  -4.185126 10.020948 -14.344186  1.000000 0.000000 -0.000000  0.008576 0.748762 1 79 1.000000
0  -4.185125 10.020948 -12.817404  1.000000 0.000000 -0.000000  0.008576 0.748762 1 79 1.000000
lowpoly_plastic
0  -4.272912 8.883901 -19.092945  -0.006547 -0.225628 -0.974191  0.863264 0.820637 1 79 1.000000
0  -4.205480 8.750665 -19.063028  -0.004656 -0.218409 -0.975846  0.863264 0.820637 1 79 1.000000
0  -4.308838 8.870730 -19.089825  -0.001450 -0.222769 -0.974870  0.863264 0.820637 1 79 1.000000
lowpoly_plastic
0  -4.272912 10.924812 -16.344177  -1.000000 -0.000016 0.000000  0.008576 0.748762 1 79 1.000000
0  -4.272912 10.971342 -15.182536  -1.000000 -0.000016 0.000000  0.008576 0.748762 1 79 1.000000
0  -4.272912 11.013145 -15.183292  -1.000000 -0.000016 0.000000  0.008576 0.748762 1 79 1.000000
lowpoly_plastic
0  -3.462424 9.431971 -16.194969  0.754415 -0.652472 0.071680  0.008576 0.748762 1 79 1.000000
0  -3.558851 9.425964 -15.164903  0.756150 -0.651053 0.066083  0.008576 0.748762 1 79 1.000000
0  -3.558851 9.321102 -16.183887  0.758994 -0.647496 0.068398  0.008576 0.748762 1 79 1.000000
lowpoly_plastic
0  -4.166634 11.004862 -12.148806  -0.929930 -0.000573 0.367736  0.008576 0.748762 1 79 1.000000
0  -4.082368 11.070702 -11.935610  -0.929930 -0.000573 0.367736  0.008576 0.748762 1 79 1.000000
0  -4.166634 11.071081 -12.148703  -0.929930 -0.000573 0.367736  0.008576 0.748762 1 79 1.000000
lowpoly_plastic
0  -4.272913 10.512613 -18.690689  0.006410 0.220522 0.975361  0.863264 0.820637 1 79 1.000000
0  -4.185127 10.550058 -18.699156  0.000035 0.220523 0.975382  0.863264 0.820637 1 79 1.000000
0  -4.299732 10.539406 -18.696747  0.004489 0.216069 0.976368  0.863264 0.820637 1 79 1.000000
lowpoly_plastic
0  -3.462424 10.713722 -17.492653  1.000000 0.000000 -0.000000  0.008576 0.748762 1 79 1.000000
0  -3.462424 9.879883 -16.239737  1.000000 0.000000 -0.000000  0.008576 0.748762 1 79 1.000000
0  -3.462424 9.741001 -17.396378  1.000000 0.000000 -0.000000  0.008576 0.748762 1 79 1.000000
lowpoly_plastic
0  -3.843060 9.389940 -12.151320  0.000000 -0.001552 0.999999  0.008576 0.748762 1 79 1.000000
0  -3.867667 9.459385 -12.151212  0.000000 -0.001552 0.999999  0.008576 0.748762 1 79 1.000000
0  -3.867667 9.389940 -12.151320  0.000000 -0.001552 0.999999  0.008576 0.748762 1 79 1.000000
lowpoly_plastic
0  -3.923902 9.459385 -12.151212  0.000000 -0.001552 0.999999  0.008576 0.748762 1 79 1.000000
0  -4.010106 9.389940 -12.151320  0.000000 -0.001552 0.999999  0.008576 0.748762 1 79 1.000000
0  -3.956228 9.389940 -12.151320  0.000000 -0.001552 0.999999  0.008576 0.748762 1 79 1.000000
lowpoly_plastic
0  -3.550209 11.039778 -12.844324  0.000000 0.999935 -0.011385  0.008576 0.748762 1 79 1.000000
0  -3.462424 11.013145 -15.183292  0.000000 0.999935 -0.011385  0.008576 0.748762 1 79 1.000000
0  -3.550210 11.013145 -15.183292  0.000000 0.999935 -0.011385  0.008576 0.748762 1 79 1.000000
lowpoly_plastic
0  -3.867668 8.756106 -19.638885  0.000000 -0.179768 -0.983709  0.008576 0.748762 1 79 1.000000
0  -4.080925 9.198917 -19.719807  0.000000 -0.179768 -0.983709  0.008576 0.748762 1 79 1.000000
0  -3.867668 9.198917 -19.719807  0.000000 -0.179768 -0.983709  0.008576 0.748762 1 79 1.000000
lowpoly_plastic
0  -3.867668 9.252003 -16.176979  0.000000 -0.993286 0.115688  0.008576 0.748762 1 79 1.000000
0  -3.998554 9.117169 -17.334633  0.000000 -0.993286 0.115688  0.008576 0.748762 1 79 1.000000
0  -3.867668 9.117169 -17.334633  0.000000 -0.993286 0.115688  0.008576 0.748762 1 79 1.000000
lowpoly_plastic
0  -4.080925 11.015437 -16.356693  0.000000 0.992145 -0.125094  0.008576 0.748762 1 79 1.000000
0  -3.867668 10.869816 -17.511650  0.000000 0.992145 -0.125094  0.008576 0.748762 1 79 1.000000
0  -4.080925 10.869816 -17.511650  0.000000 0.992145 -0.125094  0.008576 0.748762 1 79 1.000000
lowpoly_plastic
0  -3.654411 11.013145 -15.183292  0.000000 0.997118 -0.075871  0.008576 0.748762 1 79 1.000000
0  -3.550210 10.924812 -16.344177  0.000000 0.997118 -0.075871  0.008576 0.748762 1 79 1.000000
0  -3.654411 10.924812 -16.344177  0.000000 0.997118 -0.075871  0.008576 0.748762 1 79 1.000000
lowpoly_plastic
0  -3.867668 9.198917 -19.719807  0.000000 -0.179766 -0.983709  0.008576 0.748762 1 79 1.000000
0  -4.080925 10.166803 -19.896681  0.000000 -0.179766 -0.983709  0.008576 0.748762 1 79 1.000000
0  -3.867668 10.166803 -19.896681  0.000000 -0.179766 -0.983709  0.008576 0.748762 1 79 1.000000
lowpoly_plastic
0  -4.272912 11.013145 -15.183292  0.000000 0.999935 -0.011385  0.008576 0.748762 1 79 1.000000
0  -4.185126 11.039778 -12.844324  0.000000 0.999935 -0.011385  0.008576 0.748762 1 79 1.000000
0  -4.185126 11.013145 -15.183292  0.000000 0.999935 -0.011385  0.008576 0.748762 1 79 1.000000
lowpoly_plastic
0  -3.705154 9.459385 -12.818278  0.000000 1.000000 0.000002  0.008576 0.748762 1 79 1.000000
0  -3.811433 9.459385 -12.151212  0.000000 1.000000 0.000002  0.008576 0.748762 1 79 1.000000
0  -3.732026 9.459385 -12.151212  0.000000 1.000000 0.000002  0.008576 0.748762 1 79 1.000000
lowpoly_plastic
0  -4.078847 9.570805 -12.151038  0.820512 0.556482 -0.130725  0.008576 0.748762 1 79 1.000000
0  -4.109587 9.459385 -12.818278  0.820512 0.556482 -0.130725  0.008576 0.748762 1 79 1.000000
0  -4.185125 9.570805 -12.818106  0.820512 0.556482 -0.130725  0.008576 0.748762 1 79 1.000000
lowpoly_plastic
0  -3.462424 9.537376 -15.166174  0.756148 -0.654358 0.007481  0.008576 0.748762 1 79 1.000000
0  -3.558850 9.452517 -12.842539  0.756148 -0.654358 0.007481  0.008576 0.748762 1 79 1.000000
0  -3.558851 9.425964 -15.164903  0.756148 -0.654358 0.007481  0.008576 0.748762 1 79 1.000000
lowpoly_plastic
0  -4.272912 9.537376 -15.166174  -0.756129 -0.654379 0.007481  0.008576 0.748762 1 79 1.000000
0  -4.176484 9.452517 -12.842539  -0.756129 -0.654379 0.007481  0.008576 0.748762 1 79 1.000000
0  -4.272911 9.563935 -12.842662  -0.756129 -0.654379 0.007481  0.008576 0.748762 1 79 1.000000
lowpoly_plastic
0  -3.672830 8.578188 -19.606371  0.000000 -0.973745 0.227643  0.008576 0.748762 1 79 1.000000
0  -3.618951 8.707367 -19.053806  -0.000155 -0.974243 0.225501  0.008576 0.748762 1 79 1.000000
0  -3.672829 8.707367 -19.053806  0.000000 -0.973745 0.227643  0.008576 0.748762 1 79 1.000000
lowpoly_plastic
0  -3.462424 10.971342 -15.182536  1.000000 0.000000 -0.000000  0.008576 0.748762 1 79 1.000000
0  -3.462423 10.014074 -12.843161  1.000000 0.000000 -0.000000  0.008576 0.748762 1 79 1.000000
0  -3.462424 9.987494 -15.171310  1.000000 0.000000 -0.000000  0.008576 0.748762 1 79 1.000000
lowpoly_plastic
0  -4.078847 9.570805 -12.151038  0.987545 0.000245 -0.157338  0.008576 0.748762 1 79 1.000000
0  -4.185125 10.020948 -12.817404  0.987545 0.000245 -0.157338  0.008576 0.748762 1 79 1.000000
0  -4.078847 10.020948 -12.150337  0.987545 0.000245 -0.157338  0.008576 0.748762 1 79 1.000000
lowpoly_plastic
0  -4.080925 10.779190 -17.499134  -1.000000 0.000000 0.000000  0.008576 0.748762 1 79 1.000000
0  -4.080925 11.015437 -16.356693  -1.000000 0.000000 0.000000  0.008576 0.748762 1 79 1.000000
0  -4.080925 10.869816 -17.511650  -1.000000 0.000000 0.000000  0.008576 0.748762 1 79 1.000000
lowpoly_plastic
0  -3.652966 10.322666 -11.937243  -0.232559 -0.002185 0.972580  0.008576 0.748762 1 79 1.000000
0  -3.705285 11.004482 -11.948223  -0.232559 -0.002185 0.972580  0.008576 0.748762 1 79 1.000000
0  -3.705285 10.322666 -11.949755  -0.232559 -0.002185 0.972580  0.008576 0.748762 1 79 1.000000
lowpoly_plastic
0  -4.078847 10.020948 -12.150337  0.191795 -0.564682 0.802713  0.008576 0.748762 1 79 1.000000
0  -4.082368 10.322666 -11.937243  0.000000 -0.576894 0.816819  0.008576 0.748762 1 79 1.000000
0  -4.166633 10.020948 -12.150337  0.000000 -0.576894 0.816819  0.008576 0.748762 1 79 1.000000
lowpoly_plastic
0  -4.185127 10.779190 -17.499134  0.000000 0.975876 -0.218326  0.008576 0.748762 1 79 1.000000
0  -4.272913 10.512613 -18.690689  0.000000 0.977248 -0.212099  0.008576 0.748762 1 79 1.000000
0  -4.272913 10.779190 -17.499134  0.000000 0.975876 -0.218326  0.008576 0.748762 1 79 1.000000
lowpoly_plastic
0  -3.462424 10.713722 -17.492653  1.000000 0.000000 0.000000  0.008576 0.748762 1 79 1.000000
0  -3.462424 10.512613 -18.690689  1.000000 0.000000 0.000000  0.008576 0.748762 1 79 1.000000
0  -3.462424 10.779190 -17.499134  1.000000 0.000000 0.000000  0.008576 0.748762 1 79 1.000000
lowpoly_plastic
0  -3.550210 10.512613 -18.690689  -0.000027 0.220538 0.975379  0.863264 0.820637 1 79 1.000000
0  -3.435604 10.539406 -18.696747  -0.000027 0.220538 0.975379  0.863264 0.820637 1 79 1.000000
0  -3.550210 10.550058 -18.699156  -0.000027 0.220538 0.975379  0.863264 0.820637 1 79 1.000000
lowpoly_plastic
0  -4.272913 10.713722 -17.492653  -1.000000 -0.000007 0.000000  0.008576 0.748762 1 79 1.000000
0  -4.272913 10.512613 -18.690689  -1.000000 -0.000007 0.000000  0.008576 0.748762 1 79 1.000000
0  -4.272913 10.447789 -18.678547  -1.000000 -0.000007 0.000000  0.008576 0.748762 1 79 1.000000
lowpoly_plastic
0  -3.654411 10.348263 -19.417599  -0.086098 -0.134914 -0.987110  0.863264 0.820637 1 79 1.000000
0  -3.626559 10.464659 -19.435940  -0.086097 -0.134913 -0.987110  0.863264 0.820637 1 79 1.000000
0  -3.628031 10.375467 -19.423750  -0.086097 -0.134913 -0.987110  0.863264 0.820637 1 79 1.000000
lowpoly_plastic
0  -4.062507 8.578188 -19.606371  0.000000 -0.179760 -0.983711  0.008576 0.748762 1 79 1.000000
0  -4.109588 8.646502 -19.618855  0.000000 -0.179760 -0.983711  0.008576 0.748762 1 79 1.000000
0  -4.030181 8.646502 -19.618855  0.000000 -0.179760 -0.983711  0.008576 0.748762 1 79 1.000000
lowpoly_plastic
0  -4.116385 9.117169 -17.334633  0.000000 -0.972652 0.232269  0.008576 0.748762 1 79 1.000000
0  -4.062507 8.866955 -18.382420  0.000000 -0.972652 0.232269  0.008576 0.748762 1 79 1.000000
0  -4.062507 9.117169 -17.334633  0.000000 -0.972652 0.232269  0.008576 0.748762 1 79 1.000000
lowpoly_plastic
0  -4.272912 9.741001 -17.396378  -1.000000 0.000000 0.000000  0.008576 0.748762 1 79 1.000000
0  -4.272913 10.447789 -18.678547  -1.000000 0.000000 0.000000  0.008576 0.748762 1 79 1.000000
0  -4.272912 9.484646 -18.498127  -1.000000 0.000000 0.000000  0.008576 0.748762 1 79 1.000000
lowpoly_plastic
0  -4.272913 10.348263 -19.417599  0.001274 -0.217225 -0.976121  0.863264 0.820637 1 79 1.000000
0  -4.311303 10.283628 -19.403269  0.001274 -0.217225 -0.976121  0.863264 0.820637 1 79 1.000000
0  -4.300095 10.374706 -19.423576  0.001274 -0.217225 -0.976121  0.863264 0.820637 1 79 1.000000
lowpoly_plastic
0  -4.272913 9.323269 -19.190353  -0.002533 -0.216665 -0.976243  0.863264 0.820637 1 79 1.000000
0  -4.308838 8.870730 -19.089825  -0.002533 -0.216665 -0.976243  0.863264 0.820637 1 79 1.000000
0  -4.311303 9.323269 -19.190353  -0.002533 -0.216665 -0.976243  0.863264 0.820637 1 79 1.000000
lowpoly_plastic
0  -3.618951 8.866955 -18.382420  0.001010 0.229149 0.973391  0.863264 0.820637 1 79 1.000000
0  -3.672829 8.829605 -18.373543  0.000072 0.231143 0.972920  0.863264 0.820637 1 79 1.000000
0  -3.602834 8.833055 -18.374367  -0.002180 0.231071 0.972934  0.863264 0.820637 1 79 1.000000
lowpoly_plastic
0  -3.462424 9.741001 -17.396378  1.000000 0.000000 0.000000  0.008576 0.748762 1 79 1.000000
0  -3.462424 10.447789 -18.678547  1.000000 0.000000 0.000000  0.008576 0.748762 1 79 1.000000
0  -3.462424 10.713722 -17.492653  1.000000 0.000000 0.000000  0.008576 0.748762 1 79 1.000000
lowpoly_plastic
0  -3.462424 9.044003 -18.415585  0.750777 -0.641933 0.155741  0.008576 0.748762 1 79 1.000000
0  -3.558851 9.185823 -17.341427  0.755540 -0.637294 0.151708  0.008576 0.748762 1 79 1.000000
0  -3.558851 8.934935 -18.395153  0.752828 -0.639389 0.156304  0.008576 0.748762 1 79 1.000000
lowpoly_plastic
0  -3.867668 8.829605 -18.373543  0.000000 -0.972893 0.231255  0.897248 0.822590 1 79 1.000000
0  -3.736783 8.670017 -19.044930  0.000000 -0.972403 0.233307  0.897248 0.822590 1 79 1.000000
0  -3.736782 8.829605 -18.373543  -0.002253 -0.972891 0.231255  0.897248 0.822590 1 79 1.000000
lowpoly_plastic
0  -3.424033 10.447789 -18.678547  0.992636 0.118192 -0.026527  0.897248 0.822590 1 79 1.000000
0  -3.435242 10.374706 -19.423576  0.992636 0.118192 -0.026527  0.897248 0.822590 1 79 1.000000
0  -3.435604 10.539406 -18.696747  0.992636 0.118192 -0.026527  0.897248 0.822590 1 79 1.000000
lowpoly_plastic
0  -4.185127 10.550058 -18.699156  -0.096191 0.970807 -0.219729  0.897248 0.822590 1 79 1.000000
0  -4.300095 10.374706 -19.423576  -0.096259 0.972185 -0.213521  0.897248 0.822590 1 79 1.000000
0  -4.299732 10.539406 -18.696747  -0.089911 0.971382 -0.219849  0.897248 0.822590 1 79 1.000000
lowpoly_plastic
0  -3.998554 8.829605 -18.373543  0.000000 -0.972892 0.231258  0.897248 0.822590 1 79 1.000000
0  -3.867668 8.670017 -19.044930  0.000000 -0.972347 0.233542  0.897248 0.822590 1 79 1.000000
0  -3.867668 8.829605 -18.373543  -0.002205 -0.972890 0.231257  0.897248 0.822590 1 79 1.000000
lowpoly_plastic
0  -3.426329 9.031275 -18.412571  0.999988 -0.004854 0.001131  0.897248 0.822590 1 79 1.000000
0  -3.424033 9.323269 -19.190353  0.999988 -0.004854 0.001131  0.897248 0.822590 1 79 1.000000
0  -3.424033 9.484646 -18.498127  0.999988 -0.004854 0.001131  0.897248 0.822590 1 79 1.000000
lowpoly_plastic
0  -4.062507 8.829605 -18.373543  0.000000 -0.972892 0.231260  0.897248 0.822590 1 79 1.000000
0  -3.998554 8.670017 -19.044930  0.000000 -0.972892 0.231260  0.897248 0.822590 1 79 1.000000
0  -3.998554 8.829605 -18.373543  0.000000 -0.972892 0.231260  0.897248 0.822590 1 79 1.000000
lowpoly_plastic
0  -4.309006 9.031275 -18.412571  -0.999986 -0.005230 0.000991  0.897248 0.822590 1 79 1.000000
0  -4.311303 9.323269 -19.190353  -0.999986 -0.005230 0.000991  0.897248 0.822590 1 79 1.000000
0  -4.308838 8.870730 -19.089825  -0.999986 -0.005230 0.000991  0.897248 0.822590 1 79 1.000000
lowpoly_plastic
0  -3.435242 10.374706 -19.423576  0.095940 0.972218 -0.213514  0.897248 0.822590 1 79 1.000000
0  -3.550210 10.550058 -18.699156  0.096140 0.970811 -0.219734  0.897248 0.822590 1 79 1.000000
0  -3.435604 10.539406 -18.696747  0.096140 0.970811 -0.219734  0.897248 0.822590 1 79 1.000000
lowpoly_plastic
0  -3.672829 8.670017 -19.044930  0.050031 -0.971661 0.231022  0.897248 0.822590 1 79 1.000000
0  -3.602834 8.833055 -18.374367  0.049901 -0.972186 0.228834  0.897248 0.822590 1 79 1.000000
0  -3.672829 8.829605 -18.373543  0.050031 -0.971661 0.231022  0.897248 0.822590 1 79 1.000000
lowpoly_plastic
0  -4.205480 8.750665 -19.063028  -0.733034 -0.661079 0.160110  0.897248 0.822590 1 79 1.000000
0  -4.132502 8.833055 -18.374367  -0.733498 -0.661630 0.155647  0.897248 0.822590 1 79 1.000000
0  -4.205480 8.910451 -18.389349  -0.733861 -0.661939 0.152594  0.897248 0.822590 1 79 1.000000
lowpoly_plastic
0  -3.550210 10.385708 -19.426064  -0.144228 0.965428 -0.217133  0.897248 0.822590 1 79 1.000000
0  -3.626559 10.538383 -18.696518  -0.144203 0.964027 -0.223289  0.897248 0.822590 1 79 1.000000
0  -3.550210 10.550058 -18.699156  -0.144227 0.965428 -0.217134  0.897248 0.822590 1 79 1.000000
lowpoly_plastic
0  -3.867668 10.640684 -18.711674  -0.046645 0.974108 -0.221217  0.897248 0.822590 1 79 1.000000
0  -4.108778 10.464659 -19.435940  -0.046673 0.975499 -0.214994  0.897248 0.822590 1 79 1.000000
0  -4.107306 10.630443 -18.709358  -0.040356 0.974376 -0.221275  0.897248 0.822590 1 79 1.000000
lowpoly_plastic
0  -4.311303 10.447789 -18.678547  -0.992648 0.118099 -0.026519  0.897248 0.822590 1 79 1.000000
0  -4.300095 10.374706 -19.423576  -0.992648 0.118099 -0.026519  0.897248 0.822590 1 79 1.000000
0  -4.311303 10.283628 -19.403269  -0.992648 0.118099 -0.026519  0.897248 0.822590 1 79 1.000000
lowpoly_plastic
0  -4.132502 8.833055 -18.374367  -0.049940 -0.971663 0.231034  0.897248 0.822590 1 79 1.000000
0  -4.062507 8.670017 -19.044930  -0.049940 -0.971663 0.231033  0.897248 0.822590 1 79 1.000000
0  -4.062507 8.829605 -18.373543  -0.049940 -0.971663 0.231034  0.897248 0.822590 1 79 1.000000
lowpoly_plastic
0  -4.311303 9.484646 -18.498127  -1.000000 -0.000000 0.000001  0.897248 0.822590 1 79 1.000000
0  -4.311303 10.283628 -19.403269  -1.000000 -0.000000 0.000001  0.897248 0.822590 1 79 1.000000
0  -4.311303 9.323269 -19.190353  -1.000000 -0.000000 0.000001  0.897248 0.822590 1 79 1.000000
lowpoly_plastic
0  -3.426498 8.870730 -19.089825  0.763341 -0.627846 0.152051  0.897248 0.822590 1 79 1.000000
0  -3.529856 8.910451 -18.389349  0.768006 -0.623178 0.147703  0.897248 0.822590 1 79 1.000000
0  -3.529857 8.750665 -19.063028  0.766114 -0.624700 0.151060  0.897248 0.822590 1 79 1.000000
lowpoly_plastic
0  -4.108778 10.538383 -18.696518  -1.000000 -0.000024 0.000003  0.897248 0.822590 1 79 1.000000
0  -4.108778 10.464659 -19.435940  -1.000000 -0.000025 0.000002  0.897248 0.822590 1 79 1.000000
0  -4.107306 10.375467 -19.423750  -1.000000 -0.000025 0.000001  0.897248 0.822590 1 79 1.000000
lowpoly_plastic
0  -4.108778 10.538383 -18.696518  0.144226 0.965429 -0.217132  0.897248 0.822590 1 79 1.000000
0  -4.185127 10.385708 -19.426064  0.144226 0.965428 -0.217133  0.897248 0.822590 1 79 1.000000
0  -4.185127 10.550058 -18.699156  0.144226 0.965429 -0.217133  0.897248 0.822590 1 79 1.000000
lowpoly_plastic
0  -3.424033 9.484646 -18.498127  1.000000 0.000000 -0.000000  0.897248 0.822590 1 79 1.000000
0  -3.424033 10.283628 -19.403269  1.000000 0.000000 -0.000000  0.897248 0.822590 1 79 1.000000
0  -3.424033 10.447789 -18.678547  1.000000 0.000000 -0.000000  0.897248 0.822590 1 79 1.000000
lowpoly_plastic
0  -3.529857 8.750665 -19.063028  0.731883 -0.662694 0.158695  0.897248 0.822590 1 79 1.000000
0  -3.602834 8.833055 -18.374367  0.737551 -0.657055 0.155874  0.897248 0.822590 1 79 1.000000
0  -3.603075 8.673360 -19.045727  0.734739 -0.660142 0.156115  0.897248 0.822590 1 79 1.000000
lowpoly_plastic
0  -4.308838 8.870730 -19.089825  -0.763344 -0.627843 0.152049  0.897248 0.822590 1 79 1.000000
0  -4.205480 8.910451 -18.389349  -0.766090 -0.626116 0.145208  0.897248 0.822590 1 79 1.000000
0  -4.309006 9.031275 -18.412571  -0.765086 -0.626589 0.148423  0.897248 0.822590 1 79 1.000000
lowpoly_plastic
0  -3.626559 10.464659 -19.435940  0.045924 0.975523 -0.215047  0.897248 0.822590 1 79 1.000000
0  -3.867668 10.640684 -18.711674  0.047166 0.972664 -0.227379  0.897248 0.822590 1 79 1.000000
0  -3.628030 10.630443 -18.709358  0.046646 0.974108 -0.221219  0.897248 0.822590 1 79 1.000000
lowpoly_plastic
0  -3.626559 10.464659 -19.435940  1.000000 -0.000010 0.000000  0.897248 0.822590 1 79 1.000000
0  -3.626559 10.538383 -18.696518  1.000000 -0.000010 0.000002  0.897248 0.822590 1 79 1.000000
0  -3.628031 10.375467 -19.423750  1.000000 -0.000010 0.000001  0.897248 0.822590 1 79 1.000000
lowpoly_plastic
0  -3.736783 8.670017 -19.044930  0.002349 -0.972891 0.231252  0.897248 0.822590 1 79 1.000000
0  -3.672829 8.829605 -18.373543  0.000000 -0.972894 0.231252  0.897248 0.822590 1 79 1.000000
0  -3.736782 8.829605 -18.373543  0.000000 -0.972894 0.231252  0.897248 0.822590 1 79 1.000000
lowpoly_plastic
0  -3.462424 10.348263 -19.417599  0.004497 -0.216090 -0.976363  0.863264 0.820637 1 79 1.000000
0  -3.550210 10.385708 -19.426064  -0.000017 -0.220486 -0.975390  0.863264 0.820637 1 79 1.000000
0  -3.435242 10.374706 -19.423576  -0.006363 -0.219876 -0.975507  0.863264 0.820637 1 79 1.000000
lowpoly_plastic
0  -3.867668 10.438888 -19.430115  -0.006108 -0.218694 -0.975774  0.863264 0.820637 1 79 1.000000
0  -4.108778 10.464659 -19.435940  0.006368 -0.220170 -0.975441  0.863264 0.820637 1 79 1.000000
0  -3.867668 10.476334 -19.438580  -0.001753 -0.226409 -0.974031  0.863264 0.820637 1 79 1.000000
lowpoly_plastic
0  -4.080925 10.512613 -18.690689  -0.083616 0.137660 0.986944  0.863264 0.820637 1 79 1.000000
0  -4.107306 10.630443 -18.709358  -0.083616 0.137659 0.986944  0.863264 0.820637 1 79 1.000000
0  -4.108778 10.538383 -18.696518  -0.083616 0.137659 0.986944  0.863264 0.820637 1 79 1.000000
lowpoly_plastic
0  -3.462424 10.447789 -18.678547  0.000000 0.184121 0.982904  0.863264 0.820637 1 79 1.000000
0  -3.424033 9.484646 -18.498127  0.000000 0.184121 0.982904  0.863264 0.820637 1 79 1.000000
0  -3.424033 10.447789 -18.678547  0.000000 0.184121 0.982904  0.863264 0.820637 1 79 1.000000
lowpoly_plastic
0  -4.080925 10.603238 -18.703205  0.006380 0.220596 0.975344  0.863264 0.820637 1 79 1.000000
0  -3.867668 10.640684 -18.711674  0.000004 0.220610 0.975362  0.863264 0.820637 1 79 1.000000
0  -4.107306 10.630443 -18.709358  0.004385 0.216088 0.976364  0.863264 0.820637 1 79 1.000000
lowpoly_plastic
0  -3.672829 8.707367 -19.053806  -0.000045 -0.231224 -0.972901  0.863264 0.820637 1 79 1.000000
0  -3.603075 8.673360 -19.045727  -0.001059 -0.229266 -0.973363  0.863264 0.820637 1 79 1.000000
0  -3.672829 8.670017 -19.044930  -0.000045 -0.231224 -0.972901  0.863264 0.820637 1 79 1.000000
lowpoly_plastic
0  -3.736783 8.707367 -19.053806  0.002253 -0.231231 -0.972896  0.863264 0.820637 1 79 1.000000
0  -3.672829 8.670017 -19.044930  0.000000 -0.231232 -0.972899  0.863264 0.820637 1 79 1.000000
0  -3.736783 8.670017 -19.044930  0.000000 -0.229039 -0.973417  0.863264 0.820637 1 79 1.000000
lowpoly_plastic
0  -3.462424 10.512613 -18.690689  0.012629 0.191295 0.981451  0.863264 0.820637 1 79 1.000000
0  -3.424033 10.447789 -18.678547  0.012629 0.191294 0.981452  0.863264 0.820637 1 79 1.000000
0  -3.435604 10.539406 -18.696747  0.012629 0.191295 0.981452  0.863264 0.820637 1 79 1.000000
lowpoly_plastic
0  -3.462424 9.323269 -19.190353  0.000000 -0.216448 -0.976294  0.863264 0.820637 1 79 1.000000
0  -3.424033 10.283628 -19.403269  0.000000 -0.216448 -0.976294  0.863264 0.820637 1 79 1.000000
0  -3.424033 9.323269 -19.190353  0.000000 -0.216448 -0.976294  0.863264 0.820637 1 79 1.000000
lowpoly_plastic
0  -4.272912 9.044003 -18.415585  0.008170 0.184801 0.982742  0.863264 0.820637 1 79 1.000000
0  -4.311303 9.484646 -18.498127  0.008170 0.184801 0.982742  0.863264 0.820637 1 79 1.000000
0  -4.309006 9.031275 -18.412571  0.008170 0.184800 0.982742  0.863264 0.820637 1 79 1.000000
lowpoly_plastic
0  -4.185127 10.512613 -18.690689  0.000000 0.220542 0.975378  0.863264 0.820637 1 79 1.000000
0  -4.108778 10.538383 -18.696518  0.000000 0.220542 0.975378  0.863264 0.820637 1 79 1.000000
0  -4.185127 10.550058 -18.699156  0.000000 0.220542 0.975378  0.863264 0.820637 1 79 1.000000
lowpoly_plastic
0  -3.618951 8.707367 -19.053806  0.008466 -0.223445 -0.974680  0.863264 0.820637 1 79 1.000000
0  -3.529857 8.750665 -19.063028  0.005497 -0.223746 -0.974632  0.863264 0.820637 1 79 1.000000
0  -3.603075 8.673360 -19.045727  0.007056 -0.224376 -0.974477  0.863264 0.820637 1 79 1.000000
lowpoly_plastic
0  -4.116385 8.866955 -18.382420  0.026965 0.209628 0.977409  0.863264 0.820637 1 79 1.000000
0  -4.205480 8.910451 -18.389349  0.030006 0.207963 0.977676  0.863264 0.820637 1 79 1.000000
0  -4.132502 8.833055 -18.374367  0.025598 0.211463 0.977051  0.863264 0.820637 1 79 1.000000
lowpoly_plastic
0  -4.272913 10.447789 -18.678547  -0.012579 0.191286 0.981454  0.863264 0.820637 1 79 1.000000
0  -4.299732 10.539406 -18.696747  -0.012578 0.191285 0.981454  0.863264 0.820637 1 79 1.000000
0  -4.311303 10.447789 -18.678547  -0.012579 0.191287 0.981454  0.863264 0.820637 1 79 1.000000
lowpoly_plastic
0  -3.558851 8.775148 -19.068832  0.007797 -0.219302 -0.975626  0.863264 0.820637 1 79 1.000000
0  -3.426498 8.870730 -19.089825  0.001370 -0.222765 -0.974871  0.863264 0.820637 1 79 1.000000
0  -3.529857 8.750665 -19.063028  0.002970 -0.219424 -0.975625  0.863264 0.820637 1 79 1.000000
lowpoly_plastic
0  -3.867668 8.707367 -19.053806  0.002253 -0.231226 -0.972897  0.863264 0.820637 1 79 1.000000
0  -3.736783 8.670017 -19.044930  -0.002253 -0.231226 -0.972897  0.863264 0.820637 1 79 1.000000
0  -3.867668 8.670017 -19.044930  0.000000 -0.228940 -0.973440  0.863264 0.820637 1 79 1.000000
lowpoly_plastic
0  -3.998554 8.866955 -18.382420  0.000000 0.231229 0.972899  0.863264 0.820637 1 79 1.000000
0  -4.062507 8.829605 -18.373543  0.000000 0.231229 0.972899  0.863264 0.820637 1 79 1.000000
0  -3.998554 8.829605 -18.373543  0.000000 0.231229 0.972899  0.863264 0.820637 1 79 1.000000
lowpoly_plastic
0  -3.736782 8.866955 -18.382420  -0.002253 0.231227 0.972897  0.863264 0.820637 1 79 1.000000
0  -3.867668 8.829605 -18.373543  0.000000 0.231228 0.972900  0.863264 0.820637 1 79 1.000000
0  -3.736782 8.829605 -18.373543  0.000000 0.233466 0.972365  0.863264 0.820637 1 79 1.000000
lowpoly_plastic
0  -3.998554 8.707367 -19.053806  0.000000 -0.231226 -0.972900  0.863264 0.820637 1 79 1.000000
0  -3.867668 8.670017 -19.044930  -0.002253 -0.231226 -0.972897  0.863264 0.820637 1 79 1.000000
0  -3.998554 8.670017 -19.044930  0.000000 -0.231226 -0.972900  0.863264 0.820637 1 79 1.000000
lowpoly_plastic
0  -4.062507 8.866955 -18.382420  -0.000067 0.231228 0.972899  0.863264 0.820637 1 79 1.000000
0  -4.132502 8.833055 -18.374367  -0.000067 0.231228 0.972899  0.863264 0.820637 1 79 1.000000
0  -4.062507 8.829605 -18.373543  -0.000067 0.231228 0.972899  0.863264 0.820637 1 79 1.000000
lowpoly_plastic
0  -4.185127 10.348263 -19.417599  0.000014 -0.220490 -0.975389  0.863264 0.820637 1 79 1.000000
0  -4.300095 10.374706 -19.423576  0.006359 -0.219879 -0.975506  0.863264 0.820637 1 79 1.000000
0  -4.185127 10.385708 -19.426064  0.000014 -0.220490 -0.975389  0.863264 0.820637 1 79 1.000000
lowpoly_plastic
0  -3.867668 8.866955 -18.382420  -0.002301 0.231225 0.972897  0.863264 0.820637 1 79 1.000000
0  -3.998554 8.829605 -18.373543  0.000000 0.231226 0.972900  0.863264 0.820637 1 79 1.000000
0  -3.867668 8.829605 -18.373543  0.000000 0.233511 0.972354  0.863264 0.820637 1 79 1.000000
lowpoly_plastic
0  -3.654411 10.603238 -18.703205  0.083634 0.137668 0.986941  0.863264 0.820637 1 79 1.000000
0  -3.626559 10.538383 -18.696518  0.083634 0.137668 0.986941  0.863264 0.820637 1 79 1.000000
0  -3.628030 10.630443 -18.709358  0.083634 0.137668 0.986941  0.863264 0.820637 1 79 1.000000
lowpoly_plastic
0  -4.176485 8.775148 -19.068832  -0.009665 -0.227529 -0.973723  0.863264 0.820637 1 79 1.000000
0  -4.132262 8.673360 -19.045727  -0.007581 -0.223802 -0.974605  0.863264 0.820637 1 79 1.000000
0  -4.205480 8.750665 -19.063028  -0.005588 -0.225964 -0.974120  0.863264 0.820637 1 79 1.000000
lowpoly_metal
0  -3.799424 -7.430742 -6.559576  0.471480 -0.332879 -0.816638  0.965100 0.662257 1 78 1.000000
0  -3.822213 -7.430742 -6.572733  0.471485 -0.332880 -0.816635  0.965091 0.662250 1 78 1.000000
0  -3.822213 -7.336096 -6.606764  0.444346 -0.298970 -0.844496  0.965091 0.662182 1 78 1.000000
lowpoly_metal
0  -3.944590 -7.336096 -6.263172  0.482031 -0.265717 0.834889  0.964950 0.662341 1 77 1.000000
0  -3.944590 -7.430742 -6.297203  0.471491 -0.332892 0.816626  0.964954 0.662270 1 77 1.000000
0  -3.921801 -7.430742 -6.310360  0.471492 -0.332892 0.816626  0.964962 0.662263 1 77 1.000000
lowpoly_metal
0  -3.883215 -7.336096 -6.022367  -0.482058 -0.265694 0.834881  0.964811 0.662341 1 76 1.000000
0  -3.853744 -7.430742 -6.039382  -0.471515 -0.332870 0.816622  0.964816 0.662271 1 76 1.000000
0  -3.830955 -7.430742 -6.026225  -0.471507 -0.332870 0.816627  0.964824 0.662265 1 76 1.000000
lowpoly_metal
0  -3.769952 -7.336096 -6.516246  0.964051 -0.265718 -0.000000  0.965159 0.662302 1 78 1.000000
0  -3.799424 -7.430742 -6.533261  0.942965 -0.332893 -0.000005  0.965099 0.662267 1 78 1.000000
0  -3.799424 -7.430742 -6.559576  0.942965 -0.332893 -0.000005  0.965100 0.662257 1 78 1.000000
lowpoly_metal
0  -3.830955 -7.336096 -6.112886  0.444353 -0.298973 -0.844492  0.964746 0.662221 1 76 1.000000
0  -3.778693 -7.336096 -6.082713  0.482025 -0.265707 -0.834896  0.964811 0.662182 1 76 1.000000
0  -3.808165 -7.430742 -6.065697  0.471482 -0.332883 -0.816636  0.964815 0.662250 1 76 1.000000
lowpoly_metal
0  -3.830955 -7.430742 -6.078855  0.000000 -1.000000 0.000000  0.964805 0.662256 1 76 1.000000
0  -3.808165 -7.430742 -6.065697  0.000000 -1.000000 0.000000  0.964815 0.662250 1 76 1.000000
0  -3.808165 -7.430742 -6.039382  0.000000 -1.000000 0.000000  0.964822 0.662255 1 76 1.000000
lowpoly_metal
0  -3.808165 -7.430742 -6.039382  0.000000 -1.000000 0.000000  0.964822 0.662255 1 76 1.000000
0  -3.830955 -7.430742 -6.026225  0.000000 -1.000000 0.000000  0.964824 0.662265 1 76 1.000000
0  -3.830955 -7.430742 -6.078855  0.000000 -1.000000 0.000000  0.964805 0.662256 1 76 1.000000
lowpoly_metal
0  -3.830955 -7.430742 -6.026225  0.000000 -1.000000 0.000000  0.964824 0.662265 1 76 1.000000
0  -3.853744 -7.430742 -6.039382  0.000000 -1.000000 0.000000  0.964816 0.662271 1 76 1.000000
0  -3.830955 -7.430742 -6.078855  0.000000 -1.000000 0.000000  0.964805 0.662256 1 76 1.000000
lowpoly_metal
0  -3.830955 -7.336096 -6.112886  -0.482021 -0.265715 -0.834896  0.964746 0.662221 1 76 1.000000
0  -3.830955 -7.430742 -6.078855  -0.471483 -0.332890 -0.816632  0.964805 0.662256 1 76 1.000000
0  -3.853744 -7.430742 -6.065697  -0.471482 -0.332890 -0.816633  0.964806 0.662267 1 76 1.000000
lowpoly_metal
0  -3.996851 -7.336096 -6.293345  -0.482038 -0.265707 0.834889  0.964883 0.662298 1 77 1.000000
0  -3.967379 -7.430742 -6.310360  -0.471493 -0.332882 0.816630  0.964944 0.662267 1 77 1.000000
0  -3.944590 -7.430742 -6.297203  -0.471491 -0.332882 0.816631  0.964954 0.662270 1 77 1.000000
lowpoly_metal
0  -3.822213 -7.336096 -6.606764  -0.482016 -0.265717 -0.834898  0.965091 0.662182 1 78 1.000000
0  -3.822213 -7.430742 -6.572733  -0.471477 -0.332892 -0.816634  0.965091 0.662250 1 78 1.000000
0  -3.845002 -7.430742 -6.559576  -0.471477 -0.332892 -0.816635  0.965081 0.662257 1 78 1.000000
lowpoly_metal
0  -3.996851 -7.336096 -6.353690  -0.964055 -0.265704 0.000000  0.964883 0.662222 1 77 1.000000
0  -3.967379 -7.430742 -6.336675  -0.942969 -0.332880 0.000000  0.964942 0.662256 1 77 1.000000
0  -3.967379 -7.430742 -6.310360  -0.942969 -0.332880 -0.000001  0.964944 0.662267 1 77 1.000000
lowpoly_metal
0  -3.830955 -7.336096 -5.992194  0.482012 -0.265711 0.834902  0.964883 0.662303 1 76 1.000000
0  -3.830955 -7.430742 -6.026225  0.471468 -0.332887 0.816642  0.964824 0.662265 1 76 1.000000
0  -3.808165 -7.430742 -6.039382  0.471473 -0.332886 0.816639  0.964822 0.662255 1 76 1.000000
lowpoly_metal
0  -3.822213 -7.336096 -6.486073  0.482022 -0.265707 0.834898  0.965090 0.662341 1 78 1.000000
0  -3.822213 -7.430742 -6.520103  0.471484 -0.332882 0.816635  0.965091 0.662273 1 78 1.000000
0  -3.799424 -7.430742 -6.533261  0.471483 -0.332882 0.816635  0.965099 0.662267 1 78 1.000000
lowpoly_metal
0  -3.944590 -7.336096 -6.383863  -0.481992 -0.265721 -0.834911  0.964949 0.662182 1 77 1.000000
0  -3.944590 -7.430742 -6.349832  -0.471451 -0.332896 -0.816648  0.964951 0.662251 1 77 1.000000
0  -3.967379 -7.430742 -6.336675  -0.471452 -0.332895 -0.816648  0.964942 0.662256 1 77 1.000000
lowpoly_metal
0  -3.944590 -7.430742 -6.349832  0.000000 -1.000000 0.000000  0.964951 0.662251 1 77 1.000000
0  -3.921801 -7.430742 -6.336675  0.000000 -1.000000 0.000000  0.964960 0.662253 1 77 1.000000
0  -3.921801 -7.430742 -6.310360  0.000000 -1.000000 0.000000  0.964962 0.662263 1 77 1.000000
lowpoly_metal
0  -3.921801 -7.430742 -6.310360  0.000000 -1.000000 0.000000  0.964962 0.662263 1 77 1.000000
0  -3.944590 -7.430742 -6.297203  0.000000 -1.000000 0.000000  0.964954 0.662270 1 77 1.000000
0  -3.944590 -7.430742 -6.349832  0.000000 -1.000000 0.000000  0.964951 0.662251 1 77 1.000000
lowpoly_metal
0  -3.944590 -7.430742 -6.297203  0.000000 -1.000000 0.000000  0.964954 0.662270 1 77 1.000000
0  -3.967379 -7.430742 -6.310360  0.000000 -1.000000 0.000000  0.964944 0.662267 1 77 1.000000
0  -3.944590 -7.430742 -6.349832  0.000000 -1.000000 0.000000  0.964951 0.662251 1 77 1.000000
lowpoly_metal
0  -3.874474 -7.336096 -6.576591  -0.964055 -0.265704 0.000000  0.965023 0.662219 1 78 1.000000
0  -3.845002 -7.430742 -6.559576  -0.942969 -0.332880 -0.000005  0.965081 0.662257 1 78 1.000000
0  -3.845002 -7.430742 -6.533261  -0.942969 -0.332880 -0.000007  0.965083 0.662267 1 78 1.000000
lowpoly_metal
0  -3.883215 -7.336096 -6.082713  -0.964051 -0.265718 0.000000  0.964744 0.662298 1 76 1.000000
0  -3.853744 -7.430742 -6.065697  -0.942965 -0.332893 0.000000  0.964806 0.662267 1 76 1.000000
0  -3.853744 -7.430742 -6.039382  -0.942965 -0.332893 -0.000001  0.964816 0.662271 1 76 1.000000
lowpoly_metal
0  -3.944590 -7.336096 -6.383863  0.444373 -0.298968 -0.844482  0.964949 0.662182 1 77 1.000000
0  -3.892329 -7.336096 -6.353690  0.482045 -0.265702 -0.834886  0.965021 0.662220 1 77 1.000000
0  -3.921801 -7.430742 -6.336675  0.471502 -0.332878 -0.816626  0.964960 0.662253 1 77 1.000000
lowpoly_metal
0  -3.799424 -7.430742 -6.533261  0.000000 -1.000000 0.000050  0.965099 0.662267 1 78 1.000000
0  -3.822213 -7.430742 -6.520103  0.000000 -1.000000 0.000050  0.965091 0.662273 1 78 1.000000
0  -3.845002 -7.430742 -6.533261  0.000000 -1.000000 0.000050  0.965083 0.662267 1 78 1.000000
lowpoly_metal
0  -3.845002 -7.430742 -6.533261  0.000000 -1.000000 0.000000  0.965083 0.662267 1 78 1.000000
0  -3.845002 -7.430742 -6.559576  0.000000 -1.000000 0.000000  0.965081 0.662257 1 78 1.000000
0  -3.822213 -7.430742 -6.572733  0.000000 -1.000000 0.000000  0.965091 0.662250 1 78 1.000000
lowpoly_metal
0  -3.822213 -7.430742 -6.572733  0.000000 -1.000000 -0.000050  0.965091 0.662250 1 78 1.000000
0  -3.799424 -7.430742 -6.559576  0.000000 -1.000000 -0.000050  0.965100 0.662257 1 78 1.000000
0  -3.845002 -7.430742 -6.533261  0.000000 -1.000000 -0.000050  0.965083 0.662267 1 78 1.000000
lowpoly_metal
0  -3.892329 -7.336096 -6.293345  0.964058 -0.265691 -0.000000  0.965021 0.662302 1 77 1.000000
0  -3.921801 -7.430742 -6.310360  0.942974 -0.332867 -0.000000  0.964962 0.662263 1 77 1.000000
0  -3.921801 -7.430742 -6.336675  0.942974 -0.332867 0.000001  0.964960 0.662253 1 77 1.000000
lowpoly_metal
0  -3.778693 -7.336096 -6.022367  0.964052 -0.265712 -0.000000  0.964883 0.662220 1 76 1.000000
0  -3.808165 -7.430742 -6.039382  0.942967 -0.332887 -0.000000  0.964822 0.662255 1 76 1.000000
0  -3.808165 -7.430742 -6.065697  0.942967 -0.332887 0.000001  0.964815 0.662250 1 76 1.000000
lowpoly_metal
0  -3.822213 -7.336096 -6.486073  -0.444370 -0.298963 0.844486  0.965090 0.662341 1 78 1.000000
0  -3.874474 -7.336096 -6.516246  -0.482046 -0.265697 0.834887  0.965021 0.662300 1 78 1.000000
0  -3.845002 -7.430742 -6.533261  -0.471504 -0.332873 0.816627  0.965083 0.662267 1 78 1.000000
lowpoly_metal
0  -4.096556 -6.006765 -6.411255  -0.499985 0.000000 -0.866034  0.991813 0.744421 1 77 1.000000
0  -4.096556 -5.969767 -6.411255  -0.499985 0.000000 -0.866034  0.991813 0.744420 1 77 1.000000
0  -3.944591 -5.969767 -6.498992  -0.499985 0.000000 -0.866034  0.991813 0.744416 1 77 1.000000
lowpoly_metal
0  -3.830955 -6.839612 -5.880307  -0.465713 -0.363923 0.806642  0.991821 0.744438 1 76 1.000000
0  -3.980113 -6.839612 -5.966423  -0.465713 -0.363923 0.806642  0.991821 0.744438 1 76 1.000000
0  -3.931407 -6.964269 -5.994543  -0.465713 -0.363923 0.806642  0.991821 0.744435 1 76 1.000000
lowpoly_metal
0  -3.957975 -6.049456 -6.125875  -0.500000 0.000000 -0.866025  0.991823 0.744482 1 76 1.000000
0  -3.957975 -6.006764 -6.125875  -0.500000 0.000000 -0.866025  0.991823 0.744484 1 76 1.000000
0  -3.830955 -6.006764 -6.199209  -0.500000 0.000000 -0.866025  0.991824 0.744491 1 76 1.000000
lowpoly_metal
0  -3.830955 -7.124786 -5.941825  -0.496358 -0.120414 0.859726  0.942697 0.699403 1 76 1.000000
0  -3.926837 -7.124786 -5.997182  -0.496358 -0.120414 0.859726  0.942697 0.699403 1 76 1.000000
0  -3.912687 -7.241449 -6.005352  -0.496358 -0.120414 0.859726  0.942697 0.699403 1 76 1.000000
lowpoly_metal
0  -3.822213 -6.964269 -6.430425  0.499995 0.000002 0.866028  0.991795 0.744441 1 78 1.000000
0  -3.822213 -7.124786 -6.430425  0.499995 0.000002 0.866028  0.991795 0.744435 1 78 1.000000
0  -3.721760 -7.124786 -6.488421  0.499995 0.000002 0.866028  0.991794 0.744435 1 78 1.000000
lowpoly_metal
0  -3.974179 -6.006764 -6.458681  -1.000000 0.000000 0.000000  0.991799 0.744506 1 78 1.000000
0  -3.974179 -5.969767 -6.458681  -1.000000 0.000000 0.000000  0.991799 0.744508 1 78 1.000000
0  -3.974179 -5.969767 -6.634156  -1.000000 0.000000 0.000000  0.991799 0.744504 1 78 1.000000
lowpoly_metal
0  -3.678990 -6.006764 -6.140277  1.000000 0.000000 0.000000  0.991826 0.744486 1 76 1.000000
0  -3.678990 -5.969767 -6.140277  1.000000 0.000000 0.000000  0.991826 0.744487 1 76 1.000000
0  -3.678990 -5.969767 -5.964802  1.000000 0.000000 0.000000  0.991825 0.744484 1 76 1.000000
lowpoly_metal
0  -3.735072 -7.124786 -6.107897  0.992725 -0.120406 0.000000  0.942697 0.699403 1 76 1.000000
0  -3.735072 -7.124786 -5.997182  0.992725 -0.120406 0.000000  0.942697 0.699403 1 76 1.000000
0  -3.749222 -7.241449 -6.005352  0.992725 -0.120406 0.000000  0.942697 0.699403 1 76 1.000000
lowpoly_metal
0  -3.822213 -7.241450 -6.452042  -0.482017 -0.265710 0.834900  0.942695 0.699403 1 78 1.000000
0  -3.903945 -7.241449 -6.499230  -0.482019 -0.265710 0.834899  0.942695 0.699403 1 78 1.000000
0  -3.874474 -7.336096 -6.516246  -0.505292 -0.299050 0.809475  0.942695 0.699402 1 78 1.000000
lowpoly_metal
0  -3.830955 -7.124786 -6.163255  0.496367 -0.120402 -0.859723  0.942697 0.699403 1 76 1.000000
0  -3.735072 -7.124786 -6.107897  0.496367 -0.120402 -0.859723  0.942697 0.699403 1 76 1.000000
0  -3.749222 -7.241449 -6.099728  0.496367 -0.120402 -0.859723  0.942697 0.699402 1 76 1.000000
lowpoly_metal
0  -3.830955 -6.079339 -5.880307  0.401751 0.595267 0.695883  0.991823 0.744478 1 76 1.000000
0  -3.681797 -6.079339 -5.966423  0.401751 0.595267 0.695883  0.991824 0.744478 1 76 1.000000
0  -3.703935 -6.049456 -5.979205  0.401751 0.595267 0.695883  0.991824 0.744480 1 76 1.000000
lowpoly_metal
0  -3.944590 -7.124786 -6.434233  0.496367 -0.120405 -0.859722  0.942696 0.699409 1 77 1.000000
0  -3.848708 -7.124786 -6.378875  0.496367 -0.120405 -0.859722  0.942696 0.699409 1 77 1.000000
0  -3.862858 -7.241449 -6.370706  0.496367 -0.120405 -0.859722  0.942696 0.699410 1 77 1.000000
lowpoly_metal
0  -3.822213 -6.839612 -6.374186  0.465705 -0.363919 0.806648  0.991795 0.744446 1 78 1.000000
0  -3.822213 -6.964269 -6.430425  0.465705 -0.363919 0.806648  0.991795 0.744441 1 78 1.000000
0  -3.721760 -6.964269 -6.488421  0.465705 -0.363919 0.806648  0.991794 0.744442 1 78 1.000000
lowpoly_metal
0  -3.830955 -6.079339 -5.880307  0.499991 0.000000 0.866031  0.991823 0.744478 1 76 1.000000
0  -3.830955 -6.839612 -5.880307  0.499991 0.000000 0.866031  0.991821 0.744438 1 76 1.000000
0  -3.681796 -6.839612 -5.966423  0.499991 0.000000 0.866031  0.991821 0.744438 1 76 1.000000
lowpoly_metal
0  -3.944590 -6.964269 -6.439511  -0.499993 0.000000 -0.866030  0.991809 0.744480 1 77 1.000000
0  -3.944590 -7.124786 -6.439511  -0.499993 0.000000 -0.866030  0.991808 0.744487 1 77 1.000000
0  -4.045043 -7.124786 -6.381515  -0.499993 0.000000 -0.866030  0.991807 0.744487 1 77 1.000000
lowpoly_metal
0  -3.830955 -5.969767 -6.141106  -0.500017 0.000025 0.866015  0.991824 0.744495 1 76 1.000000
0  -3.830955 -5.997100 -6.141105  -0.500017 0.000025 0.866015  0.991824 0.744493 1 76 1.000000
0  -3.754255 -5.997100 -6.096823  -0.500017 0.000025 0.866015  0.991824 0.744489 1 76 1.000000
lowpoly_metal
0  -3.762142 -5.997100 -6.092269  1.000000 0.000000 0.000000  0.200931 0.194573 1 76 1.000000
0  -3.762142 -5.972044 -6.092269  1.000000 0.000000 0.000000  0.200931 0.194573 1 76 1.000000
0  -3.762142 -5.972044 -6.012811  1.000000 0.000000 0.000000  0.200931 0.194573 1 76 1.000000
lowpoly_metal
0  -3.949234 -6.049456 -6.473084  -1.000000 0.000019 0.000000  0.991799 0.744500 1 78 1.000000
0  -3.949234 -6.006764 -6.473083  -1.000000 0.000019 0.000000  0.991799 0.744503 1 78 1.000000
0  -3.949234 -6.006765 -6.619753  -1.000000 0.000019 0.000000  0.991798 0.744500 1 78 1.000000
lowpoly_metal
0  -3.957975 -6.049456 -5.979205  -1.000000 0.000000 0.000000  0.991823 0.744480 1 76 1.000000
0  -3.957975 -6.006764 -5.979205  -1.000000 0.000000 0.000000  0.991823 0.744482 1 76 1.000000
0  -3.957975 -6.006764 -6.125875  -1.000000 0.000000 0.000000  0.991823 0.744484 1 76 1.000000
lowpoly_metal
0  -3.822214 -6.079339 -6.374186  0.500005 0.000000 0.866023  0.991798 0.744498 1 78 1.000000
0  -3.822213 -6.839612 -6.374186  0.500005 0.000000 0.866023  0.991795 0.744446 1 78 1.000000
0  -3.673055 -6.839612 -6.460302  0.500005 0.000000 0.866023  0.991795 0.744446 1 78 1.000000
lowpoly_metal
0  -3.931407 -6.964269 -6.110537  -0.500000 0.000000 -0.866025  0.991821 0.744435 1 76 1.000000
0  -3.830955 -6.964269 -6.168533  -0.500000 0.000000 -0.866025  0.991821 0.744435 1 76 1.000000
0  -3.830955 -7.124786 -6.168533  -0.500000 0.000000 -0.866025  0.991822 0.744428 1 76 1.000000
lowpoly_metal
0  -3.899768 -5.997100 -6.012811  -1.000000 0.000000 0.000000  0.200931 0.194573 1 76 1.000000
0  -3.899768 -5.972044 -6.012811  -1.000000 0.000000 0.000000  0.200931 0.194573 1 76 1.000000
0  -3.899768 -5.972044 -6.092269  -1.000000 0.000000 0.000000  0.200931 0.194573 1 76 1.000000
lowpoly_metal
0  -3.830955 -6.006764 -6.228014  0.499998 0.000000 -0.866027  0.991825 0.744498 1 76 1.000000
0  -3.830955 -5.969767 -6.228014  0.499998 0.000000 -0.866027  0.991825 0.744504 1 76 1.000000
0  -3.678990 -5.969767 -6.140277  0.499998 0.000000 -0.866027  0.991826 0.744487 1 76 1.000000
lowpoly_metal
0  -3.980113 -6.839612 -5.966423  -0.499992 -0.000001 0.866030  0.991821 0.744438 1 76 1.000000
0  -3.830955 -6.839612 -5.880307  -0.499992 -0.000001 0.866030  0.991821 0.744438 1 76 1.000000
0  -3.830955 -6.079339 -5.880307  -0.499992 -0.000001 0.866030  0.991823 0.744478 1 76 1.000000
lowpoly_metal
0  -3.822213 -6.839612 -6.718651  0.465721 -0.363921 -0.806638  0.991795 0.744446 1 78 1.000000
0  -3.673055 -6.839612 -6.632535  0.465721 -0.363921 -0.806638  0.991795 0.744446 1 78 1.000000
0  -3.721760 -6.964269 -6.604415  0.465721 -0.363921 -0.806638  0.991794 0.744442 1 78 1.000000
lowpoly_metal
0  -3.681797 -6.079339 -6.138656  0.803526 0.595270 0.000000  0.991824 0.744480 1 76 1.000000
0  -3.703935 -6.049456 -6.125875  0.803526 0.595270 0.000000  0.991824 0.744482 1 76 1.000000
0  -3.703935 -6.049456 -5.979205  0.803526 0.595270 0.000000  0.991824 0.744480 1 76 1.000000
lowpoly_metal
0  -3.830955 -5.969767 -5.963974  0.500017 0.000000 -0.866015  0.991824 0.744485 1 76 1.000000
0  -3.830955 -5.997100 -5.963974  0.500017 0.000000 -0.866015  0.991824 0.744486 1 76 1.000000
0  -3.907655 -5.997100 -6.008257  0.500017 0.000000 -0.866015  0.991824 0.744486 1 76 1.000000
lowpoly_metal
0  -3.822214 -5.972044 -6.466960  0.000000 1.000000 0.000000  0.200926 0.194578 1 78 1.000000
0  -3.753401 -5.972044 -6.506689  0.000000 1.000000 0.000000  0.200926 0.194578 1 78 1.000000
0  -3.753401 -5.972044 -6.586147  0.000000 1.000000 0.000000  0.200926 0.194577 1 78 1.000000
lowpoly_metal
0  -3.753401 -5.972044 -6.586147  0.000000 1.000000 0.000000  0.200926 0.194577 1 78 1.000000
0  -3.822214 -5.972044 -6.625877  0.000000 1.000000 0.000000  0.200926 0.194577 1 78 1.000000
0  -3.891027 -5.972044 -6.586147  0.000000 1.000000 0.000000  0.200926 0.194577 1 78 1.000000
lowpoly_metal
0  -3.891027 -5.972044 -6.586147  0.000000 1.000000 0.000000  0.200926 0.194577 1 78 1.000000
0  -3.891027 -5.972044 -6.506689  0.000000 1.000000 0.000000  0.200926 0.194578 1 78 1.000000
0  -3.822214 -5.972044 -6.466960  0.000000 1.000000 0.000000  0.200926 0.194578 1 78 1.000000
lowpoly_metal
0  -3.907655 -5.969767 -6.008257  1.000000 0.000000 0.000000  0.991824 0.744486 1 76 1.000000
0  -3.907655 -5.997100 -6.008257  1.000000 0.000000 0.000000  0.991824 0.744486 1 76 1.000000
0  -3.907655 -5.997100 -6.096823  1.000000 0.000000 0.000000  0.991824 0.744489 1 76 1.000000
lowpoly_metal
0  -3.944591 -6.049456 -6.176848  -0.499989 0.000000 0.866032  0.991812 0.744426 1 77 1.000000
0  -3.944591 -6.006765 -6.176848  -0.499989 0.000000 0.866032  0.991812 0.744424 1 77 1.000000
0  -4.071610 -6.006764 -6.250183  -0.499989 0.000000 0.866032  0.991812 0.744424 1 77 1.000000
lowpoly_metal
0  -3.903945 -7.241449 -6.593607  -0.964053 -0.265709 -0.000003  0.942694 0.699403 1 78 1.000000
0  -3.874474 -7.336096 -6.576591  -0.953671 -0.299052 -0.032867  0.942694 0.699401 1 78 1.000000
0  -3.874474 -7.336096 -6.516246  -0.942968 -0.332885 -0.000010  0.942695 0.699402 1 78 1.000000
lowpoly_metal
0  -3.762142 -5.997100 -6.092269  0.500000 0.000000 -0.866026  0.200931 0.194573 1 76 1.000000
0  -3.830955 -5.997100 -6.131999  0.500000 0.000000 -0.866026  0.200931 0.194574 1 76 1.000000
0  -3.830955 -5.972044 -6.131999  0.500000 0.000000 -0.866026  0.200931 0.194573 1 76 1.000000
lowpoly_metal
0  -3.912687 -7.241449 -6.005352  -0.482029 -0.265706 0.834894  0.942697 0.699403 1 76 1.000000
0  -3.883215 -7.336096 -6.022367  -0.505300 -0.299048 0.809470  0.942697 0.699403 1 76 1.000000
0  -3.830955 -7.336096 -5.992194  -0.471482 -0.332881 0.816636  0.942697 0.699403 1 76 1.000000
lowpoly_metal
0  -3.944591 -6.006764 -6.498992  0.499998 0.000000 -0.866027  0.991813 0.744419 1 77 1.000000
0  -3.944591 -5.969767 -6.498992  0.499998 0.000000 -0.866027  0.991813 0.744416 1 77 1.000000
0  -3.792625 -5.969767 -6.411255  0.499998 0.000000 -0.866027  0.991814 0.744409 1 77 1.000000
lowpoly_metal
0  -3.792625 -6.006764 -6.235780  0.000010 -1.000000 0.000000  0.991812 0.744419 1 77 1.000000
0  -3.944591 -6.006764 -6.148043  0.000010 -1.000000 0.000000  0.991812 0.744422 1 77 1.000000
0  -3.944591 -6.006765 -6.176848  0.000010 -1.000000 0.000000  0.991812 0.744424 1 77 1.000000
lowpoly_metal
0  -3.792625 -6.006764 -6.235780  0.000002 -1.000000 0.000000  0.991812 0.744419 1 77 1.000000
0  -3.944591 -6.006765 -6.176848  0.000002 -1.000000 0.000000  0.991812 0.744424 1 77 1.000000
0  -3.817571 -6.006764 -6.250183  0.000002 -1.000000 0.000000  0.991812 0.744421 1 77 1.000000
lowpoly_metal
0  -4.071610 -6.006764 -6.396852  0.000019 -1.000000 0.000000  0.991813 0.744423 1 77 1.000000
0  -4.071610 -6.006764 -6.250183  0.000019 -1.000000 0.000000  0.991812 0.744424 1 77 1.000000
0  -4.096556 -6.006765 -6.411255  0.000019 -1.000000 0.000000  0.991813 0.744421 1 77 1.000000
lowpoly_metal
0  -3.944591 -6.006764 -6.470187  0.000000 -1.000000 0.000000  0.991813 0.744421 1 77 1.000000
0  -4.071610 -6.006764 -6.396852  0.000000 -1.000000 0.000000  0.991813 0.744423 1 77 1.000000
0  -3.944591 -6.006764 -6.498992  0.000000 -1.000000 0.000000  0.991813 0.744419 1 77 1.000000
lowpoly_metal
0  -4.071610 -6.006764 -6.396852  0.000011 -1.000000 0.000000  0.991813 0.744423 1 77 1.000000
0  -4.096556 -6.006765 -6.411255  0.000011 -1.000000 0.000000  0.991813 0.744421 1 77 1.000000
0  -3.944591 -6.006764 -6.498992  0.000011 -1.000000 0.000000  0.991813 0.744419 1 77 1.000000
lowpoly_metal
0  -3.792625 -6.006765 -6.411255  -0.000002 -1.000000 0.000000  0.991814 0.744413 1 77 1.000000
0  -3.792625 -6.006764 -6.235780  -0.000002 -1.000000 0.000000  0.991812 0.744419 1 77 1.000000
0  -3.817571 -6.006764 -6.250183  -0.000002 -1.000000 0.000000  0.991812 0.744421 1 77 1.000000
lowpoly_metal
0  -3.792625 -6.006765 -6.411255  -0.000019 -1.000000 0.000000  0.991814 0.744413 1 77 1.000000
0  -3.817571 -6.006764 -6.250183  -0.000019 -1.000000 0.000000  0.991812 0.744421 1 77 1.000000
0  -3.817571 -6.006764 -6.396852  -0.000019 -1.000000 0.000000  0.991813 0.744418 1 77 1.000000
lowpoly_metal
0  -3.792625 -6.006765 -6.411255  -0.000010 -1.000000 0.000000  0.991814 0.744413 1 77 1.000000
0  -3.817571 -6.006764 -6.396852  -0.000010 -1.000000 0.000000  0.991813 0.744418 1 77 1.000000
0  -3.944591 -6.006764 -6.470187  -0.000010 -1.000000 0.000000  0.991813 0.744421 1 77 1.000000
lowpoly_metal
0  -3.944591 -6.079339 -6.151285  0.401760 0.595281 0.695866  0.991812 0.744428 1 77 1.000000
0  -3.795433 -6.079339 -6.237401  0.401760 0.595281 0.695866  0.991812 0.744427 1 77 1.000000
0  -3.817571 -6.049456 -6.250183  0.401760 0.595281 0.695866  0.991812 0.744424 1 77 1.000000
lowpoly_metal
0  -3.944591 -5.969767 -6.234951  0.000000 1.000000 -0.000009  0.991813 0.744417 1 77 1.000000
0  -4.021291 -5.969767 -6.279235  0.000000 1.000000 -0.000009  0.991813 0.744418 1 77 1.000000
0  -4.096556 -5.969767 -6.235780  0.000000 1.000000 -0.000009  0.991813 0.744421 1 77 1.000000
lowpoly_metal
0  -3.792625 -5.969767 -6.411255  0.000000 1.000000 0.000000  0.991814 0.744409 1 77 1.000000
0  -3.944591 -5.969767 -6.498992  0.000000 1.000000 0.000000  0.991813 0.744416 1 77 1.000000
0  -3.867891 -5.969767 -6.367800  0.000000 1.000000 0.000000  0.991814 0.744402 1 77 1.000000
lowpoly_metal
0  -3.792625 -5.969767 -6.411255  0.000000 1.000000 0.000000  0.991814 0.744409 1 77 1.000000
0  -3.867891 -5.969767 -6.367800  0.000000 1.000000 0.000000  0.991814 0.744402 1 77 1.000000
0  -3.867891 -5.969767 -6.279235  0.000000 1.000000 0.000000  0.991813 0.744413 1 77 1.000000
lowpoly_metal
0  -3.944591 -5.969767 -6.234951  0.000000 1.000000 0.000000  0.991813 0.744417 1 77 1.000000
0  -4.096556 -5.969767 -6.235780  0.000000 1.000000 0.000000  0.991813 0.744421 1 77 1.000000
0  -3.944591 -5.969767 -6.148043  0.000000 1.000000 0.000000  0.991812 0.744420 1 77 1.000000
lowpoly_metal
0  -3.792625 -5.969767 -6.235780  0.000000 1.000000 0.000000  0.991812 0.744416 1 77 1.000000
0  -3.792625 -5.969767 -6.411255  0.000000 1.000000 0.000000  0.991814 0.744409 1 77 1.000000
0  -3.867891 -5.969767 -6.279235  0.000000 1.000000 0.000000  0.991813 0.744413 1 77 1.000000
lowpoly_metal
0  -3.867891 -5.969767 -6.279235  0.000000 1.000000 0.000000  0.991813 0.744413 1 77 1.000000
0  -3.944591 -5.969767 -6.234951  0.000000 1.000000 0.000000  0.991813 0.744417 1 77 1.000000
0  -3.792625 -5.969767 -6.235780  0.000000 1.000000 0.000000  0.991812 0.744416 1 77 1.000000
lowpoly_metal
0  -4.096556 -5.969767 -6.411255  0.000000 1.000000 0.000000  0.991813 0.744420 1 77 1.000000
0  -4.096556 -5.969767 -6.235780  0.000000 1.000000 0.000000  0.991813 0.744421 1 77 1.000000
0  -4.021291 -5.969767 -6.279235  0.000000 1.000000 0.000000  0.991813 0.744418 1 77 1.000000
lowpoly_metal
0  -4.096556 -5.969767 -6.411255  0.000000 1.000000 0.000000  0.991813 0.744420 1 77 1.000000
0  -4.021291 -5.969767 -6.279235  0.000000 1.000000 0.000000  0.991813 0.744418 1 77 1.000000
0  -4.021291 -5.969767 -6.367800  0.000000 1.000000 0.000000  0.991813 0.744417 1 77 1.000000
lowpoly_metal
0  -3.944591 -5.969767 -6.412084  0.000000 1.000000 0.000000  0.991813 0.744413 1 77 1.000000
0  -3.867891 -5.969767 -6.367800  0.000000 1.000000 0.000000  0.991814 0.744402 1 77 1.000000
0  -3.944591 -5.969767 -6.498992  0.000000 1.000000 0.000000  0.991813 0.744416 1 77 1.000000
lowpoly_metal
0  -4.096556 -5.969767 -6.411255  0.000000 1.000000 0.000009  0.991813 0.744420 1 77 1.000000
0  -4.021291 -5.969767 -6.367800  0.000000 1.000000 0.000009  0.991813 0.744417 1 77 1.000000
0  -3.944591 -5.969767 -6.412084  0.000000 1.000000 0.000009  0.991813 0.744413 1 77 1.000000
lowpoly_metal
0  -3.673055 -6.839612 -6.460302  1.000000 0.000001 0.000000  0.991795 0.744446 1 78 1.000000
0  -3.673055 -6.839612 -6.632535  1.000000 0.000001 0.000000  0.991795 0.744446 1 78 1.000000
0  -3.673056 -6.079339 -6.632535  1.000000 0.000001 0.000000  0.991798 0.744496 1 78 1.000000
lowpoly_metal
0  -3.944590 -6.839612 -6.495750  -0.499999 -0.000001 -0.866026  0.991809 0.744475 1 77 1.000000
0  -4.093748 -6.839612 -6.409634  -0.499999 -0.000001 -0.866026  0.991809 0.744475 1 77 1.000000
0  -4.093749 -6.079339 -6.409634  -0.499999 -0.000001 -0.866026  0.991812 0.744428 1 77 1.000000
lowpoly_metal
0  -3.817571 -6.049456 -6.250183  0.499996 0.000000 0.866028  0.991812 0.744424 1 77 1.000000
0  -3.817571 -6.006764 -6.250183  0.499996 0.000000 0.866028  0.991812 0.744421 1 77 1.000000
0  -3.944591 -6.006765 -6.176848  0.499996 0.000000 0.866028  0.991812 0.744424 1 77 1.000000
lowpoly_metal
0  -3.830955 -6.006764 -5.877066  -0.499998 0.000000 0.866027  0.991824 0.744482 1 76 1.000000
0  -3.830955 -5.969767 -5.877066  -0.499998 0.000000 0.866027  0.991824 0.744483 1 76 1.000000
0  -3.982920 -5.969767 -5.964803  -0.499998 0.000000 0.866027  0.991823 0.744484 1 76 1.000000
lowpoly_metal
0  -3.918095 -7.124786 -6.491061  0.000000 -1.000000 0.000225  0.991794 0.744431 1 78 1.000000
0  -3.822213 -7.124786 -6.430425  0.000000 -1.000000 0.000225  0.991795 0.744435 1 78 1.000000
0  -3.922666 -7.124786 -6.488421  0.000000 -1.000000 0.000225  0.991795 0.744433 1 78 1.000000
lowpoly_metal
0  -3.721760 -7.124786 -6.604415  0.000000 -1.000000 0.000000  0.991793 0.744435 1 78 1.000000
0  -3.721760 -7.124786 -6.488421  0.000000 -1.000000 0.000000  0.991794 0.744435 1 78 1.000000
0  -3.726331 -7.124786 -6.601776  0.000000 -1.000000 0.000000  0.991793 0.744433 1 78 1.000000
lowpoly_metal
0  -3.721760 -7.124786 -6.604415  0.000000 -1.000000 -0.000236  0.991793 0.744435 1 78 1.000000
0  -3.726331 -7.124786 -6.601776  0.000000 -1.000000 -0.000236  0.991793 0.744433 1 78 1.000000
0  -3.822213 -7.124786 -6.657134  0.000000 -1.000000 -0.000236  0.991793 0.744431 1 78 1.000000
lowpoly_metal
0  -3.918095 -7.124786 -6.491061  0.000000 -1.000000 0.000000  0.991794 0.744431 1 78 1.000000
0  -3.922666 -7.124786 -6.488421  0.000000 -1.000000 0.000000  0.991795 0.744433 1 78 1.000000
0  -3.922666 -7.124786 -6.604415  0.000000 -1.000000 0.000000  0.991794 0.744433 1 78 1.000000
lowpoly_metal
0  -3.918095 -7.124786 -6.601776  0.000000 -1.000000 0.000000  0.991793 0.744430 1 78 1.000000
0  -3.918095 -7.124786 -6.491061  0.000000 -1.000000 0.000000  0.991794 0.744431 1 78 1.000000
0  -3.922666 -7.124786 -6.604415  0.000000 -1.000000 0.000000  0.991794 0.744433 1 78 1.000000
lowpoly_metal
0  -3.822213 -7.124786 -6.662412  0.000000 -1.000000 0.000000  0.991793 0.744434 1 78 1.000000
0  -3.721760 -7.124786 -6.604415  0.000000 -1.000000 0.000000  0.991793 0.744435 1 78 1.000000
0  -3.822213 -7.124786 -6.657134  0.000000 -1.000000 0.000000  0.991793 0.744431 1 78 1.000000
lowpoly_metal
0  -3.822213 -7.124786 -6.657134  0.000000 -1.000000 -0.000132  0.991793 0.744431 1 78 1.000000
0  -3.918095 -7.124786 -6.601776  0.000000 -1.000000 -0.000132  0.991793 0.744430 1 78 1.000000
0  -3.922666 -7.124786 -6.604415  0.000000 -1.000000 -0.000132  0.991794 0.744433 1 78 1.000000
lowpoly_metal
0  -4.071610 -6.049456 -6.250183  -1.000000 0.000000 0.000000  0.991812 0.744426 1 77 1.000000
0  -4.071610 -6.006764 -6.250183  -1.000000 0.000000 0.000000  0.991812 0.744424 1 77 1.000000
0  -4.071610 -6.006764 -6.396852  -1.000000 0.000000 0.000000  0.991813 0.744423 1 77 1.000000
lowpoly_metal
0  -3.944591 -6.049456 -6.470187  0.499999 0.000000 -0.866026  0.991813 0.744424 1 77 1.000000
0  -3.944591 -6.006764 -6.470187  0.499999 0.000000 -0.866026  0.991813 0.744421 1 77 1.000000
0  -3.817571 -6.006764 -6.396852  0.499999 0.000000 -0.866026  0.991813 0.744418 1 77 1.000000
lowpoly_metal
0  -4.013404 -5.972044 -6.363246  0.000000 1.000000 0.000000  0.200929 0.194558 1 77 1.000000
0  -4.013404 -5.972044 -6.283788  0.000000 1.000000 0.000000  0.200929 0.194558 1 77 1.000000
0  -3.944591 -5.972044 -6.244059  0.000000 1.000000 0.000000  0.200929 0.194558 1 77 1.000000
lowpoly_metal
0  -3.944591 -5.972044 -6.244059  0.000000 1.000000 0.000000  0.200929 0.194558 1 77 1.000000
0  -3.875778 -5.972044 -6.283788  0.000000 1.000000 0.000000  0.200929 0.194557 1 77 1.000000
0  -3.875778 -5.972044 -6.363246  0.000000 1.000000 0.000000  0.200929 0.194557 1 77 1.000000
lowpoly_metal
0  -3.875778 -5.972044 -6.363246  0.000000 1.000000 0.000000  0.200929 0.194557 1 77 1.000000
0  -3.944591 -5.972044 -6.402976  0.000000 1.000000 0.000000  0.200929 0.194557 1 77 1.000000
0  -4.013404 -5.972044 -6.363246  0.000000 1.000000 0.000000  0.200929 0.194558 1 77 1.000000
lowpoly_metal
0  -4.093748 -6.839612 -6.409634  -1.000000 -0.000001 0.000000  0.991809 0.744475 1 77 1.000000
0  -4.093748 -6.839612 -6.237401  -1.000000 -0.000001 0.000000  0.991809 0.744475 1 77 1.000000
0  -4.093749 -6.079339 -6.237401  -1.000000 -0.000001 0.000000  0.991812 0.744428 1 77 1.000000
lowpoly_metal
0  -3.822213 -7.124786 -6.435703  -0.496366 -0.120409 0.859722  0.942694 0.699404 1 78 1.000000
0  -3.918095 -7.124786 -6.491061  -0.496366 -0.120409 0.859722  0.942694 0.699404 1 78 1.000000
0  -3.903945 -7.241449 -6.499230  -0.496366 -0.120409 0.859722  0.942695 0.699403 1 78 1.000000
lowpoly_metal
0  -4.096556 -6.006764 -6.235780  -1.000000 0.000000 0.000000  0.991813 0.744423 1 77 1.000000
0  -4.096556 -5.969767 -6.235780  -1.000000 0.000000 0.000000  0.991813 0.744421 1 77 1.000000
0  -4.096556 -5.969767 -6.411255  -1.000000 0.000000 0.000000  0.991813 0.744420 1 77 1.000000
lowpoly_metal
0  -3.971371 -6.839612 -6.460302  -0.500005 0.000000 0.866023  0.991795 0.744446 1 78 1.000000
0  -3.822213 -6.839612 -6.374186  -0.500005 0.000000 0.866023  0.991795 0.744446 1 78 1.000000
0  -3.822214 -6.079339 -6.374186  -0.500005 0.000000 0.866023  0.991798 0.744498 1 78 1.000000
lowpoly_metal
0  -3.944590 -6.839612 -6.495750  0.465718 -0.363918 -0.806641  0.991809 0.744475 1 77 1.000000
0  -3.795432 -6.839612 -6.409634  0.465718 -0.363918 -0.806641  0.991809 0.744475 1 77 1.000000
0  -3.844137 -6.964269 -6.381515  0.465718 -0.363918 -0.806641  0.991809 0.744479 1 77 1.000000
lowpoly_metal
0  -3.754255 -5.969767 -6.096823  -1.000000 0.000000 0.000000  0.991824 0.744489 1 76 1.000000
0  -3.754255 -5.997100 -6.096823  -1.000000 0.000000 0.000000  0.991824 0.744489 1 76 1.000000
0  -3.754255 -5.997100 -6.008257  -1.000000 0.000000 0.000000  0.991824 0.744486 1 76 1.000000
lowpoly_metal
0  -3.944590 -7.124786 -6.207524  0.000000 -1.000000 -0.000098  0.991808 0.744485 1 77 1.000000
0  -4.045043 -7.124786 -6.265521  0.000000 -1.000000 -0.000098  0.991807 0.744485 1 77 1.000000
0  -4.040473 -7.124786 -6.268159  0.000000 -1.000000 -0.000098  0.991807 0.744488 1 77 1.000000
lowpoly_metal
0  -3.944590 -7.124786 -6.212802  0.000000 -1.000000 0.000000  0.991808 0.744487 1 77 1.000000
0  -3.848708 -7.124786 -6.268159  0.000000 -1.000000 0.000000  0.991809 0.744488 1 77 1.000000
0  -3.944590 -7.124786 -6.207524  0.000000 -1.000000 0.000000  0.991808 0.744485 1 77 1.000000
lowpoly_metal
0  -3.848708 -7.124786 -6.268159  0.000000 -1.000000 0.000225  0.991809 0.744488 1 77 1.000000
0  -3.844137 -7.124786 -6.265521  0.000000 -1.000000 0.000225  0.991809 0.744485 1 77 1.000000
0  -3.944590 -7.124786 -6.207524  0.000000 -1.000000 0.000225  0.991808 0.744485 1 77 1.000000
lowpoly_metal
0  -3.830955 -5.997100 -5.973082  -0.499987 0.000000 0.866033  0.200931 0.194572 1 76 1.000000
0  -3.830955 -5.972044 -5.973082  -0.499987 0.000000 0.866033  0.200931 0.194573 1 76 1.000000
0  -3.899768 -5.972044 -6.012811  -0.499987 0.000000 0.866033  0.200931 0.194573 1 76 1.000000
lowpoly_metal
0  -3.762142 -5.997100 -6.092269  0.000000 1.000000 0.000000  0.991825 0.744489 1 76 1.000000
0  -3.762142 -5.997100 -6.012811  0.000000 1.000000 0.000000  0.991824 0.744487 1 76 1.000000
0  -3.754255 -5.997100 -6.096823  0.000000 1.000000 0.000000  0.991824 0.744489 1 76 1.000000
lowpoly_metal
0  -4.093748 -6.839612 -6.409634  -0.931432 -0.363916 0.000000  0.991809 0.744475 1 77 1.000000
0  -4.045043 -6.964269 -6.381515  -0.931432 -0.363916 0.000000  0.991808 0.744479 1 77 1.000000
0  -4.045043 -6.964269 -6.265521  -0.931432 -0.363916 0.000000  0.991808 0.744479 1 77 1.000000
lowpoly_metal
0  -3.822214 -6.006764 -6.370944  -0.500001 0.000000 0.866025  0.991799 0.744511 1 78 1.000000
0  -3.822214 -5.969767 -6.370944  -0.500001 0.000000 0.866025  0.991799 0.744516 1 78 1.000000
0  -3.974179 -5.969767 -6.458681  -0.500001 0.000000 0.866025  0.991799 0.744508 1 78 1.000000
lowpoly_metal
0  -3.830955 -7.241450 -6.146916  0.482032 -0.265708 -0.834892  0.942697 0.699403 1 76 1.000000
0  -3.749222 -7.241449 -6.099728  0.482033 -0.265708 -0.834891  0.942697 0.699402 1 76 1.000000
0  -3.778693 -7.336096 -6.082713  0.505301 -0.299049 -0.809469  0.942697 0.699401 1 76 1.000000
lowpoly_metal
0  -3.944590 -6.964269 -6.207524  -0.499995 0.000000 0.866028  0.991809 0.744479 1 77 1.000000
0  -4.045043 -6.964269 -6.265521  -0.499995 0.000000 0.866028  0.991808 0.744479 1 77 1.000000
0  -4.045043 -7.124786 -6.265521  -0.499995 0.000000 0.866028  0.991807 0.744485 1 77 1.000000
lowpoly_metal
0  -3.926837 -7.124786 -6.107897  -0.992724 -0.120408 0.000000  0.942697 0.699403 1 76 1.000000
0  -3.912687 -7.241449 -6.099728  -0.992724 -0.120408 0.000000  0.942697 0.699403 1 76 1.000000
0  -3.912687 -7.241449 -6.005352  -0.992724 -0.120408 0.000000  0.942697 0.699403 1 76 1.000000
lowpoly_metal
0  -3.795433 -6.079339 -6.409634  0.803526 0.595270 0.000000  0.991812 0.744426 1 77 1.000000
0  -3.817571 -6.049456 -6.396852  0.803526 0.595270 0.000000  0.991813 0.744422 1 77 1.000000
0  -3.817571 -6.049456 -6.250183  0.803526 0.595270 0.000000  0.991812 0.744424 1 77 1.000000
lowpoly_metal
0  -3.944590 -7.241450 -6.417894  -0.482049 -0.265708 -0.834882  0.942696 0.699410 1 77 1.000000
0  -3.944590 -7.336096 -6.383863  -0.448397 -0.299051 -0.842324  0.942696 0.699412 1 77 1.000000
0  -3.996851 -7.336096 -6.353690  -0.471505 -0.332884 -0.816622  0.942695 0.699411 1 77 1.000000
lowpoly_metal
0  -4.045043 -6.964269 -6.265521  -1.000000 0.000000 0.000000  0.991808 0.744479 1 77 1.000000
0  -4.045043 -6.964269 -6.381515  -1.000000 0.000000 0.000000  0.991808 0.744479 1 77 1.000000
0  -4.045043 -7.124786 -6.381515  -1.000000 0.000000 0.000000  0.991807 0.744487 1 77 1.000000
lowpoly_metal
0  -3.944591 -5.997100 -6.244059  -0.499998 0.000000 0.866027  0.200929 0.194558 1 77 1.000000
0  -3.944591 -5.972044 -6.244059  -0.499998 0.000000 0.866027  0.200929 0.194558 1 77 1.000000
0  -4.013404 -5.972044 -6.283788  -0.499998 0.000000 0.866027  0.200929 0.194558 1 77 1.000000
lowpoly_metal
0  -3.944591 -6.079339 -6.151285  -0.401767 0.595273 0.695869  0.991812 0.744428 1 77 1.000000
0  -3.944591 -6.049456 -6.176848  -0.401767 0.595273 0.695869  0.991812 0.744426 1 77 1.000000
0  -4.071610 -6.049456 -6.250183  -0.401767 0.595273 0.695869  0.991812 0.744426 1 77 1.000000
lowpoly_metal
0  -3.944590 -6.839612 -6.495750  -0.465708 -0.363920 -0.806646  0.991809 0.744475 1 77 1.000000
0  -3.944590 -6.964269 -6.439511  -0.465708 -0.363920 -0.806646  0.991809 0.744480 1 77 1.000000
0  -4.045043 -6.964269 -6.381515  -0.465708 -0.363920 -0.806646  0.991808 0.744479 1 77 1.000000
lowpoly_plastic
0  -4.400871 -7.354600 -10.225001  -1.000000 -0.000001 0.000000  0.005476 0.761164 1 72 1.000000
0  -4.400872 -6.087096 -10.225001  -1.000000 -0.000001 0.000000  0.005476 0.761164 1 72 1.000000
0  -4.400872 -6.087096 -10.406671  -1.000000 -0.000001 0.000000  0.005476 0.761164 1 72 1.000000
lowpoly_plastic
0  -3.998553 -7.641479 -9.156596  0.000000 -0.999935 0.011435  0.008576 0.748762 1 72 1.000000
0  -3.867668 -7.641479 -9.156596  0.000000 -0.999935 0.011435  0.008576 0.748762 1 72 1.000000
0  -3.867667 -7.614930 -6.834948  0.000000 -0.999935 0.011435  0.008576 0.748762 1 72 1.000000
lowpoly_plastic
0  -3.867668 10.331635 -19.873455  0.000000 0.184589 0.982816  0.005476 0.761164 1 79 1.000000
0  -4.300466 10.331635 -19.873455  0.000000 0.184589 0.982816  0.005476 0.761164 1 79 1.000000
0  -4.300466 8.644011 -19.556492  0.000000 0.184589 0.982816  0.005476 0.761164 1 79 1.000000
lowpoly_plastic
0  -4.080925 -5.894232 -9.188294  0.000000 0.999935 -0.011386  0.008576 0.748762 1 72 1.000000
0  -4.080925 -5.867599 -6.849327  0.000000 0.999935 -0.011386  0.008576 0.748762 1 72 1.000000
0  -3.867667 -5.867599 -6.849327  0.000000 0.999935 -0.011386  0.008576 0.748762 1 72 1.000000
lowpoly_plastic
0  -4.300466 10.331635 -19.873455  0.000000 0.977582 -0.210556  0.005476 0.761164 1 79 1.000000
0  -3.867668 10.331635 -19.873455  0.000000 0.977582 -0.210556  0.005476 0.761164 1 79 1.000000
0  -3.867668 10.290794 -20.063068  0.000000 0.977582 -0.210556  0.005476 0.761164 1 79 1.000000
lowpoly_plastic
0  -4.272912 -6.073191 -10.336664  0.000000 0.992145 -0.125093  0.008576 0.748762 1 72 1.000000
0  -4.185126 -6.073191 -10.336664  0.000000 0.992145 -0.125093  0.008576 0.748762 1 72 1.000000
0  -4.185127 -6.218812 -11.491621  0.000000 0.992145 -0.125093  0.008576 0.748762 1 72 1.000000
lowpoly_plastic
0  -4.400872 10.910907 -16.232515  -0.000001 1.000000 0.000000  0.005476 0.761164 1 79 1.000000
0  -3.334465 10.910908 -16.232515  -0.000001 1.000000 0.000000  0.005476 0.761164 1 79 1.000000
0  -3.334465 10.910908 -16.414185  -0.000001 1.000000 0.000000  0.005476 0.761164 1 79 1.000000
lowpoly_plastic
0  -4.300466 10.290793 -20.063068  0.000000 -0.184587 -0.982816  0.005476 0.761164 1 79 1.000000
0  -3.867668 10.290794 -20.063068  0.000000 -0.184587 -0.982816  0.005476 0.761164 1 79 1.000000
0  -3.867668 8.377992 -19.703815  0.000000 -0.184587 -0.982816  0.005476 0.761164 1 79 1.000000
lowpoly_plastic
0  -3.434870 -6.707209 -14.055555  0.000004 -0.184589 -0.982816  0.005476 0.761164 1 72 1.000000
0  -3.434870 -8.394833 -13.738592  0.000004 -0.184589 -0.982816  0.005476 0.761164 1 72 1.000000
0  -3.867668 -8.620011 -13.696301  0.000004 -0.184589 -0.982816  0.005476 0.761164 1 72 1.000000
lowpoly_plastic
0  -4.080925 -5.982566 -10.349180  0.000000 0.997118 -0.075873  0.008576 0.748762 1 72 1.000000
0  -4.080925 -5.894232 -9.188294  0.000000 0.997118 -0.075873  0.008576 0.748762 1 72 1.000000
0  -3.867668 -5.894232 -9.188294  0.000000 0.997118 -0.075873  0.008576 0.748762 1 72 1.000000
lowpoly_plastic
0  -3.687268 8.418833 -19.514200  0.671997 -0.723951 0.155932  0.005476 0.761164 1 79 1.000000
0  -3.687268 8.377992 -19.703815  0.671997 -0.723951 0.155932  0.005476 0.761164 1 79 1.000000
0  -3.434870 8.603170 -19.746105  0.671997 -0.723951 0.155932  0.005476 0.761164 1 79 1.000000
lowpoly_plastic
0  -4.300466 8.644011 -19.556492  -1.000000 0.000000 0.000000  0.005476 0.761164 1 79 1.000000
0  -4.300466 10.331635 -19.873455  -1.000000 0.000000 0.000000  0.005476 0.761164 1 79 1.000000
0  -4.300466 10.290793 -20.063068  -1.000000 0.000000 0.000000  0.005476 0.761164 1 79 1.000000
lowpoly_plastic
0  -4.300466 -6.707210 -14.055554  -0.000005 -0.184588 -0.982816  0.005476 0.761164 1 72 1.000000
0  -3.867668 -6.707209 -14.055555  -0.000005 -0.184588 -0.982816  0.005476 0.761164 1 72 1.000000
0  -3.867668 -8.620011 -13.696301  -0.000005 -0.184588 -0.982816  0.005476 0.761164 1 72 1.000000
lowpoly_plastic
0  -4.080925 -7.799085 -13.712293  0.000000 -0.179768 -0.983709  0.008576 0.748762 1 72 1.000000
0  -4.185127 -7.799085 -13.712293  0.000000 -0.179768 -0.983709  0.008576 0.748762 1 72 1.000000
0  -4.185127 -6.831200 -13.889168  0.000000 -0.179768 -0.983709  0.008576 0.748762 1 72 1.000000
lowpoly_plastic
0  -4.300466 -8.394834 -13.738592  -0.672002 -0.723945 0.155939  0.005476 0.761164 1 72 1.000000
0  -4.048068 -8.620011 -13.696301  -0.672002 -0.723945 0.155939  0.005476 0.761164 1 72 1.000000
0  -4.048068 -8.579170 -13.506686  -0.672002 -0.723945 0.155939  0.005476 0.761164 1 72 1.000000
lowpoly_plastic
0  -3.434870 10.290794 -20.063068  1.000000 0.000001 0.000000  0.005476 0.761164 1 79 1.000000
0  -3.434870 10.331635 -19.873455  1.000000 0.000001 0.000000  0.005476 0.761164 1 79 1.000000
0  -3.434870 8.644011 -19.556492  1.000000 0.000001 0.000000  0.005476 0.761164 1 79 1.000000
lowpoly_plastic
0  -3.462424 -6.218812 -11.491621  1.000000 0.000001 -0.000000  0.008576 0.748762 1 72 1.000000
0  -3.462424 -6.073191 -10.336664  1.000000 0.000001 -0.000000  0.008576 0.748762 1 72 1.000000
0  -3.462424 -6.139083 -10.330079  1.000000 0.000001 -0.000000  0.008576 0.748762 1 72 1.000000
lowpoly_plastic
0  -4.176485 -8.063068 -12.387641  -0.749888 -0.643532 0.153413  0.008576 0.748762 1 72 1.000000
0  -4.116385 -8.131048 -12.374907  -0.753628 -0.639519 0.151855  0.008576 0.748762 1 72 1.000000
0  -4.116385 -7.880834 -11.327120  -0.756192 -0.636434 0.152072  0.008576 0.748762 1 72 1.000000
lowpoly_plastic
0  -3.568701 -7.427198 -6.143525  0.750419 -0.649634 0.121848  0.008576 0.748762 1 72 1.000000
0  -3.665128 -7.538619 -6.143699  0.750419 -0.649634 0.121848  0.008576 0.748762 1 72 1.000000
0  -3.618950 -7.614930 -6.834948  0.750419 -0.649634 0.121848  0.008576 0.748762 1 72 1.000000
lowpoly_plastic
0  -4.272912 -6.000030 -6.836738  -0.988438 0.000168 0.151623  0.008576 0.748762 1 72 1.000000
0  -4.272911 -6.983929 -6.835647  -0.988438 0.000168 0.151623  0.008576 0.748762 1 72 1.000000
0  -4.166633 -6.977054 -6.142824  -0.988438 0.000168 0.151623  0.008576 0.748762 1 72 1.000000
lowpoly_plastic
0  -3.462424 -6.714375 -13.395756  1.000000 -0.000002 0.000000  0.008576 0.748762 1 72 1.000000
0  -3.462424 -6.831200 -13.889168  1.000000 -0.000002 0.000000  0.008576 0.748762 1 72 1.000000
0  -3.462424 -6.766057 -13.901073  1.000000 -0.000002 0.000000  0.008576 0.748762 1 72 1.000000
lowpoly_plastic
0  -3.654410 -5.958225 -6.836811  0.988456 0.020731 0.150084  0.008576 0.748762 1 72 1.000000
0  -3.654410 -5.867599 -6.849327  0.988456 0.020731 0.150084  0.008576 0.748762 1 72 1.000000
0  -3.760689 -5.836295 -6.153706  0.988456 0.020731 0.150084  0.008576 0.748762 1 72 1.000000
lowpoly_plastic
0  -3.760689 -5.993142 -6.141292  0.000000 -0.001555 0.999999  0.008576 0.748762 1 72 1.000000
0  -3.760689 -5.926921 -6.141189  0.000000 -0.001555 0.999999  0.008576 0.748762 1 72 1.000000
0  -3.867667 -5.926921 -6.141189  0.000000 -0.001555 0.999999  0.008576 0.748762 1 72 1.000000
lowpoly_plastic
0  -3.867668 -5.894232 -9.188294  0.000000 0.997117 -0.075873  0.008576 0.748762 1 72 1.000000
0  -3.654411 -5.894232 -9.188294  0.000000 0.997117 -0.075873  0.008576 0.748762 1 72 1.000000
0  -3.654411 -5.982566 -10.349180  0.000000 0.997117 -0.075873  0.008576 0.748762 1 72 1.000000
lowpoly_plastic
0  -3.462424 -8.114102 -13.085431  0.002532 -0.216658 -0.976244  0.863264 0.820637 1 72 1.000000
0  -3.462424 -7.674734 -13.182840  0.002532 -0.216658 -0.976244  0.863264 0.820637 1 72 1.000000
0  -3.424033 -7.674734 -13.182840  0.002532 -0.216658 -0.976244  0.863264 0.820637 1 72 1.000000
lowpoly_plastic
0  -3.550210 -7.799085 -13.712293  0.000000 -0.179767 -0.983709  0.008576 0.748762 1 72 1.000000
0  -3.550210 -8.241897 -13.631371  0.000000 -0.179767 -0.983709  0.008576 0.748762 1 72 1.000000
0  -3.654411 -8.241897 -13.631371  0.000000 -0.179767 -0.983709  0.008576 0.748762 1 72 1.000000
lowpoly_plastic
0  -3.867668 -6.831200 -13.889168  0.000000 -0.179787 -0.983706  0.008576 0.748762 1 72 1.000000
0  -4.080925 -6.831200 -13.889168  0.000000 -0.179787 -0.983706  0.008576 0.748762 1 72 1.000000
0  -4.080925 -6.766057 -13.901073  0.000000 -0.179787 -0.983706  0.008576 0.748762 1 72 1.000000
lowpoly_plastic
0  -3.867668 -8.351501 -13.611342  0.000000 -0.179774 -0.983708  0.008576 0.748762 1 72 1.000000
0  -3.705155 -8.351501 -13.611342  0.000000 -0.179774 -0.983708  0.008576 0.748762 1 72 1.000000
0  -3.736783 -8.419815 -13.598858  0.000000 -0.179774 -0.983708  0.008576 0.748762 1 72 1.000000
lowpoly_plastic
0  -3.550210 -6.831200 -13.889168  0.000000 -0.179767 -0.983709  0.008576 0.748762 1 72 1.000000
0  -3.550210 -7.799085 -13.712293  0.000000 -0.179767 -0.983709  0.008576 0.748762 1 72 1.000000
0  -3.654411 -7.799085 -13.712293  0.000000 -0.179767 -0.983709  0.008576 0.748762 1 72 1.000000
lowpoly_plastic
0  -3.687268 8.377992 -19.703815  0.000000 -0.977583 0.210550  0.005476 0.761164 1 79 1.000000
0  -3.687268 8.418833 -19.514200  0.000000 -0.977583 0.210550  0.005476 0.761164 1 79 1.000000
0  -3.867668 8.418833 -19.514200  0.000000 -0.977583 0.210550  0.005476 0.761164 1 79 1.000000
lowpoly_plastic
0  -4.400872 -6.087096 -10.406671  -0.000000 1.000000 0.000010  0.005476 0.761164 1 72 1.000000
0  -3.334465 -6.087096 -10.406671  -0.000000 1.000000 0.000010  0.005476 0.761164 1 72 1.000000
0  -3.334465 -6.087095 -10.493556  -0.000000 1.000000 0.000010  0.005476 0.761164 1 72 1.000000
lowpoly_plastic
0  -3.618951 -7.880834 -11.327120  0.000000 -0.993285 0.115690  0.008576 0.748762 1 72 1.000000
0  -3.618951 -7.746001 -10.169467  0.000000 -0.993285 0.115690  0.008576 0.748762 1 72 1.000000
0  -3.672829 -7.746001 -10.169467  0.000000 -0.993285 0.115690  0.008576 0.748762 1 72 1.000000
lowpoly_plastic
0  -3.654411 -6.218812 -11.491621  1.000000 -0.000009 -0.000000  0.008576 0.748762 1 72 1.000000
0  -3.654411 -6.128187 -11.504136  1.000000 -0.000009 -0.000000  0.008576 0.748762 1 72 1.000000
0  -3.654411 -5.982566 -10.349180  1.000000 -0.000009 -0.000000  0.008576 0.748762 1 72 1.000000
lowpoly_plastic
0  -3.654411 -6.394765 -12.695693  1.000000 0.000006 0.000000  0.008576 0.748762 1 72 1.000000
0  -3.654411 -6.128187 -11.504136  1.000000 0.000006 0.000000  0.008576 0.748762 1 72 1.000000
0  -3.654411 -6.218812 -11.491621  1.000000 0.000006 0.000000  0.008576 0.748762 1 72 1.000000
lowpoly_plastic
0  -3.550209 -6.977055 -8.336673  -1.000000 -0.000001 0.000000  0.008576 0.748762 1 72 1.000000
0  -3.550209 -7.427199 -8.337374  -1.000000 -0.000001 0.000000  0.008576 0.748762 1 72 1.000000
0  -3.550209 -7.427199 -6.810592  -1.000000 -0.000001 0.000000  0.008576 0.748762 1 72 1.000000
lowpoly_plastic
0  -3.462424 -6.073191 -10.336664  1.000000 0.000008 0.000000  0.008576 0.748762 1 72 1.000000
0  -3.462424 -5.984858 -9.175779  1.000000 0.000008 0.000000  0.008576 0.748762 1 72 1.000000
0  -3.462424 -6.026660 -9.175023  1.000000 0.000008 0.000000  0.008576 0.748762 1 72 1.000000
lowpoly_plastic
0  -3.462424 -7.674734 -13.182840  1.000000 0.000000 0.000000  0.008576 0.748762 1 72 1.000000
0  -3.462424 -7.799085 -13.712293  1.000000 0.000000 0.000000  0.008576 0.748762 1 72 1.000000
0  -3.462424 -6.831200 -13.889168  1.000000 0.000000 0.000000  0.008576 0.748762 1 72 1.000000
lowpoly_plastic
0  -3.462423 -5.958225 -6.836811  0.988525 0.000103 0.151055  0.008576 0.748762 1 72 1.000000
0  -3.568701 -5.926921 -6.141189  0.988525 0.000103 0.151055  0.008576 0.748762 1 72 1.000000
0  -3.568701 -5.993142 -6.141292  0.988524 0.000247 0.151062  0.008576 0.748762 1 72 1.000000
lowpoly_plastic
0  -3.652966 -5.927301 -5.928096  0.929933 -0.000573 0.367729  0.008576 0.748762 1 72 1.000000
0  -3.652966 -5.993521 -5.928199  0.929933 -0.000573 0.367729  0.008576 0.748762 1 72 1.000000
0  -3.568701 -5.993142 -6.141292  0.929933 -0.000573 0.367729  0.008576 0.748762 1 72 1.000000
lowpoly_plastic
0  -3.654411 -6.485390 -12.683177  0.004616 0.224802 0.974393  0.863264 0.820637 1 72 1.000000
0  -3.550210 -6.485390 -12.683177  0.000000 0.220517 0.975383  0.863264 0.820637 1 72 1.000000
0  -3.550210 -6.447945 -12.691643  0.000000 0.220517 0.975383  0.863264 0.820637 1 72 1.000000
lowpoly_plastic
0  -3.462424 -8.114102 -13.085431  1.000000 0.000000 -0.000000  0.008576 0.748762 1 72 1.000000
0  -3.462424 -8.241897 -13.631371  1.000000 0.000000 -0.000000  0.008576 0.748762 1 72 1.000000
0  -3.462424 -7.799085 -13.712293  1.000000 0.000000 -0.000000  0.008576 0.748762 1 72 1.000000
lowpoly_plastic
0  -3.867668 -8.241897 -13.631371  0.000000 -0.179761 -0.983710  0.008576 0.748762 1 72 1.000000
0  -3.654411 -8.241897 -13.631371  0.000000 -0.179761 -0.983710  0.008576 0.748762 1 72 1.000000
0  -3.705155 -8.351501 -13.611342  0.000000 -0.179761 -0.983710  0.008576 0.748762 1 72 1.000000
lowpoly_plastic
0  -3.705155 -8.351501 -13.611342  0.000000 -0.179773 -0.983708  0.008576 0.748762 1 72 1.000000
0  -3.625749 -8.351501 -13.611342  0.000000 -0.179773 -0.983708  0.008576 0.748762 1 72 1.000000
0  -3.618951 -8.419815 -13.598858  0.000000 -0.179773 -0.983708  0.008576 0.748762 1 72 1.000000
lowpoly_plastic
0  -3.656487 -5.926921 -6.141189  0.000000 0.998989 -0.044956  0.008576 0.748762 1 72 1.000000
0  -3.568701 -5.926921 -6.141189  0.000000 0.998989 -0.044956  0.008576 0.748762 1 72 1.000000
0  -3.550209 -5.958225 -6.836811  0.000000 0.998989 -0.044956  0.008576 0.748762 1 72 1.000000
lowpoly_plastic
0  -3.654411 -6.218812 -11.491621  0.000000 0.992145 -0.125093  0.008576 0.748762 1 72 1.000000
0  -3.654411 -6.073191 -10.336664  0.000000 0.992145 -0.125093  0.008576 0.748762 1 72 1.000000
0  -3.550210 -6.073191 -10.336664  0.000000 0.992145 -0.125093  0.008576 0.748762 1 72 1.000000
lowpoly_plastic
0  -3.867668 -7.746001 -10.169467  0.000000 -0.994718 0.102647  0.008576 0.748762 1 72 1.000000
0  -3.867668 -7.641479 -9.156596  0.000000 -0.994718 0.102647  0.008576 0.748762 1 72 1.000000
0  -3.998553 -7.641479 -9.156596  0.000000 -0.994718 0.102647  0.008576 0.748762 1 72 1.000000
lowpoly_plastic
0  -4.400871 -7.449032 -10.406670  -1.000000 -0.000001 -0.000000  0.005476 0.761164 1 72 1.000000
0  -4.400872 -6.087096 -10.406671  -1.000000 -0.000001 -0.000000  0.005476 0.761164 1 72 1.000000
0  -4.400872 -6.087096 -10.493556  -1.000000 -0.000001 -0.000000  0.005476 0.761164 1 72 1.000000
lowpoly_plastic
0  -3.867668 -6.128187 -11.504136  0.000000 0.992145 -0.125093  0.008576 0.748762 1 72 1.000000
0  -3.867668 -5.982566 -10.349180  0.000000 0.992145 -0.125093  0.008576 0.748762 1 72 1.000000
0  -3.654411 -5.982566 -10.349180  0.000000 0.992145 -0.125093  0.008576 0.748762 1 72 1.000000
lowpoly_plastic
0  -4.176485 -8.063068 -12.387641  0.014532 0.200285 0.979630  0.863264 0.820637 1 72 1.000000
0  -4.272912 -7.954001 -12.408072  0.017612 0.201262 0.979379  0.863264 0.820637 1 72 1.000000
0  -4.309006 -7.966728 -12.405059  0.017612 0.201262 0.979379  0.863264 0.820637 1 72 1.000000
lowpoly_plastic
0  -4.080925 -6.649740 -13.410086  0.000000 0.971578 -0.236722  0.008576 0.748762 1 72 1.000000
0  -4.080925 -6.766057 -13.901073  0.000000 0.973067 -0.230522  0.008576 0.748762 1 72 1.000000
0  -4.185127 -6.766057 -13.901073  0.000000 0.973067 -0.230522  0.008576 0.748762 1 72 1.000000
lowpoly_plastic
0  -3.334465 10.910908 -16.232515  0.000000 0.000000 1.000000  0.005476 0.761164 1 79 1.000000
0  -4.400872 10.910907 -16.232515  0.000000 0.000000 1.000000  0.005476 0.761164 1 79 1.000000
0  -4.400871 9.643402 -16.232515  0.000000 0.000000 1.000000  0.005476 0.761164 1 79 1.000000
lowpoly_plastic
0  -3.867668 8.418833 -19.514200  0.000000 -0.977582 0.210557  0.005476 0.761164 1 79 1.000000
0  -4.048068 8.418833 -19.514200  0.000000 -0.977582 0.210557  0.005476 0.761164 1 79 1.000000
0  -4.048068 8.377992 -19.703815  0.000000 -0.977582 0.210557  0.005476 0.761164 1 79 1.000000
lowpoly_plastic
0  -3.672829 -8.131048 -12.374907  0.000000 0.231241 0.972897  0.863264 0.820637 1 72 1.000000
0  -3.736782 -8.131048 -12.374907  0.000000 0.231241 0.972897  0.863264 0.820637 1 72 1.000000
0  -3.736782 -8.168398 -12.366030  0.000000 0.231241 0.972897  0.863264 0.820637 1 72 1.000000
lowpoly_plastic
0  -3.672829 -7.880834 -11.327120  0.000000 -0.993285 0.115689  0.008576 0.748762 1 72 1.000000
0  -3.672829 -7.746001 -10.169467  0.000000 -0.993285 0.115689  0.008576 0.748762 1 72 1.000000
0  -3.736782 -7.746001 -10.169467  0.000000 -0.993285 0.115689  0.008576 0.748762 1 72 1.000000
lowpoly_plastic
0  -3.618951 -7.641479 -9.156596  0.000000 -0.994718 0.102647  0.008576 0.748762 1 72 1.000000
0  -3.672829 -7.641479 -9.156596  0.000000 -0.994718 0.102647  0.008576 0.748762 1 72 1.000000
0  -3.672829 -7.746001 -10.169467  0.000000 -0.994718 0.102647  0.008576 0.748762 1 72 1.000000
lowpoly_plastic
0  -3.656487 -7.427198 -6.143525  -0.820513 0.556479 -0.130726  0.008576 0.748762 1 72 1.000000
0  -3.550209 -7.427199 -6.810592  -0.820513 0.556479 -0.130726  0.008576 0.748762 1 72 1.000000
0  -3.625747 -7.538619 -6.810765  -0.820513 0.556479 -0.130726  0.008576 0.748762 1 72 1.000000
lowpoly_plastic
0  -3.654411 -8.241897 -13.631371  0.000000 -0.179762 -0.983710  0.008576 0.748762 1 72 1.000000
0  -3.550210 -8.241897 -13.631371  0.000000 -0.179762 -0.983710  0.008576 0.748762 1 72 1.000000
0  -3.558851 -8.351501 -13.611342  0.000000 -0.179762 -0.983710  0.008576 0.748762 1 72 1.000000
lowpoly_plastic
0  -3.550209 -6.977054 -6.809891  -0.987545 0.000245 -0.157338  0.008576 0.748762 1 72 1.000000
0  -3.550209 -7.427199 -6.810592  -0.987545 0.000245 -0.157338  0.008576 0.748762 1 72 1.000000
0  -3.656487 -7.427198 -6.143525  -0.987545 0.000245 -0.157338  0.008576 0.748762 1 72 1.000000
lowpoly_plastic
0  -4.070206 -7.538619 -6.143699  -0.750428 -0.649629 0.121818  0.008576 0.748762 1 72 1.000000
0  -4.166633 -7.427198 -6.143525  -0.750428 -0.649629 0.121818  0.008576 0.748762 1 72 1.000000
0  -4.176484 -7.545487 -6.835025  -0.750428 -0.649629 0.121818  0.008576 0.748762 1 72 1.000000
lowpoly_plastic
0  -3.867667 -5.867599 -6.849327  0.000000 0.999935 -0.011386  0.008576 0.748762 1 72 1.000000
0  -3.654410 -5.867599 -6.849327  0.000000 0.999935 -0.011386  0.008576 0.748762 1 72 1.000000
0  -3.654411 -5.894232 -9.188294  0.000000 0.999935 -0.011386  0.008576 0.748762 1 72 1.000000
lowpoly_plastic
0  -4.185126 -5.984858 -9.175779  0.000000 0.999935 -0.011386  0.008576 0.748762 1 72 1.000000
0  -4.185126 -5.958225 -6.836811  0.000000 0.999935 -0.011386  0.008576 0.748762 1 72 1.000000
0  -4.080925 -5.958225 -6.836811  0.000000 0.999935 -0.011386  0.008576 0.748762 1 72 1.000000
lowpoly_plastic
0  -3.462424 -5.984858 -9.175779  1.000000 -0.000008 -0.000000  0.008576 0.748762 1 72 1.000000
0  -3.462423 -5.958225 -6.836811  1.000000 -0.000008 -0.000000  0.008576 0.748762 1 72 1.000000
0  -3.462423 -6.000030 -6.836738  1.000000 -0.000008 -0.000000  0.008576 0.748762 1 72 1.000000
lowpoly_plastic
0  -3.672828 -7.614930 -6.834948  0.000000 -0.999935 0.011435  0.008576 0.748762 1 72 1.000000
0  -3.736781 -7.614930 -6.834948  0.000391 -0.999939 0.011013  0.008576 0.748762 1 72 1.000000
0  -3.736782 -7.641479 -9.156596  0.000000 -0.999935 0.011435  0.008576 0.748762 1 72 1.000000
lowpoly_plastic
0  -3.736782 -7.641479 -9.156596  -0.000000 -0.999935 0.011435  0.008576 0.748762 1 72 1.000000
0  -3.736781 -7.614930 -6.834948  -0.000352 -0.999938 0.011109  0.008576 0.748762 1 72 1.000000
0  -3.867667 -7.614930 -6.834948  -0.000000 -0.999935 0.011435  0.008576 0.748762 1 72 1.000000
lowpoly_plastic
0  -3.654411 -5.984858 -9.175779  1.000000 0.000000 -0.000000  0.008576 0.748762 1 72 1.000000
0  -3.654411 -5.894232 -9.188294  1.000000 0.000000 -0.000000  0.008576 0.748762 1 72 1.000000
0  -3.654410 -5.867599 -6.849327  1.000000 0.000000 -0.000000  0.008576 0.748762 1 72 1.000000
lowpoly_plastic
0  -3.462424 -7.010510 -9.163797  1.000000 0.000000 -0.000000  0.008576 0.748762 1 72 1.000000
0  -3.462423 -6.983929 -6.835647  1.000000 0.000000 -0.000000  0.008576 0.748762 1 72 1.000000
0  -3.462423 -7.434068 -6.835149  1.000000 0.000000 -0.000000  0.008576 0.748762 1 72 1.000000
lowpoly_plastic
0  -4.272912 -7.010510 -9.163797  -1.000000 0.000000 0.000000  0.008576 0.748762 1 72 1.000000
0  -4.272912 -7.460626 -9.158661  -1.000000 0.000000 0.000000  0.008576 0.748762 1 72 1.000000
0  -4.272911 -7.434068 -6.835149  -1.000000 0.000000 0.000000  0.008576 0.748762 1 72 1.000000
lowpoly_plastic
0  -3.867668 -8.579170 -13.506686  0.000000 -0.977582 0.210557  0.005476 0.761164 1 72 1.000000
0  -4.048068 -8.579170 -13.506686  0.000000 -0.977582 0.210557  0.005476 0.761164 1 72 1.000000
0  -4.048068 -8.620011 -13.696301  0.000000 -0.977582 0.210557  0.005476 0.761164 1 72 1.000000
lowpoly_plastic
0  -3.867668 -6.559115 -13.422601  -0.001821 0.971638 -0.236467  0.008576 0.748762 1 72 1.000000
0  -3.867668 -6.675433 -13.913589  0.000000 0.973066 -0.230526  0.008576 0.748762 1 72 1.000000
0  -4.080925 -6.675433 -13.913589  0.000000 0.973066 -0.230526  0.008576 0.748762 1 72 1.000000
lowpoly_plastic
0  -3.687268 -8.620011 -13.696301  0.000000 -0.977583 0.210550  0.005476 0.761164 1 72 1.000000
0  -3.687268 -8.579170 -13.506686  0.000000 -0.977583 0.210550  0.005476 0.761164 1 72 1.000000
0  -3.867668 -8.579170 -13.506686  0.000000 -0.977583 0.210550  0.005476 0.761164 1 72 1.000000
lowpoly_plastic
0  -3.462424 -6.139083 -10.330079  1.000000 -0.000001 -0.000000  0.008576 0.748762 1 72 1.000000
0  -3.462424 -6.026660 -9.175023  1.000000 -0.000001 -0.000000  0.008576 0.748762 1 72 1.000000
0  -3.462424 -7.010510 -9.163797  1.000000 -0.000001 -0.000000  0.008576 0.748762 1 72 1.000000
lowpoly_plastic
0  -3.998553 -7.746001 -10.169467  0.000000 -0.994718 0.102647  0.008576 0.748762 1 72 1.000000
0  -3.998553 -7.641479 -9.156596  0.000000 -0.994718 0.102647  0.008576 0.748762 1 72 1.000000
0  -4.062506 -7.641479 -9.156596  0.000000 -0.994718 0.102647  0.008576 0.748762 1 72 1.000000
lowpoly_plastic
0  -3.462423 -6.000030 -6.836738  0.988523 -0.000235 0.151069  0.008576 0.748762 1 72 1.000000
0  -3.568701 -5.993142 -6.141292  0.988523 -0.000235 0.151069  0.008576 0.748762 1 72 1.000000
0  -3.568701 -6.977054 -6.142824  0.988482 -0.000039 0.151338  0.008576 0.748762 1 72 1.000000
lowpoly_plastic
0  -3.652966 -5.993521 -5.928199  -0.232595 -0.001506 0.972572  0.008576 0.748762 1 72 1.000000
0  -3.652966 -5.927301 -5.928096  -0.232595 -0.001506 0.972572  0.008576 0.748762 1 72 1.000000
0  -3.705285 -5.927300 -5.940608  -0.232595 -0.001506 0.972572  0.008576 0.748762 1 72 1.000000
lowpoly_plastic
0  -3.652966 -6.675337 -5.929730  -0.191963 -0.564669 0.802683  0.008576 0.748762 1 72 1.000000
0  -3.705285 -6.675337 -5.942241  -0.191963 -0.564669 0.802683  0.008576 0.748762 1 72 1.000000
0  -3.656487 -6.977054 -6.142824  -0.000070 -0.576312 0.817230  0.008576 0.748762 1 72 1.000000
lowpoly_plastic
0  -3.867668 -8.419815 -13.598858  0.000000 -0.973745 0.227642  0.008576 0.748762 1 72 1.000000
0  -3.736783 -8.419815 -13.598858  0.000000 -0.973745 0.227642  0.008576 0.748762 1 72 1.000000
0  -3.736783 -8.290636 -13.046293  -0.002253 -0.973742 0.227641  0.008576 0.748762 1 72 1.000000
lowpoly_plastic
0  -3.462424 -7.513357 -12.490615  -0.008191 0.184805 0.982741  0.863264 0.820637 1 72 1.000000
0  -3.462424 -7.954001 -12.408072  -0.008191 0.184805 0.982741  0.863264 0.820637 1 72 1.000000
0  -3.426329 -7.966728 -12.405059  -0.008191 0.184805 0.982741  0.863264 0.820637 1 72 1.000000
lowpoly_plastic
0  -3.558851 -8.063068 -12.387641  0.750691 -0.642315 0.154576  0.008576 0.748762 1 72 1.000000
0  -3.558851 -7.812179 -11.333915  0.752675 -0.641422 0.148520  0.008576 0.748762 1 72 1.000000
0  -3.618951 -7.880834 -11.327120  0.756216 -0.636407 0.152066  0.008576 0.748762 1 72 1.000000
lowpoly_plastic
0  -3.867668 -6.707209 -14.055555  0.000000 0.977582 -0.210555  0.005476 0.761164 1 72 1.000000
0  -3.867668 -6.666368 -13.865941  0.000000 0.977582 -0.210555  0.005476 0.761164 1 72 1.000000
0  -3.434870 -6.666368 -13.865941  0.000000 0.977582 -0.210555  0.005476 0.761164 1 72 1.000000
lowpoly_plastic
0  -4.176485 -7.676901 -10.176373  -0.754812 -0.652045 0.071391  0.008576 0.748762 1 72 1.000000
0  -4.116385 -7.746001 -10.169467  -0.753679 -0.653492 0.070122  0.008576 0.748762 1 72 1.000000
0  -4.116385 -7.641479 -9.156596  -0.755544 -0.651646 0.067161  0.008576 0.748762 1 72 1.000000
lowpoly_plastic
0  -3.867668 -5.993142 -8.335141  0.000000 -1.000000 -0.000000  0.008576 0.748762 1 72 1.000000
0  -3.654411 -5.993142 -8.335141  0.000000 -1.000000 -0.000000  0.008576 0.748762 1 72 1.000000
0  -3.654410 -5.993142 -6.808359  0.000000 -1.000000 -0.000000  0.008576 0.748762 1 72 1.000000
lowpoly_plastic
0  -4.272911 -6.983929 -6.835647  -0.988399 0.000167 0.151880  0.008576 0.748762 1 72 1.000000
0  -4.272911 -7.434068 -6.835149  -0.988399 0.000167 0.151880  0.008576 0.748762 1 72 1.000000
0  -4.166633 -7.427198 -6.143525  -0.988399 0.000167 0.151880  0.008576 0.748762 1 72 1.000000
lowpoly_plastic
0  -4.176485 -8.222855 -13.061320  -0.757259 -0.636582 0.146024  0.008576 0.748762 1 72 1.000000
0  -4.272912 -8.114102 -13.085431  -0.753966 -0.640298 0.146812  0.008576 0.748762 1 72 1.000000
0  -4.272913 -8.241897 -13.631371  -0.755839 -0.637543 0.149152  0.008576 0.748762 1 72 1.000000
lowpoly_plastic
0  -4.272912 -7.118120 -10.232224  -1.000000 0.000000 0.000000  0.008576 0.748762 1 72 1.000000
0  -4.272912 -7.566033 -10.187455  -1.000000 0.000000 0.000000  0.008576 0.748762 1 72 1.000000
0  -4.272912 -7.460626 -9.158661  -1.000000 0.000000 0.000000  0.008576 0.748762 1 72 1.000000
lowpoly_plastic
0  -3.462424 -7.799085 -13.712293  0.000000 -0.179769 -0.983709  0.008576 0.748762 1 72 1.000000
0  -3.462424 -8.241897 -13.631371  0.000000 -0.179769 -0.983709  0.008576 0.748762 1 72 1.000000
0  -3.550210 -8.241897 -13.631371  0.000000 -0.179769 -0.983709  0.008576 0.748762 1 72 1.000000
lowpoly_plastic
0  -3.736782 -7.641479 -9.156596  0.000000 -0.994718 0.102649  0.008576 0.748762 1 72 1.000000
0  -3.867668 -7.641479 -9.156596  0.000000 -0.994718 0.102649  0.008576 0.748762 1 72 1.000000
0  -3.867668 -7.746001 -10.169467  0.000000 -0.994718 0.102649  0.008576 0.748762 1 72 1.000000
lowpoly_plastic
0  -3.867668 -6.675433 -13.913589  0.000000 -0.136801 -0.990599  0.008576 0.748762 1 72 1.000000
0  -3.654411 -6.675433 -13.913589  0.000000 -0.136801 -0.990599  0.008576 0.748762 1 72 1.000000
0  -3.654411 -6.766057 -13.901073  0.000000 -0.136801 -0.990599  0.008576 0.748762 1 72 1.000000
lowpoly_plastic
0  -3.867667 -5.867599 -6.849327  0.000000 0.998989 -0.044955  0.008576 0.748762 1 72 1.000000
0  -4.080925 -5.867599 -6.849327  0.000000 0.998989 -0.044955  0.008576 0.748762 1 72 1.000000
0  -3.974646 -5.836295 -6.153706  0.000000 0.998989 -0.044955  0.008576 0.748762 1 72 1.000000
lowpoly_plastic
0  -3.654411 -6.766057 -13.901073  0.000000 -0.179788 -0.983705  0.008576 0.748762 1 72 1.000000
0  -3.654411 -6.831200 -13.889168  0.000000 -0.179788 -0.983705  0.008576 0.748762 1 72 1.000000
0  -3.867668 -6.831200 -13.889168  0.000000 -0.179788 -0.983705  0.008576 0.748762 1 72 1.000000
lowpoly_plastic
0  -3.867667 -5.926921 -6.141189  0.000000 0.136813 0.990597  0.008576 0.748762 1 72 1.000000
0  -3.867667 -5.836295 -6.153706  0.000000 0.136813 0.990597  0.008576 0.748762 1 72 1.000000
0  -3.974646 -5.836295 -6.153706  0.000000 0.136813 0.990597  0.008576 0.748762 1 72 1.000000
lowpoly_plastic
0  -4.400872 -6.087096 -10.225001  -0.000000 1.000000 0.000000  0.005476 0.761164 1 72 1.000000
0  -3.334465 -6.087096 -10.225001  -0.000000 1.000000 0.000000  0.005476 0.761164 1 72 1.000000
0  -3.334465 -6.087096 -10.406671  -0.000000 1.000000 0.000000  0.005476 0.761164 1 72 1.000000
lowpoly_plastic
0  -4.185126 -6.073191 -10.336664  0.000000 0.992145 -0.125092  0.008576 0.748762 1 72 1.000000
0  -4.080925 -6.073191 -10.336664  0.000000 0.992145 -0.125092  0.008576 0.748762 1 72 1.000000
0  -4.080925 -6.218812 -11.491621  0.000000 0.992145 -0.125092  0.008576 0.748762 1 72 1.000000
lowpoly_plastic
0  -3.867668 -8.241897 -13.631371  0.000000 -0.179764 -0.983710  0.008576 0.748762 1 72 1.000000
0  -3.867668 -8.351501 -13.611342  0.000000 -0.179764 -0.983710  0.008576 0.748762 1 72 1.000000
0  -4.030181 -8.351501 -13.611342  0.000000 -0.179764 -0.983710  0.008576 0.748762 1 72 1.000000
lowpoly_plastic
0  -3.550210 -6.766057 -13.901073  0.000000 0.973067 -0.230523  0.008576 0.748762 1 72 1.000000
0  -3.654411 -6.766057 -13.901073  0.000000 0.973067 -0.230523  0.008576 0.748762 1 72 1.000000
0  -3.654411 -6.649740 -13.410086  0.000963 0.971594 -0.236651  0.008576 0.748762 1 72 1.000000
lowpoly_plastic
0  -3.998554 -8.290636 -13.046293  0.000000 -0.973744 0.227644  0.008576 0.748762 1 72 1.000000
0  -3.998554 -8.419815 -13.598858  0.000000 -0.973744 0.227644  0.008576 0.748762 1 72 1.000000
0  -3.867668 -8.419815 -13.598858  0.000000 -0.973744 0.227644  0.008576 0.748762 1 72 1.000000
lowpoly_plastic
0  -4.080925 -6.073191 -10.336664  -1.000000 0.000000 0.000000  0.008576 0.748762 1 72 1.000000
0  -4.080925 -5.984858 -9.175779  -1.000000 0.000000 0.000000  0.008576 0.748762 1 72 1.000000
0  -4.080925 -5.894232 -9.188294  -1.000000 0.000000 0.000000  0.008576 0.748762 1 72 1.000000
lowpoly_plastic
0  -4.080925 -6.649740 -13.410086  -1.000000 0.000000 0.000000  0.008576 0.748762 1 72 1.000000
0  -4.080925 -6.559115 -13.422601  -1.000000 0.000000 0.000000  0.008576 0.748762 1 72 1.000000
0  -4.080925 -6.675433 -13.913589  -1.000000 0.000000 0.000000  0.008576 0.748762 1 72 1.000000
lowpoly_plastic
0  -4.062506 -7.746001 -10.169467  0.000000 -0.994718 0.102648  0.008576 0.748762 1 72 1.000000
0  -4.062506 -7.641479 -9.156596  0.000000 -0.994718 0.102648  0.008576 0.748762 1 72 1.000000
0  -4.116385 -7.641479 -9.156596  0.000000 -0.994718 0.102648  0.008576 0.748762 1 72 1.000000
lowpoly_plastic
0  -4.080925 -6.831200 -13.889168  0.000000 -0.179786 -0.983706  0.008576 0.748762 1 72 1.000000
0  -4.185127 -6.831200 -13.889168  0.000000 -0.179786 -0.983706  0.008576 0.748762 1 72 1.000000
0  -4.185127 -6.766057 -13.901073  0.000000 -0.179786 -0.983706  0.008576 0.748762 1 72 1.000000
lowpoly_plastic
0  -3.867667 -7.538619 -6.810765  0.000000 1.000000 0.000000  0.008576 0.748762 1 72 1.000000
0  -3.867667 -7.538620 -8.337546  0.000000 1.000000 0.000000  0.008576 0.748762 1 72 1.000000
0  -4.030180 -7.538620 -8.337546  0.000000 1.000000 0.000000  0.008576 0.748762 1 72 1.000000
lowpoly_plastic
0  -4.080925 -6.766057 -13.901073  0.000000 -0.136800 -0.990599  0.008576 0.748762 1 72 1.000000
0  -4.080925 -6.675433 -13.913589  0.000000 -0.136800 -0.990599  0.008576 0.748762 1 72 1.000000
0  -3.867668 -6.675433 -13.913589  0.000000 -0.136800 -0.990599  0.008576 0.748762 1 72 1.000000
lowpoly_plastic
0  -3.550210 -5.993142 -8.335141  -1.000000 0.000000 0.000000  0.008576 0.748762 1 72 1.000000
0  -3.550209 -6.977055 -8.336673  -1.000000 0.000000 0.000000  0.008576 0.748762 1 72 1.000000
0  -3.550209 -6.977054 -6.809891  -1.000000 0.000000 0.000000  0.008576 0.748762 1 72 1.000000
lowpoly_plastic
0  -4.272912 -6.139083 -10.330079  -1.000000 0.000000 0.000000  0.008576 0.748762 1 72 1.000000
0  -4.272912 -7.118120 -10.232224  -1.000000 0.000000 0.000000  0.008576 0.748762 1 72 1.000000
0  -4.272912 -7.010510 -9.163797  -1.000000 0.000000 0.000000  0.008576 0.748762 1 72 1.000000
lowpoly_plastic
0  -4.272912 -6.139083 -10.330079  -1.000000 0.000000 0.000000  0.008576 0.748762 1 72 1.000000
0  -4.272912 -6.073191 -10.336664  -1.000000 0.000000 0.000000  0.008576 0.748762 1 72 1.000000
0  -4.272913 -6.218812 -11.491620  -1.000000 0.000000 0.000000  0.008576 0.748762 1 72 1.000000
lowpoly_plastic
0  -3.656487 -5.993142 -6.141292  -0.971659 0.000367 -0.236385  0.008576 0.748762 1 72 1.000000
0  -3.705285 -5.993521 -5.940710  -0.971659 0.000367 -0.236385  0.008576 0.748762 1 72 1.000000
0  -3.705285 -5.927300 -5.940608  -0.971659 0.000367 -0.236385  0.008576 0.748762 1 72 1.000000
lowpoly_plastic
0  -3.867668 -8.351501 -13.611342  0.000000 -0.179778 -0.983707  0.008576 0.748762 1 72 1.000000
0  -3.867668 -8.419815 -13.598858  0.000000 -0.179778 -0.983707  0.008576 0.748762 1 72 1.000000
0  -3.998554 -8.419815 -13.598858  0.000000 -0.179778 -0.983707  0.008576 0.748762 1 72 1.000000
lowpoly_plastic
0  -4.116385 -8.290636 -13.046293  -0.755735 -0.638031 0.147582  0.008576 0.748762 1 72 1.000000
0  -4.176485 -8.222855 -13.061320  -0.754010 -0.639913 0.148261  0.008576 0.748762 1 72 1.000000
0  -4.176486 -8.351501 -13.611342  -0.755835 -0.637567 0.149068  0.008576 0.748762 1 72 1.000000
lowpoly_plastic
0  -4.116385 -7.746001 -10.169467  -0.757817 -0.647594 0.079592  0.008576 0.748762 1 72 1.000000
0  -4.176485 -7.676901 -10.176373  -0.753244 -0.653500 0.074574  0.008576 0.748762 1 72 1.000000
0  -4.176485 -7.812179 -11.333915  -0.753885 -0.652403 0.077636  0.008576 0.748762 1 72 1.000000
lowpoly_plastic
0  -4.272912 -7.566033 -10.187455  -0.752973 -0.654520 0.068079  0.008576 0.748762 1 72 1.000000
0  -4.176485 -7.676901 -10.176373  -0.759019 -0.647464 0.068413  0.008576 0.748762 1 72 1.000000
0  -4.176485 -7.572039 -9.157390  -0.755261 -0.652014 0.066776  0.008576 0.748762 1 72 1.000000
lowpoly_plastic
0  -4.272912 -7.954001 -12.408072  -0.752784 -0.640446 0.152136  0.008576 0.748762 1 72 1.000000
0  -4.176485 -8.063068 -12.387641  -0.754765 -0.637915 0.152952  0.008576 0.748762 1 72 1.000000
0  -4.176485 -7.812179 -11.333915  -0.755633 -0.637188 0.151691  0.008576 0.748762 1 72 1.000000
lowpoly_plastic
0  -3.462424 -6.766057 -13.901073  0.000000 -0.179790 -0.983705  0.008576 0.748762 1 72 1.000000
0  -3.462424 -6.831200 -13.889168  0.000000 -0.179790 -0.983705  0.008576 0.748762 1 72 1.000000
0  -3.550210 -6.831200 -13.889168  0.000000 -0.179790 -0.983705  0.008576 0.748762 1 72 1.000000
lowpoly_plastic
0  -3.550210 -6.218812 -11.491621  0.000000 0.992145 -0.125093  0.008576 0.748762 1 72 1.000000
0  -3.550210 -6.073191 -10.336664  0.000000 0.992145 -0.125093  0.008576 0.748762 1 72 1.000000
0  -3.462424 -6.073191 -10.336664  0.000000 0.992145 -0.125093  0.008576 0.748762 1 72 1.000000
lowpoly_plastic
0  -3.867668 -6.394765 -12.695693  0.000483 0.226736 0.973956  0.863264 0.820637 1 72 1.000000
0  -3.654411 -6.394765 -12.695693  0.000000 0.220540 0.975378  0.863264 0.820637 1 72 1.000000
0  -3.628030 -6.367560 -12.701844  0.000000 0.220540 0.975378  0.863264 0.820637 1 72 1.000000
lowpoly_plastic
0  -4.109587 -7.538619 -6.810765  0.827711 0.561155 0.000000  0.008576 0.748762 1 72 1.000000
0  -4.109587 -7.538620 -8.337546  0.827711 0.561155 0.000000  0.008576 0.748762 1 72 1.000000
0  -4.185126 -7.427199 -8.337374  0.827711 0.561155 0.000000  0.008576 0.748762 1 72 1.000000
lowpoly_plastic
0  -4.080925 -5.958225 -6.836811  0.000000 0.998989 -0.044956  0.008576 0.748762 1 72 1.000000
0  -4.185126 -5.958225 -6.836811  0.000000 0.998989 -0.044956  0.008576 0.748762 1 72 1.000000
0  -4.166634 -5.926921 -6.141189  0.000000 0.998989 -0.044956  0.008576 0.748762 1 72 1.000000
lowpoly_plastic
0  -4.185127 -7.799085 -13.712293  0.000000 -0.179767 -0.983709  0.008576 0.748762 1 72 1.000000
0  -4.272913 -7.799085 -13.712293  0.000000 -0.179767 -0.983709  0.008576 0.748762 1 72 1.000000
0  -4.272913 -6.831200 -13.889168  0.000000 -0.179767 -0.983709  0.008576 0.748762 1 72 1.000000
lowpoly_plastic
0  -3.867667 -5.926921 -6.141189  0.000000 -0.001555 0.999999  0.008576 0.748762 1 72 1.000000
0  -3.974646 -5.926921 -6.141189  0.000000 -0.001555 0.999999  0.008576 0.748762 1 72 1.000000
0  -3.974646 -5.993142 -6.141292  0.000000 -0.001555 0.999999  0.008576 0.748762 1 72 1.000000
lowpoly_plastic
0  -3.625748 -7.538620 -8.337546  0.000000 1.000000 -0.000001  0.008576 0.748762 1 72 1.000000
0  -3.705154 -7.538620 -8.337546  0.000000 1.000000 -0.000001  0.008576 0.748762 1 72 1.000000
0  -3.705154 -7.538619 -6.810765  0.000000 1.000000 -0.000001  0.008576 0.748762 1 72 1.000000
lowpoly_plastic
0  -3.618950 -7.614930 -6.834948  -0.000328 -0.999934 0.011508  0.008576 0.748762 1 72 1.000000
0  -3.672828 -7.614930 -6.834948  0.000000 -0.999935 0.011435  0.008576 0.748762 1 72 1.000000
0  -3.672829 -7.641479 -9.156596  0.000000 -0.999935 0.011435  0.008576 0.748762 1 72 1.000000
lowpoly_plastic
0  -4.062506 -7.641479 -9.156596  0.000000 -0.999935 0.011435  0.008576 0.748762 1 72 1.000000
0  -4.062506 -7.614930 -6.834948  0.000000 -0.999935 0.011435  0.008576 0.748762 1 72 1.000000
0  -4.116384 -7.614930 -6.834948  0.000000 -0.999935 0.011435  0.008576 0.748762 1 72 1.000000
lowpoly_plastic
0  -4.003308 -7.538619 -6.143699  0.000000 1.000000 -0.000002  0.008576 0.748762 1 72 1.000000
0  -3.923902 -7.538619 -6.143699  0.000000 1.000000 -0.000002  0.008576 0.748762 1 72 1.000000
0  -3.867667 -7.538619 -6.810765  0.000000 1.000000 -0.000002  0.008576 0.748762 1 72 1.000000
lowpoly_plastic
0  -4.080925 -5.958225 -6.836811  -0.988455 0.020731 0.150088  0.008576 0.748762 1 72 1.000000
0  -3.974646 -5.926921 -6.141189  -0.988455 0.020731 0.150088  0.008576 0.748762 1 72 1.000000
0  -3.974646 -5.836295 -6.153706  -0.988455 0.020731 0.150088  0.008576 0.748762 1 72 1.000000
lowpoly_plastic
0  -4.078847 -5.993142 -6.141292  0.000000 -1.000000 0.000000  0.008576 0.748762 1 72 1.000000
0  -4.185126 -5.993142 -6.808359  0.000000 -1.000000 0.000000  0.008576 0.748762 1 72 1.000000
0  -4.080925 -5.993142 -6.808359  0.000000 -1.000000 0.000000  0.008576 0.748762 1 72 1.000000
lowpoly_plastic
0  -3.974646 -5.993142 -6.141292  0.000000 -1.000000 0.000000  0.008576 0.748762 1 72 1.000000
0  -4.080925 -5.993142 -6.808359  0.000000 -1.000000 0.000000  0.008576 0.748762 1 72 1.000000
0  -3.867667 -5.993142 -6.808359  0.000000 -1.000000 0.000000  0.008576 0.748762 1 72 1.000000
lowpoly_plastic
0  -3.998553 -7.641479 -9.156596  0.000000 -0.999935 0.011435  0.008576 0.748762 1 72 1.000000
0  -3.998553 -7.614930 -6.834948  -0.000184 -0.999940 0.010992  0.008576 0.748762 1 72 1.000000
0  -4.062506 -7.614930 -6.834948  0.000000 -0.999935 0.011435  0.008576 0.748762 1 72 1.000000
lowpoly_plastic
0  -3.334464 9.643403 -16.232515  0.000001 -0.887294 0.461205  0.005476 0.761164 1 79 1.000000
0  -4.400871 9.643402 -16.232515  0.000001 -0.887294 0.461205  0.005476 0.761164 1 79 1.000000
0  -4.400871 9.548971 -16.414185  0.000001 -0.887294 0.461205  0.005476 0.761164 1 79 1.000000
lowpoly_plastic
0  -4.176485 -7.572039 -9.157390  -0.756154 -0.654350 0.007483  0.008576 0.748762 1 72 1.000000
0  -4.116385 -7.641479 -9.156596  -0.756154 -0.654350 0.007483  0.008576 0.748762 1 72 1.000000
0  -4.116384 -7.614930 -6.834948  -0.756154 -0.654350 0.007483  0.008576 0.748762 1 72 1.000000
lowpoly_plastic
0  -3.974646 -5.926921 -6.141189  0.000000 -0.001555 0.999999  0.008576 0.748762 1 72 1.000000
0  -4.078847 -5.926921 -6.141189  0.000000 -0.001555 0.999999  0.008576 0.748762 1 72 1.000000
0  -4.078847 -5.993142 -6.141292  0.000000 -0.001555 0.999999  0.008576 0.748762 1 72 1.000000
lowpoly_plastic
0  -4.272912 -7.566033 -10.187455  -1.000000 -0.000002 0.000000  0.008576 0.748762 1 72 1.000000
0  -4.272912 -7.118120 -10.232224  -1.000000 -0.000002 0.000000  0.008576 0.748762 1 72 1.000000
0  -4.272912 -7.257002 -11.388865  -1.000000 -0.000002 0.000000  0.008576 0.748762 1 72 1.000000
lowpoly_plastic
0  -4.116385 -8.290636 -13.046293  0.002493 -0.231246 -0.972892  0.863264 0.820637 1 72 1.000000
0  -4.062507 -8.290636 -13.046293  0.000000 -0.231247 -0.972895  0.863264 0.820637 1 72 1.000000
0  -4.062507 -8.327986 -13.037416  0.000000 -0.231247 -0.972895  0.863264 0.820637 1 72 1.000000
lowpoly_plastic
0  -4.185126 -6.073191 -10.336664  0.000000 0.997118 -0.075871  0.008576 0.748762 1 72 1.000000
0  -4.185126 -5.984858 -9.175779  0.000000 0.997118 -0.075871  0.008576 0.748762 1 72 1.000000
0  -4.080925 -5.984858 -9.175779  0.000000 0.997118 -0.075871  0.008576 0.748762 1 72 1.000000
lowpoly_plastic
0  -4.272912 -8.114102 -13.085431  -1.000000 -0.000002 0.000000  0.008576 0.748762 1 72 1.000000
0  -4.272913 -7.674734 -13.182840  -1.000000 -0.000002 0.000000  0.008576 0.748762 1 72 1.000000
0  -4.272913 -7.799085 -13.712293  -1.000000 -0.000002 0.000000  0.008576 0.748762 1 72 1.000000
lowpoly_plastic
0  -4.185125 -6.977054 -6.809891  1.000000 -0.000000 -0.000000  0.008576 0.748762 1 72 1.000000
0  -4.185126 -6.977055 -8.336673  1.000000 -0.000000 -0.000000  0.008576 0.748762 1 72 1.000000
0  -4.185126 -5.993142 -8.335141  1.000000 -0.000000 -0.000000  0.008576 0.748762 1 72 1.000000
lowpoly_plastic
0  -3.568701 -7.427198 -6.143525  0.000000 -0.001557 0.999999  0.008576 0.748762 1 72 1.000000
0  -3.568701 -6.977054 -6.142824  0.000000 -0.001557 0.999999  0.008576 0.748762 1 72 1.000000
0  -3.656487 -6.977054 -6.142824  0.000000 -0.001557 0.999999  0.008576 0.748762 1 72 1.000000
lowpoly_plastic
0  -4.078847 -6.977054 -6.142824  0.000000 -0.001557 0.999999  0.008576 0.748762 1 72 1.000000
0  -4.166633 -6.977054 -6.142824  0.000000 -0.001557 0.999999  0.008576 0.748762 1 72 1.000000
0  -4.166633 -7.427198 -6.143525  0.000000 -0.001557 0.999999  0.008576 0.748762 1 72 1.000000
lowpoly_plastic
0  -4.030049 -5.993521 -5.940710  0.232558 -0.002184 0.972580  0.008576 0.748762 1 72 1.000000
0  -4.082368 -5.993521 -5.928199  0.232558 -0.002184 0.972580  0.008576 0.748762 1 72 1.000000
0  -4.082368 -6.675337 -5.929730  0.232558 -0.002184 0.972580  0.008576 0.748762 1 72 1.000000
lowpoly_plastic
0  -4.078847 -5.926921 -6.141189  0.000000 0.999998 0.001784  0.008576 0.748762 1 72 1.000000
0  -4.166634 -5.926921 -6.141189  0.000000 0.999998 0.001784  0.008576 0.748762 1 72 1.000000
0  -4.082368 -5.927301 -5.928096  0.000000 0.999998 0.001784  0.008576 0.748762 1 72 1.000000
lowpoly_plastic
0  -4.078847 -5.993142 -6.141292  0.971659 0.000366 -0.236387  0.008576 0.748762 1 72 1.000000
0  -4.078847 -5.926921 -6.141189  0.971659 0.000366 -0.236387  0.008576 0.748762 1 72 1.000000
0  -4.030049 -5.927300 -5.940608  0.971659 0.000366 -0.236387  0.008576 0.748762 1 72 1.000000
lowpoly_metal
0  -3.830955 -6.049456 -5.905870  0.499992 0.000000 0.866030  0.991823 0.744479 1 76 1.000000
0  -3.703935 -6.049456 -5.979205  0.499992 0.000000 0.866030  0.991824 0.744480 1 76 1.000000
0  -3.703935 -6.006764 -5.979205  0.499992 0.000000 0.866030  0.991824 0.744482 1 76 1.000000
lowpoly_metal
0  -3.830955 -6.839612 -6.224773  -0.499997 0.000001 -0.866027  0.991821 0.744438 1 76 1.000000
0  -3.980113 -6.839612 -6.138657  -0.499997 0.000001 -0.866027  0.991821 0.744438 1 76 1.000000
0  -3.980113 -6.079339 -6.138656  -0.499997 0.000001 -0.866027  0.991823 0.744480 1 76 1.000000
lowpoly_metal
0  -3.822214 -5.997100 -6.466960  -0.499987 0.000000 0.866033  0.200926 0.194578 1 78 1.000000
0  -3.822214 -5.972044 -6.466960  -0.499987 0.000000 0.866033  0.200926 0.194578 1 78 1.000000
0  -3.891027 -5.972044 -6.506689  -0.499987 0.000000 0.866033  0.200926 0.194578 1 78 1.000000
lowpoly_metal
0  -3.971372 -6.079339 -6.460302  -0.803520 0.595278 0.000000  0.991798 0.744497 1 78 1.000000
0  -3.949234 -6.049456 -6.473084  -0.803520 0.595278 0.000000  0.991799 0.744500 1 78 1.000000
0  -3.949234 -6.049456 -6.619753  -0.803520 0.595278 0.000000  0.991798 0.744498 1 78 1.000000
lowpoly_metal
0  -3.822214 -6.079339 -6.718651  -0.401760 0.595278 -0.695869  0.991798 0.744495 1 78 1.000000
0  -3.971372 -6.079339 -6.632535  -0.401760 0.595278 -0.695869  0.991798 0.744496 1 78 1.000000
0  -3.949234 -6.049456 -6.619753  -0.401760 0.595278 -0.695869  0.991798 0.744498 1 78 1.000000
lowpoly_metal
0  -4.093749 -6.079339 -6.237401  -0.500005 -0.000001 0.866023  0.991812 0.744428 1 77 1.000000
0  -4.093748 -6.839612 -6.237401  -0.500005 -0.000001 0.866023  0.991809 0.744475 1 77 1.000000
0  -3.944590 -6.839612 -6.151285  -0.500005 -0.000001 0.866023  0.991809 0.744475 1 77 1.000000
lowpoly_metal
0  -3.830955 -6.079339 -5.880307  -0.401755 0.595300 0.695853  0.991823 0.744478 1 76 1.000000
0  -3.830955 -6.049456 -5.905870  -0.401755 0.595300 0.695853  0.991823 0.744479 1 76 1.000000
0  -3.957975 -6.049456 -5.979205  -0.401755 0.595300 0.695853  0.991823 0.744480 1 76 1.000000
lowpoly_metal
0  -3.982920 -6.006764 -5.964803  -1.000000 0.000000 0.000001  0.991823 0.744483 1 76 1.000000
0  -3.982920 -5.969767 -5.964803  -1.000000 0.000000 0.000001  0.991823 0.744484 1 76 1.000000
0  -3.982921 -5.969767 -6.140277  -1.000000 0.000000 0.000001  0.991821 0.744487 1 76 1.000000
lowpoly_metal
0  -3.949234 -6.049456 -6.619753  -0.499987 0.000000 -0.866033  0.991798 0.744498 1 78 1.000000
0  -3.949234 -6.006765 -6.619753  -0.499987 0.000000 -0.866033  0.991798 0.744500 1 78 1.000000
0  -3.822214 -6.006764 -6.693089  -0.499987 0.000000 -0.866033  0.991798 0.744499 1 78 1.000000
lowpoly_metal
0  -4.021291 -5.969767 -6.279235  1.000000 0.000000 0.000000  0.991813 0.744418 1 77 1.000000
0  -4.021291 -5.997100 -6.279235  1.000000 0.000000 0.000000  0.991813 0.744417 1 77 1.000000
0  -4.021291 -5.997100 -6.367800  1.000000 0.000000 0.000000  0.991813 0.744416 1 77 1.000000
lowpoly_metal
0  -3.971371 -6.839612 -6.632535  -0.931432 -0.363915 0.000000  0.991795 0.744446 1 78 1.000000
0  -3.922666 -6.964269 -6.604415  -0.931432 -0.363915 0.000000  0.991794 0.744441 1 78 1.000000
0  -3.922666 -6.964269 -6.488421  -0.931432 -0.363915 0.000000  0.991795 0.744441 1 78 1.000000
lowpoly_metal
0  -4.071610 -6.006764 -6.250183  -0.000002 -1.000000 0.000000  0.991812 0.744424 1 77 1.000000
0  -3.944591 -6.006765 -6.176848  -0.000002 -1.000000 0.000000  0.991812 0.744424 1 77 1.000000
0  -4.096556 -6.006764 -6.235780  -0.000002 -1.000000 0.000000  0.991813 0.744423 1 77 1.000000
lowpoly_metal
0  -3.944591 -6.006765 -6.176848  -0.000010 -1.000000 0.000000  0.991812 0.744424 1 77 1.000000
0  -3.944591 -6.006764 -6.148043  -0.000010 -1.000000 0.000000  0.991812 0.744422 1 77 1.000000
0  -4.096556 -6.006764 -6.235780  -0.000010 -1.000000 0.000000  0.991813 0.744423 1 77 1.000000
lowpoly_metal
0  -3.678990 -6.006764 -5.964803  0.000000 -1.000000 0.000000  0.991824 0.744483 1 76 1.000000
0  -3.830955 -6.006764 -5.877066  0.000000 -1.000000 0.000000  0.991824 0.744482 1 76 1.000000
0  -3.703935 -6.006764 -5.979205  0.000000 -1.000000 0.000000  0.991824 0.744482 1 76 1.000000
lowpoly_metal
0  -3.830955 -6.006764 -5.877066  0.000000 -1.000000 0.000000  0.991824 0.744482 1 76 1.000000
0  -3.830955 -6.006764 -5.905870  0.000000 -1.000000 0.000000  0.991824 0.744481 1 76 1.000000
0  -3.703935 -6.006764 -5.979205  0.000000 -1.000000 0.000000  0.991824 0.744482 1 76 1.000000
lowpoly_metal
0  -3.703935 -6.006764 -5.979205  0.000000 -1.000000 0.000000  0.991824 0.744482 1 76 1.000000
0  -3.703935 -6.006764 -6.125875  0.000000 -1.000000 0.000000  0.991825 0.744484 1 76 1.000000
0  -3.678990 -6.006764 -5.964803  0.000000 -1.000000 0.000000  0.991824 0.744483 1 76 1.000000
lowpoly_metal
0  -3.974179 -6.006764 -6.634156  -0.499998 0.000000 -0.866027  0.991799 0.744502 1 78 1.000000
0  -3.974179 -5.969767 -6.634156  -0.499998 0.000000 -0.866027  0.991799 0.744504 1 78 1.000000
0  -3.822214 -5.969767 -6.721893  -0.499998 0.000000 -0.866027  0.991799 0.744503 1 78 1.000000
lowpoly_metal
0  -3.944591 -6.079339 -6.151285  0.499993 0.000000 0.866030  0.991812 0.744428 1 77 1.000000
0  -3.944590 -6.839612 -6.151285  0.499993 0.000000 0.866030  0.991809 0.744475 1 77 1.000000
0  -3.795432 -6.839612 -6.237401  0.499993 0.000000 0.866030  0.991809 0.744475 1 77 1.000000
lowpoly_metal
0  -3.822213 -6.964269 -6.430425  -0.499995 0.000000 0.866028  0.991795 0.744441 1 78 1.000000
0  -3.922666 -6.964269 -6.488421  -0.499995 0.000000 0.866028  0.991795 0.744441 1 78 1.000000
0  -3.922666 -7.124786 -6.488421  -0.499995 0.000000 0.866028  0.991795 0.744433 1 78 1.000000
lowpoly_metal
0  -3.670249 -5.969767 -6.458681  0.000000 1.000000 0.000000  0.991799 0.744508 1 78 1.000000
0  -3.745514 -5.969767 -6.590701  0.000000 1.000000 0.000000  0.991799 0.744507 1 78 1.000000
0  -3.745514 -5.969767 -6.502136  0.000000 1.000000 0.000000  0.991799 0.744512 1 78 1.000000
lowpoly_metal
0  -3.822214 -5.969767 -6.457853  0.000000 1.000000 0.000000  0.991800 0.744522 1 78 1.000000
0  -3.898914 -5.969767 -6.502136  0.000000 1.000000 0.000000  0.991799 0.744511 1 78 1.000000
0  -3.974179 -5.969767 -6.458681  0.000000 1.000000 0.000000  0.991799 0.744508 1 78 1.000000
lowpoly_metal
0  -3.670249 -5.969767 -6.458681  0.000000 1.000000 -0.000009  0.991799 0.744508 1 78 1.000000
0  -3.745514 -5.969767 -6.502136  0.000000 1.000000 -0.000009  0.991799 0.744512 1 78 1.000000
0  -3.822214 -5.969767 -6.457853  0.000000 1.000000 -0.000009  0.991800 0.744522 1 78 1.000000
lowpoly_metal
0  -3.822214 -5.969767 -6.457853  0.000000 1.000000 0.000000  0.991800 0.744522 1 78 1.000000
0  -3.974179 -5.969767 -6.458681  0.000000 1.000000 0.000000  0.991799 0.744508 1 78 1.000000
0  -3.822214 -5.969767 -6.370944  0.000000 1.000000 0.000000  0.991799 0.744516 1 78 1.000000
lowpoly_metal
0  -3.726331 -7.124786 -6.491061  0.000000 -1.000000 0.000000  0.991794 0.744433 1 78 1.000000
0  -3.726331 -7.124786 -6.601776  0.000000 -1.000000 0.000000  0.991793 0.744433 1 78 1.000000
0  -3.721760 -7.124786 -6.488421  0.000000 -1.000000 0.000000  0.991794 0.744435 1 78 1.000000
lowpoly_metal
0  -3.822213 -7.124786 -6.430425  0.000000 -1.000000 0.000000  0.991795 0.744435 1 78 1.000000
0  -3.918095 -7.124786 -6.491061  0.000000 -1.000000 0.000000  0.991794 0.744431 1 78 1.000000
0  -3.822213 -7.124786 -6.435703  0.000000 -1.000000 0.000000  0.991795 0.744432 1 78 1.000000
lowpoly_metal
0  -3.822213 -7.124786 -6.435703  0.000000 -1.000000 0.000133  0.991795 0.744432 1 78 1.000000
0  -3.726331 -7.124786 -6.491061  0.000000 -1.000000 0.000133  0.991794 0.744433 1 78 1.000000
0  -3.721760 -7.124786 -6.488421  0.000000 -1.000000 0.000133  0.991794 0.744435 1 78 1.000000
lowpoly_metal
0  -3.822214 -6.049456 -6.399749  -0.499992 0.000000 0.866030  0.991799 0.744502 1 78 1.000000
0  -3.822214 -6.006764 -6.399749  -0.499992 0.000000 0.866030  0.991799 0.744506 1 78 1.000000
0  -3.949234 -6.006764 -6.473083  -0.499992 0.000000 0.866030  0.991799 0.744503 1 78 1.000000
lowpoly_metal
0  -3.944591 -5.969767 -6.412084  0.500005 0.000000 0.866022  0.991813 0.744413 1 77 1.000000
0  -4.021291 -5.969767 -6.367800  0.500005 0.000000 0.866022  0.991813 0.744417 1 77 1.000000
0  -4.021291 -5.997100 -6.367800  0.500005 0.000000 0.866022  0.991813 0.744416 1 77 1.000000
lowpoly_metal
0  -3.830955 -6.049456 -5.905870  -0.500000 0.000000 0.866025  0.991823 0.744479 1 76 1.000000
0  -3.830955 -6.006764 -5.905870  -0.500000 0.000000 0.866025  0.991824 0.744481 1 76 1.000000
0  -3.957975 -6.006764 -5.979205  -0.500000 0.000000 0.866025  0.991823 0.744482 1 76 1.000000
lowpoly_metal
0  -3.745514 -5.969767 -6.590701  0.000000 1.000000 0.000000  0.991799 0.744507 1 78 1.000000
0  -3.670249 -5.969767 -6.458681  0.000000 1.000000 0.000000  0.991799 0.744508 1 78 1.000000
0  -3.670249 -5.969767 -6.634156  0.000000 1.000000 0.000000  0.991798 0.744504 1 78 1.000000
lowpoly_metal
0  -3.974179 -5.969767 -6.634156  0.000000 1.000000 0.000000  0.991799 0.744504 1 78 1.000000
0  -3.974179 -5.969767 -6.458681  0.000000 1.000000 0.000000  0.991799 0.744508 1 78 1.000000
0  -3.898914 -5.969767 -6.502136  0.000000 1.000000 0.000000  0.991799 0.744511 1 78 1.000000
lowpoly_metal
0  -3.974179 -5.969767 -6.634156  0.000000 1.000000 0.000000  0.991799 0.744504 1 78 1.000000
0  -3.898914 -5.969767 -6.502136  0.000000 1.000000 0.000000  0.991799 0.744511 1 78 1.000000
0  -3.898914 -5.969767 -6.590701  0.000000 1.000000 0.000000  0.991799 0.744507 1 78 1.000000
lowpoly_metal
0  -3.745514 -5.969767 -6.590701  0.000000 1.000000 0.000000  0.991799 0.744507 1 78 1.000000
0  -3.670249 -5.969767 -6.634156  0.000000 1.000000 0.000000  0.991798 0.744504 1 78 1.000000
0  -3.822214 -5.969767 -6.634984  0.000000 1.000000 0.000000  0.991799 0.744505 1 78 1.000000
lowpoly_metal
0  -3.670249 -5.969767 -6.634156  0.000000 1.000000 0.000000  0.991798 0.744504 1 78 1.000000
0  -3.822214 -5.969767 -6.721893  0.000000 1.000000 0.000000  0.991799 0.744503 1 78 1.000000
0  -3.822214 -5.969767 -6.634984  0.000000 1.000000 0.000000  0.991799 0.744505 1 78 1.000000
lowpoly_metal
0  -3.974179 -5.969767 -6.634156  0.000000 1.000000 0.000000  0.991799 0.744504 1 78 1.000000
0  -3.898914 -5.969767 -6.590701  0.000000 1.000000 0.000000  0.991799 0.744507 1 78 1.000000
0  -3.822214 -5.969767 -6.721893  0.000000 1.000000 0.000000  0.991799 0.744503 1 78 1.000000
lowpoly_metal
0  -3.745514 -5.969767 -6.590701  -1.000000 0.000000 0.000000  0.991799 0.744507 1 78 1.000000
0  -3.745514 -5.997101 -6.590701  -1.000000 0.000000 0.000000  0.991799 0.744508 1 78 1.000000
0  -3.745514 -5.997100 -6.502135  -1.000000 0.000000 0.000000  0.991800 0.744512 1 78 1.000000
lowpoly_metal
0  -4.013404 -5.997100 -6.283789  0.000000 1.000000 0.000000  0.991813 0.744417 1 77 1.000000
0  -4.021291 -5.997100 -6.367800  0.000000 1.000000 0.000000  0.991813 0.744416 1 77 1.000000
0  -4.021291 -5.997100 -6.279235  0.000000 1.000000 0.000000  0.991813 0.744417 1 77 1.000000
lowpoly_metal
0  -3.944591 -5.997100 -6.234951  0.000000 1.000000 0.000000  0.991813 0.744416 1 77 1.000000
0  -3.867891 -5.997100 -6.279235  0.000000 1.000000 0.000000  0.991814 0.744413 1 77 1.000000
0  -3.944591 -5.997100 -6.244059  0.000000 1.000000 0.000000  0.991812 0.744416 1 77 1.000000
lowpoly_metal
0  -3.867891 -5.997100 -6.279235  0.000000 1.000000 -0.000095  0.991814 0.744413 1 77 1.000000
0  -3.875778 -5.997100 -6.283789  0.000000 1.000000 -0.000095  0.991813 0.744413 1 77 1.000000
0  -3.944591 -5.997100 -6.244059  0.000000 1.000000 -0.000095  0.991812 0.744416 1 77 1.000000
lowpoly_metal
0  -3.944591 -5.997100 -6.244059  0.000000 1.000000 -0.000059  0.991812 0.744416 1 77 1.000000
0  -4.013404 -5.997100 -6.283789  0.000000 1.000000 -0.000059  0.991813 0.744417 1 77 1.000000
0  -4.021291 -5.997100 -6.279235  0.000000 1.000000 -0.000059  0.991813 0.744417 1 77 1.000000
lowpoly_metal
0  -4.096556 -6.006764 -6.235780  -0.500001 0.000000 0.866025  0.991813 0.744423 1 77 1.000000
0  -3.944591 -6.006764 -6.148043  -0.500001 0.000000 0.866025  0.991812 0.744422 1 77 1.000000
0  -3.944591 -5.969767 -6.148043  -0.500001 0.000000 0.866025  0.991812 0.744420 1 77 1.000000
lowpoly_metal
0  -3.753401 -5.997101 -6.586147  1.000000 0.000000 0.000000  0.200926 0.194577 1 78 1.000000
0  -3.753401 -5.972044 -6.586147  1.000000 0.000000 0.000000  0.200926 0.194577 1 78 1.000000
0  -3.753401 -5.972044 -6.506689  1.000000 0.000000 0.000000  0.200926 0.194578 1 78 1.000000
lowpoly_metal
0  -3.891027 -5.997100 -6.506689  -1.000000 0.000000 0.000000  0.200926 0.194578 1 78 1.000000
0  -3.891027 -5.972044 -6.506689  -1.000000 0.000000 0.000000  0.200926 0.194578 1 78 1.000000
0  -3.891027 -5.972044 -6.586147  -1.000000 0.000000 0.000000  0.200926 0.194577 1 78 1.000000
lowpoly_metal
0  -3.792625 -6.006765 -6.411255  1.000000 0.000000 0.000000  0.991814 0.744413 1 77 1.000000
0  -3.792625 -5.969767 -6.411255  1.000000 0.000000 0.000000  0.991814 0.744409 1 77 1.000000
0  -3.792625 -5.969767 -6.235780  1.000000 0.000000 0.000000  0.991812 0.744416 1 77 1.000000
lowpoly_metal
0  -4.013404 -5.997100 -6.283789  -1.000000 0.000000 0.000000  0.200929 0.194558 1 77 1.000000
0  -4.013404 -5.972044 -6.283788  -1.000000 0.000000 0.000000  0.200929 0.194558 1 77 1.000000
0  -4.013404 -5.972044 -6.363246  -1.000000 0.000000 0.000000  0.200929 0.194558 1 77 1.000000
lowpoly_metal
0  -3.918095 -7.124786 -6.601776  -0.992725 -0.120401 0.000000  0.942694 0.699404 1 78 1.000000
0  -3.903945 -7.241449 -6.593607  -0.992725 -0.120401 0.000000  0.942694 0.699403 1 78 1.000000
0  -3.903945 -7.241449 -6.499230  -0.992725 -0.120401 0.000000  0.942695 0.699403 1 78 1.000000
lowpoly_metal
0  -4.013404 -5.997100 -6.363246  -0.499998 0.000000 -0.866027  0.200929 0.194558 1 77 1.000000
0  -4.013404 -5.972044 -6.363246  -0.499998 0.000000 -0.866027  0.200929 0.194558 1 77 1.000000
0  -3.944591 -5.972044 -6.402976  -0.499998 0.000000 -0.866027  0.200929 0.194557 1 77 1.000000
lowpoly_metal
0  -3.678990 -5.969767 -5.964802  0.000000 1.000000 0.000000  0.991825 0.744484 1 76 1.000000
0  -3.678990 -5.969767 -6.140277  0.000000 1.000000 0.000000  0.991826 0.744487 1 76 1.000000
0  -3.754255 -5.969767 -6.008257  0.000000 1.000000 0.000000  0.991824 0.744486 1 76 1.000000
lowpoly_metal
0  -3.678990 -5.969767 -5.964802  0.000000 1.000000 0.000000  0.991825 0.744484 1 76 1.000000
0  -3.754255 -5.969767 -6.008257  0.000000 1.000000 0.000000  0.991824 0.744486 1 76 1.000000
0  -3.830955 -5.969767 -5.963974  0.000000 1.000000 0.000000  0.991824 0.744485 1 76 1.000000
lowpoly_metal
0  -3.830955 -5.969767 -6.141106  0.000000 1.000000 0.000000  0.991824 0.744495 1 76 1.000000
0  -3.754255 -5.969767 -6.096823  0.000000 1.000000 0.000000  0.991824 0.744489 1 76 1.000000
0  -3.830955 -5.969767 -6.228014  0.000000 1.000000 0.000000  0.991825 0.744504 1 76 1.000000
lowpoly_metal
0  -3.907655 -5.969767 -6.096823  0.000000 1.000000 0.000000  0.991824 0.744489 1 76 1.000000
0  -3.830955 -5.969767 -6.141106  0.000000 1.000000 0.000000  0.991824 0.744495 1 76 1.000000
0  -3.830955 -5.969767 -6.228014  0.000000 1.000000 0.000000  0.991825 0.744504 1 76 1.000000
lowpoly_metal
0  -3.830955 -5.969767 -5.877066  0.000000 1.000000 0.000000  0.991824 0.744483 1 76 1.000000
0  -3.678990 -5.969767 -5.964802  0.000000 1.000000 0.000000  0.991825 0.744484 1 76 1.000000
0  -3.830955 -5.969767 -5.963974  0.000000 1.000000 0.000000  0.991824 0.744485 1 76 1.000000
lowpoly_metal
0  -3.830955 -5.969767 -5.877066  0.000000 1.000000 0.000000  0.991824 0.744483 1 76 1.000000
0  -3.830955 -5.969767 -5.963974  0.000000 1.000000 0.000000  0.991824 0.744485 1 76 1.000000
0  -3.907655 -5.969767 -6.008257  0.000000 1.000000 0.000000  0.991824 0.744486 1 76 1.000000
lowpoly_metal
0  -3.907655 -5.969767 -6.096823  0.000000 1.000000 0.000000  0.991824 0.744489 1 76 1.000000
0  -3.830955 -5.969767 -6.228014  0.000000 1.000000 0.000000  0.991825 0.744504 1 76 1.000000
0  -3.982921 -5.969767 -6.140277  0.000000 1.000000 0.000000  0.991821 0.744487 1 76 1.000000
lowpoly_metal
0  -3.982920 -5.969767 -5.964803  0.000000 1.000000 -0.000005  0.991823 0.744484 1 76 1.000000
0  -3.830955 -5.969767 -5.877066  0.000000 1.000000 -0.000005  0.991824 0.744483 1 76 1.000000
0  -3.907655 -5.969767 -6.008257  0.000000 1.000000 -0.000005  0.991824 0.744486 1 76 1.000000
lowpoly_metal
0  -3.907655 -5.969767 -6.008257  0.000000 1.000000 0.000000  0.991824 0.744486 1 76 1.000000
0  -3.907655 -5.969767 -6.096823  0.000000 1.000000 0.000000  0.991824 0.744489 1 76 1.000000
0  -3.982921 -5.969767 -6.140277  0.000000 1.000000 0.000000  0.991821 0.744487 1 76 1.000000
lowpoly_metal
0  -3.875777 -5.997100 -6.363246  1.000000 0.000000 0.000000  0.200929 0.194557 1 77 1.000000
0  -3.875778 -5.972044 -6.363246  1.000000 0.000000 0.000000  0.200929 0.194557 1 77 1.000000
0  -3.875778 -5.972044 -6.283788  1.000000 0.000000 0.000000  0.200929 0.194557 1 77 1.000000
lowpoly_metal
0  -3.944591 -5.997100 -6.402976  0.499998 0.000000 -0.866027  0.200929 0.194557 1 77 1.000000
0  -3.944591 -5.972044 -6.402976  0.499998 0.000000 -0.866027  0.200929 0.194557 1 77 1.000000
0  -3.875778 -5.972044 -6.363246  0.499998 0.000000 -0.866027  0.200929 0.194557 1 77 1.000000
lowpoly_metal
0  -4.040473 -7.124786 -6.378875  -0.992724 -0.120409 0.000000  0.942696 0.699409 1 77 1.000000
0  -4.026322 -7.241449 -6.370706  -0.992724 -0.120409 0.000000  0.942696 0.699410 1 77 1.000000
0  -4.026322 -7.241449 -6.276330  -0.992724 -0.120409 0.000000  0.942696 0.699410 1 77 1.000000
lowpoly_metal
0  -3.830955 -5.972044 -5.973082  0.000000 1.000000 0.000000  0.200931 0.194573 1 76 1.000000
0  -3.762142 -5.972044 -6.012811  0.000000 1.000000 0.000000  0.200931 0.194573 1 76 1.000000
0  -3.762142 -5.972044 -6.092269  0.000000 1.000000 0.000000  0.200931 0.194573 1 76 1.000000
lowpoly_metal
0  -3.762142 -5.972044 -6.092269  0.000000 1.000000 0.000000  0.200931 0.194573 1 76 1.000000
0  -3.830955 -5.972044 -6.131999  0.000000 1.000000 0.000000  0.200931 0.194573 1 76 1.000000
0  -3.899768 -5.972044 -6.092269  0.000000 1.000000 0.000000  0.200931 0.194573 1 76 1.000000
lowpoly_metal
0  -3.899768 -5.972044 -6.092269  0.000000 1.000000 0.000000  0.200931 0.194573 1 76 1.000000
0  -3.899768 -5.972044 -6.012811  0.000000 1.000000 0.000000  0.200931 0.194573 1 76 1.000000
0  -3.830955 -5.972044 -5.973082  0.000000 1.000000 0.000000  0.200931 0.194573 1 76 1.000000
lowpoly_metal
0  -4.071610 -6.049456 -6.396852  -0.499992 0.000000 -0.866030  0.991812 0.744426 1 77 1.000000
0  -4.071610 -6.006764 -6.396852  -0.499992 0.000000 -0.866030  0.991813 0.744423 1 77 1.000000
0  -3.944591 -6.006764 -6.470187  -0.499992 0.000000 -0.866030  0.991813 0.744421 1 77 1.000000
lowpoly_metal
0  -3.848708 -7.124786 -6.378875  0.992725 -0.120407 0.000000  0.942696 0.699409 1 77 1.000000
0  -3.848708 -7.124786 -6.268159  0.992725 -0.120407 0.000000  0.942696 0.699409 1 77 1.000000
0  -3.862858 -7.241449 -6.276330  0.992725 -0.120407 0.000000  0.942696 0.699410 1 77 1.000000
lowpoly_metal
0  -3.830955 -5.997100 -6.131999  0.000000 1.000000 0.000000  0.991824 0.744492 1 76 1.000000
0  -3.762142 -5.997100 -6.092269  0.000000 1.000000 0.000000  0.991825 0.744489 1 76 1.000000
0  -3.830955 -5.997100 -6.141105  0.000000 1.000000 0.000000  0.991824 0.744493 1 76 1.000000
lowpoly_metal
0  -3.754255 -5.997100 -6.008257  0.000000 1.000000 0.000000  0.991824 0.744486 1 76 1.000000
0  -3.754255 -5.997100 -6.096823  0.000000 1.000000 0.000000  0.991824 0.744489 1 76 1.000000
0  -3.762142 -5.997100 -6.012811  0.000000 1.000000 0.000000  0.991824 0.744487 1 76 1.000000
lowpoly_metal
0  -3.754255 -5.997100 -6.008257  0.000000 1.000000 -0.000095  0.991824 0.744486 1 76 1.000000
0  -3.762142 -5.997100 -6.012811  0.000000 1.000000 -0.000095  0.991824 0.744487 1 76 1.000000
0  -3.830955 -5.997100 -5.973082  0.000000 1.000000 -0.000095  0.991824 0.744486 1 76 1.000000
lowpoly_metal
0  -3.830955 -5.997100 -6.131999  0.000000 1.000000 0.000000  0.991824 0.744492 1 76 1.000000
0  -3.830955 -5.997100 -6.141105  0.000000 1.000000 0.000000  0.991824 0.744493 1 76 1.000000
0  -3.907655 -5.997100 -6.096823  0.000000 1.000000 0.000000  0.991824 0.744489 1 76 1.000000
lowpoly_metal
0  -3.899768 -5.997100 -6.092269  0.000000 1.000000 0.000095  0.991823 0.744489 1 76 1.000000
0  -3.830955 -5.997100 -6.131999  0.000000 1.000000 0.000095  0.991824 0.744492 1 76 1.000000
0  -3.907655 -5.997100 -6.096823  0.000000 1.000000 0.000095  0.991824 0.744489 1 76 1.000000
lowpoly_metal
0  -3.830955 -5.997100 -5.963974  0.000000 1.000000 0.000000  0.991824 0.744486 1 76 1.000000
0  -3.754255 -5.997100 -6.008257  0.000000 1.000000 0.000000  0.991824 0.744486 1 76 1.000000
0  -3.830955 -5.997100 -5.973082  0.000000 1.000000 0.000000  0.991824 0.744486 1 76 1.000000
lowpoly_metal
0  -3.899768 -5.997100 -6.012811  0.000000 1.000000 0.000000  0.991824 0.744487 1 76 1.000000
0  -3.899768 -5.997100 -6.092269  0.000000 1.000000 0.000000  0.991823 0.744489 1 76 1.000000
0  -3.907655 -5.997100 -6.096823  0.000000 1.000000 0.000000  0.991824 0.744489 1 76 1.000000
lowpoly_metal
0  -3.830955 -5.997100 -5.963974  0.000000 1.000000 0.000000  0.991824 0.744486 1 76 1.000000
0  -3.830955 -5.997100 -5.973082  0.000000 1.000000 0.000000  0.991824 0.744486 1 76 1.000000
0  -3.907655 -5.997100 -6.008257  0.000000 1.000000 0.000000  0.991824 0.744486 1 76 1.000000
lowpoly_metal
0  -3.830955 -5.997100 -5.973082  0.000000 1.000000 -0.000059  0.991824 0.744486 1 76 1.000000
0  -3.899768 -5.997100 -6.012811  0.000000 1.000000 -0.000059  0.991824 0.744487 1 76 1.000000
0  -3.907655 -5.997100 -6.008257  0.000000 1.000000 -0.000059  0.991824 0.744486 1 76 1.000000
lowpoly_metal
0  -3.944590 -7.124786 -6.434233  -0.496372 -0.120407 -0.859719  0.942696 0.699409 1 77 1.000000
0  -3.944590 -7.241450 -6.417894  -0.496372 -0.120407 -0.859719  0.942696 0.699410 1 77 1.000000
0  -4.026322 -7.241449 -6.370706  -0.496372 -0.120407 -0.859719  0.942696 0.699410 1 77 1.000000
lowpoly_metal
0  -3.944590 -7.124786 -6.212802  -0.496357 -0.120407 0.859728  0.942696 0.699409 1 77 1.000000
0  -4.040473 -7.124786 -6.268159  -0.496357 -0.120407 0.859728  0.942696 0.699409 1 77 1.000000
0  -4.026322 -7.241449 -6.276330  -0.496357 -0.120407 0.859728  0.942696 0.699410 1 77 1.000000
lowpoly_metal
0  -3.907655 -5.969767 -6.096823  0.500017 0.000000 0.866015  0.991824 0.744489 1 76 1.000000
0  -3.907655 -5.997100 -6.096823  0.500017 0.000000 0.866015  0.991824 0.744489 1 76 1.000000
0  -3.830955 -5.997100 -6.141105  0.500017 0.000000 0.866015  0.991824 0.744493 1 76 1.000000
lowpoly_metal
0  -3.830955 -7.241450 -6.146916  -0.482030 -0.265697 -0.834897  0.942697 0.699403 1 76 1.000000
0  -3.830955 -7.336096 -6.112886  -0.448382 -0.299044 -0.842334  0.942698 0.699402 1 76 1.000000
0  -3.883215 -7.336096 -6.082713  -0.471491 -0.332873 -0.816634  0.942697 0.699403 1 76 1.000000
lowpoly_metal
0  -3.749222 -7.241449 -6.005352  0.964053 -0.265709 0.000002  0.942697 0.699403 1 76 1.000000
0  -3.778693 -7.336096 -6.022367  0.953671 -0.299052 0.032867  0.942696 0.699402 1 76 1.000000
0  -3.778693 -7.336096 -6.082713  0.942968 -0.332885 0.000004  0.942697 0.699401 1 76 1.000000
lowpoly_metal
0  -3.980113 -6.839612 -6.138657  -0.931430 -0.363921 0.000000  0.991821 0.744438 1 76 1.000000
0  -3.931407 -6.964269 -6.110537  -0.931430 -0.363921 0.000000  0.991821 0.744435 1 76 1.000000
0  -3.931407 -6.964269 -5.994543  -0.931430 -0.363921 0.000000  0.991821 0.744435 1 76 1.000000
lowpoly_metal
0  -4.040473 -7.124786 -6.378875  0.000000 -1.000000 0.000000  0.991807 0.744489 1 77 1.000000
0  -4.040473 -7.124786 -6.268159  0.000000 -1.000000 0.000000  0.991807 0.744488 1 77 1.000000
0  -4.045043 -7.124786 -6.265521  0.000000 -1.000000 0.000000  0.991807 0.744485 1 77 1.000000
lowpoly_metal
0  -3.844137 -7.124786 -6.381515  0.000000 -1.000000 0.000000  0.991809 0.744486 1 77 1.000000
0  -3.844137 -7.124786 -6.265521  0.000000 -1.000000 0.000000  0.991809 0.744485 1 77 1.000000
0  -3.848708 -7.124786 -6.378875  0.000000 -1.000000 0.000000  0.991809 0.744489 1 77 1.000000
lowpoly_metal
0  -3.844137 -7.124786 -6.265521  0.000000 -1.000000 0.000000  0.991809 0.744485 1 77 1.000000
0  -3.848708 -7.124786 -6.268159  0.000000 -1.000000 0.000000  0.991809 0.744488 1 77 1.000000
0  -3.848708 -7.124786 -6.378875  0.000000 -1.000000 0.000000  0.991809 0.744489 1 77 1.000000
lowpoly_metal
0  -4.040473 -7.124786 -6.378875  0.000000 -1.000000 0.000000  0.991807 0.744489 1 77 1.000000
0  -4.045043 -7.124786 -6.265521  0.000000 -1.000000 0.000000  0.991807 0.744485 1 77 1.000000
0  -4.045043 -7.124786 -6.381515  0.000000 -1.000000 0.000000  0.991807 0.744487 1 77 1.000000
lowpoly_metal
0  -3.844137 -7.124786 -6.381515  0.000000 -1.000000 -0.000236  0.991809 0.744486 1 77 1.000000
0  -3.848708 -7.124786 -6.378875  0.000000 -1.000000 -0.000236  0.991809 0.744489 1 77 1.000000
0  -3.944590 -7.124786 -6.434233  0.000000 -1.000000 -0.000236  0.991808 0.744490 1 77 1.000000
lowpoly_metal
0  -3.944590 -7.124786 -6.434233  0.000000 -1.000000 0.000103  0.991808 0.744490 1 77 1.000000
0  -4.040473 -7.124786 -6.378875  0.000000 -1.000000 0.000103  0.991807 0.744489 1 77 1.000000
0  -4.045043 -7.124786 -6.381515  0.000000 -1.000000 0.000103  0.991807 0.744487 1 77 1.000000
lowpoly_metal
0  -3.944590 -7.124786 -6.439511  0.000000 -1.000000 0.000000  0.991808 0.744487 1 77 1.000000
0  -3.844137 -7.124786 -6.381515  0.000000 -1.000000 0.000000  0.991809 0.744486 1 77 1.000000
0  -3.944590 -7.124786 -6.434233  0.000000 -1.000000 0.000000  0.991808 0.744490 1 77 1.000000
lowpoly_metal
0  -3.830955 -7.124786 -6.163255  -0.496366 -0.120410 -0.859722  0.942697 0.699403 1 76 1.000000
0  -3.830955 -7.241450 -6.146916  -0.496366 -0.120410 -0.859722  0.942697 0.699403 1 76 1.000000
0  -3.912687 -7.241449 -6.099728  -0.496366 -0.120410 -0.859722  0.942697 0.699403 1 76 1.000000
lowpoly_metal
0  -3.944590 -6.964269 -6.207524  0.500002 0.000000 0.866024  0.991809 0.744479 1 77 1.000000
0  -3.944590 -7.124786 -6.207524  0.500002 0.000000 0.866024  0.991808 0.744485 1 77 1.000000
0  -3.844137 -7.124786 -6.265521  0.500002 0.000000 0.866024  0.991809 0.744485 1 77 1.000000
lowpoly_metal
0  -3.944591 -5.969767 -6.412084  -0.499990 0.000000 0.866031  0.991813 0.744413 1 77 1.000000
0  -3.944591 -5.997101 -6.412084  -0.499990 0.000000 0.866031  0.991813 0.744413 1 77 1.000000
0  -3.867891 -5.997100 -6.367800  -0.499990 0.000000 0.866031  0.991814 0.744405 1 77 1.000000
lowpoly_metal
0  -4.026322 -7.241449 -6.370706  -0.964050 -0.265720 -0.000002  0.942696 0.699410 1 77 1.000000
0  -3.996851 -7.336096 -6.353690  -0.953667 -0.299062 -0.032867  0.942695 0.699411 1 77 1.000000
0  -3.996851 -7.336096 -6.293345  -0.942964 -0.332895 -0.000004  0.942695 0.699410 1 77 1.000000
lowpoly_metal
0  -4.093749 -6.079339 -6.237401  -0.803524 0.595272 0.000000  0.991812 0.744428 1 77 1.000000
0  -4.071610 -6.049456 -6.250183  -0.803524 0.595272 0.000000  0.991812 0.744426 1 77 1.000000
0  -4.071610 -6.049456 -6.396852  -0.803524 0.595272 0.000000  0.991812 0.744426 1 77 1.000000
lowpoly_metal
0  -3.912687 -7.241449 -6.099728  -0.964054 -0.265705 -0.000002  0.942697 0.699403 1 76 1.000000
0  -3.883215 -7.336096 -6.082713  -0.953672 -0.299047 -0.032867  0.942697 0.699403 1 76 1.000000
0  -3.883215 -7.336096 -6.022367  -0.942969 -0.332880 -0.000004  0.942697 0.699403 1 76 1.000000
lowpoly_metal
0  -3.822213 -7.241449 -6.640795  -0.482021 -0.265699 -0.834901  0.942694 0.699403 1 78 1.000000
0  -3.822213 -7.336096 -6.606764  -0.448373 -0.299046 -0.842338  0.942694 0.699402 1 78 1.000000
0  -3.874474 -7.336096 -6.576591  -0.471477 -0.332874 -0.816642  0.942694 0.699401 1 78 1.000000
lowpoly_metal
0  -3.830955 -7.124786 -5.941825  0.496366 -0.120405 0.859723  0.942697 0.699403 1 76 1.000000
0  -3.830955 -7.241449 -5.958163  0.496366 -0.120405 0.859723  0.942697 0.699403 1 76 1.000000
0  -3.749222 -7.241449 -6.005352  0.496366 -0.120405 0.859723  0.942697 0.699403 1 76 1.000000
lowpoly_metal
0  -3.769952 -7.336096 -6.576591  0.505303 -0.299055 -0.809466  0.942694 0.699403 1 78 1.000000
0  -3.822213 -7.336096 -6.606764  0.471485 -0.332882 -0.816635  0.942694 0.699402 1 78 1.000000
0  -3.822213 -7.241449 -6.640795  0.482029 -0.265706 -0.834894  0.942694 0.699403 1 78 1.000000
lowpoly_metal
0  -3.830955 -7.241449 -5.958163  0.482025 -0.265706 0.834897  0.942697 0.699403 1 76 1.000000
0  -3.830955 -7.336096 -5.992194  0.448372 -0.299048 0.842338  0.942697 0.699403 1 76 1.000000
0  -3.778693 -7.336096 -6.022367  0.471481 -0.332881 0.816637  0.942696 0.699402 1 76 1.000000
lowpoly_metal
0  -3.862858 -7.241449 -6.276330  0.964055 -0.265703 0.000002  0.942696 0.699410 1 77 1.000000
0  -3.892329 -7.336096 -6.293345  0.953672 -0.299046 0.032867  0.942696 0.699410 1 77 1.000000
0  -3.892329 -7.336096 -6.353690  0.942970 -0.332879 0.000004  0.942696 0.699411 1 77 1.000000
lowpoly_metal
0  -3.982920 -6.006764 -6.140277  -0.499998 -0.000009 -0.866027  0.991822 0.744486 1 76 1.000000
0  -3.982921 -5.969767 -6.140277  -0.499998 -0.000009 -0.866027  0.991821 0.744487 1 76 1.000000
0  -3.830955 -5.969767 -6.228014  -0.499998 -0.000009 -0.866027  0.991825 0.744504 1 76 1.000000
lowpoly_metal
0  -3.944590 -7.241450 -6.417894  0.482031 -0.265712 -0.834891  0.942696 0.699410 1 77 1.000000
0  -3.862858 -7.241449 -6.370706  0.482032 -0.265712 -0.834890  0.942696 0.699410 1 77 1.000000
0  -3.892329 -7.336096 -6.353690  0.505301 -0.299053 -0.809468  0.942696 0.699411 1 77 1.000000
lowpoly_metal
0  -3.817571 -6.049456 -6.396852  1.000000 0.000000 0.000000  0.991813 0.744422 1 77 1.000000
0  -3.817571 -6.006764 -6.396852  1.000000 0.000000 0.000000  0.991813 0.744418 1 77 1.000000
0  -3.817571 -6.006764 -6.250183  1.000000 0.000000 0.000000  0.991812 0.744421 1 77 1.000000
lowpoly_metal
0  -3.822213 -6.839612 -6.718651  -0.499999 -0.000000 -0.866026  0.991795 0.744446 1 78 1.000000
0  -3.971371 -6.839612 -6.632535  -0.499999 -0.000000 -0.866026  0.991795 0.744446 1 78 1.000000
0  -3.971372 -6.079339 -6.632535  -0.499999 -0.000000 -0.866026  0.991798 0.744496 1 78 1.000000
lowpoly_metal
0  -3.795433 -6.079339 -6.237401  1.000000 0.000002 0.000000  0.991812 0.744427 1 77 1.000000
0  -3.795432 -6.839612 -6.237401  1.000000 0.000002 0.000000  0.991809 0.744475 1 77 1.000000
0  -3.795432 -6.839612 -6.409634  1.000000 0.000002 0.000000  0.991809 0.744475 1 77 1.000000
lowpoly_metal
0  -3.980113 -6.839612 -6.138657  -1.000000 -0.000001 0.000000  0.991821 0.744438 1 76 1.000000
0  -3.980113 -6.839612 -5.966423  -1.000000 -0.000001 0.000000  0.991821 0.744438 1 76 1.000000
0  -3.980113 -6.079339 -5.966423  -1.000000 -0.000001 0.000000  0.991823 0.744478 1 76 1.000000
lowpoly_metal
0  -3.695194 -6.049456 -6.473084  0.499992 -0.000010 0.866030  0.991798 0.744500 1 78 1.000000
0  -3.695194 -6.006764 -6.473083  0.499992 -0.000010 0.866030  0.991799 0.744503 1 78 1.000000
0  -3.822214 -6.006764 -6.399749  0.499992 -0.000010 0.866030  0.991799 0.744506 1 78 1.000000
lowpoly_metal
0  -3.898914 -5.969767 -6.590701  0.500005 0.000000 0.866022  0.991799 0.744507 1 78 1.000000
0  -3.898914 -5.997101 -6.590701  0.500005 0.000000 0.866022  0.991799 0.744508 1 78 1.000000
0  -3.822214 -5.997101 -6.634984  0.500005 0.000000 0.866022  0.991799 0.744506 1 78 1.000000
lowpoly_metal
0  -3.822214 -5.997100 -6.625877  0.499998 0.000000 -0.866027  0.200926 0.194577 1 78 1.000000
0  -3.822214 -5.972044 -6.625877  0.499998 0.000000 -0.866027  0.200926 0.194577 1 78 1.000000
0  -3.753401 -5.972044 -6.586147  0.499998 0.000000 -0.866027  0.200926 0.194577 1 78 1.000000
lowpoly_metal
0  -3.681796 -6.839612 -6.138656  0.500003 0.000000 -0.866024  0.991821 0.744438 1 76 1.000000
0  -3.830955 -6.839612 -6.224773  0.500003 0.000000 -0.866024  0.991821 0.744438 1 76 1.000000
0  -3.830955 -6.079339 -6.224773  0.500003 0.000000 -0.866024  0.991824 0.744482 1 76 1.000000
lowpoly_plastic
0  -3.998554 -7.880834 -11.327120  0.000000 -0.972651 0.232270  0.008576 0.748762 1 72 1.000000
0  -3.998554 -8.131048 -12.374907  0.000000 -0.972651 0.232270  0.008576 0.748762 1 72 1.000000
0  -3.867668 -8.131048 -12.374907  -0.000000 -0.972103 0.234554  0.008576 0.748762 1 72 1.000000
lowpoly_plastic
0  -3.462424 -7.702026 -11.344817  1.000000 -0.000001 0.000000  0.008576 0.748762 1 72 1.000000
0  -3.462424 -7.954001 -12.408072  1.000000 -0.000001 0.000000  0.008576 0.748762 1 72 1.000000
0  -3.462424 -7.513357 -12.490615  1.000000 -0.000001 0.000000  0.008576 0.748762 1 72 1.000000
lowpoly_plastic
0  -4.062507 -8.290636 -13.046293  0.000000 -0.231252 -0.972894  0.863264 0.820637 1 72 1.000000
0  -3.998554 -8.290636 -13.046293  0.000000 -0.231252 -0.972894  0.863264 0.820637 1 72 1.000000
0  -3.998554 -8.327986 -13.037416  0.000000 -0.231252 -0.972894  0.863264 0.820637 1 72 1.000000
lowpoly_plastic
0  -4.272912 -7.702026 -11.344817  -1.000000 0.000000 0.000000  0.008576 0.748762 1 72 1.000000
0  -4.272912 -7.257002 -11.388865  -1.000000 0.000000 0.000000  0.008576 0.748762 1 72 1.000000
0  -4.272912 -7.513357 -12.490615  -1.000000 0.000000 0.000000  0.008576 0.748762 1 72 1.000000
lowpoly_plastic
0  -4.062507 -7.880834 -11.327120  0.000000 -0.972651 0.232272  0.008576 0.748762 1 72 1.000000
0  -4.062507 -8.131048 -12.374907  0.000000 -0.972651 0.232272  0.008576 0.748762 1 72 1.000000
0  -3.998554 -8.131048 -12.374907  0.000000 -0.972651 0.232272  0.008576 0.748762 1 72 1.000000
lowpoly_plastic
0  -3.867668 -6.666368 -13.865941  0.000010 0.184588 0.982816  0.005476 0.761164 1 72 1.000000
0  -4.300466 -6.666369 -13.865940  0.000010 0.184588 0.982816  0.005476 0.761164 1 72 1.000000
0  -4.300466 -8.353992 -13.548979  0.000010 0.184588 0.982816  0.005476 0.761164 1 72 1.000000
lowpoly_plastic
0  -3.867668 -6.128187 -11.504136  0.000000 0.975876 -0.218324  0.008576 0.748762 1 72 1.000000
0  -3.867668 -6.394765 -12.695693  0.000000 0.975876 -0.218324  0.008576 0.748762 1 72 1.000000
0  -4.080925 -6.394765 -12.695693  -0.000000 0.977248 -0.212098  0.008576 0.748762 1 72 1.000000
lowpoly_plastic
0  -4.272912 -7.513357 -12.490615  0.000000 0.184121 0.982904  0.863264 0.820637 1 72 1.000000
0  -4.272913 -6.550214 -12.671033  0.000000 0.184121 0.982904  0.863264 0.820637 1 72 1.000000
0  -4.311303 -6.550214 -12.671033  0.000000 0.184121 0.982904  0.863264 0.820637 1 72 1.000000
lowpoly_plastic
0  -3.462424 -6.714375 -13.395756  -0.001557 -0.217215 -0.976123  0.863264 0.820637 1 72 1.000000
0  -3.462424 -6.649740 -13.410086  -0.001557 -0.217215 -0.976123  0.863264 0.820637 1 72 1.000000
0  -3.435242 -6.623297 -13.416064  -0.001557 -0.217215 -0.976123  0.863264 0.820637 1 72 1.000000
lowpoly_plastic
0  -4.080925 -6.218812 -11.491621  -1.000000 0.000000 0.000000  0.008576 0.748762 1 72 1.000000
0  -4.080925 -6.128187 -11.504136  -1.000000 0.000000 0.000000  0.008576 0.748762 1 72 1.000000
0  -4.080925 -6.394765 -12.695693  -1.000000 0.000000 0.000000  0.008576 0.748762 1 72 1.000000
lowpoly_plastic
0  -3.867668 -7.880834 -11.327120  0.000000 -0.972651 0.232271  0.008576 0.748762 1 72 1.000000
0  -3.867668 -8.131048 -12.374907  0.000000 -0.972651 0.232271  0.008576 0.748762 1 72 1.000000
0  -3.736782 -8.131048 -12.374907  -0.000000 -0.972114 0.234508  0.008576 0.748762 1 72 1.000000
lowpoly_plastic
0  -4.272913 -6.714375 -13.395756  0.000000 -0.216448 -0.976294  0.863264 0.820637 1 72 1.000000
0  -4.272913 -7.674734 -13.182840  0.000000 -0.216448 -0.976294  0.863264 0.820637 1 72 1.000000
0  -4.311303 -7.674734 -13.182840  0.000000 -0.216448 -0.976294  0.863264 0.820637 1 72 1.000000
lowpoly_plastic
0  -4.080925 -6.218812 -11.491621  0.000000 0.975876 -0.218326  0.008576 0.748762 1 72 1.000000
0  -4.080925 -6.485390 -12.683177  0.000000 0.975876 -0.218326  0.008576 0.748762 1 72 1.000000
0  -4.185127 -6.485390 -12.683177  0.000000 0.975876 -0.218326  0.008576 0.748762 1 72 1.000000
lowpoly_metal
0  -3.822214 -6.079339 -6.374186  0.401767 0.595290 0.695855  0.991798 0.744498 1 78 1.000000
0  -3.673056 -6.079339 -6.460302  0.401767 0.595290 0.695855  0.991798 0.744497 1 78 1.000000
0  -3.695194 -6.049456 -6.473084  0.401767 0.595290 0.695855  0.991798 0.744500 1 78 1.000000
lowpoly_metal
0  -3.844137 -6.964269 -6.381515  0.500002 0.000000 -0.866024  0.991809 0.744479 1 77 1.000000
0  -3.844137 -7.124786 -6.381515  0.500002 0.000000 -0.866024  0.991809 0.744486 1 77 1.000000
0  -3.944590 -7.124786 -6.439511  0.500002 0.000000 -0.866024  0.991808 0.744487 1 77 1.000000
lowpoly_metal
0  -3.922666 -6.964269 -6.604415  -0.499996 -0.000002 -0.866028  0.991794 0.744441 1 78 1.000000
0  -3.822213 -6.964269 -6.662412  -0.499996 -0.000002 -0.866028  0.991794 0.744441 1 78 1.000000
0  -3.822213 -7.124786 -6.662412  -0.499996 -0.000002 -0.866028  0.991793 0.744434 1 78 1.000000
lowpoly_metal
0  -3.822214 -5.969767 -6.457853  0.499990 0.000000 -0.866031  0.991800 0.744522 1 78 1.000000
0  -3.822214 -5.997101 -6.457853  0.499990 0.000000 -0.866031  0.991800 0.744519 1 78 1.000000
0  -3.898914 -5.997100 -6.502135  0.499990 0.000000 -0.866031  0.991799 0.744511 1 78 1.000000
lowpoly_metal
0  -3.931407 -6.964269 -5.994543  -1.000000 0.000000 0.000000  0.991821 0.744435 1 76 1.000000
0  -3.931407 -6.964269 -6.110537  -1.000000 0.000000 0.000000  0.991821 0.744435 1 76 1.000000
0  -3.931407 -7.124786 -6.110537  -1.000000 0.000000 0.000000  0.991822 0.744429 1 76 1.000000
lowpoly_metal
0  -3.822213 -7.241450 -6.452042  0.482049 -0.265703 0.834883  0.942695 0.699403 1 78 1.000000
0  -3.822213 -7.336096 -6.486073  0.448397 -0.299046 0.842325  0.942695 0.699403 1 78 1.000000
0  -3.769952 -7.336096 -6.516246  0.471505 -0.332879 0.816624  0.942694 0.699404 1 78 1.000000
lowpoly_metal
0  -3.762142 -5.997100 -6.012811  0.499987 0.000000 0.866033  0.200931 0.194573 1 76 1.000000
0  -3.762142 -5.972044 -6.012811  0.499987 0.000000 0.866033  0.200931 0.194573 1 76 1.000000
0  -3.830955 -5.972044 -5.973082  0.499987 0.000000 0.866033  0.200931 0.194573 1 76 1.000000
lowpoly_metal
0  -3.980113 -6.079339 -6.138656  -0.803518 0.595280 0.000000  0.991823 0.744480 1 76 1.000000
0  -3.980113 -6.079339 -5.966423  -0.803518 0.595280 0.000000  0.991823 0.744478 1 76 1.000000
0  -3.957975 -6.049456 -5.979205  -0.803518 0.595280 0.000000  0.991823 0.744480 1 76 1.000000
lowpoly_metal
0  -3.681796 -6.839612 -5.966423  1.000000 0.000001 0.000000  0.991821 0.744438 1 76 1.000000
0  -3.681796 -6.839612 -6.138656  1.000000 0.000001 0.000000  0.991821 0.744438 1 76 1.000000
0  -3.681797 -6.079339 -6.138656  1.000000 0.000001 0.000000  0.991824 0.744480 1 76 1.000000
lowpoly_metal
0  -3.944590 -7.124786 -6.212802  0.496358 -0.120403 0.859728  0.942696 0.699409 1 77 1.000000
0  -3.944590 -7.241449 -6.229141  0.496358 -0.120403 0.859728  0.942696 0.699409 1 77 1.000000
0  -3.862858 -7.241449 -6.276330  0.496358 -0.120403 0.859728  0.942696 0.699410 1 77 1.000000
lowpoly_metal
0  -3.944590 -6.839612 -6.151285  0.465711 -0.363919 0.806645  0.991809 0.744475 1 77 1.000000
0  -3.944590 -6.964269 -6.207524  0.465711 -0.363919 0.806645  0.991809 0.744479 1 77 1.000000
0  -3.844137 -6.964269 -6.265521  0.465711 -0.363919 0.806645  0.991809 0.744479 1 77 1.000000
lowpoly_metal
0  -3.944591 -6.079339 -6.495750  -0.401757 0.595282 -0.695867  0.991812 0.744427 1 77 1.000000
0  -4.093749 -6.079339 -6.409634  -0.401757 0.595282 -0.695867  0.991812 0.744428 1 77 1.000000
0  -4.071610 -6.049456 -6.396852  -0.401757 0.595282 -0.695867  0.991812 0.744426 1 77 1.000000
lowpoly_metal
0  -3.971371 -6.839612 -6.632535  -1.000000 -0.000002 0.000000  0.991795 0.744446 1 78 1.000000
0  -3.971371 -6.839612 -6.460302  -1.000000 -0.000002 0.000000  0.991795 0.744446 1 78 1.000000
0  -3.971372 -6.079339 -6.460302  -1.000000 -0.000002 0.000000  0.991798 0.744497 1 78 1.000000
lowpoly_metal
0  -3.822213 -6.839612 -6.374186  -0.465712 -0.363919 0.806645  0.991795 0.744446 1 78 1.000000
0  -3.971371 -6.839612 -6.460302  -0.465712 -0.363919 0.806645  0.991795 0.744446 1 78 1.000000
0  -3.922666 -6.964269 -6.488421  -0.465712 -0.363919 0.806645  0.991795 0.744441 1 78 1.000000
lowpoly_metal
0  -3.867891 -5.969767 -6.279235  -0.500007 0.000000 -0.866022  0.991813 0.744413 1 77 1.000000
0  -3.867891 -5.997100 -6.279235  -0.500007 0.000000 -0.866022  0.991814 0.744413 1 77 1.000000
0  -3.944591 -5.997100 -6.234951  -0.500007 0.000000 -0.866022  0.991813 0.744416 1 77 1.000000
lowpoly_metal
0  -3.830955 -6.079339 -6.224773  -0.401767 0.595273 -0.695869  0.991824 0.744482 1 76 1.000000
0  -3.980113 -6.079339 -6.138656  -0.401767 0.595273 -0.695869  0.991823 0.744480 1 76 1.000000
0  -3.957975 -6.049456 -6.125875  -0.401767 0.595273 -0.695869  0.991823 0.744482 1 76 1.000000
lowpoly_metal
0  -3.673056 -6.079339 -6.632535  0.803520 0.595278 0.000000  0.991798 0.744496 1 78 1.000000
0  -3.695194 -6.049456 -6.619753  0.803520 0.595278 0.000000  0.991798 0.744498 1 78 1.000000
0  -3.695194 -6.049456 -6.473084  0.803520 0.595278 0.000000  0.991798 0.744500 1 78 1.000000
lowpoly_metal
0  -3.822214 -6.079339 -6.718651  0.401759 0.595258 -0.695886  0.991798 0.744495 1 78 1.000000
0  -3.822214 -6.049456 -6.693089  0.401759 0.595258 -0.695886  0.991798 0.744497 1 78 1.000000
0  -3.695194 -6.049456 -6.619753  0.401759 0.595258 -0.695886  0.991798 0.744498 1 78 1.000000
lowpoly_metal
0  -3.822214 -6.049456 -6.693089  0.499995 0.000000 -0.866028  0.991798 0.744497 1 78 1.000000
0  -3.822214 -6.006764 -6.693089  0.499995 0.000000 -0.866028  0.991798 0.744499 1 78 1.000000
0  -3.695194 -6.006765 -6.619753  0.499995 0.000000 -0.866028  0.991798 0.744500 1 78 1.000000
lowpoly_metal
0  -3.830955 -6.079339 -6.224773  0.401765 0.595280 -0.695864  0.991824 0.744482 1 76 1.000000
0  -3.830955 -6.049456 -6.199209  0.401765 0.595280 -0.695864  0.991824 0.744486 1 76 1.000000
0  -3.703935 -6.049456 -6.125875  0.401765 0.595280 -0.695864  0.991824 0.744482 1 76 1.000000
lowpoly_metal
0  -4.021291 -5.997100 -6.367800  0.000000 1.000000 0.000000  0.991813 0.744416 1 77 1.000000
0  -4.013404 -5.997100 -6.283789  0.000000 1.000000 0.000000  0.991813 0.744417 1 77 1.000000
0  -4.013404 -5.997100 -6.363246  0.000000 1.000000 0.000000  0.991814 0.744415 1 77 1.000000
lowpoly_metal
0  -4.021291 -5.997100 -6.367800  0.000000 1.000000 0.000095  0.991813 0.744416 1 77 1.000000
0  -4.013404 -5.997100 -6.363246  0.000000 1.000000 0.000095  0.991814 0.744415 1 77 1.000000
0  -3.944591 -5.997100 -6.402976  0.000000 1.000000 0.000095  0.991814 0.744412 1 77 1.000000
lowpoly_metal
0  -3.875778 -5.997100 -6.283789  0.000000 1.000000 0.000000  0.991813 0.744413 1 77 1.000000
0  -3.867891 -5.997100 -6.279235  0.000000 1.000000 0.000000  0.991814 0.744413 1 77 1.000000
0  -3.875777 -5.997100 -6.363246  0.000000 1.000000 0.000000  0.991814 0.744408 1 77 1.000000
lowpoly_metal
0  -3.867891 -5.997100 -6.279235  0.000000 1.000000 0.000000  0.991814 0.744413 1 77 1.000000
0  -3.867891 -5.997100 -6.367800  0.000000 1.000000 0.000000  0.991814 0.744405 1 77 1.000000
0  -3.875777 -5.997100 -6.363246  0.000000 1.000000 0.000000  0.991814 0.744408 1 77 1.000000
lowpoly_metal
0  -3.944591 -5.997101 -6.412084  -0.000024 1.000000 -0.000171  0.991813 0.744413 1 77 1.000000
0  -4.021291 -5.997100 -6.367800  -0.000024 1.000000 -0.000171  0.991813 0.744416 1 77 1.000000
0  -3.944591 -5.997100 -6.402976  -0.000024 1.000000 -0.000171  0.991814 0.744412 1 77 1.000000
lowpoly_metal
0  -3.944591 -5.997100 -6.402976  0.000000 1.000000 0.000059  0.991814 0.744412 1 77 1.000000
0  -3.875777 -5.997100 -6.363246  0.000000 1.000000 0.000059  0.991814 0.744408 1 77 1.000000
0  -3.867891 -5.997100 -6.367800  0.000000 1.000000 0.000059  0.991814 0.744405 1 77 1.000000
lowpoly_metal
0  -3.695194 -6.049456 -6.619753  1.000000 0.000000 0.000000  0.991798 0.744498 1 78 1.000000
0  -3.695194 -6.006765 -6.619753  1.000000 0.000000 0.000000  0.991798 0.744500 1 78 1.000000
0  -3.695194 -6.006764 -6.473083  1.000000 0.000000 0.000000  0.991799 0.744503 1 78 1.000000
lowpoly_metal
0  -3.822214 -6.006764 -6.693089  -0.000008 -1.000000 0.000000  0.991798 0.744499 1 78 1.000000
0  -3.949234 -6.006765 -6.619753  -0.000008 -1.000000 0.000000  0.991798 0.744500 1 78 1.000000
0  -3.974179 -6.006764 -6.634156  -0.000008 -1.000000 0.000000  0.991799 0.744502 1 78 1.000000
lowpoly_metal
0  -3.822214 -6.006765 -6.721893  -0.000013 -1.000000 0.000033  0.991798 0.744501 1 78 1.000000
0  -3.695194 -6.006765 -6.619753  -0.000013 -1.000000 0.000033  0.991798 0.744500 1 78 1.000000
0  -3.822214 -6.006764 -6.693089  -0.000013 -1.000000 0.000033  0.991798 0.744499 1 78 1.000000
lowpoly_metal
0  -3.830955 -6.049456 -6.199209  0.500000 0.000000 -0.866025  0.991824 0.744486 1 76 1.000000
0  -3.830955 -6.006764 -6.199209  0.500000 0.000000 -0.866025  0.991824 0.744491 1 76 1.000000
0  -3.703935 -6.006764 -6.125875  0.500000 0.000000 -0.866025  0.991825 0.744484 1 76 1.000000
lowpoly_metal
0  -3.703935 -6.049456 -6.125875  1.000000 0.000000 0.000000  0.991824 0.744482 1 76 1.000000
0  -3.703935 -6.006764 -6.125875  1.000000 0.000000 0.000000  0.991825 0.744484 1 76 1.000000
0  -3.703935 -6.006764 -5.979205  1.000000 0.000000 0.000000  0.991824 0.744482 1 76 1.000000
lowpoly_metal
0  -3.673055 -6.839612 -6.632535  0.499992 0.000000 -0.866030  0.991795 0.744446 1 78 1.000000
0  -3.822213 -6.839612 -6.718651  0.499992 0.000000 -0.866030  0.991795 0.744446 1 78 1.000000
0  -3.822214 -6.079339 -6.718651  0.499992 0.000000 -0.866030  0.991798 0.744495 1 78 1.000000
lowpoly_metal
0  -3.670249 -6.006764 -6.634156  1.000000 0.000000 0.000000  0.991798 0.744502 1 78 1.000000
0  -3.670249 -5.969767 -6.634156  1.000000 0.000000 0.000000  0.991798 0.744504 1 78 1.000000
0  -3.670249 -5.969767 -6.458681  1.000000 0.000000 0.000000  0.991799 0.744508 1 78 1.000000
lowpoly_metal
0  -3.830955 -6.839612 -6.224773  -0.465714 -0.363920 -0.806643  0.991821 0.744438 1 76 1.000000
0  -3.830955 -6.964269 -6.168533  -0.465714 -0.363920 -0.806643  0.991821 0.744435 1 76 1.000000
0  -3.931407 -6.964269 -6.110537  -0.465714 -0.363920 -0.806643  0.991821 0.744435 1 76 1.000000
lowpoly_metal
0  -3.678990 -6.006764 -6.140277  0.000000 -1.000000 0.000000  0.991826 0.744486 1 76 1.000000
0  -3.703935 -6.006764 -6.125875  0.000000 -1.000000 0.000000  0.991825 0.744484 1 76 1.000000
0  -3.830955 -6.006764 -6.228014  0.000000 -1.000000 0.000000  0.991825 0.744498 1 76 1.000000
lowpoly_metal
0  -3.703935 -6.006764 -6.125875  0.000000 -1.000000 0.000000  0.991825 0.744484 1 76 1.000000
0  -3.830955 -6.006764 -6.199209  0.000000 -1.000000 0.000000  0.991824 0.744491 1 76 1.000000
0  -3.830955 -6.006764 -6.228014  0.000000 -1.000000 0.000000  0.991825 0.744498 1 76 1.000000
lowpoly_metal
0  -3.830955 -6.006764 -5.905870  0.000000 -1.000000 0.000000  0.991824 0.744481 1 76 1.000000
0  -3.830955 -6.006764 -5.877066  0.000000 -1.000000 0.000000  0.991824 0.744482 1 76 1.000000
0  -3.957975 -6.006764 -5.979205  0.000000 -1.000000 0.000000  0.991823 0.744482 1 76 1.000000
lowpoly_metal
0  -3.830955 -6.006764 -5.877066  0.000000 -1.000000 0.000000  0.991824 0.744482 1 76 1.000000
0  -3.982920 -6.006764 -5.964803  0.000000 -1.000000 0.000000  0.991823 0.744483 1 76 1.000000
0  -3.957975 -6.006764 -5.979205  0.000000 -1.000000 0.000000  0.991823 0.744482 1 76 1.000000
lowpoly_metal
0  -3.982920 -6.006764 -6.140277  0.000000 -1.000000 0.000000  0.991822 0.744486 1 76 1.000000
0  -3.830955 -6.006764 -6.228014  0.000000 -1.000000 0.000000  0.991825 0.744498 1 76 1.000000
0  -3.957975 -6.006764 -6.125875  0.000000 -1.000000 0.000000  0.991823 0.744484 1 76 1.000000
lowpoly_metal
0  -3.830955 -6.006764 -6.228014  0.000000 -1.000000 0.000000  0.991825 0.744498 1 76 1.000000
0  -3.830955 -6.006764 -6.199209  0.000000 -1.000000 0.000000  0.991824 0.744491 1 76 1.000000
0  -3.957975 -6.006764 -6.125875  0.000000 -1.000000 0.000000  0.991823 0.744484 1 76 1.000000
lowpoly_metal
0  -3.957975 -6.006764 -6.125875  0.000000 -1.000000 0.000000  0.991823 0.744484 1 76 1.000000
0  -3.957975 -6.006764 -5.979205  0.000000 -1.000000 0.000000  0.991823 0.744482 1 76 1.000000
0  -3.982920 -6.006764 -5.964803  0.000000 -1.000000 0.000000  0.991823 0.744483 1 76 1.000000
lowpoly_metal
0  -3.745514 -5.969767 -6.502136  -0.499990 -0.000012 -0.866031  0.991799 0.744512 1 78 1.000000
0  -3.745514 -5.997100 -6.502135  -0.499990 -0.000012 -0.866031  0.991800 0.744512 1 78 1.000000
0  -3.822214 -5.997101 -6.457853  -0.499990 -0.000012 -0.866031  0.991800 0.744519 1 78 1.000000
lowpoly_metal
0  -3.822213 -6.839612 -6.718651  -0.465714 -0.363920 -0.806643  0.991795 0.744446 1 78 1.000000
0  -3.822213 -6.964269 -6.662412  -0.465714 -0.363920 -0.806643  0.991794 0.744441 1 78 1.000000
0  -3.922666 -6.964269 -6.604415  -0.465714 -0.363920 -0.806643  0.991794 0.744441 1 78 1.000000
lowpoly_metal
0  -3.673055 -6.839612 -6.460302  0.931434 -0.363911 0.000000  0.991795 0.744446 1 78 1.000000
0  -3.721760 -6.964269 -6.488421  0.931434 -0.363911 0.000000  0.991794 0.744442 1 78 1.000000
0  -3.721760 -6.964269 -6.604415  0.931434 -0.363911 0.000000  0.991794 0.744442 1 78 1.000000
lowpoly_metal
0  -3.944591 -6.079339 -6.495750  0.401758 0.595275 -0.695872  0.991812 0.744427 1 77 1.000000
0  -3.944591 -6.049456 -6.470187  0.401758 0.595275 -0.695872  0.991813 0.744424 1 77 1.000000
0  -3.817571 -6.049456 -6.396852  0.401758 0.595275 -0.695872  0.991813 0.744422 1 77 1.000000
lowpoly_metal
0  -3.670249 -6.006764 -6.458681  0.499998 0.000000 0.866027  0.991798 0.744505 1 78 1.000000
0  -3.670249 -5.969767 -6.458681  0.499998 0.000000 0.866027  0.991799 0.744508 1 78 1.000000
0  -3.822214 -5.969767 -6.370944  0.499998 0.000000 0.866027  0.991799 0.744516 1 78 1.000000
lowpoly_metal
0  -3.726331 -7.124786 -6.601776  0.992724 -0.120411 0.000000  0.942694 0.699404 1 78 1.000000
0  -3.726331 -7.124786 -6.491061  0.992724 -0.120411 0.000000  0.942694 0.699404 1 78 1.000000
0  -3.740481 -7.241449 -6.499230  0.992724 -0.120411 0.000000  0.942694 0.699404 1 78 1.000000
lowpoly_metal
0  -3.721760 -6.964269 -6.488421  1.000000 0.000000 0.000000  0.991794 0.744442 1 78 1.000000
0  -3.721760 -7.124786 -6.488421  1.000000 0.000000 0.000000  0.991794 0.744435 1 78 1.000000
0  -3.721760 -7.124786 -6.604415  1.000000 0.000000 0.000000  0.991793 0.744435 1 78 1.000000
lowpoly_metal
0  -3.730501 -6.964269 -6.110537  0.499997 0.000000 -0.866027  0.991821 0.744434 1 76 1.000000
0  -3.730501 -7.124786 -6.110537  0.499997 0.000000 -0.866027  0.991821 0.744428 1 76 1.000000
0  -3.830955 -7.124786 -6.168533  0.499997 0.000000 -0.866027  0.991822 0.744428 1 76 1.000000
lowpoly_metal
0  -3.867891 -5.969767 -6.367800  -1.000000 0.000000 0.000000  0.991814 0.744402 1 77 1.000000
0  -3.867891 -5.997100 -6.367800  -1.000000 0.000000 0.000000  0.991814 0.744405 1 77 1.000000
0  -3.867891 -5.997100 -6.279235  -1.000000 0.000000 0.000000  0.991814 0.744413 1 77 1.000000
lowpoly_metal
0  -3.678990 -6.006764 -5.964803  0.499998 -0.000009 0.866027  0.991824 0.744483 1 76 1.000000
0  -3.678990 -5.969767 -5.964802  0.499998 -0.000009 0.866027  0.991825 0.744484 1 76 1.000000
0  -3.830955 -5.969767 -5.877066  0.499998 -0.000009 0.866027  0.991824 0.744483 1 76 1.000000
lowpoly_metal
0  -3.944591 -5.969767 -6.234951  0.500027 0.000000 -0.866010  0.991813 0.744417 1 77 1.000000
0  -3.944591 -5.997100 -6.234951  0.500027 0.000000 -0.866010  0.991813 0.744416 1 77 1.000000
0  -4.021291 -5.997100 -6.279235  0.500027 0.000000 -0.866010  0.991813 0.744417 1 77 1.000000
lowpoly_metal
0  -3.922666 -6.964269 -6.604415  -1.000000 0.000000 0.000000  0.991794 0.744441 1 78 1.000000
0  -3.922666 -7.124786 -6.604415  -1.000000 0.000000 0.000000  0.991794 0.744433 1 78 1.000000
0  -3.922666 -7.124786 -6.488421  -1.000000 0.000000 0.000000  0.991795 0.744433 1 78 1.000000
lowpoly_metal
0  -3.830955 -6.839612 -5.880307  0.465715 -0.363917 0.806644  0.991821 0.744438 1 76 1.000000
0  -3.830955 -6.964269 -5.936546  0.465715 -0.363917 0.806644  0.991821 0.744435 1 76 1.000000
0  -3.730501 -6.964269 -5.994543  0.465715 -0.363917 0.806644  0.991821 0.744435 1 76 1.000000
lowpoly_metal
0  -3.792625 -6.006764 -6.235780  0.499998 0.000000 0.866027  0.991812 0.744419 1 77 1.000000
0  -3.792625 -5.969767 -6.235780  0.499998 0.000000 0.866027  0.991812 0.744416 1 77 1.000000
0  -3.944591 -5.969767 -6.148043  0.499998 0.000000 0.866027  0.991812 0.744420 1 77 1.000000
lowpoly_metal
0  -3.891027 -5.997100 -6.506689  -0.000003 1.000000 -0.000011  0.991800 0.744512 1 78 1.000000
0  -3.898914 -5.997101 -6.590701  -0.000003 1.000000 -0.000011  0.991799 0.744508 1 78 1.000000
0  -3.898914 -5.997100 -6.502135  -0.000003 1.000000 -0.000011  0.991799 0.744511 1 78 1.000000
lowpoly_metal
0  -3.745514 -5.997101 -6.590701  0.000000 1.000000 0.000000  0.991799 0.744508 1 78 1.000000
0  -3.822214 -5.997101 -6.634984  0.000000 1.000000 0.000000  0.991799 0.744506 1 78 1.000000
0  -3.753401 -5.997101 -6.586147  0.000000 1.000000 0.000000  0.991798 0.744509 1 78 1.000000
lowpoly_metal
0  -3.745514 -5.997101 -6.590701  -0.000003 1.000000 0.000000  0.991799 0.744508 1 78 1.000000
0  -3.753401 -5.997101 -6.586147  -0.000003 1.000000 0.000000  0.991798 0.744509 1 78 1.000000
0  -3.753401 -5.997100 -6.506689  -0.000003 1.000000 0.000000  0.991799 0.744512 1 78 1.000000
lowpoly_metal
0  -3.891027 -5.997100 -6.506689  0.000000 1.000000 -0.000095  0.991800 0.744512 1 78 1.000000
0  -3.898914 -5.997100 -6.502135  0.000000 1.000000 -0.000095  0.991799 0.744511 1 78 1.000000
0  -3.822214 -5.997100 -6.466960  0.000000 1.000000 -0.000095  0.991799 0.744516 1 78 1.000000
lowpoly_metal
0  -3.898914 -5.997100 -6.502135  -0.000024 1.000000 0.000171  0.991799 0.744511 1 78 1.000000
0  -3.822214 -5.997101 -6.457853  -0.000024 1.000000 0.000171  0.991800 0.744519 1 78 1.000000
0  -3.822214 -5.997100 -6.466960  -0.000024 1.000000 0.000171  0.991799 0.744516 1 78 1.000000
lowpoly_metal
0  -3.745514 -5.997100 -6.502135  0.000003 1.000000 -0.000011  0.991800 0.744512 1 78 1.000000
0  -3.745514 -5.997101 -6.590701  0.000003 1.000000 -0.000011  0.991799 0.744508 1 78 1.000000
0  -3.753401 -5.997100 -6.506689  0.000003 1.000000 -0.000011  0.991799 0.744512 1 78 1.000000
lowpoly_metal
0  -3.753401 -5.997100 -6.506689  0.000000 1.000000 -0.000095  0.991799 0.744512 1 78 1.000000
0  -3.822214 -5.997100 -6.466960  0.000000 1.000000 -0.000095  0.991799 0.744516 1 78 1.000000
0  -3.745514 -5.997100 -6.502135  0.000000 1.000000 -0.000095  0.991800 0.744512 1 78 1.000000
lowpoly_metal
0  -3.753401 -5.997100 -6.506689  0.499998 0.000000 0.866027  0.200926 0.194578 1 78 1.000000
0  -3.753401 -5.972044 -6.506689  0.499998 0.000000 0.866027  0.200926 0.194578 1 78 1.000000
0  -3.822214 -5.972044 -6.466960  0.499998 0.000000 0.866027  0.200926 0.194578 1 78 1.000000
lowpoly_metal
0  -3.681796 -6.839612 -6.138656  0.931430 -0.363921 0.000000  0.991821 0.744438 1 76 1.000000
0  -3.681796 -6.839612 -5.966423  0.931430 -0.363921 0.000000  0.991821 0.744438 1 76 1.000000
0  -3.730501 -6.964269 -5.994543  0.931430 -0.363921 0.000000  0.991821 0.744435 1 76 1.000000
lowpoly_metal
0  -3.745514 -5.969767 -6.590701  -0.499987 0.000000 0.866033  0.991799 0.744507 1 78 1.000000
0  -3.822214 -5.969767 -6.634984  -0.499987 0.000000 0.866033  0.991799 0.744505 1 78 1.000000
0  -3.822214 -5.997101 -6.634984  -0.499987 0.000000 0.866033  0.991799 0.744506 1 78 1.000000
lowpoly_metal
0  -3.830955 -6.964269 -5.936546  -0.500000 0.000000 0.866025  0.991821 0.744435 1 76 1.000000
0  -3.931407 -6.964269 -5.994543  -0.500000 0.000000 0.866025  0.991821 0.744435 1 76 1.000000
0  -3.931407 -7.124786 -5.994543  -0.500000 0.000000 0.866025  0.991821 0.744430 1 76 1.000000
lowpoly_metal
0  -3.898914 -5.969767 -6.502136  1.000000 -0.000025 0.000000  0.991799 0.744511 1 78 1.000000
0  -3.898914 -5.997100 -6.502135  1.000000 -0.000025 0.000000  0.991799 0.744511 1 78 1.000000
0  -3.898914 -5.997101 -6.590701  1.000000 -0.000025 0.000000  0.991799 0.744508 1 78 1.000000
lowpoly_metal
0  -3.830955 -6.964269 -5.936546  0.499997 0.000000 0.866027  0.991821 0.744435 1 76 1.000000
0  -3.830955 -7.124786 -5.936546  0.499997 0.000000 0.866027  0.991820 0.744429 1 76 1.000000
0  -3.730501 -7.124786 -5.994543  0.499997 0.000000 0.866027  0.991820 0.744429 1 76 1.000000
lowpoly_metal
0  -3.891027 -5.997100 -6.586147  -0.499998 0.000000 -0.866027  0.200926 0.194577 1 78 1.000000
0  -3.891027 -5.972044 -6.586147  -0.499998 0.000000 -0.866027  0.200926 0.194577 1 78 1.000000
0  -3.822214 -5.972044 -6.625877  -0.499998 0.000000 -0.866027  0.200926 0.194577 1 78 1.000000
lowpoly_metal
0  -3.899768 -5.997100 -6.092269  -0.499998 0.000000 -0.866027  0.200931 0.194573 1 76 1.000000
0  -3.899768 -5.972044 -6.092269  -0.499998 0.000000 -0.866027  0.200931 0.194573 1 76 1.000000
0  -3.830955 -5.972044 -6.131999  -0.499998 0.000000 -0.866027  0.200931 0.194573 1 76 1.000000
lowpoly_metal
0  -3.795432 -6.839612 -6.409634  0.500003 0.000000 -0.866024  0.991809 0.744475 1 77 1.000000
0  -3.944590 -6.839612 -6.495750  0.500003 0.000000 -0.866024  0.991809 0.744475 1 77 1.000000
0  -3.944591 -6.079339 -6.495750  0.500003 0.000000 -0.866024  0.991812 0.744427 1 77 1.000000
lowpoly_metal
0  -3.754255 -5.969767 -6.008257  -0.500017 0.000000 -0.866015  0.991824 0.744486 1 76 1.000000
0  -3.754255 -5.997100 -6.008257  -0.500017 0.000000 -0.866015  0.991824 0.744486 1 76 1.000000
0  -3.830955 -5.997100 -5.963974  -0.500017 0.000000 -0.866015  0.991824 0.744486 1 76 1.000000
lowpoly_metal
0  -3.822214 -6.006765 -6.721893  0.499992 0.000000 -0.866030  0.991798 0.744501 1 78 1.000000
0  -3.822214 -5.969767 -6.721893  0.499992 0.000000 -0.866030  0.991799 0.744503 1 78 1.000000
0  -3.670249 -5.969767 -6.634156  0.499992 0.000000 -0.866030  0.991798 0.744504 1 78 1.000000
lowpoly_metal
0  -3.844137 -6.964269 -6.265521  1.000000 0.000000 0.000000  0.991809 0.744479 1 77 1.000000
0  -3.844137 -7.124786 -6.265521  1.000000 0.000000 0.000000  0.991809 0.744485 1 77 1.000000
0  -3.844137 -7.124786 -6.381515  1.000000 0.000000 0.000000  0.991809 0.744486 1 77 1.000000
lowpoly_metal
0  -3.926837 -7.124786 -5.997182  0.000000 -1.000000 0.000225  0.991821 0.744428 1 76 1.000000
0  -3.830955 -7.124786 -5.936546  0.000000 -1.000000 0.000225  0.991820 0.744429 1 76 1.000000
0  -3.931407 -7.124786 -5.994543  0.000000 -1.000000 0.000225  0.991821 0.744430 1 76 1.000000
lowpoly_metal
0  -3.931407 -7.124786 -6.110537  0.000000 -1.000000 -0.000225  0.991822 0.744429 1 76 1.000000
0  -3.830955 -7.124786 -6.168533  0.000000 -1.000000 -0.000225  0.991822 0.744428 1 76 1.000000
0  -3.926837 -7.124786 -6.107897  0.000000 -1.000000 -0.000225  0.991822 0.744427 1 76 1.000000
lowpoly_metal
0  -3.926837 -7.124786 -6.107897  0.000000 -1.000000 0.000000  0.991822 0.744427 1 76 1.000000
0  -3.926837 -7.124786 -5.997182  0.000000 -1.000000 0.000000  0.991821 0.744428 1 76 1.000000
0  -3.931407 -7.124786 -5.994543  0.000000 -1.000000 0.000000  0.991821 0.744430 1 76 1.000000
lowpoly_metal
0  -3.822213 -7.124786 -6.435703  0.496371 -0.120405 0.859720  0.942694 0.699404 1 78 1.000000
0  -3.822213 -7.241450 -6.452042  0.496371 -0.120405 0.859720  0.942695 0.699403 1 78 1.000000
0  -3.740481 -7.241449 -6.499230  0.496371 -0.120405 0.859720  0.942694 0.699404 1 78 1.000000
lowpoly_metal
0  -3.830955 -7.124786 -5.936546  0.000000 -1.000000 0.000000  0.991820 0.744429 1 76 1.000000
0  -3.926837 -7.124786 -5.997182  0.000000 -1.000000 0.000000  0.991821 0.744428 1 76 1.000000
0  -3.830955 -7.124786 -5.941825  0.000000 -1.000000 0.000000  0.991820 0.744427 1 76 1.000000
lowpoly_metal
0  -3.830955 -7.124786 -5.936546  0.000000 -1.000000 0.000000  0.991820 0.744429 1 76 1.000000
0  -3.830955 -7.124786 -5.941825  0.000000 -1.000000 0.000000  0.991820 0.744427 1 76 1.000000
0  -3.735072 -7.124786 -5.997182  0.000000 -1.000000 0.000000  0.991820 0.744426 1 76 1.000000
lowpoly_metal
0  -3.830955 -7.124786 -6.163255  0.000000 -1.000000 0.000000  0.991822 0.744426 1 76 1.000000
0  -3.926837 -7.124786 -6.107897  0.000000 -1.000000 0.000000  0.991822 0.744427 1 76 1.000000
0  -3.830955 -7.124786 -6.168533  0.000000 -1.000000 0.000000  0.991822 0.744428 1 76 1.000000
lowpoly_metal
0  -3.735072 -7.124786 -6.107897  0.000000 -1.000000 -0.000236  0.991820 0.744425 1 76 1.000000
0  -3.830955 -7.124786 -6.163255  0.000000 -1.000000 -0.000236  0.991822 0.744426 1 76 1.000000
0  -3.730501 -7.124786 -6.110537  0.000000 -1.000000 -0.000236  0.991821 0.744428 1 76 1.000000
lowpoly_metal
0  -3.830955 -7.124786 -6.163255  0.000000 -1.000000 0.000000  0.991822 0.744426 1 76 1.000000
0  -3.830955 -7.124786 -6.168533  0.000000 -1.000000 0.000000  0.991822 0.744428 1 76 1.000000
0  -3.730501 -7.124786 -6.110537  0.000000 -1.000000 0.000000  0.991821 0.744428 1 76 1.000000
lowpoly_metal
0  -3.730501 -7.124786 -5.994543  0.000000 -1.000000 0.000225  0.991820 0.744429 1 76 1.000000
0  -3.830955 -7.124786 -5.936546  0.000000 -1.000000 0.000225  0.991820 0.744429 1 76 1.000000
0  -3.735072 -7.124786 -5.997182  0.000000 -1.000000 0.000225  0.991820 0.744426 1 76 1.000000
lowpoly_metal
0  -3.730501 -7.124786 -5.994543  0.000000 -1.000000 0.000000  0.991820 0.744429 1 76 1.000000
0  -3.735072 -7.124786 -5.997182  0.000000 -1.000000 0.000000  0.991820 0.744426 1 76 1.000000
0  -3.735072 -7.124786 -6.107897  0.000000 -1.000000 0.000000  0.991820 0.744425 1 76 1.000000
lowpoly_metal
0  -3.822213 -7.124786 -6.657134  0.496365 -0.120403 -0.859724  0.942694 0.699404 1 78 1.000000
0  -3.726331 -7.124786 -6.601776  0.496365 -0.120403 -0.859724  0.942694 0.699404 1 78 1.000000
0  -3.740481 -7.241449 -6.593607  0.496365 -0.120403 -0.859724  0.942694 0.699404 1 78 1.000000
lowpoly_metal
0  -3.822213 -7.124786 -6.657134  -0.496358 -0.120408 -0.859727  0.942694 0.699404 1 78 1.000000
0  -3.822213 -7.241449 -6.640795  -0.496358 -0.120408 -0.859727  0.942694 0.699403 1 78 1.000000
0  -3.903945 -7.241449 -6.593607  -0.496358 -0.120408 -0.859727  0.942694 0.699403 1 78 1.000000
lowpoly_metal
0  -3.754255 -5.969767 -6.096823  0.000000 1.000000 0.000000  0.991824 0.744489 1 76 1.000000
0  -3.754255 -5.969767 -6.008257  0.000000 1.000000 0.000000  0.991824 0.744486 1 76 1.000000
0  -3.678990 -5.969767 -6.140277  0.000000 1.000000 0.000000  0.991826 0.744487 1 76 1.000000
lowpoly_metal
0  -4.026322 -7.241449 -6.276330  -0.482033 -0.265708 0.834891  0.942696 0.699410 1 77 1.000000
0  -3.996851 -7.336096 -6.293345  -0.505304 -0.299051 0.809467  0.942695 0.699410 1 77 1.000000
0  -3.944590 -7.336096 -6.263172  -0.471492 -0.332884 0.816630  0.942696 0.699409 1 77 1.000000
lowpoly_metal
0  -3.944590 -7.241449 -6.229141  0.482022 -0.265690 0.834903  0.942696 0.699409 1 77 1.000000
0  -3.944590 -7.336096 -6.263172  0.448374 -0.299037 0.842341  0.942696 0.699409 1 77 1.000000
0  -3.892329 -7.336096 -6.293345  0.471479 -0.332865 0.816645  0.942696 0.699410 1 77 1.000000
lowpoly_metal
0  -3.795432 -6.839612 -6.237401  0.931430 -0.363921 0.000000  0.991809 0.744475 1 77 1.000000
0  -3.844137 -6.964269 -6.265521  0.931430 -0.363921 0.000000  0.991809 0.744479 1 77 1.000000
0  -3.844137 -6.964269 -6.381515  0.931430 -0.363921 0.000000  0.991809 0.744479 1 77 1.000000
lowpoly_metal
0  -3.822214 -6.079339 -6.374186  -0.401761 0.595264 0.695880  0.991798 0.744498 1 78 1.000000
0  -3.822214 -6.049456 -6.399749  -0.401761 0.595264 0.695880  0.991799 0.744502 1 78 1.000000
0  -3.949234 -6.049456 -6.473084  -0.401761 0.595264 0.695880  0.991799 0.744500 1 78 1.000000
lowpoly_metal
0  -3.974179 -6.006764 -6.458681  -0.000019 -1.000000 0.000000  0.991799 0.744506 1 78 1.000000
0  -3.974179 -6.006764 -6.634156  -0.000019 -1.000000 0.000000  0.991799 0.744502 1 78 1.000000
0  -3.949234 -6.006765 -6.619753  -0.000019 -1.000000 0.000000  0.991798 0.744500 1 78 1.000000
lowpoly_metal
0  -3.974179 -6.006764 -6.458681  0.000002 -1.000000 0.000000  0.991799 0.744506 1 78 1.000000
0  -3.949234 -6.006765 -6.619753  0.000002 -1.000000 0.000000  0.991798 0.744500 1 78 1.000000
0  -3.949234 -6.006764 -6.473083  0.000002 -1.000000 0.000000  0.991799 0.744503 1 78 1.000000
lowpoly_metal
0  -3.695194 -6.006765 -6.619753  0.000011 -1.000000 -0.000027  0.991798 0.744500 1 78 1.000000
0  -3.822214 -6.006765 -6.721893  0.000011 -1.000000 -0.000027  0.991798 0.744501 1 78 1.000000
0  -3.670249 -6.006764 -6.634156  0.000011 -1.000000 -0.000027  0.991798 0.744502 1 78 1.000000
lowpoly_metal
0  -3.695194 -6.006764 -6.473083  0.000021 -1.000000 0.000000  0.991799 0.744503 1 78 1.000000
0  -3.695194 -6.006765 -6.619753  0.000021 -1.000000 0.000000  0.991798 0.744500 1 78 1.000000
0  -3.670249 -6.006764 -6.634156  0.000021 -1.000000 0.000000  0.991798 0.744502 1 78 1.000000
lowpoly_metal
0  -3.822214 -6.006764 -6.370944  0.000000 -1.000000 0.000000  0.991799 0.744511 1 78 1.000000
0  -3.974179 -6.006764 -6.458681  0.000000 -1.000000 0.000000  0.991799 0.744506 1 78 1.000000
0  -3.949234 -6.006764 -6.473083  0.000000 -1.000000 0.000000  0.991799 0.744503 1 78 1.000000
lowpoly_metal
0  -3.822214 -6.006764 -6.370944  0.000000 -1.000000 0.000000  0.991799 0.744511 1 78 1.000000
0  -3.949234 -6.006764 -6.473083  0.000000 -1.000000 0.000000  0.991799 0.744503 1 78 1.000000
0  -3.822214 -6.006764 -6.399749  0.000000 -1.000000 0.000000  0.991799 0.744506 1 78 1.000000
lowpoly_metal
0  -3.695194 -6.006764 -6.473083  0.000000 -1.000000 0.000000  0.991799 0.744503 1 78 1.000000
0  -3.670249 -6.006764 -6.634156  0.000000 -1.000000 0.000000  0.991798 0.744502 1 78 1.000000
0  -3.670249 -6.006764 -6.458681  0.000000 -1.000000 0.000000  0.991798 0.744505 1 78 1.000000
lowpoly_metal
0  -3.822214 -6.006764 -6.370944  0.000000 -1.000000 0.000000  0.991799 0.744511 1 78 1.000000
0  -3.822214 -6.006764 -6.399749  0.000000 -1.000000 0.000000  0.991799 0.744506 1 78 1.000000
0  -3.695194 -6.006764 -6.473083  0.000000 -1.000000 0.000000  0.991799 0.744503 1 78 1.000000
lowpoly_metal
0  -3.721760 -6.964269 -6.604415  0.500005 0.000000 -0.866023  0.991794 0.744442 1 78 1.000000
0  -3.721760 -7.124786 -6.604415  0.500005 0.000000 -0.866023  0.991793 0.744435 1 78 1.000000
0  -3.822213 -7.124786 -6.662412  0.500005 0.000000 -0.866023  0.991793 0.744434 1 78 1.000000
lowpoly_metal
0  -3.830955 -6.839612 -6.224773  0.465720 -0.363920 -0.806639  0.991821 0.744438 1 76 1.000000
0  -3.681796 -6.839612 -6.138656  0.465720 -0.363920 -0.806639  0.991821 0.744438 1 76 1.000000
0  -3.730501 -6.964269 -6.110537  0.465720 -0.363920 -0.806639  0.991821 0.744434 1 76 1.000000
lowpoly_metal
0  -3.730501 -6.964269 -5.994543  1.000000 0.000000 0.000000  0.991821 0.744435 1 76 1.000000
0  -3.730501 -7.124786 -5.994543  1.000000 0.000000 0.000000  0.991820 0.744429 1 76 1.000000
0  -3.730501 -7.124786 -6.110537  1.000000 0.000000 0.000000  0.991821 0.744428 1 76 1.000000
lowpoly_metal
0  -3.822214 -5.997100 -6.625877  0.000037 1.000000 0.000000  0.991799 0.744507 1 78 1.000000
0  -3.753401 -5.997101 -6.586147  0.000037 1.000000 0.000000  0.991798 0.744509 1 78 1.000000
0  -3.822214 -5.997101 -6.634984  0.000037 1.000000 0.000000  0.991799 0.744506 1 78 1.000000
lowpoly_metal
0  -3.898914 -5.997101 -6.590701  -0.000060 1.000000 0.000000  0.991799 0.744508 1 78 1.000000
0  -3.891027 -5.997100 -6.506689  -0.000060 1.000000 0.000000  0.991800 0.744512 1 78 1.000000
0  -3.891027 -5.997100 -6.586147  -0.000060 1.000000 0.000000  0.991800 0.744509 1 78 1.000000
lowpoly_metal
0  -3.891027 -5.997100 -6.586147  -0.000030 1.000000 -0.000095  0.991800 0.744509 1 78 1.000000
0  -3.822214 -5.997100 -6.625877  -0.000030 1.000000 -0.000095  0.991799 0.744507 1 78 1.000000
0  -3.898914 -5.997101 -6.590701  -0.000030 1.000000 -0.000095  0.991799 0.744508 1 78 1.000000
lowpoly_metal
0  -3.944590 -6.839612 -6.151285  -0.465720 -0.363918 0.806640  0.991809 0.744475 1 77 1.000000
0  -4.093748 -6.839612 -6.237401  -0.465720 -0.363918 0.806640  0.991809 0.744475 1 77 1.000000
0  -4.045043 -6.964269 -6.265521  -0.465720 -0.363918 0.806640  0.991808 0.744479 1 77 1.000000
lowpoly_metal
0  -3.875778 -5.997100 -6.283789  0.499998 -0.000015 0.866027  0.200929 0.194557 1 77 1.000000
0  -3.875778 -5.972044 -6.283788  0.499998 -0.000015 0.866027  0.200929 0.194557 1 77 1.000000
0  -3.944591 -5.972044 -6.244059  0.499998 -0.000015 0.866027  0.200929 0.194558 1 77 1.000000
lowpoly_metal
0  -3.740481 -7.241449 -6.499230  0.964053 -0.265709 0.000002  0.942694 0.699404 1 78 1.000000
0  -3.769952 -7.336096 -6.516246  0.953671 -0.299052 0.032867  0.942694 0.699404 1 78 1.000000
0  -3.769952 -7.336096 -6.576591  0.942968 -0.332885 -0.000002  0.942694 0.699403 1 78 1.000000
lowpoly_metal
0  -3.799424 9.567261 -12.567089  0.471478 -0.332889 -0.816635  0.965100 0.662257 1 79 1.000000
0  -3.822213 9.567261 -12.580247  0.471483 -0.332890 -0.816632  0.965091 0.662250 1 79 1.000000
0  -3.822213 9.661907 -12.614279  0.444344 -0.298980 -0.844493  0.965091 0.662182 1 79 1.000000
lowpoly_metal
0  -3.944590 9.661907 -12.270685  0.481966 -0.265730 0.834923  0.964950 0.662341 1 79 1.000000
0  -3.944590 9.567261 -12.304717  0.471425 -0.332906 0.816659  0.964954 0.662270 1 79 1.000000
0  -3.921801 9.567261 -12.317874  0.471426 -0.332904 0.816659  0.964962 0.662263 1 79 1.000000
lowpoly_metal
0  -3.883215 9.661907 -12.029881  -0.482034 -0.265699 0.834894  0.964811 0.662341 1 79 1.000000
0  -3.853744 9.567261 -12.046896  -0.471494 -0.332874 0.816632  0.964816 0.662271 1 79 1.000000
0  -3.830955 9.567261 -12.033739  -0.471487 -0.332874 0.816636  0.964824 0.662265 1 79 1.000000
lowpoly_metal
0  -3.769952 9.661907 -12.523760  0.964054 -0.265707 -0.000000  0.965159 0.662302 1 79 1.000000
0  -3.799424 9.567261 -12.540775  0.942968 -0.332882 -0.000005  0.965099 0.662267 1 79 1.000000
0  -3.799424 9.567261 -12.567089  0.942968 -0.332882 -0.000005  0.965100 0.662257 1 79 1.000000
lowpoly_metal
0  -3.830955 9.661907 -12.120399  0.444351 -0.298970 -0.844494  0.964746 0.662221 1 79 1.000000
0  -3.778693 9.661907 -12.090227  0.482023 -0.265703 -0.834898  0.964811 0.662182 1 79 1.000000
0  -3.808165 9.567261 -12.073212  0.471480 -0.332879 -0.816638  0.964815 0.662250 1 79 1.000000
lowpoly_metal
0  -3.830955 9.567261 -12.086369  0.000000 -1.000000 0.000000  0.964805 0.662256 1 79 1.000000
0  -3.808165 9.567261 -12.073212  0.000000 -1.000000 0.000000  0.964815 0.662250 1 79 1.000000
0  -3.808165 9.567261 -12.046896  0.000000 -1.000000 0.000000  0.964822 0.662255 1 79 1.000000
lowpoly_metal
0  -3.808165 9.567261 -12.046896  0.000000 -1.000000 0.000000  0.964822 0.662255 1 79 1.000000
0  -3.830955 9.567261 -12.033739  0.000000 -1.000000 0.000000  0.964824 0.662265 1 79 1.000000
0  -3.830955 9.567261 -12.086369  0.000000 -1.000000 0.000000  0.964805 0.662256 1 79 1.000000
lowpoly_metal
0  -3.830955 9.567261 -12.033739  0.000000 -1.000000 0.000000  0.964824 0.662265 1 79 1.000000
0  -3.853744 9.567261 -12.046896  0.000000 -1.000000 0.000000  0.964816 0.662271 1 79 1.000000
0  -3.830955 9.567261 -12.086369  0.000000 -1.000000 0.000000  0.964805 0.662256 1 79 1.000000
lowpoly_metal
0  -3.830955 9.661907 -12.120399  -0.482021 -0.265715 -0.834896  0.964746 0.662221 1 79 1.000000
0  -3.830955 9.567261 -12.086369  -0.471483 -0.332890 -0.816632  0.964805 0.662256 1 79 1.000000
0  -3.853744 9.567261 -12.073212  -0.471482 -0.332890 -0.816633  0.964806 0.662267 1 79 1.000000
lowpoly_metal
0  -3.996851 9.661907 -12.300859  -0.482030 -0.265693 0.834898  0.964883 0.662298 1 79 1.000000
0  -3.967379 9.567261 -12.317874  -0.471485 -0.332868 0.816640  0.964944 0.662267 1 79 1.000000
0  -3.944590 9.567261 -12.304717  -0.471488 -0.332869 0.816638  0.964954 0.662270 1 79 1.000000
lowpoly_metal
0  -3.822213 9.661907 -12.614279  -0.482015 -0.265720 -0.834898  0.965091 0.662182 1 79 1.000000
0  -3.822213 9.567261 -12.580247  -0.471472 -0.332895 -0.816636  0.965091 0.662250 1 79 1.000000
0  -3.845002 9.567261 -12.567089  -0.471476 -0.332894 -0.816634  0.965081 0.662257 1 79 1.000000
lowpoly_metal
0  -3.996851 9.661907 -12.361204  -0.964060 -0.265685 0.000000  0.964883 0.662222 1 79 1.000000
0  -3.967379 9.567261 -12.344189  -0.942976 -0.332862 0.000000  0.964942 0.662256 1 79 1.000000
0  -3.967379 9.567261 -12.317874  -0.942976 -0.332862 -0.000001  0.964944 0.662267 1 79 1.000000
lowpoly_metal
0  -3.830955 9.661907 -11.999708  0.482023 -0.265709 0.834897  0.964883 0.662303 1 79 1.000000
0  -3.830955 9.567261 -12.033739  0.471478 -0.332884 0.816638  0.964824 0.662265 1 79 1.000000
0  -3.808165 9.567261 -12.046896  0.471484 -0.332884 0.816634  0.964822 0.662255 1 79 1.000000
lowpoly_metal
0  -3.822213 9.661907 -12.493587  0.482082 -0.265694 0.834867  0.965090 0.662341 1 79 1.000000
0  -3.822213 9.567261 -12.527617  0.471546 -0.332869 0.816605  0.965091 0.662273 1 79 1.000000
0  -3.799424 9.567261 -12.540775  0.471544 -0.332870 0.816605  0.965099 0.662267 1 79 1.000000
lowpoly_metal
0  -3.944590 9.661907 -12.391377  -0.482025 -0.265725 -0.834890  0.964949 0.662182 1 79 1.000000
0  -3.944590 9.567261 -12.357346  -0.471485 -0.332900 -0.816627  0.964951 0.662251 1 79 1.000000
0  -3.967379 9.567261 -12.344189  -0.471486 -0.332900 -0.816627  0.964942 0.662256 1 79 1.000000
lowpoly_metal
0  -3.944590 9.567261 -12.357346  0.000000 -1.000000 0.000000  0.964951 0.662251 1 79 1.000000
0  -3.921801 9.567261 -12.344189  0.000000 -1.000000 0.000000  0.964960 0.662253 1 79 1.000000
0  -3.921801 9.567261 -12.317874  0.000000 -1.000000 0.000000  0.964962 0.662263 1 79 1.000000
lowpoly_metal
0  -3.921801 9.567261 -12.317874  0.000000 -1.000000 0.000000  0.964962 0.662263 1 79 1.000000
0  -3.944590 9.567261 -12.304717  0.000000 -1.000000 0.000000  0.964954 0.662270 1 79 1.000000
0  -3.944590 9.567261 -12.357346  0.000000 -1.000000 0.000000  0.964951 0.662251 1 79 1.000000
lowpoly_metal
0  -3.944590 9.567261 -12.304717  0.000000 -1.000000 0.000000  0.964954 0.662270 1 79 1.000000
0  -3.967379 9.567261 -12.317874  0.000000 -1.000000 0.000000  0.964944 0.662267 1 79 1.000000
0  -3.944590 9.567261 -12.357346  0.000000 -1.000000 0.000000  0.964951 0.662251 1 79 1.000000
lowpoly_metal
0  -3.874474 9.661907 -12.584105  -0.964052 -0.265712 0.000000  0.965023 0.662219 1 79 1.000000
0  -3.845002 9.567261 -12.567089  -0.942967 -0.332887 -0.000005  0.965081 0.662257 1 79 1.000000
0  -3.845002 9.567261 -12.540775  -0.942967 -0.332887 -0.000007  0.965083 0.662267 1 79 1.000000
lowpoly_metal
0  -3.883215 9.661907 -12.090227  -0.964051 -0.265718 0.000000  0.964744 0.662298 1 79 1.000000
0  -3.853744 9.567261 -12.073212  -0.942965 -0.332893 0.000000  0.964806 0.662267 1 79 1.000000
0  -3.853744 9.567261 -12.046896  -0.942965 -0.332893 -0.000001  0.964816 0.662271 1 79 1.000000
lowpoly_metal
0  -3.944590 9.661907 -12.391377  0.444359 -0.298977 -0.844487  0.964949 0.662182 1 79 1.000000
0  -3.892329 9.661907 -12.361204  0.482031 -0.265711 -0.834891  0.965021 0.662220 1 79 1.000000
0  -3.921801 9.567261 -12.344189  0.471487 -0.332886 -0.816631  0.964960 0.662253 1 79 1.000000
lowpoly_metal
0  -3.799424 9.567261 -12.540775  0.000000 -1.000000 0.000050  0.965099 0.662267 1 79 1.000000
0  -3.822213 9.567261 -12.527617  0.000000 -1.000000 0.000050  0.965091 0.662273 1 79 1.000000
0  -3.845002 9.567261 -12.540775  0.000000 -1.000000 0.000050  0.965083 0.662267 1 79 1.000000
lowpoly_metal
0  -3.845002 9.567261 -12.540775  0.000000 -1.000000 0.000000  0.965083 0.662267 1 79 1.000000
0  -3.845002 9.567261 -12.567089  0.000000 -1.000000 0.000000  0.965081 0.662257 1 79 1.000000
0  -3.822213 9.567261 -12.580247  0.000000 -1.000000 0.000000  0.965091 0.662250 1 79 1.000000
lowpoly_metal
0  -3.822213 9.567261 -12.580247  0.000000 -1.000000 -0.000050  0.965091 0.662250 1 79 1.000000
0  -3.799424 9.567261 -12.567089  0.000000 -1.000000 -0.000050  0.965100 0.662257 1 79 1.000000
0  -3.845002 9.567261 -12.540775  0.000000 -1.000000 -0.000050  0.965083 0.662267 1 79 1.000000
lowpoly_metal
0  -3.892329 9.661907 -12.300859  0.964060 -0.265686 -0.000001  0.965021 0.662302 1 79 1.000000
0  -3.921801 9.567261 -12.317874  0.942976 -0.332862 -0.000000  0.964962 0.662263 1 79 1.000000
0  -3.921801 9.567261 -12.344189  0.942976 -0.332862 0.000001  0.964960 0.662253 1 79 1.000000
lowpoly_metal
0  -3.778693 9.661907 -12.029881  0.964050 -0.265723 -0.000000  0.964883 0.662220 1 79 1.000000
0  -3.808165 9.567261 -12.046896  0.942963 -0.332898 -0.000000  0.964822 0.662255 1 79 1.000000
0  -3.808165 9.567261 -12.073212  0.942963 -0.332898 0.000001  0.964815 0.662250 1 79 1.000000
lowpoly_metal
0  -3.822213 9.661907 -12.493587  -0.444346 -0.298969 0.844496  0.965090 0.662341 1 79 1.000000
0  -3.874474 9.661907 -12.523760  -0.482028 -0.265703 0.834896  0.965021 0.662300 1 79 1.000000
0  -3.845002 9.567261 -12.540775  -0.471481 -0.332879 0.816638  0.965083 0.662267 1 79 1.000000
lowpoly_metal
0  -4.096556 10.991238 -12.418769  -0.500005 0.000000 -0.866023  0.991813 0.744421 1 79 1.000000
0  -4.096556 11.028236 -12.418769  -0.500005 0.000000 -0.866023  0.991813 0.744420 1 79 1.000000
0  -3.944591 11.028236 -12.506506  -0.500005 0.000000 -0.866023  0.991813 0.744416 1 79 1.000000
lowpoly_metal
0  -3.830955 10.158391 -11.887821  -0.465709 -0.363915 0.806648  0.991821 0.744438 1 79 1.000000
0  -3.980113 10.158391 -11.973937  -0.465709 -0.363915 0.806648  0.991821 0.744438 1 79 1.000000
0  -3.931407 10.033733 -12.002057  -0.465709 -0.363915 0.806648  0.991821 0.744435 1 79 1.000000
lowpoly_metal
0  -3.957975 10.948547 -12.133389  -0.499976 0.000000 -0.866039  0.991823 0.744482 1 79 1.000000
0  -3.957975 10.991239 -12.133389  -0.499976 0.000000 -0.866039  0.991823 0.744484 1 79 1.000000
0  -3.830955 10.991239 -12.206723  -0.499976 0.000000 -0.866039  0.991824 0.744491 1 79 1.000000
lowpoly_metal
0  -3.830955 9.873217 -11.949339  -0.496368 -0.120414 0.859720  0.942697 0.699403 1 79 1.000000
0  -3.926837 9.873217 -12.004696  -0.496368 -0.120414 0.859720  0.942697 0.699403 1 79 1.000000
0  -3.912687 9.756554 -12.012866  -0.496368 -0.120414 0.859720  0.942697 0.699403 1 79 1.000000
lowpoly_metal
0  -3.822213 10.033733 -12.437939  0.499995 0.000000 0.866028  0.991795 0.744441 1 79 1.000000
0  -3.822213 9.873217 -12.437939  0.499995 0.000000 0.866028  0.991795 0.744435 1 79 1.000000
0  -3.721760 9.873217 -12.495935  0.499995 0.000000 0.866028  0.991794 0.744435 1 79 1.000000
lowpoly_metal
0  -3.974179 10.991239 -12.466195  -1.000000 0.000000 0.000000  0.991799 0.744506 1 79 1.000000
0  -3.974179 11.028236 -12.466195  -1.000000 0.000000 0.000000  0.991799 0.744508 1 79 1.000000
0  -3.974179 11.028236 -12.641670  -1.000000 0.000000 0.000000  0.991799 0.744504 1 79 1.000000
lowpoly_metal
0  -3.678990 10.991239 -12.147791  1.000000 0.000000 0.000000  0.991826 0.744486 1 79 1.000000
0  -3.678990 11.028236 -12.147791  1.000000 0.000000 0.000000  0.991826 0.744487 1 79 1.000000
0  -3.678990 11.028236 -11.972317  1.000000 0.000000 0.000000  0.991825 0.744484 1 79 1.000000
lowpoly_metal
0  -3.735072 9.873217 -12.115412  0.992725 -0.120408 0.000000  0.942697 0.699403 1 79 1.000000
0  -3.735072 9.873217 -12.004696  0.992725 -0.120408 0.000000  0.942697 0.699403 1 79 1.000000
0  -3.749222 9.756554 -12.012866  0.992725 -0.120408 0.000000  0.942697 0.699403 1 79 1.000000
lowpoly_metal
0  -3.822213 9.756553 -12.459557  -0.482014 -0.265705 0.834903  0.942695 0.699403 1 79 1.000000
0  -3.903945 9.756554 -12.506744  -0.482015 -0.265705 0.834902  0.942695 0.699403 1 79 1.000000
0  -3.874474 9.661907 -12.523760  -0.505284 -0.299046 0.809481  0.942695 0.699402 1 79 1.000000
lowpoly_metal
0  -3.830955 9.873217 -12.170769  0.496367 -0.120402 -0.859723  0.942697 0.699403 1 79 1.000000
0  -3.735072 9.873217 -12.115412  0.496367 -0.120402 -0.859723  0.942697 0.699403 1 79 1.000000
0  -3.749222 9.756554 -12.107243  0.496367 -0.120402 -0.859723  0.942697 0.699402 1 79 1.000000
lowpoly_metal
0  -3.830955 10.918665 -11.887821  0.401756 0.595296 0.695856  0.991823 0.744478 1 79 1.000000
0  -3.681797 10.918664 -11.973937  0.401756 0.595296 0.695856  0.991824 0.744478 1 79 1.000000
0  -3.703935 10.948547 -11.986719  0.401756 0.595296 0.695856  0.991824 0.744480 1 79 1.000000
lowpoly_metal
0  -3.944590 9.873217 -12.441747  0.496353 -0.120406 -0.859730  0.942696 0.699409 1 79 1.000000
0  -3.848708 9.873217 -12.386389  0.496353 -0.120406 -0.859730  0.942696 0.699409 1 79 1.000000
0  -3.862858 9.756554 -12.378220  0.496353 -0.120406 -0.859730  0.942696 0.699410 1 79 1.000000
lowpoly_metal
0  -3.822213 10.158391 -12.381700  0.465733 -0.363913 0.806635  0.991795 0.744446 1 79 1.000000
0  -3.822213 10.033733 -12.437939  0.465733 -0.363913 0.806635  0.991795 0.744441 1 79 1.000000
0  -3.721760 10.033733 -12.495935  0.465733 -0.363913 0.806635  0.991794 0.744442 1 79 1.000000
lowpoly_metal
0  -3.830955 10.918665 -11.887821  0.500008 0.000000 0.866021  0.991823 0.744478 1 79 1.000000
0  -3.830955 10.158391 -11.887821  0.500008 0.000000 0.866021  0.991821 0.744438 1 79 1.000000
0  -3.681796 10.158392 -11.973937  0.500008 0.000000 0.866021  0.991821 0.744438 1 79 1.000000
lowpoly_metal
0  -3.944590 10.033733 -12.447025  -0.500005 0.000000 -0.866023  0.991809 0.744480 1 79 1.000000
0  -3.944590 9.873217 -12.447025  -0.500005 0.000000 -0.866023  0.991808 0.744487 1 79 1.000000
0  -4.045043 9.873217 -12.389029  -0.500005 0.000000 -0.866023  0.991807 0.744487 1 79 1.000000
lowpoly_metal
0  -3.830955 11.028236 -12.148621  -0.500005 0.000062 0.866022  0.991824 0.744495 1 79 1.000000
0  -3.830955 11.000902 -12.148619  -0.500005 0.000062 0.866022  0.991824 0.744493 1 79 1.000000
0  -3.754255 11.000902 -12.104337  -0.500005 0.000062 0.866022  0.991824 0.744489 1 79 1.000000
lowpoly_metal
0  -3.762142 11.000902 -12.099783  1.000000 0.000000 0.000000  0.200931 0.194573 1 79 1.000000
0  -3.762142 11.025959 -12.099783  1.000000 0.000000 0.000000  0.200931 0.194573 1 79 1.000000
0  -3.762142 11.025959 -12.020325  1.000000 0.000000 0.000000  0.200931 0.194573 1 79 1.000000
lowpoly_metal
0  -3.949234 10.948547 -12.480598  -1.000000 0.000000 0.000000  0.991799 0.744500 1 79 1.000000
0  -3.949234 10.991239 -12.480597  -1.000000 0.000000 0.000000  0.991799 0.744503 1 79 1.000000
0  -3.949234 10.991238 -12.627268  -1.000000 0.000000 0.000000  0.991798 0.744500 1 79 1.000000
lowpoly_metal
0  -3.957975 10.948547 -11.986719  -1.000000 0.000000 0.000000  0.991823 0.744480 1 79 1.000000
0  -3.957975 10.991239 -11.986719  -1.000000 0.000000 0.000000  0.991823 0.744482 1 79 1.000000
0  -3.957975 10.991239 -12.133389  -1.000000 0.000000 0.000000  0.991823 0.744484 1 79 1.000000
lowpoly_metal
0  -3.822214 10.918664 -12.381700  0.500002 0.000000 0.866024  0.991798 0.744498 1 79 1.000000
0  -3.822213 10.158391 -12.381700  0.500002 0.000000 0.866024  0.991795 0.744446 1 79 1.000000
0  -3.673055 10.158392 -12.467815  0.500002 0.000000 0.866024  0.991795 0.744446 1 79 1.000000
lowpoly_metal
0  -3.931407 10.033733 -12.118051  -0.500002 0.000000 -0.866024  0.991821 0.744435 1 79 1.000000
0  -3.830955 10.033733 -12.176047  -0.500002 0.000000 -0.866024  0.991821 0.744435 1 79 1.000000
0  -3.830955 9.873217 -12.176047  -0.500002 0.000000 -0.866024  0.991822 0.744428 1 79 1.000000
lowpoly_metal
0  -3.899768 11.000902 -12.020325  -1.000000 0.000000 0.000000  0.200931 0.194573 1 79 1.000000
0  -3.899768 11.025959 -12.020325  -1.000000 0.000000 0.000000  0.200931 0.194573 1 79 1.000000
0  -3.899768 11.025959 -12.099783  -1.000000 0.000000 0.000000  0.200931 0.194573 1 79 1.000000
lowpoly_metal
0  -3.830955 10.991239 -12.235528  0.499998 0.000000 -0.866027  0.991825 0.744498 1 79 1.000000
0  -3.830955 11.028236 -12.235528  0.499998 0.000000 -0.866027  0.991825 0.744504 1 79 1.000000
0  -3.678990 11.028236 -12.147791  0.499998 0.000000 -0.866027  0.991826 0.744487 1 79 1.000000
lowpoly_metal
0  -3.980113 10.158391 -11.973937  -0.500008 0.000000 0.866021  0.991821 0.744438 1 79 1.000000
0  -3.830955 10.158391 -11.887821  -0.500008 0.000000 0.866021  0.991821 0.744438 1 79 1.000000
0  -3.830955 10.918665 -11.887821  -0.500008 0.000000 0.866021  0.991823 0.744478 1 79 1.000000
lowpoly_metal
0  -3.822213 10.158391 -12.726166  0.465708 -0.363916 -0.806648  0.991795 0.744446 1 79 1.000000
0  -3.673055 10.158392 -12.640049  0.465708 -0.363916 -0.806648  0.991795 0.744446 1 79 1.000000
0  -3.721760 10.033733 -12.611929  0.465708 -0.363916 -0.806648  0.991794 0.744442 1 79 1.000000
lowpoly_metal
0  -3.681797 10.918664 -12.146170  0.803513 0.595287 0.000000  0.991824 0.744480 1 79 1.000000
0  -3.703935 10.948547 -12.133389  0.803513 0.595287 0.000000  0.991824 0.744482 1 79 1.000000
0  -3.703935 10.948547 -11.986719  0.803513 0.595287 0.000000  0.991824 0.744480 1 79 1.000000
lowpoly_metal
0  -3.830955 11.028236 -11.971488  0.500005 0.000000 -0.866022  0.991824 0.744485 1 79 1.000000
0  -3.830955 11.000902 -11.971488  0.500005 0.000000 -0.866022  0.991824 0.744486 1 79 1.000000
0  -3.907655 11.000902 -12.015771  0.500005 0.000000 -0.866022  0.991824 0.744486 1 79 1.000000
lowpoly_metal
0  -3.822214 11.025959 -12.474474  0.000000 1.000000 0.000000  0.200926 0.194578 1 79 1.000000
0  -3.753401 11.025959 -12.514203  0.000000 1.000000 0.000000  0.200926 0.194578 1 79 1.000000
0  -3.753401 11.025959 -12.593661  0.000000 1.000000 0.000000  0.200926 0.194577 1 79 1.000000
lowpoly_metal
0  -3.753401 11.025959 -12.593661  0.000000 1.000000 0.000000  0.200926 0.194577 1 79 1.000000
0  -3.822214 11.025959 -12.633390  0.000000 1.000000 0.000000  0.200926 0.194577 1 79 1.000000
0  -3.822214 11.025959 -12.474474  0.000000 1.000000 0.000000  0.200926 0.194578 1 79 1.000000
lowpoly_metal
0  -3.822214 11.025959 -12.633390  0.000000 1.000000 0.000000  0.200926 0.194577 1 79 1.000000
0  -3.891027 11.025959 -12.593661  0.000000 1.000000 0.000000  0.200926 0.194577 1 79 1.000000
0  -3.822214 11.025959 -12.474474  0.000000 1.000000 0.000000  0.200926 0.194578 1 79 1.000000
lowpoly_metal
0  -3.907655 11.028236 -12.015771  1.000000 0.000000 0.000000  0.991824 0.744486 1 79 1.000000
0  -3.907655 11.000902 -12.015771  1.000000 0.000000 0.000000  0.991824 0.744486 1 79 1.000000
0  -3.907655 11.000902 -12.104337  1.000000 0.000000 0.000000  0.991824 0.744489 1 79 1.000000
lowpoly_metal
0  -3.944591 10.948547 -12.184362  -0.499985 0.000000 0.866034  0.991812 0.744426 1 79 1.000000
0  -3.944591 10.991238 -12.184362  -0.499985 0.000000 0.866034  0.991812 0.744424 1 79 1.000000
0  -4.071610 10.991239 -12.257697  -0.499985 0.000000 0.866034  0.991812 0.744424 1 79 1.000000
lowpoly_metal
0  -3.903945 9.756554 -12.601121  -0.964053 -0.265710 -0.000003  0.942694 0.699403 1 79 1.000000
0  -3.874474 9.661907 -12.584105  -0.953670 -0.299053 -0.032867  0.942694 0.699401 1 79 1.000000
0  -3.874474 9.661907 -12.523760  -0.942967 -0.332886 -0.000010  0.942695 0.699402 1 79 1.000000
lowpoly_metal
0  -3.762142 11.000902 -12.099783  0.500035 0.000000 -0.866005  0.200931 0.194573 1 79 1.000000
0  -3.830955 11.000902 -12.139513  0.500035 0.000000 -0.866005  0.200931 0.194574 1 79 1.000000
0  -3.830955 11.025959 -12.139513  0.500035 0.000000 -0.866005  0.200931 0.194573 1 79 1.000000
lowpoly_metal
0  -3.912687 9.756554 -12.012866  -0.482068 -0.265705 0.834872  0.942697 0.699403 1 79 1.000000
0  -3.883215 9.661907 -12.029881  -0.505338 -0.299047 0.809447  0.942697 0.699403 1 79 1.000000
0  -3.830955 9.661907 -11.999708  -0.471521 -0.332880 0.816614  0.942697 0.699403 1 79 1.000000
lowpoly_metal
0  -3.944591 10.991239 -12.506506  0.500005 0.000000 -0.866023  0.991813 0.744419 1 79 1.000000
0  -3.944591 11.028236 -12.506506  0.500005 0.000000 -0.866023  0.991813 0.744416 1 79 1.000000
0  -3.792625 11.028236 -12.418769  0.500005 0.000000 -0.866023  0.991814 0.744409 1 79 1.000000
lowpoly_metal
0  -3.792625 10.991239 -12.243294  0.000019 -1.000000 0.000054  0.991812 0.744419 1 79 1.000000
0  -3.944591 10.991239 -12.155558  0.000019 -1.000000 0.000054  0.991812 0.744422 1 79 1.000000
0  -3.944591 10.991238 -12.184362  0.000019 -1.000000 0.000054  0.991812 0.744424 1 79 1.000000
lowpoly_metal
0  -3.792625 10.991239 -12.243294  0.000004 -1.000000 0.000000  0.991812 0.744419 1 79 1.000000
0  -3.944591 10.991238 -12.184362  0.000004 -1.000000 0.000000  0.991812 0.744424 1 79 1.000000
0  -3.817571 10.991239 -12.257697  0.000004 -1.000000 0.000000  0.991812 0.744421 1 79 1.000000
lowpoly_metal
0  -4.071610 10.991239 -12.404366  0.000038 -1.000000 0.000000  0.991813 0.744423 1 79 1.000000
0  -4.071610 10.991239 -12.257697  0.000038 -1.000000 0.000000  0.991812 0.744424 1 79 1.000000
0  -4.096556 10.991238 -12.418769  0.000038 -1.000000 0.000000  0.991813 0.744421 1 79 1.000000
lowpoly_metal
0  -3.944591 10.991239 -12.477701  0.000019 -1.000000 0.000098  0.991813 0.744421 1 79 1.000000
0  -4.071610 10.991239 -12.404366  0.000019 -1.000000 0.000098  0.991813 0.744423 1 79 1.000000
0  -4.096556 10.991238 -12.418769  0.000019 -1.000000 0.000098  0.991813 0.744421 1 79 1.000000
lowpoly_metal
0  -3.792625 10.991238 -12.418769  -0.000003 -1.000000 0.000000  0.991814 0.744413 1 79 1.000000
0  -3.792625 10.991239 -12.243294  -0.000003 -1.000000 0.000000  0.991812 0.744419 1 79 1.000000
0  -3.817571 10.991239 -12.257697  -0.000003 -1.000000 0.000000  0.991812 0.744421 1 79 1.000000
lowpoly_metal
0  -3.792625 10.991238 -12.418769  -0.000038 -1.000000 0.000000  0.991814 0.744413 1 79 1.000000
0  -3.817571 10.991239 -12.257697  -0.000038 -1.000000 0.000000  0.991812 0.744421 1 79 1.000000
0  -3.817571 10.991239 -12.404366  -0.000038 -1.000000 0.000000  0.991813 0.744418 1 79 1.000000
lowpoly_metal
0  -3.944591 10.991239 -12.477701  0.000006 -1.000000 0.000000  0.991813 0.744421 1 79 1.000000
0  -4.096556 10.991238 -12.418769  0.000006 -1.000000 0.000000  0.991813 0.744421 1 79 1.000000
0  -3.944591 10.991239 -12.506506  0.000006 -1.000000 0.000000  0.991813 0.744419 1 79 1.000000
lowpoly_metal
0  -3.792625 10.991238 -12.418769  -0.000019 -1.000000 0.000065  0.991814 0.744413 1 79 1.000000
0  -3.817571 10.991239 -12.404366  -0.000019 -1.000000 0.000065  0.991813 0.744418 1 79 1.000000
0  -3.944591 10.991239 -12.477701  -0.000019 -1.000000 0.000065  0.991813 0.744421 1 79 1.000000
lowpoly_metal
0  -3.944591 10.918664 -12.158798  0.401764 0.595287 0.695859  0.991812 0.744428 1 79 1.000000
0  -3.795433 10.918664 -12.244915  0.401764 0.595287 0.695859  0.991812 0.744427 1 79 1.000000
0  -3.817571 10.948547 -12.257697  0.401764 0.595287 0.695859  0.991812 0.744424 1 79 1.000000
lowpoly_metal
0  -3.944591 11.028236 -12.242466  0.000000 1.000000 0.000000  0.991813 0.744417 1 79 1.000000
0  -4.021291 11.028236 -12.286749  0.000000 1.000000 0.000000  0.991813 0.744418 1 79 1.000000
0  -4.096556 11.028236 -12.243294  0.000000 1.000000 0.000000  0.991813 0.744421 1 79 1.000000
lowpoly_metal
0  -3.792625 11.028236 -12.418769  0.000000 1.000000 0.000000  0.991814 0.744409 1 79 1.000000
0  -3.944591 11.028236 -12.506506  0.000000 1.000000 0.000000  0.991813 0.744416 1 79 1.000000
0  -3.867891 11.028236 -12.375315  0.000000 1.000000 0.000000  0.991814 0.744402 1 79 1.000000
lowpoly_metal
0  -3.792625 11.028236 -12.418769  0.000000 1.000000 0.000000  0.991814 0.744409 1 79 1.000000
0  -3.867891 11.028236 -12.375315  0.000000 1.000000 0.000000  0.991814 0.744402 1 79 1.000000
0  -3.867891 11.028236 -12.286749  0.000000 1.000000 0.000000  0.991813 0.744413 1 79 1.000000
lowpoly_metal
0  -3.944591 11.028236 -12.242466  0.000000 1.000000 0.000000  0.991813 0.744417 1 79 1.000000
0  -4.096556 11.028236 -12.243294  0.000000 1.000000 0.000000  0.991813 0.744421 1 79 1.000000
0  -3.944591 11.028236 -12.155558  0.000000 1.000000 0.000000  0.991812 0.744420 1 79 1.000000
lowpoly_metal
0  -3.792625 11.028236 -12.243294  0.000000 1.000000 0.000000  0.991812 0.744416 1 79 1.000000
0  -3.792625 11.028236 -12.418769  0.000000 1.000000 0.000000  0.991814 0.744409 1 79 1.000000
0  -3.867891 11.028236 -12.286749  0.000000 1.000000 0.000000  0.991813 0.744413 1 79 1.000000
lowpoly_metal
0  -3.867891 11.028236 -12.286749  0.000000 1.000000 0.000000  0.991813 0.744413 1 79 1.000000
0  -3.944591 11.028236 -12.242466  0.000000 1.000000 0.000000  0.991813 0.744417 1 79 1.000000
0  -3.792625 11.028236 -12.243294  0.000000 1.000000 0.000000  0.991812 0.744416 1 79 1.000000
lowpoly_metal
0  -4.096556 11.028236 -12.418769  0.000000 1.000000 0.000000  0.991813 0.744420 1 79 1.000000
0  -4.096556 11.028236 -12.243294  0.000000 1.000000 0.000000  0.991813 0.744421 1 79 1.000000
0  -4.021291 11.028236 -12.286749  0.000000 1.000000 0.000000  0.991813 0.744418 1 79 1.000000
lowpoly_metal
0  -4.096556 11.028236 -12.418769  0.000000 1.000000 0.000000  0.991813 0.744420 1 79 1.000000
0  -4.021291 11.028236 -12.286749  0.000000 1.000000 0.000000  0.991813 0.744418 1 79 1.000000
0  -4.021291 11.028236 -12.375315  0.000000 1.000000 0.000000  0.991813 0.744417 1 79 1.000000
lowpoly_metal
0  -3.944591 11.028236 -12.419598  0.000000 1.000000 0.000000  0.991813 0.744413 1 79 1.000000
0  -3.867891 11.028236 -12.375315  0.000000 1.000000 0.000000  0.991814 0.744402 1 79 1.000000
0  -3.944591 11.028236 -12.506506  0.000000 1.000000 0.000000  0.991813 0.744416 1 79 1.000000
lowpoly_metal
0  -4.096556 11.028236 -12.418769  0.000000 1.000000 0.000000  0.991813 0.744420 1 79 1.000000
0  -4.021291 11.028236 -12.375315  0.000000 1.000000 0.000000  0.991813 0.744417 1 79 1.000000
0  -3.944591 11.028236 -12.506506  0.000000 1.000000 0.000000  0.991813 0.744416 1 79 1.000000
lowpoly_metal
0  -3.673055 10.158392 -12.467815  1.000000 0.000002 0.000000  0.991795 0.744446 1 79 1.000000
0  -3.673055 10.158392 -12.640049  1.000000 0.000002 0.000000  0.991795 0.744446 1 79 1.000000
0  -3.673056 10.918664 -12.640049  1.000000 0.000002 0.000000  0.991798 0.744496 1 79 1.000000
lowpoly_metal
0  -3.944590 10.158391 -12.503264  -0.499999 -0.000000 -0.866026  0.991809 0.744475 1 79 1.000000
0  -4.093748 10.158391 -12.417149  -0.499999 -0.000000 -0.866026  0.991809 0.744475 1 79 1.000000
0  -4.093749 10.918664 -12.417149  -0.499999 -0.000000 -0.866026  0.991812 0.744428 1 79 1.000000
lowpoly_metal
0  -3.817571 10.948547 -12.257697  0.500014 0.000000 0.866018  0.991812 0.744424 1 79 1.000000
0  -3.817571 10.991239 -12.257697  0.500014 0.000000 0.866018  0.991812 0.744421 1 79 1.000000
0  -3.944591 10.991238 -12.184362  0.500014 0.000000 0.866018  0.991812 0.744424 1 79 1.000000
lowpoly_metal
0  -3.830955 10.991239 -11.884580  -0.499991 0.000000 0.866031  0.991824 0.744482 1 79 1.000000
0  -3.830955 11.028236 -11.884580  -0.499991 0.000000 0.866031  0.991824 0.744483 1 79 1.000000
0  -3.982920 11.028236 -11.972317  -0.499991 0.000000 0.866031  0.991823 0.744484 1 79 1.000000
lowpoly_metal
0  -3.918095 9.873217 -12.498575  0.000000 -1.000000 0.000000  0.991794 0.744431 1 79 1.000000
0  -3.822213 9.873217 -12.437939  0.000000 -1.000000 0.000000  0.991795 0.744435 1 79 1.000000
0  -3.922666 9.873217 -12.495935  0.000000 -1.000000 0.000000  0.991795 0.744433 1 79 1.000000
lowpoly_metal
0  -3.721760 9.873217 -12.611929  0.000000 -1.000000 0.000000  0.991793 0.744435 1 79 1.000000
0  -3.721760 9.873217 -12.495935  0.000000 -1.000000 0.000000  0.991794 0.744435 1 79 1.000000
0  -3.726331 9.873217 -12.609289  0.000000 -1.000000 0.000000  0.991793 0.744433 1 79 1.000000
lowpoly_metal
0  -3.721760 9.873217 -12.611929  0.000000 -1.000000 0.000000  0.991793 0.744435 1 79 1.000000
0  -3.726331 9.873217 -12.609289  0.000000 -1.000000 0.000000  0.991793 0.744433 1 79 1.000000
0  -3.822213 9.873217 -12.664648  0.000000 -1.000000 0.000000  0.991793 0.744431 1 79 1.000000
lowpoly_metal
0  -3.918095 9.873217 -12.498575  0.000000 -1.000000 0.000000  0.991794 0.744431 1 79 1.000000
0  -3.922666 9.873217 -12.495935  0.000000 -1.000000 0.000000  0.991795 0.744433 1 79 1.000000
0  -3.922666 9.873217 -12.611929  0.000000 -1.000000 0.000000  0.991794 0.744433 1 79 1.000000
lowpoly_metal
0  -3.918095 9.873217 -12.609289  0.000000 -1.000000 0.000000  0.991793 0.744430 1 79 1.000000
0  -3.918095 9.873217 -12.498575  0.000000 -1.000000 0.000000  0.991794 0.744431 1 79 1.000000
0  -3.922666 9.873217 -12.611929  0.000000 -1.000000 0.000000  0.991794 0.744433 1 79 1.000000
lowpoly_metal
0  -3.822213 9.873217 -12.669926  0.000000 -1.000000 0.000000  0.991793 0.744434 1 79 1.000000
0  -3.721760 9.873217 -12.611929  0.000000 -1.000000 0.000000  0.991793 0.744435 1 79 1.000000
0  -3.822213 9.873217 -12.664648  0.000000 -1.000000 0.000000  0.991793 0.744431 1 79 1.000000
lowpoly_metal
0  -3.822213 9.873217 -12.664648  0.000000 -1.000000 0.000059  0.991793 0.744431 1 79 1.000000
0  -3.918095 9.873217 -12.609289  0.000000 -1.000000 0.000059  0.991793 0.744430 1 79 1.000000
0  -3.922666 9.873217 -12.611929  0.000000 -1.000000 0.000059  0.991794 0.744433 1 79 1.000000
lowpoly_metal
0  -4.071610 10.948547 -12.257697  -1.000000 0.000000 0.000000  0.991812 0.744426 1 79 1.000000
0  -4.071610 10.991239 -12.257697  -1.000000 0.000000 0.000000  0.991812 0.744424 1 79 1.000000
0  -4.071610 10.991239 -12.404366  -1.000000 0.000000 0.000000  0.991813 0.744423 1 79 1.000000
lowpoly_metal
0  -3.944591 10.948547 -12.477701  0.499990 0.000000 -0.866031  0.991813 0.744424 1 79 1.000000
0  -3.944591 10.991239 -12.477701  0.499990 0.000000 -0.866031  0.991813 0.744421 1 79 1.000000
0  -3.817571 10.991239 -12.404366  0.499990 0.000000 -0.866031  0.991813 0.744418 1 79 1.000000
lowpoly_metal
0  -4.013404 11.025959 -12.370760  0.000000 1.000000 0.000000  0.200929 0.194558 1 79 1.000000
0  -4.013404 11.025959 -12.291302  0.000000 1.000000 0.000000  0.200929 0.194558 1 79 1.000000
0  -3.944591 11.025959 -12.251574  0.000000 1.000000 0.000000  0.200929 0.194558 1 79 1.000000
lowpoly_metal
0  -3.944591 11.025959 -12.251574  0.000000 1.000000 0.000000  0.200929 0.194558 1 79 1.000000
0  -3.875778 11.025959 -12.291302  0.000000 1.000000 0.000000  0.200929 0.194557 1 79 1.000000
0  -3.875778 11.025959 -12.370760  0.000000 1.000000 0.000000  0.200929 0.194557 1 79 1.000000
lowpoly_metal
0  -3.875778 11.025959 -12.370760  0.000000 1.000000 0.000000  0.200929 0.194557 1 79 1.000000
0  -3.944591 11.025959 -12.410490  0.000000 1.000000 0.000000  0.200929 0.194557 1 79 1.000000
0  -4.013404 11.025959 -12.370760  0.000000 1.000000 0.000000  0.200929 0.194558 1 79 1.000000
lowpoly_metal
0  -4.093748 10.158391 -12.417149  -1.000000 -0.000002 0.000000  0.991809 0.744475 1 79 1.000000
0  -4.093748 10.158391 -12.244915  -1.000000 -0.000002 0.000000  0.991809 0.744475 1 79 1.000000
0  -4.093749 10.918664 -12.244915  -1.000000 -0.000002 0.000000  0.991812 0.744428 1 79 1.000000
lowpoly_metal
0  -3.822213 9.873217 -12.443217  -0.496353 -0.120408 0.859730  0.942694 0.699404 1 79 1.000000
0  -3.918095 9.873217 -12.498575  -0.496353 -0.120408 0.859730  0.942694 0.699404 1 79 1.000000
0  -3.903945 9.756554 -12.506744  -0.496353 -0.120408 0.859730  0.942695 0.699403 1 79 1.000000
lowpoly_metal
0  -4.096556 10.991239 -12.243294  -1.000000 0.000000 0.000000  0.991813 0.744423 1 79 1.000000
0  -4.096556 11.028236 -12.243294  -1.000000 0.000000 0.000000  0.991813 0.744421 1 79 1.000000
0  -4.096556 11.028236 -12.418769  -1.000000 0.000000 0.000000  0.991813 0.744420 1 79 1.000000
lowpoly_metal
0  -3.971371 10.158391 -12.467815  -0.499998 0.000000 0.866026  0.991795 0.744446 1 79 1.000000
0  -3.822213 10.158391 -12.381700  -0.499998 0.000000 0.866026  0.991795 0.744446 1 79 1.000000
0  -3.822214 10.918664 -12.381700  -0.499998 0.000000 0.866026  0.991798 0.744498 1 79 1.000000
lowpoly_metal
0  -3.944590 10.158391 -12.503264  0.465709 -0.363913 -0.806649  0.991809 0.744475 1 79 1.000000
0  -3.795432 10.158392 -12.417149  0.465709 -0.363913 -0.806649  0.991809 0.744475 1 79 1.000000
0  -3.844137 10.033733 -12.389029  0.465709 -0.363913 -0.806649  0.991809 0.744479 1 79 1.000000
lowpoly_metal
0  -3.754255 11.028236 -12.104337  -1.000000 0.000000 0.000000  0.991824 0.744489 1 79 1.000000
0  -3.754255 11.000902 -12.104337  -1.000000 0.000000 0.000000  0.991824 0.744489 1 79 1.000000
0  -3.754255 11.000902 -12.015771  -1.000000 0.000000 0.000000  0.991824 0.744486 1 79 1.000000
lowpoly_metal
0  -3.944590 9.873217 -12.215038  0.000000 -1.000000 -0.000056  0.991808 0.744485 1 79 1.000000
0  -4.045043 9.873217 -12.273035  0.000000 -1.000000 -0.000056  0.991807 0.744485 1 79 1.000000
0  -4.040473 9.873217 -12.275673  0.000000 -1.000000 -0.000056  0.991807 0.744488 1 79 1.000000
lowpoly_metal
0  -3.944590 9.873217 -12.220316  0.000000 -1.000000 0.000000  0.991808 0.744487 1 79 1.000000
0  -3.848708 9.873217 -12.275673  0.000000 -1.000000 0.000000  0.991809 0.744488 1 79 1.000000
0  -3.944590 9.873217 -12.215038  0.000000 -1.000000 0.000000  0.991808 0.744485 1 79 1.000000
lowpoly_metal
0  -3.848708 9.873217 -12.275673  0.000000 -1.000000 0.000000  0.991809 0.744488 1 79 1.000000
0  -3.844137 9.873217 -12.273035  0.000000 -1.000000 0.000000  0.991809 0.744485 1 79 1.000000
0  -3.944590 9.873217 -12.215038  0.000000 -1.000000 0.000000  0.991808 0.744485 1 79 1.000000
lowpoly_metal
0  -3.830955 11.000902 -11.980596  -0.500013 0.000000 0.866018  0.200931 0.194572 1 79 1.000000
0  -3.830955 11.025959 -11.980596  -0.500013 0.000000 0.866018  0.200931 0.194573 1 79 1.000000
0  -3.899768 11.025959 -12.020325  -0.500013 0.000000 0.866018  0.200931 0.194573 1 79 1.000000
lowpoly_metal
0  -3.762142 11.000902 -12.099783  0.000000 1.000000 0.000000  0.991825 0.744489 1 79 1.000000
0  -3.762142 11.000902 -12.020325  0.000000 1.000000 0.000000  0.991824 0.744487 1 79 1.000000
0  -3.754255 11.000902 -12.104337  0.000000 1.000000 0.000000  0.991824 0.744489 1 79 1.000000
lowpoly_metal
0  -4.093748 10.158391 -12.417149  -0.931431 -0.363917 0.000000  0.991809 0.744475 1 79 1.000000
0  -4.045043 10.033733 -12.389029  -0.931431 -0.363917 0.000000  0.991808 0.744479 1 79 1.000000
0  -4.045043 10.033733 -12.273035  -0.931431 -0.363917 0.000000  0.991808 0.744479 1 79 1.000000
lowpoly_metal
0  -3.822214 10.991239 -12.378458  -0.500005 0.000000 0.866023  0.991799 0.744511 1 79 1.000000
0  -3.822214 11.028236 -12.378458  -0.500005 0.000000 0.866023  0.991799 0.744516 1 79 1.000000
0  -3.974179 11.028236 -12.466195  -0.500005 0.000000 0.866023  0.991799 0.744508 1 79 1.000000
lowpoly_metal
0  -3.830955 9.756553 -12.154430  0.482010 -0.265705 -0.834906  0.942697 0.699403 1 79 1.000000
0  -3.749222 9.756554 -12.107243  0.482011 -0.265705 -0.834905  0.942697 0.699402 1 79 1.000000
0  -3.778693 9.661907 -12.090227  0.505283 -0.299051 -0.809480  0.942697 0.699401 1 79 1.000000
lowpoly_metal
0  -3.944590 10.033733 -12.215038  -0.500002 0.000000 0.866024  0.991809 0.744479 1 79 1.000000
0  -4.045043 10.033733 -12.273035  -0.500002 0.000000 0.866024  0.991808 0.744479 1 79 1.000000
0  -4.045043 9.873217 -12.273035  -0.500002 0.000000 0.866024  0.991807 0.744485 1 79 1.000000
lowpoly_metal
0  -3.926837 9.873217 -12.115412  -0.992725 -0.120407 0.000000  0.942697 0.699403 1 79 1.000000
0  -3.912687 9.756554 -12.107243  -0.992725 -0.120407 0.000000  0.942697 0.699403 1 79 1.000000
0  -3.912687 9.756554 -12.012866  -0.992725 -0.120407 0.000000  0.942697 0.699403 1 79 1.000000
lowpoly_metal
0  -3.795433 10.918664 -12.417149  0.803510 0.595292 0.000000  0.991812 0.744426 1 79 1.000000
0  -3.817571 10.948547 -12.404366  0.803510 0.595292 0.000000  0.991813 0.744422 1 79 1.000000
0  -3.817571 10.948547 -12.257697  0.803510 0.595292 0.000000  0.991812 0.744424 1 79 1.000000
lowpoly_metal
0  -3.944590 9.756553 -12.425407  -0.481994 -0.265711 -0.834912  0.942696 0.699410 1 79 1.000000
0  -3.944590 9.661907 -12.391377  -0.448340 -0.299054 -0.842353  0.942696 0.699412 1 79 1.000000
0  -3.996851 9.661907 -12.361204  -0.471450 -0.332886 -0.816653  0.942695 0.699411 1 79 1.000000
lowpoly_metal
0  -4.045043 10.033733 -12.273035  -1.000000 0.000000 0.000000  0.991808 0.744479 1 79 1.000000
0  -4.045043 10.033733 -12.389029  -1.000000 0.000000 0.000000  0.991808 0.744479 1 79 1.000000
0  -4.045043 9.873217 -12.389029  -1.000000 0.000000 0.000000  0.991807 0.744487 1 79 1.000000
lowpoly_metal
0  -3.944591 11.000902 -12.251574  -0.499987 0.000000 0.866033  0.200929 0.194558 1 79 1.000000
0  -3.944591 11.025959 -12.251574  -0.499987 0.000000 0.866033  0.200929 0.194558 1 79 1.000000
0  -4.013404 11.025959 -12.291302  -0.499987 0.000000 0.866033  0.200929 0.194558 1 79 1.000000
lowpoly_metal
0  -3.944591 10.918664 -12.158798  -0.401758 0.595283 0.695865  0.991812 0.744428 1 79 1.000000
0  -3.944591 10.948547 -12.184362  -0.401758 0.595283 0.695865  0.991812 0.744426 1 79 1.000000
0  -4.071610 10.948547 -12.257697  -0.401758 0.595283 0.695865  0.991812 0.744426 1 79 1.000000
lowpoly_metal
0  -3.944590 10.158391 -12.503264  -0.465721 -0.363915 -0.806641  0.991809 0.744475 1 79 1.000000
0  -3.944590 10.033733 -12.447025  -0.465721 -0.363915 -0.806641  0.991809 0.744480 1 79 1.000000
0  -4.045043 10.033733 -12.389029  -0.465721 -0.363915 -0.806641  0.991808 0.744479 1 79 1.000000
lowpoly_plastic
0  -3.654411 -6.559115 -13.422601  0.004624 -0.216259 -0.976325  0.863264 0.820637 1 72 1.000000
0  -3.867668 -6.559115 -13.422601  0.005863 -0.218346 -0.975854  0.863264 0.820637 1 72 1.000000
0  -3.867668 -6.521670 -13.431067  0.002198 -0.226328 -0.974049  0.863264 0.820637 1 72 1.000000
lowpoly_plastic
0  -3.334465 -6.087096 -10.406671  1.000000 0.000001 0.000000  0.005476 0.761164 1 72 1.000000
0  -3.334465 -6.087096 -10.225001  1.000000 0.000001 0.000000  0.005476 0.761164 1 72 1.000000
0  -3.334464 -7.354600 -10.225001  1.000000 0.000001 0.000000  0.005476 0.761164 1 72 1.000000
lowpoly_plastic
0  -3.334464 -7.449031 -10.406670  0.000001 -1.000000 -0.000010  0.005476 0.761164 1 72 1.000000
0  -4.400871 -7.449032 -10.406670  0.000001 -1.000000 -0.000010  0.005476 0.761164 1 72 1.000000
0  -4.400871 -7.449031 -10.493556  0.000001 -1.000000 -0.000010  0.005476 0.761164 1 72 1.000000
lowpoly_plastic
0  -3.334465 10.910908 -16.414185  1.000000 0.000001 0.000000  0.005476 0.761164 1 79 1.000000
0  -3.334465 10.910908 -16.232515  1.000000 0.000001 0.000000  0.005476 0.761164 1 79 1.000000
0  -3.334464 9.643403 -16.232515  1.000000 0.000001 0.000000  0.005476 0.761164 1 79 1.000000
lowpoly_plastic
0  -4.116385 -8.290636 -13.046293  0.000000 -0.974267 0.225397  0.008576 0.748762 1 72 1.000000
0  -4.116385 -8.419815 -13.598858  0.000000 -0.973746 0.227638  0.008576 0.748762 1 72 1.000000
0  -4.062507 -8.419815 -13.598858  0.000000 -0.973746 0.227638  0.008576 0.748762 1 72 1.000000
lowpoly_plastic
0  -3.334464 -7.354600 -10.225001  0.000001 -0.887286 0.461221  0.005476 0.761164 1 72 1.000000
0  -4.400871 -7.354600 -10.225001  0.000001 -0.887286 0.461221  0.005476 0.761164 1 72 1.000000
0  -4.400871 -7.449032 -10.406670  0.000001 -0.887286 0.461221  0.005476 0.761164 1 72 1.000000
lowpoly_plastic
0  -3.334465 10.910908 -16.414185  1.000000 0.000000 0.000000  0.005476 0.761164 1 79 1.000000
0  -3.334464 9.548971 -16.414185  1.000000 0.000000 0.000000  0.005476 0.761164 1 79 1.000000
0  -3.334464 9.548972 -16.501070  1.000000 0.000000 0.000000  0.005476 0.761164 1 79 1.000000
lowpoly_plastic
0  -4.400872 10.910907 -16.414185  -0.000001 1.000000 0.000000  0.005476 0.761164 1 79 1.000000
0  -3.334465 10.910908 -16.414185  -0.000001 1.000000 0.000000  0.005476 0.761164 1 79 1.000000
0  -3.334465 10.910908 -16.501070  -0.000001 1.000000 0.000000  0.005476 0.761164 1 79 1.000000
lowpoly_plastic
0  -3.334464 9.548971 -16.414185  0.000000 -1.000000 0.000000  0.005476 0.761164 1 79 1.000000
0  -4.400871 9.548971 -16.414185  0.000000 -1.000000 0.000000  0.005476 0.761164 1 79 1.000000
0  -4.400871 9.548971 -16.501070  0.000000 -1.000000 0.000000  0.005476 0.761164 1 79 1.000000
lowpoly_plastic
0  -3.334465 -6.087096 -10.406671  1.000000 0.000001 0.000000  0.005476 0.761164 1 72 1.000000
0  -3.334464 -7.449031 -10.406670  1.000000 0.000001 0.000000  0.005476 0.761164 1 72 1.000000
0  -3.334464 -7.449031 -10.493556  1.000000 0.000001 0.000000  0.005476 0.761164 1 72 1.000000
lowpoly_plastic
0  -3.867668 10.331635 -19.873455  -0.000009 0.184589 0.982816  0.005476 0.761164 1 79 1.000000
0  -3.867668 8.418833 -19.514200  -0.000009 0.184589 0.982816  0.005476 0.761164 1 79 1.000000
0  -3.434870 8.644011 -19.556492  -0.000009 0.184589 0.982816  0.005476 0.761164 1 79 1.000000
lowpoly_plastic
0  -3.434870 10.290794 -20.063068  0.000004 -0.184589 -0.982816  0.005476 0.761164 1 79 1.000000
0  -3.434870 8.603170 -19.746105  0.000004 -0.184589 -0.982816  0.005476 0.761164 1 79 1.000000
0  -3.867668 8.377992 -19.703815  0.000004 -0.184589 -0.982816  0.005476 0.761164 1 79 1.000000
lowpoly_plastic
0  -3.462424 -6.831200 -13.889168  0.000000 -0.179768 -0.983709  0.008576 0.748762 1 72 1.000000
0  -3.462424 -7.799085 -13.712293  0.000000 -0.179768 -0.983709  0.008576 0.748762 1 72 1.000000
0  -3.550210 -7.799085 -13.712293  0.000000 -0.179768 -0.983709  0.008576 0.748762 1 72 1.000000
lowpoly_plastic
0  -4.300466 -6.666369 -13.865940  -0.000003 0.977582 -0.210555  0.005476 0.761164 1 72 1.000000
0  -3.867668 -6.666368 -13.865941  -0.000003 0.977582 -0.210555  0.005476 0.761164 1 72 1.000000
0  -3.867668 -6.707209 -14.055555  -0.000003 0.977582 -0.210555  0.005476 0.761164 1 72 1.000000
lowpoly_plastic
0  -3.462424 -7.257002 -11.388865  1.000000 0.000000 -0.000000  0.008576 0.748762 1 72 1.000000
0  -3.462424 -7.118120 -10.232224  1.000000 0.000000 -0.000000  0.008576 0.748762 1 72 1.000000
0  -3.462424 -7.566033 -10.187455  1.000000 0.000000 -0.000000  0.008576 0.748762 1 72 1.000000
lowpoly_plastic
0  -4.272913 -6.714375 -13.395756  -1.000000 0.000000 0.000000  0.008576 0.748762 1 72 1.000000
0  -4.272913 -6.649740 -13.410086  -1.000000 0.000000 0.000000  0.008576 0.748762 1 72 1.000000
0  -4.272913 -6.766057 -13.901073  -1.000000 0.000000 0.000000  0.008576 0.748762 1 72 1.000000
lowpoly_plastic
0  -3.867668 -6.666368 -13.865941  0.000003 0.184589 0.982816  0.005476 0.761164 1 72 1.000000
0  -3.867668 -8.579170 -13.506686  0.000003 0.184589 0.982816  0.005476 0.761164 1 72 1.000000
0  -3.434870 -8.353992 -13.548979  0.000003 0.184589 0.982816  0.005476 0.761164 1 72 1.000000
lowpoly_plastic
0  -3.654411 -6.831200 -13.889168  0.000000 -0.179767 -0.983709  0.008576 0.748762 1 72 1.000000
0  -3.654411 -7.799085 -13.712293  0.000000 -0.179767 -0.983709  0.008576 0.748762 1 72 1.000000
0  -3.867668 -7.799085 -13.712293  0.000000 -0.179767 -0.983709  0.008576 0.748762 1 72 1.000000
lowpoly_plastic
0  -3.462424 -6.485390 -12.683177  0.000000 0.975876 -0.218326  0.008576 0.748762 1 72 1.000000
0  -3.550210 -6.485390 -12.683177  0.000000 0.975876 -0.218326  0.008576 0.748762 1 72 1.000000
0  -3.550210 -6.218812 -11.491621  0.000000 0.975876 -0.218326  0.008576 0.748762 1 72 1.000000
lowpoly_plastic
0  -4.300466 8.603169 -19.746105  -0.671993 -0.723953 0.155940  0.005476 0.761164 1 79 1.000000
0  -4.048068 8.377992 -19.703815  -0.671993 -0.723953 0.155940  0.005476 0.761164 1 79 1.000000
0  -4.048068 8.418833 -19.514200  -0.671993 -0.723953 0.155940  0.005476 0.761164 1 79 1.000000
lowpoly_plastic
0  -4.300466 -8.353992 -13.548979  -1.000000 0.000000 0.000000  0.005476 0.761164 1 72 1.000000
0  -4.300466 -6.666369 -13.865940  -1.000000 0.000000 0.000000  0.005476 0.761164 1 72 1.000000
0  -4.300466 -6.707210 -14.055554  -1.000000 0.000000 0.000000  0.005476 0.761164 1 72 1.000000
lowpoly_plastic
0  -3.462424 -7.954001 -12.408072  -0.016744 0.197098 0.980241  0.863264 0.820637 1 72 1.000000
0  -3.558851 -8.063068 -12.387641  -0.014725 0.204415 0.978773  0.863264 0.820637 1 72 1.000000
0  -3.529856 -8.087552 -12.381836  -0.020762 0.204105 0.978729  0.863264 0.820637 1 72 1.000000
lowpoly_plastic
0  -3.654411 -7.799085 -13.712293  0.000000 -0.179767 -0.983709  0.008576 0.748762 1 72 1.000000
0  -3.654411 -8.241897 -13.631371  0.000000 -0.179767 -0.983709  0.008576 0.748762 1 72 1.000000
0  -3.867668 -8.241897 -13.631371  0.000000 -0.179767 -0.983709  0.008576 0.748762 1 72 1.000000
lowpoly_plastic
0  -3.558851 -7.676901 -10.176373  0.754727 -0.652085 0.071923  0.008576 0.748762 1 72 1.000000
0  -3.558851 -7.572039 -9.157390  0.754857 -0.652536 0.066240  0.008576 0.748762 1 72 1.000000
0  -3.618951 -7.641479 -9.156596  0.756154 -0.651061 0.065969  0.008576 0.748762 1 72 1.000000
lowpoly_plastic
0  -4.176485 -7.676901 -10.176373  -0.757486 -0.648861 0.072081  0.008576 0.748762 1 72 1.000000
0  -4.272912 -7.566033 -10.187455  -0.755567 -0.651141 0.071654  0.008576 0.748762 1 72 1.000000
0  -4.272912 -7.702026 -11.344817  -0.755134 -0.651113 0.076320  0.008576 0.748762 1 72 1.000000
lowpoly_plastic
0  -3.462424 -7.702026 -11.344817  0.757344 -0.648631 0.075553  0.008576 0.748762 1 72 1.000000
0  -3.462424 -7.566033 -10.187455  0.755562 -0.651152 0.071608  0.008576 0.748762 1 72 1.000000
0  -3.558851 -7.676901 -10.176373  0.754065 -0.652891 0.071546  0.008576 0.748762 1 72 1.000000
lowpoly_plastic
0  -4.272912 -5.958225 -6.836811  -0.988528 -0.000219 0.151039  0.008576 0.748762 1 72 1.000000
0  -4.272912 -6.000030 -6.836738  -0.988528 -0.000219 0.151039  0.008576 0.748762 1 72 1.000000
0  -4.166634 -5.993142 -6.141292  -0.988528 -0.000219 0.151038  0.008576 0.748762 1 72 1.000000
lowpoly_plastic
0  -3.654411 -6.675433 -13.913589  1.000000 0.000004 0.000000  0.008576 0.748762 1 72 1.000000
0  -3.654411 -6.559115 -13.422601  1.000000 0.000004 0.000000  0.008576 0.748762 1 72 1.000000
0  -3.654411 -6.649740 -13.410086  1.000000 0.000004 0.000000  0.008576 0.748762 1 72 1.000000
lowpoly_plastic
0  -3.558851 -8.222855 -13.061320  0.756014 -0.638115 0.145781  0.008576 0.748762 1 72 1.000000
0  -3.558851 -8.351501 -13.611342  0.755757 -0.637642 0.149142  0.008576 0.748762 1 72 1.000000
0  -3.462424 -8.241897 -13.631371  0.755757 -0.637642 0.149142  0.008576 0.748762 1 72 1.000000
lowpoly_plastic
0  -3.550210 -5.984858 -9.175779  0.000000 0.997117 -0.075873  0.008576 0.748762 1 72 1.000000
0  -3.462424 -5.984858 -9.175779  0.000000 0.997117 -0.075873  0.008576 0.748762 1 72 1.000000
0  -3.462424 -6.073191 -10.336664  0.000000 0.997117 -0.075873  0.008576 0.748762 1 72 1.000000
lowpoly_plastic
0  -3.462424 -7.118120 -10.232224  1.000000 0.000000 0.000000  0.008576 0.748762 1 72 1.000000
0  -3.462424 -7.010510 -9.163797  1.000000 0.000000 0.000000  0.008576 0.748762 1 72 1.000000
0  -3.462424 -7.460626 -9.158661  1.000000 0.000000 0.000000  0.008576 0.748762 1 72 1.000000
lowpoly_plastic
0  -3.892274 -7.608063 -6.143806  0.000000 -0.999951 0.009937  0.008576 0.748762 1 72 1.000000
0  -3.956228 -7.608063 -6.143806  0.000000 -0.999951 0.009937  0.008576 0.748762 1 72 1.000000
0  -3.998553 -7.614930 -6.834948  0.000163 -0.999948 0.010230  0.008576 0.748762 1 72 1.000000
lowpoly_plastic
0  -4.080925 -8.241897 -13.631371  0.000000 -0.179767 -0.983709  0.008576 0.748762 1 72 1.000000
0  -4.185127 -8.241897 -13.631371  0.000000 -0.179767 -0.983709  0.008576 0.748762 1 72 1.000000
0  -4.185127 -7.799085 -13.712293  0.000000 -0.179767 -0.983709  0.008576 0.748762 1 72 1.000000
lowpoly_plastic
0  -4.062506 -7.746001 -10.169467  0.000000 -0.993285 0.115692  0.008576 0.748762 1 72 1.000000
0  -4.116385 -7.746001 -10.169467  0.000000 -0.993285 0.115692  0.008576 0.748762 1 72 1.000000
0  -4.116385 -7.880834 -11.327120  0.000000 -0.993285 0.115692  0.008576 0.748762 1 72 1.000000
lowpoly_plastic
0  -4.080925 -6.559115 -13.422601  0.086162 -0.134907 -0.987105  0.863264 0.820637 1 72 1.000000
0  -4.080925 -6.649740 -13.410086  0.086162 -0.134907 -0.987105  0.863264 0.820637 1 72 1.000000
0  -4.107306 -6.622536 -13.416237  0.086162 -0.134907 -0.987105  0.863264 0.820637 1 72 1.000000
lowpoly_plastic
0  -3.760689 -5.836295 -6.153706  0.000000 0.136813 0.990597  0.008576 0.748762 1 72 1.000000
0  -3.867667 -5.836295 -6.153706  0.000000 0.136813 0.990597  0.008576 0.748762 1 72 1.000000
0  -3.867667 -5.926921 -6.141189  0.000000 0.136813 0.990597  0.008576 0.748762 1 72 1.000000
lowpoly_plastic
0  -3.334464 9.548972 -16.501070  0.000003 0.000000 -1.000000  0.005476 0.761164 1 79 1.000000
0  -4.400871 9.548971 -16.501070  0.000003 0.000000 -1.000000  0.005476 0.761164 1 79 1.000000
0  -4.400872 10.910908 -16.501070  0.000003 0.000000 -1.000000  0.005476 0.761164 1 79 1.000000
lowpoly_plastic
0  -3.672829 -8.131048 -12.374907  0.000000 -0.972651 0.232270  0.008576 0.748762 1 72 1.000000
0  -3.618951 -8.131048 -12.374907  -0.002349 -0.972649 0.232269  0.008576 0.748762 1 72 1.000000
0  -3.618951 -7.880834 -11.327120  0.000000 -0.972651 0.232270  0.008576 0.748762 1 72 1.000000
lowpoly_plastic
0  -4.080925 -5.993142 -6.808359  0.000000 -1.000000 0.000000  0.008576 0.748762 1 72 1.000000
0  -4.080925 -5.993142 -8.335141  0.000000 -1.000000 0.000000  0.008576 0.748762 1 72 1.000000
0  -3.867668 -5.993142 -8.335141  0.000000 -1.000000 0.000000  0.008576 0.748762 1 72 1.000000
lowpoly_plastic
0  -3.654411 -6.073191 -10.336664  1.000000 0.000000 0.000000  0.008576 0.748762 1 72 1.000000
0  -3.654411 -5.982566 -10.349180  1.000000 0.000000 0.000000  0.008576 0.748762 1 72 1.000000
0  -3.654411 -5.894232 -9.188294  1.000000 0.000000 0.000000  0.008576 0.748762 1 72 1.000000
lowpoly_plastic
0  -3.672829 -7.641479 -9.156596  0.000000 -0.994718 0.102647  0.008576 0.748762 1 72 1.000000
0  -3.736782 -7.641479 -9.156596  0.000000 -0.994718 0.102647  0.008576 0.748762 1 72 1.000000
0  -3.736782 -7.746001 -10.169467  0.000000 -0.994718 0.102647  0.008576 0.748762 1 72 1.000000
lowpoly_plastic
0  -3.867667 -5.867599 -6.849327  0.000000 0.998989 -0.044956  0.008576 0.748762 1 72 1.000000
0  -3.867667 -5.836295 -6.153706  0.000000 0.998989 -0.044956  0.008576 0.748762 1 72 1.000000
0  -3.760689 -5.836295 -6.153706  0.000000 0.998989 -0.044956  0.008576 0.748762 1 72 1.000000
lowpoly_plastic
0  -4.185126 -5.993142 -6.808359  0.000000 -1.000000 0.000000  0.008576 0.748762 1 72 1.000000
0  -4.185126 -5.993142 -8.335141  0.000000 -1.000000 0.000000  0.008576 0.748762 1 72 1.000000
0  -4.080925 -5.993142 -8.335141  0.000000 -1.000000 0.000000  0.008576 0.748762 1 72 1.000000
lowpoly_plastic
0  -4.185127 -6.649740 -13.410086  0.000000 0.973067 -0.230521  0.008576 0.748762 1 72 1.000000
0  -4.185127 -6.766057 -13.901073  0.000000 0.973067 -0.230521  0.008576 0.748762 1 72 1.000000
0  -4.272913 -6.766057 -13.901073  0.000000 0.973067 -0.230521  0.008576 0.748762 1 72 1.000000
lowpoly_plastic
0  -4.272913 -7.674734 -13.182840  -1.000000 0.000000 0.000000  0.008576 0.748762 1 72 1.000000
0  -4.272913 -6.714375 -13.395756  -1.000000 0.000000 0.000000  0.008576 0.748762 1 72 1.000000
0  -4.272913 -6.831200 -13.889168  -1.000000 0.000000 0.000000  0.008576 0.748762 1 72 1.000000
lowpoly_plastic
0  -3.550210 -6.649740 -13.410086  0.000000 -0.220543 -0.975377  0.863264 0.820637 1 72 1.000000
0  -3.654411 -6.649740 -13.410086  0.006355 -0.220039 -0.975470  0.863264 0.820637 1 72 1.000000
0  -3.628031 -6.622536 -13.416237  -0.003144 -0.225895 -0.974147  0.863264 0.820637 1 72 1.000000
lowpoly_plastic
0  -4.272912 -7.118120 -10.232224  -1.000000 0.000000 0.000000  0.008576 0.748762 1 72 1.000000
0  -4.272912 -6.139083 -10.330079  -1.000000 0.000000 0.000000  0.008576 0.748762 1 72 1.000000
0  -4.272913 -6.284280 -11.485139  -1.000000 0.000000 0.000000  0.008576 0.748762 1 72 1.000000
lowpoly_plastic
0  -3.867667 -7.538619 -6.143699  0.000000 -0.001552 0.999999  0.008576 0.748762 1 72 1.000000
0  -3.923902 -7.538619 -6.143699  0.000000 -0.001552 0.999999  0.008576 0.748762 1 72 1.000000
0  -3.892274 -7.608063 -6.143806  0.000000 -0.001552 0.999999  0.008576 0.748762 1 72 1.000000
lowpoly_plastic
0  -3.558851 -7.812179 -11.333915  0.756036 -0.649904 0.077687  0.008576 0.748762 1 72 1.000000
0  -3.558851 -7.676901 -10.176373  0.753220 -0.653528 0.074567  0.008576 0.748762 1 72 1.000000
0  -3.618951 -7.746001 -10.169467  0.756922 -0.649247 0.074480  0.008576 0.748762 1 72 1.000000
lowpoly_plastic
0  -4.109588 -8.351501 -13.611342  0.000000 -0.179765 -0.983710  0.008576 0.748762 1 72 1.000000
0  -4.176486 -8.351501 -13.611342  0.000000 -0.179765 -0.983710  0.008576 0.748762 1 72 1.000000
0  -4.185127 -8.241897 -13.631371  0.000000 -0.179765 -0.983710  0.008576 0.748762 1 72 1.000000
lowpoly_plastic
0  -3.736782 -7.880834 -11.327120  0.000000 -0.993286 0.115689  0.008576 0.748762 1 72 1.000000
0  -3.736782 -7.746001 -10.169467  0.000000 -0.993286 0.115689  0.008576 0.748762 1 72 1.000000
0  -3.867668 -7.746001 -10.169467  0.000000 -0.993286 0.115689  0.008576 0.748762 1 72 1.000000
lowpoly_plastic
0  -4.185127 -6.831200 -13.889168  0.000000 -0.179788 -0.983705  0.008576 0.748762 1 72 1.000000
0  -4.272913 -6.831200 -13.889168  0.000000 -0.179788 -0.983705  0.008576 0.748762 1 72 1.000000
0  -4.272913 -6.766057 -13.901073  0.000000 -0.179788 -0.983705  0.008576 0.748762 1 72 1.000000
lowpoly_plastic
0  -3.550210 -6.485390 -12.683177  0.000000 0.975876 -0.218326  0.008576 0.748762 1 72 1.000000
0  -3.654411 -6.485390 -12.683177  0.006376 0.975855 -0.218325  0.008576 0.748762 1 72 1.000000
0  -3.654411 -6.218812 -11.491621  0.000000 0.975876 -0.218326  0.008576 0.748762 1 72 1.000000
lowpoly_plastic
0  -3.732026 -7.538619 -6.143699  0.000000 -0.001552 0.999999  0.008576 0.748762 1 72 1.000000
0  -3.811433 -7.538619 -6.143699  0.000000 -0.001552 0.999999  0.008576 0.748762 1 72 1.000000
0  -3.779107 -7.608063 -6.143806  0.000000 -0.001552 0.999999  0.008576 0.748762 1 72 1.000000
lowpoly_plastic
0  -3.654411 -6.394765 -12.695693  0.000000 0.975876 -0.218326  0.008576 0.748762 1 72 1.000000
0  -3.867668 -6.394765 -12.695693  0.006357 0.975962 -0.217850  0.008576 0.748762 1 72 1.000000
0  -3.867668 -6.128187 -11.504136  0.000000 0.975876 -0.218326  0.008576 0.748762 1 72 1.000000
lowpoly_plastic
0  -4.062507 -8.290636 -13.046293  0.000000 -0.973745 0.227643  0.008576 0.748762 1 72 1.000000
0  -4.062507 -8.419815 -13.598858  0.000000 -0.973745 0.227643  0.008576 0.748762 1 72 1.000000
0  -3.998554 -8.419815 -13.598858  0.000000 -0.973745 0.227643  0.008576 0.748762 1 72 1.000000
lowpoly_plastic
0  -4.185127 -8.241897 -13.631371  0.000000 -0.179766 -0.983709  0.008576 0.748762 1 72 1.000000
0  -4.272913 -8.241897 -13.631371  0.000000 -0.179766 -0.983709  0.008576 0.748762 1 72 1.000000
0  -4.272913 -7.799085 -13.712293  0.000000 -0.179766 -0.983709  0.008576 0.748762 1 72 1.000000
lowpoly_plastic
0  -3.334465 -6.087096 -10.225001  0.000000 0.000000 1.000000  0.005476 0.761164 1 72 1.000000
0  -4.400872 -6.087096 -10.225001  0.000000 0.000000 1.000000  0.005476 0.761164 1 72 1.000000
0  -4.400871 -7.354600 -10.225001  0.000000 0.000000 1.000000  0.005476 0.761164 1 72 1.000000
lowpoly_plastic
0  -3.654410 -5.993142 -6.808359  0.000000 -1.000000 0.000000  0.008576 0.748762 1 72 1.000000
0  -3.550209 -5.993142 -6.808359  0.000000 -1.000000 0.000000  0.008576 0.748762 1 72 1.000000
0  -3.656487 -5.993142 -6.141292  0.000000 -1.000000 0.000000  0.008576 0.748762 1 72 1.000000
lowpoly_plastic
0  -4.078847 -6.977054 -6.142824  0.987545 0.000246 -0.157337  0.008576 0.748762 1 72 1.000000
0  -4.185125 -6.977054 -6.809891  0.987545 0.000246 -0.157337  0.008576 0.748762 1 72 1.000000
0  -4.185126 -5.993142 -6.808359  0.987545 0.000246 -0.157337  0.008576 0.748762 1 72 1.000000
lowpoly_plastic
0  -3.867667 -5.993142 -6.808359  0.000000 -1.000000 0.000000  0.008576 0.748762 1 72 1.000000
0  -3.654410 -5.993142 -6.808359  0.000000 -1.000000 0.000000  0.008576 0.748762 1 72 1.000000
0  -3.760689 -5.993142 -6.141292  0.000000 -1.000000 0.000000  0.008576 0.748762 1 72 1.000000
lowpoly_plastic
0  -3.558851 -7.572039 -9.157390  0.756123 -0.654387 0.007481  0.008576 0.748762 1 72 1.000000
0  -3.558850 -7.545487 -6.835025  0.756123 -0.654387 0.007481  0.008576 0.748762 1 72 1.000000
0  -3.618950 -7.614930 -6.834948  0.756123 -0.654387 0.007481  0.008576 0.748762 1 72 1.000000
lowpoly_plastic
0  -4.272912 -5.984858 -9.175779  -1.000000 0.000000 0.000000  0.008576 0.748762 1 72 1.000000
0  -4.272912 -6.026660 -9.175023  -1.000000 0.000000 0.000000  0.008576 0.748762 1 72 1.000000
0  -4.272912 -6.000030 -6.836738  -1.000000 0.000000 0.000000  0.008576 0.748762 1 72 1.000000
lowpoly_plastic
0  -3.654411 -5.993142 -8.335141  0.000000 -1.000000 -0.000000  0.008576 0.748762 1 72 1.000000
0  -3.550210 -5.993142 -8.335141  0.000000 -1.000000 -0.000000  0.008576 0.748762 1 72 1.000000
0  -3.550209 -5.993142 -6.808359  0.000000 -1.000000 -0.000000  0.008576 0.748762 1 72 1.000000
lowpoly_plastic
0  -3.334464 -7.449031 -10.493556  0.000000 0.000000 -1.000000  0.005476 0.761164 1 72 1.000000
0  -4.400871 -7.449031 -10.493556  0.000000 0.000000 -1.000000  0.005476 0.761164 1 72 1.000000
0  -4.400872 -6.087096 -10.493556  0.000000 0.000000 -1.000000  0.005476 0.761164 1 72 1.000000
lowpoly_plastic
0  -4.080925 -5.984858 -9.175779  -1.000000 -0.000000 0.000000  0.008576 0.748762 1 72 1.000000
0  -4.080925 -5.958225 -6.836811  -1.000000 -0.000000 0.000000  0.008576 0.748762 1 72 1.000000
0  -4.080925 -5.867599 -6.849327  -1.000000 -0.000000 0.000000  0.008576 0.748762 1 72 1.000000
lowpoly_plastic
0  -3.998553 -7.746001 -10.169467  0.000000 -0.993285 0.115689  0.008576 0.748762 1 72 1.000000
0  -4.062506 -7.746001 -10.169467  0.000000 -0.993285 0.115689  0.008576 0.748762 1 72 1.000000
0  -4.062507 -7.880834 -11.327120  0.000000 -0.993285 0.115689  0.008576 0.748762 1 72 1.000000
lowpoly_plastic
0  -4.272912 -6.026660 -9.175023  -1.000000 -0.000001 0.000000  0.008576 0.748762 1 72 1.000000
0  -4.272912 -7.010510 -9.163797  -1.000000 -0.000001 0.000000  0.008576 0.748762 1 72 1.000000
0  -4.272911 -6.983929 -6.835647  -1.000000 -0.000001 0.000000  0.008576 0.748762 1 72 1.000000
lowpoly_plastic
0  -3.550209 -5.993142 -6.808359  -0.987545 0.000245 -0.157337  0.008576 0.748762 1 72 1.000000
0  -3.550209 -6.977054 -6.809891  -0.987545 0.000245 -0.157337  0.008576 0.748762 1 72 1.000000
0  -3.656487 -6.977054 -6.142824  -0.987545 0.000245 -0.157337  0.008576 0.748762 1 72 1.000000
lowpoly_plastic
0  -3.654411 -6.675433 -13.913589  0.000000 0.973067 -0.230524  0.008576 0.748762 1 72 1.000000
0  -3.867668 -6.675433 -13.913589  0.000000 0.973067 -0.230524  0.008576 0.748762 1 72 1.000000
0  -3.867668 -6.559115 -13.422601  0.002266 0.971685 -0.236269  0.008576 0.748762 1 72 1.000000
lowpoly_plastic
0  -3.618951 -8.290636 -13.046293  0.755186 -0.638560 0.148110  0.008576 0.748762 1 72 1.000000
0  -3.618951 -8.419815 -13.598858  0.756069 -0.637291 0.149065  0.008576 0.748762 1 72 1.000000
0  -3.558851 -8.351501 -13.611342  0.756069 -0.637291 0.149065  0.008576 0.748762 1 72 1.000000
lowpoly_plastic
0  -3.956228 -7.608063 -6.143806  0.000000 -0.999951 0.009937  0.008576 0.748762 1 72 1.000000
0  -4.010106 -7.608063 -6.143806  0.000000 -0.999951 0.009937  0.008576 0.748762 1 72 1.000000
0  -4.062506 -7.614930 -6.834948  0.000000 -0.999951 0.009937  0.008576 0.748762 1 72 1.000000
lowpoly_plastic
0  -3.550209 -7.427199 -8.337374  -0.827712 0.561154 0.000000  0.008576 0.748762 1 72 1.000000
0  -3.625748 -7.538620 -8.337546  -0.827712 0.561154 0.000000  0.008576 0.748762 1 72 1.000000
0  -3.625747 -7.538619 -6.810765  -0.827712 0.561154 0.000000  0.008576 0.748762 1 72 1.000000
lowpoly_plastic
0  -3.656487 -5.926921 -6.141189  -0.000409 0.999998 0.001787  0.008576 0.748762 1 72 1.000000
0  -3.705285 -5.927300 -5.940608  -0.000409 0.999998 0.001787  0.008576 0.748762 1 72 1.000000
0  -3.652966 -5.927301 -5.928096  -0.000409 0.999998 0.001787  0.008576 0.748762 1 72 1.000000
lowpoly_plastic
0  -4.030049 -5.927300 -5.940608  0.232594 -0.001505 0.972573  0.008576 0.748762 1 72 1.000000
0  -4.082368 -5.927301 -5.928096  0.232594 -0.001505 0.972573  0.008576 0.748762 1 72 1.000000
0  -4.082368 -5.993521 -5.928199  0.232594 -0.001505 0.972573  0.008576 0.748762 1 72 1.000000
lowpoly_plastic
0  -3.736783 -8.419815 -13.598858  0.000000 -0.973745 0.227641  0.008576 0.748762 1 72 1.000000
0  -3.672830 -8.419815 -13.598858  0.000000 -0.973745 0.227641  0.008576 0.748762 1 72 1.000000
0  -3.672829 -8.290636 -13.046293  0.000000 -0.973745 0.227641  0.008576 0.748762 1 72 1.000000
lowpoly_plastic
0  -3.434870 -6.707209 -14.055555  1.000000 0.000000 0.000000  0.005476 0.761164 1 72 1.000000
0  -3.434870 -6.666368 -13.865941  1.000000 0.000000 0.000000  0.005476 0.761164 1 72 1.000000
0  -3.434870 -8.353992 -13.548979  1.000000 0.000000 0.000000  0.005476 0.761164 1 72 1.000000
lowpoly_plastic
0  -3.687268 -8.579170 -13.506686  0.672005 -0.723944 0.155930  0.005476 0.761164 1 72 1.000000
0  -3.687268 -8.620011 -13.696301  0.672005 -0.723944 0.155930  0.005476 0.761164 1 72 1.000000
0  -3.434870 -8.394833 -13.738592  0.672005 -0.723944 0.155930  0.005476 0.761164 1 72 1.000000
lowpoly_plastic
0  -4.030180 -7.538619 -6.810765  0.000000 1.000000 0.000000  0.008576 0.748762 1 72 1.000000
0  -4.030180 -7.538620 -8.337546  0.000000 1.000000 0.000000  0.008576 0.748762 1 72 1.000000
0  -4.109587 -7.538620 -8.337546  0.000000 1.000000 0.000000  0.008576 0.748762 1 72 1.000000
lowpoly_plastic
0  -4.080925 -6.649740 -13.410086  -0.006376 -0.220515 -0.975363  0.863264 0.820637 1 72 1.000000
0  -4.185127 -6.649740 -13.410086  0.000000 -0.220520 -0.975383  0.863264 0.820637 1 72 1.000000
0  -4.185127 -6.612295 -13.418551  0.000000 -0.220520 -0.975383  0.863264 0.820637 1 72 1.000000
lowpoly_plastic
0  -3.462423 -6.983929 -6.835647  0.988438 -0.000236 0.151627  0.008576 0.748762 1 72 1.000000
0  -3.568701 -6.977054 -6.142824  0.988438 -0.000236 0.151627  0.008576 0.748762 1 72 1.000000
0  -3.568701 -7.427198 -6.143525  0.988438 -0.000236 0.151627  0.008576 0.748762 1 72 1.000000
lowpoly_plastic
0  -4.272912 -6.073191 -10.336664  0.000000 0.997118 -0.075872  0.008576 0.748762 1 72 1.000000
0  -4.272912 -5.984858 -9.175779  0.000000 0.997118 -0.075872  0.008576 0.748762 1 72 1.000000
0  -4.185126 -5.984858 -9.175779  0.000000 0.997118 -0.075872  0.008576 0.748762 1 72 1.000000
lowpoly_plastic
0  -3.867668 10.290794 -20.063068  0.000000 0.977582 -0.210556  0.005476 0.761164 1 79 1.000000
0  -3.867668 10.331635 -19.873455  0.000000 0.977582 -0.210556  0.005476 0.761164 1 79 1.000000
0  -3.434870 10.331635 -19.873455  0.000000 0.977582 -0.210556  0.005476 0.761164 1 79 1.000000
lowpoly_plastic
0  -3.779107 -7.608063 -6.143806  0.000000 -0.999951 0.009937  0.008576 0.748762 1 72 1.000000
0  -3.843060 -7.608063 -6.143806  0.000000 -0.999951 0.009937  0.008576 0.748762 1 72 1.000000
0  -3.867667 -7.614930 -6.834948  0.000000 -0.999951 0.009937  0.008576 0.748762 1 72 1.000000
lowpoly_plastic
0  -3.462424 -6.766057 -13.901073  0.000000 0.973067 -0.230524  0.008576 0.748762 1 72 1.000000
0  -3.550210 -6.766057 -13.901073  0.000000 0.973067 -0.230524  0.008576 0.748762 1 72 1.000000
0  -3.550210 -6.649740 -13.410086  0.000000 0.973067 -0.230524  0.008576 0.748762 1 72 1.000000
lowpoly_plastic
0  -3.550210 -6.766057 -13.901073  0.000000 -0.179787 -0.983706  0.008576 0.748762 1 72 1.000000
0  -3.550210 -6.831200 -13.889168  0.000000 -0.179787 -0.983706  0.008576 0.748762 1 72 1.000000
0  -3.654411 -6.831200 -13.889168  0.000000 -0.179787 -0.983706  0.008576 0.748762 1 72 1.000000
lowpoly_plastic
0  -3.725228 -7.608063 -6.143806  0.000000 -0.999951 0.009935  0.008576 0.748762 1 72 1.000000
0  -3.779107 -7.608063 -6.143806  0.000000 -0.999951 0.009935  0.008576 0.748762 1 72 1.000000
0  -3.736781 -7.614930 -6.834948  0.000479 -0.999946 0.010405  0.008576 0.748762 1 72 1.000000
lowpoly_plastic
0  -3.654410 -5.958225 -6.836811  0.000000 0.999935 -0.011386  0.008576 0.748762 1 72 1.000000
0  -3.550209 -5.958225 -6.836811  0.000000 0.999935 -0.011386  0.008576 0.748762 1 72 1.000000
0  -3.550210 -5.984858 -9.175779  0.000000 0.999935 -0.011386  0.008576 0.748762 1 72 1.000000
lowpoly_plastic
0  -3.656487 -5.993142 -6.141292  0.000000 -0.001555 0.999999  0.008576 0.748762 1 72 1.000000
0  -3.656487 -5.926921 -6.141189  0.000000 -0.001555 0.999999  0.008576 0.748762 1 72 1.000000
0  -3.760689 -5.926921 -6.141189  0.000000 -0.001555 0.999999  0.008576 0.748762 1 72 1.000000
lowpoly_plastic
0  -3.736782 -8.131048 -12.374907  0.000000 -0.972651 0.232270  0.008576 0.748762 1 72 1.000000
0  -3.672829 -8.131048 -12.374907  0.000000 -0.972651 0.232270  0.008576 0.748762 1 72 1.000000
0  -3.672829 -7.880834 -11.327120  0.000000 -0.972651 0.232270  0.008576 0.748762 1 72 1.000000
lowpoly_plastic
0  -3.705154 -7.538620 -8.337546  0.000000 1.000000 0.000000  0.008576 0.748762 1 72 1.000000
0  -3.867667 -7.538620 -8.337546  0.000000 1.000000 0.000000  0.008576 0.748762 1 72 1.000000
0  -3.867667 -7.538619 -6.810765  0.000000 1.000000 0.000000  0.008576 0.748762 1 72 1.000000
lowpoly_plastic
0  -3.558851 -8.063068 -12.387641  -0.025706 0.208062 0.977778  0.863264 0.820637 1 72 1.000000
0  -3.618951 -8.131048 -12.374907  -0.023388 0.214805 0.976377  0.863264 0.820637 1 72 1.000000
0  -3.602834 -8.164948 -12.366853  -0.029174 0.215844 0.975992  0.863264 0.820637 1 72 1.000000
lowpoly_plastic
0  -4.185125 -7.427199 -6.810592  1.000000 -0.000001 -0.000000  0.008576 0.748762 1 72 1.000000
0  -4.185126 -7.427199 -8.337374  1.000000 -0.000001 -0.000000  0.008576 0.748762 1 72 1.000000
0  -4.185126 -6.977055 -8.336673  1.000000 -0.000001 -0.000000  0.008576 0.748762 1 72 1.000000
lowpoly_plastic
0  -4.272912 -8.114102 -13.085431  -0.006526 -0.225608 -0.974196  0.863264 0.820637 1 72 1.000000
0  -4.176485 -8.222855 -13.061320  -0.008894 -0.220911 -0.975253  0.863264 0.820637 1 72 1.000000
0  -4.205480 -8.247338 -13.055515  -0.004631 -0.218376 -0.975854  0.863264 0.820637 1 72 1.000000
lowpoly_plastic
0  -4.272912 -6.073191 -10.336664  -1.000000 0.000000 0.000000  0.008576 0.748762 1 72 1.000000
0  -4.272912 -6.139083 -10.330079  -1.000000 0.000000 0.000000  0.008576 0.748762 1 72 1.000000
0  -4.272912 -6.026660 -9.175023  -1.000000 0.000000 0.000000  0.008576 0.748762 1 72 1.000000
lowpoly_plastic
0  -3.462424 -7.566033 -10.187455  0.754425 -0.652466 0.071632  0.008576 0.748762 1 72 1.000000
0  -3.462424 -7.460626 -9.158661  0.755125 -0.652160 0.066886  0.008576 0.748762 1 72 1.000000
0  -3.558851 -7.572039 -9.157390  0.756078 -0.651132 0.066134  0.008576 0.748762 1 72 1.000000
lowpoly_plastic
0  -4.166634 -5.993142 -6.141292  -0.929933 -0.000568 0.367728  0.008576 0.748762 1 72 1.000000
0  -4.082368 -5.993521 -5.928199  -0.929933 -0.000568 0.367728  0.008576 0.748762 1 72 1.000000
0  -4.082368 -5.927301 -5.928096  -0.929933 -0.000568 0.367728  0.008576 0.748762 1 72 1.000000
lowpoly_plastic
0  -4.272913 -6.485390 -12.683177  0.006376 0.220504 0.975365  0.863264 0.820637 1 72 1.000000
0  -4.185127 -6.485390 -12.683177  0.000000 0.220508 0.975385  0.863264 0.820637 1 72 1.000000
0  -4.185127 -6.447945 -12.691643  0.000000 0.220508 0.975385  0.863264 0.820637 1 72 1.000000
lowpoly_plastic
0  -3.462424 -6.284280 -11.485141  1.000000 0.000000 -0.000000  0.008576 0.748762 1 72 1.000000
0  -3.462424 -6.139083 -10.330079  1.000000 0.000000 -0.000000  0.008576 0.748762 1 72 1.000000
0  -3.462424 -7.118120 -10.232224  1.000000 0.000000 -0.000000  0.008576 0.748762 1 72 1.000000
lowpoly_plastic
0  -4.400871 9.643402 -16.232515  -1.000000 -0.000001 0.000000  0.005476 0.761164 1 79 1.000000
0  -4.400872 10.910907 -16.232515  -1.000000 -0.000001 0.000000  0.005476 0.761164 1 79 1.000000
0  -4.400872 10.910907 -16.414185  -1.000000 -0.000001 0.000000  0.005476 0.761164 1 79 1.000000
lowpoly_plastic
0  -3.843060 -7.608063 -6.143806  0.000000 -0.001552 0.999999  0.008576 0.748762 1 72 1.000000
0  -3.811433 -7.538619 -6.143699  0.000000 -0.001552 0.999999  0.008576 0.748762 1 72 1.000000
0  -3.867667 -7.538619 -6.143699  0.000000 -0.001552 0.999999  0.008576 0.748762 1 72 1.000000
lowpoly_plastic
0  -3.923902 -7.538619 -6.143699  0.000000 -0.001552 0.999999  0.008576 0.748762 1 72 1.000000
0  -4.003308 -7.538619 -6.143699  0.000000 -0.001552 0.999999  0.008576 0.748762 1 72 1.000000
0  -4.010106 -7.608063 -6.143806  0.000000 -0.001552 0.999999  0.008576 0.748762 1 72 1.000000
lowpoly_plastic
0  -3.550209 -5.958225 -6.836811  0.000000 0.999935 -0.011386  0.008576 0.748762 1 72 1.000000
0  -3.462423 -5.958225 -6.836811  0.000000 0.999935 -0.011386  0.008576 0.748762 1 72 1.000000
0  -3.462424 -5.984858 -9.175779  0.000000 0.999935 -0.011386  0.008576 0.748762 1 72 1.000000
lowpoly_plastic
0  -3.867668 -8.241897 -13.631371  0.000000 -0.179766 -0.983709  0.008576 0.748762 1 72 1.000000
0  -4.080925 -8.241897 -13.631371  0.000000 -0.179766 -0.983709  0.008576 0.748762 1 72 1.000000
0  -4.080925 -7.799085 -13.712293  0.000000 -0.179766 -0.983709  0.008576 0.748762 1 72 1.000000
lowpoly_plastic
0  -3.867668 -7.746001 -10.169467  0.000000 -0.993286 0.115689  0.008576 0.748762 1 72 1.000000
0  -3.998553 -7.746001 -10.169467  0.000000 -0.993286 0.115689  0.008576 0.748762 1 72 1.000000
0  -3.998554 -7.880834 -11.327120  0.000000 -0.993286 0.115689  0.008576 0.748762 1 72 1.000000
lowpoly_plastic
0  -4.080925 -5.982566 -10.349180  0.000000 0.992145 -0.125094  0.008576 0.748762 1 72 1.000000
0  -3.867668 -5.982566 -10.349180  0.000000 0.992145 -0.125094  0.008576 0.748762 1 72 1.000000
0  -3.867668 -6.128187 -11.504136  0.000000 0.992145 -0.125094  0.008576 0.748762 1 72 1.000000
lowpoly_plastic
0  -3.654411 -5.984858 -9.175779  0.000000 0.997118 -0.075872  0.008576 0.748762 1 72 1.000000
0  -3.550210 -5.984858 -9.175779  0.000000 0.997118 -0.075872  0.008576 0.748762 1 72 1.000000
0  -3.550210 -6.073191 -10.336664  0.000000 0.997118 -0.075872  0.008576 0.748762 1 72 1.000000
lowpoly_plastic
0  -3.867668 -7.799085 -13.712293  0.000000 -0.179767 -0.983709  0.008576 0.748762 1 72 1.000000
0  -4.080925 -7.799085 -13.712293  0.000000 -0.179767 -0.983709  0.008576 0.748762 1 72 1.000000
0  -4.080925 -6.831200 -13.889168  0.000000 -0.179767 -0.983709  0.008576 0.748762 1 72 1.000000
lowpoly_plastic
0  -4.272912 -5.984858 -9.175779  0.000000 0.999935 -0.011386  0.008576 0.748762 1 72 1.000000
0  -4.272912 -5.958225 -6.836811  0.000000 0.999935 -0.011386  0.008576 0.748762 1 72 1.000000
0  -4.185126 -5.958225 -6.836811  0.000000 0.999935 -0.011386  0.008576 0.748762 1 72 1.000000
lowpoly_plastic
0  -3.705154 -7.538619 -6.810765  0.000000 1.000000 0.000000  0.008576 0.748762 1 72 1.000000
0  -3.867667 -7.538619 -6.810765  0.000000 1.000000 0.000000  0.008576 0.748762 1 72 1.000000
0  -3.811433 -7.538619 -6.143699  0.000000 1.000000 0.000000  0.008576 0.748762 1 72 1.000000
lowpoly_plastic
0  -4.078847 -7.427198 -6.143525  0.820513 0.556479 -0.130726  0.008576 0.748762 1 72 1.000000
0  -4.003308 -7.538619 -6.143699  0.820513 0.556479 -0.130726  0.008576 0.748762 1 72 1.000000
0  -4.109587 -7.538619 -6.810765  0.820513 0.556479 -0.130726  0.008576 0.748762 1 72 1.000000
lowpoly_plastic
0  -3.462424 -7.460626 -9.158661  0.756130 -0.654379 0.007479  0.008576 0.748762 1 72 1.000000
0  -3.462423 -7.434068 -6.835149  0.756130 -0.654379 0.007479  0.008576 0.748762 1 72 1.000000
0  -3.558850 -7.545487 -6.835025  0.756130 -0.654379 0.007479  0.008576 0.748762 1 72 1.000000
lowpoly_plastic
0  -4.400871 9.548971 -16.414185  -1.000000 -0.000001 -0.000000  0.005476 0.761164 1 79 1.000000
0  -4.400872 10.910907 -16.414185  -1.000000 -0.000001 -0.000000  0.005476 0.761164 1 79 1.000000
0  -4.400872 10.910908 -16.501070  -1.000000 -0.000001 -0.000000  0.005476 0.761164 1 79 1.000000
lowpoly_plastic
0  -4.272912 -7.460626 -9.158661  -0.756147 -0.654360 0.007482  0.008576 0.748762 1 72 1.000000
0  -4.176485 -7.572039 -9.157390  -0.756147 -0.654360 0.007482  0.008576 0.748762 1 72 1.000000
0  -4.176484 -7.545487 -6.835025  -0.756147 -0.654360 0.007482  0.008576 0.748762 1 72 1.000000
lowpoly_plastic
0  -3.672830 -8.419815 -13.598858  0.000000 -0.973745 0.227643  0.008576 0.748762 1 72 1.000000
0  -3.618951 -8.419815 -13.598858  0.000000 -0.973745 0.227643  0.008576 0.748762 1 72 1.000000
0  -3.618951 -8.290636 -13.046293  -0.000151 -0.974232 0.225547  0.008576 0.748762 1 72 1.000000
lowpoly_plastic
0  -3.462424 -6.026660 -9.175023  1.000000 0.000000 -0.000000  0.008576 0.748762 1 72 1.000000
0  -3.462423 -6.000030 -6.836738  1.000000 0.000000 -0.000000  0.008576 0.748762 1 72 1.000000
0  -3.462423 -6.983929 -6.835647  1.000000 0.000000 -0.000000  0.008576 0.748762 1 72 1.000000
lowpoly_plastic
0  -4.078847 -7.427198 -6.143525  0.987545 0.000245 -0.157338  0.008576 0.748762 1 72 1.000000
0  -4.185125 -7.427199 -6.810592  0.987545 0.000245 -0.157338  0.008576 0.748762 1 72 1.000000
0  -4.185125 -6.977054 -6.809891  0.987545 0.000245 -0.157338  0.008576 0.748762 1 72 1.000000
lowpoly_plastic
0  -4.080925 -6.218812 -11.491621  -1.000000 -0.000001 0.000000  0.008576 0.748762 1 72 1.000000
0  -4.080925 -6.073191 -10.336664  -1.000000 -0.000001 0.000000  0.008576 0.748762 1 72 1.000000
0  -4.080925 -5.982566 -10.349180  -1.000000 -0.000001 0.000000  0.008576 0.748762 1 72 1.000000
lowpoly_plastic
0  -3.652966 -6.675337 -5.929730  -0.232559 -0.002184 0.972580  0.008576 0.748762 1 72 1.000000
0  -3.652966 -5.993521 -5.928199  -0.232559 -0.002184 0.972580  0.008576 0.748762 1 72 1.000000
0  -3.705285 -5.993521 -5.940710  -0.232559 -0.002184 0.972580  0.008576 0.748762 1 72 1.000000
lowpoly_plastic
0  -4.078847 -6.977054 -6.142824  0.191963 -0.564671 0.802681  0.008576 0.748762 1 72 1.000000
0  -4.030049 -6.675337 -5.942241  0.191963 -0.564671 0.802681  0.008576 0.748762 1 72 1.000000
0  -4.082368 -6.675337 -5.929730  0.000075 -0.576887 0.816824  0.008576 0.748762 1 72 1.000000
lowpoly_metal
0  -3.830955 10.948547 -11.913384  0.500007 0.000000 0.866021  0.991823 0.744479 1 79 1.000000
0  -3.703935 10.948547 -11.986719  0.500007 0.000000 0.866021  0.991824 0.744480 1 79 1.000000
0  -3.703935 10.991239 -11.986719  0.500007 0.000000 0.866021  0.991824 0.744482 1 79 1.000000
lowpoly_metal
0  -3.830955 10.158391 -12.232286  -0.499998 0.000001 -0.866027  0.991821 0.744438 1 79 1.000000
0  -3.980113 10.158391 -12.146171  -0.499998 0.000001 -0.866027  0.991821 0.744438 1 79 1.000000
0  -3.980113 10.918664 -12.146170  -0.499998 0.000001 -0.866027  0.991823 0.744480 1 79 1.000000
lowpoly_metal
0  -3.822214 11.000902 -12.474474  -0.500013 0.000000 0.866018  0.200926 0.194578 1 79 1.000000
0  -3.822214 11.025959 -12.474474  -0.500013 0.000000 0.866018  0.200926 0.194578 1 79 1.000000
0  -3.891027 11.025959 -12.514203  -0.500013 0.000000 0.866018  0.200926 0.194578 1 79 1.000000
lowpoly_metal
0  -3.971372 10.918664 -12.467815  -0.803524 0.595272 0.000000  0.991798 0.744497 1 79 1.000000
0  -3.949234 10.948547 -12.480598  -0.803524 0.595272 0.000000  0.991799 0.744500 1 79 1.000000
0  -3.949234 10.948547 -12.627268  -0.803524 0.595272 0.000000  0.991798 0.744498 1 79 1.000000
lowpoly_metal
0  -3.822214 10.918664 -12.726166  -0.401767 0.595279 -0.695864  0.991798 0.744495 1 79 1.000000
0  -3.971372 10.918664 -12.640049  -0.401767 0.595279 -0.695864  0.991798 0.744496 1 79 1.000000
0  -3.949234 10.948547 -12.627268  -0.401767 0.595279 -0.695864  0.991798 0.744498 1 79 1.000000
lowpoly_metal
0  -4.093749 10.918664 -12.244915  -0.499998 -0.000000 0.866026  0.991812 0.744428 1 79 1.000000
0  -4.093748 10.158391 -12.244915  -0.499998 -0.000000 0.866026  0.991809 0.744475 1 79 1.000000
0  -3.944590 10.158391 -12.158798  -0.499998 -0.000000 0.866026  0.991809 0.744475 1 79 1.000000
lowpoly_metal
0  -3.830955 10.918665 -11.887821  -0.401769 0.595283 0.695859  0.991823 0.744478 1 79 1.000000
0  -3.830955 10.948547 -11.913384  -0.401769 0.595283 0.695859  0.991823 0.744479 1 79 1.000000
0  -3.957975 10.948547 -11.986719  -0.401769 0.595283 0.695859  0.991823 0.744480 1 79 1.000000
lowpoly_metal
0  -3.982920 10.991239 -11.972317  -1.000000 0.000000 0.000001  0.991823 0.744483 1 79 1.000000
0  -3.982920 11.028236 -11.972317  -1.000000 0.000000 0.000001  0.991823 0.744484 1 79 1.000000
0  -3.982921 11.028236 -12.147791  -1.000000 0.000000 0.000001  0.991821 0.744487 1 79 1.000000
lowpoly_metal
0  -3.949234 10.948547 -12.627268  -0.499998 0.000000 -0.866027  0.991798 0.744498 1 79 1.000000
0  -3.949234 10.991238 -12.627268  -0.499998 0.000000 -0.866027  0.991798 0.744500 1 79 1.000000
0  -3.822214 10.991239 -12.700603  -0.499998 0.000000 -0.866027  0.991798 0.744499 1 79 1.000000
lowpoly_metal
0  -4.021291 11.028236 -12.286749  1.000000 0.000000 0.000000  0.991813 0.744418 1 79 1.000000
0  -4.021291 11.000902 -12.286749  1.000000 0.000000 0.000000  0.991813 0.744417 1 79 1.000000
0  -4.021291 11.000902 -12.375315  1.000000 0.000000 0.000000  0.991813 0.744416 1 79 1.000000
lowpoly_metal
0  -3.971371 10.158391 -12.640049  -0.931431 -0.363917 0.000000  0.991795 0.744446 1 79 1.000000
0  -3.922666 10.033733 -12.611929  -0.931431 -0.363917 0.000000  0.991794 0.744441 1 79 1.000000
0  -3.922666 10.033733 -12.495935  -0.931431 -0.363917 0.000000  0.991795 0.744441 1 79 1.000000
lowpoly_metal
0  -4.071610 10.991239 -12.257697  -0.000004 -1.000000 0.000000  0.991812 0.744424 1 79 1.000000
0  -3.944591 10.991238 -12.184362  -0.000004 -1.000000 0.000000  0.991812 0.744424 1 79 1.000000
0  -4.096556 10.991239 -12.243294  -0.000004 -1.000000 0.000000  0.991813 0.744423 1 79 1.000000
lowpoly_metal
0  -3.944591 10.991238 -12.184362  -0.000019 -1.000000 0.000054  0.991812 0.744424 1 79 1.000000
0  -3.944591 10.991239 -12.155558  -0.000019 -1.000000 0.000054  0.991812 0.744422 1 79 1.000000
0  -4.096556 10.991239 -12.243294  -0.000019 -1.000000 0.000054  0.991813 0.744423 1 79 1.000000
lowpoly_metal
0  -3.678990 10.991239 -11.972317  0.000000 -1.000000 -0.000054  0.991824 0.744483 1 79 1.000000
0  -3.830955 10.991239 -11.884580  0.000000 -1.000000 -0.000054  0.991824 0.744482 1 79 1.000000
0  -3.703935 10.991239 -11.986719  0.000000 -1.000000 -0.000054  0.991824 0.744482 1 79 1.000000
lowpoly_metal
0  -3.830955 10.991239 -11.884580  0.000000 -1.000000 0.000000  0.991824 0.744482 1 79 1.000000
0  -3.830955 10.991239 -11.913384  0.000000 -1.000000 0.000000  0.991824 0.744481 1 79 1.000000
0  -3.703935 10.991239 -11.986719  0.000000 -1.000000 0.000000  0.991824 0.744482 1 79 1.000000
lowpoly_metal
0  -3.703935 10.991239 -11.986719  0.000000 -1.000000 0.000000  0.991824 0.744482 1 79 1.000000
0  -3.703935 10.991239 -12.133389  0.000000 -1.000000 0.000000  0.991825 0.744484 1 79 1.000000
0  -3.678990 10.991239 -12.147791  0.000000 -1.000000 0.000000  0.991826 0.744486 1 79 1.000000
lowpoly_metal
0  -3.974179 10.991239 -12.641670  -0.500005 0.000000 -0.866023  0.991799 0.744502 1 79 1.000000
0  -3.974179 11.028236 -12.641670  -0.500005 0.000000 -0.866023  0.991799 0.744504 1 79 1.000000
0  -3.822214 11.028236 -12.729407  -0.500005 0.000000 -0.866023  0.991799 0.744503 1 79 1.000000
lowpoly_metal
0  -3.944591 10.918664 -12.158798  0.500000 0.000000 0.866025  0.991812 0.744428 1 79 1.000000
0  -3.944590 10.158391 -12.158798  0.500000 0.000000 0.866025  0.991809 0.744475 1 79 1.000000
0  -3.795432 10.158392 -12.244915  0.500000 0.000000 0.866025  0.991809 0.744475 1 79 1.000000
lowpoly_metal
0  -3.822213 10.033733 -12.437939  -0.500012 0.000000 0.866019  0.991795 0.744441 1 79 1.000000
0  -3.922666 10.033733 -12.495935  -0.500012 0.000000 0.866019  0.991795 0.744441 1 79 1.000000
0  -3.922666 9.873217 -12.495935  -0.500012 0.000000 0.866019  0.991795 0.744433 1 79 1.000000
lowpoly_metal
0  -3.670249 11.028236 -12.466195  0.000000 1.000000 0.000000  0.991799 0.744508 1 79 1.000000
0  -3.745514 11.028236 -12.598215  0.000000 1.000000 0.000000  0.991799 0.744507 1 79 1.000000
0  -3.745514 11.028236 -12.509649  0.000000 1.000000 0.000000  0.991799 0.744512 1 79 1.000000
lowpoly_metal
0  -3.822214 11.028236 -12.465366  0.000000 1.000000 0.000000  0.991800 0.744522 1 79 1.000000
0  -3.898914 11.028236 -12.509649  0.000000 1.000000 0.000000  0.991799 0.744511 1 79 1.000000
0  -3.822214 11.028236 -12.378458  0.000000 1.000000 0.000000  0.991799 0.744516 1 79 1.000000
lowpoly_metal
0  -3.898914 11.028236 -12.509649  0.000000 1.000000 0.000000  0.991799 0.744511 1 79 1.000000
0  -3.974179 11.028236 -12.466195  0.000000 1.000000 0.000000  0.991799 0.744508 1 79 1.000000
0  -3.822214 11.028236 -12.378458  0.000000 1.000000 0.000000  0.991799 0.744516 1 79 1.000000
lowpoly_metal
0  -3.670249 11.028236 -12.466195  0.000000 1.000000 0.000000  0.991799 0.744508 1 79 1.000000
0  -3.745514 11.028236 -12.509649  0.000000 1.000000 0.000000  0.991799 0.744512 1 79 1.000000
0  -3.822214 11.028236 -12.378458  0.000000 1.000000 0.000000  0.991799 0.744516 1 79 1.000000
lowpoly_metal
0  -3.726331 9.873217 -12.498575  0.000000 -1.000000 0.000000  0.991794 0.744433 1 79 1.000000
0  -3.726331 9.873217 -12.609289  0.000000 -1.000000 0.000000  0.991793 0.744433 1 79 1.000000
0  -3.721760 9.873217 -12.495935  0.000000 -1.000000 0.000000  0.991794 0.744435 1 79 1.000000
lowpoly_metal
0  -3.822213 9.873217 -12.437939  0.000000 -1.000000 0.000000  0.991795 0.744435 1 79 1.000000
0  -3.918095 9.873217 -12.498575  0.000000 -1.000000 0.000000  0.991794 0.744431 1 79 1.000000
0  -3.822213 9.873217 -12.443217  0.000000 -1.000000 0.000000  0.991795 0.744432 1 79 1.000000
lowpoly_metal
0  -3.822213 9.873217 -12.443217  0.000000 -1.000000 -0.000059  0.991795 0.744432 1 79 1.000000
0  -3.726331 9.873217 -12.498575  0.000000 -1.000000 -0.000059  0.991794 0.744433 1 79 1.000000
0  -3.721760 9.873217 -12.495935  0.000000 -1.000000 -0.000059  0.991794 0.744435 1 79 1.000000
lowpoly_metal
0  -3.822214 10.948547 -12.407263  -0.499976 0.000000 0.866039  0.991799 0.744502 1 79 1.000000
0  -3.822214 10.991239 -12.407263  -0.499976 0.000000 0.866039  0.991799 0.744506 1 79 1.000000
0  -3.949234 10.991239 -12.480597  -0.499976 0.000000 0.866039  0.991799 0.744503 1 79 1.000000
lowpoly_metal
0  -3.944591 11.028236 -12.419598  0.499987 0.000000 0.866033  0.991813 0.744413 1 79 1.000000
0  -4.021291 11.028236 -12.375315  0.499987 0.000000 0.866033  0.991813 0.744417 1 79 1.000000
0  -4.021291 11.000902 -12.375315  0.499987 0.000000 0.866033  0.991813 0.744416 1 79 1.000000
lowpoly_metal
0  -3.830955 10.948547 -11.913384  -0.499990 0.000000 0.866031  0.991823 0.744479 1 79 1.000000
0  -3.830955 10.991239 -11.913384  -0.499990 0.000000 0.866031  0.991824 0.744481 1 79 1.000000
0  -3.957975 10.991239 -11.986719  -0.499990 0.000000 0.866031  0.991823 0.744482 1 79 1.000000
lowpoly_metal
0  -3.745514 11.028236 -12.598215  0.000000 1.000000 0.000000  0.991799 0.744507 1 79 1.000000
0  -3.670249 11.028236 -12.466195  0.000000 1.000000 0.000000  0.991799 0.744508 1 79 1.000000
0  -3.670249 11.028236 -12.641670  0.000000 1.000000 0.000000  0.991798 0.744504 1 79 1.000000
lowpoly_metal
0  -3.974179 11.028236 -12.641670  0.000000 1.000000 0.000000  0.991799 0.744504 1 79 1.000000
0  -3.974179 11.028236 -12.466195  0.000000 1.000000 0.000000  0.991799 0.744508 1 79 1.000000
0  -3.898914 11.028236 -12.598215  0.000000 1.000000 0.000000  0.991799 0.744507 1 79 1.000000
lowpoly_metal
0  -3.974179 11.028236 -12.466195  0.000000 1.000000 0.000000  0.991799 0.744508 1 79 1.000000
0  -3.898914 11.028236 -12.509649  0.000000 1.000000 0.000000  0.991799 0.744511 1 79 1.000000
0  -3.898914 11.028236 -12.598215  0.000000 1.000000 0.000000  0.991799 0.744507 1 79 1.000000
lowpoly_metal
0  -3.745514 11.028236 -12.598215  0.000000 1.000000 0.000000  0.991799 0.744507 1 79 1.000000
0  -3.670249 11.028236 -12.641670  0.000000 1.000000 0.000000  0.991798 0.744504 1 79 1.000000
0  -3.822214 11.028236 -12.642498  0.000000 1.000000 0.000000  0.991799 0.744505 1 79 1.000000
lowpoly_metal
0  -3.670249 11.028236 -12.641670  0.000000 1.000000 0.000000  0.991798 0.744504 1 79 1.000000
0  -3.822214 11.028236 -12.729407  0.000000 1.000000 0.000000  0.991799 0.744503 1 79 1.000000
0  -3.822214 11.028236 -12.642498  0.000000 1.000000 0.000000  0.991799 0.744505 1 79 1.000000
lowpoly_metal
0  -3.974179 11.028236 -12.641670  0.000000 1.000000 0.000000  0.991799 0.744504 1 79 1.000000
0  -3.898914 11.028236 -12.598215  0.000000 1.000000 0.000000  0.991799 0.744507 1 79 1.000000
0  -3.822214 11.028236 -12.642498  0.000000 1.000000 0.000000  0.991799 0.744505 1 79 1.000000
lowpoly_metal
0  -3.745514 11.028236 -12.598215  -1.000000 0.000000 0.000000  0.991799 0.744507 1 79 1.000000
0  -3.745514 11.000902 -12.598215  -1.000000 0.000000 0.000000  0.991799 0.744508 1 79 1.000000
0  -3.745514 11.000902 -12.509649  -1.000000 0.000000 0.000000  0.991800 0.744512 1 79 1.000000
lowpoly_metal
0  -4.013404 11.000902 -12.291303  0.000000 1.000000 0.000000  0.991813 0.744417 1 79 1.000000
0  -4.021291 11.000902 -12.375315  0.000000 1.000000 0.000000  0.991813 0.744416 1 79 1.000000
0  -4.021291 11.000902 -12.286749  0.000000 1.000000 0.000000  0.991813 0.744417 1 79 1.000000
lowpoly_metal
0  -3.944591 11.000902 -12.242466  0.000000 1.000000 0.000064  0.991813 0.744416 1 79 1.000000
0  -3.867891 11.000902 -12.286749  0.000000 1.000000 0.000064  0.991814 0.744413 1 79 1.000000
0  -3.875778 11.000902 -12.291303  0.000000 1.000000 0.000064  0.991813 0.744413 1 79 1.000000
lowpoly_metal
0  -3.944591 11.000902 -12.251574  0.000000 1.000000 0.000071  0.991812 0.744416 1 79 1.000000
0  -4.013404 11.000902 -12.291303  0.000000 1.000000 0.000071  0.991813 0.744417 1 79 1.000000
0  -4.021291 11.000902 -12.286749  0.000000 1.000000 0.000071  0.991813 0.744417 1 79 1.000000
lowpoly_metal
0  -3.944591 11.000902 -12.242466  0.000000 1.000000 0.000000  0.991813 0.744416 1 79 1.000000
0  -3.875778 11.000902 -12.291303  0.000000 1.000000 0.000000  0.991813 0.744413 1 79 1.000000
0  -3.944591 11.000902 -12.251574  0.000000 1.000000 0.000000  0.991812 0.744416 1 79 1.000000
lowpoly_metal
0  -4.096556 10.991239 -12.243294  -0.499997 0.000000 0.866027  0.991813 0.744423 1 79 1.000000
0  -3.944591 10.991239 -12.155558  -0.499997 0.000000 0.866027  0.991812 0.744422 1 79 1.000000
0  -3.944591 11.028236 -12.155558  -0.499997 0.000000 0.866027  0.991812 0.744420 1 79 1.000000
lowpoly_metal
0  -3.753401 11.000902 -12.593661  1.000000 0.000000 0.000000  0.200926 0.194577 1 79 1.000000
0  -3.753401 11.025959 -12.593661  1.000000 0.000000 0.000000  0.200926 0.194577 1 79 1.000000
0  -3.753401 11.025959 -12.514203  1.000000 0.000000 0.000000  0.200926 0.194578 1 79 1.000000
lowpoly_metal
0  -3.891027 11.000902 -12.514203  -1.000000 0.000000 0.000000  0.200926 0.194578 1 79 1.000000
0  -3.891027 11.025959 -12.514203  -1.000000 0.000000 0.000000  0.200926 0.194578 1 79 1.000000
0  -3.891027 11.025959 -12.593661  -1.000000 0.000000 0.000000  0.200926 0.194577 1 79 1.000000
lowpoly_metal
0  -3.792625 10.991238 -12.418769  1.000000 0.000000 0.000000  0.991814 0.744413 1 79 1.000000
0  -3.792625 11.028236 -12.418769  1.000000 0.000000 0.000000  0.991814 0.744409 1 79 1.000000
0  -3.792625 11.028236 -12.243294  1.000000 0.000000 0.000000  0.991812 0.744416 1 79 1.000000
lowpoly_metal
0  -4.013404 11.000902 -12.291303  -1.000000 0.000000 0.000000  0.200929 0.194558 1 79 1.000000
0  -4.013404 11.025959 -12.291302  -1.000000 0.000000 0.000000  0.200929 0.194558 1 79 1.000000
0  -4.013404 11.025959 -12.370760  -1.000000 0.000000 0.000000  0.200929 0.194558 1 79 1.000000
lowpoly_metal
0  -3.918095 9.873217 -12.609289  -0.992724 -0.120409 0.000000  0.942694 0.699404 1 79 1.000000
0  -3.903945 9.756554 -12.601121  -0.992724 -0.120409 0.000000  0.942694 0.699403 1 79 1.000000
0  -3.903945 9.756554 -12.506744  -0.992724 -0.120409 0.000000  0.942695 0.699403 1 79 1.000000
lowpoly_metal
0  -4.013404 11.000902 -12.370760  -0.500009 0.000000 -0.866020  0.200929 0.194558 1 79 1.000000
0  -4.013404 11.025959 -12.370760  -0.500009 0.000000 -0.866020  0.200929 0.194558 1 79 1.000000
0  -3.944591 11.025959 -12.410490  -0.500009 0.000000 -0.866020  0.200929 0.194557 1 79 1.000000
lowpoly_metal
0  -3.678990 11.028236 -11.972317  0.000000 1.000000 0.000000  0.991825 0.744484 1 79 1.000000
0  -3.678990 11.028236 -12.147791  0.000000 1.000000 0.000000  0.991826 0.744487 1 79 1.000000
0  -3.754255 11.028236 -12.015771  0.000000 1.000000 0.000000  0.991824 0.744486 1 79 1.000000
lowpoly_metal
0  -3.678990 11.028236 -11.972317  0.000000 1.000000 0.000000  0.991825 0.744484 1 79 1.000000
0  -3.754255 11.028236 -12.015771  0.000000 1.000000 0.000000  0.991824 0.744486 1 79 1.000000
0  -3.830955 11.028236 -11.884580  0.000000 1.000000 0.000000  0.991824 0.744483 1 79 1.000000
lowpoly_metal
0  -3.754255 11.028236 -12.015771  0.000000 1.000000 0.000000  0.991824 0.744486 1 79 1.000000
0  -3.830955 11.028236 -11.971488  0.000000 1.000000 0.000000  0.991824 0.744485 1 79 1.000000
0  -3.830955 11.028236 -11.884580  0.000000 1.000000 0.000000  0.991824 0.744483 1 79 1.000000
lowpoly_metal
0  -3.830955 11.028236 -12.148621  0.000000 1.000000 0.000000  0.991824 0.744495 1 79 1.000000
0  -3.754255 11.028236 -12.104337  0.000000 1.000000 0.000000  0.991824 0.744489 1 79 1.000000
0  -3.830955 11.028236 -12.235528  0.000000 1.000000 0.000000  0.991825 0.744504 1 79 1.000000
lowpoly_metal
0  -3.907655 11.028236 -12.104337  0.000000 1.000000 0.000000  0.991824 0.744489 1 79 1.000000
0  -3.830955 11.028236 -12.148621  0.000000 1.000000 0.000000  0.991824 0.744495 1 79 1.000000
0  -3.982921 11.028236 -12.147791  0.000000 1.000000 0.000000  0.991821 0.744487 1 79 1.000000
lowpoly_metal
0  -3.830955 11.028236 -12.148621  0.000000 1.000000 0.000000  0.991824 0.744495 1 79 1.000000
0  -3.830955 11.028236 -12.235528  0.000000 1.000000 0.000000  0.991825 0.744504 1 79 1.000000
0  -3.982921 11.028236 -12.147791  0.000000 1.000000 0.000000  0.991821 0.744487 1 79 1.000000
lowpoly_metal
0  -3.830955 11.028236 -11.884580  0.000000 1.000000 0.000000  0.991824 0.744483 1 79 1.000000
0  -3.830955 11.028236 -11.971488  0.000000 1.000000 0.000000  0.991824 0.744485 1 79 1.000000
0  -3.907655 11.028236 -12.015771  0.000000 1.000000 0.000000  0.991824 0.744486 1 79 1.000000
lowpoly_metal
0  -3.982920 11.028236 -11.972317  0.000000 1.000000 0.000000  0.991823 0.744484 1 79 1.000000
0  -3.830955 11.028236 -11.884580  0.000000 1.000000 0.000000  0.991824 0.744483 1 79 1.000000
0  -3.907655 11.028236 -12.015771  0.000000 1.000000 0.000000  0.991824 0.744486 1 79 1.000000
lowpoly_metal
0  -3.907655 11.028236 -12.015771  0.000000 1.000000 0.000000  0.991824 0.744486 1 79 1.000000
0  -3.907655 11.028236 -12.104337  0.000000 1.000000 0.000000  0.991824 0.744489 1 79 1.000000
0  -3.982921 11.028236 -12.147791  0.000000 1.000000 0.000000  0.991821 0.744487 1 79 1.000000
lowpoly_metal
0  -3.875777 11.000902 -12.370760  1.000000 0.000000 0.000000  0.200929 0.194557 1 79 1.000000
0  -3.875778 11.025959 -12.370760  1.000000 0.000000 0.000000  0.200929 0.194557 1 79 1.000000
0  -3.875778 11.025959 -12.291302  1.000000 0.000000 0.000000  0.200929 0.194557 1 79 1.000000
lowpoly_metal
0  -3.944591 11.000902 -12.410490  0.500035 0.000000 -0.866005  0.200929 0.194557 1 79 1.000000
0  -3.944591 11.025959 -12.410490  0.500035 0.000000 -0.866005  0.200929 0.194557 1 79 1.000000
0  -3.875778 11.025959 -12.370760  0.500035 0.000000 -0.866005  0.200929 0.194557 1 79 1.000000
lowpoly_metal
0  -4.040473 9.873217 -12.386389  -0.992724 -0.120409 0.000000  0.942696 0.699409 1 79 1.000000
0  -4.026322 9.756554 -12.378220  -0.992724 -0.120409 0.000000  0.942696 0.699410 1 79 1.000000
0  -4.026322 9.756554 -12.283844  -0.992724 -0.120409 0.000000  0.942696 0.699410 1 79 1.000000
lowpoly_metal
0  -3.830955 11.025959 -11.980596  0.000000 1.000000 0.000000  0.200931 0.194573 1 79 1.000000
0  -3.762142 11.025959 -12.020325  0.000000 1.000000 0.000000  0.200931 0.194573 1 79 1.000000
0  -3.762142 11.025959 -12.099783  0.000000 1.000000 0.000000  0.200931 0.194573 1 79 1.000000
lowpoly_metal
0  -3.762142 11.025959 -12.099783  0.000000 1.000000 0.000000  0.200931 0.194573 1 79 1.000000
0  -3.830955 11.025959 -12.139513  0.000000 1.000000 0.000000  0.200931 0.194573 1 79 1.000000
0  -3.899768 11.025959 -12.099783  0.000000 1.000000 0.000000  0.200931 0.194573 1 79 1.000000
lowpoly_metal
0  -3.899768 11.025959 -12.099783  0.000000 1.000000 0.000000  0.200931 0.194573 1 79 1.000000
0  -3.899768 11.025959 -12.020325  0.000000 1.000000 0.000000  0.200931 0.194573 1 79 1.000000
0  -3.830955 11.025959 -11.980596  0.000000 1.000000 0.000000  0.200931 0.194573 1 79 1.000000
lowpoly_metal
0  -4.071610 10.948547 -12.404366  -0.499990 0.000000 -0.866031  0.991812 0.744426 1 79 1.000000
0  -4.071610 10.991239 -12.404366  -0.499990 0.000000 -0.866031  0.991813 0.744423 1 79 1.000000
0  -3.944591 10.991239 -12.477701  -0.499990 0.000000 -0.866031  0.991813 0.744421 1 79 1.000000
lowpoly_metal
0  -3.848708 9.873217 -12.386389  0.992725 -0.120406 0.000000  0.942696 0.699409 1 79 1.000000
0  -3.848708 9.873217 -12.275673  0.992725 -0.120406 0.000000  0.942696 0.699409 1 79 1.000000
0  -3.862858 9.756554 -12.283844  0.992725 -0.120406 0.000000  0.942696 0.699410 1 79 1.000000
lowpoly_metal
0  -3.830955 11.000902 -12.139513  0.000000 1.000000 0.000000  0.991824 0.744492 1 79 1.000000
0  -3.762142 11.000902 -12.099783  0.000000 1.000000 0.000000  0.991825 0.744489 1 79 1.000000
0  -3.830955 11.000902 -12.148619  0.000000 1.000000 0.000000  0.991824 0.744493 1 79 1.000000
lowpoly_metal
0  -3.754255 11.000902 -12.015771  0.000000 1.000000 0.000000  0.991824 0.744486 1 79 1.000000
0  -3.754255 11.000902 -12.104337  0.000000 1.000000 0.000000  0.991824 0.744489 1 79 1.000000
0  -3.762142 11.000902 -12.020325  0.000000 1.000000 0.000000  0.991824 0.744487 1 79 1.000000
lowpoly_metal
0  -3.754255 11.000902 -12.015771  0.000000 1.000000 0.000000  0.991824 0.744486 1 79 1.000000
0  -3.762142 11.000902 -12.020325  0.000000 1.000000 0.000000  0.991824 0.744487 1 79 1.000000
0  -3.830955 11.000902 -11.980596  0.000000 1.000000 0.000000  0.991824 0.744486 1 79 1.000000
lowpoly_metal
0  -3.830955 11.000902 -12.139513  0.000000 1.000000 0.000000  0.991824 0.744492 1 79 1.000000
0  -3.830955 11.000902 -12.148619  0.000000 1.000000 0.000000  0.991824 0.744493 1 79 1.000000
0  -3.907655 11.000902 -12.104337  0.000000 1.000000 0.000000  0.991824 0.744489 1 79 1.000000
lowpoly_metal
0  -3.899768 11.000902 -12.099783  0.000000 1.000000 0.000000  0.991823 0.744489 1 79 1.000000
0  -3.830955 11.000902 -12.139513  0.000000 1.000000 0.000000  0.991824 0.744492 1 79 1.000000
0  -3.907655 11.000902 -12.104337  0.000000 1.000000 0.000000  0.991824 0.744489 1 79 1.000000
lowpoly_metal
0  -3.830955 11.000902 -11.971488  0.000000 1.000000 0.000000  0.991824 0.744486 1 79 1.000000
0  -3.754255 11.000902 -12.015771  0.000000 1.000000 0.000000  0.991824 0.744486 1 79 1.000000
0  -3.830955 11.000902 -11.980596  0.000000 1.000000 0.000000  0.991824 0.744486 1 79 1.000000
lowpoly_metal
0  -3.899768 11.000902 -12.020325  0.000000 1.000000 0.000000  0.991824 0.744487 1 79 1.000000
0  -3.899768 11.000902 -12.099783  0.000000 1.000000 0.000000  0.991823 0.744489 1 79 1.000000
0  -3.907655 11.000902 -12.104337  0.000000 1.000000 0.000000  0.991824 0.744489 1 79 1.000000
lowpoly_metal
0  -3.830955 11.000902 -11.971488  0.000000 1.000000 0.000000  0.991824 0.744486 1 79 1.000000
0  -3.830955 11.000902 -11.980596  0.000000 1.000000 0.000000  0.991824 0.744486 1 79 1.000000
0  -3.907655 11.000902 -12.015771  0.000000 1.000000 0.000000  0.991824 0.744486 1 79 1.000000
lowpoly_metal
0  -3.830955 11.000902 -11.980596  0.000000 1.000000 0.000071  0.991824 0.744486 1 79 1.000000
0  -3.899768 11.000902 -12.020325  0.000000 1.000000 0.000071  0.991824 0.744487 1 79 1.000000
0  -3.907655 11.000902 -12.015771  0.000000 1.000000 0.000071  0.991824 0.744486 1 79 1.000000
lowpoly_metal
0  -3.944590 9.873217 -12.441747  -0.496375 -0.120411 -0.859717  0.942696 0.699409 1 79 1.000000
0  -3.944590 9.756553 -12.425407  -0.496375 -0.120411 -0.859717  0.942696 0.699410 1 79 1.000000
0  -4.026322 9.756554 -12.378220  -0.496375 -0.120411 -0.859717  0.942696 0.699410 1 79 1.000000
lowpoly_metal
0  -3.944590 9.873217 -12.220316  -0.496353 -0.120418 0.859728  0.942696 0.699409 1 79 1.000000
0  -4.040473 9.873217 -12.275673  -0.496353 -0.120418 0.859728  0.942696 0.699409 1 79 1.000000
0  -4.026322 9.756554 -12.283844  -0.496353 -0.120418 0.859728  0.942696 0.699410 1 79 1.000000
lowpoly_metal
0  -3.907655 11.028236 -12.104337  0.500005 0.000000 0.866022  0.991824 0.744489 1 79 1.000000
0  -3.907655 11.000902 -12.104337  0.500005 0.000000 0.866022  0.991824 0.744489 1 79 1.000000
0  -3.830955 11.000902 -12.148619  0.500005 0.000000 0.866022  0.991824 0.744493 1 79 1.000000
lowpoly_metal
0  -3.830955 9.756553 -12.154430  -0.482031 -0.265701 -0.834895  0.942697 0.699403 1 79 1.000000
0  -3.830955 9.661907 -12.120399  -0.448373 -0.299040 -0.842340  0.942698 0.699402 1 79 1.000000
0  -3.883215 9.661907 -12.090227  -0.471487 -0.332877 -0.816635  0.942697 0.699403 1 79 1.000000
lowpoly_metal
0  -3.749222 9.756554 -12.012866  0.964053 -0.265710 0.000002  0.942697 0.699403 1 79 1.000000
0  -3.778693 9.661907 -12.029881  0.953670 -0.299053 0.032867  0.942696 0.699402 1 79 1.000000
0  -3.778693 9.661907 -12.090227  0.942967 -0.332886 0.000004  0.942697 0.699401 1 79 1.000000
lowpoly_metal
0  -3.980113 10.158391 -12.146171  -0.931432 -0.363916 0.000000  0.991821 0.744438 1 79 1.000000
0  -3.931407 10.033733 -12.118051  -0.931432 -0.363916 0.000000  0.991821 0.744435 1 79 1.000000
0  -3.931407 10.033733 -12.002057  -0.931432 -0.363916 0.000000  0.991821 0.744435 1 79 1.000000
lowpoly_metal
0  -4.040473 9.873217 -12.386389  0.000000 -1.000000 0.000000  0.991807 0.744489 1 79 1.000000
0  -4.040473 9.873217 -12.275673  0.000000 -1.000000 0.000000  0.991807 0.744488 1 79 1.000000
0  -4.045043 9.873217 -12.273035  0.000000 -1.000000 0.000000  0.991807 0.744485 1 79 1.000000
lowpoly_metal
0  -3.844137 9.873217 -12.389029  0.000000 -1.000000 0.000000  0.991809 0.744486 1 79 1.000000
0  -3.844137 9.873217 -12.273035  0.000000 -1.000000 0.000000  0.991809 0.744485 1 79 1.000000
0  -3.848708 9.873217 -12.386389  0.000000 -1.000000 0.000000  0.991809 0.744489 1 79 1.000000
lowpoly_metal
0  -3.844137 9.873217 -12.273035  0.000000 -1.000000 0.000000  0.991809 0.744485 1 79 1.000000
0  -3.848708 9.873217 -12.275673  0.000000 -1.000000 0.000000  0.991809 0.744488 1 79 1.000000
0  -3.848708 9.873217 -12.386389  0.000000 -1.000000 0.000000  0.991809 0.744489 1 79 1.000000
lowpoly_metal
0  -4.040473 9.873217 -12.386389  0.000000 -1.000000 0.000000  0.991807 0.744489 1 79 1.000000
0  -4.045043 9.873217 -12.273035  0.000000 -1.000000 0.000000  0.991807 0.744485 1 79 1.000000
0  -4.045043 9.873217 -12.389029  0.000000 -1.000000 0.000000  0.991807 0.744487 1 79 1.000000
lowpoly_metal
0  -3.844137 9.873217 -12.389029  0.000000 -1.000000 0.000000  0.991809 0.744486 1 79 1.000000
0  -3.848708 9.873217 -12.386389  0.000000 -1.000000 0.000000  0.991809 0.744489 1 79 1.000000
0  -3.944590 9.873217 -12.441747  0.000000 -1.000000 0.000000  0.991808 0.744490 1 79 1.000000
lowpoly_metal
0  -3.944590 9.873217 -12.441747  0.000000 -1.000000 0.000059  0.991808 0.744490 1 79 1.000000
0  -4.040473 9.873217 -12.386389  0.000000 -1.000000 0.000059  0.991807 0.744489 1 79 1.000000
0  -4.045043 9.873217 -12.389029  0.000000 -1.000000 0.000059  0.991807 0.744487 1 79 1.000000
lowpoly_metal
0  -3.944590 9.873217 -12.447025  0.000000 -1.000000 0.000000  0.991808 0.744487 1 79 1.000000
0  -3.844137 9.873217 -12.389029  0.000000 -1.000000 0.000000  0.991809 0.744486 1 79 1.000000
0  -3.944590 9.873217 -12.441747  0.000000 -1.000000 0.000000  0.991808 0.744490 1 79 1.000000
lowpoly_metal
0  -3.830955 9.873217 -12.170769  -0.496362 -0.120401 -0.859726  0.942697 0.699403 1 79 1.000000
0  -3.830955 9.756553 -12.154430  -0.496362 -0.120401 -0.859726  0.942697 0.699403 1 79 1.000000
0  -3.912687 9.756554 -12.107243  -0.496362 -0.120401 -0.859726  0.942697 0.699403 1 79 1.000000
lowpoly_metal
0  -3.944590 10.033733 -12.215038  0.499993 0.000000 0.866030  0.991809 0.744479 1 79 1.000000
0  -3.944590 9.873217 -12.215038  0.499993 0.000000 0.866030  0.991808 0.744485 1 79 1.000000
0  -3.844137 9.873217 -12.273035  0.499993 0.000000 0.866030  0.991809 0.744485 1 79 1.000000
lowpoly_metal
0  -3.944591 11.028236 -12.419598  -0.500005 0.000000 0.866022  0.991813 0.744413 1 79 1.000000
0  -3.944591 11.000902 -12.419598  -0.500005 0.000000 0.866022  0.991813 0.744413 1 79 1.000000
0  -3.867891 11.000902 -12.375315  -0.500005 0.000000 0.866022  0.991814 0.744405 1 79 1.000000
lowpoly_metal
0  -4.026322 9.756554 -12.378220  -0.964053 -0.265710 -0.000002  0.942696 0.699410 1 79 1.000000
0  -3.996851 9.661907 -12.361204  -0.953670 -0.299053 -0.032867  0.942695 0.699411 1 79 1.000000
0  -3.996851 9.661907 -12.300859  -0.942967 -0.332886 -0.000004  0.942695 0.699410 1 79 1.000000
lowpoly_metal
0  -4.093749 10.918664 -12.244915  -0.803510 0.595292 0.000000  0.991812 0.744428 1 79 1.000000
0  -4.071610 10.948547 -12.257697  -0.803510 0.595292 0.000000  0.991812 0.744426 1 79 1.000000
0  -4.071610 10.948547 -12.404366  -0.803510 0.595292 0.000000  0.991812 0.744426 1 79 1.000000
lowpoly_metal
0  -3.912687 9.756554 -12.107243  -0.964056 -0.265699 -0.000002  0.942697 0.699403 1 79 1.000000
0  -3.883215 9.661907 -12.090227  -0.953674 -0.299042 -0.032867  0.942697 0.699403 1 79 1.000000
0  -3.883215 9.661907 -12.029881  -0.942971 -0.332874 -0.000004  0.942697 0.699403 1 79 1.000000
lowpoly_metal
0  -3.822213 9.756554 -12.648309  -0.482025 -0.265697 -0.834899  0.942694 0.699403 1 79 1.000000
0  -3.822213 9.661907 -12.614279  -0.448381 -0.299048 -0.842333  0.942694 0.699402 1 79 1.000000
0  -3.874474 9.661907 -12.584105  -0.471481 -0.332873 -0.816641  0.942694 0.699401 1 79 1.000000
lowpoly_metal
0  -3.830955 9.873217 -11.949339  0.496363 -0.120407 0.859725  0.942697 0.699403 1 79 1.000000
0  -3.830955 9.756554 -11.965677  0.496363 -0.120407 0.859725  0.942697 0.699403 1 79 1.000000
0  -3.749222 9.756554 -12.012866  0.496363 -0.120407 0.859725  0.942697 0.699403 1 79 1.000000
lowpoly_metal
0  -3.769952 9.661907 -12.584105  0.505258 -0.299051 -0.809496  0.942694 0.699403 1 79 1.000000
0  -3.822213 9.661907 -12.614279  0.471477 -0.332875 -0.816642  0.942694 0.699402 1 79 1.000000
0  -3.822213 9.756554 -12.648309  0.482016 -0.265699 -0.834904  0.942694 0.699403 1 79 1.000000
lowpoly_metal
0  -3.830955 9.756554 -11.965677  0.482033 -0.265711 0.834890  0.942697 0.699403 1 79 1.000000
0  -3.830955 9.661907 -11.999708  0.448380 -0.299053 0.842332  0.942697 0.699403 1 79 1.000000
0  -3.778693 9.661907 -12.029881  0.471489 -0.332886 0.816630  0.942696 0.699402 1 79 1.000000
lowpoly_metal
0  -3.862858 9.756554 -12.283844  0.964055 -0.265704 0.000002  0.942696 0.699410 1 79 1.000000
0  -3.892329 9.661907 -12.300859  0.953672 -0.299046 0.032867  0.942696 0.699410 1 79 1.000000
0  -3.892329 9.661907 -12.361204  0.942970 -0.332879 0.000004  0.942696 0.699411 1 79 1.000000
lowpoly_metal
0  -3.982920 10.991239 -12.147791  -0.499998 -0.000009 -0.866027  0.991822 0.744486 1 79 1.000000
0  -3.982921 11.028236 -12.147791  -0.499998 -0.000009 -0.866027  0.991821 0.744487 1 79 1.000000
0  -3.830955 11.028236 -12.235528  -0.499998 -0.000009 -0.866027  0.991825 0.744504 1 79 1.000000
lowpoly_metal
0  -3.944590 9.756553 -12.425407  0.482034 -0.265703 -0.834892  0.942696 0.699410 1 79 1.000000
0  -3.862858 9.756554 -12.378220  0.482035 -0.265703 -0.834892  0.942696 0.699410 1 79 1.000000
0  -3.892329 9.661907 -12.361204  0.505303 -0.299043 -0.809470  0.942696 0.699411 1 79 1.000000
lowpoly_metal
0  -3.817571 10.948547 -12.404366  1.000000 0.000000 0.000000  0.991813 0.744422 1 79 1.000000
0  -3.817571 10.991239 -12.404366  1.000000 0.000000 0.000000  0.991813 0.744418 1 79 1.000000
0  -3.817571 10.991239 -12.257697  1.000000 0.000000 0.000000  0.991812 0.744421 1 79 1.000000
lowpoly_metal
0  -3.822213 10.158391 -12.726166  -0.499999 -0.000000 -0.866026  0.991795 0.744446 1 79 1.000000
0  -3.971371 10.158391 -12.640049  -0.499999 -0.000000 -0.866026  0.991795 0.744446 1 79 1.000000
0  -3.971372 10.918664 -12.640049  -0.499999 -0.000000 -0.866026  0.991798 0.744496 1 79 1.000000
lowpoly_metal
0  -3.795433 10.918664 -12.244915  1.000000 0.000001 0.000000  0.991812 0.744427 1 79 1.000000
0  -3.795432 10.158392 -12.244915  1.000000 0.000001 0.000000  0.991809 0.744475 1 79 1.000000
0  -3.795432 10.158392 -12.417149  1.000000 0.000001 0.000000  0.991809 0.744475 1 79 1.000000
lowpoly_metal
0  -3.980113 10.158391 -12.146171  -1.000000 -0.000001 0.000000  0.991821 0.744438 1 79 1.000000
0  -3.980113 10.158391 -11.973937  -1.000000 -0.000001 0.000000  0.991821 0.744438 1 79 1.000000
0  -3.980113 10.918664 -11.973937  -1.000000 -0.000001 0.000000  0.991823 0.744478 1 79 1.000000
lowpoly_metal
0  -3.695194 10.948547 -12.480598  0.499990 -0.000019 0.866031  0.991798 0.744500 1 79 1.000000
0  -3.695194 10.991239 -12.480597  0.499990 -0.000019 0.866031  0.991799 0.744503 1 79 1.000000
0  -3.822214 10.991239 -12.407263  0.499990 -0.000019 0.866031  0.991799 0.744506 1 79 1.000000
lowpoly_metal
0  -3.898914 11.028236 -12.598215  0.500005 0.000000 0.866022  0.991799 0.744507 1 79 1.000000
0  -3.898914 11.000902 -12.598215  0.500005 0.000000 0.866022  0.991799 0.744508 1 79 1.000000
0  -3.822214 11.000902 -12.642498  0.500005 0.000000 0.866022  0.991799 0.744506 1 79 1.000000
lowpoly_metal
0  -3.822214 11.000902 -12.633390  0.500013 0.000000 -0.866018  0.200926 0.194577 1 79 1.000000
0  -3.822214 11.025959 -12.633390  0.500013 0.000000 -0.866018  0.200926 0.194577 1 79 1.000000
0  -3.753401 11.025959 -12.593661  0.500013 0.000000 -0.866018  0.200926 0.194577 1 79 1.000000
lowpoly_metal
0  -3.681796 10.158392 -12.146170  0.500009 0.000000 -0.866020  0.991821 0.744438 1 79 1.000000
0  -3.830955 10.158391 -12.232286  0.500009 0.000000 -0.866020  0.991821 0.744438 1 79 1.000000
0  -3.830955 10.918664 -12.232286  0.500009 0.000000 -0.866020  0.991824 0.744482 1 79 1.000000
lowpoly_plastic
0  -4.185127 -6.218812 -11.491621  0.000000 0.975876 -0.218327  0.008576 0.748762 1 72 1.000000
0  -4.185127 -6.485390 -12.683177  0.000000 0.975876 -0.218327  0.008576 0.748762 1 72 1.000000
0  -4.272913 -6.485390 -12.683177  -0.000001 0.977248 -0.212100  0.008576 0.748762 1 72 1.000000
lowpoly_plastic
0  -3.462424 -6.284280 -11.485141  1.000000 -0.000002 0.000000  0.008576 0.748762 1 72 1.000000
0  -3.462424 -6.550214 -12.671035  1.000000 -0.000002 0.000000  0.008576 0.748762 1 72 1.000000
0  -3.462424 -6.485390 -12.683177  1.000000 -0.000002 0.000000  0.008576 0.748762 1 72 1.000000
lowpoly_plastic
0  -3.550210 -6.485390 -12.683177  0.000000 0.220518 0.975383  0.863264 0.820637 1 72 1.000000
0  -3.462424 -6.485390 -12.683177  0.000000 0.220518 0.975383  0.863264 0.820637 1 72 1.000000
0  -3.435604 -6.458597 -12.689235  0.000000 0.220518 0.975383  0.863264 0.820637 1 72 1.000000
lowpoly_plastic
0  -4.272913 -6.284280 -11.485139  -1.000000 0.000000 0.000000  0.008576 0.748762 1 72 1.000000
0  -4.272913 -6.218812 -11.491620  -1.000000 0.000000 0.000000  0.008576 0.748762 1 72 1.000000
0  -4.272913 -6.485390 -12.683177  -1.000000 0.000000 0.000000  0.008576 0.748762 1 72 1.000000
lowpoly_plastic
0  -3.654411 -6.649740 -13.410086  -0.086136 -0.134921 -0.987105  0.863264 0.820637 1 72 1.000000
0  -3.654411 -6.559115 -13.422601  -0.086136 -0.134920 -0.987105  0.863264 0.820637 1 72 1.000000
0  -3.626559 -6.533345 -13.428428  -0.086136 -0.134921 -0.987105  0.863264 0.820637 1 72 1.000000
lowpoly_plastic
0  -4.062507 -8.419815 -13.598858  0.000000 -0.179775 -0.983708  0.008576 0.748762 1 72 1.000000
0  -4.116385 -8.419815 -13.598858  0.000000 -0.179775 -0.983708  0.008576 0.748762 1 72 1.000000
0  -4.109588 -8.351501 -13.611342  0.000000 -0.179775 -0.983708  0.008576 0.748762 1 72 1.000000
lowpoly_plastic
0  -4.116385 -7.880834 -11.327120  0.000000 -0.972651 0.232272  0.008576 0.748762 1 72 1.000000
0  -4.116385 -8.131048 -12.374907  0.000000 -0.972651 0.232272  0.008576 0.748762 1 72 1.000000
0  -4.062507 -8.131048 -12.374907  0.000000 -0.972651 0.232272  0.008576 0.748762 1 72 1.000000
lowpoly_plastic
0  -4.272912 -7.257002 -11.388865  -1.000000 -0.000001 0.000000  0.008576 0.748762 1 72 1.000000
0  -4.272913 -6.284280 -11.485139  -1.000000 -0.000001 0.000000  0.008576 0.748762 1 72 1.000000
0  -4.272913 -6.550214 -12.671033  -1.000000 -0.000001 0.000000  0.008576 0.748762 1 72 1.000000
lowpoly_plastic
0  -4.272913 -6.649740 -13.410086  0.001369 -0.217222 -0.976121  0.863264 0.820637 1 72 1.000000
0  -4.272913 -6.714375 -13.395756  0.001369 -0.217222 -0.976121  0.863264 0.820637 1 72 1.000000
0  -4.311303 -6.714375 -13.395756  0.001369 -0.217222 -0.976121  0.863264 0.820637 1 72 1.000000
lowpoly_plastic
0  -4.272913 -7.674734 -13.182840  -0.002686 -0.216662 -0.976243  0.863264 0.820637 1 72 1.000000
0  -4.272912 -8.114102 -13.085431  -0.002686 -0.216662 -0.976243  0.863264 0.820637 1 72 1.000000
0  -4.308838 -8.127273 -13.082313  -0.002686 -0.216662 -0.976243  0.863264 0.820637 1 72 1.000000
lowpoly_plastic
0  -3.618951 -8.131048 -12.374907  0.000994 0.229172 0.973385  0.863264 0.820637 1 72 1.000000
0  -3.672829 -8.131048 -12.374907  0.000000 0.231244 0.972896  0.863264 0.820637 1 72 1.000000
0  -3.672829 -8.168398 -12.366030  0.000000 0.231244 0.972896  0.863264 0.820637 1 72 1.000000
lowpoly_plastic
0  -3.462424 -7.257002 -11.388865  1.000000 -0.000000 0.000000  0.008576 0.748762 1 72 1.000000
0  -3.462424 -7.513357 -12.490615  1.000000 -0.000000 0.000000  0.008576 0.748762 1 72 1.000000
0  -3.462424 -6.550214 -12.671035  1.000000 -0.000000 0.000000  0.008576 0.748762 1 72 1.000000
lowpoly_metal
0  -3.822214 10.918664 -12.381700  0.401767 0.595296 0.695849  0.991798 0.744498 1 79 1.000000
0  -3.673056 10.918664 -12.467815  0.401767 0.595296 0.695849  0.991798 0.744497 1 79 1.000000
0  -3.695194 10.948547 -12.480598  0.401767 0.595296 0.695849  0.991798 0.744500 1 79 1.000000
lowpoly_metal
0  -3.844137 10.033733 -12.389029  0.499993 0.000000 -0.866030  0.991809 0.744479 1 79 1.000000
0  -3.844137 9.873217 -12.389029  0.499993 0.000000 -0.866030  0.991809 0.744486 1 79 1.000000
0  -3.944590 9.873217 -12.447025  0.499993 0.000000 -0.866030  0.991808 0.744487 1 79 1.000000
lowpoly_metal
0  -3.922666 10.033733 -12.611929  -0.499994 -0.000002 -0.866029  0.991794 0.744441 1 79 1.000000
0  -3.822213 10.033733 -12.669926  -0.499994 -0.000002 -0.866029  0.991794 0.744441 1 79 1.000000
0  -3.822213 9.873217 -12.669926  -0.499994 -0.000002 -0.866029  0.991793 0.744434 1 79 1.000000
lowpoly_metal
0  -3.822214 11.028236 -12.465366  0.499987 0.000000 -0.866033  0.991800 0.744522 1 79 1.000000
0  -3.822214 11.000902 -12.465366  0.499987 0.000000 -0.866033  0.991800 0.744519 1 79 1.000000
0  -3.898914 11.000902 -12.509649  0.499987 0.000000 -0.866033  0.991799 0.744511 1 79 1.000000
lowpoly_metal
0  -3.931407 10.033733 -12.002057  -1.000000 0.000000 0.000000  0.991821 0.744435 1 79 1.000000
0  -3.931407 10.033733 -12.118051  -1.000000 0.000000 0.000000  0.991821 0.744435 1 79 1.000000
0  -3.931407 9.873217 -12.118051  -1.000000 0.000000 0.000000  0.991822 0.744429 1 79 1.000000
lowpoly_metal
0  -3.822213 9.756553 -12.459557  0.481990 -0.265707 0.834916  0.942695 0.699403 1 79 1.000000
0  -3.822213 9.661907 -12.493587  0.448341 -0.299053 0.842352  0.942695 0.699403 1 79 1.000000
0  -3.769952 9.661907 -12.523760  0.471451 -0.332882 0.816654  0.942694 0.699404 1 79 1.000000
lowpoly_metal
0  -3.762142 11.000902 -12.020325  0.500009 0.000000 0.866020  0.200931 0.194573 1 79 1.000000
0  -3.762142 11.025959 -12.020325  0.500009 0.000000 0.866020  0.200931 0.194573 1 79 1.000000
0  -3.830955 11.025959 -11.980596  0.500009 0.000000 0.866020  0.200931 0.194573 1 79 1.000000
lowpoly_metal
0  -3.980113 10.918664 -12.146170  -0.803525 0.595271 0.000000  0.991823 0.744480 1 79 1.000000
0  -3.980113 10.918664 -11.973937  -0.803525 0.595271 0.000000  0.991823 0.744478 1 79 1.000000
0  -3.957975 10.948547 -11.986719  -0.803525 0.595271 0.000000  0.991823 0.744480 1 79 1.000000
lowpoly_metal
0  -3.681796 10.158392 -11.973937  1.000000 0.000000 0.000000  0.991821 0.744438 1 79 1.000000
0  -3.681796 10.158392 -12.146170  1.000000 0.000000 0.000000  0.991821 0.744438 1 79 1.000000
0  -3.681797 10.918664 -12.146170  1.000000 0.000000 0.000000  0.991824 0.744480 1 79 1.000000
lowpoly_metal
0  -3.944590 9.873217 -12.220316  0.496379 -0.120405 0.859715  0.942696 0.699409 1 79 1.000000
0  -3.944590 9.756554 -12.236655  0.496379 -0.120405 0.859715  0.942696 0.699409 1 79 1.000000
0  -3.862858 9.756554 -12.283844  0.496379 -0.120405 0.859715  0.942696 0.699410 1 79 1.000000
lowpoly_metal
0  -3.944590 10.158391 -12.158798  0.465720 -0.363920 0.806639  0.991809 0.744475 1 79 1.000000
0  -3.944590 10.033733 -12.215038  0.465720 -0.363920 0.806639  0.991809 0.744479 1 79 1.000000
0  -3.844137 10.033733 -12.273035  0.465720 -0.363920 0.806639  0.991809 0.744479 1 79 1.000000
lowpoly_metal
0  -3.944591 10.918664 -12.503264  -0.401769 0.595298 -0.695846  0.991812 0.744427 1 79 1.000000
0  -4.093749 10.918664 -12.417149  -0.401769 0.595298 -0.695846  0.991812 0.744428 1 79 1.000000
0  -4.071610 10.948547 -12.404366  -0.401769 0.595298 -0.695846  0.991812 0.744426 1 79 1.000000
lowpoly_metal
0  -3.971371 10.158391 -12.640049  -1.000000 -0.000002 0.000000  0.991795 0.744446 1 79 1.000000
0  -3.971371 10.158391 -12.467815  -1.000000 -0.000002 0.000000  0.991795 0.744446 1 79 1.000000
0  -3.971372 10.918664 -12.467815  -1.000000 -0.000002 0.000000  0.991798 0.744497 1 79 1.000000
lowpoly_metal
0  -3.822213 10.158391 -12.381700  -0.465702 -0.363918 0.806650  0.991795 0.744446 1 79 1.000000
0  -3.971371 10.158391 -12.467815  -0.465702 -0.363918 0.806650  0.991795 0.744446 1 79 1.000000
0  -3.922666 10.033733 -12.495935  -0.465702 -0.363918 0.806650  0.991795 0.744441 1 79 1.000000
lowpoly_metal
0  -3.867891 11.028236 -12.286749  -0.499987 0.000000 -0.866033  0.991813 0.744413 1 79 1.000000
0  -3.867891 11.000902 -12.286749  -0.499987 0.000000 -0.866033  0.991814 0.744413 1 79 1.000000
0  -3.944591 11.000902 -12.242466  -0.499987 0.000000 -0.866033  0.991813 0.744416 1 79 1.000000
lowpoly_metal
0  -3.830955 10.918664 -12.232286  -0.401778 0.595268 -0.695866  0.991824 0.744482 1 79 1.000000
0  -3.980113 10.918664 -12.146170  -0.401778 0.595268 -0.695866  0.991823 0.744480 1 79 1.000000
0  -3.957975 10.948547 -12.133389  -0.401778 0.595268 -0.695866  0.991823 0.744482 1 79 1.000000
lowpoly_metal
0  -3.673056 10.918664 -12.640049  0.803524 0.595272 0.000000  0.991798 0.744496 1 79 1.000000
0  -3.695194 10.948547 -12.627268  0.803524 0.595272 0.000000  0.991798 0.744498 1 79 1.000000
0  -3.695194 10.948547 -12.480598  0.803524 0.595272 0.000000  0.991798 0.744500 1 79 1.000000
lowpoly_metal
0  -3.822214 10.918664 -12.726166  0.401766 0.595262 -0.695879  0.991798 0.744495 1 79 1.000000
0  -3.822214 10.948547 -12.700603  0.401766 0.595262 -0.695879  0.991798 0.744497 1 79 1.000000
0  -3.695194 10.948547 -12.627268  0.401766 0.595262 -0.695879  0.991798 0.744498 1 79 1.000000
lowpoly_metal
0  -3.822214 10.948547 -12.700603  0.500012 0.000000 -0.866018  0.991798 0.744497 1 79 1.000000
0  -3.822214 10.991239 -12.700603  0.500012 0.000000 -0.866018  0.991798 0.744499 1 79 1.000000
0  -3.695194 10.991238 -12.627268  0.500012 0.000000 -0.866018  0.991798 0.744500 1 79 1.000000
lowpoly_metal
0  -3.830955 10.918664 -12.232286  0.401757 0.595265 -0.695882  0.991824 0.744482 1 79 1.000000
0  -3.830955 10.948547 -12.206723  0.401757 0.595265 -0.695882  0.991824 0.744486 1 79 1.000000
0  -3.703935 10.948547 -12.133389  0.401757 0.595265 -0.695882  0.991824 0.744482 1 79 1.000000
lowpoly_metal
0  -4.021291 11.000902 -12.375315  0.000000 1.000000 0.000000  0.991813 0.744416 1 79 1.000000
0  -4.013404 11.000902 -12.291303  0.000000 1.000000 0.000000  0.991813 0.744417 1 79 1.000000
0  -4.013404 11.000902 -12.370760  0.000000 1.000000 0.000000  0.991814 0.744415 1 79 1.000000
lowpoly_metal
0  -4.021291 11.000902 -12.375315  0.000000 1.000000 0.000000  0.991813 0.744416 1 79 1.000000
0  -4.013404 11.000902 -12.370760  0.000000 1.000000 0.000000  0.991814 0.744415 1 79 1.000000
0  -3.944591 11.000902 -12.410490  0.000000 1.000000 0.000000  0.991814 0.744412 1 79 1.000000
lowpoly_metal
0  -3.875778 11.000902 -12.291303  0.000000 1.000000 0.000000  0.991813 0.744413 1 79 1.000000
0  -3.867891 11.000902 -12.286749  0.000000 1.000000 0.000000  0.991814 0.744413 1 79 1.000000
0  -3.875777 11.000902 -12.370760  0.000000 1.000000 0.000000  0.991814 0.744408 1 79 1.000000
lowpoly_metal
0  -3.867891 11.000902 -12.286749  0.000000 1.000000 0.000000  0.991814 0.744413 1 79 1.000000
0  -3.867891 11.000902 -12.375315  0.000000 1.000000 0.000000  0.991814 0.744405 1 79 1.000000
0  -3.875777 11.000902 -12.370760  0.000000 1.000000 0.000000  0.991814 0.744408 1 79 1.000000
lowpoly_metal
0  -3.944591 11.000902 -12.419598  0.000000 1.000000 0.000000  0.991813 0.744413 1 79 1.000000
0  -4.021291 11.000902 -12.375315  0.000000 1.000000 0.000000  0.991813 0.744416 1 79 1.000000
0  -3.944591 11.000902 -12.410490  0.000000 1.000000 0.000000  0.991814 0.744412 1 79 1.000000
lowpoly_metal
0  -3.944591 11.000902 -12.410490  0.000000 1.000000 -0.000071  0.991814 0.744412 1 79 1.000000
0  -3.875777 11.000902 -12.370760  0.000000 1.000000 -0.000071  0.991814 0.744408 1 79 1.000000
0  -3.867891 11.000902 -12.375315  0.000000 1.000000 -0.000071  0.991814 0.744405 1 79 1.000000
lowpoly_metal
0  -3.695194 10.948547 -12.627268  1.000000 0.000000 0.000000  0.991798 0.744498 1 79 1.000000
0  -3.695194 10.991238 -12.627268  1.000000 0.000000 0.000000  0.991798 0.744500 1 79 1.000000
0  -3.695194 10.991239 -12.480597  1.000000 0.000000 0.000000  0.991799 0.744503 1 79 1.000000
lowpoly_metal
0  -3.822214 10.991239 -12.700603  0.000027 -1.000000 0.000000  0.991798 0.744499 1 79 1.000000
0  -3.949234 10.991238 -12.627268  0.000027 -1.000000 0.000000  0.991798 0.744500 1 79 1.000000
0  -3.822214 10.991238 -12.729407  0.000027 -1.000000 0.000000  0.991798 0.744501 1 79 1.000000
lowpoly_metal
0  -3.949234 10.991238 -12.627268  -0.000022 -1.000000 0.000000  0.991798 0.744500 1 79 1.000000
0  -3.974179 10.991239 -12.641670  -0.000022 -1.000000 0.000000  0.991799 0.744502 1 79 1.000000
0  -3.822214 10.991238 -12.729407  -0.000022 -1.000000 0.000000  0.991798 0.744501 1 79 1.000000
lowpoly_metal
0  -3.830955 10.948547 -12.206723  0.499990 0.000000 -0.866031  0.991824 0.744486 1 79 1.000000
0  -3.830955 10.991239 -12.206723  0.499990 0.000000 -0.866031  0.991824 0.744491 1 79 1.000000
0  -3.703935 10.991239 -12.133389  0.499990 0.000000 -0.866031  0.991825 0.744484 1 79 1.000000
lowpoly_metal
0  -3.703935 10.948547 -12.133389  1.000000 0.000000 0.000000  0.991824 0.744482 1 79 1.000000
0  -3.703935 10.991239 -12.133389  1.000000 0.000000 0.000000  0.991825 0.744484 1 79 1.000000
0  -3.703935 10.991239 -11.986719  1.000000 0.000000 0.000000  0.991824 0.744482 1 79 1.000000
lowpoly_metal
0  -3.673055 10.158392 -12.640049  0.499998 0.000000 -0.866027  0.991795 0.744446 1 79 1.000000
0  -3.822213 10.158391 -12.726166  0.499998 0.000000 -0.866027  0.991795 0.744446 1 79 1.000000
0  -3.822214 10.918664 -12.726166  0.499998 0.000000 -0.866027  0.991798 0.744495 1 79 1.000000
lowpoly_metal
0  -3.670249 10.991239 -12.641670  1.000000 0.000000 0.000000  0.991798 0.744502 1 79 1.000000
0  -3.670249 11.028236 -12.641670  1.000000 0.000000 0.000000  0.991798 0.744504 1 79 1.000000
0  -3.670249 11.028236 -12.466195  1.000000 0.000000 0.000000  0.991799 0.744508 1 79 1.000000
lowpoly_metal
0  -3.830955 10.158391 -12.232286  -0.465714 -0.363924 -0.806641  0.991821 0.744438 1 79 1.000000
0  -3.830955 10.033733 -12.176047  -0.465714 -0.363924 -0.806641  0.991821 0.744435 1 79 1.000000
0  -3.931407 10.033733 -12.118051  -0.465714 -0.363924 -0.806641  0.991821 0.744435 1 79 1.000000
lowpoly_metal
0  -3.678990 10.991239 -12.147791  0.000000 -1.000000 0.000054  0.991826 0.744486 1 79 1.000000
0  -3.703935 10.991239 -12.133389  0.000000 -1.000000 0.000054  0.991825 0.744484 1 79 1.000000
0  -3.830955 10.991239 -12.235528  0.000000 -1.000000 0.000054  0.991825 0.744498 1 79 1.000000
lowpoly_metal
0  -3.703935 10.991239 -12.133389  0.000000 -1.000000 0.000000  0.991825 0.744484 1 79 1.000000
0  -3.830955 10.991239 -12.206723  0.000000 -1.000000 0.000000  0.991824 0.744491 1 79 1.000000
0  -3.830955 10.991239 -12.235528  0.000000 -1.000000 0.000000  0.991825 0.744498 1 79 1.000000
lowpoly_metal
0  -3.830955 10.991239 -11.913384  0.000000 -1.000000 0.000000  0.991824 0.744481 1 79 1.000000
0  -3.830955 10.991239 -11.884580  0.000000 -1.000000 0.000000  0.991824 0.744482 1 79 1.000000
0  -3.957975 10.991239 -11.986719  0.000000 -1.000000 0.000000  0.991823 0.744482 1 79 1.000000
lowpoly_metal
0  -3.830955 10.991239 -11.884580  0.000000 -1.000000 -0.000027  0.991824 0.744482 1 79 1.000000
0  -3.982920 10.991239 -11.972317  0.000000 -1.000000 -0.000027  0.991823 0.744483 1 79 1.000000
0  -3.957975 10.991239 -11.986719  0.000000 -1.000000 -0.000027  0.991823 0.744482 1 79 1.000000
lowpoly_metal
0  -3.982920 10.991239 -12.147791  0.000000 -1.000000 0.000054  0.991822 0.744486 1 79 1.000000
0  -3.830955 10.991239 -12.235528  0.000000 -1.000000 0.000054  0.991825 0.744498 1 79 1.000000
0  -3.957975 10.991239 -12.133389  0.000000 -1.000000 0.000054  0.991823 0.744484 1 79 1.000000
lowpoly_metal
0  -3.830955 10.991239 -12.235528  0.000000 -1.000000 0.000000  0.991825 0.744498 1 79 1.000000
0  -3.830955 10.991239 -12.206723  0.000000 -1.000000 0.000000  0.991824 0.744491 1 79 1.000000
0  -3.957975 10.991239 -12.133389  0.000000 -1.000000 0.000000  0.991823 0.744484 1 79 1.000000
lowpoly_metal
0  -3.957975 10.991239 -12.133389  0.000000 -1.000000 0.000000  0.991823 0.744484 1 79 1.000000
0  -3.957975 10.991239 -11.986719  0.000000 -1.000000 0.000000  0.991823 0.744482 1 79 1.000000
0  -3.982920 10.991239 -11.972317  0.000000 -1.000000 0.000000  0.991823 0.744483 1 79 1.000000
lowpoly_metal
0  -3.745514 11.028236 -12.509649  -0.500005 0.000000 -0.866022  0.991799 0.744512 1 79 1.000000
0  -3.745514 11.000902 -12.509649  -0.500005 0.000000 -0.866022  0.991800 0.744512 1 79 1.000000
0  -3.822214 11.000902 -12.465366  -0.500005 0.000000 -0.866022  0.991800 0.744519 1 79 1.000000
lowpoly_metal
0  -3.822213 10.158391 -12.726166  -0.465725 -0.363927 -0.806633  0.991795 0.744446 1 79 1.000000
0  -3.822213 10.033733 -12.669926  -0.465725 -0.363927 -0.806633  0.991794 0.744441 1 79 1.000000
0  -3.922666 10.033733 -12.611929  -0.465725 -0.363927 -0.806633  0.991794 0.744441 1 79 1.000000
lowpoly_metal
0  -3.673055 10.158392 -12.467815  0.931433 -0.363912 0.000000  0.991795 0.744446 1 79 1.000000
0  -3.721760 10.033733 -12.495935  0.931433 -0.363912 0.000000  0.991794 0.744442 1 79 1.000000
0  -3.721760 10.033733 -12.611929  0.931433 -0.363912 0.000000  0.991794 0.744442 1 79 1.000000
lowpoly_metal
0  -3.944591 10.918664 -12.503264  0.401748 0.595267 -0.695885  0.991812 0.744427 1 79 1.000000
0  -3.944591 10.948547 -12.477701  0.401748 0.595267 -0.695885  0.991813 0.744424 1 79 1.000000
0  -3.817571 10.948547 -12.404366  0.401748 0.595267 -0.695885  0.991813 0.744422 1 79 1.000000
lowpoly_metal
0  -3.670249 10.991239 -12.466195  0.499991 0.000000 0.866031  0.991798 0.744505 1 79 1.000000
0  -3.670249 11.028236 -12.466195  0.499991 0.000000 0.866031  0.991799 0.744508 1 79 1.000000
0  -3.822214 11.028236 -12.378458  0.499991 0.000000 0.866031  0.991799 0.744516 1 79 1.000000
lowpoly_metal
0  -3.726331 9.873217 -12.609289  0.992725 -0.120406 0.000000  0.942694 0.699404 1 79 1.000000
0  -3.726331 9.873217 -12.498575  0.992725 -0.120406 0.000000  0.942694 0.699404 1 79 1.000000
0  -3.740481 9.756554 -12.506744  0.992725 -0.120406 0.000000  0.942694 0.699404 1 79 1.000000
lowpoly_metal
0  -3.721760 10.033733 -12.495935  1.000000 0.000000 0.000000  0.991794 0.744442 1 79 1.000000
0  -3.721760 9.873217 -12.495935  1.000000 0.000000 0.000000  0.991794 0.744435 1 79 1.000000
0  -3.721760 9.873217 -12.611929  1.000000 0.000000 0.000000  0.991793 0.744435 1 79 1.000000
lowpoly_metal
0  -3.730501 10.033733 -12.118051  0.499993 0.000000 -0.866030  0.991821 0.744434 1 79 1.000000
0  -3.730501 9.873217 -12.118051  0.499993 0.000000 -0.866030  0.991821 0.744428 1 79 1.000000
0  -3.830955 9.873217 -12.176047  0.499993 0.000000 -0.866030  0.991822 0.744428 1 79 1.000000
lowpoly_metal
0  -3.867891 11.028236 -12.375315  -1.000000 0.000000 0.000000  0.991814 0.744402 1 79 1.000000
0  -3.867891 11.000902 -12.375315  -1.000000 0.000000 0.000000  0.991814 0.744405 1 79 1.000000
0  -3.867891 11.000902 -12.286749  -1.000000 0.000000 0.000000  0.991814 0.744413 1 79 1.000000
lowpoly_metal
0  -3.678990 10.991239 -11.972317  0.500005 0.000000 0.866023  0.991824 0.744483 1 79 1.000000
0  -3.678990 11.028236 -11.972317  0.500005 0.000000 0.866023  0.991825 0.744484 1 79 1.000000
0  -3.830955 11.028236 -11.884580  0.500005 0.000000 0.866023  0.991824 0.744483 1 79 1.000000
lowpoly_metal
0  -3.944591 11.028236 -12.242466  0.500005 0.000000 -0.866022  0.991813 0.744417 1 79 1.000000
0  -3.944591 11.000902 -12.242466  0.500005 0.000000 -0.866022  0.991813 0.744416 1 79 1.000000
0  -4.021291 11.000902 -12.286749  0.500005 0.000000 -0.866022  0.991813 0.744417 1 79 1.000000
lowpoly_metal
0  -3.922666 10.033733 -12.611929  -1.000000 0.000000 0.000000  0.991794 0.744441 1 79 1.000000
0  -3.922666 9.873217 -12.611929  -1.000000 0.000000 0.000000  0.991794 0.744433 1 79 1.000000
0  -3.922666 9.873217 -12.495935  -1.000000 0.000000 0.000000  0.991795 0.744433 1 79 1.000000
lowpoly_metal
0  -3.830955 10.158391 -11.887821  0.465709 -0.363918 0.806647  0.991821 0.744438 1 79 1.000000
0  -3.830955 10.033733 -11.944060  0.465709 -0.363918 0.806647  0.991821 0.744435 1 79 1.000000
0  -3.730501 10.033733 -12.002057  0.465709 -0.363918 0.806647  0.991821 0.744435 1 79 1.000000
lowpoly_metal
0  -3.792625 10.991239 -12.243294  0.499998 0.000000 0.866027  0.991812 0.744419 1 79 1.000000
0  -3.792625 11.028236 -12.243294  0.499998 0.000000 0.866027  0.991812 0.744416 1 79 1.000000
0  -3.944591 11.028236 -12.155558  0.499998 0.000000 0.866027  0.991812 0.744420 1 79 1.000000
lowpoly_metal
0  -3.891027 11.000902 -12.514203  0.000000 1.000000 0.000000  0.991800 0.744512 1 79 1.000000
0  -3.898914 11.000902 -12.598215  0.000000 1.000000 0.000000  0.991799 0.744508 1 79 1.000000
0  -3.898914 11.000902 -12.509649  0.000000 1.000000 0.000000  0.991799 0.744511 1 79 1.000000
lowpoly_metal
0  -3.745514 11.000902 -12.598215  0.000000 1.000000 0.000000  0.991799 0.744508 1 79 1.000000
0  -3.822214 11.000902 -12.642498  0.000000 1.000000 0.000000  0.991799 0.744506 1 79 1.000000
0  -3.753401 11.000902 -12.593661  0.000000 1.000000 0.000000  0.991798 0.744509 1 79 1.000000
lowpoly_metal
0  -3.745514 11.000902 -12.598215  0.000000 1.000000 0.000000  0.991799 0.744508 1 79 1.000000
0  -3.753401 11.000902 -12.593661  0.000000 1.000000 0.000000  0.991798 0.744509 1 79 1.000000
0  -3.753401 11.000902 -12.514203  0.000000 1.000000 0.000000  0.991799 0.744512 1 79 1.000000
lowpoly_metal
0  -3.891027 11.000902 -12.514203  0.000000 1.000000 0.000000  0.991800 0.744512 1 79 1.000000
0  -3.898914 11.000902 -12.509649  0.000000 1.000000 0.000000  0.991799 0.744511 1 79 1.000000
0  -3.822214 11.000902 -12.474474  0.000000 1.000000 0.000000  0.991799 0.744516 1 79 1.000000
lowpoly_metal
0  -3.898914 11.000902 -12.509649  0.000000 1.000000 0.000000  0.991799 0.744511 1 79 1.000000
0  -3.822214 11.000902 -12.465366  0.000000 1.000000 0.000000  0.991800 0.744519 1 79 1.000000
0  -3.822214 11.000902 -12.474474  0.000000 1.000000 0.000000  0.991799 0.744516 1 79 1.000000
lowpoly_metal
0  -3.745514 11.000902 -12.509649  0.000000 1.000000 0.000000  0.991800 0.744512 1 79 1.000000
0  -3.745514 11.000902 -12.598215  0.000000 1.000000 0.000000  0.991799 0.744508 1 79 1.000000
0  -3.753401 11.000902 -12.514203  0.000000 1.000000 0.000000  0.991799 0.744512 1 79 1.000000
lowpoly_metal
0  -3.753401 11.000902 -12.514203  0.000000 1.000000 0.000000  0.991799 0.744512 1 79 1.000000
0  -3.822214 11.000902 -12.474474  0.000000 1.000000 0.000000  0.991799 0.744516 1 79 1.000000
0  -3.745514 11.000902 -12.509649  0.000000 1.000000 0.000000  0.991800 0.744512 1 79 1.000000
lowpoly_metal
0  -3.753401 11.000902 -12.514203  0.500013 0.000000 0.866018  0.200926 0.194578 1 79 1.000000
0  -3.753401 11.025959 -12.514203  0.500013 0.000000 0.866018  0.200926 0.194578 1 79 1.000000
0  -3.822214 11.025959 -12.474474  0.500013 0.000000 0.866018  0.200926 0.194578 1 79 1.000000
lowpoly_metal
0  -3.681796 10.158392 -12.146170  0.931434 -0.363911 0.000000  0.991821 0.744438 1 79 1.000000
0  -3.681796 10.158392 -11.973937  0.931434 -0.363911 0.000000  0.991821 0.744438 1 79 1.000000
0  -3.730501 10.033733 -12.002057  0.931434 -0.363911 0.000000  0.991821 0.744435 1 79 1.000000
lowpoly_metal
0  -3.745514 11.028236 -12.598215  -0.500005 0.000000 0.866022  0.991799 0.744507 1 79 1.000000
0  -3.822214 11.028236 -12.642498  -0.500005 0.000000 0.866022  0.991799 0.744505 1 79 1.000000
0  -3.822214 11.000902 -12.642498  -0.500005 0.000000 0.866022  0.991799 0.744506 1 79 1.000000
lowpoly_metal
0  -3.830955 10.033733 -11.944060  -0.500002 0.000000 0.866024  0.991821 0.744435 1 79 1.000000
0  -3.931407 10.033733 -12.002057  -0.500002 0.000000 0.866024  0.991821 0.744435 1 79 1.000000
0  -3.931407 9.873217 -12.002057  -0.500002 0.000000 0.866024  0.991821 0.744430 1 79 1.000000
lowpoly_metal
0  -3.898914 11.028236 -12.509649  1.000000 0.000000 0.000000  0.991799 0.744511 1 79 1.000000
0  -3.898914 11.000902 -12.509649  1.000000 0.000000 0.000000  0.991799 0.744511 1 79 1.000000
0  -3.898914 11.000902 -12.598215  1.000000 0.000000 0.000000  0.991799 0.744508 1 79 1.000000
lowpoly_metal
0  -3.830955 10.033733 -11.944060  0.499993 0.000000 0.866030  0.991821 0.744435 1 79 1.000000
0  -3.830955 9.873217 -11.944060  0.499993 0.000000 0.866030  0.991820 0.744429 1 79 1.000000
0  -3.730501 9.873217 -12.002057  0.499993 0.000000 0.866030  0.991820 0.744429 1 79 1.000000
lowpoly_metal
0  -3.891027 11.000902 -12.593661  -0.500035 0.000000 -0.866005  0.200926 0.194577 1 79 1.000000
0  -3.891027 11.025959 -12.593661  -0.500035 0.000000 -0.866005  0.200926 0.194577 1 79 1.000000
0  -3.822214 11.025959 -12.633390  -0.500035 0.000000 -0.866005  0.200926 0.194577 1 79 1.000000
lowpoly_metal
0  -3.899768 11.000902 -12.099783  -0.500035 0.000000 -0.866005  0.200931 0.194573 1 79 1.000000
0  -3.899768 11.025959 -12.099783  -0.500035 0.000000 -0.866005  0.200931 0.194573 1 79 1.000000
0  -3.830955 11.025959 -12.139513  -0.500035 0.000000 -0.866005  0.200931 0.194573 1 79 1.000000
lowpoly_metal
0  -3.795432 10.158392 -12.417149  0.499998 0.000000 -0.866027  0.991809 0.744475 1 79 1.000000
0  -3.944590 10.158391 -12.503264  0.499998 0.000000 -0.866027  0.991809 0.744475 1 79 1.000000
0  -3.944591 10.918664 -12.503264  0.499998 0.000000 -0.866027  0.991812 0.744427 1 79 1.000000
lowpoly_metal
0  -3.754255 11.028236 -12.015771  -0.500005 0.000000 -0.866022  0.991824 0.744486 1 79 1.000000
0  -3.754255 11.000902 -12.015771  -0.500005 0.000000 -0.866022  0.991824 0.744486 1 79 1.000000
0  -3.830955 11.000902 -11.971488  -0.500005 0.000000 -0.866022  0.991824 0.744486 1 79 1.000000
lowpoly_metal
0  -3.822214 10.991238 -12.729407  0.500005 0.000000 -0.866023  0.991798 0.744501 1 79 1.000000
0  -3.822214 11.028236 -12.729407  0.500005 0.000000 -0.866023  0.991799 0.744503 1 79 1.000000
0  -3.670249 11.028236 -12.641670  0.500005 0.000000 -0.866023  0.991798 0.744504 1 79 1.000000
lowpoly_metal
0  -3.844137 10.033733 -12.273035  1.000000 0.000000 0.000000  0.991809 0.744479 1 79 1.000000
0  -3.844137 9.873217 -12.273035  1.000000 0.000000 0.000000  0.991809 0.744485 1 79 1.000000
0  -3.844137 9.873217 -12.389029  1.000000 0.000000 0.000000  0.991809 0.744486 1 79 1.000000
lowpoly_metal
0  -3.926837 9.873217 -12.004696  0.000000 -1.000000 0.000000  0.991821 0.744428 1 79 1.000000
0  -3.830955 9.873217 -11.944060  0.000000 -1.000000 0.000000  0.991820 0.744429 1 79 1.000000
0  -3.931407 9.873217 -12.002057  0.000000 -1.000000 0.000000  0.991821 0.744430 1 79 1.000000
lowpoly_metal
0  -3.931407 9.873217 -12.118051  0.000000 -1.000000 0.000000  0.991822 0.744429 1 79 1.000000
0  -3.830955 9.873217 -12.176047  0.000000 -1.000000 0.000000  0.991822 0.744428 1 79 1.000000
0  -3.926837 9.873217 -12.115412  0.000000 -1.000000 0.000000  0.991822 0.744427 1 79 1.000000
lowpoly_metal
0  -3.926837 9.873217 -12.115412  0.000000 -1.000000 0.000000  0.991822 0.744427 1 79 1.000000
0  -3.926837 9.873217 -12.004696  0.000000 -1.000000 0.000000  0.991821 0.744428 1 79 1.000000
0  -3.931407 9.873217 -12.002057  0.000000 -1.000000 0.000000  0.991821 0.744430 1 79 1.000000
lowpoly_metal
0  -3.822213 9.873217 -12.443217  0.496377 -0.120408 0.859716  0.942694 0.699404 1 79 1.000000
0  -3.822213 9.756553 -12.459557  0.496377 -0.120408 0.859716  0.942695 0.699403 1 79 1.000000
0  -3.740481 9.756554 -12.506744  0.496377 -0.120408 0.859716  0.942694 0.699404 1 79 1.000000
lowpoly_metal
0  -3.830955 9.873217 -11.944060  0.000000 -1.000000 0.000000  0.991820 0.744429 1 79 1.000000
0  -3.926837 9.873217 -12.004696  0.000000 -1.000000 0.000000  0.991821 0.744428 1 79 1.000000
0  -3.830955 9.873217 -11.949339  0.000000 -1.000000 0.000000  0.991820 0.744427 1 79 1.000000
lowpoly_metal
0  -3.830955 9.873217 -11.944060  0.000000 -1.000000 0.000000  0.991820 0.744429 1 79 1.000000
0  -3.830955 9.873217 -11.949339  0.000000 -1.000000 0.000000  0.991820 0.744427 1 79 1.000000
0  -3.735072 9.873217 -12.004696  0.000000 -1.000000 0.000000  0.991820 0.744426 1 79 1.000000
lowpoly_metal
0  -3.830955 9.873217 -12.170769  0.000000 -1.000000 0.000000  0.991822 0.744426 1 79 1.000000
0  -3.926837 9.873217 -12.115412  0.000000 -1.000000 0.000000  0.991822 0.744427 1 79 1.000000
0  -3.830955 9.873217 -12.176047  0.000000 -1.000000 0.000000  0.991822 0.744428 1 79 1.000000
lowpoly_metal
0  -3.735072 9.873217 -12.115412  0.000000 -1.000000 0.000000  0.991820 0.744425 1 79 1.000000
0  -3.830955 9.873217 -12.170769  0.000000 -1.000000 0.000000  0.991822 0.744426 1 79 1.000000
0  -3.830955 9.873217 -12.176047  0.000000 -1.000000 0.000000  0.991822 0.744428 1 79 1.000000
lowpoly_metal
0  -3.730501 9.873217 -12.002057  0.000000 -1.000000 0.000000  0.991820 0.744429 1 79 1.000000
0  -3.830955 9.873217 -11.944060  0.000000 -1.000000 0.000000  0.991820 0.744429 1 79 1.000000
0  -3.735072 9.873217 -12.004696  0.000000 -1.000000 0.000000  0.991820 0.744426 1 79 1.000000
lowpoly_metal
0  -3.735072 9.873217 -12.115412  0.000000 -1.000000 0.000000  0.991820 0.744425 1 79 1.000000
0  -3.830955 9.873217 -12.176047  0.000000 -1.000000 0.000000  0.991822 0.744428 1 79 1.000000
0  -3.730501 9.873217 -12.118051  0.000000 -1.000000 0.000000  0.991821 0.744428 1 79 1.000000
lowpoly_metal
0  -3.730501 9.873217 -12.002057  0.000000 -1.000000 0.000000  0.991820 0.744429 1 79 1.000000
0  -3.735072 9.873217 -12.004696  0.000000 -1.000000 0.000000  0.991820 0.744426 1 79 1.000000
0  -3.735072 9.873217 -12.115412  0.000000 -1.000000 0.000000  0.991820 0.744425 1 79 1.000000
lowpoly_metal
0  -3.822213 9.873217 -12.664648  0.496383 -0.120400 -0.859714  0.942694 0.699404 1 79 1.000000
0  -3.726331 9.873217 -12.609289  0.496383 -0.120400 -0.859714  0.942694 0.699404 1 79 1.000000
0  -3.740481 9.756554 -12.601121  0.496383 -0.120400 -0.859714  0.942694 0.699404 1 79 1.000000
lowpoly_metal
0  -3.822213 9.873217 -12.664648  -0.496347 -0.120411 -0.859733  0.942694 0.699404 1 79 1.000000
0  -3.822213 9.756554 -12.648309  -0.496347 -0.120411 -0.859733  0.942694 0.699403 1 79 1.000000
0  -3.903945 9.756554 -12.601121  -0.496347 -0.120411 -0.859733  0.942694 0.699403 1 79 1.000000
lowpoly_metal
0  -3.754255 11.028236 -12.104337  0.000000 1.000000 0.000000  0.991824 0.744489 1 79 1.000000
0  -3.754255 11.028236 -12.015771  0.000000 1.000000 0.000000  0.991824 0.744486 1 79 1.000000
0  -3.678990 11.028236 -12.147791  0.000000 1.000000 0.000000  0.991826 0.744487 1 79 1.000000
lowpoly_metal
0  -4.026322 9.756554 -12.283844  -0.482032 -0.265713 0.834890  0.942696 0.699410 1 79 1.000000
0  -3.996851 9.661907 -12.300859  -0.505308 -0.299051 0.809464  0.942695 0.699410 1 79 1.000000
0  -3.944590 9.661907 -12.270685  -0.471490 -0.332889 0.816629  0.942696 0.699409 1 79 1.000000
lowpoly_metal
0  -3.944590 9.756554 -12.236655  0.482025 -0.265697 0.834899  0.942696 0.699409 1 79 1.000000
0  -3.944590 9.661907 -12.270685  0.448381 -0.299048 0.842333  0.942696 0.699409 1 79 1.000000
0  -3.892329 9.661907 -12.300859  0.471486 -0.332873 0.816638  0.942696 0.699410 1 79 1.000000
lowpoly_metal
0  -3.795432 10.158392 -12.244915  0.931432 -0.363916 0.000000  0.991809 0.744475 1 79 1.000000
0  -3.844137 10.033733 -12.273035  0.931432 -0.363916 0.000000  0.991809 0.744479 1 79 1.000000
0  -3.844137 10.033733 -12.389029  0.931432 -0.363916 0.000000  0.991809 0.744479 1 79 1.000000
lowpoly_metal
0  -3.822214 10.918664 -12.381700  -0.401748 0.595267 0.695885  0.991798 0.744498 1 79 1.000000
0  -3.822214 10.948547 -12.407263  -0.401748 0.595267 0.695885  0.991799 0.744502 1 79 1.000000
0  -3.949234 10.948547 -12.480598  -0.401748 0.595267 0.695885  0.991799 0.744500 1 79 1.000000
lowpoly_metal
0  -3.974179 10.991239 -12.466195  -0.000038 -1.000000 0.000000  0.991799 0.744506 1 79 1.000000
0  -3.974179 10.991239 -12.641670  -0.000038 -1.000000 0.000000  0.991799 0.744502 1 79 1.000000
0  -3.949234 10.991238 -12.627268  -0.000038 -1.000000 0.000000  0.991798 0.744500 1 79 1.000000
lowpoly_metal
0  -3.974179 10.991239 -12.466195  0.000004 -1.000000 0.000000  0.991799 0.744506 1 79 1.000000
0  -3.949234 10.991238 -12.627268  0.000004 -1.000000 0.000000  0.991798 0.744500 1 79 1.000000
0  -3.949234 10.991239 -12.480597  0.000004 -1.000000 0.000000  0.991799 0.744503 1 79 1.000000
lowpoly_metal
0  -3.695194 10.991238 -12.627268  0.000022 -1.000000 0.000000  0.991798 0.744500 1 79 1.000000
0  -3.822214 10.991238 -12.729407  0.000022 -1.000000 0.000000  0.991798 0.744501 1 79 1.000000
0  -3.670249 10.991239 -12.641670  0.000022 -1.000000 0.000000  0.991798 0.744502 1 79 1.000000
lowpoly_metal
0  -3.695194 10.991239 -12.480597  0.000042 -1.000000 0.000000  0.991799 0.744503 1 79 1.000000
0  -3.695194 10.991238 -12.627268  0.000042 -1.000000 0.000000  0.991798 0.744500 1 79 1.000000
0  -3.670249 10.991239 -12.641670  0.000042 -1.000000 0.000000  0.991798 0.744502 1 79 1.000000
lowpoly_metal
0  -3.822214 10.991239 -12.378458  0.000000 -1.000000 -0.000027  0.991799 0.744511 1 79 1.000000
0  -3.974179 10.991239 -12.466195  0.000000 -1.000000 -0.000027  0.991799 0.744506 1 79 1.000000
0  -3.949234 10.991239 -12.480597  0.000000 -1.000000 -0.000027  0.991799 0.744503 1 79 1.000000
lowpoly_metal
0  -3.822214 10.991239 -12.378458  0.000000 -1.000000 0.000000  0.991799 0.744511 1 79 1.000000
0  -3.949234 10.991239 -12.480597  0.000000 -1.000000 0.000000  0.991799 0.744503 1 79 1.000000
0  -3.822214 10.991239 -12.407263  0.000000 -1.000000 0.000000  0.991799 0.744506 1 79 1.000000
lowpoly_metal
0  -3.695194 10.991239 -12.480597  0.000000 -1.000000 0.000000  0.991799 0.744503 1 79 1.000000
0  -3.670249 10.991239 -12.641670  0.000000 -1.000000 0.000000  0.991798 0.744502 1 79 1.000000
0  -3.670249 10.991239 -12.466195  0.000000 -1.000000 0.000000  0.991798 0.744505 1 79 1.000000
lowpoly_metal
0  -3.822214 10.991239 -12.378458  0.000000 -1.000000 0.000000  0.991799 0.744511 1 79 1.000000
0  -3.822214 10.991239 -12.407263  0.000000 -1.000000 0.000000  0.991799 0.744506 1 79 1.000000
0  -3.695194 10.991239 -12.480597  0.000000 -1.000000 0.000000  0.991799 0.744503 1 79 1.000000
lowpoly_metal
0  -3.721760 10.033733 -12.611929  0.499995 0.000000 -0.866028  0.991794 0.744442 1 79 1.000000
0  -3.721760 9.873217 -12.611929  0.499995 0.000000 -0.866028  0.991793 0.744435 1 79 1.000000
0  -3.822213 9.873217 -12.669926  0.499995 0.000000 -0.866028  0.991793 0.744434 1 79 1.000000
lowpoly_metal
0  -3.830955 10.158391 -12.232286  0.465718 -0.363912 -0.806644  0.991821 0.744438 1 79 1.000000
0  -3.681796 10.158392 -12.146170  0.465718 -0.363912 -0.806644  0.991821 0.744438 1 79 1.000000
0  -3.730501 10.033733 -12.118051  0.465718 -0.363912 -0.806644  0.991821 0.744434 1 79 1.000000
lowpoly_metal
0  -3.730501 10.033733 -12.002057  1.000000 0.000000 0.000000  0.991821 0.744435 1 79 1.000000
0  -3.730501 9.873217 -12.002057  1.000000 0.000000 0.000000  0.991820 0.744429 1 79 1.000000
0  -3.730501 9.873217 -12.118051  1.000000 0.000000 0.000000  0.991821 0.744428 1 79 1.000000
lowpoly_metal
0  -3.822214 11.000902 -12.633390  0.000000 1.000000 0.000000  0.991799 0.744507 1 79 1.000000
0  -3.753401 11.000902 -12.593661  0.000000 1.000000 0.000000  0.991798 0.744509 1 79 1.000000
0  -3.822214 11.000902 -12.642498  0.000000 1.000000 0.000000  0.991799 0.744506 1 79 1.000000
lowpoly_metal
0  -3.898914 11.000902 -12.598215  0.000000 1.000000 0.000000  0.991799 0.744508 1 79 1.000000
0  -3.891027 11.000902 -12.514203  0.000000 1.000000 0.000000  0.991800 0.744512 1 79 1.000000
0  -3.891027 11.000902 -12.593661  0.000000 1.000000 0.000000  0.991800 0.744509 1 79 1.000000
lowpoly_metal
0  -3.891027 11.000902 -12.593661  0.000000 1.000000 0.000000  0.991800 0.744509 1 79 1.000000
0  -3.822214 11.000902 -12.633390  0.000000 1.000000 0.000000  0.991799 0.744507 1 79 1.000000
0  -3.898914 11.000902 -12.598215  0.000000 1.000000 0.000000  0.991799 0.744508 1 79 1.000000
lowpoly_metal
0  -3.944590 10.158391 -12.158798  -0.465713 -0.363922 0.806643  0.991809 0.744475 1 79 1.000000
0  -4.093748 10.158391 -12.244915  -0.465713 -0.363922 0.806643  0.991809 0.744475 1 79 1.000000
0  -4.045043 10.033733 -12.273035  -0.465713 -0.363922 0.806643  0.991808 0.744479 1 79 1.000000
lowpoly_metal
0  -3.875778 11.000902 -12.291303  0.499990 -0.000030 0.866031  0.200929 0.194557 1 79 1.000000
0  -3.875778 11.025959 -12.291302  0.499990 -0.000030 0.866031  0.200929 0.194557 1 79 1.000000
0  -3.944591 11.025959 -12.251574  0.499990 -0.000030 0.866031  0.200929 0.194558 1 79 1.000000
lowpoly_metal
0  -3.740481 9.756554 -12.506744  0.964056 -0.265699 0.000002  0.942694 0.699404 1 79 1.000000
0  -3.769952 9.661907 -12.523760  0.953674 -0.299042 0.032867  0.942694 0.699404 1 79 1.000000
0  -3.769952 9.661907 -12.584105  0.942971 -0.332874 -0.000002  0.942694 0.699403 1 79 1.000000
lowpoly_plastic
0  -3.462424 -7.954001 -12.408072  0.750782 -0.641938 0.155698  0.008576 0.748762 1 72 1.000000
0  -3.462424 -7.702026 -11.344817  0.752738 -0.640499 0.152140  0.008576 0.748762 1 72 1.000000
0  -3.558851 -7.812179 -11.333915  0.755534 -0.637301 0.151708  0.008576 0.748762 1 72 1.000000
lowpoly_plastic
0  -3.867668 -8.168398 -12.366030  0.000000 -0.972893 0.231254  0.897248 0.822590 1 72 1.000000
0  -3.867668 -8.327986 -13.037416  0.002253 -0.972891 0.231253  0.897248 0.822590 1 72 1.000000
0  -3.736783 -8.327986 -13.037416  -0.000000 -0.972370 0.233445  0.897248 0.822590 1 72 1.000000
lowpoly_plastic
0  -3.424033 -6.550214 -12.671035  0.992641 0.118154 -0.026524  0.897248 0.822590 1 72 1.000000
0  -3.424033 -6.714375 -13.395756  0.992641 0.118154 -0.026524  0.897248 0.822590 1 72 1.000000
0  -3.435242 -6.623297 -13.416064  0.992641 0.118154 -0.026524  0.897248 0.822590 1 72 1.000000
lowpoly_plastic
0  -4.185127 -6.447945 -12.691643  -0.096279 0.970802 -0.219711  0.897248 0.822590 1 72 1.000000
0  -4.185127 -6.612295 -13.418551  -0.096279 0.970802 -0.219711  0.897248 0.822590 1 72 1.000000
0  -4.300095 -6.623297 -13.416064  -0.096250 0.972184 -0.213529  0.897248 0.822590 1 72 1.000000
lowpoly_plastic
0  -3.998554 -8.168398 -12.366030  0.000000 -0.972893 0.231256  0.897248 0.822590 1 72 1.000000
0  -3.998554 -8.327986 -13.037416  0.000000 -0.972893 0.231256  0.897248 0.822590 1 72 1.000000
0  -3.867668 -8.327986 -13.037416  -0.000000 -0.972347 0.233541  0.897248 0.822590 1 72 1.000000
lowpoly_plastic
0  -3.426329 -7.966728 -12.405059  0.999986 -0.005226 0.000990  0.897248 0.822590 1 72 1.000000
0  -3.426498 -8.127273 -13.082313  0.999986 -0.005226 0.000990  0.897248 0.822590 1 72 1.000000
0  -3.424033 -7.674734 -13.182840  0.999986 -0.005226 0.000990  0.897248 0.822590 1 72 1.000000
lowpoly_plastic
0  -4.062507 -8.168398 -12.366030  0.000000 -0.972894 0.231252  0.897248 0.822590 1 72 1.000000
0  -4.062507 -8.327986 -13.037416  0.000000 -0.972894 0.231252  0.897248 0.822590 1 72 1.000000
0  -3.998554 -8.327986 -13.037416  0.000000 -0.972894 0.231252  0.897248 0.822590 1 72 1.000000
lowpoly_plastic
0  -4.309006 -7.966728 -12.405059  -0.999988 -0.004852 0.001132  0.897248 0.822590 1 72 1.000000
0  -4.311303 -7.513357 -12.490615  -0.999988 -0.004852 0.001132  0.897248 0.822590 1 72 1.000000
0  -4.311303 -7.674734 -13.182840  -0.999988 -0.004852 0.001132  0.897248 0.822590 1 72 1.000000
lowpoly_plastic
0  -3.435242 -6.623297 -13.416064  0.095946 0.972217 -0.213515  0.897248 0.822590 1 72 1.000000
0  -3.550210 -6.612295 -13.418551  0.096280 0.970802 -0.219711  0.897248 0.822590 1 72 1.000000
0  -3.550210 -6.447945 -12.691643  0.096280 0.970802 -0.219711  0.897248 0.822590 1 72 1.000000
lowpoly_plastic
0  -3.672829 -8.327986 -13.037416  0.049679 -0.971670 0.231062  0.897248 0.822590 1 72 1.000000
0  -3.603075 -8.324643 -13.038213  0.047720 -0.971768 0.231063  0.897248 0.822590 1 72 1.000000
0  -3.602834 -8.164948 -12.366853  0.049877 -0.972156 0.228966  0.897248 0.822590 1 72 1.000000
lowpoly_plastic
0  -4.205480 -8.247338 -13.055515  -0.733026 -0.661088 0.160109  0.897248 0.822590 1 72 1.000000
0  -4.132262 -8.324643 -13.038213  -0.734794 -0.660095 0.156051  0.897248 0.822590 1 72 1.000000
0  -4.132502 -8.164948 -12.366853  -0.733495 -0.661627 0.155676  0.897248 0.822590 1 72 1.000000
lowpoly_plastic
0  -3.550210 -6.612295 -13.418551  -0.144193 0.965434 -0.217133  0.897248 0.822590 1 72 1.000000
0  -3.628031 -6.622536 -13.416237  -0.137845 0.966316 -0.217328  0.897248 0.822590 1 72 1.000000
0  -3.626559 -6.459619 -12.689004  -0.144224 0.964027 -0.223276  0.897248 0.822590 1 72 1.000000
lowpoly_plastic
0  -3.867668 -6.357319 -12.704160  -0.046711 0.974110 -0.221196  0.897248 0.822590 1 72 1.000000
0  -3.867668 -6.521670 -13.431067  -0.047166 0.975478 -0.214984  0.897248 0.822590 1 72 1.000000
0  -4.108778 -6.533345 -13.428428  -0.046683 0.975495 -0.215012  0.897248 0.822590 1 72 1.000000
lowpoly_plastic
0  -4.311303 -6.550214 -12.671033  -0.992636 0.118198 -0.026526  0.897248 0.822590 1 72 1.000000
0  -4.299732 -6.458597 -12.689235  -0.992636 0.118198 -0.026526  0.897248 0.822590 1 72 1.000000
0  -4.300095 -6.623297 -13.416064  -0.992636 0.118198 -0.026526  0.897248 0.822590 1 72 1.000000
lowpoly_plastic
0  -4.132502 -8.164948 -12.366853  -0.049680 -0.971669 0.231063  0.897248 0.822590 1 72 1.000000
0  -4.132262 -8.324643 -13.038213  -0.047769 -0.971765 0.231066  0.897248 0.822590 1 72 1.000000
0  -4.062507 -8.327986 -13.037416  -0.049680 -0.971669 0.231064  0.897248 0.822590 1 72 1.000000
lowpoly_plastic
0  -4.311303 -7.513357 -12.490615  -1.000000 -0.000001 0.000000  0.897248 0.822590 1 72 1.000000
0  -4.311303 -6.550214 -12.671033  -1.000000 -0.000001 0.000000  0.897248 0.822590 1 72 1.000000
0  -4.311303 -6.714375 -13.395756  -1.000000 -0.000001 0.000000  0.897248 0.822590 1 72 1.000000
lowpoly_plastic
0  -3.426498 -8.127273 -13.082313  0.763340 -0.627848 0.152049  0.897248 0.822590 1 72 1.000000
0  -3.426329 -7.966728 -12.405059  0.763209 -0.629420 0.146094  0.897248 0.822590 1 72 1.000000
0  -3.529856 -8.087552 -12.381836  0.768012 -0.623171 0.147702  0.897248 0.822590 1 72 1.000000
lowpoly_plastic
0  -4.108778 -6.459619 -12.689004  -1.000000 0.000030 -0.000003  0.897248 0.822590 1 72 1.000000
0  -4.107306 -6.367560 -12.701844  -1.000000 0.000030 -0.000002  0.897248 0.822590 1 72 1.000000
0  -4.108778 -6.533345 -13.428428  -1.000000 0.000030 -0.000003  0.897248 0.822590 1 72 1.000000
lowpoly_plastic
0  -4.108778 -6.459619 -12.689004  0.144192 0.965435 -0.217128  0.897248 0.822590 1 72 1.000000
0  -4.107306 -6.622536 -13.416237  0.137891 0.966309 -0.217331  0.897248 0.822590 1 72 1.000000
0  -4.185127 -6.612295 -13.418551  0.144192 0.965435 -0.217129  0.897248 0.822590 1 72 1.000000
lowpoly_plastic
0  -3.424033 -7.513357 -12.490615  1.000000 -0.000000 -0.000000  0.897248 0.822590 1 72 1.000000
0  -3.424033 -7.674734 -13.182840  1.000000 -0.000000 -0.000000  0.897248 0.822590 1 72 1.000000
0  -3.424033 -6.714375 -13.395756  1.000000 -0.000000 -0.000000  0.897248 0.822590 1 72 1.000000
lowpoly_plastic
0  -3.529857 -8.247338 -13.055515  0.731864 -0.662711 0.158710  0.897248 0.822590 1 72 1.000000
0  -3.529856 -8.087552 -12.381836  0.732997 -0.662547 0.154102  0.897248 0.822590 1 72 1.000000
0  -3.602834 -8.164948 -12.366853  0.737537 -0.657070 0.155879  0.897248 0.822590 1 72 1.000000
lowpoly_plastic
0  -4.308838 -8.127273 -13.082313  -0.763325 -0.627855 0.152093  0.897248 0.822590 1 72 1.000000
0  -4.205480 -8.247338 -13.055515  -0.767193 -0.623828 0.149176  0.897248 0.822590 1 72 1.000000
0  -4.205480 -8.087552 -12.381836  -0.766088 -0.626120 0.145196  0.897248 0.822590 1 72 1.000000
lowpoly_plastic
0  -3.626559 -6.533345 -13.428428  0.045945 0.975516 -0.215075  0.897248 0.822590 1 72 1.000000
0  -3.867668 -6.521670 -13.431067  0.053047 0.973907 -0.220663  0.897248 0.822590 1 72 1.000000
0  -3.867668 -6.357319 -12.704160  0.047170 0.972663 -0.227380  0.897248 0.822590 1 72 1.000000
lowpoly_plastic
0  -3.626559 -6.533345 -13.428428  1.000000 0.000027 -0.000002  0.897248 0.822590 1 72 1.000000
0  -3.628030 -6.367560 -12.701844  1.000000 0.000027 -0.000003  0.897248 0.822590 1 72 1.000000
0  -3.626559 -6.459619 -12.689004  1.000000 0.000027 -0.000003  0.897248 0.822590 1 72 1.000000
lowpoly_plastic
0  -3.736783 -8.327986 -13.037416  0.002349 -0.972890 0.231257  0.897248 0.822590 1 72 1.000000
0  -3.672829 -8.327986 -13.037416  0.000000 -0.972893 0.231257  0.897248 0.822590 1 72 1.000000
0  -3.672829 -8.168398 -12.366030  0.000000 -0.972893 0.231257  0.897248 0.822590 1 72 1.000000
lowpoly_plastic
0  -3.462424 -6.649740 -13.410086  0.004514 -0.216120 -0.976356  0.863264 0.820637 1 72 1.000000
0  -3.550210 -6.649740 -13.410086  0.000000 -0.220516 -0.975383  0.863264 0.820637 1 72 1.000000
0  -3.550210 -6.612295 -13.418551  0.000000 -0.220516 -0.975383  0.863264 0.820637 1 72 1.000000
lowpoly_plastic
0  -3.867668 -6.559115 -13.422601  -0.006110 -0.218765 -0.975758  0.863264 0.820637 1 72 1.000000
0  -4.080925 -6.559115 -13.422601  -0.004626 -0.216261 -0.976325  0.863264 0.820637 1 72 1.000000
0  -4.108778 -6.533345 -13.428428  0.006368 -0.220233 -0.975426  0.863264 0.820637 1 72 1.000000
lowpoly_plastic
0  -4.080925 -6.485390 -12.683177  -0.083569 0.137654 0.986949  0.863264 0.820637 1 72 1.000000
0  -4.080925 -6.394765 -12.695693  -0.083569 0.137654 0.986949  0.863264 0.820637 1 72 1.000000
0  -4.107306 -6.367560 -12.701844  -0.083569 0.137654 0.986948  0.863264 0.820637 1 72 1.000000
lowpoly_plastic
0  -3.462424 -6.550214 -12.671035  0.000000 0.184121 0.982904  0.863264 0.820637 1 72 1.000000
0  -3.462424 -7.513357 -12.490615  0.000000 0.184121 0.982904  0.863264 0.820637 1 72 1.000000
0  -3.424033 -7.513357 -12.490615  0.000000 0.184121 0.982904  0.863264 0.820637 1 72 1.000000
lowpoly_plastic
0  -4.080925 -6.394765 -12.695693  0.006376 0.220535 0.975358  0.863264 0.820637 1 72 1.000000
0  -3.867668 -6.394765 -12.695693  0.000000 0.220540 0.975378  0.863264 0.820637 1 72 1.000000
0  -3.867668 -6.357319 -12.704160  0.000000 0.220540 0.975378  0.863264 0.820637 1 72 1.000000
lowpoly_plastic
0  -3.672829 -8.290636 -13.046293  0.000000 -0.231172 -0.972913  0.863264 0.820637 1 72 1.000000
0  -3.618951 -8.290636 -13.046293  -0.002335 -0.231416 -0.972852  0.863264 0.820637 1 72 1.000000
0  -3.603075 -8.324643 -13.038213  -0.001099 -0.229204 -0.973378  0.863264 0.820637 1 72 1.000000
lowpoly_plastic
0  -3.736783 -8.290636 -13.046293  0.002301 -0.231254 -0.972891  0.863264 0.820637 1 72 1.000000
0  -3.672829 -8.290636 -13.046293  0.000000 -0.231255 -0.972893  0.863264 0.820637 1 72 1.000000
0  -3.672829 -8.327986 -13.037416  0.000000 -0.231255 -0.972893  0.863264 0.820637 1 72 1.000000
lowpoly_plastic
0  -3.462424 -6.485390 -12.683177  0.012594 0.191296 0.981452  0.863264 0.820637 1 72 1.000000
0  -3.462424 -6.550214 -12.671035  0.012594 0.191296 0.981452  0.863264 0.820637 1 72 1.000000
0  -3.424033 -6.550214 -12.671035  0.012594 0.191297 0.981451  0.863264 0.820637 1 72 1.000000
lowpoly_plastic
0  -3.462424 -7.674734 -13.182840  0.000000 -0.216448 -0.976294  0.863264 0.820637 1 72 1.000000
0  -3.462424 -6.714375 -13.395756  0.000000 -0.216448 -0.976294  0.863264 0.820637 1 72 1.000000
0  -3.424033 -6.714375 -13.395756  0.000000 -0.216448 -0.976294  0.863264 0.820637 1 72 1.000000
lowpoly_plastic
0  -4.272912 -7.954001 -12.408072  0.008167 0.184803 0.982742  0.863264 0.820637 1 72 1.000000
0  -4.272912 -7.513357 -12.490615  0.008168 0.184802 0.982742  0.863264 0.820637 1 72 1.000000
0  -4.311303 -7.513357 -12.490615  0.008167 0.184803 0.982742  0.863264 0.820637 1 72 1.000000
lowpoly_plastic
0  -4.185127 -6.485390 -12.683177  0.000000 0.220538 0.975378  0.863264 0.820637 1 72 1.000000
0  -4.080925 -6.485390 -12.683177  0.000000 0.220538 0.975378  0.863264 0.820637 1 72 1.000000
0  -4.108778 -6.459619 -12.689004  0.000000 0.220538 0.975378  0.863264 0.820637 1 72 1.000000
lowpoly_plastic
0  -3.618951 -8.290636 -13.046293  0.008352 -0.223559 -0.974654  0.863264 0.820637 1 72 1.000000
0  -3.558851 -8.222855 -13.061320  0.007316 -0.227596 -0.973728  0.863264 0.820637 1 72 1.000000
0  -3.529857 -8.247338 -13.055515  0.005500 -0.223745 -0.974632  0.863264 0.820637 1 72 1.000000
lowpoly_plastic
0  -4.116385 -8.131048 -12.374907  0.027019 0.209787 0.977374  0.863264 0.820637 1 72 1.000000
0  -4.176485 -8.063068 -12.387641  0.023902 0.208250 0.977784  0.863264 0.820637 1 72 1.000000
0  -4.205480 -8.087552 -12.381836  0.030048 0.207976 0.977672  0.863264 0.820637 1 72 1.000000
lowpoly_plastic
0  -4.272913 -6.550214 -12.671033  -0.012559 0.191300 0.981451  0.863264 0.820637 1 72 1.000000
0  -4.272913 -6.485390 -12.683177  -0.012559 0.191298 0.981452  0.863264 0.820637 1 72 1.000000
0  -4.299732 -6.458597 -12.689235  -0.012559 0.191298 0.981452  0.863264 0.820637 1 72 1.000000
lowpoly_plastic
0  -3.558851 -8.222855 -13.061320  0.007865 -0.219253 -0.975636  0.863264 0.820637 1 72 1.000000
0  -3.462424 -8.114102 -13.085431  0.006506 -0.225570 -0.974205  0.863264 0.820637 1 72 1.000000
0  -3.426498 -8.127273 -13.082313  0.001447 -0.222721 -0.974881  0.863264 0.820637 1 72 1.000000
lowpoly_plastic
0  -3.867668 -8.290636 -13.046293  0.002349 -0.231249 -0.972892  0.863264 0.820637 1 72 1.000000
0  -3.736783 -8.290636 -13.046293  0.000000 -0.233442 -0.972371  0.863264 0.820637 1 72 1.000000
0  -3.736783 -8.327986 -13.037416  -0.002301 -0.231249 -0.972892  0.863264 0.820637 1 72 1.000000
lowpoly_plastic
0  -3.998554 -8.131048 -12.374907  0.000000 0.231255 0.972893  0.863264 0.820637 1 72 1.000000
0  -4.062507 -8.131048 -12.374907  0.000000 0.231255 0.972893  0.863264 0.820637 1 72 1.000000
0  -4.062507 -8.168398 -12.366030  0.000000 0.231255 0.972893  0.863264 0.820637 1 72 1.000000
lowpoly_plastic
0  -3.736782 -8.131048 -12.374907  -0.002301 0.231250 0.972892  0.863264 0.820637 1 72 1.000000
0  -3.867668 -8.131048 -12.374907  0.000000 0.231250 0.972894  0.863264 0.820637 1 72 1.000000
0  -3.867668 -8.168398 -12.366030  0.000000 0.231250 0.972894  0.863264 0.820637 1 72 1.000000
lowpoly_plastic
0  -3.998554 -8.290636 -13.046293  0.000000 -0.231250 -0.972894  0.863264 0.820637 1 72 1.000000
0  -3.867668 -8.290636 -13.046293  0.000000 -0.233535 -0.972349  0.863264 0.820637 1 72 1.000000
0  -3.867668 -8.327986 -13.037416  -0.002349 -0.231249 -0.972892  0.863264 0.820637 1 72 1.000000
lowpoly_plastic
0  -4.062507 -8.131048 -12.374907  0.000000 0.231157 0.972917  0.863264 0.820637 1 72 1.000000
0  -4.116385 -8.131048 -12.374907  0.000000 0.231157 0.972917  0.863264 0.820637 1 72 1.000000
0  -4.132502 -8.164948 -12.366853  0.000000 0.231157 0.972917  0.863264 0.820637 1 72 1.000000
lowpoly_plastic
0  -4.185127 -6.649740 -13.410086  0.000000 -0.220523 -0.975382  0.863264 0.820637 1 72 1.000000
0  -4.272913 -6.649740 -13.410086  -0.004514 -0.216127 -0.976355  0.863264 0.820637 1 72 1.000000
0  -4.300095 -6.623297 -13.416064  0.006345 -0.219905 -0.975501  0.863264 0.820637 1 72 1.000000
lowpoly_plastic
0  -3.867668 -8.131048 -12.374907  -0.002397 0.231249 0.972892  0.863264 0.820637 1 72 1.000000
0  -3.998554 -8.131048 -12.374907  0.000000 0.231250 0.972894  0.863264 0.820637 1 72 1.000000
0  -3.998554 -8.168398 -12.366030  0.000000 0.231250 0.972894  0.863264 0.820637 1 72 1.000000
lowpoly_plastic
0  -3.654411 -6.394765 -12.695693  0.083535 0.137658 0.986951  0.863264 0.820637 1 72 1.000000
0  -3.654411 -6.485390 -12.683177  0.083535 0.137658 0.986951  0.863264 0.820637 1 72 1.000000
0  -3.626559 -6.459619 -12.689004  0.083535 0.137658 0.986951  0.863264 0.820637 1 72 1.000000
lowpoly_plastic
0  -4.176485 -8.222855 -13.061320  -0.009665 -0.227522 -0.973725  0.863264 0.820637 1 72 1.000000
0  -4.116385 -8.290636 -13.046293  -0.009124 -0.223675 -0.974621  0.863264 0.820637 1 72 1.000000
0  -4.132262 -8.324643 -13.038213  -0.007624 -0.223776 -0.974611  0.863264 0.820637 1 72 1.000000
lowpoly_plastic
0  -3.998553 9.356524 -15.164109  0.000000 -0.999935 0.011435  0.008576 0.748762 1 79 1.000000
0  -3.867668 9.356524 -15.164109  0.000000 -0.999935 0.011435  0.008576 0.748762 1 79 1.000000
0  -3.867667 9.383073 -12.842461  0.000000 -0.999935 0.011435  0.008576 0.748762 1 79 1.000000
lowpoly_plastic
0  -4.080925 11.103771 -15.195807  0.000000 0.999935 -0.011385  0.008576 0.748762 1 79 1.000000
0  -4.080925 11.130404 -12.856840  0.000000 0.999935 -0.011385  0.008576 0.748762 1 79 1.000000
0  -3.867667 11.130404 -12.856840  0.000000 0.999935 -0.011385  0.008576 0.748762 1 79 1.000000
lowpoly_plastic
0  -4.272912 10.924812 -16.344177  0.000000 0.992145 -0.125094  0.008576 0.748762 1 79 1.000000
0  -4.185126 10.924812 -16.344177  0.000000 0.992145 -0.125094  0.008576 0.748762 1 79 1.000000
0  -4.185127 10.779190 -17.499134  0.000000 0.992145 -0.125094  0.008576 0.748762 1 79 1.000000
lowpoly_plastic
0  -4.080925 11.015437 -16.356693  0.000000 0.997118 -0.075873  0.008576 0.748762 1 79 1.000000
0  -4.080925 11.103771 -15.195807  0.000000 0.997118 -0.075873  0.008576 0.748762 1 79 1.000000
0  -3.867668 11.103771 -15.195807  0.000000 0.997118 -0.075873  0.008576 0.748762 1 79 1.000000
lowpoly_plastic
0  -4.080925 9.198917 -19.719807  0.000000 -0.179766 -0.983709  0.008576 0.748762 1 79 1.000000
0  -4.185127 9.198917 -19.719807  0.000000 -0.179766 -0.983709  0.008576 0.748762 1 79 1.000000
0  -4.185127 10.166803 -19.896681  0.000000 -0.179766 -0.983709  0.008576 0.748762 1 79 1.000000
lowpoly_plastic
0  -3.462424 10.779190 -17.499134  1.000000 0.000002 -0.000000  0.008576 0.748762 1 79 1.000000
0  -3.462424 10.924812 -16.344177  1.000000 0.000002 -0.000000  0.008576 0.748762 1 79 1.000000
0  -3.462424 10.858919 -16.337593  1.000000 0.000002 -0.000000  0.008576 0.748762 1 79 1.000000
lowpoly_plastic
0  -4.176485 8.934935 -18.395153  -0.749885 -0.643534 0.153415  0.008576 0.748762 1 79 1.000000
0  -4.116385 8.866955 -18.382420  -0.753626 -0.639522 0.151858  0.008576 0.748762 1 79 1.000000
0  -4.116385 9.117169 -17.334633  -0.756190 -0.636436 0.152073  0.008576 0.748762 1 79 1.000000
lowpoly_plastic
0  -3.568701 9.570805 -12.151038  0.750418 -0.649635 0.121850  0.008576 0.748762 1 79 1.000000
0  -3.665128 9.459385 -12.151212  0.750418 -0.649635 0.121850  0.008576 0.748762 1 79 1.000000
0  -3.618950 9.383073 -12.842461  0.750418 -0.649635 0.121850  0.008576 0.748762 1 79 1.000000
lowpoly_plastic
0  -4.272912 10.997972 -12.844251  -0.988438 0.000168 0.151622  0.008576 0.748762 1 79 1.000000
0  -4.272911 10.014074 -12.843161  -0.988438 0.000168 0.151622  0.008576 0.748762 1 79 1.000000
0  -4.166633 10.020948 -12.150337  -0.988438 0.000168 0.151622  0.008576 0.748762 1 79 1.000000
lowpoly_plastic
0  -3.462424 10.283628 -19.403269  1.000000 -0.000002 0.000000  0.008576 0.748762 1 79 1.000000
0  -3.462424 10.166803 -19.896681  1.000000 -0.000002 0.000000  0.008576 0.748762 1 79 1.000000
0  -3.462424 10.231945 -19.908587  1.000000 -0.000002 0.000000  0.008576 0.748762 1 79 1.000000
lowpoly_plastic
0  -3.654410 11.039778 -12.844324  0.988456 0.020731 0.150085  0.008576 0.748762 1 79 1.000000
0  -3.654410 11.130404 -12.856840  0.988456 0.020731 0.150085  0.008576 0.748762 1 79 1.000000
0  -3.760689 11.161708 -12.161219  0.988456 0.020731 0.150085  0.008576 0.748762 1 79 1.000000
lowpoly_plastic
0  -3.760689 11.004862 -12.148806  0.000000 -0.001555 0.999999  0.008576 0.748762 1 79 1.000000
0  -3.760689 11.071081 -12.148703  0.000000 -0.001555 0.999999  0.008576 0.748762 1 79 1.000000
0  -3.867667 11.071081 -12.148703  0.000000 -0.001555 0.999999  0.008576 0.748762 1 79 1.000000
lowpoly_plastic
0  -3.867668 11.103771 -15.195807  0.000000 0.997117 -0.075873  0.008576 0.748762 1 79 1.000000
0  -3.654411 11.103771 -15.195807  0.000000 0.997117 -0.075873  0.008576 0.748762 1 79 1.000000
0  -3.654411 11.015437 -16.356693  0.000000 0.997117 -0.075873  0.008576 0.748762 1 79 1.000000
lowpoly_plastic
0  -3.462424 8.883901 -19.092945  0.002579 -0.216657 -0.976244  0.863264 0.820637 1 79 1.000000
0  -3.462424 9.323269 -19.190353  0.002579 -0.216657 -0.976244  0.863264 0.820637 1 79 1.000000
0  -3.424033 9.323269 -19.190353  0.002579 -0.216657 -0.976244  0.863264 0.820637 1 79 1.000000
lowpoly_plastic
0  -3.550210 9.198917 -19.719807  0.000000 -0.179767 -0.983709  0.008576 0.748762 1 79 1.000000
0  -3.550210 8.756106 -19.638885  0.000000 -0.179767 -0.983709  0.008576 0.748762 1 79 1.000000
0  -3.654411 8.756106 -19.638885  0.000000 -0.179767 -0.983709  0.008576 0.748762 1 79 1.000000
lowpoly_plastic
0  -3.867668 10.166803 -19.896681  0.000000 -0.179790 -0.983705  0.008576 0.748762 1 79 1.000000
0  -4.080925 10.166803 -19.896681  0.000000 -0.179790 -0.983705  0.008576 0.748762 1 79 1.000000
0  -4.080925 10.231945 -19.908587  0.000000 -0.179790 -0.983705  0.008576 0.748762 1 79 1.000000
lowpoly_plastic
0  -3.867668 8.646502 -19.618855  0.000000 -0.179765 -0.983710  0.008576 0.748762 1 79 1.000000
0  -3.705155 8.646502 -19.618855  0.000000 -0.179765 -0.983710  0.008576 0.748762 1 79 1.000000
0  -3.736783 8.578188 -19.606371  0.000000 -0.179765 -0.983710  0.008576 0.748762 1 79 1.000000
lowpoly_plastic
0  -3.550210 10.166803 -19.896681  0.000000 -0.179766 -0.983709  0.008576 0.748762 1 79 1.000000
0  -3.550210 9.198917 -19.719807  0.000000 -0.179766 -0.983709  0.008576 0.748762 1 79 1.000000
0  -3.654411 9.198917 -19.719807  0.000000 -0.179766 -0.983709  0.008576 0.748762 1 79 1.000000
lowpoly_plastic
0  -3.618951 9.117169 -17.334633  0.000000 -0.993285 0.115691  0.008576 0.748762 1 79 1.000000
0  -3.618951 9.252003 -16.176979  0.000000 -0.993285 0.115691  0.008576 0.748762 1 79 1.000000
0  -3.672829 9.252003 -16.176979  0.000000 -0.993285 0.115691  0.008576 0.748762 1 79 1.000000
lowpoly_plastic
0  -3.654411 10.779190 -17.499134  1.000000 0.000000 -0.000000  0.008576 0.748762 1 79 1.000000
0  -3.654411 10.869816 -17.511650  1.000000 0.000000 -0.000000  0.008576 0.748762 1 79 1.000000
0  -3.654411 11.015437 -16.356693  1.000000 0.000000 -0.000000  0.008576 0.748762 1 79 1.000000
lowpoly_plastic
0  -3.654411 10.603238 -18.703205  1.000000 -0.000000 0.000000  0.008576 0.748762 1 79 1.000000
0  -3.654411 10.869816 -17.511650  1.000000 -0.000000 0.000000  0.008576 0.748762 1 79 1.000000
0  -3.654411 10.779190 -17.499134  1.000000 -0.000000 0.000000  0.008576 0.748762 1 79 1.000000
lowpoly_plastic
0  -3.550209 10.020948 -14.344186  -1.000000 0.000000 0.000000  0.008576 0.748762 1 79 1.000000
0  -3.550209 9.570805 -14.344887  -1.000000 0.000000 0.000000  0.008576 0.748762 1 79 1.000000
0  -3.550209 9.570805 -12.818106  -1.000000 0.000000 0.000000  0.008576 0.748762 1 79 1.000000
lowpoly_plastic
0  -3.462424 10.924812 -16.344177  1.000000 0.000008 0.000000  0.008576 0.748762 1 79 1.000000
0  -3.462424 11.013145 -15.183292  1.000000 0.000008 0.000000  0.008576 0.748762 1 79 1.000000
0  -3.462424 10.971342 -15.182536  1.000000 0.000008 0.000000  0.008576 0.748762 1 79 1.000000
lowpoly_plastic
0  -3.462424 9.323269 -19.190353  1.000000 -0.000000 0.000000  0.008576 0.748762 1 79 1.000000
0  -3.462424 9.198917 -19.719807  1.000000 -0.000000 0.000000  0.008576 0.748762 1 79 1.000000
0  -3.462424 10.166803 -19.896681  1.000000 -0.000000 0.000000  0.008576 0.748762 1 79 1.000000
lowpoly_plastic
0  -3.462423 11.039778 -12.844324  0.988525 0.000103 0.151055  0.008576 0.748762 1 79 1.000000
0  -3.568701 11.071081 -12.148703  0.988525 0.000103 0.151055  0.008576 0.748762 1 79 1.000000
0  -3.568701 11.004862 -12.148806  0.988525 0.000103 0.151055  0.008576 0.748762 1 79 1.000000
lowpoly_plastic
0  -3.652966 11.070702 -11.935610  0.929933 -0.000566 0.367728  0.008576 0.748762 1 79 1.000000
0  -3.652966 11.004482 -11.935712  0.929933 -0.000566 0.367728  0.008576 0.748762 1 79 1.000000
0  -3.568701 11.004862 -12.148806  0.929933 -0.000566 0.367728  0.008576 0.748762 1 79 1.000000
lowpoly_plastic
0  -3.654411 10.512613 -18.690689  0.004599 0.224838 0.974385  0.863264 0.820637 1 79 1.000000
0  -3.550210 10.512613 -18.690689  0.000000 0.220535 0.975379  0.863264 0.820637 1 79 1.000000
0  -3.550210 10.550058 -18.699156  0.000000 0.220535 0.975379  0.863264 0.820637 1 79 1.000000
lowpoly_plastic
0  -3.462424 8.883901 -19.092945  1.000000 0.000000 -0.000000  0.008576 0.748762 1 79 1.000000
0  -3.462424 8.756106 -19.638885  1.000000 0.000000 -0.000000  0.008576 0.748762 1 79 1.000000
0  -3.462424 9.198917 -19.719807  1.000000 0.000000 -0.000000  0.008576 0.748762 1 79 1.000000
lowpoly_plastic
0  -3.867668 8.756106 -19.638885  0.000000 -0.179777 -0.983707  0.008576 0.748762 1 79 1.000000
0  -3.654411 8.756106 -19.638885  0.000000 -0.179777 -0.983707  0.008576 0.748762 1 79 1.000000
0  -3.705155 8.646502 -19.618855  0.000000 -0.179777 -0.983707  0.008576 0.748762 1 79 1.000000
lowpoly_plastic
0  -3.705155 8.646502 -19.618855  0.000000 -0.179763 -0.983710  0.008576 0.748762 1 79 1.000000
0  -3.625749 8.646502 -19.618855  0.000000 -0.179763 -0.983710  0.008576 0.748762 1 79 1.000000
0  -3.618951 8.578188 -19.606371  0.000000 -0.179763 -0.983710  0.008576 0.748762 1 79 1.000000
lowpoly_plastic
0  -3.656487 11.071081 -12.148703  0.000000 0.998989 -0.044955  0.008576 0.748762 1 79 1.000000
0  -3.568701 11.071081 -12.148703  0.000000 0.998989 -0.044955  0.008576 0.748762 1 79 1.000000
0  -3.550209 11.039778 -12.844324  0.000000 0.998989 -0.044955  0.008576 0.748762 1 79 1.000000
lowpoly_plastic
0  -3.654411 10.779190 -17.499134  0.000000 0.992145 -0.125093  0.008576 0.748762 1 79 1.000000
0  -3.654411 10.924812 -16.344177  0.000000 0.992145 -0.125093  0.008576 0.748762 1 79 1.000000
0  -3.550210 10.924812 -16.344177  0.000000 0.992145 -0.125093  0.008576 0.748762 1 79 1.000000
lowpoly_plastic
0  -3.867668 9.252003 -16.176979  0.000000 -0.994718 0.102649  0.008576 0.748762 1 79 1.000000
0  -3.867668 9.356524 -15.164109  0.000000 -0.994718 0.102649  0.008576 0.748762 1 79 1.000000
0  -3.998553 9.356524 -15.164109  0.000000 -0.994718 0.102649  0.008576 0.748762 1 79 1.000000
lowpoly_plastic
0  -3.867668 10.869816 -17.511650  0.000000 0.992145 -0.125093  0.008576 0.748762 1 79 1.000000
0  -3.867668 11.015437 -16.356693  0.000000 0.992145 -0.125093  0.008576 0.748762 1 79 1.000000
0  -3.654411 11.015437 -16.356693  0.000000 0.992145 -0.125093  0.008576 0.748762 1 79 1.000000
lowpoly_plastic
0  -4.176485 8.934935 -18.395153  0.014455 0.200259 0.979636  0.863264 0.820637 1 79 1.000000
0  -4.272912 9.044003 -18.415585  0.017629 0.201260 0.979379  0.863264 0.820637 1 79 1.000000
0  -4.309006 9.031275 -18.412571  0.017629 0.201260 0.979379  0.863264 0.820637 1 79 1.000000
lowpoly_plastic
0  -4.080925 10.348263 -19.417599  0.000000 0.971577 -0.236724  0.008576 0.748762 1 79 1.000000
0  -4.080925 10.231945 -19.908587  0.000000 0.973066 -0.230524  0.008576 0.748762 1 79 1.000000
0  -4.185127 10.231945 -19.908587  0.000000 0.973066 -0.230524  0.008576 0.748762 1 79 1.000000
lowpoly_plastic
0  -3.672829 8.866955 -18.382420  0.000000 0.231229 0.972899  0.863264 0.820637 1 79 1.000000
0  -3.736782 8.866955 -18.382420  0.000000 0.231229 0.972899  0.863264 0.820637 1 79 1.000000
0  -3.736782 8.829605 -18.373543  0.000000 0.231229 0.972899  0.863264 0.820637 1 79 1.000000
lowpoly_plastic
0  -3.672829 9.117169 -17.334633  0.000000 -0.993286 0.115689  0.008576 0.748762 1 79 1.000000
0  -3.672829 9.252003 -16.176979  0.000000 -0.993286 0.115689  0.008576 0.748762 1 79 1.000000
0  -3.736782 9.252003 -16.176979  0.000000 -0.993286 0.115689  0.008576 0.748762 1 79 1.000000
lowpoly_plastic
0  -3.618951 9.356524 -15.164109  0.000000 -0.994718 0.102646  0.008576 0.748762 1 79 1.000000
0  -3.672829 9.356524 -15.164109  0.000000 -0.994718 0.102646  0.008576 0.748762 1 79 1.000000
0  -3.672829 9.252003 -16.176979  0.000000 -0.994718 0.102646  0.008576 0.748762 1 79 1.000000
lowpoly_plastic
0  -3.656487 9.570805 -12.151038  -0.820513 0.556480 -0.130725  0.008576 0.748762 1 79 1.000000
0  -3.550209 9.570805 -12.818106  -0.820513 0.556480 -0.130725  0.008576 0.748762 1 79 1.000000
0  -3.625747 9.459385 -12.818278  -0.820513 0.556480 -0.130725  0.008576 0.748762 1 79 1.000000
lowpoly_plastic
0  -3.654411 8.756106 -19.638885  0.000000 -0.179777 -0.983707  0.008576 0.748762 1 79 1.000000
0  -3.550210 8.756106 -19.638885  0.000000 -0.179777 -0.983707  0.008576 0.748762 1 79 1.000000
0  -3.558851 8.646502 -19.618855  0.000000 -0.179777 -0.983707  0.008576 0.748762 1 79 1.000000
lowpoly_plastic
0  -3.550209 10.020948 -12.817404  -0.987545 0.000245 -0.157337  0.008576 0.748762 1 79 1.000000
0  -3.550209 9.570805 -12.818106  -0.987545 0.000245 -0.157337  0.008576 0.748762 1 79 1.000000
0  -3.656487 9.570805 -12.151038  -0.987545 0.000245 -0.157337  0.008576 0.748762 1 79 1.000000
lowpoly_plastic
0  -4.070206 9.459385 -12.151212  -0.750425 -0.649633 0.121818  0.008576 0.748762 1 79 1.000000
0  -4.166633 9.570805 -12.151038  -0.750425 -0.649633 0.121818  0.008576 0.748762 1 79 1.000000
0  -4.176484 9.452517 -12.842539  -0.750425 -0.649633 0.121818  0.008576 0.748762 1 79 1.000000
lowpoly_plastic
0  -3.867667 11.130404 -12.856840  0.000000 0.999935 -0.011385  0.008576 0.748762 1 79 1.000000
0  -3.654410 11.130404 -12.856840  0.000000 0.999935 -0.011385  0.008576 0.748762 1 79 1.000000
0  -3.654411 11.103771 -15.195807  0.000000 0.999935 -0.011385  0.008576 0.748762 1 79 1.000000
lowpoly_plastic
0  -4.185126 11.013145 -15.183292  0.000000 0.999935 -0.011386  0.008576 0.748762 1 79 1.000000
0  -4.185126 11.039778 -12.844324  0.000000 0.999935 -0.011386  0.008576 0.748762 1 79 1.000000
0  -4.080925 11.039778 -12.844324  0.000000 0.999935 -0.011386  0.008576 0.748762 1 79 1.000000
lowpoly_plastic
0  -3.462424 11.013145 -15.183292  1.000000 -0.000008 -0.000000  0.008576 0.748762 1 79 1.000000
0  -3.462423 11.039778 -12.844324  1.000000 -0.000008 -0.000000  0.008576 0.748762 1 79 1.000000
0  -3.462423 10.997972 -12.844251  1.000000 -0.000008 -0.000000  0.008576 0.748762 1 79 1.000000
lowpoly_plastic
0  -3.672828 9.383073 -12.842461  0.000000 -0.999935 0.011434  0.008576 0.748762 1 79 1.000000
0  -3.736781 9.383073 -12.842461  0.000391 -0.999939 0.011012  0.008576 0.748762 1 79 1.000000
0  -3.736782 9.356524 -15.164109  0.000000 -0.999935 0.011434  0.008576 0.748762 1 79 1.000000
lowpoly_plastic
0  -3.736782 9.356524 -15.164109  0.000000 -0.999935 0.011435  0.008576 0.748762 1 79 1.000000
0  -3.736781 9.383073 -12.842461  -0.000352 -0.999938 0.011109  0.008576 0.748762 1 79 1.000000
0  -3.867667 9.383073 -12.842461  0.000000 -0.999935 0.011435  0.008576 0.748762 1 79 1.000000
lowpoly_plastic
0  -3.654411 11.013145 -15.183292  1.000000 0.000000 -0.000000  0.008576 0.748762 1 79 1.000000
0  -3.654411 11.103771 -15.195807  1.000000 0.000000 -0.000000  0.008576 0.748762 1 79 1.000000
0  -3.654410 11.130404 -12.856840  1.000000 0.000000 -0.000000  0.008576 0.748762 1 79 1.000000
lowpoly_plastic
0  -3.462424 9.987494 -15.171310  1.000000 -0.000000 -0.000000  0.008576 0.748762 1 79 1.000000
0  -3.462423 10.014074 -12.843161  1.000000 -0.000000 -0.000000  0.008576 0.748762 1 79 1.000000
0  -3.462423 9.563935 -12.842662  1.000000 -0.000000 -0.000000  0.008576 0.748762 1 79 1.000000
lowpoly_plastic
0  -4.272912 9.987494 -15.171310  -1.000000 0.000000 0.000000  0.008576 0.748762 1 79 1.000000
0  -4.272912 9.537376 -15.166174  -1.000000 0.000000 0.000000  0.008576 0.748762 1 79 1.000000
0  -4.272911 9.563935 -12.842662  -1.000000 0.000000 0.000000  0.008576 0.748762 1 79 1.000000
lowpoly_plastic
0  -3.867668 10.438888 -19.430115  -0.001821 0.971637 -0.236470  0.008576 0.748762 1 79 1.000000
0  -3.867668 10.322570 -19.921101  0.000000 0.973066 -0.230529  0.008576 0.748762 1 79 1.000000
0  -4.080925 10.322570 -19.921101  0.000000 0.973066 -0.230529  0.008576 0.748762 1 79 1.000000
lowpoly_plastic
0  -3.462424 10.858919 -16.337593  1.000000 0.000000 -0.000000  0.008576 0.748762 1 79 1.000000
0  -3.462424 10.971342 -15.182536  1.000000 0.000000 -0.000000  0.008576 0.748762 1 79 1.000000
0  -3.462424 9.987494 -15.171310  1.000000 0.000000 -0.000000  0.008576 0.748762 1 79 1.000000
lowpoly_plastic
0  -3.998553 9.252003 -16.176979  0.000000 -0.994718 0.102647  0.008576 0.748762 1 79 1.000000
0  -3.998553 9.356524 -15.164109  0.000000 -0.994718 0.102647  0.008576 0.748762 1 79 1.000000
0  -4.062506 9.356524 -15.164109  0.000000 -0.994718 0.102647  0.008576 0.748762 1 79 1.000000
lowpoly_plastic
0  -3.462423 10.997972 -12.844251  0.988523 -0.000235 0.151069  0.008576 0.748762 1 79 1.000000
0  -3.568701 11.004862 -12.148806  0.988523 -0.000235 0.151069  0.008576 0.748762 1 79 1.000000
0  -3.568701 10.020948 -12.150337  0.988523 -0.000235 0.151069  0.008576 0.748762 1 79 1.000000
lowpoly_plastic
0  -3.652966 11.004482 -11.935712  -0.232549 -0.001500 0.972583  0.008576 0.748762 1 79 1.000000
0  -3.652966 11.070702 -11.935610  -0.232549 -0.001500 0.972583  0.008576 0.748762 1 79 1.000000
0  -3.705285 11.070704 -11.948120  -0.232549 -0.001500 0.972583  0.008576 0.748762 1 79 1.000000
lowpoly_plastic
0  -3.652966 10.322666 -11.937243  -0.191963 -0.564674 0.802679  0.008576 0.748762 1 79 1.000000
0  -3.705285 10.322666 -11.949755  -0.191963 -0.564674 0.802679  0.008576 0.748762 1 79 1.000000
0  -3.656487 10.020948 -12.150337  -0.000069 -0.576317 0.817226  0.008576 0.748762 1 79 1.000000
lowpoly_plastic
0  -3.867668 8.578188 -19.606371  0.000000 -0.973745 0.227642  0.008576 0.748762 1 79 1.000000
0  -3.736783 8.578188 -19.606371  0.000000 -0.973745 0.227642  0.008576 0.748762 1 79 1.000000
0  -3.736783 8.707367 -19.053806  -0.002253 -0.973742 0.227641  0.008576 0.748762 1 79 1.000000
lowpoly_plastic
0  -3.462424 9.484646 -18.498127  -0.008186 0.184805 0.982741  0.863264 0.820637 1 79 1.000000
0  -3.462424 9.044003 -18.415585  -0.008186 0.184804 0.982741  0.863264 0.820637 1 79 1.000000
0  -3.426329 9.031275 -18.412571  -0.008186 0.184805 0.982741  0.863264 0.820637 1 79 1.000000
lowpoly_plastic
0  -3.558851 8.934935 -18.395153  0.750696 -0.642321 0.154530  0.008576 0.748762 1 79 1.000000
0  -3.558851 9.185823 -17.341427  0.752657 -0.641457 0.148459  0.008576 0.748762 1 79 1.000000
0  -3.618951 9.117169 -17.334633  0.756210 -0.636414 0.152067  0.008576 0.748762 1 79 1.000000
lowpoly_plastic
0  -4.176485 9.321102 -16.183887  -0.754787 -0.652058 0.071533  0.008576 0.748762 1 79 1.000000
0  -4.116385 9.252003 -16.176979  -0.753683 -0.653487 0.070124  0.008576 0.748762 1 79 1.000000
0  -4.116385 9.356524 -15.164109  -0.755548 -0.651642 0.067162  0.008576 0.748762 1 79 1.000000
lowpoly_plastic
0  -3.867668 11.004861 -14.342654  0.000000 -1.000000 0.000001  0.008576 0.748762 1 79 1.000000
0  -3.654411 11.004861 -14.342654  0.000000 -1.000000 0.000001  0.008576 0.748762 1 79 1.000000
0  -3.654410 11.004862 -12.815872  0.000000 -1.000000 0.000001  0.008576 0.748762 1 79 1.000000
lowpoly_plastic
0  -4.272911 10.014074 -12.843161  -0.988399 0.000168 0.151881  0.008576 0.748762 1 79 1.000000
0  -4.272911 9.563935 -12.842662  -0.988399 0.000168 0.151881  0.008576 0.748762 1 79 1.000000
0  -4.166633 9.570805 -12.151038  -0.988399 0.000168 0.151881  0.008576 0.748762 1 79 1.000000
lowpoly_plastic
0  -4.176485 8.775148 -19.068832  -0.757258 -0.636582 0.146024  0.008576 0.748762 1 79 1.000000
0  -4.272912 8.883901 -19.092945  -0.753990 -0.640264 0.146840  0.008576 0.748762 1 79 1.000000
0  -4.272913 8.756106 -19.638885  -0.756052 -0.637283 0.149181  0.008576 0.748762 1 79 1.000000
lowpoly_plastic
0  -4.272912 9.879883 -16.239737  -1.000000 0.000000 0.000000  0.008576 0.748762 1 79 1.000000
0  -4.272912 9.431971 -16.194969  -1.000000 0.000000 0.000000  0.008576 0.748762 1 79 1.000000
0  -4.272912 9.537376 -15.166174  -1.000000 0.000000 0.000000  0.008576 0.748762 1 79 1.000000
lowpoly_plastic
0  -3.462424 9.198917 -19.719807  0.000000 -0.179768 -0.983709  0.008576 0.748762 1 79 1.000000
0  -3.462424 8.756106 -19.638885  0.000000 -0.179768 -0.983709  0.008576 0.748762 1 79 1.000000
0  -3.550210 8.756106 -19.638885  0.000000 -0.179768 -0.983709  0.008576 0.748762 1 79 1.000000
lowpoly_plastic
0  -3.736782 9.356524 -15.164109  0.000000 -0.994718 0.102647  0.008576 0.748762 1 79 1.000000
0  -3.867668 9.356524 -15.164109  0.000000 -0.994718 0.102647  0.008576 0.748762 1 79 1.000000
0  -3.867668 9.252003 -16.176979  0.000000 -0.994718 0.102647  0.008576 0.748762 1 79 1.000000
lowpoly_plastic
0  -3.867668 10.322570 -19.921101  0.000000 -0.136790 -0.990600  0.008576 0.748762 1 79 1.000000
0  -3.654411 10.322570 -19.921101  0.000000 -0.136790 -0.990600  0.008576 0.748762 1 79 1.000000
0  -3.654411 10.231945 -19.908587  0.000000 -0.136790 -0.990600  0.008576 0.748762 1 79 1.000000
lowpoly_plastic
0  -3.867667 11.130404 -12.856840  0.000000 0.998989 -0.044956  0.008576 0.748762 1 79 1.000000
0  -4.080925 11.130404 -12.856840  0.000000 0.998989 -0.044956  0.008576 0.748762 1 79 1.000000
0  -3.974646 11.161708 -12.161219  0.000000 0.998989 -0.044956  0.008576 0.748762 1 79 1.000000
lowpoly_plastic
0  -3.654411 10.231945 -19.908587  0.000000 -0.179791 -0.983705  0.008576 0.748762 1 79 1.000000
0  -3.654411 10.166803 -19.896681  0.000000 -0.179791 -0.983705  0.008576 0.748762 1 79 1.000000
0  -3.867668 10.166803 -19.896681  0.000000 -0.179791 -0.983705  0.008576 0.748762 1 79 1.000000
lowpoly_plastic
0  -3.867667 11.071081 -12.148703  0.000000 0.136805 0.990598  0.008576 0.748762 1 79 1.000000
0  -3.867667 11.161708 -12.161219  0.000000 0.136805 0.990598  0.008576 0.748762 1 79 1.000000
0  -3.974646 11.161708 -12.161219  0.000000 0.136805 0.990598  0.008576 0.748762 1 79 1.000000
lowpoly_plastic
0  -4.185126 10.924812 -16.344177  0.000000 0.992145 -0.125093  0.008576 0.748762 1 79 1.000000
0  -4.080925 10.924812 -16.344177  0.000000 0.992145 -0.125093  0.008576 0.748762 1 79 1.000000
0  -4.080925 10.779190 -17.499134  0.000000 0.992145 -0.125093  0.008576 0.748762 1 79 1.000000
lowpoly_plastic
0  -3.867668 8.756106 -19.638885  0.000000 -0.179778 -0.983707  0.008576 0.748762 1 79 1.000000
0  -3.867668 8.646502 -19.618855  0.000000 -0.179778 -0.983707  0.008576 0.748762 1 79 1.000000
0  -4.030181 8.646502 -19.618855  0.000000 -0.179778 -0.983707  0.008576 0.748762 1 79 1.000000
lowpoly_plastic
0  -3.550210 10.231945 -19.908587  0.000000 0.973067 -0.230521  0.008576 0.748762 1 79 1.000000
0  -3.654411 10.231945 -19.908587  0.000000 0.973067 -0.230521  0.008576 0.748762 1 79 1.000000
0  -3.654411 10.348263 -19.417599  0.000964 0.971595 -0.236649  0.008576 0.748762 1 79 1.000000
lowpoly_plastic
0  -3.998554 8.707367 -19.053806  0.000000 -0.973744 0.227644  0.008576 0.748762 1 79 1.000000
0  -3.998554 8.578188 -19.606371  0.000000 -0.973744 0.227644  0.008576 0.748762 1 79 1.000000
0  -3.867668 8.578188 -19.606371  0.000000 -0.973744 0.227644  0.008576 0.748762 1 79 1.000000
lowpoly_plastic
0  -4.080925 10.924812 -16.344177  -1.000000 0.000000 0.000000  0.008576 0.748762 1 79 1.000000
0  -4.080925 11.013145 -15.183292  -1.000000 0.000000 0.000000  0.008576 0.748762 1 79 1.000000
0  -4.080925 11.103771 -15.195807  -1.000000 0.000000 0.000000  0.008576 0.748762 1 79 1.000000
lowpoly_plastic
0  -4.080925 10.348263 -19.417599  -1.000000 0.000010 0.000000  0.008576 0.748762 1 79 1.000000
0  -4.080925 10.438888 -19.430115  -1.000000 0.000010 0.000000  0.008576 0.748762 1 79 1.000000
0  -4.080925 10.322570 -19.921101  -1.000000 0.000010 0.000000  0.008576 0.748762 1 79 1.000000
lowpoly_plastic
0  -4.062506 9.252003 -16.176979  0.000000 -0.994718 0.102649  0.008576 0.748762 1 79 1.000000
0  -4.062506 9.356524 -15.164109  0.000000 -0.994718 0.102649  0.008576 0.748762 1 79 1.000000
0  -4.116385 9.356524 -15.164109  0.000000 -0.994718 0.102649  0.008576 0.748762 1 79 1.000000
lowpoly_plastic
0  -4.080925 10.166803 -19.896681  0.000000 -0.179783 -0.983706  0.008576 0.748762 1 79 1.000000
0  -4.185127 10.166803 -19.896681  0.000000 -0.179783 -0.983706  0.008576 0.748762 1 79 1.000000
0  -4.185127 10.231945 -19.908587  0.000000 -0.179783 -0.983706  0.008576 0.748762 1 79 1.000000
lowpoly_plastic
0  -3.867667 9.459385 -12.818278  0.000000 1.000000 -0.000001  0.008576 0.748762 1 79 1.000000
0  -3.867667 9.459383 -14.345059  0.000000 1.000000 -0.000001  0.008576 0.748762 1 79 1.000000
0  -4.030180 9.459383 -14.345059  0.000000 1.000000 -0.000001  0.008576 0.748762 1 79 1.000000
lowpoly_plastic
0  -4.080925 10.231945 -19.908587  0.000000 -0.136793 -0.990600  0.008576 0.748762 1 79 1.000000
0  -4.080925 10.322570 -19.921101  0.000000 -0.136793 -0.990600  0.008576 0.748762 1 79 1.000000
0  -3.867668 10.322570 -19.921101  0.000000 -0.136793 -0.990600  0.008576 0.748762 1 79 1.000000
lowpoly_plastic
0  -3.550210 11.004861 -14.342654  -1.000000 0.000000 0.000000  0.008576 0.748762 1 79 1.000000
0  -3.550209 10.020948 -14.344186  -1.000000 0.000000 0.000000  0.008576 0.748762 1 79 1.000000
0  -3.550209 10.020948 -12.817404  -1.000000 0.000000 0.000000  0.008576 0.748762 1 79 1.000000
lowpoly_plastic
0  -4.272912 10.858919 -16.337593  -1.000000 0.000000 0.000000  0.008576 0.748762 1 79 1.000000
0  -4.272912 9.879883 -16.239737  -1.000000 0.000000 0.000000  0.008576 0.748762 1 79 1.000000
0  -4.272912 9.987494 -15.171310  -1.000000 0.000000 0.000000  0.008576 0.748762 1 79 1.000000
lowpoly_plastic
0  -4.272912 10.858919 -16.337593  -1.000000 0.000000 0.000000  0.008576 0.748762 1 79 1.000000
0  -4.272912 10.924812 -16.344177  -1.000000 0.000000 0.000000  0.008576 0.748762 1 79 1.000000
0  -4.272913 10.779190 -17.499134  -1.000000 0.000000 0.000000  0.008576 0.748762 1 79 1.000000
lowpoly_plastic
0  -3.656487 11.004862 -12.148806  -0.971658 0.000364 -0.236390  0.008576 0.748762 1 79 1.000000
0  -3.705285 11.004482 -11.948223  -0.971658 0.000364 -0.236390  0.008576 0.748762 1 79 1.000000
0  -3.705285 11.070704 -11.948120  -0.971658 0.000364 -0.236390  0.008576 0.748762 1 79 1.000000
lowpoly_plastic
0  -3.867668 8.646502 -19.618855  0.000000 -0.179760 -0.983710  0.008576 0.748762 1 79 1.000000
0  -3.867668 8.578188 -19.606371  0.000000 -0.179760 -0.983710  0.008576 0.748762 1 79 1.000000
0  -3.998554 8.578188 -19.606371  0.000000 -0.179760 -0.983710  0.008576 0.748762 1 79 1.000000
lowpoly_plastic
0  -4.116385 8.707367 -19.053806  -0.755740 -0.637992 0.147724  0.008576 0.748762 1 79 1.000000
0  -4.176485 8.775148 -19.068832  -0.754063 -0.639844 0.148288  0.008576 0.748762 1 79 1.000000
0  -4.176486 8.646502 -19.618855  -0.756048 -0.637315 0.149066  0.008576 0.748762 1 79 1.000000
lowpoly_plastic
0  -4.116385 9.252003 -16.176979  -0.757799 -0.647620 0.079555  0.008576 0.748762 1 79 1.000000
0  -4.176485 9.321102 -16.183887  -0.753243 -0.653501 0.074574  0.008576 0.748762 1 79 1.000000
0  -4.176485 9.185823 -17.341427  -0.753938 -0.652349 0.077578  0.008576 0.748762 1 79 1.000000
lowpoly_plastic
0  -4.272912 9.431971 -16.194969  -0.752978 -0.654514 0.068082  0.008576 0.748762 1 79 1.000000
0  -4.176485 9.321102 -16.183887  -0.759024 -0.647458 0.068413  0.008576 0.748762 1 79 1.000000
0  -4.176485 9.425964 -15.164903  -0.755327 -0.651936 0.066791  0.008576 0.748762 1 79 1.000000
lowpoly_plastic
0  -4.272912 9.044003 -18.415585  -0.752756 -0.640479 0.152136  0.008576 0.748762 1 79 1.000000
0  -4.176485 8.934935 -18.395153  -0.754754 -0.637938 0.152913  0.008576 0.748762 1 79 1.000000
0  -4.176485 9.185823 -17.341427  -0.755605 -0.637220 0.151698  0.008576 0.748762 1 79 1.000000
lowpoly_plastic
0  -3.462424 10.231945 -19.908587  0.000000 -0.179790 -0.983705  0.008576 0.748762 1 79 1.000000
0  -3.462424 10.166803 -19.896681  0.000000 -0.179790 -0.983705  0.008576 0.748762 1 79 1.000000
0  -3.550210 10.166803 -19.896681  0.000000 -0.179790 -0.983705  0.008576 0.748762 1 79 1.000000
lowpoly_plastic
0  -3.550210 10.779190 -17.499134  0.000000 0.992145 -0.125093  0.008576 0.748762 1 79 1.000000
0  -3.550210 10.924812 -16.344177  0.000000 0.992145 -0.125093  0.008576 0.748762 1 79 1.000000
0  -3.462424 10.924812 -16.344177  0.000000 0.992145 -0.125093  0.008576 0.748762 1 79 1.000000
lowpoly_plastic
0  -3.867668 10.603238 -18.703205  0.000487 0.226801 0.973941  0.863264 0.820637 1 79 1.000000
0  -3.654411 10.603238 -18.703205  0.000000 0.220605 0.975363  0.863264 0.820637 1 79 1.000000
0  -3.628030 10.630443 -18.709358  0.000000 0.220605 0.975363  0.863264 0.820637 1 79 1.000000
lowpoly_plastic
0  -4.109587 9.459385 -12.818278  0.827713 0.561152 -0.000001  0.008576 0.748762 1 79 1.000000
0  -4.109587 9.459383 -14.345059  0.827713 0.561152 -0.000001  0.008576 0.748762 1 79 1.000000
0  -4.185126 9.570805 -14.344887  0.827713 0.561152 -0.000001  0.008576 0.748762 1 79 1.000000
lowpoly_plastic
0  -4.080925 11.039778 -12.844324  0.000000 0.998989 -0.044955  0.008576 0.748762 1 79 1.000000
0  -4.185126 11.039778 -12.844324  0.000000 0.998989 -0.044955  0.008576 0.748762 1 79 1.000000
0  -4.166634 11.071081 -12.148703  0.000000 0.998989 -0.044955  0.008576 0.748762 1 79 1.000000
lowpoly_plastic
0  -4.185127 9.198917 -19.719807  0.000000 -0.179766 -0.983709  0.008576 0.748762 1 79 1.000000
0  -4.272913 9.198917 -19.719807  0.000000 -0.179766 -0.983709  0.008576 0.748762 1 79 1.000000
0  -4.272913 10.166803 -19.896681  0.000000 -0.179766 -0.983709  0.008576 0.748762 1 79 1.000000
lowpoly_plastic
0  -3.867667 11.071081 -12.148703  0.000000 -0.001555 0.999999  0.008576 0.748762 1 79 1.000000
0  -3.974646 11.071081 -12.148703  0.000000 -0.001555 0.999999  0.008576 0.748762 1 79 1.000000
0  -3.974646 11.004862 -12.148806  0.000000 -0.001555 0.999999  0.008576 0.748762 1 79 1.000000
lowpoly_plastic
0  -3.625748 9.459383 -14.345059  0.000000 1.000000 -0.000002  0.008576 0.748762 1 79 1.000000
0  -3.705154 9.459383 -14.345059  0.000000 1.000000 -0.000002  0.008576 0.748762 1 79 1.000000
0  -3.705154 9.459385 -12.818278  0.000000 1.000000 -0.000002  0.008576 0.748762 1 79 1.000000
lowpoly_plastic
0  -3.618950 9.383073 -12.842461  -0.000328 -0.999934 0.011507  0.008576 0.748762 1 79 1.000000
0  -3.672828 9.383073 -12.842461  0.000000 -0.999935 0.011434  0.008576 0.748762 1 79 1.000000
0  -3.672829 9.356524 -15.164109  0.000000 -0.999935 0.011434  0.008576 0.748762 1 79 1.000000
lowpoly_plastic
0  -4.062506 9.356524 -15.164109  0.000000 -0.999935 0.011434  0.008576 0.748762 1 79 1.000000
0  -4.062506 9.383073 -12.842461  0.000000 -0.999935 0.011434  0.008576 0.748762 1 79 1.000000
0  -4.116384 9.383073 -12.842461  0.000000 -0.999935 0.011434  0.008576 0.748762 1 79 1.000000
lowpoly_plastic
0  -4.003308 9.459385 -12.151212  0.000000 1.000000 0.000002  0.008576 0.748762 1 79 1.000000
0  -3.923902 9.459385 -12.151212  0.000000 1.000000 0.000002  0.008576 0.748762 1 79 1.000000
0  -3.867667 9.459385 -12.818278  0.000000 1.000000 0.000002  0.008576 0.748762 1 79 1.000000
lowpoly_plastic
0  -4.080925 11.039778 -12.844324  -0.988456 0.020730 0.150085  0.008576 0.748762 1 79 1.000000
0  -3.974646 11.071081 -12.148703  -0.988456 0.020730 0.150085  0.008576 0.748762 1 79 1.000000
0  -3.974646 11.161708 -12.161219  -0.988456 0.020730 0.150085  0.008576 0.748762 1 79 1.000000
lowpoly_plastic
0  -4.078847 11.004862 -12.148806  0.000000 -1.000000 -0.000003  0.008576 0.748762 1 79 1.000000
0  -4.185126 11.004862 -12.815872  0.000000 -1.000000 -0.000003  0.008576 0.748762 1 79 1.000000
0  -4.080925 11.004862 -12.815872  0.000000 -1.000000 -0.000003  0.008576 0.748762 1 79 1.000000
lowpoly_plastic
0  -3.974646 11.004862 -12.148806  0.000000 -1.000000 0.000000  0.008576 0.748762 1 79 1.000000
0  -4.080925 11.004862 -12.815872  0.000000 -1.000000 0.000000  0.008576 0.748762 1 79 1.000000
0  -3.867667 11.004862 -12.815872  0.000000 -1.000000 0.000000  0.008576 0.748762 1 79 1.000000
lowpoly_plastic
0  -3.998553 9.356524 -15.164109  0.000000 -0.999935 0.011435  0.008576 0.748762 1 79 1.000000
0  -3.998553 9.383073 -12.842461  -0.000184 -0.999940 0.010992  0.008576 0.748762 1 79 1.000000
0  -4.062506 9.383073 -12.842461  0.000000 -0.999935 0.011435  0.008576 0.748762 1 79 1.000000
lowpoly_plastic
0  -4.176485 9.425964 -15.164903  -0.756155 -0.654350 0.007483  0.008576 0.748762 1 79 1.000000
0  -4.116385 9.356524 -15.164109  -0.756155 -0.654350 0.007483  0.008576 0.748762 1 79 1.000000
0  -4.116384 9.383073 -12.842461  -0.756155 -0.654350 0.007483  0.008576 0.748762 1 79 1.000000
lowpoly_plastic
0  -3.974646 11.071081 -12.148703  0.000000 -0.001555 0.999999  0.008576 0.748762 1 79 1.000000
0  -4.078847 11.071081 -12.148703  0.000000 -0.001555 0.999999  0.008576 0.748762 1 79 1.000000
0  -4.078847 11.004862 -12.148806  0.000000 -0.001555 0.999999  0.008576 0.748762 1 79 1.000000
lowpoly_plastic
0  -4.272912 9.431971 -16.194969  -1.000000 0.000000 0.000000  0.008576 0.748762 1 79 1.000000
0  -4.272912 9.879883 -16.239737  -1.000000 0.000000 0.000000  0.008576 0.748762 1 79 1.000000
0  -4.272912 9.741001 -17.396378  -1.000000 0.000000 0.000000  0.008576 0.748762 1 79 1.000000
lowpoly_plastic
0  -4.116385 8.707367 -19.053806  0.002301 -0.231223 -0.972898  0.863264 0.820637 1 79 1.000000
0  -4.062507 8.707367 -19.053806  0.000000 -0.231223 -0.972901  0.863264 0.820637 1 79 1.000000
0  -4.062507 8.670017 -19.044930  0.000000 -0.231223 -0.972901  0.863264 0.820637 1 79 1.000000
lowpoly_plastic
0  -4.185126 10.924812 -16.344177  0.000000 0.997118 -0.075871  0.008576 0.748762 1 79 1.000000
0  -4.185126 11.013145 -15.183292  0.000000 0.997118 -0.075871  0.008576 0.748762 1 79 1.000000
0  -4.080925 11.013145 -15.183292  0.000000 0.997118 -0.075871  0.008576 0.748762 1 79 1.000000
lowpoly_plastic
0  -4.272912 8.883901 -19.092945  -1.000000 -0.000004 0.000000  0.008576 0.748762 1 79 1.000000
0  -4.272913 9.323269 -19.190353  -1.000000 -0.000004 0.000000  0.008576 0.748762 1 79 1.000000
0  -4.272913 9.198917 -19.719807  -1.000000 -0.000004 0.000000  0.008576 0.748762 1 79 1.000000
lowpoly_plastic
0  -4.185125 10.020948 -12.817404  1.000000 -0.000000 -0.000000  0.008576 0.748762 1 79 1.000000
0  -4.185126 10.020948 -14.344186  1.000000 -0.000000 -0.000000  0.008576 0.748762 1 79 1.000000
0  -4.185126 11.004861 -14.342654  1.000000 -0.000000 -0.000000  0.008576 0.748762 1 79 1.000000
lowpoly_plastic
0  -3.568701 9.570805 -12.151038  0.000000 -0.001557 0.999999  0.008576 0.748762 1 79 1.000000
0  -3.568701 10.020948 -12.150337  0.000000 -0.001557 0.999999  0.008576 0.748762 1 79 1.000000
0  -3.656487 10.020948 -12.150337  0.000000 -0.001557 0.999999  0.008576 0.748762 1 79 1.000000
lowpoly_plastic
0  -4.078847 10.020948 -12.150337  0.000000 -0.001557 0.999999  0.008576 0.748762 1 79 1.000000
0  -4.166633 10.020948 -12.150337  0.000000 -0.001557 0.999999  0.008576 0.748762 1 79 1.000000
0  -4.166633 9.570805 -12.151038  0.000000 -0.001557 0.999999  0.008576 0.748762 1 79 1.000000
lowpoly_plastic
0  -4.030049 11.004482 -11.948223  0.232558 -0.002183 0.972580  0.008576 0.748762 1 79 1.000000
0  -4.082368 11.004482 -11.935712  0.232558 -0.002183 0.972580  0.008576 0.748762 1 79 1.000000
0  -4.082368 10.322666 -11.937243  0.232558 -0.002183 0.972580  0.008576 0.748762 1 79 1.000000
lowpoly_plastic
0  -4.078847 11.071081 -12.148703  0.000000 0.999998 0.001778  0.008576 0.748762 1 79 1.000000
0  -4.166634 11.071081 -12.148703  0.000000 0.999998 0.001778  0.008576 0.748762 1 79 1.000000
0  -4.082368 11.070702 -11.935610  0.000000 0.999998 0.001778  0.008576 0.748762 1 79 1.000000
lowpoly_plastic
0  -4.078847 11.004862 -12.148806  0.971660 0.000366 -0.236381  0.008576 0.748762 1 79 1.000000
0  -4.078847 11.071081 -12.148703  0.971660 0.000366 -0.236381  0.008576 0.748762 1 79 1.000000
0  -4.030049 11.070704 -11.948120  0.971660 0.000366 -0.236381  0.008576 0.748762 1 79 1.000000
lowpoly_plastic
0  -3.998554 9.117169 -17.334633  0.000000 -0.972651 0.232270  0.008576 0.748762 1 79 1.000000
0  -3.998554 8.866955 -18.382420  0.000000 -0.972651 0.232270  0.008576 0.748762 1 79 1.000000
0  -3.867668 8.866955 -18.382420  -0.000000 -0.972126 0.234461  0.008576 0.748762 1 79 1.000000
lowpoly_plastic
0  -3.462424 9.295977 -17.352329  1.000000 -0.000001 0.000000  0.008576 0.748762 1 79 1.000000
0  -3.462424 9.044003 -18.415585  1.000000 -0.000001 0.000000  0.008576 0.748762 1 79 1.000000
0  -3.462424 9.484646 -18.498127  1.000000 -0.000001 0.000000  0.008576 0.748762 1 79 1.000000
lowpoly_plastic
0  -4.062507 8.707367 -19.053806  0.000000 -0.231226 -0.972900  0.863264 0.820637 1 79 1.000000
0  -3.998554 8.707367 -19.053806  0.000000 -0.231226 -0.972900  0.863264 0.820637 1 79 1.000000
0  -3.998554 8.670017 -19.044930  0.000000 -0.231226 -0.972900  0.863264 0.820637 1 79 1.000000
lowpoly_plastic
0  -4.272912 9.295977 -17.352329  -1.000000 0.000000 0.000000  0.008576 0.748762 1 79 1.000000
0  -4.272912 9.741001 -17.396378  -1.000000 0.000000 0.000000  0.008576 0.748762 1 79 1.000000
0  -4.272912 9.484646 -18.498127  -1.000000 0.000000 0.000000  0.008576 0.748762 1 79 1.000000
lowpoly_plastic
0  -4.062507 9.117169 -17.334633  0.000000 -0.972651 0.232272  0.008576 0.748762 1 79 1.000000
0  -4.062507 8.866955 -18.382420  0.000000 -0.972651 0.232272  0.008576 0.748762 1 79 1.000000
0  -3.998554 8.866955 -18.382420  0.000000 -0.972651 0.232272  0.008576 0.748762 1 79 1.000000
lowpoly_plastic
0  -3.867668 10.869816 -17.511650  0.000000 0.975876 -0.218324  0.008576 0.748762 1 79 1.000000
0  -3.867668 10.603238 -18.703205  0.000000 0.975876 -0.218324  0.008576 0.748762 1 79 1.000000
0  -4.080925 10.603238 -18.703205  -0.000000 0.977248 -0.212098  0.008576 0.748762 1 79 1.000000
lowpoly_plastic
0  -4.272912 9.484646 -18.498127  0.000000 0.184124 0.982903  0.863264 0.820637 1 79 1.000000
0  -4.272913 10.447789 -18.678547  0.000000 0.184124 0.982903  0.863264 0.820637 1 79 1.000000
0  -4.311303 10.447789 -18.678547  0.000000 0.184124 0.982903  0.863264 0.820637 1 79 1.000000
lowpoly_plastic
0  -3.462424 10.283628 -19.403269  -0.001193 -0.217211 -0.976124  0.863264 0.820637 1 79 1.000000
0  -3.462424 10.348263 -19.417599  -0.001193 -0.217211 -0.976124  0.863264 0.820637 1 79 1.000000
0  -3.435242 10.374706 -19.423576  -0.001193 -0.217211 -0.976124  0.863264 0.820637 1 79 1.000000
lowpoly_plastic
0  -4.080925 10.779190 -17.499134  -1.000000 0.000009 0.000000  0.008576 0.748762 1 79 1.000000
0  -4.080925 10.869816 -17.511650  -1.000000 0.000009 0.000000  0.008576 0.748762 1 79 1.000000
0  -4.080925 10.603238 -18.703205  -1.000000 0.000009 0.000000  0.008576 0.748762 1 79 1.000000
lowpoly_plastic
0  -3.867668 9.117169 -17.334633  0.000000 -0.972651 0.232271  0.008576 0.748762 1 79 1.000000
0  -3.867668 8.866955 -18.382420  0.000000 -0.972651 0.232271  0.008576 0.748762 1 79 1.000000
0  -3.736782 8.866955 -18.382420  -0.000000 -0.972114 0.234509  0.008576 0.748762 1 79 1.000000
lowpoly_plastic
0  -4.272913 10.283628 -19.403269  0.000000 -0.216448 -0.976294  0.863264 0.820637 1 79 1.000000
0  -4.272913 9.323269 -19.190353  0.000000 -0.216448 -0.976294  0.863264 0.820637 1 79 1.000000
0  -4.311303 9.323269 -19.190353  0.000000 -0.216448 -0.976294  0.863264 0.820637 1 79 1.000000
lowpoly_plastic
0  -4.080925 10.779190 -17.499134  0.000000 0.975876 -0.218325  0.008576 0.748762 1 79 1.000000
0  -4.080925 10.512613 -18.690689  0.000000 0.975876 -0.218325  0.008576 0.748762 1 79 1.000000
0  -4.185127 10.512613 -18.690689  0.000000 0.975876 -0.218325  0.008576 0.748762 1 79 1.000000
lowpoly_plastic
0  -3.654411 10.438888 -19.430115  0.004621 -0.216190 -0.976340  0.863264 0.820637 1 79 1.000000
0  -3.867668 10.438888 -19.430115  0.005905 -0.218257 -0.975873  0.863264 0.820637 1 79 1.000000
0  -3.867668 10.476334 -19.438580  0.002202 -0.226261 -0.974064  0.863264 0.820637 1 79 1.000000
lowpoly_plastic
0  -4.116385 8.707367 -19.053806  0.000000 -0.974267 0.225397  0.008576 0.748762 1 79 1.000000
0  -4.116385 8.578188 -19.606371  0.000000 -0.973746 0.227638  0.008576 0.748762 1 79 1.000000
0  -4.062507 8.578188 -19.606371  0.000000 -0.973746 0.227638  0.008576 0.748762 1 79 1.000000
lowpoly_plastic
0  -3.462424 10.166803 -19.896681  0.000000 -0.179766 -0.983709  0.008576 0.748762 1 79 1.000000
0  -3.462424 9.198917 -19.719807  0.000000 -0.179766 -0.983709  0.008576 0.748762 1 79 1.000000
0  -3.550210 9.198917 -19.719807  0.000000 -0.179766 -0.983709  0.008576 0.748762 1 79 1.000000
lowpoly_plastic
0  -3.462424 9.741001 -17.396378  1.000000 0.000000 -0.000000  0.008576 0.748762 1 79 1.000000
0  -3.462424 9.879883 -16.239737  1.000000 0.000000 -0.000000  0.008576 0.748762 1 79 1.000000
0  -3.462424 9.431971 -16.194969  1.000000 0.000000 -0.000000  0.008576 0.748762 1 79 1.000000
lowpoly_plastic
0  -4.272913 10.283628 -19.403269  -1.000000 0.000000 0.000000  0.008576 0.748762 1 79 1.000000
0  -4.272913 10.348263 -19.417599  -1.000000 0.000000 0.000000  0.008576 0.748762 1 79 1.000000
0  -4.272913 10.231945 -19.908587  -1.000000 0.000000 0.000000  0.008576 0.748762 1 79 1.000000
lowpoly_plastic
0  -3.654411 10.166803 -19.896681  0.000000 -0.179766 -0.983709  0.008576 0.748762 1 79 1.000000
0  -3.654411 9.198917 -19.719807  0.000000 -0.179766 -0.983709  0.008576 0.748762 1 79 1.000000
0  -3.867668 9.198917 -19.719807  0.000000 -0.179766 -0.983709  0.008576 0.748762 1 79 1.000000
lowpoly_plastic
0  -3.462424 10.512613 -18.690689  0.000000 0.975876 -0.218325  0.008576 0.748762 1 79 1.000000
0  -3.550210 10.512613 -18.690689  0.000000 0.975876 -0.218325  0.008576 0.748762 1 79 1.000000
0  -3.550210 10.779190 -17.499134  0.000000 0.975876 -0.218325  0.008576 0.748762 1 79 1.000000
lowpoly_plastic
0  -3.462424 9.044003 -18.415585  -0.016778 0.197076 0.980245  0.863264 0.820637 1 79 1.000000
0  -3.558851 8.934935 -18.395153  -0.014757 0.204401 0.978776  0.863264 0.820637 1 79 1.000000
0  -3.529856 8.910451 -18.389349  -0.020794 0.204090 0.978731  0.863264 0.820637 1 79 1.000000
lowpoly_plastic
0  -3.654411 9.198917 -19.719807  0.000000 -0.179767 -0.983709  0.008576 0.748762 1 79 1.000000
0  -3.654411 8.756106 -19.638885  0.000000 -0.179767 -0.983709  0.008576 0.748762 1 79 1.000000
0  -3.867668 8.756106 -19.638885  0.000000 -0.179767 -0.983709  0.008576 0.748762 1 79 1.000000
lowpoly_plastic
0  -3.558851 9.321102 -16.183887  0.754717 -0.652091 0.071973  0.008576 0.748762 1 79 1.000000
0  -3.558851 9.425964 -15.164903  0.754836 -0.652565 0.066193  0.008576 0.748762 1 79 1.000000
0  -3.618951 9.356524 -15.164109  0.756226 -0.650987 0.065868  0.008576 0.748762 1 79 1.000000
lowpoly_plastic
0  -4.176485 9.321102 -16.183887  -0.757523 -0.648826 0.071998  0.008576 0.748762 1 79 1.000000
0  -4.272912 9.431971 -16.194969  -0.755558 -0.651162 0.071562  0.008576 0.748762 1 79 1.000000
0  -4.272912 9.295977 -17.352329  -0.755011 -0.651257 0.076313  0.008576 0.748762 1 79 1.000000
lowpoly_plastic
0  -3.462424 9.295977 -17.352329  0.757320 -0.648656 0.075582  0.008576 0.748762 1 79 1.000000
0  -3.462424 9.431971 -16.194969  0.755565 -0.651148 0.071609  0.008576 0.748762 1 79 1.000000
0  -3.558851 9.321102 -16.183887  0.754079 -0.652870 0.071593  0.008576 0.748762 1 79 1.000000
lowpoly_plastic
0  -4.272912 11.039778 -12.844324  -0.988523 0.000276 0.151070  0.008576 0.748762 1 79 1.000000
0  -4.272912 10.997972 -12.844251  -0.988523 0.000276 0.151070  0.008576 0.748762 1 79 1.000000
0  -4.166634 11.004862 -12.148806  -0.988523 0.000276 0.151070  0.008576 0.748762 1 79 1.000000
lowpoly_plastic
0  -3.654411 10.322570 -19.921101  1.000000 -0.000000 0.000000  0.008576 0.748762 1 79 1.000000
0  -3.654411 10.438888 -19.430115  1.000000 -0.000000 0.000000  0.008576 0.748762 1 79 1.000000
0  -3.654411 10.348263 -19.417599  1.000000 -0.000000 0.000000  0.008576 0.748762 1 79 1.000000
lowpoly_plastic
0  -3.558851 8.775148 -19.068832  0.756014 -0.638105 0.145826  0.008576 0.748762 1 79 1.000000
0  -3.558851 8.646502 -19.618855  0.755761 -0.637639 0.149139  0.008576 0.748762 1 79 1.000000
0  -3.462424 8.756106 -19.638885  0.755761 -0.637639 0.149139  0.008576 0.748762 1 79 1.000000
lowpoly_plastic
0  -3.550210 11.013145 -15.183292  0.000000 0.997117 -0.075873  0.008576 0.748762 1 79 1.000000
0  -3.462424 11.013145 -15.183292  0.000000 0.997117 -0.075873  0.008576 0.748762 1 79 1.000000
0  -3.462424 10.924812 -16.344177  0.000000 0.997117 -0.075873  0.008576 0.748762 1 79 1.000000
lowpoly_plastic
0  -3.462424 9.879883 -16.239737  1.000000 0.000000 0.000000  0.008576 0.748762 1 79 1.000000
0  -3.462424 9.987494 -15.171310  1.000000 0.000000 0.000000  0.008576 0.748762 1 79 1.000000
0  -3.462424 9.537376 -15.166174  1.000000 0.000000 0.000000  0.008576 0.748762 1 79 1.000000
lowpoly_plastic
0  -3.892274 9.389940 -12.151320  0.000000 -0.999951 0.009935  0.008576 0.748762 1 79 1.000000
0  -3.956228 9.389940 -12.151320  0.000000 -0.999951 0.009935  0.008576 0.748762 1 79 1.000000
0  -3.998553 9.383073 -12.842461  0.000163 -0.999948 0.010229  0.008576 0.748762 1 79 1.000000
lowpoly_plastic
0  -4.080925 8.756106 -19.638885  0.000000 -0.179767 -0.983709  0.008576 0.748762 1 79 1.000000
0  -4.185127 8.756106 -19.638885  0.000000 -0.179767 -0.983709  0.008576 0.748762 1 79 1.000000
0  -4.185127 9.198917 -19.719807  0.000000 -0.179767 -0.983709  0.008576 0.748762 1 79 1.000000
lowpoly_plastic
0  -4.062506 9.252003 -16.176979  0.000000 -0.993285 0.115691  0.008576 0.748762 1 79 1.000000
0  -4.116385 9.252003 -16.176979  0.000000 -0.993285 0.115691  0.008576 0.748762 1 79 1.000000
0  -4.116385 9.117169 -17.334633  0.000000 -0.993285 0.115691  0.008576 0.748762 1 79 1.000000
lowpoly_plastic
0  -4.080925 10.438888 -19.430115  0.086229 -0.134932 -0.987096  0.863264 0.820637 1 79 1.000000
0  -4.080925 10.348263 -19.417599  0.086229 -0.134932 -0.987096  0.863264 0.820637 1 79 1.000000
0  -4.107306 10.375467 -19.423750  0.086229 -0.134932 -0.987096  0.863264 0.820637 1 79 1.000000
lowpoly_plastic
0  -3.760689 11.161708 -12.161219  0.000000 0.136804 0.990598  0.008576 0.748762 1 79 1.000000
0  -3.867667 11.161708 -12.161219  0.000000 0.136804 0.990598  0.008576 0.748762 1 79 1.000000
0  -3.867667 11.071081 -12.148703  0.000000 0.136804 0.990598  0.008576 0.748762 1 79 1.000000
lowpoly_plastic
0  -3.672829 8.866955 -18.382420  0.000000 -0.972651 0.232273  0.008576 0.748762 1 79 1.000000
0  -3.618951 8.866955 -18.382420  -0.002253 -0.972648 0.232272  0.008576 0.748762 1 79 1.000000
0  -3.618951 9.117169 -17.334633  0.000000 -0.972651 0.232273  0.008576 0.748762 1 79 1.000000
lowpoly_plastic
0  -4.080925 11.004862 -12.815872  0.000000 -1.000000 0.000001  0.008576 0.748762 1 79 1.000000
0  -4.080925 11.004861 -14.342654  0.000000 -1.000000 0.000001  0.008576 0.748762 1 79 1.000000
0  -3.867668 11.004861 -14.342654  0.000000 -1.000000 0.000001  0.008576 0.748762 1 79 1.000000
lowpoly_plastic
0  -3.654411 10.924812 -16.344177  1.000000 0.000000 0.000000  0.008576 0.748762 1 79 1.000000
0  -3.654411 11.015437 -16.356693  1.000000 0.000000 0.000000  0.008576 0.748762 1 79 1.000000
0  -3.654411 11.103771 -15.195807  1.000000 0.000000 0.000000  0.008576 0.748762 1 79 1.000000
lowpoly_plastic
0  -3.672829 9.356524 -15.164109  0.000000 -0.994718 0.102647  0.008576 0.748762 1 79 1.000000
0  -3.736782 9.356524 -15.164109  0.000000 -0.994718 0.102647  0.008576 0.748762 1 79 1.000000
0  -3.736782 9.252003 -16.176979  0.000000 -0.994718 0.102647  0.008576 0.748762 1 79 1.000000
lowpoly_plastic
0  -3.867667 11.130404 -12.856840  0.000000 0.998989 -0.044956  0.008576 0.748762 1 79 1.000000
0  -3.867667 11.161708 -12.161219  0.000000 0.998989 -0.044956  0.008576 0.748762 1 79 1.000000
0  -3.760689 11.161708 -12.161219  0.000000 0.998989 -0.044956  0.008576 0.748762 1 79 1.000000
lowpoly_plastic
0  -4.185126 11.004862 -12.815872  0.000000 -1.000000 0.000001  0.008576 0.748762 1 79 1.000000
0  -4.185126 11.004861 -14.342654  0.000000 -1.000000 0.000001  0.008576 0.748762 1 79 1.000000
0  -4.080925 11.004861 -14.342654  0.000000 -1.000000 0.000001  0.008576 0.748762 1 79 1.000000
lowpoly_plastic
0  -4.185127 10.348263 -19.417599  0.000000 0.973067 -0.230524  0.008576 0.748762 1 79 1.000000
0  -4.185127 10.231945 -19.908587  0.000000 0.973067 -0.230524  0.008576 0.748762 1 79 1.000000
0  -4.272913 10.231945 -19.908587  0.000000 0.973067 -0.230524  0.008576 0.748762 1 79 1.000000
lowpoly_plastic
0  -4.272913 9.323269 -19.190353  -1.000000 0.000000 0.000000  0.008576 0.748762 1 79 1.000000
0  -4.272913 10.283628 -19.403269  -1.000000 0.000000 0.000000  0.008576 0.748762 1 79 1.000000
0  -4.272913 10.166803 -19.896681  -1.000000 0.000000 0.000000  0.008576 0.748762 1 79 1.000000
lowpoly_plastic
0  -3.550210 10.348263 -19.417599  0.000000 -0.220543 -0.975377  0.863264 0.820637 1 79 1.000000
0  -3.654411 10.348263 -19.417599  0.006354 -0.220028 -0.975473  0.863264 0.820637 1 79 1.000000
0  -3.628031 10.375467 -19.423750  -0.003145 -0.225894 -0.974147  0.863264 0.820637 1 79 1.000000
lowpoly_plastic
0  -4.272912 9.879883 -16.239737  -1.000000 0.000000 0.000000  0.008576 0.748762 1 79 1.000000
0  -4.272912 10.858919 -16.337593  -1.000000 0.000000 0.000000  0.008576 0.748762 1 79 1.000000
0  -4.272913 10.713722 -17.492653  -1.000000 0.000000 0.000000  0.008576 0.748762 1 79 1.000000
lowpoly_plastic
0  -3.867667 9.459385 -12.151212  0.000000 -0.001552 0.999999  0.008576 0.748762 1 79 1.000000
0  -3.923902 9.459385 -12.151212  0.000000 -0.001552 0.999999  0.008576 0.748762 1 79 1.000000
0  -3.892274 9.389940 -12.151320  0.000000 -0.001552 0.999999  0.008576 0.748762 1 79 1.000000
lowpoly_plastic
0  -3.558851 9.185823 -17.341427  0.756010 -0.649939 0.077640  0.008576 0.748762 1 79 1.000000
0  -3.558851 9.321102 -16.183887  0.753242 -0.653500 0.074588  0.008576 0.748762 1 79 1.000000
0  -3.618951 9.252003 -16.176979  0.756948 -0.649220 0.074453  0.008576 0.748762 1 79 1.000000
lowpoly_plastic
0  -4.109588 8.646502 -19.618855  0.000000 -0.179779 -0.983707  0.008576 0.748762 1 79 1.000000
0  -4.176486 8.646502 -19.618855  0.000000 -0.179779 -0.983707  0.008576 0.748762 1 79 1.000000
0  -4.185127 8.756106 -19.638885  0.000000 -0.179779 -0.983707  0.008576 0.748762 1 79 1.000000
lowpoly_plastic
0  -3.736782 9.117169 -17.334633  0.000000 -0.993285 0.115690  0.008576 0.748762 1 79 1.000000
0  -3.736782 9.252003 -16.176979  0.000000 -0.993285 0.115690  0.008576 0.748762 1 79 1.000000
0  -3.867668 9.252003 -16.176979  0.000000 -0.993285 0.115690  0.008576 0.748762 1 79 1.000000
lowpoly_plastic
0  -4.185127 10.166803 -19.896681  0.000000 -0.179788 -0.983705  0.008576 0.748762 1 79 1.000000
0  -4.272913 10.166803 -19.896681  0.000000 -0.179788 -0.983705  0.008576 0.748762 1 79 1.000000
0  -4.272913 10.231945 -19.908587  0.000000 -0.179788 -0.983705  0.008576 0.748762 1 79 1.000000
lowpoly_plastic
0  -3.550210 10.512613 -18.690689  0.000000 0.975876 -0.218326  0.008576 0.748762 1 79 1.000000
0  -3.654411 10.512613 -18.690689  0.006376 0.975855 -0.218325  0.008576 0.748762 1 79 1.000000
0  -3.654411 10.779190 -17.499134  0.000000 0.975876 -0.218326  0.008576 0.748762 1 79 1.000000
lowpoly_plastic
0  -3.732026 9.459385 -12.151212  0.000000 -0.001552 0.999999  0.008576 0.748762 1 79 1.000000
0  -3.811433 9.459385 -12.151212  0.000000 -0.001552 0.999999  0.008576 0.748762 1 79 1.000000
0  -3.779107 9.389940 -12.151320  0.000000 -0.001552 0.999999  0.008576 0.748762 1 79 1.000000
lowpoly_plastic
0  -3.654411 10.603238 -18.703205  0.000000 0.975876 -0.218326  0.008576 0.748762 1 79 1.000000
0  -3.867668 10.603238 -18.703205  0.006357 0.975962 -0.217849  0.008576 0.748762 1 79 1.000000
0  -3.867668 10.869816 -17.511650  0.000000 0.975876 -0.218326  0.008576 0.748762 1 79 1.000000
lowpoly_plastic
0  -4.062507 8.707367 -19.053806  0.000000 -0.973744 0.227646  0.008576 0.748762 1 79 1.000000
0  -4.062507 8.578188 -19.606371  0.000000 -0.973744 0.227646  0.008576 0.748762 1 79 1.000000
0  -3.998554 8.578188 -19.606371  0.000000 -0.973744 0.227646  0.008576 0.748762 1 79 1.000000
lowpoly_plastic
0  -4.185127 8.756106 -19.638885  0.000000 -0.179766 -0.983709  0.008576 0.748762 1 79 1.000000
0  -4.272913 8.756106 -19.638885  0.000000 -0.179766 -0.983709  0.008576 0.748762 1 79 1.000000
0  -4.272913 9.198917 -19.719807  0.000000 -0.179766 -0.983709  0.008576 0.748762 1 79 1.000000
lowpoly_plastic
0  -3.654410 11.004862 -12.815872  0.000000 -1.000000 -0.000003  0.008576 0.748762 1 79 1.000000
0  -3.550209 11.004862 -12.815872  0.000000 -1.000000 -0.000003  0.008576 0.748762 1 79 1.000000
0  -3.656487 11.004862 -12.148806  0.000000 -1.000000 -0.000003  0.008576 0.748762 1 79 1.000000
lowpoly_plastic
0  -4.078847 10.020948 -12.150337  0.987545 0.000246 -0.157338  0.008576 0.748762 1 79 1.000000
0  -4.185125 10.020948 -12.817404  0.987545 0.000246 -0.157338  0.008576 0.748762 1 79 1.000000
0  -4.185126 11.004862 -12.815872  0.987545 0.000246 -0.157338  0.008576 0.748762 1 79 1.000000
lowpoly_plastic
0  -3.867667 11.004862 -12.815872  0.000000 -1.000000 -0.000002  0.008576 0.748762 1 79 1.000000
0  -3.654410 11.004862 -12.815872  0.000000 -1.000000 -0.000002  0.008576 0.748762 1 79 1.000000
0  -3.760689 11.004862 -12.148806  0.000000 -1.000000 -0.000002  0.008576 0.748762 1 79 1.000000
lowpoly_plastic
0  -3.558851 9.425964 -15.164903  0.756124 -0.654385 0.007482  0.008576 0.748762 1 79 1.000000
0  -3.558850 9.452517 -12.842539  0.756124 -0.654385 0.007482  0.008576 0.748762 1 79 1.000000
0  -3.618950 9.383073 -12.842461  0.756124 -0.654385 0.007482  0.008576 0.748762 1 79 1.000000
lowpoly_plastic
0  -4.272912 11.013145 -15.183292  -1.000000 0.000000 0.000000  0.008576 0.748762 1 79 1.000000
0  -4.272912 10.971342 -15.182536  -1.000000 0.000000 0.000000  0.008576 0.748762 1 79 1.000000
0  -4.272912 10.997972 -12.844251  -1.000000 0.000000 0.000000  0.008576 0.748762 1 79 1.000000
lowpoly_plastic
0  -3.654411 11.004861 -14.342654  0.000000 -1.000000 0.000001  0.008576 0.748762 1 79 1.000000
0  -3.550210 11.004861 -14.342654  0.000000 -1.000000 0.000001  0.008576 0.748762 1 79 1.000000
0  -3.550209 11.004862 -12.815872  0.000000 -1.000000 0.000001  0.008576 0.748762 1 79 1.000000
lowpoly_plastic
0  -4.080925 11.013145 -15.183292  -1.000000 -0.000000 0.000000  0.008576 0.748762 1 79 1.000000
0  -4.080925 11.039778 -12.844324  -1.000000 -0.000000 0.000000  0.008576 0.748762 1 79 1.000000
0  -4.080925 11.130404 -12.856840  -1.000000 -0.000000 0.000000  0.008576 0.748762 1 79 1.000000
lowpoly_plastic
0  -3.998553 9.252003 -16.176979  0.000000 -0.993285 0.115690  0.008576 0.748762 1 79 1.000000
0  -4.062506 9.252003 -16.176979  0.000000 -0.993285 0.115690  0.008576 0.748762 1 79 1.000000
0  -4.062507 9.117169 -17.334633  0.000000 -0.993285 0.115690  0.008576 0.748762 1 79 1.000000
lowpoly_plastic
0  -4.272912 10.971342 -15.182536  -1.000000 -0.000001 0.000000  0.008576 0.748762 1 79 1.000000
0  -4.272912 9.987494 -15.171310  -1.000000 -0.000001 0.000000  0.008576 0.748762 1 79 1.000000
0  -4.272911 10.014074 -12.843161  -1.000000 -0.000001 0.000000  0.008576 0.748762 1 79 1.000000
lowpoly_plastic
0  -3.550209 11.004862 -12.815872  -0.987545 0.000244 -0.157338  0.008576 0.748762 1 79 1.000000
0  -3.550209 10.020948 -12.817404  -0.987545 0.000244 -0.157338  0.008576 0.748762 1 79 1.000000
0  -3.656487 10.020948 -12.150337  -0.987545 0.000244 -0.157338  0.008576 0.748762 1 79 1.000000
lowpoly_plastic
0  -3.654411 10.322570 -19.921101  0.000000 0.973066 -0.230525  0.008576 0.748762 1 79 1.000000
0  -3.867668 10.322570 -19.921101  0.000000 0.973066 -0.230525  0.008576 0.748762 1 79 1.000000
0  -3.867668 10.438888 -19.430115  0.002266 0.971685 -0.236270  0.008576 0.748762 1 79 1.000000
lowpoly_plastic
0  -3.618951 8.707367 -19.053806  0.755243 -0.638470 0.148202  0.008576 0.748762 1 79 1.000000
0  -3.618951 8.578188 -19.606371  0.755757 -0.637660 0.149070  0.008576 0.748762 1 79 1.000000
0  -3.558851 8.646502 -19.618855  0.755757 -0.637660 0.149070  0.008576 0.748762 1 79 1.000000
lowpoly_plastic
0  -3.956228 9.389940 -12.151320  0.000000 -0.999951 0.009933  0.008576 0.748762 1 79 1.000000
0  -4.010106 9.389940 -12.151320  0.000000 -0.999951 0.009933  0.008576 0.748762 1 79 1.000000
0  -4.062506 9.383073 -12.842461  0.000000 -0.999951 0.009933  0.008576 0.748762 1 79 1.000000
lowpoly_plastic
0  -3.550209 9.570805 -14.344887  -0.827714 0.561151 -0.000000  0.008576 0.748762 1 79 1.000000
0  -3.625748 9.459383 -14.345059  -0.827714 0.561151 -0.000000  0.008576 0.748762 1 79 1.000000
0  -3.625747 9.459385 -12.818278  -0.827714 0.561151 -0.000000  0.008576 0.748762 1 79 1.000000
lowpoly_plastic
0  -3.656487 11.071081 -12.148703  -0.000391 0.999998 0.001782  0.008576 0.748762 1 79 1.000000
0  -3.705285 11.070704 -11.948120  -0.000391 0.999998 0.001782  0.008576 0.748762 1 79 1.000000
0  -3.652966 11.070702 -11.935610  -0.000391 0.999998 0.001782  0.008576 0.748762 1 79 1.000000
lowpoly_plastic
0  -4.030049 11.070704 -11.948120  0.232554 -0.001500 0.972582  0.008576 0.748762 1 79 1.000000
0  -4.082368 11.070702 -11.935610  0.232554 -0.001500 0.972582  0.008576 0.748762 1 79 1.000000
0  -4.082368 11.004482 -11.935712  0.232554 -0.001500 0.972582  0.008576 0.748762 1 79 1.000000
lowpoly_plastic
0  -3.736783 8.578188 -19.606371  0.000000 -0.973745 0.227641  0.008576 0.748762 1 79 1.000000
0  -3.672830 8.578188 -19.606371  0.000000 -0.973745 0.227641  0.008576 0.748762 1 79 1.000000
0  -3.672829 8.707367 -19.053806  0.000000 -0.973745 0.227641  0.008576 0.748762 1 79 1.000000
lowpoly_plastic
0  -4.030180 9.459385 -12.818278  0.000000 1.000000 -0.000001  0.008576 0.748762 1 79 1.000000
0  -4.030180 9.459383 -14.345059  0.000000 1.000000 -0.000001  0.008576 0.748762 1 79 1.000000
0  -4.109587 9.459383 -14.345059  0.000000 1.000000 -0.000001  0.008576 0.748762 1 79 1.000000
lowpoly_plastic
0  -4.080925 10.348263 -19.417599  -0.006376 -0.220497 -0.975367  0.863264 0.820637 1 79 1.000000
0  -4.185127 10.348263 -19.417599  0.000000 -0.220501 -0.975387  0.863264 0.820637 1 79 1.000000
0  -4.185127 10.385708 -19.426064  0.000000 -0.220501 -0.975387  0.863264 0.820637 1 79 1.000000
lowpoly_plastic
0  -3.462423 10.014074 -12.843161  0.988438 -0.000237 0.151628  0.008576 0.748762 1 79 1.000000
0  -3.568701 10.020948 -12.150337  0.988438 -0.000237 0.151628  0.008576 0.748762 1 79 1.000000
0  -3.568701 9.570805 -12.151038  0.988438 -0.000237 0.151628  0.008576 0.748762 1 79 1.000000
lowpoly_plastic
0  -4.272912 10.924812 -16.344177  0.000000 0.997118 -0.075872  0.008576 0.748762 1 79 1.000000
0  -4.272912 11.013145 -15.183292  0.000000 0.997118 -0.075872  0.008576 0.748762 1 79 1.000000
0  -4.185126 11.013145 -15.183292  0.000000 0.997118 -0.075872  0.008576 0.748762 1 79 1.000000
lowpoly_plastic
0  -3.779107 9.389940 -12.151320  0.000000 -0.999951 0.009933  0.008576 0.748762 1 79 1.000000
0  -3.843060 9.389940 -12.151320  0.000000 -0.999951 0.009933  0.008576 0.748762 1 79 1.000000
0  -3.867667 9.383073 -12.842461  0.000000 -0.999951 0.009933  0.008576 0.748762 1 79 1.000000
lowpoly_plastic
0  -3.462424 10.231945 -19.908587  0.000000 0.973067 -0.230524  0.008576 0.748762 1 79 1.000000
0  -3.550210 10.231945 -19.908587  0.000000 0.973067 -0.230524  0.008576 0.748762 1 79 1.000000
0  -3.550210 10.348263 -19.417599  0.000000 0.973067 -0.230524  0.008576 0.748762 1 79 1.000000
lowpoly_plastic
0  -3.550210 10.231945 -19.908587  0.000000 -0.179790 -0.983705  0.008576 0.748762 1 79 1.000000
0  -3.550210 10.166803 -19.896681  0.000000 -0.179790 -0.983705  0.008576 0.748762 1 79 1.000000
0  -3.654411 10.166803 -19.896681  0.000000 -0.179790 -0.983705  0.008576 0.748762 1 79 1.000000
lowpoly_plastic
0  -3.725228 9.389940 -12.151320  0.000000 -0.999951 0.009933  0.008576 0.748762 1 79 1.000000
0  -3.779107 9.389940 -12.151320  0.000000 -0.999951 0.009933  0.008576 0.748762 1 79 1.000000
0  -3.736781 9.383073 -12.842461  0.000479 -0.999946 0.010403  0.008576 0.748762 1 79 1.000000
lowpoly_plastic
0  -3.654410 11.039778 -12.844324  0.000000 0.999935 -0.011386  0.008576 0.748762 1 79 1.000000
0  -3.550209 11.039778 -12.844324  0.000000 0.999935 -0.011386  0.008576 0.748762 1 79 1.000000
0  -3.550210 11.013145 -15.183292  0.000000 0.999935 -0.011386  0.008576 0.748762 1 79 1.000000
lowpoly_plastic
0  -3.656487 11.004862 -12.148806  0.000000 -0.001555 0.999999  0.008576 0.748762 1 79 1.000000
0  -3.656487 11.071081 -12.148703  0.000000 -0.001555 0.999999  0.008576 0.748762 1 79 1.000000
0  -3.760689 11.071081 -12.148703  0.000000 -0.001555 0.999999  0.008576 0.748762 1 79 1.000000
lowpoly_plastic
0  -3.736782 8.866955 -18.382420  0.000000 -0.972651 0.232270  0.008576 0.748762 1 79 1.000000
0  -3.672829 8.866955 -18.382420  0.000000 -0.972651 0.232270  0.008576 0.748762 1 79 1.000000
0  -3.672829 9.117169 -17.334633  0.000000 -0.972651 0.232270  0.008576 0.748762 1 79 1.000000
lowpoly_plastic
0  -3.705154 9.459383 -14.345059  0.000000 1.000000 -0.000001  0.008576 0.748762 1 79 1.000000
0  -3.867667 9.459383 -14.345059  0.000000 1.000000 -0.000001  0.008576 0.748762 1 79 1.000000
0  -3.867667 9.459385 -12.818278  0.000000 1.000000 -0.000001  0.008576 0.748762 1 79 1.000000
lowpoly_plastic
0  -3.558851 8.934935 -18.395153  -0.025669 0.208019 0.977788  0.863264 0.820637 1 79 1.000000
0  -3.618951 8.866955 -18.382420  -0.023399 0.214771 0.976384  0.863264 0.820637 1 79 1.000000
0  -3.602834 8.833055 -18.374367  -0.029185 0.215805 0.976000  0.863264 0.820637 1 79 1.000000
lowpoly_plastic
0  -4.185125 9.570805 -12.818106  1.000000 0.000000 -0.000000  0.008576 0.748762 1 79 1.000000
0  -4.185126 9.570805 -14.344887  1.000000 0.000000 -0.000000  0.008576 0.748762 1 79 1.000000
0  -4.185126 10.020948 -14.344186  1.000000 0.000000 -0.000000  0.008576 0.748762 1 79 1.000000
lowpoly_plastic
0  -4.272912 8.883901 -19.092945  -0.006489 -0.225655 -0.974186  0.863264 0.820637 1 79 1.000000
0  -4.176485 8.775148 -19.068832  -0.008891 -0.220896 -0.975257  0.863264 0.820637 1 79 1.000000
0  -4.205480 8.750665 -19.063028  -0.004611 -0.218400 -0.975848  0.863264 0.820637 1 79 1.000000
lowpoly_plastic
0  -4.272912 10.924812 -16.344177  -1.000000 0.000000 0.000000  0.008576 0.748762 1 79 1.000000
0  -4.272912 10.858919 -16.337593  -1.000000 0.000000 0.000000  0.008576 0.748762 1 79 1.000000
0  -4.272912 10.971342 -15.182536  -1.000000 0.000000 0.000000  0.008576 0.748762 1 79 1.000000
lowpoly_plastic
0  -3.462424 9.431971 -16.194969  0.754414 -0.652473 0.071680  0.008576 0.748762 1 79 1.000000
0  -3.462424 9.537376 -15.166174  0.754813 -0.652524 0.066855  0.008576 0.748762 1 79 1.000000
0  -3.558851 9.425964 -15.164903  0.756127 -0.651083 0.066052  0.008576 0.748762 1 79 1.000000
lowpoly_plastic
0  -4.166634 11.004862 -12.148806  -0.929933 -0.000566 0.367728  0.008576 0.748762 1 79 1.000000
0  -4.082368 11.004482 -11.935712  -0.929933 -0.000566 0.367728  0.008576 0.748762 1 79 1.000000
0  -4.082368 11.070702 -11.935610  -0.929933 -0.000566 0.367728  0.008576 0.748762 1 79 1.000000
lowpoly_plastic
0  -4.272913 10.512613 -18.690689  0.006376 0.220544 0.975356  0.863264 0.820637 1 79 1.000000
0  -4.185127 10.512613 -18.690689  0.000000 0.220549 0.975376  0.863264 0.820637 1 79 1.000000
0  -4.185127 10.550058 -18.699156  0.000000 0.220549 0.975376  0.863264 0.820637 1 79 1.000000
lowpoly_plastic
0  -3.462424 10.713722 -17.492653  1.000000 0.000001 -0.000000  0.008576 0.748762 1 79 1.000000
0  -3.462424 10.858919 -16.337593  1.000000 0.000001 -0.000000  0.008576 0.748762 1 79 1.000000
0  -3.462424 9.879883 -16.239737  1.000000 0.000001 -0.000000  0.008576 0.748762 1 79 1.000000
lowpoly_plastic
0  -3.843060 9.389940 -12.151320  0.000000 -0.001552 0.999999  0.008576 0.748762 1 79 1.000000
0  -3.811433 9.459385 -12.151212  0.000000 -0.001552 0.999999  0.008576 0.748762 1 79 1.000000
0  -3.867667 9.459385 -12.151212  0.000000 -0.001552 0.999999  0.008576 0.748762 1 79 1.000000
lowpoly_plastic
0  -3.923902 9.459385 -12.151212  0.000000 -0.001552 0.999999  0.008576 0.748762 1 79 1.000000
0  -4.003308 9.459385 -12.151212  0.000000 -0.001552 0.999999  0.008576 0.748762 1 79 1.000000
0  -4.010106 9.389940 -12.151320  0.000000 -0.001552 0.999999  0.008576 0.748762 1 79 1.000000
lowpoly_plastic
0  -3.550209 11.039778 -12.844324  0.000000 0.999935 -0.011386  0.008576 0.748762 1 79 1.000000
0  -3.462423 11.039778 -12.844324  0.000000 0.999935 -0.011386  0.008576 0.748762 1 79 1.000000
0  -3.462424 11.013145 -15.183292  0.000000 0.999935 -0.011386  0.008576 0.748762 1 79 1.000000
lowpoly_plastic
0  -3.867668 8.756106 -19.638885  0.000000 -0.179766 -0.983709  0.008576 0.748762 1 79 1.000000
0  -4.080925 8.756106 -19.638885  0.000000 -0.179766 -0.983709  0.008576 0.748762 1 79 1.000000
0  -4.080925 9.198917 -19.719807  0.000000 -0.179766 -0.983709  0.008576 0.748762 1 79 1.000000
lowpoly_plastic
0  -3.867668 9.252003 -16.176979  0.000000 -0.993285 0.115690  0.008576 0.748762 1 79 1.000000
0  -3.998553 9.252003 -16.176979  0.000000 -0.993285 0.115690  0.008576 0.748762 1 79 1.000000
0  -3.998554 9.117169 -17.334633  0.000000 -0.993285 0.115690  0.008576 0.748762 1 79 1.000000
lowpoly_plastic
0  -4.080925 11.015437 -16.356693  0.000000 0.992145 -0.125092  0.008576 0.748762 1 79 1.000000
0  -3.867668 11.015437 -16.356693  0.000000 0.992145 -0.125092  0.008576 0.748762 1 79 1.000000
0  -3.867668 10.869816 -17.511650  0.000000 0.992145 -0.125092  0.008576 0.748762 1 79 1.000000
lowpoly_plastic
0  -3.654411 11.013145 -15.183292  0.000000 0.997118 -0.075872  0.008576 0.748762 1 79 1.000000
0  -3.550210 11.013145 -15.183292  0.000000 0.997118 -0.075872  0.008576 0.748762 1 79 1.000000
0  -3.550210 10.924812 -16.344177  0.000000 0.997118 -0.075872  0.008576 0.748762 1 79 1.000000
lowpoly_plastic
0  -3.867668 9.198917 -19.719807  0.000000 -0.179765 -0.983709  0.008576 0.748762 1 79 1.000000
0  -4.080925 9.198917 -19.719807  0.000000 -0.179765 -0.983709  0.008576 0.748762 1 79 1.000000
0  -4.080925 10.166803 -19.896681  0.000000 -0.179765 -0.983709  0.008576 0.748762 1 79 1.000000
lowpoly_plastic
0  -4.272912 11.013145 -15.183292  0.000000 0.999935 -0.011386  0.008576 0.748762 1 79 1.000000
0  -4.272912 11.039778 -12.844324  0.000000 0.999935 -0.011386  0.008576 0.748762 1 79 1.000000
0  -4.185126 11.039778 -12.844324  0.000000 0.999935 -0.011386  0.008576 0.748762 1 79 1.000000
lowpoly_plastic
0  -3.705154 9.459385 -12.818278  0.000000 1.000000 -0.000001  0.008576 0.748762 1 79 1.000000
0  -3.867667 9.459385 -12.818278  0.000000 1.000000 -0.000001  0.008576 0.748762 1 79 1.000000
0  -3.811433 9.459385 -12.151212  0.000000 1.000000 -0.000001  0.008576 0.748762 1 79 1.000000
lowpoly_plastic
0  -4.078847 9.570805 -12.151038  0.820511 0.556483 -0.130726  0.008576 0.748762 1 79 1.000000
0  -4.003308 9.459385 -12.151212  0.820511 0.556483 -0.130726  0.008576 0.748762 1 79 1.000000
0  -4.109587 9.459385 -12.818278  0.820511 0.556483 -0.130726  0.008576 0.748762 1 79 1.000000
lowpoly_plastic
0  -3.462424 9.537376 -15.166174  0.756126 -0.654383 0.007479  0.008576 0.748762 1 79 1.000000
0  -3.462423 9.563935 -12.842662  0.756126 -0.654383 0.007479  0.008576 0.748762 1 79 1.000000
0  -3.558850 9.452517 -12.842539  0.756126 -0.654383 0.007479  0.008576 0.748762 1 79 1.000000
lowpoly_plastic
0  -4.272912 9.537376 -15.166174  -0.756145 -0.654361 0.007481  0.008576 0.748762 1 79 1.000000
0  -4.176485 9.425964 -15.164903  -0.756145 -0.654361 0.007481  0.008576 0.748762 1 79 1.000000
0  -4.176484 9.452517 -12.842539  -0.756145 -0.654361 0.007481  0.008576 0.748762 1 79 1.000000
lowpoly_plastic
0  -3.672830 8.578188 -19.606371  0.000000 -0.973745 0.227643  0.008576 0.748762 1 79 1.000000
0  -3.618951 8.578188 -19.606371  0.000000 -0.973745 0.227643  0.008576 0.748762 1 79 1.000000
0  -3.618951 8.707367 -19.053806  -0.000155 -0.974243 0.225500  0.008576 0.748762 1 79 1.000000
lowpoly_plastic
0  -3.462424 10.971342 -15.182536  1.000000 0.000000 -0.000000  0.008576 0.748762 1 79 1.000000
0  -3.462423 10.997972 -12.844251  1.000000 0.000000 -0.000000  0.008576 0.748762 1 79 1.000000
0  -3.462423 10.014074 -12.843161  1.000000 0.000000 -0.000000  0.008576 0.748762 1 79 1.000000
lowpoly_plastic
0  -4.078847 9.570805 -12.151038  0.987545 0.000245 -0.157337  0.008576 0.748762 1 79 1.000000
0  -4.185125 9.570805 -12.818106  0.987545 0.000245 -0.157337  0.008576 0.748762 1 79 1.000000
0  -4.185125 10.020948 -12.817404  0.987545 0.000245 -0.157337  0.008576 0.748762 1 79 1.000000
lowpoly_plastic
0  -4.080925 10.779190 -17.499134  -1.000000 -0.000001 0.000000  0.008576 0.748762 1 79 1.000000
0  -4.080925 10.924812 -16.344177  -1.000000 -0.000001 0.000000  0.008576 0.748762 1 79 1.000000
0  -4.080925 11.015437 -16.356693  -1.000000 -0.000001 0.000000  0.008576 0.748762 1 79 1.000000
lowpoly_plastic
0  -3.652966 10.322666 -11.937243  -0.232558 -0.002184 0.972580  0.008576 0.748762 1 79 1.000000
0  -3.652966 11.004482 -11.935712  -0.232558 -0.002184 0.972580  0.008576 0.748762 1 79 1.000000
0  -3.705285 11.004482 -11.948223  -0.232558 -0.002184 0.972580  0.008576 0.748762 1 79 1.000000
lowpoly_plastic
0  -4.078847 10.020948 -12.150337  0.191964 -0.564670 0.802681  0.008576 0.748762 1 79 1.000000
0  -4.030049 10.322666 -11.949755  0.191964 -0.564670 0.802681  0.008576 0.748762 1 79 1.000000
0  -4.082368 10.322666 -11.937243  0.000076 -0.576886 0.816824  0.008576 0.748762 1 79 1.000000
lowpoly_plastic
0  -4.185127 10.779190 -17.499134  0.000000 0.975876 -0.218324  0.008576 0.748762 1 79 1.000000
0  -4.185127 10.512613 -18.690689  0.000000 0.975876 -0.218324  0.008576 0.748762 1 79 1.000000
0  -4.272913 10.512613 -18.690689  0.000001 0.977249 -0.212098  0.008576 0.748762 1 79 1.000000
lowpoly_plastic
0  -3.462424 10.713722 -17.492653  1.000000 -0.000002 0.000000  0.008576 0.748762 1 79 1.000000
0  -3.462424 10.447789 -18.678547  1.000000 -0.000002 0.000000  0.008576 0.748762 1 79 1.000000
0  -3.462424 10.512613 -18.690689  1.000000 -0.000002 0.000000  0.008576 0.748762 1 79 1.000000
lowpoly_plastic
0  -3.550210 10.512613 -18.690689  0.000000 0.220531 0.975380  0.863264 0.820637 1 79 1.000000
0  -3.462424 10.512613 -18.690689  0.000000 0.220531 0.975380  0.863264 0.820637 1 79 1.000000
0  -3.435604 10.539406 -18.696747  0.000000 0.220531 0.975380  0.863264 0.820637 1 79 1.000000
lowpoly_plastic
0  -4.272913 10.713722 -17.492653  -1.000000 0.000012 0.000000  0.008576 0.748762 1 79 1.000000
0  -4.272913 10.779190 -17.499134  -1.000000 0.000012 0.000000  0.008576 0.748762 1 79 1.000000
0  -4.272913 10.512613 -18.690689  -1.000000 0.000012 0.000000  0.008576 0.748762 1 79 1.000000
lowpoly_plastic
0  -3.654411 10.348263 -19.417599  -0.086204 -0.134920 -0.987099  0.863264 0.820637 1 79 1.000000
0  -3.654411 10.438888 -19.430115  -0.086204 -0.134920 -0.987100  0.863264 0.820637 1 79 1.000000
0  -3.626559 10.464659 -19.435940  -0.086204 -0.134920 -0.987099  0.863264 0.820637 1 79 1.000000
lowpoly_plastic
0  -4.062507 8.578188 -19.606371  0.000000 -0.179760 -0.983710  0.008576 0.748762 1 79 1.000000
0  -4.116385 8.578188 -19.606371  0.000000 -0.179760 -0.983710  0.008576 0.748762 1 79 1.000000
0  -4.109588 8.646502 -19.618855  0.000000 -0.179760 -0.983710  0.008576 0.748762 1 79 1.000000
lowpoly_plastic
0  -4.116385 9.117169 -17.334633  0.000000 -0.972651 0.232273  0.008576 0.748762 1 79 1.000000
0  -4.116385 8.866955 -18.382420  0.000000 -0.972651 0.232273  0.008576 0.748762 1 79 1.000000
0  -4.062507 8.866955 -18.382420  0.000000 -0.972651 0.232273  0.008576 0.748762 1 79 1.000000
lowpoly_plastic
0  -4.272912 9.741001 -17.396378  -1.000000 -0.000001 0.000000  0.008576 0.748762 1 79 1.000000
0  -4.272913 10.713722 -17.492653  -1.000000 -0.000001 0.000000  0.008576 0.748762 1 79 1.000000
0  -4.272913 10.447789 -18.678547  -1.000000 -0.000001 0.000000  0.008576 0.748762 1 79 1.000000
lowpoly_plastic
0  -4.272913 10.348263 -19.417599  0.001327 -0.217198 -0.976126  0.863264 0.820637 1 79 1.000000
0  -4.272913 10.283628 -19.403269  0.001327 -0.217198 -0.976126  0.863264 0.820637 1 79 1.000000
0  -4.311303 10.283628 -19.403269  0.001327 -0.217198 -0.976126  0.863264 0.820637 1 79 1.000000
lowpoly_plastic
0  -4.272913 9.323269 -19.190353  -0.002610 -0.216663 -0.976243  0.863264 0.820637 1 79 1.000000
0  -4.272912 8.883901 -19.092945  -0.002610 -0.216663 -0.976243  0.863264 0.820637 1 79 1.000000
0  -4.308838 8.870730 -19.089825  -0.002610 -0.216664 -0.976243  0.863264 0.820637 1 79 1.000000
lowpoly_plastic
0  -3.618951 8.866955 -18.382420  0.001016 0.229117 0.973398  0.863264 0.820637 1 79 1.000000
0  -3.672829 8.866955 -18.382420  0.000000 0.231230 0.972899  0.863264 0.820637 1 79 1.000000
0  -3.672829 8.829605 -18.373543  0.000000 0.231230 0.972899  0.863264 0.820637 1 79 1.000000
lowpoly_plastic
0  -3.462424 9.741001 -17.396378  1.000000 -0.000000 0.000000  0.008576 0.748762 1 79 1.000000
0  -3.462424 9.484646 -18.498127  1.000000 -0.000000 0.000000  0.008576 0.748762 1 79 1.000000
0  -3.462424 10.447789 -18.678547  1.000000 -0.000000 0.000000  0.008576 0.748762 1 79 1.000000
lowpoly_plastic
0  -3.462424 9.044003 -18.415585  0.750782 -0.641927 0.155744  0.008576 0.748762 1 79 1.000000
0  -3.462424 9.295977 -17.352329  0.752741 -0.640496 0.152139  0.008576 0.748762 1 79 1.000000
0  -3.558851 9.185823 -17.341427  0.755537 -0.637298 0.151707  0.008576 0.748762 1 79 1.000000
lowpoly_plastic
0  -3.867668 8.829605 -18.373543  0.000000 -0.972893 0.231256  0.897248 0.822590 1 79 1.000000
0  -3.867668 8.670017 -19.044930  0.002253 -0.972890 0.231256  0.897248 0.822590 1 79 1.000000
0  -3.736783 8.670017 -19.044930  -0.000000 -0.972403 0.233308  0.897248 0.822590 1 79 1.000000
lowpoly_plastic
0  -3.424033 10.447789 -18.678547  0.992640 0.118160 -0.026525  0.897248 0.822590 1 79 1.000000
0  -3.424033 10.283628 -19.403269  0.992640 0.118160 -0.026525  0.897248 0.822590 1 79 1.000000
0  -3.435242 10.374706 -19.423576  0.992640 0.118160 -0.026525  0.897248 0.822590 1 79 1.000000
lowpoly_plastic
0  -4.185127 10.550058 -18.699156  -0.096273 0.970803 -0.219713  0.897248 0.822590 1 79 1.000000
0  -4.185127 10.385708 -19.426064  -0.096273 0.970803 -0.219713  0.897248 0.822590 1 79 1.000000
0  -4.300095 10.374706 -19.423576  -0.096249 0.972184 -0.213529  0.897248 0.822590 1 79 1.000000
lowpoly_plastic
0  -3.998554 8.829605 -18.373543  0.000000 -0.972893 0.231254  0.897248 0.822590 1 79 1.000000
0  -3.998554 8.670017 -19.044930  0.000000 -0.972893 0.231254  0.897248 0.822590 1 79 1.000000
0  -3.867668 8.670017 -19.044930  -0.000000 -0.972348 0.233539  0.897248 0.822590 1 79 1.000000
lowpoly_plastic
0  -3.426329 9.031275 -18.412571  0.999986 -0.005225 0.000990  0.897248 0.822590 1 79 1.000000
0  -3.426498 8.870730 -19.089825  0.999986 -0.005225 0.000990  0.897248 0.822590 1 79 1.000000
0  -3.424033 9.323269 -19.190353  0.999986 -0.005225 0.000990  0.897248 0.822590 1 79 1.000000
lowpoly_plastic
0  -4.062507 8.829605 -18.373543  0.000000 -0.972894 0.231252  0.897248 0.822590 1 79 1.000000
0  -4.062507 8.670017 -19.044930  0.000000 -0.972894 0.231252  0.897248 0.822590 1 79 1.000000
0  -3.998554 8.670017 -19.044930  0.000000 -0.972894 0.231252  0.897248 0.822590 1 79 1.000000
lowpoly_plastic
0  -4.309006 9.031275 -18.412571  -0.999988 -0.004851 0.001132  0.897248 0.822590 1 79 1.000000
0  -4.311303 9.484646 -18.498127  -0.999988 -0.004851 0.001132  0.897248 0.822590 1 79 1.000000
0  -4.311303 9.323269 -19.190353  -0.999988 -0.004851 0.001132  0.897248 0.822590 1 79 1.000000
lowpoly_plastic
0  -3.435242 10.374706 -19.423576  0.095945 0.972217 -0.213515  0.897248 0.822590 1 79 1.000000
0  -3.550210 10.385708 -19.426064  0.096274 0.970803 -0.219713  0.897248 0.822590 1 79 1.000000
0  -3.550210 10.550058 -18.699156  0.096274 0.970803 -0.219713  0.897248 0.822590 1 79 1.000000
lowpoly_plastic
0  -3.672829 8.670017 -19.044930  0.049679 -0.971670 0.231062  0.897248 0.822590 1 79 1.000000
0  -3.603075 8.673360 -19.045727  0.047576 -0.971775 0.231062  0.897248 0.822590 1 79 1.000000
0  -3.602834 8.833055 -18.374367  0.049893 -0.972177 0.228873  0.897248 0.822590 1 79 1.000000
lowpoly_plastic
0  -4.205480 8.750665 -19.063028  -0.733040 -0.661084 0.160064  0.897248 0.822590 1 79 1.000000
0  -4.132262 8.673360 -19.045727  -0.734765 -0.660120 0.156083  0.897248 0.822590 1 79 1.000000
0  -4.132502 8.833055 -18.374367  -0.733488 -0.661632 0.155687  0.897248 0.822590 1 79 1.000000
lowpoly_plastic
0  -3.550210 10.385708 -19.426064  -0.144231 0.965428 -0.217133  0.897248 0.822590 1 79 1.000000
0  -3.628031 10.375467 -19.423750  -0.137931 0.966303 -0.217333  0.897248 0.822590 1 79 1.000000
0  -3.626559 10.538383 -18.696518  -0.144216 0.964029 -0.223271  0.897248 0.822590 1 79 1.000000
lowpoly_plastic
0  -3.867668 10.640684 -18.711674  -0.046668 0.974109 -0.221209  0.897248 0.822590 1 79 1.000000
0  -3.867668 10.476334 -19.438580  -0.047170 0.975478 -0.214981  0.897248 0.822590 1 79 1.000000
0  -4.108778 10.464659 -19.435940  -0.046687 0.975495 -0.215009  0.897248 0.822590 1 79 1.000000
lowpoly_plastic
0  -4.311303 10.447789 -18.678547  -0.992624 0.118293 -0.026535  0.897248 0.822590 1 79 1.000000
0  -4.299732 10.539406 -18.696747  -0.992624 0.118293 -0.026535  0.897248 0.822590 1 79 1.000000
0  -4.300095 10.374706 -19.423576  -0.992624 0.118293 -0.026535  0.897248 0.822590 1 79 1.000000
lowpoly_plastic
0  -4.132502 8.833055 -18.374367  -0.049779 -0.971667 0.231053  0.897248 0.822590 1 79 1.000000
0  -4.132262 8.673360 -19.045727  -0.047724 -0.971767 0.231066  0.897248 0.822590 1 79 1.000000
0  -4.062507 8.670017 -19.044930  -0.049779 -0.971667 0.231053  0.897248 0.822590 1 79 1.000000
lowpoly_plastic
0  -4.311303 9.484646 -18.498127  -1.000000 0.000001 0.000000  0.897248 0.822590 1 79 1.000000
0  -4.311303 10.447789 -18.678547  -1.000000 0.000001 0.000000  0.897248 0.822590 1 79 1.000000
0  -4.311303 10.283628 -19.403269  -1.000000 0.000001 0.000000  0.897248 0.822590 1 79 1.000000
lowpoly_plastic
0  -3.426498 8.870730 -19.089825  0.763342 -0.627845 0.152050  0.897248 0.822590 1 79 1.000000
0  -3.426329 9.031275 -18.412571  0.763232 -0.629384 0.146123  0.897248 0.822590 1 79 1.000000
0  -3.529856 8.910451 -18.389349  0.768014 -0.623168 0.147703  0.897248 0.822590 1 79 1.000000
lowpoly_plastic
0  -4.108778 10.538383 -18.696518  -1.000000 0.000030 -0.000003  0.897248 0.822590 1 79 1.000000
0  -4.107306 10.630443 -18.709358  -1.000000 0.000030 -0.000002  0.897248 0.822590 1 79 1.000000
0  -4.108778 10.464659 -19.435940  -1.000000 0.000030 -0.000003  0.897248 0.822590 1 79 1.000000
lowpoly_plastic
0  -4.108778 10.538383 -18.696518  0.144178 0.965437 -0.217127  0.897248 0.822590 1 79 1.000000
0  -4.107306 10.375467 -19.423750  0.137880 0.966314 -0.217318  0.897248 0.822590 1 79 1.000000
0  -4.185127 10.385708 -19.426064  0.144178 0.965437 -0.217127  0.897248 0.822590 1 79 1.000000
lowpoly_plastic
0  -3.424033 9.484646 -18.498127  1.000000 -0.000000 -0.000000  0.897248 0.822590 1 79 1.000000
0  -3.424033 9.323269 -19.190353  1.000000 -0.000000 -0.000000  0.897248 0.822590 1 79 1.000000
0  -3.424033 10.283628 -19.403269  1.000000 -0.000000 -0.000000  0.897248 0.822590 1 79 1.000000
lowpoly_plastic
0  -3.529857 8.750665 -19.063028  0.731862 -0.662714 0.158710  0.897248 0.822590 1 79 1.000000
0  -3.529856 8.910451 -18.389349  0.732986 -0.662569 0.154059  0.897248 0.822590 1 79 1.000000
0  -3.602834 8.833055 -18.374367  0.737535 -0.657073 0.155879  0.897248 0.822590 1 79 1.000000
lowpoly_plastic
0  -4.308838 8.870730 -19.089825  -0.763325 -0.627856 0.152090  0.897248 0.822590 1 79 1.000000
0  -4.205480 8.750665 -19.063028  -0.767195 -0.623825 0.149176  0.897248 0.822590 1 79 1.000000
0  -4.205480 8.910451 -18.389349  -0.766097 -0.626120 0.145149  0.897248 0.822590 1 79 1.000000
lowpoly_plastic
0  -3.626559 10.464659 -19.435940  0.045921 0.975526 -0.215035  0.897248 0.822590 1 79 1.000000
0  -3.867668 10.476334 -19.438580  0.053050 0.973907 -0.220662  0.897248 0.822590 1 79 1.000000
0  -3.867668 10.640684 -18.711674  0.047174 0.972663 -0.227380  0.897248 0.822590 1 79 1.000000
lowpoly_plastic
0  -3.626559 10.464659 -19.435940  1.000000 0.000027 -0.000002  0.897248 0.822590 1 79 1.000000
0  -3.628030 10.630443 -18.709358  1.000000 0.000027 -0.000003  0.897248 0.822590 1 79 1.000000
0  -3.626559 10.538383 -18.696518  1.000000 0.000027 -0.000003  0.897248 0.822590 1 79 1.000000
lowpoly_plastic
0  -3.736783 8.670017 -19.044930  0.002349 -0.972890 0.231257  0.897248 0.822590 1 79 1.000000
0  -3.672829 8.670017 -19.044930  0.000000 -0.972893 0.231257  0.897248 0.822590 1 79 1.000000
0  -3.672829 8.829605 -18.373543  0.000000 -0.972893 0.231257  0.897248 0.822590 1 79 1.000000
lowpoly_plastic
0  -3.462424 10.348263 -19.417599  0.004513 -0.216103 -0.976360  0.863264 0.820637 1 79 1.000000
0  -3.550210 10.348263 -19.417599  0.000000 -0.220500 -0.975387  0.863264 0.820637 1 79 1.000000
0  -3.550210 10.385708 -19.426064  0.000000 -0.220500 -0.975387  0.863264 0.820637 1 79 1.000000
lowpoly_plastic
0  -3.867668 10.438888 -19.430115  -0.006114 -0.218714 -0.975770  0.863264 0.820637 1 79 1.000000
0  -4.080925 10.438888 -19.430115  -0.004591 -0.216228 -0.976332  0.863264 0.820637 1 79 1.000000
0  -4.108778 10.464659 -19.435940  0.006369 -0.220182 -0.975438  0.863264 0.820637 1 79 1.000000
lowpoly_plastic
0  -4.080925 10.512613 -18.690689  -0.083619 0.137655 0.986944  0.863264 0.820637 1 79 1.000000
0  -4.080925 10.603238 -18.703205  -0.083619 0.137655 0.986944  0.863264 0.820637 1 79 1.000000
0  -4.107306 10.630443 -18.709358  -0.083619 0.137655 0.986944  0.863264 0.820637 1 79 1.000000
lowpoly_plastic
0  -3.462424 10.447789 -18.678547  0.000000 0.184121 0.982904  0.863264 0.820637 1 79 1.000000
0  -3.462424 9.484646 -18.498127  0.000000 0.184121 0.982904  0.863264 0.820637 1 79 1.000000
0  -3.424033 9.484646 -18.498127  0.000000 0.184121 0.982904  0.863264 0.820637 1 79 1.000000
lowpoly_plastic
0  -4.080925 10.603238 -18.703205  0.006376 0.220581 0.975348  0.863264 0.820637 1 79 1.000000
0  -3.867668 10.603238 -18.703205  0.000000 0.220585 0.975368  0.863264 0.820637 1 79 1.000000
0  -3.867668 10.640684 -18.711674  0.000000 0.220585 0.975368  0.863264 0.820637 1 79 1.000000
lowpoly_plastic
0  -3.672829 8.707367 -19.053806  0.000000 -0.231148 -0.972919  0.863264 0.820637 1 79 1.000000
0  -3.618951 8.707367 -19.053806  -0.002335 -0.231394 -0.972857  0.863264 0.820637 1 79 1.000000
0  -3.603075 8.673360 -19.045727  -0.001078 -0.229222 -0.973374  0.863264 0.820637 1 79 1.000000
lowpoly_plastic
0  -3.736783 8.707367 -19.053806  0.002253 -0.231217 -0.972899  0.863264 0.820637 1 79 1.000000
0  -3.672829 8.707367 -19.053806  0.000000 -0.231218 -0.972902  0.863264 0.820637 1 79 1.000000
0  -3.672829 8.670017 -19.044930  0.000000 -0.231218 -0.972902  0.863264 0.820637 1 79 1.000000
lowpoly_plastic
0  -3.462424 10.512613 -18.690689  0.012553 0.191268 0.981458  0.863264 0.820637 1 79 1.000000
0  -3.462424 10.447789 -18.678547  0.012553 0.191268 0.981458  0.863264 0.820637 1 79 1.000000
0  -3.424033 10.447789 -18.678547  0.012552 0.191269 0.981457  0.863264 0.820637 1 79 1.000000
lowpoly_plastic
0  -3.462424 9.323269 -19.190353  0.000000 -0.216448 -0.976294  0.863264 0.820637 1 79 1.000000
0  -3.462424 10.283628 -19.403269  0.000000 -0.216448 -0.976294  0.863264 0.820637 1 79 1.000000
0  -3.424033 10.283628 -19.403269  0.000000 -0.216448 -0.976294  0.863264 0.820637 1 79 1.000000
lowpoly_plastic
0  -4.272912 9.044003 -18.415585  0.008167 0.184803 0.982742  0.863264 0.820637 1 79 1.000000
0  -4.272912 9.484646 -18.498127  0.008168 0.184802 0.982742  0.863264 0.820637 1 79 1.000000
0  -4.311303 9.484646 -18.498127  0.008167 0.184803 0.982742  0.863264 0.820637 1 79 1.000000
lowpoly_plastic
0  -4.185127 10.512613 -18.690689  0.000000 0.220613 0.975362  0.863264 0.820637 1 79 1.000000
0  -4.080925 10.512613 -18.690689  0.000000 0.220613 0.975362  0.863264 0.820637 1 79 1.000000
0  -4.108778 10.538383 -18.696518  0.000000 0.220613 0.975362  0.863264 0.820637 1 79 1.000000
lowpoly_plastic
0  -3.618951 8.707367 -19.053806  0.008441 -0.223400 -0.974690  0.863264 0.820637 1 79 1.000000
0  -3.558851 8.775148 -19.068832  0.007334 -0.227622 -0.973722  0.863264 0.820637 1 79 1.000000
0  -3.529857 8.750665 -19.063028  0.005534 -0.223725 -0.974637  0.863264 0.820637 1 79 1.000000
lowpoly_plastic
0  -4.116385 8.866955 -18.382420  0.027060 0.209614 0.977410  0.863264 0.820637 1 79 1.000000
0  -4.176485 8.934935 -18.395153  0.023879 0.208194 0.977796  0.863264 0.820637 1 79 1.000000
0  -4.205480 8.910451 -18.389349  0.030102 0.207955 0.977675  0.863264 0.820637 1 79 1.000000
lowpoly_plastic
0  -4.272913 10.447789 -18.678547  -0.012579 0.191283 0.981454  0.863264 0.820637 1 79 1.000000
0  -4.272913 10.512613 -18.690689  -0.012579 0.191281 0.981455  0.863264 0.820637 1 79 1.000000
0  -4.299732 10.539406 -18.696747  -0.012579 0.191280 0.981455  0.863264 0.820637 1 79 1.000000
lowpoly_plastic
0  -3.558851 8.775148 -19.068832  0.007850 -0.219274 -0.975632  0.863264 0.820637 1 79 1.000000
0  -3.462424 8.883901 -19.092945  0.006517 -0.225582 -0.974202  0.863264 0.820637 1 79 1.000000
0  -3.426498 8.870730 -19.089825  0.001454 -0.222742 -0.974876  0.863264 0.820637 1 79 1.000000
lowpoly_plastic
0  -3.867668 8.707367 -19.053806  0.002253 -0.231226 -0.972897  0.863264 0.820637 1 79 1.000000
0  -3.736783 8.707367 -19.053806  0.000000 -0.233371 -0.972388  0.863264 0.820637 1 79 1.000000
0  -3.736783 8.670017 -19.044930  -0.002253 -0.231225 -0.972898  0.863264 0.820637 1 79 1.000000
lowpoly_plastic
0  -3.998554 8.866955 -18.382420  0.000000 0.231232 0.972899  0.863264 0.820637 1 79 1.000000
0  -4.062507 8.866955 -18.382420  0.000000 0.231232 0.972899  0.863264 0.820637 1 79 1.000000
0  -4.062507 8.829605 -18.373543  0.000000 0.231232 0.972899  0.863264 0.820637 1 79 1.000000
lowpoly_plastic
0  -3.736782 8.866955 -18.382420  -0.002253 0.231226 0.972897  0.863264 0.820637 1 79 1.000000
0  -3.867668 8.866955 -18.382420  0.000000 0.231226 0.972900  0.863264 0.820637 1 79 1.000000
0  -3.867668 8.829605 -18.373543  0.000000 0.231226 0.972900  0.863264 0.820637 1 79 1.000000
lowpoly_plastic
0  -3.998554 8.707367 -19.053806  0.000000 -0.231228 -0.972900  0.863264 0.820637 1 79 1.000000
0  -3.867668 8.707367 -19.053806  0.000000 -0.233466 -0.972365  0.863264 0.820637 1 79 1.000000
0  -3.867668 8.670017 -19.044930  -0.002253 -0.231227 -0.972897  0.863264 0.820637 1 79 1.000000
lowpoly_plastic
0  -4.062507 8.866955 -18.382420  0.000000 0.231111 0.972927  0.863264 0.820637 1 79 1.000000
0  -4.116385 8.866955 -18.382420  0.000000 0.231111 0.972927  0.863264 0.820637 1 79 1.000000
0  -4.132502 8.833055 -18.374367  0.000000 0.231111 0.972927  0.863264 0.820637 1 79 1.000000
lowpoly_plastic
0  -4.185127 10.348263 -19.417599  0.000000 -0.220495 -0.975388  0.863264 0.820637 1 79 1.000000
0  -4.272913 10.348263 -19.417599  -0.004514 -0.216099 -0.976361  0.863264 0.820637 1 79 1.000000
0  -4.300095 10.374706 -19.423576  0.006346 -0.219887 -0.975505  0.863264 0.820637 1 79 1.000000
lowpoly_plastic
0  -3.867668 8.866955 -18.382420  -0.002301 0.231226 0.972897  0.863264 0.820637 1 79 1.000000
0  -3.998554 8.866955 -18.382420  0.000000 0.231226 0.972900  0.863264 0.820637 1 79 1.000000
0  -3.998554 8.829605 -18.373543  0.000000 0.231226 0.972900  0.863264 0.820637 1 79 1.000000
lowpoly_plastic
0  -3.654411 10.603238 -18.703205  0.083652 0.137660 0.986941  0.863264 0.820637 1 79 1.000000
0  -3.654411 10.512613 -18.690689  0.083652 0.137660 0.986941  0.863264 0.820637 1 79 1.000000
0  -3.626559 10.538383 -18.696518  0.083652 0.137660 0.986941  0.863264 0.820637 1 79 1.000000
lowpoly_plastic
0  -4.176485 8.775148 -19.068832  -0.009676 -0.227564 -0.973715  0.863264 0.820637 1 79 1.000000
0  -4.116385 8.707367 -19.053806  -0.009108 -0.223685 -0.974619  0.863264 0.820637 1 79 1.000000
0  -4.132262 8.673360 -19.045727  -0.007674 -0.223794 -0.974606  0.863264 0.820637 1 79 1.000000
end
