version 1
nodes
0 "blender_implicit" -1
1 "ValveBiped.Bip01_Spine4" -1
2 "ValveBiped.Bip01_L_Clavicle" 1
3 "ValveBiped.Bip01_L_UpperArm" 2
4 "ValveBiped.Bip01_L_Forearm" 3
5 "ValveBiped.Bip01_L_Hand" 4
6 "ValveBiped.Bip01_L_Finger4" 5
7 "ValveBiped.Bip01_L_Finger41" 6
8 "ValveBiped.Bip01_L_Finger42" 7
9 "ValveBiped.Bip01_L_Finger3" 5
10 "ValveBiped.Bip01_L_Finger31" 9
11 "ValveBiped.Bip01_L_Finger32" 10
12 "ValveBiped.Bip01_L_Finger2" 5
13 "ValveBiped.Bip01_L_Finger21" 12
14 "ValveBiped.Bip01_L_Finger22" 13
15 "ValveBiped.Bip01_L_Finger1" 5
16 "ValveBiped.Bip01_L_Finger11" 15
17 "ValveBiped.Bip01_L_Finger12" 16
18 "ValveBiped.Bip01_L_Finger0" 5
19 "ValveBiped.Bip01_L_Finger01" 18
20 "ValveBiped.Bip01_L_Finger02" 19
21 "ValveBiped.Bip01_L_Ulna" 4
22 "ValveBiped.Bip01_L_Wrist" 4
23 "rig_l_upperarm" 2
24 "rig_l_forearm" 23
25 "rig_d_l_forearm" 24
26 "rig_d_l_upperarm" 23
27 "ValveBiped.Bip01_R_Clavicle" 1
28 "ValveBiped.Bip01_R_UpperArm" 27
29 "ValveBiped.Bip01_R_Forearm" 28
30 "ValveBiped.Bip01_R_Hand" 29
31 "ValveBiped.Bip01_R_Finger4" 30
32 "ValveBiped.Bip01_R_Finger41" 31
33 "ValveBiped.Bip01_R_Finger42" 32
34 "ValveBiped.Bip01_R_Finger3" 30
35 "ValveBiped.Bip01_R_Finger31" 34
36 "ValveBiped.Bip01_R_Finger32" 35
37 "ValveBiped.Bip01_R_Finger2" 30
38 "ValveBiped.Bip01_R_Finger21" 37
39 "ValveBiped.Bip01_R_Finger22" 38
40 "ValveBiped.Bip01_R_Finger1" 30
41 "ValveBiped.Bip01_R_Finger11" 40
42 "ValveBiped.Bip01_R_Finger12" 41
43 "ValveBiped.Bip01_R_Finger0" 30
44 "ValveBiped.Bip01_R_Finger01" 43
45 "ValveBiped.Bip01_R_Finger02" 44
46 "ValveBiped.Bip01_R_Ulna" 29
47 "ValveBiped.Bip01_R_Wrist" 29
48 "rig_r_upperarm" 27
49 "rig_r_forearm" 48
50 "rig_d_r_forearm" 49
51 "rig_d_r_upperarm" 48
52 "rig_r_hand" -1
53 "rig_d_r_hand" 52
54 "rig_d_r_wrist" 53
55 "rig_l_hand" -1
56 "rig_d_l_hand" 55
57 "rig_d_l_wrist" 55
58 "rig_l_pole" -1
59 "rig_r_pole" -1
60 "rig_l_clavicle" -1
61 "rig_d_l_clavicle" 60
62 "rig_r_clavicle" -1
63 "rig_d_r_clavicle" 62
64 "Camera" -1
65 "body" -1
66 "trigger" 65
67 "boltprot" 65
68 "bolt" 67
69 "hammer" 67
70 "magrel" 65
71 "mag" -1
72 "round1" 71
73 "round2" 71
74 "round3" 71
end
skeleton
time 0
0  0 0 0  0 0 0
1  0.000006 0.000000 0.000000  -1.570800 -1.391899 -1.570792
2  -8.138873 1.780375 1.937664  -1.544956 -1.855077 -0.198630
3  6.027518 -0.000330 0.000193  -0.924808 -1.015339 0.016599
4  11.692106 0.000645 -0.000742  -1.471402 -0.000040 -1.762152
5  11.480258 0.000687 -0.000517  -0.422310 -1.179591 0.549916
6  3.859509 -0.142879 -1.192048  -0.468164 0.151540 -0.880272
7  1.312592 0.000013 0.000008  -0.000026 0.000045 -0.439738
8  0.729356 0.000054 0.000049  0.000017 0.000021 -0.244318
9  3.942144 0.046274 -0.431512  -0.151810 0.073212 -0.811101
10  1.539112 0.000081 0.000005  -0.000007 0.000021 -0.247841
11  1.196332 0.000144 0.000030  0.000012 0.000019 -0.430771
12  3.883505 -0.047269 0.431382  0.085898 0.021851 -0.587925
13  1.719572 -0.000029 0.000015  0.000015 0.005519 -0.366533
14  1.209178 0.000094 0.000011  0.000004 0.003092 -0.216437
15  3.859663 -0.138474 1.332410  0.354468 -0.042725 -0.531804
16  1.719446 -0.000013 0.000021  0.000029 0.004070 -0.363021
17  1.099675 0.000049 0.000005  0.000003 0.002579 -0.244381
18  0.805995 -0.349048 1.321253  -1.757415 -0.987788 -0.520794
19  1.789819 -0.000002 -0.000017  0.001427 -0.012089 0.232949
20  1.207017 -0.000012 -0.000043  -0.014120 -0.142879 0.023529
21  5.740636 0.000410 -0.000702  -0.178207 0.000003 0.000071
22  11.481058 0.000354 -0.000764  -0.242788 -0.235510 -0.147742
23  6.027523 -0.000330 0.000203  -1.434400 -2.601344 -0.244195
24  0.000001 11.692100 -0.000008  -1.183492 -0.627140 -0.899018
25  0.000003 0.000009 -0.000001  -0.602294 -0.000031 1.570739
26  -0.000000 -0.000012 -0.000002  0.868957 0.000002 1.570712
27  -5.843360 -7.961716 2.089273  1.473120 1.855075 -0.198639
28  6.027507 -0.000261 -0.000228  1.810443 0.578085 -0.430774
29  11.691992 0.000243 0.000857  0.141449 0.000058 -1.670866
30  11.479053 -0.001014 0.000975  -1.737743 -0.829250 0.726637
31  3.859436 -0.132788 1.193061  0.419753 0.064214 -1.630733
32  1.312558 0.000025 0.000000  0.018650 -0.111950 -0.566450
33  0.729345 0.000068 -0.000028  -0.136092 -0.130379 -0.745071
34  3.942047 0.050108 0.430998  0.227728 0.017433 -1.395883
35  1.539097 0.000006 0.000000  0.033374 -0.057010 -0.978694
36  1.196301 0.000076 -0.000003  -0.008681 -0.024216 -0.882959
37  3.883411 -0.050502 -0.431086  0.220900 -0.070369 -1.119647
38  1.719565 -0.000082 -0.000003  0.013025 -0.077950 -1.452999
39  1.209197 0.000035 0.000011  0.008192 -0.000795 -0.494142
40  3.859585 -0.149112 -1.331322  -0.144133 0.068146 -0.137838
41  1.719413 -0.000097 -0.000033  -0.015109 -0.000174 -1.071001
42  1.099674 0.000026 0.000005  -0.004386 -0.008133 -0.862854
43  0.805979 -0.359854 -1.318338  0.974252 0.268925 -0.894612
44  1.789779 -0.000008 -0.000042  0.001484 -0.011936 0.235362
45  1.206997 -0.000006 0.000005  0.001538 -0.000068 1.118076
46  5.740571 0.000056 0.000723  0.009427 -0.000014 0.000021
47  11.480753 -0.000166 0.000944  0.029400 -0.190208 0.109455
48  6.027514 -0.000274 -0.000237  -0.629880 -0.382779 -1.735847
49  -0.000002 11.691975 -0.000006  -1.129919 0.573175 0.870347
50  0.000004 -0.000000 -0.000000  2.413975 -0.000041 1.570856
51  -0.000007 -0.000016 0.000005  2.272644 -0.000030 1.570865
52  -7.149668 -6.288994 -6.909220  2.539252 0.459798 -0.906807
53  -0.000000 0.000000 -0.000000  0.008153 -0.000259 0.000009
54  0.000000 -0.000001 0.000000  1.565115 0.043565 -0.106862
55  3.298253 -13.099670 -15.928976  -1.134057 0.434322 -1.508818
56  0.000002 -0.000000 0.000001  0.000000 -0.000000 -0.000002
57  0.000031 0.000029 0.000001  -1.571901 -0.044449 -0.106509
58  8.426761 -19.544212 -16.568478  1.570796 -0.000000 0.000000
59  -15.417985 2.938832 -17.970421  1.570796 -0.000000 0.000000
60  1.941978 -0.304065 -8.327020  1.570796 -0.000000 0.000000
61  -0.004311 0.001229 -0.000371  0.006898 -0.005534 -0.284229
62  2.089273 8.874444 -4.333363  1.570796 -0.000000 0.000000
63  0.000000 0.000000 0.000000  -0.078727 -3.136056 0.284226
64  1.000000 0.000000 -0.750000  1.570796 -0.000000 0.000000
65  0.531668 -10.436199 -6.905642  2.108116 0.535857 0.826234
66  0.000002 -2.923558 -1.408042  0.000000 -0.000000 -0.000000
67  -0.000002 -0.601198 -2.062164  0.000000 -0.000000 -0.000000
68  0.004380 -0.039407 6.613115  0.000000 -0.000000 -0.000000
69  0.000002 -0.021787 -0.115848  0.000000 -0.000000 -0.000000
70  0.000002 -3.304881 0.259168  0.000000 -0.000000 -0.000000
71  1.836597 -14.073740 -9.921252  2.108116 0.535857 0.826234
72  0.057100 0.204433 -2.709597  0.000000 -0.000000 -0.000000
73  0.111673 -0.283001 -2.709597  0.000000 -0.000000 -0.000000
74  -0.128218 -0.750370 -2.709596  0.000000 -0.000000 -0.000000
time 1
0  0 0 0  0 0 0
1  0.000006 0.000000 0.000000  -1.570800 -1.391899 -1.570792
2  -8.138873 1.780375 1.937664  -1.544956 -1.855077 -0.198630
3  6.027518 -0.000330 0.000193  -0.928068 -1.010527 -0.002086
4  11.692106 0.000645 -0.000740  -1.471402 -0.000040 -1.760842
5  11.480272 0.000688 -0.000509  -0.388340 -1.180100 0.539526
6  3.859511 -0.142879 -1.192049  -0.468164 0.151540 -0.880272
7  1.312589 0.000011 0.000007  -0.000026 0.000045 -0.439738
8  0.729355 0.000054 0.000049  0.000017 0.000021 -0.244318
9  3.942146 0.046274 -0.431512  -0.151810 0.073212 -0.811101
10  1.539110 0.000085 0.000005  -0.000007 0.000021 -0.247841
11  1.196332 0.000144 0.000029  0.000012 0.000019 -0.430771
12  3.883506 -0.047269 0.431382  0.085898 0.021851 -0.587925
13  1.719572 -0.000025 0.000016  0.000015 0.005519 -0.366533
14  1.209179 0.000092 0.000012  0.000004 0.003092 -0.216437
15  3.859665 -0.138474 1.332410  0.354468 -0.042725 -0.531804
16  1.719448 -0.000009 0.000022  0.000029 0.004070 -0.363021
17  1.099673 0.000048 0.000006  0.000003 0.002579 -0.244381
18  0.805995 -0.349049 1.321253  -1.757415 -0.987788 -0.520794
19  1.789819 -0.000004 -0.000018  0.001427 -0.012089 0.232949
20  1.207016 -0.000012 -0.000043  -0.014120 -0.142879 0.023529
21  5.740637 0.000411 -0.000703  -0.178947 0.000003 0.000070
22  11.481063 0.000353 -0.000761  -0.238895 -0.235012 -0.145152
23  6.027523 -0.000330 0.000203  -1.430993 -2.597146 -0.267405
24  0.000001 11.692099 -0.000007  -1.182723 -0.626357 -0.898623
25  0.000004 0.000007 -0.000000  -0.602294 -0.000031 1.570739
26  -0.000001 -0.000011 -0.000001  0.868957 0.000002 1.570712
27  -5.843360 -7.961716 2.089273  1.473120 1.855075 -0.198639
28  6.027507 -0.000261 -0.000228  1.815962 0.577745 -0.429587
29  11.691991 0.000242 0.000855  0.141449 0.000059 -1.676396
30  11.479021 -0.001029 0.000980  -1.739205 -0.826815 0.735464
31  3.859436 -0.132788 1.193063  0.419753 0.064213 -1.630733
32  1.312557 0.000024 -0.000001  0.018650 -0.111950 -0.566450
33  0.729344 0.000066 -0.000029  -0.136092 -0.130379 -0.745071
34  3.942047 0.050108 0.430998  0.227728 0.017433 -1.395883
35  1.539096 0.000005 0.000001  0.033374 -0.057010 -0.978694
36  1.196299 0.000077 -0.000004  -0.008681 -0.024216 -0.882959
37  3.883411 -0.050503 -0.431086  0.220900 -0.070369 -1.119647
38  1.719563 -0.000080 -0.000002  0.013025 -0.077950 -1.452999
39  1.209198 0.000035 0.000011  0.008192 -0.000795 -0.494142
40  3.859585 -0.149112 -1.331322  -0.144133 0.068146 -0.137838
41  1.719413 -0.000099 -0.000036  -0.015109 -0.000174 -1.071001
42  1.099673 0.000025 0.000007  -0.004386 -0.008133 -0.862854
43  0.805979 -0.359854 -1.318337  0.974252 0.268925 -0.894612
44  1.789779 -0.000006 -0.000042  0.001484 -0.011936 0.235362
45  1.206996 -0.000005 0.000005  0.001538 -0.000068 1.118076
46  5.740572 0.000055 0.000725  0.010179 -0.000014 0.000021
47  11.480749 -0.000171 0.000946  0.029654 -0.189802 0.111052
48  6.027514 -0.000274 -0.000237  -0.628228 -0.378404 -1.738289
49  -0.000003 11.691974 -0.000006  -1.133158 0.576406 0.872157
50  0.000003 -0.000002 0.000000  2.413975 -0.000041 1.570856
51  -0.000007 -0.000016 0.000005  2.272644 -0.000030 1.570865
52  -7.162530 -6.241455 -6.832222  2.537794 0.457872 -0.913655
53  -0.000000 -0.000000 -0.000001  0.008153 -0.000259 0.000009
54  -0.000000 -0.000000 0.000001  1.565115 0.043565 -0.106862
55  3.244234 -13.137741 -15.834492  -1.134043 0.431993 -1.515014
56  -0.000000 0.000001 0.000000  0.000000 -0.000000 -0.000002
57  0.000030 0.000029 0.000001  -1.571901 -0.044449 -0.106509
58  8.426761 -19.544212 -16.568478  1.570796 -0.000000 0.000000
59  -15.417985 2.938832 -17.970421  1.570796 -0.000000 0.000000
60  1.941978 -0.304065 -8.327020  1.570796 -0.000000 0.000000
61  -0.004311 0.001229 -0.000371  0.006898 -0.005534 -0.284229
62  2.089273 8.874444 -4.333363  1.570796 -0.000000 0.000000
63  0.000000 0.000000 0.000000  -0.078727 -3.136056 0.284226
64  1.000000 0.000000 -0.750000  1.571033 0.000316 -0.000117
65  0.492935 -10.436199 -6.817804  2.106149 0.537458 0.819026
66  0.000002 -2.923558 -1.408042  0.000000 0.000000 -0.000000
67  -0.000002 -0.601197 -2.062165  0.000000 0.000000 -0.000000
68  0.004381 -0.039407 6.613115  0.000000 0.000000 -0.000000
69  0.000002 -0.021787 -0.115849  0.000000 0.000000 -0.000000
70  0.000002 -3.304881 0.259169  0.000000 0.000000 -0.000000
71  1.775708 -14.088760 -9.824752  2.106149 0.537458 0.819026
72  0.057100 0.204433 -2.709596  0.000000 0.000000 -0.000000
73  0.111672 -0.283001 -2.709596  0.000000 0.000000 -0.000000
74  -0.128217 -0.750370 -2.709596  0.000000 0.000000 -0.000000
time 2
0  0 0 0  0 0 0
1  0.000006 0.000000 0.000000  -1.570800 -1.391899 -1.570792
2  -8.138873 1.780375 1.937664  -1.544956 -1.855077 -0.198630
3  6.027518 -0.000330 0.000193  -0.937593 -0.998083 -0.052752
4  11.692105 0.000644 -0.000739  -1.471402 -0.000039 -1.757003
5  11.480306 0.000691 -0.000485  -0.294432 -1.180123 0.511487
6  3.859510 -0.142879 -1.192050  -0.468164 0.151540 -0.880272
7  1.312592 0.000011 0.000009  -0.000026 0.000045 -0.439738
8  0.729356 0.000054 0.000050  0.000017 0.000021 -0.244318
9  3.942143 0.046273 -0.431512  -0.151810 0.073212 -0.811101
10  1.539112 0.000083 0.000005  -0.000007 0.000021 -0.247841
11  1.196333 0.000149 0.000029  0.000012 0.000019 -0.430771
12  3.883505 -0.047269 0.431382  0.085898 0.021851 -0.587925
13  1.719570 -0.000029 0.000015  0.000015 0.005519 -0.366533
14  1.209178 0.000092 0.000011  0.000004 0.003092 -0.216437
15  3.859662 -0.138475 1.332410  0.354468 -0.042725 -0.531804
16  1.719449 -0.000012 0.000023  0.000029 0.004070 -0.363021
17  1.099674 0.000051 0.000006  0.000003 0.002579 -0.244381
18  0.805994 -0.349050 1.321253  -1.757415 -0.987788 -0.520794
19  1.789819 -0.000003 -0.000018  0.001427 -0.012089 0.232949
20  1.207014 -0.000011 -0.000043  -0.014120 -0.142879 0.023529
21  5.740636 0.000411 -0.000703  -0.180636 0.000003 0.000070
22  11.481069 0.000354 -0.000758  -0.228175 -0.233573 -0.137782
23  6.027523 -0.000330 0.000203  -1.421300 -2.586531 -0.331172
24  0.000003 11.692101 -0.000006  -1.180470 -0.624064 -0.897464
25  0.000005 0.000008 -0.000002  -0.602294 -0.000030 1.570739
26  -0.000000 -0.000011 -0.000000  0.868957 0.000002 1.570712
27  -5.843360 -7.961716 2.089273  1.473120 1.855075 -0.198639
28  6.027507 -0.000261 -0.000228  1.830494 0.576352 -0.426606
29  11.691991 0.000243 0.000856  0.141449 0.000060 -1.692139
30  11.480663 -0.000103 0.000846  -1.741119 -0.819093 0.758661
31  3.859437 -0.132788 1.193062  0.419753 0.064213 -1.630733
32  1.312558 0.000026 -0.000000  0.018650 -0.111950 -0.566450
33  0.729345 0.000066 -0.000028  -0.136092 -0.130379 -0.745071
34  3.942047 0.050109 0.430997  0.227728 0.017432 -1.395883
35  1.539097 0.000006 0.000000  0.033374 -0.057010 -0.978694
36  1.196300 0.000076 -0.000004  -0.008681 -0.024216 -0.882959
37  3.883412 -0.050502 -0.431087  0.220900 -0.070369 -1.119647
38  1.719562 -0.000080 -0.000004  0.013025 -0.077950 -1.452999
39  1.209196 0.000036 0.000011  0.008192 -0.000795 -0.494142
40  3.859585 -0.149111 -1.331323  -0.144133 0.068146 -0.137838
41  1.719412 -0.000098 -0.000034  -0.015109 -0.000173 -1.071001
42  1.099673 0.000025 0.000006  -0.004386 -0.008133 -0.862854
43  0.805979 -0.359854 -1.318338  0.974252 0.268925 -0.894612
44  1.789779 -0.000008 -0.000042  0.001484 -0.011936 0.235362
45  1.206997 -0.000005 0.000006  0.001538 -0.000068 1.118076
46  5.740572 0.000055 0.000725  0.012730 -0.000014 0.000021
47  11.481076 0.000015 0.000919  0.030560 -0.188385 0.115441
48  6.027514 -0.000274 -0.000237  -0.623454 -0.366981 -1.744974
49  -0.000000 11.691974 -0.000006  -1.142381 0.585632 0.877259
50  0.000004 -0.000002 -0.000000  2.413975 -0.000041 1.570856
51  -0.000006 -0.000016 0.000006  2.272644 -0.000030 1.570865
52  -7.193957 -6.105743 -6.628917  2.534944 0.451824 -0.932751
53  0.000000 0.000000 0.000001  0.008153 -0.000259 0.000009
54  0.000000 0.000000 -0.000000  1.565115 0.043565 -0.106862
55  3.101998 -13.243875 -15.569876  -1.132609 0.425557 -1.532262
56  -0.000002 0.000000 0.000000  0.000000 -0.000000 -0.000002
57  0.000029 0.000030 0.000001  -1.571901 -0.044449 -0.106509
58  8.426761 -19.544212 -16.568478  1.570796 -0.000000 0.000000
59  -15.417985 2.938832 -17.970421  1.570796 -0.000000 0.000000
60  1.941978 -0.304065 -8.327020  1.570796 -0.000000 0.000000
61  -0.004311 0.001229 -0.000371  0.006898 -0.005534 -0.284229
62  2.089273 8.874444 -4.333363  1.570796 -0.000000 0.000000
63  0.000000 0.000000 0.000000  -0.078727 -3.136056 0.284226
64  1.000000 0.000000 -0.750000  1.571656 0.001148 -0.000423
65  0.385389 -10.436199 -6.575120  2.099671 0.540953 0.797856
66  0.000001 -2.923557 -1.408042  0.000000 0.000000 -0.000000
67  -0.000003 -0.601198 -2.062163  0.000000 0.000000 -0.000000
68  0.004380 -0.039406 6.613115  0.000000 0.000000 -0.000000
69  0.000002 -0.021786 -0.115848  0.000000 0.000000 -0.000000
70  0.000001 -3.304881 0.259169  0.000000 0.000000 -0.000000
71  1.607425 -14.130177 -9.556665  2.099671 0.540953 0.797856
72  0.057099 0.204433 -2.709595  0.000000 0.000000 -0.000000
73  0.111672 -0.283002 -2.709595  0.000000 0.000000 -0.000000
74  -0.128218 -0.750370 -2.709596  0.000000 0.000000 -0.000000
time 3
0  0 0 0  0 0 0
1  0.000006 0.000000 0.000000  -1.570800 -1.391899 -1.570792
2  -8.138873 1.780375 1.937664  -1.544956 -1.855077 -0.198630
3  6.027518 -0.000330 0.000193  -0.952603 -0.982249 -0.127087
4  11.692107 0.000643 -0.000738  -1.471402 -0.000039 -1.750333
5  11.480368 0.000693 -0.000447  -0.156039 -1.176780 0.473171
6  3.859508 -0.142881 -1.192049  -0.468164 0.151540 -0.880272
7  1.312591 0.000014 0.000006  -0.000026 0.000045 -0.439738
8  0.729352 0.000055 0.000048  0.000017 0.000021 -0.244318
9  3.942141 0.046273 -0.431512  -0.151810 0.073212 -0.811101
10  1.539111 0.000084 0.000004  -0.000007 0.000021 -0.247841
11  1.196331 0.000144 0.000029  0.000011 0.000019 -0.430771
12  3.883504 -0.047269 0.431381  0.085898 0.021851 -0.587925
13  1.719572 -0.000027 0.000015  0.000015 0.005519 -0.366533
14  1.209179 0.000092 0.000013  0.000004 0.003092 -0.216437
15  3.859662 -0.138477 1.332410  0.354468 -0.042725 -0.531804
16  1.719448 -0.000012 0.000022  0.000029 0.004070 -0.363021
17  1.099674 0.000051 0.000006  0.000003 0.002579 -0.244381
18  0.805993 -0.349051 1.321253  -1.757415 -0.987788 -0.520794
19  1.789819 -0.000003 -0.000016  0.001427 -0.012089 0.232949
20  1.207014 -0.000011 -0.000043  -0.014120 -0.142879 0.023529
21  5.740636 0.000410 -0.000703  -0.182388 0.000003 0.000070
22  11.481080 0.000355 -0.000750  -0.212269 -0.231299 -0.126269
23  6.027523 -0.000330 0.000203  -1.406651 -2.573696 -0.425857
24  0.000004 11.692099 -0.000008  -1.176556 -0.620086 -0.895438
25  0.000003 0.000008 -0.000000  -0.602294 -0.000031 1.570738
26  -0.000000 -0.000012 -0.000001  0.868957 0.000002 1.570712
27  -5.843360 -7.961716 2.089273  1.473120 1.855075 -0.198639
28  6.027507 -0.000262 -0.000228  1.851053 0.574156 -0.422496
29  11.691991 0.000242 0.000857  0.141450 0.000062 -1.715782
30  11.480442 -0.000256 0.000868  -1.739815 -0.805451 0.791161
31  3.859435 -0.132788 1.193063  0.419753 0.064213 -1.630733
32  1.312558 0.000025 -0.000000  0.018650 -0.111950 -0.566450
33  0.729345 0.000066 -0.000027  -0.136092 -0.130379 -0.745071
34  3.942045 0.050109 0.430997  0.227728 0.017433 -1.395883
35  1.539096 0.000005 0.000000  0.033374 -0.057010 -0.978694
36  1.196299 0.000076 -0.000004  -0.008681 -0.024216 -0.882959
37  3.883411 -0.050502 -0.431086  0.220900 -0.070369 -1.119647
38  1.719565 -0.000080 -0.000004  0.013025 -0.077950 -1.452999
39  1.209196 0.000035 0.000012  0.008192 -0.000795 -0.494142
40  3.859585 -0.149112 -1.331322  -0.144133 0.068146 -0.137838
41  1.719412 -0.000097 -0.000034  -0.015109 -0.000174 -1.071001
42  1.099673 0.000026 0.000007  -0.004386 -0.008133 -0.862854
43  0.805979 -0.359854 -1.318337  0.974252 0.268925 -0.894612
44  1.789779 -0.000007 -0.000042  0.001484 -0.011936 0.235362
45  1.206996 -0.000005 0.000005  0.001538 -0.000068 1.118076
46  5.740574 0.000055 0.000724  0.017633 -0.000014 0.000021
47  11.481034 -0.000016 0.000923  0.032292 -0.185651 0.121994
48  6.027514 -0.000274 -0.000237  -0.616699 -0.350783 -1.754421
49  -0.000002 11.691974 -0.000006  -1.156232 0.599560 0.884787
50  0.000003 0.000000 0.000000  2.413975 -0.000041 1.570856
51  -0.000007 -0.000016 0.000005  2.272644 -0.000030 1.570865
52  -7.231182 -5.893653 -6.341007  2.533100 0.441285 -0.961881
53  0.000000 -0.000000 0.000001  0.008153 -0.000259 0.000009
54  -0.000000 0.000000 0.000001  1.565115 0.043565 -0.106862
55  2.899880 -13.405817 -15.163102  -1.127614 0.415911 -1.558555
56  0.000002 -0.000000 -0.000000  0.000000 -0.000000 -0.000002
57  0.000032 0.000029 0.000001  -1.571901 -0.044449 -0.106509
58  8.426761 -19.544212 -16.568478  1.570796 -0.000000 0.000000
59  -15.417985 2.938832 -17.970421  1.570796 -0.000000 0.000000
60  1.941978 -0.304065 -8.327020  1.570796 -0.000000 0.000000
61  -0.004311 0.001229 -0.000371  0.006898 -0.005534 -0.284229
62  2.089273 8.874444 -4.333363  1.570796 -0.000000 0.000000
63  0.000000 0.000000 0.000000  -0.078727 -3.136056 0.284226
64  1.000000 0.000000 -0.750000  1.572537 0.002325 -0.000856
65  0.222008 -10.436199 -6.208829  2.087819 0.544246 0.763403
66  0.000002 -2.923558 -1.408042  0.000000 0.000000 0.000000
67  -0.000001 -0.601197 -2.062165  0.000000 0.000000 0.000000
68  0.004381 -0.039406 6.613117  0.000000 0.000000 0.000000
69  0.000003 -0.021786 -0.115847  0.000000 0.000000 0.000000
70  0.000003 -3.304882 0.259168  0.000000 0.000000 0.000000
71  1.352726 -14.191724 -9.149231  2.087819 0.544246 0.763403
72  0.057100 0.204433 -2.709597  0.000000 0.000000 0.000000
73  0.111673 -0.283001 -2.709596  0.000000 0.000000 0.000000
74  -0.128217 -0.750370 -2.709597  0.000000 0.000000 0.000000
time 4
0  0 0 0  0 0 0
1  0.000006 0.000000 0.000000  -1.570800 -1.391899 -1.570792
2  -8.138873 1.780375 1.937664  -1.544956 -1.855077 -0.198630
3  6.027517 -0.000329 0.000193  -0.971766 -0.967767 -0.216604
4  11.692106 0.000645 -0.000738  -1.471402 -0.000038 -1.740302
5  11.480460 0.000699 -0.000380  0.007561 -1.167545 0.435227
6  3.859506 -0.142879 -1.192050  -0.468164 0.151540 -0.880272
7  1.312589 0.000012 0.000008  -0.000026 0.000045 -0.439738
8  0.729354 0.000052 0.000048  0.000017 0.000021 -0.244318
9  3.942141 0.046272 -0.431512  -0.151810 0.073212 -0.811101
10  1.539112 0.000083 0.000005  -0.000007 0.000021 -0.247841
11  1.196335 0.000144 0.000030  0.000011 0.000019 -0.430771
12  3.883502 -0.047269 0.431381  0.085898 0.021851 -0.587925
13  1.719575 -0.000025 0.000015  0.000015 0.005519 -0.366533
14  1.209181 0.000092 0.000011  0.000004 0.003092 -0.216437
15  3.859659 -0.138476 1.332410  0.354468 -0.042725 -0.531804
16  1.719449 -0.000012 0.000023  0.000029 0.004070 -0.363021
17  1.099674 0.000049 0.000005  0.000003 0.002579 -0.244381
18  0.805991 -0.349050 1.321254  -1.757415 -0.987788 -0.520794
19  1.789819 -0.000003 -0.000018  0.001427 -0.012089 0.232949
20  1.207014 -0.000012 -0.000044  -0.014120 -0.142879 0.023529
21  5.740636 0.000410 -0.000703  -0.183361 0.000003 0.000071
22  11.481098 0.000356 -0.000734  -0.192953 -0.228327 -0.111296
23  6.027523 -0.000330 0.000203  -1.389186 -2.563206 -0.540708
24  0.000001 11.692101 -0.000009  -1.170672 -0.614114 -0.892367
25  0.000004 0.000008 -0.000001  -0.602294 -0.000031 1.570739
26  0.000000 -0.000011 -0.000003  0.868957 0.000002 1.570712
27  -5.843360 -7.961716 2.089273  1.473120 1.855075 -0.198639
28  6.027507 -0.000262 -0.000228  1.874506 0.571121 -0.418044
29  11.691992 0.000243 0.000856  0.141450 0.000064 -1.745657
30  11.480173 -0.000436 0.000895  -1.731721 -0.785202 0.828443
31  3.859436 -0.132789 1.193062  0.419753 0.064213 -1.630734
32  1.312559 0.000025 0.000000  0.018649 -0.111950 -0.566450
33  0.729346 0.000067 -0.000026  -0.136092 -0.130379 -0.745071
34  3.942047 0.050108 0.430996  0.227728 0.017433 -1.395883
35  1.539095 0.000005 0.000001  0.033374 -0.057010 -0.978694
36  1.196299 0.000075 -0.000005  -0.008681 -0.024216 -0.882959
37  3.883412 -0.050503 -0.431087  0.220900 -0.070369 -1.119647
38  1.719563 -0.000081 -0.000003  0.013025 -0.077950 -1.452999
39  1.209196 0.000035 0.000011  0.008192 -0.000795 -0.494142
40  3.859585 -0.149113 -1.331324  -0.144133 0.068146 -0.137838
41  1.719412 -0.000097 -0.000034  -0.015109 -0.000174 -1.071001
42  1.099674 0.000025 0.000007  -0.004386 -0.008133 -0.862854
43  0.805978 -0.359855 -1.318339  0.974252 0.268925 -0.894612
44  1.789779 -0.000007 -0.000042  0.001484 -0.011936 0.235362
45  1.206995 -0.000005 0.000005  0.001538 -0.000068 1.118076
46  5.740573 0.000056 0.000724  0.025599 -0.000014 0.000021
47  11.480982 -0.000051 0.000929  0.035028 -0.181244 0.130158
48  6.027514 -0.000274 -0.000237  -0.608770 -0.332291 -1.765334
49  -0.000001 11.691977 -0.000007  -1.173744 0.617281 0.894066
50  0.000003 -0.000000 0.000000  2.413975 -0.000041 1.570856
51  -0.000007 -0.000014 0.000004  2.272644 -0.000030 1.570865
52  -7.259317 -5.618728 -6.009611  2.534760 0.426018 -0.998827
53  0.000000 0.000000 0.000001  0.008153 -0.000259 0.000009
54  0.000000 -0.000001 -0.000000  1.565115 0.043565 -0.106862
55  2.664992 -13.611796 -14.642070  -1.116924 0.404110 -1.591937
56  0.000003 -0.000001 0.000000  0.000000 -0.000000 -0.000002
57  0.000033 0.000029 0.000001  -1.571902 -0.044449 -0.106509
58  8.426761 -19.544212 -16.568478  1.570796 -0.000000 0.000000
59  -15.417985 2.938832 -17.970421  1.570796 -0.000000 0.000000
60  1.941978 -0.304065 -8.327020  1.570796 -0.000000 0.000000
61  -0.004311 0.001229 -0.000371  0.006898 -0.005534 -0.284229
62  2.089273 8.874444 -4.333363  1.570796 -0.000000 0.000000
63  0.000000 0.000000 0.000000  -0.078727 -3.136056 0.284226
64  1.000000 0.000000 -0.750000  1.573546 0.003675 -0.001351
65  0.015770 -10.436199 -5.750172  2.069906 0.545030 0.716478
66  0.000002 -2.923558 -1.408042  -0.000000 0.000000 0.000000
67  -0.000002 -0.601198 -2.062164  -0.000000 0.000000 0.000000
68  0.004380 -0.039407 6.613115  -0.000000 0.000000 0.000000
69  0.000002 -0.021787 -0.115848  -0.000000 0.000000 0.000000
70  0.000003 -3.304881 0.259169  -0.000000 0.000000 0.000000
71  1.032099 -14.266644 -8.635172  2.069906 0.545030 0.716478
72  0.057100 0.204433 -2.709596  -0.000000 0.000000 0.000000
73  0.111674 -0.283001 -2.709597  -0.000000 0.000000 0.000000
74  -0.128217 -0.750370 -2.709597  -0.000000 0.000000 0.000000
time 5
0  0 0 0  0 0 0
1  0.000006 0.000000 0.000000  -1.570800 -1.391899 -1.570792
2  -8.138873 1.780375 1.937664  -1.544956 -1.855077 -0.198630
3  6.027517 -0.000327 0.000193  -0.993399 -0.958459 -0.313220
4  11.692107 0.000644 -0.000739  -1.471401 -0.000037 -1.726501
5  11.480591 0.000706 -0.000292  0.177066 -1.151374 0.408813
6  3.859510 -0.142881 -1.192050  -0.468164 0.151540 -0.880272
7  1.312589 0.000013 0.000007  -0.000026 0.000045 -0.439738
8  0.729356 0.000051 0.000050  0.000017 0.000021 -0.244318
9  3.942142 0.046271 -0.431512  -0.151810 0.073211 -0.811101
10  1.539114 0.000086 0.000005  -0.000007 0.000021 -0.247841
11  1.196332 0.000149 0.000029  0.000011 0.000019 -0.430771
12  3.883503 -0.047271 0.431380  0.085898 0.021851 -0.587925
13  1.719575 -0.000026 0.000015  0.000015 0.005519 -0.366533
14  1.209179 0.000088 0.000012  0.000004 0.003092 -0.216437
15  3.859663 -0.138477 1.332410  0.354468 -0.042725 -0.531804
16  1.719447 -0.000011 0.000022  0.000029 0.004070 -0.363021
17  1.099676 0.000049 0.000006  0.000003 0.002579 -0.244381
18  0.805993 -0.349051 1.321253  -1.757415 -0.987788 -0.520794
19  1.789819 -0.000004 -0.000016  0.001427 -0.012089 0.232949
20  1.207015 -0.000011 -0.000043  -0.014120 -0.142879 0.023529
21  5.740638 0.000408 -0.000701  -0.182795 0.000003 0.000071
22  11.481124 0.000355 -0.000717  -0.171884 -0.224792 -0.093541
23  6.027523 -0.000330 0.000203  -1.371558 -2.558518 -0.664756
24  0.000003 11.692099 -0.000007  -1.162581 -0.605922 -0.888092
25  0.000003 0.000008 -0.000002  -0.602294 -0.000031 1.570739
26  0.000001 -0.000012 -0.000000  0.868957 0.000002 1.570712
27  -5.843360 -7.961716 2.089273  1.473120 1.855075 -0.198639
28  6.027507 -0.000262 -0.000227  1.897648 0.567335 -0.414023
29  11.691992 0.000242 0.000857  0.141450 0.000067 -1.780098
30  11.479858 -0.000637 0.000924  -1.713555 -0.757614 0.866529
31  3.859436 -0.132787 1.193062  0.419753 0.064213 -1.630733
32  1.312559 0.000024 0.000000  0.018650 -0.111950 -0.566450
33  0.729345 0.000066 -0.000027  -0.136091 -0.130379 -0.745071
34  3.942046 0.050109 0.430996  0.227728 0.017433 -1.395883
35  1.539096 0.000004 0.000001  0.033374 -0.057010 -0.978694
36  1.196300 0.000077 -0.000004  -0.008681 -0.024216 -0.882959
37  3.883411 -0.050502 -0.431088  0.220900 -0.070369 -1.119647
38  1.719564 -0.000081 -0.000004  0.013025 -0.077950 -1.452999
39  1.209196 0.000035 0.000012  0.008192 -0.000795 -0.494142
40  3.859585 -0.149112 -1.331324  -0.144133 0.068146 -0.137838
41  1.719413 -0.000098 -0.000034  -0.015109 -0.000174 -1.071001
42  1.099673 0.000026 0.000007  -0.004386 -0.008133 -0.862854
43  0.805979 -0.359853 -1.318339  0.974252 0.268925 -0.894612
44  1.789780 -0.000008 -0.000042  0.001484 -0.011936 0.235362
45  1.206996 -0.000004 0.000005  0.001538 -0.000068 1.118076
46  5.740570 0.000056 0.000724  0.037332 -0.000014 0.000021
47  11.480915 -0.000091 0.000935  0.038942 -0.174768 0.139414
48  6.027514 -0.000274 -0.000237  -0.600466 -0.314062 -1.776423
49  -0.000001 11.691975 -0.000007  -1.193961 0.637871 0.904431
50  0.000004 -0.000001 0.000000  2.413975 -0.000041 1.570856
51  -0.000006 -0.000015 0.000005  2.272644 -0.000030 1.570865
52  -7.261973 -5.296091 -5.674235  2.542437 0.406012 -1.041445
53  0.000000 0.000000 0.000000  0.008153 -0.000259 0.000009
54  -0.000000 0.000000 -0.000001  1.565115 0.043565 -0.106862
55  2.423798 -13.851192 -14.034646  -1.098507 0.391412 -1.630524
56  -0.000001 0.000001 0.000001  0.000000 -0.000000 -0.000002
57  0.000030 0.000029 0.000002  -1.571901 -0.044449 -0.106509
58  8.426761 -19.544212 -16.568478  1.570796 -0.000000 0.000000
59  -15.417985 2.938832 -17.970421  1.570796 -0.000000 0.000000
60  1.941978 -0.304065 -8.327020  1.570796 -0.000000 0.000000
61  -0.004311 0.001229 -0.000371  0.006898 -0.005534 -0.284229
62  2.089273 8.874444 -4.333363  1.570796 -0.000000 0.000000
63  0.000000 0.000000 0.000000  -0.078727 -3.136056 0.284226
64  1.000000 0.000000 -0.750000  1.574555 0.005025 -0.001845
65  -0.220346 -10.436199 -5.230387  2.045642 0.540799 0.658221
66  0.000002 -2.923558 -1.408042  0.000000 -0.000000 0.000000
67  -0.000002 -0.601197 -2.062165  0.000000 -0.000000 0.000000
68  0.004381 -0.039406 6.613115  0.000000 -0.000000 0.000000
69  0.000002 -0.021786 -0.115848  0.000000 -0.000000 0.000000
70  0.000002 -3.304881 0.259169  0.000000 -0.000000 0.000000
71  0.665877 -14.348287 -8.047944  2.045642 0.540799 0.658221
72  0.057101 0.204433 -2.709596  0.000000 -0.000000 0.000000
73  0.111673 -0.283001 -2.709596  0.000000 -0.000000 0.000000
74  -0.128217 -0.750369 -2.709597  0.000000 -0.000000 0.000000
time 6
0  0 0 0  0 0 0
1  0.000006 0.000000 0.000000  -1.570800 -1.391899 -1.570792
2  -8.138873 1.780375 1.937664  -1.544956 -1.855077 -0.198630
3  6.027517 -0.000327 0.000193  -1.016499 -0.958558 -0.422778
4  11.692106 0.000645 -0.000739  -1.471401 -0.000036 -1.705724
5  11.478959 0.000617 -0.001202  0.330899 -1.133762 0.401505
6  3.859509 -0.142881 -1.192049  -0.468164 0.151540 -0.880272
7  1.312590 0.000010 0.000009  -0.000026 0.000045 -0.439738
8  0.729355 0.000053 0.000050  0.000017 0.000021 -0.244318
9  3.942143 0.046271 -0.431511  -0.151810 0.073211 -0.811101
10  1.539111 0.000085 0.000005  -0.000007 0.000021 -0.247841
11  1.196332 0.000144 0.000029  0.000011 0.000019 -0.430771
12  3.883506 -0.047271 0.431382  0.085898 0.021851 -0.587925
13  1.719574 -0.000028 0.000015  0.000015 0.005519 -0.366533
14  1.209180 0.000091 0.000012  0.000004 0.003092 -0.216437
15  3.859662 -0.138476 1.332410  0.354468 -0.042725 -0.531804
16  1.719448 -0.000012 0.000021  0.000029 0.004070 -0.363021
17  1.099675 0.000049 0.000006  0.000003 0.002579 -0.244381
18  0.805995 -0.349051 1.321254  -1.757415 -0.987788 -0.520794
19  1.789819 -0.000003 -0.000018  0.001427 -0.012089 0.232949
20  1.207016 -0.000011 -0.000043  -0.014120 -0.142879 0.023529
21  5.740638 0.000410 -0.000705  -0.183640 0.000003 0.000071
22  11.480798 0.000339 -0.000901  -0.150929 -0.221554 -0.075052
23  6.027523 -0.000330 0.000203  1.784825 -0.578243 2.340261
24  0.000002 11.692100 -0.000007  -1.150406 -0.593645 -0.881551
25  0.000004 0.000007 -0.000000  -0.602294 -0.000031 1.570739
26  -0.000000 -0.000011 -0.000000  0.868957 0.000002 1.570712
27  -5.843360 -7.961716 2.089273  1.473120 1.855075 -0.198639
28  6.027507 -0.000262 -0.000227  1.917153 0.562783 -0.411245
29  11.691992 0.000242 0.000856  0.141450 0.000069 -1.817786
30  11.479525 -0.000844 0.000952  -1.682450 -0.721836 0.902259
31  3.859436 -0.132787 1.193061  0.419753 0.064213 -1.630733
32  1.312558 0.000024 0.000000  0.018649 -0.111950 -0.566450
33  0.729345 0.000066 -0.000027  -0.136092 -0.130379 -0.745071
34  3.942046 0.050110 0.430997  0.227728 0.017433 -1.395883
35  1.539096 0.000004 0.000000  0.033374 -0.057010 -0.978694
36  1.196300 0.000076 -0.000003  -0.008681 -0.024216 -0.882959
37  3.883412 -0.050501 -0.431087  0.220900 -0.070369 -1.119647
38  1.719564 -0.000081 -0.000003  0.013025 -0.077950 -1.452999
39  1.209197 0.000035 0.000011  0.008192 -0.000795 -0.494142
40  3.859585 -0.149111 -1.331324  -0.144133 0.068146 -0.137838
41  1.719412 -0.000097 -0.000035  -0.015109 -0.000174 -1.071001
42  1.099673 0.000023 0.000006  -0.004386 -0.008133 -0.862854
43  0.805979 -0.359854 -1.318339  0.974252 0.268925 -0.894612
44  1.789780 -0.000006 -0.000042  0.001484 -0.011936 0.235362
45  1.206996 -0.000005 0.000006  0.001538 -0.000068 1.118076
46  5.740572 0.000055 0.000723  0.053403 -0.000014 0.000021
47  11.480849 -0.000133 0.000940  0.044213 -0.165776 0.149278
48  6.027514 -0.000274 -0.000237  -0.592323 -0.298837 -1.786547
49  -0.000002 11.691974 -0.000006  -1.216138 0.660592 0.915355
50  0.000003 -0.000002 -0.000000  2.413975 -0.000041 1.570856
51  -0.000007 -0.000016 0.000006  2.272644 -0.000030 1.570865
52  -7.221702 -4.942153 -5.371797  2.558558 0.381525 -1.087749
53  0.000000 -0.000000 -0.000000  0.008153 -0.000259 0.000009
54  -0.000000 0.000000 -0.000000  1.565115 0.043565 -0.106862
55  2.150495 -14.142147 -13.286232  -1.089128 0.376289 -1.670655
56  -0.000001 -0.000001 -0.000000  0.000000 -0.000000 -0.000002
57  0.000030 0.000029 0.000000  -1.571901 -0.044449 -0.106509
58  8.426761 -19.544212 -16.568478  1.570796 -0.000000 0.000000
59  -15.417985 2.938832 -17.970421  1.570796 -0.000000 0.000000
60  1.941978 -0.304065 -8.327020  1.570796 -0.000000 0.000000
61  -0.004311 0.001229 -0.000371  0.006898 -0.005534 -0.284229
62  2.089273 8.874444 -4.333363  1.570796 -0.000000 0.000000
63  0.000000 0.000000 0.000000  -0.078727 -3.136056 0.284226
64  1.000000 0.000000 -0.750000  1.575434 0.006203 -0.002274
65  -0.473361 -10.436199 -4.680718  2.015340 0.528898 0.590285
66  0.000001 -2.923558 -1.408042  -0.000000 -0.000000 0.000000
67  -0.000003 -0.601197 -2.062163  -0.000000 -0.000000 0.000000
68  0.004379 -0.039407 6.613117  -0.000000 -0.000000 0.000000
69  0.000002 -0.021787 -0.115848  -0.000000 -0.000000 0.000000
70  0.000001 -3.304881 0.259169  -0.000000 -0.000000 0.000000
71  0.274523 -14.430662 -7.421776  2.015340 0.528898 0.590285
72  0.057099 0.204433 -2.709596  -0.000000 -0.000000 0.000000
73  0.111672 -0.283001 -2.709596  -0.000000 -0.000000 0.000000
74  -0.128219 -0.750370 -2.709597  -0.000000 -0.000000 0.000000
time 7
0  0 0 0  0 0 0
1  0.000006 0.000000 0.000000  -1.570800 -1.391899 -1.570792
2  -8.138873 1.780375 1.937664  -1.544956 -1.855077 -0.198630
3  6.027517 -0.000326 0.000193  -1.035849 -0.976271 -0.546910
4  11.692108 0.000643 -0.000741  -1.471400 -0.000033 -1.674248
5  11.479165 0.000625 -0.001105  0.444752 -1.121116 0.414581
6  3.859508 -0.142880 -1.192049  -0.468164 0.151540 -0.880272
7  1.312589 0.000012 0.000008  -0.000026 0.000045 -0.439738
8  0.729355 0.000055 0.000050  0.000017 0.000021 -0.244318
9  3.942143 0.046273 -0.431511  -0.151810 0.073212 -0.811101
10  1.539112 0.000083 0.000005  -0.000007 0.000021 -0.247841
11  1.196331 0.000144 0.000029  0.000012 0.000019 -0.430771
12  3.883504 -0.047268 0.431382  0.085898 0.021851 -0.587925
13  1.719572 -0.000027 0.000015  0.000015 0.005519 -0.366533
14  1.209182 0.000093 0.000013  0.000004 0.003092 -0.216437
15  3.859663 -0.138475 1.332411  0.354468 -0.042725 -0.531804
16  1.719450 -0.000012 0.000021  0.000029 0.004070 -0.363021
17  1.099675 0.000048 0.000005  0.000003 0.002579 -0.244381
18  0.805993 -0.349050 1.321254  -1.757415 -0.987788 -0.520794
19  1.789818 -0.000005 -0.000021  0.001427 -0.012089 0.232949
20  1.207016 -0.000012 -0.000046  -0.014120 -0.142879 0.023529
21  5.740637 0.000409 -0.000704  -0.189364 0.000003 0.000071
22  11.480839 0.000340 -0.000882  -0.133327 -0.219702 -0.058772
23  6.027523 -0.000330 0.000203  1.788941 -0.557694 2.197981
24  0.000002 11.692101 -0.000008  -1.131965 -0.575172 -0.871404
25  0.000004 0.000009 -0.000001  -0.602294 -0.000031 1.570739
26  -0.000000 -0.000011 -0.000001  0.868957 0.000002 1.570712
27  -5.843360 -7.961716 2.089273  1.473120 1.855075 -0.198639
28  6.027507 -0.000262 -0.000227  1.929587 0.557380 -0.410531
29  11.691992 0.000242 0.000856  0.141450 0.000072 -1.857715
30  11.479175 -0.001042 0.000980  -1.636033 -0.676816 0.933382
31  3.859436 -0.132789 1.193062  0.419753 0.064213 -1.630733
32  1.312559 0.000025 0.000001  0.018650 -0.111950 -0.566450
33  0.729345 0.000065 -0.000027  -0.136092 -0.130379 -0.745071
34  3.942047 0.050107 0.430997  0.227728 0.017433 -1.395883
35  1.539095 0.000004 -0.000001  0.033374 -0.057010 -0.978694
36  1.196300 0.000076 -0.000003  -0.008681 -0.024216 -0.882959
37  3.883412 -0.050503 -0.431087  0.220900 -0.070369 -1.119647
38  1.719563 -0.000081 -0.000003  0.013025 -0.077950 -1.452999
39  1.209197 0.000035 0.000012  0.008192 -0.000795 -0.494143
40  3.859585 -0.149112 -1.331323  -0.144133 0.068146 -0.137838
41  1.719412 -0.000098 -0.000034  -0.015109 -0.000174 -1.071001
42  1.099674 0.000025 0.000007  -0.004386 -0.008133 -0.862854
43  0.805979 -0.359855 -1.318338  0.974252 0.268925 -0.894612
44  1.789779 -0.000008 -0.000042  0.001484 -0.011936 0.235362
45  1.206997 -0.000005 0.000006  0.001538 -0.000068 1.118076
46  5.740573 0.000054 0.000723  0.074069 -0.000014 0.000021
47  11.480780 -0.000173 0.000946  0.051028 -0.153771 0.159278
48  6.027514 -0.000274 -0.000237  -0.584689 -0.289520 -1.794652
49  -0.000001 11.691975 -0.000006  -1.239728 0.684869 0.926434
50  0.000004 -0.000001 0.000001  2.413975 -0.000041 1.570856
51  -0.000006 -0.000016 0.000005  2.272644 -0.000030 1.570865
52  -7.120354 -4.574209 -5.135643  2.585365 0.353078 -1.135975
53  0.000000 -0.000000 0.000000  0.008153 -0.000259 0.000009
54  0.000000 -0.000001 0.000000  1.565115 0.043565 -0.106862
55  1.802449 -14.487268 -12.348595  -1.105929 0.357288 -1.708855
56  -0.000000 -0.000000 -0.000000  0.000000 -0.000000 -0.000002
57  0.000031 0.000030 0.000000  -1.571902 -0.044449 -0.106509
58  8.426761 -19.544212 -16.568478  1.570796 -0.000000 0.000000
59  -15.417985 2.938832 -17.970421  1.570796 -0.000000 0.000000
60  1.941978 -0.304065 -8.327020  1.570796 -0.000000 0.000000
61  -0.004311 0.001229 -0.000371  0.006898 -0.005534 -0.284229
62  2.089273 8.874444 -4.333363  1.570796 -0.000000 0.000000
63  0.000000 0.000000 0.000000  -0.078727 -3.136056 0.284226
64  1.000000 0.000000 -0.750000  1.576056 0.007037 -0.002578
65  -0.730299 -10.436199 -4.132402  1.980054 0.506647 0.514964
66  0.000001 -2.923558 -1.408042  0.000000 -0.000000 -0.000000
67  -0.000003 -0.601198 -2.062165  0.000000 -0.000000 -0.000000
68  0.004381 -0.039407 6.613113  0.000000 -0.000000 -0.000000
69  0.000002 -0.021787 -0.115849  0.000000 -0.000000 -0.000000
70  0.000002 -3.304881 0.259167  0.000000 -0.000000 -0.000000
71  -0.121202 -14.508876 -6.791493  1.980054 0.506647 0.514964
72  0.057099 0.204433 -2.709597  0.000000 -0.000000 -0.000000
73  0.111673 -0.283002 -2.709596  0.000000 -0.000000 -0.000000
74  -0.128217 -0.750370 -2.709597  0.000000 -0.000000 -0.000000
time 8
0  0 0 0  0 0 0
1  0.000006 0.000000 0.000000  -1.570800 -1.391899 -1.570792
2  -8.138873 1.780375 1.937664  -1.544956 -1.855077 -0.198630
3  6.027518 -0.000326 0.000193  -1.041921 -1.015451 -0.673612
4  11.692108 0.000644 -0.000738  -1.471398 -0.000031 -1.631098
5  11.479464 0.000641 -0.000946  0.508832 -1.112932 0.442862
6  3.859511 -0.142880 -1.192049  -0.468164 0.151540 -0.880272
7  1.312591 0.000014 0.000009  -0.000026 0.000045 -0.439738
8  0.729355 0.000056 0.000050  0.000017 0.000021 -0.244318
9  3.942143 0.046273 -0.431512  -0.151810 0.073212 -0.811101
10  1.539111 0.000083 0.000004  -0.000007 0.000021 -0.247841
11  1.196332 0.000144 0.000029  0.000012 0.000019 -0.430771
12  3.883504 -0.047269 0.431381  0.085898 0.021851 -0.587925
13  1.719573 -0.000027 0.000014  0.000015 0.005519 -0.366533
14  1.209178 0.000092 0.000012  0.000004 0.003092 -0.216437
15  3.859663 -0.138475 1.332410  0.354468 -0.042725 -0.531804
16  1.719449 -0.000012 0.000023  0.000029 0.004070 -0.363021
17  1.099675 0.000048 0.000005  0.000003 0.002579 -0.244381
18  0.805994 -0.349050 1.321253  -1.757415 -0.987788 -0.520794
19  1.789818 -0.000003 -0.000018  0.001427 -0.012089 0.232949
20  1.207015 -0.000012 -0.000044  -0.014120 -0.142879 0.023529
21  5.740637 0.000411 -0.000701  -0.199402 0.000003 0.000071
22  11.480898 0.000344 -0.000847  -0.121497 -0.219229 -0.046129
23  6.027523 -0.000330 0.000203  1.774897 -0.520267 2.073393
24  0.000004 11.692101 -0.000007  -1.106673 -0.550107 -0.857036
25  0.000005 0.000007 -0.000000  -0.602294 -0.000030 1.570739
26  0.000002 -0.000011 -0.000000  0.868957 0.000002 1.570712
27  -5.843360 -7.961716 2.089273  1.473120 1.855075 -0.198639
28  6.027507 -0.000262 -0.000228  1.931441 0.551076 -0.412596
29  11.691991 0.000243 0.000856  0.141450 0.000075 -1.899031
30  11.478809 -0.001229 0.001005  -1.572466 -0.621218 0.958559
31  3.859435 -0.132787 1.193063  0.419753 0.064213 -1.630733
32  1.312558 0.000025 -0.000000  0.018650 -0.111950 -0.566450
33  0.729345 0.000066 -0.000028  -0.136092 -0.130379 -0.745071
34  3.942045 0.050110 0.430997  0.227728 0.017433 -1.395883
35  1.539095 0.000004 -0.000000  0.033374 -0.057010 -0.978694
36  1.196300 0.000076 -0.000004  -0.008681 -0.024216 -0.882959
37  3.883410 -0.050502 -0.431087  0.220900 -0.070369 -1.119647
38  1.719563 -0.000081 -0.000003  0.013025 -0.077950 -1.452999
39  1.209195 0.000035 0.000012  0.008192 -0.000795 -0.494142
40  3.859584 -0.149111 -1.331323  -0.144133 0.068146 -0.137838
41  1.719412 -0.000097 -0.000034  -0.015109 -0.000174 -1.071001
42  1.099674 0.000024 0.000006  -0.004386 -0.008133 -0.862854
43  0.805978 -0.359853 -1.318338  0.974252 0.268925 -0.894612
44  1.789779 -0.000007 -0.000042  0.001484 -0.011936 0.235362
45  1.206996 -0.000005 0.000005  0.001538 -0.000068 1.118076
46  5.740572 0.000055 0.000724  0.099053 -0.000014 0.000021
47  11.480707 -0.000210 0.000951  0.059582 -0.138214 0.168911
48  6.027514 -0.000274 -0.000237  -0.577922 -0.289132 -1.799623
49  -0.000001 11.691975 -0.000006  -1.264276 0.710197 0.937341
50  0.000003 -0.000002 0.000000  2.413975 -0.000041 1.570856
51  -0.000007 -0.000015 0.000005  2.272644 -0.000030 1.570865
52  -6.939412 -4.209875 -4.994654  2.624828 0.321422 -1.184622
53  -0.000000 0.000000 0.000000  0.008153 -0.000259 0.000009
54  -0.000000 0.000000 0.000000  1.565115 0.043565 -0.106862
55  1.389080 -14.847265 -11.284945  -1.143164 0.336751 -1.743785
56  0.000000 -0.000001 -0.000000  0.000000 -0.000000 -0.000002
57  0.000030 0.000029 0.000000  -1.571901 -0.044449 -0.106509
58  8.426761 -19.544212 -16.568478  1.570796 -0.000000 0.000000
59  -15.417985 2.938832 -17.970421  1.570796 -0.000000 0.000000
60  1.941978 -0.304065 -8.327020  1.570796 -0.000000 0.000000
61  -0.004311 0.001229 -0.000371  0.006898 -0.005534 -0.284229
62  2.089273 8.874444 -4.333363  1.570796 -0.000000 0.000000
63  0.000000 0.000000 0.000000  -0.078727 -3.136056 0.284226
64  1.000000 0.000000 -0.750000  1.576291 0.007353 -0.002692
65  -0.978179 -10.436199 -3.616683  1.941553 0.471520 0.435163
66  0.000002 -2.923558 -1.408042  0.000000 0.000000 0.000000
67  -0.000002 -0.601198 -2.062163  0.000000 0.000000 0.000000
68  0.004380 -0.039407 6.613115  0.000000 0.000000 0.000000
69  0.000002 -0.021786 -0.115849  0.000000 0.000000 0.000000
70  0.000002 -3.304881 0.259169  0.000000 0.000000 0.000000
71  -0.500143 -14.579515 -6.192118  1.941553 0.471520 0.435163
72  0.057100 0.204433 -2.709595  0.000000 0.000000 0.000000
73  0.111673 -0.283001 -2.709596  0.000000 0.000000 0.000000
74  -0.128217 -0.750370 -2.709596  0.000000 0.000000 0.000000
time 9
0  0 0 0  0 0 0
1  0.000006 0.000000 0.000000  -1.570800 -1.391899 -1.570792
2  -8.138873 1.780375 1.937664  -1.544956 -1.855077 -0.198630
3  6.027519 -0.000326 0.000193  -1.048911 -1.058529 -0.790381
4  11.692107 0.000644 -0.000740  -1.471397 -0.000028 -1.593371
5  11.479733 0.000656 -0.000797  0.563467 -1.116874 0.491216
6  3.841709 -0.138566 -1.192131  -0.479808 0.149850 -0.930303
7  1.312590 0.000012 0.000009  -0.000043 0.000099 -0.453518
8  0.729354 0.000054 0.000050  0.000005 0.000020 -0.242838
9  3.942143 0.046273 -0.431512  -0.166300 0.080751 -0.853254
10  1.539110 0.000084 0.000006  -0.000041 0.000227 -0.267843
11  1.196329 0.000145 0.000029  -0.000003 0.000020 -0.444158
12  3.883507 -0.047269 0.431382  0.062125 0.048002 -0.607550
13  1.719573 -0.000027 0.000015  0.001990 0.005708 -0.404830
14  1.209179 0.000091 0.000012  -0.000140 0.002981 -0.246188
15  3.859663 -0.138475 1.332410  0.328288 -0.011880 -0.520309
16  1.719451 -0.000013 0.000022  -0.001222 0.002441 -0.376071
17  1.099676 0.000049 0.000006  0.000040 0.002556 -0.321458
18  0.814634 -0.380726 1.320224  -1.766094 -0.949490 -0.499678
19  1.789817 -0.000005 -0.000017  0.002023 -0.011067 0.214595
20  1.207016 -0.000012 -0.000043  -0.014396 -0.134048 0.040913
21  5.740636 0.000408 -0.000705  -0.206750 0.000003 0.000070
22  11.480951 0.000343 -0.000819  -0.107973 -0.221366 -0.032532
23  6.027523 -0.000330 0.000203  1.759801 -0.479123 1.957840
24  0.000004 11.692100 -0.000009  -1.084528 -0.528451 -0.844052
25  0.000004 0.000009 -0.000001  -0.602294 -0.000031 1.570739
26  0.000000 -0.000012 -0.000001  0.868957 0.000002 1.570712
27  -5.843360 -7.961716 2.089273  1.473120 1.855075 -0.198639
28  6.027507 -0.000262 -0.000228  1.904542 0.532096 -0.425206
29  11.691991 0.000241 0.000854  0.141450 0.000079 -1.951514
30  11.478347 -0.001437 0.001037  -1.454167 -0.541592 0.954637
31  3.859436 -0.132788 1.193061  0.419753 0.064213 -1.630733
32  1.312558 0.000025 -0.000001  0.018650 -0.111950 -0.566450
33  0.729345 0.000066 -0.000027  -0.136092 -0.130379 -0.745071
34  3.942047 0.050109 0.430996  0.227728 0.017432 -1.395883
35  1.539096 0.000004 -0.000000  0.033374 -0.057010 -0.978694
36  1.196299 0.000076 -0.000004  -0.008681 -0.024216 -0.882959
37  3.883412 -0.050501 -0.431088  0.220900 -0.070369 -1.119647
38  1.719563 -0.000081 -0.000003  0.013025 -0.077950 -1.452999
39  1.209199 0.000035 0.000010  0.008192 -0.000795 -0.494142
40  3.859585 -0.149111 -1.331323  -0.144133 0.068146 -0.137838
41  1.719411 -0.000096 -0.000035  -0.015109 -0.000174 -1.071001
42  1.099673 0.000025 0.000007  -0.004386 -0.008133 -0.862854
43  0.805979 -0.359854 -1.318339  0.974252 0.268925 -0.894612
44  1.789780 -0.000007 -0.000042  0.001484 -0.011936 0.235362
45  1.206997 -0.000005 0.000005  0.001538 -0.000068 1.118076
46  5.740573 0.000055 0.000724  0.130936 -0.000014 0.000021
47  11.480615 -0.000252 0.000957  0.074638 -0.113807 0.174784
48  6.027514 -0.000274 -0.000237  -0.562918 -0.315330 -1.802833
49  -0.000002 11.691975 -0.000007  -1.295728 0.742656 0.950335
50  0.000003 -0.000002 0.000000  2.413975 -0.000041 1.570856
51  -0.000006 -0.000015 0.000004  2.272644 -0.000030 1.570865
52  -6.605197 -3.786215 -5.144407  2.703176 0.274590 -1.226703
53  -0.000000 0.000000 0.000000  0.008153 -0.000259 0.000009
54  0.000000 0.000000 -0.000000  1.565115 0.043565 -0.106862
55  1.123522 -15.130238 -10.118223  -1.158607 0.319356 -1.767057
56  -0.000002 -0.000000 0.000000  0.000000 -0.000000 -0.000002
57  0.000028 0.000030 0.000001  -1.571901 -0.044449 -0.106509
58  8.426761 -19.544212 -16.568478  1.570796 -0.000000 0.000000
59  -15.417985 2.938832 -17.970421  1.570796 -0.000000 0.000000
60  1.941978 -0.304065 -8.327020  1.570796 -0.000000 0.000000
61  -0.004311 0.001229 -0.000371  0.006898 -0.005534 -0.284229
62  2.089273 8.874444 -4.333363  1.570796 -0.000000 0.000000
63  0.000000 0.000000 0.000000  -0.078727 -3.136056 0.284226
64  1.000000 0.000000 -0.750000  1.575721 0.006588 -0.002414
65  -1.206255 -10.353924 -3.164798  1.887816 0.397850 0.347411
66  0.000001 -2.923558 -1.408043  -0.000000 -0.000000 -0.000000
67  -0.000002 -0.601197 -2.062165  -0.000000 -0.000000 -0.000000
68  0.004380 -0.039406 6.613114  -0.000000 -0.000000 -0.000000
69  0.000002 -0.021786 -0.115849  -0.000000 -0.000000 -0.000000
70  0.000001 -3.304881 0.259168  -0.000000 -0.000000 -0.000000
71  -0.781692 -14.569468 -5.630034  1.887816 0.397850 0.347411
72  0.057099 0.204434 -2.709595  -0.000000 -0.000000 -0.000000
73  0.111672 -0.283001 -2.709595  -0.000000 -0.000000 -0.000000
74  -0.128218 -0.750369 -2.709595  -0.000000 -0.000000 -0.000000
time 10
0  0 0 0  0 0 0
1  0.000006 0.000000 0.000000  -1.570800 -1.391899 -1.570792
2  -8.138873 1.780375 1.937664  -1.544956 -1.855077 -0.198630
3  6.027519 -0.000325 0.000193  -1.051972 -1.105383 -0.896962
4  11.692109 0.000642 -0.000740  -1.471396 -0.000026 -1.556363
5  11.480012 0.000672 -0.000629  0.644039 -1.128281 0.535806
6  3.789899 -0.126013 -1.192370  -0.513538 0.141516 -1.078049
7  1.312591 0.000013 0.000008  -0.000098 0.000254 -0.493670
8  0.729354 0.000052 0.000050  -0.000029 0.000020 -0.238531
9  3.942143 0.046273 -0.431511  -0.210748 0.099337 -0.978248
10  1.539111 0.000083 0.000005  -0.000163 0.000826 -0.326206
11  1.196332 0.000145 0.000030  -0.000043 0.000021 -0.483166
12  3.883503 -0.047268 0.431382  -0.011049 0.122030 -0.669089
13  1.719571 -0.000027 0.000014  0.007732 0.006699 -0.517355
14  1.209177 0.000090 0.000011  -0.000539 0.002634 -0.333270
15  3.859662 -0.138475 1.332410  0.253091 0.080509 -0.491124
16  1.719449 -0.000013 0.000023  -0.004745 -0.002398 -0.414083
17  1.099674 0.000049 0.000006  0.000162 0.002508 -0.555525
18  0.839775 -0.472916 1.317226  -1.782405 -0.836338 -0.445831
19  1.789822 -0.000002 -0.000018  0.003652 -0.008025 0.161067
20  1.207015 -0.000011 -0.000043  -0.014318 -0.108274 0.091511
21  5.740637 0.000411 -0.000701  -0.206261 0.000003 0.000070
22  11.481007 0.000348 -0.000784  -0.090024 -0.223723 -0.017424
23  6.027523 -0.000330 0.000203  1.741399 -0.435251 1.856681
24  0.000003 11.692101 -0.000008  -1.062756 -0.507453 -0.830938
25  0.000002 0.000010 -0.000003  -0.602294 -0.000031 1.570738
26  0.000001 -0.000011 -0.000001  0.868957 0.000002 1.570712
27  -5.843360 -7.961716 2.089273  1.473120 1.855075 -0.198639
28  6.027507 -0.000261 -0.000229  1.843658 0.504484 -0.444690
29  11.691992 0.000243 0.000857  0.141450 0.000083 -2.006654
30  11.480514 -0.000169 0.000855  -1.290947 -0.425461 0.920569
31  3.859436 -0.132788 1.193061  0.419753 0.064213 -1.630733
32  1.312558 0.000026 0.000000  0.018650 -0.111950 -0.566450
33  0.729344 0.000067 -0.000027  -0.136092 -0.130379 -0.745071
34  3.942046 0.050109 0.430996  0.227728 0.017433 -1.395883
35  1.539096 0.000004 0.000001  0.033374 -0.057010 -0.978694
36  1.196300 0.000077 -0.000005  -0.008681 -0.024216 -0.882959
37  3.883411 -0.050502 -0.431088  0.220900 -0.070369 -1.119647
38  1.719563 -0.000081 -0.000004  0.013025 -0.077950 -1.452999
39  1.209198 0.000035 0.000011  0.008192 -0.000795 -0.494142
40  3.859585 -0.149112 -1.331324  -0.144132 0.068146 -0.137838
41  1.719412 -0.000097 -0.000034  -0.015109 -0.000174 -1.071001
42  1.099673 0.000023 0.000007  -0.004386 -0.008133 -0.862854
43  0.805979 -0.359854 -1.318339  0.974252 0.268925 -0.894612
44  1.789779 -0.000008 -0.000042  0.001484 -0.011936 0.235362
45  1.206996 -0.000006 0.000005  0.001538 -0.000068 1.118076
46  5.740572 0.000055 0.000724  0.163351 -0.000014 0.000021
47  11.481047 0.000002 0.000921  0.094415 -0.079211 0.173794
48  6.027514 -0.000274 -0.000237  -0.545671 -0.372736 -1.797965
49  -0.000001 11.691975 -0.000006  -1.329201 0.777072 0.962879
50  0.000002 -0.000001 0.000000  2.413975 -0.000041 1.570856
51  -0.000007 -0.000015 0.000005  2.272644 -0.000030 1.570865
52  -6.086848 -3.376140 -5.596195  2.814581 0.208851 -1.264163
53  0.000000 -0.000000 0.000000  0.008153 -0.000259 0.000009
54  0.000000 0.000000 -0.000001  1.565115 0.043565 -0.106862
55  0.986250 -15.363692 -8.938080  -1.134721 0.300396 -1.779035
56  -0.000002 0.000000 -0.000000  0.000000 -0.000000 -0.000002
57  0.000029 0.000030 0.000001  -1.571901 -0.044449 -0.106509
58  8.426761 -19.544212 -16.568478  1.570796 -0.000000 0.000000
59  -15.417985 2.938832 -17.970421  1.570796 -0.000000 0.000000
60  1.941978 -0.304065 -8.327020  1.570796 -0.000000 0.000000
61  -0.004311 0.001229 -0.000371  0.006898 -0.005534 -0.284229
62  2.089273 8.874444 -4.333363  1.570796 -0.000000 0.000000
63  0.000000 0.000000 0.000000  -0.078727 -3.136056 0.284226
64  1.000000 0.000000 -0.750000  1.574359 0.004763 -0.001749
65  -1.412697 -10.201127 -2.807989  1.820586 0.288247 0.260588
66  0.000002 -2.923558 -1.408042  -0.000000 0.000000 -0.000000
67  -0.000002 -0.601197 -2.062165  -0.000000 0.000000 -0.000000
68  0.004381 -0.039406 6.613115  -0.000000 0.000000 -0.000000
69  0.000002 -0.021786 -0.115848  -0.000000 0.000000 -0.000000
70  0.000002 -3.304881 0.259169  -0.000000 0.000000 -0.000000
71  -0.967362 -14.510482 -5.101368  1.820586 0.288247 0.260588
72  0.057100 0.204433 -2.709596  -0.000000 0.000000 -0.000000
73  0.111673 -0.283001 -2.709596  -0.000000 0.000000 -0.000000
74  -0.128217 -0.750370 -2.709596  -0.000000 0.000000 -0.000000
time 11
0  0 0 0  0 0 0
1  0.000006 0.000000 0.000000  -1.570800 -1.391899 -1.570792
2  -8.138873 1.780375 1.937664  -1.544956 -1.855077 -0.198630
3  6.027520 -0.000326 0.000192  -1.023951 -1.163892 -1.004662
4  11.692109 0.000643 -0.000739  -1.471394 -0.000022 -1.497887
5  11.480480 0.000699 -0.000340  0.757546 -1.122469 0.528575
6  3.715423 -0.107966 -1.192715  -0.559710 0.120734 -1.293088
7  1.312589 0.000012 0.000006  -0.000187 0.000473 -0.551465
8  0.729355 0.000056 0.000050  -0.000078 0.000020 -0.232339
9  3.942143 0.046273 -0.431512  -0.279005 0.116173 -1.161957
10  1.539113 0.000085 0.000006  -0.000401 0.001673 -0.410333
11  1.196333 0.000146 0.000028  -0.000102 0.000019 -0.539310
12  3.883504 -0.047269 0.431381  -0.127042 0.220768 -0.769412
13  1.719574 -0.000028 0.000016  0.015790 0.009270 -0.680759
14  1.209179 0.000091 0.000011  -0.001061 0.002073 -0.459213
15  3.859663 -0.138475 1.332409  0.146644 0.218214 -0.460724
16  1.719447 -0.000014 0.000022  -0.009486 -0.009590 -0.468764
17  1.099675 0.000048 0.000005  0.000358 0.002490 -0.908041
18  0.875920 -0.605443 1.312914  -1.789406 -0.671182 -0.381138
19  1.789820 -0.000003 -0.000019  0.005708 -0.003499 0.083953
20  1.207016 -0.000012 -0.000043  -0.011907 -0.071209 0.164237
21  5.740634 0.000410 -0.000702  -0.197902 0.000003 0.000070
22  11.481098 0.000353 -0.000725  -0.073701 -0.220483 -0.005533
23  6.027523 -0.000330 0.000203  1.706394 -0.384927 1.788352
24  0.000001 11.692099 -0.000007  -1.028217 -0.474794 -0.809472
25  0.000002 0.000009 -0.000001  -0.602294 -0.000031 1.570739
26  -0.000001 -0.000011 -0.000000  0.868957 0.000002 1.570712
27  -5.843360 -7.961716 2.089273  1.473120 1.855075 -0.198639
28  6.027507 -0.000261 -0.000229  1.770653 0.489353 -0.458862
29  11.691991 0.000242 0.000856  0.141449 0.000086 -2.036473
30  11.480265 -0.000340 0.000880  -1.147317 -0.286596 0.877139
31  3.859436 -0.132787 1.193061  0.419753 0.064213 -1.630733
32  1.312558 0.000025 -0.000000  0.018650 -0.111950 -0.566450
33  0.729346 0.000066 -0.000027  -0.136092 -0.130379 -0.745071
34  3.942046 0.050110 0.430996  0.227728 0.017433 -1.395883
35  1.539096 0.000005 -0.000001  0.033374 -0.057010 -0.978694
36  1.196299 0.000077 -0.000003  -0.008681 -0.024216 -0.882959
37  3.883412 -0.050501 -0.431088  0.220900 -0.070369 -1.119647
38  1.719564 -0.000081 -0.000004  0.013025 -0.077950 -1.452999
39  1.209196 0.000035 0.000011  0.008192 -0.000795 -0.494142
40  3.859585 -0.149111 -1.331324  -0.144133 0.068146 -0.137838
41  1.719411 -0.000097 -0.000035  -0.015109 -0.000174 -1.071001
42  1.099673 0.000025 0.000006  -0.004386 -0.008133 -0.862854
43  0.805979 -0.359853 -1.318339  0.974252 0.268925 -0.894612
44  1.789779 -0.000009 -0.000042  0.001484 -0.011936 0.235362
45  1.206996 -0.000006 0.000005  0.001538 -0.000068 1.118076
46  5.740571 0.000054 0.000724  0.183728 -0.000014 0.000021
47  11.480995 -0.000031 0.000926  0.109655 -0.042509 0.165940
48  6.027514 -0.000274 -0.000237  -0.545925 -0.438666 -1.777220
49  -0.000001 11.691975 -0.000006  -1.347529 0.795804 0.969156
50  0.000003 0.000000 0.000001  2.413975 -0.000041 1.570856
51  -0.000007 -0.000015 0.000005  2.272644 -0.000030 1.570865
52  -5.513655 -3.185331 -6.118182  2.914244 0.135320 -1.304019
53  -0.000000 0.000000 0.000001  0.008153 -0.000259 0.000009
54  0.000000 0.000001 -0.000000  1.565115 0.043565 -0.106862
55  0.773280 -15.673737 -7.887211  -1.097525 0.269229 -1.791408
56  -0.000001 -0.000001 0.000001  0.000000 -0.000000 -0.000002
57  0.000030 0.000028 0.000001  -1.571901 -0.044449 -0.106509
58  8.426761 -19.544212 -16.568478  1.570796 -0.000000 0.000000
59  -15.417985 2.938832 -17.970421  1.570796 -0.000000 0.000000
60  1.941978 -0.304065 -8.327020  1.570796 -0.000000 0.000000
61  -0.004311 0.001229 -0.000371  0.006898 -0.005534 -0.284229
62  2.089273 8.874444 -4.333363  1.570796 -0.000000 0.000000
63  0.000000 0.000000 0.000000  -0.078727 -3.136056 0.284226
64  1.000000 0.000000 -0.750000  1.572733 0.002587 -0.000952
65  -1.597908 -10.118852 -2.541109  1.751515 0.185581 0.187402
66  0.000002 -2.923558 -1.408042  -0.000000 0.000000 -0.000000
67  -0.000002 -0.601197 -2.062165  -0.000000 0.000000 -0.000000
68  0.004381 -0.039407 6.613115  -0.000000 0.000000 -0.000000
69  0.000002 -0.021787 -0.115848  -0.000000 0.000000 -0.000000
70  0.000002 -3.304881 0.259168  -0.000000 0.000000 -0.000000
71  -1.151001 -14.546608 -4.596272  1.751515 0.185581 0.187402
72  0.057100 0.204433 -2.709597  -0.000000 0.000000 -0.000000
73  0.111673 -0.283001 -2.709597  -0.000000 0.000000 -0.000000
74  -0.128218 -0.750370 -2.709597  -0.000000 0.000000 -0.000000
time 12
0  0 0 0  0 0 0
1  0.000006 0.000000 0.000000  -1.570800 -1.391899 -1.570792
2  -8.138873 1.780375 1.937664  -1.544956 -1.855077 -0.198630
3  6.027522 -0.000327 0.000192  -0.934258 -1.241381 -1.158229
4  11.692109 0.000644 -0.000739  -1.471387 -0.000014 -1.358885
5  11.480111 0.000686 -0.000502  0.938566 -1.049433 0.438235
6  3.640946 -0.089919 -1.193059  -0.600251 0.090698 -1.506367
7  1.312589 0.000009 0.000007  -0.000289 0.000686 -0.609259
8  0.729355 0.000051 0.000049  -0.000126 0.000020 -0.226147
9  3.942142 0.046273 -0.431512  -0.349293 0.120291 -1.346617
10  1.539110 0.000084 0.000007  -0.000708 0.002497 -0.494459
11  1.196332 0.000146 0.000029  -0.000161 0.000015 -0.595453
12  3.883504 -0.047269 0.431381  -0.255694 0.306714 -0.883517
13  1.719574 -0.000028 0.000015  0.023322 0.013118 -0.844144
14  1.209178 0.000092 0.000012  -0.001507 0.001452 -0.585155
15  3.859661 -0.138475 1.332410  0.040202 0.358328 -0.444795
16  1.719449 -0.000012 0.000021  -0.013828 -0.017030 -0.523414
17  1.099675 0.000050 0.000007  0.000549 0.002542 -1.260558
18  0.912063 -0.737971 1.308604  -1.783510 -0.506021 -0.324538
19  1.789819 -0.000004 -0.000019  0.007408 0.001171 0.006849
20  1.207013 -0.000012 -0.000043  -0.006814 -0.034416 0.236910
21  5.740637 0.000410 -0.000704  -0.169511 0.000003 0.000071
22  11.481027 0.000349 -0.000759  -0.059554 -0.201638 0.004319
23  6.027523 -0.000330 0.000203  1.649383 -0.320322 1.738242
24  0.000004 11.692101 -0.000006  -0.945133 -0.399953 -0.754882
25  0.000003 0.000009 -0.000002  -0.602294 -0.000031 1.570739
26  0.000000 -0.000011 0.000000  0.868957 0.000002 1.570712
27  -5.843360 -7.961716 2.089273  1.473120 1.855075 -0.198639
28  6.027507 -0.000260 -0.000229  1.704150 0.518601 -0.463288
29  11.691993 0.000241 0.000857  0.141450 0.000082 -1.984597
30  11.478061 -0.001558 0.001054  -1.055393 -0.147387 0.808054
31  3.859436 -0.132788 1.193062  0.419753 0.064213 -1.630733
32  1.312558 0.000024 0.000000  0.018649 -0.111950 -0.566450
33  0.729345 0.000067 -0.000026  -0.136092 -0.130379 -0.745071
34  3.942046 0.050108 0.430996  0.227728 0.017433 -1.395883
35  1.539096 0.000005 -0.000000  0.033374 -0.057010 -0.978694
36  1.196300 0.000076 -0.000005  -0.008681 -0.024216 -0.882959
37  3.883412 -0.050502 -0.431087  0.220900 -0.070369 -1.119647
38  1.719563 -0.000081 -0.000004  0.013025 -0.077950 -1.452999
39  1.209197 0.000035 0.000012  0.008192 -0.000795 -0.494142
40  3.859585 -0.149112 -1.331323  -0.144133 0.068146 -0.137838
41  1.719411 -0.000097 -0.000034  -0.015109 -0.000174 -1.071001
42  1.099674 0.000025 0.000008  -0.004386 -0.008133 -0.862854
43  0.805978 -0.359854 -1.318338  0.974252 0.268925 -0.894612
44  1.789779 -0.000008 -0.000042  0.001484 -0.011936 0.235362
45  1.206996 -0.000005 0.000005  0.001538 -0.000068 1.118076
46  5.740571 0.000057 0.000724  0.183409 -0.000014 0.000021
47  11.480556 -0.000275 0.000960  0.115742 -0.011799 0.148722
48  6.027514 -0.000274 -0.000237  -0.595277 -0.486585 -1.727483
49  -0.000001 11.691977 -0.000006  -1.315751 0.763268 0.958003
50  0.000003 -0.000002 0.000000  2.413975 -0.000041 1.570856
51  -0.000007 -0.000015 0.000006  2.272644 -0.000030 1.570865
52  -5.021674 -3.744763 -6.598053  2.979818 0.060103 -1.346245
53  0.000001 -0.000000 -0.000000  0.008153 -0.000259 0.000009
54  -0.000000 -0.000001 0.000000  1.565115 0.043565 -0.106862
55  0.479371 -16.567650 -7.009815  -1.058800 0.223361 -1.811518
56  -0.000002 -0.000000 -0.000000  0.000000 -0.000000 -0.000002
57  0.000029 0.000029 0.000001  -1.571901 -0.044449 -0.106509
58  8.426761 -19.544212 -16.568478  1.570796 -0.000000 0.000000
59  -15.417985 2.938832 -17.970421  1.570796 -0.000000 0.000000
60  1.941978 -0.304065 -8.327020  1.570796 -0.000000 0.000000
61  -0.004311 0.001229 -0.000371  0.006898 -0.005534 -0.284229
62  2.089273 8.874444 -4.333363  1.570796 -0.000000 0.000000
63  0.000000 0.000000 0.000000  -0.078727 -3.136056 0.284226
64  1.000000 0.000000 -0.750000  1.571369 0.000764 -0.000282
65  -1.762288 -10.628815 -2.333261  1.681571 0.113933 0.128325
66  0.000002 -2.923558 -1.408042  -0.000000 0.000000 0.000000
67  -0.000002 -0.601197 -2.062165  -0.000000 0.000000 0.000000
68  0.004380 -0.039406 6.613115  -0.000000 0.000000 0.000000
69  0.000002 -0.021786 -0.115850  -0.000000 0.000000 0.000000
70  0.000002 -3.304881 0.259169  -0.000000 0.000000 0.000000
71  -1.377866 -15.185884 -4.097857  1.681571 0.113933 0.128325
72  0.057100 0.204433 -2.709598  -0.000000 0.000000 0.000000
73  0.111673 -0.283001 -2.709597  -0.000000 0.000000 0.000000
74  -0.128217 -0.750370 -2.709597  -0.000000 0.000000 0.000000
time 13
0  0 0 0  0 0 0
1  0.000006 0.000000 0.000000  -1.570800 -1.391899 -1.570792
2  -8.138873 1.780375 1.937664  -1.544956 -1.855077 -0.198630
3  6.027522 -0.000327 0.000192  -0.792952 -1.306779 -1.342688
4  11.692112 0.000643 -0.000739  -1.471380 -0.000007 -1.219884
5  11.480109 0.000691 -0.000436  1.090441 -0.956763 0.372027
6  3.589141 -0.077366 -1.193298  -0.623808 0.065565 -1.651055
7  1.312590 0.000010 0.000008  -0.000367 0.000831 -0.649412
8  0.729355 0.000055 0.000051  -0.000160 0.000021 -0.221840
9  3.942142 0.046273 -0.431512  -0.397414 0.115651 -1.473277
10  1.539111 0.000083 0.000004  -0.000962 0.003053 -0.552823
11  1.196333 0.000144 0.000028  -0.000202 0.000010 -0.634461
12  3.883505 -0.047268 0.431381  -0.351904 0.356940 -0.970210
13  1.719573 -0.000028 0.000016  0.028099 0.016457 -0.956634
14  1.209180 0.000090 0.000013  -0.001769 0.000992 -0.672236
15  3.859662 -0.138475 1.332410  -0.035258 0.455194 -0.442927
16  1.719450 -0.000011 0.000022  -0.016603 -0.022333 -0.561372
17  1.099675 0.000049 0.000007  0.000660 0.002611 -1.494625
18  0.937204 -0.830159 1.305606  -1.773878 -0.392742 -0.287607
19  1.789817 -0.000003 -0.000018  0.008375 0.004483 -0.046661
20  1.207018 -0.000012 -0.000043  -0.001719 -0.009150 0.287406
21  5.740637 0.000409 -0.000703  -0.135715 0.000003 0.000071
22  11.481028 0.000350 -0.000745  -0.046403 -0.179836 0.013411
23  6.027523 -0.000330 0.000203  1.595390 -0.262980 1.704540
24  0.000003 11.692101 -0.000008  -0.860137 -0.329527 -0.695412
25  0.000003 0.000009 0.000000  -0.602294 -0.000030 1.570738
26  0.000001 -0.000012 -0.000001  0.868957 0.000002 1.570712
27  -5.843360 -7.961716 2.089273  1.473120 1.855075 -0.198639
28  6.027507 -0.000260 -0.000230  1.653930 0.555306 -0.468026
29  11.691994 0.000243 0.000856  0.141450 0.000077 -1.920430
30  11.478624 -0.001318 0.001022  -1.000571 -0.030414 0.748659
31  3.859436 -0.132788 1.193062  0.419753 0.064213 -1.630733
32  1.312558 0.000023 0.000000  0.018650 -0.111950 -0.566450
33  0.729345 0.000066 -0.000027  -0.136092 -0.130379 -0.745071
34  3.942046 0.050108 0.430996  0.227728 0.017433 -1.395883
35  1.539096 0.000006 -0.000000  0.033374 -0.057010 -0.978694
36  1.196299 0.000077 -0.000004  -0.008681 -0.024216 -0.882959
37  3.883411 -0.050502 -0.431088  0.220900 -0.070369 -1.119647
38  1.719564 -0.000082 -0.000004  0.013025 -0.077950 -1.452999
39  1.209197 0.000035 0.000012  0.008192 -0.000795 -0.494142
40  3.859585 -0.149112 -1.331324  -0.144133 0.068146 -0.137838
41  1.719412 -0.000097 -0.000035  -0.015109 -0.000174 -1.071001
42  1.099674 0.000025 0.000007  -0.004386 -0.008133 -0.862854
43  0.805979 -0.359855 -1.318339  0.974252 0.268925 -0.894612
44  1.789779 -0.000007 -0.000042  0.001484 -0.011936 0.235362
45  1.206997 -0.000005 0.000005  0.001538 -0.000068 1.118076
46  5.740572 0.000056 0.000724  0.178999 -0.000014 0.000021
47  11.480669 -0.000227 0.000955  0.117571 0.011558 0.131987
48  6.027514 -0.000274 -0.000237  -0.650893 -0.515391 -1.679804
49  -0.000002 11.691975 -0.000006  -1.277059 0.723395 0.942759
50  0.000003 -0.000000 0.000001  2.413975 -0.000041 1.570856
51  -0.000007 -0.000016 0.000005  2.272644 -0.000030 1.570865
52  -4.622456 -4.376539 -6.982953  3.023221 -0.004911 -1.387626
53  0.000000 0.000001 -0.000001  0.008153 -0.000259 0.000009
54  -0.000000 -0.000001 -0.000000  1.565115 0.043565 -0.106862
55  0.232316 -17.402361 -6.351950  -1.008713 0.181181 -1.838618
56  0.000000 0.000000 0.000000  0.000000 -0.000000 -0.000002
57  0.000030 0.000030 0.000001  -1.571901 -0.044449 -0.106509
58  8.426761 -19.544212 -16.568478  1.570796 -0.000000 0.000000
59  -15.417985 2.938832 -17.970421  1.570796 -0.000000 0.000000
60  1.941978 -0.304065 -8.327020  1.570796 -0.000000 0.000000
61  -0.004311 0.001229 -0.000371  0.006898 -0.005534 -0.284229
62  2.089273 8.874444 -4.333363  1.570796 -0.000000 0.000000
63  0.000000 0.000000 0.000000  -0.078727 -3.136056 0.284226
64  1.000000 0.000000 -0.750000  1.570796 -0.000000 0.000000
65  -1.906241 -11.138779 -2.177068  1.620966 0.064280 0.080350
66  0.000002 -2.923557 -1.408043  0.000000 0.000000 0.000000
67  -0.000002 -0.601197 -2.062165  0.000000 0.000000 0.000000
68  0.004381 -0.039407 6.613115  0.000000 0.000000 0.000000
69  0.000002 -0.021786 -0.115848  0.000000 0.000000 0.000000
70  0.000002 -3.304880 0.259168  0.000000 0.000000 0.000000
71  -1.627370 -15.799414 -3.670106  1.620966 0.064280 0.080350
72  0.057100 0.204433 -2.709595  0.000000 0.000000 0.000000
73  0.111673 -0.283001 -2.709594  0.000000 0.000000 0.000000
74  -0.128217 -0.750370 -2.709595  0.000000 0.000000 0.000000
time 14
0  0 0 0  0 0 0
1  0.000006 0.000000 0.000000  -1.570800 -1.391899 -1.570792
2  -8.138873 1.780375 1.937664  -1.544956 -1.855077 -0.198630
3  6.027523 -0.000328 0.000192  -0.693906 -1.333093 -1.453289
4  11.692112 0.000645 -0.000740  -1.471378 -0.000005 -1.181559
5  11.480300 0.000703 -0.000342  1.146516 -0.921024 0.370014
6  3.571340 -0.073053 -1.193381  -0.630908 0.056337 -1.699771
7  1.312590 0.000012 0.000008  -0.000395 0.000880 -0.663191
8  0.729355 0.000053 0.000052  -0.000172 0.000021 -0.220360
9  3.942143 0.046273 -0.431513  -0.413547 0.112709 -1.516154
10  1.539111 0.000086 0.000006  -0.001056 0.003240 -0.572825
11  1.196332 0.000147 0.000029  -0.000216 0.000008 -0.647849
12  3.883504 -0.047269 0.431381  -0.386032 0.372160 -1.001174
13  1.719573 -0.000030 0.000015  0.029634 0.017714 -0.994916
14  1.209180 0.000091 0.000011  -0.001849 0.000829 -0.701988
15  3.859662 -0.138475 1.332410  -0.061682 0.488092 -0.444155
16  1.719448 -0.000010 0.000022  -0.017508 -0.024177 -0.574397
17  1.099676 0.000048 0.000005  0.000693 0.002640 -1.571702
18  0.945845 -0.861836 1.304576  -1.769690 -0.354327 -0.275173
19  1.789818 -0.000003 -0.000020  0.008665 0.005630 -0.065006
20  1.207016 -0.000012 -0.000045  0.000321 -0.000553 0.304742
21  5.740637 0.000410 -0.000703  -0.122109 0.000003 0.000071
22  11.481066 0.000352 -0.000727  -0.039279 -0.171816 0.020064
23  6.027523 -0.000330 0.000203  1.568877 -0.237780 1.696468
24  0.000002 11.692100 -0.000007  -0.836293 -0.310968 -0.678175
25  0.000003 0.000009 -0.000003  -0.602294 -0.000031 1.570738
26  -0.000000 -0.000011 -0.000001  0.868957 0.000002 1.570712
27  -5.843360 -7.961716 2.089273  1.473120 1.855075 -0.198639
28  6.027507 -0.000261 -0.000230  1.623378 0.558315 -0.473869
29  11.691992 0.000242 0.000855  0.141450 0.000077 -1.924848
30  11.478584 -0.001337 0.001022  -0.967206 0.049381 0.746794
31  3.859435 -0.132788 1.193062  0.419753 0.064213 -1.630734
32  1.312558 0.000025 0.000000  0.018650 -0.111950 -0.566450
33  0.729344 0.000067 -0.000027  -0.136092 -0.130379 -0.745071
34  3.942046 0.050109 0.430997  0.227728 0.017433 -1.395883
35  1.539096 0.000006 -0.000000  0.033374 -0.057010 -0.978694
36  1.196300 0.000076 -0.000004  -0.008681 -0.024216 -0.882959
37  3.883411 -0.050502 -0.431087  0.220900 -0.070369 -1.119647
38  1.719564 -0.000081 -0.000004  0.013025 -0.077950 -1.452999
39  1.209196 0.000036 0.000011  0.008192 -0.000795 -0.494142
40  3.859584 -0.149112 -1.331322  -0.144133 0.068146 -0.137838
41  1.719411 -0.000098 -0.000033  -0.015109 -0.000174 -1.071001
42  1.099673 0.000025 0.000007  -0.004386 -0.008133 -0.862854
43  0.805978 -0.359854 -1.318338  0.974252 0.268925 -0.894612
44  1.789779 -0.000009 -0.000042  0.001484 -0.011936 0.235362
45  1.206996 -0.000005 0.000006  0.001538 -0.000068 1.118076
46  5.740571 0.000054 0.000724  0.182236 -0.000014 0.000021
47  11.480661 -0.000233 0.000955  0.118298 0.028785 0.127380
48  6.027514 -0.000274 -0.000237  -0.665005 -0.538477 -1.662403
49  -0.000000 11.691975 -0.000006  -1.279705 0.726127 0.943857
50  0.000003 -0.000001 0.000000  2.413975 -0.000041 1.570856
51  -0.000006 -0.000015 0.000005  2.272644 -0.000030 1.570865
52  -4.336719 -4.336290 -7.170846  3.051136 -0.041992 -1.424396
53  -0.000000 0.000000 -0.000000  0.008153 -0.000259 0.000009
54  -0.000000 -0.000000 0.000000  1.565115 0.043565 -0.106862
55  0.014226 -17.498985 -5.965937  -0.966910 0.159812 -1.867640
56  0.000000 -0.000000 -0.000001  -0.000000 -0.000000 -0.000002
57  0.000030 0.000029 0.000001  -1.571902 -0.044449 -0.106509
58  8.426761 -19.544212 -16.568478  1.570796 -0.000000 0.000000
59  -15.417985 2.938832 -17.970421  1.570796 -0.000000 0.000000
60  1.941978 -0.304065 -8.327020  1.570796 -0.000000 0.000000
61  -0.004311 0.001229 -0.000371  0.006898 -0.005534 -0.284229
62  2.089273 8.874444 -4.333363  1.570796 -0.000000 0.000000
63  0.000000 0.000000 0.000000  -0.078727 -3.136056 0.284226
64  1.000000 0.000000 -0.750000  1.572697 0.002284 0.000002
65  -2.030167 -11.030611 -2.065150  1.586925 0.032692 0.042584
66  0.000002 -2.923558 -1.408043  -0.000000 -0.000000 -0.000000
67  -0.000002 -0.601198 -2.062165  -0.000000 -0.000000 -0.000000
68  0.004381 -0.039407 6.613114  -0.000000 -0.000000 -0.000000
69  0.000002 -0.021787 -0.115849  -0.000000 -0.000000 -0.000000
70  0.000002 -3.304881 0.259167  -0.000000 -0.000000 -0.000000
71  -1.873039 -15.744392 -3.400826  1.586925 0.032692 0.042584
72  0.057100 0.204433 -2.709598  -0.000000 -0.000000 -0.000000
73  0.111673 -0.283002 -2.709598  -0.000000 -0.000000 -0.000000
74  -0.128217 -0.750370 -2.709597  -0.000000 -0.000000 -0.000000
time 15
0  0 0 0  0 0 0
1  0.000006 0.000000 0.000000  -1.570800 -1.391899 -1.570792
2  -8.138873 1.780375 1.937664  -1.544956 -1.855077 -0.198630
3  6.027523 -0.000328 0.000192  -0.633377 -1.342127 -1.509175
4  11.692110 0.000642 -0.000739  -1.471378 -0.000005 -1.183203
5  11.480290 0.000701 -0.000347  1.147583 -0.913002 0.388426
6  3.571339 -0.073054 -1.193381  -0.630908 0.056337 -1.699771
7  1.312590 0.000012 0.000004  -0.000395 0.000880 -0.663191
8  0.729354 0.000054 0.000048  -0.000172 0.000021 -0.220360
9  3.942141 0.046272 -0.431512  -0.413547 0.112709 -1.516154
10  1.539111 0.000083 0.000006  -0.001056 0.003240 -0.572825
11  1.196333 0.000145 0.000030  -0.000216 0.000008 -0.647849
12  3.883503 -0.047270 0.431381  -0.386032 0.372160 -1.001174
13  1.719573 -0.000027 0.000015  0.029634 0.017714 -0.994916
14  1.209180 0.000092 0.000012  -0.001849 0.000829 -0.701988
15  3.859663 -0.138476 1.332410  -0.061682 0.488092 -0.444155
16  1.719449 -0.000012 0.000021  -0.017508 -0.024177 -0.574397
17  1.099676 0.000047 0.000005  0.000693 0.002640 -1.571702
18  0.945840 -0.861837 1.304575  -1.769690 -0.354327 -0.275173
19  1.789820 -0.000003 -0.000017  0.008665 0.005630 -0.065006
20  1.207016 -0.000012 -0.000043  0.000321 -0.000553 0.304742
21  5.740637 0.000410 -0.000702  -0.120870 0.000003 0.000071
22  11.481064 0.000352 -0.000726  -0.038290 -0.170626 0.023915
23  6.027523 -0.000330 0.000203  1.554878 -0.228208 1.702707
24  0.000002 11.692099 -0.000008  -0.837320 -0.311756 -0.678922
25  0.000003 0.000009 -0.000001  -0.602294 -0.000030 1.570739
26  0.000000 -0.000011 -0.000001  0.868957 0.000002 1.570712
27  -5.843360 -7.961716 2.089273  1.473120 1.855075 -0.198639
28  6.027507 -0.000260 -0.000230  1.608648 0.550460 -0.477121
29  11.691993 0.000244 0.000855  0.141450 0.000080 -1.952138
30  11.478343 -0.001441 0.001036  -0.948040 0.095107 0.772207
31  3.859436 -0.132788 1.193062  0.419753 0.064213 -1.630733
32  1.312558 0.000024 0.000000  0.018649 -0.111950 -0.566450
33  0.729346 0.000066 -0.000027  -0.136092 -0.130379 -0.745071
34  3.942046 0.050109 0.430997  0.227728 0.017433 -1.395883
35  1.539096 0.000006 0.000001  0.033374 -0.057010 -0.978694
36  1.196299 0.000076 -0.000005  -0.008681 -0.024216 -0.882959
37  3.883411 -0.050502 -0.431087  0.220900 -0.070369 -1.119647
38  1.719563 -0.000081 -0.000004  0.013025 -0.077950 -1.452999
39  1.209196 0.000035 0.000011  0.008192 -0.000795 -0.494142
40  3.859585 -0.149112 -1.331323  -0.144133 0.068146 -0.137838
41  1.719412 -0.000097 -0.000034  -0.015109 -0.000174 -1.071001
42  1.099673 0.000025 0.000006  -0.004386 -0.008133 -0.862854
43  0.805979 -0.359854 -1.318338  0.974252 0.268925 -0.894612
44  1.789779 -0.000009 -0.000043  0.001484 -0.011936 0.235362
45  1.206996 -0.000005 0.000005  0.001538 -0.000068 1.118076
46  5.740571 0.000056 0.000723  0.187897 -0.000014 0.000021
47  11.480612 -0.000253 0.000955  0.118375 0.039897 0.129640
48  6.027514 -0.000274 -0.000237  -0.661997 -0.553034 -1.659461
49  -0.000001 11.691975 -0.000006  -1.296105 0.743044 0.950484
50  0.000003 -0.000002 -0.000000  2.413975 -0.000041 1.570856
51  -0.000006 -0.000015 0.000005  2.272644 -0.000030 1.570865
52  -4.165641 -4.077856 -7.210857  3.066597 -0.055779 -1.453076
53  -0.000000 -0.000000 0.000000  0.008153 -0.000259 0.000009
54  0.000000 -0.000000 0.000000  1.565115 0.043565 -0.106862
55  -0.206246 -17.341261 -5.781057  -0.946811 0.153941 -1.892424
56  -0.000001 -0.000000 0.000000  0.000000 -0.000000 -0.000002
57  0.000029 0.000029 0.000001  -1.571901 -0.044449 -0.106509
58  8.426761 -19.544212 -16.568478  1.570796 -0.000000 0.000000
59  -15.417985 2.938832 -17.970421  1.570796 -0.000000 0.000000
60  1.941978 -0.304065 -8.327020  1.570796 -0.000000 0.000000
61  -0.004311 0.001229 -0.000371  0.006898 -0.005534 -0.284229
62  2.089273 8.874444 -4.333363  1.570796 -0.000000 0.000000
63  0.000000 0.000000 0.000000  -0.078727 -3.136056 0.284226
64  1.000000 0.000000 -0.750000  1.574598 0.004568 0.000009
65  -2.134468 -10.772673 -1.990129  1.574805 0.015907 0.014365
66  0.000002 -2.923558 -1.408040  0.000000 -0.000000 0.000000
67  -0.000002 -0.601198 -2.062163  0.000000 -0.000000 0.000000
68  0.004381 -0.039406 6.613116  0.000000 -0.000000 0.000000
69  0.000002 -0.021787 -0.115849  0.000000 -0.000000 -0.000000
70  0.000002 -3.304881 0.259170  0.000000 -0.000000 0.000000
71  -2.086840 -15.504523 -3.269101  1.574805 0.015907 0.014365
72  0.057100 0.204433 -2.709597  0.000000 -0.000000 0.000000
73  0.111673 -0.283002 -2.709598  0.000000 -0.000000 0.000000
74  -0.128217 -0.750370 -2.709597  0.000000 0.000000 0.000000
time 16
0  0 0 0  0 0 0
1  0.000006 0.000000 0.000000  -1.570800 -1.391899 -1.570792
2  -8.138873 1.780375 1.937664  -1.544956 -1.855077 -0.198630
3  6.027523 -0.000328 0.000192  -0.601222 -1.344473 -1.533349
4  11.692111 0.000645 -0.000740  -1.471379 -0.000006 -1.200997
5  11.480199 0.000697 -0.000391  1.135871 -0.917708 0.402530
6  3.571342 -0.073052 -1.193381  -0.630908 0.056336 -1.699771
7  1.312590 0.000012 0.000008  -0.000395 0.000880 -0.663191
8  0.729356 0.000053 0.000050  -0.000172 0.000021 -0.220360
9  3.942144 0.046273 -0.431512  -0.413547 0.112709 -1.516154
10  1.539111 0.000081 0.000006  -0.001056 0.003239 -0.572825
11  1.196332 0.000148 0.000029  -0.000216 0.000008 -0.647849
12  3.883506 -0.047269 0.431381  -0.386032 0.372160 -1.001174
13  1.719574 -0.000027 0.000014  0.029635 0.017714 -0.994916
14  1.209181 0.000090 0.000010  -0.001849 0.000829 -0.701988
15  3.859662 -0.138476 1.332410  -0.061682 0.488092 -0.444155
16  1.719449 -0.000011 0.000022  -0.017509 -0.024177 -0.574397
17  1.099676 0.000047 0.000006  0.000693 0.002640 -1.571702
18  0.945844 -0.861836 1.304575  -1.769690 -0.354327 -0.275173
19  1.789819 -0.000004 -0.000018  0.008665 0.005630 -0.065006
20  1.207017 -0.000012 -0.000044  0.000320 -0.000553 0.304742
21  5.740635 0.000410 -0.000703  -0.124669 0.000003 0.000070
22  11.481044 0.000351 -0.000736  -0.039001 -0.172073 0.025188
23  6.027523 -0.000330 0.000203  1.547672 -0.225243 1.711479
24  -0.000000 11.692101 -0.000007  -0.848410 -0.320332 -0.686962
25  0.000003 0.000009 -0.000001  -0.602294 -0.000030 1.570738
26  -0.000002 -0.000011 -0.000001  0.868957 0.000002 1.570712
27  -5.843360 -7.961716 2.089273  1.473120 1.855075 -0.198639
28  6.027507 -0.000260 -0.000230  1.601401 0.536023 -0.478972
29  11.691992 0.000242 0.000855  0.141450 0.000082 -1.983286
30  11.478069 -0.001554 0.001051  -0.940141 0.122419 0.793364
31  3.859436 -0.132787 1.193061  0.419753 0.064213 -1.630733
32  1.312558 0.000024 -0.000000  0.018650 -0.111950 -0.566450
33  0.729345 0.000066 -0.000027  -0.136092 -0.130379 -0.745071
34  3.942046 0.050109 0.430996  0.227728 0.017433 -1.395883
35  1.539096 0.000004 -0.000000  0.033374 -0.057010 -0.978694
36  1.196299 0.000076 -0.000004  -0.008681 -0.024216 -0.882959
37  3.883411 -0.050502 -0.431087  0.220900 -0.070369 -1.119647
38  1.719563 -0.000083 -0.000004  0.013025 -0.077950 -1.452999
39  1.209198 0.000035 0.000012  0.008192 -0.000795 -0.494142
40  3.859585 -0.149112 -1.331324  -0.144133 0.068146 -0.137838
41  1.719413 -0.000098 -0.000033  -0.015109 -0.000174 -1.071001
42  1.099674 0.000024 0.000007  -0.004386 -0.008133 -0.862854
43  0.805979 -0.359854 -1.318338  0.974252 0.268925 -0.894612
44  1.789779 -0.000008 -0.000042  0.001484 -0.011936 0.235362
45  1.206996 -0.000005 0.000006  0.001538 -0.000068 1.118076
46  5.740570 0.000056 0.000723  0.191625 -0.000014 0.000021
47  11.480556 -0.000274 0.000959  0.117536 0.046566 0.132149
48  6.027514 -0.000274 -0.000237  -0.648990 -0.564227 -1.664461
49  -0.000002 11.691975 -0.000007  -1.314954 0.762449 0.957707
50  0.000003 -0.000001 0.000001  2.413975 -0.000041 1.570856
51  -0.000007 -0.000015 0.000004  2.272644 -0.000030 1.570865
52  -4.097574 -3.776209 -7.230251  3.072042 -0.064269 -1.471325
53  -0.000000 0.000000 0.000001  0.008153 -0.000259 0.000009
54  -0.000000 0.000000 -0.000000  1.565115 0.043565 -0.106862
55  -0.385847 -17.096624 -5.671837  -0.938188 0.148562 -1.909046
56  0.000001 -0.000000 0.000000  0.000000 -0.000000 -0.000002
57  0.000031 0.000029 0.000001  -1.571901 -0.044449 -0.106509
58  8.426761 -19.544212 -16.568478  1.570796 -0.000000 0.000000
59  -15.417985 2.938832 -17.970421  1.570796 -0.000000 0.000000
60  1.941978 -0.304065 -8.327020  1.570796 -0.000000 0.000000
61  -0.004311 0.001229 -0.000371  0.006898 -0.005534 -0.284229
62  2.089273 8.874444 -4.333363  1.570796 -0.000000 0.000000
63  0.000000 0.000000 0.000000  -0.078727 -3.136056 0.284226
64  1.000000 0.000000 -0.750000  1.574004 -0.001603 -0.000003
65  -2.219547 -10.464810 -1.944624  1.566920 0.009626 -0.003658
66  0.000001 -2.923558 -1.408040  -0.000000 0.000000 0.000000
67  -0.000002 -0.601197 -2.062162  -0.000000 0.000000 0.000000
68  0.004380 -0.039406 6.613114  -0.000000 0.000000 0.000000
69  0.000002 -0.021786 -0.115848  -0.000000 -0.000000 -0.000000
70  0.000002 -3.304881 0.259170  -0.000000 0.000000 0.000000
71  -2.248845 -15.206721 -3.186347  1.566920 0.009626 -0.003658
72  0.057100 0.204433 -2.709595  0.000000 -0.000000 0.000000
73  0.111673 -0.283001 -2.709596  0.000000 -0.000000 0.000000
74  -0.128217 -0.750370 -2.709595  0.000000 0.000000 0.000000
time 17
0  0 0 0  0 0 0
1  0.000006 0.000000 0.000000  -1.570800 -1.391899 -1.570792
2  -8.138873 1.780375 1.937664  -1.544956 -1.855077 -0.198630
3  6.027523 -0.000328 0.000192  -0.593040 -1.343548 -1.534973
4  11.692111 0.000641 -0.000739  -1.471380 -0.000007 -1.222482
5  11.480097 0.000693 -0.000444  1.123898 -0.929996 0.409845
6  3.571339 -0.073052 -1.193380  -0.630908 0.056336 -1.699771
7  1.312590 0.000013 0.000008  -0.000395 0.000880 -0.663191
8  0.729354 0.000054 0.000051  -0.000172 0.000021 -0.220360
9  3.942141 0.046273 -0.431512  -0.413547 0.112709 -1.516154
10  1.539111 0.000083 0.000006  -0.001056 0.003240 -0.572825
11  1.196332 0.000145 0.000028  -0.000216 0.000008 -0.647849
12  3.883506 -0.047269 0.431383  -0.386032 0.372160 -1.001174
13  1.719573 -0.000027 0.000015  0.029635 0.017714 -0.994916
14  1.209179 0.000092 0.000014  -0.001849 0.000829 -0.701988
15  3.859661 -0.138475 1.332410  -0.061682 0.488092 -0.444155
16  1.719448 -0.000013 0.000022  -0.017508 -0.024177 -0.574397
17  1.099675 0.000049 0.000007  0.000693 0.002640 -1.571702
18  0.945842 -0.861836 1.304576  -1.769691 -0.354327 -0.275173
19  1.789819 -0.000003 -0.000016  0.008665 0.005630 -0.065006
20  1.207018 -0.000011 -0.000044  0.000321 -0.000553 0.304742
21  5.740638 0.000409 -0.000704  -0.129814 0.000003 0.000071
22  11.481026 0.000350 -0.000748  -0.039732 -0.174824 0.024777
23  6.027523 -0.000330 0.000203  1.545694 -0.225965 1.718270
24  0.000002 11.692098 -0.000008  -0.861746 -0.330798 -0.696568
25  0.000004 0.000009 -0.000002  -0.602294 -0.000031 1.570739
26  -0.000001 -0.000012 -0.000002  0.868957 0.000002 1.570712
27  -5.843360 -7.961716 2.089273  1.473120 1.855075 -0.198639
28  6.027507 -0.000260 -0.000231  1.600674 0.520355 -0.479595
29  11.691992 0.000242 0.000855  0.141449 0.000084 -2.008361
30  11.480511 -0.000170 0.000856  -0.939042 0.131711 0.803100
31  3.859436 -0.132788 1.193061  0.419753 0.064213 -1.630734
32  1.312558 0.000025 0.000000  0.018650 -0.111950 -0.566450
33  0.729345 0.000066 -0.000027  -0.136092 -0.130379 -0.745071
34  3.942046 0.050109 0.430997  0.227728 0.017433 -1.395883
35  1.539096 0.000004 -0.000000  0.033374 -0.057010 -0.978694
36  1.196300 0.000076 -0.000004  -0.008681 -0.024216 -0.882959
37  3.883412 -0.050502 -0.431087  0.220900 -0.070369 -1.119647
38  1.719563 -0.000081 -0.000003  0.013025 -0.077950 -1.452999
39  1.209196 0.000035 0.000011  0.008192 -0.000795 -0.494142
40  3.859585 -0.149112 -1.331322  -0.144133 0.068146 -0.137838
41  1.719412 -0.000098 -0.000034  -0.015109 -0.000174 -1.071001
42  1.099674 0.000024 0.000006  -0.004386 -0.008133 -0.862854
43  0.805979 -0.359853 -1.318338  0.974252 0.268925 -0.894612
44  1.789779 -0.000008 -0.000042  0.001484 -0.011936 0.235362
45  1.206997 -0.000005 0.000006  0.001538 -0.000068 1.118076
46  5.740570 0.000056 0.000724  0.193414 -0.000014 0.000021
47  11.481045 0.000002 0.000921  0.116887 0.048842 0.133532
48  6.027514 -0.000274 -0.000237  -0.632019 -0.570635 -1.673839
49  -0.000002 11.691975 -0.000008  -1.330245 0.778141 0.963248
50  0.000002 -0.000002 -0.000001  2.413975 -0.000041 1.570856
51  -0.000007 -0.000015 0.000004  2.272644 -0.000030 1.570865
52  -4.116944 -3.531724 -7.240299  3.072474 -0.069086 -1.477689
53  0.000000 0.000000 0.000001  0.008153 -0.000259 0.000009
54  0.000000 0.000000 0.000000  1.565115 0.043565 -0.106862
55  -0.491079 -16.867817 -5.615259  -0.935730 0.144382 -1.915023
56  0.000001 0.000000 0.000000  0.000000 -0.000000 -0.000002
57  0.000030 0.000030 0.000001  -1.571901 -0.044449 -0.106509
58  8.426761 -19.544212 -16.568478  1.570796 -0.000000 0.000000
59  -15.417985 2.938832 -17.970421  1.570796 -0.000000 0.000000
60  1.941978 -0.304065 -8.327020  1.570796 -0.000000 0.000000
61  -0.004311 0.001229 -0.000371  0.006898 -0.005534 -0.284229
62  2.089273 8.874444 -4.333363  1.570796 -0.000000 0.000000
63  0.000000 0.000000 0.000000  -0.078727 -3.136056 0.284226
64  1.000000 0.000000 -0.750000  1.572697 -0.007775 -0.000007
65  -2.285984 -10.206872 -1.921256  1.562173 0.008701 -0.010037
66  0.000002 -2.923558 -1.408041  -0.000000 -0.000000 -0.000000
67  -0.000002 -0.601198 -2.062163  -0.000000 -0.000000 -0.000000
68  0.004380 -0.039407 6.613116  -0.000000 -0.000000 -0.000000
69  0.000002 -0.021787 -0.115848  -0.000000 -0.000000 -0.000000
70  0.000002 -3.304881 0.259169  -0.000000 -0.000000 -0.000000
71  -2.344243 -14.954354 -3.140466  1.562173 0.008701 -0.010037
72  0.057100 0.204433 -2.709595  -0.000000 -0.000000 -0.000000
73  0.111673 -0.283001 -2.709595  -0.000000 -0.000000 -0.000000
74  -0.128217 -0.750370 -2.709595  -0.000000 -0.000000 -0.000000
time 18
0  0 0 0  0 0 0
1  0.000006 0.000000 0.000000  -1.570800 -1.391899 -1.570792
2  -8.138873 1.780375 1.937664  -1.544956 -1.855077 -0.198630
3  6.027523 -0.000328 0.000192  -0.584148 -1.343060 -1.538288
4  11.692110 0.000645 -0.000739  -1.471380 -0.000008 -1.231171
5  11.480059 0.000689 -0.000456  1.113228 -0.936602 0.401088
6  3.571340 -0.073052 -1.193381  -0.630908 0.056337 -1.699771
7  1.312591 0.000011 0.000008  -0.000395 0.000880 -0.663191
8  0.729354 0.000054 0.000049  -0.000172 0.000021 -0.220360
9  3.942143 0.046273 -0.431513  -0.413547 0.112709 -1.516154
10  1.539110 0.000083 0.000003  -0.001056 0.003239 -0.572825
11  1.196333 0.000145 0.000030  -0.000216 0.000008 -0.647849
12  3.883507 -0.047268 0.431382  -0.386032 0.372160 -1.001174
13  1.719574 -0.000030 0.000016  0.029635 0.017714 -0.994916
14  1.209179 0.000091 0.000012  -0.001849 0.000829 -0.701988
15  3.859663 -0.138475 1.332410  -0.061682 0.488092 -0.444155
16  1.719448 -0.000011 0.000021  -0.017509 -0.024177 -0.574397
17  1.099675 0.000049 0.000008  0.000693 0.002640 -1.571702
18  0.945843 -0.861836 1.304575  -1.769690 -0.354327 -0.275173
19  1.789819 -0.000003 -0.000018  0.008665 0.005630 -0.065006
20  1.207013 -0.000012 -0.000044  0.000321 -0.000553 0.304742
21  5.740637 0.000409 -0.000700  -0.134913 0.000003 0.000071
22  11.481016 0.000349 -0.000746  -0.041737 -0.176148 0.021863
23  6.027523 -0.000330 0.000203  1.543592 -0.226217 1.724090
24  0.000002 11.692099 -0.000006  -0.867123 -0.335065 -0.700420
25  0.000002 0.000008 -0.000000  -0.602294 -0.000031 1.570739
26  -0.000001 -0.000011 -0.000000  0.868957 0.000002 1.570712
27  -5.843360 -7.961716 2.089273  1.473120 1.855075 -0.198639
28  6.027507 -0.000260 -0.000231  1.610145 0.508580 -0.478580
29  11.691992 0.000241 0.000855  0.141449 0.000084 -2.017119
30  11.480458 -0.000207 0.000864  -0.953886 0.120421 0.797550
31  3.859436 -0.132788 1.193062  0.419753 0.064213 -1.630734
32  1.312559 0.000025 0.000000  0.018650 -0.111950 -0.566450
33  0.729345 0.000066 -0.000028  -0.136092 -0.130379 -0.745071
34  3.942046 0.050109 0.430997  0.227728 0.017433 -1.395883
35  1.539096 0.000005 -0.000000  0.033374 -0.057010 -0.978694
36  1.196299 0.000077 -0.000004  -0.008681 -0.024216 -0.882959
37  3.883412 -0.050502 -0.431087  0.220900 -0.070369 -1.119647
38  1.719563 -0.000081 -0.000003  0.013025 -0.077950 -1.452999
39  1.209197 0.000035 0.000011  0.008192 -0.000795 -0.494142
40  3.859585 -0.149112 -1.331323  -0.144133 0.068146 -0.137838
41  1.719412 -0.000097 -0.000034  -0.015109 -0.000174 -1.071001
42  1.099673 0.000024 0.000008  -0.004386 -0.008133 -0.862854
43  0.805979 -0.359854 -1.318338  0.974252 0.268925 -0.894612
44  1.789779 -0.000008 -0.000042  0.001484 -0.011936 0.235362
45  1.206996 -0.000005 0.000005  0.001538 -0.000068 1.118076
46  5.740571 0.000055 0.000725  0.191060 -0.000014 0.000021
47  11.481035 -0.000006 0.000923  0.115052 0.045423 0.133480
48  6.027514 -0.000274 -0.000237  -0.615451 -0.567203 -1.686410
49  -0.000002 11.691974 -0.000008  -1.335613 0.783637 0.965124
50  0.000002 -0.000000 -0.000000  2.413975 -0.000041 1.570856
51  -0.000006 -0.000015 0.000004  2.272644 -0.000030 1.570865
52  -4.251183 -3.441712 -7.224447  3.059993 -0.070276 -1.473841
53  -0.000000 -0.000000 -0.000000  0.008153 -0.000259 0.000009
54  0.000000 0.000000 -0.000000  1.565115 0.043565 -0.106862
55  -0.565738 -16.763088 -5.612778  -0.946606 0.138018 -1.913575
56  0.000001 0.000001 -0.000000  0.000000 -0.000000 -0.000002
57  0.000031 0.000030 0.000001  -1.571901 -0.044449 -0.106509
58  8.426761 -19.544212 -16.568478  1.570796 -0.000000 0.000000
59  -15.417985 2.938832 -17.970421  1.570796 -0.000000 0.000000
60  1.941978 -0.304065 -8.327020  1.570796 -0.000000 0.000000
61  -0.004311 0.001229 -0.000371  0.006898 -0.005534 -0.284229
62  2.089273 8.874444 -4.333363  1.570796 -0.000000 0.000000
63  0.000000 0.000000 0.000000  -0.078727 -3.136056 0.284226
64  1.000000 0.000000 -0.750000  1.571390 -0.004427 -0.000001
65  -2.335079 -10.098704 -1.912647  1.559702 0.020962 -0.007094
66  0.000002 -2.923558 -1.408042  0.000000 0.000000 0.000000
67  -0.000002 -0.601197 -2.062164  0.000000 0.000000 0.000000
68  0.004380 -0.039407 6.613115  0.000000 0.000000 0.000000
69  0.000002 -0.021786 -0.115849  0.000000 0.000000 -0.000000
70  0.000002 -3.304881 0.259169  0.000000 0.000000 0.000000
71  -2.394095 -14.849232 -3.119903  1.559702 0.020962 -0.007094
72  0.057100 0.204433 -2.709597  0.000000 0.000000 0.000000
73  0.111673 -0.283001 -2.709595  0.000000 0.000000 0.000000
74  -0.128217 -0.750370 -2.709596  0.000000 0.000000 0.000000
time 19
0  0 0 0  0 0 0
1  0.000006 0.000000 0.000000  -1.570800 -1.391899 -1.570792
2  -8.138873 1.780375 1.937664  -1.544956 -1.855077 -0.198630
3  6.027523 -0.000327 0.000192  -0.553845 -1.346139 -1.564949
4  11.692111 0.000643 -0.000740  -1.471379 -0.000007 -1.214185
5  11.480132 0.000693 -0.000424  1.108368 -0.926420 0.376659
6  3.571340 -0.073053 -1.193381  -0.630908 0.056336 -1.699771
7  1.312589 0.000011 0.000009  -0.000395 0.000880 -0.663191
8  0.729355 0.000054 0.000048  -0.000172 0.000021 -0.220360
9  3.942144 0.046272 -0.431512  -0.413547 0.112709 -1.516154
10  1.539110 0.000083 0.000003  -0.001056 0.003239 -0.572825
11  1.196334 0.000146 0.000028  -0.000216 0.000008 -0.647849
12  3.883505 -0.047269 0.431381  -0.386032 0.372160 -1.001174
13  1.719574 -0.000026 0.000016  0.029634 0.017714 -0.994916
14  1.209180 0.000090 0.000012  -0.001849 0.000829 -0.701988
15  3.859663 -0.138475 1.332411  -0.061682 0.488091 -0.444155
16  1.719449 -0.000010 0.000022  -0.017509 -0.024177 -0.574397
17  1.099675 0.000048 0.000006  0.000693 0.002640 -1.571702
18  0.945844 -0.861836 1.304575  -1.769690 -0.354327 -0.275173
19  1.789820 -0.000003 -0.000018  0.008665 0.005630 -0.065006
20  1.207016 -0.000012 -0.000044  0.000321 -0.000553 0.304742
21  5.740637 0.000409 -0.000703  -0.137036 0.000003 0.000071
22  11.481031 0.000351 -0.000741  -0.044945 -0.173841 0.017564
23  6.027523 -0.000330 0.000203  1.537115 -0.222244 1.728400
24  0.000001 11.692099 -0.000007  -0.856603 -0.326742 -0.692872
25  0.000004 0.000009 -0.000001  -0.602294 -0.000030 1.570739
26  -0.000001 -0.000011 -0.000000  0.868957 0.000002 1.570712
27  -5.843360 -7.961716 2.089273  1.473120 1.855075 -0.198639
28  6.027507 -0.000260 -0.000231  1.626565 0.507239 -0.476249
29  11.691992 0.000241 0.000855  0.141449 0.000083 -2.003527
30  11.480521 -0.000168 0.000856  -0.981297 0.096698 0.780188
31  3.859436 -0.132787 1.193063  0.419753 0.064213 -1.630733
32  1.312558 0.000026 0.000000  0.018650 -0.111950 -0.566450
33  0.729345 0.000066 -0.000028  -0.136092 -0.130379 -0.745071
34  3.942046 0.050109 0.430997  0.227728 0.017433 -1.395883
35  1.539096 0.000004 -0.000000  0.033374 -0.057010 -0.978694
36  1.196299 0.000077 -0.000005  -0.008681 -0.024216 -0.882959
37  3.883411 -0.050502 -0.431087  0.220900 -0.070369 -1.119647
38  1.719563 -0.000081 -0.000003  0.013025 -0.077950 -1.452999
39  1.209197 0.000034 0.000010  0.008192 -0.000795 -0.494142
40  3.859585 -0.149112 -1.331323  -0.144133 0.068146 -0.137838
41  1.719412 -0.000098 -0.000035  -0.015109 -0.000174 -1.071001
42  1.099673 0.000025 0.000006  -0.004386 -0.008133 -0.862854
43  0.805979 -0.359854 -1.318337  0.974252 0.268925 -0.894612
44  1.789779 -0.000007 -0.000043  0.001484 -0.011936 0.235362
45  1.206996 -0.000005 0.000005  0.001538 -0.000068 1.118076
46  5.740572 0.000055 0.000725  0.184789 -0.000014 0.000021
47  11.481049 0.000002 0.000921  0.111887 0.038248 0.132022
48  6.027514 -0.000274 -0.000237  -0.608047 -0.554228 -1.696003
49  -0.000002 11.691975 -0.000007  -1.327289 0.775112 0.962199
50  0.000004 -0.000001 0.000001  2.413975 -0.000041 1.570856
51  -0.000006 -0.000015 0.000004  2.272644 -0.000030 1.570865
52  -4.448973 -3.569022 -7.182640  3.037130 -0.068732 -1.465687
53  -0.000000 0.000000 0.000000  0.008153 -0.000259 0.000009
54  -0.000000 0.000000 0.000001  1.565115 0.043565 -0.106862
55  -0.640183 -16.864594 -5.646413  -0.968074 0.129658 -1.909874
56  0.000002 -0.000001 0.000001  0.000000 -0.000000 -0.000002
57  0.000031 0.000029 0.000001  -1.571902 -0.044449 -0.106509
58  8.426761 -19.544212 -16.568478  1.570796 -0.000000 0.000000
59  -15.417985 2.938832 -17.970421  1.570796 -0.000000 0.000000
60  1.941978 -0.304065 -8.327020  1.570796 -0.000000 0.000000
61  -0.004311 0.001229 -0.000371  0.006898 -0.005534 -0.284229
62  2.089273 8.874444 -4.333363  1.570796 -0.000000 0.000000
63  0.000000 0.000000 0.000000  -0.078727 -3.136056 0.284226
64  1.000000 0.000000 -0.750000  1.570796 0.001791 0.000000
65  -2.368315 -10.208849 -1.911417  1.558850 0.043806 -0.000556
66  0.000002 -2.923558 -1.408041  0.000000 0.000000 0.000000
67  -0.000002 -0.601197 -2.062163  0.000000 0.000000 0.000000
68  0.004381 -0.039406 6.613114  0.000000 0.000000 0.000000
69  0.000002 -0.021786 -0.115850  0.000000 -0.000000 0.000000
70  0.000002 -3.304881 0.259170  0.000000 0.000000 0.000000
71  -2.423661 -14.960674 -3.113735  1.558850 0.043806 -0.000556
72  0.057100 0.204433 -2.709597  0.000000 -0.000000 0.000000
73  0.111673 -0.283001 -2.709598  0.000000 -0.000000 0.000000
74  -0.128217 -0.750370 -2.709597  0.000000 0.000000 0.000000
time 20
0  0 0 0  0 0 0
1  0.000006 0.000000 0.000000  -1.570800 -1.391899 -1.570792
2  -8.138873 1.780375 1.937664  -1.544956 -1.855077 -0.198630
3  6.027523 -0.000327 0.000192  -0.524005 -1.350373 -1.596132
4  11.692112 0.000642 -0.000740  -1.471378 -0.000006 -1.187946
5  11.480268 0.000699 -0.000358  1.114765 -0.911953 0.356762
6  3.571340 -0.073053 -1.193381  -0.630908 0.056337 -1.699771
7  1.312589 0.000013 0.000008  -0.000395 0.000880 -0.663191
8  0.729353 0.000054 0.000049  -0.000172 0.000021 -0.220360
9  3.942140 0.046273 -0.431512  -0.413547 0.112709 -1.516154
10  1.539111 0.000081 0.000005  -0.001056 0.003239 -0.572825
11  1.196332 0.000145 0.000031  -0.000216 0.000008 -0.647849
12  3.883505 -0.047269 0.431382  -0.386032 0.372160 -1.001174
13  1.719574 -0.000029 0.000015  0.029635 0.017714 -0.994916
14  1.209178 0.000092 0.000014  -0.001849 0.000829 -0.701988
15  3.859660 -0.138475 1.332410  -0.061682 0.488092 -0.444155
16  1.719448 -0.000012 0.000020  -0.017509 -0.024177 -0.574397
17  1.099675 0.000052 0.000008  0.000693 0.002640 -1.571702
18  0.945841 -0.861836 1.304575  -1.769690 -0.354327 -0.275173
19  1.789822 -0.000003 -0.000018  0.008665 0.005630 -0.065006
20  1.207015 -0.000012 -0.000045  0.000321 -0.000553 0.304742
21  5.740638 0.000410 -0.000703  -0.134915 0.000003 0.000071
22  11.481060 0.000351 -0.000729  -0.046137 -0.170543 0.015302
23  6.027523 -0.000330 0.000203  1.531182 -0.216976 1.727614
24  0.000002 11.692100 -0.000007  -0.840280 -0.314034 -0.681072
25  0.000003 0.000008 -0.000000  -0.602294 -0.000030 1.570738
26  -0.000000 -0.000012 -0.000000  0.868957 0.000002 1.570712
27  -5.843360 -7.961716 2.089273  1.473120 1.855075 -0.198639
28  6.027507 -0.000260 -0.000230  1.637394 0.514667 -0.474148
29  11.691993 0.000242 0.000854  0.141450 0.000082 -1.980297
30  11.478099 -0.001544 0.001052  -0.997023 0.078867 0.761831
31  3.859436 -0.132788 1.193061  0.419753 0.064213 -1.630733
32  1.312558 0.000024 0.000000  0.018650 -0.111950 -0.566450
33  0.729345 0.000066 -0.000028  -0.136092 -0.130379 -0.745071
34  3.942047 0.050109 0.430996  0.227728 0.017433 -1.395883
35  1.539096 0.000004 -0.000000  0.033374 -0.057010 -0.978694
36  1.196299 0.000076 -0.000004  -0.008681 -0.024216 -0.882959
37  3.883411 -0.050502 -0.431087  0.220900 -0.070369 -1.119647
38  1.719564 -0.000081 -0.000003  0.013025 -0.077950 -1.452999
39  1.209198 0.000035 0.000011  0.008192 -0.000795 -0.494142
40  3.859585 -0.149112 -1.331324  -0.144133 0.068146 -0.137838
41  1.719413 -0.000097 -0.000035  -0.015109 -0.000174 -1.071001
42  1.099673 0.000025 0.000007  -0.004386 -0.008133 -0.862854
43  0.805979 -0.359854 -1.318339  0.974252 0.268925 -0.894612
44  1.789779 -0.000009 -0.000042  0.001484 -0.011936 0.235362
45  1.206996 -0.000006 0.000005  0.001538 -0.000068 1.118076
46  5.740572 0.000055 0.000723  0.179784 -0.000014 0.000021
47  11.480564 -0.000273 0.000959  0.110391 0.032969 0.129659
48  6.027514 -0.000274 -0.000237  -0.612435 -0.542810 -1.696909
49  -0.000001 11.691975 -0.000007  -1.313138 0.760583 0.957030
50  0.000001 -0.000001 -0.000000  2.413975 -0.000041 1.570856
51  -0.000006 -0.000015 0.000005  2.272644 -0.000030 1.570865
52  -4.576971 -3.787734 -7.157805  3.024784 -0.067385 -1.458216
53  -0.000000 -0.000000 -0.000000  0.008153 -0.000259 0.000009
54  -0.000000 -0.000000 -0.000001  1.565115 0.043565 -0.106862
55  -0.661349 -17.057690 -5.669442  -0.979867 0.125567 -1.904742
56  -0.000002 -0.000001 -0.000000  0.000000 -0.000000 -0.000002
57  0.000028 0.000028 0.000001  -1.571902 -0.044449 -0.106509
58  8.426761 -19.544212 -16.568478  1.570796 -0.000000 0.000000
59  -15.417985 2.938832 -17.970421  1.570796 -0.000000 0.000000
60  1.941978 -0.304065 -8.327020  1.570796 -0.000000 0.000000
61  -0.004311 0.001229 -0.000371  0.006898 -0.005534 -0.284229
62  2.089273 8.874444 -4.333363  1.570796 -0.000000 0.000000
63  0.000000 0.000000 0.000000  -0.078727 -3.136056 0.284226
64  1.000000 0.000000 -0.750000  1.570796 0.005139 0.000000
65  -2.387171 -10.413402 -1.913044  1.558885 0.056197 0.006078
66  0.000002 -2.923557 -1.408043  -0.000000 -0.000000 -0.000000
67  -0.000002 -0.601197 -2.062165  -0.000000 -0.000000 -0.000000
68  0.004381 -0.039406 6.613114  -0.000000 -0.000000 -0.000000
69  0.000002 -0.021786 -0.115848  -0.000000 0.000000 -0.000000
70  0.000002 -3.304880 0.259168  -0.000000 -0.000000 -0.000000
71  -2.425896 -15.165535 -3.114781  1.558885 0.056197 0.006078
72  0.057100 0.204433 -2.709596  -0.000000 -0.000000 -0.000000
73  0.111673 -0.283001 -2.709595  -0.000000 -0.000000 -0.000000
74  -0.128218 -0.750370 -2.709596  -0.000000 0.000000 -0.000000
time 21
0  0 0 0  0 0 0
1  0.000006 0.000000 0.000000  -1.570800 -1.391899 -1.570792
2  -8.138873 1.780375 1.937664  -1.544956 -1.855077 -0.198630
3  6.027523 -0.000327 0.000192  -0.516766 -1.351938 -1.605617
4  11.692112 0.000644 -0.000739  -1.471377 -0.000005 -1.176145
5  11.480328 0.000703 -0.000327  1.121300 -0.906858 0.352936
6  3.571339 -0.073053 -1.193381  -0.630908 0.056337 -1.699771
7  1.312590 0.000014 0.000010  -0.000395 0.000880 -0.663191
8  0.729354 0.000053 0.000049  -0.000172 0.000021 -0.220360
9  3.942143 0.046273 -0.431512  -0.413547 0.112709 -1.516154
10  1.539110 0.000084 0.000006  -0.001056 0.003240 -0.572825
11  1.196333 0.000145 0.000031  -0.000216 0.000008 -0.647849
12  3.883505 -0.047269 0.431381  -0.386032 0.372160 -1.001174
13  1.719573 -0.000027 0.000016  0.029635 0.017714 -0.994916
14  1.209179 0.000091 0.000012  -0.001849 0.000829 -0.701988
15  3.859663 -0.138475 1.332410  -0.061682 0.488091 -0.444155
16  1.719449 -0.000013 0.000022  -0.017508 -0.024177 -0.574397
17  1.099676 0.000049 0.000006  0.000693 0.002640 -1.571702
18  0.945844 -0.861837 1.304576  -1.769690 -0.354327 -0.275173
19  1.789819 -0.000003 -0.000018  0.008665 0.005630 -0.065006
20  1.207017 -0.000012 -0.000044  0.000321 -0.000553 0.304742
21  5.740636 0.000411 -0.000701  -0.132471 0.000003 0.000071
22  11.481071 0.000352 -0.000722  -0.045591 -0.169354 0.015450
23  6.027523 -0.000330 0.000203  1.529891 -0.215146 1.725470
24  0.000002 11.692100 -0.000008  -0.832909 -0.308378 -0.675711
25  0.000003 0.000008 -0.000002  -0.602294 -0.000031 1.570739
26  -0.000001 -0.000011 -0.000001  0.868957 0.000002 1.570712
27  -5.843360 -7.961716 2.089273  1.473120 1.855075 -0.198639
28  6.027507 -0.000260 -0.000231  1.639143 0.520179 -0.473479
29  11.691992 0.000243 0.000856  0.141450 0.000081 -1.968905
30  11.478194 -0.001504 0.001045  -0.996301 0.073850 0.755216
31  3.859436 -0.132788 1.193062  0.419753 0.064213 -1.630733
32  1.312558 0.000024 -0.000001  0.018649 -0.111950 -0.566450
33  0.729345 0.000066 -0.000027  -0.136092 -0.130379 -0.745071
34  3.942046 0.050109 0.430996  0.227728 0.017433 -1.395883
35  1.539096 0.000006 0.000001  0.033374 -0.057010 -0.978694
36  1.196300 0.000076 -0.000004  -0.008681 -0.024216 -0.882959
37  3.883411 -0.050502 -0.431087  0.220900 -0.070369 -1.119647
38  1.719564 -0.000081 -0.000003  0.013025 -0.077950 -1.452999
39  1.209196 0.000035 0.000011  0.008192 -0.000795 -0.494142
40  3.859584 -0.149112 -1.331323  -0.144133 0.068146 -0.137838
41  1.719411 -0.000098 -0.000034  -0.015109 -0.000174 -1.071001
42  1.099673 0.000025 0.000007  -0.004386 -0.008133 -0.862854
43  0.805979 -0.359854 -1.318338  0.974252 0.268925 -0.894612
44  1.789780 -0.000006 -0.000043  0.001484 -0.011936 0.235362
45  1.206996 -0.000006 0.000005  0.001538 -0.000068 1.118076
46  5.740570 0.000056 0.000724  0.178989 -0.000014 0.000021
47  11.480582 -0.000265 0.000959  0.110942 0.031774 0.128570
48  6.027514 -0.000274 -0.000237  -0.617871 -0.539497 -1.694305
49  -0.000002 11.691975 -0.000006  -1.306233 0.753478 0.954418
50  0.000003 -0.000001 0.000000  2.413975 -0.000041 1.570856
51  -0.000007 -0.000015 0.000005  2.272644 -0.000030 1.570865
52  -4.596175 -3.897480 -7.155817  3.026239 -0.066196 -1.455279
53  -0.000000 0.000000 -0.000001  0.008153 -0.000259 0.000009
54  0.000000 -0.000000 0.000000  1.565115 0.043565 -0.106862
55  -0.642249 -17.157494 -5.680177  -0.979064 0.127267 -1.901608
56  -0.000001 -0.000000 0.000000  0.000000 -0.000000 -0.000002
57  0.000029 0.000029 0.000001  -1.571901 -0.044449 -0.106509
58  8.426761 -19.544212 -16.568478  1.570796 -0.000000 0.000000
59  -15.417985 2.938832 -17.970421  1.570796 -0.000000 0.000000
60  1.941978 -0.304065 -8.327020  1.570796 -0.000000 0.000000
61  -0.004311 0.001229 -0.000371  0.006898 -0.005534 -0.284229
62  2.089273 8.874444 -4.333363  1.570796 -0.000000 0.000000
63  0.000000 0.000000 0.000000  -0.078727 -3.136056 0.284226
64  1.000000 0.000000 -0.750000  1.570796 0.004758 0.000000
65  -2.393127 -10.523546 -1.917109  1.560223 0.054880 0.009186
66  0.000002 -2.923558 -1.408042  -0.000000 -0.000000 -0.000000
67  -0.000002 -0.601197 -2.062164  -0.000000 -0.000000 -0.000000
68  0.004380 -0.039407 6.613116  -0.000000 -0.000000 -0.000000
69  0.000002 -0.021787 -0.115848  -0.000000 0.000000 -0.000000
70  0.000002 -3.304881 0.259169  -0.000000 -0.000000 -0.000000
71  -2.415863 -15.274149 -3.125287  1.560223 0.054880 0.009186
72  0.057100 0.204432 -2.709596  -0.000000 -0.000000 -0.000000
73  0.111673 -0.283002 -2.709596  -0.000000 -0.000000 -0.000000
74  -0.128218 -0.750371 -2.709597  -0.000000 0.000000 -0.000000
time 22
0  0 0 0  0 0 0
1  0.000006 0.000000 0.000000  -1.570800 -1.391899 -1.570792
2  -8.138873 1.780375 1.937664  -1.544956 -1.855077 -0.198630
3  6.027523 -0.000327 0.000192  -0.538591 -1.349552 -1.584737
4  11.692112 0.000644 -0.000739  -1.471378 -0.000005 -1.183440
5  11.480290 0.000702 -0.000345  1.118267 -0.910561 0.360827
6  3.571339 -0.073052 -1.193380  -0.630908 0.056337 -1.699771
7  1.312590 0.000013 0.000008  -0.000395 0.000880 -0.663191
8  0.729356 0.000054 0.000049  -0.000172 0.000021 -0.220360
9  3.942143 0.046273 -0.431511  -0.413547 0.112709 -1.516154
10  1.539112 0.000083 0.000005  -0.001056 0.003239 -0.572825
11  1.196333 0.000143 0.000029  -0.000216 0.000008 -0.647849
12  3.883504 -0.047269 0.431382  -0.386032 0.372160 -1.001174
13  1.719573 -0.000026 0.000014  0.029635 0.017714 -0.994916
14  1.209180 0.000093 0.000011  -0.001849 0.000829 -0.701987
15  3.859662 -0.138475 1.332411  -0.061682 0.488091 -0.444155
16  1.719449 -0.000012 0.000021  -0.017509 -0.024177 -0.574397
17  1.099675 0.000050 0.000004  0.000693 0.002640 -1.571702
18  0.945843 -0.861836 1.304576  -1.769690 -0.354327 -0.275173
19  1.789823 -0.000003 -0.000016  0.008665 0.005630 -0.065006
20  1.207017 -0.000012 -0.000044  0.000321 -0.000553 0.304742
21  5.740636 0.000410 -0.000701  -0.132651 0.000003 0.000071
22  11.481063 0.000352 -0.000726  -0.045341 -0.170289 0.016424
23  6.027523 -0.000330 0.000203  1.534258 -0.218339 1.724112
24  0.000002 11.692100 -0.000008  -0.837467 -0.311870 -0.679029
25  0.000005 0.000009 -0.000003  -0.602294 -0.000031 1.570739
26  -0.000000 -0.000011 -0.000000  0.868957 0.000002 1.570712
27  -5.843360 -7.961716 2.089273  1.473120 1.855075 -0.198639
28  6.027507 -0.000260 -0.000231  1.635553 0.522000 -0.473926
29  11.691993 0.000243 0.000857  0.141450 0.000081 -1.972580
30  11.478165 -0.001516 0.001047  -0.991365 0.076682 0.762875
31  3.859435 -0.132788 1.193062  0.419753 0.064213 -1.630733
32  1.312558 0.000025 0.000000  0.018649 -0.111950 -0.566450
33  0.729345 0.000065 -0.000028  -0.136092 -0.130379 -0.745071
34  3.942046 0.050109 0.430996  0.227728 0.017433 -1.395883
35  1.539095 0.000004 -0.000000  0.033374 -0.057010 -0.978694
36  1.196299 0.000076 -0.000004  -0.008681 -0.024216 -0.882959
37  3.883411 -0.050502 -0.431087  0.220900 -0.070369 -1.119647
38  1.719563 -0.000082 -0.000003  0.013025 -0.077950 -1.452999
39  1.209195 0.000035 0.000011  0.008192 -0.000795 -0.494142
40  3.859585 -0.149112 -1.331324  -0.144133 0.068146 -0.137838
41  1.719412 -0.000098 -0.000034  -0.015109 -0.000174 -1.071001
42  1.099674 0.000024 0.000007  -0.004386 -0.008133 -0.862854
43  0.805978 -0.359854 -1.318338  0.974252 0.268925 -0.894612
44  1.789779 -0.000007 -0.000042  0.001484 -0.011936 0.235362
45  1.206996 -0.000005 0.000005  0.001538 -0.000068 1.118076
46  5.740571 0.000056 0.000724  0.180799 -0.000014 0.000021
47  11.480576 -0.000266 0.000960  0.111617 0.033000 0.129826
48  6.027514 -0.000274 -0.000237  -0.621116 -0.541793 -1.691295
49  -0.000001 11.691975 -0.000007  -1.308458 0.755768 0.955266
50  0.000001 -0.000000 0.000000  2.413975 -0.000041 1.570856
51  -0.000007 -0.000015 0.000004  2.272644 -0.000030 1.570865
52  -4.533839 -3.866698 -7.148091  3.029814 -0.063556 -1.456090
53  -0.000000 -0.000000 -0.000000  0.008153 -0.000259 0.000009
54  -0.000000 -0.000000 0.000000  1.565115 0.043565 -0.106862
55  -0.592326 -17.133429 -5.699876  -0.976967 0.131188 -1.901916
56  -0.000000 0.000000 0.000000  0.000000 -0.000000 -0.000002
57  0.000029 0.000029 0.000001  -1.571901 -0.044449 -0.106509
58  8.426761 -19.544212 -16.568478  1.570796 -0.000000 0.000000
59  -15.417985 2.938832 -17.970421  1.570796 -0.000000 0.000000
60  1.941978 -0.304065 -8.327020  1.570796 -0.000000 0.000000
61  -0.004311 0.001229 -0.000371  0.006898 -0.005534 -0.284229
62  2.089273 8.874444 -4.333363  1.570796 -0.000000 0.000000
63  0.000000 0.000000 0.000000  -0.078727 -3.136056 0.284226
64  1.000000 0.000000 -0.750000  1.570796 0.003806 0.000000
65  -2.351587 -10.509897 -1.922395  1.563231 0.051612 0.008767
66  0.000002 -2.923558 -1.408042  0.000000 0.000000 -0.000000
67  -0.000002 -0.601197 -2.062165  0.000000 0.000000 -0.000000
68  0.004380 -0.039407 6.613116  0.000000 0.000000 -0.000000
69  0.000002 -0.021786 -0.115848  0.000000 0.000000 -0.000000
70  0.000002 -3.304881 0.259169  0.000000 0.000000 -0.000000
71  -2.373132 -15.256804 -3.145044  1.563231 0.051612 0.008767
72  0.057100 0.204433 -2.709597  0.000000 0.000000 -0.000000
73  0.111673 -0.283001 -2.709597  0.000000 0.000000 -0.000000
74  -0.128218 -0.750370 -2.709597  0.000000 0.000000 -0.000000
time 23
0  0 0 0  0 0 0
1  0.000006 0.000000 0.000000  -1.570800 -1.391899 -1.570792
2  -8.138873 1.780375 1.937664  -1.544956 -1.855077 -0.198630
3  6.027523 -0.000328 0.000192  -0.561970 -1.346616 -1.561761
4  11.692111 0.000644 -0.000738  -1.471378 -0.000006 -1.192932
5  11.480239 0.000698 -0.000369  1.113407 -0.915401 0.371074
6  3.571338 -0.073053 -1.193382  -0.630908 0.056336 -1.699771
7  1.312590 0.000012 0.000008  -0.000395 0.000880 -0.663191
8  0.729356 0.000054 0.000049  -0.000172 0.000021 -0.220360
9  3.942143 0.046273 -0.431513  -0.413547 0.112709 -1.516154
10  1.539111 0.000082 0.000004  -0.001056 0.003239 -0.572825
11  1.196333 0.000144 0.000028  -0.000216 0.000008 -0.647849
12  3.883507 -0.047269 0.431381  -0.386032 0.372160 -1.001174
13  1.719574 -0.000028 0.000015  0.029635 0.017714 -0.994916
14  1.209180 0.000091 0.000012  -0.001849 0.000829 -0.701988
15  3.859662 -0.138476 1.332409  -0.061682 0.488092 -0.444155
16  1.719449 -0.000011 0.000021  -0.017509 -0.024177 -0.574397
17  1.099675 0.000051 0.000006  0.000693 0.002640 -1.571701
18  0.945845 -0.861836 1.304575  -1.769690 -0.354327 -0.275173
19  1.789817 -0.000003 -0.000018  0.008665 0.005630 -0.065006
20  1.207018 -0.000012 -0.000044  0.000320 -0.000553 0.304742
21  5.740636 0.000410 -0.000701  -0.133137 0.000003 0.000071
22  11.481052 0.000352 -0.000729  -0.045160 -0.171531 0.017597
23  6.027523 -0.000330 0.000203  1.539021 -0.222038 1.723246
24  0.000001 11.692099 -0.000007  -0.843388 -0.316434 -0.683327
25  0.000002 0.000009 -0.000001  -0.602294 -0.000031 1.570739
26  -0.000002 -0.000011 -0.000001  0.868957 0.000002 1.570712
27  -5.843360 -7.961716 2.089273  1.473120 1.855075 -0.198639
28  6.027507 -0.000260 -0.000231  1.631381 0.523266 -0.474517
29  11.691991 0.000242 0.000857  0.141450 0.000081 -1.978471
30  11.478113 -0.001538 0.001050  -0.985206 0.080530 0.773063
31  3.859436 -0.132788 1.193063  0.419753 0.064213 -1.630733
32  1.312558 0.000024 0.000000  0.018650 -0.111950 -0.566450
33  0.729345 0.000066 -0.000027  -0.136091 -0.130379 -0.745071
34  3.942047 0.050109 0.430997  0.227728 0.017433 -1.395883
35  1.539096 0.000005 -0.000000  0.033374 -0.057010 -0.978694
36  1.196300 0.000076 -0.000003  -0.008681 -0.024216 -0.882959
37  3.883412 -0.050502 -0.431086  0.220900 -0.070369 -1.119647
38  1.719563 -0.000081 -0.000004  0.013025 -0.077950 -1.452999
39  1.209196 0.000035 0.000011  0.008192 -0.000795 -0.494142
40  3.859586 -0.149112 -1.331322  -0.144133 0.068146 -0.137838
41  1.719411 -0.000098 -0.000034  -0.015109 -0.000174 -1.071001
42  1.099673 0.000025 0.000006  -0.004386 -0.008133 -0.862854
43  0.805980 -0.359854 -1.318338  0.974252 0.268925 -0.894612
44  1.789779 -0.000008 -0.000042  0.001484 -0.011936 0.235362
45  1.206997 -0.000005 0.000005  0.001538 -0.000068 1.118076
46  5.740571 0.000054 0.000723  0.183172 -0.000014 0.000021
47  11.480566 -0.000273 0.000959  0.112423 0.034624 0.131496
48  6.027514 -0.000274 -0.000237  -0.623971 -0.544741 -1.688328
49  -0.000003 11.691977 -0.000007  -1.312030 0.759443 0.956615
50  0.000003 -0.000002 0.000001  2.413975 -0.000041 1.570856
51  -0.000008 -0.000014 0.000005  2.272644 -0.000030 1.570865
52  -4.461671 -3.814786 -7.138186  3.034299 -0.060429 -1.457762
53  0.000000 0.000000 0.000000  0.008153 -0.000259 0.000009
54  0.000000 -0.000000 0.000000  1.565115 0.043565 -0.106862
55  -0.544523 -17.092176 -5.721875  -0.974251 0.135938 -1.902949
56  0.000001 -0.000001 0.000000  0.000000 -0.000000 -0.000002
57  0.000030 0.000028 0.000002  -1.571901 -0.044449 -0.106509
58  8.426761 -19.544212 -16.568478  1.570796 -0.000000 0.000000
59  -15.417985 2.938832 -17.970421  1.570796 -0.000000 0.000000
60  1.941978 -0.304065 -8.327020  1.570796 -0.000000 0.000000
61  -0.004311 0.001229 -0.000371  0.006898 -0.005534 -0.284229
62  2.089273 8.874444 -4.333363  1.570796 -0.000000 0.000000
63  0.000000 0.000000 0.000000  -0.078727 -3.136056 0.284226
64  1.000000 0.000000 -0.750000  1.570796 0.002569 0.000000
65  -2.310046 -10.479873 -1.927681  1.566817 0.047491 0.007550
66  0.000002 -2.923558 -1.408043  0.000000 -0.000000 0.000000
67  -0.000002 -0.601197 -2.062165  0.000000 -0.000000 0.000000
68  0.004381 -0.039407 6.613114  0.000000 -0.000000 0.000000
69  0.000002 -0.021787 -0.115850  0.000000 -0.000000 -0.000000
70  0.000002 -3.304880 0.259168  0.000000 -0.000000 0.000000
71  -2.333169 -15.222297 -3.167574  1.566817 0.047491 0.007550
72  0.057100 0.204433 -2.709598  0.000000 -0.000000 0.000000
73  0.111673 -0.283002 -2.709598  0.000000 -0.000000 0.000000
74  -0.128217 -0.750370 -2.709598  0.000000 0.000000 0.000000
time 24
0  0 0 0  0 0 0
1  0.000006 0.000000 0.000000  -1.570800 -1.391899 -1.570792
2  -8.138873 1.780375 1.937664  -1.544956 -1.855077 -0.198630
3  6.027523 -0.000328 0.000192  -0.571150 -1.344892 -1.551106
4  11.692110 0.000642 -0.000739  -1.471379 -0.000006 -1.199199
5  11.480208 0.000699 -0.000387  1.108757 -0.920207 0.378518
6  3.571340 -0.073053 -1.193381  -0.630908 0.056336 -1.699771
7  1.312591 0.000013 0.000009  -0.000395 0.000880 -0.663191
8  0.729356 0.000053 0.000049  -0.000172 0.000021 -0.220360
9  3.942143 0.046273 -0.431512  -0.413547 0.112709 -1.516154
10  1.539111 0.000084 0.000005  -0.001056 0.003240 -0.572825
11  1.196332 0.000146 0.000030  -0.000216 0.000008 -0.647849
12  3.883505 -0.047269 0.431381  -0.386032 0.372160 -1.001174
13  1.719572 -0.000028 0.000016  0.029634 0.017714 -0.994916
14  1.209178 0.000091 0.000014  -0.001849 0.000829 -0.701988
15  3.859663 -0.138476 1.332410  -0.061682 0.488092 -0.444155
16  1.719450 -0.000012 0.000022  -0.017509 -0.024177 -0.574397
17  1.099674 0.000048 0.000004  0.000693 0.002640 -1.571702
18  0.945846 -0.861836 1.304576  -1.769690 -0.354327 -0.275173
19  1.789821 -0.000003 -0.000019  0.008665 0.005630 -0.065006
20  1.207019 -0.000012 -0.000045  0.000321 -0.000553 0.304742
21  5.740636 0.000411 -0.000702  -0.133743 0.000003 0.000070
22  11.481048 0.000352 -0.000734  -0.045131 -0.172702 0.018273
23  6.027523 -0.000330 0.000203  1.540856 -0.224029 1.724546
24  0.000002 11.692099 -0.000008  -0.847291 -0.319462 -0.686153
25  0.000002 0.000009 -0.000001  -0.602294 -0.000031 1.570738
26  -0.000000 -0.000012 -0.000001  0.868957 0.000002 1.570712
27  -5.843360 -7.961716 2.089273  1.473120 1.855075 -0.198639
28  6.027507 -0.000260 -0.000231  1.630397 0.521994 -0.474758
29  11.691992 0.000243 0.000858  0.141450 0.000082 -1.983545
30  11.478070 -0.001557 0.001053  -0.980182 0.080932 0.779421
31  3.859436 -0.132788 1.193061  0.419753 0.064213 -1.630734
32  1.312558 0.000026 0.000000  0.018649 -0.111950 -0.566450
33  0.729345 0.000066 -0.000028  -0.136092 -0.130379 -0.745071
34  3.942046 0.050109 0.430997  0.227728 0.017433 -1.395883
35  1.539096 0.000004 0.000000  0.033374 -0.057010 -0.978694
36  1.196300 0.000076 -0.000004  -0.008681 -0.024216 -0.882959
37  3.883411 -0.050502 -0.431087  0.220900 -0.070369 -1.119647
38  1.719563 -0.000081 -0.000004  0.013025 -0.077950 -1.452999
39  1.209197 0.000035 0.000011  0.008192 -0.000795 -0.494142
40  3.859585 -0.149112 -1.331323  -0.144133 0.068146 -0.137838
41  1.719412 -0.000098 -0.000034  -0.015109 -0.000174 -1.071001
42  1.099673 0.000024 0.000007  -0.004386 -0.008133 -0.862854
43  0.805979 -0.359854 -1.318338  0.974252 0.268925 -0.894612
44  1.789780 -0.000008 -0.000042  0.001484 -0.011936 0.235362
45  1.206996 -0.000004 0.000005  0.001538 -0.000068 1.118076
46  5.740571 0.000056 0.000725  0.185057 -0.000014 0.000021
47  11.480558 -0.000276 0.000960  0.113294 0.035353 0.132602
48  6.027514 -0.000274 -0.000237  -0.622926 -0.545985 -1.688619
49  -0.000002 11.691977 -0.000007  -1.315111 0.762611 0.957766
50  0.000003 -0.000000 0.000000  2.413975 -0.000041 1.570856
51  -0.000008 -0.000015 0.000004  2.272644 -0.000030 1.570865
52  -4.441142 -3.767223 -7.130451  3.038612 -0.057849 -1.458802
53  0.000000 0.000000 0.000001  0.008153 -0.000259 0.000009
54  -0.000000 -0.000000 0.000000  1.565115 0.043565 -0.106862
55  -0.540024 -17.051962 -5.739009  -0.971448 0.140120 -1.903348
56  0.000000 0.000000 -0.000000  0.000000 -0.000000 -0.000002
57  0.000030 0.000029 0.000001  -1.571901 -0.044449 -0.106509
58  8.426761 -19.544212 -16.568478  1.570796 -0.000000 0.000000
59  -15.417985 2.938832 -17.970421  1.570796 -0.000000 0.000000
60  1.941978 -0.304065 -8.327020  1.570796 -0.000000 0.000000
61  -0.004311 0.001229 -0.000371  0.006898 -0.005534 -0.284229
62  2.089273 8.874444 -4.333363  1.570796 -0.000000 0.000000
63  0.000000 0.000000 0.000000  -0.078727 -3.136056 0.284226
64  1.000000 0.000000 -0.750000  1.570796 0.001332 0.000000
65  -2.315520 -10.449846 -1.931747  1.569838 0.043480 0.006902
66  0.000002 -2.923558 -1.408043  0.000000 -0.000000 -0.000000
67  -0.000002 -0.601197 -2.062166  0.000000 -0.000000 -0.000000
68  0.004380 -0.039406 6.613115  0.000000 -0.000000 -0.000000
69  0.000002 -0.021786 -0.115849  0.000000 -0.000000 -0.000000
70  0.000002 -3.304880 0.259167  0.000000 -0.000000 -0.000000
71  -2.337391 -15.188453 -3.186172  1.569838 0.043480 0.006902
72  0.057100 0.204433 -2.709596  0.000000 -0.000000 -0.000000
73  0.111673 -0.283002 -2.709596  0.000000 -0.000000 -0.000000
74  -0.128217 -0.750370 -2.709596  0.000000 0.000000 -0.000000
time 25
0  0 0 0  0 0 0
1  0.000006 0.000000 0.000000  -1.570800 -1.391899 -1.570792
2  -8.138873 1.780375 1.937664  -1.544956 -1.855077 -0.198630
3  6.027523 -0.000328 0.000192  -0.575078 -1.344186 -1.546687
4  11.692110 0.000643 -0.000739  -1.471379 -0.000006 -1.201954
5  11.480194 0.000694 -0.000392  1.107411 -0.922636 0.382224
6  3.571338 -0.073053 -1.193381  -0.630908 0.056336 -1.699771
7  1.312591 0.000013 0.000008  -0.000395 0.000880 -0.663191
8  0.729354 0.000054 0.000049  -0.000172 0.000021 -0.220360
9  3.942143 0.046273 -0.431512  -0.413547 0.112709 -1.516154
10  1.539110 0.000084 0.000006  -0.001056 0.003240 -0.572825
11  1.196333 0.000146 0.000029  -0.000216 0.000008 -0.647849
12  3.883505 -0.047269 0.431381  -0.386032 0.372160 -1.001174
13  1.719573 -0.000027 0.000017  0.029635 0.017714 -0.994916
14  1.209177 0.000091 0.000012  -0.001849 0.000829 -0.701987
15  3.859664 -0.138475 1.332410  -0.061682 0.488092 -0.444155
16  1.719448 -0.000013 0.000021  -0.017509 -0.024177 -0.574397
17  1.099675 0.000050 0.000005  0.000693 0.002640 -1.571701
18  0.945844 -0.861835 1.304575  -1.769690 -0.354327 -0.275173
19  1.789820 -0.000003 -0.000017  0.008665 0.005630 -0.065006
20  1.207020 -0.000012 -0.000044  0.000321 -0.000553 0.304742
21  5.740635 0.000410 -0.000702  -0.133829 0.000003 0.000070
22  11.481042 0.000351 -0.000737  -0.044946 -0.173270 0.018692
23  6.027523 -0.000330 0.000203  1.541657 -0.224845 1.724960
24  0.000001 11.692099 -0.000008  -0.849005 -0.320796 -0.687393
25  0.000004 0.000009 -0.000001  -0.602294 -0.000030 1.570739
26  -0.000001 -0.000011 -0.000002  0.868957 0.000002 1.570712
27  -5.843360 -7.961716 2.089273  1.473120 1.855075 -0.198639
28  6.027507 -0.000260 -0.000231  1.629685 0.521187 -0.474923
29  11.691992 0.000242 0.000855  0.141450 0.000082 -1.986034
30  11.480552 -0.000158 0.000853  -0.976970 0.081480 0.782092
31  3.859436 -0.132787 1.193062  0.419753 0.064213 -1.630733
32  1.312558 0.000025 -0.000000  0.018649 -0.111950 -0.566450
33  0.729344 0.000066 -0.000028  -0.136092 -0.130379 -0.745071
34  3.942046 0.050109 0.430997  0.227728 0.017433 -1.395883
35  1.539096 0.000004 -0.000001  0.033374 -0.057010 -0.978694
36  1.196300 0.000077 -0.000004  -0.008681 -0.024216 -0.882959
37  3.883411 -0.050501 -0.431087  0.220900 -0.070369 -1.119647
38  1.719563 -0.000082 -0.000003  0.013025 -0.077950 -1.452999
39  1.209196 0.000035 0.000011  0.008192 -0.000795 -0.494142
40  3.859585 -0.149111 -1.331323  -0.144133 0.068146 -0.137838
41  1.719411 -0.000098 -0.000035  -0.015109 -0.000174 -1.071001
42  1.099673 0.000024 0.000007  -0.004386 -0.008133 -0.862854
43  0.805979 -0.359853 -1.318338  0.974252 0.268925 -0.894612
44  1.789779 -0.000008 -0.000042  0.001484 -0.011936 0.235362
45  1.206996 -0.000005 0.000005  0.001538 -0.000068 1.118076
46  5.740573 0.000054 0.000723  0.186048 -0.000014 0.000021
47  11.481055 0.000004 0.000919  0.113839 0.035809 0.133019
48  6.027514 -0.000274 -0.000237  -0.622293 -0.546845 -1.688759
49  -0.000002 11.691974 -0.000007  -1.316624 0.764167 0.958326
50  0.000002 -0.000001 0.000001  2.413975 -0.000041 1.570856
51  -0.000008 -0.000016 0.000004  2.272644 -0.000030 1.570865
52  -4.430284 -3.746219 -7.129266  3.041466 -0.056878 -1.459292
53  0.000000 -0.000001 0.000000  0.008153 -0.000259 0.000009
54  0.000000 0.000000 0.000000  1.565115 0.043565 -0.106862
55  -0.537281 -17.034006 -5.744255  -0.969271 0.142221 -1.903368
56  0.000001 0.000001 -0.000000  0.000000 -0.000000 -0.000002
57  0.000031 0.000030 0.000001  -1.571901 -0.044449 -0.106509
58  8.426761 -19.544212 -16.568478  1.570796 -0.000000 0.000000
59  -15.417985 2.938832 -17.970421  1.570796 -0.000000 0.000000
60  1.941978 -0.304065 -8.327020  1.570796 -0.000000 0.000000
61  -0.004311 0.001229 -0.000371  0.006898 -0.005534 -0.284229
62  2.089273 8.874444 -4.333363  1.570796 -0.000000 0.000000
63  0.000000 0.000000 0.000000  -0.078727 -3.136056 0.284226
64  1.000000 0.000000 -0.750000  1.570796 0.000381 0.000000
65  -2.320994 -10.436199 -1.933373  1.571103 0.040749 0.006629
66  0.000002 -2.923558 -1.408044  -0.000000 -0.000000 0.000000
67  -0.000002 -0.601197 -2.062165  -0.000000 -0.000000 0.000000
68  0.004381 -0.039406 6.613116  -0.000000 -0.000000 0.000000
69  0.000002 -0.021787 -0.115847  0.000000 -0.000000 -0.000000
70  0.000002 -3.304880 0.259168  -0.000000 -0.000000 0.000000
71  -2.340987 -15.173185 -3.193932  1.571103 0.040749 0.006629
72  0.057100 0.204433 -2.709599  0.000000 -0.000000 0.000000
73  0.111673 -0.283001 -2.709599  0.000000 -0.000000 0.000000
74  -0.128217 -0.750370 -2.709598  0.000000 0.000000 0.000000
time 26
0  0 0 0  0 0 0
1  0.000006 0.000000 0.000000  -1.570800 -1.391899 -1.570792
2  -8.138873 1.780375 1.937664  -1.544956 -1.855077 -0.198630
3  6.027523 -0.000328 0.000192  -0.574363 -1.344224 -1.547204
4  11.692110 0.000644 -0.000739  -1.471379 -0.000006 -1.201783
5  11.480195 0.000696 -0.000395  1.106931 -0.922351 0.381887
6  3.571336 -0.073053 -1.193380  -0.630908 0.056337 -1.699771
7  1.312589 0.000013 0.000008  -0.000395 0.000880 -0.663191
8  0.729355 0.000052 0.000050  -0.000172 0.000021 -0.220360
9  3.942142 0.046273 -0.431511  -0.413547 0.112709 -1.516154
10  1.539110 0.000086 0.000006  -0.001056 0.003240 -0.572825
11  1.196333 0.000145 0.000030  -0.000216 0.000008 -0.647849
12  3.883503 -0.047269 0.431382  -0.386032 0.372160 -1.001174
13  1.719573 -0.000027 0.000014  0.029635 0.017714 -0.994916
14  1.209179 0.000092 0.000012  -0.001849 0.000829 -0.701987
15  3.859661 -0.138476 1.332410  -0.061682 0.488092 -0.444155
16  1.719448 -0.000011 0.000022  -0.017508 -0.024177 -0.574397
17  1.099675 0.000047 0.000003  0.000693 0.002640 -1.571702
18  0.945841 -0.861836 1.304576  -1.769690 -0.354327 -0.275173
19  1.789821 -0.000003 -0.000016  0.008665 0.005630 -0.065006
20  1.207016 -0.000012 -0.000045  0.000321 -0.000553 0.304742
21  5.740637 0.000410 -0.000704  -0.133944 0.000003 0.000071
22  11.481045 0.000351 -0.000735  -0.045069 -0.173220 0.018603
23  6.027523 -0.000330 0.000203  1.541499 -0.224786 1.725175
24  0.000002 11.692098 -0.000007  -0.848899 -0.320713 -0.687316
25  0.000003 0.000008 -0.000001  -0.602294 -0.000031 1.570739
26  -0.000000 -0.000012 -0.000001  0.868957 0.000002 1.570712
27  -5.843360 -7.961716 2.089273  1.473120 1.855075 -0.198639
28  6.027507 -0.000260 -0.000231  1.629943 0.521101 -0.474887
29  11.691991 0.000242 0.000856  0.141449 0.000082 -1.986045
30  11.480553 -0.000156 0.000854  -0.977634 0.081231 0.782121
31  3.859435 -0.132787 1.193062  0.419753 0.064213 -1.630733
32  1.312558 0.000026 -0.000001  0.018649 -0.111950 -0.566450
33  0.729345 0.000065 -0.000028  -0.136092 -0.130379 -0.745071
34  3.942047 0.050109 0.430997  0.227728 0.017433 -1.395883
35  1.539096 0.000005 0.000000  0.033374 -0.057010 -0.978694
36  1.196299 0.000077 -0.000004  -0.008681 -0.024216 -0.882959
37  3.883411 -0.050502 -0.431087  0.220900 -0.070369 -1.119647
38  1.719563 -0.000081 -0.000004  0.013025 -0.077950 -1.452999
39  1.209197 0.000036 0.000011  0.008192 -0.000795 -0.494142
40  3.859584 -0.149112 -1.331323  -0.144133 0.068146 -0.137838
41  1.719411 -0.000097 -0.000034  -0.015109 -0.000174 -1.071001
42  1.099673 0.000024 0.000008  -0.004386 -0.008133 -0.862854
43  0.805979 -0.359853 -1.318338  0.974252 0.268925 -0.894612
44  1.789779 -0.000008 -0.000043  0.001484 -0.011936 0.235362
45  1.206997 -0.000005 0.000006  0.001538 -0.000068 1.118076
46  5.740572 0.000055 0.000725  0.185940 -0.000014 0.000021
47  11.481054 0.000004 0.000921  0.113732 0.035717 0.133053
48  6.027514 -0.000274 -0.000237  -0.622108 -0.546666 -1.688947
49  -0.000002 11.691976 -0.000006  -1.316631 0.764173 0.958329
50  0.000003 -0.000002 0.000001  2.413975 -0.000041 1.570856
51  -0.000007 -0.000015 0.000005  2.272644 -0.000030 1.570865
52  -4.432937 -3.746074 -7.128000  3.040857 -0.056814 -1.459335
53  0.000000 0.000000 0.000000  0.008153 -0.000259 0.000009
54  -0.000000 0.000000 0.000000  1.565115 0.043565 -0.106862
55  -0.540127 -17.034161 -5.745320  -0.969854 0.142018 -1.903529
56  0.000000 -0.000000 -0.000000  0.000000 -0.000000 -0.000002
57  0.000030 0.000029 0.000000  -1.571901 -0.044449 -0.106509
58  8.426761 -19.544212 -16.568478  1.570796 -0.000000 0.000000
59  -15.417985 2.938832 -17.970421  1.570796 -0.000000 0.000000
60  1.941978 -0.304065 -8.327020  1.570796 -0.000000 0.000000
61  -0.004311 0.001229 -0.000371  0.006898 -0.005534 -0.284229
62  2.089273 8.874444 -4.333363  1.570796 -0.000000 0.000000
63  0.000000 0.000000 0.000000  -0.078727 -3.136056 0.284226
64  1.000000 0.000000 -0.750000  1.570796 -0.000000 0.000000
65  -2.320994 -10.436199 -1.933373  1.571103 0.041360 0.006551
66  0.000002 -2.923558 -1.408042  -0.000000 -0.000000 -0.000000
67  -0.000002 -0.601197 -2.062165  -0.000000 -0.000000 -0.000000
68  0.004380 -0.039406 6.613115  -0.000000 -0.000000 -0.000000
69  0.000002 -0.021786 -0.115848  0.000000 -0.000000 -0.000000
70  0.000002 -3.304880 0.259167  -0.000000 -0.000000 -0.000000
71  -2.342128 -15.173188 -3.193902  1.571103 0.041360 0.006551
72  0.057100 0.204433 -2.709597  0.000000 -0.000000 -0.000000
73  0.111673 -0.283002 -2.709596  0.000000 -0.000000 -0.000000
74  -0.128217 -0.750370 -2.709597  0.000000 0.000000 -0.000000
end
