version 1
nodes
0 "blender_implicit" -1
1 "ValveBiped.Bip01_Spine4" -1
2 "ValveBiped.Bip01_L_Clavicle" 1
3 "ValveBiped.Bip01_L_UpperArm" 2
4 "ValveBiped.Bip01_L_Forearm" 3
5 "ValveBiped.Bip01_L_Hand" 4
6 "ValveBiped.Bip01_L_Finger4" 5
7 "ValveBiped.Bip01_L_Finger41" 6
8 "ValveBiped.Bip01_L_Finger42" 7
9 "ValveBiped.Bip01_L_Finger3" 5
10 "ValveBiped.Bip01_L_Finger31" 9
11 "ValveBiped.Bip01_L_Finger32" 10
12 "ValveBiped.Bip01_L_Finger2" 5
13 "ValveBiped.Bip01_L_Finger21" 12
14 "ValveBiped.Bip01_L_Finger22" 13
15 "ValveBiped.Bip01_L_Finger1" 5
16 "ValveBiped.Bip01_L_Finger11" 15
17 "ValveBiped.Bip01_L_Finger12" 16
18 "ValveBiped.Bip01_L_Finger0" 5
19 "ValveBiped.Bip01_L_Finger01" 18
20 "ValveBiped.Bip01_L_Finger02" 19
21 "ValveBiped.Bip01_L_Ulna" 4
22 "ValveBiped.Bip01_L_Wrist" 4
23 "rig_l_upperarm" 2
24 "rig_l_forearm" 23
25 "rig_d_l_forearm" 24
26 "rig_d_l_upperarm" 23
27 "ValveBiped.Bip01_R_Clavicle" 1
28 "ValveBiped.Bip01_R_UpperArm" 27
29 "ValveBiped.Bip01_R_Forearm" 28
30 "ValveBiped.Bip01_R_Hand" 29
31 "ValveBiped.Bip01_R_Finger4" 30
32 "ValveBiped.Bip01_R_Finger41" 31
33 "ValveBiped.Bip01_R_Finger42" 32
34 "ValveBiped.Bip01_R_Finger3" 30
35 "ValveBiped.Bip01_R_Finger31" 34
36 "ValveBiped.Bip01_R_Finger32" 35
37 "ValveBiped.Bip01_R_Finger2" 30
38 "ValveBiped.Bip01_R_Finger21" 37
39 "ValveBiped.Bip01_R_Finger22" 38
40 "ValveBiped.Bip01_R_Finger1" 30
41 "ValveBiped.Bip01_R_Finger11" 40
42 "ValveBiped.Bip01_R_Finger12" 41
43 "ValveBiped.Bip01_R_Finger0" 30
44 "ValveBiped.Bip01_R_Finger01" 43
45 "ValveBiped.Bip01_R_Finger02" 44
46 "ValveBiped.Bip01_R_Ulna" 29
47 "ValveBiped.Bip01_R_Wrist" 29
48 "rig_r_upperarm" 27
49 "rig_r_forearm" 48
50 "rig_d_r_forearm" 49
51 "rig_d_r_upperarm" 48
52 "rig_r_hand" -1
53 "rig_d_r_hand" 52
54 "rig_d_r_wrist" 53
55 "rig_l_hand" -1
56 "rig_d_l_hand" 55
57 "rig_d_l_wrist" 55
58 "rig_l_pole" -1
59 "rig_r_pole" -1
60 "rig_l_clavicle" -1
61 "rig_d_l_clavicle" 60
62 "rig_r_clavicle" -1
63 "rig_d_r_clavicle" 62
64 "Camera" -1
65 "body" -1
66 "trigger" 65
67 "boltprot" 65
68 "bolt" 67
69 "hammer" 67
70 "magrel" 65
71 "mag" -1
72 "round1" 71
73 "round2" 71
74 "round3" 71
end
skeleton
time 0
0  0 0 0  0 0 0
1  0.000006 0.000000 0.000000  -1.570800 -1.391899 -1.570792
2  -8.526393 2.634402 1.937664  -1.544956 -1.855077 -0.198630
3  6.027526 -0.000332 0.000191  0.478092 -1.387244 -2.509030
4  11.692116 0.000646 -0.000741  -1.080804 0.000008 -0.750499
5  11.480868 0.000671 -0.000298  0.839296 -0.521704 0.486114
6  3.859511 -0.142879 -1.192049  -0.799175 -0.087398 -1.804517
7  1.312590 0.000011 0.000008  -0.119312 -0.053855 -0.329391
8  0.729355 0.000053 0.000052  0.005978 -0.010416 -0.436526
9  3.942144 0.046272 -0.431511  -0.759072 0.204254 -1.456475
10  1.539112 0.000083 0.000004  -0.026773 -0.074293 -0.700715
11  1.196332 0.000145 0.000032  0.006697 0.000856 -0.620636
12  3.883506 -0.047269 0.431381  -0.425423 0.506841 -0.938898
13  1.719573 -0.000026 0.000012  0.032090 -0.180509 -1.168257
14  1.209179 0.000092 0.000013  0.001722 -0.001670 -0.371092
15  3.859665 -0.138476 1.332411  -0.204175 0.558689 -0.670185
16  1.719448 -0.000012 0.000018  -0.037097 0.017733 -0.587455
17  1.099675 0.000046 0.000003  -0.003644 0.001800 -1.259213
18  0.602666 -0.582623 1.078281  -0.889305 -0.459825 -0.488394
19  1.789819 -0.000004 -0.000018  0.006061 0.002375 0.042470
20  1.207014 -0.000014 -0.000044  -0.001426 0.000292 0.581678
21  5.740637 0.000411 -0.000703  -0.153487 0.000003 0.000071
22  11.481181 0.000349 -0.000719  -0.113096 -0.110771 0.043113
23  6.027524 -0.000332 0.000203  1.400813 -0.069679 1.818439
24  0.000000 11.692100 -0.000008  -0.553291 -0.132896 -0.460294
25  0.000002 0.000007 -0.000002  -0.211749 -0.000031 1.570739
26  -0.000002 -0.000012 -0.000001  0.868957 0.000002 1.570712
27  -6.617934 -9.178503 0.826812  1.473120 1.855075 -0.198639
28  6.027512 -0.000261 -0.000226  1.605968 0.885914 -0.668899
29  11.691991 0.000242 0.000856  0.141448 0.000061 -1.699495
30  11.480594 -0.000150 0.000854  -1.157881 0.319107 0.881272
31  3.859436 -0.132788 1.193061  0.466148 -0.051828 -1.783918
32  1.312558 0.000024 -0.000000  -0.013963 -0.041043 -0.156449
33  0.729345 0.000066 -0.000027  -0.128320 -0.117290 -0.954856
34  3.942046 0.050109 0.430995  0.211502 -0.107596 -1.469117
35  1.539096 0.000004 -0.000000  0.040712 -0.054387 -1.030473
36  1.196299 0.000076 -0.000004  -0.249391 -0.043040 -0.795121
37  3.883411 -0.050502 -0.431088  0.186407 -0.271796 -1.212183
38  1.719564 -0.000080 -0.000003  0.020974 -0.107650 -1.483529
39  1.209198 0.000035 0.000012  -0.324719 0.069674 -0.493483
40  3.859584 -0.149111 -1.331324  -0.094937 -0.084956 -0.411364
41  1.719412 -0.000098 -0.000034  -0.011249 0.001676 -0.960922
42  1.099673 0.000026 0.000007  -0.004984 -0.008084 -0.787926
43  0.805979 -0.359853 -1.318339  0.991670 0.166768 -0.799535
44  1.789779 -0.000008 -0.000042  0.000057 -0.002451 0.133097
45  1.206996 -0.000005 0.000005  0.000372 -0.000070 1.058782
46  5.740572 0.000055 0.000724  0.176509 -0.000014 0.000021
47  11.481064 0.000006 0.000920  0.059213 0.070499 0.148084
48  6.027514 -0.000273 -0.000238  -1.000163 -0.401965 -1.692420
49  -0.000002 11.691974 -0.000007  -1.146688 0.589956 0.879620
50  0.000003 -0.000001 0.000000  2.413975 -0.000041 1.570856
51  -0.000007 -0.000015 0.000005  2.272644 -0.000030 1.570865
52  -3.508543 -5.018966 -5.546030  -0.078012 -2.996716 1.465737
53  -0.000000 -0.000000 0.000000  0.008153 -0.000259 0.000009
54  0.000000 0.000000 -0.000001  1.565115 0.043565 -0.106862
55  -1.564268 -20.155767 -6.574070  -0.823775 0.114484 -1.881047
56  0.000002 -0.000001 -0.000000  0.000000 -0.000000 -0.000002
57  0.000032 0.000029 0.000001  -1.571902 -0.044449 -0.106509
58  10.430052 -19.544212 -17.246658  1.570796 -0.000000 0.000000
59  -15.417985 4.000748 -22.641926  1.570796 -0.000000 0.000000
60  1.941978 -1.075505 -8.860325  1.570796 -0.000000 0.000000
61  -0.004311 0.001229 -0.000371  0.006898 -0.005534 -0.284229
62  0.826810 10.209643 -4.879054  1.570796 -0.000000 0.000000
63  0.000000 0.000000 0.000000  -0.078727 -3.136056 0.284226
64  0.000000 0.000000 0.000000  1.570796 -0.000000 0.000000
65  -2.276047 -12.279184 -1.266054  1.571103 0.041360 0.006551
66  0.000002 -2.923558 -1.408042  -0.000000 -0.000000 -0.000000
67  -0.000002 -0.601197 -2.062165  -0.000000 -0.000000 -0.000000
68  0.004381 -0.039406 6.613115  -0.000000 -0.000000 -0.000000
69  0.000002 -0.021786 -0.115847  -0.000000 -0.000000 -0.000000
70  0.000002 -3.304880 0.259168  -0.000000 -0.000000 -0.000000
71  -2.297180 -17.016174 -2.526584  1.571103 0.041360 0.006551
72  0.057100 0.204433 -2.709598  -0.000000 -0.000000 -0.000000
73  0.111673 -0.283002 -2.709598  -0.000000 -0.000000 -0.000000
74  -0.128217 -0.750370 -2.709599  -0.000000 -0.000000 -0.000000
time 1
0  0 0 0  0 0 0
1  0.000006 0.000000 0.000000  -1.570800 -1.391899 -1.570792
2  -8.526393 2.634402 1.937664  -1.544956 -1.855077 -0.198630
3  6.027525 -0.000331 0.000191  0.271550 -1.398815 -2.302615
4  11.692114 0.000645 -0.000740  -1.080857 0.000007 -0.803947
5  11.480568 0.000624 -0.000385  0.899061 -0.537994 0.479024
6  3.859509 -0.142880 -1.192048  -0.776990 -0.041981 -1.683858
7  1.312589 0.000012 0.000008  -0.104997 -0.048912 -0.335137
8  0.729353 0.000053 0.000050  0.005768 -0.010366 -0.409974
9  3.942142 0.046272 -0.431512  -0.675635 0.209272 -1.365223
10  1.539111 0.000087 0.000004  -0.026108 -0.065273 -0.638389
11  1.196331 0.000147 0.000031  0.005784 0.000665 -0.594405
12  3.883504 -0.047270 0.431382  -0.342050 0.451582 -0.873968
13  1.719572 -0.000029 0.000015  0.018413 -0.159749 -1.057797
14  1.209181 0.000093 0.000011  0.001670 -0.001014 -0.349719
15  3.859663 -0.138476 1.332411  -0.114125 0.485241 -0.626864
16  1.719449 -0.000013 0.000023  -0.031861 0.016969 -0.556441
17  1.099675 0.000051 0.000008  -0.003408 0.002185 -1.122653
18  0.604419 -0.580609 1.080378  -0.889858 -0.458902 -0.493052
19  1.789818 -0.000005 -0.000020  0.005398 0.001989 0.068175
20  1.207014 -0.000012 -0.000044  -0.001414 0.000252 0.554111
21  5.740636 0.000411 -0.000704  -0.142825 0.000003 0.000071
22  11.481121 0.000340 -0.000735  -0.101326 -0.111152 0.044246
23  6.027524 -0.000332 0.000203  1.428161 -0.096496 1.819270
24  0.000001 11.692099 -0.000008  -0.589958 -0.151562 -0.489607
25  0.000004 0.000009 -0.000001  -0.211798 -0.000031 1.570739
26  0.000001 -0.000012 -0.000001  0.868957 0.000002 1.570712
27  -6.618351 -9.165697 0.811487  1.473120 1.855075 -0.198639
28  6.027512 -0.000260 -0.000226  1.658851 0.876785 -0.641306
29  11.691990 0.000241 0.000854  0.141449 0.000062 -1.717793
30  11.480424 -0.000265 0.000873  -1.193347 0.229196 0.898472
31  3.859434 -0.132788 1.193062  0.466148 -0.051828 -1.783917
32  1.312558 0.000025 -0.000000  -0.013963 -0.041043 -0.156449
33  0.729345 0.000065 -0.000028  -0.128320 -0.117290 -0.954856
34  3.942045 0.050109 0.430997  0.211502 -0.107596 -1.469117
35  1.539096 0.000004 -0.000000  0.040712 -0.054387 -1.030473
36  1.196300 0.000076 -0.000004  -0.249391 -0.043040 -0.795121
37  3.883410 -0.050502 -0.431087  0.186407 -0.271796 -1.212183
38  1.719564 -0.000080 -0.000004  0.020974 -0.107650 -1.483529
39  1.209196 0.000035 0.000011  -0.324719 0.069674 -0.493483
40  3.859584 -0.149112 -1.331323  -0.094704 -0.080907 -0.357908
41  1.719411 -0.000097 -0.000034  -0.012094 0.004689 -0.972515
42  1.099673 0.000024 0.000007  0.007011 -0.014181 -0.837519
43  0.805978 -0.359854 -1.318338  0.991670 0.166768 -0.799535
44  1.789780 -0.000007 -0.000042  0.000057 -0.002451 0.133097
45  1.206996 -0.000005 0.000005  0.000372 -0.000070 1.058781
46  5.740571 0.000055 0.000724  0.175895 -0.000014 0.000021
47  11.481029 -0.000018 0.000924  0.059934 0.051700 0.156485
48  6.027514 -0.000272 -0.000237  -0.973486 -0.377351 -1.715771
49  -0.000001 11.691973 -0.000007  -1.157411 0.600749 0.885420
50  0.000002 -0.000001 0.000001  2.413975 -0.000041 1.570856
51  -0.000007 -0.000016 0.000005  2.272644 -0.000030 1.570865
52  -3.980965 -4.884197 -5.250386  -0.113644 -3.026750 1.513157
53  -0.000000 -0.000000 0.000000  0.008153 -0.000259 0.000009
54  -0.000001 -0.000000 -0.000000  1.565115 0.043565 -0.106862
55  -1.326670 -20.051245 -6.800402  -0.768992 0.100880 -1.877198
56  -0.000003 -0.000001 0.000001  0.000000 -0.000000 -0.000002
57  0.000026 0.000028 0.000002  -1.571901 -0.044449 -0.106509
58  10.686686 -19.304886 -17.525343  1.570796 -0.000000 0.000000
59  -15.415206 3.974558 -22.622879  1.570796 -0.000000 0.000000
60  1.941978 -1.075505 -8.860325  1.570796 -0.000000 0.000000
61  -0.004311 0.001229 -0.000371  0.006898 -0.005534 -0.284229
62  0.811485 10.197116 -4.881742  1.570796 -0.000000 0.000000
63  0.000000 0.000000 0.000000  -0.078727 -3.136056 0.284226
64  0.000000 0.000000 0.000000  1.571082 0.003292 -0.000454
65  -2.300446 -12.217796 -1.257620  1.604894 0.073177 0.051291
66  0.000002 -2.923558 -1.408042  0.000000 0.000000 0.000000
67  -0.000003 -0.601197 -2.062165  0.000000 0.000000 0.000000
68  0.004381 -0.039407 6.613116  0.000000 0.000000 0.000000
69  0.000002 -0.021787 -0.115848  0.000000 0.000000 0.000000
70  0.000001 -3.304881 0.259169  0.000000 0.000000 0.000000
71  -2.163673 -16.908375 -2.674731  1.604894 0.073177 0.051291
72  0.057100 0.204433 -2.709595  0.000000 0.000000 0.000000
73  0.111673 -0.283001 -2.709596  0.000000 0.000000 0.000000
74  -0.128217 -0.750370 -2.709595  0.000000 0.000000 0.000000
time 2
0  0 0 0  0 0 0
1  0.000006 0.000000 0.000000  -1.570800 -1.391899 -1.570792
2  -8.526393 2.634402 1.937664  -1.544956 -1.855077 -0.198630
3  6.027524 -0.000330 0.000191  -0.322113 -1.387576 -1.710042
4  11.692114 0.000643 -0.000740  -1.081017 0.000004 -0.939669
5  11.479970 0.000496 -0.000623  1.080738 -0.570590 0.448789
6  3.859508 -0.142879 -1.192049  -0.686305 0.065241 -1.352180
7  1.312590 0.000013 0.000009  -0.066155 -0.034396 -0.356005
8  0.729356 0.000053 0.000049  0.004795 -0.009364 -0.340428
9  3.942143 0.046274 -0.431512  -0.451809 0.186367 -1.122164
10  1.539110 0.000084 0.000005  -0.020974 -0.040787 -0.474259
11  1.196332 0.000147 0.000030  0.003374 0.000278 -0.525704
12  3.883503 -0.047269 0.431382  -0.146723 0.284720 -0.731669
13  1.719574 -0.000025 0.000016  -0.005443 -0.096895 -0.764815
14  1.209180 0.000090 0.000012  0.001455 0.000704 -0.293765
15  3.859661 -0.138475 1.332410  0.097570 0.274473 -0.552279
16  1.719449 -0.000009 0.000022  -0.018254 0.013808 -0.475188
17  1.099675 0.000048 0.000006  -0.002425 0.002967 -0.751798
18  0.609722 -0.574517 1.086713  -0.891562 -0.456122 -0.507147
19  1.789818 -0.000003 -0.000018  0.003526 0.001055 0.135495
20  1.207015 -0.000011 -0.000043  -0.001264 0.000138 0.480227
21  5.740637 0.000409 -0.000704  -0.109894 0.000003 0.000071
22  11.481003 0.000312 -0.000782  -0.067237 -0.109434 0.047648
23  6.027524 -0.000332 0.000203  1.502221 -0.170121 1.817131
24  0.000001 11.692101 -0.000008  -0.681020 -0.203568 -0.561206
25  0.000003 0.000008 -0.000000  -0.211948 -0.000031 1.570739
26  -0.000000 -0.000012 -0.000001  0.868957 0.000002 1.570712
27  -6.619608 -9.127067 0.765255  1.473120 1.855075 -0.198639
28  6.027512 -0.000262 -0.000225  1.711922 0.865298 -0.615202
29  11.691992 0.000243 0.000855  0.141450 0.000063 -1.740709
30  11.480211 -0.000410 0.000892  -1.225487 0.138422 0.917112
31  3.859436 -0.132787 1.193061  0.466148 -0.051828 -1.783918
32  1.312558 0.000024 -0.000001  -0.013963 -0.041043 -0.156449
33  0.729345 0.000066 -0.000027  -0.128320 -0.117290 -0.954856
34  3.942046 0.050109 0.430996  0.211502 -0.107596 -1.469117
35  1.539096 0.000004 0.000000  0.040712 -0.054387 -1.030473
36  1.196300 0.000076 -0.000004  -0.249391 -0.043040 -0.795121
37  3.883412 -0.050502 -0.431087  0.186407 -0.271796 -1.212183
38  1.719564 -0.000080 -0.000003  0.020974 -0.107650 -1.483529
39  1.209196 0.000035 0.000011  -0.324719 0.069674 -0.493483
40  3.859585 -0.149112 -1.331323  -0.092844 -0.070407 -0.217393
41  1.719411 -0.000097 -0.000034  -0.014476 0.012623 -1.002864
42  1.099674 0.000026 0.000007  0.041450 -0.026693 -0.968258
43  0.805979 -0.359854 -1.318338  0.991670 0.166768 -0.799535
44  1.789779 -0.000008 -0.000042  0.000057 -0.002451 0.133097
45  1.206996 -0.000005 0.000005  0.000372 -0.000070 1.058781
46  5.740571 0.000056 0.000724  0.176605 -0.000014 0.000021
47  11.480986 -0.000046 0.000928  0.061338 0.032805 0.164250
48  6.027514 -0.000273 -0.000237  -0.945929 -0.352108 -1.740102
49  -0.000002 11.691975 -0.000007  -1.170843 0.614336 0.892547
50  0.000003 -0.000001 -0.000000  2.413975 -0.000041 1.570856
51  -0.000006 -0.000016 0.000005  2.272644 -0.000030 1.570865
52  -4.488371 -4.712303 -4.956992  2.998248 -0.086840 -1.580063
53  -0.000001 0.000000 0.000000  0.008153 -0.000259 0.000009
54  0.000000 0.000000 -0.000000  1.565115 0.043565 -0.106862
55  -0.625036 -19.755440 -7.470017  -0.611010 0.060578 -1.870350
56  -0.000002 -0.000000 -0.000000  0.000000 -0.000000 -0.000002
57  0.000027 0.000029 0.000001  -1.571901 -0.044449 -0.106509
58  11.462303 -18.581570 -18.367605  1.570796 -0.000000 0.000000
59  -15.406824 3.895545 -22.565416  1.570796 -0.000000 0.000000
60  1.941978 -1.075505 -8.860325  1.570796 -0.000000 0.000000
61  -0.004311 0.001229 -0.000371  0.006898 -0.005534 -0.284229
62  0.765253 10.159325 -4.889853  1.570796 -0.000000 0.000000
63  0.000000 0.000000 0.000000  -0.078727 -3.136056 0.284226
64  0.000000 0.000000 0.000000  1.571756 0.010536 -0.001448
65  -2.363996 -12.071409 -1.231592  1.636053 0.099515 0.099361
66  0.000002 -2.923558 -1.408043  -0.000000 0.000000 -0.000000
67  -0.000002 -0.601197 -2.062165  -0.000000 0.000000 -0.000000
68  0.004381 -0.039407 6.613114  -0.000000 0.000000 -0.000000
69  0.000002 -0.021787 -0.115849  -0.000000 0.000000 -0.000000
70  0.000001 -3.304881 0.259168  -0.000000 0.000000 -0.000000
71  -2.058090 -16.708817 -2.790224  1.636053 0.099515 0.099361
72  0.057099 0.204433 -2.709598  -0.000000 0.000000 -0.000000
73  0.111673 -0.283001 -2.709599  -0.000000 0.000000 -0.000000
74  -0.128218 -0.750370 -2.709598  -0.000000 0.000000 -0.000000
time 3
0  0 0 0  0 0 0
1  0.000006 0.000000 0.000000  -1.570800 -1.391899 -1.570792
2  -8.526393 2.634402 1.937664  -1.544956 -1.855077 -0.198630
3  6.027523 -0.000329 0.000192  -0.797361 -1.304554 -1.239987
4  11.692112 0.000644 -0.000740  -1.081277 -0.000001 -1.091406
5  11.479445 0.000351 -0.000895  1.339088 -0.583976 0.392769
6  3.859508 -0.142879 -1.192050  -0.550858 0.137293 -1.009469
7  1.312589 0.000012 0.000007  -0.023669 -0.015435 -0.392853
8  0.729353 0.000055 0.000051  0.002813 -0.005975 -0.270876
9  3.942142 0.046274 -0.431512  -0.236480 0.112665 -0.891739
10  1.539112 0.000083 0.000006  -0.009776 -0.014707 -0.310154
11  1.196332 0.000143 0.000029  0.000943 0.000059 -0.457002
12  3.883504 -0.047269 0.431381  0.020898 0.096858 -0.625490
13  1.719573 -0.000026 0.000015  -0.008192 -0.026658 -0.474643
14  1.209180 0.000093 0.000011  0.000948 0.002426 -0.237810
15  3.859661 -0.138475 1.332410  0.285793 0.049999 -0.527203
16  1.719448 -0.000011 0.000022  -0.004933 0.008495 -0.393986
17  1.099675 0.000050 0.000005  -0.000980 0.003121 -0.380943
18  0.618556 -0.564367 1.097272  -0.894502 -0.451526 -0.530672
19  1.789818 -0.000002 -0.000018  0.001349 0.000246 0.202816
20  1.207017 -0.000013 -0.000044  -0.000796 0.000027 0.401823
21  5.740638 0.000410 -0.000702  -0.061602 0.000003 0.000071
22  11.480898 0.000283 -0.000834  -0.021332 -0.101983 0.052120
23  6.027524 -0.000332 0.000203  1.596804 -0.265084 1.802617
24  0.000001 11.692101 -0.000009  -0.779423 -0.268903 -0.636216
25  0.000004 0.000007 -0.000001  -0.212199 -0.000030 1.570739
26  -0.000001 -0.000012 -0.000001  0.868957 0.000002 1.570712
27  -6.621713 -9.062377 0.687841  1.473120 1.855075 -0.198639
28  6.027513 -0.000261 -0.000227  1.762230 0.853238 -0.592350
29  11.691991 0.000242 0.000855  0.141449 0.000066 -1.760274
30  11.480035 -0.000524 0.000909  -1.250231 0.047683 0.926080
31  3.859436 -0.132788 1.193062  0.466148 -0.051828 -1.783918
32  1.312558 0.000025 -0.000001  -0.013963 -0.041043 -0.156449
33  0.729345 0.000066 -0.000027  -0.128320 -0.117290 -0.954856
34  3.942045 0.050109 0.430997  0.211502 -0.107596 -1.469117
35  1.539096 0.000004 -0.000000  0.040712 -0.054387 -1.030473
36  1.196299 0.000077 -0.000004  -0.249391 -0.043040 -0.795121
37  3.883412 -0.050502 -0.431087  0.186407 -0.271796 -1.212183
38  1.719563 -0.000081 -0.000004  0.020974 -0.107650 -1.483529
39  1.209196 0.000036 0.000012  -0.324719 0.069674 -0.493483
40  3.859585 -0.149112 -1.331323  -0.088955 -0.060399 -0.076987
41  1.719412 -0.000098 -0.000034  -0.017113 0.020746 -1.033237
42  1.099673 0.000025 0.000007  0.081440 -0.032690 -1.099403
43  0.805979 -0.359853 -1.318338  0.991670 0.166768 -0.799535
44  1.789779 -0.000008 -0.000042  0.000057 -0.002451 0.133097
45  1.206996 -0.000006 0.000005  0.000372 -0.000070 1.058781
46  5.740571 0.000055 0.000724  0.176688 -0.000014 0.000021
47  11.480950 -0.000069 0.000931  0.064223 0.014070 0.169100
48  6.027515 -0.000272 -0.000239  -0.919981 -0.327090 -1.764000
49  -0.000002 11.691974 -0.000006  -1.182317 0.625998 0.898510
50  0.000004 0.000000 0.000000  2.413975 -0.000041 1.570856
51  -0.000006 -0.000015 0.000005  2.272644 -0.000030 1.570865
52  -5.019948 -4.577969 -4.706053  2.978628 -0.064916 -1.528017
53  0.000000 -0.000001 0.000000  0.008153 -0.000259 0.000009
54  0.000000 0.000000 0.000000  1.565115 0.043565 -0.106862
55  0.362806 -19.371861 -8.415996  -0.402027 0.006364 -1.871200
56  0.000000 0.000000 -0.000000  0.000000 -0.000000 -0.000002
57  0.000030 0.000029 0.000001  -1.571902 -0.044449 -0.106509
58  12.750135 -17.380577 -19.766094  1.570796 -0.000000 0.000000
59  -15.392787 3.763240 -22.469196  1.570796 -0.000000 0.000000
60  1.941978 -1.075505 -8.860325  1.570796 -0.000000 0.000000
61  -0.004311 0.001229 -0.000371  0.006898 -0.005534 -0.284229
62  0.687839 10.096043 -4.903437  1.570796 -0.000000 0.000000
63  0.000000 0.000000 0.000000  -0.078727 -3.136056 0.284226
64  0.000000 0.000000 0.000000  1.572556 0.017780 -0.002436
65  -2.452225 -11.896689 -1.185947  1.660117 0.116574 0.152515
66  0.000002 -2.923558 -1.408042  -0.000000 -0.000000 0.000000
67  -0.000002 -0.601197 -2.062165  -0.000000 -0.000000 0.000000
68  0.004380 -0.039406 6.613115  -0.000000 -0.000000 0.000000
69  0.000002 -0.021786 -0.115850  -0.000000 -0.000000 0.000000
70  0.000002 -3.304881 0.259169  -0.000000 -0.000000 0.000000
71  -1.945356 -16.478716 -2.852252  1.660117 0.116574 0.152515
72  0.057100 0.204433 -2.709600  -0.000000 -0.000000 0.000000
73  0.111673 -0.283001 -2.709600  -0.000000 -0.000000 0.000000
74  -0.128217 -0.750370 -2.709599  -0.000000 -0.000000 0.000000
time 4
0  0 0 0  0 0 0
1  0.000006 0.000000 0.000000  -1.570800 -1.391899 -1.570792
2  -8.526393 2.634402 1.937664  -1.544956 -1.855077 -0.198630
3  6.027522 -0.000329 0.000192  -0.996911 -1.205303 -1.052924
4  11.692110 0.000642 -0.000741  -1.081634 -0.000006 -1.202192
5  11.480195 0.000491 -0.000629  1.560492 -0.567942 0.339193
6  3.859508 -0.142881 -1.192048  -0.468164 0.151540 -0.880272
7  1.312591 0.000015 0.000008  -0.000026 0.000045 -0.439738
8  0.729355 0.000054 0.000050  0.000017 0.000021 -0.244318
9  3.942143 0.046272 -0.431512  -0.151810 0.073212 -0.811101
10  1.539111 0.000086 0.000005  -0.000007 0.000021 -0.247841
11  1.196333 0.000144 0.000029  0.000012 0.000019 -0.430771
12  3.883504 -0.047270 0.431381  0.085898 0.021851 -0.587925
13  1.719574 -0.000026 0.000015  0.000015 0.005519 -0.366533
14  1.209180 0.000093 0.000012  0.000004 0.003092 -0.216437
15  3.859663 -0.138477 1.332410  0.354468 -0.042725 -0.531804
16  1.719446 -0.000014 0.000022  0.000029 0.004070 -0.363021
17  1.099676 0.000046 0.000006  0.000003 0.002579 -0.244381
18  0.630783 -0.550325 1.111882  -0.898770 -0.445249 -0.563279
19  1.789819 -0.000005 -0.000018  0.000012 -0.000024 0.228522
20  1.207016 -0.000012 -0.000044  0.000002 -0.000008 0.362857
21  5.740639 0.000410 -0.000702  -0.018094 0.000003 0.000071
22  11.481049 0.000307 -0.000782  0.016972 -0.091665 0.055229
23  6.027524 -0.000332 0.000203  1.681634 -0.349089 1.774029
24  -0.000000 11.692097 -0.000007  -0.849153 -0.320911 -0.687500
25  0.000005 0.000008 -0.000002  -0.212550 -0.000031 1.570739
26  -0.000001 -0.000012 -0.000000  0.868957 0.000002 1.570712
27  -6.624668 -8.971550 0.579146  1.473120 1.855075 -0.198639
28  6.027512 -0.000262 -0.000226  1.805965 0.841867 -0.574613
29  11.691992 0.000244 0.000856  0.141450 0.000066 -1.769253
30  11.479958 -0.000577 0.000915  -1.262076 -0.041420 0.913663
31  3.859435 -0.132788 1.193061  0.466148 -0.051828 -1.783918
32  1.312558 0.000024 -0.000001  -0.013963 -0.041043 -0.156449
33  0.729346 0.000065 -0.000027  -0.128320 -0.117290 -0.954856
34  3.942045 0.050109 0.430996  0.211502 -0.107596 -1.469117
35  1.539096 0.000004 0.000000  0.040712 -0.054387 -1.030473
36  1.196300 0.000077 -0.000004  -0.249391 -0.043040 -0.795121
37  3.883411 -0.050502 -0.431088  0.186407 -0.271796 -1.212183
38  1.719563 -0.000081 -0.000003  0.020974 -0.107650 -1.483529
39  1.209197 0.000035 0.000011  -0.324719 0.069674 -0.493483
40  3.859585 -0.149112 -1.331324  -0.085973 -0.057039 -0.023706
41  1.719412 -0.000098 -0.000034  -0.018219 0.024358 -1.044857
42  1.099674 0.000026 0.000008  0.105077 -0.029563 -1.149253
43  0.805978 -0.359854 -1.318339  0.991670 0.166768 -0.799535
44  1.789779 -0.000008 -0.000042  0.000057 -0.002451 0.133097
45  1.206997 -0.000006 0.000005  0.000372 -0.000070 1.058781
46  5.740572 0.000055 0.000724  0.173521 -0.000014 0.000021
47  11.480935 -0.000080 0.000932  0.069259 -0.004004 0.168760
48  6.027515 -0.000273 -0.000238  -0.897598 -0.304412 -1.786003
49  -0.000001 11.691974 -0.000005  -1.187590 0.631369 0.901206
50  0.000004 -0.000002 0.000001  2.413975 -0.000041 1.570856
51  -0.000006 -0.000015 0.000005  2.272644 -0.000030 1.570865
52  -5.564371 -4.556656 -4.542336  2.972947 -0.053592 -1.469332
53  0.000000 -0.000000 -0.000001  0.008153 -0.000259 0.000009
54  -0.000000 0.000000 -0.000001  1.565115 0.043565 -0.106862
55  1.301390 -19.065792 -9.320505  -0.236504 -0.035694 -1.879855
56  0.000001 -0.000000 0.000000  0.000000 -0.000000 -0.000002
57  0.000032 0.000029 0.000001  -1.571901 -0.044449 -0.106509
58  14.516146 -15.733649 -21.683849  1.570796 -0.000000 0.000000
59  -15.373079 3.577476 -22.334099  1.570796 -0.000000 0.000000
60  1.941978 -1.075505 -8.860325  1.570796 -0.000000 0.000000
61  -0.004311 0.001229 -0.000371  0.006898 -0.005534 -0.284229
62  0.579144 10.007192 -4.922506  1.570796 -0.000000 0.000000
63  0.000000 0.000000 0.000000  -0.078727 -3.136056 0.284226
64  0.000000 0.000000 0.000000  1.573230 0.021074 -0.002880
65  -2.550663 -11.750303 -1.119325  1.672080 0.120965 0.212280
66  0.000001 -2.923558 -1.408042  -0.000000 -0.000000 0.000000
67  -0.000003 -0.601197 -2.062165  -0.000000 -0.000000 0.000000
68  0.004381 -0.039406 6.613114  -0.000000 -0.000000 0.000000
69  0.000002 -0.021787 -0.115849  -0.000000 -0.000000 0.000000
70  0.000001 -3.304881 0.259168  -0.000000 -0.000000 0.000000
71  -1.788946 -16.276871 -2.839335  1.672080 0.120965 0.212280
72  0.057100 0.204433 -2.709596  -0.000000 -0.000000 0.000000
73  0.111673 -0.283002 -2.709596  -0.000000 -0.000000 0.000000
74  -0.128218 -0.750370 -2.709596  -0.000000 -0.000000 0.000000
time 5
0  0 0 0  0 0 0
1  0.000006 0.000000 0.000000  -1.570800 -1.391899 -1.570792
2  -8.526393 2.634402 1.937664  -1.544956 -1.855077 -0.198630
3  6.027521 -0.000329 0.000192  -1.072463 -1.137103 -0.996041
4  11.692110 0.000643 -0.000741  -1.082090 -0.000009 -1.254790
5  11.479430 0.000302 -0.000988  1.661739 -0.545363 0.312174
6  3.859509 -0.142880 -1.192048  -0.430622 0.149947 -0.892802
7  1.312590 0.000013 0.000007  0.010393 0.012589 -0.497097
8  0.729355 0.000054 0.000049  -0.006716 0.010970 -0.255473
9  3.942143 0.046273 -0.431511  -0.138285 0.072486 -0.822888
10  1.539111 0.000084 0.000006  0.006332 0.007811 -0.261869
11  1.196333 0.000145 0.000029  0.001706 0.001119 -0.440221
12  3.883504 -0.047269 0.431383  0.097415 0.022355 -0.578533
13  1.719574 -0.000026 0.000015  0.005665 0.014514 -0.381022
14  1.209180 0.000093 0.000012  -0.002340 0.002575 -0.230474
15  3.859663 -0.138475 1.332410  0.354511 -0.053861 -0.538179
16  1.719449 -0.000012 0.000020  -0.000029 0.000893 -0.372307
17  1.099677 0.000050 0.000006  0.001945 0.001496 -0.244443
18  0.646081 -0.532750 1.130163  -0.904432 -0.437544 -0.604161
19  1.789820 -0.000002 -0.000016  -0.000697 0.000117 0.224510
20  1.207015 -0.000012 -0.000044  0.001937 0.003378 0.349839
21  5.740637 0.000410 -0.000703  0.003570 0.000003 0.000071
22  11.480896 0.000270 -0.000854  0.034204 -0.084408 0.055875
23  6.027524 -0.000332 0.000203  1.736990 -0.402554 1.740938
24  0.000003 11.692100 -0.000007  -0.881692 -0.346763 -0.710798
25  0.000003 0.000010 -0.000002  -0.213002 -0.000030 1.570739
26  0.000000 -0.000012 -0.000001  0.868957 0.000002 1.570712
27  -6.628472 -8.854680 0.439284  1.473120 1.855075 -0.198639
28  6.027511 -0.000262 -0.000224  1.841374 0.833669 -0.562152
29  11.691992 0.000243 0.000855  0.141450 0.000065 -1.761084
30  11.480026 -0.000530 0.000910  -1.258736 -0.128626 0.872333
31  3.859436 -0.132788 1.193062  0.466148 -0.051828 -1.783918
32  1.312558 0.000024 -0.000001  -0.013963 -0.041043 -0.156449
33  0.729345 0.000066 -0.000027  -0.128320 -0.117290 -0.954856
34  3.942046 0.050109 0.430997  0.211502 -0.107596 -1.469117
35  1.539096 0.000006 0.000000  0.040712 -0.054387 -1.030473
36  1.196299 0.000077 -0.000003  -0.249391 -0.043040 -0.795121
37  3.883412 -0.050502 -0.431087  0.186407 -0.271796 -1.212183
38  1.719564 -0.000079 -0.000004  0.020974 -0.107650 -1.483529
39  1.209197 0.000035 0.000011  -0.324719 0.069674 -0.493483
40  3.859585 -0.149112 -1.331323  -0.082616 -0.058305 -0.031565
41  1.719413 -0.000098 -0.000034  -0.017932 0.025513 -1.005474
42  1.099673 0.000025 0.000007  0.115718 -0.024602 -1.105206
43  0.805979 -0.359854 -1.318338  0.991670 0.166768 -0.799535
44  1.789779 -0.000008 -0.000042  0.000057 -0.002451 0.133097
45  1.206996 -0.000006 0.000005  0.000372 -0.000070 1.058782
46  5.740570 0.000055 0.000725  0.164583 -0.000014 0.000021
47  11.480948 -0.000071 0.000932  0.076346 -0.021440 0.162065
48  6.027514 -0.000273 -0.000237  -0.881186 -0.284869 -1.804624
49  -0.000001 11.691975 -0.000007  -1.182795 0.626482 0.898753
50  0.000002 0.000001 0.000000  2.413975 -0.000041 1.570856
51  -0.000006 -0.000015 0.000003  2.272644 -0.000030 1.570865
52  -6.115757 -4.716626 -4.481307  2.980412 -0.054950 -1.401831
53  -0.000000 -0.000001 -0.000001  0.008153 -0.000259 0.000009
54  0.000000 -0.000001 0.000001  1.565115 0.043565 -0.106862
55  1.942142 -18.943811 -9.946490  -0.177536 -0.050215 -1.884593
56  0.000001 0.000002 -0.000000  0.000000 -0.000000 -0.000002
57  0.000032 0.000031 0.000000  -1.571901 -0.044449 -0.106509
58  16.691477 -13.705003 -24.046093  1.570796 -0.000000 0.000000
59  -15.347720 3.338444 -22.160261  1.570796 -0.000000 0.000000
60  1.941978 -1.075505 -8.860325  1.570796 -0.000000 0.000000
61  -0.004311 0.001229 -0.000371  0.006898 -0.005534 -0.284229
62  0.439282 9.892862 -4.947045  1.570796 -0.000000 0.000000
63  0.000000 0.000000 0.000000  -0.078727 -3.136056 0.284226
64  0.000100 0.000001 0.000002  1.573525 0.019874 -0.002118
65  -2.646913 -11.688915 -1.031333  1.669891 0.113707 0.279930
66  0.000001 -2.923558 -1.408042  -0.000000 -0.000000 0.000000
67  -0.000003 -0.601197 -2.062165  -0.000000 -0.000000 0.000000
68  0.004380 -0.039407 6.613115  -0.000000 -0.000000 0.000000
69  0.000002 -0.021786 -0.115848  -0.000000 -0.000000 0.000000
70  0.000001 -3.304881 0.259167  -0.000000 -0.000000 0.000000
71  -1.566808 -16.153507 -2.742837  1.669891 0.113707 0.279930
72  0.057100 0.204433 -2.709595  -0.000000 -0.000000 0.000000
73  0.111673 -0.283001 -2.709595  -0.000000 -0.000000 0.000000
74  -0.128217 -0.750370 -2.709595  -0.000000 -0.000000 0.000000
time 6
0  0 0 0  0 0 0
1  0.000006 0.000000 0.000000  -1.570800 -1.391899 -1.570792
2  -8.526393 2.634402 1.937664  -1.544956 -1.855077 -0.198630
3  6.027521 -0.000328 0.000193  -1.026811 -1.092383 -1.035751
4  11.692111 0.000643 -0.000742  -1.082643 -0.000008 -1.241792
5  11.479965 0.000437 -0.000729  1.665126 -0.494418 0.205727
6  3.859509 -0.142880 -1.192050  -0.400396 0.145867 -0.930884
7  1.312590 0.000015 0.000007  0.018856 0.026315 -0.569958
8  0.729355 0.000053 0.000049  -0.021130 0.029567 -0.289489
9  3.942143 0.046272 -0.431513  -0.127776 0.070537 -0.858643
10  1.539110 0.000084 0.000005  0.011798 0.015162 -0.304504
11  1.196333 0.000147 0.000029  0.006772 0.004548 -0.468825
12  3.883505 -0.047269 0.431381  0.107837 0.025586 -0.569781
13  1.719573 -0.000026 0.000015  0.010271 0.022942 -0.425084
14  1.209179 0.000089 0.000012  -0.007031 0.000873 -0.273123
15  3.859662 -0.138475 1.332409  0.354260 -0.062358 -0.548117
16  1.719450 -0.000012 0.000022  -0.000148 -0.002258 -0.400416
17  1.099676 0.000050 0.000007  0.006433 -0.000357 -0.244634
18  0.663940 -0.512235 1.151502  -0.911478 -0.428787 -0.651958
19  1.789820 -0.000002 -0.000017  -0.001341 0.000537 0.212394
20  1.207017 -0.000012 -0.000043  0.005817 0.013624 0.338128
21  5.740639 0.000409 -0.000703  0.004036 0.000003 0.000071
22  11.481004 0.000295 -0.000803  0.030158 -0.075180 0.035102
23  6.027524 -0.000332 0.000203  1.734895 -0.451538 1.743093
24  -0.000000 11.692100 -0.000008  -0.873683 -0.340308 -0.705104
25  0.000003 0.000008 -0.000002  -0.213556 -0.000030 1.570739
26  -0.000001 -0.000012 -0.000000  0.868957 0.000002 1.570712
27  -6.633113 -8.712063 0.268612  1.473120 1.855075 -0.198639
28  6.027512 -0.000263 -0.000224  1.869517 0.832927 -0.552844
29  11.691993 0.000242 0.000856  0.141450 0.000063 -1.733236
30  11.480279 -0.000361 0.000884  -1.240786 -0.213549 0.807408
31  3.859436 -0.132788 1.193062  0.466148 -0.051828 -1.783918
32  1.312559 0.000024 -0.000000  -0.013963 -0.041043 -0.156449
33  0.729344 0.000067 -0.000027  -0.128320 -0.117290 -0.954856
34  3.942046 0.050108 0.430997  0.211502 -0.107596 -1.469117
35  1.539096 0.000005 -0.000001  0.040712 -0.054387 -1.030473
36  1.196299 0.000077 -0.000005  -0.249391 -0.043040 -0.795121
37  3.883411 -0.050502 -0.431087  0.186407 -0.271795 -1.212183
38  1.719563 -0.000082 -0.000003  0.020974 -0.107650 -1.483529
39  1.209197 0.000035 0.000011  -0.324719 0.069674 -0.493483
40  3.859584 -0.149113 -1.331323  -0.076053 -0.061089 -0.054558
41  1.719412 -0.000098 -0.000034  -0.016823 0.027292 -0.887160
42  1.099674 0.000026 0.000007  0.122797 -0.022531 -0.972771
43  0.805979 -0.359854 -1.318338  0.991670 0.166768 -0.799535
44  1.789779 -0.000008 -0.000042  0.000057 -0.002451 0.133097
45  1.206996 -0.000006 0.000006  0.000372 -0.000070 1.058781
46  5.740571 0.000056 0.000723  0.150896 -0.000014 0.000021
47  11.480999 -0.000036 0.000926  0.084906 -0.038282 0.150517
48  6.027514 -0.000274 -0.000236  -0.874323 -0.267119 -1.818018
49  -0.000002 11.691974 -0.000006  -1.166461 0.609896 0.890240
50  0.000002 -0.000000 0.000000  2.413975 -0.000041 1.570856
51  -0.000006 -0.000016 0.000003  2.272644 -0.000030 1.570865
52  -6.655216 -5.079298 -4.486059  2.997597 -0.065074 -1.327299
53  0.000001 0.000000 -0.000000  0.008153 -0.000259 0.000009
54  -0.000000 -0.000001 0.000000  1.565115 0.043565 -0.106862
55  1.857311 -19.015903 -10.911543  -0.240044 -0.097139 -1.903828
56  0.000001 -0.000000 -0.000000  0.000000 -0.000000 -0.000002
57  0.000030 0.000028 0.000001  -1.571901 -0.044449 -0.106509
58  19.169033 -11.394513 -26.736532  1.570796 -0.000000 0.000000
59  -15.316774 3.046758 -21.948132  1.570796 -0.000000 0.000000
60  1.941978 -1.075505 -8.860325  1.570796 -0.000000 0.000000
61  -0.004311 0.001229 -0.000371  0.006898 -0.005534 -0.284229
62  0.268610 9.753348 -4.976990  1.570796 -0.000000 0.000000
63  0.000000 0.000000 0.000000  -0.078727 -3.136056 0.284226
64  0.000365 0.000002 0.000005  1.573303 0.016709 -0.000005
65  -2.736880 -11.749910 -0.922692  1.657865 0.097778 0.354223
66  0.000002 -2.923558 -1.408042  -0.000000 -0.000000 -0.000000
67  -0.000002 -0.601197 -2.062164  -0.000000 -0.000000 -0.000000
68  0.004380 -0.039407 6.613115  -0.000000 -0.000000 -0.000000
69  0.000002 -0.021787 -0.115848  -0.000000 -0.000000 -0.000000
70  0.000002 -3.304881 0.259169  -0.000000 -0.000000 -0.000000
71  -1.290644 -16.129795 -2.582042  1.657865 0.097778 0.354223
72  0.057100 0.204433 -2.709597  -0.000000 -0.000000 -0.000000
73  0.111673 -0.283002 -2.709597  -0.000000 -0.000000 -0.000000
74  -0.128217 -0.750370 -2.709599  -0.000000 -0.000000 -0.000000
time 7
0  0 0 0  0 0 0
1  0.000006 0.000000 0.000000  -1.570800 -1.391899 -1.570792
2  -8.526393 2.634402 1.937664  -1.544956 -1.855077 -0.198630
3  6.027522 -0.000327 0.000193  -0.832244 -1.052146 -1.203086
4  11.692111 0.000643 -0.000741  -1.083291 -0.000003 -1.130678
5  11.480598 0.000586 -0.000452  1.605852 -0.359628 -0.066282
6  3.859508 -0.142880 -1.192049  -0.377561 0.140047 -0.994283
7  1.312589 0.000011 0.000007  0.024851 0.041053 -0.657594
8  0.729355 0.000052 0.000049  -0.044140 0.054762 -0.346574
9  3.942142 0.046273 -0.431512  -0.120283 0.067589 -0.918081
10  1.539110 0.000082 0.000006  0.016052 0.022174 -0.375661
11  1.196332 0.000149 0.000030  0.014947 0.010547 -0.516207
12  3.883504 -0.047269 0.431381  0.117026 0.031503 -0.561773
13  1.719573 -0.000031 0.000013  0.013453 0.030854 -0.498693
14  1.209179 0.000091 0.000011  -0.013894 -0.002357 -0.344271
15  3.859661 -0.138476 1.332410  0.353726 -0.068092 -0.561435
16  1.719449 -0.000012 0.000023  -0.000238 -0.005344 -0.446995
17  1.099675 0.000049 0.000005  0.013381 -0.002946 -0.244963
18  0.683648 -0.489595 1.175054  -0.919771 -0.419461 -0.704736
19  1.789818 -0.000002 -0.000020  -0.001919 0.001223 0.192396
20  1.207014 -0.000012 -0.000044  0.011474 0.030564 0.327975
21  5.740637 0.000410 -0.000704  -0.008238 0.000003 0.000071
22  11.481131 0.000325 -0.000748  0.010590 -0.050442 -0.021888
23  6.027524 -0.000332 0.000203  1.644886 -0.513895 1.788625
24  0.000003 11.692099 -0.000008  -0.804335 -0.286945 -0.654736
25  0.000002 0.000009 -0.000001  -0.214211 -0.000031 1.570739
26  0.000001 -0.000012 -0.000001  0.868957 0.000002 1.570712
27  -6.638573 -8.544241 0.067775  1.473120 1.855075 -0.198639
28  6.027512 -0.000263 -0.000225  1.890483 0.841371 -0.545510
29  11.691990 0.000243 0.000854  0.141449 0.000060 -1.689431
30  11.478716 -0.001222 0.001009  -1.206622 -0.293666 0.728062
31  3.859436 -0.132787 1.193062  0.466148 -0.051828 -1.783917
32  1.312559 0.000024 -0.000001  -0.013963 -0.041043 -0.156449
33  0.729346 0.000067 -0.000027  -0.128320 -0.117290 -0.954856
34  3.942046 0.050109 0.430997  0.211502 -0.107596 -1.469117
35  1.539097 0.000005 -0.000000  0.040712 -0.054387 -1.030473
36  1.196300 0.000076 -0.000005  -0.249391 -0.043040 -0.795121
37  3.883411 -0.050501 -0.431087  0.186407 -0.271796 -1.212183
38  1.719563 -0.000080 -0.000002  0.020974 -0.107650 -1.483529
39  1.209197 0.000035 0.000012  -0.324719 0.069674 -0.493483
40  3.859584 -0.149111 -1.331323  -0.066965 -0.064816 -0.089567
41  1.719410 -0.000097 -0.000034  -0.014756 0.029276 -0.703174
42  1.099673 0.000026 0.000006  0.125958 -0.023424 -0.765866
43  0.805979 -0.359853 -1.318339  0.991670 0.166768 -0.799535
44  1.789779 -0.000009 -0.000042  0.000057 -0.002451 0.133097
45  1.206996 -0.000005 0.000005  0.000372 -0.000070 1.058782
46  5.740571 0.000057 0.000723  0.136467 -0.000014 0.000021
47  11.480686 -0.000207 0.000951  0.094925 -0.053958 0.136353
48  6.027515 -0.000274 -0.000237  -0.878403 -0.251219 -1.825210
49  -0.000003 11.691973 -0.000007  -1.140795 0.584042 0.876386
50  0.000003 -0.000004 -0.000000  2.413975 -0.000041 1.570856
51  -0.000007 -0.000015 0.000004  2.272644 -0.000030 1.570865
52  -7.149286 -5.605992 -4.526833  3.024474 -0.080044 -1.248946
53  0.000000 0.000000 -0.000000  0.008153 -0.000259 0.000009
54  -0.000000 0.000000 -0.000000  1.565115 0.043565 -0.106862
55  0.752153 -19.256475 -12.771099  -0.420480 -0.239858 -1.943331
56  0.000001 -0.000000 -0.000000  0.000000 -0.000000 -0.000002
57  0.000031 0.000029 -0.000000  -1.571901 -0.044449 -0.106509
58  21.807814 -8.933669 -29.602047  1.570796 -0.000000 0.000000
59  -15.280359 2.703516 -21.698505  1.570796 -0.000000 0.000000
60  1.941978 -1.075505 -8.860325  1.570796 -0.000000 0.000000
61  -0.004311 0.001229 -0.000371  0.006898 -0.005534 -0.284229
62  0.067772 9.589175 -5.012226  1.570796 -0.000000 0.000000
63  0.000000 0.000000 0.000000  -0.078727 -3.136056 0.284226
64  0.000739 0.000004 0.000011  1.572602 0.012235 0.003216
65  -2.818546 -11.920035 -0.795138  1.639955 0.072793 0.432999
66  0.000001 -2.923558 -1.408041  0.000000 -0.000000 -0.000000
67  -0.000003 -0.601197 -2.062164  0.000000 -0.000000 -0.000000
68  0.004380 -0.039406 6.613115  0.000000 -0.000000 -0.000000
69  0.000002 -0.021786 -0.115849  0.000000 -0.000000 -0.000000
70  0.000001 -3.304880 0.259169  0.000000 -0.000000 -0.000000
71  -0.976760 -16.179018 -2.375437  1.639955 0.072793 0.432999
72  0.057100 0.204433 -2.709599  0.000000 -0.000000 -0.000000
73  0.111673 -0.283001 -2.709598  0.000000 -0.000000 -0.000000
74  -0.128217 -0.750370 -2.709598  0.000000 -0.000000 -0.000000
time 8
0  0 0 0  0 0 0
1  0.000006 0.000000 0.000000  -1.570800 -1.391899 -1.570792
2  -8.526393 2.634402 1.937664  -1.544956 -1.855077 -0.198630
3  6.027523 -0.000326 0.000193  -0.572924 -1.016850 -1.463283
4  11.692116 0.000645 -0.000739  -1.084033 0.000005 -0.904698
5  11.480594 0.000616 -0.000395  1.458234 -0.151060 -0.400821
6  3.859509 -0.142880 -1.192047  -0.361863 0.132849 -1.080775
7  1.312591 0.000010 0.000006  0.027937 0.056311 -0.757697
8  0.729353 0.000054 0.000050  -0.076377 0.084321 -0.425388
9  3.942144 0.046273 -0.431511  -0.115639 0.063748 -0.999084
10  1.539110 0.000080 0.000004  0.018804 0.028786 -0.473126
11  1.196333 0.000144 0.000029  0.025582 0.019303 -0.580500
12  3.883504 -0.047269 0.431383  0.124857 0.039851 -0.554633
13  1.719572 -0.000027 0.000015  0.014920 0.038116 -0.599635
14  1.209178 0.000091 0.000012  -0.022429 -0.007504 -0.441664
15  3.859663 -0.138475 1.332411  0.352911 -0.071078 -0.577646
16  1.719450 -0.000011 0.000021  -0.000222 -0.008304 -0.510240
17  1.099676 0.000051 0.000005  0.022501 -0.006168 -0.245431
18  0.704331 -0.465836 1.199768  -0.929018 -0.410102 -0.760076
19  1.789818 -0.000003 -0.000017  -0.002437 0.002140 0.165375
20  1.207017 -0.000010 -0.000043  0.018632 0.053478 0.319631
21  5.740637 0.000411 -0.000701  -0.028474 0.000003 0.000071
22  11.481131 0.000331 -0.000736  -0.019756 -0.005572 -0.092978
23  6.027524 -0.000332 0.000203  1.491442 -0.548906 1.829583
24  0.000003 11.692101 -0.000008  -0.657837 -0.189559 -0.543155
25  0.000004 0.000008 -0.000001  -0.214967 -0.000030 1.570739
26  0.000000 -0.000012 -0.000001  0.868957 0.000002 1.570712
27  -6.644828 -8.352015 -0.162267  1.473120 1.855075 -0.198639
28  6.027512 -0.000262 -0.000226  1.904745 0.858732 -0.539540
29  11.691991 0.000241 0.000853  0.141448 0.000056 -1.635757
30  11.479284 -0.000899 0.000962  -1.155971 -0.366976 0.644082
31  3.859436 -0.132788 1.193061  0.466148 -0.051828 -1.783918
32  1.312558 0.000025 -0.000000  -0.013963 -0.041043 -0.156449
33  0.729345 0.000066 -0.000027  -0.128320 -0.117290 -0.954856
34  3.942047 0.050109 0.430996  0.211502 -0.107596 -1.469117
35  1.539095 0.000005 0.000000  0.040712 -0.054387 -1.030473
36  1.196300 0.000077 -0.000003  -0.249391 -0.043040 -0.795121
37  3.883412 -0.050502 -0.431087  0.186407 -0.271796 -1.212183
38  1.719564 -0.000083 -0.000003  0.020974 -0.107650 -1.483529
39  1.209195 0.000035 0.000012  -0.324719 0.069674 -0.493483
40  3.859586 -0.149112 -1.331323  -0.056993 -0.068561 -0.129297
41  1.719413 -0.000097 -0.000034  -0.012040 0.030812 -0.492468
42  1.099673 0.000024 0.000007  0.125261 -0.025797 -0.528322
43  0.805979 -0.359854 -1.318338  0.991670 0.166768 -0.799535
44  1.789779 -0.000007 -0.000042  0.000057 -0.002451 0.133097
45  1.206997 -0.000004 0.000005  0.000372 -0.000070 1.058781
46  5.740572 0.000055 0.000724  0.125199 -0.000014 0.000021
47  11.480801 -0.000144 0.000942  0.106505 -0.068048 0.121892
48  6.027514 -0.000273 -0.000238  -0.892811 -0.237270 -1.826472
49  -0.000002 11.691974 -0.000005  -1.109343 0.552777 0.858662
50  0.000004 -0.000001 -0.000000  2.413975 -0.000041 1.570856
51  -0.000006 -0.000016 0.000005  2.272644 -0.000030 1.570865
52  -7.569831 -6.243077 -4.575307  3.061661 -0.095940 -1.170063
53  -0.000000 0.000000 -0.000000  0.008153 -0.000259 0.000009
54  0.000000 -0.000000 -0.000000  1.565115 0.043565 -0.106862
55  -0.884153 -19.574778 -14.943353  -0.665483 -0.435757 -1.954519
56  -0.000001 0.000002 0.000001  0.000000 -0.000000 -0.000002
57  0.000027 0.000031 0.000001  -1.571901 -0.044449 -0.106509
58  24.446592 -6.472826 -32.467560  1.570796 -0.000000 0.000000
59  -15.238649 2.310363 -21.412582  1.570796 -0.000000 0.000000
60  1.941978 -1.075505 -8.860325  1.570796 -0.000000 0.000000
61  -0.004311 0.001229 -0.000371  0.006898 -0.005534 -0.284229
62  -0.162269 9.401130 -5.052588  1.570796 -0.000000 0.000000
63  0.000000 0.000000 0.000000  -0.078727 -3.136056 0.284226
64  0.001167 0.000007 0.000018  1.571421 0.007109 0.007301
65  -2.889892 -12.179993 -0.651126  1.619983 0.037762 0.514047
66  0.000002 -2.923558 -1.408042  -0.000000 0.000000 0.000000
67  -0.000002 -0.601197 -2.062165  -0.000000 0.000000 0.000000
68  0.004380 -0.039407 6.613115  -0.000000 0.000000 0.000000
69  0.000003 -0.021787 -0.115849  -0.000000 0.000000 0.000000
70  0.000002 -3.304880 0.259169  -0.000000 0.000000 0.000000
71  -0.642931 -16.273659 -2.141601  1.619983 0.037762 0.514047
72  0.057100 0.204433 -2.709596  -0.000000 0.000000 0.000000
73  0.111672 -0.283002 -2.709596  -0.000000 0.000000 0.000000
74  -0.128217 -0.750370 -2.709596  -0.000000 0.000000 0.000000
time 9
0  0 0 0  0 0 0
1  0.000006 0.000000 0.000000  -1.570800 -1.391899 -1.570792
2  -8.526393 2.634402 1.937664  -1.544956 -1.855077 -0.198630
3  6.027525 -0.000326 0.000193  -0.350672 -0.991222 -1.727684
4  11.692118 0.000645 -0.000742  -1.084871 0.000010 -0.629238
5  11.480320 0.000610 -0.000406  1.268873 0.035383 -0.670799
6  3.859510 -0.142877 -1.192051  -0.352594 0.124382 -1.185311
7  1.312590 0.000013 0.000007  0.027938 0.071281 -0.865921
8  0.729355 0.000054 0.000049  -0.117401 0.114850 -0.522080
9  3.942144 0.046273 -0.431513  -0.113457 0.059077 -1.096928
10  1.539110 0.000085 0.000005  0.019914 0.034759 -0.591425
11  1.196332 0.000145 0.000030  0.037615 0.030730 -0.657836
12  3.883507 -0.047267 0.431380  0.131248 0.050104 -0.548478
13  1.719574 -0.000025 0.000014  0.014590 0.044411 -0.722286
14  1.209179 0.000093 0.000012  -0.031753 -0.014772 -0.559788
15  3.859665 -0.138472 1.332409  0.351831 -0.071540 -0.595900
16  1.719447 -0.000014 0.000021  -0.000045 -0.011050 -0.586390
17  1.099676 0.000048 0.000004  0.033253 -0.009846 -0.246026
18  0.725011 -0.442077 1.224480  -0.938777 -0.401224 -0.815291
19  1.789818 -0.000004 -0.000019  -0.002903 0.003229 0.132985
20  1.207016 -0.000013 -0.000043  0.026877 0.080964 0.313271
21  5.740637 0.000410 -0.000705  -0.047971 0.000003 0.000071
22  11.481078 0.000328 -0.000742  -0.049316 0.043115 -0.146140
23  6.027524 -0.000332 0.000203  1.349316 -0.540209 1.826639
24  0.000002 11.692099 -0.000007  -0.468439 -0.094620 -0.391592
25  0.000001 0.000008 -0.000001  -0.215824 -0.000030 1.570739
26  0.000001 -0.000012 0.000001  0.868957 0.000002 1.570712
27  -6.651842 -8.136482 -0.420199  1.473120 1.855075 -0.198639
28  6.027512 -0.000262 -0.000224  1.913365 0.883885 -0.534592
29  11.691991 0.000243 0.000858  0.141446 0.000053 -1.578549
30  11.479683 -0.000680 0.000929  -1.089850 -0.432559 0.565355
31  3.859435 -0.132788 1.193061  0.466148 -0.051828 -1.783917
32  1.312558 0.000025 0.000000  -0.013963 -0.041043 -0.156449
33  0.729345 0.000066 -0.000027  -0.128320 -0.117290 -0.954856
34  3.942046 0.050109 0.430997  0.211502 -0.107596 -1.469117
35  1.539096 0.000005 0.000000  0.040712 -0.054387 -1.030473
36  1.196300 0.000077 -0.000005  -0.249391 -0.043040 -0.795121
37  3.883411 -0.050503 -0.431087  0.186407 -0.271795 -1.212183
38  1.719563 -0.000081 -0.000003  0.020974 -0.107650 -1.483529
39  1.209196 0.000035 0.000012  -0.324719 0.069674 -0.493483
40  3.859583 -0.149112 -1.331324  -0.048315 -0.071491 -0.164334
41  1.719413 -0.000098 -0.000034  -0.009482 0.031560 -0.308456
42  1.099674 0.000026 0.000007  0.122349 -0.027754 -0.321351
43  0.805978 -0.359854 -1.318338  0.991669 0.166768 -0.799535
44  1.789779 -0.000008 -0.000043  0.000057 -0.002451 0.133097
45  1.206997 -0.000005 0.000006  0.000373 -0.000070 1.058782
46  5.740571 0.000056 0.000723  0.119780 -0.000014 0.000021
47  11.480880 -0.000100 0.000935  0.119839 -0.080267 0.109330
48  6.027514 -0.000273 -0.000237  -0.916027 -0.224912 -1.822803
49  -0.000001 11.691975 -0.000005  -1.075754 0.519990 0.838891
50  0.000003 -0.000000 0.000000  2.413975 -0.000041 1.570856
51  -0.000006 -0.000015 0.000007  2.272644 -0.000030 1.570865
52  -7.898282 -6.928819 -4.603990  3.110481 -0.108802 -1.093800
53  0.000000 0.000001 0.000000  0.008153 -0.000259 0.000009
54  -0.000000 -0.000000 -0.000000  1.565115 0.043565 -0.106862
55  -2.226265 -19.825611 -16.568016  -0.872849 -0.585859 -1.924611
56  -0.000001 0.000003 0.000000  0.000000 -0.000000 -0.000002
57  0.000029 0.000032 0.000001  -1.571901 -0.044449 -0.106509
58  26.924147 -4.162335 -35.157997  1.570796 -0.000000 0.000000
59  -15.191882 1.869545 -21.091995  1.570796 -0.000000 0.000000
60  1.941978 -1.075505 -8.860325  1.570796 -0.000000 0.000000
61  -0.004311 0.001229 -0.000371  0.006898 -0.005534 -0.284229
62  -0.420201 9.190286 -5.097841  1.570796 -0.000000 0.000000
63  0.000000 0.000000 0.000000  -0.078727 -3.136056 0.284226
64  0.001596 0.000009 0.000024  1.569766 0.001991 0.012009
65  -2.948897 -12.510487 -0.493445  1.601604 -0.008996 0.595036
66  0.000002 -2.923558 -1.408042  0.000000 -0.000000 0.000000
67  -0.000003 -0.601197 -2.062164  0.000000 -0.000000 0.000000
68  0.004380 -0.039407 6.613116  0.000000 -0.000000 0.000000
69  0.000002 -0.021786 -0.115849  0.000000 -0.000000 0.000000
70  0.000001 -3.304881 0.259169  0.000000 -0.000000 0.000000
71  -0.306097 -16.392351 -1.898858  1.601604 -0.008996 0.595036
72  0.057100 0.204433 -2.709599  0.000000 -0.000000 0.000000
73  0.111673 -0.283001 -2.709598  0.000000 -0.000000 0.000000
74  -0.128217 -0.750370 -2.709598  0.000000 -0.000000 0.000000
time 10
0  0 0 0  0 0 0
1  0.000006 0.000000 0.000000  -1.570800 -1.391899 -1.570792
2  -8.526393 2.634402 1.937664  -1.544956 -1.855077 -0.198630
3  6.027526 -0.000327 0.000193  -0.264825 -0.979175 -1.856831
4  11.692118 0.000647 -0.000740  -1.085819 0.000010 -0.485284
5  11.480550 0.000657 -0.000314  1.184145 0.120119 -0.775226
6  3.859508 -0.142880 -1.192050  -0.348519 0.114765 -1.299820
7  1.312589 0.000009 0.000010  0.025138 0.084983 -0.975967
8  0.729358 0.000054 0.000050  -0.164946 0.142485 -0.629704
9  3.942140 0.046272 -0.431512  -0.113135 0.053719 -1.204102
10  1.539110 0.000083 0.000004  0.019500 0.039755 -0.721430
11  1.196333 0.000145 0.000028  0.049727 0.044249 -0.742298
12  3.883505 -0.047269 0.431382  0.136191 0.061470 -0.543394
13  1.719573 -0.000025 0.000015  0.012703 0.049359 -0.857163
14  1.209181 0.000091 0.000011  -0.040730 -0.023913 -0.689495
15  3.859663 -0.138476 1.332410  0.350529 -0.069935 -0.615005
16  1.719448 -0.000011 0.000023  0.000302 -0.013479 -0.669658
17  1.099675 0.000052 0.000005  0.044859 -0.013727 -0.246716
18  0.744719 -0.419440 1.248033  -0.948507 -0.393250 -0.867717
19  1.789819 -0.000003 -0.000016  -0.003323 0.004407 0.097662
20  1.207014 -0.000011 -0.000044  0.035661 0.110949 0.308923
21  5.740638 0.000410 -0.000702  -0.054207 0.000003 0.000071
22  11.481123 0.000338 -0.000723  -0.059792 0.066949 -0.163882
23  6.027524 -0.000332 0.000203  1.293724 -0.529803 1.797399
24  0.000001 11.692099 -0.000007  -0.364877 -0.057006 -0.306415
25  0.000002 0.000009 -0.000002  -0.216784 -0.000031 1.570739
26  -0.000001 -0.000011 -0.000001  0.868957 0.000002 1.570712
27  -6.659567 -7.899061 -0.704328  1.473120 1.855075 -0.198639
28  6.027512 -0.000263 -0.000225  1.923345 0.915619 -0.527520
29  11.691991 0.000241 0.000857  0.141446 0.000048 -1.527272
30  11.480062 -0.000455 0.000897  -1.014169 -0.498735 0.514963
31  3.859435 -0.132787 1.193062  0.466148 -0.051828 -1.783917
32  1.312559 0.000025 -0.000001  -0.013963 -0.041043 -0.156449
33  0.729345 0.000066 -0.000027  -0.128320 -0.117290 -0.954856
34  3.942046 0.050109 0.430996  0.211502 -0.107596 -1.469117
35  1.539097 0.000005 -0.000000  0.040712 -0.054387 -1.030473
36  1.196298 0.000077 -0.000004  -0.249391 -0.043040 -0.795121
37  3.883411 -0.050502 -0.431087  0.186407 -0.271796 -1.212183
38  1.719563 -0.000081 -0.000003  0.020974 -0.107650 -1.483529
39  1.209198 0.000035 0.000011  -0.324719 0.069674 -0.493483
40  3.859585 -0.149112 -1.331323  -0.042659 -0.073233 -0.187323
41  1.719412 -0.000099 -0.000034  -0.007797 0.031750 -0.190114
42  1.099673 0.000026 0.000007  0.119585 -0.028656 -0.188913
43  0.805978 -0.359853 -1.318338  0.991670 0.166768 -0.799535
44  1.789779 -0.000007 -0.000042  0.000057 -0.002451 0.133097
45  1.206997 -0.000004 0.000005  0.000373 -0.000070 1.058782
46  5.740572 0.000055 0.000725  0.122458 -0.000014 0.000021
47  11.480957 -0.000055 0.000929  0.135302 -0.091486 0.103361
48  6.027514 -0.000274 -0.000238  -0.945477 -0.210123 -1.817191
49  -0.000003 11.691974 -0.000008  -1.045540 0.491101 0.820415
50  0.000003 0.000000 -0.000000  2.413975 -0.000041 1.570856
51  -0.000007 -0.000015 0.000005  2.272644 -0.000030 1.570865
52  -8.151119 -7.568806 -4.521140  -3.110283 -0.105808 -1.022225
53  0.000000 -0.000001 -0.000000  0.008153 -0.000259 0.000009
54  -0.000001 -0.000000 0.000000  1.565115 0.043565 -0.106862
55  -2.714247 -19.915163 -17.133415  -0.951304 -0.636318 -1.904526
56  -0.000001 0.000000 -0.000000  0.000000 -0.000000 -0.000002
57  0.000029 0.000031 0.000000  -1.571901 -0.044449 -0.106509
58  29.099480 -2.133689 -37.520248  1.570796 -0.000000 0.000000
59  -15.140365 1.383955 -20.738846  1.570796 -0.000000 0.000000
60  1.941978 -1.075505 -8.860325  1.570796 -0.000000 0.000000
61  -0.004311 0.001229 -0.000371  0.006898 -0.005534 -0.284229
62  -0.704330 8.958028 -5.147691  1.570796 -0.000000 0.000000
63  0.000000 0.000000 0.000000  -0.078727 -3.136056 0.284226
64  0.001970 0.000011 0.000030  1.567649 -0.002460 0.017095
65  -2.993544 -12.892221 -0.324873  1.597052 -0.070964 0.673480
66  0.000003 -2.923558 -1.408044  -0.000000 -0.000000 0.000000
67  -0.000002 -0.601198 -2.062164  -0.000000 -0.000000 0.000000
68  0.004381 -0.039407 6.613115  -0.000000 -0.000000 0.000000
69  0.000003 -0.021787 -0.115849  -0.000000 -0.000000 0.000000
70  0.000001 -3.304881 0.259168  -0.000000 -0.000000 0.000000
71  0.016112 -16.506689 -1.705469  1.597052 -0.070964 0.673480
72  0.057100 0.204433 -2.709595  -0.000000 -0.000000 0.000000
73  0.111673 -0.283002 -2.709596  -0.000000 -0.000000 0.000000
74  -0.128218 -0.750370 -2.709595  -0.000000 -0.000000 0.000000
time 11
0  0 0 0  0 0 0
1  0.000006 0.000000 0.000000  -1.570800 -1.391899 -1.570792
2  -8.526393 2.634402 1.937664  -1.544956 -1.855077 -0.198630
3  6.027526 -0.000327 0.000193  -0.283315 -0.974338 -1.859258
4  11.692118 0.000646 -0.000741  -1.086880 0.000010 -0.485284
5  11.480552 0.000658 -0.000313  1.198026 0.136853 -0.768918
6  3.859508 -0.142880 -1.192050  -0.348037 0.104397 -1.414208
7  1.312589 0.000012 0.000009  0.020328 0.096553 -1.080476
8  0.729359 0.000053 0.000049  -0.214822 0.164147 -0.738810
9  3.942140 0.046272 -0.431512  -0.113955 0.047987 -1.311234
10  1.539109 0.000085 0.000005  0.017969 0.043501 -0.851485
11  1.196331 0.000145 0.000029  0.060662 0.058740 -0.826651
12  3.883505 -0.047269 0.431382  0.139775 0.072972 -0.539406
13  1.719574 -0.000026 0.000015  0.009823 0.052728 -0.992094
14  1.209178 0.000090 0.000010  -0.048319 -0.034096 -0.819154
15  3.859663 -0.138476 1.332410  0.349094 -0.066919 -0.633577
16  1.719448 -0.000013 0.000023  0.000778 -0.015504 -0.752930
17  1.099676 0.000048 0.000008  0.056389 -0.017519 -0.247448
18  0.762577 -0.398923 1.269374  -0.957647 -0.386460 -0.914998
19  1.789823 -0.000005 -0.000020  -0.003699 0.005577 0.062338
20  1.207016 -0.000011 -0.000042  0.044352 0.140935 0.306406
21  5.740637 0.000411 -0.000703  -0.050562 0.000003 0.000071
22  11.481125 0.000339 -0.000722  -0.056222 0.069274 -0.162016
23  6.027524 -0.000332 0.000203  1.301551 -0.539029 1.775663
24  0.000001 11.692101 -0.000008  -0.364877 -0.057006 -0.306415
25  0.000004 0.000008 -0.000001  -0.217844 -0.000030 1.570739
26  -0.000001 -0.000011 -0.000001  0.868957 0.000002 1.570712
27  -6.667949 -7.641491 -1.012566  1.473120 1.855075 -0.198639
28  6.027514 -0.000263 -0.000225  1.938493 0.952045 -0.516786
29  11.691991 0.000245 0.000856  0.141445 0.000045 -1.481461
30  11.480433 -0.000233 0.000866  -0.939480 -0.569277 0.490187
31  3.859436 -0.132789 1.193062  0.466148 -0.051828 -1.783917
32  1.312559 0.000024 -0.000000  -0.013963 -0.041043 -0.156449
33  0.729346 0.000066 -0.000026  -0.128320 -0.117290 -0.954856
34  3.942046 0.050109 0.430996  0.211502 -0.107596 -1.469117
35  1.539097 0.000005 -0.000000  0.040712 -0.054387 -1.030473
36  1.196301 0.000076 -0.000004  -0.249391 -0.043040 -0.795121
37  3.883410 -0.050503 -0.431087  0.186407 -0.271796 -1.212183
38  1.719564 -0.000081 -0.000003  0.020974 -0.107650 -1.483529
39  1.209197 0.000036 0.000012  -0.324719 0.069674 -0.493483
40  3.859585 -0.149112 -1.331324  -0.040757 -0.073789 -0.195091
41  1.719411 -0.000097 -0.000034  -0.007235 0.031761 -0.150715
42  1.099673 0.000025 0.000007  0.118501 -0.028866 -0.144987
43  0.805979 -0.359854 -1.318338  0.991669 0.166768 -0.799535
44  1.789779 -0.000007 -0.000043  0.000057 -0.002451 0.133097
45  1.206996 -0.000005 0.000005  0.000372 -0.000070 1.058782
46  5.740572 0.000055 0.000724  0.129266 -0.000014 0.000021
47  11.481030 -0.000012 0.000923  0.151198 -0.102698 0.103333
48  6.027515 -0.000273 -0.000239  -0.978691 -0.191451 -1.812011
49  -0.000001 11.691974 -0.000005  -1.018423 0.465717 0.803322
50  0.000003 -0.000001 0.000000  2.413975 -0.000041 1.570856
51  -0.000006 -0.000015 0.000005  2.272644 -0.000030 1.570865
52  -8.374192 -8.160566 -4.322337  -3.041973 -0.088687 -0.953780
53  0.000000 0.000000 -0.000000  0.008153 -0.000259 0.000009
54  -0.000000 -0.000000 0.000000  1.565115 0.043565 -0.106862
55  -2.714247 -19.915163 -17.133415  -0.951304 -0.636318 -1.904526
56  -0.000001 0.000000 -0.000000  0.000000 -0.000000 -0.000002
57  0.000029 0.000031 0.000000  -1.571901 -0.044449 -0.106509
58  30.865494 -0.486760 -39.438004  1.570796 -0.000000 0.000000
59  -15.084476 0.857161 -20.355732  1.570796 -0.000000 0.000000
60  1.941978 -1.075505 -8.860325  1.570796 -0.000000 0.000000
61  -0.004311 0.001229 -0.000371  0.006898 -0.005534 -0.284229
62  -1.012569 8.706060 -5.201772  1.570796 -0.000000 0.000000
63  0.000000 0.000000 0.000000  -0.078727 -3.136056 0.284226
64  0.002234 0.000013 0.000034  1.565094 -0.005586 0.022312
65  -3.021813 -13.305902 -0.147944  1.605407 -0.140579 0.747678
66  0.000002 -2.923558 -1.408043  0.000000 0.000000 -0.000000
67  -0.000002 -0.601197 -2.062165  0.000000 0.000000 -0.000000
68  0.004381 -0.039407 6.613114  0.000000 0.000000 -0.000000
69  0.000002 -0.021786 -0.115849  0.000000 0.000000 -0.000000
70  0.000002 -3.304880 0.259168  0.000000 0.000000 -0.000000
71  0.313805 -16.609848 -1.557223  1.605407 -0.140579 0.747678
72  0.057098 0.204433 -2.709596  0.000000 0.000000 -0.000000
73  0.111671 -0.283001 -2.709596  0.000000 0.000000 -0.000000
74  -0.128219 -0.750370 -2.709596  0.000000 0.000000 -0.000000
time 12
0  0 0 0  0 0 0
1  0.000006 0.000000 0.000000  -1.570800 -1.391899 -1.570792
2  -8.526393 2.634402 1.937664  -1.544956 -1.855077 -0.198630
3  6.027526 -0.000327 0.000193  -0.295229 -0.971219 -1.860905
4  11.692118 0.000646 -0.000742  -1.088042 0.000010 -0.485284
5  11.480549 0.000657 -0.000314  1.207438 0.147969 -0.764648
6  3.859508 -0.142880 -1.192050  -0.349535 0.094060 -1.518428
7  1.312588 0.000014 0.000007  0.014619 0.105513 -1.172486
8  0.729354 0.000054 0.000051  -0.261893 0.178652 -0.839360
9  3.942140 0.046272 -0.431512  -0.115260 0.042369 -1.408969
10  1.539109 0.000085 0.000005  0.015902 0.045951 -0.969915
11  1.196332 0.000146 0.000029  0.069566 0.072752 -0.903704
12  3.883505 -0.047269 0.431382  0.142178 0.083621 -0.536465
13  1.719573 -0.000026 0.000015  0.006660 0.054592 -1.114890
14  1.209181 0.000093 0.000011  -0.053947 -0.044117 -0.937159
15  3.859663 -0.138476 1.332410  0.347654 -0.063243 -0.650270
16  1.719448 -0.000015 0.000022  0.001304 -0.017080 -0.829088
17  1.099676 0.000049 0.000006  0.066919 -0.020938 -0.248156
18  0.777875 -0.381352 1.287655  -0.965691 -0.380988 -0.955287
19  1.789819 -0.000003 -0.000020  -0.004024 0.006643 0.029947
20  1.207015 -0.000011 -0.000042  0.052308 0.168428 0.305351
21  5.740636 0.000409 -0.000705  -0.048114 0.000003 0.000070
22  11.481123 0.000336 -0.000725  -0.053821 0.070815 -0.160776
23  6.027524 -0.000332 0.000203  1.306766 -0.544925 1.761480
24  0.000001 11.692101 -0.000007  -0.364877 -0.057006 -0.306415
25  0.000002 0.000009 -0.000002  -0.219006 -0.000030 1.570739
26  -0.000001 -0.000011 -0.000001  0.868957 0.000002 1.570712
27  -6.676919 -7.365858 -1.342424  1.473120 1.855075 -0.198639
28  6.027514 -0.000265 -0.000224  1.954436 0.991308 -0.505055
29  11.691991 0.000246 0.000855  0.141443 0.000042 -1.433210
30  11.479490 -0.000696 0.000933  -0.873369 -0.635584 0.464556
31  3.859437 -0.132787 1.193061  0.466148 -0.051828 -1.783918
32  1.312558 0.000025 -0.000000  -0.013963 -0.041043 -0.156449
33  0.729346 0.000066 -0.000028  -0.128320 -0.117290 -0.954856
34  3.942047 0.050110 0.430996  0.211502 -0.107596 -1.469117
35  1.539097 0.000004 0.000000  0.040712 -0.054387 -1.030473
36  1.196300 0.000077 -0.000004  -0.249391 -0.043040 -0.795121
37  3.883413 -0.050502 -0.431087  0.186407 -0.271796 -1.212183
38  1.719563 -0.000081 -0.000003  0.020974 -0.107650 -1.483529
39  1.209195 0.000035 0.000012  -0.324719 0.069674 -0.493483
40  3.859586 -0.149111 -1.331324  -0.040757 -0.073789 -0.195091
41  1.719413 -0.000098 -0.000034  -0.007235 0.031761 -0.150715
42  1.099673 0.000026 0.000007  0.118501 -0.028866 -0.144987
43  0.805979 -0.359853 -1.318338  0.991670 0.166768 -0.799535
44  1.789779 -0.000008 -0.000043  0.000057 -0.002451 0.133097
45  1.206996 -0.000006 0.000005  0.000372 -0.000070 1.058782
46  5.740570 0.000056 0.000726  0.133911 -0.000014 0.000021
47  11.480842 -0.000102 0.000937  0.164679 -0.113779 0.103583
48  6.027516 -0.000274 -0.000239  -1.014682 -0.172231 -1.806940
49  -0.000001 11.691975 -0.000005  -0.989702 0.439437 0.784728
50  0.000004 0.000000 0.000001  2.413975 -0.000041 1.570856
51  -0.000006 -0.000015 0.000005  2.272644 -0.000030 1.570865
52  -8.582876 -8.774839 -4.106868  -2.981964 -0.073794 -0.887520
53  -0.000000 0.000001 -0.000000  0.008153 -0.000259 0.000009
54  0.000001 0.000000 -0.000000  1.565115 0.043565 -0.106862
55  -2.714247 -19.915163 -17.133415  -0.951304 -0.636318 -1.904526
56  -0.000001 0.000000 -0.000000  0.000000 -0.000000 -0.000002
57  0.000029 0.000031 0.000000  -1.571901 -0.044449 -0.106509
58  32.153324 0.714231 -40.836494  1.570796 -0.000000 0.000000
59  -15.024668 0.293417 -19.945745  1.570796 -0.000000 0.000000
60  1.941978 -1.075505 -8.860325  1.570796 -0.000000 0.000000
61  -0.004311 0.001229 -0.000371  0.006898 -0.005534 -0.284229
62  -1.342427 8.436421 -5.259645  1.570796 -0.000000 0.000000
63  0.000000 0.000000 0.000000  -0.078727 -3.136056 0.284226
64  0.002335 0.000013 0.000035  1.562133 -0.006731 0.027406
65  -3.031684 -13.732234 0.035174  1.612364 -0.201834 0.817624
66  0.000001 -2.923558 -1.408042  0.000000 -0.000000 0.000000
67  -0.000002 -0.601197 -2.062165  0.000000 -0.000000 0.000000
68  0.004381 -0.039406 6.613117  0.000000 -0.000000 0.000000
69  0.000003 -0.021786 -0.115848  0.000000 -0.000000 0.000000
70  0.000000 -3.304881 0.259169  0.000000 -0.000000 0.000000
71  0.582598 -16.720695 -1.391190  1.612364 -0.201834 0.817624
72  0.057100 0.204433 -2.709597  0.000000 -0.000000 0.000000
73  0.111674 -0.283001 -2.709597  0.000000 -0.000000 0.000000
74  -0.128217 -0.750370 -2.709598  0.000000 -0.000000 0.000000
time 13
0  0 0 0  0 0 0
1  0.000006 0.000000 0.000000  -1.570800 -1.391899 -1.570792
2  -8.526393 2.634402 1.937664  -1.544956 -1.855077 -0.198630
3  6.027526 -0.000327 0.000193  -0.301855 -0.969485 -1.861849
4  11.692117 0.000645 -0.000739  -1.089304 0.000010 -0.485284
5  11.480551 0.000660 -0.000312  1.213167 0.154576 -0.762147
6  3.859508 -0.142880 -1.192050  -0.351737 0.084753 -1.604513
7  1.312588 0.000012 0.000008  0.009132 0.111845 -1.246745
8  0.729355 0.000054 0.000050  -0.301590 0.186811 -0.923034
9  3.942140 0.046272 -0.431512  -0.116579 0.037408 -1.489833
10  1.539112 0.000082 0.000005  0.013855 0.047304 -1.067548
11  1.196330 0.000144 0.000029  0.076125 0.084876 -0.967639
12  3.883505 -0.047269 0.431382  0.143639 0.092576 -0.534453
13  1.719572 -0.000029 0.000015  0.003820 0.055311 -1.216018
14  1.209178 0.000092 0.000012  -0.057622 -0.052806 -1.034412
15  3.859663 -0.138476 1.332410  0.346357 -0.059620 -0.663996
16  1.719449 -0.000013 0.000022  0.001792 -0.018213 -0.892343
17  1.099674 0.000050 0.000006  0.075682 -0.023755 -0.248773
18  0.790101 -0.367307 1.302263  -0.972245 -0.376851 -0.987320
19  1.789818 -0.000003 -0.000020  -0.004288 0.007527 0.002924
20  1.207017 -0.000013 -0.000044  0.058973 0.191359 0.305270
21  5.740638 0.000410 -0.000704  -0.046633 0.000003 0.000071
22  11.481125 0.000338 -0.000725  -0.052369 0.071729 -0.160053
23  6.027524 -0.000332 0.000203  1.309726 -0.548186 1.753531
24  0.000003 11.692100 -0.000007  -0.364877 -0.057006 -0.306415
25  0.000002 0.000009 -0.000002  -0.220269 -0.000031 1.570739
26  -0.000000 -0.000012 -0.000001  0.868957 0.000002 1.570712
27  -6.686397 -7.074563 -1.691021  1.473120 1.855075 -0.198639
28  6.027514 -0.000264 -0.000223  1.962274 1.031475 -0.497993
29  11.691990 0.000243 0.000856  0.141441 0.000039 -1.378510
30  11.479875 -0.000489 0.000903  -0.818312 -0.684456 0.415249
31  3.859434 -0.132789 1.193061  0.466148 -0.051828 -1.783918
32  1.312559 0.000023 -0.000001  -0.013963 -0.041043 -0.156449
33  0.729345 0.000066 -0.000028  -0.128320 -0.117290 -0.954856
34  3.942045 0.050108 0.430996  0.211502 -0.107596 -1.469117
35  1.539097 0.000005 -0.000000  0.040712 -0.054387 -1.030473
36  1.196298 0.000077 -0.000004  -0.249391 -0.043040 -0.795121
37  3.883410 -0.050503 -0.431087  0.186407 -0.271796 -1.212183
38  1.719563 -0.000082 -0.000004  0.020974 -0.107650 -1.483529
39  1.209196 0.000035 0.000012  -0.324719 0.069674 -0.493483
40  3.859584 -0.149112 -1.331323  -0.040757 -0.073789 -0.195091
41  1.719413 -0.000097 -0.000034  -0.007235 0.031761 -0.150715
42  1.099674 0.000024 0.000007  0.118501 -0.028866 -0.144987
43  0.805978 -0.359854 -1.318338  0.995348 0.170795 -0.808670
44  1.789779 -0.000008 -0.000042  -0.002450 -0.000603 0.131822
45  1.206996 -0.000005 0.000005  -0.000537 0.004586 1.034830
46  5.740572 0.000056 0.000724  0.132895 -0.000014 0.000021
47  11.480921 -0.000062 0.000930  0.173670 -0.123709 0.098996
48  6.027515 -0.000273 -0.000238  -1.052820 -0.157555 -1.800262
49  -0.000003 11.691974 -0.000008  -0.956913 0.410242 0.762925
50  0.000003 0.000001 0.000001  2.413975 -0.000041 1.570856
51  -0.000007 -0.000015 0.000005  2.272644 -0.000030 1.570865
52  -8.746325 -9.459396 -3.978436  -2.942782 -0.075964 -0.825581
53  -0.000000 0.000001 -0.000000  0.008153 -0.000259 0.000009
54  -0.000001 -0.000000 -0.000000  1.565115 0.043565 -0.106862
55  -2.714247 -19.915163 -17.133415  -0.951304 -0.636318 -1.904526
56  -0.000001 0.000000 -0.000000  0.000000 -0.000000 -0.000002
57  0.000029 0.000031 0.000000  -1.571901 -0.044449 -0.106509
58  32.928940 1.437549 -41.678757  1.570796 -0.000000 0.000000
59  -14.961462 -0.302355 -19.512468  1.570796 -0.000000 0.000000
60  1.941978 -1.075505 -8.860325  1.570796 -0.000000 0.000000
61  -0.004311 0.001229 -0.000371  0.006898 -0.005534 -0.284229
62  -1.691025 8.151463 -5.320807  1.570796 -0.000000 0.000000
63  0.000000 0.000000 0.000000  -0.078727 -3.136056 0.284226
64  0.002335 0.000013 0.000035  1.558839 -0.004901 0.032118
65  -3.011239 -14.150584 0.222699  1.604706 -0.240246 0.884173
66  0.000001 -2.923558 -1.408042  0.000000 0.000000 0.000000
67  -0.000003 -0.601198 -2.062164  0.000000 0.000000 0.000000
68  0.004381 -0.039407 6.613114  0.000000 0.000000 0.000000
69  0.000002 -0.021787 -0.115848  0.000000 0.000000 0.000000
70  0.000000 -3.304881 0.259169  0.000000 0.000000 0.000000
71  0.831468 -16.863468 -1.156548  1.604706 -0.240246 0.884173
72  0.057100 0.204433 -2.709596  0.000000 0.000000 0.000000
73  0.111673 -0.283002 -2.709596  0.000000 0.000000 0.000000
74  -0.128218 -0.750370 -2.709595  0.000000 0.000000 0.000000
time 14
0  0 0 0  0 0 0
1  0.000006 0.000000 0.000000  -1.570800 -1.391899 -1.570792
2  -8.526393 2.634402 1.937664  -1.544956 -1.855077 -0.198630
3  6.027526 -0.000327 0.000193  -0.303964 -0.968933 -1.862153
4  11.692117 0.000645 -0.000740  -1.090667 0.000010 -0.485284
5  11.480551 0.000662 -0.000311  1.215702 0.157341 -0.761231
6  3.859508 -0.142880 -1.192050  -0.353815 0.077421 -1.667549
7  1.312591 0.000013 0.000008  0.004733 0.115859 -1.300245
8  0.729353 0.000057 0.000050  -0.330931 0.190562 -0.984546
9  3.942140 0.046272 -0.431512  -0.117653 0.033569 -1.549144
10  1.539113 0.000084 0.000003  0.012215 0.047899 -1.138864
11  1.196332 0.000144 0.000030  0.080453 0.094054 -1.014696
12  3.883505 -0.047269 0.431382  0.144414 0.099246 -0.533215
13  1.719573 -0.000027 0.000013  0.001678 0.055367 -1.289804
14  1.209178 0.000091 0.000009  -0.059736 -0.059342 -1.105444
15  3.859663 -0.138476 1.332410  0.345336 -0.056630 -0.674046
16  1.719449 -0.000012 0.000022  0.002173 -0.018948 -0.938931
17  1.099674 0.000050 0.000005  0.082158 -0.025820 -0.249245
18  0.798937 -0.357157 1.312822  -0.977045 -0.373993 -1.010374
19  1.789821 -0.000002 -0.000021  -0.004479 0.008180 -0.017075
20  1.207015 -0.000012 -0.000045  0.063939 0.208324 0.305664
21  5.740637 0.000412 -0.000703  -0.045981 0.000003 0.000071
22  11.481123 0.000341 -0.000723  -0.051731 0.072108 -0.159778
23  6.027524 -0.000332 0.000203  1.310677 -0.549221 1.750991
24  0.000003 11.692101 -0.000008  -0.364877 -0.057006 -0.306415
25  0.000003 0.000008 -0.000002  -0.221632 -0.000030 1.570739
26  -0.000000 -0.000012 -0.000001  0.868957 0.000002 1.570712
27  -6.696296 -6.770324 -2.055113  1.473120 1.855075 -0.198639
28  6.027515 -0.000265 -0.000223  1.955903 1.070359 -0.500401
29  11.691991 0.000243 0.000855  0.141439 0.000035 -1.326135
30  11.480196 -0.000319 0.000879  -0.770433 -0.708942 0.351517
31  3.859435 -0.132787 1.193061  0.466148 -0.051828 -1.783918
32  1.312559 0.000023 -0.000001  -0.013963 -0.041043 -0.156449
33  0.729344 0.000066 -0.000027  -0.128320 -0.117290 -0.954856
34  3.942046 0.050110 0.430997  0.211502 -0.107596 -1.469117
35  1.539095 0.000004 -0.000000  0.040712 -0.054387 -1.030473
36  1.196300 0.000077 -0.000004  -0.249391 -0.043040 -0.795121
37  3.883411 -0.050501 -0.431087  0.186407 -0.271796 -1.212183
38  1.719563 -0.000081 -0.000003  0.020974 -0.107650 -1.483529
39  1.209196 0.000034 0.000011  -0.324719 0.069674 -0.493483
40  3.859584 -0.149111 -1.331323  -0.040757 -0.073789 -0.195091
41  1.719412 -0.000098 -0.000034  -0.007235 0.031761 -0.150715
42  1.099673 0.000026 0.000007  0.118501 -0.028866 -0.144987
43  0.805979 -0.359853 -1.318338  1.006194 0.183168 -0.836120
44  1.789780 -0.000007 -0.000043  -0.009991 0.004977 0.127967
45  1.206997 -0.000005 0.000006  -0.003973 0.018821 0.961874
46  5.740571 0.000055 0.000724  0.130157 -0.000014 0.000021
47  11.480984 -0.000028 0.000925  0.179436 -0.130446 0.090767
48  6.027515 -0.000275 -0.000237  -1.091565 -0.150070 -1.791202
49  -0.000001 11.691974 -0.000006  -0.925251 0.382915 0.741339
50  0.000002 -0.000001 0.000001  2.413975 -0.000041 1.570856
51  -0.000006 -0.000016 0.000005  2.272644 -0.000030 1.570865
52  -8.812033 -10.144690 -3.940571  -2.919984 -0.093792 -0.773365
53  -0.000000 0.000001 0.000000  0.008153 -0.000259 0.000009
54  -0.000000 0.000001 -0.000000  1.565115 0.043565 -0.106862
55  -2.714247 -19.915163 -17.133415  -0.951304 -0.636318 -1.904526
56  -0.000001 0.000000 -0.000000  0.000000 -0.000000 -0.000002
57  0.000029 0.000031 0.000000  -1.571901 -0.044449 -0.106509
58  33.185574 1.676875 -41.957436  1.570796 -0.000000 0.000000
59  -14.895446 -0.924605 -19.059933  1.570796 -0.000000 0.000000
60  1.941978 -1.075505 -8.860325  1.570796 -0.000000 0.000000
61  -0.004311 0.001229 -0.000371  0.006898 -0.005534 -0.284229
62  -2.055117 7.853840 -5.384686  1.570796 -0.000000 0.000000
63  0.000000 0.000000 0.000000  -0.078727 -3.136056 0.284226
64  0.002335 0.000013 0.000035  1.555400 -0.000185 0.036184
65  -2.953887 -14.534988 0.413211  1.583161 -0.260199 0.943657
66  0.000002 -2.923558 -1.408041  0.000000 0.000000 0.000000
67  -0.000001 -0.601197 -2.062163  0.000000 0.000000 0.000000
68  0.004381 -0.039406 6.613116  0.000000 0.000000 0.000000
69  0.000003 -0.021786 -0.115848  0.000000 0.000000 0.000000
70  0.000002 -3.304881 0.259170  0.000000 0.000000 0.000000
71  1.067990 -17.030838 -0.861030  1.583161 -0.260199 0.943657
72  0.057100 0.204433 -2.709596  0.000000 0.000000 0.000000
73  0.111673 -0.283001 -2.709597  0.000000 0.000000 0.000000
74  -0.128218 -0.750370 -2.709597  0.000000 0.000000 0.000000
time 15
0  0 0 0  0 0 0
1  0.000006 0.000000 0.000000  -1.570800 -1.391899 -1.570792
2  -8.526393 2.634402 1.937664  -1.544956 -1.855077 -0.198630
3  6.027526 -0.000327 0.000193  -0.303964 -0.968933 -1.862153
4  11.692117 0.000645 -0.000740  -1.092131 0.000010 -0.485284
5  11.480552 0.000661 -0.000311  1.216774 0.158350 -0.761062
6  3.859508 -0.142880 -1.192050  -0.355289 0.072758 -1.705413
7  1.312589 0.000014 0.000009  0.001950 0.117991 -1.331986
8  0.729353 0.000053 0.000051  -0.348597 0.191900 -1.021554
9  3.942140 0.046272 -0.431512  -0.118355 0.031162 -1.584818
10  1.539109 0.000081 0.000004  0.011186 0.048076 -1.181612
11  1.196332 0.000144 0.000028  0.082854 0.099685 -1.043081
12  3.883505 -0.047269 0.431382  0.144739 0.103308 -0.532583
13  1.719574 -0.000029 0.000015  0.000383 0.055191 -1.333992
14  1.209177 0.000092 0.000013  -0.060766 -0.063319 -1.148021
15  3.859663 -0.138476 1.332410  0.344689 -0.054673 -0.680086
16  1.719447 -0.000016 0.000023  0.002408 -0.019346 -0.967046
17  1.099675 0.000048 0.000005  0.086078 -0.027063 -0.249537
18  0.804239 -0.351065 1.319158  -0.979948 -0.372333 -1.024163
19  1.789820 -0.000003 -0.000018  -0.004593 0.008574 -0.029193
20  1.207016 -0.000012 -0.000044  0.066968 0.218600 0.306111
21  5.740637 0.000411 -0.000703  -0.045706 0.000003 0.000070
22  11.481122 0.000340 -0.000723  -0.051465 0.072243 -0.159711
23  6.027524 -0.000332 0.000203  1.310677 -0.549221 1.750991
24  0.000003 11.692101 -0.000008  -0.364877 -0.057006 -0.306415
25  0.000003 0.000008 -0.000002  -0.223095 -0.000030 1.570739
26  -0.000000 -0.000012 -0.000001  0.868957 0.000002 1.570712
27  -6.706521 -6.456114 -2.431135  1.473120 1.855075 -0.198639
28  6.027514 -0.000264 -0.000221  1.935471 1.104947 -0.513861
29  11.691988 0.000245 0.000857  0.141440 0.000030 -1.290873
30  11.480435 -0.000186 0.000858  -0.728933 -0.712325 0.302899
31  3.859436 -0.132787 1.193061  0.466148 -0.051828 -1.783918
32  1.312559 0.000024 -0.000000  -0.013963 -0.041043 -0.156449
33  0.729346 0.000066 -0.000027  -0.128320 -0.117290 -0.954856
34  3.942047 0.050109 0.430996  0.211502 -0.107596 -1.469117
35  1.539095 0.000005 0.000000  0.040712 -0.054387 -1.030473
36  1.196298 0.000077 -0.000004  -0.249391 -0.043040 -0.795121
37  3.883412 -0.050501 -0.431088  0.186407 -0.271796 -1.212183
38  1.719563 -0.000079 -0.000003  0.020974 -0.107650 -1.483529
39  1.209197 0.000035 0.000011  -0.324719 0.069674 -0.493483
40  3.859586 -0.149111 -1.331324  -0.040757 -0.073789 -0.195091
41  1.719412 -0.000099 -0.000034  -0.007235 0.031761 -0.150715
42  1.099673 0.000026 0.000007  0.118501 -0.028866 -0.144987
43  0.805980 -0.359854 -1.318339  1.022970 0.203863 -0.880282
44  1.789779 -0.000008 -0.000042  -0.022156 0.014005 0.121686
45  1.206996 -0.000005 0.000005  -0.011848 0.042078 0.841742
46  5.740571 0.000055 0.000724  0.130945 -0.000014 0.000021
47  11.481031 -0.000002 0.000922  0.184407 -0.132578 0.084053
48  6.027514 -0.000273 -0.000236  -1.127825 -0.149213 -1.781160
49  -0.000000 11.691973 -0.000006  -0.903774 0.364879 0.726415
50  0.000003 -0.000000 0.000001  2.413975 -0.000041 1.570856
51  -0.000006 -0.000015 0.000006  2.272644 -0.000030 1.570865
52  -8.768887 -10.707204 -3.918661  -2.901215 -0.115062 -0.735352
53  -0.000001 0.000000 -0.000000  0.008153 -0.000259 0.000009
54  0.000001 0.000000 -0.000000  1.565115 0.043565 -0.106862
55  -2.714247 -19.915163 -17.133415  -0.951304 -0.636318 -1.904526
56  -0.000001 0.000000 -0.000000  0.000000 -0.000000 -0.000002
57  0.000029 0.000031 0.000000  -1.571901 -0.044449 -0.106509
58  33.185574 1.676875 -41.957436  1.570796 -0.000000 0.000000
59  -14.827268 -1.567245 -18.592567  1.570796 -0.000000 0.000000
60  1.941978 -1.075505 -8.860325  1.570796 -0.000000 0.000000
61  -0.004311 0.001229 -0.000371  0.006898 -0.005534 -0.284229
62  -2.431139 7.546464 -5.450659  1.570796 -0.000000 0.000000
63  0.000000 0.000000 0.000000  -0.078727 -3.136056 0.284226
64  0.002335 0.000013 0.000035  1.552009 0.006452 0.039353
65  -2.865605 -14.858144 0.605603  1.558452 -0.275467 0.990166
66  0.000003 -2.923558 -1.408043  -0.000000 -0.000000 0.000000
67  -0.000001 -0.601198 -2.062165  -0.000000 -0.000000 0.000000
68  0.004381 -0.039407 6.613114  -0.000000 -0.000000 0.000000
69  0.000003 -0.021787 -0.115850  -0.000000 -0.000000 0.000000
70  0.000002 -3.304881 0.259168  -0.000000 -0.000000 0.000000
71  1.287180 -17.191774 -0.550679  1.558452 -0.275467 0.990166
72  0.057099 0.204433 -2.709598  -0.000000 -0.000000 0.000000
73  0.111673 -0.283001 -2.709597  -0.000000 -0.000000 0.000000
74  -0.128218 -0.750370 -2.709598  -0.000000 -0.000000 0.000000
time 16
0  0 0 0  0 0 0
1  0.000006 0.000000 0.000000  -1.570800 -1.391899 -1.570792
2  -8.526393 2.634402 1.937664  -1.544956 -1.855077 -0.198630
3  6.027526 -0.000327 0.000193  -0.303964 -0.968933 -1.862153
4  11.692117 0.000645 -0.000740  -1.093693 0.000010 -0.485284
5  11.480551 0.000661 -0.000310  1.217921 0.159428 -0.760881
6  3.859508 -0.142880 -1.192050  -0.355845 0.071161 -1.717889
7  1.312591 0.000014 0.000008  0.001009 0.118634 -1.342342
8  0.729354 0.000053 0.000051  -0.354413 0.192185 -1.033754
9  3.942140 0.046272 -0.431512  -0.118608 0.030347 -1.596581
10  1.539113 0.000085 0.000005  0.010839 0.048095 -1.195681
11  1.196333 0.000144 0.000030  0.083612 0.101560 -1.052457
12  3.883505 -0.047269 0.431382  0.144811 0.104657 -0.532403
13  1.719573 -0.000028 0.000017  -0.000044 0.055089 -1.348529
14  1.209178 0.000091 0.000011  -0.061065 -0.064635 -1.162035
15  3.859663 -0.138476 1.332410  0.344468 -0.053989 -0.682073
16  1.719449 -0.000010 0.000023  0.002485 -0.019467 -0.976334
17  1.099674 0.000050 0.000004  0.087374 -0.027472 -0.249635
18  0.805994 -0.349051 1.321254  -0.980912 -0.371793 -1.028717
19  1.789821 -0.000005 -0.000019  -0.004629 0.008705 -0.033206
20  1.207017 -0.000012 -0.000045  0.067975 0.222001 0.306306
21  5.740636 0.000411 -0.000703  -0.045413 0.000003 0.000071
22  11.481123 0.000341 -0.000722  -0.051180 0.072388 -0.159640
23  6.027524 -0.000332 0.000203  1.310677 -0.549221 1.750991
24  0.000003 11.692101 -0.000008  -0.364877 -0.057006 -0.306415
25  0.000003 0.000008 -0.000002  -0.224658 -0.000030 1.570739
26  -0.000000 -0.000012 -0.000001  0.868957 0.000002 1.570712
27  -6.716967 -6.135132 -2.815261  1.473120 1.855075 -0.198639
28  6.027514 -0.000264 -0.000222  1.895036 1.131642 -0.543168
29  11.691992 0.000243 0.000857  0.141438 0.000032 -1.281327
30  11.480505 -0.000145 0.000853  -0.691476 -0.690453 0.278395
31  3.859436 -0.132787 1.193062  0.466148 -0.051828 -1.783918
32  1.312558 0.000024 -0.000001  -0.013963 -0.041043 -0.156449
33  0.729345 0.000066 -0.000028  -0.128320 -0.117290 -0.954856
34  3.942046 0.050109 0.430997  0.211502 -0.107596 -1.469117
35  1.539095 0.000006 0.000000  0.040712 -0.054387 -1.030473
36  1.196299 0.000076 -0.000004  -0.249391 -0.043040 -0.795121
37  3.883411 -0.050502 -0.431087  0.186407 -0.271796 -1.212183
38  1.719563 -0.000080 -0.000003  0.020974 -0.107650 -1.483529
39  1.209197 0.000034 0.000011  -0.324719 0.069674 -0.493483
40  3.859584 -0.149111 -1.331323  -0.040757 -0.073789 -0.195091
41  1.719411 -0.000098 -0.000034  -0.007235 0.031761 -0.150715
42  1.099673 0.000024 0.000007  0.118501 -0.028866 -0.144987
43  0.805978 -0.359854 -1.318338  1.043067 0.231591 -0.936574
44  1.789779 -0.000008 -0.000042  -0.037735 0.025615 0.113529
45  1.206996 -0.000005 0.000006  -0.026304 0.071657 0.684437
46  5.740572 0.000054 0.000725  0.137631 -0.000014 0.000021
47  11.481045 0.000006 0.000921  0.189914 -0.128414 0.079938
48  6.027514 -0.000273 -0.000237  -1.159122 -0.157473 -1.769316
49  -0.000001 11.691973 -0.000008  -0.897932 0.360049 0.722325
50  0.000003 -0.000000 0.000001  2.413975 -0.000041 1.570856
51  -0.000006 -0.000015 0.000004  2.272644 -0.000030 1.570865
52  -8.600924 -11.084414 -3.915445  -2.880190 -0.139355 -0.715199
53  -0.000001 0.000001 -0.000000  0.008153 -0.000259 0.000009
54  -0.000000 -0.000000 0.000001  1.565115 0.043565 -0.106862
55  -2.714247 -19.915163 -17.133415  -0.951304 -0.636318 -1.904526
56  -0.000001 0.000000 -0.000000  0.000000 -0.000000 -0.000002
57  0.000029 0.000031 0.000000  -1.571901 -0.044449 -0.106509
58  33.185574 1.676875 -41.957436  1.570796 -0.000000 0.000000
59  -14.757619 -2.223736 -18.115131  1.570796 -0.000000 0.000000
60  1.941978 -1.075505 -8.860325  1.570796 -0.000000 0.000000
61  -0.004311 0.001229 -0.000371  0.006898 -0.005534 -0.284229
62  -2.815265 7.232464 -5.518054  1.570796 -0.000000 0.000000
63  0.000000 0.000000 0.000000  -0.078727 -3.136056 0.284226
64  0.002335 0.000013 0.000035  1.548844 0.014040 0.041381
65  -2.752370 -15.098914 0.799024  1.530009 -0.292187 1.020953
66  0.000002 -2.923558 -1.408042  0.000000 0.000000 0.000000
67  -0.000003 -0.601198 -2.062164  0.000000 0.000000 0.000000
68  0.004381 -0.039407 6.613116  0.000000 0.000000 0.000000
69  0.000003 -0.021787 -0.115847  0.000000 0.000000 0.000000
70  0.000001 -3.304880 0.259170  0.000000 0.000000 0.000000
71  1.487441 -17.337330 -0.221743  1.530009 -0.292187 1.020953
72  0.057100 0.204433 -2.709597  0.000000 0.000000 0.000000
73  0.111673 -0.283001 -2.709597  0.000000 0.000000 0.000000
74  -0.128218 -0.750370 -2.709596  0.000000 0.000000 0.000000
time 17
0  0 0 0  0 0 0
1  0.000006 0.000000 0.000000  -1.570800 -1.391899 -1.570792
2  -8.526393 2.634402 1.937664  -1.544956 -1.855077 -0.198630
3  6.027526 -0.000327 0.000193  -0.303964 -0.968933 -1.862153
4  11.692117 0.000645 -0.000740  -1.095355 0.000010 -0.485284
5  11.480552 0.000663 -0.000309  1.219140 0.160573 -0.760687
6  3.859508 -0.142880 -1.192050  -0.355845 0.071161 -1.717889
7  1.312591 0.000014 0.000008  0.001009 0.118634 -1.342342
8  0.729354 0.000053 0.000051  -0.354413 0.192185 -1.033754
9  3.942140 0.046272 -0.431512  -0.118608 0.030347 -1.596581
10  1.539113 0.000085 0.000005  0.010839 0.048095 -1.195681
11  1.196333 0.000144 0.000030  0.083612 0.101560 -1.052457
12  3.883505 -0.047269 0.431382  0.144811 0.104657 -0.532403
13  1.719573 -0.000028 0.000017  -0.000044 0.055089 -1.348529
14  1.209178 0.000091 0.000011  -0.061065 -0.064635 -1.162035
15  3.859663 -0.138476 1.332410  0.344468 -0.053989 -0.682073
16  1.719449 -0.000010 0.000023  0.002485 -0.019467 -0.976334
17  1.099674 0.000050 0.000004  0.087374 -0.027472 -0.249635
18  0.805994 -0.349051 1.321254  -0.980912 -0.371793 -1.028717
19  1.789821 -0.000005 -0.000019  -0.004629 0.008705 -0.033206
20  1.207017 -0.000012 -0.000045  0.067975 0.222001 0.306306
21  5.740636 0.000412 -0.000704  -0.045101 0.000003 0.000071
22  11.481121 0.000341 -0.000724  -0.050878 0.072541 -0.159564
23  6.027524 -0.000332 0.000203  1.310677 -0.549221 1.750991
24  0.000003 11.692101 -0.000008  -0.364877 -0.057006 -0.306415
25  0.000003 0.000008 -0.000002  -0.226320 -0.000030 1.570739
26  -0.000000 -0.000012 -0.000001  0.868957 0.000002 1.570712
27  -6.727522 -5.810725 -3.203486  1.473120 1.855075 -0.198639
28  6.027514 -0.000263 -0.000222  1.841288 1.152331 -0.582750
29  11.691991 0.000244 0.000857  0.141438 0.000033 -1.291274
30  11.480435 -0.000186 0.000859  -0.665258 -0.651518 0.277264
31  3.859436 -0.132788 1.193062  0.466148 -0.051828 -1.783918
32  1.312558 0.000026 -0.000001  -0.013963 -0.041043 -0.156449
33  0.729346 0.000066 -0.000027  -0.128320 -0.117290 -0.954856
34  3.942046 0.050108 0.430997  0.211502 -0.107596 -1.469117
35  1.539095 0.000005 0.000000  0.040712 -0.054387 -1.030473
36  1.196299 0.000077 -0.000004  -0.249391 -0.043040 -0.795121
37  3.883411 -0.050503 -0.431087  0.186407 -0.271796 -1.212183
38  1.719563 -0.000082 -0.000003  0.020974 -0.107650 -1.483529
39  1.209195 0.000036 0.000011  -0.324719 0.069674 -0.493483
40  3.859585 -0.149112 -1.331323  -0.040757 -0.073789 -0.195091
41  1.719412 -0.000096 -0.000034  -0.007235 0.031761 -0.150715
42  1.099673 0.000024 0.000007  0.118501 -0.028866 -0.144987
43  0.805980 -0.359855 -1.318338  1.063013 0.263227 -0.997451
44  1.789780 -0.000007 -0.000043  -0.054682 0.038383 0.104511
45  1.206997 -0.000005 0.000006  -0.047665 0.102680 0.510303
46  5.740572 0.000055 0.000724  0.147558 -0.000014 0.000021
47  11.481032 -0.000002 0.000922  0.194619 -0.119765 0.078273
48  6.027513 -0.000272 -0.000236  -1.186877 -0.170792 -1.755476
49  -0.000001 11.691975 -0.000006  -0.904016 0.365083 0.726589
50  0.000003 -0.000000 -0.000000  2.413975 -0.000041 1.570856
51  -0.000006 -0.000015 0.000006  2.272644 -0.000030 1.570865
52  -8.360369 -11.305559 -3.901449  -2.862493 -0.163146 -0.709558
53  -0.000000 0.000000 0.000000  0.008153 -0.000259 0.000009
54  0.000001 -0.000001 0.000000  1.565115 0.043565 -0.106862
55  -2.714247 -19.915163 -17.133415  -0.951304 -0.636318 -1.904526
56  -0.000001 0.000000 -0.000000  0.000000 -0.000000 -0.000002
57  0.000029 0.000031 0.000000  -1.571901 -0.044449 -0.106509
58  33.185574 1.676875 -41.957436  1.570796 -0.000000 0.000000
59  -14.687228 -2.887234 -17.632599  1.570796 -0.000000 0.000000
60  1.941978 -1.075505 -8.860325  1.570796 -0.000000 0.000000
61  -0.004311 0.001229 -0.000371  0.006898 -0.005534 -0.284229
62  -3.203491 6.915112 -5.586167  1.570796 -0.000000 0.000000
63  0.000000 0.000000 0.000000  -0.078727 -3.136056 0.284226
64  0.002335 0.000013 0.000035  1.546070 0.021610 0.042031
65  -2.620157 -15.260819 0.992823  1.502368 -0.305386 1.037399
66  0.000001 -2.923558 -1.408042  0.000000 0.000000 0.000000
67  -0.000003 -0.601197 -2.062164  0.000000 0.000000 0.000000
68  0.004381 -0.039406 6.613116  0.000000 0.000000 0.000000
69  0.000003 -0.021787 -0.115849  0.000000 0.000000 0.000000
70  0.000001 -3.304880 0.259169  0.000000 0.000000 0.000000
71  1.666243 -17.466021 0.102703  1.502368 -0.305386 1.037399
72  0.057100 0.204433 -2.709596  0.000000 0.000000 0.000000
73  0.111673 -0.283002 -2.709597  0.000000 0.000000 0.000000
74  -0.128217 -0.750370 -2.709596  0.000000 0.000000 0.000000
time 18
0  0 0 0  0 0 0
1  0.000006 0.000000 0.000000  -1.570800 -1.391899 -1.570792
2  -8.526393 2.634402 1.937664  -1.544956 -1.855077 -0.198630
3  6.027526 -0.000327 0.000193  -0.303964 -0.968933 -1.862153
4  11.692117 0.000645 -0.000740  -1.097116 0.000010 -0.485284
5  11.480552 0.000664 -0.000307  1.220432 0.161787 -0.760479
6  3.859508 -0.142880 -1.192050  -0.355845 0.071161 -1.717889
7  1.312591 0.000014 0.000008  0.001009 0.118634 -1.342342
8  0.729354 0.000053 0.000051  -0.354413 0.192185 -1.033754
9  3.942140 0.046272 -0.431512  -0.118608 0.030347 -1.596581
10  1.539113 0.000085 0.000005  0.010839 0.048095 -1.195681
11  1.196333 0.000144 0.000030  0.083612 0.101560 -1.052457
12  3.883505 -0.047269 0.431382  0.144811 0.104657 -0.532403
13  1.719573 -0.000028 0.000017  -0.000044 0.055089 -1.348529
14  1.209178 0.000091 0.000011  -0.061065 -0.064635 -1.162035
15  3.859663 -0.138476 1.332410  0.344468 -0.053989 -0.682073
16  1.719449 -0.000010 0.000023  0.002485 -0.019467 -0.976334
17  1.099674 0.000050 0.000004  0.087374 -0.027472 -0.249635
18  0.805994 -0.349051 1.321254  -0.980912 -0.371793 -1.028717
19  1.789821 -0.000005 -0.000019  -0.004629 0.008705 -0.033206
20  1.207017 -0.000012 -0.000045  0.067975 0.222001 0.306306
21  5.740638 0.000410 -0.000704  -0.044770 0.000003 0.000071
22  11.481125 0.000340 -0.000724  -0.050558 0.072703 -0.159483
23  6.027524 -0.000332 0.000203  1.310677 -0.549221 1.750991
24  0.000003 11.692101 -0.000008  -0.364877 -0.057006 -0.306415
25  0.000003 0.000008 -0.000002  -0.228080 -0.000030 1.570739
26  -0.000000 -0.000012 -0.000001  0.868957 0.000002 1.570712
27  -6.738079 -5.486318 -3.591712  1.473120 1.855075 -0.198639
28  6.027514 -0.000264 -0.000222  1.783180 1.168771 -0.625762
29  11.691992 0.000245 0.000858  0.141437 0.000036 -1.308828
30  11.480313 -0.000250 0.000869  -0.656683 -0.609923 0.287887
31  3.859436 -0.132789 1.193061  0.466148 -0.051828 -1.783918
32  1.312558 0.000024 -0.000000  -0.013963 -0.041043 -0.156449
33  0.729346 0.000066 -0.000027  -0.128320 -0.117290 -0.954856
34  3.942046 0.050108 0.430997  0.211502 -0.107596 -1.469117
35  1.539095 0.000005 0.000000  0.040712 -0.054387 -1.030473
36  1.196300 0.000076 -0.000004  -0.249391 -0.043040 -0.795121
37  3.883411 -0.050503 -0.431087  0.186407 -0.271795 -1.212183
38  1.719564 -0.000082 -0.000003  0.020974 -0.107650 -1.483529
39  1.209197 0.000034 0.000011  -0.324719 0.069674 -0.493483
40  3.859583 -0.149112 -1.331324  -0.040757 -0.073789 -0.195091
41  1.719412 -0.000098 -0.000034  -0.007235 0.031761 -0.150715
42  1.099674 0.000025 0.000007  0.118501 -0.028866 -0.144987
43  0.805978 -0.359854 -1.318338  1.079678 0.294260 -1.054124
44  1.789779 -0.000008 -0.000042  -0.070539 0.050659 0.095935
45  1.206996 -0.000006 0.000006  -0.073004 0.130279 0.345539
46  5.740571 0.000056 0.000723  0.155923 -0.000014 0.000021
47  11.481006 -0.000014 0.000922  0.196501 -0.110474 0.077725
48  6.027514 -0.000274 -0.000237  -1.211823 -0.185081 -1.740782
49  0.000000 11.691975 -0.000006  -0.914723 0.374026 0.734056
50  0.000003 -0.000001 -0.000000  2.413975 -0.000041 1.570856
51  -0.000007 -0.000016 0.000005  2.272644 -0.000030 1.570865
52  -8.130186 -11.450222 -3.889640  -2.857582 -0.182777 -0.709230
53  0.000000 -0.000001 -0.000000  0.008153 -0.000259 0.000009
54  -0.000001 0.000000 0.000000  1.565115 0.043565 -0.106862
55  -2.714247 -19.915163 -17.133415  -0.951304 -0.636318 -1.904526
56  -0.000001 0.000000 -0.000000  0.000000 -0.000000 -0.000002
57  0.000029 0.000031 0.000000  -1.571901 -0.044449 -0.106509
58  33.185574 1.676875 -41.957436  1.570796 -0.000000 0.000000
59  -14.616837 -3.550731 -17.150066  1.570796 -0.000000 0.000000
60  1.941978 -1.075505 -8.860325  1.570796 -0.000000 0.000000
61  -0.004311 0.001229 -0.000371  0.006898 -0.005534 -0.284229
62  -3.591717 6.597760 -5.654282  1.570796 -0.000000 0.000000
63  0.000000 0.000000 0.000000  -0.078727 -3.136056 0.284226
64  0.002335 0.000013 0.000035  1.543861 0.028202 0.041918
65  -2.474944 -15.353544 1.143284  1.481205 -0.306635 1.044948
66  0.000001 -2.923558 -1.408042  0.000000 0.000000 0.000000
67  -0.000003 -0.601197 -2.062164  0.000000 0.000000 0.000000
68  0.004382 -0.039407 6.613116  0.000000 0.000000 0.000000
69  0.000004 -0.021787 -0.115848  0.000000 0.000000 0.000000
70  0.000001 -3.304880 0.259169  0.000000 0.000000 0.000000
71  1.829228 -17.561378 0.350799  1.481205 -0.306635 1.044948
72  0.057099 0.204433 -2.709596  0.000000 0.000000 0.000000
73  0.111672 -0.283001 -2.709596  0.000000 0.000000 0.000000
74  -0.128218 -0.750370 -2.709595  0.000000 0.000000 0.000000
time 19
0  0 0 0  0 0 0
1  0.000006 0.000000 0.000000  -1.570800 -1.391899 -1.570792
2  -8.526393 2.634402 1.937664  -1.544956 -1.855077 -0.198630
3  6.027526 -0.000327 0.000193  -0.303964 -0.968933 -1.862153
4  11.692117 0.000645 -0.000740  -1.098974 0.000010 -0.485284
5  11.480552 0.000664 -0.000306  1.221796 0.163067 -0.760259
6  3.859508 -0.142880 -1.192050  -0.355845 0.071161 -1.717889
7  1.312591 0.000014 0.000008  0.001009 0.118634 -1.342342
8  0.729354 0.000053 0.000051  -0.354413 0.192185 -1.033754
9  3.942140 0.046272 -0.431512  -0.118608 0.030347 -1.596581
10  1.539113 0.000085 0.000005  0.010839 0.048095 -1.195681
11  1.196333 0.000144 0.000030  0.083612 0.101560 -1.052457
12  3.883505 -0.047269 0.431382  0.144811 0.104657 -0.532403
13  1.719573 -0.000028 0.000017  -0.000044 0.055089 -1.348529
14  1.209178 0.000091 0.000011  -0.061065 -0.064635 -1.162035
15  3.859663 -0.138476 1.332410  0.344468 -0.053989 -0.682073
16  1.719449 -0.000010 0.000023  0.002485 -0.019467 -0.976334
17  1.099674 0.000050 0.000004  0.087374 -0.027472 -0.249635
18  0.805994 -0.349051 1.321254  -0.980912 -0.371793 -1.028717
19  1.789821 -0.000005 -0.000019  -0.004629 0.008705 -0.033206
20  1.207017 -0.000012 -0.000045  0.067975 0.222001 0.306306
21  5.740637 0.000412 -0.000703  -0.044421 0.000003 0.000071
22  11.481123 0.000340 -0.000722  -0.050220 0.072875 -0.159398
23  6.027524 -0.000332 0.000203  1.310677 -0.549221 1.750991
24  0.000003 11.692101 -0.000008  -0.364877 -0.057006 -0.306415
25  0.000003 0.000008 -0.000002  -0.229938 -0.000030 1.570739
26  -0.000000 -0.000012 -0.000001  0.868957 0.000002 1.570712
27  -6.748524 -5.165336 -3.975838  1.473120 1.855075 -0.198639
28  6.027515 -0.000263 -0.000223  1.725465 1.183076 -0.668157
29  11.691991 0.000245 0.000855  0.141441 0.000033 -1.325878
30  11.480197 -0.000315 0.000879  -0.663123 -0.571587 0.301133
31  3.859435 -0.132787 1.193062  0.466148 -0.051828 -1.783918
32  1.312559 0.000024 -0.000000  -0.013963 -0.041043 -0.156449
33  0.729345 0.000066 -0.000027  -0.128320 -0.117290 -0.954856
34  3.942046 0.050109 0.430997  0.211502 -0.107596 -1.469117
35  1.539095 0.000005 0.000001  0.040712 -0.054387 -1.030473
36  1.196300 0.000077 -0.000004  -0.249391 -0.043040 -0.795121
37  3.883411 -0.050502 -0.431087  0.186407 -0.271796 -1.212183
38  1.719563 -0.000082 -0.000003  0.020974 -0.107650 -1.483529
39  1.209197 0.000035 0.000011  -0.324719 0.069674 -0.493484
40  3.859585 -0.149111 -1.331323  -0.040757 -0.073789 -0.195091
41  1.719411 -0.000099 -0.000034  -0.007235 0.031761 -0.150715
42  1.099673 0.000025 0.000007  0.118501 -0.028866 -0.144987
43  0.805978 -0.359853 -1.318338  1.091309 0.320269 -1.099155
44  1.789778 -0.000008 -0.000043  -0.083142 0.061054 0.089018
45  1.206997 -0.000005 0.000004  -0.097423 0.152238 0.212645
46  5.740572 0.000054 0.000724  0.161165 -0.000014 0.000021
47  11.480984 -0.000028 0.000925  0.195500 -0.102266 0.077329
48  6.027514 -0.000273 -0.000237  -1.235248 -0.198063 -1.725439
49  -0.000002 11.691975 -0.000006  -0.925097 0.382782 0.741229
50  0.000004 -0.000001 -0.000000  2.413975 -0.000041 1.570856
51  -0.000007 -0.000015 0.000005  2.272644 -0.000030 1.570865
52  -7.938964 -11.577562 -3.887054  -2.866051 -0.198164 -0.709482
53  -0.000001 0.000000 -0.000000  0.008153 -0.000259 0.000009
54  -0.000001 -0.000000 0.000000  1.565115 0.043565 -0.106862
55  -2.714247 -19.915163 -17.133415  -0.951304 -0.636318 -1.904526
56  -0.000001 0.000000 -0.000000  0.000000 -0.000000 -0.000002
57  0.000029 0.000031 0.000000  -1.571901 -0.044449 -0.106509
58  33.185574 1.676875 -41.957436  1.570796 -0.000000 0.000000
59  -14.547188 -4.207219 -16.672628  1.570796 -0.000000 0.000000
60  1.941978 -1.075505 -8.860325  1.570796 -0.000000 0.000000
61  -0.004311 0.001229 -0.000371  0.006898 -0.005534 -0.284229
62  -3.975843 6.283760 -5.721677  1.570796 -0.000000 0.000000
63  0.000000 0.000000 0.000000  -0.078727 -3.136056 0.284226
64  0.002335 0.000013 0.000035  1.542404 0.032862 0.041817
65  -2.322707 -15.408340 1.244299  1.466966 -0.295635 1.047315
66  0.000002 -2.923557 -1.408042  -0.000000 -0.000000 -0.000000
67  -0.000002 -0.601197 -2.062165  -0.000000 -0.000000 -0.000000
68  0.004381 -0.039406 6.613115  -0.000000 -0.000000 -0.000000
69  0.000003 -0.021787 -0.115849  -0.000000 -0.000000 -0.000000
70  0.000001 -3.304880 0.259168  -0.000000 -0.000000 -0.000000
71  1.982111 -17.636589 0.514980  1.466966 -0.295635 1.047315
72  0.057099 0.204433 -2.709596  -0.000000 -0.000000 -0.000000
73  0.111673 -0.283002 -2.709597  -0.000000 -0.000000 -0.000000
74  -0.128219 -0.750370 -2.709597  -0.000000 -0.000000 -0.000000
time 20
0  0 0 0  0 0 0
1  0.000006 0.000000 0.000000  -1.570800 -1.391899 -1.570792
2  -8.526393 2.634402 1.937664  -1.544956 -1.855077 -0.198630
3  6.027526 -0.000327 0.000193  -0.303964 -0.968933 -1.862153
4  11.692117 0.000645 -0.000740  -1.100929 0.000010 -0.485284
5  11.480551 0.000662 -0.000306  1.223232 0.164414 -0.760025
6  3.859508 -0.142880 -1.192050  -0.355845 0.071161 -1.717889
7  1.312591 0.000014 0.000008  0.001009 0.118634 -1.342342
8  0.729354 0.000053 0.000051  -0.354413 0.192185 -1.033754
9  3.942140 0.046272 -0.431512  -0.118608 0.030347 -1.596581
10  1.539113 0.000085 0.000005  0.010839 0.048095 -1.195681
11  1.196333 0.000144 0.000030  0.083612 0.101560 -1.052457
12  3.883505 -0.047269 0.431382  0.144811 0.104657 -0.532403
13  1.719573 -0.000028 0.000017  -0.000044 0.055089 -1.348529
14  1.209178 0.000091 0.000011  -0.061065 -0.064635 -1.162035
15  3.859663 -0.138476 1.332410  0.344468 -0.053989 -0.682073
16  1.719449 -0.000010 0.000023  0.002485 -0.019467 -0.976334
17  1.099674 0.000050 0.000004  0.087374 -0.027472 -0.249635
18  0.805994 -0.349051 1.321254  -0.980912 -0.371793 -1.028717
19  1.789821 -0.000005 -0.000019  -0.004629 0.008705 -0.033206
20  1.207017 -0.000012 -0.000045  0.067975 0.222001 0.306306
21  5.740638 0.000410 -0.000704  -0.044054 0.000003 0.000071
22  11.481126 0.000337 -0.000724  -0.049864 0.073055 -0.159308
23  6.027524 -0.000332 0.000203  1.310677 -0.549221 1.750991
24  0.000003 11.692101 -0.000008  -0.364877 -0.057006 -0.306415
25  0.000003 0.000008 -0.000002  -0.231893 -0.000030 1.570739
26  -0.000000 -0.000012 -0.000001  0.868957 0.000002 1.570712
27  -6.758748 -4.851127 -4.351859  1.473120 1.855075 -0.198639
28  6.027516 -0.000263 -0.000222  1.667391 1.196499 -0.709533
29  11.691990 0.000244 0.000855  0.141441 0.000034 -1.341027
30  11.480100 -0.000369 0.000887  -0.674774 -0.533714 0.314164
31  3.859435 -0.132786 1.193061  0.466148 -0.051828 -1.783918
32  1.312557 0.000025 -0.000000  -0.013963 -0.041043 -0.156449
33  0.729346 0.000066 -0.000027  -0.128320 -0.117290 -0.954856
34  3.942046 0.050110 0.430996  0.211502 -0.107596 -1.469117
35  1.539094 0.000004 0.000000  0.040712 -0.054387 -1.030473
36  1.196298 0.000076 -0.000004  -0.249391 -0.043040 -0.795121
37  3.883412 -0.050501 -0.431087  0.186407 -0.271796 -1.212183
38  1.719563 -0.000081 -0.000003  0.020974 -0.107650 -1.483529
39  1.209196 0.000035 0.000011  -0.324719 0.069674 -0.493483
40  3.859585 -0.149110 -1.331324  -0.040757 -0.073789 -0.195091
41  1.719411 -0.000097 -0.000034  -0.007235 0.031761 -0.150715
42  1.099674 0.000025 0.000007  0.118501 -0.028866 -0.144987
43  0.805979 -0.359853 -1.318338  1.097574 0.338250 -1.128052
44  1.789779 -0.000008 -0.000042  -0.091120 0.068724 0.084583
45  1.206996 -0.000005 0.000006  -0.116704 0.169182 0.124163
46  5.740573 0.000055 0.000723  0.165374 -0.000014 0.000021
47  11.480965 -0.000038 0.000927  0.193319 -0.094404 0.076830
48  6.027515 -0.000273 -0.000236  -1.258369 -0.209622 -1.708221
49  -0.000002 11.691973 -0.000007  -0.934284 0.390621 0.747545
50  0.000002 -0.000001 -0.000001  2.413975 -0.000041 1.570856
51  -0.000007 -0.000016 0.000004  2.272644 -0.000030 1.570865
52  -7.762928 -11.695896 -3.892452  -2.879924 -0.211657 -0.710780
53  -0.000001 -0.000000 -0.000000  0.008153 -0.000259 0.000009
54  0.000000 0.000001 -0.000001  1.565115 0.043565 -0.106862
55  -2.714247 -19.915163 -17.133415  -0.951304 -0.636318 -1.904526
56  -0.000001 0.000000 -0.000000  0.000000 -0.000000 -0.000002
57  0.000029 0.000031 0.000000  -1.571901 -0.044449 -0.106509
58  33.185574 1.676875 -41.957436  1.570796 -0.000000 0.000000
59  -14.479010 -4.849860 -16.205265  1.570796 -0.000000 0.000000
60  1.941978 -1.075505 -8.860325  1.570796 -0.000000 0.000000
61  -0.004311 0.001229 -0.000371  0.006898 -0.005534 -0.284229
62  -4.351864 5.976385 -5.787649  1.570796 -0.000000 0.000000
63  0.000000 0.000000 0.000000  -0.078727 -3.136056 0.284226
64  0.002335 0.000013 0.000035  1.541877 0.034628 0.041742
65  -2.169421 -15.451016 1.319049  1.455760 -0.279790 1.046374
66  0.000003 -2.923558 -1.408042  0.000000 -0.000000 -0.000000
67  -0.000001 -0.601198 -2.062164  0.000000 -0.000000 -0.000000
68  0.004379 -0.039406 6.613116  0.000000 -0.000000 -0.000000
69  0.000002 -0.021787 -0.115848  0.000000 -0.000000 -0.000000
70  0.000002 -3.304881 0.259169  0.000000 -0.000000 -0.000000
71  2.127118 -17.710451 0.638499  1.455760 -0.279790 1.046374
72  0.057100 0.204433 -2.709596  0.000000 -0.000000 -0.000000
73  0.111675 -0.283002 -2.709597  0.000000 -0.000000 -0.000000
74  -0.128217 -0.750370 -2.709596  0.000000 -0.000000 -0.000000
time 21
0  0 0 0  0 0 0
1  0.000006 0.000000 0.000000  -1.570800 -1.391899 -1.570792
2  -8.526393 2.634402 1.937664  -1.544956 -1.855077 -0.198630
3  6.027526 -0.000327 0.000193  -0.303964 -0.968933 -1.862153
4  11.692117 0.000645 -0.000740  -1.102980 0.000010 -0.485284
5  11.480551 0.000663 -0.000303  1.224739 0.165827 -0.759777
6  3.859508 -0.142880 -1.192050  -0.355845 0.071161 -1.717889
7  1.312591 0.000014 0.000008  0.001009 0.118634 -1.342342
8  0.729354 0.000053 0.000051  -0.354413 0.192185 -1.033754
9  3.942140 0.046272 -0.431512  -0.118608 0.030347 -1.596581
10  1.539113 0.000085 0.000005  0.010839 0.048095 -1.195681
11  1.196333 0.000144 0.000030  0.083612 0.101560 -1.052457
12  3.883505 -0.047269 0.431382  0.144811 0.104657 -0.532403
13  1.719573 -0.000028 0.000017  -0.000044 0.055089 -1.348529
14  1.209178 0.000091 0.000011  -0.061065 -0.064635 -1.162035
15  3.859663 -0.138476 1.332410  0.344468 -0.053989 -0.682073
16  1.719449 -0.000010 0.000023  0.002485 -0.019467 -0.976334
17  1.099674 0.000050 0.000004  0.087374 -0.027472 -0.249635
18  0.805994 -0.349051 1.321254  -0.980912 -0.371793 -1.028717
19  1.789821 -0.000005 -0.000019  -0.004629 0.008705 -0.033206
20  1.207017 -0.000012 -0.000045  0.067975 0.222001 0.306306
21  5.740636 0.000409 -0.000703  -0.043669 0.000003 0.000071
22  11.481124 0.000338 -0.000721  -0.049491 0.073244 -0.159213
23  6.027524 -0.000332 0.000203  1.310677 -0.549221 1.750991
24  0.000003 11.692101 -0.000008  -0.364877 -0.057006 -0.306415
25  0.000003 0.000008 -0.000002  -0.233944 -0.000030 1.570739
26  -0.000000 -0.000012 -0.000001  0.868957 0.000002 1.570712
27  -6.768648 -4.546885 -4.715952  1.473120 1.855075 -0.198639
28  6.027515 -0.000263 -0.000222  1.610469 1.209317 -0.748719
29  11.691990 0.000245 0.000857  0.141440 0.000037 -1.353792
30  11.480022 -0.000409 0.000893  -0.687985 -0.497557 0.325355
31  3.859436 -0.132788 1.193062  0.466148 -0.051828 -1.783917
32  1.312559 0.000025 -0.000000  -0.013963 -0.041043 -0.156449
33  0.729343 0.000066 -0.000028  -0.128320 -0.117290 -0.954856
34  3.942045 0.050109 0.430997  0.211502 -0.107596 -1.469117
35  1.539096 0.000005 0.000000  0.040712 -0.054387 -1.030473
36  1.196299 0.000077 -0.000004  -0.249391 -0.043040 -0.795121
37  3.883411 -0.050502 -0.431087  0.186407 -0.271796 -1.212183
38  1.719564 -0.000083 -0.000003  0.020974 -0.107650 -1.483529
39  1.209197 0.000036 0.000011  -0.324719 0.069674 -0.493483
40  3.859585 -0.149111 -1.331323  -0.040757 -0.073789 -0.195091
41  1.719413 -0.000099 -0.000034  -0.007235 0.031761 -0.150715
42  1.099674 0.000026 0.000007  0.118501 -0.028866 -0.144987
43  0.805979 -0.359854 -1.318338  1.098894 0.346931 -1.139203
44  1.789779 -0.000008 -0.000043  -0.093943 0.073348 0.082988
45  1.206997 -0.000005 0.000005  -0.128510 0.182820 0.083571
46  5.740571 0.000055 0.000724  0.168891 -0.000014 0.000021
47  11.480947 -0.000045 0.000928  0.190625 -0.087099 0.076156
48  6.027514 -0.000273 -0.000236  -1.281031 -0.219258 -1.689468
49  0.000000 11.691973 -0.000005  -0.942005 0.397267 0.752824
50  0.000002 -0.000001 -0.000001  2.413975 -0.000041 1.570856
51  -0.000007 -0.000015 0.000006  2.272644 -0.000030 1.570865
52  -7.604632 -11.808565 -3.902062  -2.896704 -0.223785 -0.711813
53  -0.000001 0.000000 -0.000000  0.008153 -0.000259 0.000009
54  -0.000000 -0.000000 0.000000  1.565115 0.043565 -0.106862
55  -2.714247 -19.915163 -17.133415  -0.951304 -0.636318 -1.904526
56  -0.000001 0.000000 -0.000000  0.000000 -0.000000 -0.000002
57  0.000029 0.000031 0.000000  -1.571901 -0.044449 -0.106509
58  33.185574 1.676875 -41.957436  1.570796 -0.000000 0.000000
59  -14.412993 -5.472112 -15.752728  1.570796 -0.000000 0.000000
60  1.941978 -1.075505 -8.860325  1.570796 -0.000000 0.000000
61  -0.004311 0.001229 -0.000371  0.006898 -0.005534 -0.284229
62  -4.715958 5.678761 -5.851529  1.570796 -0.000000 0.000000
63  0.000000 0.000000 0.000000  -0.078727 -3.136056 0.284226
64  0.002335 0.000013 0.000035  1.541875 0.034627 0.041661
65  -2.020511 -15.483087 1.376525  1.446532 -0.261447 1.044184
66  0.000002 -2.923558 -1.408043  -0.000000 -0.000000 0.000000
67  -0.000002 -0.601197 -2.062165  -0.000000 -0.000000 0.000000
68  0.004380 -0.039406 6.613115  -0.000000 -0.000000 0.000000
69  0.000002 -0.021786 -0.115849  -0.000000 -0.000000 0.000000
70  0.000001 -3.304881 0.259168  -0.000000 -0.000000 0.000000
71  2.264434 -17.775934 0.735774  1.446532 -0.261447 1.044184
72  0.057100 0.204433 -2.709597  -0.000000 -0.000000 0.000000
73  0.111673 -0.283001 -2.709598  -0.000000 -0.000000 0.000000
74  -0.128218 -0.750370 -2.709597  -0.000000 -0.000000 0.000000
time 22
0  0 0 0  0 0 0
1  0.000006 0.000000 0.000000  -1.570800 -1.391899 -1.570792
2  -8.526393 2.634402 1.937664  -1.544956 -1.855077 -0.198630
3  6.027526 -0.000327 0.000193  -0.303964 -0.968933 -1.862153
4  11.692117 0.000645 -0.000740  -1.105125 0.000010 -0.485284
5  11.480551 0.000665 -0.000302  1.226317 0.167305 -0.759515
6  3.859508 -0.142880 -1.192050  -0.355845 0.071161 -1.717889
7  1.312591 0.000014 0.000008  0.001009 0.118634 -1.342342
8  0.729354 0.000053 0.000051  -0.354413 0.192185 -1.033754
9  3.942140 0.046272 -0.431512  -0.118608 0.030347 -1.596581
10  1.539113 0.000085 0.000005  0.010839 0.048095 -1.195681
11  1.196333 0.000144 0.000030  0.083612 0.101560 -1.052457
12  3.883505 -0.047269 0.431382  0.144811 0.104657 -0.532403
13  1.719573 -0.000028 0.000017  -0.000044 0.055089 -1.348529
14  1.209178 0.000091 0.000011  -0.061065 -0.064635 -1.162035
15  3.859663 -0.138476 1.332410  0.344468 -0.053989 -0.682073
16  1.719449 -0.000010 0.000023  0.002485 -0.019467 -0.976334
17  1.099674 0.000050 0.000004  0.087374 -0.027472 -0.249635
18  0.805994 -0.349051 1.321254  -0.980912 -0.371793 -1.028717
19  1.789821 -0.000005 -0.000019  -0.004629 0.008705 -0.033206
20  1.207017 -0.000012 -0.000045  0.067975 0.222001 0.306306
21  5.740637 0.000410 -0.000703  -0.043266 0.000003 0.000071
22  11.481124 0.000341 -0.000721  -0.049100 0.073442 -0.159115
23  6.027524 -0.000332 0.000203  1.310677 -0.549221 1.750991
24  0.000003 11.692101 -0.000008  -0.364877 -0.057006 -0.306415
25  0.000003 0.000008 -0.000002  -0.236089 -0.000030 1.570739
26  -0.000000 -0.000012 -0.000001  0.868957 0.000002 1.570712
27  -6.778127 -4.255593 -5.064549  1.473120 1.855075 -0.198639
28  6.027516 -0.000264 -0.000222  1.555291 1.221470 -0.785160
29  11.691991 0.000243 0.000857  0.141441 0.000038 -1.364843
30  11.479955 -0.000446 0.000900  -0.700564 -0.462790 0.335149
31  3.859437 -0.132787 1.193062  0.466148 -0.051828 -1.783918
32  1.312559 0.000025 -0.000000  -0.013963 -0.041043 -0.156449
33  0.729345 0.000066 -0.000027  -0.128320 -0.117290 -0.954856
34  3.942046 0.050110 0.430997  0.211502 -0.107596 -1.469117
35  1.539096 0.000005 0.000000  0.040712 -0.054387 -1.030473
36  1.196298 0.000077 -0.000004  -0.249391 -0.043040 -0.795121
37  3.883411 -0.050501 -0.431087  0.186407 -0.271795 -1.212183
38  1.719564 -0.000081 -0.000003  0.020974 -0.107650 -1.483529
39  1.209196 0.000035 0.000011  -0.324719 0.069674 -0.493483
40  3.859585 -0.149111 -1.331323  -0.040757 -0.073789 -0.195091
41  1.719412 -0.000098 -0.000034  -0.007235 0.031761 -0.150715
42  1.099673 0.000025 0.000007  0.118501 -0.028866 -0.144987
43  0.805978 -0.359854 -1.318338  1.097938 0.350807 -1.141428
44  1.789778 -0.000008 -0.000042  -0.094157 0.076377 0.082995
45  1.206996 -0.000005 0.000006  -0.136170 0.195106 0.066955
46  5.740571 0.000057 0.000725  0.172273 -0.000014 0.000021
47  11.480934 -0.000053 0.000929  0.187889 -0.080157 0.075421
48  6.027514 -0.000273 -0.000236  -1.302929 -0.227012 -1.669332
49  -0.000000 11.691972 -0.000007  -0.948677 0.403051 0.757359
50  0.000003 -0.000001 -0.000000  2.413975 -0.000041 1.570856
51  -0.000006 -0.000015 0.000005  2.272644 -0.000030 1.570865
52  -7.460333 -11.910378 -3.914412  -2.914281 -0.234766 -0.712836
53  -0.000001 0.000001 0.000000  0.008153 -0.000259 0.000009
54  -0.000000 0.000001 0.000000  1.565115 0.043565 -0.106862
55  -2.714247 -19.915163 -17.133415  -0.951304 -0.636318 -1.904526
56  -0.000001 0.000000 -0.000000  0.000000 -0.000000 -0.000002
57  0.000029 0.000031 0.000000  -1.571901 -0.044449 -0.106509
58  33.185574 1.676875 -41.957436  1.570796 -0.000000 0.000000
59  -14.349788 -6.067882 -15.319450  1.570796 -0.000000 0.000000
60  1.941978 -1.075505 -8.860325  1.570796 -0.000000 0.000000
61  -0.004311 0.001229 -0.000371  0.006898 -0.005534 -0.284229
62  -5.064555 5.393804 -5.912690  1.570796 -0.000000 0.000000
63  0.000000 0.000000 0.000000  -0.078727 -3.136056 0.284226
64  0.002335 0.000013 0.000035  1.541873 0.034625 0.041528
65  -1.879182 -15.506065 1.421297  1.438622 -0.242608 1.041138
66  0.000001 -2.923558 -1.408041  0.000000 0.000000 -0.000000
67  -0.000003 -0.601197 -2.062164  0.000000 0.000000 -0.000000
68  0.004381 -0.039407 6.613115  0.000000 0.000000 -0.000000
69  0.000003 -0.021787 -0.115849  0.000000 0.000000 -0.000000
70  0.000001 -3.304881 0.259169  0.000000 0.000000 -0.000000
71  2.392378 -17.832939 0.814739  1.438622 -0.242608 1.041138
72  0.057098 0.204433 -2.709595  0.000000 0.000000 -0.000000
73  0.111673 -0.283001 -2.709596  0.000000 0.000000 -0.000000
74  -0.128219 -0.750369 -2.709595  0.000000 0.000000 -0.000000
time 23
0  0 0 0  0 0 0
1  0.000006 0.000000 0.000000  -1.570800 -1.391899 -1.570792
2  -8.526393 2.634402 1.937664  -1.544956 -1.855077 -0.198630
3  6.027526 -0.000327 0.000193  -0.303964 -0.968933 -1.862153
4  11.692117 0.000645 -0.000740  -1.107365 0.000010 -0.485284
5  11.480551 0.000663 -0.000301  1.227964 0.168847 -0.759240
6  3.859508 -0.142880 -1.192050  -0.355845 0.071161 -1.717889
7  1.312591 0.000014 0.000008  0.001009 0.118634 -1.342342
8  0.729354 0.000053 0.000051  -0.354413 0.192185 -1.033754
9  3.942140 0.046272 -0.431512  -0.118608 0.030347 -1.596581
10  1.539113 0.000085 0.000005  0.010839 0.048095 -1.195681
11  1.196333 0.000144 0.000030  0.083612 0.101560 -1.052457
12  3.883505 -0.047269 0.431382  0.144811 0.104657 -0.532403
13  1.719573 -0.000028 0.000017  -0.000044 0.055089 -1.348529
14  1.209178 0.000091 0.000011  -0.061065 -0.064635 -1.162035
15  3.859663 -0.138476 1.332410  0.344468 -0.053989 -0.682073
16  1.719449 -0.000010 0.000023  0.002485 -0.019467 -0.976334
17  1.099674 0.000050 0.000004  0.087374 -0.027472 -0.249635
18  0.805994 -0.349051 1.321254  -0.980912 -0.371793 -1.028717
19  1.789821 -0.000005 -0.000019  -0.004629 0.008705 -0.033206
20  1.207017 -0.000012 -0.000045  0.067975 0.222001 0.306306
21  5.740638 0.000409 -0.000704  -0.042846 0.000003 0.000070
22  11.481125 0.000338 -0.000722  -0.048692 0.073648 -0.159011
23  6.027524 -0.000332 0.000203  1.310677 -0.549221 1.750991
24  0.000003 11.692101 -0.000008  -0.364877 -0.057006 -0.306415
25  0.000003 0.000008 -0.000002  -0.238329 -0.000030 1.570739
26  -0.000000 -0.000012 -0.000001  0.868957 0.000002 1.570712
27  -6.787095 -3.979959 -5.394408  1.473120 1.855075 -0.198639
28  6.027515 -0.000263 -0.000223  1.502212 1.232836 -0.818434
29  11.691993 0.000245 0.000855  0.141443 0.000036 -1.374877
30  11.479896 -0.000480 0.000902  -0.710349 -0.428919 0.343978
31  3.859437 -0.132788 1.193062  0.466148 -0.051828 -1.783918
32  1.312558 0.000025 -0.000000  -0.013963 -0.041043 -0.156449
33  0.729344 0.000066 -0.000028  -0.128320 -0.117290 -0.954856
34  3.942048 0.050108 0.430997  0.211501 -0.107596 -1.469117
35  1.539095 0.000005 0.000000  0.040712 -0.054387 -1.030473
36  1.196299 0.000076 -0.000004  -0.249391 -0.043040 -0.795121
37  3.883413 -0.050503 -0.431087  0.186407 -0.271796 -1.212183
38  1.719564 -0.000083 -0.000004  0.020974 -0.107650 -1.483529
39  1.209197 0.000035 0.000011  -0.324719 0.069674 -0.493483
40  3.859585 -0.149114 -1.331323  -0.040757 -0.073789 -0.195091
41  1.719412 -0.000098 -0.000034  -0.007235 0.031761 -0.150715
42  1.099674 0.000024 0.000007  0.118501 -0.028866 -0.144987
43  0.805980 -0.359855 -1.318338  1.097018 0.354501 -1.143553
44  1.789780 -0.000007 -0.000042  -0.094337 0.079281 0.083328
45  1.206996 -0.000005 0.000005  -0.143739 0.206962 0.050948
46  5.740572 0.000055 0.000724  0.176084 -0.000014 0.000021
47  11.480924 -0.000059 0.000930  0.185567 -0.073352 0.074706
48  6.027515 -0.000273 -0.000237  -1.323775 -0.233085 -1.647875
49  -0.000001 11.691978 -0.000006  -0.954728 0.408326 0.761448
50  0.000003 -0.000000 0.000001  2.413975 -0.000041 1.570856
51  -0.000007 -0.000015 0.000005  2.272644 -0.000030 1.570865
52  -7.325397 -11.996080 -3.930387  -2.930507 -0.244815 -0.714154
53  0.000000 0.000001 -0.000001  0.008153 -0.000259 0.000009
54  0.000001 -0.000001 -0.000000  1.565115 0.043565 -0.106862
55  -2.714247 -19.915163 -17.133415  -0.951304 -0.636318 -1.904526
56  -0.000001 0.000000 -0.000000  0.000000 -0.000000 -0.000002
57  0.000029 0.000031 0.000000  -1.571901 -0.044449 -0.106509
58  33.185574 1.676875 -41.957436  1.570796 -0.000000 0.000000
59  -14.289979 -6.631625 -14.909464  1.570796 -0.000000 0.000000
60  1.941978 -1.075505 -8.860325  1.570796 -0.000000 0.000000
61  -0.004311 0.001229 -0.000371  0.006898 -0.005534 -0.284229
62  -5.394414 5.124164 -5.970563  1.570796 -0.000000 0.000000
63  0.000000 0.000000 0.000000  -0.078727 -3.136056 0.284226
64  0.002335 0.000013 0.000035  1.541870 0.034622 0.041330
65  -1.748089 -15.521469 1.456011  1.431396 -0.225287 1.037641
66  0.000001 -2.923558 -1.408041  0.000000 0.000000 -0.000000
67  -0.000003 -0.601197 -2.062163  0.000000 0.000000 -0.000000
68  0.004381 -0.039407 6.613117  0.000000 0.000000 -0.000000
69  0.000002 -0.021787 -0.115848  0.000000 0.000000 -0.000000
70  0.000002 -3.304881 0.259169  0.000000 0.000000 -0.000000
71  2.509745 -17.881323 0.881204  1.431396 -0.225287 1.037641
72  0.057101 0.204433 -2.709597  0.000000 0.000000 -0.000000
73  0.111673 -0.283002 -2.709596  0.000000 0.000000 -0.000000
74  -0.128217 -0.750370 -2.709597  0.000000 0.000000 -0.000000
time 24
0  0 0 0  0 0 0
1  0.000006 0.000000 0.000000  -1.570800 -1.391899 -1.570792
2  -8.526393 2.634402 1.937664  -1.544956 -1.855077 -0.198630
3  6.027526 -0.000327 0.000193  -0.303964 -0.968933 -1.862153
4  11.692117 0.000645 -0.000740  -1.109697 0.000010 -0.485284
5  11.480552 0.000666 -0.000299  1.229681 0.170452 -0.758950
6  3.859508 -0.142880 -1.192050  -0.355845 0.071161 -1.717889
7  1.312591 0.000014 0.000008  0.001009 0.118634 -1.342342
8  0.729354 0.000053 0.000051  -0.354413 0.192185 -1.033754
9  3.942140 0.046272 -0.431512  -0.118608 0.030347 -1.596581
10  1.539113 0.000085 0.000005  0.010839 0.048095 -1.195681
11  1.196333 0.000144 0.000030  0.083612 0.101560 -1.052457
12  3.883505 -0.047269 0.431382  0.144811 0.104657 -0.532403
13  1.719573 -0.000028 0.000017  -0.000044 0.055089 -1.348529
14  1.209178 0.000091 0.000011  -0.061065 -0.064635 -1.162035
15  3.859663 -0.138476 1.332410  0.344468 -0.053989 -0.682073
16  1.719449 -0.000010 0.000023  0.002485 -0.019467 -0.976334
17  1.099674 0.000050 0.000004  0.087374 -0.027472 -0.249635
18  0.805994 -0.349051 1.321254  -0.980912 -0.371793 -1.028717
19  1.789821 -0.000005 -0.000019  -0.004629 0.008705 -0.033206
20  1.207017 -0.000012 -0.000045  0.067975 0.222001 0.306306
21  5.740638 0.000410 -0.000705  -0.042408 0.000003 0.000070
22  11.481126 0.000341 -0.000722  -0.048268 0.073862 -0.158903
23  6.027524 -0.000332 0.000203  1.310677 -0.549221 1.750991
24  0.000003 11.692101 -0.000008  -0.364877 -0.057006 -0.306415
25  0.000003 0.000008 -0.000002  -0.240661 -0.000030 1.570739
26  -0.000000 -0.000012 -0.000001  0.868957 0.000002 1.570712
27  -6.795476 -3.722389 -5.702646  1.473120 1.855075 -0.198639
28  6.027514 -0.000262 -0.000223  1.451474 1.243261 -0.848157
29  11.691990 0.000244 0.000857  0.141440 0.000041 -1.384581
30  11.479838 -0.000506 0.000906  -0.715201 -0.395347 0.352272
31  3.859435 -0.132788 1.193061  0.466148 -0.051828 -1.783918
32  1.312558 0.000024 -0.000000  -0.013963 -0.041043 -0.156449
33  0.729346 0.000066 -0.000027  -0.128320 -0.117290 -0.954856
34  3.942045 0.050109 0.430996  0.211502 -0.107596 -1.469117
35  1.539096 0.000005 0.000001  0.040712 -0.054387 -1.030473
36  1.196298 0.000076 -0.000004  -0.249391 -0.043040 -0.795121
37  3.883410 -0.050502 -0.431088  0.186407 -0.271795 -1.212183
38  1.719563 -0.000082 -0.000003  0.020974 -0.107650 -1.483529
39  1.209197 0.000035 0.000011  -0.324719 0.069674 -0.493483
40  3.859584 -0.149112 -1.331324  -0.040757 -0.073789 -0.195091
41  1.719412 -0.000097 -0.000034  -0.007235 0.031761 -0.150715
42  1.099674 0.000023 0.000007  0.118501 -0.028866 -0.144987
43  0.805978 -0.359853 -1.318339  1.096139 0.358000 -1.145569
44  1.789780 -0.000008 -0.000042  -0.094479 0.082049 0.083989
45  1.206995 -0.000006 0.000007  -0.151171 0.218365 0.035611
46  5.740571 0.000055 0.000724  0.180875 -0.000014 0.000021
47  11.480911 -0.000065 0.000930  0.184096 -0.066437 0.074060
48  6.027513 -0.000272 -0.000237  -1.343321 -0.237773 -1.625082
49  0.000000 11.691973 -0.000008  -0.960563 0.413450 0.765385
50  0.000003 -0.000002 -0.000002  2.413975 -0.000041 1.570856
51  -0.000006 -0.000015 0.000004  2.272644 -0.000030 1.570865
52  -7.194917 -12.060455 -3.952303  -2.943205 -0.254149 -0.716107
53  0.000000 0.000002 0.000000  0.008153 -0.000259 0.000009
54  -0.000001 0.000000 -0.000000  1.565115 0.043565 -0.106862
55  -2.714247 -19.915163 -17.133415  -0.951304 -0.636318 -1.904526
56  -0.000001 0.000000 -0.000000  0.000000 -0.000000 -0.000002
57  0.000029 0.000031 0.000000  -1.571901 -0.044449 -0.106509
58  33.185574 1.676875 -41.957436  1.570796 -0.000000 0.000000
59  -14.234091 -7.158420 -14.526350  1.570796 -0.000000 0.000000
60  1.941978 -1.075505 -8.860325  1.570796 -0.000000 0.000000
61  -0.004311 0.001229 -0.000371  0.006898 -0.005534 -0.284229
62  -5.702652 4.872197 -6.024643  1.570796 -0.000000 0.000000
63  0.000000 0.000000 0.000000  -0.078727 -3.136056 0.284226
64  0.002335 0.000013 0.000035  1.541865 0.034618 0.041052
65  -1.629884 -15.530812 1.482310  1.424249 -0.211509 1.034102
66  0.000001 -2.923558 -1.408042  0.000000 -0.000000 0.000000
67  -0.000003 -0.601197 -2.062165  0.000000 -0.000000 0.000000
68  0.004380 -0.039407 6.613116  0.000000 -0.000000 0.000000
69  0.000002 -0.021787 -0.115849  0.000000 -0.000000 0.000000
70  0.000001 -3.304881 0.259168  0.000000 -0.000000 0.000000
71  2.615294 -17.920908 0.939761  1.424249 -0.211509 1.034102
72  0.057098 0.204433 -2.709596  0.000000 -0.000000 0.000000
73  0.111671 -0.283001 -2.709595  0.000000 -0.000000 0.000000
74  -0.128219 -0.750370 -2.709596  0.000000 -0.000000 0.000000
time 25
0  0 0 0  0 0 0
1  0.000006 0.000000 0.000000  -1.570800 -1.391899 -1.570792
2  -8.526393 2.634402 1.937664  -1.544956 -1.855077 -0.198630
3  6.027526 -0.000327 0.000193  -0.303964 -0.968933 -1.862153
4  11.692117 0.000645 -0.000740  -1.112119 0.000010 -0.485284
5  11.480551 0.000667 -0.000296  1.231465 0.172119 -0.758646
6  3.859508 -0.142880 -1.192050  -0.355845 0.071161 -1.717889
7  1.312591 0.000014 0.000008  0.001009 0.118634 -1.342342
8  0.729354 0.000053 0.000051  -0.354413 0.192185 -1.033754
9  3.942140 0.046272 -0.431512  -0.118608 0.030347 -1.596581
10  1.539113 0.000085 0.000005  0.010839 0.048095 -1.195681
11  1.196333 0.000144 0.000030  0.083612 0.101560 -1.052457
12  3.883505 -0.047269 0.431382  0.144811 0.104657 -0.532403
13  1.719573 -0.000028 0.000017  -0.000044 0.055089 -1.348529
14  1.209178 0.000091 0.000011  -0.061065 -0.064635 -1.162035
15  3.859663 -0.138476 1.332410  0.344468 -0.053989 -0.682073
16  1.719449 -0.000010 0.000023  0.002485 -0.019467 -0.976334
17  1.099674 0.000050 0.000004  0.087374 -0.027472 -0.249635
18  0.805994 -0.349051 1.321254  -0.980912 -0.371793 -1.028717
19  1.789821 -0.000005 -0.000019  -0.004629 0.008705 -0.033206
20  1.207017 -0.000012 -0.000045  0.067975 0.222001 0.306306
21  5.740637 0.000411 -0.000703  -0.041953 0.000003 0.000070
22  11.481125 0.000339 -0.000721  -0.047826 0.074085 -0.158790
23  6.027524 -0.000332 0.000203  1.310677 -0.549221 1.750991
24  0.000003 11.692101 -0.000008  -0.364877 -0.057006 -0.306415
25  0.000003 0.000008 -0.000002  -0.243084 -0.000030 1.570739
26  -0.000000 -0.000012 -0.000001  0.868957 0.000002 1.570712
27  -6.803203 -3.484967 -5.986774  1.473120 1.855075 -0.198639
28  6.027516 -0.000264 -0.000223  1.403293 1.252598 -0.873916
29  11.691991 0.000244 0.000855  0.141442 0.000039 -1.394611
30  11.479784 -0.000536 0.000910  -0.713009 -0.361376 0.360481
31  3.859437 -0.132789 1.193061  0.466148 -0.051828 -1.783917
32  1.312558 0.000024 -0.000001  -0.013963 -0.041043 -0.156449
33  0.729344 0.000066 -0.000027  -0.128320 -0.117290 -0.954856
34  3.942047 0.050109 0.430996  0.211502 -0.107596 -1.469117
35  1.539096 0.000005 -0.000000  0.040712 -0.054387 -1.030473
36  1.196300 0.000077 -0.000004  -0.249391 -0.043040 -0.795121
37  3.883411 -0.050501 -0.431087  0.186407 -0.271796 -1.212183
38  1.719563 -0.000081 -0.000003  0.020974 -0.107650 -1.483529
39  1.209196 0.000035 0.000012  -0.324719 0.069674 -0.493483
40  3.859586 -0.149112 -1.331323  -0.040757 -0.073789 -0.195091
41  1.719412 -0.000099 -0.000034  -0.007235 0.031761 -0.150715
42  1.099674 0.000024 0.000007  0.118501 -0.028866 -0.144987
43  0.805979 -0.359854 -1.318338  1.095307 0.361288 -1.147466
44  1.789780 -0.000008 -0.000041  -0.094582 0.084669 0.084978
45  1.206996 -0.000006 0.000006  -0.158416 0.229287 0.021010
46  5.740572 0.000056 0.000725  0.187171 -0.000014 0.000021
47  11.480902 -0.000071 0.000931  0.183898 -0.059147 0.073510
48  6.027514 -0.000274 -0.000237  -1.361377 -0.241397 -1.600863
49  -0.000001 11.691973 -0.000007  -0.966593 0.418768 0.769422
50  0.000004 -0.000002 -0.000000  2.413975 -0.000041 1.570856
51  -0.000006 -0.000015 0.000005  2.272644 -0.000030 1.570865
52  -7.063793 -12.098358 -3.983267  -2.950181 -0.262974 -0.719065
53  -0.000001 0.000000 -0.000000  0.008153 -0.000259 0.000009
54  0.000000 -0.000000 -0.000000  1.565115 0.043565 -0.106862
55  -2.714247 -19.915163 -17.133415  -0.951304 -0.636318 -1.904526
56  -0.000001 0.000000 -0.000000  0.000000 -0.000000 -0.000002
57  0.000029 0.000031 0.000000  -1.571901 -0.044449 -0.106509
58  33.185574 1.676875 -41.957436  1.570796 -0.000000 0.000000
59  -14.182573 -7.644011 -14.173201  1.570796 -0.000000 0.000000
60  1.941978 -1.075505 -8.860325  1.570796 -0.000000 0.000000
61  -0.004311 0.001229 -0.000371  0.006898 -0.005534 -0.284229
62  -5.986780 4.639938 -6.074493  1.570796 -0.000000 0.000000
63  0.000000 0.000000 0.000000  -0.078727 -3.136056 0.284226
64  0.002335 0.000013 0.000035  1.541858 0.034613 0.040684
65  -1.527221 -15.535610 1.501226  1.416605 -0.203298 1.030934
66  0.000001 -2.923558 -1.408042  0.000000 -0.000000 -0.000000
67  -0.000003 -0.601197 -2.062165  0.000000 -0.000000 -0.000000
68  0.004380 -0.039407 6.613115  0.000000 -0.000000 -0.000000
69  0.000001 -0.021787 -0.115849  0.000000 -0.000000 -0.000000
70  0.000001 -3.304880 0.259168  0.000000 -0.000000 -0.000000
71  2.707724 -17.951523 0.994218  1.416605 -0.203298 1.030934
72  0.057096 0.204433 -2.709596  0.000000 -0.000000 -0.000000
73  0.111670 -0.283001 -2.709597  0.000000 -0.000000 -0.000000
74  -0.128219 -0.750370 -2.709597  0.000000 -0.000000 -0.000000
time 26
0  0 0 0  0 0 0
1  0.000006 0.000000 0.000000  -1.570800 -1.391899 -1.570792
2  -8.526393 2.634402 1.937664  -1.544956 -1.855077 -0.198630
3  6.027526 -0.000327 0.000193  -0.303964 -0.968933 -1.862153
4  11.692117 0.000645 -0.000740  -1.114632 0.000010 -0.485284
5  11.480552 0.000669 -0.000293  1.233317 0.173847 -0.758327
6  3.859508 -0.142880 -1.192050  -0.355845 0.071161 -1.717889
7  1.312591 0.000014 0.000008  0.001009 0.118634 -1.342342
8  0.729354 0.000053 0.000051  -0.354413 0.192185 -1.033754
9  3.942140 0.046272 -0.431512  -0.118608 0.030347 -1.596581
10  1.539113 0.000085 0.000005  0.010839 0.048095 -1.195681
11  1.196333 0.000144 0.000030  0.083612 0.101560 -1.052457
12  3.883505 -0.047269 0.431382  0.144811 0.104657 -0.532403
13  1.719573 -0.000028 0.000017  -0.000044 0.055089 -1.348529
14  1.209178 0.000091 0.000011  -0.061065 -0.064635 -1.162035
15  3.859663 -0.138476 1.332410  0.344468 -0.053989 -0.682073
16  1.719449 -0.000010 0.000023  0.002485 -0.019467 -0.976334
17  1.099674 0.000050 0.000004  0.087374 -0.027472 -0.249635
18  0.805994 -0.349051 1.321254  -0.980912 -0.371793 -1.028717
19  1.789821 -0.000005 -0.000019  -0.004629 0.008705 -0.033206
20  1.207017 -0.000012 -0.000045  0.067975 0.222001 0.306306
21  5.740639 0.000411 -0.000701  -0.041481 0.000003 0.000071
22  11.481125 0.000341 -0.000718  -0.047369 0.074316 -0.158673
23  6.027524 -0.000332 0.000203  1.310677 -0.549221 1.750991
24  0.000003 11.692101 -0.000008  -0.364877 -0.057006 -0.306415
25  0.000003 0.000008 -0.000002  -0.245597 -0.000030 1.570739
26  -0.000000 -0.000012 -0.000001  0.868957 0.000002 1.570712
27  -6.810216 -3.269436 -6.244706  1.473120 1.855075 -0.198639
28  6.027516 -0.000263 -0.000223  1.358801 1.260920 -0.895178
29  11.691990 0.000245 0.000856  0.141442 0.000040 -1.404721
30  11.479730 -0.000566 0.000914  -0.704490 -0.327640 0.368513
31  3.859437 -0.132789 1.193062  0.466148 -0.051828 -1.783918
32  1.312559 0.000024 -0.000001  -0.013963 -0.041043 -0.156449
33  0.729346 0.000066 -0.000027  -0.128320 -0.117290 -0.954856
34  3.942047 0.050108 0.430997  0.211502 -0.107596 -1.469117
35  1.539097 0.000004 0.000000  0.040712 -0.054387 -1.030473
36  1.196300 0.000076 -0.000004  -0.249391 -0.043040 -0.795121
37  3.883413 -0.050502 -0.431087  0.186407 -0.271796 -1.212183
38  1.719564 -0.000081 -0.000003  0.020974 -0.107650 -1.483529
39  1.209197 0.000035 0.000011  -0.324719 0.069674 -0.493483
40  3.859586 -0.149112 -1.331323  -0.040757 -0.073789 -0.195091
41  1.719412 -0.000096 -0.000034  -0.007235 0.031761 -0.150715
42  1.099672 0.000023 0.000006  0.118501 -0.028866 -0.144987
43  0.805980 -0.359854 -1.318338  1.094526 0.364349 -1.149233
44  1.789780 -0.000007 -0.000042  -0.094645 0.087128 0.086287
45  1.206996 -0.000006 0.000006  -0.165422 0.239699 0.007212
46  5.740571 0.000055 0.000725  0.194555 -0.000014 0.000021
47  11.480890 -0.000078 0.000933  0.184852 -0.051640 0.073004
48  6.027515 -0.000273 -0.000237  -1.377718 -0.243947 -1.575881
49  0.000000 11.691972 -0.000006  -0.972658 0.424151 0.773468
50  0.000003 -0.000000 -0.000001  2.413975 -0.000041 1.570856
51  -0.000006 -0.000015 0.000005  2.272644 -0.000030 1.570865
52  -6.936060 -12.113470 -4.022746  -2.951837 -0.271294 -0.722894
53  -0.000001 0.000000 0.000000  0.008153 -0.000259 0.000009
54  0.000001 -0.000000 -0.000000  1.565115 0.043565 -0.106862
55  -2.714247 -19.915163 -17.133415  -0.951304 -0.636318 -1.904526
56  -0.000001 0.000000 -0.000000  0.000000 -0.000000 -0.000002
57  0.000029 0.000031 0.000000  -1.571901 -0.044449 -0.106509
58  33.185574 1.676875 -41.957436  1.570796 -0.000000 0.000000
59  -14.135806 -8.084828 -13.852612  1.570796 -0.000000 0.000000
60  1.941978 -1.075505 -8.860325  1.570796 -0.000000 0.000000
61  -0.004311 0.001229 -0.000371  0.006898 -0.005534 -0.284229
62  -6.244712 4.429095 -6.119748  1.570796 -0.000000 0.000000
63  0.000000 0.000000 0.000000  -0.078727 -3.136056 0.284226
64  0.002335 0.000013 0.000035  1.541850 0.034606 0.040210
65  -1.442753 -15.537378 1.513356  1.408541 -0.200239 1.028284
66  0.000001 -2.923558 -1.408042  0.000000 0.000000 0.000000
67  -0.000002 -0.601197 -2.062164  0.000000 0.000000 0.000000
68  0.004380 -0.039407 6.613116  0.000000 0.000000 0.000000
69  0.000001 -0.021787 -0.115849  0.000000 0.000000 0.000000
70  0.000002 -3.304881 0.259169  0.000000 0.000000 0.000000
71  2.784374 -17.974607 1.044567  1.408541 -0.200239 1.028284
72  0.057098 0.204433 -2.709594  0.000000 0.000000 0.000000
73  0.111672 -0.283001 -2.709595  0.000000 0.000000 0.000000
74  -0.128218 -0.750370 -2.709595  0.000000 0.000000 0.000000
time 27
0  0 0 0  0 0 0
1  0.000006 0.000000 0.000000  -1.570800 -1.391899 -1.570792
2  -8.526393 2.634402 1.937664  -1.544956 -1.855077 -0.198630
3  6.027526 -0.000327 0.000193  -0.303964 -0.968933 -1.862153
4  11.692117 0.000645 -0.000740  -1.117234 0.000010 -0.485284
5  11.480551 0.000667 -0.000295  1.235235 0.175636 -0.757993
6  3.859508 -0.142880 -1.192050  -0.355845 0.071161 -1.717889
7  1.312591 0.000014 0.000008  0.001009 0.118634 -1.342342
8  0.729354 0.000053 0.000051  -0.354413 0.192185 -1.033754
9  3.942140 0.046272 -0.431512  -0.118608 0.030347 -1.596581
10  1.539113 0.000085 0.000005  0.010839 0.048095 -1.195681
11  1.196333 0.000144 0.000030  0.083612 0.101560 -1.052457
12  3.883505 -0.047269 0.431382  0.144811 0.104657 -0.532403
13  1.719573 -0.000028 0.000017  -0.000044 0.055089 -1.348529
14  1.209178 0.000091 0.000011  -0.061065 -0.064635 -1.162035
15  3.859663 -0.138476 1.332410  0.344468 -0.053989 -0.682073
16  1.719449 -0.000010 0.000023  0.002485 -0.019467 -0.976334
17  1.099674 0.000050 0.000004  0.087374 -0.027472 -0.249635
18  0.805994 -0.349051 1.321254  -0.980912 -0.371793 -1.028717
19  1.789821 -0.000005 -0.000019  -0.004629 0.008705 -0.033206
20  1.207017 -0.000012 -0.000045  0.067975 0.222001 0.306306
21  5.740637 0.000409 -0.000704  -0.040992 0.000003 0.000070
22  11.481126 0.000337 -0.000720  -0.046895 0.074555 -0.158552
23  6.027524 -0.000332 0.000203  1.310677 -0.549221 1.750991
24  0.000003 11.692101 -0.000008  -0.364877 -0.057006 -0.306415
25  0.000003 0.000008 -0.000002  -0.248198 -0.000030 1.570739
26  -0.000000 -0.000012 -0.000001  0.868957 0.000002 1.570712
27  -6.816472 -3.077209 -6.474749  1.473120 1.855075 -0.198639
28  6.027516 -0.000263 -0.000223  1.319678 1.268292 -0.911578
29  11.691989 0.000245 0.000857  0.141444 0.000039 -1.414267
30  11.479682 -0.000593 0.000917  -0.692563 -0.295728 0.376010
31  3.859437 -0.132787 1.193061  0.466148 -0.051828 -1.783918
32  1.312557 0.000024 -0.000001  -0.013963 -0.041043 -0.156449
33  0.729346 0.000066 -0.000027  -0.128320 -0.117290 -0.954856
34  3.942047 0.050108 0.430997  0.211502 -0.107596 -1.469117
35  1.539095 0.000004 0.000001  0.040712 -0.054387 -1.030473
36  1.196301 0.000076 -0.000004  -0.249391 -0.043040 -0.795121
37  3.883412 -0.050502 -0.431087  0.186407 -0.271796 -1.212183
38  1.719563 -0.000080 -0.000003  0.020974 -0.107650 -1.483530
39  1.209197 0.000035 0.000012  -0.324719 0.069674 -0.493483
40  3.859586 -0.149111 -1.331323  -0.040757 -0.073789 -0.195091
41  1.719413 -0.000097 -0.000034  -0.007235 0.031761 -0.150715
42  1.099673 0.000025 0.000007  0.118501 -0.028866 -0.144987
43  0.805980 -0.359853 -1.318338  1.093803 0.367171 -1.150862
44  1.789780 -0.000007 -0.000042  -0.094666 0.089415 0.087901
45  1.206997 -0.000005 0.000005  -0.172136 0.249570 -0.005716
46  5.740572 0.000056 0.000724  0.202013 -0.000014 0.000021
47  11.480881 -0.000084 0.000933  0.186430 -0.044376 0.072494
48  6.027514 -0.000273 -0.000237  -1.391976 -0.245359 -1.551523
49  -0.000000 11.691973 -0.000006  -0.978379 0.429253 0.777262
50  0.000002 -0.000003 0.000000  2.413975 -0.000041 1.570856
51  -0.000007 -0.000016 0.000004  2.272644 -0.000030 1.570865
52  -6.822387 -12.115118 -4.067253  -2.950451 -0.278941 -0.727157
53  -0.000001 0.000000 -0.000000  0.008153 -0.000259 0.000009
54  0.000001 0.000000 0.000000  1.565115 0.043565 -0.106862
55  -2.714247 -19.915163 -17.133415  -0.951304 -0.636318 -1.904526
56  -0.000001 0.000000 -0.000000  0.000000 -0.000000 -0.000002
57  0.000029 0.000031 0.000000  -1.571901 -0.044449 -0.106509
58  33.185574 1.676875 -41.957436  1.570796 -0.000000 0.000000
59  -14.094096 -8.477981 -13.566689  1.570796 -0.000000 0.000000
60  1.941978 -1.075505 -8.860325  1.570796 -0.000000 0.000000
61  -0.004311 0.001229 -0.000371  0.006898 -0.005534 -0.284229
62  -6.474755 4.241049 -6.160109  1.570796 -0.000000 0.000000
63  0.000000 0.000000 0.000000  -0.078727 -3.136056 0.284226
64  0.002335 0.000013 0.000035  1.541839 0.034598 0.039619
65  -1.379134 -15.537631 1.518928  1.400621 -0.200172 1.025973
66  0.000002 -2.923558 -1.408042  -0.000000 -0.000000 0.000000
67  -0.000002 -0.601197 -2.062164  -0.000000 -0.000000 0.000000
68  0.004379 -0.039407 6.613115  -0.000000 -0.000000 0.000000
69  0.000001 -0.021787 -0.115848  -0.000000 -0.000000 0.000000
70  0.000001 -3.304880 0.259169  -0.000000 -0.000000 0.000000
71  2.841459 -17.993107 1.088017  1.400621 -0.200172 1.025973
72  0.057099 0.204433 -2.709598  -0.000000 -0.000000 0.000000
73  0.111672 -0.283001 -2.709598  -0.000000 -0.000000 0.000000
74  -0.128219 -0.750370 -2.709597  -0.000000 -0.000000 0.000000
time 28
0  0 0 0  0 0 0
1  0.000006 0.000000 0.000000  -1.570800 -1.391899 -1.570792
2  -8.526393 2.634402 1.937664  -1.544956 -1.855077 -0.198630
3  6.027526 -0.000327 0.000193  -0.303964 -0.968933 -1.862153
4  11.692117 0.000645 -0.000740  -1.119922 0.000010 -0.485284
5  11.480552 0.000670 -0.000292  1.237218 0.177483 -0.757645
6  3.859508 -0.142880 -1.192050  -0.355845 0.071161 -1.717889
7  1.312591 0.000014 0.000008  0.001009 0.118634 -1.342342
8  0.729354 0.000053 0.000051  -0.354413 0.192185 -1.033754
9  3.942140 0.046272 -0.431512  -0.118608 0.030347 -1.596581
10  1.539113 0.000085 0.000005  0.010839 0.048095 -1.195681
11  1.196333 0.000144 0.000030  0.083612 0.101560 -1.052457
12  3.883505 -0.047269 0.431382  0.144811 0.104657 -0.532403
13  1.719573 -0.000028 0.000017  -0.000044 0.055089 -1.348529
14  1.209178 0.000091 0.000011  -0.061065 -0.064635 -1.162035
15  3.859663 -0.138476 1.332410  0.344468 -0.053989 -0.682073
16  1.719449 -0.000010 0.000023  0.002485 -0.019467 -0.976334
17  1.099674 0.000050 0.000004  0.087374 -0.027472 -0.249635
18  0.805994 -0.349051 1.321254  -0.980912 -0.371793 -1.028717
19  1.789821 -0.000005 -0.000019  -0.004629 0.008705 -0.033206
20  1.207017 -0.000012 -0.000045  0.067975 0.222001 0.306306
21  5.740636 0.000410 -0.000704  -0.040487 0.000003 0.000071
22  11.481124 0.000342 -0.000720  -0.046406 0.074801 -0.158427
23  6.027524 -0.000332 0.000203  1.310677 -0.549221 1.750991
24  0.000003 11.692101 -0.000008  -0.364877 -0.057006 -0.306415
25  0.000003 0.000008 -0.000002  -0.250886 -0.000030 1.570739
26  -0.000000 -0.000012 -0.000001  0.868957 0.000002 1.570712
27  -6.821932 -2.909386 -6.675586  1.473120 1.855075 -0.198639
28  6.027518 -0.000264 -0.000223  1.286746 1.274472 -0.923145
29  11.691992 0.000245 0.000853  0.141446 0.000038 -1.423315
30  11.479633 -0.000620 0.000922  -0.678480 -0.266337 0.383009
31  3.859437 -0.132787 1.193062  0.466148 -0.051828 -1.783918
32  1.312557 0.000025 -0.000000  -0.013963 -0.041043 -0.156449
33  0.729345 0.000066 -0.000027  -0.128320 -0.117290 -0.954856
34  3.942047 0.050109 0.430997  0.211502 -0.107596 -1.469117
35  1.539095 0.000005 0.000000  0.040712 -0.054387 -1.030473
36  1.196300 0.000076 -0.000004  -0.249391 -0.043040 -0.795121
37  3.883411 -0.050501 -0.431087  0.186407 -0.271796 -1.212183
38  1.719564 -0.000081 -0.000003  0.020974 -0.107650 -1.483529
39  1.209196 0.000035 0.000011  -0.324719 0.069674 -0.493483
40  3.859585 -0.149112 -1.331323  -0.040757 -0.073789 -0.195091
41  1.719411 -0.000096 -0.000034  -0.007235 0.031761 -0.150715
42  1.099673 0.000023 0.000006  0.118501 -0.028866 -0.144987
43  0.805979 -0.359854 -1.318338  1.093140 0.369741 -1.152346
44  1.789780 -0.000008 -0.000041  -0.094647 0.091519 0.089796
45  1.206997 -0.000005 0.000005  -0.178505 0.258870 -0.017713
46  5.740572 0.000055 0.000724  0.209182 -0.000014 0.000021
47  11.480870 -0.000089 0.000934  0.188423 -0.037541 0.071999
48  6.027516 -0.000275 -0.000237  -1.403826 -0.246005 -1.528740
49  -0.000003 11.691976 -0.000005  -0.983795 0.434107 0.780836
50  0.000003 0.000000 -0.000000  2.413975 -0.000041 1.570856
51  -0.000007 -0.000015 0.000005  2.272644 -0.000030 1.570865
52  -6.727516 -12.106709 -4.115994  -2.946655 -0.285858 -0.731774
53  -0.000000 0.000001 -0.000000  0.008153 -0.000259 0.000009
54  0.000000 0.000001 0.000000  1.565115 0.043565 -0.106862
55  -2.714247 -19.915163 -17.133415  -0.951304 -0.636318 -1.904526
56  -0.000001 0.000000 -0.000000  0.000000 -0.000000 -0.000002
57  0.000029 0.000031 0.000000  -1.571901 -0.044449 -0.106509
58  33.185574 1.676875 -41.957436  1.570796 -0.000000 0.000000
59  -14.057681 -8.821223 -13.317064  1.570796 -0.000000 0.000000
60  1.941978 -1.075505 -8.860325  1.570796 -0.000000 0.000000
61  -0.004311 0.001229 -0.000371  0.006898 -0.005534 -0.284229
62  -6.675592 4.076876 -6.195345  1.570796 -0.000000 0.000000
63  0.000000 0.000000 0.000000  -0.078727 -3.136056 0.284226
64  0.002335 0.000013 0.000035  1.541827 0.034588 0.038897
65  -1.339017 -15.537883 1.517756  1.393001 -0.202493 1.023937
66  0.000001 -2.923558 -1.408042  -0.000000 0.000000 -0.000000
67  -0.000002 -0.601197 -2.062165  -0.000000 0.000000 -0.000000
68  0.004381 -0.039407 6.613116  -0.000000 0.000000 -0.000000
69  0.000002 -0.021787 -0.115848  -0.000000 0.000000 -0.000000
70  0.000000 -3.304880 0.259169  -0.000000 0.000000 -0.000000
71  2.875937 -18.009151 1.123501  1.393001 -0.202493 1.023937
72  0.057099 0.204433 -2.709598  -0.000000 0.000000 -0.000000
73  0.111673 -0.283001 -2.709598  -0.000000 0.000000 -0.000000
74  -0.128219 -0.750370 -2.709598  -0.000000 0.000000 -0.000000
time 29
0  0 0 0  0 0 0
1  0.000006 0.000000 0.000000  -1.570800 -1.391899 -1.570792
2  -8.526393 2.634402 1.937664  -1.544956 -1.855077 -0.198630
3  6.027526 -0.000327 0.000193  -0.303964 -0.968933 -1.862153
4  11.692117 0.000645 -0.000740  -1.122695 0.000010 -0.485284
5  11.480552 0.000668 -0.000290  1.239265 0.179389 -0.757282
6  3.859508 -0.142880 -1.192050  -0.355845 0.071161 -1.717889
7  1.312591 0.000014 0.000008  0.001009 0.118634 -1.342342
8  0.729354 0.000053 0.000051  -0.354413 0.192185 -1.033754
9  3.942140 0.046272 -0.431512  -0.118608 0.030347 -1.596581
10  1.539113 0.000085 0.000005  0.010839 0.048095 -1.195681
11  1.196333 0.000144 0.000030  0.083612 0.101560 -1.052457
12  3.883505 -0.047269 0.431382  0.144811 0.104657 -0.532403
13  1.719573 -0.000028 0.000017  -0.000044 0.055089 -1.348529
14  1.209178 0.000091 0.000011  -0.061065 -0.064635 -1.162035
15  3.859663 -0.138476 1.332410  0.344468 -0.053989 -0.682073
16  1.719449 -0.000010 0.000023  0.002485 -0.019467 -0.976334
17  1.099674 0.000050 0.000004  0.087374 -0.027472 -0.249635
18  0.805994 -0.349051 1.321254  -0.980912 -0.371793 -1.028717
19  1.789821 -0.000005 -0.000019  -0.004629 0.008705 -0.033206
20  1.207017 -0.000012 -0.000045  0.067975 0.222001 0.306306
21  5.740637 0.000409 -0.000703  -0.039966 0.000003 0.000071
22  11.481125 0.000340 -0.000719  -0.045900 0.075056 -0.158297
23  6.027524 -0.000332 0.000203  1.310677 -0.549221 1.750991
24  0.000003 11.692101 -0.000008  -0.364877 -0.057006 -0.306415
25  0.000003 0.000008 -0.000002  -0.253659 -0.000030 1.570739
26  -0.000000 -0.000012 -0.000001  0.868957 0.000002 1.570712
27  -6.826574 -2.766770 -6.846258  1.473120 1.855075 -0.198639
28  6.027515 -0.000263 -0.000224  1.260699 1.279096 -0.930000
29  11.691992 0.000244 0.000854  0.141445 0.000040 -1.431985
30  11.479548 -0.000666 0.000929  -0.663500 -0.240119 0.389435
31  3.859436 -0.132786 1.193062  0.466148 -0.051828 -1.783917
32  1.312559 0.000025 -0.000001  -0.013963 -0.041043 -0.156449
33  0.729344 0.000066 -0.000028  -0.128320 -0.117290 -0.954856
34  3.942046 0.050110 0.430996  0.211502 -0.107596 -1.469117
35  1.539096 0.000005 0.000000  0.040712 -0.054387 -1.030473
36  1.196300 0.000077 -0.000004  -0.249391 -0.043040 -0.795121
37  3.883412 -0.050500 -0.431087  0.186407 -0.271796 -1.212183
38  1.719565 -0.000082 -0.000003  0.020974 -0.107650 -1.483529
39  1.209197 0.000035 0.000011  -0.324719 0.069674 -0.493483
40  3.859585 -0.149110 -1.331323  -0.040757 -0.073789 -0.195091
41  1.719411 -0.000096 -0.000034  -0.007235 0.031761 -0.150715
42  1.099674 0.000024 0.000007  0.118501 -0.028866 -0.144987
43  0.805979 -0.359853 -1.318338  1.092543 0.372051 -1.153677
44  1.789778 -0.000007 -0.000042  -0.094590 0.093433 0.091942
45  1.206996 -0.000006 0.000006  -0.184478 0.267567 -0.028722
46  5.740574 0.000054 0.000724  0.215758 -0.000014 0.000021
47  11.480854 -0.000098 0.000935  0.190619 -0.031322 0.071537
48  6.027513 -0.000274 -0.000238  -1.412945 -0.246381 -1.508443
49  -0.000001 11.691974 -0.000004  -0.988973 0.438776 0.784246
50  0.000002 -0.000002 -0.000000  2.413975 -0.000041 1.570856
51  -0.000006 -0.000015 0.000005  2.272644 -0.000030 1.570865
52  -6.656228 -12.091684 -4.168848  -2.941085 -0.291996 -0.736652
53  -0.000001 0.000001 -0.000000  0.008153 -0.000259 0.000009
54  0.000000 0.000001 -0.000000  1.565115 0.043565 -0.106862
55  -2.714247 -19.915163 -17.133415  -0.951304 -0.636318 -1.904526
56  -0.000001 0.000000 -0.000000  0.000000 -0.000000 -0.000002
57  0.000029 0.000031 0.000000  -1.571901 -0.044449 -0.106509
58  33.185574 1.676875 -41.957436  1.570796 -0.000000 0.000000
59  -14.026735 -9.112910 -13.104935  1.570796 -0.000000 0.000000
60  1.941978 -1.075505 -8.860325  1.570796 -0.000000 0.000000
61  -0.004311 0.001229 -0.000371  0.006898 -0.005534 -0.284229
62  -6.846264 3.937362 -6.225290  1.570796 -0.000000 0.000000
63  0.000000 0.000000 0.000000  -0.078727 -3.136056 0.284226
64  0.002335 0.000013 0.000035  1.541811 0.034575 0.038030
65  -1.325055 -15.539651 1.509014  1.385830 -0.206602 1.022103
66  0.000002 -2.923558 -1.408042  0.000000 0.000000 -0.000000
67  -0.000002 -0.601197 -2.062164  0.000000 0.000000 -0.000000
68  0.004380 -0.039406 6.613116  0.000000 0.000000 -0.000000
69  0.000002 -0.021786 -0.115849  0.000000 0.000000 -0.000000
70  0.000002 -3.304881 0.259168  0.000000 0.000000 -0.000000
71  2.884811 -18.024839 1.149395  1.385830 -0.206602 1.022103
72  0.057100 0.204433 -2.709596  0.000000 0.000000 -0.000000
73  0.111673 -0.283001 -2.709597  0.000000 0.000000 -0.000000
74  -0.128217 -0.750370 -2.709596  0.000000 0.000000 -0.000000
time 30
0  0 0 0  0 0 0
1  0.000006 0.000000 0.000000  -1.570800 -1.391899 -1.570792
2  -8.526393 2.634402 1.937664  -1.544956 -1.855077 -0.198630
3  6.027526 -0.000327 0.000193  -0.303964 -0.968933 -1.862153
4  11.692117 0.000645 -0.000740  -1.125551 0.000010 -0.485284
5  11.480551 0.000670 -0.000288  1.241376 0.181350 -0.756903
6  3.859508 -0.142880 -1.192050  -0.355845 0.071161 -1.717889
7  1.312591 0.000014 0.000008  0.001009 0.118634 -1.342342
8  0.729354 0.000053 0.000051  -0.354413 0.192185 -1.033754
9  3.942140 0.046272 -0.431512  -0.118608 0.030347 -1.596581
10  1.539113 0.000085 0.000005  0.010839 0.048095 -1.195681
11  1.196333 0.000144 0.000030  0.083612 0.101560 -1.052457
12  3.883505 -0.047269 0.431382  0.144811 0.104657 -0.532403
13  1.719573 -0.000028 0.000017  -0.000044 0.055089 -1.348529
14  1.209178 0.000091 0.000011  -0.061065 -0.064635 -1.162035
15  3.859663 -0.138476 1.332410  0.344468 -0.053989 -0.682073
16  1.719449 -0.000010 0.000023  0.002485 -0.019467 -0.976334
17  1.099674 0.000050 0.000004  0.087374 -0.027472 -0.249635
18  0.805994 -0.349051 1.321254  -0.980912 -0.371793 -1.028717
19  1.789821 -0.000005 -0.000019  -0.004629 0.008705 -0.033206
20  1.207017 -0.000012 -0.000045  0.067975 0.222001 0.306306
21  5.740638 0.000410 -0.000702  -0.039430 0.000003 0.000070
22  11.481125 0.000339 -0.000718  -0.045380 0.075317 -0.158162
23  6.027524 -0.000332 0.000203  1.310677 -0.549221 1.750991
24  0.000003 11.692101 -0.000008  -0.364877 -0.057006 -0.306415
25  0.000003 0.000008 -0.000002  -0.256515 -0.000030 1.570739
26  -0.000000 -0.000012 -0.000001  0.868957 0.000002 1.570712
27  -6.830376 -2.649899 -6.986120  1.473120 1.855075 -0.198639
28  6.027518 -0.000263 -0.000223  1.240388 1.282344 -0.933131
29  11.691992 0.000243 0.000856  0.141442 0.000045 -1.439790
30  11.479203 -0.000875 0.000960  -0.648385 -0.216833 0.394924
31  3.859437 -0.132789 1.193061  0.466148 -0.051828 -1.783918
32  1.312557 0.000024 -0.000001  -0.013963 -0.041043 -0.156449
33  0.729344 0.000066 -0.000028  -0.128320 -0.117290 -0.954856
34  3.942047 0.050107 0.430997  0.211502 -0.107596 -1.469117
35  1.539095 0.000005 0.000000  0.040712 -0.054387 -1.030473
36  1.196301 0.000077 -0.000004  -0.249391 -0.043040 -0.795121
37  3.883412 -0.050503 -0.431087  0.186407 -0.271796 -1.212183
38  1.719563 -0.000083 -0.000003  0.020974 -0.107650 -1.483529
39  1.209196 0.000035 0.000011  -0.324719 0.069674 -0.493483
40  3.859586 -0.149113 -1.331323  -0.040757 -0.073789 -0.195091
41  1.719412 -0.000096 -0.000034  -0.007235 0.031761 -0.150715
42  1.099673 0.000026 0.000007  0.118501 -0.028866 -0.144987
43  0.805980 -0.359855 -1.318338  1.092013 0.374097 -1.154854
44  1.789779 -0.000007 -0.000044  -0.094498 0.095150 0.094297
45  1.206997 -0.000006 0.000005  -0.190009 0.275633 -0.038701
46  5.740571 0.000055 0.000724  0.221585 -0.000014 0.000021
47  11.480783 -0.000139 0.000942  0.192873 -0.025733 0.071027
48  6.027516 -0.000273 -0.000237  -1.419796 -0.246767 -1.490440
49  -0.000001 11.691975 -0.000006  -0.993627 0.442993 0.787301
50  0.000003 0.000001 0.000002  2.413975 -0.000041 1.570856
51  -0.000006 -0.000015 0.000004  2.272644 -0.000030 1.570865
52  -6.599813 -12.073486 -4.227190  -2.934372 -0.297320 -0.741691
53  -0.000001 0.000000 -0.000000  0.008153 -0.000259 0.000009
54  0.000001 -0.000002 -0.000000  1.565115 0.043565 -0.106862
55  -2.714247 -19.915163 -17.133415  -0.951304 -0.636318 -1.904526
56  -0.000001 0.000000 -0.000000  0.000000 -0.000000 -0.000002
57  0.000029 0.000031 0.000000  -1.571901 -0.044449 -0.106509
58  33.185574 1.676875 -41.957436  1.570796 -0.000000 0.000000
59  -14.001376 -9.351941 -12.931097  1.570796 -0.000000 0.000000
60  1.941978 -1.075505 -8.860325  1.570796 -0.000000 0.000000
61  -0.004311 0.001229 -0.000371  0.006898 -0.005534 -0.284229
62  -6.986126 3.823032 -6.249828  1.570796 -0.000000 0.000000
63  0.000000 0.000000 0.000000  -0.078727 -3.136056 0.284226
64  0.002335 0.000013 0.000035  1.541794 0.034561 0.037007
65  -1.326402 -15.544449 1.490463  1.379247 -0.211907 1.020381
66  0.000001 -2.923557 -1.408042  0.000000 0.000000 -0.000000
67  -0.000004 -0.601197 -2.062164  0.000000 0.000000 -0.000000
68  0.004380 -0.039406 6.613116  0.000000 0.000000 -0.000000
69  0.000002 -0.021786 -0.115848  0.000000 0.000000 -0.000000
70  0.000001 -3.304880 0.259168  0.000000 0.000000 -0.000000
71  2.878605 -18.042236 1.162713  1.379247 -0.211907 1.020381
72  0.057101 0.204433 -2.709598  0.000000 0.000000 -0.000000
73  0.111674 -0.283001 -2.709598  0.000000 0.000000 -0.000000
74  -0.128216 -0.750370 -2.709598  0.000000 0.000000 -0.000000
time 31
0  0 0 0  0 0 0
1  0.000006 0.000000 0.000000  -1.570800 -1.391899 -1.570792
2  -8.526393 2.634402 1.937664  -1.544956 -1.855077 -0.198630
3  6.027526 -0.000327 0.000193  -0.303964 -0.968933 -1.862153
4  11.692117 0.000645 -0.000740  -1.128489 0.000010 -0.485284
5  11.480551 0.000672 -0.000287  1.243548 0.183367 -0.756509
6  3.859508 -0.142880 -1.192050  -0.355845 0.071161 -1.717889
7  1.312591 0.000014 0.000008  0.001009 0.118634 -1.342342
8  0.729354 0.000053 0.000051  -0.354413 0.192185 -1.033754
9  3.942140 0.046272 -0.431512  -0.118608 0.030347 -1.596581
10  1.539113 0.000085 0.000005  0.010839 0.048095 -1.195681
11  1.196333 0.000144 0.000030  0.083612 0.101560 -1.052457
12  3.883505 -0.047269 0.431382  0.144811 0.104657 -0.532403
13  1.719573 -0.000028 0.000017  -0.000044 0.055089 -1.348529
14  1.209178 0.000091 0.000011  -0.061065 -0.064635 -1.162035
15  3.859663 -0.138476 1.332410  0.344468 -0.053989 -0.682073
16  1.719449 -0.000010 0.000023  0.002485 -0.019467 -0.976334
17  1.099674 0.000050 0.000004  0.087374 -0.027472 -0.249635
18  0.805994 -0.349051 1.321254  -0.980912 -0.371793 -1.028717
19  1.789821 -0.000005 -0.000019  -0.004629 0.008705 -0.033206
20  1.207017 -0.000012 -0.000045  0.067975 0.222001 0.306306
21  5.740636 0.000410 -0.000704  -0.038878 0.000003 0.000071
22  11.481124 0.000340 -0.000720  -0.044845 0.075586 -0.158024
23  6.027524 -0.000332 0.000203  1.310677 -0.549221 1.750991
24  0.000003 11.692101 -0.000008  -0.364877 -0.057006 -0.306415
25  0.000003 0.000008 -0.000002  -0.259453 -0.000030 1.570739
26  -0.000000 -0.000012 -0.000001  0.868957 0.000002 1.570712
27  -6.833332 -2.559072 -7.094813  1.473120 1.855075 -0.198639
28  6.027516 -0.000262 -0.000224  1.224528 1.284056 -0.933146
29  11.691993 0.000242 0.000854  0.141445 0.000041 -1.446563
30  11.480729 -0.000053 0.000842  -0.633599 -0.195838 0.398951
31  3.859437 -0.132787 1.193062  0.466148 -0.051828 -1.783918
32  1.312559 0.000024 -0.000001  -0.013963 -0.041043 -0.156449
33  0.729346 0.000066 -0.000028  -0.128320 -0.117290 -0.954856
34  3.942046 0.050110 0.430997  0.211502 -0.107596 -1.469117
35  1.539097 0.000005 0.000000  0.040712 -0.054387 -1.030473
36  1.196301 0.000076 -0.000004  -0.249391 -0.043040 -0.795121
37  3.883411 -0.050501 -0.431087  0.186407 -0.271795 -1.212183
38  1.719564 -0.000082 -0.000003  0.020974 -0.107650 -1.483529
39  1.209196 0.000034 0.000011  -0.324719 0.069674 -0.493483
40  3.859586 -0.149110 -1.331323  -0.040757 -0.073789 -0.195091
41  1.719413 -0.000096 -0.000034  -0.007235 0.031761 -0.150715
42  1.099673 0.000024 0.000007  0.118501 -0.028866 -0.144987
43  0.805979 -0.359852 -1.318338  1.091551 0.375878 -1.155876
44  1.789778 -0.000009 -0.000043  -0.094374 0.096667 0.096811
45  1.206997 -0.000006 0.000006  -0.195062 0.283044 -0.047624
46  5.740571 0.000055 0.000725  0.226543 -0.000014 0.000021
47  11.481091 0.000025 0.000918  0.195080 -0.020713 0.070333
48  6.027514 -0.000273 -0.000237  -1.424676 -0.247654 -1.474053
49  -0.000001 11.691975 -0.000008  -0.997671 0.446662 0.789932
50  0.000003 -0.000001 0.000001  2.413975 -0.000041 1.570856
51  -0.000007 -0.000015 0.000003  2.272644 -0.000030 1.570865
52  -6.547649 -12.055573 -4.297839  -2.927141 -0.301802 -0.746784
53  0.000000 0.000001 0.000000  0.008153 -0.000259 0.000009
54  0.000000 0.000001 0.000000  1.565115 0.043565 -0.106862
55  -2.714247 -19.915163 -17.133415  -0.951304 -0.636318 -1.904526
56  -0.000001 0.000000 -0.000000  0.000000 -0.000000 -0.000002
57  0.000029 0.000031 0.000000  -1.571901 -0.044449 -0.106509
58  33.185574 1.676875 -41.957436  1.570796 -0.000000 0.000000
59  -13.981668 -9.537707 -12.795999  1.570796 -0.000000 0.000000
60  1.941978 -1.075505 -8.860325  1.570796 -0.000000 0.000000
61  -0.004311 0.001229 -0.000371  0.006898 -0.005534 -0.284229
62  -7.094820 3.734180 -6.268899  1.570796 -0.000000 0.000000
63  0.000000 0.000000 0.000000  -0.078727 -3.136056 0.284226
64  0.002321 0.000013 0.000035  1.542541 0.034247 0.034447
65  -1.330299 -15.553792 1.454528  1.373389 -0.217828 1.018671
66  0.000001 -2.923558 -1.408042  0.000000 0.000000 -0.000000
67  -0.000004 -0.601198 -2.062164  0.000000 0.000000 -0.000000
68  0.004381 -0.039407 6.613115  0.000000 0.000000 -0.000000
69  0.000002 -0.021787 -0.115848  0.000000 0.000000 -0.000000
70  0.000000 -3.304881 0.259169  0.000000 0.000000 -0.000000
71  2.869801 -18.063374 1.155180  1.373389 -0.217828 1.018671
72  0.057099 0.204433 -2.709596  0.000000 0.000000 -0.000000
73  0.111670 -0.283001 -2.709596  0.000000 0.000000 -0.000000
74  -0.128220 -0.750370 -2.709595  0.000000 0.000000 -0.000000
time 32
0  0 0 0  0 0 0
1  0.000006 0.000000 0.000000  -1.570800 -1.391899 -1.570792
2  -8.526393 2.634402 1.937664  -1.544956 -1.855077 -0.198630
3  6.027526 -0.000327 0.000193  -0.303964 -0.968933 -1.862153
4  11.692117 0.000645 -0.000740  -1.131506 0.000010 -0.485284
5  11.480551 0.000672 -0.000285  1.245780 0.185437 -0.756100
6  3.859508 -0.142880 -1.192050  -0.355845 0.071161 -1.717889
7  1.312591 0.000014 0.000008  0.001009 0.118634 -1.342342
8  0.729354 0.000053 0.000051  -0.354413 0.192185 -1.033754
9  3.942140 0.046272 -0.431512  -0.118608 0.030347 -1.596581
10  1.539113 0.000085 0.000005  0.010839 0.048095 -1.195681
11  1.196333 0.000144 0.000030  0.083612 0.101560 -1.052457
12  3.883505 -0.047269 0.431382  0.144811 0.104657 -0.532403
13  1.719573 -0.000028 0.000017  -0.000044 0.055089 -1.348529
14  1.209178 0.000091 0.000011  -0.061065 -0.064635 -1.162035
15  3.859663 -0.138476 1.332410  0.344468 -0.053989 -0.682073
16  1.719449 -0.000010 0.000023  0.002485 -0.019467 -0.976334
17  1.099674 0.000050 0.000004  0.087374 -0.027472 -0.249635
18  0.805994 -0.349051 1.321254  -0.980912 -0.371793 -1.028717
19  1.789821 -0.000005 -0.000019  -0.004629 0.008705 -0.033206
20  1.207017 -0.000012 -0.000045  0.067975 0.222001 0.306306
21  5.740636 0.000410 -0.000703  -0.038311 0.000003 0.000071
22  11.481123 0.000342 -0.000717  -0.044295 0.075862 -0.157881
23  6.027524 -0.000332 0.000203  1.310677 -0.549221 1.750991
24  0.000003 11.692101 -0.000008  -0.364877 -0.057006 -0.306415
25  0.000003 0.000008 -0.000002  -0.262470 -0.000030 1.570739
26  -0.000000 -0.000012 -0.000001  0.868957 0.000002 1.570712
27  -6.835436 -2.494384 -7.172228  1.473120 1.855075 -0.198639
28  6.027515 -0.000262 -0.000223  1.212696 1.284681 -0.931351
29  11.691993 0.000242 0.000855  0.141445 0.000041 -1.451329
30  11.480686 -0.000077 0.000846  -0.620198 -0.178039 0.400978
31  3.859436 -0.132788 1.193062  0.466148 -0.051828 -1.783918
32  1.312559 0.000024 -0.000001  -0.013963 -0.041043 -0.156449
33  0.729346 0.000066 -0.000028  -0.128320 -0.117290 -0.954856
34  3.942046 0.050109 0.430997  0.211502 -0.107596 -1.469117
35  1.539097 0.000005 0.000001  0.040712 -0.054387 -1.030473
36  1.196299 0.000077 -0.000004  -0.249391 -0.043040 -0.795121
37  3.883411 -0.050502 -0.431087  0.186407 -0.271795 -1.212183
38  1.719564 -0.000080 -0.000003  0.020974 -0.107650 -1.483529
39  1.209196 0.000035 0.000012  -0.324719 0.069674 -0.493483
40  3.859584 -0.149112 -1.331323  -0.040757 -0.073789 -0.195091
41  1.719413 -0.000096 -0.000034  -0.007235 0.031761 -0.150715
42  1.099674 0.000026 0.000007  0.118501 -0.028866 -0.144987
43  0.805978 -0.359854 -1.318338  1.091156 0.377401 -1.156746
44  1.789780 -0.000007 -0.000041  -0.094225 0.097987 0.099429
45  1.206997 -0.000005 0.000004  -0.199610 0.289782 -0.055480
46  5.740572 0.000054 0.000724  0.230357 -0.000014 0.000021
47  11.481081 0.000019 0.000918  0.197075 -0.016530 0.069432
48  6.027514 -0.000272 -0.000237  -1.427971 -0.248821 -1.460098
49  -0.000003 11.691975 -0.000006  -1.000511 0.449249 0.791779
50  0.000002 0.000000 -0.000001  2.413975 -0.000041 1.570856
51  -0.000007 -0.000016 0.000004  2.272644 -0.000030 1.570865
52  -6.502337 -12.042995 -4.374287  -2.919998 -0.305482 -0.751548
53  0.000000 0.000001 0.000000  0.008153 -0.000259 0.000009
54  -0.000000 -0.000000 0.000001  1.565115 0.043565 -0.106862
55  -2.714247 -19.915163 -17.133415  -0.951304 -0.636318 -1.904526
56  -0.000001 0.000000 -0.000000  0.000000 -0.000000 -0.000002
57  0.000029 0.000031 0.000000  -1.571901 -0.044449 -0.106509
58  33.185574 1.676875 -41.957436  1.570796 -0.000000 0.000000
59  -13.967632 -9.670011 -12.699779  1.570796 -0.000000 0.000000
60  1.941978 -1.075505 -8.860325  1.570796 -0.000000 0.000000
61  -0.004311 0.001229 -0.000371  0.006898 -0.005534 -0.284229
62  -7.172235 3.670899 -6.282481  1.570796 -0.000000 0.000000
63  0.000000 0.000000 0.000000  -0.078727 -3.136056 0.284226
64  0.002280 0.000013 0.000034  1.544695 0.033382 0.029128
65  -1.336530 -15.569196 1.407440  1.368327 -0.223797 1.017151
66  0.000001 -2.923558 -1.408042  0.000000 0.000000 0.000000
67  -0.000003 -0.601198 -2.062164  0.000000 0.000000 0.000000
68  0.004380 -0.039407 6.613116  0.000000 0.000000 0.000000
69  0.000003 -0.021787 -0.115849  0.000000 0.000000 0.000000
70  0.000001 -3.304881 0.259169  0.000000 0.000000 0.000000
71  2.859067 -18.089100 1.132640  1.368327 -0.223797 1.017151
72  0.057100 0.204433 -2.709597  0.000000 0.000000 0.000000
73  0.111671 -0.283001 -2.709597  0.000000 0.000000 0.000000
74  -0.128219 -0.750370 -2.709596  0.000000 0.000000 0.000000
time 33
0  0 0 0  0 0 0
1  0.000006 0.000000 0.000000  -1.570800 -1.391899 -1.570792
2  -8.526393 2.634402 1.937664  -1.544956 -1.855077 -0.198630
3  6.027526 -0.000327 0.000193  -0.303964 -0.968933 -1.862153
4  11.692117 0.000645 -0.000740  -1.134600 0.000010 -0.485284
5  11.480551 0.000674 -0.000283  1.248071 0.187560 -0.755675
6  3.859508 -0.142880 -1.192050  -0.355845 0.071161 -1.717889
7  1.312591 0.000014 0.000008  0.001009 0.118634 -1.342342
8  0.729354 0.000053 0.000051  -0.354413 0.192185 -1.033754
9  3.942140 0.046272 -0.431512  -0.118608 0.030347 -1.596581
10  1.539113 0.000085 0.000005  0.010839 0.048095 -1.195681
11  1.196333 0.000144 0.000030  0.083612 0.101560 -1.052457
12  3.883505 -0.047269 0.431382  0.144811 0.104657 -0.532403
13  1.719573 -0.000028 0.000017  -0.000044 0.055089 -1.348529
14  1.209178 0.000091 0.000011  -0.061065 -0.064635 -1.162035
15  3.859663 -0.138476 1.332410  0.344468 -0.053989 -0.682073
16  1.719449 -0.000010 0.000023  0.002485 -0.019467 -0.976334
17  1.099674 0.000050 0.000004  0.087374 -0.027472 -0.249635
18  0.805994 -0.349051 1.321254  -0.980912 -0.371793 -1.028717
19  1.789821 -0.000005 -0.000019  -0.004629 0.008705 -0.033206
20  1.207017 -0.000012 -0.000045  0.067975 0.222001 0.306306
21  5.740637 0.000411 -0.000703  -0.037730 0.000003 0.000071
22  11.481126 0.000341 -0.000717  -0.043731 0.076145 -0.157735
23  6.027524 -0.000332 0.000203  1.310677 -0.549221 1.750991
24  0.000003 11.692101 -0.000008  -0.364877 -0.057006 -0.306415
25  0.000003 0.000008 -0.000002  -0.265564 -0.000030 1.570739
26  -0.000000 -0.000012 -0.000001  0.868957 0.000002 1.570712
27  -6.836695 -2.455752 -7.218460  1.473120 1.855075 -0.198639
28  6.027517 -0.000262 -0.000224  1.204815 1.284954 -0.929579
29  11.691993 0.000242 0.000854  0.141444 0.000044 -1.453416
30  11.480669 -0.000090 0.000849  -0.609676 -0.165110 0.401171
31  3.859436 -0.132787 1.193062  0.466148 -0.051828 -1.783918
32  1.312558 0.000024 -0.000001  -0.013963 -0.041043 -0.156449
33  0.729345 0.000066 -0.000027  -0.128320 -0.117290 -0.954856
34  3.942047 0.050109 0.430997  0.211502 -0.107596 -1.469117
35  1.539096 0.000006 0.000000  0.040712 -0.054387 -1.030473
36  1.196300 0.000076 -0.000004  -0.249391 -0.043040 -0.795121
37  3.883412 -0.050502 -0.431087  0.186407 -0.271796 -1.212183
38  1.719564 -0.000082 -0.000003  0.020974 -0.107650 -1.483529
39  1.209196 0.000034 0.000011  -0.324719 0.069674 -0.493483
40  3.859585 -0.149111 -1.331323  -0.040757 -0.073789 -0.195091
41  1.719411 -0.000099 -0.000034  -0.007235 0.031761 -0.150715
42  1.099673 0.000026 0.000007  0.118501 -0.028866 -0.144987
43  0.805979 -0.359853 -1.318338  1.090827 0.378677 -1.157471
44  1.789778 -0.000008 -0.000042  -0.094057 0.099114 0.102088
45  1.206996 -0.000005 0.000005  -0.203636 0.295838 -0.062286
46  5.740573 0.000055 0.000724  0.232870 -0.000014 0.000021
47  11.481077 0.000018 0.000919  0.198652 -0.013560 0.068501
48  6.027516 -0.000273 -0.000238  -1.430098 -0.249698 -1.450240
49  -0.000001 11.691976 -0.000005  -1.001751 0.450384 0.792588
50  0.000002 -0.000001 0.000002  2.413975 -0.000041 1.570856
51  -0.000006 -0.000016 0.000006  2.272644 -0.000030 1.570865
52  -6.467475 -12.041613 -4.436117  -2.913653 -0.308367 -0.755456
53  -0.000000 0.000001 -0.000000  0.008153 -0.000259 0.000009
54  0.000000 0.000001 0.000000  1.565115 0.043565 -0.106862
55  -2.714247 -19.915163 -17.133415  -0.951304 -0.636318 -1.904526
56  -0.000001 0.000000 -0.000000  0.000000 -0.000000 -0.000002
57  0.000029 0.000031 0.000000  -1.571901 -0.044449 -0.106509
58  33.185574 1.676875 -41.957436  1.570796 -0.000000 0.000000
59  -13.959249 -9.749022 -12.642316  1.570796 -0.000000 0.000000
60  1.941978 -1.075505 -8.860325  1.570796 -0.000000 0.000000
61  -0.004311 0.001229 -0.000371  0.006898 -0.005534 -0.284229
62  -7.218466 3.633108 -6.290593  1.570796 -0.000000 0.000000
63  0.000000 0.000000 0.000000  -0.078727 -3.136056 0.284226
64  0.002216 0.000012 0.000033  1.548066 0.032039 0.021269
65  -1.344877 -15.592175 1.369098  1.364196 -0.229154 1.016088
66  0.000001 -2.923558 -1.408042  0.000000 -0.000000 -0.000000
67  -0.000004 -0.601198 -2.062164  0.000000 -0.000000 -0.000000
68  0.004383 -0.039407 6.613114  0.000000 -0.000000 -0.000000
69  0.000002 -0.021787 -0.115849  0.000000 -0.000000 -0.000000
70  0.000001 -3.304881 0.259168  0.000000 -0.000000 -0.000000
71  2.847349 -18.119780 1.114326  1.364196 -0.229154 1.016088
72  0.057098 0.204433 -2.709596  0.000000 -0.000000 -0.000000
73  0.111672 -0.283001 -2.709596  0.000000 -0.000000 -0.000000
74  -0.128219 -0.750370 -2.709596  0.000000 -0.000000 -0.000000
time 34
0  0 0 0  0 0 0
1  0.000006 0.000000 0.000000  -1.570800 -1.391899 -1.570792
2  -8.526393 2.634402 1.937664  -1.544956 -1.855077 -0.198630
3  6.027526 -0.000327 0.000193  -0.303964 -0.968933 -1.862153
4  11.692117 0.000645 -0.000740  -1.137768 0.000010 -0.485284
5  11.480551 0.000675 -0.000282  1.250419 0.189732 -0.755235
6  3.859508 -0.142880 -1.192050  -0.355845 0.071161 -1.717889
7  1.312591 0.000014 0.000008  0.001009 0.118634 -1.342342
8  0.729354 0.000053 0.000051  -0.354413 0.192185 -1.033754
9  3.942140 0.046272 -0.431512  -0.118608 0.030347 -1.596581
10  1.539113 0.000085 0.000005  0.010839 0.048095 -1.195681
11  1.196333 0.000144 0.000030  0.083612 0.101560 -1.052457
12  3.883505 -0.047269 0.431382  0.144811 0.104657 -0.532403
13  1.719573 -0.000028 0.000017  -0.000044 0.055089 -1.348529
14  1.209178 0.000091 0.000011  -0.061065 -0.064635 -1.162035
15  3.859663 -0.138476 1.332410  0.344468 -0.053989 -0.682073
16  1.719449 -0.000010 0.000023  0.002485 -0.019467 -0.976334
17  1.099674 0.000050 0.000004  0.087374 -0.027472 -0.249635
18  0.805994 -0.349051 1.321254  -0.980912 -0.371793 -1.028717
19  1.789821 -0.000005 -0.000019  -0.004629 0.008705 -0.033206
20  1.207017 -0.000012 -0.000045  0.067975 0.222001 0.306306
21  5.740636 0.000411 -0.000705  -0.037135 0.000003 0.000070
22  11.481125 0.000342 -0.000717  -0.043153 0.076435 -0.157585
23  6.027524 -0.000332 0.000203  1.310677 -0.549221 1.750991
24  0.000003 11.692101 -0.000008  -0.364877 -0.057006 -0.306415
25  0.000003 0.000008 -0.000002  -0.268733 -0.000030 1.570739
26  -0.000000 -0.000012 -0.000001  0.868957 0.000002 1.570712
27  -6.837111 -2.442946 -7.233785  1.473120 1.855075 -0.198639
28  6.027514 -0.000263 -0.000224  1.200947 1.284610 -0.928215
29  11.691992 0.000244 0.000857  0.141442 0.000046 -1.452605
30  11.480675 -0.000083 0.000846  -0.603068 -0.157671 0.398961
31  3.859435 -0.132788 1.193062  0.466148 -0.051828 -1.783918
32  1.312558 0.000025 -0.000001  -0.013963 -0.041043 -0.156449
33  0.729346 0.000066 -0.000027  -0.128320 -0.117290 -0.954856
34  3.942045 0.050109 0.430997  0.211502 -0.107596 -1.469117
35  1.539094 0.000006 0.000000  0.040712 -0.054387 -1.030473
36  1.196300 0.000076 -0.000004  -0.249391 -0.043040 -0.795121
37  3.883411 -0.050502 -0.431087  0.186407 -0.271796 -1.212183
38  1.719563 -0.000083 -0.000003  0.020974 -0.107650 -1.483529
39  1.209198 0.000036 0.000011  -0.324719 0.069674 -0.493483
40  3.859584 -0.149112 -1.331323  -0.040757 -0.073789 -0.195091
41  1.719413 -0.000097 -0.000034  -0.007235 0.031761 -0.150715
42  1.099673 0.000025 0.000007  0.118501 -0.028866 -0.144987
43  0.805978 -0.359853 -1.318338  1.090558 0.379721 -1.158059
44  1.789779 -0.000007 -0.000043  -0.093878 0.100058 0.104725
45  1.206995 -0.000006 0.000005  -0.207140 0.301210 -0.068075
46  5.740572 0.000056 0.000724  0.233858 -0.000014 0.000021
47  11.481080 0.000020 0.000918  0.199640 -0.012015 0.067508
48  6.027513 -0.000274 -0.000237  -1.430900 -0.250538 -1.444967
49  -0.000001 11.691975 -0.000008  -1.001266 0.449943 0.792277
50  0.000004 0.000000 0.000000  2.413975 -0.000041 1.570856
51  -0.000006 -0.000015 0.000003  2.272644 -0.000030 1.570865
52  -6.446611 -12.056159 -4.484350  -2.908900 -0.310387 -0.758167
53  -0.000001 0.000000 0.000000  0.008153 -0.000259 0.000009
54  -0.000000 0.000000 0.000000  1.565115 0.043565 -0.106862
55  -2.714247 -19.915163 -17.133415  -0.951304 -0.636318 -1.904526
56  -0.000001 0.000000 -0.000000  0.000000 -0.000000 -0.000002
57  0.000029 0.000031 0.000000  -1.571901 -0.044449 -0.106509
58  33.185574 1.676875 -41.957436  1.570796 -0.000000 0.000000
59  -13.956470 -9.775214 -12.623269  1.570796 -0.000000 0.000000
60  1.941978 -1.075505 -8.860325  1.570796 -0.000000 0.000000
61  -0.004311 0.001229 -0.000371  0.006898 -0.005534 -0.284229
62  -7.233792 3.620581 -6.293282  1.570796 -0.000000 0.000000
63  0.000000 0.000000 0.000000  -0.078727 -3.136056 0.284226
64  0.002131 0.000012 0.000032  1.552468 0.030297 0.011087
65  -1.355124 -15.624245 1.337462  1.361231 -0.233184 1.015503
66  0.000003 -2.923558 -1.408042  0.000000 0.000000 0.000000
67  -0.000002 -0.601197 -2.062164  0.000000 0.000000 0.000000
68  0.004380 -0.039407 6.613117  0.000000 0.000000 0.000000
69  0.000003 -0.021786 -0.115848  0.000000 0.000000 0.000000
70  0.000003 -3.304880 0.259169  0.000000 0.000000 0.000000
71  2.835037 -18.156677 1.097057  1.361231 -0.233184 1.015503
72  0.057101 0.204433 -2.709597  0.000000 0.000000 0.000000
73  0.111673 -0.283001 -2.709597  0.000000 0.000000 0.000000
74  -0.128217 -0.750370 -2.709597  0.000000 0.000000 0.000000
time 35
0  0 0 0  0 0 0
1  0.000006 0.000000 0.000000  -1.570800 -1.391899 -1.570792
2  -8.526393 2.634402 1.937664  -1.544956 -1.855077 -0.198630
3  6.027526 -0.000327 0.000193  -0.303964 -0.968933 -1.862153
4  11.692117 0.000645 -0.000740  -1.141010 0.000010 -0.485284
5  11.480551 0.000675 -0.000276  1.252824 0.191954 -0.754779
6  3.859508 -0.142880 -1.192050  -0.355845 0.071161 -1.717889
7  1.312591 0.000014 0.000008  0.001009 0.118634 -1.342342
8  0.729354 0.000053 0.000051  -0.354413 0.192185 -1.033754
9  3.942140 0.046272 -0.431512  -0.118608 0.030347 -1.596581
10  1.539113 0.000085 0.000005  0.010839 0.048095 -1.195681
11  1.196333 0.000144 0.000030  0.083612 0.101560 -1.052457
12  3.883505 -0.047269 0.431382  0.144811 0.104657 -0.532403
13  1.719573 -0.000028 0.000017  -0.000044 0.055089 -1.348529
14  1.209178 0.000091 0.000011  -0.061065 -0.064635 -1.162035
15  3.859663 -0.138476 1.332410  0.344468 -0.053989 -0.682073
16  1.719449 -0.000010 0.000023  0.002485 -0.019467 -0.976334
17  1.099674 0.000050 0.000004  0.087374 -0.027472 -0.249635
18  0.805994 -0.349051 1.321254  -0.980912 -0.371793 -1.028717
19  1.789821 -0.000005 -0.000019  -0.004629 0.008705 -0.033206
20  1.207017 -0.000012 -0.000045  0.067975 0.222001 0.306306
21  5.740636 0.000410 -0.000703  -0.036526 0.000003 0.000071
22  11.481125 0.000341 -0.000716  -0.042562 0.076731 -0.157430
23  6.027524 -0.000332 0.000203  1.310677 -0.549221 1.750991
24  0.000003 11.692101 -0.000008  -0.364877 -0.057006 -0.306415
25  0.000003 0.000008 -0.000002  -0.271974 -0.000030 1.570739
26  -0.000000 -0.000012 -0.000001  0.868957 0.000002 1.570712
27  -6.837111 -2.442946 -7.233785  1.473120 1.855075 -0.198639
28  6.027514 -0.000263 -0.000224  1.199981 1.284125 -0.927479
29  11.691991 0.000243 0.000857  0.141442 0.000045 -1.449217
30  11.480705 -0.000065 0.000844  -0.600437 -0.155204 0.394680
31  3.859436 -0.132788 1.193061  0.466148 -0.051828 -1.783918
32  1.312558 0.000025 -0.000001  -0.013963 -0.041043 -0.156449
33  0.729345 0.000066 -0.000027  -0.128320 -0.117290 -0.954856
34  3.942047 0.050109 0.430997  0.211502 -0.107596 -1.469117
35  1.539095 0.000005 0.000001  0.040712 -0.054387 -1.030473
36  1.196299 0.000076 -0.000004  -0.249391 -0.043040 -0.795121
37  3.883411 -0.050502 -0.431087  0.186407 -0.271796 -1.212183
38  1.719563 -0.000080 -0.000004  0.020974 -0.107650 -1.483529
39  1.209196 0.000035 0.000011  -0.324719 0.069674 -0.493483
40  3.859585 -0.149111 -1.331323  -0.040757 -0.073789 -0.195091
41  1.719412 -0.000097 -0.000034  -0.007235 0.031761 -0.150715
42  1.099673 0.000026 0.000007  0.118501 -0.028866 -0.144987
43  0.805980 -0.359853 -1.318338  1.090346 0.380554 -1.158525
44  1.789780 -0.000008 -0.000042  -0.093693 0.100833 0.107279
45  1.206996 -0.000006 0.000004  -0.210133 0.305908 -0.072904
46  5.740573 0.000055 0.000725  0.233476 -0.000014 0.000021
47  11.481086 0.000022 0.000918  0.200017 -0.011770 0.066495
48  6.027513 -0.000274 -0.000237  -1.430898 -0.251095 -1.443304
49  -0.000001 11.691975 -0.000008  -0.999248 0.448102 0.790966
50  0.000001 0.000000 -0.000000  2.413975 -0.000041 1.570856
51  -0.000007 -0.000015 0.000004  2.272644 -0.000030 1.570865
52  -6.443425 -12.091465 -4.519331  -2.906555 -0.311469 -0.759330
53  -0.000000 0.000000 -0.000000  0.008153 -0.000259 0.000009
54  0.000001 0.000000 0.000000  1.565115 0.043565 -0.106862
55  -2.714247 -19.915163 -17.133415  -0.951304 -0.636318 -1.904526
56  -0.000001 0.000000 -0.000000  0.000000 -0.000000 -0.000002
57  0.000029 0.000031 0.000000  -1.571901 -0.044449 -0.106509
58  33.185574 1.676875 -41.957436  1.570796 -0.000000 0.000000
59  -13.956470 -9.775214 -12.623269  1.570796 -0.000000 0.000000
60  1.941978 -1.075505 -8.860325  1.570796 -0.000000 0.000000
61  -0.004311 0.001229 -0.000371  0.006898 -0.005534 -0.284229
62  -7.233792 3.620581 -6.293282  1.570796 -0.000000 0.000000
63  0.000000 0.000000 0.000000  -0.078727 -3.136056 0.284226
64  0.002028 0.000011 0.000030  1.557716 0.028235 -0.001203
65  -1.367054 -15.666921 1.311156  1.359678 -0.235152 1.015418
66  0.000001 -2.923557 -1.408041  -0.000000 0.000000 0.000000
67  -0.000003 -0.601197 -2.062163  -0.000000 0.000000 0.000000
68  0.004381 -0.039406 6.613117  -0.000000 0.000000 0.000000
69  0.000002 -0.021786 -0.115848  -0.000000 0.000000 0.000000
70  0.000002 -3.304880 0.259169  -0.000000 0.000000 0.000000
71  2.822525 -18.201014 1.078258  1.359678 -0.235152 1.015418
72  0.057103 0.204433 -2.709597  -0.000000 0.000000 0.000000
73  0.111675 -0.283002 -2.709597  -0.000000 0.000000 0.000000
74  -0.128215 -0.750370 -2.709597  -0.000000 0.000000 0.000000
time 36
0  0 0 0  0 0 0
1  0.000006 0.000000 0.000000  -1.570800 -1.391899 -1.570792
2  -8.526393 2.634402 1.937664  -1.544956 -1.855077 -0.198630
3  6.027526 -0.000327 0.000193  -0.303964 -0.968933 -1.862153
4  11.692117 0.000645 -0.000740  -1.144322 0.000010 -0.485284
5  11.480552 0.000677 -0.000273  1.255283 0.194222 -0.754307
6  3.859508 -0.142880 -1.192050  -0.355845 0.071161 -1.717889
7  1.312591 0.000014 0.000008  0.001009 0.118634 -1.342342
8  0.729354 0.000053 0.000051  -0.354413 0.192185 -1.033754
9  3.942140 0.046272 -0.431512  -0.118608 0.030347 -1.596581
10  1.539113 0.000085 0.000005  0.010839 0.048095 -1.195681
11  1.196333 0.000144 0.000030  0.083612 0.101560 -1.052457
12  3.883505 -0.047269 0.431382  0.144811 0.104657 -0.532403
13  1.719573 -0.000028 0.000017  -0.000044 0.055089 -1.348529
14  1.209178 0.000091 0.000011  -0.061065 -0.064635 -1.162035
15  3.859663 -0.138476 1.332410  0.344468 -0.053989 -0.682073
16  1.719449 -0.000010 0.000023  0.002485 -0.019467 -0.976334
17  1.099674 0.000050 0.000004  0.087374 -0.027472 -0.249635
18  0.805994 -0.349051 1.321254  -0.980912 -0.371793 -1.028717
19  1.789821 -0.000005 -0.000019  -0.004629 0.008705 -0.033206
20  1.207017 -0.000012 -0.000045  0.067975 0.222001 0.306306
21  5.740637 0.000410 -0.000701  -0.035904 0.000003 0.000071
22  11.481125 0.000344 -0.000713  -0.041958 0.077032 -0.157272
23  6.027524 -0.000332 0.000203  1.310677 -0.549221 1.750991
24  0.000003 11.692101 -0.000008  -0.364877 -0.057006 -0.306415
25  0.000003 0.000008 -0.000002  -0.275286 -0.000030 1.570739
26  -0.000000 -0.000012 -0.000001  0.868957 0.000002 1.570712
27  -6.837111 -2.442946 -7.233785  1.473120 1.855075 -0.198639
28  6.027514 -0.000263 -0.000224  1.199805 1.284269 -0.927676
29  11.691991 0.000244 0.000856  0.141442 0.000045 -1.443460
30  11.479042 -0.000971 0.000974  -0.599775 -0.155761 0.388560
31  3.859436 -0.132786 1.193062  0.466148 -0.051828 -1.783917
32  1.312559 0.000024 -0.000001  -0.013963 -0.041043 -0.156449
33  0.729345 0.000066 -0.000027  -0.128320 -0.117290 -0.954856
34  3.942047 0.050110 0.430997  0.211502 -0.107596 -1.469117
35  1.539095 0.000003 0.000000  0.040712 -0.054387 -1.030473
36  1.196299 0.000077 -0.000004  -0.249391 -0.043040 -0.795121
37  3.883412 -0.050501 -0.431087  0.186407 -0.271795 -1.212183
38  1.719564 -0.000082 -0.000003  0.020974 -0.107650 -1.483529
39  1.209198 0.000035 0.000011  -0.324719 0.069674 -0.493483
40  3.859585 -0.149111 -1.331324  -0.040757 -0.073789 -0.195091
41  1.719413 -0.000097 -0.000034  -0.007235 0.031761 -0.150715
42  1.099674 0.000026 0.000007  0.118501 -0.028866 -0.144987
43  0.805979 -0.359853 -1.318338  1.090183 0.381200 -1.158881
44  1.789779 -0.000007 -0.000042  -0.093510 0.101454 0.109693
45  1.206996 -0.000006 0.000006  -0.212637 0.309951 -0.076847
46  5.740571 0.000056 0.000725  0.232271 -0.000014 0.000021
47  11.480751 -0.000158 0.000944  0.200105 -0.012340 0.065362
48  6.027513 -0.000274 -0.000237  -1.431016 -0.250994 -1.443303
49  -0.000000 11.691975 -0.000006  -0.995816 0.444980 0.788731
50  0.000002 -0.000003 0.000000  2.413975 -0.000041 1.570856
51  -0.000006 -0.000015 0.000006  2.272644 -0.000030 1.570865
52  -6.453232 -12.148100 -4.545545  -2.905766 -0.312051 -0.759045
53  -0.000000 -0.000001 0.000000  0.008153 -0.000259 0.000009
54  0.000000 0.000001 -0.000000  1.565115 0.043565 -0.106862
55  -2.714247 -19.915163 -17.133415  -0.951304 -0.636318 -1.904526
56  -0.000001 0.000000 -0.000000  0.000000 -0.000000 -0.000002
57  0.000029 0.000031 0.000000  -1.571901 -0.044449 -0.106509
58  33.185574 1.676875 -41.957436  1.570796 -0.000000 0.000000
59  -13.956470 -9.775214 -12.623269  1.570796 -0.000000 0.000000
60  1.941978 -1.075505 -8.860325  1.570796 -0.000000 0.000000
61  -0.004311 0.001229 -0.000371  0.006898 -0.005534 -0.284229
62  -7.233792 3.620581 -6.293282  1.570796 -0.000000 0.000000
63  0.000000 0.000000 0.000000  -0.078727 -3.136056 0.284226
64  0.001908 0.000011 0.000029  1.563625 0.025935 -0.015385
65  -1.380450 -15.721717 1.289192  1.358935 -0.235769 1.016119
66  0.000001 -2.923558 -1.408042  0.000000 -0.000000 -0.000000
67  -0.000003 -0.601197 -2.062166  0.000000 -0.000000 -0.000000
68  0.004381 -0.039407 6.613114  0.000000 -0.000000 -0.000000
69  0.000003 -0.021787 -0.115849  0.000000 -0.000000 -0.000000
70  0.000000 -3.304880 0.259168  0.000000 -0.000000 -0.000000
71  2.810683 -18.253567 1.059865  1.358935 -0.235769 1.016119
72  0.057097 0.204433 -2.709596  0.000000 -0.000000 -0.000000
73  0.111671 -0.283001 -2.709596  0.000000 -0.000000 -0.000000
74  -0.128218 -0.750370 -2.709597  0.000000 -0.000000 -0.000000
time 37
0  0 0 0  0 0 0
1  0.000006 0.000000 0.000000  -1.570800 -1.391899 -1.570792
2  -8.526393 2.634402 1.937664  -1.544956 -1.855077 -0.198630
3  6.027526 -0.000327 0.000193  -0.303964 -0.968933 -1.862153
4  11.692117 0.000645 -0.000740  -1.147702 0.000010 -0.485284
5  11.480552 0.000676 -0.000273  1.257794 0.196536 -0.753819
6  3.859508 -0.142880 -1.192050  -0.355845 0.071161 -1.717889
7  1.312591 0.000014 0.000008  0.001009 0.118634 -1.342342
8  0.729354 0.000053 0.000051  -0.354413 0.192185 -1.033754
9  3.942140 0.046272 -0.431512  -0.118608 0.030347 -1.596581
10  1.539113 0.000085 0.000005  0.010839 0.048095 -1.195681
11  1.196333 0.000144 0.000030  0.083612 0.101560 -1.052457
12  3.883505 -0.047269 0.431382  0.144811 0.104657 -0.532403
13  1.719573 -0.000028 0.000017  -0.000044 0.055089 -1.348529
14  1.209178 0.000091 0.000011  -0.061065 -0.064635 -1.162035
15  3.859663 -0.138476 1.332410  0.344468 -0.053989 -0.682073
16  1.719449 -0.000010 0.000023  0.002485 -0.019467 -0.976334
17  1.099674 0.000050 0.000004  0.087374 -0.027472 -0.249635
18  0.805994 -0.349051 1.321254  -0.980912 -0.371793 -1.028717
19  1.789821 -0.000005 -0.000019  -0.004629 0.008705 -0.033206
20  1.207017 -0.000012 -0.000045  0.067975 0.222001 0.306306
21  5.740638 0.000410 -0.000703  -0.035269 0.000003 0.000071
22  11.481124 0.000341 -0.000716  -0.041342 0.077341 -0.157110
23  6.027524 -0.000332 0.000203  1.310677 -0.549221 1.750991
24  0.000003 11.692101 -0.000008  -0.364877 -0.057006 -0.306415
25  0.000003 0.000008 -0.000002  -0.278666 -0.000030 1.570739
26  -0.000000 -0.000012 -0.000001  0.868957 0.000002 1.570712
27  -6.837111 -2.442946 -7.233785  1.473120 1.855075 -0.198639
28  6.027514 -0.000263 -0.000224  1.200554 1.285316 -0.929204
29  11.691992 0.000242 0.000857  0.141441 0.000044 -1.434877
30  11.479422 -0.000740 0.000940  -0.599635 -0.160720 0.381727
31  3.859436 -0.132788 1.193062  0.466148 -0.051828 -1.783917
32  1.312557 0.000025 -0.000001  -0.013963 -0.041043 -0.156449
33  0.729345 0.000066 -0.000028  -0.128320 -0.117290 -0.954856
34  3.942047 0.050109 0.430997  0.211502 -0.107596 -1.469117
35  1.539095 0.000006 0.000000  0.040712 -0.054387 -1.030473
36  1.196299 0.000076 -0.000004  -0.249391 -0.043040 -0.795121
37  3.883411 -0.050502 -0.431087  0.186407 -0.271796 -1.212183
38  1.719564 -0.000082 -0.000003  0.020974 -0.107650 -1.483529
39  1.209196 0.000035 0.000011  -0.324719 0.069674 -0.493483
40  3.859585 -0.149113 -1.331323  -0.040757 -0.073789 -0.195091
41  1.719412 -0.000098 -0.000034  -0.007235 0.031761 -0.150715
42  1.099674 0.000026 0.000007  0.118501 -0.028866 -0.144987
43  0.805979 -0.359854 -1.318339  1.090062 0.381684 -1.159144
44  1.789779 -0.000008 -0.000043  -0.093336 0.101938 0.111914
45  1.206996 -0.000006 0.000005  -0.214685 0.313368 -0.079989
46  5.740572 0.000056 0.000723  0.230711 -0.000014 0.000021
47  11.480829 -0.000111 0.000937  0.200244 -0.013828 0.064426
48  6.027513 -0.000274 -0.000237  -1.431359 -0.249979 -1.445464
49  -0.000001 11.691974 -0.000007  -0.990696 0.440337 0.785383
50  0.000005 0.000001 -0.000002  2.413975 -0.000041 1.570856
51  -0.000008 -0.000016 0.000004  2.272644 -0.000030 1.570865
52  -6.476483 -12.232984 -4.556383  -2.904612 -0.310665 -0.757399
53  -0.000000 0.000002 -0.000000  0.008153 -0.000259 0.000009
54  -0.000000 -0.000000 -0.000000  1.565115 0.043565 -0.106862
55  -2.714247 -19.915163 -17.133415  -0.951304 -0.636318 -1.904526
56  -0.000001 0.000000 -0.000000  0.000000 -0.000000 -0.000002
57  0.000029 0.000031 0.000000  -1.571901 -0.044449 -0.106509
58  33.185574 1.676875 -41.957436  1.570796 -0.000000 0.000000
59  -13.956470 -9.775214 -12.623269  1.570796 -0.000000 0.000000
60  1.941978 -1.075505 -8.860325  1.570796 -0.000000 0.000000
61  -0.004311 0.001229 -0.000371  0.006898 -0.005534 -0.284229
62  -7.233792 3.620581 -6.293282  1.570796 -0.000000 0.000000
63  0.000000 0.000000 0.000000  -0.078727 -3.136056 0.284226
64  0.001776 0.000010 0.000027  1.570006 0.023471 -0.031239
65  -1.395097 -15.806661 1.270825  1.360101 -0.237126 1.017844
66  0.000002 -2.923558 -1.408042  -0.000000 0.000000 0.000000
67  -0.000001 -0.601198 -2.062165  -0.000000 0.000000 0.000000
68  0.004381 -0.039407 6.613116  -0.000000 0.000000 0.000000
69  0.000003 -0.021786 -0.115848  -0.000000 0.000000 0.000000
70  0.000002 -3.304881 0.259169  -0.000000 0.000000 0.000000
71  2.801030 -18.329721 1.036022  1.360101 -0.237126 1.017844
72  0.057099 0.204433 -2.709595  -0.000000 0.000000 0.000000
73  0.111673 -0.283001 -2.709596  -0.000000 0.000000 0.000000
74  -0.128218 -0.750370 -2.709595  -0.000000 0.000000 0.000000
time 38
0  0 0 0  0 0 0
1  0.000006 0.000000 0.000000  -1.570800 -1.391899 -1.570792
2  -8.526393 2.634402 1.937664  -1.544956 -1.855077 -0.198630
3  6.027526 -0.000327 0.000193  -0.303964 -0.968933 -1.862153
4  11.692117 0.000645 -0.000740  -1.151147 0.000010 -0.485284
5  11.480551 0.000677 -0.000271  1.260356 0.198893 -0.753316
6  3.859508 -0.142880 -1.192050  -0.355845 0.071161 -1.717889
7  1.312591 0.000014 0.000008  0.001009 0.118634 -1.342342
8  0.729354 0.000053 0.000051  -0.354413 0.192185 -1.033754
9  3.942140 0.046272 -0.431512  -0.118608 0.030347 -1.596581
10  1.539113 0.000085 0.000005  0.010839 0.048095 -1.195681
11  1.196333 0.000144 0.000030  0.083612 0.101560 -1.052457
12  3.883505 -0.047269 0.431382  0.144811 0.104657 -0.532403
13  1.719573 -0.000028 0.000017  -0.000044 0.055089 -1.348529
14  1.209178 0.000091 0.000011  -0.061065 -0.064635 -1.162035
15  3.859663 -0.138476 1.332410  0.344468 -0.053989 -0.682073
16  1.719449 -0.000010 0.000023  0.002485 -0.019467 -0.976334
17  1.099674 0.000050 0.000004  0.087374 -0.027472 -0.249635
18  0.805994 -0.349051 1.321254  -0.980912 -0.371793 -1.028717
19  1.789821 -0.000005 -0.000019  -0.004629 0.008705 -0.033206
20  1.207017 -0.000012 -0.000045  0.067975 0.222001 0.306306
21  5.740637 0.000410 -0.000702  -0.034621 0.000003 0.000070
22  11.481124 0.000339 -0.000716  -0.040714 0.077654 -0.156945
23  6.027524 -0.000332 0.000203  1.310677 -0.549221 1.750991
24  0.000003 11.692101 -0.000008  -0.364877 -0.057006 -0.306415
25  0.000003 0.000008 -0.000002  -0.282111 -0.000030 1.570739
26  -0.000000 -0.000012 -0.000001  0.868957 0.000002 1.570712
27  -6.837111 -2.442946 -7.233785  1.473120 1.855075 -0.198639
28  6.027514 -0.000263 -0.000224  1.202562 1.287800 -0.932807
29  11.691991 0.000244 0.000857  0.141441 0.000043 -1.422555
30  11.479637 -0.000613 0.000919  -0.600311 -0.172324 0.375154
31  3.859436 -0.132788 1.193062  0.466148 -0.051828 -1.783918
32  1.312559 0.000024 -0.000001  -0.013963 -0.041043 -0.156449
33  0.729345 0.000066 -0.000028  -0.128320 -0.117290 -0.954856
34  3.942047 0.050109 0.430997  0.211502 -0.107596 -1.469117
35  1.539096 0.000006 -0.000000  0.040712 -0.054387 -1.030473
36  1.196299 0.000076 -0.000004  -0.249391 -0.043040 -0.795121
37  3.883412 -0.050502 -0.431087  0.186407 -0.271796 -1.212183
38  1.719564 -0.000081 -0.000004  0.020974 -0.107650 -1.483529
39  1.209197 0.000035 0.000011  -0.324719 0.069674 -0.493483
40  3.859586 -0.149111 -1.331324  -0.040757 -0.073789 -0.195091
41  1.719412 -0.000097 -0.000034  -0.007235 0.031761 -0.150715
42  1.099673 0.000025 0.000007  0.118501 -0.028866 -0.144987
43  0.805980 -0.359852 -1.318338  1.089977 0.382033 -1.159329
44  1.789781 -0.000008 -0.000041  -0.093175 0.102305 0.113902
45  1.206996 -0.000005 0.000006  -0.216319 0.316191 -0.082424
46  5.740574 0.000056 0.000723  0.228816 -0.000014 0.000021
47  11.480872 -0.000087 0.000932  0.200457 -0.016598 0.064039
48  6.027513 -0.000274 -0.000237  -1.432121 -0.247541 -1.450808
49  0.000001 11.691974 -0.000007  -0.983334 0.433700 0.780543
50  0.000003 0.000000 -0.000000  2.413975 -0.000041 1.570856
51  -0.000006 -0.000015 0.000005  2.272644 -0.000030 1.570865
52  -6.520016 -12.351252 -4.542599  -2.902731 -0.305676 -0.754087
53  -0.000000 0.000001 -0.000000  0.008153 -0.000259 0.000009
54  0.000001 0.000001 -0.000000  1.565115 0.043565 -0.106862
55  -2.714247 -19.915163 -17.133415  -0.951304 -0.636318 -1.904526
56  -0.000001 0.000000 -0.000000  0.000000 -0.000000 -0.000002
57  0.000029 0.000031 0.000000  -1.571901 -0.044449 -0.106509
58  33.185574 1.676875 -41.957436  1.570796 -0.000000 0.000000
59  -13.956470 -9.775214 -12.623269  1.570796 -0.000000 0.000000
60  1.941978 -1.075505 -8.860325  1.570796 -0.000000 0.000000
61  -0.004311 0.001229 -0.000371  0.006898 -0.005534 -0.284229
62  -7.233792 3.620581 -6.293282  1.570796 -0.000000 0.000000
63  0.000000 0.000000 0.000000  -0.078727 -3.136056 0.284226
64  0.001633 0.000009 0.000025  1.576668 0.020915 -0.048543
65  -1.410776 -15.932618 1.255461  1.364756 -0.239894 1.020628
66  0.000002 -2.923558 -1.408043  0.000000 -0.000000 -0.000000
67  -0.000002 -0.601198 -2.062165  0.000000 -0.000000 -0.000000
68  0.004381 -0.039406 6.613115  0.000000 -0.000000 -0.000000
69  0.000002 -0.021786 -0.115848  0.000000 -0.000000 -0.000000
70  0.000001 -3.304880 0.259168  0.000000 -0.000000 -0.000000
71  2.794527 -18.438204 0.998682  1.364756 -0.239894 1.020628
72  0.057098 0.204433 -2.709597  0.000000 -0.000000 -0.000000
73  0.111672 -0.283002 -2.709597  0.000000 -0.000000 -0.000000
74  -0.128220 -0.750370 -2.709596  0.000000 -0.000000 -0.000000
time 39
0  0 0 0  0 0 0
1  0.000006 0.000000 0.000000  -1.570800 -1.391899 -1.570792
2  -8.526393 2.634402 1.937664  -1.544956 -1.855077 -0.198630
3  6.027526 -0.000327 0.000193  -0.303964 -0.968933 -1.862153
4  11.692117 0.000645 -0.000740  -1.154654 0.000010 -0.485284
5  11.480552 0.000678 -0.000269  1.262967 0.201292 -0.752797
6  3.859508 -0.142880 -1.192050  -0.355845 0.071161 -1.717889
7  1.312591 0.000014 0.000008  0.001009 0.118634 -1.342342
8  0.729354 0.000053 0.000051  -0.354413 0.192185 -1.033754
9  3.942140 0.046272 -0.431512  -0.118608 0.030347 -1.596581
10  1.539113 0.000085 0.000005  0.010839 0.048095 -1.195681
11  1.196333 0.000144 0.000030  0.083612 0.101560 -1.052457
12  3.883505 -0.047269 0.431382  0.144811 0.104657 -0.532403
13  1.719573 -0.000028 0.000017  -0.000044 0.055089 -1.348529
14  1.209178 0.000091 0.000011  -0.061065 -0.064635 -1.162035
15  3.859663 -0.138476 1.332410  0.344468 -0.053989 -0.682073
16  1.719449 -0.000010 0.000023  0.002485 -0.019467 -0.976334
17  1.099674 0.000050 0.000004  0.087374 -0.027472 -0.249635
18  0.805994 -0.349051 1.321254  -0.980912 -0.371793 -1.028717
19  1.789821 -0.000005 -0.000019  -0.004629 0.008705 -0.033206
20  1.207017 -0.000012 -0.000045  0.067975 0.222001 0.306306
21  5.740637 0.000410 -0.000704  -0.033963 0.000003 0.000071
22  11.481125 0.000342 -0.000715  -0.040074 0.077973 -0.156776
23  6.027524 -0.000332 0.000203  1.310677 -0.549221 1.750991
24  0.000003 11.692101 -0.000008  -0.364877 -0.057006 -0.306415
25  0.000003 0.000008 -0.000002  -0.285618 -0.000030 1.570739
26  -0.000000 -0.000012 -0.000001  0.868957 0.000002 1.570712
27  -6.837111 -2.442946 -7.233785  1.473120 1.855075 -0.198639
28  6.027514 -0.000263 -0.000224  1.205694 1.291548 -0.938157
29  11.691993 0.000243 0.000857  0.141441 0.000042 -1.407084
30  11.479716 -0.000573 0.000916  -0.601873 -0.189726 0.368804
31  3.859436 -0.132788 1.193061  0.466148 -0.051828 -1.783918
32  1.312558 0.000025 -0.000001  -0.013963 -0.041043 -0.156449
33  0.729347 0.000066 -0.000027  -0.128320 -0.117290 -0.954856
34  3.942046 0.050109 0.430996  0.211502 -0.107596 -1.469117
35  1.539093 0.000004 0.000000  0.040712 -0.054387 -1.030473
36  1.196300 0.000077 -0.000004  -0.249391 -0.043040 -0.795121
37  3.883412 -0.050502 -0.431088  0.186407 -0.271796 -1.212183
38  1.719564 -0.000080 -0.000004  0.020974 -0.107650 -1.483529
39  1.209198 0.000035 0.000012  -0.324719 0.069674 -0.493483
40  3.859586 -0.149112 -1.331324  -0.040757 -0.073789 -0.195091
41  1.719413 -0.000096 -0.000034  -0.007235 0.031761 -0.150715
42  1.099674 0.000025 0.000007  0.118501 -0.028866 -0.144987
43  0.805980 -0.359854 -1.318338  1.089921 0.382272 -1.159452
44  1.789780 -0.000008 -0.000042  -0.093033 0.102573 0.115621
45  1.206997 -0.000005 0.000005  -0.217580 0.318462 -0.084249
46  5.740571 0.000055 0.000724  0.226519 -0.000014 0.000021
47  11.480887 -0.000078 0.000933  0.200679 -0.020496 0.064126
48  6.027513 -0.000274 -0.000237  -1.433261 -0.243856 -1.458889
49  -0.000001 11.691975 -0.000007  -0.974073 0.425412 0.774412
50  0.000002 -0.000002 0.000000  2.413975 -0.000041 1.570856
51  -0.000007 -0.000016 0.000005  2.272644 -0.000030 1.570865
52  -6.581833 -12.496891 -4.507654  -2.900394 -0.297646 -0.749137
53  -0.000001 -0.000000 -0.000000  0.008153 -0.000259 0.000009
54  -0.000000 0.000000 -0.000000  1.565115 0.043565 -0.106862
55  -2.714247 -19.915163 -17.133415  -0.951304 -0.636318 -1.904526
56  -0.000001 0.000000 -0.000000  0.000000 -0.000000 -0.000002
57  0.000029 0.000031 0.000000  -1.571901 -0.044449 -0.106509
58  33.185574 1.676875 -41.957436  1.570796 -0.000000 0.000000
59  -13.956470 -9.775214 -12.623269  1.570796 -0.000000 0.000000
60  1.941978 -1.075505 -8.860325  1.570796 -0.000000 0.000000
61  -0.004311 0.001229 -0.000371  0.006898 -0.005534 -0.284229
62  -7.233792 3.620581 -6.293282  1.570796 -0.000000 0.000000
63  0.000000 0.000000 0.000000  -0.078727 -3.136056 0.284226
64  0.001482 0.000008 0.000022  1.583415 0.018328 -0.067070
65  -1.427272 -16.090363 1.242603  1.372391 -0.243701 1.024444
66  0.000001 -2.923558 -1.408042  0.000000 0.000000 0.000000
67  -0.000003 -0.601198 -2.062164  0.000000 0.000000 0.000000
68  0.004378 -0.039406 6.613115  0.000000 0.000000 0.000000
69  0.000001 -0.021787 -0.115850  0.000000 0.000000 0.000000
70  0.000002 -3.304881 0.259169  0.000000 0.000000 0.000000
71  2.790905 -18.570223 0.949805  1.372391 -0.243701 1.024444
72  0.057098 0.204433 -2.709595  0.000000 0.000000 0.000000
73  0.111671 -0.283001 -2.709595  0.000000 0.000000 0.000000
74  -0.128220 -0.750370 -2.709595  0.000000 0.000000 0.000000
time 40
0  0 0 0  0 0 0
1  0.000006 0.000000 0.000000  -1.570800 -1.391899 -1.570792
2  -8.526393 2.634402 1.937664  -1.544956 -1.855077 -0.198630
3  6.027526 -0.000327 0.000193  -0.303964 -0.968933 -1.862153
4  11.692117 0.000645 -0.000740  -1.158221 0.000010 -0.485284
5  11.480551 0.000679 -0.000265  1.265625 0.203730 -0.752262
6  3.859508 -0.142880 -1.192050  -0.355845 0.071161 -1.717889
7  1.312591 0.000014 0.000008  0.001009 0.118634 -1.342342
8  0.729354 0.000053 0.000051  -0.354413 0.192185 -1.033754
9  3.942140 0.046272 -0.431512  -0.118608 0.030347 -1.596581
10  1.539113 0.000085 0.000005  0.010839 0.048095 -1.195681
11  1.196333 0.000144 0.000030  0.083612 0.101560 -1.052457
12  3.883505 -0.047269 0.431382  0.144811 0.104657 -0.532403
13  1.719573 -0.000028 0.000017  -0.000044 0.055089 -1.348529
14  1.209178 0.000091 0.000011  -0.061065 -0.064635 -1.162035
15  3.859663 -0.138476 1.332410  0.344468 -0.053989 -0.682073
16  1.719449 -0.000010 0.000023  0.002485 -0.019467 -0.976334
17  1.099674 0.000050 0.000004  0.087374 -0.027472 -0.249635
18  0.805994 -0.349051 1.321254  -0.980912 -0.371793 -1.028717
19  1.789821 -0.000005 -0.000019  -0.004629 0.008705 -0.033206
20  1.207017 -0.000012 -0.000045  0.067975 0.222001 0.306306
21  5.740638 0.000410 -0.000702  -0.033292 0.000003 0.000071
22  11.481124 0.000342 -0.000713  -0.039423 0.078297 -0.156603
23  6.027524 -0.000332 0.000203  1.310677 -0.549221 1.750991
24  0.000003 11.692101 -0.000008  -0.364877 -0.057006 -0.306415
25  0.000003 0.000008 -0.000002  -0.289186 -0.000030 1.570739
26  -0.000000 -0.000012 -0.000001  0.868957 0.000002 1.570712
27  -6.837111 -2.442946 -7.233785  1.473120 1.855075 -0.198639
28  6.027514 -0.000263 -0.000223  1.209754 1.296397 -0.944918
29  11.691992 0.000243 0.000856  0.141440 0.000041 -1.389097
30  11.479816 -0.000521 0.000908  -0.604396 -0.211915 0.362765
31  3.859436 -0.132789 1.193062  0.466148 -0.051828 -1.783918
32  1.312558 0.000026 -0.000000  -0.013963 -0.041043 -0.156449
33  0.729345 0.000066 -0.000027  -0.128320 -0.117290 -0.954856
34  3.942046 0.050107 0.430997  0.211502 -0.107596 -1.469117
35  1.539095 0.000005 0.000000  0.040712 -0.054387 -1.030473
36  1.196299 0.000076 -0.000004  -0.249391 -0.043040 -0.795121
37  3.883411 -0.050504 -0.431087  0.186407 -0.271795 -1.212183
38  1.719565 -0.000081 -0.000003  0.020974 -0.107650 -1.483529
39  1.209199 0.000035 0.000011  -0.324719 0.069674 -0.493483
40  3.859586 -0.149113 -1.331323  -0.040757 -0.073789 -0.195091
41  1.719412 -0.000098 -0.000034  -0.007235 0.031761 -0.150715
42  1.099674 0.000026 0.000007  0.118501 -0.028866 -0.144987
43  0.805978 -0.359855 -1.318338  1.089886 0.382425 -1.159527
44  1.789778 -0.000007 -0.000043  -0.092912 0.102760 0.117048
45  1.206997 -0.000005 0.000006  -0.218517 0.320224 -0.085558
46  5.740571 0.000056 0.000724  0.223777 -0.000014 0.000021
47  11.480907 -0.000067 0.000931  0.200842 -0.025330 0.064620
48  6.027513 -0.000274 -0.000237  -1.434763 -0.239100 -1.469197
49  -0.000001 11.691974 -0.000007  -0.963278 0.415842 0.767207
50  0.000004 -0.000001 0.000001  2.413975 -0.000041 1.570856
51  -0.000008 -0.000015 0.000005  2.272644 -0.000030 1.570865
52  -6.659272 -12.663368 -4.455029  -2.897832 -0.287159 -0.742705
53  -0.000000 0.000001 -0.000000  0.008153 -0.000259 0.000009
54  0.000000 -0.000002 0.000000  1.565115 0.043565 -0.106862
55  -2.714247 -19.915163 -17.133415  -0.951304 -0.636318 -1.904526
56  -0.000001 0.000000 -0.000000  0.000000 -0.000000 -0.000002
57  0.000029 0.000031 0.000000  -1.571901 -0.044449 -0.106509
58  33.185574 1.676875 -41.957436  1.570796 -0.000000 0.000000
59  -13.956470 -9.775214 -12.623269  1.570796 -0.000000 0.000000
60  1.941978 -1.075505 -8.860325  1.570796 -0.000000 0.000000
61  -0.004311 0.001229 -0.000371  0.006898 -0.005534 -0.284229
62  -7.233792 3.620581 -6.293282  1.570796 -0.000000 0.000000
63  0.000000 0.000000 0.000000  -0.078727 -3.136056 0.284226
64  0.001326 0.000007 0.000020  1.590049 0.015764 -0.086591
65  -1.444367 -16.270670 1.231810  1.382477 -0.248207 1.029158
66  0.000002 -2.923558 -1.408042  -0.000000 -0.000000 0.000000
67  -0.000002 -0.601197 -2.062165  -0.000000 -0.000000 0.000000
68  0.004380 -0.039407 6.613114  -0.000000 -0.000000 0.000000
69  0.000002 -0.021787 -0.115849  -0.000000 -0.000000 0.000000
70  0.000002 -3.304881 0.259168  -0.000000 -0.000000 0.000000
71  2.789560 -18.717405 0.891524  1.382477 -0.248207 1.029158
72  0.057098 0.204433 -2.709597  -0.000000 -0.000000 0.000000
73  0.111672 -0.283001 -2.709597  -0.000000 -0.000000 0.000000
74  -0.128218 -0.750370 -2.709598  -0.000000 -0.000000 0.000000
time 41
0  0 0 0  0 0 0
1  0.000006 0.000000 0.000000  -1.570800 -1.391899 -1.570792
2  -8.526393 2.634402 1.937664  -1.544956 -1.855077 -0.198630
3  6.027526 -0.000327 0.000193  -0.303964 -0.968933 -1.862153
4  11.692117 0.000645 -0.000740  -1.161845 0.000010 -0.485284
5  11.480552 0.000680 -0.000264  1.268329 0.206206 -0.751712
6  3.859508 -0.142880 -1.192050  -0.355845 0.071161 -1.717889
7  1.312591 0.000014 0.000008  0.001009 0.118634 -1.342342
8  0.729354 0.000053 0.000051  -0.354413 0.192185 -1.033754
9  3.942140 0.046272 -0.431512  -0.118608 0.030347 -1.596581
10  1.539113 0.000085 0.000005  0.010839 0.048095 -1.195681
11  1.196333 0.000144 0.000030  0.083612 0.101560 -1.052457
12  3.883505 -0.047269 0.431382  0.144811 0.104657 -0.532403
13  1.719573 -0.000028 0.000017  -0.000044 0.055089 -1.348529
14  1.209178 0.000091 0.000011  -0.061065 -0.064635 -1.162035
15  3.859663 -0.138476 1.332410  0.344468 -0.053989 -0.682073
16  1.719449 -0.000010 0.000023  0.002485 -0.019467 -0.976334
17  1.099674 0.000050 0.000004  0.087374 -0.027472 -0.249635
18  0.805994 -0.349051 1.321254  -0.980912 -0.371793 -1.028717
19  1.789821 -0.000005 -0.000019  -0.004629 0.008705 -0.033206
20  1.207017 -0.000012 -0.000045  0.067975 0.222001 0.306306
21  5.740638 0.000410 -0.000703  -0.032611 0.000003 0.000071
22  11.481124 0.000340 -0.000716  -0.038762 0.078626 -0.156428
23  6.027524 -0.000332 0.000203  1.310677 -0.549221 1.750991
24  0.000003 11.692101 -0.000008  -0.364877 -0.057006 -0.306415
25  0.000003 0.000008 -0.000002  -0.292810 -0.000030 1.570739
26  -0.000000 -0.000012 -0.000001  0.868957 0.000002 1.570712
27  -6.837111 -2.442946 -7.233785  1.473120 1.855075 -0.198639
28  6.027515 -0.000264 -0.000224  1.214545 1.302185 -0.952753
29  11.691991 0.000241 0.000856  0.141440 0.000040 -1.369217
30  11.479929 -0.000461 0.000899  -0.607951 -0.237862 0.357115
31  3.859435 -0.132789 1.193061  0.466148 -0.051828 -1.783918
32  1.312559 0.000024 -0.000001  -0.013963 -0.041043 -0.156449
33  0.729346 0.000066 -0.000026  -0.128320 -0.117290 -0.954856
34  3.942045 0.050108 0.430996  0.211502 -0.107596 -1.469117
35  1.539096 0.000005 0.000000  0.040712 -0.054387 -1.030473
36  1.196300 0.000077 -0.000004  -0.249391 -0.043040 -0.795121
37  3.883411 -0.050502 -0.431087  0.186407 -0.271796 -1.212183
38  1.719563 -0.000081 -0.000003  0.020974 -0.107650 -1.483529
39  1.209196 0.000035 0.000011  -0.324719 0.069674 -0.493483
40  3.859584 -0.149112 -1.331324  -0.040757 -0.073789 -0.195091
41  1.719412 -0.000098 -0.000034  -0.007235 0.031761 -0.150715
42  1.099673 0.000023 0.000007  0.118501 -0.028866 -0.144987
43  0.805977 -0.359854 -1.318338  1.089868 0.382514 -1.159568
44  1.789778 -0.000008 -0.000043  -0.092817 0.102881 0.118166
45  1.206996 -0.000005 0.000006  -0.219174 0.321519 -0.086443
46  5.740573 0.000055 0.000723  0.220556 -0.000014 0.000021
47  11.480929 -0.000057 0.000929  0.200881 -0.030904 0.065448
48  6.027513 -0.000274 -0.000237  -1.436611 -0.233451 -1.481215
49  0.000000 11.691974 -0.000007  -0.951313 0.405348 0.759148
50  0.000002 -0.000004 -0.000000  2.413975 -0.000041 1.570856
51  -0.000006 -0.000015 0.000004  2.272644 -0.000030 1.570865
52  -6.749575 -12.844153 -4.388265  -2.895274 -0.274801 -0.734957
53  -0.000001 -0.000000 -0.000000  0.008153 -0.000259 0.000009
54  -0.000001 -0.000001 -0.000000  1.565115 0.043565 -0.106862
55  -2.714247 -19.915163 -17.133415  -0.951304 -0.636318 -1.904526
56  -0.000001 0.000000 -0.000000  0.000000 -0.000000 -0.000002
57  0.000029 0.000031 0.000000  -1.571901 -0.044449 -0.106509
58  33.185574 1.676875 -41.957436  1.570796 -0.000000 0.000000
59  -13.956470 -9.775214 -12.623269  1.570796 -0.000000 0.000000
60  1.941978 -1.075505 -8.860325  1.570796 -0.000000 0.000000
61  -0.004311 0.001229 -0.000371  0.006898 -0.005534 -0.284229
62  -7.233792 3.620581 -6.293282  1.570796 -0.000000 0.000000
63  0.000000 0.000000 0.000000  -0.078727 -3.136056 0.284226
64  0.001167 0.000007 0.000018  1.596397 0.013267 -0.106870
65  -1.461845 -16.464315 1.222651  1.394475 -0.253070 1.034640
66  0.000001 -2.923558 -1.408043  0.000000 0.000000 -0.000000
67  -0.000003 -0.601197 -2.062165  0.000000 0.000000 -0.000000
68  0.004381 -0.039407 6.613115  0.000000 0.000000 -0.000000
69  0.000003 -0.021787 -0.115849  0.000000 0.000000 -0.000000
70  0.000001 -3.304881 0.259168  0.000000 0.000000 -0.000000
71  2.789853 -18.871431 0.826019  1.394475 -0.253070 1.034640
72  0.057100 0.204433 -2.709595  0.000000 0.000000 -0.000000
73  0.111672 -0.283002 -2.709594  0.000000 0.000000 -0.000000
74  -0.128218 -0.750370 -2.709595  0.000000 0.000000 -0.000000
time 42
0  0 0 0  0 0 0
1  0.000006 0.000000 0.000000  -1.570800 -1.391899 -1.570792
2  -8.526393 2.634402 1.937664  -1.544956 -1.855077 -0.198630
3  6.027526 -0.000327 0.000193  -0.303964 -0.968933 -1.862153
4  11.692117 0.000645 -0.000740  -1.165523 0.000010 -0.485284
5  11.480552 0.000682 -0.000261  1.271075 0.208717 -0.751146
6  3.859508 -0.142880 -1.192050  -0.355845 0.071161 -1.717889
7  1.312591 0.000014 0.000008  0.001009 0.118634 -1.342342
8  0.729354 0.000053 0.000051  -0.354413 0.192185 -1.033754
9  3.942140 0.046272 -0.431512  -0.118608 0.030347 -1.596581
10  1.539113 0.000085 0.000005  0.010839 0.048095 -1.195681
11  1.196333 0.000144 0.000030  0.083612 0.101560 -1.052457
12  3.883505 -0.047269 0.431382  0.144811 0.104657 -0.532403
13  1.719573 -0.000028 0.000017  -0.000044 0.055089 -1.348529
14  1.209178 0.000091 0.000011  -0.061065 -0.064635 -1.162035
15  3.859663 -0.138476 1.332410  0.344468 -0.053989 -0.682073
16  1.719449 -0.000010 0.000023  0.002485 -0.019467 -0.976334
17  1.099674 0.000050 0.000004  0.087374 -0.027472 -0.249635
18  0.805994 -0.349051 1.321254  -0.980912 -0.371793 -1.028717
19  1.789821 -0.000005 -0.000019  -0.004629 0.008705 -0.033206
20  1.207017 -0.000012 -0.000045  0.067975 0.222001 0.306306
21  5.740639 0.000412 -0.000701  -0.031920 0.000003 0.000071
22  11.481125 0.000343 -0.000713  -0.038090 0.078960 -0.156249
23  6.027524 -0.000332 0.000203  1.310677 -0.549221 1.750991
24  0.000003 11.692101 -0.000008  -0.364877 -0.057006 -0.306415
25  0.000003 0.000008 -0.000002  -0.296488 -0.000030 1.570739
26  -0.000000 -0.000012 -0.000001  0.868957 0.000002 1.570712
27  -6.837111 -2.442946 -7.233785  1.473120 1.855075 -0.198639
28  6.027515 -0.000264 -0.000224  1.219907 1.308702 -0.961279
29  11.691992 0.000243 0.000857  0.141439 0.000038 -1.348123
30  11.480055 -0.000391 0.000889  -0.612583 -0.266535 0.351932
31  3.859436 -0.132789 1.193061  0.466148 -0.051828 -1.783917
32  1.312558 0.000025 -0.000000  -0.013963 -0.041043 -0.156449
33  0.729345 0.000066 -0.000027  -0.128320 -0.117290 -0.954856
34  3.942047 0.050108 0.430996  0.211502 -0.107596 -1.469117
35  1.539095 0.000004 0.000000  0.040712 -0.054387 -1.030473
36  1.196300 0.000077 -0.000004  -0.249391 -0.043040 -0.795121
37  3.883411 -0.050502 -0.431088  0.186407 -0.271796 -1.212183
38  1.719563 -0.000083 -0.000003  0.020974 -0.107650 -1.483529
39  1.209197 0.000036 0.000011  -0.324719 0.069674 -0.493483
40  3.859584 -0.149113 -1.331324  -0.040757 -0.073789 -0.195091
41  1.719412 -0.000098 -0.000034  -0.007235 0.031761 -0.150715
42  1.099674 0.000025 0.000007  0.118501 -0.028866 -0.144987
43  0.805979 -0.359854 -1.318339  1.089860 0.382558 -1.159585
44  1.789779 -0.000008 -0.000041  -0.092747 0.102953 0.118966
45  1.206998 -0.000006 0.000005  -0.219596 0.322393 -0.086987
46  5.740571 0.000055 0.000723  0.216847 -0.000014 0.000021
47  11.480955 -0.000041 0.000927  0.200744 -0.037019 0.066537
48  6.027513 -0.000274 -0.000237  -1.438755 -0.227118 -1.494427
49  -0.000001 11.691974 -0.000008  -0.938575 0.394311 0.750488
50  0.000003 -0.000001 -0.000000  2.413975 -0.000041 1.570856
51  -0.000006 -0.000015 0.000005  2.272644 -0.000030 1.570865
52  -6.849918 -13.032587 -4.311046  -2.892949 -0.261161 -0.726067
53  0.000000 -0.000000 0.000000  0.008153 -0.000259 0.000009
54  0.000001 -0.000001 -0.000001  1.565115 0.043565 -0.106862
55  -2.714247 -19.915163 -17.133415  -0.951304 -0.636318 -1.904526
56  -0.000001 0.000000 -0.000000  0.000000 -0.000000 -0.000002
57  0.000029 0.000031 0.000000  -1.571901 -0.044449 -0.106509
58  33.185574 1.676875 -41.957436  1.570796 -0.000000 0.000000
59  -13.956470 -9.775214 -12.623269  1.570796 -0.000000 0.000000
60  1.941978 -1.075505 -8.860325  1.570796 -0.000000 0.000000
61  -0.004311 0.001229 -0.000371  0.006898 -0.005534 -0.284229
62  -7.233792 3.620581 -6.293282  1.570796 -0.000000 0.000000
63  0.000000 0.000000 0.000000  -0.078727 -3.136056 0.284226
64  0.001009 0.000006 0.000015  1.602414 0.010879 -0.127667
65  -1.479490 -16.662071 1.214654  1.407845 -0.257944 1.040766
66  0.000001 -2.923558 -1.408043  0.000000 -0.000000 -0.000000
67  -0.000003 -0.601197 -2.062165  0.000000 -0.000000 -0.000000
68  0.004380 -0.039406 6.613114  0.000000 -0.000000 -0.000000
69  0.000002 -0.021786 -0.115849  0.000000 -0.000000 -0.000000
70  -0.000000 -3.304880 0.259169  0.000000 -0.000000 -0.000000
71  2.791167 -19.024071 0.755419  1.407845 -0.257944 1.040766
72  0.057100 0.204433 -2.709597  0.000000 -0.000000 -0.000000
73  0.111673 -0.283001 -2.709597  0.000000 -0.000000 -0.000000
74  -0.128218 -0.750370 -2.709596  0.000000 -0.000000 -0.000000
time 43
0  0 0 0  0 0 0
1  0.000006 0.000000 0.000000  -1.570800 -1.391899 -1.570792
2  -8.526393 2.634402 1.937664  -1.544956 -1.855077 -0.198630
3  6.027526 -0.000327 0.000193  -0.303964 -0.968933 -1.862153
4  11.692117 0.000645 -0.000740  -1.169252 0.000010 -0.485284
5  11.480550 0.000683 -0.000258  1.273863 0.211261 -0.750565
6  3.859508 -0.142880 -1.192050  -0.355845 0.071161 -1.717889
7  1.312591 0.000014 0.000008  0.001009 0.118634 -1.342342
8  0.729354 0.000053 0.000051  -0.354413 0.192185 -1.033754
9  3.942140 0.046272 -0.431512  -0.118608 0.030347 -1.596581
10  1.539113 0.000085 0.000005  0.010839 0.048095 -1.195681
11  1.196333 0.000144 0.000030  0.083612 0.101560 -1.052457
12  3.883505 -0.047269 0.431382  0.144811 0.104657 -0.532403
13  1.719573 -0.000028 0.000017  -0.000044 0.055089 -1.348529
14  1.209178 0.000091 0.000011  -0.061065 -0.064635 -1.162035
15  3.859663 -0.138476 1.332410  0.344468 -0.053989 -0.682073
16  1.719449 -0.000010 0.000023  0.002485 -0.019467 -0.976334
17  1.099674 0.000050 0.000004  0.087374 -0.027472 -0.249635
18  0.805994 -0.349051 1.321254  -0.980912 -0.371793 -1.028717
19  1.789821 -0.000005 -0.000019  -0.004629 0.008705 -0.033206
20  1.207017 -0.000012 -0.000045  0.067975 0.222001 0.306306
21  5.740637 0.000410 -0.000702  -0.031219 0.000003 0.000071
22  11.481123 0.000343 -0.000711  -0.037409 0.079298 -0.156067
23  6.027524 -0.000332 0.000203  1.310677 -0.549221 1.750991
24  0.000003 11.692101 -0.000008  -0.364877 -0.057006 -0.306415
25  0.000003 0.000008 -0.000002  -0.300217 -0.000030 1.570739
26  -0.000000 -0.000012 -0.000001  0.868957 0.000002 1.570712
27  -6.837111 -2.442946 -7.233785  1.473120 1.855075 -0.198639
28  6.027516 -0.000263 -0.000223  1.225751 1.315673 -0.970047
29  11.691992 0.000243 0.000856  0.141438 0.000037 -1.326581
30  11.480192 -0.000317 0.000880  -0.618298 -0.296906 0.347288
31  3.859436 -0.132787 1.193061  0.466148 -0.051828 -1.783918
32  1.312557 0.000026 -0.000000  -0.013963 -0.041043 -0.156449
33  0.729344 0.000066 -0.000027  -0.128320 -0.117290 -0.954856
34  3.942047 0.050110 0.430997  0.211502 -0.107596 -1.469117
35  1.539095 0.000005 0.000000  0.040712 -0.054387 -1.030473
36  1.196301 0.000076 -0.000004  -0.249391 -0.043040 -0.795121
37  3.883411 -0.050502 -0.431087  0.186407 -0.271796 -1.212183
38  1.719563 -0.000081 -0.000003  0.020974 -0.107650 -1.483529
39  1.209197 0.000035 0.000011  -0.324719 0.069674 -0.493483
40  3.859585 -0.149111 -1.331323  -0.040757 -0.073789 -0.195091
41  1.719412 -0.000099 -0.000034  -0.007235 0.031761 -0.150715
42  1.099672 0.000023 0.000007  0.118501 -0.028866 -0.144987
43  0.805980 -0.359853 -1.318338  1.089858 0.382574 -1.159589
44  1.789780 -0.000008 -0.000041  -0.092705 0.102987 0.119444
45  1.206997 -0.000005 0.000007  -0.219822 0.322888 -0.087265
46  5.740572 0.000057 0.000724  0.212681 -0.000014 0.000021
47  11.480983 -0.000025 0.000925  0.200391 -0.043475 0.067813
48  6.027513 -0.000274 -0.000237  -1.441086 -0.220361 -1.508325
49  -0.000001 11.691975 -0.000006  -0.925519 0.383145 0.741528
50  0.000003 -0.000001 -0.000000  2.413975 -0.000041 1.570856
51  -0.000006 -0.000015 0.000006  2.272644 -0.000030 1.570865
52  -6.957487 -13.221806 -4.227301  -2.891093 -0.246821 -0.716219
53  -0.000000 0.000000 -0.000000  0.008153 -0.000259 0.000009
54  0.000001 0.000001 -0.000000  1.565115 0.043565 -0.106862
55  -2.714247 -19.915163 -17.133415  -0.951304 -0.636318 -1.904526
56  -0.000001 0.000000 -0.000000  0.000000 -0.000000 -0.000002
57  0.000029 0.000031 0.000000  -1.571901 -0.044449 -0.106509
58  33.185574 1.676875 -41.957436  1.570796 -0.000000 0.000000
59  -13.956470 -9.775214 -12.623269  1.570796 -0.000000 0.000000
60  1.941978 -1.075505 -8.860325  1.570796 -0.000000 0.000000
61  -0.004311 0.001229 -0.000371  0.006898 -0.005534 -0.284229
62  -7.233792 3.620581 -6.293282  1.570796 -0.000000 0.000000
63  0.000000 0.000000 0.000000  -0.078727 -3.136056 0.284226
64  0.000852 0.000005 0.000013  1.608080 0.008638 -0.148741
65  -1.497084 -16.854713 1.207216  1.422045 -0.262478 1.047428
66  0.000001 -2.923558 -1.408041  0.000000 -0.000000 -0.000000
67  -0.000003 -0.601197 -2.062165  0.000000 -0.000000 -0.000000
68  0.004381 -0.039407 6.613115  0.000000 -0.000000 -0.000000
69  0.000002 -0.021787 -0.115848  0.000000 -0.000000 -0.000000
70  0.000002 -3.304881 0.259168  0.000000 -0.000000 -0.000000
71  2.792963 -19.167236 0.681674  1.422045 -0.262478 1.047428
72  0.057098 0.204433 -2.709597  0.000000 -0.000000 -0.000000
73  0.111672 -0.283001 -2.709597  0.000000 -0.000000 -0.000000
74  -0.128219 -0.750370 -2.709597  0.000000 -0.000000 -0.000000
time 44
0  0 0 0  0 0 0
1  0.000006 0.000000 0.000000  -1.570800 -1.391899 -1.570792
2  -8.526393 2.634402 1.937664  -1.544956 -1.855077 -0.198630
3  6.027526 -0.000327 0.000193  -0.303964 -0.968933 -1.862153
4  11.692117 0.000645 -0.000740  -1.173029 0.000010 -0.485284
5  11.480552 0.000684 -0.000255  1.276689 0.213836 -0.749969
6  3.859508 -0.142880 -1.192050  -0.355845 0.071161 -1.717889
7  1.312591 0.000014 0.000008  0.001009 0.118634 -1.342342
8  0.729354 0.000053 0.000051  -0.354413 0.192185 -1.033754
9  3.942140 0.046272 -0.431512  -0.118608 0.030347 -1.596581
10  1.539113 0.000085 0.000005  0.010839 0.048095 -1.195681
11  1.196333 0.000144 0.000030  0.083612 0.101560 -1.052457
12  3.883505 -0.047269 0.431382  0.144811 0.104657 -0.532403
13  1.719573 -0.000028 0.000017  -0.000044 0.055089 -1.348529
14  1.209178 0.000091 0.000011  -0.061065 -0.064635 -1.162035
15  3.859663 -0.138476 1.332410  0.344468 -0.053989 -0.682073
16  1.719449 -0.000010 0.000023  0.002485 -0.019467 -0.976334
17  1.099674 0.000050 0.000004  0.087374 -0.027472 -0.249635
18  0.805994 -0.349051 1.321254  -0.980912 -0.371793 -1.028717
19  1.789821 -0.000005 -0.000019  -0.004629 0.008705 -0.033206
20  1.207017 -0.000012 -0.000045  0.067975 0.222001 0.306306
21  5.740637 0.000412 -0.000702  -0.030510 0.000003 0.000070
22  11.481124 0.000344 -0.000711  -0.036720 0.079639 -0.155883
23  6.027524 -0.000332 0.000203  1.310677 -0.549221 1.750991
24  0.000003 11.692101 -0.000008  -0.364877 -0.057006 -0.306415
25  0.000003 0.000008 -0.000002  -0.303993 -0.000030 1.570739
26  -0.000000 -0.000012 -0.000001  0.868957 0.000002 1.570712
27  -6.837111 -2.442946 -7.233785  1.473120 1.855075 -0.198639
28  6.027516 -0.000263 -0.000223  1.232081 1.322723 -0.978506
29  11.691992 0.000244 0.000857  0.141437 0.000036 -1.305478
30  11.480335 -0.000241 0.000869  -0.625046 -0.327964 0.343237
31  3.859436 -0.132789 1.193062  0.466148 -0.051828 -1.783918
32  1.312559 0.000025 0.000000  -0.013963 -0.041043 -0.156449
33  0.729344 0.000066 -0.000028  -0.128320 -0.117290 -0.954856
34  3.942046 0.050108 0.430997  0.211502 -0.107596 -1.469117
35  1.539096 0.000006 0.000000  0.040712 -0.054387 -1.030473
36  1.196299 0.000076 -0.000004  -0.249391 -0.043040 -0.795121
37  3.883412 -0.050503 -0.431087  0.186407 -0.271796 -1.212183
38  1.719563 -0.000082 -0.000003  0.020974 -0.107650 -1.483529
39  1.209196 0.000034 0.000011  -0.324719 0.069674 -0.493483
40  3.859585 -0.149112 -1.331323  -0.040757 -0.073789 -0.195091
41  1.719413 -0.000100 -0.000034  -0.007235 0.031761 -0.150715
42  1.099673 0.000025 0.000007  0.118501 -0.028866 -0.144987
43  0.805979 -0.359855 -1.318338  1.089858 0.382577 -1.159589
44  1.789780 -0.000007 -0.000042  -0.092691 0.102997 0.119602
45  1.206996 -0.000006 0.000005  -0.219890 0.323045 -0.087345
46  5.740571 0.000055 0.000724  0.208132 -0.000014 0.000021
47  11.481010 -0.000013 0.000923  0.199805 -0.050072 0.069203
48  6.027513 -0.000274 -0.000237  -1.443421 -0.213507 -1.522413
49  -0.000000 11.691975 -0.000007  -0.912682 0.372314 0.732638
50  0.000004 -0.000001 0.000000  2.413975 -0.000041 1.570856
51  -0.000007 -0.000015 0.000005  2.272644 -0.000030 1.570865
52  -7.069516 -13.404676 -4.141418  -2.889947 -0.232351 -0.705600
53  0.000000 0.000001 -0.000000  0.008153 -0.000259 0.000009
54  0.000000 -0.000001 0.000000  1.565115 0.043565 -0.106862
55  -2.714247 -19.915163 -17.133415  -0.951304 -0.636318 -1.904526
56  -0.000001 0.000000 -0.000000  0.000000 -0.000000 -0.000002
57  0.000029 0.000031 0.000000  -1.571901 -0.044449 -0.106509
58  33.185574 1.676875 -41.957436  1.570796 -0.000000 0.000000
59  -13.956470 -9.775214 -12.623269  1.570796 -0.000000 0.000000
60  1.941978 -1.075505 -8.860325  1.570796 -0.000000 0.000000
61  -0.004311 0.001229 -0.000371  0.006898 -0.005534 -0.284229
62  -7.233792 3.620581 -6.293282  1.570796 -0.000000 0.000000
63  0.000000 0.000000 0.000000  -0.078727 -3.136056 0.284226
64  0.000702 0.000004 0.000011  1.613376 0.006581 -0.169847
65  -1.514411 -17.033018 1.199364  1.436544 -0.266319 1.054529
66  0.000002 -2.923558 -1.408041  0.000000 -0.000000 -0.000000
67  -0.000002 -0.601198 -2.062164  0.000000 -0.000000 -0.000000
68  0.004381 -0.039406 6.613116  0.000000 -0.000000 -0.000000
69  0.000003 -0.021786 -0.115848  0.000000 -0.000000 -0.000000
70  0.000002 -3.304881 0.259169  0.000000 -0.000000 -0.000000
71  2.794806 -19.292965 0.606283  1.436544 -0.266319 1.054529
72  0.057099 0.204433 -2.709597  0.000000 -0.000000 -0.000000
73  0.111673 -0.283001 -2.709597  0.000000 -0.000000 -0.000000
74  -0.128219 -0.750370 -2.709596  0.000000 -0.000000 -0.000000
time 45
0  0 0 0  0 0 0
1  0.000006 0.000000 0.000000  -1.570800 -1.391899 -1.570792
2  -8.526393 2.634402 1.937664  -1.544956 -1.855077 -0.198630
3  6.027526 -0.000327 0.000193  -0.303964 -0.968933 -1.862153
4  11.692117 0.000645 -0.000740  -1.176851 0.000010 -0.485284
5  11.480551 0.000684 -0.000255  1.279552 0.216440 -0.749358
6  3.859508 -0.142880 -1.192050  -0.355845 0.071161 -1.717889
7  1.312591 0.000014 0.000008  0.001009 0.118634 -1.342342
8  0.729354 0.000053 0.000051  -0.354413 0.192185 -1.033754
9  3.942140 0.046272 -0.431512  -0.118608 0.030347 -1.596581
10  1.539113 0.000085 0.000005  0.010839 0.048095 -1.195681
11  1.196333 0.000144 0.000030  0.083612 0.101560 -1.052457
12  3.883505 -0.047269 0.431382  0.144811 0.104657 -0.532403
13  1.719573 -0.000028 0.000017  -0.000044 0.055089 -1.348529
14  1.209178 0.000091 0.000011  -0.061065 -0.064635 -1.162035
15  3.859663 -0.138476 1.332410  0.344468 -0.053989 -0.682073
16  1.719449 -0.000010 0.000023  0.002485 -0.019467 -0.976334
17  1.099674 0.000050 0.000004  0.087374 -0.027472 -0.249635
18  0.805994 -0.349051 1.321254  -0.980912 -0.371793 -1.028717
19  1.789821 -0.000005 -0.000019  -0.004629 0.008705 -0.033206
20  1.207017 -0.000012 -0.000045  0.067975 0.222001 0.306306
21  5.740636 0.000409 -0.000706  -0.029792 0.000003 0.000070
22  11.481123 0.000343 -0.000714  -0.036022 0.079985 -0.155695
23  6.027524 -0.000332 0.000203  1.310677 -0.549221 1.750991
24  0.000003 11.692101 -0.000008  -0.364877 -0.057006 -0.306415
25  0.000003 0.000008 -0.000002  -0.307815 -0.000030 1.570739
26  -0.000000 -0.000012 -0.000001  0.868957 0.000002 1.570712
27  -6.837111 -2.442946 -7.233785  1.473120 1.855075 -0.198639
28  6.027516 -0.000263 -0.000223  1.239035 1.329329 -0.985945
29  11.691992 0.000245 0.000857  0.141437 0.000034 -1.285864
30  11.480471 -0.000163 0.000858  -0.632688 -0.358692 0.339784
31  3.859437 -0.132787 1.193062  0.466148 -0.051828 -1.783918
32  1.312559 0.000025 0.000000  -0.013963 -0.041043 -0.156449
33  0.729345 0.000066 -0.000028  -0.128320 -0.117290 -0.954856
34  3.942047 0.050109 0.430997  0.211502 -0.107596 -1.469117
35  1.539095 0.000005 -0.000000  0.040712 -0.054387 -1.030473
36  1.196300 0.000077 -0.000004  -0.249391 -0.043040 -0.795121
37  3.883412 -0.050502 -0.431087  0.186407 -0.271796 -1.212183
38  1.719564 -0.000082 -0.000003  0.020974 -0.107650 -1.483530
39  1.209198 0.000035 0.000011  -0.324719 0.069674 -0.493483
40  3.859586 -0.149111 -1.331323  -0.040757 -0.073789 -0.195091
41  1.719412 -0.000096 -0.000034  -0.007235 0.031761 -0.150715
42  1.099675 0.000026 0.000007  0.118501 -0.028866 -0.144987
43  0.805980 -0.359853 -1.318338  1.089967 0.382320 -1.159446
44  1.789779 -0.000007 -0.000041  -0.092734 0.102640 0.118922
45  1.206996 -0.000006 0.000006  -0.218610 0.321099 -0.085707
46  5.740569 0.000058 0.000722  0.203320 -0.000014 0.000021
47  11.481037 0.000005 0.000920  0.198990 -0.056609 0.070628
48  6.027513 -0.000274 -0.000237  -1.445463 -0.206988 -1.536173
49  -0.000001 11.691975 -0.000006  -0.900706 0.362342 0.724275
50  0.000003 -0.000001 0.000001  2.413975 -0.000041 1.570856
51  -0.000007 -0.000015 0.000005  2.272644 -0.000030 1.570865
52  -7.183324 -13.573769 -4.059041  -2.889766 -0.218307 -0.694403
53  -0.000000 -0.000001 0.000000  0.008153 -0.000259 0.000009
54  0.000001 0.000000 -0.000000  1.565115 0.043565 -0.106862
55  -2.714247 -19.915163 -17.133415  -0.951304 -0.636318 -1.904526
56  -0.000001 0.000000 -0.000000  0.000000 -0.000000 -0.000002
57  0.000029 0.000031 0.000000  -1.571901 -0.044449 -0.106509
58  33.185574 1.676875 -41.957436  1.570796 -0.000000 0.000000
59  -13.956470 -9.775214 -12.623269  1.570796 -0.000000 0.000000
60  1.941978 -1.075505 -8.860325  1.570796 -0.000000 0.000000
61  -0.004311 0.001229 -0.000371  0.006898 -0.005534 -0.284229
62  -7.233792 3.620581 -6.293282  1.570796 -0.000000 0.000000
63  0.000000 0.000000 0.000000  -0.078727 -3.136056 0.284226
64  0.000559 0.000003 0.000008  1.618277 0.004739 -0.190738
65  -1.531255 -17.187757 1.188931  1.450818 -0.269110 1.061991
66  0.000001 -2.923558 -1.408041  0.000000 0.000000 -0.000000
67  -0.000003 -0.601198 -2.062164  0.000000 0.000000 -0.000000
68  0.004382 -0.039407 6.613115  0.000000 0.000000 -0.000000
69  0.000002 -0.021786 -0.115848  0.000000 0.000000 -0.000000
70  0.000001 -3.304881 0.259170  0.000000 0.000000 -0.000000
71  2.796398 -19.393421 0.529450  1.450818 -0.269110 1.061991
72  0.057100 0.204434 -2.709595  0.000000 0.000000 -0.000000
73  0.111673 -0.283001 -2.709595  0.000000 0.000000 -0.000000
74  -0.128217 -0.750369 -2.709595  0.000000 0.000000 -0.000000
time 46
0  0 0 0  0 0 0
1  0.000006 0.000000 0.000000  -1.570800 -1.391899 -1.570792
2  -8.526393 2.634402 1.937664  -1.544956 -1.855077 -0.198630
3  6.027526 -0.000327 0.000193  -0.303964 -0.968933 -1.862153
4  11.692117 0.000645 -0.000740  -1.180714 0.000010 -0.485284
5  11.480552 0.000685 -0.000248  1.282450 0.219071 -0.748732
6  3.859508 -0.142880 -1.192050  -0.355845 0.071161 -1.717889
7  1.312591 0.000014 0.000008  0.001009 0.118634 -1.342342
8  0.729354 0.000053 0.000051  -0.354413 0.192185 -1.033754
9  3.942140 0.046272 -0.431512  -0.118608 0.030347 -1.596581
10  1.539113 0.000085 0.000005  0.010839 0.048095 -1.195681
11  1.196333 0.000144 0.000030  0.083612 0.101560 -1.052457
12  3.883505 -0.047269 0.431382  0.144811 0.104657 -0.532403
13  1.719573 -0.000028 0.000017  -0.000044 0.055089 -1.348529
14  1.209178 0.000091 0.000011  -0.061065 -0.064635 -1.162035
15  3.859663 -0.138476 1.332410  0.344468 -0.053989 -0.682073
16  1.719449 -0.000010 0.000023  0.002485 -0.019467 -0.976334
17  1.099674 0.000050 0.000004  0.087374 -0.027472 -0.249635
18  0.805994 -0.349051 1.321254  -0.980912 -0.371793 -1.028717
19  1.789821 -0.000005 -0.000019  -0.004629 0.008705 -0.033206
20  1.207017 -0.000012 -0.000045  0.067975 0.222001 0.306306
21  5.740637 0.000410 -0.000700  -0.029066 0.000003 0.000071
22  11.481123 0.000344 -0.000709  -0.035316 0.080334 -0.155505
23  6.027524 -0.000332 0.000203  1.310677 -0.549221 1.750991
24  0.000003 11.692101 -0.000008  -0.364877 -0.057006 -0.306415
25  0.000003 0.000008 -0.000002  -0.311678 -0.000030 1.570739
26  -0.000000 -0.000012 -0.000001  0.868957 0.000002 1.570712
27  -6.837111 -2.442946 -7.233785  1.473120 1.855075 -0.198639
28  6.027516 -0.000264 -0.000223  1.247170 1.334434 -0.990994
29  11.691991 0.000242 0.000857  0.141436 0.000033 -1.269120
30  11.480597 -0.000095 0.000847  -0.641236 -0.388050 0.336661
31  3.859435 -0.132788 1.193061  0.466148 -0.051828 -1.783918
32  1.312556 0.000024 -0.000001  -0.013963 -0.041043 -0.156449
33  0.729346 0.000065 -0.000027  -0.128320 -0.117290 -0.954856
34  3.942046 0.050109 0.430996  0.211502 -0.107596 -1.469117
35  1.539097 0.000003 0.000000  0.040712 -0.054387 -1.030473
36  1.196300 0.000077 -0.000004  -0.249391 -0.043040 -0.795121
37  3.883412 -0.050501 -0.431087  0.186407 -0.271796 -1.212183
38  1.719564 -0.000083 -0.000003  0.020974 -0.107650 -1.483529
39  1.209198 0.000035 0.000011  -0.324719 0.069674 -0.493483
40  3.859584 -0.149113 -1.331323  -0.040757 -0.073789 -0.195091
41  1.719412 -0.000099 -0.000034  -0.007235 0.031761 -0.150715
42  1.099673 0.000022 0.000007  0.118501 -0.028866 -0.144987
43  0.805979 -0.359854 -1.318338  1.090305 0.381491 -1.158982
44  1.789779 -0.000008 -0.000041  -0.092863 0.101539 0.116871
45  1.206996 -0.000006 0.000005  -0.214689 0.315154 -0.080561
46  5.740572 0.000056 0.000724  0.198319 -0.000014 0.000021
47  11.481064 0.000018 0.000919  0.197920 -0.062906 0.071957
48  6.027513 -0.000274 -0.000237  -1.446534 -0.201634 -1.548908
49  -0.000000 11.691974 -0.000006  -0.890448 0.353904 0.717060
50  0.000002 -0.000001 -0.000001  2.413975 -0.000041 1.570856
51  -0.000006 -0.000016 0.000006  2.272644 -0.000030 1.570865
52  -7.297736 -13.722019 -3.993284  -2.891133 -0.205101 -0.682787
53  0.000001 0.000001 -0.000000  0.008153 -0.000259 0.000009
54  0.000000 0.000000 -0.000001  1.565115 0.043565 -0.106862
55  -2.714247 -19.915163 -17.133415  -0.951304 -0.636318 -1.904526
56  -0.000001 0.000000 -0.000000  0.000000 -0.000000 -0.000002
57  0.000029 0.000031 0.000000  -1.571901 -0.044449 -0.106509
58  33.185574 1.676875 -41.957436  1.570796 -0.000000 0.000000
59  -13.956470 -9.775214 -12.623269  1.570796 -0.000000 0.000000
60  1.941978 -1.075505 -8.860325  1.570796 -0.000000 0.000000
61  -0.004311 0.001229 -0.000371  0.006898 -0.005534 -0.284229
62  -7.233792 3.620581 -6.293282  1.570796 -0.000000 0.000000
63  0.000000 0.000000 0.000000  -0.078727 -3.136056 0.284226
64  0.000426 0.000002 0.000006  1.622758 0.003141 -0.211169
65  -1.547397 -17.309708 1.165211  1.464542 -0.270207 1.069664
66  0.000001 -2.923558 -1.408042  -0.000000 -0.000000 0.000000
67  -0.000003 -0.601198 -2.062164  -0.000000 -0.000000 0.000000
68  0.004381 -0.039407 6.613114  -0.000000 -0.000000 0.000000
69  0.000002 -0.021787 -0.115849  -0.000000 -0.000000 0.000000
70  0.000003 -3.304881 0.259167  -0.000000 -0.000000 0.000000
71  2.797300 -19.461157 0.441798  1.464542 -0.270207 1.069664
72  0.057099 0.204433 -2.709597  -0.000000 -0.000000 0.000000
73  0.111672 -0.283001 -2.709597  -0.000000 -0.000000 0.000000
74  -0.128217 -0.750370 -2.709597  -0.000000 -0.000000 0.000000
time 47
0  0 0 0  0 0 0
1  0.000006 0.000000 0.000000  -1.570800 -1.391899 -1.570792
2  -8.526393 2.634402 1.937664  -1.544956 -1.855077 -0.198630
3  6.027526 -0.000327 0.000193  -0.303964 -0.968933 -1.862153
4  11.692117 0.000645 -0.000740  -1.184615 0.000010 -0.485284
5  11.480552 0.000687 -0.000247  1.285379 0.221725 -0.748092
6  3.859508 -0.142880 -1.192050  -0.355845 0.071161 -1.717889
7  1.312591 0.000014 0.000008  0.001009 0.118634 -1.342342
8  0.729354 0.000053 0.000051  -0.354413 0.192185 -1.033754
9  3.942140 0.046272 -0.431512  -0.118608 0.030347 -1.596581
10  1.539113 0.000085 0.000005  0.010839 0.048095 -1.195681
11  1.196333 0.000144 0.000030  0.083612 0.101560 -1.052457
12  3.883505 -0.047269 0.431382  0.144811 0.104657 -0.532403
13  1.719573 -0.000028 0.000017  -0.000044 0.055089 -1.348529
14  1.209178 0.000091 0.000011  -0.061065 -0.064635 -1.162035
15  3.859663 -0.138476 1.332410  0.344468 -0.053989 -0.682073
16  1.719449 -0.000010 0.000023  0.002485 -0.019467 -0.976334
17  1.099674 0.000050 0.000004  0.087374 -0.027472 -0.249635
18  0.805994 -0.349051 1.321254  -0.980912 -0.371793 -1.028717
19  1.789821 -0.000005 -0.000019  -0.004629 0.008705 -0.033206
20  1.207017 -0.000012 -0.000045  0.067975 0.222001 0.306306
21  5.740638 0.000411 -0.000703  -0.028332 0.000003 0.000071
22  11.481124 0.000346 -0.000710  -0.034604 0.080686 -0.155312
23  6.027524 -0.000332 0.000203  1.310677 -0.549221 1.750991
24  0.000003 11.692101 -0.000008  -0.364877 -0.057006 -0.306415
25  0.000003 0.000008 -0.000002  -0.315580 -0.000030 1.570739
26  -0.000000 -0.000012 -0.000001  0.868957 0.000002 1.570712
27  -6.837111 -2.442946 -7.233785  1.473120 1.855075 -0.198639
28  6.027516 -0.000264 -0.000223  1.256172 1.338770 -0.994656
29  11.691992 0.000244 0.000856  0.141436 0.000032 -1.255804
30  11.480700 -0.000041 0.000839  -0.650942 -0.415859 0.335008
31  3.859436 -0.132788 1.193061  0.466148 -0.051828 -1.783918
32  1.312562 0.000024 -0.000000  -0.013963 -0.041043 -0.156449
33  0.729345 0.000066 -0.000027  -0.128320 -0.117290 -0.954856
34  3.942044 0.050108 0.430997  0.211502 -0.107596 -1.469117
35  1.539096 0.000004 0.000000  0.040712 -0.054387 -1.030473
36  1.196300 0.000076 -0.000004  -0.249391 -0.043040 -0.795121
37  3.883411 -0.050503 -0.431087  0.186407 -0.271796 -1.212183
38  1.719564 -0.000081 -0.000003  0.020974 -0.107650 -1.483529
39  1.209198 0.000034 0.000012  -0.324719 0.069674 -0.493483
40  3.859584 -0.149113 -1.331323  -0.040757 -0.073789 -0.195091
41  1.719411 -0.000099 -0.000034  -0.007235 0.031761 -0.150715
42  1.099672 0.000024 0.000007  0.118501 -0.028866 -0.144987
43  0.805978 -0.359854 -1.318338  1.090879 0.380005 -1.158147
44  1.789778 -0.000008 -0.000041  -0.093064 0.099674 0.113512
45  1.206996 -0.000005 0.000004  -0.208148 0.305220 -0.071671
46  5.740572 0.000055 0.000724  0.193325 -0.000014 0.000021
47  11.481084 0.000029 0.000917  0.196591 -0.068849 0.073386
48  6.027513 -0.000274 -0.000237  -1.447089 -0.196852 -1.561216
49  -0.000001 11.691974 -0.000007  -0.882267 0.347244 0.711273
50  0.000004 -0.000001 -0.000000  2.413975 -0.000041 1.570856
51  -0.000007 -0.000015 0.000005  2.272644 -0.000030 1.570865
52  -7.409312 -13.840709 -3.924723  -2.894142 -0.193312 -0.671020
53  -0.000000 0.000001 -0.000001  0.008153 -0.000259 0.000009
54  -0.000000 -0.000000 -0.000000  1.565115 0.043565 -0.106862
55  -2.714247 -19.915163 -17.133415  -0.951304 -0.636318 -1.904526
56  -0.000001 0.000000 -0.000000  0.000000 -0.000000 -0.000002
57  0.000029 0.000031 0.000000  -1.571901 -0.044449 -0.106509
58  33.185574 1.676875 -41.957436  1.570796 -0.000000 0.000000
59  -13.956470 -9.775214 -12.623269  1.570796 -0.000000 0.000000
60  1.941978 -1.075505 -8.860325  1.570796 -0.000000 0.000000
61  -0.004311 0.001229 -0.000371  0.006898 -0.005534 -0.284229
62  -7.233792 3.620581 -6.293282  1.570796 -0.000000 0.000000
63  0.000000 0.000000 0.000000  -0.078727 -3.136056 0.284226
64  0.000307 0.000002 0.000005  1.626791 0.001814 -0.230892
65  -1.562623 -17.389643 1.151625  1.477123 -0.269412 1.077482
66  0.000002 -2.923558 -1.408042  0.000000 0.000000 0.000000
67  -0.000000 -0.601198 -2.062166  0.000000 0.000000 0.000000
68  0.004383 -0.039407 6.613116  0.000000 0.000000 0.000000
69  0.000003 -0.021786 -0.115849  0.000000 0.000000 0.000000
70  0.000001 -3.304881 0.259169  0.000000 0.000000 0.000000
71  2.797507 -19.488640 0.369364  1.477123 -0.269412 1.077482
72  0.057100 0.204433 -2.709598  0.000000 0.000000 0.000000
73  0.111673 -0.283001 -2.709598  0.000000 0.000000 0.000000
74  -0.128216 -0.750370 -2.709598  0.000000 0.000000 0.000000
time 48
0  0 0 0  0 0 0
1  0.000006 0.000000 0.000000  -1.570800 -1.391899 -1.570792
2  -8.526393 2.634402 1.937664  -1.544956 -1.855077 -0.198630
3  6.027526 -0.000327 0.000193  -0.303964 -0.968933 -1.862153
4  11.692117 0.000645 -0.000740  -1.188552 0.000010 -0.485284
5  11.480552 0.000687 -0.000244  1.288339 0.224402 -0.747437
6  3.859508 -0.142880 -1.192050  -0.355845 0.071161 -1.717889
7  1.312591 0.000014 0.000008  0.001009 0.118634 -1.342342
8  0.729354 0.000053 0.000051  -0.354413 0.192185 -1.033754
9  3.942140 0.046272 -0.431512  -0.118608 0.030347 -1.596581
10  1.539113 0.000085 0.000005  0.010839 0.048095 -1.195681
11  1.196333 0.000144 0.000030  0.083612 0.101560 -1.052457
12  3.883505 -0.047269 0.431382  0.144811 0.104657 -0.532403
13  1.719573 -0.000028 0.000017  -0.000044 0.055089 -1.348529
14  1.209178 0.000091 0.000011  -0.061065 -0.064635 -1.162035
15  3.859663 -0.138476 1.332410  0.344468 -0.053989 -0.682073
16  1.719449 -0.000010 0.000023  0.002485 -0.019467 -0.976334
17  1.099674 0.000050 0.000004  0.087374 -0.027472 -0.249635
18  0.805994 -0.349051 1.321254  -0.980912 -0.371793 -1.028717
19  1.789821 -0.000005 -0.000019  -0.004629 0.008705 -0.033206
20  1.207017 -0.000012 -0.000045  0.067975 0.222001 0.306306
21  5.740638 0.000411 -0.000701  -0.027592 0.000003 0.000071
22  11.481126 0.000342 -0.000709  -0.033885 0.081041 -0.155117
23  6.027524 -0.000332 0.000203  1.310677 -0.549221 1.750991
24  0.000003 11.692101 -0.000008  -0.364877 -0.057006 -0.306415
25  0.000003 0.000008 -0.000002  -0.319516 -0.000030 1.570739
26  -0.000000 -0.000012 -0.000001  0.868957 0.000002 1.570712
27  -6.837111 -2.442946 -7.233785  1.473120 1.855075 -0.198639
28  6.027516 -0.000264 -0.000223  1.265697 1.342371 -0.997080
29  11.691992 0.000243 0.000856  0.141435 0.000032 -1.246997
30  11.480766 -0.000005 0.000834  -0.660918 -0.441092 0.335291
31  3.859437 -0.132790 1.193062  0.466148 -0.051828 -1.783918
32  1.312558 0.000025 -0.000001  -0.013963 -0.041043 -0.156449
33  0.729345 0.000067 -0.000027  -0.128320 -0.117290 -0.954856
34  3.942047 0.050106 0.430997  0.211502 -0.107596 -1.469117
35  1.539097 0.000005 0.000000  0.040712 -0.054387 -1.030473
36  1.196300 0.000077 -0.000003  -0.249391 -0.043040 -0.795121
37  3.883412 -0.050505 -0.431087  0.186407 -0.271796 -1.212183
38  1.719563 -0.000080 -0.000003  0.020974 -0.107650 -1.483529
39  1.209196 0.000035 0.000011  -0.324719 0.069674 -0.493483
40  3.859586 -0.149114 -1.331323  -0.040757 -0.073789 -0.195091
41  1.719411 -0.000096 -0.000034  -0.007235 0.031761 -0.150715
42  1.099674 0.000023 0.000007  0.118501 -0.028866 -0.144987
43  0.805979 -0.359856 -1.318338  1.091677 0.377797 -1.156901
44  1.789781 -0.000008 -0.000041  -0.093315 0.097081 0.109043
45  1.206997 -0.000005 0.000004  -0.199265 0.291627 -0.059042
46  5.740571 0.000054 0.000724  0.188743 -0.000014 0.000021
47  11.481096 0.000035 0.000915  0.195191 -0.074165 0.074947
48  6.027513 -0.000274 -0.000237  -1.447210 -0.192647 -1.572891
49  0.000001 11.691975 -0.000007  -0.876843 0.342863 0.707422
50  0.000002 -0.000001 -0.000000  2.413975 -0.000041 1.570856
51  -0.000005 -0.000015 0.000005  2.272644 -0.000030 1.570865
52  -7.512341 -13.919567 -3.846850  -2.898345 -0.183725 -0.659432
53  0.000001 0.000000 0.000000  0.008153 -0.000259 0.000009
54  0.000001 -0.000003 -0.000000  1.565115 0.043565 -0.106862
55  -2.714247 -19.915163 -17.133415  -0.951304 -0.636318 -1.904526
56  -0.000001 0.000000 -0.000000  0.000000 -0.000000 -0.000002
57  0.000029 0.000031 0.000000  -1.571901 -0.044449 -0.106509
58  33.185574 1.676875 -41.957436  1.570796 -0.000000 0.000000
59  -13.956470 -9.775214 -12.623269  1.570796 -0.000000 0.000000
60  1.941978 -1.075505 -8.860325  1.570796 -0.000000 0.000000
61  -0.004311 0.001229 -0.000371  0.006898 -0.005534 -0.284229
62  -7.233792 3.620581 -6.293282  1.570796 -0.000000 0.000000
63  0.000000 0.000000 0.000000  -0.078727 -3.136056 0.284226
64  0.000203 0.000001 0.000003  1.630347 0.000780 -0.249662
65  -1.576714 -17.418339 1.160638  1.487662 -0.267026 1.085489
66  0.000002 -2.923558 -1.408041  0.000000 0.000000 -0.000000
67  -0.000001 -0.601197 -2.062163  0.000000 0.000000 -0.000000
68  0.004381 -0.039406 6.613115  0.000000 0.000000 -0.000000
69  0.000001 -0.021786 -0.115848  0.000000 0.000000 -0.000000
70  0.000003 -3.304880 0.259169  0.000000 0.000000 -0.000000
71  2.797676 -19.468014 0.328767  1.487662 -0.267026 1.085489
72  0.057101 0.204433 -2.709595  0.000000 0.000000 -0.000000
73  0.111674 -0.283001 -2.709596  0.000000 0.000000 -0.000000
74  -0.128216 -0.750370 -2.709596  0.000000 0.000000 -0.000000
time 49
0  0 0 0  0 0 0
1  0.000006 0.000000 0.000000  -1.570800 -1.391899 -1.570792
2  -8.526393 2.634402 1.937664  -1.544956 -1.855077 -0.198630
3  6.027526 -0.000327 0.000193  -0.303964 -0.968933 -1.862153
4  11.692117 0.000645 -0.000740  -1.192520 0.000010 -0.485284
5  11.480552 0.000689 -0.000240  1.291326 0.227098 -0.746768
6  3.859508 -0.142880 -1.192050  -0.355845 0.071161 -1.717889
7  1.312591 0.000014 0.000008  0.001009 0.118634 -1.342342
8  0.729354 0.000053 0.000051  -0.354413 0.192185 -1.033754
9  3.942140 0.046272 -0.431512  -0.118608 0.030347 -1.596581
10  1.539113 0.000085 0.000005  0.010839 0.048095 -1.195681
11  1.196333 0.000144 0.000030  0.083612 0.101560 -1.052457
12  3.883505 -0.047269 0.431382  0.144811 0.104657 -0.532403
13  1.719573 -0.000028 0.000017  -0.000044 0.055089 -1.348529
14  1.209178 0.000091 0.000011  -0.061065 -0.064635 -1.162035
15  3.859663 -0.138476 1.332410  0.344468 -0.053989 -0.682073
16  1.719449 -0.000010 0.000023  0.002485 -0.019467 -0.976334
17  1.099674 0.000050 0.000004  0.087374 -0.027472 -0.249635
18  0.805994 -0.349051 1.321254  -0.980912 -0.371793 -1.028717
19  1.789821 -0.000005 -0.000019  -0.004629 0.008705 -0.033206
20  1.207017 -0.000012 -0.000045  0.067975 0.222001 0.306306
21  5.740636 0.000410 -0.000701  -0.026847 0.000003 0.000071
22  11.481123 0.000344 -0.000706  -0.033159 0.081398 -0.154920
23  6.027524 -0.000332 0.000203  1.310677 -0.549221 1.750991
24  0.000003 11.692101 -0.000008  -0.364877 -0.057006 -0.306415
25  0.000003 0.000008 -0.000002  -0.323484 -0.000030 1.570739
26  -0.000000 -0.000012 -0.000001  0.868957 0.000002 1.570712
27  -6.837111 -2.442946 -7.233785  1.473120 1.855075 -0.198639
28  6.027516 -0.000264 -0.000223  1.274203 1.345273 -0.998679
29  11.691990 0.000243 0.000856  0.141435 0.000031 -1.240122
30  11.479387 -0.000680 0.000932  -0.669799 -0.462476 0.333974
31  3.859437 -0.132788 1.193062  0.466148 -0.051828 -1.783917
32  1.312559 0.000024 -0.000001  -0.013963 -0.041043 -0.156449
33  0.729346 0.000066 -0.000027  -0.128320 -0.117290 -0.954856
34  3.942046 0.050109 0.430997  0.211502 -0.107596 -1.469117
35  1.539096 0.000005 0.000000  0.040712 -0.054387 -1.030473
36  1.196298 0.000076 -0.000004  -0.249391 -0.043040 -0.795121
37  3.883410 -0.050504 -0.431087  0.186407 -0.271796 -1.212183
38  1.719562 -0.000083 -0.000003  0.020974 -0.107650 -1.483529
39  1.209198 0.000035 0.000011  -0.324719 0.069674 -0.493483
40  3.859585 -0.149113 -1.331323  -0.040757 -0.073789 -0.195091
41  1.719412 -0.000099 -0.000034  -0.007235 0.031761 -0.150715
42  1.099673 0.000026 0.000007  0.118501 -0.028866 -0.144987
43  0.805979 -0.359854 -1.318338  1.092664 0.374846 -1.155229
44  1.789779 -0.000009 -0.000042  -0.093584 0.093872 0.103823
45  1.206997 -0.000005 0.000006  -0.188604 0.275131 -0.042992
46  5.740571 0.000057 0.000723  0.184371 -0.000014 0.000021
47  11.480822 -0.000100 0.000935  0.193846 -0.078816 0.075930
48  6.027513 -0.000274 -0.000237  -1.447198 -0.189172 -1.582780
49  -0.000000 11.691974 -0.000006  -0.872604 0.339457 0.704402
50  0.000004 -0.000000 0.000001  2.413975 -0.000041 1.570856
51  -0.000006 -0.000015 0.000005  2.272644 -0.000030 1.570865
52  -7.601483 -13.979968 -3.781392  -2.903324 -0.177123 -0.648320
53  -0.000000 -0.000001 -0.000000  0.008153 -0.000259 0.000009
54  0.000000 -0.000001 0.000000  1.565115 0.043565 -0.106862
55  -2.714247 -19.915163 -17.133415  -0.951304 -0.636318 -1.904526
56  -0.000001 0.000000 -0.000000  0.000000 -0.000000 -0.000002
57  0.000029 0.000031 0.000000  -1.571901 -0.044449 -0.106509
58  33.185574 1.676875 -41.957436  1.570796 -0.000000 0.000000
59  -13.956470 -9.775214 -12.623269  1.570796 -0.000000 0.000000
60  1.941978 -1.075505 -8.860325  1.570796 -0.000000 0.000000
61  -0.004311 0.001229 -0.000371  0.006898 -0.005534 -0.284229
62  -7.233792 3.620581 -6.293282  1.570796 -0.000000 0.000000
63  0.000000 0.000000 0.000000  -0.078727 -3.136056 0.284226
64  0.000118 0.000001 0.000002  1.633398 0.000063 -0.267233
65  -1.589455 -17.418331 1.176550  1.495273 -0.263334 1.093712
66  0.000002 -2.923558 -1.408042  0.000000 0.000000 0.000000
67  -0.000004 -0.601197 -2.062164  0.000000 0.000000 0.000000
68  0.004381 -0.039406 6.613116  0.000000 0.000000 0.000000
69  0.000003 -0.021786 -0.115848  0.000000 0.000000 0.000000
70  0.000001 -3.304881 0.259169  0.000000 0.000000 0.000000
71  2.798660 -19.423130 0.308407  1.495273 -0.263334 1.093712
72  0.057100 0.204433 -2.709597  0.000000 0.000000 0.000000
73  0.111674 -0.283002 -2.709596  0.000000 0.000000 0.000000
74  -0.128216 -0.750371 -2.709597  0.000000 0.000000 0.000000
time 50
0  0 0 0  0 0 0
1  0.000006 0.000000 0.000000  -1.570800 -1.391899 -1.570792
2  -8.526393 2.634402 1.937664  -1.544956 -1.855077 -0.198630
3  6.027526 -0.000327 0.000193  -0.303964 -0.968933 -1.862153
4  11.692117 0.000645 -0.000740  -1.196516 0.000010 -0.485284
5  11.480551 0.000690 -0.000238  1.294338 0.229812 -0.746086
6  3.859508 -0.142880 -1.192050  -0.355845 0.071161 -1.717889
7  1.312591 0.000014 0.000008  0.001009 0.118634 -1.342342
8  0.729354 0.000053 0.000051  -0.354413 0.192185 -1.033754
9  3.942140 0.046272 -0.431512  -0.118608 0.030347 -1.596581
10  1.539113 0.000085 0.000005  0.010839 0.048095 -1.195681
11  1.196333 0.000144 0.000030  0.083612 0.101560 -1.052457
12  3.883505 -0.047269 0.431382  0.144811 0.104657 -0.532403
13  1.719573 -0.000028 0.000017  -0.000044 0.055089 -1.348529
14  1.209178 0.000091 0.000011  -0.061065 -0.064635 -1.162035
15  3.859663 -0.138476 1.332410  0.344468 -0.053989 -0.682073
16  1.719449 -0.000010 0.000023  0.002485 -0.019467 -0.976334
17  1.099674 0.000050 0.000004  0.087374 -0.027472 -0.249635
18  0.805994 -0.349051 1.321254  -0.980912 -0.371793 -1.028717
19  1.789821 -0.000005 -0.000019  -0.004629 0.008705 -0.033206
20  1.207017 -0.000012 -0.000045  0.067975 0.222001 0.306306
21  5.740637 0.000411 -0.000700  -0.026096 0.000003 0.000071
22  11.481122 0.000342 -0.000709  -0.032429 0.081758 -0.154720
23  6.027524 -0.000332 0.000203  1.310677 -0.549221 1.750991
24  0.000003 11.692101 -0.000008  -0.364877 -0.057006 -0.306415
25  0.000003 0.000008 -0.000002  -0.327480 -0.000030 1.570739
26  -0.000000 -0.000012 -0.000001  0.868957 0.000002 1.570712
27  -6.837111 -2.442946 -7.233785  1.473120 1.855075 -0.198639
28  6.027516 -0.000264 -0.000223  1.280109 1.348134 -1.000593
29  11.691991 0.000245 0.000858  0.141435 0.000031 -1.232057
30  11.479716 -0.000505 0.000906  -0.676596 -0.479297 0.327815
31  3.859435 -0.132787 1.193061  0.466148 -0.051828 -1.783917
32  1.312560 0.000025 -0.000000  -0.013963 -0.041043 -0.156449
33  0.729345 0.000066 -0.000027  -0.128320 -0.117290 -0.954856
34  3.942046 0.050109 0.430996  0.211502 -0.107596 -1.469117
35  1.539097 0.000003 0.000000  0.040712 -0.054387 -1.030473
36  1.196300 0.000076 -0.000004  -0.249391 -0.043040 -0.795121
37  3.883411 -0.050502 -0.431087  0.186407 -0.271795 -1.212183
38  1.719563 -0.000081 -0.000003  0.020974 -0.107650 -1.483529
39  1.209198 0.000034 0.000012  -0.324719 0.069674 -0.493483
40  3.859584 -0.149112 -1.331323  -0.040757 -0.073789 -0.195091
41  1.719411 -0.000096 -0.000034  -0.007235 0.031761 -0.150715
42  1.099674 0.000026 0.000007  0.118501 -0.028866 -0.144987
43  0.805979 -0.359853 -1.318338  1.093780 0.371195 -1.153153
44  1.789779 -0.000007 -0.000041  -0.093831 0.090238 0.098347
45  1.206996 -0.000005 0.000006  -0.176959 0.256891 -0.024161
46  5.740572 0.000055 0.000723  0.179932 -0.000014 0.000021
47  11.480888 -0.000065 0.000930  0.192607 -0.082856 0.075722
48  6.027513 -0.000274 -0.000237  -1.447699 -0.186062 -1.590358
49  -0.000001 11.691974 -0.000008  -0.867623 0.335477 0.700844
50  0.000002 0.000000 0.000001  2.413975 -0.000041 1.570856
51  -0.000006 -0.000015 0.000004  2.272644 -0.000030 1.570865
52  -7.671645 -14.049438 -3.737777  -2.908695 -0.174292 -0.637951
53  0.000001 0.000000 -0.000000  0.008153 -0.000259 0.000009
54  -0.000001 -0.000000 -0.000000  1.565115 0.043565 -0.106862
55  -2.714247 -19.915163 -17.133415  -0.951304 -0.636318 -1.904526
56  -0.000001 0.000000 -0.000000  0.000000 -0.000000 -0.000002
57  0.000029 0.000031 0.000000  -1.571901 -0.044449 -0.106509
58  33.185574 1.676875 -41.957436  1.570796 -0.000000 0.000000
59  -13.956470 -9.775214 -12.623269  1.570796 -0.000000 0.000000
60  1.941978 -1.075505 -8.860325  1.570796 -0.000000 0.000000
61  -0.004311 0.001229 -0.000371  0.006898 -0.005534 -0.284229
62  -7.233792 3.620581 -6.293282  1.570796 -0.000000 0.000000
63  0.000000 0.000000 0.000000  -0.078727 -3.136056 0.284226
64  0.000054 0.000000 0.000001  1.635914 -0.000316 -0.283360
65  -1.600629 -17.418291 1.195943  1.499089 -0.258602 1.102159
66  0.000001 -2.923558 -1.408042  0.000000 0.000000 0.000000
67  -0.000004 -0.601198 -2.062163  0.000000 0.000000 0.000000
68  0.004380 -0.039407 6.613116  0.000000 0.000000 0.000000
69  0.000002 -0.021787 -0.115849  0.000000 0.000000 0.000000
70  0.000001 -3.304881 0.259169  0.000000 0.000000 0.000000
71  2.801439 -19.383865 0.308936  1.499089 -0.258602 1.102159
72  0.057101 0.204433 -2.709598  0.000000 0.000000 0.000000
73  0.111674 -0.283002 -2.709598  0.000000 0.000000 0.000000
74  -0.128217 -0.750370 -2.709598  0.000000 0.000000 0.000000
time 51
0  0 0 0  0 0 0
1  0.000006 0.000000 0.000000  -1.570800 -1.391899 -1.570792
2  -8.526393 2.634402 1.937664  -1.544956 -1.855077 -0.198630
3  6.027526 -0.000327 0.000193  -0.303964 -0.968933 -1.862153
4  11.692117 0.000645 -0.000740  -1.200537 0.000010 -0.485284
5  11.480551 0.000690 -0.000235  1.297372 0.232540 -0.745391
6  3.859508 -0.142880 -1.192050  -0.355845 0.071161 -1.717889
7  1.312591 0.000014 0.000008  0.001009 0.118634 -1.342342
8  0.729354 0.000053 0.000051  -0.354413 0.192185 -1.033754
9  3.942140 0.046272 -0.431512  -0.118608 0.030347 -1.596581
10  1.539113 0.000085 0.000005  0.010839 0.048095 -1.195681
11  1.196333 0.000144 0.000030  0.083612 0.101560 -1.052457
12  3.883505 -0.047269 0.431382  0.144811 0.104657 -0.532403
13  1.719573 -0.000028 0.000017  -0.000044 0.055089 -1.348529
14  1.209178 0.000091 0.000011  -0.061065 -0.064635 -1.162035
15  3.859663 -0.138476 1.332410  0.344468 -0.053989 -0.682073
16  1.719449 -0.000010 0.000023  0.002485 -0.019467 -0.976334
17  1.099674 0.000050 0.000004  0.087374 -0.027472 -0.249635
18  0.805994 -0.349051 1.321254  -0.980912 -0.371793 -1.028717
19  1.789821 -0.000005 -0.000019  -0.004629 0.008705 -0.033206
20  1.207017 -0.000012 -0.000045  0.067975 0.222001 0.306306
21  5.740638 0.000411 -0.000701  -0.025340 0.000003 0.000071
22  11.481123 0.000344 -0.000707  -0.031694 0.082119 -0.154519
23  6.027524 -0.000332 0.000203  1.310677 -0.549221 1.750991
24  0.000003 11.692101 -0.000008  -0.364877 -0.057006 -0.306415
25  0.000003 0.000008 -0.000002  -0.331501 -0.000030 1.570739
26  -0.000000 -0.000012 -0.000001  0.868957 0.000002 1.570712
27  -6.837111 -2.442946 -7.233785  1.473120 1.855075 -0.198639
28  6.027516 -0.000264 -0.000223  1.281856 1.350726 -1.003003
29  11.691991 0.000243 0.000857  0.141434 0.000030 -1.222099
30  11.480017 -0.000344 0.000885  -0.679722 -0.488948 0.313395
31  3.859437 -0.132789 1.193062  0.466148 -0.051828 -1.783918
32  1.312558 0.000025 -0.000001  -0.013963 -0.041043 -0.156449
33  0.729345 0.000066 -0.000027  -0.128320 -0.117290 -0.954856
34  3.942047 0.050108 0.430996  0.211502 -0.107596 -1.469117
35  1.539095 0.000005 0.000000  0.040712 -0.054387 -1.030473
36  1.196298 0.000077 -0.000004  -0.249391 -0.043040 -0.795121
37  3.883412 -0.050503 -0.431087  0.186407 -0.271796 -1.212183
38  1.719564 -0.000083 -0.000003  0.020974 -0.107650 -1.483529
39  1.209198 0.000035 0.000011  -0.324719 0.069674 -0.493483
40  3.859585 -0.149113 -1.331324  -0.040757 -0.073789 -0.195091
41  1.719412 -0.000099 -0.000034  -0.007235 0.031761 -0.150715
42  1.099674 0.000026 0.000007  0.118501 -0.028866 -0.144987
43  0.805979 -0.359855 -1.318338  1.094950 0.366948 -1.150730
44  1.789780 -0.000008 -0.000042  -0.094022 0.086420 0.093163
45  1.206996 -0.000005 0.000005  -0.165198 0.238303 -0.003400
46  5.740572 0.000056 0.000724  0.175528 -0.000014 0.000021
47  11.480948 -0.000032 0.000926  0.191587 -0.085956 0.073575
48  6.027513 -0.000274 -0.000237  -1.448843 -0.183695 -1.594264
49  -0.000000 11.691975 -0.000006  -0.861461 0.330586 0.696429
50  0.000002 -0.000002 0.000001  2.413975 -0.000041 1.570856
51  -0.000006 -0.000015 0.000006  2.272644 -0.000030 1.570865
52  -7.713165 -14.132258 -3.732610  -2.914690 -0.177447 -0.628656
53  0.000001 0.000000 -0.000000  0.008153 -0.000259 0.000009
54  0.000001 -0.000000 -0.000000  1.565115 0.043565 -0.106862
55  -2.714247 -19.915163 -17.133415  -0.951304 -0.636318 -1.904526
56  -0.000001 0.000000 -0.000000  0.000000 -0.000000 -0.000002
57  0.000029 0.000031 0.000000  -1.571901 -0.044449 -0.106509
58  33.185574 1.676875 -41.957436  1.570796 -0.000000 0.000000
59  -13.956470 -9.775214 -12.623269  1.570796 -0.000000 0.000000
60  1.941978 -1.075505 -8.860325  1.570796 -0.000000 0.000000
61  -0.004311 0.001229 -0.000371  0.006898 -0.005534 -0.284229
62  -7.233792 3.620581 -6.293282  1.570796 -0.000000 0.000000
63  0.000000 0.000000 0.000000  -0.078727 -3.136056 0.284226
64  0.000014 0.000000 0.000000  1.637867 -0.000335 -0.297803
65  -1.610018 -17.418179 1.217374  1.496900 -0.252252 1.110957
66  0.000002 -2.923558 -1.408042  -0.000000 0.000000 0.000000
67  -0.000004 -0.601197 -2.062164  -0.000000 0.000000 0.000000
68  0.004379 -0.039406 6.613115  -0.000000 0.000000 0.000000
69  -0.000000 -0.021786 -0.115848  -0.000000 0.000000 0.000000
70  0.000001 -3.304880 0.259169  -0.000000 0.000000 0.000000
71  2.807290 -19.353239 0.339099  1.496900 -0.252252 1.110957
72  0.057097 0.204434 -2.709595  -0.000000 0.000000 0.000000
73  0.111671 -0.283001 -2.709595  -0.000000 0.000000 0.000000
74  -0.128219 -0.750370 -2.709595  -0.000000 0.000000 0.000000
time 52
0  0 0 0  0 0 0
1  0.000006 0.000000 0.000000  -1.570800 -1.391899 -1.570792
2  -8.526393 2.634402 1.937664  -1.544956 -1.855077 -0.198630
3  6.027526 -0.000327 0.000193  -0.303964 -0.968933 -1.862153
4  11.692117 0.000645 -0.000740  -1.204579 0.000010 -0.485284
5  11.480551 0.000690 -0.000234  1.300427 0.235281 -0.744683
6  3.859508 -0.142880 -1.192050  -0.355845 0.071161 -1.717889
7  1.312591 0.000014 0.000008  0.001009 0.118634 -1.342342
8  0.729354 0.000053 0.000051  -0.354413 0.192185 -1.033754
9  3.942140 0.046272 -0.431512  -0.118608 0.030347 -1.596581
10  1.539113 0.000085 0.000005  0.010839 0.048095 -1.195681
11  1.196333 0.000144 0.000030  0.083612 0.101560 -1.052457
12  3.883505 -0.047269 0.431382  0.144811 0.104657 -0.532403
13  1.719573 -0.000028 0.000017  -0.000044 0.055089 -1.348529
14  1.209178 0.000091 0.000011  -0.061065 -0.064635 -1.162035
15  3.859663 -0.138476 1.332410  0.344468 -0.053989 -0.682073
16  1.719449 -0.000010 0.000023  0.002485 -0.019467 -0.976334
17  1.099674 0.000050 0.000004  0.087374 -0.027472 -0.249635
18  0.805994 -0.349051 1.321254  -0.980912 -0.371793 -1.028717
19  1.789821 -0.000005 -0.000019  -0.004629 0.008705 -0.033206
20  1.207017 -0.000012 -0.000045  0.067975 0.222001 0.306306
21  5.740638 0.000411 -0.000701  -0.024580 0.000003 0.000070
22  11.481127 0.000343 -0.000707  -0.030955 0.082481 -0.154316
23  6.027524 -0.000332 0.000203  1.310677 -0.549221 1.750991
24  0.000003 11.692101 -0.000008  -0.364877 -0.057006 -0.306415
25  0.000003 0.000008 -0.000002  -0.335543 -0.000030 1.570739
26  -0.000000 -0.000012 -0.000001  0.868957 0.000002 1.570712
27  -6.837111 -2.442946 -7.233785  1.473120 1.855075 -0.198639
28  6.027517 -0.000264 -0.000223  1.279657 1.352982 -1.005917
29  11.691991 0.000244 0.000856  0.141434 0.000030 -1.211067
30  11.480062 -0.000319 0.000879  -0.678559 -0.491964 0.292420
31  3.859436 -0.132788 1.193061  0.466148 -0.051828 -1.783918
32  1.312560 0.000024 -0.000001  -0.013963 -0.041043 -0.156449
33  0.729343 0.000066 -0.000027  -0.128320 -0.117290 -0.954856
34  3.942046 0.050108 0.430997  0.211502 -0.107596 -1.469117
35  1.539097 0.000005 0.000000  0.040712 -0.054387 -1.030473
36  1.196299 0.000077 -0.000004  -0.249391 -0.043040 -0.795121
37  3.883412 -0.050501 -0.431087  0.186407 -0.271796 -1.212183
38  1.719565 -0.000083 -0.000003  0.020974 -0.107650 -1.483529
39  1.209196 0.000035 0.000011  -0.324719 0.069674 -0.493483
40  3.859585 -0.149112 -1.331323  -0.040757 -0.073789 -0.195091
41  1.719412 -0.000098 -0.000034  -0.007235 0.031761 -0.150715
42  1.099673 0.000025 0.000007  0.118501 -0.028866 -0.144987
43  0.805979 -0.359854 -1.318338  1.096098 0.362252 -1.148042
44  1.789779 -0.000008 -0.000042  -0.094133 0.082656 0.088762
45  1.206997 -0.000005 0.000005  -0.154075 0.220719 0.018404
46  5.740571 0.000056 0.000723  0.171679 -0.000014 0.000021
47  11.480954 -0.000027 0.000925  0.190994 -0.088065 0.069879
48  6.027513 -0.000274 -0.000237  -1.450523 -0.182087 -1.594725
49  -0.000000 11.691975 -0.000006  -0.854621 0.325198 0.691510
50  0.000003 -0.000000 0.000001  2.413975 -0.000041 1.570856
51  -0.000006 -0.000015 0.000006  2.272644 -0.000030 1.570865
52  -7.726565 -14.221180 -3.760612  -2.920220 -0.185596 -0.620538
53  -0.000001 -0.000001 0.000000  0.008153 -0.000259 0.000009
54  0.000001 -0.000000 0.000000  1.565115 0.043565 -0.106862
55  -2.714247 -19.915163 -17.133415  -0.951304 -0.636318 -1.904526
56  -0.000001 0.000000 -0.000000  0.000000 -0.000000 -0.000002
57  0.000029 0.000031 0.000000  -1.571901 -0.044449 -0.106509
58  33.185574 1.676875 -41.957436  1.570796 -0.000000 0.000000
59  -13.956470 -9.775214 -12.623269  1.570796 -0.000000 0.000000
60  1.941978 -1.075505 -8.860325  1.570796 -0.000000 0.000000
61  -0.004311 0.001229 -0.000371  0.006898 -0.005534 -0.284229
62  -7.233792 3.620581 -6.293282  1.570796 -0.000000 0.000000
63  0.000000 0.000000 0.000000  -0.078727 -3.136056 0.284226
64  0.000000 0.000000 0.000000  1.639228 0.000027 -0.310321
65  -1.617407 -17.417961 1.240065  1.489557 -0.245519 1.119886
66  -0.000001 -2.923557 -1.408041  0.000000 0.000000 -0.000000
67  -0.000003 -0.601197 -2.062164  0.000000 0.000000 -0.000000
68  0.004378 -0.039406 6.613117  0.000000 0.000000 -0.000000
69  0.000002 -0.021786 -0.115849  0.000000 0.000000 -0.000000
70  0.000000 -3.304880 0.259169  0.000000 0.000000 -0.000000
71  2.816554 -19.329418 0.394621  1.489557 -0.245519 1.119886
72  0.057101 0.204433 -2.709597  0.000000 0.000000 -0.000000
73  0.111675 -0.283002 -2.709597  0.000000 0.000000 -0.000000
74  -0.128216 -0.750370 -2.709596  0.000000 0.000000 -0.000000
time 53
0  0 0 0  0 0 0
1  0.000006 0.000000 0.000000  -1.570800 -1.391899 -1.570792
2  -8.526393 2.634402 1.937664  -1.544956 -1.855077 -0.198630
3  6.027526 -0.000327 0.000193  -0.303964 -0.968933 -1.862153
4  11.692117 0.000645 -0.000740  -1.208639 0.000010 -0.485284
5  11.480551 0.000691 -0.000230  1.303499 0.238031 -0.743963
6  3.859508 -0.142880 -1.192050  -0.355845 0.071161 -1.717889
7  1.312591 0.000014 0.000008  0.001009 0.118634 -1.342342
8  0.729354 0.000053 0.000051  -0.354413 0.192185 -1.033754
9  3.942140 0.046272 -0.431512  -0.118608 0.030347 -1.596581
10  1.539113 0.000085 0.000005  0.010839 0.048095 -1.195681
11  1.196333 0.000144 0.000030  0.083612 0.101560 -1.052457
12  3.883505 -0.047269 0.431382  0.144811 0.104657 -0.532403
13  1.719573 -0.000028 0.000017  -0.000044 0.055089 -1.348529
14  1.209178 0.000091 0.000011  -0.061065 -0.064635 -1.162035
15  3.859663 -0.138476 1.332410  0.344468 -0.053989 -0.682073
16  1.719449 -0.000010 0.000023  0.002485 -0.019467 -0.976334
17  1.099674 0.000050 0.000004  0.087374 -0.027472 -0.249635
18  0.805994 -0.349051 1.321254  -0.980912 -0.371793 -1.028717
19  1.789821 -0.000005 -0.000019  -0.004629 0.008705 -0.033206
20  1.207017 -0.000012 -0.000045  0.067975 0.222001 0.306306
21  5.740637 0.000409 -0.000703  -0.023817 0.000003 0.000070
22  11.481126 0.000341 -0.000708  -0.030212 0.082846 -0.154112
23  6.027524 -0.000332 0.000203  1.310677 -0.549221 1.750991
24  0.000003 11.692101 -0.000008  -0.364877 -0.057006 -0.306415
25  0.000003 0.000008 -0.000002  -0.339603 -0.000030 1.570739
26  -0.000000 -0.000012 -0.000001  0.868957 0.000002 1.570712
27  -6.837111 -2.442946 -7.233785  1.473120 1.855075 -0.198639
28  6.027517 -0.000264 -0.000223  1.276316 1.355161 -1.009053
29  11.691991 0.000243 0.000857  0.141433 0.000029 -1.200745
30  11.480110 -0.000299 0.000878  -0.675592 -0.493145 0.271888
31  3.859436 -0.132788 1.193062  0.466148 -0.051828 -1.783918
32  1.312558 0.000025 -0.000001  -0.013963 -0.041043 -0.156449
33  0.729347 0.000066 -0.000028  -0.128320 -0.117290 -0.954856
34  3.942046 0.050109 0.430997  0.211502 -0.107596 -1.469117
35  1.539095 0.000006 0.000000  0.040712 -0.054387 -1.030473
36  1.196300 0.000077 -0.000004  -0.249391 -0.043040 -0.795121
37  3.883412 -0.050502 -0.431087  0.186407 -0.271796 -1.212183
38  1.719564 -0.000080 -0.000003  0.020974 -0.107650 -1.483529
39  1.209197 0.000035 0.000012  -0.324719 0.069674 -0.493483
40  3.859586 -0.149111 -1.331323  -0.040757 -0.073789 -0.195091
41  1.719412 -0.000098 -0.000034  -0.007235 0.031761 -0.150715
42  1.099674 0.000026 0.000007  0.118501 -0.028866 -0.144987
43  0.805978 -0.359853 -1.318338  1.097162 0.357263 -1.145175
44  1.789778 -0.000008 -0.000042  -0.094154 0.079144 0.085494
45  1.206997 -0.000005 0.000005  -0.144112 0.205209 0.040495
46  5.740570 0.000057 0.000724  0.168595 -0.000014 0.000021
47  11.480963 -0.000023 0.000926  0.190730 -0.089709 0.066197
48  6.027513 -0.000274 -0.000237  -1.452358 -0.180671 -1.594267
49  -0.000001 11.691974 -0.000008  -0.848206 0.320185 0.686880
50  0.000003 0.000001 -0.000001  2.413975 -0.000041 1.570856
51  -0.000007 -0.000015 0.000005  2.272644 -0.000030 1.570865
52  -7.730029 -14.302022 -3.791353  -2.924404 -0.194138 -0.613280
53  -0.000000 -0.000000 0.000000  0.008153 -0.000259 0.000009
54  -0.000001 0.000001 -0.000000  1.565115 0.043565 -0.106862
55  -2.714247 -19.915163 -17.133415  -0.951304 -0.636318 -1.904526
56  -0.000001 0.000000 -0.000000  0.000000 -0.000000 -0.000002
57  0.000029 0.000031 0.000000  -1.571901 -0.044449 -0.106509
58  33.185574 1.676875 -41.957436  1.570796 -0.000000 0.000000
59  -13.956470 -9.775214 -12.623269  1.570796 -0.000000 0.000000
60  1.941978 -1.075505 -8.860325  1.570796 -0.000000 0.000000
61  -0.004311 0.001229 -0.000371  0.006898 -0.005534 -0.284229
62  -7.233792 3.620581 -6.293282  1.570796 -0.000000 0.000000
63  0.000000 0.000000 0.000000  -0.078727 -3.136056 0.284226
64  0.000000 0.000000 0.000000  1.639866 0.001457 -0.320637
65  -1.623534 -17.417603 1.263535  1.481602 -0.240022 1.128266
66  0.000003 -2.923558 -1.408042  -0.000000 -0.000000 -0.000000
67  -0.000001 -0.601198 -2.062164  -0.000000 -0.000000 -0.000000
68  0.004382 -0.039406 6.613114  -0.000000 -0.000000 -0.000000
69  0.000003 -0.021786 -0.115849  -0.000000 -0.000000 -0.000000
70  0.000003 -3.304880 0.259169  -0.000000 -0.000000 -0.000000
71  2.826514 -19.307194 0.454243  1.481602 -0.240022 1.128266
72  0.057101 0.204433 -2.709597  -0.000000 -0.000000 -0.000000
73  0.111675 -0.283002 -2.709597  -0.000000 -0.000000 -0.000000
74  -0.128215 -0.750370 -2.709598  -0.000000 -0.000000 -0.000000
time 54
0  0 0 0  0 0 0
1  0.000006 0.000000 0.000000  -1.570800 -1.391899 -1.570792
2  -8.526393 2.634402 1.937664  -1.544956 -1.855077 -0.198630
3  6.027526 -0.000327 0.000193  -0.303964 -0.968933 -1.862153
4  11.692117 0.000645 -0.000740  -1.212713 0.000010 -0.485284
5  11.480553 0.000694 -0.000228  1.306586 0.240789 -0.743231
6  3.859508 -0.142880 -1.192050  -0.355845 0.071161 -1.717889
7  1.312591 0.000014 0.000008  0.001009 0.118634 -1.342342
8  0.729354 0.000053 0.000051  -0.354413 0.192185 -1.033754
9  3.942140 0.046272 -0.431512  -0.118608 0.030347 -1.596581
10  1.539113 0.000085 0.000005  0.010839 0.048095 -1.195681
11  1.196333 0.000144 0.000030  0.083612 0.101560 -1.052457
12  3.883505 -0.047269 0.431382  0.144811 0.104657 -0.532403
13  1.719573 -0.000028 0.000017  -0.000044 0.055089 -1.348529
14  1.209178 0.000091 0.000011  -0.061065 -0.064635 -1.162035
15  3.859663 -0.138476 1.332410  0.344468 -0.053989 -0.682073
16  1.719449 -0.000010 0.000023  0.002485 -0.019467 -0.976334
17  1.099674 0.000050 0.000004  0.087374 -0.027472 -0.249635
18  0.805994 -0.349051 1.321254  -0.980912 -0.371793 -1.028717
19  1.789821 -0.000005 -0.000019  -0.004629 0.008705 -0.033206
20  1.207017 -0.000012 -0.000045  0.067975 0.222001 0.306306
21  5.740638 0.000409 -0.000703  -0.023051 0.000003 0.000071
22  11.481124 0.000345 -0.000706  -0.029467 0.083210 -0.153906
23  6.027524 -0.000332 0.000203  1.310677 -0.549221 1.750991
24  0.000003 11.692101 -0.000008  -0.364877 -0.057006 -0.306415
25  0.000003 0.000008 -0.000002  -0.343678 -0.000030 1.570739
26  -0.000000 -0.000012 -0.000001  0.868957 0.000002 1.570712
27  -6.837111 -2.442946 -7.233785  1.473120 1.855075 -0.198639
28  6.027517 -0.000264 -0.000223  1.275097 1.357476 -1.011874
29  11.691991 0.000242 0.000858  0.141433 0.000028 -1.192924
30  11.480148 -0.000279 0.000876  -0.673796 -0.497684 0.258883
31  3.859436 -0.132788 1.193061  0.466148 -0.051828 -1.783918
32  1.312559 0.000024 -0.000000  -0.013963 -0.041043 -0.156449
33  0.729346 0.000065 -0.000027  -0.128320 -0.117290 -0.954856
34  3.942047 0.050108 0.430997  0.211502 -0.107596 -1.469117
35  1.539096 0.000004 -0.000000  0.040712 -0.054387 -1.030473
36  1.196300 0.000077 -0.000005  -0.249391 -0.043040 -0.795121
37  3.883412 -0.050502 -0.431087  0.186407 -0.271796 -1.212183
38  1.719564 -0.000081 -0.000003  0.020974 -0.107650 -1.483529
39  1.209199 0.000035 0.000012  -0.324719 0.069674 -0.493483
40  3.859585 -0.149112 -1.331323  -0.040757 -0.073789 -0.195091
41  1.719411 -0.000102 -0.000034  -0.007235 0.031761 -0.150715
42  1.099674 0.000026 0.000007  0.118501 -0.028866 -0.144987
43  0.805980 -0.359854 -1.318338  1.098102 0.352120 -1.142208
44  1.789780 -0.000008 -0.000043  -0.094088 0.076018 0.083551
45  1.206997 -0.000006 0.000006  -0.135569 0.192462 0.062330
46  5.740571 0.000056 0.000725  0.166246 -0.000014 0.000021
47  11.480974 -0.000019 0.000924  0.190588 -0.091494 0.064124
48  6.027513 -0.000274 -0.000237  -1.453876 -0.178883 -1.595626
49  -0.000001 11.691975 -0.000009  -0.843337 0.316406 0.683354
50  0.000005 0.000000 0.000001  2.413975 -0.000041 1.570856
51  -0.000007 -0.000015 0.000004  2.272644 -0.000030 1.570865
52  -7.744181 -14.361340 -3.793749  -2.926727 -0.198348 -0.606582
53  -0.000000 -0.000003 -0.000000  0.008153 -0.000259 0.000009
54  0.000000 0.000000 -0.000000  1.565115 0.043565 -0.106862
55  -2.714247 -19.915163 -17.133415  -0.951304 -0.636318 -1.904526
56  -0.000001 0.000000 -0.000000  0.000000 -0.000000 -0.000002
57  0.000029 0.000031 0.000000  -1.571901 -0.044449 -0.106509
58  33.185574 1.676875 -41.957436  1.570796 -0.000000 0.000000
59  -13.956470 -9.775214 -12.623269  1.570796 -0.000000 0.000000
60  1.941978 -1.075505 -8.860325  1.570796 -0.000000 0.000000
61  -0.004311 0.001229 -0.000371  0.006898 -0.005534 -0.284229
62  -7.233792 3.620581 -6.293282  1.570796 -0.000000 0.000000
63  0.000000 0.000000 0.000000  -0.078727 -3.136056 0.284226
64  0.000000 0.000000 0.000000  1.639730 0.004120 -0.328414
65  -1.629290 -17.417068 1.287455  1.477731 -0.237061 1.135427
66  0.000002 -2.923558 -1.408043  0.000000 0.000000 0.000000
67  -0.000002 -0.601197 -2.062165  0.000000 0.000000 0.000000
68  0.004381 -0.039407 6.613116  0.000000 0.000000 0.000000
69  0.000001 -0.021787 -0.115848  0.000000 0.000000 0.000000
70  0.000002 -3.304881 0.259168  0.000000 0.000000 0.000000
71  2.834204 -19.282246 0.495759  1.477731 -0.237061 1.135427
72  0.057100 0.204433 -2.709595  0.000000 0.000000 0.000000
73  0.111674 -0.283002 -2.709595  0.000000 0.000000 0.000000
74  -0.128216 -0.750371 -2.709596  0.000000 0.000000 0.000000
time 55
0  0 0 0  0 0 0
1  0.000006 0.000000 0.000000  -1.570800 -1.391899 -1.570792
2  -8.526393 2.634402 1.937664  -1.544956 -1.855077 -0.198630
3  6.027526 -0.000327 0.000193  -0.303964 -0.968933 -1.862153
4  11.692117 0.000645 -0.000740  -1.216799 0.000010 -0.485284
5  11.480552 0.000695 -0.000226  1.309685 0.243553 -0.742487
6  3.859508 -0.142880 -1.192050  -0.355845 0.071161 -1.717889
7  1.312591 0.000014 0.000008  0.001009 0.118634 -1.342342
8  0.729354 0.000053 0.000051  -0.354413 0.192185 -1.033754
9  3.942140 0.046272 -0.431512  -0.118608 0.030347 -1.596581
10  1.539113 0.000085 0.000005  0.010839 0.048095 -1.195681
11  1.196333 0.000144 0.000030  0.083612 0.101560 -1.052457
12  3.883505 -0.047269 0.431382  0.144811 0.104657 -0.532403
13  1.719573 -0.000028 0.000017  -0.000044 0.055089 -1.348529
14  1.209178 0.000091 0.000011  -0.061065 -0.064635 -1.162035
15  3.859663 -0.138476 1.332410  0.344468 -0.053989 -0.682073
16  1.719449 -0.000010 0.000023  0.002485 -0.019467 -0.976334
17  1.099674 0.000050 0.000004  0.087374 -0.027472 -0.249635
18  0.805994 -0.349051 1.321254  -0.980912 -0.371793 -1.028717
19  1.789821 -0.000005 -0.000019  -0.004629 0.008705 -0.033206
20  1.207017 -0.000012 -0.000045  0.067975 0.222001 0.306306
21  5.740638 0.000410 -0.000703  -0.022283 0.000003 0.000070
22  11.481124 0.000347 -0.000706  -0.028720 0.083576 -0.153699
23  6.027524 -0.000332 0.000203  1.310677 -0.549221 1.750991
24  0.000003 11.692101 -0.000008  -0.364877 -0.057006 -0.306415
25  0.000003 0.000008 -0.000002  -0.347763 -0.000030 1.570739
26  -0.000000 -0.000012 -0.000001  0.868957 0.000002 1.570712
27  -6.837111 -2.442946 -7.233785  1.473120 1.855075 -0.198639
28  6.027517 -0.000264 -0.000223  1.275774 1.359773 -1.014215
29  11.691991 0.000243 0.000858  0.141433 0.000028 -1.187524
30  11.480178 -0.000269 0.000873  -0.673037 -0.504745 0.252538
31  3.859436 -0.132787 1.193061  0.466148 -0.051828 -1.783918
32  1.312560 0.000024 -0.000000  -0.013963 -0.041043 -0.156449
33  0.729346 0.000066 -0.000026  -0.128320 -0.117290 -0.954856
34  3.942046 0.050109 0.430997  0.211502 -0.107596 -1.469117
35  1.539099 0.000004 0.000001  0.040712 -0.054387 -1.030473
36  1.196301 0.000077 -0.000004  -0.249391 -0.043040 -0.795121
37  3.883411 -0.050501 -0.431087  0.186407 -0.271795 -1.212183
38  1.719563 -0.000082 -0.000003  0.020974 -0.107650 -1.483529
39  1.209197 0.000036 0.000011  -0.324719 0.069674 -0.493483
40  3.859585 -0.149111 -1.331323  -0.040757 -0.073789 -0.195091
41  1.719411 -0.000103 -0.000034  -0.007235 0.031761 -0.150715
42  1.099674 0.000024 0.000007  0.118501 -0.028866 -0.144987
43  0.805979 -0.359852 -1.318338  1.098893 0.346931 -1.139203
44  1.789780 -0.000008 -0.000041  -0.093943 0.073348 0.082988
45  1.206996 -0.000005 0.000006  -0.128510 0.182820 0.083571
46  5.740572 0.000056 0.000724  0.164546 -0.000014 0.000021
47  11.480981 -0.000018 0.000923  0.190546 -0.093313 0.063442
48  6.027513 -0.000274 -0.000237  -1.455042 -0.176888 -1.598423
49  0.000000 11.691975 -0.000008  -0.839970 0.313806 0.680912
50  0.000003 0.000000 0.000000  2.413975 -0.000041 1.570856
51  -0.000007 -0.000015 0.000004  2.272644 -0.000030 1.570865
52  -7.766675 -14.400532 -3.772872  -2.927424 -0.198928 -0.600662
53  0.000000 0.000000 -0.000000  0.008153 -0.000259 0.000009
54  -0.000001 0.000001 -0.000000  1.565115 0.043565 -0.106862
55  -2.714247 -19.915163 -17.133415  -0.951304 -0.636318 -1.904526
56  -0.000001 0.000000 -0.000000  0.000000 -0.000000 -0.000002
57  0.000029 0.000031 0.000000  -1.571901 -0.044449 -0.106509
58  33.185574 1.676875 -41.957436  1.570796 -0.000000 0.000000
59  -13.956470 -9.775214 -12.623269  1.570796 -0.000000 0.000000
60  1.941978 -1.075505 -8.860325  1.570796 -0.000000 0.000000
61  -0.004311 0.001229 -0.000371  0.006898 -0.005534 -0.284229
62  -7.233792 3.620581 -6.293282  1.570796 -0.000000 0.000000
63  0.000000 0.000000 0.000000  -0.078727 -3.136056 0.284226
64  0.000000 0.000000 0.000000  1.638907 0.007270 -0.333323
65  -1.634686 -17.416321 1.311585  1.477263 -0.236289 1.141318
66  0.000002 -2.923558 -1.408043  0.000000 -0.000000 0.000000
67  -0.000002 -0.601198 -2.062165  0.000000 -0.000000 0.000000
68  0.004381 -0.039407 6.613114  0.000000 -0.000000 0.000000
69  0.000002 -0.021787 -0.115850  0.000000 -0.000000 0.000000
70  0.000003 -3.304881 0.259168  0.000000 -0.000000 0.000000
71  2.839590 -19.256367 0.521941  1.477263 -0.236289 1.141318
72  0.057099 0.204433 -2.709599  0.000000 -0.000000 0.000000
73  0.111672 -0.283001 -2.709599  0.000000 -0.000000 0.000000
74  -0.128218 -0.750370 -2.709599  0.000000 -0.000000 0.000000
time 56
0  0 0 0  0 0 0
1  0.000006 0.000000 0.000000  -1.570800 -1.391899 -1.570792
2  -8.526393 2.634402 1.937664  -1.544956 -1.855077 -0.198630
3  6.027526 -0.000327 0.000193  -0.303964 -0.968933 -1.862153
4  11.692117 0.000645 -0.000740  -1.220891 0.000010 -0.485284
5  11.480552 0.000694 -0.000221  1.312794 0.246318 -0.741733
6  3.859508 -0.142880 -1.192050  -0.355845 0.071161 -1.717889
7  1.312591 0.000014 0.000008  0.001009 0.118634 -1.342342
8  0.729354 0.000053 0.000051  -0.354413 0.192185 -1.033754
9  3.942140 0.046272 -0.431512  -0.118608 0.030347 -1.596581
10  1.539113 0.000085 0.000005  0.010839 0.048095 -1.195681
11  1.196333 0.000144 0.000030  0.083612 0.101560 -1.052457
12  3.883505 -0.047269 0.431382  0.144811 0.104657 -0.532403
13  1.719573 -0.000028 0.000017  -0.000044 0.055089 -1.348529
14  1.209178 0.000091 0.000011  -0.061065 -0.064635 -1.162035
15  3.859663 -0.138476 1.332410  0.344468 -0.053989 -0.682073
16  1.719449 -0.000010 0.000023  0.002485 -0.019467 -0.976334
17  1.099674 0.000050 0.000004  0.087374 -0.027472 -0.249635
18  0.805994 -0.349051 1.321254  -0.980912 -0.371793 -1.028717
19  1.789821 -0.000005 -0.000019  -0.004629 0.008705 -0.033206
20  1.207017 -0.000012 -0.000045  0.067975 0.222001 0.306306
21  5.740637 0.000409 -0.000702  -0.021514 0.000003 0.000071
22  11.481124 0.000342 -0.000705  -0.027971 0.083942 -0.153490
23  6.027524 -0.000332 0.000203  1.310677 -0.549221 1.750991
24  0.000003 11.692101 -0.000008  -0.364877 -0.057006 -0.306415
25  0.000003 0.000008 -0.000002  -0.351855 -0.000030 1.570739
26  -0.000000 -0.000012 -0.000001  0.868957 0.000002 1.570712
27  -6.837111 -2.442946 -7.233785  1.473120 1.855075 -0.198639
28  6.027517 -0.000264 -0.000223  1.276333 1.361885 -1.016373
29  11.691991 0.000241 0.000857  0.141433 0.000028 -1.183058
30  11.480198 -0.000256 0.000870  -0.672544 -0.510717 0.247709
31  3.859436 -0.132787 1.193061  0.466148 -0.051828 -1.783918
32  1.312557 0.000025 -0.000000  -0.013963 -0.041043 -0.156449
33  0.729346 0.000066 -0.000028  -0.128320 -0.117290 -0.954856
34  3.942047 0.050109 0.430996  0.211502 -0.107596 -1.469117
35  1.539095 0.000004 0.000000  0.040712 -0.054387 -1.030473
36  1.196300 0.000076 -0.000004  -0.249391 -0.043040 -0.795121
37  3.883412 -0.050501 -0.431087  0.186407 -0.271796 -1.212183
38  1.719563 -0.000082 -0.000003  0.020974 -0.107650 -1.483530
39  1.209195 0.000034 0.000011  -0.324719 0.069674 -0.493483
40  3.859585 -0.149111 -1.331323  -0.040757 -0.073789 -0.195091
41  1.719412 -0.000096 -0.000034  -0.007235 0.031761 -0.150715
42  1.099674 0.000025 0.000007  0.118501 -0.028866 -0.144987
43  0.805979 -0.359853 -1.318338  1.099434 0.341596 -1.135710
44  1.789778 -0.000007 -0.000042  -0.093596 0.070879 0.083200
45  1.206996 -0.000006 0.000006  -0.122138 0.174819 0.105361
46  5.740572 0.000057 0.000725  0.163145 -0.000014 0.000021
47  11.480984 -0.000015 0.000924  0.190497 -0.094817 0.062963
48  6.027513 -0.000274 -0.000237  -1.456127 -0.175062 -1.600937
49  -0.000001 11.691975 -0.000007  -0.837182 0.311662 0.678886
50  0.000004 0.000000 0.000001  2.413975 -0.000041 1.570856
51  -0.000007 -0.000016 0.000006  2.272644 -0.000030 1.570865
52  -7.785652 -14.431797 -3.750935  -2.927969 -0.199333 -0.595854
53  0.000001 -0.000002 0.000000  0.008153 -0.000259 0.000009
54  0.000000 0.000001 -0.000000  1.565115 0.043565 -0.106862
55  -2.714247 -19.915163 -17.133415  -0.951304 -0.636318 -1.904526
56  -0.000001 0.000000 -0.000000  0.000000 -0.000000 -0.000002
57  0.000029 0.000031 0.000000  -1.571901 -0.044449 -0.106509
58  33.185574 1.676875 -41.957436  1.570796 -0.000000 0.000000
59  -13.956470 -9.775214 -12.623269  1.570796 -0.000000 0.000000
60  1.941978 -1.075505 -8.860325  1.570796 -0.000000 0.000000
61  -0.004311 0.001229 -0.000371  0.006898 -0.005534 -0.284229
62  -7.233792 3.620581 -6.293282  1.570796 -0.000000 0.000000
63  0.000000 0.000000 0.000000  -0.078727 -3.136056 0.284226
64  0.000000 0.000000 0.000000  1.637570 0.010178 -0.335032
65  -1.639733 -17.415327 1.335738  1.476946 -0.235694 1.146093
66  0.000001 -2.923558 -1.408042  -0.000000 0.000000 0.000000
67  -0.000004 -0.601197 -2.062163  -0.000000 0.000000 0.000000
68  0.004382 -0.039407 6.613115  -0.000000 0.000000 0.000000
69  0.000002 -0.021787 -0.115849  -0.000000 0.000000 0.000000
70  0.000001 -3.304881 0.259169  -0.000000 0.000000 0.000000
71  2.843170 -19.234848 0.547471  1.476946 -0.235694 1.146093
72  0.057100 0.204432 -2.709597  -0.000000 0.000000 0.000000
73  0.111673 -0.283002 -2.709597  -0.000000 0.000000 0.000000
74  -0.128217 -0.750371 -2.709597  -0.000000 0.000000 0.000000
time 57
0  0 0 0  0 0 0
1  0.000006 0.000000 0.000000  -1.570800 -1.391899 -1.570792
2  -8.526393 2.634402 1.937664  -1.544956 -1.855077 -0.198630
3  6.027526 -0.000327 0.000193  -0.303964 -0.968933 -1.862153
4  11.692117 0.000645 -0.000740  -1.224987 0.000010 -0.485284
5  11.480552 0.000696 -0.000220  1.315910 0.249084 -0.740970
6  3.859508 -0.142880 -1.192050  -0.355845 0.071161 -1.717889
7  1.312591 0.000014 0.000008  0.001009 0.118634 -1.342342
8  0.729354 0.000053 0.000051  -0.354413 0.192185 -1.033754
9  3.942140 0.046272 -0.431512  -0.118608 0.030347 -1.596581
10  1.539113 0.000085 0.000005  0.010839 0.048095 -1.195681
11  1.196333 0.000144 0.000030  0.083612 0.101560 -1.052457
12  3.883505 -0.047269 0.431382  0.144811 0.104657 -0.532403
13  1.719573 -0.000028 0.000017  -0.000044 0.055089 -1.348529
14  1.209178 0.000091 0.000011  -0.061065 -0.064635 -1.162035
15  3.859663 -0.138476 1.332410  0.344468 -0.053989 -0.682073
16  1.719449 -0.000010 0.000023  0.002485 -0.019467 -0.976334
17  1.099674 0.000050 0.000004  0.087374 -0.027472 -0.249635
18  0.805994 -0.349051 1.321254  -0.980912 -0.371793 -1.028717
19  1.789821 -0.000005 -0.000019  -0.004629 0.008705 -0.033206
20  1.207017 -0.000012 -0.000045  0.067975 0.222001 0.306306
21  5.740637 0.000411 -0.000701  -0.020744 0.000003 0.000071
22  11.481124 0.000345 -0.000705  -0.027221 0.084307 -0.153281
23  6.027524 -0.000332 0.000203  1.310677 -0.549221 1.750991
24  0.000003 11.692101 -0.000008  -0.364877 -0.057006 -0.306415
25  0.000003 0.000008 -0.000002  -0.355951 -0.000030 1.570739
26  -0.000000 -0.000012 -0.000001  0.868957 0.000002 1.570712
27  -6.837111 -2.442946 -7.233785  1.473120 1.855075 -0.198639
28  6.027517 -0.000264 -0.000223  1.276803 1.363754 -1.018280
29  11.691992 0.000244 0.000857  0.141432 0.000028 -1.179681
30  11.480215 -0.000250 0.000871  -0.672386 -0.515448 0.244598
31  3.859437 -0.132789 1.193062  0.466148 -0.051828 -1.783918
32  1.312558 0.000024 -0.000001  -0.013963 -0.041043 -0.156449
33  0.729345 0.000066 -0.000028  -0.128320 -0.117290 -0.954856
34  3.942047 0.050107 0.430997  0.211502 -0.107596 -1.469117
35  1.539098 0.000004 0.000000  0.040712 -0.054387 -1.030473
36  1.196298 0.000076 -0.000004  -0.249391 -0.043040 -0.795121
37  3.883412 -0.050503 -0.431087  0.186407 -0.271796 -1.212183
38  1.719565 -0.000082 -0.000003  0.020974 -0.107650 -1.483530
39  1.209197 0.000035 0.000012  -0.324719 0.069674 -0.493483
40  3.859586 -0.149112 -1.331323  -0.040757 -0.073789 -0.195091
41  1.719413 -0.000096 -0.000034  -0.007235 0.031761 -0.150715
42  1.099674 0.000025 0.000007  0.118501 -0.028866 -0.144987
43  0.805980 -0.359855 -1.318338  1.099615 0.335962 -1.131243
44  1.789780 -0.000007 -0.000041  -0.092917 0.068335 0.083596
45  1.206996 -0.000005 0.000004  -0.115701 0.166898 0.128996
46  5.740572 0.000054 0.000725  0.162079 -0.000014 0.000021
47  11.480988 -0.000015 0.000925  0.190440 -0.095964 0.062712
48  6.027513 -0.000274 -0.000237  -1.457093 -0.173450 -1.603136
49  -0.000002 11.691975 -0.000006  -0.835073 0.310044 0.677351
50  0.000004 0.000000 0.000000  2.413975 -0.000041 1.570856
51  -0.000007 -0.000016 0.000006  2.272644 -0.000030 1.570865
52  -7.800810 -14.454075 -3.728041  -2.928346 -0.199553 -0.592305
53  0.000000 0.000001 0.000000  0.008153 -0.000259 0.000009
54  0.000000 -0.000001 0.000000  1.565115 0.043565 -0.106862
55  -2.714247 -19.915163 -17.133415  -0.951304 -0.636318 -1.904526
56  -0.000001 0.000000 -0.000000  0.000000 -0.000000 -0.000002
57  0.000029 0.000031 0.000000  -1.571901 -0.044449 -0.106509
58  33.185574 1.676875 -41.957436  1.570796 -0.000000 0.000000
59  -13.956470 -9.775214 -12.623269  1.570796 -0.000000 0.000000
60  1.941978 -1.075505 -8.860325  1.570796 -0.000000 0.000000
61  -0.004311 0.001229 -0.000371  0.006898 -0.005534 -0.284229
62  -7.233792 3.620581 -6.293282  1.570796 -0.000000 0.000000
63  0.000000 0.000000 0.000000  -0.078727 -3.136056 0.284226
64  0.000000 0.000000 0.000000  1.635921 0.012304 -0.334286
65  -1.644445 -17.414051 1.359761  1.476788 -0.235292 1.149604
66  0.000002 -2.923558 -1.408042  0.000000 -0.000000 -0.000000
67  -0.000004 -0.601198 -2.062164  0.000000 -0.000000 -0.000000
68  0.004377 -0.039407 6.613115  0.000000 -0.000000 -0.000000
69  -0.000001 -0.021786 -0.115849  0.000000 -0.000000 -0.000000
70  0.000001 -3.304881 0.259169  0.000000 -0.000000 -0.000000
71  2.844734 -19.218327 0.572164  1.476788 -0.235292 1.149604
72  0.057098 0.204433 -2.709598  0.000000 -0.000000 -0.000000
73  0.111672 -0.283001 -2.709598  0.000000 -0.000000 -0.000000
74  -0.128220 -0.750370 -2.709597  0.000000 -0.000000 -0.000000
time 58
0  0 0 0  0 0 0
1  0.000006 0.000000 0.000000  -1.570800 -1.391899 -1.570792
2  -8.526393 2.634402 1.937664  -1.544956 -1.855077 -0.198630
3  6.027526 -0.000327 0.000193  -0.303964 -0.968933 -1.862153
4  11.692117 0.000645 -0.000740  -1.229083 0.000010 -0.485284
5  11.480552 0.000697 -0.000215  1.319031 0.251848 -0.740196
6  3.859508 -0.142880 -1.192050  -0.355845 0.071161 -1.717889
7  1.312591 0.000014 0.000008  0.001009 0.118634 -1.342342
8  0.729354 0.000053 0.000051  -0.354413 0.192185 -1.033754
9  3.942140 0.046272 -0.431512  -0.118608 0.030347 -1.596581
10  1.539113 0.000085 0.000005  0.010839 0.048095 -1.195681
11  1.196333 0.000144 0.000030  0.083612 0.101560 -1.052457
12  3.883505 -0.047269 0.431382  0.144811 0.104657 -0.532403
13  1.719573 -0.000028 0.000017  -0.000044 0.055089 -1.348529
14  1.209178 0.000091 0.000011  -0.061065 -0.064635 -1.162035
15  3.859663 -0.138476 1.332410  0.344468 -0.053989 -0.682073
16  1.719449 -0.000010 0.000023  0.002485 -0.019467 -0.976334
17  1.099674 0.000050 0.000004  0.087374 -0.027472 -0.249635
18  0.805994 -0.349051 1.321254  -0.980912 -0.371793 -1.028717
19  1.789821 -0.000005 -0.000019  -0.004629 0.008705 -0.033206
20  1.207017 -0.000012 -0.000045  0.067975 0.222001 0.306306
21  5.740637 0.000411 -0.000702  -0.019974 0.000003 0.000071
22  11.481125 0.000346 -0.000703  -0.026471 0.084672 -0.153072
23  6.027524 -0.000332 0.000203  1.310677 -0.549221 1.750991
24  0.000003 11.692101 -0.000008  -0.364877 -0.057006 -0.306415
25  0.000003 0.000008 -0.000002  -0.360047 -0.000030 1.570739
26  -0.000000 -0.000012 -0.000001  0.868957 0.000002 1.570712
27  -6.837111 -2.442946 -7.233785  1.473120 1.855075 -0.198639
28  6.027517 -0.000265 -0.000223  1.277210 1.365325 -1.019873
29  11.691992 0.000245 0.000856  0.141432 0.000027 -1.177550
30  11.480227 -0.000244 0.000869  -0.672626 -0.518787 0.243407
31  3.859436 -0.132789 1.193062  0.466148 -0.051828 -1.783918
32  1.312559 0.000025 0.000000  -0.013963 -0.041043 -0.156449
33  0.729345 0.000066 -0.000027  -0.128320 -0.117290 -0.954856
34  3.942046 0.050109 0.430997  0.211502 -0.107596 -1.469117
35  1.539096 0.000004 0.000000  0.040712 -0.054387 -1.030473
36  1.196298 0.000076 -0.000004  -0.249391 -0.043040 -0.795121
37  3.883412 -0.050503 -0.431087  0.186407 -0.271796 -1.212183
38  1.719562 -0.000080 -0.000003  0.020974 -0.107650 -1.483529
39  1.209197 0.000036 0.000011  -0.324719 0.069674 -0.493483
40  3.859584 -0.149112 -1.331323  -0.040757 -0.073789 -0.195091
41  1.719412 -0.000100 -0.000034  -0.007235 0.031761 -0.150715
42  1.099674 0.000021 0.000007  0.118501 -0.028866 -0.144987
43  0.805979 -0.359855 -1.318338  1.099423 0.330034 -1.125796
44  1.789778 -0.000008 -0.000042  -0.091904 0.065719 0.084174
45  1.206997 -0.000005 0.000007  -0.109218 0.159046 0.154484
46  5.740572 0.000055 0.000723  0.161383 -0.000014 0.000021
47  11.480989 -0.000014 0.000923  0.190373 -0.096712 0.062711
48  6.027513 -0.000274 -0.000237  -1.457903 -0.172094 -1.604989
49  0.000000 11.691975 -0.000006  -0.833741 0.309025 0.676381
50  0.000003 0.000000 0.000001  2.413975 -0.000041 1.570856
51  -0.000006 -0.000015 0.000006  2.272644 -0.000030 1.570865
52  -7.811828 -14.466299 -3.704270  -2.928540 -0.199580 -0.590166
53  -0.000000 -0.000000 0.000000  0.008153 -0.000259 0.000009
54  0.000000 -0.000002 0.000000  1.565115 0.043565 -0.106862
55  -2.714247 -19.915163 -17.133415  -0.951304 -0.636318 -1.904526
56  -0.000001 0.000000 -0.000000  0.000000 -0.000000 -0.000002
57  0.000029 0.000031 0.000000  -1.571901 -0.044449 -0.106509
58  33.185574 1.676875 -41.957436  1.570796 -0.000000 0.000000
59  -13.956470 -9.775214 -12.623269  1.570796 -0.000000 0.000000
60  1.941978 -1.075505 -8.860325  1.570796 -0.000000 0.000000
61  -0.004311 0.001229 -0.000371  0.006898 -0.005534 -0.284229
62  -7.233792 3.620581 -6.293282  1.570796 -0.000000 0.000000
63  0.000000 0.000000 0.000000  -0.078727 -3.136056 0.284226
64  0.000000 0.000000 0.000000  1.634055 0.013676 -0.332318
65  -1.648832 -17.412457 1.383521  1.476795 -0.235100 1.151703
66  0.000001 -2.923558 -1.408042  0.000000 -0.000000 0.000000
67  -0.000002 -0.601198 -2.062164  0.000000 -0.000000 0.000000
68  0.004382 -0.039406 6.613115  0.000000 -0.000000 0.000000
69  0.000001 -0.021786 -0.115848  0.000000 -0.000000 0.000000
70  0.000003 -3.304881 0.259168  0.000000 -0.000000 0.000000
71  2.844062 -19.207434 0.595855  1.476795 -0.235100 1.151703
72  0.057100 0.204432 -2.709596  0.000000 -0.000000 0.000000
73  0.111673 -0.283002 -2.709596  0.000000 -0.000000 0.000000
74  -0.128217 -0.750371 -2.709596  0.000000 -0.000000 0.000000
time 59
0  0 0 0  0 0 0
1  0.000006 0.000000 0.000000  -1.570800 -1.391899 -1.570792
2  -8.526393 2.634402 1.937664  -1.544956 -1.855077 -0.198630
3  6.027526 -0.000327 0.000193  -0.303964 -0.968933 -1.862153
4  11.692117 0.000645 -0.000740  -1.233176 0.000010 -0.485284
5  11.480551 0.000696 -0.000215  1.322153 0.254607 -0.739414
6  3.859508 -0.142880 -1.192050  -0.355845 0.071161 -1.717889
7  1.312591 0.000014 0.000008  0.001009 0.118634 -1.342342
8  0.729354 0.000053 0.000051  -0.354413 0.192185 -1.033754
9  3.942140 0.046272 -0.431512  -0.118608 0.030347 -1.596581
10  1.539113 0.000085 0.000005  0.010839 0.048095 -1.195681
11  1.196333 0.000144 0.000030  0.083612 0.101560 -1.052457
12  3.883505 -0.047269 0.431382  0.144811 0.104657 -0.532403
13  1.719573 -0.000028 0.000017  -0.000044 0.055089 -1.348529
14  1.209178 0.000091 0.000011  -0.061065 -0.064635 -1.162035
15  3.859663 -0.138476 1.332410  0.344468 -0.053989 -0.682073
16  1.719449 -0.000010 0.000023  0.002485 -0.019467 -0.976334
17  1.099674 0.000050 0.000004  0.087374 -0.027472 -0.249635
18  0.805994 -0.349051 1.321254  -0.980912 -0.371793 -1.028717
19  1.789821 -0.000005 -0.000019  -0.004629 0.008705 -0.033206
20  1.207017 -0.000012 -0.000045  0.067975 0.222001 0.306306
21  5.740636 0.000409 -0.000704  -0.019204 0.000003 0.000071
22  11.481124 0.000342 -0.000706  -0.025722 0.085037 -0.152861
23  6.027524 -0.000332 0.000203  1.310677 -0.549221 1.750991
24  0.000003 11.692101 -0.000008  -0.364877 -0.057006 -0.306415
25  0.000003 0.000008 -0.000002  -0.364140 -0.000030 1.570739
26  -0.000000 -0.000012 -0.000001  0.868957 0.000002 1.570712
27  -6.837111 -2.442946 -7.233785  1.473120 1.855075 -0.198639
28  6.027517 -0.000265 -0.000223  1.277574 1.366548 -1.021097
29  11.691992 0.000244 0.000856  0.141432 0.000028 -1.176813
30  11.480232 -0.000242 0.000868  -0.673327 -0.520581 0.244337
31  3.859437 -0.132786 1.193061  0.466148 -0.051828 -1.783918
32  1.312560 0.000025 -0.000001  -0.013963 -0.041043 -0.156449
33  0.729345 0.000066 -0.000027  -0.128320 -0.117290 -0.954856
34  3.942048 0.050111 0.430996  0.211502 -0.107596 -1.469117
35  1.539096 0.000005 -0.000000  0.040712 -0.054387 -1.030473
36  1.196300 0.000076 -0.000004  -0.249391 -0.043040 -0.795121
37  3.883413 -0.050500 -0.431087  0.186407 -0.271795 -1.212183
38  1.719563 -0.000082 -0.000003  0.020974 -0.107650 -1.483529
39  1.209198 0.000035 0.000011  -0.324719 0.069674 -0.493483
40  3.859586 -0.149110 -1.331324  -0.040757 -0.073789 -0.195091
41  1.719413 -0.000098 -0.000034  -0.007235 0.031761 -0.150715
42  1.099674 0.000023 0.000007  0.118501 -0.028866 -0.144987
43  0.805980 -0.359854 -1.318339  1.098845 0.323821 -1.119370
44  1.789779 -0.000008 -0.000042  -0.090557 0.063033 0.084935
45  1.206996 -0.000005 0.000003  -0.102710 0.151255 0.181820
46  5.740573 0.000054 0.000723  0.161096 -0.000014 0.000021
47  11.480993 -0.000012 0.000922  0.190296 -0.097019 0.062986
48  6.027513 -0.000274 -0.000237  -1.458526 -0.171034 -1.606462
49  -0.000001 11.691973 -0.000006  -0.833281 0.308672 0.676045
50  0.000003 0.000000 0.000002  2.413975 -0.000041 1.570856
51  -0.000007 -0.000015 0.000006  2.272644 -0.000030 1.570865
52  -7.818358 -14.467399 -3.679679  -2.928538 -0.199400 -0.589588
53  -0.000000 0.000001 -0.000000  0.008153 -0.000259 0.000009
54  0.000001 0.000000 -0.000000  1.565115 0.043565 -0.106862
55  -2.714247 -19.915163 -17.133415  -0.951304 -0.636318 -1.904526
56  -0.000001 0.000000 -0.000000  0.000000 -0.000000 -0.000002
57  0.000029 0.000031 0.000000  -1.571901 -0.044449 -0.106509
58  33.185574 1.676875 -41.957436  1.570796 -0.000000 0.000000
59  -13.956470 -9.775214 -12.623269  1.570796 -0.000000 0.000000
60  1.941978 -1.075505 -8.860325  1.570796 -0.000000 0.000000
61  -0.004311 0.001229 -0.000371  0.006898 -0.005534 -0.284229
62  -7.233792 3.620581 -6.293282  1.570796 -0.000000 0.000000
63  0.000000 0.000000 0.000000  -0.078727 -3.136056 0.284226
64  0.000000 0.000000 0.000000  1.632047 0.014428 -0.329520
65  -1.652905 -17.410511 1.406901  1.476976 -0.235132 1.152238
66  0.000001 -2.923558 -1.408041  0.000000 -0.000000 -0.000000
67  -0.000002 -0.601197 -2.062164  0.000000 -0.000000 -0.000000
68  0.004378 -0.039406 6.613115  0.000000 -0.000000 -0.000000
69  0.000002 -0.021786 -0.115848  0.000000 -0.000000 -0.000000
70  0.000000 -3.304880 0.259170  0.000000 -0.000000 -0.000000
71  2.840909 -19.202812 0.618388  1.476976 -0.235132 1.152238
72  0.057101 0.204433 -2.709597  0.000000 -0.000000 -0.000000
73  0.111672 -0.283001 -2.709597  0.000000 -0.000000 -0.000000
74  -0.128217 -0.750370 -2.709597  0.000000 -0.000000 -0.000000
time 60
0  0 0 0  0 0 0
1  0.000006 0.000000 0.000000  -1.570800 -1.391899 -1.570792
2  -8.526393 2.634402 1.937664  -1.544956 -1.855077 -0.198630
3  6.027526 -0.000327 0.000193  -0.303964 -0.968933 -1.862153
4  11.692117 0.000645 -0.000740  -1.237262 0.000010 -0.485284
5  11.480551 0.000697 -0.000212  1.325275 0.257360 -0.738623
6  3.859508 -0.142880 -1.192050  -0.355845 0.071161 -1.717889
7  1.312591 0.000014 0.000008  0.001009 0.118634 -1.342342
8  0.729354 0.000053 0.000051  -0.354413 0.192185 -1.033754
9  3.942140 0.046272 -0.431512  -0.118608 0.030347 -1.596581
10  1.539113 0.000085 0.000005  0.010839 0.048095 -1.195681
11  1.196333 0.000144 0.000030  0.083612 0.101560 -1.052457
12  3.883505 -0.047269 0.431382  0.144811 0.104657 -0.532403
13  1.719573 -0.000028 0.000017  -0.000044 0.055089 -1.348529
14  1.209178 0.000091 0.000011  -0.061065 -0.064635 -1.162035
15  3.859663 -0.138476 1.332410  0.344468 -0.053989 -0.682073
16  1.719449 -0.000010 0.000023  0.002485 -0.019467 -0.976334
17  1.099674 0.000050 0.000004  0.087374 -0.027472 -0.249635
18  0.805994 -0.349051 1.321254  -0.980912 -0.371793 -1.028717
19  1.789821 -0.000005 -0.000019  -0.004629 0.008705 -0.033206
20  1.207017 -0.000012 -0.000045  0.067975 0.222001 0.306306
21  5.740637 0.000409 -0.000703  -0.018436 0.000003 0.000070
22  11.481124 0.000345 -0.000703  -0.024973 0.085400 -0.152650
23  6.027524 -0.000332 0.000203  1.310677 -0.549221 1.750991
24  0.000003 11.692101 -0.000008  -0.364877 -0.057006 -0.306415
25  0.000003 0.000008 -0.000002  -0.368227 -0.000030 1.570739
26  -0.000000 -0.000012 -0.000001  0.868957 0.000002 1.570712
27  -6.837111 -2.442946 -7.233785  1.473120 1.855075 -0.198639
28  6.027517 -0.000265 -0.000223  1.277920 1.367566 -1.022101
29  11.691992 0.000242 0.000857  0.141432 0.000027 -1.176854
30  11.480230 -0.000242 0.000869  -0.674256 -0.521550 0.246411
31  3.859437 -0.132785 1.193061  0.466148 -0.051828 -1.783918
32  1.312560 0.000024 -0.000000  -0.013963 -0.041043 -0.156449
33  0.729344 0.000066 -0.000027  -0.128320 -0.117290 -0.954856
34  3.942047 0.050111 0.430997  0.211502 -0.107596 -1.469117
35  1.539096 0.000004 0.000000  0.040712 -0.054387 -1.030473
36  1.196299 0.000076 -0.000003  -0.249391 -0.043040 -0.795121
37  3.883412 -0.050500 -0.431087  0.186407 -0.271796 -1.212183
38  1.719563 -0.000082 -0.000004  0.020974 -0.107650 -1.483529
39  1.209197 0.000035 0.000011  -0.324719 0.069674 -0.493483
40  3.859586 -0.149110 -1.331324  -0.040757 -0.073789 -0.195091
41  1.719412 -0.000098 -0.000034  -0.007235 0.031761 -0.150715
42  1.099673 0.000025 0.000007  0.118501 -0.028866 -0.144987
43  0.805979 -0.359852 -1.318338  1.097869 0.317335 -1.111970
44  1.789779 -0.000008 -0.000041  -0.088878 0.060281 0.085876
45  1.206997 -0.000006 0.000007  -0.096201 0.143515 0.210984
46  5.740572 0.000056 0.000723  0.161038 -0.000014 0.000021
47  11.480991 -0.000011 0.000923  0.190218 -0.097088 0.063410
48  6.027513 -0.000274 -0.000237  -1.459037 -0.170147 -1.607718
49  -0.000000 11.691974 -0.000007  -0.833306 0.308692 0.676064
50  0.000002 -0.000001 0.000000  2.413975 -0.000041 1.570856
51  -0.000006 -0.000015 0.000006  2.272644 -0.000030 1.570865
52  -7.822434 -14.462353 -3.654849  -2.928421 -0.199096 -0.589833
53  -0.000001 0.000000 -0.000000  0.008153 -0.000259 0.000009
54  0.000001 0.000002 -0.000000  1.565115 0.043565 -0.106862
55  -2.714247 -19.915163 -17.133415  -0.951304 -0.636318 -1.904526
56  -0.000001 0.000000 -0.000000  0.000000 -0.000000 -0.000002
57  0.000029 0.000031 0.000000  -1.571901 -0.044449 -0.106509
58  33.185574 1.676875 -41.957436  1.570796 -0.000000 0.000000
59  -13.956470 -9.775214 -12.623269  1.570796 -0.000000 0.000000
60  1.941978 -1.075505 -8.860325  1.570796 -0.000000 0.000000
61  -0.004311 0.001229 -0.000371  0.006898 -0.005534 -0.284229
62  -7.233792 3.620581 -6.293282  1.570796 -0.000000 0.000000
63  0.000000 0.000000 0.000000  -0.078727 -3.136056 0.284226
64  0.000000 0.000000 0.000000  1.629973 0.014693 -0.326286
65  -1.656677 -17.408176 1.429790  1.477264 -0.235298 1.151950
66  0.000002 -2.923557 -1.408043  -0.000000 0.000000 -0.000000
67  -0.000003 -0.601197 -2.062164  -0.000000 0.000000 -0.000000
68  0.004382 -0.039407 6.613114  -0.000000 0.000000 -0.000000
69  0.000002 -0.021786 -0.115848  -0.000000 0.000000 -0.000000
70  0.000003 -3.304880 0.259167  -0.000000 0.000000 -0.000000
71  2.836589 -19.201263 0.639956  1.477264 -0.235298 1.151950
72  0.057098 0.204433 -2.709597  -0.000000 0.000000 -0.000000
73  0.111673 -0.283002 -2.709597  -0.000000 0.000000 -0.000000
74  -0.128218 -0.750370 -2.709597  -0.000000 0.000000 -0.000000
time 61
0  0 0 0  0 0 0
1  0.000006 0.000000 0.000000  -1.570800 -1.391899 -1.570792
2  -8.526393 2.634402 1.937664  -1.544956 -1.855077 -0.198630
3  6.027526 -0.000327 0.000193  -0.303964 -0.968933 -1.862153
4  11.692117 0.000645 -0.000740  -1.241338 0.000010 -0.485284
5  11.480551 0.000698 -0.000209  1.328394 0.260103 -0.737825
6  3.859508 -0.142880 -1.192050  -0.355845 0.071161 -1.717889
7  1.312591 0.000014 0.000008  0.001009 0.118634 -1.342342
8  0.729354 0.000053 0.000051  -0.354413 0.192185 -1.033754
9  3.942140 0.046272 -0.431512  -0.118608 0.030347 -1.596581
10  1.539113 0.000085 0.000005  0.010839 0.048095 -1.195681
11  1.196333 0.000144 0.000030  0.083612 0.101560 -1.052457
12  3.883505 -0.047269 0.431382  0.144811 0.104657 -0.532403
13  1.719573 -0.000028 0.000017  -0.000044 0.055089 -1.348529
14  1.209178 0.000091 0.000011  -0.061065 -0.064635 -1.162035
15  3.859663 -0.138476 1.332410  0.344468 -0.053989 -0.682073
16  1.719449 -0.000010 0.000023  0.002485 -0.019467 -0.976334
17  1.099674 0.000050 0.000004  0.087374 -0.027472 -0.249635
18  0.805994 -0.349051 1.321254  -0.980912 -0.371793 -1.028717
19  1.789821 -0.000005 -0.000019  -0.004629 0.008705 -0.033206
20  1.207017 -0.000012 -0.000045  0.067975 0.222001 0.306306
21  5.740636 0.000408 -0.000704  -0.017669 0.000003 0.000070
22  11.481122 0.000346 -0.000703  -0.024227 0.085762 -0.152440
23  6.027524 -0.000332 0.000203  1.310677 -0.549221 1.750991
24  0.000003 11.692101 -0.000008  -0.364877 -0.057006 -0.306415
25  0.000003 0.000008 -0.000002  -0.372302 -0.000030 1.570739
26  -0.000000 -0.000012 -0.000001  0.868957 0.000002 1.570712
27  -6.837111 -2.442946 -7.233785  1.473120 1.855075 -0.198639
28  6.027517 -0.000265 -0.000223  1.278275 1.368545 -1.023058
29  11.691991 0.000241 0.000856  0.141432 0.000027 -1.176969
30  11.480228 -0.000242 0.000866  -0.675145 -0.522516 0.248521
31  3.859436 -0.132786 1.193062  0.466148 -0.051828 -1.783918
32  1.312557 0.000025 -0.000001  -0.013963 -0.041043 -0.156449
33  0.729345 0.000066 -0.000028  -0.128320 -0.117290 -0.954856
34  3.942046 0.050111 0.430997  0.211502 -0.107596 -1.469117
35  1.539098 0.000004 0.000001  0.040712 -0.054387 -1.030473
36  1.196301 0.000077 -0.000004  -0.249391 -0.043040 -0.795121
37  3.883410 -0.050501 -0.431087  0.186407 -0.271795 -1.212183
38  1.719564 -0.000082 -0.000003  0.020974 -0.107650 -1.483529
39  1.209199 0.000035 0.000011  -0.324719 0.069674 -0.493483
40  3.859584 -0.149111 -1.331323  -0.040757 -0.073789 -0.195091
41  1.719412 -0.000099 -0.000034  -0.007235 0.031761 -0.150715
42  1.099674 0.000025 0.000007  0.118501 -0.028866 -0.144987
43  0.805978 -0.359852 -1.318338  1.096486 0.310596 -1.103609
44  1.789779 -0.000009 -0.000042  -0.086872 0.057468 0.086993
45  1.206996 -0.000005 0.000004  -0.089717 0.135822 0.241934
46  5.740571 0.000055 0.000723  0.161001 -0.000014 0.000021
47  11.480989 -0.000013 0.000923  0.190149 -0.097153 0.063842
48  6.027513 -0.000274 -0.000237  -1.459526 -0.169292 -1.608939
49  -0.000001 11.691974 -0.000009  -0.833378 0.308747 0.676116
50  0.000004 -0.000001 -0.000000  2.413975 -0.000041 1.570856
51  -0.000006 -0.000015 0.000004  2.272644 -0.000030 1.570865
52  -7.826353 -14.456818 -3.630416  -2.928279 -0.198760 -0.590062
53  0.000001 0.000000 0.000000  0.008153 -0.000259 0.000009
54  -0.000001 0.000001 0.000000  1.565115 0.043565 -0.106862
55  -2.714247 -19.915163 -17.133415  -0.951304 -0.636318 -1.904526
56  -0.000001 0.000000 -0.000000  0.000000 -0.000000 -0.000002
57  0.000029 0.000031 0.000000  -1.571901 -0.044449 -0.106509
58  33.185574 1.676875 -41.957436  1.570796 -0.000000 0.000000
59  -13.956470 -9.775214 -12.623269  1.570796 -0.000000 0.000000
60  1.941978 -1.075505 -8.860325  1.570796 -0.000000 0.000000
61  -0.004311 0.001229 -0.000371  0.006898 -0.005534 -0.284229
62  -7.233792 3.620581 -6.293282  1.570796 -0.000000 0.000000
63  0.000000 0.000000 0.000000  -0.078727 -3.136056 0.284226
64  0.000000 0.000000 0.000000  1.627906 0.014604 -0.323012
65  -1.660159 -17.405418 1.452084  1.477580 -0.235491 1.151675
66  0.000002 -2.923558 -1.408041  0.000000 -0.000000 0.000000
67  -0.000001 -0.601198 -2.062165  0.000000 -0.000000 0.000000
68  0.004381 -0.039406 6.613116  0.000000 -0.000000 0.000000
69  0.000002 -0.021786 -0.115848  0.000000 -0.000000 0.000000
70  0.000002 -3.304881 0.259169  0.000000 -0.000000 0.000000
71  2.832586 -19.199171 0.660798  1.477580 -0.235491 1.151675
72  0.057099 0.204433 -2.709597  0.000000 -0.000000 0.000000
73  0.111673 -0.283001 -2.709597  0.000000 -0.000000 0.000000
74  -0.128217 -0.750370 -2.709597  0.000000 -0.000000 0.000000
time 62
0  0 0 0  0 0 0
1  0.000006 0.000000 0.000000  -1.570800 -1.391899 -1.570792
2  -8.526393 2.634402 1.937664  -1.544956 -1.855077 -0.198630
3  6.027526 -0.000327 0.000193  -0.303964 -0.968933 -1.862153
4  11.692117 0.000645 -0.000740  -1.245401 0.000010 -0.485284
5  11.480551 0.000701 -0.000205  1.331507 0.262834 -0.737021
6  3.859508 -0.142880 -1.192050  -0.355845 0.071161 -1.717889
7  1.312591 0.000014 0.000008  0.001009 0.118634 -1.342342
8  0.729354 0.000053 0.000051  -0.354413 0.192185 -1.033754
9  3.942140 0.046272 -0.431512  -0.118608 0.030347 -1.596581
10  1.539113 0.000085 0.000005  0.010839 0.048095 -1.195681
11  1.196333 0.000144 0.000030  0.083612 0.101560 -1.052457
12  3.883505 -0.047269 0.431382  0.144811 0.104657 -0.532403
13  1.719573 -0.000028 0.000017  -0.000044 0.055089 -1.348529
14  1.209178 0.000091 0.000011  -0.061065 -0.064635 -1.162035
15  3.859663 -0.138476 1.332410  0.344468 -0.053989 -0.682073
16  1.719449 -0.000010 0.000023  0.002485 -0.019467 -0.976334
17  1.099674 0.000050 0.000004  0.087374 -0.027472 -0.249635
18  0.805994 -0.349051 1.321254  -0.980912 -0.371793 -1.028717
19  1.789821 -0.000005 -0.000019  -0.004629 0.008705 -0.033206
20  1.207017 -0.000012 -0.000045  0.067975 0.222001 0.306306
21  5.740637 0.000410 -0.000702  -0.016905 0.000003 0.000071
22  11.481123 0.000344 -0.000702  -0.023483 0.086123 -0.152229
23  6.027524 -0.000332 0.000203  1.310677 -0.549221 1.750991
24  0.000003 11.692101 -0.000008  -0.364877 -0.057006 -0.306415
25  0.000003 0.000008 -0.000002  -0.376365 -0.000030 1.570739
26  -0.000000 -0.000012 -0.000001  0.868957 0.000002 1.570712
27  -6.837111 -2.442946 -7.233785  1.473120 1.855075 -0.198639
28  6.027517 -0.000265 -0.000223  1.278643 1.369475 -1.023955
29  11.691992 0.000243 0.000856  0.141432 0.000028 -1.177168
30  11.480227 -0.000244 0.000871  -0.675993 -0.523465 0.250667
31  3.859436 -0.132787 1.193062  0.466148 -0.051828 -1.783918
32  1.312559 0.000025 -0.000000  -0.013963 -0.041043 -0.156449
33  0.729346 0.000066 -0.000027  -0.128320 -0.117290 -0.954856
34  3.942045 0.050110 0.430997  0.211502 -0.107596 -1.469117
35  1.539096 0.000004 0.000000  0.040712 -0.054387 -1.030473
36  1.196300 0.000076 -0.000004  -0.249391 -0.043040 -0.795121
37  3.883411 -0.050501 -0.431087  0.186407 -0.271796 -1.212183
38  1.719563 -0.000082 -0.000004  0.020974 -0.107650 -1.483530
39  1.209198 0.000036 0.000012  -0.324719 0.069674 -0.493483
40  3.859584 -0.149110 -1.331323  -0.040757 -0.073789 -0.195091
41  1.719412 -0.000099 -0.000034  -0.007235 0.031761 -0.150715
42  1.099673 0.000022 0.000007  0.118501 -0.028866 -0.144987
43  0.805979 -0.359852 -1.318339  1.094688 0.303624 -1.094311
44  1.789779 -0.000007 -0.000044  -0.084546 0.054599 0.088281
45  1.206997 -0.000006 0.000005  -0.083287 0.128172 0.274607
46  5.740573 0.000056 0.000724  0.160985 -0.000014 0.000021
47  11.480990 -0.000014 0.000924  0.190090 -0.097211 0.064280
48  6.027513 -0.000274 -0.000237  -1.459985 -0.168476 -1.610120
49  -0.000001 11.691976 -0.000007  -0.833502 0.308842 0.676207
50  0.000004 -0.000001 0.000001  2.413975 -0.000041 1.570856
51  -0.000007 -0.000015 0.000005  2.272644 -0.000030 1.570865
52  -7.830097 -14.450737 -3.606506  -2.928116 -0.198394 -0.590281
53  -0.000000 0.000000 0.000000  0.008153 -0.000259 0.000009
54  0.000001 0.000001 -0.000000  1.565115 0.043565 -0.106862
55  -2.714247 -19.915163 -17.133415  -0.951304 -0.636318 -1.904526
56  -0.000001 0.000000 -0.000000  0.000000 -0.000000 -0.000002
57  0.000029 0.000031 0.000000  -1.571901 -0.044449 -0.106509
58  33.185574 1.676875 -41.957436  1.570796 -0.000000 0.000000
59  -13.956470 -9.775214 -12.623269  1.570796 -0.000000 0.000000
60  1.941978 -1.075505 -8.860325  1.570796 -0.000000 0.000000
61  -0.004311 0.001229 -0.000371  0.006898 -0.005534 -0.284229
62  -7.233792 3.620581 -6.293282  1.570796 -0.000000 0.000000
63  0.000000 0.000000 0.000000  -0.078727 -3.136056 0.284226
64  0.000000 0.000000 0.000000  1.625921 0.014290 -0.320092
65  -1.663363 -17.402201 1.473676  1.477923 -0.235711 1.151408
66  0.000003 -2.923558 -1.408042  0.000000 0.000000 -0.000000
67  -0.000003 -0.601198 -2.062163  0.000000 0.000000 -0.000000
68  0.004382 -0.039406 6.613115  0.000000 0.000000 -0.000000
69  0.000002 -0.021786 -0.115849  0.000000 0.000000 -0.000000
70  0.000001 -3.304881 0.259170  0.000000 0.000000 -0.000000
71  2.828879 -19.196526 0.680820  1.477923 -0.235711 1.151408
72  0.057099 0.204434 -2.709597  0.000000 0.000000 -0.000000
73  0.111672 -0.283001 -2.709596  0.000000 0.000000 -0.000000
74  -0.128217 -0.750369 -2.709597  0.000000 0.000000 -0.000000
time 63
0  0 0 0  0 0 0
1  0.000006 0.000000 0.000000  -1.570800 -1.391899 -1.570792
2  -8.526393 2.634402 1.937664  -1.544956 -1.855077 -0.198630
3  6.027526 -0.000327 0.000193  -0.303964 -0.968933 -1.862153
4  11.692117 0.000645 -0.000740  -1.249447 0.000010 -0.485284
5  11.480551 0.000700 -0.000203  1.334612 0.265552 -0.736210
6  3.859508 -0.142880 -1.192050  -0.355845 0.071161 -1.717889
7  1.312591 0.000014 0.000008  0.001009 0.118634 -1.342342
8  0.729354 0.000053 0.000051  -0.354413 0.192185 -1.033754
9  3.942140 0.046272 -0.431512  -0.118608 0.030347 -1.596581
10  1.539113 0.000085 0.000005  0.010839 0.048095 -1.195681
11  1.196333 0.000144 0.000030  0.083612 0.101560 -1.052457
12  3.883505 -0.047269 0.431382  0.144811 0.104657 -0.532403
13  1.719573 -0.000028 0.000017  -0.000044 0.055089 -1.348529
14  1.209178 0.000091 0.000011  -0.061065 -0.064635 -1.162035
15  3.859663 -0.138476 1.332410  0.344468 -0.053989 -0.682073
16  1.719449 -0.000010 0.000023  0.002485 -0.019467 -0.976334
17  1.099674 0.000050 0.000004  0.087374 -0.027472 -0.249635
18  0.805994 -0.349051 1.321254  -0.980912 -0.371793 -1.028717
19  1.789821 -0.000005 -0.000019  -0.004629 0.008705 -0.033206
20  1.207017 -0.000012 -0.000045  0.067975 0.222001 0.306306
21  5.740637 0.000410 -0.000704  -0.016145 0.000003 0.000070
22  11.481123 0.000347 -0.000703  -0.022742 0.086481 -0.152019
23  6.027524 -0.000332 0.000203  1.310677 -0.549221 1.750991
24  0.000003 11.692101 -0.000008  -0.364877 -0.057006 -0.306415
25  0.000003 0.000008 -0.000002  -0.380411 -0.000030 1.570739
26  -0.000000 -0.000012 -0.000001  0.868957 0.000002 1.570712
27  -6.837111 -2.442946 -7.233785  1.473120 1.855075 -0.198639
28  6.027517 -0.000265 -0.000223  1.279030 1.370347 -1.024781
29  11.691991 0.000244 0.000857  0.141432 0.000027 -1.177467
30  11.480227 -0.000243 0.000868  -0.676800 -0.524382 0.252851
31  3.859437 -0.132787 1.193062  0.466148 -0.051828 -1.783917
32  1.312560 0.000024 -0.000000  -0.013963 -0.041043 -0.156449
33  0.729344 0.000066 -0.000027  -0.128320 -0.117290 -0.954856
34  3.942046 0.050110 0.430997  0.211502 -0.107596 -1.469117
35  1.539096 0.000004 0.000000  0.040712 -0.054387 -1.030473
36  1.196299 0.000077 -0.000004  -0.249391 -0.043040 -0.795121
37  3.883412 -0.050500 -0.431087  0.186407 -0.271796 -1.212183
38  1.719564 -0.000081 -0.000003  0.020974 -0.107650 -1.483529
39  1.209198 0.000037 0.000011  -0.324719 0.069674 -0.493483
40  3.859585 -0.149110 -1.331323  -0.040757 -0.073789 -0.195091
41  1.719413 -0.000097 -0.000034  -0.007235 0.031761 -0.150715
42  1.099673 0.000025 0.000007  0.118501 -0.028866 -0.144987
43  0.805979 -0.359853 -1.318338  1.092473 0.296448 -1.084105
44  1.789779 -0.000007 -0.000043  -0.081910 0.051682 0.089734
45  1.206996 -0.000005 0.000004  -0.076941 0.120565 0.308913
46  5.740571 0.000055 0.000724  0.160994 -0.000014 0.000021
47  11.480988 -0.000012 0.000923  0.190041 -0.097258 0.064724
48  6.027513 -0.000274 -0.000237  -1.460409 -0.167707 -1.611255
49  -0.000001 11.691974 -0.000008  -0.833689 0.308985 0.676343
50  0.000003 -0.000000 0.000001  2.413975 -0.000041 1.570856
51  -0.000007 -0.000015 0.000005  2.272644 -0.000030 1.570865
52  -7.833648 -14.444045 -3.583245  -2.927933 -0.198002 -0.590498
53  -0.000000 0.000001 -0.000000  0.008153 -0.000259 0.000009
54  0.000000 0.000001 0.000000  1.565115 0.043565 -0.106862
55  -2.714247 -19.915163 -17.133415  -0.951304 -0.636318 -1.904526
56  -0.000001 0.000000 -0.000000  0.000000 -0.000000 -0.000002
57  0.000029 0.000031 0.000000  -1.571901 -0.044449 -0.106509
58  33.185574 1.676875 -41.957436  1.570796 -0.000000 0.000000
59  -13.956470 -9.775214 -12.623269  1.570796 -0.000000 0.000000
60  1.941978 -1.075505 -8.860325  1.570796 -0.000000 0.000000
61  -0.004311 0.001229 -0.000371  0.006898 -0.005534 -0.284229
62  -7.233792 3.620581 -6.293282  1.570796 -0.000000 0.000000
63  0.000000 0.000000 0.000000  -0.078727 -3.136056 0.284226
64  0.000000 0.000000 0.000000  1.624122 0.013717 -0.317842
65  -1.666299 -17.398491 1.494459  1.478289 -0.235955 1.151142
66  0.000005 -2.923558 -1.408041  0.000000 0.000000 0.000000
67  -0.000002 -0.601198 -2.062163  0.000000 0.000000 0.000000
68  0.004381 -0.039406 6.613117  0.000000 0.000000 0.000000
69  0.000002 -0.021786 -0.115848  0.000000 0.000000 0.000000
70  0.000003 -3.304881 0.259170  0.000000 0.000000 0.000000
71  2.825438 -19.193335 0.699930  1.478289 -0.235955 1.151142
72  0.057100 0.204433 -2.709597  0.000000 0.000000 0.000000
73  0.111673 -0.283001 -2.709597  0.000000 0.000000 0.000000
74  -0.128216 -0.750370 -2.709596  0.000000 0.000000 0.000000
time 64
0  0 0 0  0 0 0
1  0.000006 0.000000 0.000000  -1.570800 -1.391899 -1.570792
2  -8.526393 2.634402 1.937664  -1.544956 -1.855077 -0.198630
3  6.027526 -0.000327 0.000193  -0.303964 -0.968933 -1.862153
4  11.692117 0.000645 -0.000740  -1.253472 0.000010 -0.485284
5  11.480552 0.000701 -0.000202  1.337705 0.268254 -0.735394
6  3.859508 -0.142880 -1.192050  -0.355845 0.071161 -1.717889
7  1.312591 0.000014 0.000008  0.001009 0.118634 -1.342342
8  0.729354 0.000053 0.000051  -0.354413 0.192185 -1.033754
9  3.942140 0.046272 -0.431512  -0.118608 0.030347 -1.596581
10  1.539113 0.000085 0.000005  0.010839 0.048095 -1.195681
11  1.196333 0.000144 0.000030  0.083612 0.101560 -1.052457
12  3.883505 -0.047269 0.431382  0.144811 0.104657 -0.532403
13  1.719573 -0.000028 0.000017  -0.000044 0.055089 -1.348529
14  1.209178 0.000091 0.000011  -0.061065 -0.064635 -1.162035
15  3.859663 -0.138476 1.332410  0.344468 -0.053989 -0.682073
16  1.719449 -0.000010 0.000023  0.002485 -0.019467 -0.976334
17  1.099674 0.000050 0.000004  0.087374 -0.027472 -0.249635
18  0.805994 -0.349051 1.321254  -0.980912 -0.371793 -1.028717
19  1.789821 -0.000005 -0.000019  -0.004629 0.008705 -0.033206
20  1.207017 -0.000012 -0.000045  0.067975 0.222001 0.306306
21  5.740638 0.000410 -0.000704  -0.015387 0.000003 0.000070
22  11.481125 0.000346 -0.000704  -0.022004 0.086838 -0.151808
23  6.027524 -0.000332 0.000203  1.310677 -0.549221 1.750991
24  0.000003 11.692101 -0.000008  -0.364877 -0.057006 -0.306415
25  0.000003 0.000008 -0.000002  -0.384436 -0.000030 1.570739
26  -0.000000 -0.000012 -0.000001  0.868957 0.000002 1.570712
27  -6.837111 -2.442946 -7.233785  1.473120 1.855075 -0.198639
28  6.027517 -0.000265 -0.000223  1.279440 1.371150 -1.025523
29  11.691992 0.000243 0.000857  0.141432 0.000027 -1.177876
30  11.480227 -0.000244 0.000868  -0.677564 -0.525257 0.255072
31  3.859437 -0.132786 1.193061  0.466148 -0.051828 -1.783918
32  1.312560 0.000024 -0.000000  -0.013963 -0.041043 -0.156449
33  0.729344 0.000066 -0.000028  -0.128320 -0.117290 -0.954856
34  3.942047 0.050109 0.430997  0.211502 -0.107596 -1.469117
35  1.539097 0.000005 -0.000000  0.040712 -0.054387 -1.030473
36  1.196299 0.000077 -0.000004  -0.249391 -0.043040 -0.795121
37  3.883413 -0.050501 -0.431087  0.186407 -0.271796 -1.212183
38  1.719563 -0.000083 -0.000003  0.020974 -0.107650 -1.483529
39  1.209197 0.000033 0.000011  -0.324719 0.069674 -0.493483
40  3.859585 -0.149111 -1.331323  -0.040757 -0.073789 -0.195091
41  1.719412 -0.000100 -0.000034  -0.007235 0.031761 -0.150715
42  1.099673 0.000026 0.000007  0.118501 -0.028866 -0.144987
43  0.805980 -0.359854 -1.318338  1.089840 0.289099 -1.073034
44  1.789780 -0.000008 -0.000042  -0.078980 0.048724 0.091341
45  1.206996 -0.000006 0.000006  -0.070711 0.113006 0.344735
46  5.740573 0.000055 0.000723  0.161030 -0.000014 0.000021
47  11.480990 -0.000014 0.000923  0.190001 -0.097293 0.065174
48  6.027513 -0.000274 -0.000237  -1.460791 -0.166993 -1.612335
49  -0.000000 11.691974 -0.000007  -0.833945 0.309180 0.676529
50  0.000002 -0.000001 0.000001  2.413975 -0.000041 1.570856
51  -0.000007 -0.000015 0.000005  2.272644 -0.000030 1.570865
52  -7.836988 -14.436687 -3.560763  -2.927731 -0.197587 -0.590718
53  0.000000 -0.000000 -0.000000  0.008153 -0.000259 0.000009
54  0.000001 0.000000 0.000000  1.565115 0.043565 -0.106862
55  -2.714247 -19.915163 -17.133415  -0.951304 -0.636318 -1.904526
56  -0.000001 0.000000 -0.000000  0.000000 -0.000000 -0.000002
57  0.000029 0.000031 0.000000  -1.571901 -0.044449 -0.106509
58  33.185574 1.676875 -41.957436  1.570796 -0.000000 0.000000
59  -13.956470 -9.775214 -12.623269  1.570796 -0.000000 0.000000
60  1.941978 -1.075505 -8.860325  1.570796 -0.000000 0.000000
61  -0.004311 0.001229 -0.000371  0.006898 -0.005534 -0.284229
62  -7.233792 3.620581 -6.293282  1.570796 -0.000000 0.000000
63  0.000000 0.000000 0.000000  -0.078727 -3.136056 0.284226
64  0.000000 0.000000 0.000000  1.622620 0.012807 -0.316232
65  -1.668981 -17.394251 1.514323  1.478676 -0.236221 1.150871
66  0.000002 -2.923558 -1.408042  0.000000 0.000000 -0.000000
67  -0.000002 -0.601198 -2.062164  0.000000 0.000000 -0.000000
68  0.004381 -0.039407 6.613115  0.000000 0.000000 -0.000000
69  0.000002 -0.021787 -0.115847  0.000000 0.000000 -0.000000
70  0.000002 -3.304880 0.259169  0.000000 0.000000 -0.000000
71  2.822247 -19.189590 0.718029  1.478676 -0.236221 1.150871
72  0.057098 0.204433 -2.709595  0.000000 0.000000 -0.000000
73  0.111670 -0.283001 -2.709595  0.000000 0.000000 -0.000000
74  -0.128219 -0.750370 -2.709595  0.000000 0.000000 -0.000000
time 65
0  0 0 0  0 0 0
1  0.000006 0.000000 0.000000  -1.570800 -1.391899 -1.570792
2  -8.526393 2.634402 1.937664  -1.544956 -1.855077 -0.198630
3  6.027526 -0.000327 0.000193  -0.303964 -0.968933 -1.862153
4  11.692117 0.000645 -0.000740  -1.257474 0.000010 -0.485284
5  11.480551 0.000703 -0.000196  1.340785 0.270938 -0.734574
6  3.859508 -0.142880 -1.192050  -0.355845 0.071161 -1.717889
7  1.312591 0.000014 0.000008  0.001009 0.118634 -1.342342
8  0.729354 0.000053 0.000051  -0.354413 0.192185 -1.033754
9  3.942140 0.046272 -0.431512  -0.118608 0.030347 -1.596581
10  1.539113 0.000085 0.000005  0.010839 0.048095 -1.195681
11  1.196333 0.000144 0.000030  0.083612 0.101560 -1.052457
12  3.883505 -0.047269 0.431382  0.144811 0.104657 -0.532403
13  1.719573 -0.000028 0.000017  -0.000044 0.055089 -1.348529
14  1.209178 0.000091 0.000011  -0.061065 -0.064635 -1.162035
15  3.859663 -0.138476 1.332410  0.344468 -0.053989 -0.682073
16  1.719449 -0.000010 0.000023  0.002485 -0.019467 -0.976334
17  1.099674 0.000050 0.000004  0.087374 -0.027472 -0.249635
18  0.805994 -0.349051 1.321254  -0.980912 -0.371793 -1.028717
19  1.789821 -0.000005 -0.000019  -0.004629 0.008705 -0.033206
20  1.207017 -0.000012 -0.000045  0.067975 0.222001 0.306306
21  5.740636 0.000410 -0.000703  -0.014635 0.000003 0.000071
22  11.481123 0.000346 -0.000701  -0.021270 0.087192 -0.151599
23  6.027524 -0.000332 0.000203  1.310677 -0.549221 1.750991
24  0.000003 11.692101 -0.000008  -0.364877 -0.057006 -0.306415
25  0.000003 0.000008 -0.000002  -0.388438 -0.000030 1.570739
26  -0.000000 -0.000012 -0.000001  0.868957 0.000002 1.570712
27  -6.837111 -2.442946 -7.233785  1.473120 1.855075 -0.198639
28  6.027517 -0.000265 -0.000223  1.279880 1.371873 -1.026168
29  11.691992 0.000244 0.000857  0.141432 0.000028 -1.178409
30  11.480225 -0.000246 0.000869  -0.678285 -0.526075 0.257330
31  3.859436 -0.132787 1.193061  0.466148 -0.051828 -1.783918
32  1.312559 0.000025 -0.000000  -0.013963 -0.041043 -0.156449
33  0.729345 0.000066 -0.000027  -0.128320 -0.117290 -0.954856
34  3.942047 0.050111 0.430996  0.211502 -0.107596 -1.469117
35  1.539095 0.000006 0.000000  0.040712 -0.054387 -1.030473
36  1.196299 0.000076 -0.000004  -0.249391 -0.043040 -0.795121
37  3.883411 -0.050501 -0.431087  0.186407 -0.271795 -1.212183
38  1.719563 -0.000083 -0.000003  0.020974 -0.107650 -1.483529
39  1.209197 0.000034 0.000011  -0.324719 0.069674 -0.493483
40  3.859585 -0.149111 -1.331323  -0.040757 -0.073789 -0.195091
41  1.719412 -0.000098 -0.000034  -0.007235 0.031761 -0.150715
42  1.099673 0.000026 0.000007  0.118501 -0.028866 -0.144987
43  0.805980 -0.359853 -1.318338  1.086795 0.281615 -1.061153
44  1.789778 -0.000007 -0.000041  -0.075772 0.045734 0.093094
45  1.206996 -0.000005 0.000006  -0.064630 0.105504 0.381923
46  5.740574 0.000055 0.000723  0.161094 -0.000014 0.000021
47  11.480989 -0.000013 0.000923  0.189972 -0.097313 0.065627
48  6.027513 -0.000274 -0.000237  -1.461124 -0.166343 -1.613356
49  0.000000 11.691976 -0.000009  -0.834278 0.309435 0.676772
50  0.000002 0.000000 0.000002  2.413975 -0.000041 1.570856
51  -0.000006 -0.000015 0.000004  2.272644 -0.000030 1.570865
52  -7.840106 -14.428606 -3.539205  -2.927513 -0.197152 -0.590947
53  0.000000 0.000001 0.000000  0.008153 -0.000259 0.000009
54  0.000001 0.000001 0.000000  1.565115 0.043565 -0.106862
55  -2.714247 -19.915163 -17.133415  -0.951304 -0.636318 -1.904526
56  -0.000001 0.000000 -0.000000  0.000000 -0.000000 -0.000002
57  0.000029 0.000031 0.000000  -1.571901 -0.044449 -0.106509
58  33.185574 1.676875 -41.957436  1.570796 -0.000000 0.000000
59  -13.956470 -9.775214 -12.623269  1.570796 -0.000000 0.000000
60  1.941978 -1.075505 -8.860325  1.570796 -0.000000 0.000000
61  -0.004311 0.001229 -0.000371  0.006898 -0.005534 -0.284229
62  -7.233792 3.620581 -6.293282  1.570796 -0.000000 0.000000
63  0.000000 0.000000 0.000000  -0.078727 -3.136056 0.284226
64  0.000000 0.000000 0.000000  1.621507 0.011622 -0.315141
65  -1.671419 -17.389446 1.533146  1.479079 -0.236505 1.150591
66  0.000002 -2.923558 -1.408042  -0.000000 -0.000000 0.000000
67  -0.000003 -0.601198 -2.062165  -0.000000 -0.000000 0.000000
68  0.004380 -0.039407 6.613115  -0.000000 -0.000000 0.000000
69  -0.000000 -0.021786 -0.115848  -0.000000 -0.000000 0.000000
70  0.000001 -3.304881 0.259169  -0.000000 -0.000000 0.000000
71  2.819282 -19.185287 0.735011  1.479079 -0.236505 1.150591
72  0.057099 0.204433 -2.709597  -0.000000 -0.000000 0.000000
73  0.111672 -0.283001 -2.709597  -0.000000 -0.000000 0.000000
74  -0.128219 -0.750370 -2.709597  -0.000000 -0.000000 0.000000
time 66
0  0 0 0  0 0 0
1  0.000006 0.000000 0.000000  -1.570800 -1.391899 -1.570792
2  -8.526393 2.634402 1.937664  -1.544956 -1.855077 -0.198630
3  6.027526 -0.000327 0.000193  -0.303964 -0.968933 -1.862153
4  11.692117 0.000645 -0.000740  -1.261449 0.000010 -0.485284
5  11.480552 0.000703 -0.000192  1.343849 0.273601 -0.733750
6  3.859508 -0.142880 -1.192050  -0.355845 0.071161 -1.717889
7  1.312591 0.000014 0.000008  0.001009 0.118634 -1.342342
8  0.729354 0.000053 0.000051  -0.354413 0.192185 -1.033754
9  3.942140 0.046272 -0.431512  -0.118608 0.030347 -1.596581
10  1.539113 0.000085 0.000005  0.010839 0.048095 -1.195681
11  1.196333 0.000144 0.000030  0.083612 0.101560 -1.052457
12  3.883505 -0.047269 0.431382  0.144811 0.104657 -0.532403
13  1.719573 -0.000028 0.000017  -0.000044 0.055089 -1.348529
14  1.209178 0.000091 0.000011  -0.061065 -0.064635 -1.162035
15  3.859663 -0.138476 1.332410  0.344468 -0.053989 -0.682073
16  1.719449 -0.000010 0.000023  0.002485 -0.019467 -0.976334
17  1.099674 0.000050 0.000004  0.087374 -0.027472 -0.249635
18  0.805994 -0.349051 1.321254  -0.980912 -0.371793 -1.028717
19  1.789821 -0.000005 -0.000019  -0.004629 0.008705 -0.033206
20  1.207017 -0.000012 -0.000045  0.067975 0.222001 0.306306
21  5.740638 0.000411 -0.000699  -0.013887 0.000003 0.000071
22  11.481125 0.000346 -0.000696  -0.020541 0.087543 -0.151390
23  6.027524 -0.000332 0.000203  1.310677 -0.549221 1.750991
24  0.000003 11.692101 -0.000008  -0.364877 -0.057006 -0.306415
25  0.000003 0.000008 -0.000002  -0.392414 -0.000030 1.570739
26  -0.000000 -0.000012 -0.000001  0.868957 0.000002 1.570712
27  -6.837111 -2.442946 -7.233785  1.473120 1.855075 -0.198639
28  6.027517 -0.000265 -0.000223  1.280355 1.372505 -1.026703
29  11.691992 0.000244 0.000857  0.141432 0.000028 -1.179080
30  11.480220 -0.000250 0.000869  -0.678961 -0.526823 0.259626
31  3.859435 -0.132789 1.193062  0.466148 -0.051828 -1.783917
32  1.312560 0.000024 -0.000001  -0.013963 -0.041043 -0.156449
33  0.729345 0.000066 -0.000027  -0.128320 -0.117290 -0.954856
34  3.942046 0.050109 0.430997  0.211502 -0.107596 -1.469117
35  1.539096 0.000005 -0.000000  0.040712 -0.054387 -1.030473
36  1.196299 0.000077 -0.000003  -0.249391 -0.043040 -0.795121
37  3.883411 -0.050502 -0.431087  0.186407 -0.271795 -1.212183
38  1.719564 -0.000082 -0.000003  0.020974 -0.107650 -1.483529
39  1.209196 0.000034 0.000011  -0.324719 0.069674 -0.493483
40  3.859584 -0.149112 -1.331323  -0.040757 -0.073789 -0.195091
41  1.719412 -0.000098 -0.000034  -0.007235 0.031761 -0.150715
42  1.099673 0.000024 0.000007  0.118501 -0.028866 -0.144987
43  0.805978 -0.359855 -1.318338  1.083350 0.274038 -1.048528
44  1.789780 -0.000008 -0.000042  -0.072309 0.042723 0.094978
45  1.206996 -0.000005 0.000006  -0.058731 0.098071 0.420298
46  5.740572 0.000054 0.000723  0.161190 -0.000014 0.000021
47  11.480989 -0.000014 0.000923  0.189952 -0.097314 0.066085
48  6.027513 -0.000274 -0.000237  -1.461400 -0.165765 -1.614311
49  -0.000001 11.691975 -0.000007  -0.834698 0.309756 0.677077
50  0.000004 0.000001 -0.000001  2.413975 -0.000041 1.570856
51  -0.000007 -0.000015 0.000004  2.272644 -0.000030 1.570865
52  -7.842978 -14.419735 -3.518717  -2.927281 -0.196700 -0.591191
53  0.000000 -0.000002 -0.000000  0.008153 -0.000259 0.000009
54  0.000000 -0.000001 0.000000  1.565115 0.043565 -0.106862
55  -2.714247 -19.915163 -17.133415  -0.951304 -0.636318 -1.904526
56  -0.000001 0.000000 -0.000000  0.000000 -0.000000 -0.000002
57  0.000029 0.000031 0.000000  -1.571901 -0.044449 -0.106509
58  33.185574 1.676875 -41.957436  1.570796 -0.000000 0.000000
59  -13.956470 -9.775214 -12.623269  1.570796 -0.000000 0.000000
60  1.941978 -1.075505 -8.860325  1.570796 -0.000000 0.000000
61  -0.004311 0.001229 -0.000371  0.006898 -0.005534 -0.284229
62  -7.233792 3.620581 -6.293282  1.570796 -0.000000 0.000000
63  0.000000 0.000000 0.000000  -0.078727 -3.136056 0.284226
64  0.000000 0.000000 0.000000  1.620873 0.010227 -0.314450
65  -1.673625 -17.384041 1.550797  1.479497 -0.236806 1.150294
66  -0.000000 -2.923558 -1.408042  0.000000 -0.000000 0.000000
67  -0.000005 -0.601197 -2.062164  0.000000 -0.000000 0.000000
68  0.004379 -0.039406 6.613116  0.000000 -0.000000 0.000000
69  0.000001 -0.021786 -0.115848  0.000000 -0.000000 0.000000
70  -0.000001 -3.304880 0.259169  0.000000 -0.000000 0.000000
71  2.816521 -19.180424 0.750757  1.479497 -0.236806 1.150294
72  0.057098 0.204433 -2.709597  0.000000 -0.000000 0.000000
73  0.111670 -0.283001 -2.709597  0.000000 -0.000000 0.000000
74  -0.128220 -0.750369 -2.709596  0.000000 -0.000000 0.000000
time 67
0  0 0 0  0 0 0
1  0.000006 0.000000 0.000000  -1.570800 -1.391899 -1.570792
2  -8.526393 2.634402 1.937664  -1.544956 -1.855077 -0.198630
3  6.027526 -0.000327 0.000193  -0.303964 -0.968933 -1.862153
4  11.692117 0.000645 -0.000740  -1.265395 0.000010 -0.485284
5  11.480551 0.000703 -0.000191  1.346895 0.276242 -0.732923
6  3.859508 -0.142880 -1.192050  -0.355845 0.071161 -1.717889
7  1.312591 0.000014 0.000008  0.001009 0.118634 -1.342342
8  0.729354 0.000053 0.000051  -0.354413 0.192185 -1.033754
9  3.942140 0.046272 -0.431512  -0.118608 0.030347 -1.596581
10  1.539113 0.000085 0.000005  0.010839 0.048095 -1.195681
11  1.196333 0.000144 0.000030  0.083612 0.101560 -1.052457
12  3.883505 -0.047269 0.431382  0.144811 0.104657 -0.532403
13  1.719573 -0.000028 0.000017  -0.000044 0.055089 -1.348529
14  1.209178 0.000091 0.000011  -0.061065 -0.064635 -1.162035
15  3.859663 -0.138476 1.332410  0.344468 -0.053989 -0.682073
16  1.719449 -0.000010 0.000023  0.002485 -0.019467 -0.976334
17  1.099674 0.000050 0.000004  0.087374 -0.027472 -0.249635
18  0.805994 -0.349051 1.321254  -0.980912 -0.371793 -1.028717
19  1.789821 -0.000005 -0.000019  -0.004629 0.008705 -0.033206
20  1.207017 -0.000012 -0.000045  0.067975 0.222001 0.306306
21  5.740637 0.000409 -0.000701  -0.013145 0.000003 0.000071
22  11.481123 0.000345 -0.000699  -0.019818 0.087892 -0.151182
23  6.027524 -0.000332 0.000203  1.310677 -0.549221 1.750991
24  0.000003 11.692101 -0.000008  -0.364877 -0.057006 -0.306415
25  0.000003 0.000008 -0.000002  -0.396359 -0.000030 1.570739
26  -0.000000 -0.000012 -0.000001  0.868957 0.000002 1.570712
27  -6.837111 -2.442946 -7.233785  1.473120 1.855075 -0.198639
28  6.027517 -0.000265 -0.000223  1.280870 1.373033 -1.027112
29  11.691993 0.000243 0.000857  0.141432 0.000028 -1.179904
30  11.480214 -0.000251 0.000872  -0.679591 -0.527488 0.261958
31  3.859435 -0.132787 1.193062  0.466148 -0.051828 -1.783918
32  1.312560 0.000024 -0.000000  -0.013963 -0.041043 -0.156449
33  0.729346 0.000066 -0.000027  -0.128320 -0.117290 -0.954856
34  3.942046 0.050110 0.430997  0.211502 -0.107596 -1.469117
35  1.539096 0.000004 0.000000  0.040712 -0.054387 -1.030473
36  1.196300 0.000076 -0.000004  -0.249391 -0.043040 -0.795121
37  3.883410 -0.050501 -0.431087  0.186407 -0.271796 -1.212183
38  1.719564 -0.000081 -0.000003  0.020974 -0.107650 -1.483530
39  1.209197 0.000036 0.000011  -0.324719 0.069674 -0.493483
40  3.859584 -0.149110 -1.331323  -0.040757 -0.073789 -0.195091
41  1.719413 -0.000096 -0.000034  -0.007235 0.031761 -0.150715
42  1.099674 0.000027 0.000006  0.118501 -0.028866 -0.144987
43  0.805978 -0.359853 -1.318338  1.079522 0.266414 -1.035237
44  1.789778 -0.000008 -0.000043  -0.068616 0.039703 0.096979
45  1.206996 -0.000006 0.000006  -0.053048 0.090725 0.459647
46  5.740572 0.000054 0.000725  0.161318 -0.000014 0.000021
47  11.480986 -0.000015 0.000924  0.189942 -0.097295 0.066544
48  6.027513 -0.000274 -0.000237  -1.461611 -0.165269 -1.615190
49  -0.000001 11.691974 -0.000007  -0.835212 0.310151 0.677452
50  0.000003 0.000000 0.000002  2.413975 -0.000041 1.570856
51  -0.000007 -0.000015 0.000005  2.272644 -0.000030 1.570865
52  -7.845592 -14.410023 -3.499466  -2.927036 -0.196235 -0.591458
53  0.000000 -0.000000 0.000000  0.008153 -0.000259 0.000009
54  -0.000001 0.000001 -0.000000  1.565115 0.043565 -0.106862
55  -2.714247 -19.915163 -17.133415  -0.951304 -0.636318 -1.904526
56  -0.000001 0.000000 -0.000000  0.000000 -0.000000 -0.000002
57  0.000029 0.000031 0.000000  -1.571901 -0.044449 -0.106509
58  33.185574 1.676875 -41.957436  1.570796 -0.000000 0.000000
59  -13.956470 -9.775214 -12.623269  1.570796 -0.000000 0.000000
60  1.941978 -1.075505 -8.860325  1.570796 -0.000000 0.000000
61  -0.004311 0.001229 -0.000371  0.006898 -0.005534 -0.284229
62  -7.233792 3.620581 -6.293282  1.570796 -0.000000 0.000000
63  0.000000 0.000000 0.000000  -0.078727 -3.136056 0.284226
64  0.000000 0.000000 0.000000  1.620809 0.008686 -0.314039
65  -1.675611 -17.378002 1.567133  1.479926 -0.237122 1.149974
66  0.000000 -2.923558 -1.408041  0.000000 -0.000000 -0.000000
67  -0.000003 -0.601198 -2.062165  0.000000 -0.000000 -0.000000
68  0.004378 -0.039407 6.613116  0.000000 -0.000000 -0.000000
69  0.000003 -0.021787 -0.115849  0.000000 -0.000000 -0.000000
70  0.000001 -3.304881 0.259169  0.000000 -0.000000 -0.000000
71  2.813940 -19.174997 0.765137  1.479926 -0.237122 1.149974
72  0.057099 0.204433 -2.709597  0.000000 -0.000000 -0.000000
73  0.111672 -0.283001 -2.709598  0.000000 -0.000000 -0.000000
74  -0.128218 -0.750370 -2.709598  0.000000 -0.000000 -0.000000
time 68
0  0 0 0  0 0 0
1  0.000006 0.000000 0.000000  -1.570800 -1.391899 -1.570792
2  -8.526393 2.634402 1.937664  -1.544956 -1.855077 -0.198630
3  6.027526 -0.000327 0.000193  -0.303964 -0.968933 -1.862153
4  11.692117 0.000645 -0.000740  -1.269308 0.000010 -0.485284
5  11.480553 0.000704 -0.000190  1.349921 0.278859 -0.732094
6  3.859508 -0.142880 -1.192050  -0.355845 0.071161 -1.717889
7  1.312591 0.000014 0.000008  0.001009 0.118634 -1.342342
8  0.729354 0.000053 0.000051  -0.354413 0.192185 -1.033754
9  3.942140 0.046272 -0.431512  -0.118608 0.030347 -1.596581
10  1.539113 0.000085 0.000005  0.010839 0.048095 -1.195681
11  1.196333 0.000144 0.000030  0.083612 0.101560 -1.052457
12  3.883505 -0.047269 0.431382  0.144811 0.104657 -0.532403
13  1.719573 -0.000028 0.000017  -0.000044 0.055089 -1.348529
14  1.209178 0.000091 0.000011  -0.061065 -0.064635 -1.162035
15  3.859663 -0.138476 1.332410  0.344468 -0.053989 -0.682073
16  1.719449 -0.000010 0.000023  0.002485 -0.019467 -0.976334
17  1.099674 0.000050 0.000004  0.087374 -0.027472 -0.249635
18  0.805994 -0.349051 1.321254  -0.980912 -0.371793 -1.028717
19  1.789821 -0.000005 -0.000019  -0.004629 0.008705 -0.033206
20  1.207017 -0.000012 -0.000045  0.067975 0.222001 0.306306
21  5.740638 0.000409 -0.000705  -0.012409 0.000003 0.000070
22  11.481125 0.000347 -0.000699  -0.019100 0.088236 -0.150975
23  6.027524 -0.000332 0.000203  1.310677 -0.549221 1.750991
24  0.000003 11.692101 -0.000008  -0.364877 -0.057006 -0.306415
25  0.000003 0.000008 -0.000002  -0.400273 -0.000030 1.570739
26  -0.000000 -0.000012 -0.000001  0.868957 0.000002 1.570712
27  -6.837111 -2.442946 -7.233785  1.473120 1.855075 -0.198639
28  6.027517 -0.000265 -0.000223  1.281434 1.373444 -1.027379
29  11.691991 0.000244 0.000858  0.141432 0.000028 -1.180894
30  11.480207 -0.000252 0.000870  -0.680172 -0.528054 0.264324
31  3.859435 -0.132788 1.193062  0.466148 -0.051828 -1.783918
32  1.312559 0.000025 -0.000000  -0.013963 -0.041043 -0.156449
33  0.729344 0.000066 -0.000027  -0.128320 -0.117290 -0.954856
34  3.942045 0.050108 0.430997  0.211502 -0.107596 -1.469117
35  1.539097 0.000004 0.000001  0.040712 -0.054387 -1.030473
36  1.196300 0.000075 -0.000004  -0.249391 -0.043040 -0.795121
37  3.883410 -0.050501 -0.431087  0.186407 -0.271796 -1.212183
38  1.719563 -0.000081 -0.000003  0.020974 -0.107650 -1.483529
39  1.209196 0.000035 0.000011  -0.324719 0.069674 -0.493483
40  3.859585 -0.149111 -1.331323  -0.040757 -0.073789 -0.195091
41  1.719413 -0.000097 -0.000034  -0.007235 0.031761 -0.150715
42  1.099673 0.000021 0.000007  0.118501 -0.028866 -0.144987
43  0.805977 -0.359854 -1.318338  1.075338 0.258794 -1.021374
44  1.789780 -0.000008 -0.000041  -0.064723 0.036686 0.099080
45  1.206996 -0.000006 0.000006  -0.047611 0.083490 0.499729
46  5.740571 0.000055 0.000725  0.161483 -0.000014 0.000021
47  11.480985 -0.000015 0.000924  0.189942 -0.097253 0.067005
48  6.027513 -0.000274 -0.000237  -1.461749 -0.164866 -1.615988
49  -0.000001 11.691976 -0.000008  -0.835831 0.310625 0.677902
50  0.000003 0.000000 -0.000000  2.413975 -0.000041 1.570856
51  -0.000007 -0.000015 0.000005  2.272644 -0.000030 1.570865
52  -7.847931 -14.399405 -3.481633  -2.926780 -0.195760 -0.591752
53  -0.000000 -0.000000 -0.000000  0.008153 -0.000259 0.000009
54  -0.000000 -0.000001 -0.000000  1.565115 0.043565 -0.106862
55  -2.714247 -19.915163 -17.133415  -0.951304 -0.636318 -1.904526
56  -0.000001 0.000000 -0.000000  0.000000 -0.000000 -0.000002
57  0.000029 0.000031 0.000000  -1.571901 -0.044449 -0.106509
58  33.185574 1.676875 -41.957436  1.570796 -0.000000 0.000000
59  -13.956470 -9.775214 -12.623269  1.570796 -0.000000 0.000000
60  1.941978 -1.075505 -8.860325  1.570796 -0.000000 0.000000
61  -0.004311 0.001229 -0.000371  0.006898 -0.005534 -0.284229
62  -7.233792 3.620581 -6.293282  1.570796 -0.000000 0.000000
63  0.000000 0.000000 0.000000  -0.078727 -3.136056 0.284226
64  0.000000 0.000000 0.000000  1.621072 0.007012 -0.313792
65  -1.677387 -17.371292 1.581990  1.480364 -0.237451 1.149627
66  0.000000 -2.923557 -1.408041  0.000000 -0.000000 0.000000
67  -0.000002 -0.601197 -2.062164  0.000000 -0.000000 0.000000
68  0.004380 -0.039406 6.613115  0.000000 -0.000000 0.000000
69  0.000001 -0.021786 -0.115849  0.000000 -0.000000 0.000000
70  0.000002 -3.304880 0.259169  0.000000 -0.000000 0.000000
71  2.811518 -19.169006 0.778000  1.480364 -0.237451 1.149627
72  0.057100 0.204433 -2.709597  0.000000 -0.000000 0.000000
73  0.111672 -0.283001 -2.709597  0.000000 -0.000000 0.000000
74  -0.128218 -0.750370 -2.709596  0.000000 -0.000000 0.000000
time 69
0  0 0 0  0 0 0
1  0.000006 0.000000 0.000000  -1.570800 -1.391899 -1.570792
2  -8.526393 2.634402 1.937664  -1.544956 -1.855077 -0.198630
3  6.027526 -0.000327 0.000193  -0.303964 -0.968933 -1.862153
4  11.692117 0.000645 -0.000740  -1.273185 0.000010 -0.485284
5  11.480551 0.000705 -0.000185  1.352922 0.281449 -0.731264
6  3.859508 -0.142880 -1.192050  -0.355845 0.071161 -1.717889
7  1.312591 0.000014 0.000008  0.001009 0.118634 -1.342342
8  0.729354 0.000053 0.000051  -0.354413 0.192185 -1.033754
9  3.942140 0.046272 -0.431512  -0.118608 0.030347 -1.596581
10  1.539113 0.000085 0.000005  0.010839 0.048095 -1.195681
11  1.196333 0.000144 0.000030  0.083612 0.101560 -1.052457
12  3.883505 -0.047269 0.431382  0.144811 0.104657 -0.532403
13  1.719573 -0.000028 0.000017  -0.000044 0.055089 -1.348529
14  1.209178 0.000091 0.000011  -0.061065 -0.064635 -1.162035
15  3.859663 -0.138476 1.332410  0.344468 -0.053989 -0.682073
16  1.719449 -0.000010 0.000023  0.002485 -0.019467 -0.976334
17  1.099674 0.000050 0.000004  0.087374 -0.027472 -0.249635
18  0.805994 -0.349051 1.321254  -0.980912 -0.371793 -1.028717
19  1.789821 -0.000005 -0.000019  -0.004629 0.008705 -0.033206
20  1.207017 -0.000012 -0.000045  0.067975 0.222001 0.306306
21  5.740638 0.000411 -0.000701  -0.011680 0.000003 0.000071
22  11.481124 0.000347 -0.000697  -0.018389 0.088578 -0.150770
23  6.027524 -0.000332 0.000203  1.310677 -0.549221 1.750991
24  0.000003 11.692101 -0.000008  -0.364877 -0.057006 -0.306415
25  0.000003 0.000008 -0.000002  -0.404149 -0.000030 1.570739
26  -0.000000 -0.000012 -0.000001  0.868957 0.000002 1.570712
27  -6.837111 -2.442946 -7.233785  1.473120 1.855075 -0.198639
28  6.027517 -0.000265 -0.000223  1.282051 1.373723 -1.027488
29  11.691992 0.000244 0.000857  0.141432 0.000028 -1.182067
30  11.480199 -0.000255 0.000872  -0.680701 -0.528506 0.266721
31  3.859437 -0.132789 1.193062  0.466148 -0.051828 -1.783918
32  1.312558 0.000025 0.000000  -0.013963 -0.041043 -0.156449
33  0.729345 0.000066 -0.000027  -0.128320 -0.117290 -0.954856
34  3.942046 0.050107 0.430997  0.211502 -0.107596 -1.469117
35  1.539095 0.000005 0.000000  0.040712 -0.054387 -1.030473
36  1.196299 0.000076 -0.000004  -0.249391 -0.043040 -0.795121
37  3.883411 -0.050504 -0.431087  0.186407 -0.271795 -1.212183
38  1.719563 -0.000082 -0.000003  0.020974 -0.107650 -1.483529
39  1.209196 0.000035 0.000011  -0.324719 0.069674 -0.493483
40  3.859586 -0.149113 -1.331323  -0.040757 -0.073789 -0.195091
41  1.719412 -0.000099 -0.000034  -0.007235 0.031761 -0.150715
42  1.099674 0.000027 0.000007  0.118501 -0.028866 -0.144987
43  0.805979 -0.359855 -1.318338  1.070830 0.251230 -1.007040
44  1.789779 -0.000006 -0.000041  -0.060663 0.033686 0.101263
45  1.206997 -0.000005 0.000005  -0.042448 0.076392 0.540275
46  5.740570 0.000055 0.000724  0.161686 -0.000014 0.000021
47  11.480984 -0.000015 0.000924  0.189953 -0.097184 0.067465
48  6.027513 -0.000274 -0.000237  -1.461804 -0.164567 -1.616693
49  -0.000001 11.691976 -0.000007  -0.836563 0.311186 0.678435
50  0.000003 0.000000 0.000000  2.413975 -0.000041 1.570856
51  -0.000007 -0.000015 0.000005  2.272644 -0.000030 1.570865
52  -7.849977 -14.387820 -3.465427  -2.926514 -0.195277 -0.592081
53  0.000000 -0.000001 0.000000  0.008153 -0.000259 0.000009
54  -0.000000 -0.000002 0.000000  1.565115 0.043565 -0.106862
55  -2.714247 -19.915163 -17.133415  -0.951304 -0.636318 -1.904526
56  -0.000001 0.000000 -0.000000  0.000000 -0.000000 -0.000002
57  0.000029 0.000031 0.000000  -1.571901 -0.044449 -0.106509
58  33.185574 1.676875 -41.957436  1.570796 -0.000000 0.000000
59  -13.956470 -9.775214 -12.623269  1.570796 -0.000000 0.000000
60  1.941978 -1.075505 -8.860325  1.570796 -0.000000 0.000000
61  -0.004311 0.001229 -0.000371  0.006898 -0.005534 -0.284229
62  -7.233792 3.620581 -6.293282  1.570796 -0.000000 0.000000
63  0.000000 0.000000 0.000000  -0.078727 -3.136056 0.284226
64  0.000000 0.000000 0.000000  1.621355 0.005207 -0.313592
65  -1.678967 -17.363876 1.595178  1.480808 -0.237789 1.149245
66  0.000002 -2.923557 -1.408042  0.000000 -0.000000 0.000000
67  -0.000003 -0.601197 -2.062164  0.000000 -0.000000 0.000000
68  0.004382 -0.039407 6.613113  0.000000 -0.000000 0.000000
69  0.000002 -0.021787 -0.115848  0.000000 -0.000000 0.000000
70  0.000002 -3.304880 0.259168  0.000000 -0.000000 0.000000
71  2.809234 -19.162445 0.789172  1.480808 -0.237789 1.149245
72  0.057100 0.204433 -2.709597  0.000000 -0.000000 0.000000
73  0.111672 -0.283001 -2.709597  0.000000 -0.000000 0.000000
74  -0.128219 -0.750370 -2.709597  0.000000 -0.000000 0.000000
time 70
0  0 0 0  0 0 0
1  0.000006 0.000000 0.000000  -1.570800 -1.391899 -1.570792
2  -8.526393 2.634402 1.937664  -1.544956 -1.855077 -0.198630
3  6.027526 -0.000327 0.000193  -0.303964 -0.968933 -1.862153
4  11.692117 0.000645 -0.000740  -1.277023 0.000010 -0.485284
5  11.480551 0.000706 -0.000184  1.355898 0.284011 -0.730434
6  3.859508 -0.142880 -1.192050  -0.355845 0.071161 -1.717889
7  1.312591 0.000014 0.000008  0.001009 0.118634 -1.342342
8  0.729354 0.000053 0.000051  -0.354413 0.192185 -1.033754
9  3.942140 0.046272 -0.431512  -0.118608 0.030347 -1.596581
10  1.539113 0.000085 0.000005  0.010839 0.048095 -1.195681
11  1.196333 0.000144 0.000030  0.083612 0.101560 -1.052457
12  3.883505 -0.047269 0.431382  0.144811 0.104657 -0.532403
13  1.719573 -0.000028 0.000017  -0.000044 0.055089 -1.348529
14  1.209178 0.000091 0.000011  -0.061065 -0.064635 -1.162035
15  3.859663 -0.138476 1.332410  0.344468 -0.053989 -0.682073
16  1.719449 -0.000010 0.000023  0.002485 -0.019467 -0.976334
17  1.099674 0.000050 0.000004  0.087374 -0.027472 -0.249635
18  0.805994 -0.349051 1.321254  -0.980912 -0.371793 -1.028717
19  1.789821 -0.000005 -0.000019  -0.004629 0.008705 -0.033206
20  1.207017 -0.000012 -0.000045  0.067975 0.222001 0.306306
21  5.740637 0.000410 -0.000703  -0.010958 0.000003 0.000071
22  11.481125 0.000345 -0.000698  -0.017685 0.088916 -0.150565
23  6.027524 -0.000332 0.000203  1.310677 -0.549221 1.750991
24  0.000003 11.692101 -0.000008  -0.364877 -0.057006 -0.306415
25  0.000003 0.000008 -0.000002  -0.407988 -0.000030 1.570739
26  -0.000000 -0.000012 -0.000001  0.868957 0.000002 1.570712
27  -6.837111 -2.442946 -7.233785  1.473120 1.855075 -0.198639
28  6.027517 -0.000265 -0.000223  1.282731 1.373853 -1.027419
29  11.691991 0.000244 0.000857  0.141433 0.000028 -1.183439
30  11.480196 -0.000259 0.000872  -0.681175 -0.528828 0.269146
31  3.859436 -0.132789 1.193062  0.466148 -0.051828 -1.783917
32  1.312561 0.000025 -0.000000  -0.013963 -0.041043 -0.156449
33  0.729346 0.000066 -0.000027  -0.128320 -0.117290 -0.954856
34  3.942046 0.050108 0.430997  0.211502 -0.107596 -1.469117
35  1.539097 0.000005 -0.000000  0.040712 -0.054387 -1.030473
36  1.196300 0.000075 -0.000004  -0.249391 -0.043040 -0.795121
37  3.883412 -0.050501 -0.431087  0.186407 -0.271795 -1.212183
38  1.719564 -0.000082 -0.000003  0.020974 -0.107650 -1.483529
39  1.209194 0.000035 0.000012  -0.324719 0.069674 -0.493483
40  3.859586 -0.149111 -1.331323  -0.040757 -0.073789 -0.195091
41  1.719413 -0.000100 -0.000034  -0.007235 0.031761 -0.150715
42  1.099674 0.000026 0.000007  0.118501 -0.028866 -0.144987
43  0.805978 -0.359853 -1.318338  1.066036 0.243775 -0.992352
44  1.789779 -0.000008 -0.000044  -0.056472 0.030719 0.103508
45  1.206995 -0.000005 0.000004  -0.037583 0.069461 0.580996
46  5.740573 0.000056 0.000724  0.161931 -0.000014 0.000021
47  11.480984 -0.000016 0.000925  0.189975 -0.097086 0.067924
48  6.027513 -0.000274 -0.000237  -1.461765 -0.164385 -1.617297
49  -0.000001 11.691975 -0.000008  -0.837420 0.311844 0.679059
50  0.000003 -0.000000 0.000000  2.413975 -0.000041 1.570856
51  -0.000007 -0.000015 0.000005  2.272644 -0.000030 1.570865
52  -7.851712 -14.375210 -3.451090  -2.926242 -0.194791 -0.592451
53  0.000000 0.000001 -0.000000  0.008153 -0.000259 0.000009
54  0.000000 0.000000 0.000000  1.565115 0.043565 -0.106862
55  -2.714247 -19.915163 -17.133415  -0.951304 -0.636318 -1.904526
56  -0.000001 0.000000 -0.000000  0.000000 -0.000000 -0.000002
57  0.000029 0.000031 0.000000  -1.571901 -0.044449 -0.106509
58  33.185574 1.676875 -41.957436  1.570796 -0.000000 0.000000
59  -13.956470 -9.775214 -12.623269  1.570796 -0.000000 0.000000
60  1.941978 -1.075505 -8.860325  1.570796 -0.000000 0.000000
61  -0.004311 0.001229 -0.000371  0.006898 -0.005534 -0.284229
62  -7.233792 3.620581 -6.293282  1.570796 -0.000000 0.000000
63  0.000000 0.000000 0.000000  -0.078727 -3.136056 0.284226
64  0.000000 0.000000 0.000000  1.621649 0.003321 -0.313319
65  -1.680361 -17.355719 1.606478  1.481255 -0.238135 1.148822
66  0.000002 -2.923558 -1.408042  -0.000000 0.000000 0.000000
67  -0.000004 -0.601198 -2.062164  -0.000000 0.000000 0.000000
68  0.004381 -0.039407 6.613115  -0.000000 0.000000 0.000000
69  0.000003 -0.021787 -0.115848  -0.000000 0.000000 0.000000
70  0.000001 -3.304881 0.259169  -0.000000 0.000000 0.000000
71  2.807063 -19.155313 0.798443  1.481255 -0.238135 1.148822
72  0.057100 0.204432 -2.709597  -0.000000 0.000000 0.000000
73  0.111673 -0.283002 -2.709597  -0.000000 0.000000 0.000000
74  -0.128219 -0.750370 -2.709596  -0.000000 0.000000 0.000000
time 71
0  0 0 0  0 0 0
1  0.000006 0.000000 0.000000  -1.570800 -1.391899 -1.570792
2  -8.526393 2.634402 1.937664  -1.544956 -1.855077 -0.198630
3  6.027526 -0.000327 0.000193  -0.303964 -0.968933 -1.862153
4  11.692117 0.000645 -0.000740  -1.280820 0.000010 -0.485284
5  11.480551 0.000706 -0.000180  1.358847 0.286543 -0.729604
6  3.859508 -0.142880 -1.192050  -0.355845 0.071161 -1.717889
7  1.312591 0.000014 0.000008  0.001009 0.118634 -1.342342
8  0.729354 0.000053 0.000051  -0.354413 0.192185 -1.033754
9  3.942140 0.046272 -0.431512  -0.118608 0.030347 -1.596581
10  1.539113 0.000085 0.000005  0.010839 0.048095 -1.195681
11  1.196333 0.000144 0.000030  0.083612 0.101560 -1.052457
12  3.883505 -0.047269 0.431382  0.144811 0.104657 -0.532403
13  1.719573 -0.000028 0.000017  -0.000044 0.055089 -1.348529
14  1.209178 0.000091 0.000011  -0.061065 -0.064635 -1.162035
15  3.859663 -0.138476 1.332410  0.344468 -0.053989 -0.682073
16  1.719449 -0.000010 0.000023  0.002485 -0.019467 -0.976334
17  1.099674 0.000050 0.000004  0.087374 -0.027472 -0.249635
18  0.805994 -0.349051 1.321254  -0.980912 -0.371793 -1.028717
19  1.789821 -0.000005 -0.000019  -0.004629 0.008705 -0.033206
20  1.207017 -0.000012 -0.000045  0.067975 0.222001 0.306306
21  5.740637 0.000410 -0.000701  -0.010243 0.000003 0.000071
22  11.481125 0.000347 -0.000695  -0.016988 0.089249 -0.150363
23  6.027524 -0.000332 0.000203  1.310677 -0.549221 1.750991
24  0.000003 11.692101 -0.000008  -0.364877 -0.057006 -0.306415
25  0.000003 0.000008 -0.000002  -0.411785 -0.000030 1.570739
26  -0.000000 -0.000012 -0.000001  0.868957 0.000002 1.570712
27  -6.837111 -2.442946 -7.233785  1.473120 1.855075 -0.198639
28  6.027517 -0.000265 -0.000223  1.283481 1.373815 -1.027150
29  11.691992 0.000244 0.000857  0.141433 0.000028 -1.185029
30  11.480187 -0.000262 0.000870  -0.681588 -0.529003 0.271591
31  3.859436 -0.132788 1.193062  0.466148 -0.051828 -1.783918
32  1.312559 0.000025 -0.000000  -0.013963 -0.041043 -0.156449
33  0.729346 0.000066 -0.000027  -0.128320 -0.117290 -0.954856
34  3.942046 0.050109 0.430997  0.211502 -0.107596 -1.469117
35  1.539094 0.000004 0.000000  0.040712 -0.054387 -1.030473
36  1.196301 0.000077 -0.000004  -0.249391 -0.043040 -0.795121
37  3.883410 -0.050503 -0.431087  0.186407 -0.271795 -1.212183
38  1.719564 -0.000083 -0.000003  0.020974 -0.107650 -1.483529
39  1.209196 0.000036 0.000011  -0.324719 0.069674 -0.493483
40  3.859584 -0.149111 -1.331323  -0.040757 -0.073789 -0.195091
41  1.719412 -0.000100 -0.000034  -0.007235 0.031761 -0.150715
42  1.099674 0.000025 0.000006  0.118501 -0.028866 -0.144987
43  0.805979 -0.359854 -1.318338  1.061003 0.236482 -0.977434
44  1.789779 -0.000009 -0.000044  -0.052189 0.027799 0.105794
45  1.206996 -0.000006 0.000004  -0.033036 0.062731 0.621584
46  5.740573 0.000056 0.000723  0.162220 -0.000014 0.000021
47  11.480983 -0.000016 0.000923  0.190007 -0.096955 0.068378
48  6.027513 -0.000274 -0.000237  -1.461621 -0.164335 -1.617787
49  -0.000000 11.691974 -0.000007  -0.838413 0.312607 0.679780
50  0.000003 -0.000001 0.000002  2.413975 -0.000041 1.570856
51  -0.000006 -0.000015 0.000004  2.272644 -0.000030 1.570865
52  -7.853122 -14.361519 -3.438900  -2.925964 -0.194304 -0.592868
53  -0.000001 0.000000 0.000000  0.008153 -0.000259 0.000009
54  -0.000001 -0.000000 0.000000  1.565115 0.043565 -0.106862
55  -2.714247 -19.915163 -17.133415  -0.951304 -0.636318 -1.904526
56  -0.000001 0.000000 -0.000000  0.000000 -0.000000 -0.000002
57  0.000029 0.000031 0.000000  -1.571901 -0.044449 -0.106509
58  33.185574 1.676875 -41.957436  1.570796 -0.000000 0.000000
59  -13.956470 -9.775214 -12.623269  1.570796 -0.000000 0.000000
60  1.941978 -1.075505 -8.860325  1.570796 -0.000000 0.000000
61  -0.004311 0.001229 -0.000371  0.006898 -0.005534 -0.284229
62  -7.233792 3.620581 -6.293282  1.570796 -0.000000 0.000000
63  0.000000 0.000000 0.000000  -0.078727 -3.136056 0.284226
64  0.000000 0.000000 0.000000  1.621947 0.001405 -0.312855
65  -1.681581 -17.346786 1.615630  1.481701 -0.238486 1.148354
66  0.000003 -2.923558 -1.408042  0.000000 0.000000 0.000000
67  -0.000002 -0.601197 -2.062164  0.000000 0.000000 0.000000
68  0.004381 -0.039407 6.613115  0.000000 0.000000 0.000000
69  0.000003 -0.021786 -0.115849  0.000000 0.000000 0.000000
70  0.000002 -3.304881 0.259169  0.000000 0.000000 0.000000
71  2.804986 -19.147608 0.805569  1.481701 -0.238486 1.148354
72  0.057100 0.204433 -2.709597  0.000000 0.000000 0.000000
73  0.111672 -0.283001 -2.709596  0.000000 0.000000 0.000000
74  -0.128218 -0.750370 -2.709596  0.000000 0.000000 0.000000
time 72
0  0 0 0  0 0 0
1  0.000006 0.000000 0.000000  -1.570800 -1.391899 -1.570792
2  -8.526393 2.634402 1.937664  -1.544956 -1.855077 -0.198630
3  6.027526 -0.000327 0.000193  -0.303964 -0.968933 -1.862153
4  11.692117 0.000645 -0.000740  -1.284573 0.000010 -0.485284
5  11.480551 0.000707 -0.000180  1.361765 0.289044 -0.728776
6  3.859508 -0.142880 -1.192050  -0.355845 0.071161 -1.717889
7  1.312591 0.000014 0.000008  0.001009 0.118634 -1.342342
8  0.729354 0.000053 0.000051  -0.354413 0.192185 -1.033754
9  3.942140 0.046272 -0.431512  -0.118608 0.030347 -1.596581
10  1.539113 0.000085 0.000005  0.010839 0.048095 -1.195681
11  1.196333 0.000144 0.000030  0.083612 0.101560 -1.052457
12  3.883505 -0.047269 0.431382  0.144811 0.104657 -0.532403
13  1.719573 -0.000028 0.000017  -0.000044 0.055089 -1.348529
14  1.209178 0.000091 0.000011  -0.061065 -0.064635 -1.162035
15  3.859663 -0.138476 1.332410  0.344468 -0.053989 -0.682073
16  1.719449 -0.000010 0.000023  0.002485 -0.019467 -0.976334
17  1.099674 0.000050 0.000004  0.087374 -0.027472 -0.249635
18  0.805994 -0.349051 1.321254  -0.980912 -0.371793 -1.028717
19  1.789821 -0.000005 -0.000019  -0.004629 0.008705 -0.033206
20  1.207017 -0.000012 -0.000045  0.067975 0.222001 0.306306
21  5.740637 0.000411 -0.000704  -0.009538 0.000003 0.000070
22  11.481122 0.000347 -0.000699  -0.016299 0.089579 -0.150162
23  6.027524 -0.000332 0.000203  1.310677 -0.549221 1.750991
24  0.000003 11.692101 -0.000008  -0.364877 -0.057006 -0.306415
25  0.000003 0.000008 -0.000002  -0.415537 -0.000030 1.570739
26  -0.000000 -0.000012 -0.000001  0.868957 0.000002 1.570712
27  -6.837111 -2.442946 -7.233785  1.473120 1.855075 -0.198639
28  6.027517 -0.000265 -0.000223  1.284308 1.373586 -1.026657
29  11.691992 0.000243 0.000857  0.141433 0.000028 -1.186856
30  11.480180 -0.000264 0.000873  -0.681934 -0.529010 0.274048
31  3.859435 -0.132787 1.193061  0.466148 -0.051828 -1.783917
32  1.312560 0.000025 -0.000000  -0.013963 -0.041043 -0.156449
33  0.729344 0.000066 -0.000027  -0.128320 -0.117290 -0.954856
34  3.942046 0.050111 0.430996  0.211502 -0.107596 -1.469117
35  1.539097 0.000005 0.000000  0.040712 -0.054387 -1.030473
36  1.196300 0.000076 -0.000004  -0.249391 -0.043040 -0.795121
37  3.883411 -0.050500 -0.431087  0.186407 -0.271796 -1.212183
38  1.719564 -0.000082 -0.000004  0.020974 -0.107650 -1.483530
39  1.209198 0.000036 0.000011  -0.324719 0.069674 -0.493483
40  3.859584 -0.149110 -1.331324  -0.040757 -0.073789 -0.195091
41  1.719412 -0.000097 -0.000034  -0.007235 0.031761 -0.150715
42  1.099674 0.000026 0.000007  0.118501 -0.028866 -0.144987
43  0.805979 -0.359853 -1.318338  1.055785 0.229403 -0.962415
44  1.789780 -0.000008 -0.000044  -0.047856 0.024944 0.108098
45  1.206995 -0.000006 0.000006  -0.028820 0.056234 0.661726
46  5.740572 0.000057 0.000724  0.162556 -0.000014 0.000021
47  11.480980 -0.000016 0.000925  0.190051 -0.096788 0.068825
48  6.027513 -0.000274 -0.000237  -1.461355 -0.164434 -1.618149
49  -0.000000 11.691976 -0.000007  -0.839553 0.313485 0.680609
50  0.000003 0.000000 0.000001  2.413975 -0.000041 1.570856
51  -0.000007 -0.000015 0.000005  2.272644 -0.000030 1.570865
52  -7.854187 -14.346683 -3.429193  -2.925683 -0.193820 -0.593338
53  0.000000 -0.000002 0.000000  0.008153 -0.000259 0.000009
54  -0.000001 0.000001 -0.000000  1.565115 0.043565 -0.106862
55  -2.714247 -19.915163 -17.133415  -0.951304 -0.636318 -1.904526
56  -0.000001 0.000000 -0.000000  0.000000 -0.000000 -0.000002
57  0.000029 0.000031 0.000000  -1.571901 -0.044449 -0.106509
58  33.185574 1.676875 -41.957436  1.570796 -0.000000 0.000000
59  -13.956470 -9.775214 -12.623269  1.570796 -0.000000 0.000000
60  1.941978 -1.075505 -8.860325  1.570796 -0.000000 0.000000
61  -0.004311 0.001229 -0.000371  0.006898 -0.005534 -0.284229
62  -7.233792 3.620581 -6.293282  1.570796 -0.000000 0.000000
63  0.000000 0.000000 0.000000  -0.078727 -3.136056 0.284226
64  0.000000 0.000000 0.000000  1.622239 -0.000494 -0.312079
65  -1.682638 -17.337042 1.622316  1.482144 -0.238840 1.147833
66  0.000003 -2.923558 -1.408042  0.000000 -0.000000 0.000000
67  -0.000002 -0.601198 -2.062164  0.000000 -0.000000 0.000000
68  0.004379 -0.039406 6.613117  0.000000 -0.000000 0.000000
69  0.000001 -0.021786 -0.115848  0.000000 -0.000000 0.000000
70  0.000002 -3.304881 0.259169  0.000000 -0.000000 0.000000
71  2.802979 -19.139326 0.810245  1.482144 -0.238840 1.147833
72  0.057101 0.204432 -2.709598  0.000000 -0.000000 0.000000
73  0.111673 -0.283002 -2.709597  0.000000 -0.000000 0.000000
74  -0.128218 -0.750370 -2.709597  0.000000 -0.000000 0.000000
time 73
0  0 0 0  0 0 0
1  0.000006 0.000000 0.000000  -1.570800 -1.391899 -1.570792
2  -8.526393 2.634402 1.937664  -1.544956 -1.855077 -0.198630
3  6.027526 -0.000327 0.000193  -0.303964 -0.968933 -1.862153
4  11.692117 0.000645 -0.000740  -1.288279 0.000010 -0.485284
5  11.480550 0.000708 -0.000177  1.364652 0.291510 -0.727949
6  3.859508 -0.142880 -1.192050  -0.355845 0.071161 -1.717889
7  1.312591 0.000014 0.000008  0.001009 0.118634 -1.342342
8  0.729354 0.000053 0.000051  -0.354413 0.192185 -1.033754
9  3.942140 0.046272 -0.431512  -0.118608 0.030347 -1.596581
10  1.539113 0.000085 0.000005  0.010839 0.048095 -1.195681
11  1.196333 0.000144 0.000030  0.083612 0.101560 -1.052457
12  3.883505 -0.047269 0.431382  0.144811 0.104657 -0.532403
13  1.719573 -0.000028 0.000017  -0.000044 0.055089 -1.348529
14  1.209178 0.000091 0.000011  -0.061065 -0.064635 -1.162035
15  3.859663 -0.138476 1.332410  0.344468 -0.053989 -0.682073
16  1.719449 -0.000010 0.000023  0.002485 -0.019467 -0.976334
17  1.099674 0.000050 0.000004  0.087374 -0.027472 -0.249635
18  0.805994 -0.349051 1.321254  -0.980912 -0.371793 -1.028717
19  1.789821 -0.000005 -0.000019  -0.004629 0.008705 -0.033206
20  1.207017 -0.000012 -0.000045  0.067975 0.222001 0.306306
21  5.740636 0.000412 -0.000702  -0.008841 0.000003 0.000070
22  11.481123 0.000349 -0.000697  -0.015619 0.089903 -0.149964
23  6.027524 -0.000332 0.000203  1.310677 -0.549221 1.750991
24  0.000003 11.692101 -0.000008  -0.364877 -0.057006 -0.306415
25  0.000003 0.000008 -0.000002  -0.419243 -0.000030 1.570739
26  -0.000000 -0.000012 -0.000001  0.868957 0.000002 1.570712
27  -6.837111 -2.442946 -7.233785  1.473120 1.855075 -0.198639
28  6.027517 -0.000265 -0.000223  1.285225 1.373140 -1.025909
29  11.691991 0.000244 0.000857  0.141433 0.000028 -1.188943
30  11.480167 -0.000274 0.000874  -0.682205 -0.528829 0.276505
31  3.859435 -0.132789 1.193062  0.466148 -0.051828 -1.783917
32  1.312557 0.000025 -0.000001  -0.013963 -0.041043 -0.156449
33  0.729344 0.000066 -0.000027  -0.128320 -0.117290 -0.954856
34  3.942046 0.050108 0.430997  0.211502 -0.107596 -1.469117
35  1.539096 0.000005 -0.000000  0.040712 -0.054387 -1.030473
36  1.196299 0.000076 -0.000004  -0.249391 -0.043040 -0.795121
37  3.883410 -0.050503 -0.431087  0.186407 -0.271796 -1.212183
38  1.719562 -0.000081 -0.000004  0.020974 -0.107650 -1.483529
39  1.209199 0.000036 0.000011  -0.324719 0.069674 -0.493483
40  3.859585 -0.149112 -1.331323  -0.040757 -0.073789 -0.195091
41  1.719412 -0.000098 -0.000034  -0.007235 0.031761 -0.150715
42  1.099674 0.000023 0.000007  0.118501 -0.028866 -0.144987
43  0.805979 -0.359855 -1.318338  1.050437 0.222586 -0.947432
44  1.789778 -0.000008 -0.000042  -0.043515 0.022167 0.110398
45  1.206996 -0.000004 0.000005  -0.024943 0.050005 0.701106
46  5.740571 0.000056 0.000724  0.162943 -0.000014 0.000021
47  11.480978 -0.000018 0.000924  0.190107 -0.096581 0.069263
48  6.027513 -0.000274 -0.000237  -1.460952 -0.164704 -1.618366
49  0.000001 11.691975 -0.000008  -0.840855 0.314489 0.681554
50  0.000001 -0.000001 0.000000  2.413975 -0.000041 1.570856
51  -0.000006 -0.000015 0.000005  2.272644 -0.000030 1.570865
52  -7.854891 -14.330640 -3.422379  -2.925400 -0.193341 -0.593868
53  0.000000 -0.000001 -0.000000  0.008153 -0.000259 0.000009
54  -0.000000 -0.000001 -0.000000  1.565115 0.043565 -0.106862
55  -2.714247 -19.915163 -17.133415  -0.951304 -0.636318 -1.904526
56  -0.000001 0.000000 -0.000000  0.000000 -0.000000 -0.000002
57  0.000029 0.000031 0.000000  -1.571901 -0.044449 -0.106509
58  33.185574 1.676875 -41.957436  1.570796 -0.000000 0.000000
59  -13.956470 -9.775214 -12.623269  1.570796 -0.000000 0.000000
60  1.941978 -1.075505 -8.860325  1.570796 -0.000000 0.000000
61  -0.004311 0.001229 -0.000371  0.006898 -0.005534 -0.284229
62  -7.233792 3.620581 -6.293282  1.570796 -0.000000 0.000000
63  0.000000 0.000000 0.000000  -0.078727 -3.136056 0.284226
64  0.000000 0.000000 0.000000  1.622517 -0.002324 -0.310872
65  -1.683545 -17.326450 1.626148  1.482581 -0.239195 1.147254
66  -0.000000 -2.923557 -1.408042  0.000000 -0.000000 -0.000000
67  -0.000003 -0.601197 -2.062165  0.000000 -0.000000 -0.000000
68  0.004382 -0.039407 6.613115  0.000000 -0.000000 -0.000000
69  0.000005 -0.021787 -0.115849  0.000000 -0.000000 -0.000000
70  0.000001 -3.304880 0.259168  0.000000 -0.000000 -0.000000
71  2.801021 -19.130461 0.812095  1.482581 -0.239195 1.147254
72  0.057101 0.204433 -2.709598  0.000000 -0.000000 -0.000000
73  0.111673 -0.283001 -2.709597  0.000000 -0.000000 -0.000000
74  -0.128218 -0.750370 -2.709598  0.000000 -0.000000 -0.000000
time 74
0  0 0 0  0 0 0
1  0.000006 0.000000 0.000000  -1.570800 -1.391899 -1.570792
2  -8.526393 2.634402 1.937664  -1.544956 -1.855077 -0.198630
3  6.027526 -0.000327 0.000193  -0.303964 -0.968933 -1.862153
4  11.692117 0.000645 -0.000740  -1.291935 0.000010 -0.485284
5  11.480551 0.000708 -0.000173  1.367503 0.293942 -0.727126
6  3.859508 -0.142880 -1.192050  -0.355845 0.071161 -1.717889
7  1.312591 0.000014 0.000008  0.001009 0.118634 -1.342342
8  0.729354 0.000053 0.000051  -0.354413 0.192185 -1.033754
9  3.942140 0.046272 -0.431512  -0.118608 0.030347 -1.596581
10  1.539113 0.000085 0.000005  0.010839 0.048095 -1.195681
11  1.196333 0.000144 0.000030  0.083612 0.101560 -1.052457
12  3.883505 -0.047269 0.431382  0.144811 0.104657 -0.532403
13  1.719573 -0.000028 0.000017  -0.000044 0.055089 -1.348529
14  1.209178 0.000091 0.000011  -0.061065 -0.064635 -1.162035
15  3.859663 -0.138476 1.332410  0.344468 -0.053989 -0.682073
16  1.719449 -0.000010 0.000023  0.002485 -0.019467 -0.976334
17  1.099674 0.000050 0.000004  0.087374 -0.027472 -0.249635
18  0.805994 -0.349051 1.321254  -0.980912 -0.371793 -1.028717
19  1.789821 -0.000005 -0.000019  -0.004629 0.008705 -0.033206
20  1.207017 -0.000012 -0.000045  0.067975 0.222001 0.306306
21  5.740638 0.000410 -0.000702  -0.008153 0.000003 0.000071
22  11.481125 0.000347 -0.000696  -0.014948 0.090224 -0.149767
23  6.027524 -0.000332 0.000203  1.310677 -0.549221 1.750991
24  0.000003 11.692101 -0.000008  -0.364877 -0.057006 -0.306415
25  0.000003 0.000008 -0.000002  -0.422899 -0.000030 1.570739
26  -0.000000 -0.000012 -0.000001  0.868957 0.000002 1.570712
27  -6.837111 -2.442946 -7.233785  1.473120 1.855075 -0.198639
28  6.027517 -0.000265 -0.000223  1.286240 1.372444 -1.024873
29  11.691992 0.000243 0.000857  0.141433 0.000028 -1.191318
30  11.480157 -0.000277 0.000873  -0.682389 -0.528434 0.278947
31  3.859436 -0.132787 1.193062  0.466148 -0.051828 -1.783918
32  1.312558 0.000025 -0.000001  -0.013963 -0.041043 -0.156449
33  0.729346 0.000066 -0.000027  -0.128320 -0.117290 -0.954856
34  3.942047 0.050110 0.430997  0.211502 -0.107596 -1.469117
35  1.539097 0.000006 0.000001  0.040712 -0.054387 -1.030473
36  1.196299 0.000078 -0.000004  -0.249391 -0.043040 -0.795121
37  3.883411 -0.050502 -0.431087  0.186407 -0.271796 -1.212183
38  1.719563 -0.000083 -0.000003  0.020974 -0.107650 -1.483529
39  1.209198 0.000035 0.000011  -0.324719 0.069674 -0.493483
40  3.859585 -0.149112 -1.331323  -0.040757 -0.073789 -0.195091
41  1.719413 -0.000097 -0.000034  -0.007235 0.031761 -0.150715
42  1.099673 0.000022 0.000007  0.118501 -0.028866 -0.144987
43  0.805979 -0.359854 -1.318338  1.045022 0.216075 -0.932620
44  1.789779 -0.000008 -0.000042  -0.039207 0.019487 0.112674
45  1.206997 -0.000006 0.000005  -0.021405 0.044075 0.739419
46  5.740571 0.000057 0.000723  0.163386 -0.000014 0.000021
47  11.480974 -0.000020 0.000924  0.190177 -0.096331 0.069686
48  6.027513 -0.000274 -0.000237  -1.460389 -0.165169 -1.618417
49  -0.000001 11.691975 -0.000008  -0.842335 0.315632 0.682628
50  0.000003 -0.000000 0.000001  2.413975 -0.000041 1.570856
51  -0.000007 -0.000016 0.000004  2.272644 -0.000030 1.570865
52  -7.855216 -14.313333 -3.418973  -2.925117 -0.192871 -0.594465
53  0.000001 0.000001 -0.000000  0.008153 -0.000259 0.000009
54  0.000000 0.000000 0.000000  1.565115 0.043565 -0.106862
55  -2.714247 -19.915163 -17.133415  -0.951304 -0.636318 -1.904526
56  -0.000001 0.000000 -0.000000  0.000000 -0.000000 -0.000002
57  0.000029 0.000031 0.000000  -1.571901 -0.044449 -0.106509
58  33.185574 1.676875 -41.957436  1.570796 -0.000000 0.000000
59  -13.956470 -9.775214 -12.623269  1.570796 -0.000000 0.000000
60  1.941978 -1.075505 -8.860325  1.570796 -0.000000 0.000000
61  -0.004311 0.001229 -0.000371  0.006898 -0.005534 -0.284229
62  -7.233792 3.620581 -6.293282  1.570796 -0.000000 0.000000
63  0.000000 0.000000 0.000000  -0.078727 -3.136056 0.284226
64  0.000000 0.000000 0.000000  1.622771 -0.004036 -0.309114
65  -1.684312 -17.314976 1.626630  1.483010 -0.239548 1.146610
66  0.000001 -2.923558 -1.408042  -0.000000 -0.000000 0.000000
67  -0.000003 -0.601197 -2.062165  -0.000000 -0.000000 0.000000
68  0.004381 -0.039407 6.613115  -0.000000 -0.000000 0.000000
69  0.000003 -0.021787 -0.115849  -0.000000 -0.000000 0.000000
70  0.000001 -3.304881 0.259168  -0.000000 -0.000000 0.000000
71  2.799082 -19.121014 0.810637  1.483010 -0.239548 1.146610
72  0.057100 0.204433 -2.709597  -0.000000 -0.000000 0.000000
73  0.111672 -0.283002 -2.709596  -0.000000 -0.000000 0.000000
74  -0.128218 -0.750371 -2.709597  -0.000000 -0.000000 0.000000
time 75
0  0 0 0  0 0 0
1  0.000006 0.000000 0.000000  -1.570800 -1.391899 -1.570792
2  -8.526393 2.634402 1.937664  -1.544956 -1.855077 -0.198630
3  6.027526 -0.000327 0.000193  -0.303964 -0.968933 -1.862153
4  11.692117 0.000645 -0.000740  -1.295540 0.000010 -0.485284
5  11.480552 0.000710 -0.000171  1.370319 0.296337 -0.726307
6  3.859508 -0.142880 -1.192050  -0.355845 0.071161 -1.717889
7  1.312591 0.000014 0.000008  0.001009 0.118634 -1.342342
8  0.729354 0.000053 0.000051  -0.354413 0.192185 -1.033754
9  3.942140 0.046272 -0.431512  -0.118608 0.030347 -1.596581
10  1.539113 0.000085 0.000005  0.010839 0.048095 -1.195681
11  1.196333 0.000144 0.000030  0.083612 0.101560 -1.052457
12  3.883505 -0.047269 0.431382  0.144811 0.104657 -0.532403
13  1.719573 -0.000028 0.000017  -0.000044 0.055089 -1.348529
14  1.209178 0.000091 0.000011  -0.061065 -0.064635 -1.162035
15  3.859663 -0.138476 1.332410  0.344468 -0.053989 -0.682073
16  1.719449 -0.000010 0.000023  0.002485 -0.019467 -0.976334
17  1.099674 0.000050 0.000004  0.087374 -0.027472 -0.249635
18  0.805994 -0.349051 1.321254  -0.980912 -0.371793 -1.028717
19  1.789821 -0.000005 -0.000019  -0.004629 0.008705 -0.033206
20  1.207017 -0.000012 -0.000045  0.067975 0.222001 0.306306
21  5.740638 0.000412 -0.000702  -0.007475 0.000003 0.000071
22  11.481122 0.000348 -0.000697  -0.014286 0.090539 -0.149573
23  6.027524 -0.000332 0.000203  1.310677 -0.549221 1.750991
24  0.000003 11.692101 -0.000008  -0.364877 -0.057006 -0.306415
25  0.000003 0.000008 -0.000002  -0.426504 -0.000030 1.570739
26  -0.000000 -0.000012 -0.000001  0.868957 0.000002 1.570712
27  -6.837111 -2.442946 -7.233785  1.473120 1.855075 -0.198639
28  6.027517 -0.000265 -0.000223  1.287366 1.371457 -1.023504
29  11.691991 0.000242 0.000857  0.141433 0.000029 -1.194008
30  11.480143 -0.000284 0.000876  -0.682471 -0.527795 0.281348
31  3.859437 -0.132791 1.193061  0.466148 -0.051828 -1.783918
32  1.312557 0.000026 -0.000000  -0.013963 -0.041043 -0.156449
33  0.729344 0.000066 -0.000027  -0.128320 -0.117290 -0.954856
34  3.942048 0.050107 0.430996  0.211502 -0.107596 -1.469117
35  1.539096 0.000004 0.000000  0.040712 -0.054387 -1.030473
36  1.196299 0.000075 -0.000004  -0.249391 -0.043040 -0.795121
37  3.883413 -0.050503 -0.431087  0.186407 -0.271796 -1.212183
38  1.719564 -0.000081 -0.000003  0.020974 -0.107650 -1.483530
39  1.209198 0.000035 0.000011  -0.324719 0.069674 -0.493483
40  3.859586 -0.149113 -1.331324  -0.040757 -0.073789 -0.195091
41  1.719412 -0.000100 -0.000034  -0.007235 0.031761 -0.150715
42  1.099673 0.000024 0.000007  0.118501 -0.028866 -0.144987
43  0.805980 -0.359856 -1.318338  1.039603 0.209908 -0.918114
44  1.789779 -0.000008 -0.000041  -0.034975 0.016917 0.114902
45  1.206996 -0.000005 0.000004  -0.018203 0.038474 0.776374
46  5.740571 0.000054 0.000724  0.163888 -0.000014 0.000021
47  11.480973 -0.000020 0.000925  0.190260 -0.096031 0.070088
48  6.027513 -0.000274 -0.000237  -1.459642 -0.165863 -1.618276
49  -0.000001 11.691974 -0.000006  -0.844012 0.316929 0.683844
50  0.000002 0.000001 -0.000001  2.413975 -0.000041 1.570856
51  -0.000006 -0.000015 0.000005  2.272644 -0.000030 1.570865
52  -7.855144 -14.294703 -3.419631  -2.924837 -0.192412 -0.595133
53  0.000000 -0.000000 -0.000000  0.008153 -0.000259 0.000009
54  0.000001 -0.000002 -0.000000  1.565115 0.043565 -0.106862
55  -2.714247 -19.915163 -17.133415  -0.951304 -0.636318 -1.904526
56  -0.000001 0.000000 -0.000000  0.000000 -0.000000 -0.000002
57  0.000029 0.000031 0.000000  -1.571901 -0.044449 -0.106509
58  33.185574 1.676875 -41.957436  1.570796 -0.000000 0.000000
59  -13.956470 -9.775214 -12.623269  1.570796 -0.000000 0.000000
60  1.941978 -1.075505 -8.860325  1.570796 -0.000000 0.000000
61  -0.004311 0.001229 -0.000371  0.006898 -0.005534 -0.284229
62  -7.233792 3.620581 -6.293282  1.570796 -0.000000 0.000000
63  0.000000 0.000000 0.000000  -0.078727 -3.136056 0.284226
64  0.000000 0.000000 0.000000  1.622993 -0.005581 -0.306686
65  -1.684952 -17.302586 1.623125  1.483427 -0.239897 1.145896
66  0.000004 -2.923558 -1.408042  0.000000 0.000000 -0.000000
67  -0.000000 -0.601198 -2.062165  0.000000 0.000000 -0.000000
68  0.004380 -0.039407 6.613115  0.000000 0.000000 -0.000000
69  0.000002 -0.021787 -0.115848  0.000000 0.000000 -0.000000
70  0.000003 -3.304880 0.259168  0.000000 0.000000 -0.000000
71  2.797148 -19.110985 0.805245  1.483427 -0.239897 1.145896
72  0.057101 0.204433 -2.709596  0.000000 0.000000 -0.000000
73  0.111675 -0.283002 -2.709596  0.000000 0.000000 -0.000000
74  -0.128216 -0.750371 -2.709596  0.000000 0.000000 -0.000000
time 76
0  0 0 0  0 0 0
1  0.000006 0.000000 0.000000  -1.570800 -1.391899 -1.570792
2  -8.526393 2.634402 1.937664  -1.544956 -1.855077 -0.198630
3  6.027526 -0.000327 0.000193  -0.303964 -0.968933 -1.862153
4  11.692117 0.000645 -0.000740  -1.299090 0.000010 -0.485284
5  11.480552 0.000710 -0.000168  1.373096 0.298694 -0.725493
6  3.859508 -0.142880 -1.192050  -0.355845 0.071161 -1.717889
7  1.312591 0.000014 0.000008  0.001009 0.118634 -1.342342
8  0.729354 0.000053 0.000051  -0.354413 0.192185 -1.033754
9  3.942140 0.046272 -0.431512  -0.118608 0.030347 -1.596581
10  1.539113 0.000085 0.000005  0.010839 0.048095 -1.195681
11  1.196333 0.000144 0.000030  0.083612 0.101560 -1.052457
12  3.883505 -0.047269 0.431382  0.144811 0.104657 -0.532403
13  1.719573 -0.000028 0.000017  -0.000044 0.055089 -1.348529
14  1.209178 0.000091 0.000011  -0.061065 -0.064635 -1.162035
15  3.859663 -0.138476 1.332410  0.344468 -0.053989 -0.682073
16  1.719449 -0.000010 0.000023  0.002485 -0.019467 -0.976334
17  1.099674 0.000050 0.000004  0.087374 -0.027472 -0.249635
18  0.805994 -0.349051 1.321254  -0.980912 -0.371793 -1.028717
19  1.789821 -0.000005 -0.000019  -0.004629 0.008705 -0.033206
20  1.207017 -0.000012 -0.000045  0.067975 0.222001 0.306306
21  5.740637 0.000411 -0.000703  -0.006807 0.000003 0.000071
22  11.481124 0.000347 -0.000697  -0.013634 0.090849 -0.149381
23  6.027524 -0.000332 0.000203  1.310677 -0.549221 1.750991
24  0.000003 11.692101 -0.000008  -0.364877 -0.057006 -0.306415
25  0.000003 0.000008 -0.000002  -0.430054 -0.000030 1.570739
26  -0.000000 -0.000012 -0.000001  0.868957 0.000002 1.570712
27  -6.837111 -2.442946 -7.233785  1.473120 1.855075 -0.198639
28  6.027517 -0.000265 -0.000223  1.288619 1.370123 -1.021747
29  11.691991 0.000243 0.000856  0.141433 0.000029 -1.197055
30  11.480127 -0.000290 0.000876  -0.682430 -0.526874 0.283675
31  3.859437 -0.132787 1.193062  0.466148 -0.051828 -1.783918
32  1.312557 0.000024 -0.000001  -0.013963 -0.041043 -0.156449
33  0.729347 0.000066 -0.000027  -0.128320 -0.117290 -0.954856
34  3.942047 0.050109 0.430997  0.211502 -0.107596 -1.469117
35  1.539097 0.000004 0.000000  0.040712 -0.054387 -1.030473
36  1.196298 0.000075 -0.000004  -0.249391 -0.043040 -0.795121
37  3.883413 -0.050501 -0.431087  0.186407 -0.271796 -1.212183
38  1.719562 -0.000082 -0.000004  0.020974 -0.107650 -1.483529
39  1.209197 0.000036 0.000011  -0.324719 0.069674 -0.493483
40  3.859587 -0.149112 -1.331323  -0.040757 -0.073789 -0.195091
41  1.719413 -0.000097 -0.000034  -0.007235 0.031761 -0.150715
42  1.099674 0.000026 0.000007  0.118501 -0.028866 -0.144987
43  0.805980 -0.359853 -1.318338  1.034243 0.204118 -0.904043
44  1.789780 -0.000008 -0.000043  -0.030858 0.014471 0.117063
45  1.206997 -0.000005 0.000004  -0.015327 0.033228 0.811703
46  5.740572 0.000056 0.000724  0.164454 -0.000014 0.000021
47  11.480969 -0.000022 0.000923  0.190361 -0.095677 0.070461
48  6.027513 -0.000274 -0.000237  -1.458674 -0.166828 -1.617907
49  -0.000001 11.691975 -0.000007  -0.845909 0.318400 0.685218
50  0.000004 0.000000 0.000002  2.413975 -0.000041 1.570856
51  -0.000007 -0.000015 0.000006  2.272644 -0.000030 1.570865
52  -7.854659 -14.274688 -3.425242  -2.924559 -0.191969 -0.595880
53  0.000001 -0.000001 0.000000  0.008153 -0.000259 0.000009
54  0.000001 -0.000000 -0.000000  1.565115 0.043565 -0.106862
55  -2.714247 -19.915163 -17.133415  -0.951304 -0.636318 -1.904526
56  -0.000001 0.000000 -0.000000  0.000000 -0.000000 -0.000002
57  0.000029 0.000031 0.000000  -1.571901 -0.044449 -0.106509
58  33.185574 1.676875 -41.957436  1.570796 -0.000000 0.000000
59  -13.956470 -9.775214 -12.623269  1.570796 -0.000000 0.000000
60  1.941978 -1.075505 -8.860325  1.570796 -0.000000 0.000000
61  -0.004311 0.001229 -0.000371  0.006898 -0.005534 -0.284229
62  -7.233792 3.620581 -6.293282  1.570796 -0.000000 0.000000
63  0.000000 0.000000 0.000000  -0.078727 -3.136056 0.284226
64  0.000000 0.000000 0.000000  1.623172 -0.006909 -0.303469
65  -1.685476 -17.289242 1.614766  1.483829 -0.240240 1.145107
66  0.000003 -2.923558 -1.408042  0.000000 -0.000000 -0.000000
67  0.000000 -0.601198 -2.062165  0.000000 -0.000000 -0.000000
68  0.004381 -0.039407 6.613115  0.000000 -0.000000 -0.000000
69  0.000002 -0.021787 -0.115849  0.000000 -0.000000 -0.000000
70  0.000002 -3.304881 0.259169  0.000000 -0.000000 -0.000000
71  2.795191 -19.100365 0.795068  1.483829 -0.240240 1.145107
72  0.057102 0.204433 -2.709596  0.000000 -0.000000 -0.000000
73  0.111674 -0.283001 -2.709597  0.000000 -0.000000 -0.000000
74  -0.128217 -0.750370 -2.709596  0.000000 -0.000000 -0.000000
time 77
0  0 0 0  0 0 0
1  0.000006 0.000000 0.000000  -1.570800 -1.391899 -1.570792
2  -8.526393 2.634402 1.937664  -1.544956 -1.855077 -0.198630
3  6.027526 -0.000327 0.000193  -0.303964 -0.968933 -1.862153
4  11.692117 0.000645 -0.000740  -1.302583 0.000010 -0.485284
5  11.480552 0.000711 -0.000165  1.375833 0.301010 -0.724685
6  3.859508 -0.142880 -1.192050  -0.355845 0.071161 -1.717889
7  1.312591 0.000014 0.000008  0.001009 0.118634 -1.342342
8  0.729354 0.000053 0.000051  -0.354413 0.192185 -1.033754
9  3.942140 0.046272 -0.431512  -0.118608 0.030347 -1.596581
10  1.539113 0.000085 0.000005  0.010839 0.048095 -1.195681
11  1.196333 0.000144 0.000030  0.083612 0.101560 -1.052457
12  3.883505 -0.047269 0.431382  0.144811 0.104657 -0.532403
13  1.719573 -0.000028 0.000017  -0.000044 0.055089 -1.348529
14  1.209178 0.000091 0.000011  -0.061065 -0.064635 -1.162035
15  3.859663 -0.138476 1.332410  0.344468 -0.053989 -0.682073
16  1.719449 -0.000010 0.000023  0.002485 -0.019467 -0.976334
17  1.099674 0.000050 0.000004  0.087374 -0.027472 -0.249635
18  0.805994 -0.349051 1.321254  -0.980912 -0.371793 -1.028717
19  1.789821 -0.000005 -0.000019  -0.004629 0.008705 -0.033206
20  1.207017 -0.000012 -0.000045  0.067975 0.222001 0.306306
21  5.740637 0.000411 -0.000703  -0.006150 0.000003 0.000071
22  11.481125 0.000347 -0.000695  -0.012992 0.091154 -0.149191
23  6.027524 -0.000332 0.000203  1.310677 -0.549221 1.750991
24  0.000003 11.692101 -0.000008  -0.364877 -0.057006 -0.306415
25  0.000003 0.000008 -0.000002  -0.433548 -0.000030 1.570739
26  -0.000000 -0.000012 -0.000001  0.868957 0.000002 1.570712
27  -6.837111 -2.442946 -7.233785  1.473120 1.855075 -0.198639
28  6.027517 -0.000265 -0.000223  1.290016 1.368368 -1.019525
29  11.691991 0.000244 0.000856  0.141433 0.000029 -1.200507
30  11.480112 -0.000298 0.000879  -0.682236 -0.525623 0.285880
31  3.859437 -0.132786 1.193061  0.466148 -0.051828 -1.783918
32  1.312558 0.000025 -0.000000  -0.013963 -0.041043 -0.156449
33  0.729345 0.000066 -0.000027  -0.128320 -0.117290 -0.954856
34  3.942047 0.050109 0.430996  0.211502 -0.107596 -1.469117
35  1.539096 0.000005 -0.000000  0.040712 -0.054387 -1.030473
36  1.196299 0.000076 -0.000004  -0.249391 -0.043040 -0.795121
37  3.883412 -0.050502 -0.431087  0.186407 -0.271796 -1.212183
38  1.719562 -0.000081 -0.000003  0.020974 -0.107650 -1.483529
39  1.209198 0.000036 0.000011  -0.324719 0.069674 -0.493483
40  3.859586 -0.149111 -1.331324  -0.040757 -0.073789 -0.195091
41  1.719412 -0.000097 -0.000034  -0.007235 0.031761 -0.150715
42  1.099674 0.000025 0.000007  0.118501 -0.028866 -0.144987
43  0.805979 -0.359853 -1.318339  1.029003 0.198730 -0.890528
44  1.789781 -0.000007 -0.000042  -0.026894 0.012163 0.119137
45  1.206995 -0.000006 0.000004  -0.012763 0.028356 0.845168
46  5.740571 0.000054 0.000725  0.165094 -0.000014 0.000021
47  11.480966 -0.000024 0.000925  0.190481 -0.095261 0.070795
48  6.027513 -0.000274 -0.000237  -1.457440 -0.168122 -1.617259
49  -0.000001 11.691974 -0.000009  -0.848058 0.320070 0.686773
50  0.000003 -0.000002 0.000000  2.413975 -0.000041 1.570856
51  -0.000007 -0.000015 0.000003  2.272644 -0.000030 1.570865
52  -7.853737 -14.253226 -3.437028  -2.924288 -0.191544 -0.596713
53  0.000001 0.000001 -0.000000  0.008153 -0.000259 0.000009
54  0.000001 -0.000000 -0.000000  1.565115 0.043565 -0.106862
55  -2.714247 -19.915163 -17.133415  -0.951304 -0.636318 -1.904526
56  -0.000001 0.000000 -0.000000  0.000000 -0.000000 -0.000002
57  0.000029 0.000031 0.000000  -1.571901 -0.044449 -0.106509
58  33.185574 1.676875 -41.957436  1.570796 -0.000000 0.000000
59  -13.956470 -9.775214 -12.623269  1.570796 -0.000000 0.000000
60  1.941978 -1.075505 -8.860325  1.570796 -0.000000 0.000000
61  -0.004311 0.001229 -0.000371  0.006898 -0.005534 -0.284229
62  -7.233792 3.620581 -6.293282  1.570796 -0.000000 0.000000
63  0.000000 0.000000 0.000000  -0.078727 -3.136056 0.284226
64  0.000000 0.000000 0.000000  1.623290 -0.008005 -0.298033
65  -1.685896 -17.274910 1.600347  1.484214 -0.240575 1.144234
66  -0.000000 -2.923557 -1.408041  0.000000 -0.000000 0.000000
67  -0.000003 -0.601197 -2.062164  0.000000 -0.000000 0.000000
68  0.004382 -0.039407 6.613114  0.000000 -0.000000 0.000000
69  0.000004 -0.021787 -0.115849  0.000000 -0.000000 0.000000
70  0.000002 -3.304881 0.259168  0.000000 -0.000000 0.000000
71  2.793189 -19.089153 0.778913  1.484214 -0.240575 1.144234
72  0.057099 0.204433 -2.709597  0.000000 -0.000000 0.000000
73  0.111672 -0.283001 -2.709597  0.000000 -0.000000 0.000000
74  -0.128218 -0.750370 -2.709597  0.000000 -0.000000 0.000000
time 78
0  0 0 0  0 0 0
1  0.000006 0.000000 0.000000  -1.570800 -1.391899 -1.570792
2  -8.526393 2.634402 1.937664  -1.544956 -1.855077 -0.198630
3  6.027526 -0.000327 0.000193  -0.303964 -0.968933 -1.862153
4  11.692117 0.000645 -0.000740  -1.306018 0.000010 -0.485284
5  11.480551 0.000712 -0.000163  1.378528 0.303286 -0.723883
6  3.859508 -0.142880 -1.192050  -0.355845 0.071161 -1.717889
7  1.312591 0.000014 0.000008  0.001009 0.118634 -1.342342
8  0.729354 0.000053 0.000051  -0.354413 0.192185 -1.033754
9  3.942140 0.046272 -0.431512  -0.118608 0.030347 -1.596581
10  1.539113 0.000085 0.000005  0.010839 0.048095 -1.195681
11  1.196333 0.000144 0.000030  0.083612 0.101560 -1.052457
12  3.883505 -0.047269 0.431382  0.144811 0.104657 -0.532403
13  1.719573 -0.000028 0.000017  -0.000044 0.055089 -1.348529
14  1.209178 0.000091 0.000011  -0.061065 -0.064635 -1.162035
15  3.859663 -0.138476 1.332410  0.344468 -0.053989 -0.682073
16  1.719449 -0.000010 0.000023  0.002485 -0.019467 -0.976334
17  1.099674 0.000050 0.000004  0.087374 -0.027472 -0.249635
18  0.805994 -0.349051 1.321254  -0.980912 -0.371793 -1.028717
19  1.789821 -0.000005 -0.000019  -0.004629 0.008705 -0.033206
20  1.207017 -0.000012 -0.000045  0.067975 0.222001 0.306306
21  5.740638 0.000411 -0.000703  -0.005503 0.000003 0.000071
22  11.481124 0.000346 -0.000696  -0.012361 0.091454 -0.149005
23  6.027524 -0.000332 0.000203  1.310677 -0.549221 1.750991
24  0.000003 11.692101 -0.000008  -0.364877 -0.057006 -0.306415
25  0.000003 0.000008 -0.000002  -0.436983 -0.000030 1.570739
26  -0.000000 -0.000012 -0.000001  0.868957 0.000002 1.570712
27  -6.837111 -2.442946 -7.233785  1.473120 1.855075 -0.198639
28  6.027517 -0.000265 -0.000223  1.292243 1.365489 -1.015935
29  11.691992 0.000243 0.000857  0.141434 0.000029 -1.206111
30  11.480083 -0.000312 0.000879  -0.681719 -0.523731 0.288858
31  3.859435 -0.132788 1.193061  0.466148 -0.051828 -1.783918
32  1.312558 0.000024 -0.000000  -0.013963 -0.041043 -0.156449
33  0.729346 0.000066 -0.000027  -0.128320 -0.117290 -0.954856
34  3.942046 0.050108 0.430996  0.211502 -0.107596 -1.469117
35  1.539095 0.000004 0.000000  0.040712 -0.054387 -1.030473
36  1.196301 0.000076 -0.000004  -0.249391 -0.043040 -0.795121
37  3.883410 -0.050503 -0.431087  0.186407 -0.271796 -1.212183
38  1.719565 -0.000080 -0.000003  0.020974 -0.107650 -1.483529
39  1.209197 0.000035 0.000011  -0.324719 0.069674 -0.493483
40  3.859585 -0.149111 -1.331323  -0.040757 -0.073789 -0.195091
41  1.719411 -0.000100 -0.000034  -0.007235 0.031761 -0.150715
42  1.099673 0.000025 0.000007  0.118501 -0.028866 -0.144987
43  0.805979 -0.359853 -1.318338  1.023945 0.193762 -0.877683
44  1.789780 -0.000008 -0.000042  -0.023117 0.010003 0.121108
45  1.206997 -0.000005 0.000006  -0.010495 0.023874 0.876561
46  5.740571 0.000054 0.000724  0.166066 -0.000014 0.000021
47  11.480960 -0.000028 0.000927  0.190689 -0.094649 0.071240
48  6.027513 -0.000274 -0.000237  -1.455414 -0.170246 -1.616191
49  -0.000001 11.691975 -0.000007  -0.851542 0.322788 0.689290
50  0.000004 -0.000001 0.000001  2.413975 -0.000041 1.570856
51  -0.000007 -0.000015 0.000005  2.272644 -0.000030 1.570865
52  -7.852369 -14.218445 -3.456807  -2.924024 -0.191141 -0.597637
53  -0.000001 0.000001 -0.000000  0.008153 -0.000259 0.000009
54  0.000000 0.000000 -0.000000  1.565115 0.043565 -0.106862
55  -2.714247 -19.915163 -17.133415  -0.951304 -0.636318 -1.904526
56  -0.000001 0.000000 -0.000000  0.000000 -0.000000 -0.000002
57  0.000029 0.000031 0.000000  -1.571901 -0.044449 -0.106509
58  33.185574 1.676875 -41.957436  1.570796 -0.000000 0.000000
59  -13.956470 -9.775214 -12.623269  1.570796 -0.000000 0.000000
60  1.941978 -1.075505 -8.860325  1.570796 -0.000000 0.000000
61  -0.004311 0.001229 -0.000371  0.006898 -0.005534 -0.284229
62  -7.233792 3.620581 -6.293282  1.570796 -0.000000 0.000000
63  0.000000 0.000000 0.000000  -0.078727 -3.136056 0.284226
64  0.000000 0.000000 0.000000  1.623330 -0.008844 -0.289301
65  -1.686223 -17.247740 1.578074  1.484578 -0.240898 1.143273
66  0.000002 -2.923557 -1.408043  -0.000000 -0.000000 -0.000000
67  -0.000002 -0.601198 -2.062165  -0.000000 -0.000000 -0.000000
68  0.004381 -0.039406 6.613115  -0.000000 -0.000000 -0.000000
69  0.000002 -0.021786 -0.115848  -0.000000 -0.000000 -0.000000
70  0.000001 -3.304880 0.259169  -0.000000 -0.000000 -0.000000
71  2.791123 -19.065533 0.754996  1.484578 -0.240898 1.143273
72  0.057099 0.204433 -2.709595  -0.000000 -0.000000 -0.000000
73  0.111673 -0.283001 -2.709596  -0.000000 -0.000000 -0.000000
74  -0.128217 -0.750370 -2.709596  -0.000000 -0.000000 -0.000000
time 79
0  0 0 0  0 0 0
1  0.000006 0.000000 0.000000  -1.570800 -1.391899 -1.570792
2  -8.526393 2.634402 1.937664  -1.544956 -1.855077 -0.198630
3  6.027526 -0.000327 0.000193  -0.303964 -0.968933 -1.862153
4  11.692117 0.000645 -0.000740  -1.309393 0.000010 -0.485284
5  11.480551 0.000712 -0.000160  1.381179 0.305520 -0.723088
6  3.859508 -0.142880 -1.192050  -0.355845 0.071161 -1.717889
7  1.312591 0.000014 0.000008  0.001009 0.118634 -1.342342
8  0.729354 0.000053 0.000051  -0.354413 0.192185 -1.033754
9  3.942140 0.046272 -0.431512  -0.118608 0.030347 -1.596581
10  1.539113 0.000085 0.000005  0.010839 0.048095 -1.195681
11  1.196333 0.000144 0.000030  0.083612 0.101560 -1.052457
12  3.883505 -0.047269 0.431382  0.144811 0.104657 -0.532403
13  1.719573 -0.000028 0.000017  -0.000044 0.055089 -1.348529
14  1.209178 0.000091 0.000011  -0.061065 -0.064635 -1.162035
15  3.859663 -0.138476 1.332410  0.344468 -0.053989 -0.682073
16  1.719449 -0.000010 0.000023  0.002485 -0.019467 -0.976334
17  1.099674 0.000050 0.000004  0.087374 -0.027472 -0.249635
18  0.805994 -0.349051 1.321254  -0.980912 -0.371793 -1.028717
19  1.789821 -0.000005 -0.000019  -0.004629 0.008705 -0.033206
20  1.207017 -0.000012 -0.000045  0.067975 0.222001 0.306306
21  5.740636 0.000410 -0.000703  -0.004868 0.000003 0.000071
22  11.481123 0.000349 -0.000694  -0.011741 0.091748 -0.148820
23  6.027524 -0.000332 0.000203  1.310677 -0.549221 1.750991
24  0.000003 11.692101 -0.000008  -0.364877 -0.057006 -0.306415
25  0.000003 0.000008 -0.000002  -0.440357 -0.000030 1.570739
26  -0.000000 -0.000012 -0.000001  0.868957 0.000002 1.570712
27  -6.837111 -2.442946 -7.233785  1.473120 1.855075 -0.198639
28  6.027517 -0.000264 -0.000223  1.295815 1.360802 -1.010204
29  11.691991 0.000242 0.000857  0.141434 0.000030 -1.215418
30  11.480043 -0.000329 0.000882  -0.680693 -0.520882 0.293328
31  3.859435 -0.132790 1.193061  0.466148 -0.051828 -1.783918
32  1.312559 0.000024 -0.000000  -0.013963 -0.041043 -0.156449
33  0.729345 0.000066 -0.000027  -0.128320 -0.117290 -0.954856
34  3.942045 0.050106 0.430997  0.211502 -0.107596 -1.469117
35  1.539093 0.000006 0.000000  0.040712 -0.054387 -1.030473
36  1.196300 0.000076 -0.000004  -0.249391 -0.043040 -0.795121
37  3.883411 -0.050505 -0.431087  0.186407 -0.271796 -1.212183
38  1.719564 -0.000080 -0.000003  0.020974 -0.107650 -1.483529
39  1.209197 0.000035 0.000011  -0.324719 0.069674 -0.493483
40  3.859585 -0.149114 -1.331323  -0.040757 -0.073789 -0.195091
41  1.719412 -0.000099 -0.000034  -0.007235 0.031761 -0.150715
42  1.099674 0.000026 0.000007  0.118501 -0.028866 -0.144987
43  0.805978 -0.359857 -1.318338  1.019122 0.189227 -0.865608
44  1.789778 -0.000008 -0.000042  -0.019559 0.008002 0.122960
45  1.206996 -0.000006 0.000006  -0.008502 0.019792 0.905709
46  5.740571 0.000056 0.000725  0.167607 -0.000014 0.000021
47  11.480951 -0.000029 0.000927  0.191047 -0.093718 0.071915
48  6.027513 -0.000274 -0.000237  -1.452104 -0.173691 -1.614522
49  -0.000002 11.691975 -0.000006  -0.857321 0.327319 0.693454
50  0.000002 -0.000001 0.000001  2.413975 -0.000041 1.570856
51  -0.000007 -0.000015 0.000005  2.272644 -0.000030 1.570865
52  -7.850528 -14.159871 -3.487472  -2.923770 -0.190762 -0.598659
53  0.000001 0.000000 -0.000000  0.008153 -0.000259 0.000009
54  -0.000000 -0.000003 0.000000  1.565115 0.043565 -0.106862
55  -2.714247 -19.915163 -17.133415  -0.951304 -0.636318 -1.904526
56  -0.000001 0.000000 -0.000000  0.000000 -0.000000 -0.000002
57  0.000029 0.000031 0.000000  -1.571901 -0.044449 -0.106509
58  33.185574 1.676875 -41.957436  1.570796 -0.000000 0.000000
59  -13.956470 -9.775214 -12.623269  1.570796 -0.000000 0.000000
60  1.941978 -1.075505 -8.860325  1.570796 -0.000000 0.000000
61  -0.004311 0.001229 -0.000371  0.006898 -0.005534 -0.284229
62  -7.233792 3.620581 -6.293282  1.570796 -0.000000 0.000000
63  0.000000 0.000000 0.000000  -0.078727 -3.136056 0.284226
64  0.000000 0.000000 0.000000  1.623286 -0.009360 -0.277686
65  -1.686468 -17.197285 1.545071  1.484919 -0.241209 1.142218
66  0.000002 -2.923558 -1.408042  0.000000 0.000000 -0.000000
67  -0.000001 -0.601198 -2.062164  0.000000 0.000000 -0.000000
68  0.004379 -0.039406 6.613116  0.000000 0.000000 -0.000000
69  0.000002 -0.021786 -0.115848  0.000000 0.000000 -0.000000
70  0.000004 -3.304881 0.259168  0.000000 0.000000 -0.000000
71  2.788960 -19.019093 0.720457  1.484919 -0.241209 1.142218
72  0.057100 0.204433 -2.709598  0.000000 0.000000 -0.000000
73  0.111673 -0.283001 -2.709597  0.000000 0.000000 -0.000000
74  -0.128218 -0.750370 -2.709597  0.000000 0.000000 -0.000000
time 80
0  0 0 0  0 0 0
1  0.000006 0.000000 0.000000  -1.570800 -1.391899 -1.570792
2  -8.526393 2.634402 1.937664  -1.544956 -1.855077 -0.198630
3  6.027526 -0.000327 0.000193  -0.303964 -0.968933 -1.862153
4  11.692117 0.000645 -0.000740  -1.312704 0.000010 -0.485284
5  11.480552 0.000712 -0.000155  1.383784 0.307710 -0.722302
6  3.859508 -0.142880 -1.192050  -0.355845 0.071161 -1.717889
7  1.312591 0.000014 0.000008  0.001009 0.118634 -1.342342
8  0.729354 0.000053 0.000051  -0.354413 0.192185 -1.033754
9  3.942140 0.046272 -0.431512  -0.118608 0.030347 -1.596581
10  1.539113 0.000085 0.000005  0.010839 0.048095 -1.195681
11  1.196333 0.000144 0.000030  0.083612 0.101560 -1.052457
12  3.883505 -0.047269 0.431382  0.144811 0.104657 -0.532403
13  1.719573 -0.000028 0.000017  -0.000044 0.055089 -1.348529
14  1.209178 0.000091 0.000011  -0.061065 -0.064635 -1.162035
15  3.859663 -0.138476 1.332410  0.344468 -0.053989 -0.682073
16  1.719449 -0.000010 0.000023  0.002485 -0.019467 -0.976334
17  1.099674 0.000050 0.000004  0.087374 -0.027472 -0.249635
18  0.805994 -0.349051 1.321254  -0.980912 -0.371793 -1.028717
19  1.789821 -0.000005 -0.000019  -0.004629 0.008705 -0.033206
20  1.207017 -0.000012 -0.000045  0.067975 0.222001 0.306306
21  5.740638 0.000409 -0.000701  -0.004245 0.000003 0.000070
22  11.481125 0.000346 -0.000690  -0.011132 0.092036 -0.148640
23  6.027524 -0.000332 0.000203  1.310677 -0.549221 1.750991
24  0.000003 11.692101 -0.000008  -0.364877 -0.057006 -0.306415
25  0.000003 0.000008 -0.000002  -0.443668 -0.000030 1.570739
26  -0.000000 -0.000012 -0.000001  0.868957 0.000002 1.570712
27  -6.837111 -2.442946 -7.233785  1.473120 1.855075 -0.198639
28  6.027517 -0.000264 -0.000223  1.300459 1.354149 -1.002374
29  11.691990 0.000243 0.000857  0.141434 0.000031 -1.228226
30  11.479871 -0.000420 0.000893  -0.679036 -0.516932 0.298840
31  3.859437 -0.132787 1.193061  0.466148 -0.051828 -1.783918
32  1.312559 0.000025 0.000000  -0.013963 -0.041043 -0.156449
33  0.729345 0.000066 -0.000027  -0.128320 -0.117290 -0.954856
34  3.942047 0.050109 0.430997  0.211502 -0.107596 -1.469117
35  1.539096 0.000005 -0.000000  0.040712 -0.054387 -1.030473
36  1.196300 0.000077 -0.000004  -0.249391 -0.043040 -0.795121
37  3.883413 -0.050501 -0.431087  0.186407 -0.271795 -1.212183
38  1.719564 -0.000081 -0.000003  0.020974 -0.107650 -1.483529
39  1.209199 0.000036 0.000012  -0.324719 0.069674 -0.493483
40  3.859587 -0.149109 -1.331323  -0.040757 -0.073789 -0.195091
41  1.719412 -0.000098 -0.000034  -0.007235 0.031761 -0.150715
42  1.099674 0.000025 0.000007  0.118501 -0.028866 -0.144987
43  0.805980 -0.359853 -1.318338  1.014585 0.185129 -0.854389
44  1.789781 -0.000007 -0.000042  -0.016247 0.006167 0.124681
45  1.206996 -0.000005 0.000005  -0.006765 0.016114 0.932474
46  5.740574 0.000055 0.000723  0.169705 -0.000014 0.000021
47  11.480919 -0.000049 0.000928  0.191554 -0.092467 0.072730
48  6.027513 -0.000274 -0.000237  -1.447429 -0.178594 -1.612050
49  -0.000001 11.691975 -0.000007  -0.865254 0.333592 0.699148
50  0.000003 0.000000 0.000000  2.413975 -0.000041 1.570856
51  -0.000008 -0.000015 0.000006  2.272644 -0.000030 1.570865
52  -7.848197 -14.079557 -3.534226  -2.923526 -0.190410 -0.599786
53  -0.000000 -0.000000 -0.000000  0.008153 -0.000259 0.000009
54  0.000001 0.000001 0.000000  1.565115 0.043565 -0.106862
55  -2.714247 -19.915163 -17.133415  -0.951304 -0.636318 -1.904526
56  -0.000001 0.000000 -0.000000  0.000000 -0.000000 -0.000002
57  0.000029 0.000031 0.000000  -1.571901 -0.044449 -0.106509
58  33.185574 1.676875 -41.957436  1.570796 -0.000000 0.000000
59  -13.956470 -9.775214 -12.623269  1.570796 -0.000000 0.000000
60  1.941978 -1.075505 -8.860325  1.570796 -0.000000 0.000000
61  -0.004311 0.001229 -0.000371  0.006898 -0.005534 -0.284229
62  -7.233792 3.620581 -6.293282  1.570796 -0.000000 0.000000
63  0.000000 0.000000 0.000000  -0.078727 -3.136056 0.284226
64  0.000000 0.000000 0.000000  1.623161 -0.009510 -0.263603
65  -1.686644 -17.125622 1.496157  1.485234 -0.241504 1.141062
66  0.000002 -2.923558 -1.408042  -0.000000 -0.000000 0.000000
67  -0.000001 -0.601198 -2.062164  -0.000000 -0.000000 0.000000
68  0.004380 -0.039407 6.613116  -0.000000 -0.000000 0.000000
69  0.000002 -0.021787 -0.115849  -0.000000 -0.000000 0.000000
70  0.000001 -3.304881 0.259169  -0.000000 -0.000000 0.000000
71  2.786686 -18.951939 0.670126  1.485234 -0.241504 1.141062
72  0.057100 0.204433 -2.709596  -0.000000 -0.000000 0.000000
73  0.111673 -0.283002 -2.709597  -0.000000 -0.000000 0.000000
74  -0.128217 -0.750370 -2.709596  -0.000000 -0.000000 0.000000
time 81
0  0 0 0  0 0 0
1  0.000006 0.000000 0.000000  -1.570800 -1.391899 -1.570792
2  -8.526393 2.634402 1.937664  -1.544956 -1.855077 -0.198630
3  6.027526 -0.000327 0.000193  -0.303964 -0.968933 -1.862153
4  11.692117 0.000645 -0.000740  -1.315951 0.000010 -0.485284
5  11.480552 0.000713 -0.000155  1.386342 0.309856 -0.721525
6  3.859508 -0.142880 -1.192050  -0.355845 0.071161 -1.717889
7  1.312591 0.000014 0.000008  0.001009 0.118634 -1.342342
8  0.729354 0.000053 0.000051  -0.354413 0.192185 -1.033754
9  3.942140 0.046272 -0.431512  -0.118608 0.030347 -1.596581
10  1.539113 0.000085 0.000005  0.010839 0.048095 -1.195681
11  1.196333 0.000144 0.000030  0.083612 0.101560 -1.052457
12  3.883505 -0.047269 0.431382  0.144811 0.104657 -0.532403
13  1.719573 -0.000028 0.000017  -0.000044 0.055089 -1.348529
14  1.209178 0.000091 0.000011  -0.061065 -0.064635 -1.162035
15  3.859663 -0.138476 1.332410  0.344468 -0.053989 -0.682073
16  1.719449 -0.000010 0.000023  0.002485 -0.019467 -0.976334
17  1.099674 0.000050 0.000004  0.087374 -0.027472 -0.249635
18  0.805994 -0.349051 1.321254  -0.980912 -0.371793 -1.028717
19  1.789821 -0.000005 -0.000019  -0.004629 0.008705 -0.033206
20  1.207017 -0.000012 -0.000045  0.067975 0.222001 0.306306
21  5.740638 0.000408 -0.000703  -0.003635 0.000003 0.000071
22  11.481125 0.000348 -0.000692  -0.010536 0.092319 -0.148462
23  6.027524 -0.000332 0.000203  1.310677 -0.549221 1.750991
24  0.000003 11.692101 -0.000008  -0.364877 -0.057006 -0.306415
25  0.000003 0.000008 -0.000002  -0.446915 -0.000030 1.570739
26  -0.000000 -0.000012 -0.000001  0.868957 0.000002 1.570712
27  -6.837111 -2.442946 -7.233785  1.473120 1.855075 -0.198639
28  6.027517 -0.000264 -0.000223  1.305902 1.345031 -0.992184
29  11.691992 0.000243 0.000857  0.141435 0.000032 -1.244480
30  11.479212 -0.000774 0.000943  -0.676458 -0.511522 0.304634
31  3.859437 -0.132788 1.193062  0.466148 -0.051828 -1.783918
32  1.312559 0.000025 -0.000000  -0.013963 -0.041043 -0.156449
33  0.729344 0.000066 -0.000027  -0.128320 -0.117290 -0.954856
34  3.942045 0.050108 0.430997  0.211502 -0.107596 -1.469117
35  1.539095 0.000005 0.000000  0.040712 -0.054387 -1.030473
36  1.196300 0.000076 -0.000003  -0.249391 -0.043040 -0.795121
37  3.883411 -0.050503 -0.431087  0.186407 -0.271796 -1.212183
38  1.719564 -0.000083 -0.000003  0.020974 -0.107650 -1.483529
39  1.209198 0.000035 0.000011  -0.324719 0.069674 -0.493483
40  3.859585 -0.149113 -1.331323  -0.040757 -0.073789 -0.195091
41  1.719412 -0.000098 -0.000034  -0.007235 0.031761 -0.150715
42  1.099674 0.000026 0.000007  0.118501 -0.028866 -0.144987
43  0.805979 -0.359854 -1.318338  1.010379 0.181469 -0.844100
44  1.789780 -0.000008 -0.000042  -0.013203 0.004505 0.126258
45  1.206997 -0.000006 0.000007  -0.005263 0.012840 0.956752
46  5.740572 0.000053 0.000723  0.172359 -0.000014 0.000021
47  11.480787 -0.000120 0.000937  0.192226 -0.090869 0.073527
48  6.027513 -0.000274 -0.000237  -1.441102 -0.185366 -1.608315
49  -0.000001 11.691974 -0.000008  -0.875292 0.341615 0.706317
50  0.000003 -0.000001 -0.000000  2.413975 -0.000041 1.570856
51  -0.000006 -0.000015 0.000005  2.272644 -0.000030 1.570865
52  -7.845357 -13.979555 -3.608510  -2.923296 -0.190090 -0.601024
53  0.000000 0.000001 0.000000  0.008153 -0.000259 0.000009
54  0.000000 0.000000 0.000000  1.565115 0.043565 -0.106862
55  -2.714247 -19.915163 -17.133415  -0.951304 -0.636318 -1.904526
56  -0.000001 0.000000 -0.000000  0.000000 -0.000000 -0.000002
57  0.000029 0.000031 0.000000  -1.571901 -0.044449 -0.106509
58  33.185574 1.676875 -41.957436  1.570796 -0.000000 0.000000
59  -13.956470 -9.775214 -12.623269  1.570796 -0.000000 0.000000
60  1.941978 -1.075505 -8.860325  1.570796 -0.000000 0.000000
61  -0.004311 0.001229 -0.000371  0.006898 -0.005534 -0.284229
62  -7.233792 3.620581 -6.293282  1.570796 -0.000000 0.000000
63  0.000000 0.000000 0.000000  -0.078727 -3.136056 0.284226
64  0.000000 0.000000 0.000000  1.622971 -0.009312 -0.247468
65  -1.686762 -17.034828 1.419910  1.485520 -0.241781 1.139799
66  0.000002 -2.923557 -1.408041  0.000000 0.000000 0.000000
67  -0.000004 -0.601197 -2.062163  0.000000 0.000000 0.000000
68  0.004381 -0.039407 6.613115  0.000000 0.000000 0.000000
69  0.000002 -0.021787 -0.115848  0.000000 0.000000 0.000000
70  0.000002 -3.304880 0.259169  0.000000 0.000000 0.000000
71  2.784269 -18.866184 0.592596  1.485520 -0.241781 1.139799
72  0.057100 0.204433 -2.709597  0.000000 0.000000 0.000000
73  0.111672 -0.283001 -2.709597  0.000000 0.000000 0.000000
74  -0.128218 -0.750370 -2.709597  0.000000 0.000000 0.000000
time 82
0  0 0 0  0 0 0
1  0.000006 0.000000 0.000000  -1.570800 -1.391899 -1.570792
2  -8.526393 2.634402 1.937664  -1.544956 -1.855077 -0.198630
3  6.027526 -0.000327 0.000193  -0.303964 -0.968933 -1.862153
4  11.692117 0.000645 -0.000740  -1.319132 0.000010 -0.485284
5  11.480551 0.000714 -0.000154  1.388851 0.311956 -0.720757
6  3.859508 -0.142880 -1.192050  -0.355845 0.071161 -1.717889
7  1.312591 0.000014 0.000008  0.001009 0.118634 -1.342342
8  0.729354 0.000053 0.000051  -0.354413 0.192185 -1.033754
9  3.942140 0.046272 -0.431512  -0.118608 0.030347 -1.596581
10  1.539113 0.000085 0.000005  0.010839 0.048095 -1.195681
11  1.196333 0.000144 0.000030  0.083612 0.101560 -1.052457
12  3.883505 -0.047269 0.431382  0.144811 0.104657 -0.532403
13  1.719573 -0.000028 0.000017  -0.000044 0.055089 -1.348529
14  1.209178 0.000091 0.000011  -0.061065 -0.064635 -1.162035
15  3.859663 -0.138476 1.332410  0.344468 -0.053989 -0.682073
16  1.719449 -0.000010 0.000023  0.002485 -0.019467 -0.976334
17  1.099674 0.000050 0.000004  0.087374 -0.027472 -0.249635
18  0.805994 -0.349051 1.321254  -0.980912 -0.371793 -1.028717
19  1.789821 -0.000005 -0.000019  -0.004629 0.008705 -0.033206
20  1.207017 -0.000012 -0.000045  0.067975 0.222001 0.306306
21  5.740637 0.000411 -0.000702  -0.003036 0.000003 0.000070
22  11.481123 0.000348 -0.000694  -0.009951 0.092595 -0.148287
23  6.027524 -0.000332 0.000203  1.310677 -0.549221 1.750991
24  0.000003 11.692101 -0.000008  -0.364877 -0.057006 -0.306415
25  0.000003 0.000008 -0.000002  -0.450096 -0.000030 1.570739
26  -0.000000 -0.000012 -0.000001  0.868957 0.000002 1.570712
27  -6.837111 -2.442946 -7.233785  1.473120 1.855075 -0.198639
28  6.027516 -0.000264 -0.000223  1.312330 1.331012 -0.977488
29  11.691991 0.000243 0.000857  0.141436 0.000033 -1.265512
30  11.480623 -0.000085 0.000843  -0.671865 -0.503240 0.308780
31  3.859434 -0.132788 1.193061  0.466148 -0.051828 -1.783917
32  1.312558 0.000024 -0.000001  -0.013963 -0.041043 -0.156449
33  0.729346 0.000066 -0.000027  -0.128320 -0.117290 -0.954856
34  3.942044 0.050108 0.430997  0.211502 -0.107596 -1.469117
35  1.539097 0.000004 0.000000  0.040712 -0.054387 -1.030473
36  1.196300 0.000077 -0.000004  -0.249391 -0.043040 -0.795121
37  3.883410 -0.050503 -0.431087  0.186407 -0.271796 -1.212183
38  1.719563 -0.000082 -0.000003  0.020974 -0.107650 -1.483529
39  1.209196 0.000036 0.000011  -0.324719 0.069674 -0.493483
40  3.859583 -0.149113 -1.331324  -0.040757 -0.073789 -0.195091
41  1.719413 -0.000097 -0.000034  -0.007235 0.031761 -0.150715
42  1.099673 0.000026 0.000007  0.118501 -0.028866 -0.144987
43  0.805977 -0.359855 -1.318338  1.006541 0.178244 -0.834803
44  1.789780 -0.000008 -0.000041  -0.010449 0.003019 0.127683
45  1.206995 -0.000005 0.000004  -0.003976 0.009965 0.978469
46  5.740571 0.000054 0.000723  0.175711 -0.000014 0.000021
47  11.481069 0.000018 0.000916  0.193167 -0.088747 0.073880
48  6.027513 -0.000274 -0.000237  -1.431576 -0.195913 -1.601680
49  0.000000 11.691975 -0.000007  -0.888234 0.352095 0.715497
50  0.000002 -0.000001 0.000000  2.413975 -0.000041 1.570856
51  -0.000006 -0.000015 0.000005  2.272644 -0.000030 1.570865
52  -7.841987 -13.861916 -3.750743  -2.923080 -0.189804 -0.602381
53  0.000000 0.000000 -0.000000  0.008153 -0.000259 0.000009
54  -0.000002 -0.000001 -0.000000  1.565115 0.043565 -0.106862
55  -2.714247 -19.915163 -17.133415  -0.951304 -0.636318 -1.904526
56  -0.000001 0.000000 -0.000000  0.000000 -0.000000 -0.000002
57  0.000029 0.000031 0.000000  -1.571901 -0.044449 -0.106509
58  33.185574 1.676875 -41.957436  1.570796 -0.000000 0.000000
59  -13.956470 -9.775214 -12.623269  1.570796 -0.000000 0.000000
60  1.941978 -1.075505 -8.860325  1.570796 -0.000000 0.000000
61  -0.004311 0.001229 -0.000371  0.006898 -0.005534 -0.284229
62  -7.233792 3.620581 -6.293282  1.570796 -0.000000 0.000000
63  0.000000 0.000000 0.000000  -0.078727 -3.136056 0.284226
64  0.000000 0.000000 0.000000  1.622732 -0.008792 -0.229695
65  -1.686834 -16.926979 1.275932  1.485774 -0.242038 1.138423
66  0.000001 -2.923558 -1.408043  -0.000000 0.000000 0.000000
67  -0.000004 -0.601198 -2.062165  -0.000000 0.000000 0.000000
68  0.004379 -0.039407 6.613117  -0.000000 0.000000 0.000000
69  0.000002 -0.021787 -0.115848  -0.000000 0.000000 0.000000
70  0.000001 -3.304881 0.259169  -0.000000 0.000000 0.000000
71  2.781691 -18.763937 0.447482  1.485774 -0.242038 1.138423
72  0.057099 0.204432 -2.709596  -0.000000 0.000000 0.000000
73  0.111674 -0.283002 -2.709597  -0.000000 0.000000 0.000000
74  -0.128218 -0.750371 -2.709596  -0.000000 0.000000 0.000000
time 83
0  0 0 0  0 0 0
1  0.000006 0.000000 0.000000  -1.570800 -1.391899 -1.570792
2  -8.526393 2.634402 1.937664  -1.544956 -1.855077 -0.198630
3  6.027526 -0.000327 0.000193  -0.303964 -0.968933 -1.862153
4  11.692117 0.000645 -0.000740  -1.322244 0.000010 -0.485284
5  11.480551 0.000713 -0.000152  1.391309 0.314009 -0.720000
6  3.859508 -0.142880 -1.192050  -0.355845 0.071161 -1.717889
7  1.312591 0.000014 0.000008  0.001009 0.118634 -1.342342
8  0.729354 0.000053 0.000051  -0.354413 0.192185 -1.033754
9  3.942140 0.046272 -0.431512  -0.118608 0.030347 -1.596581
10  1.539113 0.000085 0.000005  0.010839 0.048095 -1.195681
11  1.196333 0.000144 0.000030  0.083612 0.101560 -1.052457
12  3.883505 -0.047269 0.431382  0.144811 0.104657 -0.532403
13  1.719573 -0.000028 0.000017  -0.000044 0.055089 -1.348529
14  1.209178 0.000091 0.000011  -0.061065 -0.064635 -1.162035
15  3.859663 -0.138476 1.332410  0.344468 -0.053989 -0.682073
16  1.719449 -0.000010 0.000023  0.002485 -0.019467 -0.976334
17  1.099674 0.000050 0.000004  0.087374 -0.027472 -0.249635
18  0.805994 -0.349051 1.321254  -0.980912 -0.371793 -1.028717
19  1.789821 -0.000005 -0.000019  -0.004629 0.008705 -0.033206
20  1.207017 -0.000012 -0.000045  0.067975 0.222001 0.306306
21  5.740637 0.000410 -0.000703  -0.002450 0.000003 0.000070
22  11.481123 0.000348 -0.000692  -0.009379 0.092865 -0.148116
23  6.027524 -0.000332 0.000203  1.310677 -0.549221 1.750991
24  0.000003 11.692101 -0.000008  -0.364877 -0.057006 -0.306415
25  0.000003 0.000008 -0.000002  -0.453208 -0.000030 1.570739
26  -0.000000 -0.000012 -0.000001  0.868957 0.000002 1.570712
27  -6.837111 -2.442946 -7.233785  1.473120 1.855075 -0.198639
28  6.027516 -0.000264 -0.000223  1.318585 1.310749 -0.957578
29  11.691992 0.000243 0.000856  0.141437 0.000035 -1.291120
30  11.480435 -0.000185 0.000860  -0.664295 -0.490794 0.309040
31  3.859436 -0.132790 1.193061  0.466148 -0.051828 -1.783918
32  1.312557 0.000024 -0.000001  -0.013963 -0.041043 -0.156449
33  0.729345 0.000066 -0.000028  -0.128320 -0.117290 -0.954856
34  3.942047 0.050107 0.430996  0.211502 -0.107596 -1.469117
35  1.539095 0.000004 -0.000000  0.040712 -0.054387 -1.030473
36  1.196299 0.000077 -0.000004  -0.249391 -0.043040 -0.795121
37  3.883412 -0.050504 -0.431087  0.186407 -0.271796 -1.212183
38  1.719564 -0.000080 -0.000003  0.020974 -0.107650 -1.483529
39  1.209198 0.000035 0.000012  -0.324719 0.069674 -0.493483
40  3.859586 -0.149114 -1.331323  -0.040757 -0.073789 -0.195091
41  1.719412 -0.000099 -0.000034  -0.007235 0.031761 -0.150715
42  1.099673 0.000023 0.000007  0.118501 -0.028866 -0.144987
43  0.805979 -0.359856 -1.318338  1.003103 0.175446 -0.826546
44  1.789780 -0.000008 -0.000043  -0.007997 0.001713 0.128949
45  1.206996 -0.000006 0.000006  -0.002886 0.007482 0.997579
46  5.740572 0.000055 0.000724  0.179707 -0.000014 0.000021
47  11.481031 -0.000002 0.000921  0.194449 -0.085979 0.073300
48  6.027513 -0.000274 -0.000237  -1.418132 -0.211393 -1.590549
49  -0.000001 11.691975 -0.000007  -0.903920 0.365005 0.726525
50  0.000003 -0.000000 0.000000  2.413975 -0.000041 1.570856
51  -0.000007 -0.000015 0.000005  2.272644 -0.000030 1.570865
52  -7.838067 -13.728691 -3.993916  -2.922881 -0.189555 -0.603861
53  0.000000 -0.000001 0.000000  0.008153 -0.000259 0.000009
54  0.000000 -0.000002 -0.000000  1.565115 0.043565 -0.106862
55  -2.714247 -19.915163 -17.133415  -0.951304 -0.636318 -1.904526
56  -0.000001 0.000000 -0.000000  0.000000 -0.000000 -0.000002
57  0.000029 0.000031 0.000000  -1.571901 -0.044449 -0.106509
58  33.185574 1.676875 -41.957436  1.570796 -0.000000 0.000000
59  -13.956470 -9.775214 -12.623269  1.570796 -0.000000 0.000000
60  1.941978 -1.075505 -8.860325  1.570796 -0.000000 0.000000
61  -0.004311 0.001229 -0.000371  0.006898 -0.005534 -0.284229
62  -7.233792 3.620581 -6.293282  1.570796 -0.000000 0.000000
63  0.000000 0.000000 0.000000  -0.078727 -3.136056 0.284226
64  0.000000 0.000000 0.000000  1.622462 -0.007977 -0.210700
65  -1.686870 -16.804152 1.031254  1.485992 -0.242273 1.136927
66  0.000001 -2.923558 -1.408042  0.000000 0.000000 -0.000000
67  -0.000004 -0.601197 -2.062164  0.000000 0.000000 -0.000000
68  0.004382 -0.039407 6.613115  0.000000 0.000000 -0.000000
69  0.000003 -0.021786 -0.115849  0.000000 0.000000 -0.000000
70  0.000000 -3.304880 0.259169  0.000000 0.000000 -0.000000
71  2.778920 -18.647305 0.201827  1.485992 -0.242273 1.136927
72  0.057101 0.204433 -2.709596  0.000000 0.000000 -0.000000
73  0.111672 -0.283001 -2.709595  0.000000 0.000000 -0.000000
74  -0.128218 -0.750370 -2.709596  0.000000 0.000000 -0.000000
time 84
0  0 0 0  0 0 0
1  0.000006 0.000000 0.000000  -1.570800 -1.391899 -1.570792
2  -8.526393 2.634402 1.937664  -1.544956 -1.855077 -0.198630
3  6.027526 -0.000327 0.000193  -0.303964 -0.968933 -1.862153
4  11.692117 0.000645 -0.000740  -1.325287 0.000010 -0.485284
5  11.480552 0.000715 -0.000151  1.393716 0.316015 -0.719254
6  3.859508 -0.142880 -1.192050  -0.355845 0.071161 -1.717889
7  1.312591 0.000014 0.000008  0.001009 0.118634 -1.342342
8  0.729354 0.000053 0.000051  -0.354413 0.192185 -1.033754
9  3.942140 0.046272 -0.431512  -0.118608 0.030347 -1.596581
10  1.539113 0.000085 0.000005  0.010839 0.048095 -1.195681
11  1.196333 0.000144 0.000030  0.083612 0.101560 -1.052457
12  3.883505 -0.047269 0.431382  0.144811 0.104657 -0.532403
13  1.719573 -0.000028 0.000017  -0.000044 0.055089 -1.348529
14  1.209178 0.000091 0.000011  -0.061065 -0.064635 -1.162035
15  3.859663 -0.138476 1.332410  0.344468 -0.053989 -0.682073
16  1.719449 -0.000010 0.000023  0.002485 -0.019467 -0.976334
17  1.099674 0.000050 0.000004  0.087374 -0.027472 -0.249635
18  0.805994 -0.349051 1.321254  -0.980912 -0.371793 -1.028717
19  1.789821 -0.000005 -0.000019  -0.004629 0.008705 -0.033206
20  1.207017 -0.000012 -0.000045  0.067975 0.222001 0.306306
21  5.740638 0.000411 -0.000704  -0.001878 0.000003 0.000071
22  11.481123 0.000350 -0.000694  -0.008819 0.093129 -0.147948
23  6.027524 -0.000332 0.000203  1.310677 -0.549221 1.750991
24  0.000003 11.692101 -0.000008  -0.364877 -0.057006 -0.306415
25  0.000003 0.000008 -0.000002  -0.456251 -0.000030 1.570739
26  -0.000000 -0.000012 -0.000001  0.868957 0.000002 1.570712
27  -6.837111 -2.442946 -7.233785  1.473120 1.855075 -0.198639
28  6.027515 -0.000263 -0.000223  1.323434 1.282008 -0.930668
29  11.691993 0.000243 0.000858  0.141438 0.000037 -1.321834
30  11.480227 -0.000300 0.000877  -0.652260 -0.472008 0.302628
31  3.859435 -0.132788 1.193062  0.466148 -0.051828 -1.783917
32  1.312557 0.000025 -0.000001  -0.013963 -0.041043 -0.156449
33  0.729344 0.000066 -0.000028  -0.128320 -0.117290 -0.954856
34  3.942045 0.050108 0.430997  0.211502 -0.107596 -1.469117
35  1.539096 0.000004 -0.000000  0.040712 -0.054387 -1.030473
36  1.196299 0.000078 -0.000004  -0.249391 -0.043040 -0.795121
37  3.883411 -0.050501 -0.431087  0.186407 -0.271795 -1.212183
38  1.719562 -0.000082 -0.000003  0.020974 -0.107650 -1.483529
39  1.209196 0.000034 0.000011  -0.324719 0.069674 -0.493483
40  3.859583 -0.149112 -1.331323  -0.040757 -0.073789 -0.195091
41  1.719412 -0.000096 -0.000034  -0.007235 0.031761 -0.150715
42  1.099674 0.000024 0.000007  0.118501 -0.028866 -0.144987
43  0.805978 -0.359854 -1.318338  1.000091 0.173063 -0.819362
44  1.789778 -0.000008 -0.000042  -0.005861 0.000588 0.130051
45  1.206997 -0.000005 0.000003  -0.001976 0.005380 1.014061
46  5.740571 0.000058 0.000725  0.184347 -0.000014 0.000021
47  11.480990 -0.000022 0.000925  0.196225 -0.082304 0.071133
48  6.027513 -0.000274 -0.000237  -1.399514 -0.233710 -1.572417
49  -0.000001 11.691975 -0.000007  -0.922636 0.380700 0.739538
50  0.000002 -0.000001 0.000000  2.413975 -0.000041 1.570856
51  -0.000008 -0.000016 0.000004  2.272644 -0.000030 1.570865
52  -7.833573 -13.581932 -4.382979  -2.922701 -0.189347 -0.605473
53  -0.000000 0.000000 -0.000000  0.008153 -0.000259 0.000009
54  -0.000000 -0.000000 0.000000  1.565115 0.043565 -0.106862
55  -2.714247 -19.915163 -17.133415  -0.951304 -0.636318 -1.904526
56  -0.000001 0.000000 -0.000000  0.000000 -0.000000 -0.000002
57  0.000029 0.000031 0.000000  -1.571901 -0.044449 -0.106509
58  33.185574 1.676875 -41.957436  1.570796 -0.000000 0.000000
59  -13.956470 -9.775214 -12.623269  1.570796 -0.000000 0.000000
60  1.941978 -1.075505 -8.860325  1.570796 -0.000000 0.000000
61  -0.004311 0.001229 -0.000371  0.006898 -0.005534 -0.284229
62  -7.233792 3.620581 -6.293282  1.570796 -0.000000 0.000000
63  0.000000 0.000000 0.000000  -0.078727 -3.136056 0.284226
64  0.000000 0.000000 0.000000  1.622179 -0.006895 -0.190892
65  -1.686884 -16.668423 0.640943  1.486173 -0.242483 1.135306
66  0.000002 -2.923557 -1.408042  0.000000 0.000000 -0.000000
67  -0.000002 -0.601197 -2.062164  0.000000 0.000000 -0.000000
68  0.004380 -0.039406 6.613116  0.000000 0.000000 -0.000000
69  0.000002 -0.021786 -0.115848  0.000000 0.000000 -0.000000
70  0.000003 -3.304880 0.259168  0.000000 0.000000 -0.000000
71  2.775935 -18.518400 -0.189286  1.486173 -0.242483 1.135306
72  0.057100 0.204433 -2.709597  0.000000 0.000000 -0.000000
73  0.111673 -0.283001 -2.709597  0.000000 0.000000 -0.000000
74  -0.128216 -0.750370 -2.709598  0.000000 0.000000 -0.000000
time 85
0  0 0 0  0 0 0
1  0.000006 0.000000 0.000000  -1.570800 -1.391899 -1.570792
2  -8.526393 2.634402 1.937664  -1.544956 -1.855077 -0.198630
3  6.027526 -0.000327 0.000193  -0.303964 -0.968933 -1.862153
4  11.692117 0.000645 -0.000740  -1.328258 0.000010 -0.485284
5  11.480551 0.000714 -0.000148  1.396070 0.317972 -0.718521
6  3.859508 -0.142880 -1.192050  -0.355845 0.071161 -1.717889
7  1.312591 0.000014 0.000008  0.001009 0.118634 -1.342342
8  0.729354 0.000053 0.000051  -0.354413 0.192185 -1.033754
9  3.942140 0.046272 -0.431512  -0.118608 0.030347 -1.596581
10  1.539113 0.000085 0.000005  0.010839 0.048095 -1.195681
11  1.196333 0.000144 0.000030  0.083612 0.101560 -1.052457
12  3.883505 -0.047269 0.431382  0.144811 0.104657 -0.532403
13  1.719573 -0.000028 0.000017  -0.000044 0.055089 -1.348529
14  1.209178 0.000091 0.000011  -0.061065 -0.064635 -1.162035
15  3.859663 -0.138476 1.332410  0.344468 -0.053989 -0.682073
16  1.719449 -0.000010 0.000023  0.002485 -0.019467 -0.976334
17  1.099674 0.000050 0.000004  0.087374 -0.027472 -0.249635
18  0.805994 -0.349051 1.321254  -0.980912 -0.371793 -1.028717
19  1.789821 -0.000005 -0.000019  -0.004629 0.008705 -0.033206
20  1.207017 -0.000012 -0.000045  0.067975 0.222001 0.306306
21  5.740638 0.000409 -0.000703  -0.001318 0.000003 0.000070
22  11.481124 0.000347 -0.000692  -0.008273 0.093387 -0.147784
23  6.027524 -0.000332 0.000203  1.310677 -0.549221 1.750991
24  0.000003 11.692101 -0.000008  -0.364877 -0.057006 -0.306415
25  0.000003 0.000008 -0.000002  -0.459223 -0.000030 1.570739
26  -0.000000 -0.000012 -0.000001  0.868957 0.000002 1.570712
27  -6.837111 -2.442946 -7.233785  1.473120 1.855075 -0.198639
28  6.027514 -0.000263 -0.000223  1.326476 1.251884 -0.903113
29  11.691991 0.000244 0.000856  0.141439 0.000039 -1.352066
30  11.480032 -0.000404 0.000893  -0.656187 -0.446647 0.296561
31  3.859437 -0.132788 1.193062  0.466148 -0.051828 -1.783918
32  1.312558 0.000024 0.000000  -0.013963 -0.041043 -0.156449
33  0.729346 0.000066 -0.000027  -0.128320 -0.117290 -0.954856
34  3.942047 0.050107 0.430996  0.211502 -0.107596 -1.469117
35  1.539096 0.000004 -0.000000  0.040712 -0.054387 -1.030473
36  1.196302 0.000077 -0.000004  -0.249391 -0.043040 -0.795121
37  3.883412 -0.050504 -0.431087  0.186407 -0.271796 -1.212183
38  1.719564 -0.000082 -0.000003  0.020974 -0.107650 -1.483530
39  1.209198 0.000036 0.000011  -0.324719 0.069674 -0.493483
40  3.859586 -0.149113 -1.331323  -0.040757 -0.073789 -0.195091
41  1.719412 -0.000099 -0.000034  -0.007235 0.031761 -0.150715
42  1.099674 0.000024 0.000007  0.118501 -0.028866 -0.144987
43  0.805979 -0.359855 -1.318338  0.997524 0.171084 -0.813277
44  1.789779 -0.000007 -0.000044  -0.004049 -0.000357 0.130985
45  1.206996 -0.000005 0.000004  -0.001231 0.003645 1.027915
46  5.740571 0.000056 0.000723  0.185515 -0.000014 0.000021
47  11.480950 -0.000044 0.000928  0.194790 -0.078012 0.068149
48  6.027513 -0.000274 -0.000237  -1.380081 -0.257225 -1.552489
49  -0.000001 11.691974 -0.000006  -0.940959 0.396366 0.752115
50  0.000003 -0.000001 -0.000000  2.413975 -0.000041 1.570856
51  -0.000007 -0.000015 0.000006  2.272644 -0.000030 1.570865
52  -7.839712 -13.436024 -4.803275  -2.937146 -0.190357 -0.612612
53  0.000000 0.000001 0.000000  0.008153 -0.000259 0.000009
54  0.000001 -0.000001 -0.000000  1.565115 0.043565 -0.106862
55  -2.714247 -19.915163 -17.133415  -0.951304 -0.636318 -1.904526
56  -0.000001 0.000000 -0.000000  0.000000 -0.000000 -0.000002
57  0.000029 0.000031 0.000000  -1.571901 -0.044449 -0.106509
58  33.185574 1.676875 -41.957436  1.570796 -0.000000 0.000000
59  -13.956470 -9.775214 -12.623269  1.570796 -0.000000 0.000000
60  1.941978 -1.075505 -8.860325  1.570796 -0.000000 0.000000
61  -0.004311 0.001229 -0.000371  0.006898 -0.005534 -0.284229
62  -7.233792 3.620581 -6.293282  1.570796 -0.000000 0.000000
63  0.000000 0.000000 0.000000  -0.078727 -3.136056 0.284226
64  0.000000 0.000000 0.000000  1.621898 -0.005574 -0.170679
65  -1.686886 -16.521868 0.213527  1.487594 -0.228329 1.125109
66  0.000001 -2.923558 -1.408042  0.000000 0.000000 0.000000
67  -0.000004 -0.601197 -2.062164  0.000000 0.000000 0.000000
68  0.004378 -0.039406 6.613115  0.000000 0.000000 0.000000
69  0.000000 -0.021787 -0.115848  0.000000 0.000000 0.000000
70  0.000000 -3.304880 0.259169  0.000000 0.000000 0.000000
71  2.751331 -18.425949 -0.626207  1.487594 -0.228329 1.125109
72  0.057099 0.204433 -2.709597  0.000000 0.000000 0.000000
73  0.111673 -0.283001 -2.709597  0.000000 0.000000 0.000000
74  -0.128217 -0.750370 -2.709597  0.000000 0.000000 0.000000
time 86
0  0 0 0  0 0 0
1  0.000006 0.000000 0.000000  -1.570800 -1.391899 -1.570792
2  -8.526393 2.634402 1.937664  -1.544956 -1.855077 -0.198630
3  6.027526 -0.000327 0.000193  -0.303964 -0.968933 -1.862153
4  11.692117 0.000645 -0.000740  -1.331157 0.000010 -0.485284
5  11.480551 0.000715 -0.000143  1.398369 0.319879 -0.717800
6  3.859508 -0.142880 -1.192050  -0.355845 0.071161 -1.717889
7  1.312591 0.000014 0.000008  0.001009 0.118634 -1.342342
8  0.729354 0.000053 0.000051  -0.354413 0.192185 -1.033754
9  3.942140 0.046272 -0.431512  -0.118608 0.030347 -1.596581
10  1.539113 0.000085 0.000005  0.010839 0.048095 -1.195681
11  1.196333 0.000144 0.000030  0.083612 0.101560 -1.052457
12  3.883505 -0.047269 0.431382  0.144811 0.104657 -0.532403
13  1.719573 -0.000028 0.000017  -0.000044 0.055089 -1.348529
14  1.209178 0.000091 0.000011  -0.061065 -0.064635 -1.162035
15  3.859663 -0.138476 1.332410  0.344468 -0.053989 -0.682073
16  1.719449 -0.000010 0.000023  0.002485 -0.019467 -0.976334
17  1.099674 0.000050 0.000004  0.087374 -0.027472 -0.249635
18  0.805994 -0.349051 1.321254  -0.980912 -0.371793 -1.028717
19  1.789821 -0.000005 -0.000019  -0.004629 0.008705 -0.033206
20  1.207017 -0.000012 -0.000045  0.067975 0.222001 0.306306
21  5.740637 0.000410 -0.000701  -0.000773 0.000003 0.000071
22  11.481123 0.000349 -0.000688  -0.007740 0.093637 -0.147624
23  6.027524 -0.000332 0.000203  1.310677 -0.549221 1.750991
24  0.000003 11.692101 -0.000008  -0.364877 -0.057006 -0.306415
25  0.000003 0.000008 -0.000002  -0.462122 -0.000030 1.570739
26  -0.000000 -0.000012 -0.000001  0.868957 0.000002 1.570712
27  -6.837111 -2.442946 -7.233785  1.473120 1.855075 -0.198639
28  6.027514 -0.000263 -0.000224  1.328611 1.225029 -0.878861
29  11.691992 0.000243 0.000857  0.141440 0.000040 -1.377545
30  11.479878 -0.000489 0.000903  -0.693785 -0.413880 0.294084
31  3.859437 -0.132785 1.193062  0.466148 -0.051828 -1.783917
32  1.312559 0.000025 -0.000001  -0.013963 -0.041043 -0.156449
33  0.729345 0.000066 -0.000027  -0.128320 -0.117290 -0.954856
34  3.942047 0.050110 0.430996  0.211502 -0.107596 -1.469117
35  1.539097 0.000005 0.000000  0.040712 -0.054387 -1.030473
36  1.196300 0.000077 -0.000004  -0.249391 -0.043040 -0.795121
37  3.883412 -0.050501 -0.431087  0.186407 -0.271795 -1.212183
38  1.719564 -0.000082 -0.000003  0.020974 -0.107650 -1.483529
39  1.209196 0.000035 0.000011  -0.324719 0.069674 -0.493483
40  3.859585 -0.149110 -1.331323  -0.040757 -0.073789 -0.195091
41  1.719412 -0.000097 -0.000034  -0.007235 0.031761 -0.150715
42  1.099674 0.000024 0.000007  0.118501 -0.028866 -0.144987
43  0.805979 -0.359852 -1.318338  0.995414 0.169495 -0.808304
44  1.789780 -0.000007 -0.000043  -0.002566 -0.001122 0.131748
45  1.206997 -0.000005 0.000003  -0.000639 0.002262 1.039159
46  5.740571 0.000055 0.000725  0.179453 -0.000014 0.000021
47  11.480920 -0.000062 0.000930  0.186732 -0.073378 0.064643
48  6.027513 -0.000274 -0.000237  -1.362596 -0.278137 -1.534881
49  -0.000000 11.691975 -0.000007  -0.956330 0.409733 0.762536
50  0.000003 -0.000003 0.000000  2.413975 -0.000041 1.570856
51  -0.000007 -0.000015 0.000005  2.272644 -0.000030 1.570865
52  -7.863072 -13.312226 -5.181027  -2.980247 -0.195081 -0.629436
53  0.000001 -0.000000 -0.000000  0.008153 -0.000259 0.000009
54  0.000001 0.000002 -0.000000  1.565115 0.043565 -0.106862
55  -2.714247 -19.915163 -17.133415  -0.951304 -0.636318 -1.904526
56  -0.000001 0.000000 -0.000000  0.000000 -0.000000 -0.000002
57  0.000029 0.000031 0.000000  -1.571901 -0.044449 -0.106509
58  33.185574 1.676875 -41.957436  1.570796 -0.000000 0.000000
59  -13.956470 -9.775214 -12.623269  1.570796 -0.000000 0.000000
60  1.941978 -1.075505 -8.860325  1.570796 -0.000000 0.000000
61  -0.004311 0.001229 -0.000371  0.006898 -0.005534 -0.284229
62  -7.233792 3.620581 -6.293282  1.570796 -0.000000 0.000000
63  0.000000 0.000000 0.000000  -0.078727 -3.136056 0.284226
64  0.000000 0.000000 0.000000  1.621633 -0.004043 -0.150462
65  -1.683155 -16.366562 -0.178262  1.489828 -0.185818 1.099570
66  0.000002 -2.923558 -1.408042  -0.000000 0.000000 0.000000
67  -0.000003 -0.601197 -2.062164  -0.000000 0.000000 0.000000
68  0.004381 -0.039407 6.613116  -0.000000 0.000000 0.000000
69  0.000002 -0.021787 -0.115848  -0.000000 0.000000 0.000000
70  0.000003 -3.304881 0.259168  -0.000000 0.000000 0.000000
71  2.687887 -18.412663 -1.036119  1.489828 -0.185818 1.099570
72  0.057099 0.204433 -2.709595  -0.000000 0.000000 0.000000
73  0.111673 -0.283002 -2.709595  -0.000000 0.000000 0.000000
74  -0.128216 -0.750370 -2.709596  -0.000000 0.000000 0.000000
time 87
0  0 0 0  0 0 0
1  0.000006 0.000000 0.000000  -1.570800 -1.391899 -1.570792
2  -8.526393 2.634402 1.937664  -1.544956 -1.855077 -0.198630
3  6.027526 -0.000327 0.000193  -0.303964 -0.968933 -1.862153
4  11.692117 0.000645 -0.000740  -1.333983 0.000010 -0.485284
5  11.480552 0.000715 -0.000142  1.400612 0.321737 -0.717093
6  3.859508 -0.142880 -1.192050  -0.355845 0.071161 -1.717889
7  1.312591 0.000014 0.000008  0.001009 0.118634 -1.342342
8  0.729354 0.000053 0.000051  -0.354413 0.192185 -1.033754
9  3.942140 0.046272 -0.431512  -0.118608 0.030347 -1.596581
10  1.539113 0.000085 0.000005  0.010839 0.048095 -1.195681
11  1.196333 0.000144 0.000030  0.083612 0.101560 -1.052457
12  3.883505 -0.047269 0.431382  0.144811 0.104657 -0.532403
13  1.719573 -0.000028 0.000017  -0.000044 0.055089 -1.348529
14  1.209178 0.000091 0.000011  -0.061065 -0.064635 -1.162035
15  3.859663 -0.138476 1.332410  0.344468 -0.053989 -0.682073
16  1.719449 -0.000010 0.000023  0.002485 -0.019467 -0.976334
17  1.099674 0.000050 0.000004  0.087374 -0.027472 -0.249635
18  0.805994 -0.349051 1.321254  -0.980912 -0.371793 -1.028717
19  1.789821 -0.000005 -0.000019  -0.004629 0.008705 -0.033206
20  1.207017 -0.000012 -0.000045  0.067975 0.222001 0.306306
21  5.740638 0.000410 -0.000701  -0.000242 0.000003 0.000071
22  11.481125 0.000348 -0.000690  -0.007220 0.093882 -0.147467
23  6.027524 -0.000332 0.000203  1.310677 -0.549221 1.750991
24  0.000003 11.692101 -0.000008  -0.364877 -0.057006 -0.306415
25  0.000003 0.000008 -0.000002  -0.464947 -0.000030 1.570739
26  -0.000000 -0.000012 -0.000001  0.868957 0.000002 1.570712
27  -6.837111 -2.442946 -7.233785  1.473120 1.855075 -0.198639
28  6.027514 -0.000263 -0.000224  1.329801 1.200784 -0.856976
29  11.691992 0.000243 0.000856  0.141440 0.000042 -1.397436
30  11.479769 -0.000545 0.000911  -0.762363 -0.372770 0.289672
31  3.859435 -0.132788 1.193061  0.466148 -0.051828 -1.783918
32  1.312559 0.000025 -0.000001  -0.013963 -0.041043 -0.156449
33  0.729346 0.000066 -0.000028  -0.128320 -0.117290 -0.954856
34  3.942046 0.050108 0.430997  0.211502 -0.107596 -1.469117
35  1.539096 0.000004 -0.000000  0.040712 -0.054387 -1.030473
36  1.196300 0.000076 -0.000004  -0.249391 -0.043040 -0.795121
37  3.883410 -0.050503 -0.431087  0.186407 -0.271796 -1.212183
38  1.719564 -0.000083 -0.000003  0.020974 -0.107650 -1.483529
39  1.209196 0.000035 0.000012  -0.324719 0.069674 -0.493483
40  3.859584 -0.149113 -1.331323  -0.040757 -0.073789 -0.195091
41  1.719411 -0.000098 -0.000034  -0.007235 0.031761 -0.150715
42  1.099674 0.000024 0.000007  0.118501 -0.028866 -0.144987
43  0.805977 -0.359855 -1.318338  0.993772 0.168283 -0.804449
44  1.789779 -0.000008 -0.000041  -0.001414 -0.001710 0.132340
45  1.206996 -0.000005 0.000005  -0.000190 0.001216 1.047823
46  5.740572 0.000054 0.000725  0.166143 -0.000014 0.000021
47  11.480898 -0.000073 0.000932  0.172274 -0.068401 0.059913
48  6.027513 -0.000274 -0.000237  -1.346774 -0.297053 -1.518599
49  0.000000 11.691975 -0.000007  -0.968286 0.420270 0.770558
50  0.000004 -0.000002 0.000001  2.413975 -0.000041 1.570856
51  -0.000006 -0.000015 0.000005  2.272644 -0.000030 1.570865
52  -7.899951 -13.223222 -5.538372  -3.051780 -0.206285 -0.654045
53  0.000000 -0.000001 0.000001  0.008153 -0.000259 0.000009
54  -0.000001 -0.000001 -0.000000  1.565115 0.043565 -0.106862
55  -2.714247 -19.915163 -17.133415  -0.951304 -0.636318 -1.904526
56  -0.000001 0.000000 -0.000000  0.000000 -0.000000 -0.000002
57  0.000029 0.000031 0.000000  -1.571901 -0.044449 -0.106509
58  33.185574 1.676875 -41.957436  1.570796 -0.000000 0.000000
59  -13.956470 -9.775214 -12.623269  1.570796 -0.000000 0.000000
60  1.941978 -1.075505 -8.860325  1.570796 -0.000000 0.000000
61  -0.004311 0.001229 -0.000371  0.006898 -0.005534 -0.284229
62  -7.233792 3.620581 -6.293282  1.570796 -0.000000 0.000000
63  0.000000 0.000000 0.000000  -0.078727 -3.136056 0.284226
64  0.000000 0.000000 0.000000  1.621396 -0.002332 -0.130639
65  -1.672479 -16.204582 -0.550578  1.489303 -0.114834 1.060774
66  0.000001 -2.923558 -1.408043  0.000000 -0.000000 0.000000
67  -0.000003 -0.601198 -2.062165  0.000000 -0.000000 0.000000
68  0.004378 -0.039407 6.613115  0.000000 -0.000000 0.000000
69  0.000000 -0.021787 -0.115849  0.000000 -0.000000 0.000000
70  0.000001 -3.304881 0.259168  0.000000 -0.000000 0.000000
71  2.586269 -18.472609 -1.415198  1.489303 -0.114834 1.060774
72  0.057099 0.204433 -2.709597  0.000000 -0.000000 0.000000
73  0.111672 -0.283002 -2.709597  0.000000 -0.000000 0.000000
74  -0.128218 -0.750370 -2.709597  0.000000 -0.000000 0.000000
time 88
0  0 0 0  0 0 0
1  0.000006 0.000000 0.000000  -1.570800 -1.391899 -1.570792
2  -8.526393 2.634402 1.937664  -1.544956 -1.855077 -0.198630
3  6.027526 -0.000327 0.000193  -0.303964 -0.968933 -1.862153
4  11.692117 0.000645 -0.000740  -1.336733 0.000010 -0.485284
5  11.480551 0.000715 -0.000143  1.402798 0.323543 -0.716399
6  3.859508 -0.142880 -1.192050  -0.357647 0.071885 -1.706322
7  1.312590 0.000013 0.000008  0.001352 0.114775 -1.336779
8  0.729355 0.000056 0.000050  -0.348770 0.191862 -1.022018
9  3.942140 0.046272 -0.431512  -0.119141 0.030896 -1.583591
10  1.539114 0.000082 0.000006  0.011089 0.047323 -1.183737
11  1.196334 0.000146 0.000029  0.081417 0.094721 -1.053928
12  3.883505 -0.047269 0.431382  0.144217 0.104104 -0.530075
13  1.719573 -0.000029 0.000014  0.000243 0.054690 -1.334995
14  1.209180 0.000092 0.000011  -0.060429 -0.069207 -1.159879
15  3.859663 -0.138476 1.332410  0.344585 -0.051399 -0.675639
16  1.719449 -0.000014 0.000023  0.002256 -0.018711 -0.965636
17  1.099677 0.000050 0.000005  0.085158 -0.029598 -0.258651
18  0.805994 -0.349051 1.321254  -0.985335 -0.377189 -1.019220
19  1.789817 -0.000004 -0.000018  -0.004618 0.008787 -0.031850
20  1.207015 -0.000014 -0.000043  0.066931 0.219137 0.305162
21  5.740637 0.000410 -0.000706  0.000276 0.000003 0.000071
22  11.481123 0.000349 -0.000693  -0.006714 0.094120 -0.147314
23  6.027524 -0.000332 0.000203  1.310677 -0.549221 1.750991
24  0.000003 11.692101 -0.000008  -0.364877 -0.057006 -0.306415
25  0.000003 0.000008 -0.000002  -0.467697 -0.000030 1.570739
26  -0.000000 -0.000012 -0.000001  0.868957 0.000002 1.570712
27  -6.837111 -2.442946 -7.233785  1.473120 1.855075 -0.198639
28  6.027513 -0.000262 -0.000224  1.330313 1.179039 -0.837206
29  11.691993 0.000244 0.000857  0.141441 0.000043 -1.410484
30  11.479698 -0.000580 0.000916  -0.860322 -0.323049 0.277310
31  3.859436 -0.132789 1.193062  0.466148 -0.051828 -1.783918
32  1.312557 0.000024 -0.000001  -0.013963 -0.041043 -0.156449
33  0.729345 0.000066 -0.000028  -0.128320 -0.117290 -0.954856
34  3.942046 0.050108 0.430997  0.211502 -0.107596 -1.469117
35  1.539096 0.000005 -0.000001  0.040712 -0.054387 -1.030473
36  1.196300 0.000076 -0.000004  -0.249391 -0.043040 -0.795121
37  3.883411 -0.050503 -0.431086  0.186407 -0.271795 -1.212183
38  1.719564 -0.000081 -0.000004  0.020974 -0.107650 -1.483529
39  1.209197 0.000035 0.000011  -0.324719 0.069674 -0.493483
40  3.859586 -0.149113 -1.331323  -0.040757 -0.073789 -0.195091
41  1.719413 -0.000097 -0.000034  -0.007235 0.031761 -0.150715
42  1.099674 0.000026 0.000007  0.118501 -0.028866 -0.144987
43  0.805979 -0.359854 -1.318337  0.992601 0.167433 -0.801709
44  1.789779 -0.000007 -0.000042  -0.000594 -0.002125 0.132762
45  1.206997 -0.000006 0.000006  0.000125 0.000490 1.053948
46  5.740571 0.000056 0.000723  0.145360 -0.000014 0.000021
47  11.480883 -0.000079 0.000932  0.151483 -0.063123 0.053255
48  6.027513 -0.000274 -0.000237  -1.332565 -0.314061 -1.503578
49  -0.000001 11.691975 -0.000006  -0.976110 0.427229 0.775765
50  0.000003 -0.000000 0.000001  2.413975 -0.000041 1.570856
51  -0.000007 -0.000015 0.000005  2.272644 -0.000030 1.570865
52  -7.952248 -13.183142 -5.885741  3.131247 -0.227598 -0.683882
53  0.000000 0.000001 0.000001  0.008153 -0.000259 0.000009
54  0.000000 -0.000002 0.000001  1.565115 0.043565 -0.106862
55  -2.714247 -19.915163 -17.133415  -0.951304 -0.636318 -1.904526
56  -0.000001 0.000000 -0.000000  0.000000 -0.000000 -0.000002
57  0.000029 0.000031 0.000000  -1.571901 -0.044449 -0.106509
58  33.185574 1.676875 -41.957436  1.570796 -0.000000 0.000000
59  -13.956470 -9.775214 -12.623269  1.570796 -0.000000 0.000000
60  1.941978 -1.075505 -8.860325  1.570796 -0.000000 0.000000
61  -0.004311 0.001229 -0.000371  0.006898 -0.005534 -0.284229
62  -7.233792 3.620581 -6.293282  1.570796 -0.000000 0.000000
63  0.000000 0.000000 0.000000  -0.078727 -3.136056 0.284226
64  0.000000 0.000000 0.000000  1.621196 -0.000468 -0.111601
65  -1.655627 -16.038006 -0.910771  1.481203 -0.015059 1.009886
66  0.000002 -2.923558 -1.408043  -0.000000 -0.000000 -0.000000
67  -0.000003 -0.601197 -2.062165  -0.000000 -0.000000 -0.000000
68  0.004382 -0.039406 6.613115  -0.000000 -0.000000 -0.000000
69  0.000002 -0.021786 -0.115848  -0.000000 -0.000000 -0.000000
70  0.000001 -3.304881 0.259167  -0.000000 -0.000000 -0.000000
71  2.441687 -18.597233 -1.741928  1.481203 -0.015059 1.009886
72  0.057101 0.204433 -2.709598  -0.000000 -0.000000 -0.000000
73  0.111673 -0.283001 -2.709597  -0.000000 -0.000000 -0.000000
74  -0.128217 -0.750370 -2.709597  -0.000000 -0.000000 -0.000000
time 89
0  0 0 0  0 0 0
1  0.000006 0.000000 0.000000  -1.570800 -1.391899 -1.570792
2  -8.526393 2.634402 1.937664  -1.544956 -1.855077 -0.198630
3  6.027525 -0.000326 0.000193  -0.390700 -0.970928 -1.760792
4  11.692118 0.000646 -0.000741  -1.339416 0.000010 -0.603589
5  11.480905 0.000730 -0.000082  1.522095 0.272458 -0.628938
6  3.859508 -0.142880 -1.192049  -0.363066 0.074212 -1.671194
7  1.312588 0.000011 0.000007  0.002258 0.103086 -1.319968
8  0.729357 0.000055 0.000049  -0.331659 0.190481 -0.986384
9  3.942143 0.046271 -0.431511  -0.120718 0.032609 -1.544084
10  1.539112 0.000081 0.000005  0.011793 0.044961 -1.147457
11  1.196335 0.000146 0.000029  0.074840 0.074000 -1.058287
12  3.883505 -0.047270 0.431382  0.142416 0.102441 -0.523039
13  1.719573 -0.000024 0.000016  0.001081 0.053453 -1.293814
14  1.209182 0.000090 0.000011  -0.058562 -0.083041 -1.153374
15  3.859661 -0.138478 1.332410  0.345040 -0.043566 -0.656170
16  1.719449 -0.000010 0.000024  0.001609 -0.016401 -0.933177
17  1.099675 0.000048 0.000005  0.078554 -0.036168 -0.285976
18  0.805993 -0.349051 1.321253  -0.999148 -0.393315 -0.990128
19  1.789821 -0.000004 -0.000019  -0.004585 0.009034 -0.027753
20  1.207016 -0.000013 -0.000042  0.063799 0.210476 0.301726
21  5.740637 0.000410 -0.000702  0.014181 0.000003 0.000071
22  11.481195 0.000350 -0.000676  0.011349 0.077871 -0.132967
23  6.027524 -0.000332 0.000203  1.364385 -0.567466 1.752335
24  0.000002 11.692099 -0.000007  -0.450203 -0.087279 -0.376689
25  0.000002 0.000009 -0.000001  -0.470371 -0.000030 1.570739
26  -0.000000 -0.000013 -0.000000  0.868957 0.000002 1.570712
27  -6.837111 -2.442946 -7.233785  1.473120 1.855075 -0.198639
28  6.027513 -0.000262 -0.000224  1.330499 1.160190 -0.819940
29  11.691991 0.000244 0.000857  0.141441 0.000043 -1.414978
30  11.479673 -0.000592 0.000917  -0.986516 -0.265853 0.250187
31  3.859435 -0.132788 1.193063  0.466148 -0.051828 -1.783918
32  1.312559 0.000025 -0.000000  -0.013963 -0.041043 -0.156449
33  0.729345 0.000067 -0.000027  -0.128320 -0.117290 -0.954856
34  3.942046 0.050109 0.430998  0.211502 -0.107596 -1.469117
35  1.539097 0.000006 -0.000001  0.040712 -0.054387 -1.030473
36  1.196300 0.000076 -0.000004  -0.249391 -0.043040 -0.795121
37  3.883411 -0.050502 -0.431085  0.186407 -0.271796 -1.212182
38  1.719564 -0.000082 -0.000004  0.020974 -0.107650 -1.483529
39  1.209197 0.000035 0.000011  -0.324719 0.069674 -0.493483
40  3.859585 -0.149112 -1.331322  -0.040757 -0.073789 -0.195091
41  1.719412 -0.000098 -0.000035  -0.007235 0.031761 -0.150715
42  1.099673 0.000024 0.000006  0.118501 -0.028866 -0.144987
43  0.805978 -0.359852 -1.318337  0.991902 0.166932 -0.800076
44  1.789780 -0.000008 -0.000041  -0.000105 -0.002370 0.133013
45  1.206996 -0.000006 0.000005  0.000311 0.000067 1.057582
46  5.740572 0.000056 0.000723  0.116912 -0.000014 0.000021
47  11.480878 -0.000082 0.000932  0.124453 -0.057623 0.043910
48  6.027513 -0.000274 -0.000237  -1.320194 -0.328809 -1.490392
49  0.000000 11.691974 -0.000006  -0.978801 0.429634 0.777548
50  0.000003 -0.000000 -0.000001  2.413975 -0.000041 1.570856
51  -0.000006 -0.000015 0.000006  2.272644 -0.000030 1.570865
52  -8.023890 -13.208118 -6.225338  3.002375 -0.263026 -0.714875
53  0.000000 0.000001 -0.000000  0.008153 -0.000259 0.000009
54  -0.000000 0.000000 0.000001  1.565115 0.043565 -0.106862
55  -2.289593 -19.858606 -16.691982  -0.857943 -0.606353 -1.939499
56  -0.000001 0.000000 0.000001  0.000000 -0.000000 -0.000002
57  0.000029 0.000029 0.000002  -1.571901 -0.044449 -0.106509
58  33.185574 1.676875 -41.957436  1.570796 -0.000000 0.000000
59  -13.956470 -9.775214 -12.623269  1.570796 -0.000000 0.000000
60  1.941978 -1.075505 -8.860325  1.570796 -0.000000 0.000000
61  -0.004311 0.001229 -0.000371  0.006898 -0.005534 -0.284229
62  -7.233792 3.620581 -6.293282  1.570796 -0.000000 0.000000
63  0.000000 0.000000 0.000000  -0.078727 -3.136056 0.284226
64  0.000000 0.000000 0.000000  1.621039 0.001520 -0.093734
65  -1.633373 -15.868909 -1.262526  1.459337 0.113019 0.946477
66  0.000002 -2.923558 -1.408042  0.000000 -0.000000 0.000000
67  -0.000002 -0.601197 -2.062165  0.000000 -0.000000 0.000000
68  0.004379 -0.039407 6.613116  0.000000 -0.000000 0.000000
69  0.000002 -0.021787 -0.115849  0.000000 -0.000000 0.000000
70  0.000002 -3.304881 0.259168  0.000000 -0.000000 0.000000
71  2.252207 -18.769112 -1.983326  1.459337 0.113019 0.946477
72  0.057098 0.204433 -2.709597  0.000000 -0.000000 0.000000
73  0.111671 -0.283002 -2.709596  0.000000 -0.000000 0.000000
74  -0.128219 -0.750370 -2.709597  0.000000 -0.000000 0.000000
time 90
0  0 0 0  0 0 0
1  0.000006 0.000000 0.000000  -1.570800 -1.391899 -1.570792
2  -8.526393 2.634402 1.937664  -1.544956 -1.855077 -0.198630
3  6.027524 -0.000326 0.000193  -0.589779 -0.979156 -1.538709
4  11.692114 0.000643 -0.000740  -1.342030 0.000006 -0.851064
5  11.480828 0.000716 -0.000140  1.803468 0.116876 -0.403512
6  3.859508 -0.142878 -1.192049  -0.371938 0.078523 -1.612461
7  1.312593 0.000011 0.000008  0.003324 0.083645 -1.292113
8  0.729355 0.000053 0.000049  -0.303195 0.186839 -0.926871
9  3.942142 0.046274 -0.431512  -0.123205 0.035614 -1.477863
10  1.539113 0.000081 0.000007  0.012776 0.040959 -1.086784
11  1.196334 0.000145 0.000029  0.064127 0.039500 -1.065218
12  3.883505 -0.047267 0.431381  0.139408 0.099714 -0.511381
13  1.719573 -0.000025 0.000015  0.002371 0.051304 -1.224724
14  1.209180 0.000093 0.000014  -0.055661 -0.106012 -1.142623
15  3.859662 -0.138475 1.332410  0.346132 -0.030578 -0.623835
16  1.719449 -0.000014 0.000023  0.000697 -0.012505 -0.879005
17  1.099673 0.000051 0.000005  0.067938 -0.047523 -0.331490
18  0.805992 -0.349050 1.321253  -1.023528 -0.419358 -0.940615
19  1.789819 -0.000005 -0.000018  -0.004527 0.009444 -0.020970
20  1.207016 -0.000009 -0.000043  0.058689 0.196105 0.296107
21  5.740636 0.000410 -0.000703  0.051651 0.000003 0.000071
22  11.481179 0.000349 -0.000689  0.056361 0.038468 -0.089159
23  6.027524 -0.000332 0.000203  1.495795 -0.587515 1.737646
24  0.000002 11.692100 -0.000007  -0.621903 -0.168885 -0.514931
25  0.000004 0.000007 0.000000  -0.472968 -0.000031 1.570739
26  -0.000000 -0.000011 -0.000000  0.868957 0.000002 1.570712
27  -6.837111 -2.442946 -7.233785  1.473120 1.855075 -0.198639
28  6.027513 -0.000262 -0.000224  1.332059 1.145394 -0.803380
29  11.691992 0.000243 0.000857  0.141441 0.000043 -1.408890
30  11.479708 -0.000577 0.000916  -1.138034 -0.204135 0.200569
31  3.859437 -0.132787 1.193061  0.466148 -0.051828 -1.783918
32  1.312556 0.000024 -0.000001  -0.013963 -0.041043 -0.156449
33  0.729345 0.000067 -0.000027  -0.128320 -0.117290 -0.954856
34  3.942046 0.050110 0.430996  0.211502 -0.107596 -1.469117
35  1.539097 0.000005 -0.000001  0.040712 -0.054387 -1.030473
36  1.196299 0.000077 -0.000004  -0.249391 -0.043040 -0.795121
37  3.883411 -0.050501 -0.431088  0.186407 -0.271796 -1.212183
38  1.719563 -0.000082 -0.000001  0.020974 -0.107650 -1.483529
39  1.209196 0.000035 0.000011  -0.324719 0.069674 -0.493483
40  3.859585 -0.149111 -1.331324  -0.040757 -0.073789 -0.195091
41  1.719413 -0.000097 -0.000034  -0.007235 0.031761 -0.150715
42  1.099673 0.000022 0.000006  0.118501 -0.028866 -0.144987
43  0.805978 -0.359854 -1.318339  0.991670 0.166768 -0.799535
44  1.789779 -0.000006 -0.000043  0.000057 -0.002451 0.133097
45  1.206995 -0.000005 0.000004  0.000372 -0.000070 1.058782
46  5.740572 0.000055 0.000724  0.081295 -0.000014 0.000021
47  11.480886 -0.000079 0.000933  0.091803 -0.051883 0.030974
48  6.027513 -0.000274 -0.000237  -1.309907 -0.339986 -1.478634
49  -0.000002 11.691975 -0.000007  -0.975155 0.426377 0.775131
50  0.000003 0.000000 0.000001  2.413975 -0.000041 1.570856
51  -0.000007 -0.000015 0.000005  2.272644 -0.000030 1.570865
52  -8.120553 -13.315243 -6.550740  2.845178 -0.315925 -0.740610
53  0.000000 0.000001 0.000000  0.008153 -0.000259 0.000009
54  -0.000000 0.000001 -0.000001  1.565115 0.043565 -0.106862
55  -1.045862 -19.684797 -15.398094  -0.594495 -0.496617 -2.021230
56  0.000001 0.000000 0.000001  0.000000 -0.000000 -0.000002
57  0.000032 0.000029 0.000001  -1.571901 -0.044449 -0.106509
58  33.185574 1.676875 -41.957436  1.570796 -0.000000 0.000000
59  -13.961813 -9.770507 -12.606486  1.570796 -0.000000 0.000000
60  1.941978 -1.075505 -8.860325  1.570796 -0.000000 0.000000
61  -0.004311 0.001229 -0.000371  0.006898 -0.005534 -0.284229
62  -7.233792 3.620581 -6.293282  1.570796 -0.000000 0.000000
63  0.000000 0.000000 0.000000  -0.078727 -3.136056 0.284226
64  0.000000 0.000000 0.000000  1.620928 0.003602 -0.077422
65  -1.606488 -15.699368 -1.607976  1.415539 0.266769 0.867477
66  0.000000 -2.923558 -1.408041  -0.000000 0.000000 0.000000
67  -0.000004 -0.601198 -2.062163  -0.000000 0.000000 0.000000
68  0.004380 -0.039407 6.613117  -0.000000 0.000000 0.000000
69  0.000003 -0.021787 -0.115847  -0.000000 0.000000 0.000000
70  0.000001 -3.304880 0.259169  -0.000000 0.000000 0.000000
71  2.024312 -18.955341 -2.102318  1.415539 0.266769 0.867477
72  0.057098 0.204432 -2.709594  -0.000000 0.000000 0.000000
73  0.111672 -0.283002 -2.709594  -0.000000 0.000000 0.000000
74  -0.128218 -0.750370 -2.709594  -0.000000 0.000000 0.000000
time 91
0  0 0 0  0 0 0
1  0.000006 0.000000 0.000000  -1.570800 -1.391899 -1.570792
2  -8.526393 2.634402 1.937664  -1.544956 -1.855077 -0.198630
3  6.027522 -0.000327 0.000193  -0.825098 -0.996120 -1.296927
4  11.692113 0.000643 -0.000741  -1.344564 -0.000001 -1.082773
5  11.479760 0.000604 -0.000628  2.084585 -0.117139 -0.122189
6  3.859507 -0.142879 -1.192050  -0.383736 0.085308 -1.531458
7  1.312589 0.000013 0.000007  0.003900 0.057027 -1.254116
8  0.729354 0.000053 0.000049  -0.264415 0.179099 -0.845036
9  3.942140 0.046272 -0.431513  -0.126309 0.040031 -1.386231
10  1.539111 0.000083 0.000006  0.013731 0.035354 -1.003076
11  1.196329 0.000146 0.000030  0.049858 -0.007839 -1.074100
12  3.883503 -0.047270 0.431381  0.135258 0.096053 -0.495485
13  1.719572 -0.000025 0.000016  0.003906 0.048189 -1.129006
14  1.209179 0.000093 0.000010  -0.052089 -0.137421 -1.128004
15  3.859663 -0.138476 1.332409  0.348304 -0.012884 -0.579597
16  1.719449 -0.000014 0.000021  -0.000210 -0.007073 -0.804459
17  1.099675 0.000048 0.000005  0.054187 -0.063914 -0.393967
18  0.805994 -0.349050 1.321252  -1.059812 -0.453269 -0.870430
19  1.789819 -0.000005 -0.000015  -0.004444 0.010001 -0.011729
20  1.207015 -0.000014 -0.000044  0.051877 0.176468 0.288593
21  5.740637 0.000411 -0.000703  0.099944 0.000003 0.000070
22  11.480965 0.000327 -0.000784  0.105790 -0.004699 -0.022591
23  6.027524 -0.000332 0.000203  1.650254 -0.569855 1.698121
24  0.000001 11.692099 -0.000008  -0.773917 -0.264997 -0.632095
25  0.000003 0.000008 -0.000002  -0.475487 -0.000031 1.570738
26  -0.000001 -0.000011 -0.000001  0.868957 0.000002 1.570712
27  -6.837111 -2.442946 -7.233785  1.473120 1.855075 -0.198639
28  6.027512 -0.000262 -0.000224  1.336723 1.136328 -0.786182
29  11.691990 0.000244 0.000857  0.141440 0.000041 -1.390189
30  11.479808 -0.000525 0.000906  -1.310859 -0.144114 0.121953
31  3.859435 -0.132786 1.193061  0.466148 -0.051828 -1.783918
32  1.312559 0.000025 0.000000  -0.013963 -0.041043 -0.156449
33  0.729346 0.000065 -0.000027  -0.128320 -0.117290 -0.954856
34  3.942045 0.050111 0.430997  0.211502 -0.107596 -1.469117
35  1.539097 0.000005 -0.000000  0.040712 -0.054387 -1.030473
36  1.196301 0.000076 -0.000005  -0.249391 -0.043040 -0.795121
37  3.883411 -0.050501 -0.431089  0.186407 -0.271796 -1.212183
38  1.719563 -0.000080 -0.000003  0.020974 -0.107650 -1.483529
39  1.209197 0.000036 0.000012  -0.324719 0.069674 -0.493483
40  3.859584 -0.149110 -1.331325  -0.040757 -0.073789 -0.195091
41  1.719411 -0.000098 -0.000035  -0.007235 0.031761 -0.150715
42  1.099674 0.000024 0.000005  0.118501 -0.028866 -0.144987
43  0.805978 -0.359853 -1.318339  0.991670 0.166768 -0.799535
44  1.789780 -0.000008 -0.000042  0.000057 -0.002451 0.133097
45  1.206997 -0.000006 0.000006  0.000372 -0.000070 1.058781
46  5.740572 0.000054 0.000725  0.039570 -0.000014 0.000021
47  11.480905 -0.000070 0.000931  0.054624 -0.045942 0.013696
48  6.027513 -0.000274 -0.000237  -1.302257 -0.345822 -1.468248
49  -0.000000 11.691974 -0.000008  -0.963934 0.416421 0.767647
50  0.000003 -0.000003 -0.000001  2.413975 -0.000041 1.570856
51  -0.000007 -0.000015 0.000004  2.272644 -0.000030 1.570865
52  -8.248038 -13.519346 -6.845408  2.660473 -0.387295 -0.751872
53  -0.000001 -0.000000 0.000000  0.008153 -0.000259 0.000009
54  -0.000001 0.000001 -0.000001  1.565115 0.043565 -0.106862
55  0.678890 -19.422682 -13.601173  -0.265013 -0.306257 -2.074415
56  0.000000 0.000001 -0.000001  0.000000 -0.000000 -0.000002
57  0.000029 0.000029 0.000000  -1.571901 -0.044449 -0.106509
58  33.185574 1.676875 -41.957436  1.570796 -0.000000 0.000000
59  -13.977962 -9.756026 -12.555130  1.570796 -0.000000 0.000000
60  1.941978 -1.075505 -8.860325  1.570796 -0.000000 0.000000
61  -0.004311 0.001229 -0.000371  0.006898 -0.005534 -0.284229
62  -7.233792 3.620581 -6.293282  1.570796 -0.000000 0.000000
63  0.000000 0.000000 0.000000  -0.078727 -3.136056 0.284226
64  0.000000 0.000000 0.000000  1.620863 0.005752 -0.063042
65  -1.575744 -15.531458 -1.948480  1.338314 0.439696 0.765573
66  0.000002 -2.923558 -1.408041  -0.000000 0.000000 -0.000000
67  -0.000002 -0.601198 -2.062163  -0.000000 0.000000 -0.000000
68  0.004381 -0.039406 6.613117  -0.000000 0.000000 -0.000000
69  0.000004 -0.021786 -0.115848  -0.000000 0.000000 -0.000000
70  0.000002 -3.304880 0.259169  -0.000000 0.000000 -0.000000
71  1.778349 -19.104080 -2.070497  1.338314 0.439696 0.765573
72  0.057101 0.204433 -2.709597  -0.000000 0.000000 -0.000000
73  0.111674 -0.283001 -2.709597  -0.000000 0.000000 -0.000000
74  -0.128217 -0.750370 -2.709596  -0.000000 0.000000 -0.000000
time 92
0  0 0 0  0 0 0
1  0.000006 0.000000 0.000000  -1.570800 -1.391899 -1.570792
2  -8.526393 2.634402 1.937664  -1.544956 -1.855077 -0.198630
3  6.027521 -0.000327 0.000193  -1.041706 -1.014148 -1.089745
4  11.692111 0.000643 -0.000740  -1.347013 -0.000008 -1.235209
5  11.480040 0.000623 -0.000553  2.233301 -0.332252 0.134430
6  3.859509 -0.142881 -1.192051  -0.397469 0.094944 -1.431654
7  1.312590 0.000012 0.000008  0.003230 0.024503 -1.207765
8  0.729353 0.000054 0.000048  -0.217768 0.165320 -0.744823
9  3.942143 0.046272 -0.431513  -0.129567 0.045854 -1.272937
10  1.539111 0.000084 0.000005  0.014257 0.028363 -0.899892
11  1.196330 0.000145 0.000027  0.032942 -0.065905 -1.084066
12  3.883505 -0.047270 0.431381  0.130128 0.091685 -0.476114
13  1.719574 -0.000027 0.000013  0.005383 0.044154 -1.010531
14  1.209179 0.000092 0.000010  -0.048340 -0.175804 -1.110224
15  3.859662 -0.138476 1.332408  0.352018 0.008583 -0.525481
16  1.719449 -0.000011 0.000023  -0.000767 -0.000324 -0.712804
17  1.099675 0.000047 0.000009  0.038697 -0.085201 -0.470617
18  0.805994 -0.349051 1.321252  -1.108782 -0.491581 -0.780733
19  1.789821 -0.000003 -0.000016  -0.004336 0.010679 -0.000479
20  1.207015 -0.000012 -0.000044  0.043811 0.152480 0.279654
21  5.740636 0.000411 -0.000705  0.136102 0.000003 0.000071
22  11.481021 0.000332 -0.000770  0.136192 -0.034614 0.042673
23  6.027524 -0.000332 0.000203  1.775354 -0.521513 1.657215
24  0.000002 11.692101 -0.000008  -0.869619 -0.337055 -0.702204
25  0.000004 0.000010 -0.000001  -0.477927 -0.000030 1.570739
26  -0.000001 -0.000011 -0.000000  0.868957 0.000002 1.570712
27  -6.837111 -2.442946 -7.233785  1.473120 1.855075 -0.198639
28  6.027512 -0.000262 -0.000224  1.349445 1.135935 -0.774019
29  11.691990 0.000244 0.000856  0.141439 0.000039 -1.363971
30  11.479959 -0.000445 0.000896  -1.501508 -0.104825 0.029097
31  3.859435 -0.132787 1.193063  0.466148 -0.051828 -1.783918
32  1.312558 0.000024 0.000001  -0.013963 -0.041043 -0.156449
33  0.729344 0.000065 -0.000026  -0.128320 -0.117290 -0.954856
34  3.942045 0.050110 0.430997  0.211502 -0.107596 -1.469117
35  1.539096 0.000003 -0.000000  0.040712 -0.054387 -1.030473
36  1.196300 0.000076 -0.000003  -0.249391 -0.043040 -0.795121
37  3.883410 -0.050501 -0.431086  0.186407 -0.271796 -1.212183
38  1.719563 -0.000081 -0.000004  0.020974 -0.107650 -1.483529
39  1.209197 0.000036 0.000011  -0.324719 0.069674 -0.493483
40  3.859584 -0.149111 -1.331323  -0.040757 -0.073789 -0.195091
41  1.719413 -0.000098 -0.000032  -0.007235 0.031761 -0.150715
42  1.099673 0.000025 0.000006  0.118501 -0.028866 -0.144987
43  0.805978 -0.359854 -1.318339  0.991669 0.166768 -0.799535
44  1.789779 -0.000009 -0.000043  0.000057 -0.002451 0.133097
45  1.206996 -0.000004 0.000005  0.000372 -0.000070 1.058782
46  5.740571 0.000055 0.000724  -0.006590 -0.000014 0.000021
47  11.480937 -0.000053 0.000927  0.014361 -0.041815 -0.004716
48  6.027513 -0.000274 -0.000237  -1.297598 -0.342721 -1.469195
49  -0.000000 11.691975 -0.000007  -0.948149 0.402594 0.757005
50  0.000002 -0.000000 0.000000  2.413975 -0.000041 1.570856
51  -0.000006 -0.000015 0.000004  2.272644 -0.000030 1.570865
52  -8.420052 -13.774741 -6.975345  2.453249 -0.466139 -0.741149
53  0.000000 -0.000001 0.000001  0.008153 -0.000259 0.000009
54  -0.000001 0.000000 0.000000  1.565115 0.043565 -0.106862
55  2.270918 -19.142750 -11.937803  -0.011481 -0.114260 -2.065379
56  -0.000000 -0.000000 0.000001  0.000000 -0.000000 -0.000002
57  0.000029 0.000029 0.000001  -1.571901 -0.044449 -0.106509
58  33.185574 1.676875 -41.957436  1.570796 -0.000000 0.000000
59  -14.004965 -9.731286 -12.467950  1.570796 -0.000000 0.000000
60  1.941978 -1.075505 -8.860325  1.570796 -0.000000 0.000000
61  -0.004311 0.001229 -0.000371  0.006898 -0.005534 -0.284229
62  -7.233792 3.620581 -6.293282  1.570796 -0.000000 0.000000
63  0.000000 0.000000 0.000000  -0.078727 -3.136056 0.284226
64  0.000000 0.000000 0.000000  1.619806 0.007912 -0.050867
65  -1.541912 -15.367255 -2.210567  1.220744 0.617176 0.630646
66  0.000001 -2.923559 -1.408042  0.000000 0.000000 0.000000
67  -0.000003 -0.601198 -2.062164  0.000000 0.000000 0.000000
68  0.004381 -0.039406 6.613115  0.000000 0.000000 0.000000
69  0.000002 -0.021786 -0.115848  0.000000 0.000000 0.000000
70  0.000002 -3.304882 0.259168  0.000000 0.000000 0.000000
71  1.542911 -19.159756 -1.851044  1.220744 0.617176 0.630646
72  0.057099 0.204434 -2.709597  0.000000 0.000000 0.000000
73  0.111673 -0.283000 -2.709597  0.000000 0.000000 0.000000
74  -0.128217 -0.750369 -2.709597  0.000000 0.000000 0.000000
time 93
0  0 0 0  0 0 0
1  0.000006 0.000000 0.000000  -1.570800 -1.391899 -1.570792
2  -8.526393 2.634402 1.937664  -1.544956 -1.855077 -0.198630
3  6.027520 -0.000327 0.000193  -1.188467 -1.022938 -0.954077
4  11.692110 0.000644 -0.000742  -1.349377 -0.000012 -1.314646
5  11.480412 0.000652 -0.000421  2.239633 -0.459357 0.319040
6  3.859507 -0.142880 -1.192049  -0.411735 0.107390 -1.319077
7  1.312590 0.000012 0.000008  0.000689 -0.011876 -1.155785
8  0.729357 0.000054 0.000049  -0.167232 0.144363 -0.632931
9  3.942142 0.046272 -0.431511  -0.132431 0.052833 -1.144794
10  1.539111 0.000084 0.000006  0.013982 0.020457 -0.783462
11  1.196332 0.000145 0.000029  0.014539 -0.131249 -1.094137
12  3.883502 -0.047270 0.431382  0.124293 0.086919 -0.454434
13  1.719572 -0.000029 0.000017  0.006464 0.039412 -0.876439
14  1.209180 0.000089 0.000011  -0.044937 -0.218855 -1.090326
15  3.859662 -0.138476 1.332410  0.357559 0.032374 -0.464680
16  1.719450 -0.000012 0.000021  -0.000652 0.007301 -0.609572
17  1.099676 0.000049 0.000005  0.023212 -0.110548 -0.556863
18  0.805993 -0.349051 1.321254  -1.169601 -0.529722 -0.675105
19  1.789819 -0.000003 -0.000017  -0.004207 0.011434 0.012099
20  1.207015 -0.000013 -0.000045  0.035077 0.125567 0.269923
21  5.740638 0.000409 -0.000705  0.147086 0.000003 0.000071
22  11.481093 0.000337 -0.000746  0.142033 -0.049843 0.085350
23  6.027524 -0.000332 0.000203  1.848765 -0.478523 1.632658
24  0.000001 11.692100 -0.000007  -0.918317 -0.377031 -0.736477
25  0.000004 0.000009 -0.000001  -0.480287 -0.000031 1.570739
26  -0.000000 -0.000012 0.000001  0.868957 0.000002 1.570712
27  -6.837111 -2.442946 -7.233785  1.473120 1.855075 -0.198639
28  6.027512 -0.000262 -0.000224  1.372684 1.142237 -0.765994
29  11.691991 0.000244 0.000856  0.141439 0.000038 -1.339388
30  11.480112 -0.000362 0.000885  -1.697844 -0.096326 -0.061200
31  3.859436 -0.132787 1.193061  0.466148 -0.051828 -1.783918
32  1.312559 0.000025 -0.000000  -0.013963 -0.041043 -0.156449
33  0.729346 0.000064 -0.000026  -0.128320 -0.117290 -0.954856
34  3.942044 0.050110 0.430995  0.211502 -0.107596 -1.469117
35  1.539095 0.000004 -0.000001  0.040712 -0.054387 -1.030473
36  1.196300 0.000077 -0.000003  -0.249391 -0.043040 -0.795121
37  3.883410 -0.050502 -0.431089  0.186407 -0.271796 -1.212183
38  1.719563 -0.000081 -0.000004  0.020974 -0.107650 -1.483530
39  1.209197 0.000034 0.000010  -0.324719 0.069674 -0.493483
40  3.859584 -0.149112 -1.331325  -0.040757 -0.073789 -0.195091
41  1.719413 -0.000097 -0.000034  -0.007235 0.031761 -0.150715
42  1.099673 0.000025 0.000007  0.118501 -0.028866 -0.144987
43  0.805978 -0.359853 -1.318340  0.991670 0.166768 -0.799535
44  1.789780 -0.000007 -0.000042  0.000057 -0.002451 0.133097
45  1.206997 -0.000005 0.000005  0.000372 -0.000070 1.058781
46  5.740570 0.000055 0.000724  -0.054674 -0.000014 0.000021
47  11.480966 -0.000036 0.000926  -0.026536 -0.040679 -0.021700
48  6.027513 -0.000274 -0.000237  -1.294093 -0.331617 -1.483437
49  -0.000001 11.691975 -0.000005  -0.933287 0.389771 0.746868
50  0.000004 -0.000001 -0.000001  2.413975 -0.000041 1.570856
51  -0.000006 -0.000015 0.000006  2.272644 -0.000030 1.570865
52  -8.632584 -14.009387 -6.901355  2.231349 -0.538093 -0.706204
53  0.000001 0.000001 0.000001  0.008153 -0.000259 0.000009
54  -0.000001 0.000001 0.000000  1.565115 0.043565 -0.106862
55  3.288174 -18.905634 -10.867729  0.098538 0.015329 -2.039776
56  -0.000001 -0.000000 -0.000000  0.000000 -0.000000 -0.000002
57  0.000030 0.000029 0.000001  -1.571901 -0.044449 -0.106509
58  33.185574 1.676875 -41.957436  1.570796 -0.000000 0.000000
59  -14.042643 -9.695914 -12.344182  1.570796 -0.000000 0.000000
60  1.941978 -1.075505 -8.860325  1.570796 -0.000000 0.000000
61  -0.004311 0.001229 -0.000371  0.006898 -0.005534 -0.284229
62  -7.233792 3.620581 -6.293282  1.570796 -0.000000 0.000000
63  0.000000 0.000000 0.000000  -0.078727 -3.136056 0.284226
64  0.000000 0.000000 0.000000  1.616948 0.010040 -0.040779
65  -1.505766 -15.208838 -2.393830  1.055019 0.781456 0.451206
66  0.000002 -2.923557 -1.408041  -0.000000 0.000000 0.000000
67  -0.000002 -0.601196 -2.062164  -0.000000 0.000000 0.000000
68  0.004381 -0.039405 6.613115  -0.000000 0.000000 0.000000
69  0.000002 -0.021786 -0.115848  -0.000000 0.000000 0.000000
70  0.000002 -3.304880 0.259170  -0.000000 0.000000 0.000000
71  1.348231 -19.095745 -1.513432  1.055019 0.781456 0.451206
72  0.057100 0.204434 -2.709597  -0.000000 0.000000 0.000000
73  0.111673 -0.283001 -2.709596  -0.000000 0.000000 0.000000
74  -0.128217 -0.750369 -2.709597  -0.000000 0.000000 0.000000
time 94
0  0 0 0  0 0 0
1  0.000006 0.000000 0.000000  -1.570800 -1.391899 -1.570792
2  -8.526393 2.634402 1.937664  -1.544956 -1.855077 -0.198630
3  6.027520 -0.000328 0.000193  -1.276399 -1.036404 -0.875229
4  11.692110 0.000643 -0.000740  -1.351659 -0.000014 -1.359423
5  11.480108 0.000619 -0.000580  2.174489 -0.545747 0.466892
6  3.859509 -0.142879 -1.192048  -0.425009 0.121949 -1.201952
7  1.312590 0.000013 0.000007  -0.003950 -0.049447 -1.101668
8  0.729356 0.000054 0.000049  -0.117650 0.116817 -0.518138
9  3.942142 0.046273 -0.431511  -0.134440 0.060428 -1.011309
10  1.539110 0.000082 0.000005  0.012723 0.012322 -0.662312
11  1.196331 0.000144 0.000029  -0.004080 -0.199306 -1.103416
12  3.883505 -0.047270 0.431382  0.118137 0.082110 -0.431928
13  1.719574 -0.000026 0.000015  0.006906 0.034364 -0.736767
14  1.209179 0.000092 0.000011  -0.042306 -0.263590 -1.069614
15  3.859662 -0.138476 1.332411  0.364837 0.056667 -0.401354
16  1.719448 -0.000011 0.000020  0.000300 0.015173 -0.502213
17  1.099674 0.000046 0.000005  0.009423 -0.138284 -0.646649
18  0.805994 -0.349050 1.321254  -1.238881 -0.563065 -0.560187
19  1.789819 -0.000004 -0.000018  -0.004062 0.012216 0.025142
20  1.207017 -0.000012 -0.000043  0.026323 0.097565 0.260111
21  5.740636 0.000409 -0.000702  0.142657 0.000003 0.000071
22  11.481032 0.000332 -0.000773  0.135395 -0.061803 0.114543
23  6.027524 -0.000332 0.000203  1.882001 -0.441848 1.621360
24  0.000000 11.692101 -0.000007  -0.945457 -0.400234 -0.755102
25  0.000005 0.000009 -0.000000  -0.482566 -0.000031 1.570739
26  -0.000002 -0.000011 -0.000000  0.868957 0.000002 1.570712
27  -6.837111 -2.442946 -7.233785  1.473120 1.855075 -0.198639
28  6.027512 -0.000262 -0.000224  1.404066 1.152869 -0.757038
29  11.691992 0.000242 0.000855  0.141438 0.000037 -1.319021
30  11.480244 -0.000289 0.000875  -1.884675 -0.115087 -0.144677
31  3.859436 -0.132787 1.193061  0.466148 -0.051828 -1.783917
32  1.312558 0.000025 0.000001  -0.013963 -0.041043 -0.156449
33  0.729345 0.000068 -0.000028  -0.128320 -0.117290 -0.954856
34  3.942047 0.050108 0.430996  0.211502 -0.107596 -1.469117
35  1.539096 0.000005 0.000000  0.040712 -0.054387 -1.030473
36  1.196300 0.000076 -0.000005  -0.249391 -0.043040 -0.795121
37  3.883412 -0.050502 -0.431088  0.186407 -0.271796 -1.212183
38  1.719563 -0.000082 -0.000002  0.020974 -0.107650 -1.483529
39  1.209197 0.000035 0.000010  -0.324719 0.069674 -0.493483
40  3.859586 -0.149112 -1.331324  -0.040757 -0.073789 -0.195091
41  1.719412 -0.000097 -0.000034  -0.007235 0.031761 -0.150715
42  1.099674 0.000025 0.000005  0.118501 -0.028866 -0.144987
43  0.805979 -0.359854 -1.318339  0.991670 0.166768 -0.799535
44  1.789779 -0.000008 -0.000043  0.000057 -0.002451 0.133097
45  1.206996 -0.000006 0.000005  0.000372 -0.000070 1.058782
46  5.740572 0.000057 0.000724  -0.102393 -0.000014 0.000021
47  11.480993 -0.000020 0.000924  -0.065518 -0.042070 -0.037608
48  6.027513 -0.000274 -0.000237  -1.291478 -0.315094 -1.503927
49  0.000000 11.691975 -0.000007  -0.920926 0.379253 0.738356
50  0.000004 -0.000001 0.000001  2.413975 -0.000041 1.570856
51  -0.000006 -0.000015 0.000005  2.272644 -0.000030 1.570865
52  -8.860295 -14.199825 -6.682410  2.002380 -0.595479 -0.647261
53  -0.000000 0.000001 0.000000  0.008153 -0.000259 0.000009
54  0.000000 -0.000000 -0.000001  1.565115 0.043565 -0.106862
55  3.785011 -18.688206 -10.051788  0.127664 0.111977 -2.019455
56  0.000004 0.000000 0.000001  0.000000 -0.000000 -0.000002
57  0.000033 0.000029 0.000001  -1.571901 -0.044449 -0.106509
58  33.185574 1.676875 -41.957436  1.570796 -0.000000 0.000000
59  -14.090528 -9.649701 -12.183744  1.570796 -0.000000 0.000000
60  1.941978 -1.075505 -8.860325  1.570796 -0.000000 0.000000
61  -0.004311 0.001229 -0.000371  0.006898 -0.005534 -0.284229
62  -7.233792 3.620581 -6.293282  1.570796 -0.000000 0.000000
63  0.000000 0.000000 0.000000  -0.078727 -3.136056 0.284226
64  0.000000 0.000000 0.000000  1.612626 0.012117 -0.032568
65  -1.468075 -15.058280 -2.539209  0.826400 0.915274 0.214557
66  0.000002 -2.923558 -1.408043  0.000000 0.000000 0.000000
67  -0.000002 -0.601197 -2.062165  0.000000 0.000000 0.000000
68  0.004381 -0.039407 6.613117  0.000000 0.000000 0.000000
69  0.000003 -0.021787 -0.115849  0.000000 0.000000 0.000000
70  0.000002 -3.304882 0.259169  0.000000 0.000000 0.000000
71  1.223612 -18.911469 -1.147734  0.826400 0.915274 0.214557
72  0.057100 0.204435 -2.709597  0.000000 0.000000 0.000000
73  0.111673 -0.283000 -2.709597  0.000000 0.000000 0.000000
74  -0.128217 -0.750369 -2.709596  0.000000 0.000000 0.000000
time 95
0  0 0 0  0 0 0
1  0.000006 0.000000 0.000000  -1.570800 -1.391899 -1.570792
2  -8.526393 2.634402 1.937664  -1.544956 -1.855077 -0.198630
3  6.027520 -0.000328 0.000193  -1.341110 -1.073426 -0.819802
4  11.692110 0.000644 -0.000741  -1.353859 -0.000016 -1.387209
5  11.479940 0.000602 -0.000671  2.070546 -0.634864 0.634458
6  3.859511 -0.142880 -1.192049  -0.436089 0.137300 -1.089367
7  1.312590 0.000010 0.000009  -0.010352 -0.085352 -1.049241
8  0.729353 0.000055 0.000049  -0.073429 0.085247 -0.409580
9  3.942146 0.046273 -0.431512  -0.135400 0.067910 -0.883086
10  1.539111 0.000085 0.000005  0.010596 0.004703 -0.545893
11  1.196332 0.000146 0.000028  -0.021689 -0.265035 -1.111257
12  3.883507 -0.047270 0.431382  0.112102 0.077604 -0.410209
13  1.719573 -0.000027 0.000016  0.006664 0.029507 -0.602728
14  1.209180 0.000090 0.000012  -0.040657 -0.306751 -1.049508
15  3.859664 -0.138476 1.332409  0.373305 0.079587 -0.340090
16  1.719451 -0.000011 0.000023  0.002007 0.022605 -0.398949
17  1.099676 0.000049 0.000005  -0.001499 -0.166115 -0.733307
18  0.805997 -0.349051 1.321254  -1.310696 -0.588392 -0.445182
19  1.789818 -0.000003 -0.000018  -0.003914 0.012969 0.037721
20  1.207015 -0.000013 -0.000045  0.018165 0.070489 0.250905
21  5.740637 0.000410 -0.000703  0.131451 0.000003 0.000071
22  11.480998 0.000329 -0.000793  0.124755 -0.076835 0.143853
23  6.027524 -0.000332 0.000203  1.884042 -0.393014 1.619655
24  0.000001 11.692101 -0.000006  -0.962198 -0.414865 -0.766406
25  0.000004 0.000007 -0.000003  -0.484764 -0.000031 1.570738
26  -0.000001 -0.000011 0.000000  0.868957 0.000002 1.570712
27  -6.837111 -2.442946 -7.233785  1.473120 1.855075 -0.198639
28  6.027513 -0.000262 -0.000224  1.441607 1.166655 -0.743382
29  11.691990 0.000242 0.000856  0.141437 0.000035 -1.303742
30  11.480350 -0.000232 0.000868  -2.049825 -0.155088 -0.215877
31  3.859437 -0.132788 1.193061  0.466148 -0.051828 -1.783918
32  1.312558 0.000024 -0.000000  -0.013963 -0.041043 -0.156449
33  0.729345 0.000066 -0.000030  -0.128320 -0.117290 -0.954856
34  3.942047 0.050108 0.430995  0.211502 -0.107596 -1.469117
35  1.539096 0.000005 -0.000001  0.040712 -0.054387 -1.030473
36  1.196299 0.000076 -0.000005  -0.249391 -0.043040 -0.795121
37  3.883412 -0.050502 -0.431089  0.186407 -0.271795 -1.212183
38  1.719563 -0.000081 -0.000003  0.020974 -0.107650 -1.483529
39  1.209197 0.000035 0.000010  -0.324719 0.069674 -0.493483
40  3.859585 -0.149112 -1.331324  -0.040757 -0.073789 -0.195091
41  1.719412 -0.000098 -0.000034  -0.007235 0.031761 -0.150715
42  1.099674 0.000025 0.000006  0.118501 -0.028866 -0.144987
43  0.805980 -0.359854 -1.318339  0.991670 0.166768 -0.799535
44  1.789779 -0.000009 -0.000043  0.000057 -0.002451 0.133097
45  1.206997 -0.000005 0.000005  0.000373 -0.000070 1.058782
46  5.740571 0.000056 0.000724  -0.147615 -0.000014 0.000021
47  11.481014 -0.000010 0.000922  -0.100404 -0.045653 -0.052215
48  6.027513 -0.000274 -0.000237  -1.290127 -0.294765 -1.525092
49  -0.000001 11.691975 -0.000007  -0.911624 0.371428 0.731902
50  0.000003 0.000000 -0.000001  2.413975 -0.000041 1.570856
51  -0.000007 -0.000015 0.000005  2.272644 -0.000030 1.570865
52  -9.079969 -14.334356 -6.359794  1.777839 -0.631754 -0.570490
53  0.000000 -0.000002 0.000001  0.008153 -0.000259 0.000009
54  0.000001 -0.000000 -0.000001  1.565115 0.043565 -0.106862
55  3.915501 -18.449677 -9.043934  0.144481 0.211405 -1.995418
56  0.000002 0.000000 0.000000  0.000000 -0.000000 -0.000002
57  0.000033 0.000029 0.000002  -1.571901 -0.044449 -0.106509
58  33.185574 1.676875 -41.957436  1.570796 -0.000000 0.000000
59  -14.147808 -9.592658 -11.987438  1.570796 -0.000000 0.000000
60  1.941978 -1.075505 -8.860325  1.570796 -0.000000 0.000000
61  -0.004311 0.001229 -0.000371  0.006898 -0.005534 -0.284229
62  -7.233792 3.620581 -6.293282  1.570796 -0.000000 0.000000
63  0.000000 0.000000 0.000000  -0.078727 -3.136056 0.284226
64  0.000000 0.000000 0.000000  1.607179 0.014112 -0.026024
65  -1.429613 -14.917659 -2.661171  0.537591 1.003109 -0.075578
66  0.000002 -2.923558 -1.408043  0.000000 -0.000000 -0.000000
67  -0.000002 -0.601199 -2.062165  0.000000 -0.000000 -0.000000
68  0.004380 -0.039406 6.613115  0.000000 -0.000000 -0.000000
69  0.000001 -0.021786 -0.115849  0.000000 -0.000000 -0.000000
70  0.000002 -3.304882 0.259168  0.000000 -0.000000 -0.000000
71  1.183902 -18.633745 -0.820329  0.537591 1.003109 -0.075578
72  0.057099 0.204434 -2.709598  0.000000 -0.000000 -0.000000
73  0.111672 -0.283000 -2.709599  0.000000 -0.000000 -0.000000
74  -0.128218 -0.750368 -2.709599  0.000000 -0.000000 -0.000000
time 96
0  0 0 0  0 0 0
1  0.000006 0.000000 0.000000  -1.570800 -1.391899 -1.570792
2  -8.526393 2.634402 1.937664  -1.544956 -1.855077 -0.198630
3  6.027520 -0.000329 0.000193  -1.383459 -1.136191 -0.785210
4  11.692110 0.000643 -0.000741  -1.355976 -0.000016 -1.394793
5  11.479897 0.000597 -0.000692  1.922283 -0.716604 0.827358
6  3.859509 -0.142880 -1.192049  -0.444416 0.151862 -0.989525
7  1.312590 0.000014 0.000007  -0.017673 -0.117056 -1.002122
8  0.729355 0.000053 0.000048  -0.037399 0.053466 -0.314864
9  3.942144 0.046273 -0.431511  -0.135443 0.074581 -0.769656
10  1.539111 0.000087 0.000004  0.007982 -0.001802 -0.442730
11  1.196333 0.000144 0.000029  -0.037233 -0.323766 -1.117353
12  3.883506 -0.047269 0.431382  0.106625 0.073688 -0.390771
13  1.719572 -0.000027 0.000015  0.005912 0.025276 -0.484341
14  1.209178 0.000090 0.000012  -0.039943 -0.345321 -1.031365
15  3.859662 -0.138476 1.332410  0.382048 0.099557 -0.285184
16  1.719446 -0.000012 0.000023  0.004158 0.029026 -0.307240
17  1.099674 0.000049 0.000005  -0.009184 -0.191639 -0.810690
18  0.805993 -0.349050 1.321254  -1.377978 -0.604870 -0.339961
19  1.789820 -0.000003 -0.000015  -0.003772 0.013640 0.048971
20  1.207016 -0.000013 -0.000043  0.011094 0.046222 0.242875
21  5.740638 0.000410 -0.000701  0.112338 0.000003 0.000070
22  11.480989 0.000328 -0.000795  0.110188 -0.094448 0.172553
23  6.027524 -0.000332 0.000203  1.855345 -0.333176 1.626590
24  0.000001 11.692101 -0.000008  -0.966754 -0.418888 -0.769457
25  0.000003 0.000010 -0.000001  -0.486881 -0.000031 1.570739
26  -0.000000 -0.000011 -0.000001  0.868957 0.000002 1.570712
27  -6.837111 -2.442946 -7.233785  1.473120 1.855075 -0.198639
28  6.027514 -0.000263 -0.000224  1.484117 1.182691 -0.722224
29  11.691992 0.000243 0.000856  0.141437 0.000035 -1.293301
30  11.480418 -0.000193 0.000861  -2.185870 -0.209065 -0.270501
31  3.859436 -0.132788 1.193060  0.466148 -0.051828 -1.783918
32  1.312558 0.000024 0.000000  -0.013963 -0.041043 -0.156449
33  0.729345 0.000065 -0.000028  -0.128320 -0.117290 -0.954856
34  3.942046 0.050109 0.430996  0.211502 -0.107596 -1.469117
35  1.539096 0.000005 0.000000  0.040712 -0.054387 -1.030473
36  1.196299 0.000075 -0.000004  -0.249391 -0.043040 -0.795121
37  3.883411 -0.050502 -0.431089  0.186407 -0.271795 -1.212183
38  1.719563 -0.000082 -0.000005  0.020974 -0.107650 -1.483529
39  1.209197 0.000036 0.000011  -0.324719 0.069674 -0.493483
40  3.859585 -0.149112 -1.331325  -0.040757 -0.073789 -0.195091
41  1.719412 -0.000098 -0.000033  -0.007235 0.031761 -0.150715
42  1.099674 0.000025 0.000008  0.118501 -0.028866 -0.144987
43  0.805979 -0.359854 -1.318339  0.991670 0.166768 -0.799535
44  1.789779 -0.000008 -0.000041  0.000057 -0.002451 0.133097
45  1.206996 -0.000005 0.000005  0.000372 -0.000070 1.058782
46  5.740571 0.000054 0.000724  -0.188625 -0.000014 0.000021
47  11.481028 -0.000004 0.000923  -0.129656 -0.051233 -0.064959
48  6.027513 -0.000274 -0.000237  -1.290236 -0.271829 -1.543123
49  0.000001 11.691974 -0.000008  -0.905252 0.366112 0.727457
50  0.000002 0.000000 0.000002  2.413975 -0.000041 1.570856
51  -0.000006 -0.000015 0.000004  2.272644 -0.000030 1.570865
52  -9.275634 -14.411635 -5.966919  1.572116 -0.643555 -0.487360
53  0.000000 -0.000000 0.000000  0.008153 -0.000259 0.000009
54  -0.000000 -0.000000 -0.000001  1.565115 0.043565 -0.106862
55  3.684340 -18.196917 -7.875523  0.150342 0.312793 -1.969450
56  0.000000 -0.000001 0.000000  0.000000 -0.000000 -0.000002
57  0.000030 0.000028 0.000001  -1.571901 -0.044449 -0.106509
58  33.185574 1.676875 -41.957436  1.570796 -0.000000 0.000000
59  -14.213285 -9.525073 -11.757119  1.570796 -0.000000 0.000000
60  1.941978 -1.075505 -8.860325  1.570796 -0.000000 0.000000
61  -0.004311 0.001229 -0.000371  0.006898 -0.005534 -0.284229
62  -7.233792 3.620581 -6.293282  1.570796 -0.000000 0.000000
63  0.000000 0.000000 0.000000  -0.078727 -3.136056 0.284226
64  0.000000 0.000000 0.000000  1.600946 0.015984 -0.020935
65  -1.391150 -14.789051 -2.766844  0.227492 1.041267 -0.380415
66  0.000002 -2.923560 -1.408040  -0.000000 0.000000 -0.000000
67  -0.000002 -0.601199 -2.062163  -0.000000 0.000000 -0.000000
68  0.004381 -0.039408 6.613116  -0.000000 0.000000 -0.000000
69  0.000003 -0.021786 -0.115849  -0.000000 0.000000 -0.000000
70  0.000002 -3.304881 0.259170  -0.000000 0.000000 -0.000000
71  1.226834 -18.308826 -0.579200  0.227492 1.041267 -0.380415
72  0.057100 0.204432 -2.709596  -0.000000 0.000000 -0.000000
73  0.111673 -0.283002 -2.709596  -0.000000 0.000000 -0.000000
74  -0.128217 -0.750372 -2.709595  -0.000000 0.000000 -0.000000
time 97
0  0 0 0  0 0 0
1  0.000006 0.000000 0.000000  -1.570800 -1.391899 -1.570792
2  -8.526393 2.634402 1.937664  -1.544956 -1.855077 -0.198630
3  6.027521 -0.000330 0.000192  -1.399816 -1.222739 -0.774319
4  11.692108 0.000644 -0.000742  -1.358009 -0.000015 -1.377975
5  11.479995 0.000610 -0.000640  1.735661 -0.777138 1.041055
6  3.859510 -0.142880 -1.192048  -0.450077 0.164232 -0.908449
7  1.312591 0.000015 0.000007  -0.024805 -0.142724 -0.963242
8  0.729356 0.000053 0.000048  -0.010528 0.025302 -0.239029
9  3.942144 0.046273 -0.431511  -0.134924 0.079952 -0.677866
10  1.539110 0.000082 0.000005  0.005379 -0.006857 -0.359046
11  1.196332 0.000144 0.000028  -0.049913 -0.371881 -1.121708
12  3.883507 -0.047270 0.431382  0.102073 0.070551 -0.374797
13  1.719574 -0.000025 0.000015  0.004943 0.021943 -0.388724
14  1.209179 0.000090 0.000013  -0.039912 -0.376949 -1.016314
15  3.859664 -0.138477 1.332410  0.390028 0.115521 -0.240043
16  1.719449 -0.000013 0.000023  0.006335 0.034085 -0.232635
17  1.099674 0.000046 0.000004  -0.013978 -0.212873 -0.874052
18  0.805997 -0.349050 1.321255  -1.434532 -0.613864 -0.252739
19  1.789819 -0.000003 -0.000017  -0.003651 0.014190 0.058213
20  1.207013 -0.000013 -0.000045  0.005440 0.026260 0.236418
21  5.740636 0.000410 -0.000705  0.086062 0.000003 0.000071
22  11.481006 0.000332 -0.000787  0.092636 -0.113228 0.199299
23  6.027524 -0.000332 0.000203  1.799889 -0.264462 1.638686
24  0.000001 11.692100 -0.000007  -0.956643 -0.409984 -0.762671
25  0.000004 0.000009 -0.000000  -0.488916 -0.000031 1.570739
26  -0.000000 -0.000011 -0.000000  0.868957 0.000002 1.570712
27  -6.837111 -2.442946 -7.233785  1.473120 1.855075 -0.198639
28  6.027514 -0.000263 -0.000223  1.531468 1.200287 -0.691761
29  11.691991 0.000242 0.000857  0.141437 0.000034 -1.286884
30  11.480464 -0.000167 0.000856  -2.290138 -0.270797 -0.305563
31  3.859436 -0.132787 1.193062  0.466148 -0.051828 -1.783918
32  1.312558 0.000024 -0.000002  -0.013963 -0.041043 -0.156449
33  0.729345 0.000066 -0.000026  -0.128320 -0.117290 -0.954856
34  3.942046 0.050109 0.430998  0.211502 -0.107596 -1.469117
35  1.539096 0.000004 -0.000000  0.040712 -0.054387 -1.030473
36  1.196299 0.000077 -0.000002  -0.249391 -0.043040 -0.795121
37  3.883410 -0.050502 -0.431086  0.186407 -0.271795 -1.212183
38  1.719564 -0.000081 -0.000003  0.020974 -0.107650 -1.483529
39  1.209197 0.000035 0.000012  -0.324719 0.069674 -0.493483
40  3.859585 -0.149112 -1.331323  -0.040757 -0.073789 -0.195091
41  1.719412 -0.000097 -0.000035  -0.007235 0.031761 -0.150715
42  1.099674 0.000025 0.000006  0.118501 -0.028866 -0.144987
43  0.805979 -0.359854 -1.318338  0.991669 0.166768 -0.799535
44  1.789779 -0.000009 -0.000042  0.000057 -0.002451 0.133097
45  1.206997 -0.000005 0.000007  0.000372 -0.000070 1.058782
46  5.740571 0.000057 0.000724  -0.224255 -0.000014 0.000021
47  11.481037 0.000004 0.000921  -0.152453 -0.058854 -0.075099
48  6.027513 -0.000274 -0.000237  -1.291750 -0.247036 -1.556260
49  -0.000000 11.691974 -0.000008  -0.901330 0.362858 0.724712
50  0.000004 -0.000001 -0.000001  2.413975 -0.000041 1.570856
51  -0.000006 -0.000015 0.000004  2.272644 -0.000030 1.570865
52  -9.439462 -14.436234 -5.526411  1.399142 -0.631250 -0.410924
53  -0.000001 0.000000 -0.000000  0.008153 -0.000259 0.000009
54  0.000000 -0.000000 0.000001  1.565115 0.043565 -0.106862
55  3.135973 -17.941280 -6.608274  0.146794 0.413691 -1.943593
56  -0.000000 -0.000001 0.000001  0.000000 -0.000000 -0.000002
57  0.000030 0.000029 0.000002  -1.571901 -0.044449 -0.106509
58  33.185574 1.676875 -41.957436  1.570796 -0.000000 0.000000
59  -14.285361 -9.447564 -11.495825  1.570796 -0.000000 0.000000
60  1.941978 -1.075505 -8.860325  1.570796 -0.000000 0.000000
61  -0.004311 0.001229 -0.000371  0.006898 -0.005534 -0.284229
62  -7.233792 3.620581 -6.293282  1.570796 -0.000000 0.000000
63  0.000000 0.000000 0.000000  -0.078727 -3.136056 0.284226
64  0.000000 0.000000 0.000000  1.594267 0.017688 -0.017087
65  -1.353460 -14.674533 -2.860366  -0.050024 1.044560 -0.647216
66  0.000002 -2.923557 -1.408043  0.000000 -0.000000 -0.000000
67  -0.000002 -0.601198 -2.062165  0.000000 -0.000000 -0.000000
68  0.004381 -0.039408 6.613116  0.000000 -0.000000 -0.000000
69  0.000003 -0.021787 -0.115848  0.000000 -0.000000 -0.000000
70  0.000002 -3.304881 0.259168  0.000000 -0.000000 -0.000000
71  1.337687 -17.989265 -0.452310  -0.050024 1.044560 -0.647216
72  0.057099 0.204433 -2.709597  0.000000 -0.000000 -0.000000
73  0.111673 -0.283001 -2.709597  0.000000 -0.000000 -0.000000
74  -0.128217 -0.750370 -2.709597  0.000000 -0.000000 -0.000000
time 98
0  0 0 0  0 0 0
1  0.000006 0.000000 0.000000  -1.570800 -1.391899 -1.570792
2  -8.526393 2.634402 1.937664  -1.544956 -1.855077 -0.198630
3  6.027522 -0.000331 0.000192  -1.375242 -1.325392 -0.802368
4  11.692111 0.000643 -0.000742  -1.359959 -0.000013 -1.335213
5  11.480269 0.000642 -0.000491  1.535928 -0.807310 1.253425
6  3.859509 -0.142880 -1.192050  -0.453543 0.173461 -0.849621
7  1.312590 0.000012 0.000008  -0.030674 -0.161310 -0.934597
8  0.729355 0.000053 0.000051  0.007560 0.003672 -0.184592
9  3.942142 0.046272 -0.431513  -0.134242 0.083793 -0.611505
10  1.539112 0.000084 0.000005  0.003233 -0.010375 -0.298397
11  1.196333 0.000148 0.000029  -0.059196 -0.407082 -1.124526
12  3.883505 -0.047269 0.431381  0.098701 0.068296 -0.363070
13  1.719573 -0.000026 0.000015  0.004048 0.019603 -0.319719
14  1.209179 0.000089 0.000010  -0.040217 -0.400116 -1.005165
15  3.859661 -0.138475 1.332410  0.396327 0.126957 -0.206905
16  1.719449 -0.000011 0.000023  0.008152 0.037652 -0.178411
17  1.099675 0.000049 0.000005  -0.016613 -0.228527 -0.920393
18  0.805994 -0.349050 1.321253  -1.476327 -0.617836 -0.188718
19  1.789820 -0.000003 -0.000017  -0.003558 0.014593 0.064997
20  1.207015 -0.000011 -0.000044  0.001376 0.011594 0.231754
21  5.740636 0.000411 -0.000703  0.056469 0.000003 0.000070
22  11.481060 0.000339 -0.000754  0.074068 -0.131189 0.222442
23  6.027524 -0.000332 0.000203  1.725744 -0.191158 1.650934
24  0.000002 11.692099 -0.000009  -0.930809 -0.387630 -0.745095
25  0.000004 0.000009 -0.000002  -0.490868 -0.000030 1.570739
26  -0.000000 -0.000011 -0.000001  0.868957 0.000002 1.570712
27  -6.837111 -2.442946 -7.233785  1.473120 1.855075 -0.198639
28  6.027514 -0.000263 -0.000223  1.584538 1.219450 -0.650924
29  11.691992 0.000242 0.000857  0.141437 0.000034 -1.282515
30  11.480496 -0.000149 0.000854  -2.363080 -0.336798 -0.320145
31  3.859435 -0.132787 1.193063  0.466148 -0.051828 -1.783918
32  1.312559 0.000025 -0.000001  -0.013963 -0.041043 -0.156449
33  0.729344 0.000065 -0.000027  -0.128320 -0.117290 -0.954856
34  3.942046 0.050109 0.430998  0.211502 -0.107596 -1.469117
35  1.539096 0.000005 0.000001  0.040712 -0.054387 -1.030473
36  1.196300 0.000077 -0.000003  -0.249391 -0.043040 -0.795121
37  3.883411 -0.050502 -0.431086  0.186407 -0.271796 -1.212183
38  1.719564 -0.000081 -0.000002  0.020974 -0.107650 -1.483529
39  1.209197 0.000037 0.000011  -0.324719 0.069674 -0.493483
40  3.859585 -0.149111 -1.331322  -0.040757 -0.073789 -0.195091
41  1.719412 -0.000097 -0.000036  -0.007235 0.031761 -0.150715
42  1.099673 0.000024 0.000007  0.118501 -0.028866 -0.144987
43  0.805979 -0.359854 -1.318337  0.991669 0.166768 -0.799535
44  1.789780 -0.000007 -0.000043  0.000057 -0.002451 0.133097
45  1.206996 -0.000004 0.000005  0.000373 -0.000070 1.058781
46  5.740570 0.000056 0.000724  -0.253874 -0.000014 0.000021
47  11.481041 0.000007 0.000920  -0.168536 -0.068799 -0.082132
48  6.027513 -0.000274 -0.000237  -1.294900 -0.220414 -1.564348
49  -0.000001 11.691975 -0.000007  -0.898657 0.360649 0.722838
50  0.000003 0.000001 -0.000000  2.413975 -0.000041 1.570856
51  -0.000007 -0.000015 0.000005  2.272644 -0.000030 1.570865
52  -9.569197 -14.421410 -5.049260  1.268181 -0.597844 -0.350517
53  0.000000 -0.000001 -0.000003  0.008153 -0.000259 0.000009
54  -0.000000 0.000000 0.000001  1.565115 0.043565 -0.106862
55  2.362951 -17.697937 -5.333734  0.135896 0.509817 -1.920049
56  -0.000001 -0.000001 0.000000  0.000000 -0.000000 -0.000002
57  0.000028 0.000028 0.000001  -1.571901 -0.044449 -0.106509
58  33.185574 1.676875 -41.957436  1.570796 -0.000000 0.000000
59  -14.362075 -9.361073 -11.207774  1.570796 -0.000000 0.000000
60  1.941978 -1.075505 -8.860325  1.570796 -0.000000 0.000000
61  -0.004311 0.001229 -0.000371  0.006898 -0.005534 -0.284229
62  -7.233792 3.620581 -6.293282  1.570796 -0.000000 0.000000
63  0.000000 0.000000 0.000000  -0.078727 -3.136056 0.284226
64  0.000000 0.000000 0.000000  1.587484 0.019178 -0.014265
65  -1.317313 -14.576180 -2.944395  -0.271502 1.036954 -0.853691
66  0.000001 -2.923557 -1.408043  -0.000000 0.000000 0.000000
67  -0.000002 -0.601197 -2.062164  -0.000000 0.000000 0.000000
68  0.004381 -0.039406 6.613115  -0.000000 0.000000 0.000000
69  0.000002 -0.021786 -0.115849  -0.000000 0.000000 0.000000
70  0.000002 -3.304880 0.259169  -0.000000 0.000000 0.000000
71  1.498311 -17.719431 -0.450263  -0.271502 1.036954 -0.853691
72  0.057099 0.204434 -2.709597  -0.000000 0.000000 0.000000
73  0.111673 -0.283001 -2.709597  -0.000000 0.000000 0.000000
74  -0.128218 -0.750369 -2.709597  -0.000000 0.000000 0.000000
time 99
0  0 0 0  0 0 0
1  0.000006 0.000000 0.000000  -1.570800 -1.391899 -1.570792
2  -8.526393 2.634402 1.937664  -1.544956 -1.855077 -0.198630
3  6.027523 -0.000331 0.000191  -1.248021 -1.430588 -0.932017
4  11.692111 0.000643 -0.000741  -1.361825 -0.000009 -1.271154
5  11.480733 0.000698 -0.000235  1.358086 -0.810591 1.433822
6  3.859512 -0.142879 -1.192049  -0.455352 0.179069 -0.814415
7  1.312590 0.000011 0.000010  -0.034477 -0.172418 -0.917253
8  0.729355 0.000054 0.000049  0.017801 -0.009716 -0.152240
9  3.942146 0.046273 -0.431512  -0.133714 0.086060 -0.571903
10  1.539111 0.000084 0.000005  0.001849 -0.012414 -0.262134
11  1.196332 0.000145 0.000030  -0.064800 -0.428282 -1.126070
12  3.883507 -0.047269 0.431381  0.096653 0.066954 -0.355987
13  1.719573 -0.000027 0.000015  0.003439 0.018239 -0.278595
14  1.209180 0.000090 0.000012  -0.040538 -0.414084 -0.998385
15  3.859663 -0.138475 1.332409  0.400307 0.133739 -0.186897
16  1.719450 -0.000010 0.000021  0.009332 0.039740 -0.145918
17  1.099674 0.000047 0.000006  -0.017841 -0.237983 -0.948297
18  0.805996 -0.349049 1.321253  -1.501544 -0.619165 -0.150195
19  1.789818 -0.000004 -0.000019  -0.003501 0.014837 0.069094
20  1.207014 -0.000012 -0.000042  -0.001043 0.002733 0.228968
21  5.740638 0.000411 -0.000703  0.029416 0.000003 0.000071
22  11.481152 0.000350 -0.000704  0.056954 -0.146487 0.240646
23  6.027524 -0.000332 0.000203  1.643977 -0.119788 1.659004
24  0.000000 11.692099 -0.000008  -0.891746 -0.354950 -0.717907
25  0.000001 0.000008 -0.000002  -0.492736 -0.000030 1.570738
26  -0.000001 -0.000012 0.000000  0.868957 0.000002 1.570712
27  -6.837111 -2.442946 -7.233785  1.473120 1.855075 -0.198639
28  6.027514 -0.000264 -0.000223  1.638246 1.236235 -0.595422
29  11.691991 0.000242 0.000856  0.141436 0.000034 -1.276637
30  11.480539 -0.000126 0.000850  -2.402021 -0.383737 -0.331370
31  3.859435 -0.132787 1.193061  0.466148 -0.051828 -1.783918
32  1.312559 0.000025 -0.000001  -0.013963 -0.041043 -0.156449
33  0.729345 0.000066 -0.000027  -0.128320 -0.117290 -0.954856
34  3.942046 0.050109 0.430995  0.211501 -0.107596 -1.469117
35  1.539098 0.000005 -0.000001  0.040712 -0.054387 -1.030473
36  1.196300 0.000077 -0.000002  -0.249391 -0.043040 -0.795121
37  3.883411 -0.050501 -0.431088  0.186407 -0.271795 -1.212183
38  1.719565 -0.000081 -0.000004  0.020974 -0.107650 -1.483529
39  1.209197 0.000038 0.000011  -0.324719 0.069674 -0.493483
40  3.859584 -0.149111 -1.331324  -0.040757 -0.073789 -0.195091
41  1.719412 -0.000097 -0.000032  -0.007235 0.031761 -0.150715
42  1.099674 0.000024 0.000008  0.118501 -0.028866 -0.144987
43  0.805978 -0.359854 -1.318339  0.991670 0.166768 -0.799535
44  1.789778 -0.000008 -0.000042  0.000057 -0.002451 0.133097
45  1.206997 -0.000005 0.000005  0.000372 -0.000070 1.058782
46  5.740571 0.000055 0.000722  -0.272559 -0.000014 0.000021
47  11.481051 0.000010 0.000919  -0.177390 -0.076028 -0.087542
48  6.027513 -0.000274 -0.000237  -1.297823 -0.195930 -1.558825
49  -0.000002 11.691974 -0.000006  -0.895057 0.357684 0.720308
50  0.000002 -0.000001 -0.000001  2.413975 -0.000041 1.570856
51  -0.000007 -0.000015 0.000006  2.272644 -0.000030 1.570865
52  -9.641300 -14.409473 -4.660080  1.180945 -0.562639 -0.307463
53  0.000000 0.000001 -0.000001  0.008153 -0.000259 0.000009
54  -0.000000 0.000000 -0.000000  1.565115 0.043565 -0.106862
55  1.496250 -17.483139 -4.158564  0.120359 0.595681 -1.900739
56  -0.000000 0.000000 0.000000  0.000000 -0.000000 -0.000002
57  0.000029 0.000029 0.000000  -1.571901 -0.044449 -0.106509
58  33.185574 1.676875 -41.957436  1.570796 -0.000000 0.000000
59  -14.441186 -9.266870 -10.898245  1.570796 -0.000000 0.000000
60  1.941978 -1.075505 -8.860325  1.570796 -0.000000 0.000000
61  -0.004311 0.001229 -0.000371  0.006898 -0.005534 -0.284229
62  -7.233792 3.620581 -6.293282  1.570796 -0.000000 0.000000
63  0.000000 0.000000 0.000000  -0.078727 -3.136056 0.284226
64  0.000000 0.000000 0.000000  1.580940 0.020405 -0.012250
65  -1.283482 -14.496069 -3.020756  -0.427582 1.025237 -0.992460
66  0.000001 -2.923556 -1.408041  0.000000 -0.000000 0.000000
67  -0.000003 -0.601196 -2.062164  0.000000 -0.000000 0.000000
68  0.004379 -0.039404 6.613114  0.000000 -0.000000 0.000000
69  0.000001 -0.021785 -0.115848  0.000000 -0.000000 0.000000
70  0.000002 -3.304879 0.259169  0.000000 -0.000000 0.000000
71  1.659665 -17.508810 -0.512824  -0.427582 1.025237 -0.992460
72  0.057100 0.204433 -2.709598  0.000000 -0.000000 0.000000
73  0.111673 -0.283001 -2.709599  0.000000 -0.000000 0.000000
74  -0.128217 -0.750369 -2.709599  0.000000 -0.000000 0.000000
time 100
0  0 0 0  0 0 0
1  0.000006 0.000000 0.000000  -1.570800 -1.391899 -1.570792
2  -8.526393 2.634402 1.937664  -1.544956 -1.855077 -0.198630
3  6.027524 -0.000332 0.000191  -0.623258 -1.513248 -1.558994
4  11.692110 0.000644 -0.000740  -1.363606 -0.000006 -1.197155
5  11.480219 0.000653 -0.000458  1.224914 -0.799972 1.564015
6  3.859510 -0.142880 -1.192049  -0.455904 0.180929 -0.802818
7  1.312589 0.000014 0.000007  -0.035778 -0.176074 -0.911505
8  0.729355 0.000055 0.000049  0.021077 -0.014194 -0.141621
9  3.942144 0.046273 -0.431512  -0.133520 0.086801 -0.558879
10  1.539110 0.000082 0.000006  0.001378 -0.013074 -0.250196
11  1.196333 0.000149 0.000029  -0.066656 -0.435287 -1.126555
12  3.883506 -0.047269 0.431381  0.095974 0.066513 -0.353642
13  1.719573 -0.000027 0.000016  0.003227 0.017797 -0.265081
14  1.209179 0.000091 0.000010  -0.040668 -0.418702 -0.996133
15  3.859662 -0.138476 1.332409  0.401652 0.135962 -0.180276
16  1.719449 -0.000011 0.000023  0.009735 0.040419 -0.135208
17  1.099675 0.000047 0.000004  -0.018188 -0.241110 -0.957517
18  0.805994 -0.349050 1.321253  -1.509873 -0.619430 -0.137482
19  1.789821 -0.000003 -0.000019  -0.003482 0.014917 0.070450
20  1.207015 -0.000012 -0.000045  -0.001839 -0.000201 0.228051
21  5.740637 0.000410 -0.000706  0.009486 0.000003 0.000071
22  11.481050 0.000340 -0.000751  0.043315 -0.158045 0.253431
23  6.027524 -0.000332 0.000203  1.566276 -0.057455 1.661316
24  0.000002 11.692100 -0.000008  -0.846019 -0.318473 -0.685233
25  0.000002 0.000009 -0.000001  -0.494522 -0.000031 1.570739
26  -0.000001 -0.000011 0.000000  0.868957 0.000002 1.570712
27  -6.837111 -2.442946 -7.233785  1.473120 1.855075 -0.198639
28  6.027514 -0.000264 -0.000223  1.692136 1.246811 -0.527981
29  11.691992 0.000243 0.000858  0.141436 0.000034 -1.275795
30  11.480547 -0.000125 0.000852  -2.423758 -0.408674 -0.336340
31  3.859437 -0.132788 1.193060  0.466148 -0.051828 -1.783918
32  1.312559 0.000024 -0.000001  -0.013963 -0.041043 -0.156449
33  0.729346 0.000066 -0.000027  -0.128320 -0.117290 -0.954856
34  3.942047 0.050110 0.430995  0.211502 -0.107596 -1.469117
35  1.539095 0.000004 -0.000003  0.040712 -0.054387 -1.030473
36  1.196299 0.000075 -0.000003  -0.249391 -0.043040 -0.795121
37  3.883412 -0.050502 -0.431088  0.186407 -0.271795 -1.212183
38  1.719565 -0.000082 -0.000003  0.020974 -0.107650 -1.483529
39  1.209196 0.000035 0.000013  -0.324719 0.069674 -0.493483
40  3.859585 -0.149111 -1.331325  -0.040757 -0.073789 -0.195091
41  1.719411 -0.000096 -0.000035  -0.007235 0.031761 -0.150715
42  1.099673 0.000026 0.000005  0.118501 -0.028866 -0.144987
43  0.805979 -0.359854 -1.318340  0.991669 0.166768 -0.799535
44  1.789779 -0.000006 -0.000043  0.000057 -0.002451 0.133097
45  1.206996 -0.000006 0.000006  0.000372 -0.000070 1.058782
46  5.740572 0.000055 0.000724  -0.282270 -0.000014 0.000021
47  11.481053 0.000010 0.000920  -0.182251 -0.079854 -0.090348
48  6.027513 -0.000274 -0.000237  -1.297067 -0.175563 -1.542520
49  -0.000000 11.691976 -0.000008  -0.894541 0.357260 0.719945
50  0.000004 -0.000002 0.000000  2.413975 -0.000041 1.570856
51  -0.000007 -0.000015 0.000005  2.272644 -0.000030 1.570865
52  -9.674564 -14.364097 -4.361850  1.121297 -0.531834 -0.281603
53  -0.000000 -0.000000 0.000001  0.008153 -0.000259 0.000009
54  0.000001 0.000000 -0.000001  1.565115 0.043565 -0.106862
55  0.676279 -17.310253 -3.179436  0.103382 0.666001 -1.886745
56  0.000001 -0.000000 -0.000000  0.000000 -0.000000 -0.000002
57  0.000030 0.000028 -0.000000  -1.571901 -0.044449 -0.106509
58  33.185574 1.676875 -41.957436  1.570796 -0.000000 0.000000
59  -14.520296 -9.166480 -10.573302  1.570796 -0.000000 0.000000
60  1.941978 -1.075505 -8.860325  1.570796 -0.000000 0.000000
61  -0.004311 0.001229 -0.000371  0.006898 -0.005534 -0.284229
62  -7.233792 3.620581 -6.293282  1.570796 -0.000000 0.000000
63  0.000000 0.000000 0.000000  -0.078727 -3.136056 0.284226
64  0.000000 0.000000 0.000000  1.574979 0.021325 -0.010824
65  -1.252738 -14.436277 -3.090773  -0.538847 1.013153 -1.092439
66  0.000002 -2.923559 -1.408042  0.000000 -0.000000 -0.000000
67  -0.000002 -0.601198 -2.062165  0.000000 -0.000000 -0.000000
68  0.004380 -0.039408 6.613116  0.000000 -0.000000 -0.000000
69  0.000002 -0.021788 -0.115849  0.000000 -0.000000 -0.000000
70  0.000003 -3.304882 0.259169  0.000000 -0.000000 -0.000000
71  1.785708 -17.364960 -0.596956  -0.538847 1.013153 -1.092439
72  0.057099 0.204434 -2.709597  0.000000 -0.000000 -0.000000
73  0.111672 -0.283000 -2.709597  0.000000 -0.000000 -0.000000
74  -0.128219 -0.750370 -2.709597  0.000000 -0.000000 -0.000000
time 101
0  0 0 0  0 0 0
1  0.000006 0.000000 0.000000  -1.570800 -1.391899 -1.570792
2  -8.526393 2.634402 1.937664  -1.544956 -1.855077 -0.198630
3  6.027525 -0.000332 0.000191  -2.419605 -1.639161 0.235195
4  11.692112 0.000643 -0.000741  -1.365304 -0.000003 -1.129082
5  11.480608 0.000694 -0.000265  1.139245 -0.787741 1.644874
6  3.859509 -0.142879 -1.192051  -0.455904 0.180929 -0.802818
7  1.312591 0.000013 0.000007  -0.035778 -0.176074 -0.911505
8  0.729355 0.000054 0.000051  0.021077 -0.014194 -0.141621
9  3.942144 0.046273 -0.431513  -0.133520 0.086801 -0.558879
10  1.539111 0.000084 0.000005  0.001378 -0.013074 -0.250196
11  1.196335 0.000146 0.000030  -0.066656 -0.435287 -1.126555
12  3.883506 -0.047269 0.431381  0.095974 0.066513 -0.353642
13  1.719571 -0.000026 0.000015  0.003227 0.017797 -0.265081
14  1.209179 0.000092 0.000013  -0.040668 -0.418702 -0.996133
15  3.859664 -0.138475 1.332409  0.401652 0.135962 -0.180276
16  1.719448 -0.000011 0.000023  0.009735 0.040419 -0.135208
17  1.099675 0.000048 0.000004  -0.018188 -0.241110 -0.957517
18  0.805994 -0.349050 1.321252  -1.509873 -0.619430 -0.137482
19  1.789822 -0.000003 -0.000017  -0.003482 0.014917 0.070450
20  1.207016 -0.000012 -0.000044  -0.001839 -0.000201 0.228051
21  5.740636 0.000410 -0.000703  -0.002336 0.000003 0.000071
22  11.481125 0.000349 -0.000711  0.034022 -0.165749 0.261275
23  6.027524 -0.000332 0.000203  1.503169 -0.010088 1.659362
24  0.000002 11.692100 -0.000007  -0.803327 -0.286204 -0.653990
25  0.000003 0.000009 -0.000001  -0.496224 -0.000031 1.570739
26  0.000000 -0.000011 -0.000000  0.868957 0.000002 1.570712
27  -6.837111 -2.442946 -7.233785  1.473120 1.855075 -0.198639
28  6.027513 -0.000265 -0.000223  1.747453 1.252590 -0.453063
29  11.691992 0.000244 0.000857  0.141436 0.000034 -1.279691
30  11.480520 -0.000139 0.000854  -2.437390 -0.421325 -0.332655
31  3.859436 -0.132789 1.193062  0.466148 -0.051828 -1.783918
32  1.312559 0.000024 -0.000000  -0.013963 -0.041043 -0.156449
33  0.729347 0.000066 -0.000027  -0.128320 -0.117290 -0.954856
34  3.942045 0.050109 0.430998  0.211501 -0.107596 -1.469117
35  1.539095 0.000005 0.000000  0.040712 -0.054387 -1.030473
36  1.196300 0.000077 -0.000005  -0.249391 -0.043040 -0.795121
37  3.883411 -0.050503 -0.431087  0.186407 -0.271796 -1.212183
38  1.719563 -0.000082 -0.000005  0.020974 -0.107650 -1.483529
39  1.209197 0.000035 0.000012  -0.324719 0.069674 -0.493483
40  3.859585 -0.149112 -1.331322  -0.040757 -0.073789 -0.195091
41  1.719411 -0.000097 -0.000035  -0.007235 0.031761 -0.150715
42  1.099674 0.000025 0.000006  0.118501 -0.028866 -0.144987
43  0.805979 -0.359855 -1.318337  0.991670 0.166768 -0.799535
44  1.789779 -0.000009 -0.000041  0.000057 -0.002451 0.133097
45  1.206997 -0.000005 0.000005  0.000372 -0.000070 1.058781
46  5.740573 0.000055 0.000725  -0.286421 -0.000014 0.000021
47  11.481049 0.000008 0.000921  -0.184980 -0.082139 -0.090674
48  6.027513 -0.000274 -0.000237  -1.293179 -0.157580 -1.520739
49  -0.000000 11.691975 -0.000008  -0.896928 0.359223 0.721624
50  0.000003 -0.000000 -0.000000  2.413975 -0.000041 1.570856
51  -0.000006 -0.000015 0.000005  2.272644 -0.000030 1.570865
52  -9.689165 -14.285717 -4.108077  1.078735 -0.502777 -0.269053
53  0.000001 -0.000001 -0.000001  0.008153 -0.000259 0.000009
54  -0.000001 -0.000001 0.000002  1.565115 0.043565 -0.106862
55  0.020123 -17.186985 -2.461863  0.088243 0.717082 -1.878019
56  0.000001 0.000000 0.000000  0.000000 -0.000000 -0.000002
57  0.000030 0.000029 0.000002  -1.571901 -0.044449 -0.106509
58  33.185574 1.676875 -41.957436  1.570796 -0.000000 0.000000
59  -14.597011 -9.061591 -10.239418  1.570796 -0.000000 0.000000
60  1.941978 -1.075505 -8.860325  1.570796 -0.000000 0.000000
61  -0.004311 0.001229 -0.000371  0.006898 -0.005534 -0.284229
62  -7.233792 3.620581 -6.293282  1.570796 -0.000000 0.000000
63  0.000000 0.000000 0.000000  -0.078727 -3.136056 0.284226
64  0.000000 0.000000 0.000000  1.569945 0.021895 -0.009768
65  -1.225853 -14.398878 -3.155437  -0.625489 1.004156 -1.174265
66  0.000001 -2.923559 -1.408042  -0.000000 -0.000000 0.000000
67  -0.000003 -0.601197 -2.062164  -0.000000 -0.000000 0.000000
68  0.004380 -0.039407 6.613116  -0.000000 -0.000000 0.000000
69  0.000002 -0.021787 -0.115848  -0.000000 -0.000000 0.000000
70  0.000001 -3.304881 0.259169  -0.000000 -0.000000 0.000000
71  1.882003 -17.285095 -0.697910  -0.625489 1.004156 -1.174265
72  0.057099 0.204435 -2.709597  -0.000000 -0.000000 0.000000
73  0.111673 -0.283001 -2.709596  -0.000000 -0.000000 0.000000
74  -0.128218 -0.750369 -2.709597  -0.000000 -0.000000 0.000000
time 102
0  0 0 0  0 0 0
1  0.000006 0.000000 0.000000  -1.570800 -1.391899 -1.570792
2  -8.526393 2.634402 1.937664  -1.544956 -1.855077 -0.198630
3  6.027525 -0.000333 0.000191  -2.098280 -1.680938 -0.087836
4  11.692112 0.000644 -0.000740  -1.366920 -0.000001 -1.081485
5  11.479807 0.000625 -0.000594  1.093733 -0.780211 1.686343
6  3.859509 -0.142879 -1.192050  -0.455904 0.180929 -0.802818
7  1.312589 0.000013 0.000009  -0.035778 -0.176074 -0.911505
8  0.729354 0.000054 0.000051  0.021077 -0.014194 -0.141621
9  3.942143 0.046273 -0.431514  -0.133520 0.086801 -0.558879
10  1.539110 0.000084 0.000004  0.001378 -0.013074 -0.250196
11  1.196333 0.000145 0.000028  -0.066656 -0.435287 -1.126555
12  3.883504 -0.047270 0.431379  0.095974 0.066513 -0.353642
13  1.719572 -0.000028 0.000015  0.003226 0.017797 -0.265081
14  1.209179 0.000093 0.000013  -0.040668 -0.418702 -0.996133
15  3.859662 -0.138476 1.332409  0.401652 0.135962 -0.180276
16  1.719449 -0.000013 0.000021  0.009735 0.040419 -0.135208
17  1.099674 0.000050 0.000005  -0.018188 -0.241110 -0.957517
18  0.805993 -0.349050 1.321252  -1.509873 -0.619430 -0.137482
19  1.789818 -0.000003 -0.000018  -0.003482 0.014917 0.070450
20  1.207016 -0.000012 -0.000044  -0.001839 -0.000201 0.228051
21  5.740636 0.000410 -0.000704  -0.007688 0.000003 0.000071
22  11.480967 0.000336 -0.000776  0.028961 -0.170048 0.265178
23  6.027524 -0.000332 0.000203  1.462314 0.018985 1.656287
24  0.000000 11.692099 -0.000007  -0.773094 -0.264416 -0.631478
25  0.000003 0.000010 -0.000002  -0.497842 -0.000031 1.570739
26  -0.000001 -0.000011 -0.000001  0.868957 0.000002 1.570712
27  -6.837111 -2.442946 -7.233785  1.473120 1.855075 -0.198639
28  6.027513 -0.000264 -0.000222  1.803408 1.255327 -0.372756
29  11.691992 0.000243 0.000856  0.141437 0.000034 -1.283105
30  11.480492 -0.000154 0.000855  -2.443856 -0.424570 -0.329170
31  3.859436 -0.132788 1.193062  0.466148 -0.051828 -1.783918
32  1.312558 0.000025 -0.000000  -0.013963 -0.041043 -0.156449
33  0.729345 0.000067 -0.000028  -0.128320 -0.117290 -0.954856
34  3.942047 0.050110 0.430996  0.211502 -0.107596 -1.469117
35  1.539096 0.000004 -0.000001  0.040712 -0.054387 -1.030473
36  1.196300 0.000076 -0.000002  -0.249391 -0.043040 -0.795121
37  3.883412 -0.050502 -0.431088  0.186407 -0.271796 -1.212183
38  1.719563 -0.000082 -0.000002  0.020974 -0.107650 -1.483529
39  1.209197 0.000034 0.000010  -0.324719 0.069674 -0.493483
40  3.859585 -0.149112 -1.331324  -0.040757 -0.073789 -0.195091
41  1.719413 -0.000098 -0.000033  -0.007235 0.031761 -0.150715
42  1.099674 0.000025 0.000007  0.118501 -0.028866 -0.144987
43  0.805979 -0.359854 -1.318339  0.991670 0.166768 -0.799535
44  1.789779 -0.000007 -0.000044  0.000057 -0.002451 0.133097
45  1.206997 -0.000005 0.000004  0.000372 -0.000070 1.058781
46  5.740571 0.000055 0.000722  -0.286456 -0.000014 0.000021
47  11.481042 0.000005 0.000920  -0.186165 -0.082809 -0.090335
48  6.027513 -0.000274 -0.000237  -1.287559 -0.140833 -1.494439
49  -0.000001 11.691974 -0.000006  -0.899019 0.360947 0.723091
50  0.000003 -0.000000 0.000000  2.413975 -0.000041 1.570856
51  -0.000007 -0.000015 0.000005  2.272644 -0.000030 1.570865
52  -9.692025 -14.214624 -3.897613  1.046275 -0.477132 -0.262653
53  0.000001 -0.000000 0.000001  0.008153 -0.000259 0.000009
54  0.000000 0.000000 -0.000001  1.565115 0.043565 -0.106862
55  -0.396370 -17.115112 -2.034259  0.077795 0.747380 -1.873633
56  0.000000 -0.000001 0.000001  0.000000 -0.000000 -0.000002
57  0.000029 0.000028 0.000001  -1.571901 -0.044449 -0.106509
58  33.185574 1.676875 -41.957436  1.570796 -0.000000 0.000000
59  -14.669086 -8.953940 -9.903048  1.570796 -0.000000 0.000000
60  1.941978 -1.075505 -8.860325  1.570796 -0.000000 0.000000
61  -0.004311 0.001229 -0.000371  0.006898 -0.005534 -0.284229
62  -7.233792 3.620581 -6.293282  1.570796 -0.000000 0.000000
63  0.000000 0.000000 0.000000  -0.078727 -3.136056 0.284226
64  0.000000 0.000000 0.000000  1.566095 0.022226 -0.008893
65  -1.203598 -14.385951 -3.215519  -0.695070 0.996065 -1.241705
66  0.000001 -2.923558 -1.408042  0.000000 0.000000 0.000000
67  -0.000003 -0.601197 -2.062165  0.000000 0.000000 0.000000
68  0.004380 -0.039406 6.613115  0.000000 0.000000 0.000000
69  0.000002 -0.021785 -0.115849  0.000000 0.000000 0.000000
70  0.000001 -3.304881 0.259169  0.000000 0.000000 0.000000
71  1.957377 -17.249060 -0.799057  -0.695070 0.996065 -1.241705
72  0.057100 0.204434 -2.709597  0.000000 0.000000 0.000000
73  0.111674 -0.283000 -2.709597  0.000000 0.000000 0.000000
74  -0.128217 -0.750368 -2.709598  0.000000 0.000000 0.000000
time 103
0  0 0 0  0 0 0
1  0.000006 0.000000 0.000000  -1.570800 -1.391899 -1.570792
2  -8.526393 2.634402 1.937664  -1.544956 -1.855077 -0.198630
3  6.027525 -0.000333 0.000191  -2.042475 -1.696505 -0.144295
4  11.692112 0.000641 -0.000740  -1.368453 -0.000001 -1.064769
5  11.480329 0.000677 -0.000353  1.079593 -0.778798 1.698798
6  3.859510 -0.142879 -1.192049  -0.455904 0.180929 -0.802818
7  1.312589 0.000012 0.000008  -0.035778 -0.176074 -0.911505
8  0.729355 0.000054 0.000050  0.021077 -0.014194 -0.141620
9  3.942144 0.046273 -0.431512  -0.133520 0.086801 -0.558879
10  1.539111 0.000083 0.000006  0.001378 -0.013074 -0.250196
11  1.196332 0.000143 0.000030  -0.066656 -0.435287 -1.126555
12  3.883506 -0.047269 0.431381  0.095974 0.066513 -0.353642
13  1.719575 -0.000028 0.000013  0.003226 0.017797 -0.265081
14  1.209180 0.000090 0.000011  -0.040668 -0.418702 -0.996133
15  3.859665 -0.138475 1.332410  0.401652 0.135962 -0.180276
16  1.719449 -0.000011 0.000022  0.009735 0.040419 -0.135208
17  1.099676 0.000049 0.000007  -0.018188 -0.241110 -0.957517
18  0.805994 -0.349050 1.321253  -1.509873 -0.619430 -0.137482
19  1.789819 -0.000003 -0.000017  -0.003482 0.014917 0.070450
20  1.207017 -0.000012 -0.000044  -0.001839 -0.000201 0.228051
21  5.740637 0.000410 -0.000703  -0.008909 0.000003 0.000071
22  11.481071 0.000346 -0.000729  0.027529 -0.171556 0.266210
23  6.027524 -0.000332 0.000203  1.448372 0.028523 1.654915
24  0.000002 11.692099 -0.000009  -0.762399 -0.256921 -0.623443
25  0.000002 0.000010 -0.000001  -0.499376 -0.000031 1.570738
26  0.000000 -0.000012 -0.000001  0.868957 0.000002 1.570712
27  -6.837111 -2.442946 -7.233785  1.473120 1.855075 -0.198639
28  6.027512 -0.000265 -0.000222  1.858014 1.255021 -0.289487
29  11.691992 0.000242 0.000856  0.141437 0.000034 -1.284981
30  11.480483 -0.000163 0.000857  -2.443231 -0.418954 -0.329778
31  3.859437 -0.132787 1.193062  0.466148 -0.051828 -1.783918
32  1.312558 0.000024 -0.000002  -0.013963 -0.041043 -0.156449
33  0.729345 0.000067 -0.000027  -0.128320 -0.117290 -0.954856
34  3.942047 0.050110 0.430998  0.211502 -0.107596 -1.469117
35  1.539095 0.000005 0.000001  0.040712 -0.054387 -1.030473
36  1.196300 0.000076 -0.000004  -0.249391 -0.043040 -0.795121
37  3.883412 -0.050501 -0.431087  0.186407 -0.271796 -1.212183
38  1.719562 -0.000081 -0.000004  0.020974 -0.107650 -1.483529
39  1.209196 0.000034 0.000010  -0.324719 0.069674 -0.493483
40  3.859585 -0.149110 -1.331322  -0.040757 -0.073789 -0.195091
41  1.719411 -0.000098 -0.000035  -0.007235 0.031761 -0.150715
42  1.099673 0.000025 0.000007  0.118501 -0.028866 -0.144987
43  0.805979 -0.359853 -1.318338  0.991669 0.166768 -0.799535
44  1.789779 -0.000008 -0.000043  0.000057 -0.002451 0.133097
45  1.206997 -0.000005 0.000005  0.000372 -0.000070 1.058782
46  5.740572 0.000054 0.000724  -0.283108 -0.000014 0.000021
47  11.481041 0.000003 0.000921  -0.185997 -0.081686 -0.090074
48  6.027513 -0.000274 -0.000237  -1.280263 -0.125501 -1.464048
49  -0.000002 11.691975 -0.000007  -0.900166 0.361896 0.723897
50  0.000003 -0.000001 0.000001  2.413975 -0.000041 1.570856
51  -0.000008 -0.000015 0.000005  2.272644 -0.000030 1.570865
52  -9.688638 -14.162294 -3.735127  1.020947 -0.456139 -0.258789
53  -0.000000 -0.000000 -0.000001  0.008153 -0.000259 0.000009
54  0.000001 0.000001 0.000001  1.565115 0.043565 -0.106862
55  -0.537746 -17.092144 -1.895350  0.074042 0.757195 -1.872397
56  -0.000001 -0.000001 0.000000  0.000000 -0.000000 -0.000002
57  0.000030 0.000028 0.000000  -1.571901 -0.044449 -0.106509
58  33.185574 1.676875 -41.957436  1.570796 -0.000000 0.000000
59  -14.734563 -8.845208 -9.570228  1.570796 -0.000000 0.000000
60  1.941978 -1.075505 -8.860325  1.570796 -0.000000 0.000000
61  -0.004311 0.001229 -0.000371  0.006898 -0.005534 -0.284229
62  -7.233792 3.620581 -6.293282  1.570796 -0.000000 0.000000
63  0.000000 0.000000 0.000000  -0.078727 -3.136056 0.284226
64  0.000000 0.000000 0.000000  1.563335 0.022466 -0.008136
65  -1.186747 -14.388175 -3.271630  -0.749610 0.988144 -1.294899
66  0.000001 -2.923557 -1.408043  -0.000000 -0.000000 -0.000000
67  -0.000001 -0.601198 -2.062164  -0.000000 -0.000000 -0.000000
68  0.004379 -0.039407 6.613116  -0.000000 -0.000000 -0.000000
69  0.000002 -0.021787 -0.115848  -0.000000 -0.000000 -0.000000
70  0.000003 -3.304880 0.259169  -0.000000 -0.000000 -0.000000
71  2.015365 -17.235800 -0.891301  -0.749610 0.988144 -1.294899
72  0.057100 0.204432 -2.709597  -0.000000 -0.000000 -0.000000
73  0.111673 -0.283003 -2.709597  -0.000000 -0.000000 -0.000000
74  -0.128217 -0.750371 -2.709597  -0.000000 -0.000000 -0.000000
time 104
0  0 0 0  0 0 0
1  0.000006 0.000000 0.000000  -1.570800 -1.391899 -1.570792
2  -8.526393 2.634402 1.937664  -1.544956 -1.855077 -0.198630
3  6.027525 -0.000333 0.000191  -2.042475 -1.696505 -0.144295
4  11.692112 0.000641 -0.000740  -1.369903 -0.000001 -1.064769
5  11.480328 0.000678 -0.000351  1.079333 -0.780236 1.698982
6  3.859510 -0.142879 -1.192049  -0.455904 0.180929 -0.802818
7  1.312589 0.000012 0.000008  -0.035778 -0.176074 -0.911505
8  0.729355 0.000054 0.000050  0.021077 -0.014194 -0.141620
9  3.942144 0.046273 -0.431512  -0.133520 0.086801 -0.558879
10  1.539111 0.000083 0.000006  0.001378 -0.013074 -0.250196
11  1.196332 0.000143 0.000030  -0.066656 -0.435287 -1.126555
12  3.883506 -0.047269 0.431381  0.095974 0.066513 -0.353642
13  1.719575 -0.000028 0.000013  0.003226 0.017797 -0.265081
14  1.209180 0.000090 0.000011  -0.040668 -0.418702 -0.996133
15  3.859665 -0.138475 1.332410  0.401652 0.135962 -0.180276
16  1.719449 -0.000011 0.000022  0.009735 0.040419 -0.135208
17  1.099676 0.000049 0.000007  -0.018188 -0.241110 -0.957517
18  0.805994 -0.349050 1.321253  -1.509873 -0.619430 -0.137482
19  1.789819 -0.000003 -0.000017  -0.003482 0.014917 0.070450
20  1.207017 -0.000012 -0.000044  -0.001839 -0.000201 0.228051
21  5.740636 0.000411 -0.000702  -0.008556 0.000003 0.000071
22  11.481069 0.000346 -0.000727  0.027739 -0.171783 0.266077
23  6.027524 -0.000332 0.000203  1.448372 0.028523 1.654915
24  0.000002 11.692099 -0.000009  -0.762399 -0.256921 -0.623443
25  0.000002 0.000010 -0.000001  -0.500827 -0.000031 1.570738
26  0.000000 -0.000012 -0.000001  0.868957 0.000002 1.570712
27  -6.837111 -2.442946 -7.233785  1.473120 1.855075 -0.198639
28  6.027512 -0.000265 -0.000222  1.908052 1.250686 -0.206912
29  11.691993 0.000244 0.000856  0.141437 0.000034 -1.287687
30  11.480463 -0.000171 0.000861  -2.436162 -0.404202 -0.332127
31  3.859436 -0.132788 1.193062  0.466148 -0.051828 -1.783918
32  1.312558 0.000024 0.000000  -0.013963 -0.041043 -0.156449
33  0.729344 0.000066 -0.000028  -0.128320 -0.117290 -0.954856
34  3.942046 0.050108 0.430997  0.211502 -0.107596 -1.469117
35  1.539098 0.000005 0.000000  0.040712 -0.054387 -1.030473
36  1.196300 0.000076 -0.000004  -0.249391 -0.043040 -0.795121
37  3.883411 -0.050502 -0.431087  0.186407 -0.271796 -1.212183
38  1.719563 -0.000081 -0.000004  0.020974 -0.107650 -1.483529
39  1.209197 0.000034 0.000011  -0.324719 0.069674 -0.493483
40  3.859584 -0.149113 -1.331323  -0.040757 -0.073789 -0.195091
41  1.719413 -0.000097 -0.000034  -0.007235 0.031761 -0.150715
42  1.099673 0.000025 0.000007  0.118501 -0.028866 -0.144987
43  0.805979 -0.359855 -1.318338  0.991670 0.166768 -0.799535
44  1.789779 -0.000007 -0.000042  0.000057 -0.002451 0.133097
45  1.206996 -0.000006 0.000006  0.000372 -0.000070 1.058782
46  5.740572 0.000058 0.000725  -0.276583 -0.000014 0.000021
47  11.481037 0.000003 0.000922  -0.184498 -0.078863 -0.089453
48  6.027513 -0.000274 -0.000237  -1.270473 -0.112504 -1.430166
49  -0.000001 11.691976 -0.000006  -0.901821 0.363265 0.725056
50  0.000003 0.000000 0.000002  2.413975 -0.000041 1.570856
51  -0.000007 -0.000015 0.000005  2.272644 -0.000030 1.570865
52  -9.683717 -14.114557 -3.623442  1.002958 -0.440083 -0.257886
53  -0.000000 0.000000 0.000001  0.008153 -0.000259 0.000009
54  -0.000000 -0.000000 0.000000  1.565115 0.043565 -0.106862
55  -0.537746 -17.092144 -1.895350  0.074042 0.757195 -1.872397
56  -0.000001 -0.000001 0.000000  0.000000 -0.000000 -0.000002
57  0.000030 0.000028 0.000000  -1.571901 -0.044449 -0.106509
58  33.185574 1.676875 -41.957436  1.570796 -0.000000 0.000000
59  -14.791843 -8.736924 -9.246281  1.570796 -0.000000 0.000000
60  1.941978 -1.075505 -8.860325  1.570796 -0.000000 0.000000
61  -0.004311 0.001229 -0.000371  0.006898 -0.005534 -0.284229
62  -7.233792 3.620581 -6.293282  1.570796 -0.000000 0.000000
63  0.000000 0.000000 0.000000  -0.078727 -3.136056 0.284226
64  0.000000 0.000000 0.000000  1.561484 0.022629 -0.007463
65  -1.176070 -14.394639 -3.324268  -0.789323 0.981924 -1.334885
66  0.000002 -2.923559 -1.408042  0.000000 -0.000000 -0.000000
67  -0.000002 -0.601198 -2.062164  0.000000 -0.000000 -0.000000
68  0.004380 -0.039406 6.613115  0.000000 -0.000000 -0.000000
69  0.000002 -0.021786 -0.115849  0.000000 -0.000000 -0.000000
70  0.000003 -3.304882 0.259169  0.000000 -0.000000 -0.000000
71  2.052946 -17.237049 -0.974246  -0.789323 0.981924 -1.334885
72  0.057101 0.204432 -2.709596  0.000000 -0.000000 -0.000000
73  0.111673 -0.283002 -2.709596  0.000000 -0.000000 -0.000000
74  -0.128218 -0.750371 -2.709596  0.000000 -0.000000 -0.000000
time 105
0  0 0 0  0 0 0
1  0.000006 0.000000 0.000000  -1.570800 -1.391899 -1.570792
2  -8.526393 2.634402 1.937664  -1.544956 -1.855077 -0.198630
3  6.027525 -0.000333 0.000191  -2.042475 -1.696505 -0.144295
4  11.692112 0.000641 -0.000740  -1.371269 -0.000001 -1.064769
5  11.480328 0.000678 -0.000350  1.079087 -0.781591 1.699155
6  3.859510 -0.142879 -1.192049  -0.455904 0.180929 -0.802818
7  1.312589 0.000012 0.000008  -0.035778 -0.176074 -0.911505
8  0.729355 0.000054 0.000050  0.021077 -0.014194 -0.141620
9  3.942144 0.046273 -0.431512  -0.133520 0.086801 -0.558879
10  1.539111 0.000083 0.000006  0.001378 -0.013074 -0.250196
11  1.196332 0.000143 0.000030  -0.066656 -0.435287 -1.126555
12  3.883506 -0.047269 0.431381  0.095974 0.066513 -0.353642
13  1.719575 -0.000028 0.000013  0.003226 0.017797 -0.265081
14  1.209180 0.000090 0.000011  -0.040668 -0.418702 -0.996133
15  3.859665 -0.138475 1.332410  0.401652 0.135962 -0.180276
16  1.719449 -0.000011 0.000022  0.009735 0.040419 -0.135208
17  1.099676 0.000049 0.000007  -0.018188 -0.241110 -0.957517
18  0.805994 -0.349050 1.321253  -1.509873 -0.619430 -0.137482
19  1.789819 -0.000003 -0.000017  -0.003482 0.014917 0.070450
20  1.207017 -0.000012 -0.000044  -0.001839 -0.000201 0.228051
21  5.740637 0.000410 -0.000702  -0.008224 0.000003 0.000071
22  11.481070 0.000345 -0.000728  0.027936 -0.171996 0.265952
23  6.027524 -0.000332 0.000203  1.448372 0.028523 1.654915
24  0.000002 11.692099 -0.000009  -0.762399 -0.256921 -0.623443
25  0.000002 0.000010 -0.000001  -0.502193 -0.000031 1.570738
26  0.000000 -0.000012 -0.000001  0.868957 0.000002 1.570712
27  -6.837111 -2.442946 -7.233785  1.473120 1.855075 -0.198639
28  6.027511 -0.000266 -0.000222  1.950640 1.242098 -0.128006
29  11.691992 0.000244 0.000855  0.141437 0.000035 -1.291938
30  11.480433 -0.000188 0.000863  -2.422928 -0.379785 -0.335024
31  3.859436 -0.132788 1.193062  0.466148 -0.051828 -1.783918
32  1.312558 0.000023 -0.000002  -0.013963 -0.041043 -0.156449
33  0.729346 0.000066 -0.000027  -0.128320 -0.117290 -0.954856
34  3.942046 0.050109 0.430997  0.211502 -0.107596 -1.469117
35  1.539097 0.000005 0.000001  0.040712 -0.054387 -1.030473
36  1.196299 0.000078 -0.000003  -0.249391 -0.043040 -0.795121
37  3.883411 -0.050501 -0.431088  0.186407 -0.271796 -1.212183
38  1.719564 -0.000081 -0.000004  0.020974 -0.107650 -1.483530
39  1.209197 0.000032 0.000011  -0.324719 0.069674 -0.493483
40  3.859585 -0.149111 -1.331324  -0.040757 -0.073789 -0.195091
41  1.719413 -0.000097 -0.000036  -0.007235 0.031761 -0.150715
42  1.099673 0.000025 0.000005  0.118501 -0.028866 -0.144987
43  0.805978 -0.359853 -1.318338  0.991669 0.166768 -0.799535
44  1.789778 -0.000008 -0.000042  0.000057 -0.002451 0.133097
45  1.206996 -0.000005 0.000006  0.000372 -0.000070 1.058782
46  5.740574 0.000056 0.000723  -0.267034 -0.000014 0.000021
47  11.481032 -0.000001 0.000923  -0.181636 -0.074314 -0.088258
48  6.027513 -0.000274 -0.000237  -1.257913 -0.102403 -1.392975
49  -0.000002 11.691976 -0.000007  -0.904420 0.365420 0.726875
50  0.000005 -0.000001 0.000001  2.413975 -0.000041 1.570856
51  -0.000007 -0.000015 0.000005  2.272644 -0.000030 1.570865
52  -9.681032 -14.068921 -3.566706  0.992678 -0.429393 -0.260323
53  -0.000000 0.000000 -0.000001  0.008153 -0.000259 0.000009
54  -0.000000 0.000001 -0.000001  1.565115 0.043565 -0.106862
55  -0.537746 -17.092144 -1.895350  0.074042 0.757195 -1.872397
56  -0.000001 -0.000001 0.000000  0.000000 -0.000000 -0.000002
57  0.000030 0.000028 0.000000  -1.571901 -0.044449 -0.106509
58  33.185574 1.676875 -41.957436  1.570796 -0.000000 0.000000
59  -14.839729 -8.630404 -8.935620  1.570796 -0.000000 0.000000
60  1.941978 -1.075505 -8.860325  1.570796 -0.000000 0.000000
61  -0.004311 0.001229 -0.000371  0.006898 -0.005534 -0.284229
62  -7.233792 3.620581 -6.293282  1.570796 -0.000000 0.000000
63  0.000000 0.000000 0.000000  -0.078727 -3.136056 0.284226
64  0.000000 0.000000 0.000000  1.560361 0.022730 -0.006842
65  -1.172340 -14.405028 -3.373844  -0.814093 0.978608 -1.362227
66  0.000000 -2.923558 -1.408042  0.000000 0.000000 -0.000000
67  -0.000004 -0.601198 -2.062164  0.000000 0.000000 -0.000000
68  0.004381 -0.039407 6.613115  0.000000 0.000000 -0.000000
69  0.000003 -0.021786 -0.115849  0.000000 0.000000 -0.000000
70  0.000001 -3.304882 0.259169  0.000000 0.000000 -0.000000
71  2.067168 -17.254654 -1.047113  -0.814093 0.978608 -1.362227
72  0.057099 0.204432 -2.709597  0.000000 0.000000 -0.000000
73  0.111672 -0.283002 -2.709598  0.000000 0.000000 -0.000000
74  -0.128217 -0.750371 -2.709597  0.000000 0.000000 -0.000000
time 106
0  0 0 0  0 0 0
1  0.000006 0.000000 0.000000  -1.570800 -1.391899 -1.570792
2  -8.526393 2.634402 1.937664  -1.544956 -1.855077 -0.198630
3  6.027525 -0.000333 0.000191  -2.042475 -1.696505 -0.144295
4  11.692112 0.000641 -0.000740  -1.372551 -0.000001 -1.064769
5  11.480330 0.000678 -0.000348  1.078855 -0.782863 1.699318
6  3.859510 -0.142879 -1.192049  -0.455904 0.180929 -0.802818
7  1.312589 0.000012 0.000008  -0.035778 -0.176074 -0.911505
8  0.729355 0.000054 0.000050  0.021077 -0.014194 -0.141620
9  3.942144 0.046273 -0.431512  -0.133520 0.086801 -0.558879
10  1.539111 0.000083 0.000006  0.001378 -0.013074 -0.250196
11  1.196332 0.000143 0.000030  -0.066656 -0.435287 -1.126555
12  3.883506 -0.047269 0.431381  0.095974 0.066513 -0.353642
13  1.719575 -0.000028 0.000013  0.003226 0.017797 -0.265081
14  1.209180 0.000090 0.000011  -0.040668 -0.418702 -0.996133
15  3.859665 -0.138475 1.332410  0.401652 0.135962 -0.180276
16  1.719449 -0.000011 0.000022  0.009735 0.040419 -0.135208
17  1.099676 0.000049 0.000007  -0.018188 -0.241110 -0.957517
18  0.805994 -0.349050 1.321253  -1.509873 -0.619430 -0.137482
19  1.789819 -0.000003 -0.000017  -0.003482 0.014917 0.070450
20  1.207017 -0.000012 -0.000044  -0.001839 -0.000201 0.228051
21  5.740637 0.000409 -0.000701  -0.007911 0.000003 0.000071
22  11.481071 0.000345 -0.000727  0.028122 -0.172196 0.265834
23  6.027524 -0.000332 0.000203  1.448372 0.028523 1.654915
24  0.000002 11.692099 -0.000009  -0.762399 -0.256921 -0.623443
25  0.000002 0.000010 -0.000001  -0.503475 -0.000031 1.570738
26  0.000000 -0.000012 -0.000001  0.868957 0.000002 1.570712
27  -6.837111 -2.442946 -7.233785  1.473120 1.855075 -0.198639
28  6.027511 -0.000265 -0.000222  1.986587 1.231019 -0.053750
29  11.691992 0.000245 0.000856  0.141437 0.000035 -1.296540
30  11.480397 -0.000206 0.000865  -2.406156 -0.349837 -0.338348
31  3.859436 -0.132787 1.193062  0.466148 -0.051828 -1.783918
32  1.312559 0.000024 -0.000001  -0.013963 -0.041043 -0.156449
33  0.729344 0.000065 -0.000027  -0.128320 -0.117290 -0.954856
34  3.942046 0.050110 0.430997  0.211502 -0.107596 -1.469117
35  1.539097 0.000004 -0.000001  0.040712 -0.054387 -1.030473
36  1.196299 0.000077 -0.000003  -0.249391 -0.043040 -0.795121
37  3.883411 -0.050501 -0.431087  0.186407 -0.271796 -1.212183
38  1.719563 -0.000081 -0.000004  0.020974 -0.107650 -1.483529
39  1.209196 0.000036 0.000012  -0.324719 0.069674 -0.493483
40  3.859586 -0.149111 -1.331324  -0.040757 -0.073789 -0.195091
41  1.719412 -0.000097 -0.000036  -0.007235 0.031761 -0.150715
42  1.099674 0.000025 0.000007  0.118501 -0.028866 -0.144987
43  0.805978 -0.359853 -1.318338  0.991670 0.166768 -0.799535
44  1.789779 -0.000008 -0.000042  0.000057 -0.002451 0.133097
45  1.206997 -0.000005 0.000005  0.000372 -0.000070 1.058782
46  5.740571 0.000056 0.000724  -0.256101 -0.000014 0.000021
47  11.481024 -0.000005 0.000923  -0.177954 -0.068766 -0.086816
48  6.027513 -0.000274 -0.000237  -1.243873 -0.094246 -1.354057
49  -0.000001 11.691974 -0.000007  -0.907230 0.367758 0.728839
50  0.000002 -0.000001 0.000002  2.413975 -0.000041 1.570856
51  -0.000007 -0.000015 0.000004  2.272644 -0.000030 1.570865
52  -9.680041 -14.029055 -3.543053  0.986929 -0.422078 -0.264338
53  -0.000000 0.000001 0.000001  0.008153 -0.000259 0.000009
54  0.000000 0.000001 0.000000  1.565115 0.043565 -0.106862
55  -0.537746 -17.092144 -1.895350  0.074042 0.757195 -1.872397
56  -0.000001 -0.000001 0.000000  0.000000 -0.000000 -0.000002
57  0.000030 0.000028 0.000000  -1.571901 -0.044449 -0.106509
58  33.185574 1.676875 -41.957436  1.570796 -0.000000 0.000000
59  -14.877407 -8.526729 -8.641701  1.570796 -0.000000 0.000000
60  1.941978 -1.075505 -8.860325  1.570796 -0.000000 0.000000
61  -0.004311 0.001229 -0.000371  0.006898 -0.005534 -0.284229
62  -7.233792 3.620581 -6.293282  1.570796 -0.000000 0.000000
63  0.000000 0.000000 0.000000  -0.078727 -3.136056 0.284226
64  0.000000 0.000000 0.000000  1.559785 0.022784 -0.006242
65  -1.172340 -14.419029 -3.420701  -0.829986 0.977174 -1.381797
66  0.000001 -2.923558 -1.408042  0.000000 0.000000 -0.000000
67  -0.000003 -0.601198 -2.062165  0.000000 0.000000 -0.000000
68  0.004380 -0.039407 6.613116  0.000000 0.000000 -0.000000
69  0.000001 -0.021787 -0.115849  0.000000 0.000000 -0.000000
70  0.000000 -3.304880 0.259168  0.000000 0.000000 -0.000000
71  2.068438 -17.282036 -1.112237  -0.829986 0.977174 -1.381797
72  0.057100 0.204432 -2.709597  0.000000 0.000000 -0.000000
73  0.111673 -0.283002 -2.709598  0.000000 0.000000 -0.000000
74  -0.128217 -0.750372 -2.709598  0.000000 0.000000 -0.000000
time 107
0  0 0 0  0 0 0
1  0.000006 0.000000 0.000000  -1.570800 -1.391899 -1.570792
2  -8.526393 2.634402 1.937664  -1.544956 -1.855077 -0.198630
3  6.027525 -0.000333 0.000191  -2.042475 -1.696505 -0.144295
4  11.692112 0.000641 -0.000740  -1.373749 -0.000001 -1.064769
5  11.480329 0.000679 -0.000349  1.078638 -0.784051 1.699471
6  3.859510 -0.142879 -1.192049  -0.455904 0.180929 -0.802818
7  1.312589 0.000012 0.000008  -0.035778 -0.176074 -0.911505
8  0.729355 0.000054 0.000050  0.021077 -0.014194 -0.141620
9  3.942144 0.046273 -0.431512  -0.133520 0.086801 -0.558879
10  1.539111 0.000083 0.000006  0.001378 -0.013074 -0.250196
11  1.196332 0.000143 0.000030  -0.066656 -0.435287 -1.126555
12  3.883506 -0.047269 0.431381  0.095974 0.066513 -0.353642
13  1.719575 -0.000028 0.000013  0.003226 0.017797 -0.265081
14  1.209180 0.000090 0.000011  -0.040668 -0.418702 -0.996133
15  3.859665 -0.138475 1.332410  0.401652 0.135962 -0.180276
16  1.719449 -0.000011 0.000022  0.009735 0.040419 -0.135208
17  1.099676 0.000049 0.000007  -0.018188 -0.241110 -0.957517
18  0.805994 -0.349050 1.321253  -1.509873 -0.619430 -0.137482
19  1.789819 -0.000003 -0.000017  -0.003482 0.014917 0.070450
20  1.207017 -0.000012 -0.000044  -0.001839 -0.000201 0.228051
21  5.740637 0.000410 -0.000703  -0.007620 0.000003 0.000070
22  11.481070 0.000346 -0.000728  0.028296 -0.172383 0.265723
23  6.027524 -0.000332 0.000203  1.448372 0.028523 1.654915
24  0.000002 11.692099 -0.000009  -0.762399 -0.256921 -0.623443
25  0.000002 0.000010 -0.000001  -0.504673 -0.000031 1.570738
26  0.000000 -0.000012 -0.000001  0.868957 0.000002 1.570712
27  -6.837111 -2.442946 -7.233785  1.473120 1.855075 -0.198639
28  6.027510 -0.000266 -0.000222  2.018147 1.219449 0.015792
29  11.691992 0.000244 0.000856  0.141437 0.000035 -1.300058
30  11.480374 -0.000223 0.000868  -2.388920 -0.319413 -0.342334
31  3.859436 -0.132789 1.193061  0.466148 -0.051828 -1.783918
32  1.312559 0.000026 0.000000  -0.013963 -0.041043 -0.156449
33  0.729345 0.000066 -0.000026  -0.128320 -0.117290 -0.954856
34  3.942046 0.050109 0.430996  0.211502 -0.107596 -1.469117
35  1.539096 0.000005 0.000001  0.040712 -0.054387 -1.030473
36  1.196300 0.000076 -0.000003  -0.249391 -0.043040 -0.795121
37  3.883411 -0.050502 -0.431090  0.186407 -0.271795 -1.212183
38  1.719564 -0.000081 -0.000003  0.020974 -0.107650 -1.483529
39  1.209197 0.000036 0.000012  -0.324719 0.069674 -0.493483
40  3.859584 -0.149111 -1.331325  -0.040757 -0.073789 -0.195091
41  1.719412 -0.000098 -0.000033  -0.007235 0.031761 -0.150715
42  1.099674 0.000025 0.000008  0.118501 -0.028866 -0.144987
43  0.805979 -0.359854 -1.318340  0.991670 0.166768 -0.799535
44  1.789779 -0.000007 -0.000044  0.000057 -0.002451 0.133097
45  1.206997 -0.000006 0.000004  0.000372 -0.000070 1.058782
46  5.740573 0.000054 0.000725  -0.245531 -0.000014 0.000021
47  11.481020 -0.000010 0.000924  -0.174134 -0.063094 -0.085549
48  6.027513 -0.000274 -0.000237  -1.229925 -0.086820 -1.315471
49  -0.000002 11.691975 -0.000006  -0.909377 0.369549 0.730336
50  0.000003 -0.000001 0.000000  2.413975 -0.000041 1.570856
51  -0.000007 -0.000015 0.000005  2.272644 -0.000030 1.570865
52  -9.678383 -13.998797 -3.526919  0.982094 -0.415772 -0.267990
53  -0.000000 -0.000000 0.000001  0.008153 -0.000259 0.000009
54  -0.000000 -0.000001 -0.000002  1.565115 0.043565 -0.106862
55  -0.537746 -17.092144 -1.895350  0.074042 0.757195 -1.872397
56  -0.000001 -0.000001 0.000000  0.000000 -0.000000 -0.000002
57  0.000030 0.000028 0.000000  -1.571901 -0.044449 -0.106509
58  33.185574 1.676875 -41.957436  1.570796 -0.000000 0.000000
59  -14.904409 -8.426730 -8.367048  1.570796 -0.000000 0.000000
60  1.941978 -1.075505 -8.860325  1.570796 -0.000000 0.000000
61  -0.004311 0.001229 -0.000371  0.006898 -0.005534 -0.284229
62  -7.233792 3.620581 -6.293282  1.570796 -0.000000 0.000000
63  0.000000 0.000000 0.000000  -0.078727 -3.136056 0.284226
64  0.000000 0.000000 0.000000  1.559575 0.022806 -0.005630
65  -1.172340 -14.436327 -3.465134  -0.843552 0.975915 -1.398656
66  0.000001 -2.923558 -1.408042  -0.000000 0.000000 0.000000
67  -0.000003 -0.601198 -2.062165  -0.000000 0.000000 0.000000
68  0.004380 -0.039404 6.613115  -0.000000 0.000000 0.000000
69  0.000002 -0.021784 -0.115849  -0.000000 0.000000 0.000000
70  0.000001 -3.304881 0.259169  -0.000000 0.000000 0.000000
71  2.068987 -17.311554 -1.172686  -0.843552 0.975915 -1.398656
72  0.057100 0.204434 -2.709596  -0.000000 0.000000 0.000000
73  0.111673 -0.283001 -2.709596  -0.000000 0.000000 0.000000
74  -0.128217 -0.750369 -2.709596  -0.000000 0.000000 0.000000
time 108
0  0 0 0  0 0 0
1  0.000006 0.000000 0.000000  -1.570800 -1.391899 -1.570792
2  -8.526393 2.634402 1.937664  -1.544956 -1.855077 -0.198630
3  6.027525 -0.000333 0.000191  -2.042475 -1.696505 -0.144295
4  11.692112 0.000641 -0.000740  -1.374863 -0.000001 -1.064769
5  11.480330 0.000679 -0.000349  1.078436 -0.785156 1.699614
6  3.859510 -0.142879 -1.192049  -0.455904 0.180929 -0.802818
7  1.312589 0.000012 0.000008  -0.035778 -0.176074 -0.911505
8  0.729355 0.000054 0.000050  0.021077 -0.014194 -0.141620
9  3.942144 0.046273 -0.431512  -0.133520 0.086801 -0.558879
10  1.539111 0.000083 0.000006  0.001378 -0.013074 -0.250196
11  1.196332 0.000143 0.000030  -0.066656 -0.435287 -1.126555
12  3.883506 -0.047269 0.431381  0.095974 0.066513 -0.353642
13  1.719575 -0.000028 0.000013  0.003226 0.017797 -0.265081
14  1.209180 0.000090 0.000011  -0.040668 -0.418702 -0.996133
15  3.859665 -0.138475 1.332410  0.401652 0.135962 -0.180276
16  1.719449 -0.000011 0.000022  0.009735 0.040419 -0.135208
17  1.099676 0.000049 0.000007  -0.018188 -0.241110 -0.957517
18  0.805994 -0.349050 1.321253  -1.509873 -0.619430 -0.137482
19  1.789819 -0.000003 -0.000017  -0.003482 0.014917 0.070450
20  1.207017 -0.000012 -0.000044  -0.001839 -0.000201 0.228051
21  5.740638 0.000410 -0.000704  -0.007349 0.000003 0.000070
22  11.481071 0.000346 -0.000729  0.028457 -0.172556 0.265621
23  6.027524 -0.000332 0.000203  1.448372 0.028523 1.654915
24  0.000002 11.692099 -0.000009  -0.762399 -0.256921 -0.623443
25  0.000002 0.000010 -0.000001  -0.505787 -0.000031 1.570738
26  0.000000 -0.000012 -0.000001  0.868957 0.000002 1.570712
27  -6.837111 -2.442946 -7.233785  1.473120 1.855075 -0.198639
28  6.027510 -0.000266 -0.000222  2.045200 1.207672 0.079916
29  11.691992 0.000244 0.000856  0.141437 0.000035 -1.302713
30  11.480356 -0.000230 0.000868  -2.371862 -0.289096 -0.346528
31  3.859436 -0.132786 1.193061  0.466148 -0.051828 -1.783918
32  1.312557 0.000025 -0.000001  -0.013963 -0.041043 -0.156449
33  0.729346 0.000066 -0.000028  -0.128320 -0.117290 -0.954856
34  3.942046 0.050110 0.430996  0.211502 -0.107596 -1.469117
35  1.539094 0.000004 -0.000000  0.040712 -0.054387 -1.030473
36  1.196299 0.000078 -0.000004  -0.249391 -0.043040 -0.795121
37  3.883411 -0.050501 -0.431087  0.186407 -0.271795 -1.212183
38  1.719563 -0.000082 -0.000005  0.020974 -0.107650 -1.483529
39  1.209197 0.000035 0.000011  -0.324719 0.069674 -0.493483
40  3.859585 -0.149112 -1.331323  -0.040757 -0.073789 -0.195091
41  1.719412 -0.000098 -0.000034  -0.007235 0.031761 -0.150715
42  1.099673 0.000023 0.000008  0.118501 -0.028866 -0.144987
43  0.805979 -0.359853 -1.318338  0.991669 0.166768 -0.799535
44  1.789779 -0.000008 -0.000041  0.000057 -0.002451 0.133097
45  1.206997 -0.000005 0.000004  0.000372 -0.000070 1.058782
46  5.740573 0.000056 0.000724  -0.235538 -0.000014 0.000021
47  11.481017 -0.000010 0.000924  -0.170298 -0.057423 -0.084413
48  6.027513 -0.000274 -0.000237  -1.216279 -0.080243 -1.277831
49  -0.000000 11.691975 -0.000007  -0.910997 0.370902 0.731465
50  0.000004 0.000000 0.000001  2.413975 -0.000041 1.570856
51  -0.000006 -0.000016 0.000005  2.272644 -0.000030 1.570865
52  -9.676298 -13.976435 -3.517486  0.977983 -0.410383 -0.271363
53  0.000000 -0.000002 -0.000001  0.008153 -0.000259 0.000009
54  -0.000001 0.000001 -0.000000  1.565115 0.043565 -0.106862
55  -0.537746 -17.092144 -1.895350  0.074042 0.757195 -1.872397
56  -0.000001 -0.000001 0.000000  0.000000 -0.000000 -0.000002
57  0.000030 0.000028 0.000000  -1.571901 -0.044449 -0.106509
58  33.185574 1.676875 -41.957436  1.570796 -0.000000 0.000000
59  -14.920558 -8.331023 -8.113359  1.570796 -0.000000 0.000000
60  1.941978 -1.075505 -8.860325  1.570796 -0.000000 0.000000
61  -0.004311 0.001229 -0.000371  0.006898 -0.005534 -0.284229
62  -7.233792 3.620581 -6.293282  1.570796 -0.000000 0.000000
63  0.000000 0.000000 0.000000  -0.078727 -3.136056 0.284226
64  0.000000 0.000000 0.000000  1.559551 0.022813 -0.004975
65  -1.172340 -14.456609 -3.507396  -0.855092 0.974768 -1.413233
66  0.000003 -2.923558 -1.408043  0.000000 -0.000000 0.000000
67  -0.000002 -0.601198 -2.062165  0.000000 -0.000000 0.000000
68  0.004380 -0.039406 6.613115  0.000000 -0.000000 0.000000
69  0.000001 -0.021786 -0.115849  0.000000 -0.000000 0.000000
70  0.000002 -3.304879 0.259167  0.000000 -0.000000 0.000000
71  2.068677 -17.343105 -1.228713  -0.855092 0.974768 -1.413233
72  0.057100 0.204433 -2.709596  0.000000 -0.000000 0.000000
73  0.111673 -0.283001 -2.709596  0.000000 -0.000000 0.000000
74  -0.128218 -0.750369 -2.709596  0.000000 -0.000000 0.000000
time 109
0  0 0 0  0 0 0
1  0.000006 0.000000 0.000000  -1.570800 -1.391899 -1.570792
2  -8.526393 2.634402 1.937664  -1.544956 -1.855077 -0.198630
3  6.027525 -0.000333 0.000191  -2.042475 -1.696505 -0.144295
4  11.692112 0.000641 -0.000740  -1.375894 -0.000001 -1.064769
5  11.480328 0.000679 -0.000347  1.078249 -0.786177 1.699746
6  3.859510 -0.142879 -1.192049  -0.455904 0.180929 -0.802818
7  1.312589 0.000012 0.000008  -0.035778 -0.176074 -0.911505
8  0.729355 0.000054 0.000050  0.021077 -0.014194 -0.141620
9  3.942144 0.046273 -0.431512  -0.133520 0.086801 -0.558879
10  1.539111 0.000083 0.000006  0.001378 -0.013074 -0.250196
11  1.196332 0.000143 0.000030  -0.066656 -0.435287 -1.126555
12  3.883506 -0.047269 0.431381  0.095974 0.066513 -0.353642
13  1.719575 -0.000028 0.000013  0.003226 0.017797 -0.265081
14  1.209180 0.000090 0.000011  -0.040668 -0.418702 -0.996133
15  3.859665 -0.138475 1.332410  0.401652 0.135962 -0.180276
16  1.719449 -0.000011 0.000022  0.009735 0.040419 -0.135208
17  1.099676 0.000049 0.000007  -0.018188 -0.241110 -0.957517
18  0.805994 -0.349050 1.321253  -1.509873 -0.619430 -0.137482
19  1.789819 -0.000003 -0.000017  -0.003482 0.014917 0.070450
20  1.207017 -0.000012 -0.000044  -0.001839 -0.000201 0.228051
21  5.740636 0.000410 -0.000703  -0.007098 0.000003 0.000070
22  11.481070 0.000345 -0.000727  0.028606 -0.172717 0.265526
23  6.027524 -0.000332 0.000203  1.448372 0.028523 1.654915
24  0.000002 11.692099 -0.000009  -0.762399 -0.256921 -0.623443
25  0.000002 0.000010 -0.000001  -0.506817 -0.000031 1.570738
26  0.000000 -0.000012 -0.000001  0.868957 0.000002 1.570712
27  -6.837111 -2.442946 -7.233785  1.473120 1.855075 -0.198639
28  6.027509 -0.000266 -0.000222  2.067851 1.195971 0.138219
29  11.691992 0.000243 0.000858  0.141437 0.000036 -1.304699
30  11.480346 -0.000237 0.000870  -2.355501 -0.259387 -0.350613
31  3.859436 -0.132787 1.193062  0.466148 -0.051828 -1.783918
32  1.312558 0.000024 -0.000001  -0.013963 -0.041043 -0.156449
33  0.729345 0.000064 -0.000027  -0.128320 -0.117290 -0.954856
34  3.942046 0.050109 0.430997  0.211502 -0.107596 -1.469117
35  1.539095 0.000005 -0.000002  0.040712 -0.054387 -1.030473
36  1.196300 0.000077 -0.000003  -0.249391 -0.043040 -0.795121
37  3.883411 -0.050501 -0.431087  0.186407 -0.271796 -1.212183
38  1.719564 -0.000081 -0.000003  0.020974 -0.107650 -1.483529
39  1.209197 0.000034 0.000010  -0.324719 0.069674 -0.493483
40  3.859584 -0.149112 -1.331323  -0.040757 -0.073789 -0.195091
41  1.719412 -0.000097 -0.000034  -0.007235 0.031761 -0.150715
42  1.099674 0.000024 0.000007  0.118501 -0.028866 -0.144987
43  0.805978 -0.359853 -1.318337  0.991669 0.166768 -0.799535
44  1.789779 -0.000007 -0.000042  0.000057 -0.002451 0.133097
45  1.206996 -0.000005 0.000007  0.000372 -0.000070 1.058781
46  5.740572 0.000057 0.000723  -0.226264 -0.000014 0.000021
47  11.481014 -0.000010 0.000923  -0.166551 -0.051858 -0.083374
48  6.027513 -0.000274 -0.000237  -1.203139 -0.074587 -1.241672
49  0.000000 11.691976 -0.000007  -0.912207 0.371916 0.732307
50  0.000002 -0.000001 -0.000001  2.413975 -0.000041 1.570856
51  -0.000006 -0.000015 0.000004  2.272644 -0.000030 1.570865
52  -9.673954 -13.960485 -3.514170  0.974424 -0.405852 -0.274522
53  0.000000 0.000002 0.000001  0.008153 -0.000259 0.000009
54  -0.000000 -0.000000 0.000000  1.565115 0.043565 -0.106862
55  -0.537746 -17.092144 -1.895350  0.074042 0.757195 -1.872397
56  -0.000001 -0.000001 0.000000  0.000000 -0.000000 -0.000002
57  0.000030 0.000028 0.000000  -1.571901 -0.044449 -0.106509
58  33.185574 1.676875 -41.957436  1.570796 -0.000000 0.000000
59  -14.925900 -8.240031 -7.881639  1.570796 -0.000000 0.000000
60  1.941978 -1.075505 -8.860325  1.570796 -0.000000 0.000000
61  -0.004311 0.001229 -0.000371  0.006898 -0.005534 -0.284229
62  -7.233792 3.620581 -6.293282  1.570796 -0.000000 0.000000
63  0.000000 0.000000 0.000000  -0.078727 -3.136056 0.284226
64  0.000000 0.000000 0.000000  1.559902 0.022034 -0.004247
65  -1.172340 -14.479560 -3.547708  -0.864836 0.973656 -1.425866
66  0.000001 -2.923558 -1.408042  -0.000000 0.000000 0.000000
67  -0.000003 -0.601197 -2.062165  -0.000000 0.000000 0.000000
68  0.004381 -0.039407 6.613115  -0.000000 0.000000 0.000000
69  0.000003 -0.021785 -0.115849  -0.000000 0.000000 0.000000
70  0.000001 -3.304882 0.259169  -0.000000 0.000000 0.000000
71  2.067376 -17.376497 -1.280453  -0.864836 0.973656 -1.425866
72  0.057100 0.204433 -2.709597  -0.000000 0.000000 0.000000
73  0.111672 -0.283000 -2.709597  -0.000000 0.000000 0.000000
74  -0.128217 -0.750369 -2.709597  -0.000000 0.000000 0.000000
time 110
0  0 0 0  0 0 0
1  0.000006 0.000000 0.000000  -1.570800 -1.391899 -1.570792
2  -8.526393 2.634402 1.937664  -1.544956 -1.855077 -0.198630
3  6.027525 -0.000333 0.000191  -2.042475 -1.696505 -0.144295
4  11.692112 0.000641 -0.000740  -1.376840 -0.000001 -1.064769
5  11.480329 0.000680 -0.000347  1.078076 -0.787116 1.699868
6  3.859510 -0.142879 -1.192049  -0.455904 0.180929 -0.802818
7  1.312589 0.000012 0.000008  -0.035778 -0.176074 -0.911505
8  0.729355 0.000054 0.000050  0.021077 -0.014194 -0.141620
9  3.942144 0.046273 -0.431512  -0.133520 0.086801 -0.558879
10  1.539111 0.000083 0.000006  0.001378 -0.013074 -0.250196
11  1.196332 0.000143 0.000030  -0.066656 -0.435287 -1.126555
12  3.883506 -0.047269 0.431381  0.095974 0.066513 -0.353642
13  1.719575 -0.000028 0.000013  0.003226 0.017797 -0.265081
14  1.209180 0.000090 0.000011  -0.040668 -0.418702 -0.996133
15  3.859665 -0.138475 1.332410  0.401652 0.135962 -0.180276
16  1.719449 -0.000011 0.000022  0.009735 0.040419 -0.135208
17  1.099676 0.000049 0.000007  -0.018188 -0.241110 -0.957517
18  0.805994 -0.349050 1.321253  -1.509873 -0.619430 -0.137482
19  1.789819 -0.000003 -0.000017  -0.003482 0.014917 0.070450
20  1.207017 -0.000012 -0.000044  -0.001839 -0.000201 0.228051
21  5.740637 0.000410 -0.000704  -0.006868 0.000003 0.000070
22  11.481070 0.000346 -0.000728  0.028743 -0.172864 0.265438
23  6.027524 -0.000332 0.000203  1.448372 0.028523 1.654915
24  0.000002 11.692099 -0.000009  -0.762399 -0.256921 -0.623443
25  0.000002 0.000010 -0.000001  -0.507764 -0.000031 1.570738
26  0.000000 -0.000012 -0.000001  0.868957 0.000002 1.570712
27  -6.837111 -2.442946 -7.233785  1.473120 1.855075 -0.198639
28  6.027509 -0.000267 -0.000222  2.088130 1.183522 0.195579
29  11.691992 0.000243 0.000855  0.141437 0.000036 -1.306186
30  11.480332 -0.000242 0.000871  -2.338276 -0.227633 -0.355128
31  3.859437 -0.132786 1.193063  0.466148 -0.051828 -1.783918
32  1.312558 0.000025 0.000000  -0.013963 -0.041043 -0.156449
33  0.729346 0.000067 -0.000026  -0.128320 -0.117290 -0.954856
34  3.942047 0.050111 0.430998  0.211502 -0.107596 -1.469117
35  1.539097 0.000005 -0.000001  0.040712 -0.054387 -1.030473
36  1.196299 0.000075 -0.000004  -0.249391 -0.043040 -0.795121
37  3.883412 -0.050501 -0.431086  0.186407 -0.271796 -1.212183
38  1.719564 -0.000080 -0.000002  0.020974 -0.107650 -1.483529
39  1.209197 0.000034 0.000011  -0.324719 0.069674 -0.493483
40  3.859586 -0.149111 -1.331322  -0.040757 -0.073789 -0.195091
41  1.719412 -0.000098 -0.000033  -0.007235 0.031761 -0.150715
42  1.099673 0.000024 0.000007  0.118501 -0.028866 -0.144987
43  0.805980 -0.359853 -1.318337  0.991669 0.166768 -0.799535
44  1.789778 -0.000008 -0.000041  0.000057 -0.002451 0.133097
45  1.206997 -0.000005 0.000006  0.000372 -0.000070 1.058781
46  5.740574 0.000055 0.000725  -0.216918 -0.000014 0.000021
47  11.481012 -0.000013 0.000924  -0.162542 -0.045894 -0.082377
48  6.027513 -0.000274 -0.000237  -1.189500 -0.069409 -1.204118
49  -0.000001 11.691975 -0.000007  -0.913114 0.372675 0.732938
50  0.000003 -0.000000 0.000000  2.413975 -0.000041 1.570856
51  -0.000007 -0.000015 0.000005  2.272644 -0.000030 1.570865
52  -9.671451 -13.949627 -3.516572  0.971260 -0.402138 -0.277522
53  -0.000001 0.000000 0.000000  0.008153 -0.000259 0.000009
54  0.000002 0.000002 0.000001  1.565115 0.043565 -0.106862
55  -0.537746 -17.092144 -1.895350  0.074042 0.757195 -1.872397
56  -0.000001 -0.000001 0.000000  0.000000 -0.000000 -0.000002
57  0.000030 0.000028 0.000000  -1.571901 -0.044449 -0.106509
58  33.185574 1.676875 -41.957436  1.570796 -0.000000 0.000000
59  -14.918745 -8.145188 -7.651711  1.570796 -0.000000 0.000000
60  1.941978 -1.075505 -8.860325  1.570796 -0.000000 0.000000
61  -0.004311 0.001229 -0.000371  0.006898 -0.005534 -0.284229
62  -7.233792 3.620581 -6.293282  1.570796 -0.000000 0.000000
63  0.000000 0.000000 0.000000  -0.078727 -3.136056 0.284226
64  0.000000 0.000000 0.000000  1.560837 0.019940 -0.003466
65  -1.172340 -14.504866 -3.586266  -0.872961 0.972493 -1.436826
66  0.000003 -2.923557 -1.408041  -0.000000 -0.000000 0.000000
67  -0.000001 -0.601197 -2.062164  -0.000000 -0.000000 0.000000
68  0.004382 -0.039407 6.613116  -0.000000 -0.000000 0.000000
69  0.000003 -0.021788 -0.115847  -0.000000 -0.000000 0.000000
70  0.000002 -3.304879 0.259169  -0.000000 -0.000000 0.000000
71  2.064941 -17.411503 -1.327965  -0.872961 0.972493 -1.436826
72  0.057102 0.204431 -2.709596  -0.000000 -0.000000 0.000000
73  0.111674 -0.283003 -2.709596  -0.000000 -0.000000 0.000000
74  -0.128216 -0.750371 -2.709596  -0.000000 -0.000000 0.000000
time 111
0  0 0 0  0 0 0
1  0.000006 0.000000 0.000000  -1.570800 -1.391899 -1.570792
2  -8.526393 2.634402 1.937664  -1.544956 -1.855077 -0.198630
3  6.027525 -0.000333 0.000191  -2.042475 -1.696505 -0.144295
4  11.692112 0.000641 -0.000740  -1.377703 -0.000001 -1.064769
5  11.480328 0.000681 -0.000346  1.077919 -0.787971 1.699980
6  3.859510 -0.142879 -1.192049  -0.455904 0.180929 -0.802818
7  1.312589 0.000012 0.000008  -0.035778 -0.176074 -0.911505
8  0.729355 0.000054 0.000050  0.021077 -0.014194 -0.141620
9  3.942144 0.046273 -0.431512  -0.133520 0.086801 -0.558879
10  1.539111 0.000083 0.000006  0.001378 -0.013074 -0.250196
11  1.196332 0.000143 0.000030  -0.066656 -0.435287 -1.126555
12  3.883506 -0.047269 0.431381  0.095974 0.066513 -0.353642
13  1.719575 -0.000028 0.000013  0.003226 0.017797 -0.265081
14  1.209180 0.000090 0.000011  -0.040668 -0.418702 -0.996133
15  3.859665 -0.138475 1.332410  0.401652 0.135962 -0.180276
16  1.719449 -0.000011 0.000022  0.009735 0.040419 -0.135208
17  1.099676 0.000049 0.000007  -0.018188 -0.241110 -0.957517
18  0.805994 -0.349050 1.321253  -1.509873 -0.619430 -0.137482
19  1.789819 -0.000003 -0.000017  -0.003482 0.014917 0.070450
20  1.207017 -0.000012 -0.000044  -0.001839 -0.000201 0.228051
21  5.740637 0.000411 -0.000703  -0.006658 0.000003 0.000070
22  11.481070 0.000347 -0.000727  0.028868 -0.172999 0.265359
23  6.027524 -0.000332 0.000203  1.448372 0.028523 1.654915
24  0.000002 11.692099 -0.000009  -0.762399 -0.256921 -0.623443
25  0.000002 0.000010 -0.000001  -0.508626 -0.000031 1.570738
26  0.000000 -0.000012 -0.000001  0.868957 0.000002 1.570712
27  -6.837111 -2.442946 -7.233785  1.473120 1.855075 -0.198639
28  6.027508 -0.000267 -0.000222  2.107657 1.169100 0.257246
29  11.691992 0.000243 0.000857  0.141438 0.000036 -1.307331
30  11.480322 -0.000250 0.000871  -2.318259 -0.190427 -0.360560
31  3.859436 -0.132787 1.193063  0.466148 -0.051828 -1.783918
32  1.312558 0.000025 -0.000000  -0.013963 -0.041043 -0.156449
33  0.729344 0.000068 -0.000027  -0.128320 -0.117290 -0.954856
34  3.942045 0.050109 0.430998  0.211502 -0.107596 -1.469117
35  1.539096 0.000006 -0.000000  0.040712 -0.054387 -1.030473
36  1.196300 0.000076 -0.000004  -0.249391 -0.043040 -0.795121
37  3.883411 -0.050502 -0.431086  0.186407 -0.271795 -1.212183
38  1.719564 -0.000082 -0.000004  0.020974 -0.107650 -1.483529
39  1.209197 0.000035 0.000012  -0.324719 0.069674 -0.493483
40  3.859584 -0.149111 -1.331322  -0.040757 -0.073789 -0.195091
41  1.719412 -0.000097 -0.000035  -0.007235 0.031761 -0.150715
42  1.099673 0.000024 0.000007  0.118501 -0.028866 -0.144987
43  0.805979 -0.359854 -1.318337  0.991670 0.166768 -0.799535
44  1.789780 -0.000007 -0.000043  0.000057 -0.002451 0.133097
45  1.206996 -0.000004 0.000006  0.000372 -0.000070 1.058782
46  5.740572 0.000054 0.000724  -0.206620 -0.000014 0.000021
47  11.481009 -0.000015 0.000923  -0.157805 -0.038898 -0.081340
48  6.027513 -0.000274 -0.000237  -1.174025 -0.064322 -1.161512
49  -0.000000 11.691975 -0.000005  -0.913811 0.373260 0.733423
50  0.000003 -0.000000 0.000000  2.413975 -0.000041 1.570856
51  -0.000005 -0.000015 0.000006  2.272644 -0.000030 1.570865
52  -9.668849 -13.942657 -3.524423  0.968343 -0.399218 -0.280405
53  0.000001 0.000000 0.000000  0.008153 -0.000259 0.000009
54  0.000000 0.000001 0.000001  1.565115 0.043565 -0.106862
55  -0.537746 -17.092144 -1.895350  0.074042 0.757195 -1.872397
56  -0.000001 -0.000001 0.000000  0.000000 -0.000000 -0.000002
57  0.000030 0.000028 0.000000  -1.571901 -0.044449 -0.106509
58  33.185574 1.676875 -41.957436  1.570796 -0.000000 0.000000
59  -14.897111 -8.037995 -7.403833  1.570796 -0.000000 0.000000
60  1.941978 -1.075505 -8.860325  1.570796 -0.000000 0.000000
61  -0.004311 0.001229 -0.000371  0.006898 -0.005534 -0.284229
62  -7.233792 3.620581 -6.293282  1.570796 -0.000000 0.000000
63  0.000000 0.000000 0.000000  -0.078727 -3.136056 0.284226
64  0.000000 0.000000 0.000000  1.562201 0.016906 -0.002671
65  -1.172340 -14.532213 -3.623243  -0.879606 0.971187 -1.446336
66  0.000001 -2.923558 -1.408043  0.000000 0.000000 -0.000000
67  -0.000003 -0.601198 -2.062165  0.000000 0.000000 -0.000000
68  0.004380 -0.039406 6.613115  0.000000 0.000000 -0.000000
69  0.000002 -0.021785 -0.115848  0.000000 0.000000 -0.000000
70  0.000001 -3.304880 0.259167  0.000000 0.000000 -0.000000
71  2.061234 -17.447849 -1.371243  -0.879606 0.971187 -1.446336
72  0.057099 0.204433 -2.709597  0.000000 0.000000 -0.000000
73  0.111672 -0.283002 -2.709597  0.000000 0.000000 -0.000000
74  -0.128218 -0.750369 -2.709597  0.000000 0.000000 -0.000000
time 112
0  0 0 0  0 0 0
1  0.000006 0.000000 0.000000  -1.570800 -1.391899 -1.570792
2  -8.526393 2.634402 1.937664  -1.544956 -1.855077 -0.198630
3  6.027525 -0.000333 0.000191  -2.042475 -1.696505 -0.144295
4  11.692112 0.000641 -0.000740  -1.378482 -0.000001 -1.064769
5  11.480328 0.000680 -0.000346  1.077776 -0.788744 1.700081
6  3.859510 -0.142879 -1.192049  -0.455904 0.180929 -0.802818
7  1.312589 0.000012 0.000008  -0.035778 -0.176074 -0.911505
8  0.729355 0.000054 0.000050  0.021077 -0.014194 -0.141620
9  3.942144 0.046273 -0.431512  -0.133520 0.086801 -0.558879
10  1.539111 0.000083 0.000006  0.001378 -0.013074 -0.250196
11  1.196332 0.000143 0.000030  -0.066656 -0.435287 -1.126555
12  3.883506 -0.047269 0.431381  0.095974 0.066513 -0.353642
13  1.719575 -0.000028 0.000013  0.003226 0.017797 -0.265081
14  1.209180 0.000090 0.000011  -0.040668 -0.418702 -0.996133
15  3.859665 -0.138475 1.332410  0.401652 0.135962 -0.180276
16  1.719449 -0.000011 0.000022  0.009735 0.040419 -0.135208
17  1.099676 0.000049 0.000007  -0.018188 -0.241110 -0.957517
18  0.805994 -0.349050 1.321253  -1.509873 -0.619430 -0.137482
19  1.789819 -0.000003 -0.000017  -0.003482 0.014917 0.070450
20  1.207017 -0.000012 -0.000044  -0.001839 -0.000201 0.228051
21  5.740637 0.000410 -0.000702  -0.006468 0.000003 0.000071
22  11.481070 0.000346 -0.000726  0.028981 -0.173120 0.265287
23  6.027524 -0.000332 0.000203  1.448372 0.028523 1.654915
24  0.000002 11.692099 -0.000009  -0.762399 -0.256921 -0.623443
25  0.000002 0.000010 -0.000001  -0.509406 -0.000031 1.570738
26  0.000000 -0.000012 -0.000001  0.868957 0.000002 1.570712
27  -6.837111 -2.442946 -7.233785  1.473120 1.855075 -0.198639
28  6.027509 -0.000268 -0.000221  2.125930 1.152373 0.323462
29  11.691990 0.000242 0.000857  0.141438 0.000036 -1.308278
30  11.480317 -0.000249 0.000871  -2.295337 -0.147064 -0.366521
31  3.859435 -0.132787 1.193063  0.466148 -0.051828 -1.783918
32  1.312557 0.000025 -0.000001  -0.013963 -0.041043 -0.156449
33  0.729344 0.000066 -0.000028  -0.128320 -0.117290 -0.954856
34  3.942045 0.050110 0.430998  0.211502 -0.107596 -1.469117
35  1.539096 0.000006 -0.000001  0.040712 -0.054387 -1.030473
36  1.196299 0.000077 -0.000005  -0.249391 -0.043040 -0.795121
37  3.883411 -0.050501 -0.431086  0.186407 -0.271796 -1.212183
38  1.719563 -0.000081 -0.000003  0.020974 -0.107650 -1.483529
39  1.209197 0.000035 0.000011  -0.324719 0.069674 -0.493483
40  3.859584 -0.149111 -1.331322  -0.040757 -0.073789 -0.195091
41  1.719413 -0.000098 -0.000035  -0.007235 0.031761 -0.150715
42  1.099674 0.000024 0.000007  0.118501 -0.028866 -0.144987
43  0.805979 -0.359854 -1.318337  0.991669 0.166768 -0.799535
44  1.789779 -0.000008 -0.000043  0.000057 -0.002451 0.133097
45  1.206995 -0.000006 0.000005  0.000372 -0.000070 1.058781
46  5.740572 0.000057 0.000724  -0.195353 -0.000014 0.000021
47  11.481008 -0.000012 0.000924  -0.152259 -0.030761 -0.080198
48  6.027513 -0.000274 -0.000237  -1.156397 -0.059497 -1.113147
49  0.000001 11.691973 -0.000007  -0.914388 0.373745 0.733824
50  0.000002 0.000000 -0.000000  2.413975 -0.000041 1.570856
51  -0.000005 -0.000015 0.000005  2.272644 -0.000030 1.570865
52  -9.666185 -13.938465 -3.537543  0.965534 -0.397078 -0.283208
53  -0.000000 -0.000001 0.000001  0.008153 -0.000259 0.000009
54  0.000000 0.000001 0.000002  1.565115 0.043565 -0.106862
55  -0.537746 -17.092144 -1.895350  0.074042 0.757195 -1.872397
56  -0.000001 -0.000001 0.000000  0.000000 -0.000000 -0.000002
57  0.000030 0.000028 0.000000  -1.571901 -0.044449 -0.106509
58  33.185574 1.676875 -41.957436  1.570796 -0.000000 0.000000
59  -14.861055 -7.919250 -7.139930  1.570796 -0.000000 0.000000
60  1.941978 -1.075505 -8.860325  1.570796 -0.000000 0.000000
61  -0.004311 0.001229 -0.000371  0.006898 -0.005534 -0.284229
62  -7.233792 3.620581 -6.293282  1.570796 -0.000000 0.000000
63  0.000000 0.000000 0.000000  -0.078727 -3.136056 0.284226
64  0.000000 0.000000 0.000000  1.563838 0.013307 -0.001902
65  -1.172340 -14.561288 -3.658797  -0.884886 0.969642 -1.454584
66  0.000002 -2.923559 -1.408042  -0.000000 0.000000 0.000000
67  -0.000002 -0.601198 -2.062164  -0.000000 0.000000 0.000000
68  0.004380 -0.039406 6.613115  -0.000000 0.000000 0.000000
69  0.000003 -0.021786 -0.115848  -0.000000 0.000000 0.000000
70  0.000002 -3.304881 0.259168  -0.000000 0.000000 0.000000
71  2.056118 -17.485241 -1.410241  -0.884886 0.969642 -1.454584
72  0.057100 0.204432 -2.709596  -0.000000 0.000000 0.000000
73  0.111672 -0.283001 -2.709597  -0.000000 0.000000 0.000000
74  -0.128218 -0.750370 -2.709596  -0.000000 0.000000 0.000000
time 113
0  0 0 0  0 0 0
1  0.000006 0.000000 0.000000  -1.570800 -1.391899 -1.570792
2  -8.526393 2.634402 1.937664  -1.544956 -1.855077 -0.198630
3  6.027525 -0.000333 0.000191  -2.042475 -1.696505 -0.144295
4  11.692112 0.000641 -0.000740  -1.379178 -0.000001 -1.064769
5  11.480329 0.000680 -0.000344  1.077649 -0.789434 1.700171
6  3.859510 -0.142879 -1.192049  -0.455904 0.180929 -0.802818
7  1.312589 0.000012 0.000008  -0.035778 -0.176074 -0.911505
8  0.729355 0.000054 0.000050  0.021077 -0.014194 -0.141620
9  3.942144 0.046273 -0.431512  -0.133520 0.086801 -0.558879
10  1.539111 0.000083 0.000006  0.001378 -0.013074 -0.250196
11  1.196332 0.000143 0.000030  -0.066656 -0.435287 -1.126555
12  3.883506 -0.047269 0.431381  0.095974 0.066513 -0.353642
13  1.719575 -0.000028 0.000013  0.003226 0.017797 -0.265081
14  1.209180 0.000090 0.000011  -0.040668 -0.418702 -0.996133
15  3.859665 -0.138475 1.332410  0.401652 0.135962 -0.180276
16  1.719449 -0.000011 0.000022  0.009735 0.040419 -0.135208
17  1.099676 0.000049 0.000007  -0.018188 -0.241110 -0.957517
18  0.805994 -0.349050 1.321253  -1.509873 -0.619430 -0.137482
19  1.789819 -0.000003 -0.000017  -0.003482 0.014917 0.070450
20  1.207017 -0.000012 -0.000044  -0.001839 -0.000201 0.228051
21  5.740637 0.000410 -0.000702  -0.006299 0.000003 0.000071
22  11.481071 0.000346 -0.000725  0.029082 -0.173228 0.265223
23  6.027524 -0.000332 0.000203  1.448372 0.028523 1.654915
24  0.000002 11.692099 -0.000009  -0.762399 -0.256921 -0.623443
25  0.000002 0.000010 -0.000001  -0.510102 -0.000031 1.570738
26  0.000000 -0.000012 -0.000001  0.868957 0.000002 1.570712
27  -6.837111 -2.442946 -7.233785  1.473120 1.855075 -0.198639
28  6.027508 -0.000268 -0.000222  2.142278 1.133047 0.394236
29  11.691992 0.000242 0.000856  0.141438 0.000036 -1.309165
30  11.480309 -0.000255 0.000873  -2.269423 -0.096909 -0.372509
31  3.859435 -0.132788 1.193062  0.466148 -0.051828 -1.783918
32  1.312558 0.000025 0.000000  -0.013963 -0.041043 -0.156449
33  0.729344 0.000066 -0.000028  -0.128320 -0.117290 -0.954856
34  3.942046 0.050108 0.430997  0.211502 -0.107596 -1.469117
35  1.539095 0.000005 -0.000002  0.040712 -0.054387 -1.030473
36  1.196301 0.000076 -0.000004  -0.249391 -0.043040 -0.795121
37  3.883411 -0.050502 -0.431086  0.186407 -0.271796 -1.212183
38  1.719563 -0.000081 -0.000003  0.020974 -0.107650 -1.483529
39  1.209197 0.000035 0.000011  -0.324719 0.069674 -0.493483
40  3.859584 -0.149113 -1.331322  -0.040757 -0.073789 -0.195091
41  1.719412 -0.000097 -0.000035  -0.007235 0.031761 -0.150715
42  1.099674 0.000026 0.000006  0.118501 -0.028866 -0.144987
43  0.805979 -0.359854 -1.318337  0.991670 0.166768 -0.799535
44  1.789780 -0.000007 -0.000040  0.000057 -0.002451 0.133097
45  1.206996 -0.000006 0.000007  0.000372 -0.000070 1.058782
46  5.740573 0.000056 0.000723  -0.183133 -0.000014 0.000021
47  11.481007 -0.000015 0.000924  -0.145830 -0.021396 -0.078871
48  6.027513 -0.000274 -0.000237  -1.136339 -0.055196 -1.058396
49  -0.000001 11.691976 -0.000006  -0.914929 0.374199 0.734199
50  0.000004 -0.000001 -0.000001  2.413975 -0.000041 1.570856
51  -0.000006 -0.000015 0.000006  2.272644 -0.000030 1.570865
52  -9.663461 -13.936002 -3.555823  0.962698 -0.395714 -0.285960
53  -0.000001 -0.000000 -0.000001  0.008153 -0.000259 0.000009
54  -0.000000 -0.000000 0.000000  1.565115 0.043565 -0.106862
55  -0.537746 -17.092144 -1.895350  0.074042 0.757195 -1.872397
56  -0.000001 -0.000001 0.000000  0.000000 -0.000000 -0.000002
57  0.000030 0.000028 0.000000  -1.571901 -0.044449 -0.106509
58  33.185574 1.676875 -41.957436  1.570796 -0.000000 0.000000
59  -14.811174 -7.790393 -6.863077  1.570796 -0.000000 0.000000
60  1.941978 -1.075505 -8.860325  1.570796 -0.000000 0.000000
61  -0.004311 0.001229 -0.000371  0.006898 -0.005534 -0.284229
62  -7.233792 3.620581 -6.293282  1.570796 -0.000000 0.000000
63  0.000000 0.000000 0.000000  -0.078727 -3.136056 0.284226
64  0.000000 0.000000 0.000000  1.565597 0.009520 -0.001198
65  -1.172340 -14.591776 -3.693069  -0.888893 0.967757 -1.461734
66  0.000000 -2.923557 -1.408042  0.000000 0.000000 -0.000000
67  -0.000004 -0.601197 -2.062165  0.000000 0.000000 -0.000000
68  0.004381 -0.039407 6.613115  0.000000 0.000000 -0.000000
69  0.000002 -0.021788 -0.115849  0.000000 0.000000 -0.000000
70  0.000001 -3.304881 0.259168  0.000000 0.000000 -0.000000
71  2.049451 -17.523354 -1.444875  -0.888893 0.967757 -1.461734
72  0.057101 0.204433 -2.709598  0.000000 0.000000 -0.000000
73  0.111673 -0.283002 -2.709598  0.000000 0.000000 -0.000000
74  -0.128216 -0.750371 -2.709597  0.000000 0.000000 -0.000000
time 114
0  0 0 0  0 0 0
1  0.000006 0.000000 0.000000  -1.570800 -1.391899 -1.570792
2  -8.526393 2.634402 1.937664  -1.544956 -1.855077 -0.198630
3  6.027525 -0.000333 0.000191  -2.042475 -1.696505 -0.144295
4  11.692112 0.000641 -0.000740  -1.379791 -0.000001 -1.064769
5  11.480327 0.000681 -0.000346  1.077537 -0.790042 1.700251
6  3.859510 -0.142879 -1.192049  -0.455904 0.180929 -0.802818
7  1.312589 0.000012 0.000008  -0.035778 -0.176074 -0.911505
8  0.729355 0.000054 0.000050  0.021077 -0.014194 -0.141620
9  3.942144 0.046273 -0.431512  -0.133520 0.086801 -0.558879
10  1.539111 0.000083 0.000006  0.001378 -0.013074 -0.250196
11  1.196332 0.000143 0.000030  -0.066656 -0.435287 -1.126555
12  3.883506 -0.047269 0.431381  0.095974 0.066513 -0.353642
13  1.719575 -0.000028 0.000013  0.003226 0.017797 -0.265081
14  1.209180 0.000090 0.000011  -0.040668 -0.418702 -0.996133
15  3.859665 -0.138475 1.332410  0.401652 0.135962 -0.180276
16  1.719449 -0.000011 0.000022  0.009735 0.040419 -0.135208
17  1.099676 0.000049 0.000007  -0.018188 -0.241110 -0.957517
18  0.805994 -0.349050 1.321253  -1.509873 -0.619430 -0.137482
19  1.789819 -0.000003 -0.000017  -0.003482 0.014917 0.070450
20  1.207017 -0.000012 -0.000044  -0.001839 -0.000201 0.228051
21  5.740636 0.000410 -0.000703  -0.006150 0.000003 0.000071
22  11.481069 0.000346 -0.000727  0.029171 -0.173323 0.265166
23  6.027524 -0.000332 0.000203  1.448372 0.028523 1.654915
24  0.000002 11.692099 -0.000009  -0.762399 -0.256921 -0.623443
25  0.000002 0.000010 -0.000001  -0.510715 -0.000031 1.570738
26  0.000000 -0.000012 -0.000001  0.868957 0.000002 1.570712
27  -6.837111 -2.442946 -7.233785  1.473120 1.855075 -0.198639
28  6.027507 -0.000268 -0.000222  2.155885 1.110951 0.469209
29  11.691992 0.000243 0.000857  0.141438 0.000036 -1.310120
30  11.480303 -0.000258 0.000876  -2.240512 -0.039567 -0.377884
31  3.859435 -0.132787 1.193062  0.466148 -0.051828 -1.783918
32  1.312558 0.000024 0.000000  -0.013963 -0.041043 -0.156449
33  0.729346 0.000067 -0.000026  -0.128320 -0.117290 -0.954856
34  3.942046 0.050110 0.430997  0.211502 -0.107596 -1.469117
35  1.539095 0.000005 -0.000001  0.040712 -0.054387 -1.030473
36  1.196299 0.000077 -0.000004  -0.249391 -0.043040 -0.795121
37  3.883411 -0.050501 -0.431087  0.186407 -0.271796 -1.212183
38  1.719563 -0.000081 -0.000003  0.020974 -0.107650 -1.483529
39  1.209196 0.000035 0.000012  -0.324719 0.069674 -0.493483
40  3.859585 -0.149111 -1.331322  -0.040757 -0.073789 -0.195091
41  1.719412 -0.000098 -0.000034  -0.007235 0.031761 -0.150715
42  1.099673 0.000025 0.000008  0.118501 -0.028866 -0.144987
43  0.805978 -0.359853 -1.318337  0.991670 0.166768 -0.799535
44  1.789780 -0.000008 -0.000041  0.000057 -0.002451 0.133097
45  1.206996 -0.000005 0.000006  0.000372 -0.000070 1.058781
46  5.740572 0.000056 0.000723  -0.170038 -0.000014 0.000021
47  11.481005 -0.000014 0.000924  -0.138470 -0.010759 -0.077276
48  6.027513 -0.000274 -0.000237  -1.113691 -0.051786 -0.996894
49  -0.000003 11.691975 -0.000007  -0.915510 0.374687 0.734603
50  0.000004 -0.000003 -0.000000  2.413975 -0.000041 1.570856
51  -0.000008 -0.000015 0.000005  2.272644 -0.000030 1.570865
52  -9.660661 -13.934290 -3.579221  0.959706 -0.395130 -0.288689
53  -0.000000 0.000000 0.000001  0.008153 -0.000259 0.000009
54  -0.000000 0.000001 -0.000000  1.565115 0.043565 -0.106862
55  -0.537746 -17.092144 -1.895350  0.074042 0.757195 -1.872397
56  -0.000001 -0.000001 0.000000  0.000000 -0.000000 -0.000002
57  0.000030 0.000028 0.000000  -1.571901 -0.044449 -0.106509
58  33.185574 1.676875 -41.957436  1.570796 -0.000000 0.000000
59  -14.748755 -7.653651 -6.577665  1.570796 -0.000000 0.000000
60  1.941978 -1.075505 -8.860325  1.570796 -0.000000 0.000000
61  -0.004311 0.001229 -0.000371  0.006898 -0.005534 -0.284229
62  -7.233792 3.620581 -6.293282  1.570796 -0.000000 0.000000
63  0.000000 0.000000 0.000000  -0.078727 -3.136056 0.284226
64  0.000000 0.000000 0.000000  1.567323 0.005919 -0.000593
65  -1.172340 -14.623363 -3.726193  -0.891705 0.965430 -1.467928
66  0.000001 -2.923558 -1.408042  -0.000000 0.000000 -0.000000
67  -0.000003 -0.601197 -2.062165  -0.000000 0.000000 -0.000000
68  0.004380 -0.039407 6.613114  -0.000000 0.000000 -0.000000
69  0.000002 -0.021787 -0.115849  -0.000000 0.000000 -0.000000
70  0.000002 -3.304881 0.259169  -0.000000 0.000000 -0.000000
71  2.041079 -17.561840 -1.475030  -0.891705 0.965430 -1.467928
72  0.057100 0.204432 -2.709596  -0.000000 0.000000 -0.000000
73  0.111674 -0.283002 -2.709596  -0.000000 0.000000 -0.000000
74  -0.128218 -0.750370 -2.709597  -0.000000 0.000000 -0.000000
time 115
0  0 0 0  0 0 0
1  0.000006 0.000000 0.000000  -1.570800 -1.391899 -1.570792
2  -8.526393 2.634402 1.937664  -1.544956 -1.855077 -0.198630
3  6.027525 -0.000333 0.000191  -2.042475 -1.696505 -0.144295
4  11.692112 0.000641 -0.000740  -1.380322 -0.000001 -1.064769
5  11.480329 0.000681 -0.000344  1.077439 -0.790568 1.700320
6  3.859510 -0.142879 -1.192049  -0.455904 0.180929 -0.802818
7  1.312589 0.000012 0.000008  -0.035778 -0.176074 -0.911505
8  0.729355 0.000054 0.000050  0.021077 -0.014194 -0.141620
9  3.942144 0.046273 -0.431512  -0.133520 0.086801 -0.558879
10  1.539111 0.000083 0.000006  0.001378 -0.013074 -0.250196
11  1.196332 0.000143 0.000030  -0.066656 -0.435287 -1.126555
12  3.883506 -0.047269 0.431381  0.095974 0.066513 -0.353642
13  1.719575 -0.000028 0.000013  0.003226 0.017797 -0.265081
14  1.209180 0.000090 0.000011  -0.040668 -0.418702 -0.996133
15  3.859665 -0.138475 1.332410  0.401652 0.135962 -0.180276
16  1.719449 -0.000011 0.000022  0.009735 0.040419 -0.135208
17  1.099676 0.000049 0.000007  -0.018188 -0.241110 -0.957517
18  0.805994 -0.349050 1.321253  -1.509873 -0.619430 -0.137482
19  1.789819 -0.000003 -0.000017  -0.003482 0.014917 0.070450
20  1.207017 -0.000012 -0.000044  -0.001839 -0.000201 0.228051
21  5.740637 0.000410 -0.000702  -0.006021 0.000003 0.000071
22  11.481071 0.000346 -0.000725  0.029247 -0.173406 0.265117
23  6.027524 -0.000332 0.000203  1.448372 0.028523 1.654915
24  0.000002 11.692099 -0.000009  -0.762399 -0.256921 -0.623443
25  0.000002 0.000010 -0.000001  -0.511245 -0.000031 1.570738
26  0.000000 -0.000012 -0.000001  0.868957 0.000002 1.570712
27  -6.837111 -2.442946 -7.233785  1.473120 1.855075 -0.198639
28  6.027506 -0.000269 -0.000222  2.165882 1.086142 0.547501
29  11.691993 0.000242 0.000857  0.141438 0.000036 -1.311266
30  11.480297 -0.000263 0.000875  -2.208767 0.024870 -0.381854
31  3.859436 -0.132788 1.193063  0.466148 -0.051828 -1.783918
32  1.312559 0.000024 0.000001  -0.013963 -0.041043 -0.156449
33  0.729345 0.000067 -0.000027  -0.128320 -0.117290 -0.954856
34  3.942047 0.050108 0.430997  0.211502 -0.107596 -1.469117
35  1.539095 0.000004 0.000000  0.040712 -0.054387 -1.030473
36  1.196300 0.000076 -0.000005  -0.249391 -0.043040 -0.795121
37  3.883412 -0.050504 -0.431085  0.186407 -0.271795 -1.212183
38  1.719563 -0.000081 -0.000004  0.020974 -0.107650 -1.483529
39  1.209197 0.000036 0.000012  -0.324719 0.069674 -0.493483
40  3.859585 -0.149112 -1.331323  -0.040757 -0.073789 -0.195091
41  1.719413 -0.000097 -0.000034  -0.007235 0.031761 -0.150715
42  1.099674 0.000024 0.000008  0.118501 -0.028866 -0.144987
43  0.805979 -0.359854 -1.318337  0.991669 0.166768 -0.799535
44  1.789780 -0.000008 -0.000042  0.000057 -0.002451 0.133097
45  1.206998 -0.000005 0.000005  0.000372 -0.000070 1.058782
46  5.740572 0.000055 0.000723  -0.156225 -0.000014 0.000021
47  11.481003 -0.000017 0.000925  -0.130192 0.001100 -0.075324
48  6.027513 -0.000274 -0.000237  -1.088521 -0.049727 -0.928783
49  -0.000001 11.691976 -0.000008  -0.916208 0.375274 0.735087
50  0.000003 -0.000001 -0.000000  2.413975 -0.000041 1.570856
51  -0.000007 -0.000015 0.000004  2.272644 -0.000030 1.570865
52  -9.657743 -13.932382 -3.607739  0.956430 -0.395336 -0.291414
53  -0.000000 0.000001 -0.000000  0.008153 -0.000259 0.000009
54  0.000000 -0.000000 0.000001  1.565115 0.043565 -0.106862
55  -0.537746 -17.092144 -1.895350  0.074042 0.757195 -1.872397
56  -0.000001 -0.000001 0.000000  0.000000 -0.000000 -0.000002
57  0.000030 0.000028 0.000000  -1.571901 -0.044449 -0.106509
58  33.185574 1.676875 -41.957436  1.570796 -0.000000 0.000000
59  -14.675885 -7.512065 -6.289442  1.570796 -0.000000 0.000000
60  1.941978 -1.075505 -8.860325  1.570796 -0.000000 0.000000
61  -0.004311 0.001229 -0.000371  0.006898 -0.005534 -0.284229
62  -7.233792 3.620581 -6.293282  1.570796 -0.000000 0.000000
63  0.000000 0.000000 0.000000  -0.078727 -3.136056 0.284226
64  0.000000 0.000000 0.000000  1.568866 0.002882 -0.000123
65  -1.172340 -14.655734 -3.758291  -0.893389 0.962556 -1.473298
66  0.000000 -2.923557 -1.408043  0.000000 0.000000 0.000000
67  -0.000003 -0.601197 -2.062165  0.000000 0.000000 0.000000
68  0.004380 -0.039405 6.613115  0.000000 0.000000 0.000000
69  0.000002 -0.021786 -0.115849  0.000000 0.000000 0.000000
70  0.000000 -3.304880 0.259167  0.000000 0.000000 0.000000
71  2.030856 -17.600340 -1.500575  -0.893389 0.962556 -1.473298
72  0.057101 0.204434 -2.709597  0.000000 0.000000 0.000000
73  0.111673 -0.283000 -2.709597  0.000000 0.000000 0.000000
74  -0.128217 -0.750369 -2.709597  0.000000 0.000000 0.000000
time 116
0  0 0 0  0 0 0
1  0.000006 0.000000 0.000000  -1.570800 -1.391899 -1.570792
2  -8.526393 2.634402 1.937664  -1.544956 -1.855077 -0.198630
3  6.027525 -0.000333 0.000191  -2.042475 -1.696505 -0.144295
4  11.692112 0.000641 -0.000740  -1.380769 -0.000001 -1.064769
5  11.480328 0.000681 -0.000345  1.077357 -0.791012 1.700379
6  3.859510 -0.142879 -1.192049  -0.455904 0.180929 -0.802818
7  1.312589 0.000012 0.000008  -0.035778 -0.176074 -0.911505
8  0.729355 0.000054 0.000050  0.021077 -0.014194 -0.141620
9  3.942144 0.046273 -0.431512  -0.133520 0.086801 -0.558879
10  1.539111 0.000083 0.000006  0.001378 -0.013074 -0.250196
11  1.196332 0.000143 0.000030  -0.066656 -0.435287 -1.126555
12  3.883506 -0.047269 0.431381  0.095974 0.066513 -0.353642
13  1.719575 -0.000028 0.000013  0.003226 0.017797 -0.265081
14  1.209180 0.000090 0.000011  -0.040668 -0.418702 -0.996133
15  3.859665 -0.138475 1.332410  0.401652 0.135962 -0.180276
16  1.719449 -0.000011 0.000022  0.009735 0.040419 -0.135208
17  1.099676 0.000049 0.000007  -0.018188 -0.241110 -0.957517
18  0.805994 -0.349050 1.321253  -1.509873 -0.619430 -0.137482
19  1.789819 -0.000003 -0.000017  -0.003482 0.014917 0.070450
20  1.207017 -0.000012 -0.000044  -0.001839 -0.000201 0.228051
21  5.740636 0.000410 -0.000703  -0.005912 0.000003 0.000071
22  11.481070 0.000347 -0.000726  0.029312 -0.173476 0.265075
23  6.027524 -0.000332 0.000203  1.448372 0.028523 1.654915
24  0.000002 11.692099 -0.000009  -0.762399 -0.256921 -0.623443
25  0.000002 0.000010 -0.000001  -0.511693 -0.000031 1.570738
26  0.000000 -0.000012 -0.000001  0.868957 0.000002 1.570712
27  -6.837111 -2.442946 -7.233785  1.473120 1.855075 -0.198639
28  6.027505 -0.000270 -0.000222  2.170601 1.058473 0.627527
29  11.691993 0.000244 0.000856  0.141438 0.000036 -1.313777
30  11.480282 -0.000272 0.000878  -2.175343 0.097477 -0.382653
31  3.859435 -0.132788 1.193062  0.466148 -0.051828 -1.783918
32  1.312560 0.000026 0.000001  -0.013963 -0.041043 -0.156449
33  0.729345 0.000067 -0.000027  -0.128320 -0.117290 -0.954856
34  3.942046 0.050108 0.430997  0.211502 -0.107596 -1.469117
35  1.539096 0.000005 0.000001  0.040712 -0.054387 -1.030473
36  1.196300 0.000076 -0.000002  -0.249391 -0.043040 -0.795121
37  3.883411 -0.050502 -0.431087  0.186407 -0.271795 -1.212183
38  1.719564 -0.000081 -0.000003  0.020974 -0.107650 -1.483529
39  1.209197 0.000038 0.000012  -0.324719 0.069674 -0.493483
40  3.859585 -0.149111 -1.331323  -0.040757 -0.073789 -0.195091
41  1.719411 -0.000096 -0.000033  -0.007235 0.031761 -0.150715
42  1.099674 0.000026 0.000008  0.118501 -0.028866 -0.144987
43  0.805979 -0.359854 -1.318338  0.991670 0.166768 -0.799535
44  1.789780 -0.000009 -0.000042  0.000057 -0.002451 0.133097
45  1.206997 -0.000005 0.000006  0.000372 -0.000070 1.058781
46  5.740574 0.000057 0.000724  -0.141884 -0.000014 0.000021
47  11.481002 -0.000017 0.000926  -0.121195 0.014353 -0.072653
48  6.027513 -0.000274 -0.000237  -1.060727 -0.050016 -0.854287
49  0.000000 11.691976 -0.000007  -0.917737 0.376561 0.736147
50  0.000004 -0.000001 0.000001  2.413975 -0.000041 1.570856
51  -0.000006 -0.000015 0.000005  2.272644 -0.000030 1.570865
52  -9.654216 -13.923163 -3.648293  0.951987 -0.397314 -0.294580
53  -0.000000 -0.000000 -0.000001  0.008153 -0.000259 0.000009
54  -0.000000 0.000000 0.000000  1.565115 0.043565 -0.106862
55  -0.537746 -17.092144 -1.895350  0.074042 0.757195 -1.872397
56  -0.000001 -0.000001 0.000000  0.000000 -0.000000 -0.000002
57  0.000030 0.000028 0.000000  -1.571901 -0.044449 -0.106509
58  33.185574 1.676875 -41.957436  1.570796 -0.000000 0.000000
59  -14.595468 -7.369443 -6.005310  1.570796 -0.000000 0.000000
60  1.941978 -1.075505 -8.860325  1.570796 -0.000000 0.000000
61  -0.004311 0.001229 -0.000371  0.006898 -0.005534 -0.284229
62  -7.233792 3.620581 -6.293282  1.570796 -0.000000 0.000000
63  0.000000 0.000000 0.000000  -0.078727 -3.136056 0.284226
64  0.000000 0.000000 0.000000  1.570074 0.000783 0.000182
65  -1.172340 -14.688577 -3.789477  -0.892902 0.958014 -1.477780
66  0.000002 -2.923558 -1.408042  0.000000 -0.000000 0.000000
67  -0.000001 -0.601198 -2.062164  0.000000 -0.000000 0.000000
68  0.004382 -0.039408 6.613117  0.000000 -0.000000 0.000000
69  0.000003 -0.021786 -0.115848  0.000000 -0.000000 0.000000
70  0.000003 -3.304882 0.259169  0.000000 -0.000000 0.000000
71  2.014864 -17.638594 -1.516245  -0.892902 0.958014 -1.477780
72  0.057101 0.204432 -2.709597  0.000000 -0.000000 0.000000
73  0.111674 -0.283001 -2.709597  0.000000 -0.000000 0.000000
74  -0.128217 -0.750371 -2.709597  0.000000 -0.000000 0.000000
time 117
0  0 0 0  0 0 0
1  0.000006 0.000000 0.000000  -1.570800 -1.391899 -1.570792
2  -8.526393 2.634402 1.937664  -1.544956 -1.855077 -0.198630
3  6.027525 -0.000333 0.000191  -2.042475 -1.696505 -0.144295
4  11.692112 0.000641 -0.000740  -1.381135 -0.000001 -1.064769
5  11.480328 0.000681 -0.000344  1.077290 -0.791375 1.700427
6  3.859510 -0.142879 -1.192049  -0.455904 0.180929 -0.802818
7  1.312589 0.000012 0.000008  -0.035778 -0.176074 -0.911505
8  0.729355 0.000054 0.000050  0.021077 -0.014194 -0.141620
9  3.942144 0.046273 -0.431512  -0.133520 0.086801 -0.558879
10  1.539111 0.000083 0.000006  0.001378 -0.013074 -0.250196
11  1.196332 0.000143 0.000030  -0.066656 -0.435287 -1.126555
12  3.883506 -0.047269 0.431381  0.095974 0.066513 -0.353642
13  1.719575 -0.000028 0.000013  0.003226 0.017797 -0.265081
14  1.209180 0.000090 0.000011  -0.040668 -0.418702 -0.996133
15  3.859665 -0.138475 1.332410  0.401652 0.135962 -0.180276
16  1.719449 -0.000011 0.000022  0.009735 0.040419 -0.135208
17  1.099676 0.000049 0.000007  -0.018188 -0.241110 -0.957517
18  0.805994 -0.349050 1.321253  -1.509873 -0.619430 -0.137482
19  1.789819 -0.000003 -0.000017  -0.003482 0.014917 0.070450
20  1.207017 -0.000012 -0.000044  -0.001839 -0.000201 0.228051
21  5.740636 0.000410 -0.000702  -0.005823 0.000003 0.000071
22  11.481071 0.000346 -0.000725  0.029365 -0.173533 0.265042
23  6.027524 -0.000332 0.000203  1.448372 0.028523 1.654915
24  0.000002 11.692099 -0.000009  -0.762399 -0.256921 -0.623443
25  0.000002 0.000010 -0.000001  -0.512059 -0.000031 1.570738
26  0.000000 -0.000012 -0.000001  0.868957 0.000002 1.570712
27  -6.837111 -2.442946 -7.233785  1.473120 1.855075 -0.198639
28  6.027504 -0.000271 -0.000222  2.169165 1.028459 0.707338
29  11.691992 0.000243 0.000857  0.141438 0.000037 -1.318453
30  11.480248 -0.000291 0.000881  -2.141289 0.177786 -0.378545
31  3.859437 -0.132787 1.193060  0.466148 -0.051828 -1.783917
32  1.312558 0.000025 0.000000  -0.013963 -0.041043 -0.156449
33  0.729346 0.000067 -0.000028  -0.128320 -0.117290 -0.954856
34  3.942047 0.050109 0.430995  0.211502 -0.107596 -1.469117
35  1.539097 0.000005 0.000001  0.040712 -0.054387 -1.030473
36  1.196301 0.000078 -0.000003  -0.249391 -0.043040 -0.795121
37  3.883412 -0.050502 -0.431088  0.186407 -0.271795 -1.212183
38  1.719563 -0.000081 -0.000005  0.020974 -0.107650 -1.483529
39  1.209196 0.000033 0.000011  -0.324719 0.069674 -0.493483
40  3.859585 -0.149112 -1.331324  -0.040757 -0.073789 -0.195091
41  1.719412 -0.000098 -0.000033  -0.007235 0.031761 -0.150715
42  1.099674 0.000023 0.000006  0.118501 -0.028866 -0.144987
43  0.805979 -0.359854 -1.318340  0.991670 0.166768 -0.799535
44  1.789779 -0.000008 -0.000042  0.000057 -0.002451 0.133097
45  1.206996 -0.000005 0.000007  0.000372 -0.000070 1.058782
46  5.740572 0.000056 0.000724  -0.127380 -0.000014 0.000021
47  11.480994 -0.000022 0.000926  -0.111756 0.028894 -0.068961
48  6.027513 -0.000274 -0.000237  -1.030856 -0.053398 -0.774780
49  -0.000002 11.691975 -0.000006  -0.920581 0.378961 0.738116
50  0.000004 -0.000002 -0.000001  2.413975 -0.000041 1.570856
51  -0.000007 -0.000015 0.000005  2.272644 -0.000030 1.570865
52  -9.649529 -13.901661 -3.705760  0.945742 -0.401746 -0.298476
53  0.000000 0.000000 -0.000001  0.008153 -0.000259 0.000009
54  0.000000 0.000000 -0.000002  1.565115 0.043565 -0.106862
55  -0.537746 -17.092144 -1.895350  0.074042 0.757195 -1.872397
56  -0.000001 -0.000001 0.000000  0.000000 -0.000000 -0.000002
57  0.000030 0.000028 0.000000  -1.571901 -0.044449 -0.106509
58  33.185574 1.676875 -41.957436  1.570796 -0.000000 0.000000
59  -14.511082 -7.230097 -5.732851  1.570796 -0.000000 0.000000
60  1.941978 -1.075505 -8.860325  1.570796 -0.000000 0.000000
61  -0.004311 0.001229 -0.000371  0.006898 -0.005534 -0.284229
62  -7.233792 3.620581 -6.293282  1.570796 -0.000000 0.000000
63  0.000000 0.000000 0.000000  -0.078727 -3.136056 0.284226
64  0.000000 0.000000 0.000000  1.570796 -0.000000 0.000290
65  -1.172340 -14.721577 -3.819861  -0.889565 0.951012 -1.481383
66  0.000002 -2.923558 -1.408042  0.000000 0.000000 0.000000
67  -0.000002 -0.601197 -2.062165  0.000000 0.000000 0.000000
68  0.004381 -0.039405 6.613116  0.000000 0.000000 0.000000
69  0.000002 -0.021785 -0.115849  0.000000 0.000000 0.000000
70  0.000002 -3.304880 0.259168  0.000000 0.000000 0.000000
71  1.990336 -17.676128 -1.518437  -0.889565 0.951012 -1.481383
72  0.057099 0.204434 -2.709598  0.000000 0.000000 0.000000
73  0.111672 -0.283001 -2.709598  0.000000 0.000000 0.000000
74  -0.128218 -0.750370 -2.709597  0.000000 0.000000 0.000000
time 118
0  0 0 0  0 0 0
1  0.000006 0.000000 0.000000  -1.570800 -1.391899 -1.570792
2  -8.526393 2.634402 1.937664  -1.544956 -1.855077 -0.198630
3  6.027525 -0.000333 0.000191  -2.042475 -1.696505 -0.144295
4  11.692112 0.000641 -0.000740  -1.381419 -0.000001 -1.064769
5  11.480329 0.000682 -0.000346  1.077238 -0.791657 1.700464
6  3.859510 -0.142879 -1.192049  -0.455904 0.180929 -0.802818
7  1.312589 0.000012 0.000008  -0.035778 -0.176074 -0.911505
8  0.729355 0.000054 0.000050  0.021077 -0.014194 -0.141620
9  3.942144 0.046273 -0.431512  -0.133520 0.086801 -0.558879
10  1.539111 0.000083 0.000006  0.001378 -0.013074 -0.250196
11  1.196332 0.000143 0.000030  -0.066656 -0.435287 -1.126555
12  3.883506 -0.047269 0.431381  0.095974 0.066513 -0.353642
13  1.719575 -0.000028 0.000013  0.003226 0.017797 -0.265081
14  1.209180 0.000090 0.000011  -0.040668 -0.418702 -0.996133
15  3.859665 -0.138475 1.332410  0.401652 0.135962 -0.180276
16  1.719449 -0.000011 0.000022  0.009735 0.040419 -0.135208
17  1.099676 0.000049 0.000007  -0.018188 -0.241110 -0.957517
18  0.805994 -0.349050 1.321253  -1.509873 -0.619430 -0.137482
19  1.789819 -0.000003 -0.000017  -0.003482 0.014917 0.070450
20  1.207017 -0.000012 -0.000044  -0.001839 -0.000201 0.228051
21  5.740637 0.000410 -0.000705  -0.005754 0.000003 0.000071
22  11.481071 0.000347 -0.000727  0.029407 -0.173577 0.265015
23  6.027524 -0.000332 0.000203  1.448372 0.028523 1.654915
24  0.000002 11.692099 -0.000009  -0.762399 -0.256921 -0.623443
25  0.000002 0.000010 -0.000001  -0.512343 -0.000031 1.570738
26  0.000000 -0.000012 -0.000001  0.868957 0.000002 1.570712
27  -6.837111 -2.442946 -7.233785  1.473120 1.855075 -0.198639
28  6.027504 -0.000271 -0.000222  2.162357 0.997686 0.784580
29  11.691991 0.000245 0.000857  0.141438 0.000037 -1.324839
30  11.480206 -0.000312 0.000885  -2.107081 0.262072 -0.368938
31  3.859436 -0.132788 1.193061  0.466148 -0.051828 -1.783918
32  1.312560 0.000026 -0.000000  -0.013963 -0.041043 -0.156449
33  0.729346 0.000067 -0.000027  -0.128320 -0.117290 -0.954856
34  3.942046 0.050109 0.430996  0.211502 -0.107596 -1.469117
35  1.539095 0.000004 0.000000  0.040712 -0.054387 -1.030473
36  1.196300 0.000076 -0.000002  -0.249391 -0.043040 -0.795121
37  3.883412 -0.050503 -0.431087  0.186407 -0.271795 -1.212183
38  1.719563 -0.000081 -0.000005  0.020974 -0.107650 -1.483529
39  1.209198 0.000036 0.000013  -0.324719 0.069674 -0.493483
40  3.859585 -0.149112 -1.331323  -0.040757 -0.073789 -0.195091
41  1.719412 -0.000098 -0.000034  -0.007235 0.031761 -0.150715
42  1.099674 0.000023 0.000007  0.118501 -0.028866 -0.144987
43  0.805978 -0.359854 -1.318339  0.991670 0.166768 -0.799535
44  1.789779 -0.000007 -0.000043  0.000057 -0.002451 0.133097
45  1.206996 -0.000005 0.000004  0.000372 -0.000070 1.058782
46  5.740574 0.000054 0.000724  -0.113254 -0.000014 0.000021
47  11.480986 -0.000027 0.000926  -0.102200 0.044035 -0.064325
48  6.027513 -0.000274 -0.000237  -1.000487 -0.059775 -0.693478
49  -0.000002 11.691975 -0.000006  -0.924462 0.382247 0.740798
50  0.000005 -0.000001 0.000000  2.413975 -0.000041 1.570856
51  -0.000007 -0.000016 0.000005  2.272644 -0.000030 1.570865
52  -9.643525 -13.870244 -3.777163  0.937942 -0.408201 -0.302889
53  0.000001 0.000000 -0.000001  0.008153 -0.000259 0.000009
54  0.000000 -0.000000 0.000000  1.565115 0.043565 -0.106862
55  -0.537746 -17.092144 -1.895350  0.074042 0.757195 -1.872397
56  -0.000001 -0.000001 0.000000  0.000000 -0.000000 -0.000002
57  0.000030 0.000028 0.000000  -1.571901 -0.044449 -0.106509
58  33.185574 1.676875 -41.957436  1.570796 -0.000000 0.000000
59  -14.426695 -7.098475 -5.479635  1.570796 -0.000000 0.000000
60  1.941978 -1.075505 -8.860325  1.570796 -0.000000 0.000000
61  -0.004311 0.001229 -0.000371  0.006898 -0.005534 -0.284229
62  -7.233792 3.620581 -6.293282  1.570796 -0.000000 0.000000
63  0.000000 0.000000 0.000000  -0.078727 -3.136056 0.284226
64  0.000000 0.000000 0.000000  1.571126 0.000000 -0.000001
65  -1.172340 -14.754420 -3.849547  -0.883994 0.941931 -1.484348
66  0.000003 -2.923559 -1.408042  0.000000 0.000000 0.000000
67  -0.000001 -0.601200 -2.062163  0.000000 0.000000 0.000000
68  0.004380 -0.039405 6.613115  0.000000 0.000000 0.000000
69  0.000001 -0.021785 -0.115849  0.000000 0.000000 0.000000
70  0.000002 -3.304882 0.259169  0.000000 0.000000 0.000000
71  1.958825 -17.712204 -1.509508  -0.883994 0.941931 -1.484348
72  0.057101 0.204433 -2.709596  0.000000 0.000000 0.000000
73  0.111673 -0.283001 -2.709597  0.000000 0.000000 0.000000
74  -0.128217 -0.750369 -2.709597  0.000000 0.000000 0.000000
time 119
0  0 0 0  0 0 0
1  0.000006 0.000000 0.000000  -1.570800 -1.391899 -1.570792
2  -8.526393 2.634402 1.937664  -1.544956 -1.855077 -0.198630
3  6.027525 -0.000333 0.000191  -2.042475 -1.696505 -0.144295
4  11.692112 0.000641 -0.000740  -1.381621 -0.000001 -1.064769
5  11.480329 0.000681 -0.000344  1.077200 -0.791857 1.700490
6  3.859510 -0.142879 -1.192049  -0.455904 0.180929 -0.802818
7  1.312589 0.000012 0.000008  -0.035778 -0.176074 -0.911505
8  0.729355 0.000054 0.000050  0.021077 -0.014194 -0.141620
9  3.942144 0.046273 -0.431512  -0.133520 0.086801 -0.558879
10  1.539111 0.000083 0.000006  0.001378 -0.013074 -0.250196
11  1.196332 0.000143 0.000030  -0.066656 -0.435287 -1.126555
12  3.883506 -0.047269 0.431381  0.095974 0.066513 -0.353642
13  1.719575 -0.000028 0.000013  0.003226 0.017797 -0.265081
14  1.209180 0.000090 0.000011  -0.040668 -0.418702 -0.996133
15  3.859665 -0.138475 1.332410  0.401652 0.135962 -0.180276
16  1.719449 -0.000011 0.000022  0.009735 0.040419 -0.135208
17  1.099676 0.000049 0.000007  -0.018188 -0.241110 -0.957517
18  0.805994 -0.349050 1.321253  -1.509873 -0.619430 -0.137482
19  1.789819 -0.000003 -0.000017  -0.003482 0.014917 0.070450
20  1.207017 -0.000012 -0.000044  -0.001839 -0.000201 0.228051
21  5.740637 0.000410 -0.000703  -0.005704 0.000003 0.000071
22  11.481071 0.000346 -0.000725  0.029436 -0.173609 0.264997
23  6.027524 -0.000332 0.000203  1.448372 0.028523 1.654915
24  0.000002 11.692099 -0.000009  -0.762399 -0.256921 -0.623443
25  0.000002 0.000010 -0.000001  -0.512545 -0.000031 1.570738
26  0.000000 -0.000012 -0.000001  0.868957 0.000002 1.570712
27  -6.837111 -2.442946 -7.233785  1.473120 1.855075 -0.198639
28  6.027503 -0.000273 -0.000222  2.151479 0.967935 0.856572
29  11.691991 0.000245 0.000855  0.141439 0.000038 -1.332483
30  11.480155 -0.000339 0.000889  -2.073603 0.345929 -0.353772
31  3.859435 -0.132788 1.193064  0.466148 -0.051828 -1.783918
32  1.312561 0.000025 -0.000001  -0.013963 -0.041043 -0.156449
33  0.729344 0.000063 -0.000028  -0.128320 -0.117290 -0.954856
34  3.942045 0.050110 0.430999  0.211502 -0.107596 -1.469117
35  1.539095 0.000005 -0.000001  0.040712 -0.054387 -1.030473
36  1.196298 0.000076 -0.000002  -0.249391 -0.043040 -0.795121
37  3.883410 -0.050501 -0.431085  0.186407 -0.271795 -1.212183
38  1.719563 -0.000082 -0.000004  0.020974 -0.107650 -1.483529
39  1.209198 0.000037 0.000011  -0.324719 0.069674 -0.493483
40  3.859584 -0.149112 -1.331321  -0.040757 -0.073789 -0.195091
41  1.719412 -0.000098 -0.000035  -0.007235 0.031761 -0.150715
42  1.099675 0.000024 0.000007  0.118501 -0.028866 -0.144987
43  0.805979 -0.359854 -1.318336  0.991670 0.166768 -0.799535
44  1.789780 -0.000007 -0.000041  0.000057 -0.002451 0.133097
45  1.206996 -0.000005 0.000007  0.000372 -0.000070 1.058782
46  5.740571 0.000055 0.000723  -0.100069 -0.000014 0.000021
47  11.480975 -0.000032 0.000928  -0.092986 0.058996 -0.058916
48  6.027513 -0.000274 -0.000237  -0.971395 -0.068643 -0.614301
49  0.000000 11.691975 -0.000007  -0.929101 0.386194 0.743994
50  0.000002 -0.000001 0.000000  2.413975 -0.000041 1.570856
51  -0.000006 -0.000016 0.000005  2.272644 -0.000030 1.570865
52  -9.636066 -13.831293 -3.859542  0.928825 -0.416249 -0.307603
53  -0.000000 0.000001 0.000000  0.008153 -0.000259 0.000009
54  -0.000001 0.000000 0.000002  1.565115 0.043565 -0.106862
55  -0.537746 -17.092144 -1.895350  0.074042 0.757195 -1.872397
56  -0.000001 -0.000001 0.000000  0.000000 -0.000000 -0.000002
57  0.000030 0.000028 0.000000  -1.571901 -0.044449 -0.106509
58  33.185574 1.676875 -41.957436  1.570796 -0.000000 0.000000
59  -14.346277 -6.978712 -5.252443  1.570796 -0.000000 0.000000
60  1.941978 -1.075505 -8.860325  1.570796 -0.000000 0.000000
61  -0.004311 0.001229 -0.000371  0.006898 -0.005534 -0.284229
62  -7.233792 3.620581 -6.293282  1.570796 -0.000000 0.000000
63  0.000000 0.000000 0.000000  -0.078727 -3.136056 0.284226
64  0.000000 0.000000 0.000000  1.571297 0.000000 -0.000751
65  -1.172340 -14.786792 -3.878640  -0.876800 0.931144 -1.486921
66  0.000001 -2.923557 -1.408042  0.000000 -0.000000 -0.000000
67  -0.000002 -0.601198 -2.062165  0.000000 -0.000000 -0.000000
68  0.004381 -0.039408 6.613116  0.000000 -0.000000 -0.000000
69  0.000003 -0.021788 -0.115849  0.000000 -0.000000 -0.000000
70  0.000002 -3.304881 0.259169  0.000000 -0.000000 -0.000000
71  1.921865 -17.746075 -1.491797  -0.876800 0.931144 -1.486921
72  0.057098 0.204432 -2.709596  0.000000 -0.000000 -0.000000
73  0.111671 -0.283001 -2.709597  0.000000 -0.000000 -0.000000
74  -0.128219 -0.750370 -2.709597  0.000000 -0.000000 -0.000000
time 120
0  0 0 0  0 0 0
1  0.000006 0.000000 0.000000  -1.570800 -1.391899 -1.570792
2  -8.526393 2.634402 1.937664  -1.544956 -1.855077 -0.198630
3  6.027525 -0.000333 0.000191  -2.042475 -1.696505 -0.144295
4  11.692112 0.000641 -0.000740  -1.381743 -0.000001 -1.064769
5  11.480328 0.000681 -0.000344  1.077178 -0.791977 1.700506
6  3.859510 -0.142879 -1.192049  -0.455904 0.180929 -0.802818
7  1.312589 0.000012 0.000008  -0.035778 -0.176074 -0.911505
8  0.729355 0.000054 0.000050  0.021077 -0.014194 -0.141620
9  3.942144 0.046273 -0.431512  -0.133520 0.086801 -0.558879
10  1.539111 0.000083 0.000006  0.001378 -0.013074 -0.250196
11  1.196332 0.000143 0.000030  -0.066656 -0.435287 -1.126555
12  3.883506 -0.047269 0.431381  0.095974 0.066513 -0.353642
13  1.719575 -0.000028 0.000013  0.003226 0.017797 -0.265081
14  1.209180 0.000090 0.000011  -0.040668 -0.418702 -0.996133
15  3.859665 -0.138475 1.332410  0.401652 0.135962 -0.180276
16  1.719449 -0.000011 0.000022  0.009735 0.040419 -0.135208
17  1.099676 0.000049 0.000007  -0.018188 -0.241110 -0.957517
18  0.805994 -0.349050 1.321253  -1.509873 -0.619430 -0.137482
19  1.789819 -0.000003 -0.000017  -0.003482 0.014917 0.070450
20  1.207017 -0.000012 -0.000044  -0.001839 -0.000201 0.228051
21  5.740636 0.000410 -0.000704  -0.005675 0.000003 0.000071
22  11.481070 0.000346 -0.000725  0.029453 -0.173627 0.264985
23  6.027524 -0.000332 0.000203  1.448372 0.028523 1.654915
24  0.000002 11.692099 -0.000009  -0.762399 -0.256921 -0.623443
25  0.000002 0.000010 -0.000001  -0.512666 -0.000031 1.570738
26  0.000000 -0.000012 -0.000001  0.868957 0.000002 1.570712
27  -6.837111 -2.442946 -7.233785  1.473120 1.855075 -0.198639
28  6.027503 -0.000273 -0.000222  2.138167 0.940864 0.920772
29  11.691991 0.000243 0.000856  0.141439 0.000038 -1.340943
30  11.480103 -0.000366 0.000894  -2.042114 0.424989 -0.333725
31  3.859437 -0.132787 1.193062  0.466148 -0.051828 -1.783918
32  1.312558 0.000025 -0.000001  -0.013963 -0.041043 -0.156449
33  0.729345 0.000067 -0.000027  -0.128320 -0.117290 -0.954856
34  3.942047 0.050110 0.430997  0.211502 -0.107596 -1.469117
35  1.539095 0.000004 -0.000000  0.040712 -0.054387 -1.030473
36  1.196299 0.000076 -0.000005  -0.249391 -0.043040 -0.795121
37  3.883412 -0.050502 -0.431086  0.186407 -0.271796 -1.212182
38  1.719563 -0.000082 -0.000003  0.020974 -0.107650 -1.483530
39  1.209197 0.000035 0.000011  -0.324719 0.069674 -0.493483
40  3.859586 -0.149111 -1.331323  -0.040757 -0.073789 -0.195091
41  1.719412 -0.000098 -0.000033  -0.007235 0.031761 -0.150715
42  1.099674 0.000026 0.000006  0.118501 -0.028866 -0.144987
43  0.805979 -0.359853 -1.318338  0.991670 0.166768 -0.799535
44  1.789778 -0.000009 -0.000041  0.000057 -0.002451 0.133097
45  1.206995 -0.000005 0.000006  0.000372 -0.000070 1.058782
46  5.740574 0.000056 0.000724  -0.088352 -0.000014 0.000021
47  11.480966 -0.000036 0.000929  -0.084623 0.073029 -0.052995
48  6.027513 -0.000274 -0.000237  -0.945202 -0.079119 -0.541171
49  -0.000002 11.691976 -0.000008  -0.934229 0.390577 0.747514
50  0.000002 -0.000001 0.000000  2.413975 -0.000041 1.570856
51  -0.000009 -0.000015 0.000005  2.272644 -0.000030 1.570865
52  -9.627090 -13.787177 -3.949915  0.918629 -0.425458 -0.312403
53  0.000000 -0.000001 0.000000  0.008153 -0.000259 0.000009
54  0.000000 -0.000000 0.000000  1.565115 0.043565 -0.106862
55  -0.537746 -17.092144 -1.895350  0.074042 0.757195 -1.872397
56  -0.000001 -0.000001 0.000000  0.000000 -0.000000 -0.000002
57  0.000030 0.000028 0.000000  -1.571901 -0.044449 -0.106509
58  33.185574 1.676875 -41.957436  1.570796 -0.000000 0.000000
59  -14.273408 -6.874227 -5.056633  1.570796 -0.000000 0.000000
60  1.941978 -1.075505 -8.860325  1.570796 -0.000000 0.000000
61  -0.004311 0.001229 -0.000371  0.006898 -0.005534 -0.284229
62  -7.233792 3.620581 -6.293282  1.570796 -0.000000 0.000000
63  0.000000 0.000000 0.000000  -0.078727 -3.136056 0.284226
64  0.000000 0.000000 0.000000  1.571367 0.000001 -0.001777
65  -1.172340 -14.818378 -3.907239  -0.868578 0.919022 -1.489320
66  0.000002 -2.923558 -1.408043  0.000000 -0.000000 0.000000
67  -0.000002 -0.601198 -2.062165  0.000000 -0.000000 0.000000
68  0.004380 -0.039407 6.613115  0.000000 -0.000000 0.000000
69  0.000002 -0.021787 -0.115849  0.000000 -0.000000 0.000000
70  0.000002 -3.304880 0.259168  0.000000 -0.000000 0.000000
71  1.881021 -17.777050 -1.467626  -0.868578 0.919022 -1.489320
72  0.057101 0.204432 -2.709598  0.000000 -0.000000 0.000000
73  0.111674 -0.283003 -2.709598  0.000000 -0.000000 0.000000
74  -0.128216 -0.750371 -2.709598  0.000000 -0.000000 0.000000
time 121
0  0 0 0  0 0 0
1  0.000006 0.000000 0.000000  -1.570800 -1.391899 -1.570792
2  -8.526393 2.634402 1.937664  -1.544956 -1.855077 -0.198630
3  6.027525 -0.000333 0.000191  -2.042475 -1.696505 -0.144295
4  11.692112 0.000641 -0.000740  -1.381783 -0.000001 -1.064769
5  11.480327 0.000682 -0.000343  1.077171 -0.792017 1.700511
6  3.859510 -0.142879 -1.192049  -0.455904 0.180929 -0.802818
7  1.312589 0.000012 0.000008  -0.035778 -0.176074 -0.911505
8  0.729355 0.000054 0.000050  0.021077 -0.014194 -0.141620
9  3.942144 0.046273 -0.431512  -0.133520 0.086801 -0.558879
10  1.539111 0.000083 0.000006  0.001378 -0.013074 -0.250196
11  1.196332 0.000143 0.000030  -0.066656 -0.435287 -1.126555
12  3.883506 -0.047269 0.431381  0.095974 0.066513 -0.353642
13  1.719575 -0.000028 0.000013  0.003226 0.017797 -0.265081
14  1.209180 0.000090 0.000011  -0.040668 -0.418702 -0.996133
15  3.859665 -0.138475 1.332410  0.401652 0.135962 -0.180276
16  1.719449 -0.000011 0.000022  0.009735 0.040419 -0.135208
17  1.099676 0.000049 0.000007  -0.018188 -0.241110 -0.957517
18  0.805994 -0.349050 1.321253  -1.509873 -0.619430 -0.137482
19  1.789819 -0.000003 -0.000017  -0.003482 0.014917 0.070450
20  1.207017 -0.000012 -0.000044  -0.001839 -0.000201 0.228051
21  5.740635 0.000412 -0.000702  -0.005665 0.000003 0.000071
22  11.481069 0.000347 -0.000725  0.029459 -0.173634 0.264981
23  6.027524 -0.000332 0.000203  1.448372 0.028523 1.654915
24  0.000002 11.692099 -0.000009  -0.762399 -0.256921 -0.623443
25  0.000002 0.000010 -0.000001  -0.512707 -0.000031 1.570738
26  0.000000 -0.000012 -0.000001  0.868957 0.000002 1.570712
27  -6.837111 -2.442946 -7.233785  1.473120 1.855075 -0.198639
28  6.027503 -0.000274 -0.000223  2.124079 0.917718 0.975208
29  11.691991 0.000244 0.000857  0.141439 0.000039 -1.349800
30  11.480046 -0.000398 0.000897  -2.014151 0.495655 -0.310252
31  3.859436 -0.132785 1.193060  0.466148 -0.051828 -1.783918
32  1.312558 0.000025 0.000000  -0.013963 -0.041043 -0.156449
33  0.729345 0.000065 -0.000029  -0.128320 -0.117290 -0.954856
34  3.942046 0.050110 0.430996  0.211502 -0.107596 -1.469117
35  1.539097 0.000005 -0.000001  0.040712 -0.054387 -1.030473
36  1.196300 0.000078 -0.000003  -0.249391 -0.043040 -0.795121
37  3.883412 -0.050500 -0.431087  0.186407 -0.271796 -1.212183
38  1.719564 -0.000081 -0.000003  0.020974 -0.107650 -1.483529
39  1.209196 0.000035 0.000012  -0.324719 0.069674 -0.493483
40  3.859585 -0.149110 -1.331323  -0.040757 -0.073789 -0.195091
41  1.719413 -0.000098 -0.000033  -0.007235 0.031761 -0.150715
42  1.099674 0.000025 0.000007  0.118501 -0.028866 -0.144987
43  0.805979 -0.359853 -1.318339  0.991670 0.166768 -0.799535
44  1.789780 -0.000008 -0.000044  0.000057 -0.002451 0.133097
45  1.206996 -0.000005 0.000005  0.000372 -0.000070 1.058781
46  5.740573 0.000055 0.000723  -0.078545 -0.000014 0.000021
47  11.480955 -0.000045 0.000928  -0.077568 0.085532 -0.046882
48  6.027513 -0.000274 -0.000237  -0.923083 -0.090118 -0.477317
49  0.000000 11.691976 -0.000006  -0.939589 0.395184 0.751180
50  0.000003 -0.000000 -0.000000  2.413975 -0.000041 1.570856
51  -0.000006 -0.000015 0.000004  2.272644 -0.000030 1.570865
52  -9.616673 -13.740183 -4.045219  0.907585 -0.435396 -0.317079
53  -0.000000 0.000001 0.000000  0.008153 -0.000259 0.000009
54  -0.000000 0.000001 -0.000001  1.565115 0.043565 -0.106862
55  -0.537746 -17.092144 -1.895350  0.074042 0.757195 -1.872397
56  -0.000001 -0.000001 0.000000  0.000000 -0.000000 -0.000002
57  0.000030 0.000028 0.000000  -1.571901 -0.044449 -0.106509
58  33.185574 1.676875 -41.957436  1.570796 -0.000000 0.000000
59  -14.210988 -6.787492 -4.895796  1.570796 -0.000000 0.000000
60  1.941978 -1.075505 -8.860325  1.570796 -0.000000 0.000000
61  -0.004311 0.001229 -0.000371  0.006898 -0.005534 -0.284229
62  -7.233792 3.620581 -6.293282  1.570796 -0.000000 0.000000
63  0.000000 0.000000 0.000000  -0.078727 -3.136056 0.284226
64  0.000000 0.000000 0.000000  1.571395 0.000001 -0.002894
65  -1.172340 -14.848866 -3.935447  -0.859898 0.905934 -1.491737
66  0.000002 -2.923557 -1.408042  0.000000 -0.000000 0.000000
67  -0.000002 -0.601198 -2.062164  0.000000 -0.000000 0.000000
68  0.004379 -0.039407 6.613115  0.000000 -0.000000 0.000000
69  0.000001 -0.021788 -0.115849  0.000000 -0.000000 0.000000
70  0.000003 -3.304881 0.259169  0.000000 -0.000000 0.000000
71  1.837914 -17.804539 -1.439286  -0.859898 0.905934 -1.491737
72  0.057099 0.204433 -2.709596  0.000000 -0.000000 0.000000
73  0.111672 -0.283002 -2.709596  0.000000 -0.000000 0.000000
74  -0.128219 -0.750371 -2.709596  0.000000 -0.000000 0.000000
time 122
0  0 0 0  0 0 0
1  0.000006 0.000000 0.000000  -1.570800 -1.391899 -1.570792
2  -8.526393 2.634402 1.937664  -1.544956 -1.855077 -0.198630
3  6.027525 -0.000333 0.000191  -2.042475 -1.696505 -0.144295
4  11.692112 0.000641 -0.000740  -1.381471 -0.000001 -1.064769
5  11.480328 0.000682 -0.000344  1.077228 -0.791708 1.700471
6  3.859510 -0.142879 -1.192049  -0.455904 0.180929 -0.802818
7  1.312589 0.000012 0.000008  -0.035778 -0.176074 -0.911505
8  0.729355 0.000054 0.000050  0.021077 -0.014194 -0.141620
9  3.942144 0.046273 -0.431512  -0.133520 0.086801 -0.558879
10  1.539111 0.000083 0.000006  0.001378 -0.013074 -0.250196
11  1.196332 0.000143 0.000030  -0.066656 -0.435287 -1.126555
12  3.883506 -0.047269 0.431381  0.095974 0.066513 -0.353642
13  1.719575 -0.000028 0.000013  0.003226 0.017797 -0.265081
14  1.209180 0.000090 0.000011  -0.040668 -0.418702 -0.996133
15  3.859665 -0.138475 1.332410  0.401652 0.135962 -0.180276
16  1.719449 -0.000011 0.000022  0.009735 0.040419 -0.135208
17  1.099676 0.000049 0.000007  -0.018188 -0.241110 -0.957517
18  0.805994 -0.349050 1.321253  -1.509873 -0.619430 -0.137482
19  1.789819 -0.000003 -0.000017  -0.003482 0.014917 0.070450
20  1.207017 -0.000012 -0.000044  -0.001839 -0.000201 0.228051
21  5.740636 0.000410 -0.000703  -0.005741 0.000003 0.000071
22  11.481070 0.000347 -0.000725  0.029414 -0.173585 0.265011
23  6.027524 -0.000332 0.000203  1.448372 0.028523 1.654915
24  0.000002 11.692099 -0.000009  -0.762399 -0.256921 -0.623443
25  0.000002 0.000010 -0.000001  -0.512395 -0.000031 1.570738
26  0.000000 -0.000012 -0.000001  0.868957 0.000002 1.570712
27  -6.837111 -2.442946 -7.233785  1.473120 1.855075 -0.198639
28  6.027503 -0.000275 -0.000223  2.110436 0.899052 1.018627
29  11.691991 0.000242 0.000856  0.141439 0.000039 -1.358730
30  11.479992 -0.000432 0.000903  -1.991302 0.555650 -0.285488
31  3.859437 -0.132787 1.193063  0.466148 -0.051828 -1.783918
32  1.312557 0.000023 -0.000001  -0.013963 -0.041043 -0.156449
33  0.729344 0.000066 -0.000026  -0.128320 -0.117290 -0.954856
34  3.942046 0.050108 0.430998  0.211502 -0.107596 -1.469117
35  1.539096 0.000005 -0.000001  0.040712 -0.054387 -1.030473
36  1.196301 0.000075 -0.000003  -0.249391 -0.043040 -0.795121
37  3.883412 -0.050503 -0.431086  0.186407 -0.271795 -1.212183
38  1.719562 -0.000081 -0.000003  0.020974 -0.107650 -1.483529
39  1.209196 0.000034 0.000011  -0.324719 0.069674 -0.493483
40  3.859585 -0.149112 -1.331322  -0.040757 -0.073789 -0.195091
41  1.719412 -0.000098 -0.000036  -0.007235 0.031761 -0.150715
42  1.099674 0.000026 0.000006  0.118501 -0.028866 -0.144987
43  0.805979 -0.359854 -1.318337  0.991669 0.166768 -0.799535
44  1.789780 -0.000008 -0.000043  0.000057 -0.002451 0.133097
45  1.206996 -0.000005 0.000007  0.000373 -0.000070 1.058782
46  5.740571 0.000055 0.000725  -0.070942 -0.000014 0.000021
47  11.480945 -0.000050 0.000931  -0.072140 0.096140 -0.040920
48  6.027513 -0.000274 -0.000237  -0.905505 -0.100732 -0.424815
49  -0.000002 11.691974 -0.000007  -0.944986 0.399848 0.754856
50  0.000002 0.000000 -0.000000  2.413975 -0.000041 1.570856
51  -0.000007 -0.000016 0.000006  2.272644 -0.000030 1.570865
52  -9.607376 -13.692492 -4.142446  0.895944 -0.445636 -0.321438
53  0.000000 0.000002 -0.000000  0.008153 -0.000259 0.000009
54  0.000000 0.000000 0.000001  1.565115 0.043565 -0.106862
55  -0.537746 -17.092144 -1.895350  0.074042 0.757195 -1.872397
56  -0.000001 -0.000001 0.000000  0.000000 -0.000000 -0.000002
57  0.000030 0.000028 0.000000  -1.571901 -0.044449 -0.106509
58  33.185574 1.676875 -41.957436  1.570796 -0.000000 0.000000
59  -14.161107 -6.719975 -4.771739  1.570796 -0.000000 0.000000
60  1.941978 -1.075505 -8.860325  1.570796 -0.000000 0.000000
61  -0.004311 0.001229 -0.000371  0.006898 -0.005534 -0.284229
62  -7.233792 3.620581 -6.293282  1.570796 -0.000000 0.000000
63  0.000000 0.000000 0.000000  -0.078727 -3.136056 0.284226
64  0.000000 0.000000 0.000000  1.571436 0.000001 -0.003920
65  -1.174663 -14.877941 -3.963366  -0.851267 0.892264 -1.494304
66  0.000002 -2.923558 -1.408042  -0.000000 0.000000 -0.000000
67  -0.000002 -0.601197 -2.062165  -0.000000 0.000000 -0.000000
68  0.004380 -0.039406 6.613115  -0.000000 0.000000 -0.000000
69  0.000003 -0.021787 -0.115848  -0.000000 0.000000 -0.000000
70  0.000002 -3.304880 0.259168  -0.000000 0.000000 -0.000000
71  1.791853 -17.828112 -1.409012  -0.851267 0.892264 -1.494304
72  0.057102 0.204432 -2.709596  -0.000000 0.000000 -0.000000
73  0.111675 -0.283003 -2.709596  -0.000000 0.000000 -0.000000
74  -0.128215 -0.750372 -2.709597  -0.000000 0.000000 -0.000000
time 123
0  0 0 0  0 0 0
1  0.000006 0.000000 0.000000  -1.570800 -1.391899 -1.570792
2  -8.526393 2.634402 1.937664  -1.544956 -1.855077 -0.198630
3  6.027525 -0.000333 0.000191  -2.042475 -1.696505 -0.144295
4  11.692112 0.000641 -0.000740  -1.380560 -0.000001 -1.064769
5  11.480328 0.000681 -0.000345  1.077396 -0.790805 1.700351
6  3.859510 -0.142879 -1.192049  -0.455904 0.180929 -0.802818
7  1.312589 0.000012 0.000008  -0.035778 -0.176074 -0.911505
8  0.729355 0.000054 0.000050  0.021077 -0.014194 -0.141620
9  3.942144 0.046273 -0.431512  -0.133520 0.086801 -0.558879
10  1.539111 0.000083 0.000006  0.001378 -0.013074 -0.250196
11  1.196332 0.000143 0.000030  -0.066656 -0.435287 -1.126555
12  3.883506 -0.047269 0.431381  0.095974 0.066513 -0.353642
13  1.719575 -0.000028 0.000013  0.003226 0.017797 -0.265081
14  1.209180 0.000090 0.000011  -0.040668 -0.418702 -0.996133
15  3.859665 -0.138475 1.332410  0.401652 0.135962 -0.180276
16  1.719449 -0.000011 0.000022  0.009735 0.040419 -0.135208
17  1.099676 0.000049 0.000007  -0.018188 -0.241110 -0.957517
18  0.805994 -0.349050 1.321253  -1.509873 -0.619430 -0.137482
19  1.789819 -0.000003 -0.000017  -0.003482 0.014917 0.070450
20  1.207017 -0.000012 -0.000044  -0.001839 -0.000201 0.228051
21  5.740636 0.000411 -0.000702  -0.005963 0.000003 0.000071
22  11.481070 0.000347 -0.000726  0.029282 -0.173443 0.265095
23  6.027524 -0.000332 0.000203  1.448372 0.028523 1.654915
24  0.000002 11.692099 -0.000009  -0.762399 -0.256921 -0.623443
25  0.000002 0.000010 -0.000001  -0.511484 -0.000031 1.570738
26  0.000000 -0.000012 -0.000001  0.868957 0.000002 1.570712
27  -6.837111 -2.442946 -7.233785  1.473120 1.855075 -0.198639
28  6.027504 -0.000276 -0.000223  2.098009 0.884933 1.050624
29  11.691993 0.000242 0.000856  0.141440 0.000040 -1.367464
30  11.479935 -0.000457 0.000903  -1.974911 0.604049 -0.261727
31  3.859436 -0.132788 1.193060  0.466148 -0.051828 -1.783917
32  1.312559 0.000024 -0.000000  -0.013963 -0.041043 -0.156449
33  0.729344 0.000064 -0.000028  -0.128320 -0.117290 -0.954856
34  3.942046 0.050108 0.430997  0.211502 -0.107596 -1.469117
35  1.539098 0.000005 0.000000  0.040712 -0.054387 -1.030473
36  1.196299 0.000077 -0.000004  -0.249391 -0.043040 -0.795121
37  3.883411 -0.050502 -0.431087  0.186407 -0.271795 -1.212183
38  1.719562 -0.000082 -0.000003  0.020974 -0.107650 -1.483529
39  1.209197 0.000034 0.000010  -0.324719 0.069674 -0.493483
40  3.859585 -0.149113 -1.331323  -0.040757 -0.073789 -0.195091
41  1.719412 -0.000097 -0.000035  -0.007235 0.031761 -0.150715
42  1.099673 0.000025 0.000007  0.118501 -0.028866 -0.144987
43  0.805979 -0.359854 -1.318339  0.991670 0.166768 -0.799535
44  1.789779 -0.000008 -0.000042  0.000057 -0.002451 0.133097
45  1.206997 -0.000006 0.000006  0.000373 -0.000070 1.058781
46  5.740571 0.000056 0.000723  -0.065658 -0.000014 0.000021
47  11.480929 -0.000055 0.000930  -0.068476 0.104709 -0.035406
48  6.027513 -0.000274 -0.000237  -0.892460 -0.110319 -0.384519
49  -0.000001 11.691975 -0.000008  -0.950256 0.404427 0.758432
50  0.000002 0.000002 -0.000001  2.413975 -0.000041 1.570856
51  -0.000006 -0.000015 0.000004  2.272644 -0.000030 1.570865
52  -9.601535 -13.646030 -4.239038  0.884047 -0.455796 -0.325354
53  0.000000 0.000000 0.000000  0.008153 -0.000259 0.000009
54  -0.000000 -0.000001 -0.000000  1.565115 0.043565 -0.106862
55  -0.537746 -17.092144 -1.895350  0.074042 0.757195 -1.872397
56  -0.000001 -0.000001 0.000000  0.000000 -0.000000 -0.000002
57  0.000030 0.000028 0.000000  -1.571901 -0.044449 -0.106509
58  33.185574 1.676875 -41.957436  1.570796 -0.000000 0.000000
59  -14.125051 -6.672238 -4.684724  1.570796 -0.000000 0.000000
60  1.941978 -1.075505 -8.860325  1.570796 -0.000000 0.000000
61  -0.004311 0.001229 -0.000371  0.006898 -0.005534 -0.284229
62  -7.233792 3.620581 -6.293282  1.570796 -0.000000 0.000000
63  0.000000 0.000000 0.000000  -0.078727 -3.136056 0.284226
64  0.000000 0.000000 0.000000  1.571551 0.000002 -0.004670
65  -1.181274 -14.905289 -3.991101  -0.843040 0.878451 -1.497033
66  0.000001 -2.923558 -1.408042  -0.000000 -0.000000 -0.000000
67  -0.000003 -0.601197 -2.062165  -0.000000 -0.000000 -0.000000
68  0.004381 -0.039407 6.613116  -0.000000 -0.000000 -0.000000
69  0.000003 -0.021788 -0.115848  -0.000000 -0.000000 -0.000000
70  0.000001 -3.304881 0.259168  -0.000000 -0.000000 -0.000000
71  1.742346 -17.847683 -1.378970  -0.843040 0.878451 -1.497033
72  0.057100 0.204433 -2.709597  -0.000000 -0.000000 -0.000000
73  0.111672 -0.283000 -2.709598  -0.000000 -0.000000 -0.000000
74  -0.128218 -0.750370 -2.709597  -0.000000 -0.000000 -0.000000
time 124
0  0 0 0  0 0 0
1  0.000006 0.000000 0.000000  -1.570800 -1.391899 -1.570792
2  -8.526393 2.634402 1.937664  -1.544956 -1.855077 -0.198630
3  6.027525 -0.000333 0.000191  -2.042475 -1.696505 -0.144295
4  11.692112 0.000641 -0.000740  -1.379085 -0.000001 -1.064769
5  11.480329 0.000680 -0.000346  1.077666 -0.789342 1.700159
6  3.859510 -0.142879 -1.192049  -0.455904 0.180929 -0.802818
7  1.312589 0.000012 0.000008  -0.035778 -0.176074 -0.911505
8  0.729355 0.000054 0.000050  0.021077 -0.014194 -0.141620
9  3.942144 0.046273 -0.431512  -0.133520 0.086801 -0.558879
10  1.539111 0.000083 0.000006  0.001378 -0.013074 -0.250196
11  1.196332 0.000143 0.000030  -0.066656 -0.435287 -1.126555
12  3.883506 -0.047269 0.431381  0.095974 0.066513 -0.353642
13  1.719575 -0.000028 0.000013  0.003226 0.017797 -0.265081
14  1.209180 0.000090 0.000011  -0.040668 -0.418702 -0.996133
15  3.859665 -0.138475 1.332410  0.401652 0.135962 -0.180276
16  1.719449 -0.000011 0.000022  0.009735 0.040419 -0.135208
17  1.099676 0.000049 0.000007  -0.018188 -0.241110 -0.957517
18  0.805994 -0.349050 1.321253  -1.509873 -0.619430 -0.137482
19  1.789819 -0.000003 -0.000017  -0.003482 0.014917 0.070450
20  1.207017 -0.000012 -0.000044  -0.001839 -0.000201 0.228051
21  5.740637 0.000409 -0.000703  -0.006321 0.000003 0.000070
22  11.481071 0.000346 -0.000727  0.029069 -0.173214 0.265231
23  6.027524 -0.000332 0.000203  1.448372 0.028523 1.654915
24  0.000002 11.692099 -0.000009  -0.762399 -0.256921 -0.623443
25  0.000002 0.000010 -0.000001  -0.510009 -0.000031 1.570738
26  0.000000 -0.000012 -0.000001  0.868957 0.000002 1.570712
27  -6.837111 -2.442946 -7.233785  1.473120 1.855075 -0.198639
28  6.027504 -0.000276 -0.000223  2.087332 0.875264 1.071395
29  11.691991 0.000243 0.000856  0.141440 0.000041 -1.375706
30  11.479894 -0.000482 0.000909  -1.966053 0.640677 -0.241090
31  3.859437 -0.132788 1.193062  0.466148 -0.051828 -1.783918
32  1.312558 0.000025 0.000000  -0.013963 -0.041043 -0.156449
33  0.729345 0.000066 -0.000027  -0.128320 -0.117290 -0.954856
34  3.942047 0.050109 0.430997  0.211502 -0.107596 -1.469117
35  1.539096 0.000004 0.000001  0.040712 -0.054387 -1.030473
36  1.196301 0.000077 -0.000005  -0.249391 -0.043040 -0.795121
37  3.883412 -0.050501 -0.431087  0.186407 -0.271796 -1.212183
38  1.719564 -0.000081 -0.000003  0.020974 -0.107650 -1.483529
39  1.209197 0.000036 0.000012  -0.324719 0.069674 -0.493483
40  3.859585 -0.149111 -1.331323  -0.040757 -0.073789 -0.195091
41  1.719413 -0.000098 -0.000033  -0.007235 0.031761 -0.150715
42  1.099674 0.000025 0.000007  0.118501 -0.028866 -0.144987
43  0.805979 -0.359853 -1.318338  0.991669 0.166768 -0.799535
44  1.789778 -0.000007 -0.000041  0.000057 -0.002451 0.133097
45  1.206996 -0.000005 0.000006  0.000372 -0.000070 1.058782
46  5.740573 0.000056 0.000724  -0.062695 -0.000014 0.000021
47  11.480924 -0.000060 0.000931  -0.066599 0.111214 -0.030580
48  6.027513 -0.000274 -0.000237  -0.883771 -0.118398 -0.356510
49  -0.000000 11.691976 -0.000006  -0.955223 0.408763 0.761789
50  0.000004 -0.000001 -0.000001  2.413975 -0.000041 1.570856
51  -0.000006 -0.000015 0.000006  2.272644 -0.000030 1.570865
52  -9.599131 -13.602563 -4.332451  0.872267 -0.465499 -0.328728
53  0.000000 -0.000001 0.000000  0.008153 -0.000259 0.000009
54  0.000000 0.000000 0.000001  1.565115 0.043565 -0.106862
55  -0.537746 -17.092144 -1.895350  0.074042 0.757195 -1.872397
56  -0.000001 -0.000001 0.000000  0.000000 -0.000000 -0.000002
57  0.000030 0.000028 0.000000  -1.571901 -0.044449 -0.106509
58  33.185574 1.676875 -41.957436  1.570796 -0.000000 0.000000
59  -14.103417 -6.644122 -4.633826  1.570796 -0.000000 0.000000
60  1.941978 -1.075505 -8.860325  1.570796 -0.000000 0.000000
61  -0.004311 0.001229 -0.000371  0.006898 -0.005534 -0.284229
62  -7.233792 3.620581 -6.293282  1.570796 -0.000000 0.000000
63  0.000000 0.000000 0.000000  -0.078727 -3.136056 0.284226
64  0.000000 0.000000 0.000000  1.571796 0.000002 -0.004961
65  -1.191637 -14.930594 -4.018764  -0.835525 0.864956 -1.499892
66  0.000002 -2.923557 -1.408042  0.000000 -0.000000 0.000000
67  -0.000002 -0.601198 -2.062164  0.000000 -0.000000 0.000000
68  0.004380 -0.039406 6.613116  0.000000 -0.000000 0.000000
69  0.000002 -0.021785 -0.115849  0.000000 -0.000000 0.000000
70  0.000002 -3.304881 0.259169  0.000000 -0.000000 0.000000
71  1.691376 -17.863380 -1.351285  -0.835525 0.864956 -1.499892
72  0.057098 0.204433 -2.709597  0.000000 -0.000000 0.000000
73  0.111671 -0.283001 -2.709598  0.000000 -0.000000 0.000000
74  -0.128219 -0.750371 -2.709597  0.000000 -0.000000 0.000000
time 125
0  0 0 0  0 0 0
1  0.000006 0.000000 0.000000  -1.570800 -1.391899 -1.570792
2  -8.526393 2.634402 1.937664  -1.544956 -1.855077 -0.198630
3  6.027525 -0.000333 0.000191  -2.042475 -1.696505 -0.144295
4  11.692112 0.000641 -0.000740  -1.377077 -0.000001 -1.064769
5  11.480329 0.000680 -0.000347  1.078033 -0.787351 1.699899
6  3.859510 -0.142879 -1.192049  -0.455904 0.180929 -0.802818
7  1.312589 0.000012 0.000008  -0.035778 -0.176074 -0.911505
8  0.729355 0.000054 0.000050  0.021077 -0.014194 -0.141620
9  3.942144 0.046273 -0.431512  -0.133520 0.086801 -0.558879
10  1.539111 0.000083 0.000006  0.001378 -0.013074 -0.250196
11  1.196332 0.000143 0.000030  -0.066656 -0.435287 -1.126555
12  3.883506 -0.047269 0.431381  0.095974 0.066513 -0.353642
13  1.719575 -0.000028 0.000013  0.003226 0.017797 -0.265081
14  1.209180 0.000090 0.000011  -0.040668 -0.418702 -0.996133
15  3.859665 -0.138475 1.332410  0.401652 0.135962 -0.180276
16  1.719449 -0.000011 0.000022  0.009735 0.040419 -0.135208
17  1.099676 0.000049 0.000007  -0.018188 -0.241110 -0.957517
18  0.805994 -0.349050 1.321253  -1.509873 -0.619430 -0.137482
19  1.789819 -0.000003 -0.000017  -0.003482 0.014917 0.070450
20  1.207017 -0.000012 -0.000044  -0.001839 -0.000201 0.228051
21  5.740638 0.000410 -0.000704  -0.006810 0.000003 0.000070
22  11.481070 0.000346 -0.000728  0.028777 -0.172901 0.265417
23  6.027524 -0.000332 0.000203  1.448372 0.028523 1.654915
24  0.000002 11.692099 -0.000009  -0.762399 -0.256921 -0.623443
25  0.000002 0.000010 -0.000001  -0.508001 -0.000031 1.570738
26  0.000000 -0.000012 -0.000001  0.868957 0.000002 1.570712
27  -6.837111 -2.442946 -7.233785  1.473120 1.855075 -0.198639
28  6.027503 -0.000276 -0.000223  2.078639 0.869777 1.081395
29  11.691990 0.000242 0.000857  0.141440 0.000041 -1.383185
30  11.479851 -0.000507 0.000913  -1.965407 0.665762 -0.225388
31  3.859436 -0.132788 1.193061  0.466148 -0.051828 -1.783918
32  1.312558 0.000023 0.000000  -0.013963 -0.041043 -0.156449
33  0.729345 0.000064 -0.000028  -0.128320 -0.117290 -0.954856
34  3.942046 0.050108 0.430997  0.211502 -0.107596 -1.469117
35  1.539095 0.000004 -0.000002  0.040712 -0.054387 -1.030473
36  1.196299 0.000077 -0.000004  -0.249391 -0.043040 -0.795121
37  3.883411 -0.050503 -0.431087  0.186407 -0.271795 -1.212183
38  1.719564 -0.000081 -0.000004  0.020974 -0.107650 -1.483529
39  1.209197 0.000034 0.000011  -0.324719 0.069674 -0.493483
40  3.859585 -0.149112 -1.331324  -0.040757 -0.073789 -0.195091
41  1.719413 -0.000098 -0.000034  -0.007235 0.031761 -0.150715
42  1.099673 0.000026 0.000006  0.118501 -0.028866 -0.144987
43  0.805979 -0.359855 -1.318338  0.991670 0.166768 -0.799535
44  1.789779 -0.000008 -0.000043  0.000057 -0.002451 0.133097
45  1.206996 -0.000005 0.000005  0.000373 -0.000070 1.058782
46  5.740573 0.000055 0.000724  -0.061957 -0.000014 0.000021
47  11.480915 -0.000067 0.000932  -0.066446 0.115697 -0.026643
48  6.027513 -0.000274 -0.000237  -0.879121 -0.124724 -0.340415
49  -0.000001 11.691975 -0.000007  -0.959724 0.412712 0.764821
50  0.000005 -0.000002 0.000000  2.413975 -0.000041 1.570856
51  -0.000007 -0.000015 0.000005  2.272644 -0.000030 1.570865
52  -9.600269 -13.563740 -4.420030  0.860981 -0.474361 -0.331478
53  0.000000 -0.000000 0.000001  0.008153 -0.000259 0.000009
54  -0.000000 -0.000001 0.000000  1.565115 0.043565 -0.106862
55  -0.537746 -17.092144 -1.895350  0.074042 0.757195 -1.872397
56  -0.000001 -0.000001 0.000000  0.000000 -0.000000 -0.000002
57  0.000030 0.000028 0.000000  -1.571901 -0.044449 -0.106509
58  33.185574 1.676875 -41.957436  1.570796 -0.000000 0.000000
59  -14.096262 -6.634958 -4.617329  1.570796 -0.000000 0.000000
60  1.941978 -1.075505 -8.860325  1.570796 -0.000000 0.000000
61  -0.004311 0.001229 -0.000371  0.006898 -0.005534 -0.284229
62  -7.233792 3.620581 -6.293282  1.570796 -0.000000 0.000000
63  0.000000 0.000000 0.000000  -0.078727 -3.136056 0.284226
64  0.000000 0.000000 0.000000  1.572209 0.000003 -0.004870
65  -1.205216 -14.953546 -4.046474  -0.829022 0.852239 -1.502830
66  0.000000 -2.923557 -1.408043  0.000000 0.000000 0.000000
67  -0.000003 -0.601197 -2.062165  0.000000 0.000000 0.000000
68  0.004378 -0.039406 6.613115  0.000000 0.000000 0.000000
69  0.000001 -0.021786 -0.115849  0.000000 0.000000 0.000000
70  0.000000 -3.304880 0.259167  0.000000 0.000000 0.000000
71  1.640995 -17.875477 -1.328046  -0.829022 0.852239 -1.502830
72  0.057099 0.204433 -2.709596  0.000000 0.000000 0.000000
73  0.111673 -0.283002 -2.709596  0.000000 0.000000 0.000000
74  -0.128217 -0.750371 -2.709596  0.000000 0.000000 0.000000
time 126
0  0 0 0  0 0 0
1  0.000006 0.000000 0.000000  -1.570800 -1.391899 -1.570792
2  -8.526393 2.634402 1.937664  -1.544956 -1.855077 -0.198630
3  6.027525 -0.000333 0.000191  -2.042475 -1.696505 -0.144295
4  11.692112 0.000641 -0.000740  -1.374563 -0.000001 -1.064769
5  11.480329 0.000680 -0.000348  1.078490 -0.784858 1.699575
6  3.859510 -0.142879 -1.192049  -0.455904 0.180929 -0.802818
7  1.312589 0.000012 0.000008  -0.035778 -0.176074 -0.911505
8  0.729355 0.000054 0.000050  0.021077 -0.014194 -0.141620
9  3.942144 0.046273 -0.431512  -0.133520 0.086801 -0.558879
10  1.539111 0.000083 0.000006  0.001378 -0.013074 -0.250196
11  1.196332 0.000143 0.000030  -0.066656 -0.435287 -1.126555
12  3.883506 -0.047269 0.431381  0.095974 0.066513 -0.353642
13  1.719575 -0.000028 0.000013  0.003226 0.017797 -0.265081
14  1.209180 0.000090 0.000011  -0.040668 -0.418702 -0.996133
15  3.859665 -0.138475 1.332410  0.401652 0.135962 -0.180276
16  1.719449 -0.000011 0.000022  0.009735 0.040419 -0.135208
17  1.099676 0.000049 0.000007  -0.018188 -0.241110 -0.957517
18  0.805994 -0.349050 1.321253  -1.509873 -0.619430 -0.137482
19  1.789819 -0.000003 -0.000017  -0.003482 0.014917 0.070450
20  1.207017 -0.000012 -0.000044  -0.001839 -0.000201 0.228051
21  5.740636 0.000412 -0.000703  -0.007422 0.000003 0.000070
22  11.481070 0.000346 -0.000728  0.028413 -0.172509 0.265649
23  6.027524 -0.000332 0.000203  1.448372 0.028523 1.654915
24  0.000002 11.692099 -0.000009  -0.762399 -0.256921 -0.623443
25  0.000002 0.000010 -0.000001  -0.505487 -0.000031 1.570738
26  0.000000 -0.000012 -0.000001  0.868957 0.000002 1.570712
27  -6.837111 -2.442946 -7.233785  1.473120 1.855075 -0.198639
28  6.027503 -0.000276 -0.000223  2.071396 0.866658 1.085382
29  11.691992 0.000245 0.000857  0.141440 0.000042 -1.389655
30  11.479813 -0.000525 0.000916  -1.969322 0.683481 -0.213965
31  3.859435 -0.132789 1.193061  0.466148 -0.051828 -1.783918
32  1.312559 0.000024 0.000001  -0.013963 -0.041043 -0.156449
33  0.729347 0.000067 -0.000027  -0.128320 -0.117290 -0.954856
34  3.942045 0.050109 0.430997  0.211502 -0.107596 -1.469117
35  1.539095 0.000004 -0.000001  0.040712 -0.054387 -1.030473
36  1.196300 0.000078 -0.000004  -0.249391 -0.043040 -0.795121
37  3.883410 -0.050502 -0.431088  0.186407 -0.271795 -1.212183
38  1.719565 -0.000082 -0.000003  0.020974 -0.107650 -1.483529
39  1.209197 0.000034 0.000011  -0.324719 0.069674 -0.493483
40  3.859584 -0.149112 -1.331324  -0.040757 -0.073789 -0.195091
41  1.719412 -0.000096 -0.000034  -0.007235 0.031761 -0.150715
42  1.099674 0.000025 0.000006  0.118501 -0.028866 -0.144987
43  0.805978 -0.359854 -1.318339  0.991670 0.166768 -0.799535
44  1.789779 -0.000007 -0.000042  0.000057 -0.002451 0.133097
45  1.206997 -0.000004 0.000006  0.000372 -0.000070 1.058781
46  5.740572 0.000056 0.000724  -0.062393 -0.000014 0.000021
47  11.480907 -0.000070 0.000933  -0.067183 0.118890 -0.023502
48  6.027513 -0.000274 -0.000237  -0.876725 -0.129822 -0.331204
49  -0.000001 11.691976 -0.000007  -0.963613 0.416137 0.767431
50  0.000003 -0.000001 0.000000  2.413975 -0.000041 1.570856
51  -0.000007 -0.000015 0.000005  2.272644 -0.000030 1.570865
52  -9.605162 -13.531099 -4.499023  0.850578 -0.481991 -0.333533
53  0.000001 -0.000000 0.000001  0.008153 -0.000259 0.000009
54  -0.000000 -0.000001 0.000000  1.565115 0.043565 -0.106862
55  -0.537746 -17.092144 -1.895350  0.074042 0.757195 -1.872397
56  -0.000001 -0.000001 0.000000  0.000000 -0.000000 -0.000002
57  0.000030 0.000028 0.000000  -1.571901 -0.044449 -0.106509
58  33.185574 1.676875 -41.957436  1.570796 -0.000000 0.000000
59  -14.098242 -6.641093 -4.617483  1.570796 -0.000000 0.000000
60  1.941978 -1.075505 -8.860325  1.570796 -0.000000 0.000000
61  -0.004311 0.001229 -0.000371  0.006898 -0.005534 -0.284229
62  -7.233792 3.620581 -6.293282  1.570796 -0.000000 0.000000
63  0.000000 0.000000 0.000000  -0.078727 -3.136056 0.284226
64  0.000000 0.000000 0.000000  1.572743 0.000004 -0.004622
65  -1.221476 -14.973826 -4.074356  -0.823826 0.840764 -1.505780
66  0.000000 -2.923557 -1.408042  0.000000 0.000000 -0.000000
67  -0.000004 -0.601197 -2.062165  0.000000 0.000000 -0.000000
68  0.004381 -0.039407 6.613116  0.000000 0.000000 -0.000000
69  0.000003 -0.021786 -0.115849  0.000000 0.000000 -0.000000
70  0.000000 -3.304880 0.259168  0.000000 0.000000 -0.000000
71  1.593277 -17.884369 -1.311322  -0.823826 0.840764 -1.505780
72  0.057101 0.204432 -2.709597  0.000000 0.000000 -0.000000
73  0.111673 -0.283001 -2.709597  0.000000 0.000000 -0.000000
74  -0.128217 -0.750370 -2.709598  0.000000 0.000000 -0.000000
time 127
0  0 0 0  0 0 0
1  0.000006 0.000000 0.000000  -1.570800 -1.391899 -1.570792
2  -8.526393 2.634402 1.937664  -1.544956 -1.855077 -0.198630
3  6.027525 -0.000333 0.000191  -2.042475 -1.696505 -0.144295
4  11.692112 0.000641 -0.000740  -1.371569 -0.000001 -1.064769
5  11.480329 0.000678 -0.000349  1.079032 -0.781889 1.699193
6  3.859510 -0.142879 -1.192049  -0.455904 0.180929 -0.802818
7  1.312589 0.000012 0.000008  -0.035778 -0.176074 -0.911505
8  0.729355 0.000054 0.000050  0.021077 -0.014194 -0.141620
9  3.942144 0.046273 -0.431512  -0.133520 0.086801 -0.558879
10  1.539111 0.000083 0.000006  0.001378 -0.013074 -0.250196
11  1.196332 0.000143 0.000030  -0.066656 -0.435287 -1.126555
12  3.883506 -0.047269 0.431381  0.095974 0.066513 -0.353642
13  1.719575 -0.000028 0.000013  0.003226 0.017797 -0.265081
14  1.209180 0.000090 0.000011  -0.040668 -0.418702 -0.996133
15  3.859665 -0.138475 1.332410  0.401652 0.135962 -0.180276
16  1.719449 -0.000011 0.000022  0.009735 0.040419 -0.135208
17  1.099676 0.000049 0.000007  -0.018188 -0.241110 -0.957517
18  0.805994 -0.349050 1.321253  -1.509873 -0.619430 -0.137482
19  1.789819 -0.000003 -0.000017  -0.003482 0.014917 0.070450
20  1.207017 -0.000012 -0.000044  -0.001839 -0.000201 0.228051
21  5.740637 0.000410 -0.000702  -0.008150 0.000003 0.000071
22  11.481070 0.000345 -0.000728  0.027980 -0.172043 0.265924
23  6.027524 -0.000332 0.000203  1.448372 0.028523 1.654915
24  0.000002 11.692099 -0.000009  -0.762399 -0.256921 -0.623443
25  0.000002 0.000010 -0.000001  -0.502493 -0.000031 1.570738
26  0.000000 -0.000012 -0.000001  0.868957 0.000002 1.570712
27  -6.837111 -2.442946 -7.233785  1.473120 1.855075 -0.198639
28  6.027503 -0.000276 -0.000223  2.065152 0.864391 1.087471
29  11.691991 0.000243 0.000859  0.141441 0.000042 -1.394884
30  11.479783 -0.000542 0.000916  -1.974110 0.697199 -0.205720
31  3.859436 -0.132789 1.193062  0.466148 -0.051828 -1.783918
32  1.312559 0.000025 -0.000001  -0.013963 -0.041043 -0.156449
33  0.729346 0.000067 -0.000027  -0.128320 -0.117290 -0.954856
34  3.942046 0.050107 0.430996  0.211502 -0.107596 -1.469117
35  1.539093 0.000004 -0.000000  0.040712 -0.054387 -1.030473
36  1.196299 0.000076 -0.000003  -0.249391 -0.043040 -0.795121
37  3.883412 -0.050503 -0.431088  0.186407 -0.271795 -1.212183
38  1.719564 -0.000081 -0.000003  0.020974 -0.107650 -1.483529
39  1.209197 0.000036 0.000011  -0.324719 0.069674 -0.493483
40  3.859585 -0.149113 -1.331324  -0.040757 -0.073789 -0.195091
41  1.719413 -0.000098 -0.000034  -0.007235 0.031761 -0.150715
42  1.099674 0.000026 0.000008  0.118501 -0.028866 -0.144987
43  0.805979 -0.359854 -1.318339  0.991670 0.166768 -0.799535
44  1.789779 -0.000008 -0.000041  0.000057 -0.002451 0.133097
45  1.206996 -0.000006 0.000006  0.000372 -0.000070 1.058782
46  5.740571 0.000055 0.000724  -0.063064 -0.000014 0.000021
47  11.480901 -0.000074 0.000932  -0.068058 0.121386 -0.021057
48  6.027513 -0.000274 -0.000237  -0.875103 -0.134173 -0.324575
49  -0.000001 11.691975 -0.000007  -0.966754 0.418913 0.769534
50  0.000004 -0.000002 0.000000  2.413975 -0.000041 1.570856
51  -0.000007 -0.000016 0.000005  2.272644 -0.000030 1.570865
52  -9.614088 -13.506100 -4.566621  0.841455 -0.487997 -0.334836
53  0.000000 -0.000001 -0.000000  0.008153 -0.000259 0.000009
54  0.000001 -0.000002 -0.000001  1.565115 0.043565 -0.106862
55  -0.537746 -17.092144 -1.895350  0.074042 0.757195 -1.872397
56  -0.000001 -0.000001 0.000000  0.000000 -0.000000 -0.000002
57  0.000030 0.000028 0.000000  -1.571901 -0.044449 -0.106509
58  33.185574 1.676875 -41.957436  1.570796 -0.000000 0.000000
59  -14.104287 -6.659629 -4.618619  1.570796 -0.000000 0.000000
60  1.941978 -1.075505 -8.860325  1.570796 -0.000000 0.000000
61  -0.004311 0.001229 -0.000371  0.006898 -0.005534 -0.284229
62  -7.233792 3.620581 -6.293282  1.570796 -0.000000 0.000000
63  0.000000 0.000000 0.000000  -0.078727 -3.136056 0.284226
64  0.000000 0.000000 0.000000  1.573331 0.000005 -0.004254
65  -1.239879 -14.991125 -4.102553  -0.820231 0.830996 -1.508670
66  0.000003 -2.923557 -1.408043  0.000000 0.000000 0.000000
67  -0.000001 -0.601197 -2.062165  0.000000 0.000000 0.000000
68  0.004381 -0.039406 6.613115  0.000000 0.000000 0.000000
69  0.000002 -0.021786 -0.115848  0.000000 0.000000 0.000000
70  0.000003 -3.304880 0.259168  0.000000 0.000000 0.000000
71  1.550316 -17.890556 -1.303166  -0.820231 0.830996 -1.508670
72  0.057102 0.204432 -2.709596  0.000000 0.000000 0.000000
73  0.111675 -0.283002 -2.709596  0.000000 0.000000 0.000000
74  -0.128216 -0.750370 -2.709596  0.000000 0.000000 0.000000
time 128
0  0 0 0  0 0 0
1  0.000006 0.000000 0.000000  -1.570800 -1.391899 -1.570792
2  -8.526393 2.634402 1.937664  -1.544956 -1.855077 -0.198630
3  6.027525 -0.000333 0.000191  -2.042475 -1.696505 -0.144295
4  11.692112 0.000641 -0.000740  -1.368117 -0.000001 -1.064769
5  11.480330 0.000677 -0.000352  1.079653 -0.778465 1.698756
6  3.859510 -0.142879 -1.192049  -0.455904 0.180929 -0.802818
7  1.312589 0.000012 0.000008  -0.035778 -0.176074 -0.911505
8  0.729355 0.000054 0.000050  0.021077 -0.014194 -0.141620
9  3.942144 0.046273 -0.431512  -0.133520 0.086801 -0.558879
10  1.539111 0.000083 0.000006  0.001378 -0.013074 -0.250196
11  1.196332 0.000143 0.000030  -0.066656 -0.435287 -1.126555
12  3.883506 -0.047269 0.431381  0.095974 0.066513 -0.353642
13  1.719575 -0.000028 0.000013  0.003226 0.017797 -0.265081
14  1.209180 0.000090 0.000011  -0.040668 -0.418702 -0.996133
15  3.859665 -0.138475 1.332410  0.401652 0.135962 -0.180276
16  1.719449 -0.000011 0.000022  0.009735 0.040419 -0.135208
17  1.099676 0.000049 0.000007  -0.018188 -0.241110 -0.957517
18  0.805994 -0.349050 1.321253  -1.509873 -0.619430 -0.137482
19  1.789819 -0.000003 -0.000017  -0.003482 0.014917 0.070450
20  1.207017 -0.000012 -0.000044  -0.001839 -0.000201 0.228051
21  5.740637 0.000411 -0.000703  -0.008990 0.000003 0.000071
22  11.481071 0.000346 -0.000728  0.027481 -0.171504 0.266241
23  6.027524 -0.000332 0.000203  1.448372 0.028523 1.654915
24  0.000002 11.692099 -0.000009  -0.762399 -0.256921 -0.623443
25  0.000002 0.000010 -0.000001  -0.499040 -0.000031 1.570738
26  0.000000 -0.000012 -0.000001  0.868957 0.000002 1.570712
27  -6.837111 -2.442946 -7.233785  1.473120 1.855075 -0.198639
28  6.027503 -0.000276 -0.000223  2.060114 0.863117 1.087211
29  11.691992 0.000243 0.000857  0.141441 0.000042 -1.398650
30  11.479763 -0.000553 0.000918  -1.980055 0.706005 -0.201452
31  3.859436 -0.132789 1.193061  0.466148 -0.051828 -1.783918
32  1.312559 0.000024 0.000000  -0.013963 -0.041043 -0.156449
33  0.729345 0.000066 -0.000028  -0.128320 -0.117290 -0.954856
34  3.942047 0.050108 0.430997  0.211502 -0.107596 -1.469117
35  1.539095 0.000005 -0.000000  0.040712 -0.054387 -1.030473
36  1.196300 0.000075 -0.000005  -0.249391 -0.043040 -0.795121
37  3.883412 -0.050503 -0.431087  0.186407 -0.271796 -1.212183
38  1.719563 -0.000081 -0.000003  0.020974 -0.107650 -1.483529
39  1.209198 0.000036 0.000011  -0.324719 0.069674 -0.493483
40  3.859586 -0.149113 -1.331323  -0.040757 -0.073789 -0.195091
41  1.719413 -0.000097 -0.000035  -0.007235 0.031761 -0.150715
42  1.099673 0.000023 0.000005  0.118501 -0.028866 -0.144987
43  0.805980 -0.359854 -1.318339  0.991670 0.166768 -0.799535
44  1.789779 -0.000007 -0.000042  0.000057 -0.002451 0.133097
45  1.206998 -0.000005 0.000005  0.000372 -0.000070 1.058781
46  5.740572 0.000053 0.000723  -0.063991 -0.000014 0.000021
47  11.480897 -0.000075 0.000933  -0.069095 0.123032 -0.019473
48  6.027513 -0.000274 -0.000237  -0.874362 -0.137608 -0.321105
49  -0.000002 11.691976 -0.000006  -0.969015 0.420916 0.771044
50  0.000004 -0.000002 0.000000  2.413975 -0.000041 1.570856
51  -0.000008 -0.000015 0.000006  2.272644 -0.000030 1.570865
52  -9.627328 -13.490162 -4.619977  0.834014 -0.491981 -0.335338
53  0.000000 0.000000 0.000000  0.008153 -0.000259 0.000009
54  0.000001 -0.000001 0.000000  1.565115 0.043565 -0.106862
55  -0.537746 -17.092144 -1.895350  0.074042 0.757195 -1.872397
56  -0.000001 -0.000001 0.000000  0.000000 -0.000000 -0.000002
57  0.000030 0.000028 0.000000  -1.571901 -0.044449 -0.106509
58  33.185574 1.676875 -41.957436  1.570796 -0.000000 0.000000
59  -14.114539 -6.690657 -4.621890  1.570796 -0.000000 0.000000
60  1.941978 -1.075505 -8.860325  1.570796 -0.000000 0.000000
61  -0.004311 0.001229 -0.000371  0.006898 -0.005534 -0.284229
62  -7.233792 3.620581 -6.293282  1.570796 -0.000000 0.000000
63  0.000000 0.000000 0.000000  -0.078727 -3.136056 0.284226
64  0.000000 0.000000 0.000000  1.573905 0.000006 -0.003805
65  -1.259891 -15.005126 -4.131222  -0.818541 0.823403 -1.511429
66  0.000002 -2.923557 -1.408042  0.000000 -0.000000 0.000000
67  -0.000002 -0.601197 -2.062164  0.000000 -0.000000 0.000000
68  0.004381 -0.039406 6.613115  0.000000 -0.000000 0.000000
69  0.000001 -0.021785 -0.115849  0.000000 -0.000000 0.000000
70  0.000002 -3.304881 0.259169  0.000000 -0.000000 0.000000
71  1.514205 -17.894575 -1.305636  -0.818541 0.823403 -1.511429
72  0.057100 0.204433 -2.709597  0.000000 -0.000000 0.000000
73  0.111672 -0.283001 -2.709597  0.000000 -0.000000 0.000000
74  -0.128218 -0.750369 -2.709597  0.000000 -0.000000 0.000000
time 129
0  0 0 0  0 0 0
1  0.000006 0.000000 0.000000  -1.570800 -1.391899 -1.570792
2  -8.526393 2.634402 1.937664  -1.544956 -1.855077 -0.198630
3  6.027525 -0.000333 0.000191  -2.042475 -1.696505 -0.144295
4  11.692112 0.000641 -0.000740  -1.364226 -0.000001 -1.064769
5  11.480328 0.000675 -0.000356  1.080348 -0.774606 1.698269
6  3.859510 -0.142879 -1.192049  -0.455904 0.180929 -0.802818
7  1.312589 0.000012 0.000008  -0.035778 -0.176074 -0.911505
8  0.729355 0.000054 0.000050  0.021077 -0.014194 -0.141620
9  3.942144 0.046273 -0.431512  -0.133520 0.086801 -0.558879
10  1.539111 0.000083 0.000006  0.001378 -0.013074 -0.250196
11  1.196332 0.000143 0.000030  -0.066656 -0.435287 -1.126555
12  3.883506 -0.047269 0.431381  0.095974 0.066513 -0.353642
13  1.719575 -0.000028 0.000013  0.003226 0.017797 -0.265081
14  1.209180 0.000090 0.000011  -0.040668 -0.418702 -0.996133
15  3.859665 -0.138475 1.332410  0.401652 0.135962 -0.180276
16  1.719449 -0.000011 0.000022  0.009735 0.040419 -0.135208
17  1.099676 0.000049 0.000007  -0.018188 -0.241110 -0.957517
18  0.805994 -0.349050 1.321253  -1.509873 -0.619430 -0.137482
19  1.789819 -0.000003 -0.000017  -0.003482 0.014917 0.070450
20  1.207017 -0.000012 -0.000044  -0.001839 -0.000201 0.228051
21  5.740636 0.000410 -0.000705  -0.009937 0.000003 0.000071
22  11.481070 0.000345 -0.000730  0.026918 -0.170896 0.266596
23  6.027524 -0.000332 0.000203  1.448372 0.028523 1.654915
24  0.000002 11.692099 -0.000009  -0.762399 -0.256921 -0.623443
25  0.000002 0.000010 -0.000001  -0.495150 -0.000031 1.570738
26  0.000000 -0.000012 -0.000001  0.868957 0.000002 1.570712
27  -6.837111 -2.442946 -7.233785  1.473120 1.855075 -0.198639
28  6.027503 -0.000276 -0.000223  2.056101 0.862796 1.084372
29  11.691992 0.000243 0.000857  0.141441 0.000042 -1.401327
30  11.479747 -0.000560 0.000920  -1.987437 0.710206 -0.200758
31  3.859435 -0.132786 1.193063  0.466148 -0.051828 -1.783918
32  1.312559 0.000025 -0.000001  -0.013963 -0.041043 -0.156449
33  0.729345 0.000065 -0.000028  -0.128320 -0.117290 -0.954856
34  3.942046 0.050111 0.430999  0.211502 -0.107596 -1.469117
35  1.539097 0.000006 0.000000  0.040712 -0.054387 -1.030473
36  1.196299 0.000075 -0.000003  -0.249391 -0.043040 -0.795121
37  3.883410 -0.050500 -0.431086  0.186407 -0.271796 -1.212183
38  1.719564 -0.000082 -0.000003  0.020974 -0.107650 -1.483529
39  1.209197 0.000034 0.000010  -0.324719 0.069674 -0.493483
40  3.859585 -0.149110 -1.331321  -0.040757 -0.073789 -0.195091
41  1.719412 -0.000098 -0.000034  -0.007235 0.031761 -0.150715
42  1.099674 0.000025 0.000007  0.118501 -0.028866 -0.144987
43  0.805978 -0.359852 -1.318336  0.991670 0.166768 -0.799535
44  1.789779 -0.000008 -0.000041  0.000057 -0.002451 0.133097
45  1.206997 -0.000005 0.000007  0.000372 -0.000070 1.058781
46  5.740571 0.000054 0.000724  -0.065222 -0.000014 0.000021
47  11.480892 -0.000078 0.000934  -0.070348 0.123882 -0.018642
48  6.027513 -0.000274 -0.000237  -0.874472 -0.140235 -0.320879
49  -0.000002 11.691975 -0.000008  -0.970621 0.422341 0.772114
50  0.000002 -0.000001 -0.000000  2.413975 -0.000041 1.570856
51  -0.000008 -0.000015 0.000005  2.272644 -0.000030 1.570865
52  -9.644096 -13.480897 -4.661676  0.828119 -0.494266 -0.335231
53  0.000000 0.000000 -0.000000  0.008153 -0.000259 0.000009
54  -0.000001 0.000002 0.000001  1.565115 0.043565 -0.106862
55  -0.537746 -17.092144 -1.895350  0.074042 0.757195 -1.872397
56  -0.000001 -0.000001 0.000000  0.000000 -0.000000 -0.000002
57  0.000030 0.000028 0.000000  -1.571901 -0.044449 -0.106509
58  33.185574 1.676875 -41.957436  1.570796 -0.000000 0.000000
59  -14.129107 -6.734106 -4.628642  1.570796 -0.000000 0.000000
60  1.941978 -1.075505 -8.860325  1.570796 -0.000000 0.000000
61  -0.004311 0.001229 -0.000371  0.006898 -0.005534 -0.284229
62  -7.233792 3.620581 -6.293282  1.570796 -0.000000 0.000000
63  0.000000 0.000000 0.000000  -0.078727 -3.136056 0.284226
64  0.000000 0.000000 0.000000  1.574399 0.000006 -0.003311
65  -1.280974 -15.015515 -4.160543  -0.818365 0.817731 -1.513985
66  0.000003 -2.923558 -1.408040  -0.000000 0.000000 0.000000
67  -0.000001 -0.601197 -2.062163  -0.000000 0.000000 0.000000
68  0.004381 -0.039406 6.613115  -0.000000 0.000000 0.000000
69  0.000002 -0.021786 -0.115848  -0.000000 0.000000 0.000000
70  0.000003 -3.304880 0.259170  -0.000000 0.000000 0.000000
71  1.484105 -17.896368 -1.317397  -0.818365 0.817731 -1.513985
72  0.057101 0.204434 -2.709596  -0.000000 0.000000 0.000000
73  0.111675 -0.283001 -2.709596  -0.000000 0.000000 0.000000
74  -0.128216 -0.750370 -2.709596  -0.000000 0.000000 0.000000
time 130
0  0 0 0  0 0 0
1  0.000006 0.000000 0.000000  -1.570800 -1.391899 -1.570792
2  -8.526393 2.634402 1.937664  -1.544956 -1.855077 -0.198630
3  6.027525 -0.000333 0.000191  -2.042475 -1.696505 -0.144295
4  11.692112 0.000641 -0.000740  -1.359917 -0.000001 -1.064769
5  11.480329 0.000674 -0.000357  1.081111 -0.770331 1.697737
6  3.859510 -0.142879 -1.192049  -0.455904 0.180929 -0.802818
7  1.312589 0.000012 0.000008  -0.035778 -0.176074 -0.911505
8  0.729355 0.000054 0.000050  0.021077 -0.014194 -0.141620
9  3.942144 0.046273 -0.431512  -0.133520 0.086801 -0.558879
10  1.539111 0.000083 0.000006  0.001378 -0.013074 -0.250196
11  1.196332 0.000143 0.000030  -0.066656 -0.435287 -1.126555
12  3.883506 -0.047269 0.431381  0.095974 0.066513 -0.353642
13  1.719575 -0.000028 0.000013  0.003226 0.017797 -0.265081
14  1.209180 0.000090 0.000011  -0.040668 -0.418702 -0.996133
15  3.859665 -0.138475 1.332410  0.401652 0.135962 -0.180276
16  1.719449 -0.000011 0.000022  0.009735 0.040419 -0.135208
17  1.099676 0.000049 0.000007  -0.018188 -0.241110 -0.957517
18  0.805994 -0.349050 1.321253  -1.509873 -0.619430 -0.137482
19  1.789819 -0.000003 -0.000017  -0.003482 0.014917 0.070450
20  1.207017 -0.000012 -0.000044  -0.001839 -0.000201 0.228051
21  5.740637 0.000410 -0.000702  -0.010985 0.000003 0.000071
22  11.481071 0.000345 -0.000728  0.026296 -0.170223 0.266990
23  6.027524 -0.000332 0.000203  1.448372 0.028523 1.654915
24  0.000002 11.692099 -0.000009  -0.762399 -0.256921 -0.623443
25  0.000002 0.000010 -0.000001  -0.490840 -0.000031 1.570738
26  0.000000 -0.000012 -0.000001  0.868957 0.000002 1.570712
27  -6.837111 -2.442946 -7.233785  1.473120 1.855075 -0.198639
28  6.027503 -0.000276 -0.000223  2.052723 0.863312 1.078865
29  11.691993 0.000244 0.000858  0.141441 0.000042 -1.403602
30  11.479738 -0.000563 0.000921  -1.996484 0.710798 -0.202508
31  3.859435 -0.132787 1.193062  0.466148 -0.051828 -1.783917
32  1.312557 0.000024 -0.000002  -0.013963 -0.041043 -0.156449
33  0.729346 0.000068 -0.000028  -0.128320 -0.117290 -0.954856
34  3.942045 0.050110 0.430997  0.211502 -0.107596 -1.469117
35  1.539098 0.000005 0.000001  0.040712 -0.054387 -1.030473
36  1.196299 0.000075 -0.000004  -0.249391 -0.043040 -0.795121
37  3.883411 -0.050502 -0.431087  0.186407 -0.271796 -1.212183
38  1.719565 -0.000080 -0.000002  0.020974 -0.107650 -1.483529
39  1.209197 0.000036 0.000011  -0.324719 0.069674 -0.493483
40  3.859585 -0.149111 -1.331323  -0.040757 -0.073789 -0.195091
41  1.719413 -0.000097 -0.000034  -0.007235 0.031761 -0.150715
42  1.099673 0.000024 0.000007  0.118501 -0.028866 -0.144987
43  0.805978 -0.359854 -1.318338  0.991670 0.166768 -0.799535
44  1.789780 -0.000008 -0.000042  0.000057 -0.002451 0.133097
45  1.206997 -0.000005 0.000007  0.000372 -0.000070 1.058782
46  5.740572 0.000058 0.000724  -0.066824 -0.000014 0.000021
47  11.480892 -0.000075 0.000935  -0.071884 0.124103 -0.018298
48  6.027513 -0.000274 -0.000237  -0.875354 -0.142315 -0.323695
49  -0.000001 11.691975 -0.000007  -0.971985 0.423553 0.773023
50  0.000005 -0.000002 -0.000000  2.413975 -0.000041 1.570856
51  -0.000006 -0.000015 0.000005  2.272644 -0.000030 1.570865
52  -9.662893 -13.473877 -4.697460  0.823319 -0.495582 -0.334831
53  -0.000000 0.000001 0.000001  0.008153 -0.000259 0.000009
54  -0.000001 0.000001 0.000000  1.565115 0.043565 -0.106862
55  -0.537746 -17.092144 -1.895350  0.074042 0.757195 -1.872397
56  -0.000001 -0.000001 0.000000  0.000000 -0.000000 -0.000002
57  0.000030 0.000028 0.000000  -1.571901 -0.044449 -0.106509
58  33.185574 1.676875 -41.957436  1.570796 -0.000000 0.000000
59  -14.148048 -6.789701 -4.640422  1.570796 -0.000000 0.000000
60  1.941978 -1.075505 -8.860325  1.570796 -0.000000 0.000000
61  -0.004311 0.001229 -0.000371  0.006898 -0.005534 -0.284229
62  -7.233792 3.620581 -6.293282  1.570796 -0.000000 0.000000
63  0.000000 0.000000 0.000000  -0.078727 -3.136056 0.284226
64  0.000000 0.000000 0.000000  1.574744 0.000006 -0.002810
65  -1.302594 -15.021979 -4.190729  -0.818936 0.813324 -1.516280
66  0.000003 -2.923559 -1.408041  -0.000000 -0.000000 -0.000000
67  -0.000002 -0.601197 -2.062164  -0.000000 -0.000000 -0.000000
68  0.004381 -0.039408 6.613115  -0.000000 -0.000000 -0.000000
69  0.000002 -0.021788 -0.115848  -0.000000 -0.000000 -0.000000
70  0.000001 -3.304880 0.259168  -0.000000 -0.000000 -0.000000
71  1.457494 -17.895424 -1.335263  -0.818936 0.813324 -1.516280
72  0.057100 0.204432 -2.709597  -0.000000 -0.000000 -0.000000
73  0.111674 -0.283002 -2.709597  -0.000000 -0.000000 -0.000000
74  -0.128217 -0.750370 -2.709597  -0.000000 -0.000000 -0.000000
time 131
0  0 0 0  0 0 0
1  0.000006 0.000000 0.000000  -1.570800 -1.391899 -1.570792
2  -8.526393 2.634402 1.937664  -1.544956 -1.855077 -0.198630
3  6.027525 -0.000333 0.000191  -2.042475 -1.696505 -0.144295
4  11.692112 0.000641 -0.000740  -1.355204 -0.000001 -1.064769
5  11.480328 0.000673 -0.000361  1.081939 -0.765657 1.697162
6  3.859510 -0.142879 -1.192049  -0.455904 0.180929 -0.802818
7  1.312589 0.000012 0.000008  -0.035778 -0.176074 -0.911505
8  0.729355 0.000054 0.000050  0.021077 -0.014194 -0.141620
9  3.942144 0.046273 -0.431512  -0.133520 0.086801 -0.558879
10  1.539111 0.000083 0.000006  0.001378 -0.013074 -0.250196
11  1.196332 0.000143 0.000030  -0.066656 -0.435287 -1.126555
12  3.883506 -0.047269 0.431381  0.095974 0.066513 -0.353642
13  1.719575 -0.000028 0.000013  0.003226 0.017797 -0.265081
14  1.209180 0.000090 0.000011  -0.040668 -0.418702 -0.996133
15  3.859665 -0.138475 1.332410  0.401652 0.135962 -0.180276
16  1.719449 -0.000011 0.000022  0.009735 0.040419 -0.135208
17  1.099676 0.000049 0.000007  -0.018188 -0.241110 -0.957517
18  0.805994 -0.349050 1.321253  -1.509873 -0.619430 -0.137482
19  1.789819 -0.000003 -0.000017  -0.003482 0.014917 0.070450
20  1.207017 -0.000012 -0.000044  -0.001839 -0.000201 0.228051
21  5.740636 0.000410 -0.000702  -0.012132 0.000003 0.000070
22  11.481069 0.000345 -0.000729  0.025615 -0.169485 0.267417
23  6.027524 -0.000332 0.000203  1.448372 0.028523 1.654915
24  0.000002 11.692099 -0.000009  -0.762399 -0.256921 -0.623443
25  0.000002 0.000010 -0.000001  -0.486128 -0.000031 1.570738
26  0.000000 -0.000012 -0.000001  0.868957 0.000002 1.570712
27  -6.837111 -2.442946 -7.233785  1.473120 1.855075 -0.198639
28  6.027503 -0.000276 -0.000223  2.049899 0.864691 1.070366
29  11.691992 0.000245 0.000858  0.141441 0.000043 -1.405782
30  11.479722 -0.000570 0.000920  -2.007341 0.707727 -0.206255
31  3.859436 -0.132786 1.193062  0.466148 -0.051828 -1.783918
32  1.312560 0.000025 -0.000000  -0.013963 -0.041043 -0.156449
33  0.729345 0.000065 -0.000028  -0.128320 -0.117290 -0.954856
34  3.942048 0.050109 0.430998  0.211501 -0.107596 -1.469117
35  1.539096 0.000004 0.000000  0.040712 -0.054387 -1.030473
36  1.196299 0.000076 -0.000003  -0.249391 -0.043040 -0.795121
37  3.883411 -0.050501 -0.431086  0.186407 -0.271796 -1.212182
38  1.719565 -0.000081 -0.000003  0.020974 -0.107650 -1.483529
39  1.209197 0.000036 0.000012  -0.324719 0.069674 -0.493483
40  3.859585 -0.149111 -1.331322  -0.040757 -0.073789 -0.195091
41  1.719413 -0.000098 -0.000035  -0.007235 0.031761 -0.150715
42  1.099674 0.000025 0.000006  0.118501 -0.028866 -0.144987
43  0.805980 -0.359852 -1.318337  0.991670 0.166768 -0.799535
44  1.789780 -0.000008 -0.000042  0.000057 -0.002451 0.133097
45  1.206997 -0.000005 0.000007  0.000372 -0.000070 1.058781
46  5.740571 0.000056 0.000724  -0.068864 -0.000014 0.000021
47  11.480888 -0.000077 0.000934  -0.073759 0.123681 -0.018354
48  6.027513 -0.000274 -0.000237  -0.877041 -0.143890 -0.329806
49  -0.000001 11.691975 -0.000008  -0.973292 0.424717 0.773893
50  0.000005 -0.000002 0.000001  2.413975 -0.000041 1.570856
51  -0.000006 -0.000015 0.000004  2.272644 -0.000030 1.570865
52  -9.682829 -13.466901 -4.729004  0.819580 -0.496111 -0.334351
53  0.000000 -0.000001 0.000000  0.008153 -0.000259 0.000009
54  0.000001 0.000001 0.000001  1.565115 0.043565 -0.106862
55  -0.537746 -17.092144 -1.895350  0.074042 0.757195 -1.872397
56  -0.000001 -0.000001 0.000000  0.000000 -0.000000 -0.000002
57  0.000030 0.000028 0.000000  -1.571901 -0.044449 -0.106509
58  33.185574 1.676875 -41.957436  1.570796 -0.000000 0.000000
59  -14.171367 -6.856915 -4.658976  1.570796 -0.000000 0.000000
60  1.941978 -1.075505 -8.860325  1.570796 -0.000000 0.000000
61  -0.004311 0.001229 -0.000371  0.006898 -0.005534 -0.284229
62  -7.233792 3.620581 -6.293282  1.570796 -0.000000 0.000000
63  0.000000 0.000000 0.000000  -0.078727 -3.136056 0.284226
64  0.000000 0.000000 0.000000  1.574875 0.000005 -0.002340
65  -1.324253 -15.024203 -4.222030  -0.820033 0.810080 -1.518375
66  0.000002 -2.923558 -1.408041  0.000000 -0.000000 -0.000000
67  -0.000003 -0.601197 -2.062165  0.000000 -0.000000 -0.000000
68  0.004382 -0.039406 6.613115  0.000000 -0.000000 -0.000000
69  0.000003 -0.021786 -0.115848  0.000000 -0.000000 -0.000000
70  0.000001 -3.304880 0.259169  0.000000 -0.000000 -0.000000
71  1.433765 -17.891855 -1.358751  -0.820033 0.810080 -1.518375
72  0.057100 0.204433 -2.709596  0.000000 -0.000000 -0.000000
73  0.111673 -0.283002 -2.709596  0.000000 -0.000000 -0.000000
74  -0.128217 -0.750370 -2.709597  0.000000 -0.000000 -0.000000
time 132
0  0 0 0  0 0 0
1  0.000006 0.000000 0.000000  -1.570800 -1.391899 -1.570792
2  -8.526393 2.634402 1.937664  -1.544956 -1.855077 -0.198630
3  6.027525 -0.000333 0.000191  -2.042475 -1.696505 -0.144295
4  11.692112 0.000641 -0.000740  -1.350106 -0.000001 -1.064769
5  11.480329 0.000670 -0.000365  1.082826 -0.760598 1.696549
6  3.859510 -0.142879 -1.192049  -0.455904 0.180929 -0.802818
7  1.312589 0.000012 0.000008  -0.035778 -0.176074 -0.911505
8  0.729355 0.000054 0.000050  0.021077 -0.014194 -0.141620
9  3.942144 0.046273 -0.431512  -0.133520 0.086801 -0.558879
10  1.539111 0.000083 0.000006  0.001378 -0.013074 -0.250196
11  1.196332 0.000143 0.000030  -0.066656 -0.435287 -1.126555
12  3.883506 -0.047269 0.431381  0.095974 0.066513 -0.353642
13  1.719575 -0.000028 0.000013  0.003226 0.017797 -0.265081
14  1.209180 0.000090 0.000011  -0.040668 -0.418702 -0.996133
15  3.859665 -0.138475 1.332410  0.401652 0.135962 -0.180276
16  1.719449 -0.000011 0.000022  0.009735 0.040419 -0.135208
17  1.099676 0.000049 0.000007  -0.018188 -0.241110 -0.957517
18  0.805994 -0.349050 1.321253  -1.509873 -0.619430 -0.137482
19  1.789819 -0.000003 -0.000017  -0.003482 0.014917 0.070450
20  1.207017 -0.000012 -0.000044  -0.001839 -0.000201 0.228051
21  5.740638 0.000410 -0.000703  -0.013373 0.000003 0.000071
22  11.481071 0.000344 -0.000731  0.024880 -0.168686 0.267879
23  6.027524 -0.000332 0.000203  1.448372 0.028523 1.654915
24  0.000002 11.692099 -0.000009  -0.762399 -0.256921 -0.623443
25  0.000002 0.000010 -0.000001  -0.481029 -0.000031 1.570738
26  0.000000 -0.000012 -0.000001  0.868957 0.000002 1.570712
27  -6.837111 -2.442946 -7.233785  1.473120 1.855075 -0.198639
28  6.027503 -0.000276 -0.000223  2.047595 0.866994 1.058499
29  11.691991 0.000243 0.000856  0.141441 0.000043 -1.408149
30  11.479711 -0.000577 0.000922  -2.019877 0.700673 -0.211148
31  3.859436 -0.132787 1.193061  0.466148 -0.051828 -1.783918
32  1.312558 0.000024 -0.000000  -0.013963 -0.041043 -0.156449
33  0.729345 0.000066 -0.000027  -0.128320 -0.117290 -0.954856
34  3.942046 0.050109 0.430996  0.211502 -0.107596 -1.469117
35  1.539096 0.000004 -0.000000  0.040712 -0.054387 -1.030473
36  1.196299 0.000077 -0.000004  -0.249391 -0.043040 -0.795121
37  3.883411 -0.050502 -0.431087  0.186407 -0.271796 -1.212183
38  1.719564 -0.000081 -0.000003  0.020974 -0.107650 -1.483529
39  1.209197 0.000035 0.000011  -0.324719 0.069674 -0.493483
40  3.859584 -0.149111 -1.331323  -0.040757 -0.073789 -0.195091
41  1.719411 -0.000096 -0.000034  -0.007235 0.031761 -0.150715
42  1.099674 0.000023 0.000006  0.118501 -0.028866 -0.144987
43  0.805978 -0.359853 -1.318339  0.991669 0.166768 -0.799535
44  1.789780 -0.000008 -0.000044  0.000057 -0.002451 0.133097
45  1.206996 -0.000006 0.000007  0.000372 -0.000070 1.058782
46  5.740572 0.000054 0.000724  -0.071398 -0.000014 0.000021
47  11.480886 -0.000080 0.000934  -0.076010 0.122531 -0.018685
48  6.027513 -0.000274 -0.000237  -0.879591 -0.144967 -0.339551
49  -0.000001 11.691975 -0.000006  -0.974711 0.425981 0.774836
50  0.000001 -0.000001 -0.000001  2.413975 -0.000041 1.570856
51  -0.000007 -0.000016 0.000006  2.272644 -0.000030 1.570865
52  -9.702740 -13.457806 -4.757502  0.817070 -0.495962 -0.334363
53  -0.000000 0.000000 -0.000000  0.008153 -0.000259 0.000009
54  -0.000001 0.000000 -0.000001  1.565115 0.043565 -0.106862
55  -0.537746 -17.092144 -1.895350  0.074042 0.757195 -1.872397
56  -0.000001 -0.000001 0.000000  0.000000 -0.000000 -0.000002
57  0.000030 0.000028 0.000000  -1.571901 -0.044449 -0.106509
58  33.185574 1.676875 -41.957436  1.570796 -0.000000 0.000000
59  -14.198988 -6.934943 -4.686221  1.570796 -0.000000 0.000000
60  1.941978 -1.075505 -8.860325  1.570796 -0.000000 0.000000
61  -0.004311 0.001229 -0.000371  0.006898 -0.005534 -0.284229
62  -7.233792 3.620581 -6.293282  1.570796 -0.000000 0.000000
63  0.000000 0.000000 0.000000  -0.078727 -3.136056 0.284226
64  0.000000 0.000000 0.000000  1.574780 0.000004 -0.001930
65  -1.345610 -15.024158 -4.254580  -0.821436 0.808090 -1.520596
66  0.000003 -2.923559 -1.408041  -0.000000 0.000000 0.000000
67  -0.000002 -0.601198 -2.062164  -0.000000 0.000000 0.000000
68  0.004383 -0.039408 6.613115  -0.000000 0.000000 0.000000
69  0.000004 -0.021787 -0.115849  -0.000000 0.000000 0.000000
70  0.000003 -3.304881 0.259169  -0.000000 0.000000 0.000000
71  1.411428 -17.889301 -1.387851  -0.821436 0.808090 -1.520596
72  0.057101 0.204433 -2.709597  -0.000000 0.000000 0.000000
73  0.111674 -0.283002 -2.709597  -0.000000 0.000000 0.000000
74  -0.128216 -0.750371 -2.709596  -0.000000 0.000000 0.000000
time 133
0  0 0 0  0 0 0
1  0.000006 0.000000 0.000000  -1.570800 -1.391899 -1.570792
2  -8.526393 2.634402 1.937664  -1.544956 -1.855077 -0.198630
3  6.027525 -0.000333 0.000191  -2.042475 -1.696505 -0.144295
4  11.692112 0.000641 -0.000740  -1.344634 -0.000001 -1.064769
5  11.480329 0.000668 -0.000369  1.083768 -0.755170 1.695901
6  3.859510 -0.142879 -1.192049  -0.455904 0.180929 -0.802818
7  1.312589 0.000012 0.000008  -0.035778 -0.176074 -0.911505
8  0.729355 0.000054 0.000050  0.021077 -0.014194 -0.141620
9  3.942144 0.046273 -0.431512  -0.133520 0.086801 -0.558879
10  1.539111 0.000083 0.000006  0.001378 -0.013074 -0.250196
11  1.196332 0.000143 0.000030  -0.066656 -0.435287 -1.126555
12  3.883506 -0.047269 0.431381  0.095974 0.066513 -0.353642
13  1.719575 -0.000028 0.000013  0.003226 0.017797 -0.265081
14  1.209180 0.000090 0.000011  -0.040668 -0.418702 -0.996133
15  3.859665 -0.138475 1.332410  0.401652 0.135962 -0.180276
16  1.719449 -0.000011 0.000022  0.009735 0.040419 -0.135208
17  1.099676 0.000049 0.000007  -0.018188 -0.241110 -0.957517
18  0.805994 -0.349050 1.321253  -1.509873 -0.619430 -0.137482
19  1.789819 -0.000003 -0.000017  -0.003482 0.014917 0.070450
20  1.207017 -0.000012 -0.000044  -0.001839 -0.000201 0.228051
21  5.740636 0.000410 -0.000703  -0.014704 0.000003 0.000071
22  11.481070 0.000343 -0.000733  0.024091 -0.167828 0.268371
23  6.027524 -0.000332 0.000203  1.448372 0.028523 1.654915
24  0.000002 11.692099 -0.000009  -0.762399 -0.256921 -0.623443
25  0.000002 0.000010 -0.000001  -0.475558 -0.000031 1.570738
26  0.000000 -0.000012 -0.000001  0.868957 0.000002 1.570712
27  -6.837111 -2.442946 -7.233785  1.473120 1.855075 -0.198639
28  6.027503 -0.000276 -0.000223  2.045800 0.870278 1.042799
29  11.691991 0.000242 0.000856  0.141441 0.000043 -1.411030
30  11.479692 -0.000584 0.000923  -2.033871 0.689202 -0.216168
31  3.859436 -0.132788 1.193060  0.466148 -0.051828 -1.783918
32  1.312557 0.000024 0.000000  -0.013963 -0.041043 -0.156449
33  0.729346 0.000067 -0.000027  -0.128320 -0.117290 -0.954856
34  3.942046 0.050109 0.430995  0.211502 -0.107596 -1.469117
35  1.539095 0.000005 -0.000001  0.040712 -0.054387 -1.030473
36  1.196298 0.000075 -0.000003  -0.249391 -0.043040 -0.795121
37  3.883412 -0.050501 -0.431089  0.186407 -0.271795 -1.212183
38  1.719563 -0.000081 -0.000003  0.020974 -0.107650 -1.483529
39  1.209196 0.000035 0.000011  -0.324719 0.069674 -0.493483
40  3.859585 -0.149111 -1.331325  -0.040757 -0.073789 -0.195091
41  1.719411 -0.000097 -0.000034  -0.007235 0.031761 -0.150715
42  1.099675 0.000024 0.000006  0.118501 -0.028866 -0.144987
43  0.805979 -0.359854 -1.318339  0.991670 0.166768 -0.799535
44  1.789779 -0.000008 -0.000041  0.000057 -0.002451 0.133097
45  1.206997 -0.000005 0.000005  0.000372 -0.000070 1.058781
46  5.740573 0.000055 0.000723  -0.074483 -0.000014 0.000021
47  11.480884 -0.000080 0.000934  -0.078672 0.120543 -0.019147
48  6.027513 -0.000274 -0.000237  -0.883063 -0.145542 -0.353379
49  0.000000 11.691974 -0.000006  -0.976437 0.427521 0.775981
50  0.000002 -0.000001 -0.000000  2.413975 -0.000041 1.570856
51  -0.000005 -0.000016 0.000006  2.272644 -0.000030 1.570865
52  -9.721371 -13.443919 -4.783582  0.816030 -0.495242 -0.335529
53  0.000001 0.000001 0.000000  0.008153 -0.000259 0.000009
54  0.000000 -0.000000 -0.000001  1.565115 0.043565 -0.106862
55  -0.537746 -17.092144 -1.895350  0.074042 0.757195 -1.872397
56  -0.000001 -0.000001 0.000000  0.000000 -0.000000 -0.000002
57  0.000030 0.000028 0.000000  -1.571901 -0.044449 -0.106509
58  33.185574 1.676875 -41.957436  1.570796 -0.000000 0.000000
59  -14.230754 -7.022669 -4.724208  1.570796 -0.000000 0.000000
60  1.941978 -1.075505 -8.860325  1.570796 -0.000000 0.000000
61  -0.004311 0.001229 -0.000371  0.006898 -0.005534 -0.284229
62  -7.233792 3.620581 -6.293282  1.570796 -0.000000 0.000000
63  0.000000 0.000000 0.000000  -0.078727 -3.136056 0.284226
64  0.000000 0.000000 0.000000  1.574519 0.000003 -0.001582
65  -1.366364 -15.023838 -4.287868  -0.822898 0.807512 -1.523314
66  0.000002 -2.923559 -1.408041  -0.000000 0.000000 -0.000000
67  -0.000002 -0.601199 -2.062164  -0.000000 0.000000 -0.000000
68  0.004381 -0.039407 6.613115  -0.000000 0.000000 -0.000000
69  0.000004 -0.021788 -0.115848  -0.000000 0.000000 -0.000000
70  0.000002 -3.304882 0.259169  -0.000000 0.000000 -0.000000
71  1.388725 -17.891760 -1.422042  -0.822898 0.807512 -1.523314
72  0.057101 0.204432 -2.709596  -0.000000 0.000000 -0.000000
73  0.111673 -0.283001 -2.709597  -0.000000 0.000000 -0.000000
74  -0.128217 -0.750371 -2.709597  -0.000000 0.000000 -0.000000
time 134
0  0 0 0  0 0 0
1  0.000006 0.000000 0.000000  -1.570800 -1.391899 -1.570792
2  -8.526393 2.634402 1.937664  -1.544956 -1.855077 -0.198630
3  6.027525 -0.000333 0.000191  -2.042475 -1.696505 -0.144295
4  11.692112 0.000641 -0.000740  -1.338804 -0.000001 -1.064769
5  11.480329 0.000667 -0.000372  1.084762 -0.749385 1.695222
6  3.859510 -0.142879 -1.192049  -0.455904 0.180929 -0.802818
7  1.312589 0.000012 0.000008  -0.035778 -0.176074 -0.911505
8  0.729355 0.000054 0.000050  0.021077 -0.014194 -0.141620
9  3.942144 0.046273 -0.431512  -0.133520 0.086801 -0.558879
10  1.539111 0.000083 0.000006  0.001378 -0.013074 -0.250196
11  1.196332 0.000143 0.000030  -0.066656 -0.435287 -1.126555
12  3.883506 -0.047269 0.431381  0.095974 0.066513 -0.353642
13  1.719575 -0.000028 0.000013  0.003226 0.017797 -0.265081
14  1.209180 0.000090 0.000011  -0.040668 -0.418702 -0.996133
15  3.859665 -0.138475 1.332410  0.401652 0.135962 -0.180276
16  1.719449 -0.000011 0.000022  0.009735 0.040419 -0.135208
17  1.099676 0.000049 0.000007  -0.018188 -0.241110 -0.957517
18  0.805994 -0.349050 1.321253  -1.509873 -0.619430 -0.137482
19  1.789819 -0.000003 -0.000017  -0.003482 0.014917 0.070450
20  1.207017 -0.000012 -0.000044  -0.001839 -0.000201 0.228051
21  5.740638 0.000410 -0.000702  -0.016124 0.000003 0.000071
22  11.481070 0.000344 -0.000732  0.023252 -0.166913 0.268893
23  6.027524 -0.000332 0.000203  1.448372 0.028523 1.654915
24  0.000002 11.692099 -0.000009  -0.762399 -0.256921 -0.623443
25  0.000002 0.000010 -0.000001  -0.469728 -0.000031 1.570738
26  0.000000 -0.000012 -0.000001  0.868957 0.000002 1.570712
27  -6.837111 -2.442946 -7.233785  1.473120 1.855075 -0.198639
28  6.027503 -0.000276 -0.000223  2.044461 0.874510 1.022640
29  11.691992 0.000244 0.000857  0.141441 0.000043 -1.415041
30  11.479674 -0.000597 0.000926  -2.049138 0.672829 -0.220093
31  3.859436 -0.132788 1.193061  0.466148 -0.051828 -1.783918
32  1.312559 0.000024 -0.000002  -0.013963 -0.041043 -0.156449
33  0.729346 0.000066 -0.000028  -0.128320 -0.117290 -0.954856
34  3.942046 0.050109 0.430996  0.211501 -0.107596 -1.469117
35  1.539093 0.000004 0.000000  0.040712 -0.054387 -1.030473
36  1.196301 0.000076 -0.000005  -0.249391 -0.043040 -0.795121
37  3.883411 -0.050502 -0.431089  0.186407 -0.271795 -1.212183
38  1.719563 -0.000082 -0.000003  0.020974 -0.107650 -1.483529
39  1.209197 0.000036 0.000012  -0.324719 0.069674 -0.493483
40  3.859584 -0.149112 -1.331324  -0.040757 -0.073789 -0.195091
41  1.719411 -0.000096 -0.000033  -0.007235 0.031761 -0.150715
42  1.099673 0.000024 0.000007  0.118501 -0.028866 -0.144987
43  0.805979 -0.359854 -1.318339  0.991670 0.166768 -0.799535
44  1.789781 -0.000008 -0.000042  0.000057 -0.002451 0.133097
45  1.206996 -0.000005 0.000004  0.000372 -0.000070 1.058781
46  5.740573 0.000054 0.000723  -0.078184 -0.000014 0.000021
47  11.480880 -0.000084 0.000935  -0.081796 0.117584 -0.019560
48  6.027513 -0.000274 -0.000237  -0.887426 -0.145651 -0.371879
49  -0.000002 11.691975 -0.000006  -0.978838 0.429668 0.777573
50  0.000002 0.000001 0.000000  2.413975 -0.000041 1.570856
51  -0.000008 -0.000015 0.000005  2.272644 -0.000030 1.570865
52  -9.737423 -13.420278 -4.807699  0.816701 -0.494056 -0.338518
53  0.000000 -0.000001 0.000000  0.008153 -0.000259 0.000009
54  0.000000 -0.000001 -0.000000  1.565115 0.043565 -0.106862
55  -0.537746 -17.092144 -1.895350  0.074042 0.757195 -1.872397
56  -0.000001 -0.000001 0.000000  0.000000 -0.000000 -0.000002
57  0.000030 0.000028 0.000000  -1.571901 -0.044449 -0.106509
58  33.185574 1.676875 -41.957436  1.570796 -0.000000 0.000000
59  -14.266409 -7.118655 -4.775064  1.570796 -0.000000 0.000000
60  1.941978 -1.075505 -8.860325  1.570796 -0.000000 0.000000
61  -0.004311 0.001229 -0.000371  0.006898 -0.005534 -0.284229
62  -7.233792 3.620581 -6.293282  1.570796 -0.000000 0.000000
63  0.000000 0.000000 0.000000  -0.078727 -3.136056 0.284226
64  0.000000 0.000000 0.000000  1.574130 0.000002 -0.001288
65  -1.386214 -15.022970 -4.321212  -0.824170 0.808503 -1.526904
66  0.000001 -2.923558 -1.408042  0.000000 0.000000 0.000000
67  -0.000003 -0.601197 -2.062165  0.000000 0.000000 0.000000
68  0.004381 -0.039406 6.613115  0.000000 0.000000 0.000000
69  0.000003 -0.021786 -0.115848  0.000000 0.000000 0.000000
70  0.000002 -3.304880 0.259169  0.000000 0.000000 0.000000
71  1.363847 -17.900963 -1.460657  -0.824170 0.808503 -1.526904
72  0.057100 0.204433 -2.709597  0.000000 0.000000 0.000000
73  0.111673 -0.283001 -2.709597  0.000000 0.000000 0.000000
74  -0.128217 -0.750370 -2.709597  0.000000 0.000000 0.000000
time 135
0  0 0 0  0 0 0
1  0.000006 0.000000 0.000000  -1.570800 -1.391899 -1.570792
2  -8.526393 2.634402 1.937664  -1.544956 -1.855077 -0.198630
3  6.027525 -0.000333 0.000191  -2.042475 -1.696505 -0.144295
4  11.692112 0.000641 -0.000740  -1.332628 -0.000001 -1.064769
5  11.480328 0.000664 -0.000375  1.085803 -0.743256 1.694515
6  3.859510 -0.142879 -1.192049  -0.455904 0.180929 -0.802818
7  1.312589 0.000012 0.000008  -0.035778 -0.176074 -0.911505
8  0.729355 0.000054 0.000050  0.021077 -0.014194 -0.141620
9  3.942144 0.046273 -0.431512  -0.133520 0.086801 -0.558879
10  1.539111 0.000083 0.000006  0.001378 -0.013074 -0.250196
11  1.196332 0.000143 0.000030  -0.066656 -0.435287 -1.126555
12  3.883506 -0.047269 0.431381  0.095974 0.066513 -0.353642
13  1.719575 -0.000028 0.000013  0.003226 0.017797 -0.265081
14  1.209180 0.000090 0.000011  -0.040668 -0.418702 -0.996133
15  3.859665 -0.138475 1.332410  0.401652 0.135962 -0.180276
16  1.719449 -0.000011 0.000022  0.009735 0.040419 -0.135208
17  1.099676 0.000049 0.000007  -0.018188 -0.241110 -0.957517
18  0.805994 -0.349050 1.321253  -1.509873 -0.619430 -0.137482
19  1.789819 -0.000003 -0.000017  -0.003482 0.014917 0.070450
20  1.207017 -0.000012 -0.000044  -0.001839 -0.000201 0.228051
21  5.740637 0.000411 -0.000701  -0.017626 0.000003 0.000070
22  11.481070 0.000344 -0.000732  0.022363 -0.165941 0.269444
23  6.027524 -0.000332 0.000203  1.448372 0.028523 1.654915
24  0.000002 11.692099 -0.000009  -0.762399 -0.256921 -0.623443
25  0.000002 0.000010 -0.000001  -0.463551 -0.000031 1.570738
26  0.000000 -0.000012 -0.000001  0.868957 0.000002 1.570712
27  -6.837111 -2.442946 -7.233785  1.473120 1.855075 -0.198639
28  6.027503 -0.000276 -0.000223  2.043473 0.879660 0.997406
29  11.691991 0.000244 0.000856  0.141441 0.000044 -1.420792
30  11.479641 -0.000607 0.000927  -2.065489 0.651143 -0.221629
31  3.859435 -0.132787 1.193062  0.466148 -0.051828 -1.783918
32  1.312557 0.000025 -0.000001  -0.013963 -0.041043 -0.156449
33  0.729343 0.000065 -0.000028  -0.128320 -0.117290 -0.954856
34  3.942045 0.050109 0.430998  0.211502 -0.107596 -1.469117
35  1.539096 0.000005 0.000001  0.040712 -0.054387 -1.030473
36  1.196299 0.000076 -0.000004  -0.249391 -0.043040 -0.795121
37  3.883411 -0.050502 -0.431087  0.186407 -0.271795 -1.212183
38  1.719563 -0.000082 -0.000002  0.020974 -0.107650 -1.483529
39  1.209197 0.000034 0.000011  -0.324719 0.069674 -0.493483
40  3.859584 -0.149112 -1.331322  -0.040757 -0.073789 -0.195091
41  1.719412 -0.000097 -0.000034  -0.007235 0.031761 -0.150715
42  1.099673 0.000024 0.000006  0.118501 -0.028866 -0.144987
43  0.805978 -0.359854 -1.318337  0.991670 0.166768 -0.799535
44  1.789778 -0.000008 -0.000043  0.000057 -0.002451 0.133097
45  1.206997 -0.000005 0.000006  0.000372 -0.000070 1.058781
46  5.740570 0.000056 0.000724  -0.082542 -0.000014 0.000021
47  11.480871 -0.000085 0.000935  -0.085426 0.113530 -0.019729
48  6.027513 -0.000274 -0.000237  -0.892662 -0.145366 -0.395594
49  -0.000003 11.691976 -0.000008  -0.982280 0.432753 0.779848
50  0.000005 0.000000 -0.000000  2.413975 -0.000041 1.570856
51  -0.000009 -0.000015 0.000003  2.272644 -0.000030 1.570865
52  -9.749523 -13.381866 -4.830242  0.819326 -0.492498 -0.344005
53  0.000000 -0.000001 0.000001  0.008153 -0.000259 0.000009
54  -0.000001 0.000000 0.000001  1.565115 0.043565 -0.106862
55  -0.537746 -17.092144 -1.895350  0.074042 0.757195 -1.872397
56  -0.000001 -0.000001 0.000000  0.000000 -0.000000 -0.000002
57  0.000030 0.000028 0.000000  -1.571901 -0.044449 -0.106509
58  33.185574 1.676875 -41.957436  1.570796 -0.000000 0.000000
59  -14.305600 -7.221158 -4.840903  1.570796 -0.000000 0.000000
60  1.941978 -1.075505 -8.860325  1.570796 -0.000000 0.000000
61  -0.004311 0.001229 -0.000371  0.006898 -0.005534 -0.284229
62  -7.233792 3.620581 -6.293282  1.570796 -0.000000 0.000000
63  0.000000 0.000000 0.000000  -0.078727 -3.136056 0.284226
64  0.000000 0.000000 0.000000  1.573649 0.000001 -0.001040
65  -1.404857 -15.021281 -4.353933  -0.825015 0.811229 -1.531759
66  0.000002 -2.923558 -1.408041  -0.000000 0.000000 0.000000
67  -0.000002 -0.601197 -2.062163  -0.000000 0.000000 0.000000
68  0.004380 -0.039406 6.613115  -0.000000 0.000000 0.000000
69  0.000003 -0.021786 -0.115849  -0.000000 0.000000 0.000000
70  0.000002 -3.304880 0.259169  -0.000000 0.000000 0.000000
71  1.334934 -17.918633 -1.503083  -0.825015 0.811229 -1.531759
72  0.057100 0.204433 -2.709598  -0.000000 0.000000 0.000000
73  0.111673 -0.283001 -2.709598  -0.000000 0.000000 0.000000
74  -0.128216 -0.750371 -2.709598  -0.000000 0.000000 0.000000
time 136
0  0 0 0  0 0 0
1  0.000006 0.000000 0.000000  -1.570800 -1.391899 -1.570792
2  -8.526393 2.634402 1.937664  -1.544956 -1.855077 -0.198630
3  6.027525 -0.000333 0.000191  -2.042475 -1.696505 -0.144295
4  11.692112 0.000641 -0.000740  -1.326116 -0.000001 -1.064769
5  11.480330 0.000661 -0.000380  1.086888 -0.736794 1.693783
6  3.859510 -0.142879 -1.192049  -0.455904 0.180929 -0.802818
7  1.312589 0.000012 0.000008  -0.035778 -0.176074 -0.911505
8  0.729355 0.000054 0.000050  0.021077 -0.014194 -0.141620
9  3.942144 0.046273 -0.431512  -0.133520 0.086801 -0.558879
10  1.539111 0.000083 0.000006  0.001378 -0.013074 -0.250196
11  1.196332 0.000143 0.000030  -0.066656 -0.435287 -1.126555
12  3.883506 -0.047269 0.431381  0.095974 0.066513 -0.353642
13  1.719575 -0.000028 0.000013  0.003226 0.017797 -0.265081
14  1.209180 0.000090 0.000011  -0.040668 -0.418702 -0.996133
15  3.859665 -0.138475 1.332410  0.401652 0.135962 -0.180276
16  1.719449 -0.000011 0.000022  0.009735 0.040419 -0.135208
17  1.099676 0.000049 0.000007  -0.018188 -0.241110 -0.957517
18  0.805994 -0.349050 1.321253  -1.509873 -0.619430 -0.137482
19  1.789819 -0.000003 -0.000017  -0.003482 0.014917 0.070450
20  1.207017 -0.000012 -0.000044  -0.001839 -0.000201 0.228051
21  5.740638 0.000410 -0.000703  -0.019211 0.000003 0.000071
22  11.481071 0.000343 -0.000733  0.021428 -0.164915 0.270022
23  6.027524 -0.000332 0.000203  1.448372 0.028523 1.654915
24  0.000002 11.692099 -0.000009  -0.762399 -0.256921 -0.623443
25  0.000002 0.000010 -0.000001  -0.457040 -0.000031 1.570738
26  0.000000 -0.000012 -0.000001  0.868957 0.000002 1.570712
27  -6.837111 -2.442946 -7.233785  1.473120 1.855075 -0.198639
28  6.027503 -0.000275 -0.000223  2.044755 0.886783 0.965009
29  11.691992 0.000241 0.000856  0.141441 0.000044 -1.426015
30  11.479615 -0.000621 0.000930  -2.082097 0.617014 -0.224251
31  3.859434 -0.132787 1.193061  0.466148 -0.051828 -1.783918
32  1.312557 0.000025 -0.000001  -0.013963 -0.041043 -0.156449
33  0.729344 0.000065 -0.000027  -0.128320 -0.117290 -0.954856
34  3.942046 0.050110 0.430995  0.211502 -0.107596 -1.469117
35  1.539095 0.000005 0.000000  0.040712 -0.054387 -1.030473
36  1.196299 0.000078 -0.000004  -0.249391 -0.043040 -0.795121
37  3.883410 -0.050501 -0.431088  0.186407 -0.271796 -1.212183
38  1.719563 -0.000082 -0.000003  0.020974 -0.107650 -1.483529
39  1.209196 0.000034 0.000011  -0.324719 0.069674 -0.493483
40  3.859585 -0.149111 -1.331325  -0.040757 -0.073789 -0.195091
41  1.719412 -0.000096 -0.000034  -0.007235 0.031761 -0.150715
42  1.099674 0.000025 0.000007  0.118501 -0.028866 -0.144987
43  0.805978 -0.359853 -1.318339  0.991670 0.166768 -0.799535
44  1.789779 -0.000008 -0.000043  0.000057 -0.002451 0.133097
45  1.206995 -0.000006 0.000003  0.000373 -0.000070 1.058782
46  5.740571 0.000057 0.000724  -0.087505 -0.000014 0.000021
47  11.480867 -0.000087 0.000936  -0.089484 0.107103 -0.020731
48  6.027513 -0.000274 -0.000237  -0.899602 -0.143305 -0.427983
49  -0.000001 11.691974 -0.000006  -0.985403 0.435560 0.781906
50  0.000004 -0.000000 -0.000001  2.413975 -0.000041 1.570856
51  -0.000006 -0.000016 0.000005  2.272644 -0.000030 1.570865
52  -9.761349 -13.342203 -4.824885  0.826797 -0.487117 -0.351499
53  0.000001 0.000001 -0.000001  0.008153 -0.000259 0.000009
54  -0.000001 -0.000000 -0.000001  1.565115 0.043565 -0.106862
55  -0.537746 -17.092144 -1.895350  0.074042 0.757195 -1.872397
56  -0.000001 -0.000001 0.000000  0.000000 -0.000000 -0.000002
57  0.000030 0.000028 0.000000  -1.571901 -0.044449 -0.106509
58  33.185574 1.676875 -41.957436  1.570796 -0.000000 0.000000
59  -14.347879 -7.328174 -4.923736  1.570796 -0.000000 0.000000
60  1.941978 -1.075505 -8.860325  1.570796 -0.000000 0.000000
61  -0.004311 0.001229 -0.000371  0.006898 -0.005534 -0.284229
62  -7.233792 3.620581 -6.293282  1.570796 -0.000000 0.000000
63  0.000000 0.000000 0.000000  -0.078727 -3.136056 0.284226
64  0.000000 0.000000 0.000000  1.573113 0.000001 -0.000832
65  -1.421993 -15.018496 -4.385352  -0.828695 0.819356 -1.538418
66  0.000001 -2.923558 -1.408042  -0.000000 0.000000 -0.000000
67  -0.000004 -0.601198 -2.062164  -0.000000 0.000000 -0.000000
68  0.004380 -0.039406 6.613115  -0.000000 0.000000 -0.000000
69  0.000001 -0.021786 -0.115849  -0.000000 0.000000 -0.000000
70  0.000001 -3.304882 0.259169  -0.000000 0.000000 -0.000000
71  1.314175 -17.949516 -1.565608  -0.828695 0.819356 -1.538418
72  0.057101 0.204432 -2.709595  -0.000000 0.000000 -0.000000
73  0.111674 -0.283003 -2.709595  -0.000000 0.000000 -0.000000
74  -0.128216 -0.750371 -2.709595  -0.000000 0.000000 -0.000000
time 137
0  0 0 0  0 0 0
1  0.000006 0.000000 0.000000  -1.570800 -1.391899 -1.570792
2  -8.526393 2.634402 1.937664  -1.544956 -1.855077 -0.198630
3  6.027525 -0.000333 0.000191  -2.042475 -1.696505 -0.144295
4  11.692112 0.000641 -0.000740  -1.319282 -0.000001 -1.064769
5  11.480328 0.000659 -0.000385  1.088013 -0.730011 1.693030
6  3.859510 -0.142879 -1.192049  -0.455904 0.180929 -0.802818
7  1.312589 0.000012 0.000008  -0.035778 -0.176074 -0.911505
8  0.729355 0.000054 0.000050  0.021077 -0.014194 -0.141620
9  3.942144 0.046273 -0.431512  -0.133520 0.086801 -0.558879
10  1.539111 0.000083 0.000006  0.001378 -0.013074 -0.250196
11  1.196332 0.000143 0.000030  -0.066656 -0.435287 -1.126555
12  3.883506 -0.047269 0.431381  0.095974 0.066513 -0.353642
13  1.719575 -0.000028 0.000013  0.003226 0.017797 -0.265081
14  1.209180 0.000090 0.000011  -0.040668 -0.418702 -0.996133
15  3.859665 -0.138475 1.332410  0.401652 0.135962 -0.180276
16  1.719449 -0.000011 0.000022  0.009735 0.040419 -0.135208
17  1.099676 0.000049 0.000007  -0.018188 -0.241110 -0.957517
18  0.805994 -0.349050 1.321253  -1.509873 -0.619430 -0.137482
19  1.789819 -0.000003 -0.000017  -0.003482 0.014917 0.070450
20  1.207017 -0.000012 -0.000044  -0.001839 -0.000201 0.228051
21  5.740637 0.000410 -0.000702  -0.020875 0.000003 0.000070
22  11.481069 0.000342 -0.000735  0.020447 -0.163837 0.270624
23  6.027524 -0.000332 0.000203  1.448372 0.028523 1.654915
24  0.000002 11.692099 -0.000009  -0.762399 -0.256921 -0.623443
25  0.000002 0.000010 -0.000001  -0.450206 -0.000031 1.570738
26  0.000000 -0.000012 -0.000001  0.868957 0.000002 1.570712
27  -6.837111 -2.442946 -7.233785  1.473120 1.855075 -0.198639
28  6.027503 -0.000274 -0.000223  2.049889 0.896990 0.923535
29  11.691991 0.000246 0.000857  0.141442 0.000044 -1.428970
30  11.479602 -0.000629 0.000933  -2.097856 0.564353 -0.229517
31  3.859436 -0.132786 1.193061  0.466148 -0.051828 -1.783918
32  1.312559 0.000026 -0.000000  -0.013963 -0.041043 -0.156449
33  0.729345 0.000066 -0.000026  -0.128320 -0.117290 -0.954856
34  3.942047 0.050110 0.430996  0.211502 -0.107596 -1.469117
35  1.539097 0.000005 -0.000000  0.040712 -0.054387 -1.030473
36  1.196300 0.000075 -0.000003  -0.249391 -0.043040 -0.795121
37  3.883412 -0.050501 -0.431088  0.186407 -0.271795 -1.212183
38  1.719565 -0.000081 -0.000003  0.020974 -0.107650 -1.483529
39  1.209198 0.000035 0.000011  -0.324719 0.069674 -0.493483
40  3.859586 -0.149111 -1.331324  -0.040757 -0.073789 -0.195091
41  1.719412 -0.000097 -0.000034  -0.007235 0.031761 -0.150715
42  1.099674 0.000024 0.000007  0.118501 -0.028866 -0.144987
43  0.805979 -0.359853 -1.318338  0.991670 0.166768 -0.799535
44  1.789779 -0.000008 -0.000041  0.000057 -0.002451 0.133097
45  1.206996 -0.000005 0.000004  0.000372 -0.000070 1.058782
46  5.740571 0.000057 0.000725  -0.093051 -0.000014 0.000021
47  11.480865 -0.000090 0.000936  -0.093907 0.097177 -0.023267
48  6.027513 -0.000274 -0.000237  -0.909178 -0.138339 -0.472109
49  0.000001 11.691976 -0.000005  -0.987168 0.437151 0.783067
50  0.000000 -0.000002 -0.000002  2.413975 -0.000041 1.570856
51  -0.000005 -0.000015 0.000005  2.272644 -0.000030 1.570865
52  -9.775278 -13.311486 -4.770861  0.841337 -0.475157 -0.360638
53  -0.000000 -0.000002 -0.000001  0.008153 -0.000259 0.000009
54  0.000000 0.000001 -0.000000  1.565115 0.043565 -0.106862
55  -0.537746 -17.092144 -1.895350  0.074042 0.757195 -1.872397
56  -0.000001 -0.000001 0.000000  0.000000 -0.000000 -0.000002
57  0.000030 0.000028 0.000000  -1.571901 -0.044449 -0.106509
58  33.185574 1.676875 -41.957436  1.570796 -0.000000 0.000000
59  -14.392715 -7.437495 -5.025367  1.570796 -0.000000 0.000000
60  1.941978 -1.075505 -8.860325  1.570796 -0.000000 0.000000
61  -0.004311 0.001229 -0.000371  0.006898 -0.005534 -0.284229
62  -7.233792 3.620581 -6.293282  1.570796 -0.000000 0.000000
63  0.000000 0.000000 0.000000  -0.078727 -3.136056 0.284226
64  0.000000 0.000000 0.000000  1.572558 0.000001 -0.000655
65  -1.437320 -15.014340 -4.414787  -0.837950 0.835786 -1.547643
66  0.000002 -2.923559 -1.408042  -0.000000 -0.000000 0.000000
67  -0.000002 -0.601197 -2.062164  -0.000000 -0.000000 0.000000
68  0.004380 -0.039406 6.613115  -0.000000 -0.000000 0.000000
69  0.000002 -0.021785 -0.115849  -0.000000 -0.000000 0.000000
70  0.000002 -3.304881 0.259168  -0.000000 -0.000000 0.000000
71  1.310435 -17.997250 -1.661508  -0.837950 0.835786 -1.547643
72  0.057101 0.204434 -2.709598  -0.000000 -0.000000 0.000000
73  0.111673 -0.283000 -2.709598  -0.000000 -0.000000 0.000000
74  -0.128218 -0.750369 -2.709599  -0.000000 -0.000000 0.000000
time 138
0  0 0 0  0 0 0
1  0.000006 0.000000 0.000000  -1.570800 -1.391899 -1.570792
2  -8.526393 2.634402 1.937664  -1.544956 -1.855077 -0.198630
3  6.027525 -0.000333 0.000191  -2.042475 -1.696505 -0.144295
4  11.692112 0.000641 -0.000740  -1.312136 -0.000001 -1.064769
5  11.480329 0.000656 -0.000390  1.089175 -0.722918 1.692258
6  3.859510 -0.142879 -1.192049  -0.455904 0.180929 -0.802818
7  1.312589 0.000012 0.000008  -0.035778 -0.176074 -0.911505
8  0.729355 0.000054 0.000050  0.021077 -0.014194 -0.141620
9  3.942144 0.046273 -0.431512  -0.133520 0.086801 -0.558879
10  1.539111 0.000083 0.000006  0.001378 -0.013074 -0.250196
11  1.196332 0.000143 0.000030  -0.066656 -0.435287 -1.126555
12  3.883506 -0.047269 0.431381  0.095974 0.066513 -0.353642
13  1.719575 -0.000028 0.000013  0.003226 0.017797 -0.265081
14  1.209180 0.000090 0.000011  -0.040668 -0.418702 -0.996133
15  3.859665 -0.138475 1.332410  0.401652 0.135962 -0.180276
16  1.719449 -0.000011 0.000022  0.009735 0.040419 -0.135208
17  1.099676 0.000049 0.000007  -0.018188 -0.241110 -0.957517
18  0.805994 -0.349050 1.321253  -1.509873 -0.619430 -0.137482
19  1.789819 -0.000003 -0.000017  -0.003482 0.014917 0.070450
20  1.207017 -0.000012 -0.000044  -0.001839 -0.000201 0.228051
21  5.740637 0.000410 -0.000703  -0.022614 0.000003 0.000071
22  11.481071 0.000341 -0.000735  0.019422 -0.162708 0.271251
23  6.027524 -0.000332 0.000203  1.448372 0.028523 1.654915
24  0.000002 11.692099 -0.000009  -0.762399 -0.256921 -0.623443
25  0.000002 0.000010 -0.000001  -0.443059 -0.000031 1.570738
26  0.000000 -0.000012 -0.000001  0.868957 0.000002 1.570712
27  -6.837111 -2.442946 -7.233785  1.473120 1.855075 -0.198639
28  6.027503 -0.000274 -0.000223  2.058167 0.910420 0.872822
29  11.691989 0.000243 0.000855  0.141441 0.000044 -1.430951
30  11.479594 -0.000633 0.000930  -2.112375 0.494643 -0.233232
31  3.859436 -0.132788 1.193061  0.466148 -0.051828 -1.783918
32  1.312558 0.000026 -0.000000  -0.013963 -0.041043 -0.156449
33  0.729344 0.000065 -0.000027  -0.128320 -0.117290 -0.954856
34  3.942046 0.050107 0.430997  0.211502 -0.107596 -1.469117
35  1.539094 0.000005 -0.000000  0.040712 -0.054387 -1.030473
36  1.196300 0.000076 -0.000005  -0.249391 -0.043040 -0.795121
37  3.883411 -0.050503 -0.431089  0.186407 -0.271795 -1.212183
38  1.719563 -0.000082 -0.000003  0.020974 -0.107650 -1.483529
39  1.209197 0.000035 0.000012  -0.324719 0.069674 -0.493483
40  3.859584 -0.149113 -1.331324  -0.040757 -0.073789 -0.195091
41  1.719411 -0.000097 -0.000035  -0.007235 0.031761 -0.150715
42  1.099674 0.000024 0.000007  0.118501 -0.028866 -0.144987
43  0.805978 -0.359854 -1.318339  0.991669 0.166768 -0.799535
44  1.789779 -0.000007 -0.000043  0.000057 -0.002451 0.133097
45  1.206995 -0.000005 0.000004  0.000372 -0.000070 1.058782
46  5.740571 0.000056 0.000724  -0.099206 -0.000014 0.000021
47  11.480864 -0.000091 0.000935  -0.098711 0.083878 -0.026503
48  6.027513 -0.000274 -0.000237  -0.921640 -0.130985 -0.527652
49  -0.000002 11.691973 -0.000006  -0.988352 0.438219 0.783845
50  0.000003 0.000000 -0.000001  2.413975 -0.000041 1.570856
51  -0.000007 -0.000016 0.000005  2.272644 -0.000030 1.570865
52  -9.787502 -13.280029 -4.676664  0.862170 -0.457684 -0.372247
53  -0.000000 0.000000 -0.000000  0.008153 -0.000259 0.000009
54  0.000000 -0.000002 -0.000001  1.565115 0.043565 -0.106862
55  -0.537746 -17.092144 -1.895350  0.074042 0.757195 -1.872397
56  -0.000001 -0.000001 0.000000  0.000000 -0.000000 -0.000002
57  0.000030 0.000028 0.000000  -1.571901 -0.044449 -0.106509
58  33.185574 1.676875 -41.957436  1.570796 -0.000000 0.000000
59  -14.439514 -7.546817 -5.147302  1.570796 -0.000000 0.000000
60  1.941978 -1.075505 -8.860325  1.570796 -0.000000 0.000000
61  -0.004311 0.001229 -0.000371  0.006898 -0.005534 -0.284229
62  -7.233792 3.620581 -6.293282  1.570796 -0.000000 0.000000
63  0.000000 0.000000 0.000000  -0.078727 -3.136056 0.284226
64  0.000000 0.000000 0.000000  1.572022 0.000846 -0.000503
65  -1.450537 -15.008541 -4.441559  -0.851924 0.859578 -1.560360
66  0.000001 -2.923557 -1.408043  0.000000 0.000000 -0.000000
67  -0.000003 -0.601196 -2.062165  0.000000 0.000000 -0.000000
68  0.004381 -0.039407 6.613115  0.000000 0.000000 -0.000000
69  0.000003 -0.021788 -0.115849  0.000000 0.000000 -0.000000
70  0.000002 -3.304881 0.259168  0.000000 0.000000 -0.000000
71  1.316545 -18.061539 -1.786203  -0.851924 0.859578 -1.560360
72  0.057099 0.204433 -2.709596  0.000000 0.000000 -0.000000
73  0.111672 -0.283001 -2.709597  0.000000 0.000000 -0.000000
74  -0.128218 -0.750369 -2.709596  0.000000 0.000000 -0.000000
time 139
0  0 0 0  0 0 0
1  0.000006 0.000000 0.000000  -1.570800 -1.391899 -1.570792
2  -8.526393 2.634402 1.937664  -1.544956 -1.855077 -0.198630
3  6.027525 -0.000333 0.000191  -2.042475 -1.696505 -0.144295
4  11.692112 0.000641 -0.000740  -1.304688 -0.000001 -1.064769
5  11.480330 0.000653 -0.000396  1.090371 -0.715524 1.691471
6  3.859510 -0.142879 -1.192049  -0.455904 0.180929 -0.802818
7  1.312589 0.000012 0.000008  -0.035778 -0.176074 -0.911505
8  0.729355 0.000054 0.000050  0.021077 -0.014194 -0.141620
9  3.942144 0.046273 -0.431512  -0.133520 0.086801 -0.558879
10  1.539111 0.000083 0.000006  0.001378 -0.013074 -0.250196
11  1.196332 0.000143 0.000030  -0.066656 -0.435287 -1.126555
12  3.883506 -0.047269 0.431381  0.095974 0.066513 -0.353642
13  1.719575 -0.000028 0.000013  0.003226 0.017797 -0.265081
14  1.209180 0.000090 0.000011  -0.040668 -0.418702 -0.996133
15  3.859665 -0.138475 1.332410  0.401652 0.135962 -0.180276
16  1.719449 -0.000011 0.000022  0.009735 0.040419 -0.135208
17  1.099676 0.000049 0.000007  -0.018188 -0.241110 -0.957517
18  0.805994 -0.349050 1.321253  -1.509873 -0.619430 -0.137482
19  1.789819 -0.000003 -0.000017  -0.003482 0.014917 0.070450
20  1.207017 -0.000012 -0.000044  -0.001839 -0.000201 0.228051
21  5.740638 0.000410 -0.000705  -0.024427 0.000003 0.000071
22  11.481071 0.000341 -0.000738  0.018356 -0.161529 0.271899
23  6.027524 -0.000332 0.000203  1.448372 0.028523 1.654915
24  0.000002 11.692099 -0.000009  -0.762399 -0.256921 -0.623443
25  0.000002 0.000010 -0.000001  -0.435611 -0.000031 1.570738
26  0.000000 -0.000012 -0.000001  0.868957 0.000002 1.570712
27  -6.837111 -2.442946 -7.233785  1.473120 1.855075 -0.198639
28  6.027503 -0.000273 -0.000223  2.068694 0.927186 0.813040
29  11.691991 0.000244 0.000856  0.141442 0.000044 -1.433192
30  11.479493 -0.000696 0.000939  -2.125744 0.409933 -0.231370
31  3.859437 -0.132787 1.193062  0.466148 -0.051828 -1.783918
32  1.312557 0.000025 -0.000001  -0.013963 -0.041043 -0.156449
33  0.729346 0.000068 -0.000026  -0.128320 -0.117290 -0.954856
34  3.942047 0.050109 0.430997  0.211502 -0.107596 -1.469117
35  1.539094 0.000004 -0.000001  0.040712 -0.054387 -1.030473
36  1.196300 0.000077 -0.000004  -0.249391 -0.043040 -0.795121
37  3.883413 -0.050502 -0.431087  0.186407 -0.271796 -1.212183
38  1.719563 -0.000082 -0.000003  0.020974 -0.107650 -1.483529
39  1.209197 0.000034 0.000012  -0.324719 0.069674 -0.493483
40  3.859587 -0.149111 -1.331323  -0.040757 -0.073789 -0.195091
41  1.719413 -0.000097 -0.000034  -0.007235 0.031761 -0.150715
42  1.099673 0.000025 0.000008  0.118501 -0.028866 -0.144987
43  0.805980 -0.359854 -1.318337  0.991669 0.166768 -0.799535
44  1.789780 -0.000007 -0.000045  0.000057 -0.002451 0.133097
45  1.206995 -0.000006 0.000005  0.000372 -0.000070 1.058782
46  5.740571 0.000055 0.000724  -0.105923 -0.000014 0.000021
47  11.480842 -0.000102 0.000938  -0.103860 0.067419 -0.029539
48  6.027513 -0.000274 -0.000237  -0.937235 -0.121897 -0.593837
49  0.000000 11.691974 -0.000006  -0.989690 0.439428 0.784723
50  0.000003 -0.000001 0.000000  2.413975 -0.000041 1.570856
51  -0.000007 -0.000015 0.000006  2.272644 -0.000030 1.570865
52  -9.794039 -13.238202 -4.550319  0.888508 -0.435672 -0.387137
53  0.000000 0.000000 -0.000000  0.008153 -0.000259 0.000009
54  0.000001 0.000000 0.000001  1.565115 0.043565 -0.106862
55  -0.537746 -17.092144 -1.895350  0.074042 0.757195 -1.872397
56  -0.000001 -0.000001 0.000000  0.000000 -0.000000 -0.000002
57  0.000030 0.000028 0.000000  -1.571901 -0.044449 -0.106509
58  33.185574 1.676875 -41.957436  1.570796 -0.000000 0.000000
59  -14.487646 -7.653831 -5.290669  1.570796 -0.000000 0.000000
60  1.941978 -1.075505 -8.860325  1.570796 -0.000000 0.000000
61  -0.004311 0.001229 -0.000371  0.006898 -0.005534 -0.284229
62  -7.233792 3.620581 -6.293282  1.570796 -0.000000 0.000000
63  0.000000 0.000000 0.000000  -0.078727 -3.136056 0.284226
64  0.000000 0.000000 0.000000  1.571540 0.002959 -0.000369
65  -1.461341 -15.000824 -4.464989  -0.869992 0.889820 -1.577738
66  0.000001 -2.923557 -1.408042  0.000000 -0.000000 -0.000000
67  -0.000003 -0.601196 -2.062164  0.000000 -0.000000 -0.000000
68  0.004379 -0.039405 6.613115  0.000000 -0.000000 -0.000000
69  0.000002 -0.021786 -0.115849  0.000000 -0.000000 -0.000000
70  0.000001 -3.304880 0.259170  0.000000 -0.000000 -0.000000
71  1.325042 -18.141926 -1.935559  -0.869992 0.889820 -1.577738
72  0.057098 0.204433 -2.709597  0.000000 -0.000000 -0.000000
73  0.111671 -0.283001 -2.709597  0.000000 -0.000000 -0.000000
74  -0.128219 -0.750369 -2.709597  0.000000 -0.000000 -0.000000
time 140
0  0 0 0  0 0 0
1  0.000006 0.000000 0.000000  -1.570800 -1.391899 -1.570792
2  -8.526393 2.634402 1.937664  -1.544956 -1.855077 -0.198630
3  6.027525 -0.000333 0.000191  -2.042475 -1.696505 -0.144295
4  11.692112 0.000641 -0.000740  -1.296948 -0.000001 -1.064769
5  11.480330 0.000651 -0.000400  1.091597 -0.707841 1.690670
6  3.859510 -0.142879 -1.192049  -0.455904 0.180929 -0.802818
7  1.312589 0.000012 0.000008  -0.035778 -0.176074 -0.911505
8  0.729355 0.000054 0.000050  0.021077 -0.014194 -0.141620
9  3.942144 0.046273 -0.431512  -0.133520 0.086801 -0.558879
10  1.539111 0.000083 0.000006  0.001378 -0.013074 -0.250196
11  1.196332 0.000143 0.000030  -0.066656 -0.435287 -1.126555
12  3.883506 -0.047269 0.431381  0.095974 0.066513 -0.353642
13  1.719575 -0.000028 0.000013  0.003226 0.017797 -0.265081
14  1.209180 0.000090 0.000011  -0.040668 -0.418702 -0.996133
15  3.859665 -0.138475 1.332410  0.401652 0.135962 -0.180276
16  1.719449 -0.000011 0.000022  0.009735 0.040419 -0.135208
17  1.099676 0.000049 0.000007  -0.018188 -0.241110 -0.957517
18  0.805994 -0.349050 1.321253  -1.509873 -0.619430 -0.137482
19  1.789819 -0.000003 -0.000017  -0.003482 0.014917 0.070450
20  1.207017 -0.000012 -0.000044  -0.001839 -0.000201 0.228051
21  5.740637 0.000412 -0.000703  -0.026311 0.000003 0.000070
22  11.481071 0.000341 -0.000738  0.017249 -0.160302 0.272569
23  6.027524 -0.000332 0.000203  1.448372 0.028523 1.654915
24  0.000002 11.692099 -0.000009  -0.762399 -0.256921 -0.623443
25  0.000002 0.000010 -0.000001  -0.427872 -0.000031 1.570738
26  0.000000 -0.000012 -0.000001  0.868957 0.000002 1.570712
27  -6.837111 -2.442946 -7.233785  1.473120 1.855075 -0.198639
28  6.027503 -0.000272 -0.000223  2.080301 0.947191 0.744783
29  11.691990 0.000244 0.000856  0.141442 0.000045 -1.436975
30  11.479328 -0.000797 0.000953  -2.138665 0.313104 -0.220096
31  3.859436 -0.132787 1.193061  0.466148 -0.051828 -1.783917
32  1.312561 0.000026 -0.000001  -0.013963 -0.041043 -0.156449
33  0.729344 0.000067 -0.000027  -0.128320 -0.117290 -0.954856
34  3.942047 0.050110 0.430997  0.211502 -0.107596 -1.469117
35  1.539097 0.000005 0.000001  0.040712 -0.054387 -1.030473
36  1.196300 0.000077 -0.000005  -0.249391 -0.043040 -0.795121
37  3.883412 -0.050501 -0.431087  0.186407 -0.271795 -1.212183
38  1.719563 -0.000081 -0.000002  0.020974 -0.107650 -1.483529
39  1.209197 0.000033 0.000011  -0.324719 0.069674 -0.493483
40  3.859585 -0.149111 -1.331323  -0.040757 -0.073789 -0.195091
41  1.719412 -0.000098 -0.000035  -0.007235 0.031761 -0.150715
42  1.099674 0.000024 0.000006  0.118501 -0.028866 -0.144987
43  0.805979 -0.359852 -1.318339  0.991670 0.166768 -0.799535
44  1.789778 -0.000007 -0.000041  0.000057 -0.002451 0.133097
45  1.206996 -0.000005 0.000004  0.000372 -0.000070 1.058782
46  5.740572 0.000054 0.000724  -0.113040 -0.000014 0.000021
47  11.480809 -0.000123 0.000941  -0.109256 0.048152 -0.031413
48  6.027513 -0.000274 -0.000237  -0.956014 -0.111920 -0.669257
49  -0.000003 11.691974 -0.000006  -0.991948 0.441471 0.786203
50  0.000003 -0.000001 -0.000001  2.413975 -0.000041 1.570856
51  -0.000009 -0.000016 0.000005  2.272644 -0.000030 1.570865
52  -9.790865 -13.175848 -4.399126  0.919578 -0.409990 -0.406186
53  -0.000000 0.000000 0.000001  0.008153 -0.000259 0.000009
54  0.000000 0.000001 0.000000  1.565115 0.043565 -0.106862
55  -0.537746 -17.092144 -1.895350  0.074042 0.757195 -1.872397
56  -0.000001 -0.000001 0.000000  0.000000 -0.000000 -0.000002
57  0.000030 0.000028 0.000000  -1.571901 -0.044449 -0.106509
58  33.185574 1.676875 -41.957436  1.570796 -0.000000 0.000000
59  -14.536476 -7.756335 -5.456181  1.570796 -0.000000 0.000000
60  1.941978 -1.075505 -8.860325  1.570796 -0.000000 0.000000
61  -0.004311 0.001229 -0.000371  0.006898 -0.005534 -0.284229
62  -7.233792 3.620581 -6.293282  1.570796 -0.000000 0.000000
63  0.000000 0.000000 0.000000  -0.078727 -3.136056 0.284226
64  0.000000 0.000000 0.000000  1.571151 0.005707 -0.000245
65  -1.469432 -14.990915 -4.484395  -0.891778 0.925633 -1.601208
66  0.000000 -2.923557 -1.408042  -0.000000 -0.000000 -0.000000
67  -0.000004 -0.601197 -2.062165  -0.000000 -0.000000 -0.000000
68  0.004381 -0.039407 6.613115  -0.000000 -0.000000 -0.000000
69  0.000002 -0.021788 -0.115848  -0.000000 -0.000000 -0.000000
70  0.000002 -3.304881 0.259169  -0.000000 -0.000000 -0.000000
71  1.328100 -18.238091 -2.105719  -0.891778 0.925633 -1.601208
72  0.057100 0.204432 -2.709596  -0.000000 -0.000000 -0.000000
73  0.111674 -0.283003 -2.709596  -0.000000 -0.000000 -0.000000
74  -0.128216 -0.750372 -2.709595  -0.000000 -0.000000 -0.000000
time 141
0  0 0 0  0 0 0
1  0.000006 0.000000 0.000000  -1.570800 -1.391899 -1.570792
2  -8.526393 2.634402 1.937664  -1.544956 -1.855077 -0.198630
3  6.027525 -0.000333 0.000191  -2.042475 -1.696505 -0.144295
4  11.692112 0.000641 -0.000740  -1.288928 -0.000001 -1.064769
5  11.480328 0.000646 -0.000407  1.092851 -0.699878 1.689858
6  3.859510 -0.142879 -1.192049  -0.455904 0.180929 -0.802818
7  1.312589 0.000012 0.000008  -0.035778 -0.176074 -0.911505
8  0.729355 0.000054 0.000050  0.021077 -0.014194 -0.141620
9  3.942144 0.046273 -0.431512  -0.133520 0.086801 -0.558879
10  1.539111 0.000083 0.000006  0.001378 -0.013074 -0.250196
11  1.196332 0.000143 0.000030  -0.066656 -0.435287 -1.126555
12  3.883506 -0.047269 0.431381  0.095974 0.066513 -0.353642
13  1.719575 -0.000028 0.000013  0.003226 0.017797 -0.265081
14  1.209180 0.000090 0.000011  -0.040668 -0.418702 -0.996133
15  3.859665 -0.138475 1.332410  0.401652 0.135962 -0.180276
16  1.719449 -0.000011 0.000022  0.009735 0.040419 -0.135208
17  1.099676 0.000049 0.000007  -0.018188 -0.241110 -0.957517
18  0.805994 -0.349050 1.321253  -1.509873 -0.619430 -0.137482
19  1.789819 -0.000003 -0.000017  -0.003482 0.014917 0.070450
20  1.207017 -0.000012 -0.000044  -0.001839 -0.000201 0.228051
21  5.740636 0.000410 -0.000705  -0.028264 0.000003 0.000071
22  11.481071 0.000339 -0.000740  0.016103 -0.159028 0.273258
23  6.027524 -0.000332 0.000203  1.448372 0.028523 1.654915
24  0.000002 11.692099 -0.000009  -0.762399 -0.256921 -0.623443
25  0.000002 0.000010 -0.000001  -0.419852 -0.000031 1.570738
26  0.000000 -0.000012 -0.000001  0.868957 0.000002 1.570712
27  -6.837111 -2.442946 -7.233785  1.473120 1.855075 -0.198639
28  6.027503 -0.000271 -0.000222  2.091554 0.970030 0.669181
29  11.691992 0.000243 0.000855  0.141442 0.000045 -1.443647
30  11.479041 -0.000979 0.000978  -2.152451 0.208039 -0.195688
31  3.859436 -0.132788 1.193062  0.466148 -0.051828 -1.783918
32  1.312559 0.000025 -0.000001  -0.013963 -0.041043 -0.156449
33  0.729346 0.000063 -0.000026  -0.128320 -0.117290 -0.954856
34  3.942046 0.050109 0.430997  0.211502 -0.107596 -1.469117
35  1.539095 0.000004 0.000000  0.040712 -0.054387 -1.030473
36  1.196300 0.000075 -0.000004  -0.249391 -0.043040 -0.795121
37  3.883412 -0.050501 -0.431088  0.186407 -0.271796 -1.212183
38  1.719564 -0.000082 -0.000004  0.020974 -0.107650 -1.483529
39  1.209197 0.000033 0.000012  -0.324719 0.069674 -0.493483
40  3.859585 -0.149111 -1.331324  -0.040757 -0.073789 -0.195091
41  1.719412 -0.000098 -0.000034  -0.007235 0.031761 -0.150715
42  1.099673 0.000025 0.000007  0.118501 -0.028866 -0.144987
43  0.805979 -0.359853 -1.318339  0.991670 0.166768 -0.799535
44  1.789779 -0.000008 -0.000043  0.000057 -0.002451 0.133097
45  1.206996 -0.000005 0.000007  0.000372 -0.000071 1.058781
46  5.740573 0.000056 0.000724  -0.120243 -0.000014 0.000021
47  11.480753 -0.000160 0.000945  -0.114751 0.026615 -0.031137
48  6.027513 -0.000274 -0.000237  -0.977721 -0.102041 -0.751751
49  -0.000001 11.691975 -0.000006  -0.995928 0.445081 0.788803
50  0.000003 -0.000002 -0.000001  2.413975 -0.000041 1.570856
51  -0.000007 -0.000015 0.000005  2.272644 -0.000030 1.570865
52  -9.773769 -13.081820 -4.229429  0.954631 -0.381392 -0.430405
53  0.000000 0.000000 0.000000  0.008153 -0.000259 0.000009
54  -0.000000 -0.000000 -0.000000  1.565115 0.043565 -0.106862
55  -0.537746 -17.092144 -1.895350  0.074042 0.757195 -1.872397
56  -0.000001 -0.000001 0.000000  0.000000 -0.000000 -0.000002
57  0.000030 0.000028 0.000000  -1.571901 -0.044449 -0.106509
58  33.185574 1.676875 -41.957436  1.570796 -0.000000 0.000000
59  -14.585386 -7.852321 -5.644116  1.570796 -0.000000 0.000000
60  1.941978 -1.075505 -8.860325  1.570796 -0.000000 0.000000
61  -0.004311 0.001229 -0.000371  0.006898 -0.005534 -0.284229
62  -7.233792 3.620581 -6.293282  1.570796 -0.000000 0.000000
63  0.000000 0.000000 0.000000  -0.078727 -3.136056 0.284226
64  0.000000 0.000000 0.000000  1.570891 0.008455 -0.000125
65  -1.474507 -14.978540 -4.499099  -0.917200 0.966166 -1.632536
66  0.000002 -2.923557 -1.408042  0.000000 -0.000000 0.000000
67  -0.000002 -0.601197 -2.062163  0.000000 -0.000000 0.000000
68  0.004382 -0.039407 6.613116  0.000000 -0.000000 0.000000
69  0.000003 -0.021786 -0.115849  0.000000 -0.000000 0.000000
70  0.000003 -3.304881 0.259170  0.000000 -0.000000 0.000000
71  1.317385 -18.350031 -2.293006  -0.917200 0.966166 -1.632536
72  0.057100 0.204432 -2.709595  0.000000 -0.000000 0.000000
73  0.111673 -0.283002 -2.709596  0.000000 -0.000000 0.000000
74  -0.128219 -0.750370 -2.709596  0.000000 -0.000000 0.000000
time 142
0  0 0 0  0 0 0
1  0.000006 0.000000 0.000000  -1.570800 -1.391899 -1.570792
2  -8.526393 2.634402 1.937664  -1.544956 -1.855077 -0.198630
3  6.027525 -0.000333 0.000191  -2.042475 -1.696505 -0.144295
4  11.692112 0.000641 -0.000740  -1.280638 -0.000001 -1.064769
5  11.480330 0.000644 -0.000410  1.094129 -0.691646 1.689039
6  3.859510 -0.142879 -1.192049  -0.458068 0.180587 -0.807826
7  1.312590 0.000014 0.000007  -0.036359 -0.175608 -0.908589
8  0.729355 0.000054 0.000049  0.021005 -0.014164 -0.143089
9  3.942144 0.046273 -0.431512  -0.136034 0.088620 -0.562819
10  1.539112 0.000084 0.000005  0.001173 -0.013341 -0.252431
11  1.196332 0.000145 0.000028  -0.066868 -0.433101 -1.123944
12  3.883506 -0.047269 0.431381  0.094208 0.069244 -0.355784
13  1.719574 -0.000025 0.000016  0.002926 0.016843 -0.269417
14  1.209180 0.000092 0.000012  -0.041145 -0.416668 -0.992889
15  3.859665 -0.138475 1.332410  0.399394 0.138583 -0.181863
16  1.719450 -0.000011 0.000022  0.009482 0.040361 -0.137452
17  1.099674 0.000048 0.000006  -0.017925 -0.239909 -0.959081
18  0.804978 -0.350217 1.320039  -1.506545 -0.619137 -0.139526
19  1.789818 -0.000003 -0.000018  -0.003435 0.014854 0.070311
20  1.207018 -0.000013 -0.000044  -0.001837 -0.000198 0.229809
21  5.740638 0.000411 -0.000703  -0.030282 0.000003 0.000071
22  11.481071 0.000340 -0.000740  0.014920 -0.157708 0.273965
23  6.027524 -0.000332 0.000203  1.448372 0.028523 1.654915
24  0.000002 11.692099 -0.000009  -0.762399 -0.256921 -0.623443
25  0.000002 0.000010 -0.000001  -0.411561 -0.000031 1.570738
26  0.000000 -0.000012 -0.000001  0.868957 0.000002 1.570712
27  -6.837111 -2.442946 -7.233785  1.473120 1.855075 -0.198639
28  6.027504 -0.000270 -0.000222  2.100751 0.994814 0.587746
29  11.691993 0.000246 0.000856  0.141442 0.000046 -1.454939
30  11.480654 -0.000094 0.000854  -2.168934 0.099650 -0.154271
31  3.859436 -0.132787 1.193060  0.466148 -0.051828 -1.783917
32  1.312559 0.000025 -0.000001  -0.013963 -0.041043 -0.156449
33  0.729346 0.000065 -0.000028  -0.128320 -0.117290 -0.954856
34  3.942045 0.050110 0.430995  0.211502 -0.107596 -1.469117
35  1.539095 0.000003 0.000001  0.040712 -0.054387 -1.030473
36  1.196298 0.000077 -0.000003  -0.249391 -0.043040 -0.795121
37  3.883411 -0.050502 -0.431089  0.186407 -0.271796 -1.212183
38  1.719565 -0.000081 -0.000003  0.020974 -0.107650 -1.483529
39  1.209197 0.000035 0.000011  -0.324719 0.069674 -0.493483
40  3.859585 -0.149111 -1.331325  -0.040757 -0.073789 -0.195091
41  1.719413 -0.000096 -0.000034  -0.007235 0.031761 -0.150715
42  1.099675 0.000025 0.000008  0.118501 -0.028866 -0.144987
43  0.805980 -0.359853 -1.318340  0.991670 0.166768 -0.799535
44  1.789779 -0.000008 -0.000042  0.000057 -0.002451 0.133097
45  1.206995 -0.000006 0.000005  0.000372 -0.000070 1.058781
46  5.740571 0.000058 0.000724  -0.127018 -0.000014 0.000021
47  11.481073 0.000019 0.000921  -0.120163 0.003534 -0.027708
48  6.027513 -0.000274 -0.000237  -1.001602 -0.093355 -0.838507
49  0.000000 11.691975 -0.000007  -1.002655 0.451212 0.793178
50  0.000005 -0.000002 0.000000  2.413975 -0.000041 1.570856
51  -0.000006 -0.000015 0.000005  2.272644 -0.000030 1.570865
52  -9.737918 -12.943613 -4.046391  0.992951 -0.350504 -0.461000
53  -0.000000 -0.000000 0.000001  0.008153 -0.000259 0.000009
54  0.000000 0.000000 -0.000001  1.565115 0.043565 -0.106862
55  -0.537746 -17.092144 -1.895350  0.074042 0.757195 -1.872397
56  -0.000001 -0.000001 0.000000  0.000000 -0.000000 -0.000002
57  0.000030 0.000028 0.000000  -1.571901 -0.044449 -0.106509
58  33.185574 1.676875 -41.957436  1.570796 -0.000000 0.000000
59  -14.633807 -7.940045 -5.854352  1.570796 -0.000000 0.000000
60  1.941978 -1.075505 -8.860325  1.570796 -0.000000 0.000000
61  -0.004311 0.001229 -0.000371  0.006898 -0.005534 -0.284229
62  -7.233792 3.620581 -6.293282  1.570796 -0.000000 0.000000
63  0.000000 0.000000 0.000000  -0.078727 -3.136056 0.284226
64  0.000000 0.000000 0.000000  1.570796 0.010569 0.000000
65  -1.476266 -14.963426 -4.508420  -0.946567 1.010593 -1.673948
66  0.000003 -2.923558 -1.408041  0.000000 0.000000 0.000000
67  -0.000001 -0.601198 -2.062163  0.000000 0.000000 0.000000
68  0.004382 -0.039407 6.613116  0.000000 0.000000 0.000000
69  0.000003 -0.021786 -0.115848  0.000000 0.000000 0.000000
70  0.000003 -3.304880 0.259169  0.000000 0.000000 0.000000
71  1.283765 -18.478033 -2.493916  -0.946567 1.010593 -1.673948
72  0.057100 0.204434 -2.709596  0.000000 0.000000 0.000000
73  0.111674 -0.283001 -2.709596  0.000000 0.000000 0.000000
74  -0.128217 -0.750369 -2.709597  0.000000 0.000000 0.000000
time 143
0  0 0 0  0 0 0
1  0.000006 0.000000 0.000000  -1.570800 -1.391899 -1.570792
2  -8.526393 2.634402 1.937664  -1.544956 -1.855077 -0.198630
3  6.027525 -0.000333 0.000191  -2.042475 -1.696505 -0.144295
4  11.692112 0.000641 -0.000740  -1.272088 -0.000001 -1.064769
5  11.480329 0.000639 -0.000418  1.095430 -0.683155 1.688214
6  3.859510 -0.142879 -1.192049  -0.464615 0.179484 -0.822998
7  1.312589 0.000012 0.000007  -0.038106 -0.174187 -0.899770
8  0.729355 0.000054 0.000049  0.020788 -0.014075 -0.147527
9  3.942144 0.046273 -0.431512  -0.143697 0.094072 -0.574786
10  1.539111 0.000083 0.000007  0.000557 -0.014151 -0.259188
11  1.196333 0.000145 0.000029  -0.067468 -0.426483 -1.116062
12  3.883506 -0.047269 0.431381  0.088828 0.077487 -0.362297
13  1.719572 -0.000028 0.000013  0.002041 0.013946 -0.282548
14  1.209180 0.000094 0.000011  -0.042542 -0.410503 -0.983097
15  3.859665 -0.138475 1.332410  0.392529 0.146491 -0.186705
16  1.719450 -0.000010 0.000023  0.008716 0.040181 -0.144237
17  1.099676 0.000050 0.000005  -0.017142 -0.236276 -0.963801
18  0.801907 -0.353745 1.316369  -1.496487 -0.618217 -0.145699
19  1.789820 -0.000003 -0.000019  -0.003293 0.014662 0.069889
20  1.207018 -0.000012 -0.000043  -0.001832 -0.000189 0.235124
21  5.740637 0.000409 -0.000704  -0.032364 0.000003 0.000070
22  11.481070 0.000338 -0.000743  0.013702 -0.156346 0.274689
23  6.027524 -0.000332 0.000203  1.448372 0.028523 1.654915
24  0.000002 11.692099 -0.000009  -0.762399 -0.256921 -0.623443
25  0.000002 0.000010 -0.000001  -0.403011 -0.000031 1.570738
26  0.000000 -0.000012 -0.000001  0.868957 0.000002 1.570712
27  -6.837111 -2.442946 -7.233785  1.473120 1.855075 -0.198639
28  6.027504 -0.000270 -0.000222  2.088960 1.010808 0.521226
29  11.691991 0.000244 0.000857  0.141443 0.000047 -1.471061
30  11.480518 -0.000183 0.000864  -2.150790 0.045298 -0.100783
31  3.859435 -0.132788 1.193061  0.466148 -0.051828 -1.783918
32  1.312558 0.000025 0.000000  -0.013963 -0.041043 -0.156449
33  0.729346 0.000065 -0.000026  -0.128320 -0.117290 -0.954856
34  3.942045 0.050108 0.430997  0.211502 -0.107596 -1.469117
35  1.539096 0.000004 0.000000  0.040712 -0.054387 -1.030473
36  1.196298 0.000077 -0.000005  -0.249391 -0.043040 -0.795121
37  3.883410 -0.050502 -0.431088  0.186407 -0.271796 -1.212183
38  1.719565 -0.000081 -0.000004  0.020974 -0.107650 -1.483529
39  1.209196 0.000036 0.000010  -0.324719 0.069674 -0.493483
40  3.859585 -0.149112 -1.331324  -0.040757 -0.073789 -0.195091
41  1.719412 -0.000098 -0.000035  -0.007235 0.031761 -0.150715
42  1.099674 0.000024 0.000006  0.118501 -0.028866 -0.144987
43  0.805978 -0.359855 -1.318338  0.991669 0.166768 -0.799535
44  1.789779 -0.000007 -0.000044  0.000057 -0.002451 0.133097
45  1.206998 -0.000005 0.000005  0.000372 -0.000070 1.058782
46  5.740574 0.000054 0.000724  -0.123200 -0.000014 0.000021
47  11.481049 -0.000002 0.000923  -0.117072 -0.009861 -0.020116
48  6.027513 -0.000274 -0.000237  -1.018441 -0.097232 -0.893485
49  -0.000001 11.691976 -0.000006  -1.012244 0.460013 0.799368
50  0.000002 -0.000000 0.000001  2.413975 -0.000041 1.570856
51  -0.000007 -0.000015 0.000005  2.272644 -0.000030 1.570865
52  -9.697859 -12.808984 -4.064236  1.060357 -0.337112 -0.501299
53  0.000000 -0.000001 0.000001  0.008153 -0.000259 0.000009
54  -0.000001 -0.000000 -0.000000  1.565115 0.043565 -0.106862
55  -0.537746 -17.092144 -1.895350  0.074042 0.757195 -1.872397
56  -0.000001 -0.000001 0.000000  0.000000 -0.000000 -0.000002
57  0.000030 0.000028 0.000000  -1.571901 -0.044449 -0.106509
58  33.185574 1.676875 -41.957436  1.570796 -0.000000 0.000000
59  -14.681232 -8.018073 -6.086402  1.570796 -0.000000 0.000000
60  1.941978 -1.075505 -8.860325  1.570796 -0.000000 0.000000
61  -0.004311 0.001229 -0.000371  0.006898 -0.005534 -0.284229
62  -7.233792 3.620581 -6.293282  1.570796 -0.000000 0.000000
63  0.000000 0.000000 0.000000  -0.078727 -3.136056 0.284226
64  0.000000 0.000000 0.000000  1.571002 0.011414 0.000136
65  -1.464757 -14.945297 -4.511678  -0.924702 1.074510 -1.672623
66  0.000002 -2.923556 -1.408041  -0.000000 0.000000 0.000000
67  -0.000002 -0.601197 -2.062163  -0.000000 0.000000 0.000000
68  0.004380 -0.039407 6.613114  -0.000000 0.000000 0.000000
69  0.000001 -0.021786 -0.115850  -0.000000 0.000000 0.000000
70  0.000001 -3.304878 0.259168  -0.000000 0.000000 0.000000
71  1.198324 -18.627861 -2.674515  -0.924702 1.074510 -1.672623
72  0.057100 0.204432 -2.709595  -0.000000 0.000000 0.000000
73  0.111673 -0.283002 -2.709595  -0.000000 0.000000 0.000000
74  -0.128217 -0.750371 -2.709595  -0.000000 0.000000 0.000000
time 144
0  0 0 0  0 0 0
1  0.000006 0.000000 0.000000  -1.570800 -1.391899 -1.570792
2  -8.526393 2.634402 1.937664  -1.544956 -1.855077 -0.198630
3  6.027525 -0.000333 0.000191  -2.042475 -1.696505 -0.144295
4  11.692112 0.000641 -0.000740  -1.263289 -0.000001 -1.064769
5  11.480328 0.000636 -0.000422  1.096749 -0.674416 1.687385
6  3.859510 -0.142879 -1.192049  -0.475581 0.177411 -0.848488
7  1.312590 0.000011 0.000007  -0.041004 -0.171774 -0.885005
8  0.729355 0.000053 0.000052  0.020423 -0.013928 -0.154955
9  3.942144 0.046273 -0.431512  -0.156733 0.103027 -0.595011
10  1.539110 0.000085 0.000007  -0.000463 -0.015517 -0.270501
11  1.196332 0.000146 0.000030  -0.068343 -0.415379 -1.102912
12  3.883506 -0.047269 0.431381  0.079671 0.091238 -0.373336
13  1.719573 -0.000026 0.000015  0.000641 0.009055 -0.304595
14  1.209177 0.000090 0.000011  -0.044729 -0.400135 -0.966752
15  3.859665 -0.138475 1.332410  0.380907 0.159682 -0.194964
16  1.719450 -0.000010 0.000022  0.007436 0.039869 -0.155597
17  1.099676 0.000049 0.000006  -0.015872 -0.230189 -0.971684
18  0.796770 -0.359646 1.310231  -1.479668 -0.616564 -0.156003
19  1.789819 -0.000003 -0.000019  -0.003057 0.014342 0.069184
20  1.207014 -0.000012 -0.000044  -0.001824 -0.000175 0.244020
21  5.740637 0.000410 -0.000703  -0.034506 0.000003 0.000071
22  11.481070 0.000338 -0.000743  0.012451 -0.154940 0.275428
23  6.027524 -0.000332 0.000203  1.448372 0.028523 1.654915
24  0.000002 11.692099 -0.000009  -0.762399 -0.256921 -0.623443
25  0.000002 0.000010 -0.000001  -0.394213 -0.000031 1.570738
26  0.000000 -0.000012 -0.000001  0.868957 0.000002 1.570712
27  -6.837111 -2.442946 -7.233785  1.473120 1.855075 -0.198639
28  6.027504 -0.000270 -0.000222  2.047311 1.010954 0.478156
29  11.691993 0.000245 0.000857  0.141443 0.000049 -1.495042
30  11.480324 -0.000301 0.000881  -2.066545 0.074879 -0.038507
31  3.859435 -0.132787 1.193060  0.466148 -0.051828 -1.783917
32  1.312558 0.000023 0.000000  -0.013963 -0.041043 -0.156449
33  0.729345 0.000066 -0.000028  -0.128320 -0.117290 -0.954856
34  3.942046 0.050109 0.430996  0.211502 -0.107596 -1.469117
35  1.539095 0.000004 0.000000  0.040712 -0.054387 -1.030473
36  1.196300 0.000075 -0.000004  -0.249391 -0.043040 -0.795121
37  3.883411 -0.050502 -0.431088  0.186407 -0.271796 -1.212183
38  1.719562 -0.000082 -0.000005  0.020974 -0.107650 -1.483529
39  1.209196 0.000036 0.000012  -0.324719 0.069674 -0.493483
40  3.859584 -0.149111 -1.331324  -0.040757 -0.073789 -0.195091
41  1.719411 -0.000097 -0.000034  -0.007235 0.031761 -0.150715
42  1.099674 0.000025 0.000008  0.118501 -0.028866 -0.144987
43  0.805979 -0.359853 -1.318340  0.991670 0.166768 -0.799535
44  1.789779 -0.000008 -0.000041  0.000057 -0.002451 0.133097
45  1.206997 -0.000006 0.000005  0.000372 -0.000070 1.058781
46  5.740573 0.000057 0.000725  -0.102389 -0.000014 0.000021
47  11.481010 -0.000025 0.000927  -0.099853 -0.006979 -0.008164
48  6.027513 -0.000274 -0.000237  -1.022436 -0.118992 -0.900834
49  -0.000001 11.691974 -0.000006  -1.026473 0.473200 0.808450
50  0.000005 -0.000003 0.000000  2.413975 -0.000041 1.570856
51  -0.000007 -0.000016 0.000006  2.272644 -0.000030 1.570865
52  -9.651217 -12.681159 -4.405320  1.180929 -0.354397 -0.557835
53  0.000001 0.000000 0.000001  0.008153 -0.000259 0.000009
54  -0.000000 0.000000 -0.000001  1.565115 0.043565 -0.106862
55  -0.537746 -17.092144 -1.895350  0.074042 0.757195 -1.872397
56  -0.000001 -0.000001 0.000000  0.000000 -0.000000 -0.000002
57  0.000030 0.000028 0.000000  -1.571901 -0.044449 -0.106509
58  33.185574 1.676875 -41.957436  1.570796 -0.000000 0.000000
59  -14.727229 -8.085290 -6.339490  1.570796 -0.000000 0.000000
60  1.941978 -1.075505 -8.860325  1.570796 -0.000000 0.000000
61  -0.004311 0.001229 -0.000371  0.006898 -0.005534 -0.284229
62  -7.233792 3.620581 -6.293282  1.570796 -0.000000 0.000000
63  0.000000 0.000000 0.000000  -0.078727 -3.136056 0.284226
64  0.000000 0.000000 0.000000  1.571544 0.010769 0.000286
65  -1.434415 -14.923882 -4.453734  -0.766704 1.166659 -1.545790
66  0.000002 -2.923558 -1.408041  -0.000000 -0.000000 0.000000
67  -0.000002 -0.601196 -2.062164  -0.000000 -0.000000 0.000000
68  0.004381 -0.039407 6.613116  -0.000000 -0.000000 0.000000
69  0.000003 -0.021787 -0.115849  -0.000000 -0.000000 0.000000
70  0.000001 -3.304880 0.259170  -0.000000 -0.000000 0.000000
71  1.042268 -18.803843 -2.768389  -0.766704 1.166659 -1.545790
72  0.057100 0.204434 -2.709596  -0.000000 -0.000000 0.000000
73  0.111673 -0.283000 -2.709597  -0.000000 -0.000000 0.000000
74  -0.128218 -0.750368 -2.709596  -0.000000 -0.000000 0.000000
time 145
0  0 0 0  0 0 0
1  0.000006 0.000000 0.000000  -1.570800 -1.391899 -1.570792
2  -8.526393 2.634402 1.937664  -1.544956 -1.855077 -0.198630
3  6.027525 -0.000333 0.000191  -2.043363 -1.696551 -0.143576
4  11.692113 0.000642 -0.000741  -1.254254 -0.000001 -1.064769
5  11.480330 0.000630 -0.000427  1.098101 -0.665617 1.686644
6  3.859510 -0.142879 -1.192049  -0.490913 0.174027 -0.884315
7  1.312590 0.000014 0.000007  -0.044999 -0.168324 -0.864351
8  0.729355 0.000053 0.000051  0.019911 -0.013727 -0.165338
9  3.942144 0.046273 -0.431512  -0.175395 0.115174 -0.623687
10  1.539111 0.000084 0.000006  -0.001864 -0.017447 -0.286325
11  1.196333 0.000145 0.000029  -0.069294 -0.399804 -1.084608
12  3.883506 -0.047269 0.431381  0.066548 0.110356 -0.389059
13  1.719572 -0.000027 0.000014  -0.001143 0.002134 -0.335559
14  1.209180 0.000092 0.000012  -0.047472 -0.385543 -0.943988
15  3.859665 -0.138475 1.332410  0.364380 0.178018 -0.206839
16  1.719449 -0.000014 0.000021  0.005653 0.039407 -0.171489
17  1.099674 0.000048 0.000007  -0.014184 -0.221668 -0.982667
18  0.789596 -0.367889 1.301657  -1.456197 -0.614013 -0.170347
19  1.789819 -0.000003 -0.000019  -0.002725 0.013896 0.068198
20  1.207015 -0.000012 -0.000043  -0.001812 -0.000156 0.256458
21  5.740638 0.000409 -0.000704  -0.036649 0.000003 0.000071
22  11.481070 0.000337 -0.000744  0.011203 -0.153519 0.276184
23  6.027524 -0.000332 0.000203  1.448302 0.028425 1.654752
24  0.000002 11.692099 -0.000008  -0.762399 -0.256921 -0.623443
25  0.000003 0.000008 -0.000000  -0.385177 -0.000031 1.570738
26  -0.000001 -0.000012 -0.000000  0.868957 0.000002 1.570712
27  -6.837111 -2.442946 -7.233785  1.473120 1.855075 -0.198639
28  6.027504 -0.000269 -0.000223  1.988419 1.002592 0.453364
29  11.691993 0.000245 0.000857  0.141444 0.000051 -1.531637
30  11.480032 -0.000478 0.000905  -1.921932 0.162008 0.049837
31  3.859435 -0.132788 1.193062  0.466148 -0.051828 -1.783917
32  1.312558 0.000025 -0.000001  -0.013963 -0.041043 -0.156449
33  0.729344 0.000066 -0.000028  -0.128320 -0.117290 -0.954856
34  3.942046 0.050108 0.430997  0.211502 -0.107596 -1.469117
35  1.539097 0.000006 -0.000000  0.040712 -0.054387 -1.030473
36  1.196300 0.000077 -0.000004  -0.249391 -0.043040 -0.795121
37  3.883410 -0.050502 -0.431087  0.186407 -0.271796 -1.212183
38  1.719564 -0.000080 -0.000004  0.020974 -0.107650 -1.483529
39  1.209198 0.000037 0.000012  -0.324719 0.069674 -0.493483
40  3.859584 -0.149112 -1.331323  -0.040757 -0.073789 -0.195091
41  1.719413 -0.000098 -0.000033  -0.007235 0.031761 -0.150715
42  1.099674 0.000025 0.000007  0.118501 -0.028866 -0.144987
43  0.805979 -0.359854 -1.318338  0.991670 0.166768 -0.799535
44  1.789778 -0.000008 -0.000042  0.000057 -0.002451 0.133097
45  1.206997 -0.000005 0.000006  0.000373 -0.000070 1.058782
46  5.740569 0.000055 0.000724  -0.068774 -0.000014 0.000021
47  11.480948 -0.000059 0.000931  -0.071159 0.007880 0.009000
48  6.027513 -0.000274 -0.000237  -1.021026 -0.151533 -0.876041
49  -0.000001 11.691975 -0.000006  -1.048114 0.493542 0.822019
50  0.000005 -0.000002 -0.000001  2.413975 -0.000041 1.570856
51  -0.000007 -0.000015 0.000005  2.272644 -0.000030 1.570865
52  -9.526182 -12.465916 -4.969517  1.352826 -0.390851 -0.639539
53  0.000000 -0.000000 -0.000001  0.008153 -0.000259 0.000009
54  -0.000000 0.000000 0.000000  1.565115 0.043565 -0.106862
55  -0.537746 -17.092144 -1.895350  0.074042 0.757195 -1.872397
56  -0.000001 -0.000001 0.000000  0.000000 -0.000000 -0.000002
57  0.000030 0.000028 0.000000  -1.571901 -0.044449 -0.106509
58  33.030636 1.532383 -41.789185  1.570796 -0.000000 0.000000
59  -14.771442 -8.140883 -6.612620  1.570796 -0.000000 0.000000
60  1.941978 -1.075505 -8.860325  1.570796 -0.000000 0.000000
61  -0.004311 0.001229 -0.000371  0.006898 -0.005534 -0.284229
62  -7.233792 3.620581 -6.293282  1.570796 -0.000000 0.000000
63  0.000000 0.000000 0.000000  -0.078727 -3.136056 0.284226
64  0.000000 0.000000 0.000000  1.572309 0.009106 0.000446
65  -1.391518 -14.898903 -4.294390  -0.366928 1.253528 -1.189756
66  0.000002 -2.923558 -1.408041  -0.000000 -0.000000 0.000000
67  -0.000002 -0.601198 -2.062163  -0.000000 -0.000000 0.000000
68  0.004380 -0.039406 6.613115  -0.000000 -0.000000 0.000000
69  0.000003 -0.021787 -0.115849  -0.000000 -0.000000 0.000000
70  0.000002 -3.304880 0.259169  -0.000000 -0.000000 0.000000
71  0.816205 -19.002857 -2.773872  -0.366928 1.253528 -1.189756
72  0.057099 0.204433 -2.709597  -0.000000 -0.000000 0.000000
73  0.111672 -0.283002 -2.709597  -0.000000 -0.000000 0.000000
74  -0.128218 -0.750370 -2.709597  -0.000000 -0.000000 0.000000
time 146
0  0 0 0  0 0 0
1  0.000006 0.000000 0.000000  -1.570800 -1.391899 -1.570792
2  -8.526393 2.634402 1.937664  -1.544956 -1.855077 -0.198630
3  6.027525 -0.000333 0.000191  -2.189337 -1.679994 0.001914
4  11.692113 0.000643 -0.000741  -1.244994 -0.000001 -1.067897
5  11.480314 0.000627 -0.000438  1.187620 -0.682969 1.598208
6  3.859509 -0.142880 -1.192050  -0.510417 0.168886 -0.930267
7  1.312590 0.000012 0.000007  -0.049991 -0.163801 -0.838005
8  0.729355 0.000054 0.000048  0.019255 -0.013479 -0.178572
9  3.942142 0.046273 -0.431513  -0.199909 0.129985 -0.660914
10  1.539111 0.000084 0.000005  -0.003606 -0.019941 -0.306513
11  1.196333 0.000144 0.000029  -0.070055 -0.379874 -1.061401
12  3.883505 -0.047269 0.431381  0.049262 0.134524 -0.409610
13  1.719573 -0.000026 0.000014  -0.003116 -0.006819 -0.375261
14  1.209180 0.000092 0.000011  -0.050439 -0.366792 -0.915110
15  3.859663 -0.138475 1.332410  0.342822 0.201193 -0.222545
16  1.719449 -0.000012 0.000022  0.003388 0.038777 -0.191763
17  1.099675 0.000049 0.000004  -0.012177 -0.210786 -0.996609
18  0.780454 -0.378389 1.290734  -1.426357 -0.610358 -0.188511
19  1.789819 -0.000003 -0.000018  -0.002302 0.013327 0.066942
20  1.207014 -0.000012 -0.000043  -0.001797 -0.000131 0.272318
21  5.740637 0.000411 -0.000705  -0.019842 0.000003 0.000070
22  11.481068 0.000336 -0.000747  0.022226 -0.144606 0.265938
23  6.027524 -0.000332 0.000203  1.461977 0.008983 1.655521
24  0.000002 11.692099 -0.000009  -0.764403 -0.258318 -0.624952
25  0.000002 0.000007 -0.000002  -0.375917 -0.000031 1.570738
26  -0.000000 -0.000011 -0.000002  0.868957 0.000002 1.570712
27  -6.837111 -2.442946 -7.233785  1.473120 1.855075 -0.198639
28  6.027504 -0.000269 -0.000223  1.924698 0.996678 0.442931
29  11.691994 0.000243 0.000857  0.141445 0.000055 -1.583024
30  11.479651 -0.000700 0.000936  -1.718034 0.273330 0.187632
31  3.859435 -0.132788 1.193062  0.466148 -0.051828 -1.783918
32  1.312558 0.000026 0.000001  -0.013963 -0.041043 -0.156449
33  0.729345 0.000066 -0.000027  -0.128320 -0.117290 -0.954856
34  3.942046 0.050109 0.430997  0.211502 -0.107596 -1.469117
35  1.539096 0.000005 0.000000  0.040712 -0.054387 -1.030473
36  1.196299 0.000077 -0.000004  -0.249391 -0.043040 -0.795121
37  3.883411 -0.050503 -0.431086  0.186407 -0.271796 -1.212183
38  1.719563 -0.000080 -0.000003  0.020974 -0.107650 -1.483529
39  1.209197 0.000036 0.000012  -0.324719 0.069674 -0.493483
40  3.859585 -0.149112 -1.331323  -0.040757 -0.073789 -0.195091
41  1.719412 -0.000097 -0.000034  -0.007235 0.031761 -0.150715
42  1.099674 0.000025 0.000006  0.118501 -0.028866 -0.144987
43  0.805979 -0.359854 -1.318337  0.991670 0.166768 -0.799535
44  1.789779 -0.000009 -0.000041  0.000057 -0.002451 0.133097
45  1.206996 -0.000004 0.000005  0.000373 -0.000070 1.058782
46  5.740571 0.000055 0.000723  -0.026760 -0.000014 0.000021
47  11.480872 -0.000104 0.000937  -0.033298 0.030090 0.032458
48  6.027513 -0.000274 -0.000237  -1.024513 -0.186311 -0.832275
49  0.000000 11.691977 -0.000006  -1.078382 0.522534 0.840473
50  0.000003 -0.000001 -0.000000  2.413975 -0.000041 1.570856
51  -0.000006 -0.000015 0.000005  2.272644 -0.000030 1.570865
52  -9.229263 -12.077290 -5.650608  1.575399 -0.426309 -0.754156
53  0.000001 -0.000001 0.000001  0.008153 -0.000259 0.000009
54  -0.000000 -0.000000 0.000001  1.565115 0.043565 -0.106862
55  -0.397301 -17.321922 -2.239194  0.091316 0.702874 -1.883518
56  -0.000002 -0.000000 0.000000  0.000000 -0.000000 -0.000002
57  0.000028 0.000029 0.000000  -1.571902 -0.044449 -0.106509
58  32.562214 1.095550 -41.280518  1.570796 -0.000000 0.000000
59  -14.813594 -8.184333 -6.904644  1.570796 -0.000000 0.000000
60  1.941978 -1.075505 -8.860325  1.570796 -0.000000 0.000000
61  -0.004311 0.001229 -0.000371  0.006898 -0.005534 -0.284229
62  -7.233792 3.620581 -6.293282  1.570796 -0.000000 0.000000
63  0.000000 0.000000 0.000000  -0.078727 -3.136056 0.284226
64  0.000000 0.000000 0.000000  1.573186 0.006830 0.000615
65  -1.342343 -14.870090 -4.055368  0.311484 1.255958 -0.568460
66  0.000002 -2.923558 -1.408043  0.000000 -0.000000 0.000000
67  -0.000002 -0.601197 -2.062165  0.000000 -0.000000 0.000000
68  0.004381 -0.039405 6.613116  0.000000 -0.000000 0.000000
69  0.000002 -0.021785 -0.115849  0.000000 -0.000000 0.000000
70  0.000002 -3.304881 0.259168  0.000000 -0.000000 0.000000
71  0.534142 -19.214882 -2.778633  0.311484 1.255958 -0.568460
72  0.057100 0.204434 -2.709599  0.000000 -0.000000 0.000000
73  0.111673 -0.283001 -2.709598  0.000000 -0.000000 0.000000
74  -0.128218 -0.750370 -2.709598  0.000000 -0.000000 0.000000
time 147
0  0 0 0  0 0 0
1  0.000006 0.000000 0.000000  -1.570800 -1.391899 -1.570792
2  -8.526393 2.634402 1.937664  -1.544956 -1.855077 -0.198630
3  6.027525 -0.000332 0.000191  0.318803 -1.486630 -2.505978
4  11.692112 0.000643 -0.000741  -1.235523 -0.000001 -1.067775
5  11.480316 0.000621 -0.000444  1.473927 -0.711611 1.310562
6  3.859508 -0.142880 -1.192048  -0.533701 0.161475 -0.985805
7  1.312590 0.000011 0.000008  -0.055836 -0.158184 -0.806336
8  0.729355 0.000054 0.000047  0.018464 -0.013192 -0.194470
9  3.942142 0.046273 -0.431511  -0.230399 0.146694 -0.706596
10  1.539111 0.000085 0.000006  -0.005635 -0.022986 -0.330787
11  1.196333 0.000144 0.000028  -0.070308 -0.355839 -1.033687
12  3.883503 -0.047270 0.431382  0.027645 0.163217 -0.435079
13  1.719573 -0.000027 0.000014  -0.005027 -0.017745 -0.423275
14  1.209178 0.000093 0.000012  -0.053224 -0.344073 -0.880610
15  3.859662 -0.138476 1.332410  0.316172 0.228701 -0.242279
16  1.719448 -0.000011 0.000023  0.000682 0.037959 -0.216142
17  1.099675 0.000049 0.000006  -0.009978 -0.197688 -1.013275
18  0.769482 -0.390991 1.277626  -1.390661 -0.605374 -0.210122
19  1.789820 -0.000003 -0.000019  -0.001794 0.012645 0.065435
20  1.207014 -0.000012 -0.000043  -0.001778 -0.000102 0.291376
21  5.740637 0.000409 -0.000705  0.031348 0.000003 0.000070
22  11.481070 0.000335 -0.000747  0.055999 -0.119297 0.232777
23  6.027524 -0.000332 0.000203  1.499005 -0.044050 1.657841
24  0.000001 11.692099 -0.000007  -0.764325 -0.258263 -0.624893
25  0.000004 0.000009 -0.000001  -0.366447 -0.000031 1.570739
26  -0.000002 -0.000011 -0.000000  0.868957 0.000002 1.570712
27  -6.837111 -2.442946 -7.233785  1.473120 1.855075 -0.198639
28  6.027504 -0.000269 -0.000223  1.868713 1.006220 0.433242
29  11.691991 0.000241 0.000858  0.141446 0.000059 -1.644070
30  11.479234 -0.000928 0.000970  -1.467188 0.363460 0.382164
31  3.859435 -0.132788 1.193061  0.466148 -0.051828 -1.783918
32  1.312558 0.000025 -0.000001  -0.013963 -0.041043 -0.156449
33  0.729346 0.000065 -0.000027  -0.128320 -0.117290 -0.954856
34  3.942046 0.050109 0.430996  0.211502 -0.107596 -1.469117
35  1.539096 0.000005 0.000001  0.040712 -0.054387 -1.030473
36  1.196298 0.000075 -0.000006  -0.249391 -0.043040 -0.795121
37  3.883412 -0.050502 -0.431087  0.186407 -0.271796 -1.212183
38  1.719563 -0.000082 -0.000004  0.020974 -0.107650 -1.483529
39  1.209197 0.000034 0.000012  -0.324719 0.069674 -0.493483
40  3.859585 -0.149112 -1.331324  -0.040757 -0.073789 -0.195091
41  1.719412 -0.000097 -0.000034  -0.007235 0.031761 -0.150715
42  1.099674 0.000025 0.000006  0.118501 -0.028866 -0.144987
43  0.805979 -0.359854 -1.318339  0.991670 0.166768 -0.799535
44  1.789778 -0.000009 -0.000042  0.000057 -0.002451 0.133097
45  1.206995 -0.000007 0.000006  0.000372 -0.000070 1.058782
46  5.740574 0.000054 0.000723  0.018354 -0.000014 0.000021
47  11.480790 -0.000149 0.000943  0.009483 0.054087 0.061473
48  6.027513 -0.000274 -0.000237  -1.043461 -0.211938 -0.791058
49  -0.000000 11.691974 -0.000007  -1.114212 0.557589 0.861464
50  0.000004 0.000000 0.000001  2.413975 -0.000041 1.570856
51  -0.000006 -0.000015 0.000005  2.272644 -0.000030 1.570865
52  -8.705711 -11.489813 -6.287704  1.837799 -0.438152 -0.895650
53  0.000000 -0.000000 0.000001  0.008153 -0.000259 0.000009
54  0.000000 0.000000 -0.000000  1.565115 0.043565 -0.106862
55  0.003113 -17.990606 -3.248634  0.143167 0.539891 -1.920376
56  -0.000000 -0.000001 0.000001  0.000000 -0.000000 -0.000002
57  0.000029 0.000028 0.000002  -1.571901 -0.044449 -0.106509
58  31.779919 0.366005 -40.431004  1.570796 -0.000000 0.000000
59  -14.853475 -8.215362 -7.214330  1.570796 -0.000000 0.000000
60  1.941978 -1.075505 -8.860325  1.570796 -0.000000 0.000000
61  -0.004311 0.001229 -0.000371  0.006898 -0.005534 -0.284229
62  -7.233792 3.620581 -6.293282  1.570796 -0.000000 0.000000
63  0.000000 0.000000 0.000000  -0.078727 -3.136056 0.284226
64  0.000000 0.000000 0.000000  1.574063 0.004351 0.000791
65  -1.293168 -14.837167 -3.758395  0.866263 1.126725 -0.081365
66  0.000001 -2.923558 -1.408042  0.000000 0.000000 0.000000
67  -0.000003 -0.601196 -2.062165  0.000000 0.000000 0.000000
68  0.004380 -0.039406 6.613114  0.000000 0.000000 0.000000
69  0.000002 -0.021787 -0.115848  0.000000 0.000000 0.000000
70  0.000001 -3.304879 0.259168  0.000000 0.000000 0.000000
71  0.244413 -19.402700 -2.852751  0.866263 1.126725 -0.081365
72  0.057100 0.204434 -2.709598  0.000000 0.000000 0.000000
73  0.111673 -0.283000 -2.709598  0.000000 0.000000 0.000000
74  -0.128217 -0.750370 -2.709598  0.000000 0.000000 0.000000
time 148
0  0 0 0  0 0 0
1  0.000006 0.000000 0.000000  -1.570800 -1.391899 -1.570792
2  -8.526393 2.634402 1.937664  -1.544956 -1.855077 -0.198630
3  6.027524 -0.000331 0.000191  -0.462567 -1.456182 -1.722026
4  11.692112 0.000642 -0.000740  -1.225855 0.000000 -1.043051
5  11.480413 0.000630 -0.000408  1.892679 -0.634897 0.880307
6  3.859508 -0.142881 -1.192051  -0.560129 0.151290 -1.049968
7  1.312588 0.000011 0.000006  -0.062338 -0.151487 -0.769913
8  0.729356 0.000054 0.000048  0.017548 -0.012877 -0.212750
9  3.942142 0.046271 -0.431513  -0.266784 0.164310 -0.760341
10  1.539111 0.000085 0.000005  -0.007878 -0.026551 -0.358723
11  1.196332 0.000143 0.000029  -0.069723 -0.328119 -1.002019
12  3.883502 -0.047271 0.431380  0.001612 0.195667 -0.465449
13  1.719571 -0.000030 0.000016  -0.006581 -0.030493 -0.478863
14  1.209179 0.000091 0.000012  -0.055385 -0.317741 -0.841183
15  3.859661 -0.138477 1.332409  0.284476 0.259807 -0.266171
16  1.719450 -0.000013 0.000022  -0.002407 0.036936 -0.244200
17  1.099676 0.000048 0.000007  -0.007733 -0.182600 -1.032333
18  0.756875 -0.405472 1.262562  -1.349871 -0.598855 -0.234636
19  1.789821 -0.000001 -0.000018  -0.001209 0.011863 0.063702
20  1.207015 -0.000011 -0.000043  -0.001756 -0.000069 0.313296
21  5.740636 0.000410 -0.000701  0.098211 0.000003 0.000071
22  11.481092 0.000336 -0.000737  0.101932 -0.078599 0.180426
23  6.027524 -0.000332 0.000203  1.543522 -0.111420 1.660363
24  0.000002 11.692100 -0.000008  -0.748442 -0.247309 -0.612903
25  0.000005 0.000009 -0.000000  -0.356781 -0.000031 1.570739
26  -0.000000 -0.000011 -0.000001  0.868957 0.000002 1.570712
27  -6.837111 -2.442946 -7.233785  1.473120 1.855075 -0.198639
28  6.027503 -0.000268 -0.000223  1.826925 1.038186 0.410143
29  11.691992 0.000244 0.000856  0.141446 0.000064 -1.705366
30  11.480542 -0.000188 0.000864  -1.202302 0.403096 0.612659
31  3.859435 -0.132788 1.193062  0.466148 -0.051828 -1.783918
32  1.312558 0.000024 0.000000  -0.013963 -0.041043 -0.156449
33  0.729344 0.000067 -0.000028  -0.128320 -0.117290 -0.954856
34  3.942046 0.050109 0.430996  0.211502 -0.107596 -1.469117
35  1.539096 0.000005 -0.000001  0.040712 -0.054387 -1.030473
36  1.196300 0.000075 -0.000004  -0.249391 -0.043040 -0.795121
37  3.883411 -0.050501 -0.431087  0.186407 -0.271795 -1.212183
38  1.719564 -0.000082 -0.000004  0.020974 -0.107650 -1.483529
39  1.209198 0.000035 0.000011  -0.324719 0.069674 -0.493483
40  3.859584 -0.149112 -1.331322  -0.040757 -0.073789 -0.195091
41  1.719412 -0.000097 -0.000033  -0.007235 0.031761 -0.150715
42  1.099673 0.000024 0.000008  0.118501 -0.028866 -0.144987
43  0.805979 -0.359853 -1.318338  0.991670 0.166768 -0.799535
44  1.789779 -0.000007 -0.000043  0.000057 -0.002451 0.133097
45  1.206997 -0.000004 0.000005  0.000372 -0.000070 1.058781
46  5.740571 0.000055 0.000725  0.062998 -0.000014 0.000021
47  11.481051 -0.000002 0.000922  0.051858 0.076513 0.093976
48  6.027513 -0.000274 -0.000237  -1.082024 -0.220757 -0.770216
49  -0.000000 11.691974 -0.000006  -1.150125 0.593414 0.881495
50  0.000003 -0.000004 0.000000  2.413975 -0.000041 1.570856
51  -0.000007 -0.000015 0.000006  2.272644 -0.000030 1.570865
52  -7.972149 -10.745916 -6.731234  2.113550 -0.414653 -1.043376
53  -0.000000 0.000000 0.000001  0.008153 -0.000259 0.000009
54  0.000000 0.000000 0.000000  1.565115 0.043565 -0.106862
55  0.556950 -18.951706 -4.722579  0.224235 0.297557 -1.985257
56  -0.000002 -0.000000 0.000001  0.000000 -0.000000 -0.000002
57  0.000030 0.000029 0.000002  -1.571901 -0.044449 -0.106509
58  30.691944 -0.648606 -39.249542  1.570796 -0.000000 0.000000
59  -14.890942 -8.233897 -7.540414  1.570796 -0.000000 0.000000
60  1.941978 -1.075505 -8.860325  1.570796 -0.000000 0.000000
61  -0.004311 0.001229 -0.000371  0.006898 -0.005534 -0.284229
62  -7.233792 3.620581 -6.293282  1.570796 -0.000000 0.000000
63  0.000000 0.000000 0.000000  -0.078727 -3.136056 0.284226
64  0.000000 0.000000 0.000000  1.574827 0.002076 0.000976
65  -1.250270 -14.799860 -3.425195  1.166003 0.926016 0.143774
66  0.000001 -2.923557 -1.408043  0.000000 -0.000000 0.000000
67  -0.000003 -0.601197 -2.062165  0.000000 -0.000000 0.000000
68  0.004380 -0.039407 6.613115  0.000000 -0.000000 0.000000
69  0.000002 -0.021787 -0.115848  0.000000 -0.000000 0.000000
70  0.000002 -3.304880 0.259167  0.000000 -0.000000 0.000000
71  0.004188 -19.519402 -3.000087  1.166003 0.926016 0.143774
72  0.057100 0.204435 -2.709597  0.000000 -0.000000 0.000000
73  0.111673 -0.283001 -2.709597  0.000000 -0.000000 0.000000
74  -0.128218 -0.750369 -2.709597  0.000000 -0.000000 0.000000
time 149
0  0 0 0  0 0 0
1  0.000006 0.000000 0.000000  -1.570800 -1.391899 -1.570792
2  -8.526393 2.634402 1.937664  -1.544956 -1.855077 -0.198630
3  6.027524 -0.000330 0.000191  -0.727486 -1.402869 -1.452360
4  11.692112 0.000644 -0.000741  -1.216006 0.000002 -0.987197
5  11.480683 0.000667 -0.000301  2.216003 -0.430250 0.525598
6  3.859507 -0.142880 -1.192050  -0.588809 0.137938 -1.121312
7  1.312590 0.000009 0.000007  -0.069265 -0.143775 -0.729522
8  0.729356 0.000052 0.000048  0.016525 -0.012548 -0.233025
9  3.942142 0.046272 -0.431512  -0.308661 0.181668 -0.821342
10  1.539111 0.000085 0.000005  -0.010250 -0.030580 -0.389733
11  1.196332 0.000147 0.000030  -0.068001 -0.297320 -0.967102
12  3.883503 -0.047270 0.431382  -0.028784 0.230868 -0.500544
13  1.719573 -0.000024 0.000015  -0.007477 -0.044802 -0.540931
14  1.209179 0.000090 0.000011  -0.056495 -0.288348 -0.797725
15  3.859660 -0.138476 1.332410  0.247948 0.293548 -0.294222
16  1.719447 -0.000014 0.000022  -0.005801 0.035699 -0.275345
17  1.099676 0.000047 0.000006  -0.005594 -0.165838 -1.053349
18  0.742909 -0.421518 1.245869  -1.305010 -0.590657 -0.261340
19  1.789819 -0.000005 -0.000020  -0.000559 0.010997 0.061782
20  1.207016 -0.000011 -0.000045  -0.001730 -0.000033 0.337616
21  5.740636 0.000411 -0.000702  0.151983 0.000003 0.000071
22  11.481148 0.000342 -0.000717  0.141627 -0.033969 0.123149
23  6.027524 -0.000332 0.000203  1.575146 -0.167955 1.663222
24  0.000000 11.692098 -0.000008  -0.712220 -0.223255 -0.585284
25  0.000003 0.000007 -0.000001  -0.346935 -0.000031 1.570739
26  -0.000001 -0.000012 -0.000000  0.868957 0.000002 1.570712
27  -6.837111 -2.442946 -7.233785  1.473120 1.855075 -0.198639
28  6.027504 -0.000268 -0.000223  1.799268 1.091094 0.367870
29  11.691992 0.000244 0.000857  0.141447 0.000068 -1.756049
30  11.480080 -0.000500 0.000907  -0.963073 0.390750 0.840585
31  3.859436 -0.132787 1.193060  0.466148 -0.051828 -1.783918
32  1.312559 0.000023 -0.000001  -0.013963 -0.041043 -0.156449
33  0.729345 0.000066 -0.000028  -0.128320 -0.117290 -0.954856
34  3.942046 0.050109 0.430995  0.211502 -0.107596 -1.469117
35  1.539097 0.000004 -0.000001  0.040712 -0.054387 -1.030473
36  1.196299 0.000076 -0.000004  -0.249391 -0.043040 -0.795121
37  3.883411 -0.050502 -0.431089  0.186407 -0.271796 -1.212182
38  1.719563 -0.000082 -0.000004  0.020974 -0.107650 -1.483529
39  1.209197 0.000035 0.000011  -0.324719 0.069674 -0.493483
40  3.859583 -0.149112 -1.331325  -0.042297 -0.073351 -0.189142
41  1.719412 -0.000098 -0.000034  -0.007670 0.031756 -0.180825
42  1.099673 0.000025 0.000007  0.118795 -0.028692 -0.178541
43  0.805979 -0.359854 -1.318340  0.991669 0.166768 -0.799535
44  1.789779 -0.000008 -0.000042  0.000057 -0.002451 0.133097
45  1.206995 -0.000005 0.000005  0.000372 -0.000070 1.058781
46  5.740572 0.000055 0.000723  0.106584 -0.000014 0.000021
47  11.480962 -0.000065 0.000932  0.089803 0.095943 0.126986
48  6.027513 -0.000274 -0.000237  -1.137189 -0.212048 -0.776443
49  -0.000001 11.691976 -0.000006  -1.179835 0.623476 0.897236
50  0.000003 -0.000000 -0.000000  2.413975 -0.000041 1.570856
51  -0.000008 -0.000015 0.000005  2.272644 -0.000030 1.570865
52  -7.122873 -9.942937 -6.887930  2.373063 -0.358281 -1.173082
53  0.000000 -0.000000 0.000000  0.008153 -0.000259 0.000009
54  -0.000001 -0.000001 -0.000001  1.565115 0.043565 -0.106862
55  1.068537 -19.912453 -6.240757  0.315260 0.053833 -2.063976
56  0.000002 -0.000001 0.000000  0.000000 -0.000000 -0.000002
57  0.000032 0.000029 0.000001  -1.571902 -0.044449 -0.106509
58  29.317505 -1.930366 -37.757004  1.570796 -0.000000 0.000000
59  -14.925900 -8.240031 -7.881639  1.570796 -0.000000 0.000000
60  1.941978 -1.075505 -8.860325  1.570796 -0.000000 0.000000
61  -0.004311 0.001229 -0.000371  0.006898 -0.005534 -0.284229
62  -7.233792 3.620581 -6.293282  1.570796 -0.000000 0.000000
63  0.000000 0.000000 0.000000  -0.078727 -3.136056 0.284226
64  0.000000 0.000000 0.000000  1.575367 0.000411 0.001169
65  -1.219929 -14.757895 -3.077494  1.338742 0.708797 0.239279
66  0.000002 -2.923557 -1.408043  0.000000 -0.000000 -0.000000
67  -0.000002 -0.601197 -2.062166  0.000000 -0.000000 -0.000000
68  0.004380 -0.039407 6.613115  0.000000 -0.000000 -0.000000
69  0.000002 -0.021787 -0.115849  0.000000 -0.000000 -0.000000
70  0.000002 -3.304880 0.259168  0.000000 -0.000000 -0.000000
71  -0.145220 -19.539385 -3.181450  1.338742 0.708797 0.239279
72  0.057100 0.204434 -2.709597  0.000000 -0.000000 -0.000000
73  0.111673 -0.283001 -2.709596  0.000000 -0.000000 -0.000000
74  -0.128217 -0.750369 -2.709597  0.000000 -0.000000 -0.000000
time 150
0  0 0 0  0 0 0
1  0.000006 0.000000 0.000000  -1.570800 -1.391899 -1.570792
2  -8.526393 2.634402 1.937664  -1.544956 -1.855077 -0.198630
3  6.027524 -0.000330 0.000191  -0.774588 -1.368628 -1.399645
4  11.692112 0.000643 -0.000741  -1.205996 0.000004 -0.926126
5  11.480430 0.000635 -0.000378  2.366039 -0.240677 0.323980
6  3.859509 -0.142880 -1.192049  -0.618626 0.121253 -1.197922
7  1.312590 0.000012 0.000008  -0.076354 -0.135171 -0.686153
8  0.729353 0.000055 0.000050  0.015420 -0.012218 -0.254811
9  3.942144 0.046273 -0.431511  -0.355218 0.197551 -0.888296
10  1.539110 0.000078 0.000005  -0.012661 -0.034994 -0.423075
11  1.196333 0.000146 0.000029  -0.064919 -0.264235 -0.929780
12  3.883505 -0.047269 0.431383  -0.063279 0.267612 -0.539964
13  1.719571 -0.000027 0.000014  -0.007444 -0.060289 -0.608014
14  1.209179 0.000091 0.000012  -0.056201 -0.256643 -0.751311
15  3.859662 -0.138476 1.332411  0.207025 0.328770 -0.326236
16  1.719448 -0.000011 0.000022  -0.009406 0.034252 -0.308833
17  1.099674 0.000049 0.000006  -0.003701 -0.147806 -1.075798
18  0.727908 -0.438751 1.227944  -1.257334 -0.580743 -0.289383
19  1.789819 -0.000005 -0.000018  0.000142 0.010069 0.059719
20  1.207016 -0.000012 -0.000042  -0.001701 0.000006 0.363756
21  5.740636 0.000410 -0.000700  0.178675 0.000003 0.000071
22  11.481099 0.000334 -0.000732  0.163527 -0.002611 0.079149
23  6.027524 -0.000332 0.000203  1.585696 -0.201711 1.667692
24  -0.000001 11.692100 -0.000007  -0.672065 -0.198094 -0.554248
25  0.000003 0.000007 -0.000002  -0.336929 -0.000031 1.570739
26  -0.000001 -0.000012 -0.000000  0.868957 0.000002 1.570712
27  -6.834958 -2.509081 -7.154641  1.473120 1.855075 -0.198639
28  6.027507 -0.000267 -0.000223  1.761783 1.152220 0.279215
29  11.691992 0.000243 0.000857  0.141449 0.000068 -1.788336
30  11.479791 -0.000683 0.000933  -0.788053 0.347627 1.024263
31  3.859435 -0.132788 1.193063  0.466148 -0.051828 -1.783918
32  1.312558 0.000025 -0.000001  -0.013963 -0.041043 -0.156449
33  0.729345 0.000064 -0.000027  -0.128320 -0.117290 -0.954856
34  3.942045 0.050109 0.430998  0.211502 -0.107596 -1.469117
35  1.539096 0.000006 0.000001  0.040712 -0.054387 -1.030473
36  1.196301 0.000077 -0.000005  -0.249391 -0.043040 -0.795121
37  3.883410 -0.050502 -0.431085  0.186407 -0.271795 -1.212183
38  1.719563 -0.000081 -0.000002  0.020974 -0.107650 -1.483529
39  1.209198 0.000036 0.000012  -0.324719 0.069674 -0.493483
40  3.859584 -0.149112 -1.331322  -0.046896 -0.071986 -0.171379
41  1.719411 -0.000097 -0.000033  -0.008985 0.031644 -0.271798
42  1.099674 0.000025 0.000007  0.119493 -0.028111 -0.280231
43  0.805977 -0.359854 -1.318337  0.991670 0.166768 -0.799535
44  1.789780 -0.000008 -0.000042  0.000057 -0.002451 0.133097
45  1.206996 -0.000005 0.000005  0.000372 -0.000070 1.058782
46  5.740572 0.000055 0.000724  0.148639 -0.000014 0.000021
47  11.480902 -0.000100 0.000936  0.118898 0.110522 0.155925
48  6.027514 -0.000274 -0.000237  -1.200644 -0.200126 -0.818324
49  0.000001 11.691976 -0.000006  -1.198800 0.642821 0.906858
50  0.000004 -0.000001 0.000000  2.413975 -0.000041 1.570856
51  -0.000005 -0.000015 0.000004  2.272644 -0.000030 1.570865
52  -6.287852 -9.186646 -6.765528  2.597376 -0.282959 -1.270578
53  -0.000001 -0.000000 -0.000000  0.008153 -0.000259 0.000009
54  -0.000001 0.000000 0.000001  1.565115 0.043565 -0.106862
55  1.352827 -20.580185 -7.371776  0.382205 -0.114745 -2.123438
56  -0.000001 -0.000001 -0.000000  0.000000 -0.000000 -0.000002
57  0.000029 0.000028 0.000001  -1.571901 -0.044449 -0.106509
58  27.688908 -3.449146 -35.988472  1.570796 -0.000000 0.000000
59  -14.961356 -8.119843 -8.343265  1.570796 -0.000000 0.000000
60  1.941978 -1.075505 -8.860325  1.570796 -0.000000 0.000000
61  -0.004311 0.001229 -0.000371  0.006898 -0.005534 -0.284229
62  -7.154648 3.685277 -6.279395  1.570796 -0.000000 0.000000
63  0.000000 0.000000 0.000000  -0.078727 -3.136056 0.284226
64  0.000000 0.000000 0.000000  1.575572 -0.000235 0.001373
65  -1.208419 -14.710999 -2.737016  1.452774 0.503275 0.278142
66  0.000002 -2.923557 -1.408042  0.000000 -0.000000 0.000000
67  -0.000003 -0.601197 -2.062164  0.000000 -0.000000 0.000000
68  0.004380 -0.039406 6.613116  0.000000 -0.000000 0.000000
69  0.000002 -0.021786 -0.115849  0.000000 -0.000000 0.000000
70  0.000002 -3.304880 0.259168  0.000000 -0.000000 0.000000
71  -0.197716 -19.468914 -3.344611  1.452774 0.503275 0.278142
72  0.057100 0.204433 -2.709596  0.000000 -0.000000 0.000000
73  0.111672 -0.283001 -2.709595  0.000000 -0.000000 0.000000
74  -0.128218 -0.750370 -2.709595  0.000000 -0.000000 0.000000
time 151
0  0 0 0  0 0 0
1  0.000006 0.000000 0.000000  -1.570800 -1.391899 -1.570792
2  -8.526393 2.634402 1.937664  -1.544956 -1.855077 -0.198630
3  6.027524 -0.000330 0.000191  -0.750258 -1.354098 -1.417884
4  11.692114 0.000646 -0.000741  -1.195849 0.000005 -0.896662
5  11.480628 0.000663 -0.000315  2.394779 -0.174867 0.238870
6  3.859509 -0.142880 -1.192048  -0.648348 0.101397 -1.277499
7  1.312590 0.000010 0.000008  -0.083341 -0.125869 -0.640973
8  0.729353 0.000054 0.000050  0.014259 -0.011899 -0.277541
9  3.942143 0.046274 -0.431512  -0.405194 0.210848 -0.959389
10  1.539111 0.000085 0.000005  -0.015020 -0.039684 -0.457875
11  1.196333 0.000148 0.000029  -0.060374 -0.229812 -0.891005
12  3.883506 -0.047269 0.431382  -0.101340 0.304565 -0.583034
13  1.719573 -0.000026 0.000014  -0.006294 -0.076461 -0.678320
14  1.209179 0.000092 0.000011  -0.054285 -0.223545 -0.703159
15  3.859663 -0.138474 1.332410  0.162423 0.364201 -0.361757
16  1.719450 -0.000012 0.000022  -0.013115 0.032614 -0.343782
17  1.099674 0.000049 0.000006  -0.002169 -0.128983 -1.099086
18  0.712262 -0.456724 1.209247  -1.208261 -0.569221 -0.317833
19  1.789820 -0.000002 -0.000018  0.000874 0.009102 0.057567
20  1.207016 -0.000009 -0.000043  -0.001670 0.000045 0.391033
21  5.740635 0.000410 -0.000703  0.181684 0.000003 0.000071
22  11.481138 0.000340 -0.000724  0.167904 0.005473 0.059179
23  6.027524 -0.000332 0.000203  1.581454 -0.216525 1.674133
24  -0.000000 11.692099 -0.000007  -0.652482 -0.186398 -0.538968
25  0.000003 0.000009 -0.000001  -0.326784 -0.000031 1.570739
26  -0.000001 -0.000011 0.000000  0.868957 0.000002 1.570712
27  -6.828454 -2.709004 -6.915388  1.473120 1.855075 -0.198639
28  6.027508 -0.000264 -0.000222  1.681001 1.204350 0.118371
29  11.691993 0.000243 0.000857  0.141449 0.000069 -1.803935
30  11.479651 -0.000768 0.000946  -0.683607 0.305549 1.156349
31  3.859436 -0.132787 1.193061  0.466148 -0.051828 -1.783918
32  1.312557 0.000025 -0.000001  -0.013963 -0.041043 -0.156449
33  0.729347 0.000065 -0.000027  -0.128320 -0.117290 -0.954856
34  3.942046 0.050109 0.430996  0.211502 -0.107596 -1.469117
35  1.539096 0.000005 0.000000  0.040712 -0.054387 -1.030473
36  1.196298 0.000077 -0.000004  -0.249391 -0.043040 -0.795121
37  3.883412 -0.050502 -0.431087  0.186407 -0.271796 -1.212183
38  1.719564 -0.000080 -0.000003  0.020974 -0.107650 -1.483529
39  1.209197 0.000036 0.000011  -0.324719 0.069674 -0.493483
40  3.859584 -0.149112 -1.331324  -0.054128 -0.069664 -0.143411
41  1.719411 -0.000098 -0.000035  -0.011061 0.031181 -0.417668
42  1.099674 0.000025 0.000007  0.120093 -0.027073 -0.444057
43  0.805978 -0.359854 -1.318339  0.991669 0.166768 -0.799535
44  1.789779 -0.000007 -0.000042  0.000057 -0.002451 0.133097
45  1.206996 -0.000005 0.000005  0.000373 -0.000070 1.058782
46  5.740572 0.000055 0.000724  0.188578 -0.000014 0.000021
47  11.480875 -0.000118 0.000939  0.136889 0.120731 0.178678
48  6.027514 -0.000272 -0.000236  -1.262437 -0.201253 -0.892177
49  -0.000000 11.691976 -0.000005  -1.207978 0.652219 0.911393
50  0.000004 0.000000 -0.000001  2.413975 -0.000041 1.570856
51  -0.000007 -0.000015 0.000006  2.272644 -0.000030 1.570865
52  -5.536058 -8.520082 -6.460113  2.782316 -0.205481 -1.341598
53  0.000001 -0.000000 -0.000000  0.008153 -0.000259 0.000009
54  -0.000000 0.000000 -0.000000  1.565115 0.043565 -0.106862
55  1.325962 -20.808592 -7.890782  0.395627 -0.181921 -2.133365
56  -0.000002 -0.000001 0.000001  0.000000 -0.000000 -0.000002
57  0.000029 0.000029 0.000001  -1.571901 -0.044449 -0.106509
58  25.852615 -5.161613 -33.994400  1.570796 -0.000000 0.000000
59  -15.000208 -7.756516 -9.032121  1.570796 -0.000000 0.000000
60  1.941978 -1.075505 -8.860325  1.570796 -0.000000 0.000000
61  -0.004311 0.001229 -0.000371  0.006898 -0.005534 -0.284229
62  -6.915395 3.880851 -6.237419  1.570796 -0.000000 0.000000
63  0.000000 0.000000 0.000000  -0.078727 -3.136056 0.284226
64  0.000000 0.000000 0.000000  1.575559 -0.000235 0.001587
65  -1.228321 -14.658897 -2.422000  1.533725 0.322423 0.284621
66  0.000002 -2.923557 -1.408042  -0.000000 0.000000 0.000000
67  -0.000003 -0.601197 -2.062165  -0.000000 0.000000 0.000000
68  0.004381 -0.039406 6.613116  -0.000000 0.000000 0.000000
69  0.000002 -0.021786 -0.115849  -0.000000 0.000000 0.000000
70  0.000002 -3.304880 0.259168  -0.000000 0.000000 0.000000
71  -0.215540 -19.343575 -3.449873  1.533725 0.322423 0.284621
72  0.057100 0.204433 -2.709596  -0.000000 0.000000 0.000000
73  0.111673 -0.283001 -2.709598  -0.000000 0.000000 0.000000
74  -0.128218 -0.750370 -2.709596  -0.000000 0.000000 0.000000
time 152
0  0 0 0  0 0 0
1  0.000006 0.000000 0.000000  -1.570800 -1.391899 -1.570792
2  -8.526393 2.634402 1.937664  -1.544956 -1.855077 -0.198630
3  6.027524 -0.000330 0.000192  -0.696415 -1.350032 -1.464304
4  11.692114 0.000643 -0.000741  -1.185590 0.000005 -0.889123
5  11.480658 0.000663 -0.000307  2.352501 -0.193406 0.206000
6  3.859512 -0.142879 -1.192049  -0.676765 0.078900 -1.357539
7  1.312590 0.000010 0.000007  -0.089982 -0.116122 -0.595257
8  0.729354 0.000054 0.000049  0.013074 -0.011603 -0.300594
9  3.942146 0.046273 -0.431512  -0.456940 0.220739 -1.032380
10  1.539111 0.000082 0.000004  -0.017245 -0.044522 -0.493170
11  1.196333 0.000149 0.000028  -0.054412 -0.195094 -0.851802
12  3.883506 -0.047269 0.431382  -0.142131 0.340389 -0.628775
13  1.719576 -0.000025 0.000015  -0.003961 -0.092757 -0.749822
14  1.209179 0.000093 0.000012  -0.050697 -0.190088 -0.654566
15  3.859664 -0.138476 1.332410  0.115154 0.398565 -0.400029
16  1.719448 -0.000013 0.000021  -0.016816 0.030821 -0.379223
17  1.099676 0.000049 0.000005  -0.001071 -0.109899 -1.122576
18  0.696399 -0.474949 1.190288  -1.159274 -0.556360 -0.345759
19  1.789819 -0.000005 -0.000018  0.001619 0.008124 0.055383
20  1.207015 -0.000014 -0.000044  -0.001638 0.000084 0.418696
21  5.740637 0.000409 -0.000702  0.169050 0.000003 0.000071
22  11.481144 0.000339 -0.000722  0.159649 -0.001140 0.052833
23  6.027524 -0.000332 0.000203  1.569581 -0.220846 1.682849
24  0.000002 11.692100 -0.000007  -0.647449 -0.183453 -0.535026
25  0.000003 0.000009 -0.000001  -0.316525 -0.000031 1.570739
26  0.000000 -0.000011 0.000000  0.868957 0.000002 1.570712
27  -6.817628 -3.041663 -6.517288  1.473120 1.855075 -0.198639
28  6.027509 -0.000265 -0.000222  1.555932 1.235671 -0.100884
29  11.691995 0.000242 0.000855  0.141449 0.000069 -1.807936
30  11.479615 -0.000790 0.000950  -0.633504 0.281565 1.249482
31  3.859436 -0.132788 1.193062  0.466148 -0.051828 -1.783917
32  1.312558 0.000025 -0.000001  -0.013963 -0.041043 -0.156449
33  0.729344 0.000066 -0.000028  -0.128320 -0.117290 -0.954856
34  3.942046 0.050109 0.430997  0.211502 -0.107596 -1.469117
35  1.539096 0.000005 0.000001  0.040712 -0.054387 -1.030473
36  1.196300 0.000076 -0.000003  -0.249391 -0.043040 -0.795121
37  3.883412 -0.050501 -0.431087  0.186407 -0.271795 -1.212183
38  1.719563 -0.000082 -0.000003  0.020974 -0.107650 -1.483529
39  1.209198 0.000035 0.000011  -0.324719 0.069674 -0.493483
40  3.859586 -0.149111 -1.331322  -0.062919 -0.066549 -0.109348
41  1.719411 -0.000098 -0.000035  -0.013504 0.030127 -0.597824
42  1.099674 0.000025 0.000007  0.119864 -0.025822 -0.647114
43  0.805979 -0.359853 -1.318338  0.991670 0.166768 -0.799535
44  1.789779 -0.000007 -0.000042  0.000057 -0.002451 0.133097
45  1.206996 -0.000005 0.000006  0.000372 -0.000070 1.058782
46  5.740570 0.000055 0.000725  0.225555 -0.000014 0.000021
47  11.480865 -0.000122 0.000941  0.144712 0.128053 0.195486
48  6.027514 -0.000274 -0.000236  -1.314041 -0.217833 -0.983209
49  -0.000002 11.691978 -0.000004  -1.210334 0.654635 0.912544
50  0.000002 -0.000001 0.000000  2.413975 -0.000041 1.570856
51  -0.000007 -0.000015 0.000006  2.272644 -0.000030 1.570865
52  -4.883971 -7.957775 -6.066960  2.928614 -0.137004 -1.397490
53  0.000000 -0.000000 -0.000001  0.008153 -0.000259 0.000009
54  0.000000 0.000000 0.000001  1.565115 0.043565 -0.106862
55  1.102062 -20.792809 -8.028918  0.353063 -0.193707 -2.107596
56  0.000001 -0.000000 -0.000001  0.000000 -0.000000 -0.000002
57  0.000032 0.000029 -0.000001  -1.571901 -0.044449 -0.106509
58  23.868645 -7.011803 -31.839954  1.570796 -0.000000 0.000000
59  -15.042098 -7.151961 -9.942995  1.570796 -0.000000 0.000000
60  1.941978 -1.075505 -8.860325  1.570796 -0.000000 0.000000
61  -0.004311 0.001229 -0.000371  0.006898 -0.005534 -0.284229
62  -6.517294 4.206275 -6.167572  1.570796 -0.000000 0.000000
63  0.000000 0.000000 0.000000  -0.078727 -3.136056 0.284226
64  0.000000 0.000000 0.000000  1.575516 -0.000236 0.001804
65  -1.283317 -14.601316 -2.136736  1.592808 0.173469 0.268262
66  0.000003 -2.923558 -1.408042  -0.000000 -0.000000 -0.000000
67  -0.000002 -0.601197 -2.062164  -0.000000 -0.000000 -0.000000
68  0.004381 -0.039407 6.613117  -0.000000 -0.000000 -0.000000
69  0.000003 -0.021787 -0.115849  -0.000000 -0.000000 -0.000000
70  0.000002 -3.304881 0.259169  -0.000000 -0.000000 -0.000000
71  -0.262394 -19.203577 -3.480374  1.592808 0.173469 0.268262
72  0.057100 0.204433 -2.709597  -0.000000 -0.000000 -0.000000
73  0.111673 -0.283002 -2.709598  -0.000000 -0.000000 -0.000000
74  -0.128218 -0.750370 -2.709599  -0.000000 -0.000000 -0.000000
time 153
0  0 0 0  0 0 0
1  0.000006 0.000000 0.000000  -1.570800 -1.391899 -1.570792
2  -8.526393 2.634402 1.937664  -1.544956 -1.855077 -0.198630
3  6.027524 -0.000330 0.000192  -0.617487 -1.351832 -1.533459
4  11.692114 0.000643 -0.000741  -1.175245 0.000005 -0.878614
5  11.480700 0.000666 -0.000301  2.256600 -0.233346 0.181477
6  3.859511 -0.142878 -1.192050  -0.702848 0.054622 -1.435553
7  1.312589 0.000010 0.000008  -0.096076 -0.106230 -0.550311
8  0.729357 0.000052 0.000050  0.011900 -0.011337 -0.323325
9  3.942146 0.046273 -0.431512  -0.508572 0.226837 -1.104798
10  1.539110 0.000084 0.000006  -0.019270 -0.049365 -0.527963
11  1.196333 0.000145 0.000029  -0.047231 -0.161139 -0.813212
12  3.883507 -0.047268 0.431381  -0.184522 0.373877 -0.675923
13  1.719572 -0.000029 0.000016  -0.000520 -0.108605 -0.820396
14  1.209179 0.000092 0.000012  -0.045578 -0.157329 -0.606849
15  3.859666 -0.138474 1.332409  0.066510 0.430709 -0.440001
16  1.719452 -0.000014 0.000023  -0.020400 0.028926 -0.414155
17  1.099675 0.000051 0.000005  -0.000432 -0.091098 -1.145628
18  0.680754 -0.492922 1.171591  -1.111806 -0.542574 -0.372311
19  1.789817 -0.000004 -0.000019  0.002355 0.007160 0.053230
20  1.207016 -0.000010 -0.000044  -0.001605 0.000121 0.445973
21  5.740636 0.000410 -0.000703  0.144480 0.000003 0.000071
22  11.481153 0.000341 -0.000719  0.140931 -0.012231 0.047530
23  6.027524 -0.000332 0.000203  1.552052 -0.218257 1.694541
24  -0.000001 11.692100 -0.000008  -0.640418 -0.179380 -0.529510
25  0.000003 0.000009 -0.000003  -0.306181 -0.000030 1.570739
26  -0.000002 -0.000011 -0.000000  0.868957 0.000002 1.570712
27  -6.802710 -3.500132 -5.968626  1.473120 1.855075 -0.198639
28  6.027513 -0.000263 -0.000223  1.422465 1.238320 -0.334462
29  11.691992 0.000244 0.000856  0.141451 0.000068 -1.804004
30  11.479653 -0.000771 0.000945  -0.629733 0.277281 1.304276
31  3.859436 -0.132788 1.193062  0.466148 -0.051828 -1.783918
32  1.312558 0.000024 -0.000001  -0.013963 -0.041043 -0.156449
33  0.729344 0.000067 -0.000027  -0.128320 -0.117290 -0.954856
34  3.942046 0.050108 0.430997  0.211502 -0.107596 -1.469117
35  1.539096 0.000004 -0.000000  0.040712 -0.054387 -1.030473
36  1.196299 0.000076 -0.000004  -0.249391 -0.043040 -0.795121
37  3.883411 -0.050502 -0.431087  0.186407 -0.271796 -1.212183
38  1.719564 -0.000081 -0.000004  0.020974 -0.107650 -1.483529
39  1.209196 0.000035 0.000012  -0.324719 0.069674 -0.493483
40  3.859585 -0.149112 -1.331323  -0.071716 -0.063109 -0.075313
41  1.719413 -0.000097 -0.000033  -0.015717 0.028532 -0.777969
42  1.099674 0.000024 0.000007  0.118221 -0.025008 -0.850151
43  0.805979 -0.359854 -1.318338  0.991669 0.166768 -0.799535
44  1.789779 -0.000007 -0.000042  0.000057 -0.002451 0.133097
45  1.206997 -0.000005 0.000004  0.000372 -0.000070 1.058781
46  5.740572 0.000055 0.000723  0.257266 -0.000014 0.000021
47  11.480876 -0.000119 0.000938  0.143650 0.131560 0.205899
48  6.027516 -0.000273 -0.000237  -1.346805 -0.247840 -1.083104
49  -0.000002 11.691974 -0.000005  -1.208021 0.652261 0.911410
50  0.000004 -0.000001 0.000000  2.413975 -0.000041 1.570856
51  -0.000006 -0.000016 0.000005  2.272644 -0.000030 1.570865
52  -4.360668 -7.517866 -5.663561  3.035378 -0.083728 -1.443221
53  0.000000 -0.000000 -0.000000  0.008153 -0.000259 0.000009
54  -0.000000 -0.000001 0.000000  1.565115 0.043565 -0.106862
55  0.803230 -20.748384 -8.052039  0.259574 -0.193116 -2.068986
56  0.000000 -0.000001 0.000001  0.000000 -0.000000 -0.000002
57  0.000030 0.000029 0.000002  -1.571902 -0.044449 -0.106509
58  21.807814 -8.933669 -29.602049  1.570796 -0.000000 0.000000
59  -15.086432 -6.318768 -11.059776  1.570796 -0.000000 0.000000
60  1.941978 -1.075505 -8.860325  1.570796 -0.000000 0.000000
61  -0.004311 0.001229 -0.000371  0.006898 -0.005534 -0.284229
62  -5.968632 4.654773 -6.071310  1.570796 -0.000000 0.000000
63  0.000000 0.000000 0.000000  -0.078727 -3.136056 0.284226
64  0.000000 0.000000 0.000000  1.575437 -0.001811 0.002016
65  -1.366345 -14.537981 -1.882026  1.635075 0.062402 0.239287
66  0.000001 -2.923558 -1.408041  0.000000 0.000000 0.000000
67  -0.000003 -0.601198 -2.062164  0.000000 0.000000 0.000000
68  0.004380 -0.039406 6.613115  0.000000 0.000000 0.000000
69  0.000002 -0.021786 -0.115848  0.000000 0.000000 0.000000
70  0.000001 -3.304880 0.259170  0.000000 0.000000 0.000000
71  -0.359724 -19.075085 -3.440824  1.635075 0.062402 0.239287
72  0.057099 0.204433 -2.709595  0.000000 0.000000 0.000000
73  0.111672 -0.283001 -2.709594  0.000000 0.000000 0.000000
74  -0.128218 -0.750370 -2.709594  0.000000 0.000000 0.000000
time 154
0  0 0 0  0 0 0
1  0.000006 0.000000 0.000000  -1.570800 -1.391899 -1.570792
2  -8.526393 2.634402 1.937664  -1.544956 -1.855077 -0.198630
3  6.027524 -0.000330 0.000191  -0.508925 -1.358584 -1.629591
4  11.692115 0.000644 -0.000740  -1.164851 0.000006 -0.864829
5  11.480763 0.000671 -0.000284  2.106076 -0.293618 0.171664
6  3.859508 -0.142880 -1.192050  -0.725867 0.029648 -1.509279
7  1.312590 0.000014 0.000007  -0.101480 -0.096515 -0.507381
8  0.729353 0.000054 0.000049  0.010769 -0.011108 -0.345112
9  3.942145 0.046273 -0.431513  -0.558200 0.229237 -1.174197
10  1.539111 0.000086 0.000006  -0.021051 -0.054068 -0.561292
11  1.196334 0.000143 0.000028  -0.039164 -0.128936 -0.776247
12  3.883507 -0.047269 0.431380  -0.227149 0.404075 -0.723003
13  1.719572 -0.000028 0.000015  0.003816 -0.123480 -0.887979
14  1.209179 0.000090 0.000012  -0.039237 -0.126259 -0.561266
15  3.859663 -0.138475 1.332409  0.017999 0.459716 -0.480380
16  1.719450 -0.000010 0.000023  -0.023769 0.026994 -0.447611
17  1.099674 0.000046 0.000006  -0.000229 -0.073108 -1.167630
18  0.665749 -0.510156 1.153664  -1.067142 -0.528389 -0.396789
19  1.789819 -0.000004 -0.000018  0.003063 0.006238 0.051164
20  1.207014 -0.000014 -0.000044  -0.001572 0.000156 0.472113
21  5.740637 0.000409 -0.000702  0.108142 0.000003 0.000071
22  11.481165 0.000341 -0.000715  0.111771 -0.027356 0.043393
23  6.027524 -0.000332 0.000203  1.529514 -0.208301 1.709235
24  0.000001 11.692101 -0.000008  -0.631170 -0.174096 -0.522237
25  0.000005 0.000008 -0.000000  -0.295788 -0.000031 1.570739
26  -0.000000 -0.000011 -0.000001  0.868957 0.000002 1.570712
27  -6.784168 -4.069942 -5.286722  1.473120 1.855075 -0.198639
28  6.027512 -0.000262 -0.000223  1.332981 1.214733 -0.523635
29  11.691989 0.000242 0.000855  0.141451 0.000067 -1.794695
30  11.479730 -0.000719 0.000935  -0.667889 0.288074 1.320402
31  3.859437 -0.132788 1.193062  0.466148 -0.051828 -1.783918
32  1.312559 0.000025 -0.000001  -0.013963 -0.041043 -0.156449
33  0.729346 0.000065 -0.000027  -0.128320 -0.117290 -0.954856
34  3.942046 0.050109 0.430996  0.211502 -0.107596 -1.469117
35  1.539096 0.000005 -0.000000  0.040712 -0.054387 -1.030473
36  1.196298 0.000077 -0.000004  -0.249391 -0.043040 -0.795121
37  3.883411 -0.050502 -0.431087  0.186407 -0.271796 -1.212183
38  1.719563 -0.000081 -0.000003  0.020974 -0.107650 -1.483529
39  1.209197 0.000035 0.000012  -0.324719 0.069674 -0.493483
40  3.859585 -0.149112 -1.331323  -0.079024 -0.060022 -0.047402
41  1.719412 -0.000097 -0.000034  -0.017261 0.026784 -0.923813
42  1.099673 0.000024 0.000007  0.115082 -0.025300 -1.013945
43  0.805979 -0.359853 -1.318338  0.991670 0.166768 -0.799535
44  1.789779 -0.000008 -0.000042  0.000057 -0.002451 0.133097
45  1.206996 -0.000006 0.000006  0.000372 -0.000070 1.058782
46  5.740571 0.000056 0.000725  0.279574 -0.000014 0.000021
47  11.480889 -0.000107 0.000937  0.135154 0.130210 0.210139
48  6.027514 -0.000273 -0.000237  -1.354794 -0.285357 -1.185929
49  -0.000002 11.691972 -0.000006  -1.202543 0.646648 0.908713
50  0.000004 -0.000000 -0.000000  2.413975 -0.000041 1.570856
51  -0.000007 -0.000016 0.000005  2.272644 -0.000030 1.570865
52  -3.983055 -7.198583 -5.316658  3.100902 -0.049624 -1.483036
53  0.000000 -0.000000 0.000000  0.008153 -0.000259 0.000009
54  0.000000 0.000000 0.000000  1.565115 0.043565 -0.106862
55  0.439163 -20.677149 -7.962095  0.117410 -0.175735 -2.020158
56  -0.000002 -0.000001 -0.000000  0.000000 -0.000000 -0.000002
57  0.000027 0.000028 0.000000  -1.571901 -0.044449 -0.106509
58  19.746986 -10.855535 -27.364143  1.570796 -0.000000 0.000000
59  -15.132336 -5.283233 -12.352669  1.570796 -0.000000 0.000000
60  1.941978 -1.075505 -8.860325  1.570796 -0.000000 0.000000
61  -0.004311 0.001229 -0.000371  0.006898 -0.005534 -0.284229
62  -5.286728 5.212190 -5.951670  1.570796 -0.000000 0.000000
63  0.000000 0.000000 0.000000  -0.078727 -3.136056 0.284226
64  0.000000 0.000000 0.000000  1.575316 -0.005424 0.002217
65  -1.470342 -14.468618 -1.658673  1.661494 -0.006444 0.204579
66  0.000002 -2.923558 -1.408041  0.000000 -0.000000 0.000000
67  -0.000002 -0.601198 -2.062164  0.000000 -0.000000 0.000000
68  0.004381 -0.039407 6.613115  0.000000 -0.000000 0.000000
69  0.000003 -0.021786 -0.115849  0.000000 -0.000000 0.000000
70  0.000002 -3.304880 0.259169  0.000000 -0.000000 0.000000
71  -0.524489 -18.973944 -3.342672  1.661494 -0.006444 0.204579
72  0.057100 0.204433 -2.709599  0.000000 -0.000000 0.000000
73  0.111673 -0.283001 -2.709598  0.000000 -0.000000 0.000000
74  -0.128217 -0.750370 -2.709598  0.000000 -0.000000 0.000000
time 155
0  0 0 0  0 0 0
1  0.000006 0.000000 0.000000  -1.570800 -1.391899 -1.570792
2  -8.526393 2.634402 1.937664  -1.544956 -1.855077 -0.198630
3  6.027524 -0.000330 0.000191  -0.366685 -1.368325 -1.756757
4  11.692113 0.000646 -0.000741  -1.154451 0.000006 -0.847522
5  11.480846 0.000683 -0.000263  1.905003 -0.367067 0.184776
6  3.859507 -0.142880 -1.192050  -0.745436 0.005135 -1.576831
7  1.312588 0.000011 0.000006  -0.106116 -0.087290 -0.467582
8  0.729353 0.000052 0.000049  0.009712 -0.010917 -0.365388
9  3.942142 0.046273 -0.431513  -0.604146 0.228466 -1.238414
10  1.539110 0.000083 0.000004  -0.022566 -0.058493 -0.592285
11  1.196332 0.000147 0.000030  -0.030639 -0.099334 -0.741832
12  3.883503 -0.047270 0.431381  -0.268529 0.430354 -0.768434
13  1.719572 -0.000028 0.000014  0.008733 -0.136963 -0.950719
14  1.209179 0.000088 0.000011  -0.032109 -0.097725 -0.518953
15  3.859662 -0.138475 1.332409  -0.028775 0.484983 -0.519736
16  1.719447 -0.000010 0.000021  -0.026842 0.025098 -0.478713
17  1.099675 0.000047 0.000007  -0.000396 -0.056402 -1.188035
18  0.651776 -0.526204 1.136971  -1.026340 -0.514384 -0.418680
19  1.789818 -0.000004 -0.000018  0.003724 0.005380 0.049240
20  1.207016 -0.000010 -0.000043  -0.001541 0.000187 0.496433
21  5.740636 0.000411 -0.000702  0.061908 0.000003 0.000071
22  11.481180 0.000346 -0.000709  0.073613 -0.045301 0.040523
23  6.027524 -0.000332 0.000203  1.503379 -0.191146 1.726459
24  0.000000 11.692099 -0.000008  -0.619515 -0.167556 -0.513045
25  0.000004 0.000009 -0.000002  -0.285389 -0.000030 1.570739
26  -0.000001 -0.000012 -0.000001  0.868957 0.000002 1.570712
27  -6.762752 -4.728062 -4.499134  1.473120 1.855075 -0.198639
28  6.027513 -0.000262 -0.000223  1.314572 1.176859 -0.640211
29  11.691992 0.000244 0.000856  0.141449 0.000067 -1.782641
30  11.479843 -0.000649 0.000926  -0.748008 0.297228 1.307453
31  3.859436 -0.132788 1.193062  0.466148 -0.051828 -1.783918
32  1.312559 0.000024 -0.000000  -0.013963 -0.041043 -0.156449
33  0.729345 0.000066 -0.000027  -0.128320 -0.117290 -0.954856
34  3.942047 0.050109 0.430997  0.211502 -0.107596 -1.469117
35  1.539096 0.000005 0.000000  0.040712 -0.054387 -1.030473
36  1.196301 0.000076 -0.000004  -0.249391 -0.043040 -0.795121
37  3.883412 -0.050502 -0.431087  0.186407 -0.271796 -1.212183
38  1.719564 -0.000080 -0.000003  0.020974 -0.107650 -1.483529
39  1.209198 0.000035 0.000011  -0.324719 0.069674 -0.493483
40  3.859585 -0.149112 -1.331323  -0.083890 -0.057889 -0.029677
41  1.719411 -0.000098 -0.000034  -0.018053 0.025315 -1.014761
42  1.099673 0.000024 0.000007  0.110665 -0.026906 -1.115640
43  0.805979 -0.359854 -1.318338  0.991670 0.166768 -0.799535
44  1.789779 -0.000007 -0.000042  0.000057 -0.002451 0.133097
45  1.206996 -0.000004 0.000005  0.000372 -0.000070 1.058782
46  5.740574 0.000055 0.000724  0.290195 -0.000014 0.000021
47  11.480913 -0.000095 0.000935  0.120972 0.122240 0.211506
48  6.027514 -0.000273 -0.000236  -1.336177 -0.319473 -1.290917
49  -0.000000 11.691975 -0.000005  -1.195454 0.639398 0.905183
50  0.000003 -0.000000 0.000000  2.413975 -0.000041 1.570856
51  -0.000006 -0.000016 0.000005  2.272644 -0.000030 1.570865
52  -3.770258 -6.957777 -5.003714  3.121981 -0.028249 -1.519276
53  0.000000 -0.000000 -0.000000  0.008153 -0.000259 0.000009
54  -0.000000 0.000000 0.000000  1.565115 0.043565 -0.106862
55  0.030581 -20.584532 -7.773683  -0.062870 -0.138433 -1.968431
56  0.000000 0.000000 0.000000  0.000000 -0.000000 -0.000002
57  0.000029 0.000029 0.000001  -1.571901 -0.044449 -0.106509
58  17.763012 -12.705726 -25.209702  1.570796 -0.000000 0.000000
59  -15.178662 -4.087204 -13.776733  1.570796 -0.000000 0.000000
60  1.941978 -1.075505 -8.860325  1.570796 -0.000000 0.000000
61  -0.004311 0.001229 -0.000371  0.006898 -0.005534 -0.284229
62  -4.499139 5.855997 -5.813488  1.570796 -0.000000 0.000000
63  0.000000 0.000000 0.000000  -0.078727 -3.136056 0.284226
64  0.000000 0.000000 0.000000  1.575149 -0.009922 0.002405
65  -1.588246 -14.392955 -1.467480  1.680265 -0.029860 0.168819
66  0.000002 -2.923558 -1.408042  -0.000000 -0.000000 -0.000000
67  -0.000002 -0.601198 -2.062164  -0.000000 -0.000000 -0.000000
68  0.004381 -0.039407 6.613116  -0.000000 -0.000000 -0.000000
69  0.000003 -0.021787 -0.115849  -0.000000 -0.000000 -0.000000
70  0.000002 -3.304881 0.259169  -0.000000 -0.000000 -0.000000
71  -0.768122 -18.890202 -3.236836  1.680265 -0.029860 0.168819
72  0.057100 0.204434 -2.709594  -0.000000 -0.000000 -0.000000
73  0.111673 -0.283001 -2.709594  -0.000000 -0.000000 -0.000000
74  -0.128217 -0.750370 -2.709594  -0.000000 -0.000000 -0.000000
time 156
0  0 0 0  0 0 0
1  0.000006 0.000000 0.000000  -1.570800 -1.391899 -1.570792
2  -8.526393 2.634402 1.937664  -1.544956 -1.855077 -0.198630
3  6.027525 -0.000331 0.000191  -0.191696 -1.378079 -1.914568
4  11.692115 0.000641 -0.000741  -1.144096 0.000006 -0.826811
5  11.479896 0.000548 -0.000567  1.667283 -0.439419 0.225754
6  3.859509 -0.142880 -1.192050  -0.761487 -0.017835 -1.636775
7  1.312588 0.000014 0.000008  -0.109967 -0.078840 -0.431843
8  0.729355 0.000053 0.000049  0.008756 -0.010763 -0.383669
9  3.942142 0.046272 -0.431513  -0.645104 0.225348 -1.295738
10  1.539111 0.000084 0.000003  -0.023812 -0.062516 -0.620201
11  1.196332 0.000145 0.000031  -0.022131 -0.073000 -0.710771
12  3.883505 -0.047269 0.431381  -0.307189 0.452430 -0.810676
13  1.719572 -0.000029 0.000014  0.013864 -0.148759 -1.007075
14  1.209180 0.000089 0.000012  -0.024698 -0.072382 -0.480878
15  3.859662 -0.138476 1.332409  -0.072244 0.506227 -0.556637
16  1.719449 -0.000010 0.000021  -0.029558 0.023309 -0.506721
17  1.099676 0.000048 0.000006  -0.000837 -0.041378 -1.206382
18  0.639177 -0.540682 1.121910  -0.990207 -0.501133 -0.437659
19  1.789819 -0.000005 -0.000019  0.004322 0.004607 0.047503
20  1.207014 -0.000013 -0.000044  -0.001513 0.000215 0.518353
21  5.740636 0.000410 -0.000705  0.010138 0.000003 0.000071
22  11.480989 0.000320 -0.000772  0.030028 -0.063994 0.038957
23  6.027524 -0.000332 0.000203  1.475797 -0.168013 1.745178
24  0.000001 11.692101 -0.000008  -0.605504 -0.159869 -0.501956
25  0.000002 0.000008 -0.000003  -0.275036 -0.000031 1.570738
26  -0.000001 -0.000012 -0.000000  0.868957 0.000002 1.570712
27  -6.739480 -5.443248 -3.643255  1.473120 1.855075 -0.198639
28  6.027514 -0.000261 -0.000224  1.354819 1.136661 -0.691777
29  11.691990 0.000243 0.000855  0.141451 0.000065 -1.766663
30  11.479982 -0.000560 0.000913  -0.858080 0.295924 1.275072
31  3.859436 -0.132788 1.193062  0.466148 -0.051828 -1.783918
32  1.312558 0.000026 -0.000000  -0.013963 -0.041043 -0.156449
33  0.729345 0.000068 -0.000028  -0.128320 -0.117290 -0.954856
34  3.942047 0.050109 0.430996  0.211502 -0.107596 -1.469117
35  1.539096 0.000004 -0.000000  0.040712 -0.054387 -1.030473
36  1.196298 0.000076 -0.000004  -0.249391 -0.043040 -0.795121
37  3.883412 -0.050502 -0.431087  0.186407 -0.271796 -1.212183
38  1.719564 -0.000081 -0.000003  0.020974 -0.107650 -1.483529
39  1.209197 0.000035 0.000011  -0.324719 0.069674 -0.493483
40  3.859585 -0.149112 -1.331323  -0.085973 -0.057039 -0.023706
41  1.719412 -0.000098 -0.000034  -0.018219 0.024358 -1.044857
42  1.099674 0.000025 0.000007  0.105077 -0.029563 -1.149253
43  0.805979 -0.359854 -1.318338  0.991669 0.166768 -0.799535
44  1.789779 -0.000008 -0.000042  0.000057 -0.002451 0.133097
45  1.206996 -0.000005 0.000005  0.000372 -0.000070 1.058782
46  5.740572 0.000056 0.000723  0.287309 -0.000014 0.000021
47  11.480941 -0.000076 0.000931  0.103560 0.108641 0.211492
48  6.027516 -0.000273 -0.000237  -1.296253 -0.340712 -1.392280
49  -0.000001 11.691973 -0.000005  -1.186071 0.629818 0.900429
50  0.000004 -0.000000 -0.000000  2.413975 -0.000041 1.570856
51  -0.000007 -0.000016 0.000005  2.272644 -0.000030 1.570865
52  -3.703614 -6.763536 -4.718871  3.104217 -0.015790 -1.552861
53  -0.000000 -0.000000 -0.000001  0.008153 -0.000259 0.000009
54  0.000000 0.000000 0.000000  1.565115 0.043565 -0.106862
55  -0.390560 -20.479954 -7.516568  -0.260904 -0.083686 -1.924181
56  -0.000003 -0.000000 0.000001  0.000000 -0.000000 -0.000002
57  0.000028 0.000029 0.000002  -1.571901 -0.044449 -0.106510
58  15.926723 -14.418193 -23.215626  1.570796 -0.000000 0.000000
59  -15.224044 -2.787471 -15.272961  1.570796 -0.000000 0.000000
60  1.941978 -1.075505 -8.860325  1.570796 -0.000000 0.000000
61  -0.004311 0.001229 -0.000371  0.006898 -0.005534 -0.284229
62  -3.643259 6.555627 -5.663324  1.570796 -0.000000 0.000000
63  0.000000 0.000000 0.000000  -0.078727 -3.136056 0.284226
64  0.000000 0.000000 0.000000  1.574933 -0.014273 0.002578
65  -1.712993 -14.310715 -1.309250  1.694715 -0.013676 0.134528
66  0.000001 -2.923558 -1.408040  0.000000 0.000000 0.000000
67  -0.000002 -0.601198 -2.062163  0.000000 0.000000 0.000000
68  0.004380 -0.039406 6.613116  0.000000 0.000000 0.000000
69  0.000002 -0.021786 -0.115849  0.000000 0.000000 0.000000
70  0.000001 -3.304880 0.259170  0.000000 0.000000 0.000000
71  -1.078517 -18.811338 -3.145085  1.694715 -0.013676 0.134528
72  0.057100 0.204433 -2.709598  0.000000 0.000000 0.000000
73  0.111673 -0.283002 -2.709598  0.000000 0.000000 0.000000
74  -0.128218 -0.750370 -2.709596  0.000000 0.000000 0.000000
time 157
0  0 0 0  0 0 0
1  0.000006 0.000000 0.000000  -1.570800 -1.391899 -1.570792
2  -8.526393 2.634402 1.937664  -1.544956 -1.855077 -0.198630
3  6.027525 -0.000331 0.000191  0.000701 -1.384739 -2.088742
4  11.692114 0.000644 -0.000740  -1.133856 0.000007 -0.804741
5  11.480539 0.000638 -0.000363  1.419136 -0.495177 0.289559
6  3.859510 -0.142880 -1.192049  -0.774193 -0.038355 -1.688127
7  1.312589 0.000011 0.000009  -0.113059 -0.071402 -0.400879
8  0.729356 0.000053 0.000050  0.007922 -0.010643 -0.399570
9  3.942143 0.046273 -0.431511  -0.680189 0.220830 -1.344978
10  1.539111 0.000086 0.000005  -0.024804 -0.066038 -0.644455
11  1.196333 0.000145 0.000027  -0.014111 -0.050404 -0.683715
12  3.883505 -0.047269 0.431382  -0.341800 0.470312 -0.848347
13  1.719574 -0.000028 0.000014  0.018838 -0.158702 -1.055874
14  1.209181 0.000091 0.000013  -0.017515 -0.050680 -0.447810
15  3.859663 -0.138476 1.332410  -0.111002 0.523451 -0.589773
16  1.719450 -0.000011 0.000022  -0.031877 0.021694 -0.531049
17  1.099675 0.000049 0.000005  -0.001443 -0.028344 -1.222304
18  0.628204 -0.553286 1.108800  -0.959291 -0.489155 -0.453573
19  1.789819 -0.000001 -0.000019  0.004843 0.003936 0.045991
20  1.207014 -0.000014 -0.000044  -0.001487 0.000239 0.537412
21  5.740635 0.000410 -0.000704  -0.040967 0.000003 0.000071
22  11.481115 0.000338 -0.000731  -0.013693 -0.081105 0.038619
23  6.027524 -0.000332 0.000203  1.449762 -0.141739 1.763999
24  0.000001 11.692098 -0.000008  -0.590499 -0.151848 -0.490037
25  0.000004 0.000009 -0.000001  -0.264797 -0.000031 1.570738
26  -0.000001 -0.000012 -0.000000  0.868957 0.000002 1.570712
27  -6.715564 -6.178202 -2.763718  1.473120 1.855075 -0.198639
28  6.027514 -0.000262 -0.000224  1.419294 1.096277 -0.702471
29  11.691992 0.000243 0.000857  0.141449 0.000064 -1.741404
30  11.480209 -0.000411 0.000890  -0.973665 0.296432 1.213180
31  3.859435 -0.132788 1.193062  0.466148 -0.051828 -1.783918
32  1.312558 0.000023 -0.000000  -0.013963 -0.041043 -0.156449
33  0.729345 0.000066 -0.000027  -0.128320 -0.117290 -0.954856
34  3.942046 0.050109 0.430996  0.211502 -0.107596 -1.469117
35  1.539096 0.000004 0.000001  0.040712 -0.054387 -1.030473
36  1.196299 0.000077 -0.000004  -0.249391 -0.043040 -0.795121
37  3.883411 -0.050502 -0.431087  0.186407 -0.271795 -1.212183
38  1.719563 -0.000082 -0.000003  0.020974 -0.107650 -1.483529
39  1.209197 0.000035 0.000012  -0.324719 0.069674 -0.493483
40  3.859584 -0.149112 -1.331323  -0.086834 -0.057424 -0.031546
41  1.719412 -0.000097 -0.000034  -0.017976 0.023335 -1.043132
42  1.099674 0.000025 0.000007  0.097598 -0.032026 -1.141933
43  0.805979 -0.359854 -1.318338  0.991670 0.166768 -0.799535
44  1.789779 -0.000008 -0.000042  0.000057 -0.002451 0.133097
45  1.206996 -0.000005 0.000005  0.000372 -0.000070 1.058781
46  5.740572 0.000056 0.000724  0.266975 -0.000014 0.000021
47  11.480986 -0.000046 0.000927  0.085485 0.094056 0.205479
48  6.027515 -0.000274 -0.000237  -1.245130 -0.351533 -1.478270
49  0.000000 11.691976 -0.000005  -1.171249 0.614749 0.892762
50  0.000004 -0.000002 0.000000  2.413975 -0.000041 1.570856
51  -0.000007 -0.000015 0.000006  2.272644 -0.000030 1.570865
52  -3.713475 -6.639290 -4.581398  3.066805 -0.023540 -1.584104
53  0.000000 0.000000 -0.000000  0.008153 -0.000259 0.000009
54  -0.000000 -0.000000 0.000000  1.565115 0.043565 -0.106862
55  -0.785965 -20.375587 -7.232507  -0.451329 -0.021278 -1.895153
56  0.000003 0.000001 -0.000000  0.000000 -0.000000 -0.000002
57  0.000034 0.000029 0.000001  -1.571901 -0.044449 -0.106509
58  14.298121 -15.936971 -21.447094  1.570796 -0.000000 0.000000
59  -15.267014 -1.451812 -16.772623  1.570796 -0.000000 0.000000
60  1.941978 -1.075505 -8.860325  1.570796 -0.000000 0.000000
61  -0.004311 0.001229 -0.000371  0.006898 -0.005534 -0.284229
62  -2.763722 7.274596 -5.509010  1.570796 -0.000000 0.000000
63  0.000000 0.000000 0.000000  -0.078727 -3.136056 0.284226
64  0.000000 0.000000 0.000000  1.574666 -0.016657 0.002735
65  -1.837522 -14.221626 -1.184784  1.691355 0.024376 0.102531
66  0.000002 -2.923558 -1.408043  -0.000000 0.000000 -0.000000
67  -0.000002 -0.601198 -2.062165  -0.000000 0.000000 -0.000000
68  0.004380 -0.039406 6.613115  -0.000000 0.000000 -0.000000
69  0.000002 -0.021786 -0.115848  -0.000000 0.000000 -0.000000
70  0.000002 -3.304881 0.259168  -0.000000 0.000000 -0.000000
71  -1.415844 -18.753464 -3.004970  1.691355 0.024376 0.102531
72  0.057100 0.204433 -2.709598  -0.000000 0.000000 -0.000000
73  0.111673 -0.283001 -2.709598  -0.000000 0.000000 -0.000000
74  -0.128218 -0.750370 -2.709597  -0.000000 0.000000 -0.000000
time 158
0  0 0 0  0 0 0
1  0.000006 0.000000 0.000000  -1.570800 -1.391899 -1.570792
2  -8.526393 2.634402 1.937664  -1.544956 -1.855077 -0.198630
3  6.027525 -0.000331 0.000191  0.185233 -1.387088 -2.255498
4  11.692113 0.000644 -0.000741  -1.123817 0.000007 -0.783392
5  11.480750 0.000666 -0.000302  1.193722 -0.526358 0.360185
6  3.859510 -0.142878 -1.192049  -0.783872 -0.055742 -1.730296
7  1.312590 0.000012 0.000007  -0.115449 -0.065155 -0.375195
8  0.729355 0.000055 0.000050  0.007227 -0.010554 -0.412805
9  3.942143 0.046274 -0.431512  -0.708914 0.215839 -1.385429
10  1.539111 0.000089 0.000006  -0.025563 -0.068985 -0.664624
11  1.196332 0.000145 0.000031  -0.007003 -0.031833 -0.661158
12  3.883503 -0.047269 0.431381  -0.371266 0.484221 -0.880323
13  1.719573 -0.000031 0.000014  0.023322 -0.166731 -1.096308
14  1.209178 0.000093 0.000014  -0.011027 -0.032885 -0.420313
15  3.859663 -0.138474 1.332409  -0.143900 0.536859 -0.618052
16  1.719449 -0.000009 0.000021  -0.033774 0.020308 -0.551275
17  1.099675 0.000049 0.000006  -0.002105 -0.017523 -1.235537
18  0.619066 -0.563784 1.097878  -0.933924 -0.478881 -0.466393
19  1.789819 -0.000002 -0.000017  0.005279 0.003377 0.044731
20  1.207016 -0.000012 -0.000044  -0.001466 0.000259 0.553271
21  5.740637 0.000410 -0.000703  -0.085361 0.000003 0.000071
22  11.481157 0.000345 -0.000720  -0.052243 -0.094772 0.039184
23  6.027524 -0.000332 0.000203  1.427742 -0.115735 1.781474
24  0.000000 11.692098 -0.000008  -0.575910 -0.144258 -0.478406
25  0.000003 0.000008 -0.000002  -0.254760 -0.000030 1.570739
26  -0.000000 -0.000012 -0.000001  0.868957 0.000002 1.570712
27  -6.692292 -6.893387 -1.907839  1.473120 1.855075 -0.198639
28  6.027513 -0.000261 -0.000225  1.482117 1.049285 -0.694714
29  11.691993 0.000244 0.000855  0.141450 0.000062 -1.724590
30  11.480363 -0.000311 0.000879  -1.078659 0.305910 1.130111
31  3.859436 -0.132787 1.193062  0.466148 -0.051828 -1.783917
32  1.312558 0.000024 -0.000000  -0.013963 -0.041043 -0.156449
33  0.729345 0.000064 -0.000028  -0.128320 -0.117290 -0.954856
34  3.942047 0.050109 0.430997  0.211502 -0.107596 -1.469117
35  1.539096 0.000003 0.000000  0.040712 -0.054387 -1.030473
36  1.196300 0.000077 -0.000004  -0.249391 -0.043040 -0.795121
37  3.883413 -0.050502 -0.431087  0.186407 -0.271796 -1.212183
38  1.719563 -0.000081 -0.000003  0.020974 -0.107650 -1.483529
39  1.209198 0.000036 0.000011  -0.324719 0.069674 -0.493483
40  3.859586 -0.149111 -1.331323  -0.087981 -0.058807 -0.053270
41  1.719411 -0.000097 -0.000034  -0.017484 0.021707 -1.038391
42  1.099673 0.000024 0.000007  0.087876 -0.033368 -1.121605
43  0.805979 -0.359853 -1.318338  0.991670 0.166768 -0.799535
44  1.789779 -0.000008 -0.000042  0.000057 -0.002451 0.133097
45  1.206996 -0.000005 0.000006  0.000373 -0.000070 1.058782
46  5.740573 0.000055 0.000724  0.236489 -0.000014 0.000021
47  11.481016 -0.000027 0.000925  0.068317 0.082419 0.193858
48  6.027514 -0.000273 -0.000237  -1.186701 -0.361990 -1.546137
49  -0.000002 11.691975 -0.000006  -1.161394 0.604771 0.887550
50  0.000001 -0.000001 -0.000000  2.413975 -0.000041 1.570856
51  -0.000007 -0.000015 0.000005  2.272644 -0.000030 1.570865
52  -3.760830 -6.416205 -4.645682  3.024777 -0.055527 -1.611396
53  0.000000 0.000000 -0.000000  0.008153 -0.000259 0.000009
54  0.000000 0.000000 0.000000  1.565115 0.043565 -0.106862
55  -1.119915 -20.283581 -6.965961  -0.612216 0.036227 -1.881858
56  -0.000001 0.000000 0.000000  0.000000 -0.000000 -0.000002
57  0.000030 0.000029 0.000001  -1.571902 -0.044449 -0.106509
58  12.923680 -17.218731 -19.954554  1.570796 -0.000000 0.000000
59  -15.306165 -0.152079 -18.204418  1.570796 -0.000000 0.000000
60  1.941978 -1.075505 -8.860325  1.570796 -0.000000 0.000000
61  -0.004311 0.001229 -0.000371  0.006898 -0.005534 -0.284229
62  -1.907842 7.974227 -5.358847  1.570796 -0.000000 0.000000
63  0.000000 0.000000 0.000000  -0.078727 -3.136056 0.284226
64  0.000000 0.000000 0.000000  1.574346 -0.014096 0.002875
65  -1.954769 -13.944685 -1.094886  1.664346 0.069751 0.072307
66  0.000001 -2.923558 -1.408042  0.000000 0.000000 0.000000
67  -0.000002 -0.601197 -2.062165  0.000000 0.000000 0.000000
68  0.004380 -0.039407 6.613116  0.000000 0.000000 0.000000
69  0.000002 -0.021787 -0.115848  0.000000 0.000000 0.000000
70  0.000002 -3.304881 0.259168  0.000000 0.000000 0.000000
71  -1.740513 -18.539921 -2.787915  1.664346 0.069751 0.072307
72  0.057100 0.204433 -2.709596  0.000000 0.000000 0.000000
73  0.111673 -0.283001 -2.709596  0.000000 0.000000 0.000000
74  -0.128218 -0.750370 -2.709596  0.000000 0.000000 0.000000
time 159
0  0 0 0  0 0 0
1  0.000006 0.000000 0.000000  -1.570800 -1.391899 -1.570792
2  -8.526393 2.634402 1.937664  -1.544956 -1.855077 -0.198630
3  6.027525 -0.000331 0.000191  0.334442 -1.386421 -2.388919
4  11.692114 0.000644 -0.000741  -1.114097 0.000008 -0.765777
5  11.480812 0.000673 -0.000290  1.018122 -0.536573 0.420471
6  3.859509 -0.142880 -1.192049  -0.790893 -0.069535 -1.763003
7  1.312589 0.000014 0.000008  -0.117206 -0.060223 -0.355107
8  0.729356 0.000054 0.000050  0.006681 -0.010490 -0.423189
9  3.942143 0.046272 -0.431511  -0.731095 0.211173 -1.416774
10  1.539111 0.000085 0.000008  -0.026117 -0.071304 -0.680433
11  1.196333 0.000145 0.000028  -0.001156 -0.017426 -0.643435
12  3.883504 -0.047269 0.431381  -0.394772 0.494494 -0.905776
13  1.719573 -0.000024 0.000014  0.027049 -0.172862 -1.127891
14  1.209177 0.000092 0.000013  -0.005620 -0.019109 -0.398757
15  3.859662 -0.138476 1.332410  -0.170088 0.546769 -0.640655
16  1.719450 -0.000010 0.000023  -0.035241 0.019195 -0.567124
17  1.099675 0.000052 0.000003  -0.002723 -0.009052 -1.245907
18  0.611889 -0.572028 1.089303  -0.914258 -0.470637 -0.476179
19  1.789822 -0.000002 -0.000018  0.005621 0.002938 0.043742
20  1.207011 -0.000013 -0.000044  -0.001449 0.000274 0.565709
21  5.740639 0.000411 -0.000703  -0.119097 0.000003 0.000070
22  11.481172 0.000349 -0.000715  -0.081948 -0.104227 0.040225
23  6.027524 -0.000332 0.000203  1.411674 -0.093614 1.796430
24  0.000002 11.692099 -0.000007  -0.563819 -0.138123 -0.468736
25  0.000003 0.000009 -0.000002  -0.245041 -0.000031 1.570739
26  0.000001 -0.000012 0.000000  0.868957 0.000002 1.570712
27  -6.670877 -7.551508 -1.120251  1.473120 1.855075 -0.198639
28  6.027514 -0.000260 -0.000225  1.536911 0.999463 -0.681010
29  11.691992 0.000242 0.000855  0.141448 0.000064 -1.731047
30  11.480301 -0.000349 0.000884  -1.158418 0.311210 1.065820
31  3.859437 -0.132787 1.193062  0.466148 -0.051828 -1.783918
32  1.312558 0.000023 -0.000000  -0.013963 -0.041043 -0.156449
33  0.729346 0.000066 -0.000027  -0.128320 -0.117290 -0.954856
34  3.942046 0.050109 0.430997  0.211502 -0.107596 -1.469117
35  1.539097 0.000004 -0.000000  0.040712 -0.054387 -1.030473
36  1.196299 0.000076 -0.000004  -0.249391 -0.043040 -0.795121
37  3.883412 -0.050502 -0.431087  0.186407 -0.271796 -1.212183
38  1.719563 -0.000080 -0.000003  0.020974 -0.107650 -1.483529
39  1.209197 0.000035 0.000011  -0.324719 0.069674 -0.493483
40  3.859586 -0.149112 -1.331323  -0.089301 -0.061042 -0.086389
41  1.719411 -0.000098 -0.000034  -0.016801 0.019587 -1.031190
42  1.099674 0.000025 0.000007  0.076362 -0.033524 -1.090614
43  0.805979 -0.359854 -1.318338  0.991669 0.166768 -0.799535
44  1.789779 -0.000008 -0.000043  0.000057 -0.002451 0.133097
45  1.206996 -0.000005 0.000005  0.000372 -0.000070 1.058782
46  5.740571 0.000056 0.000724  0.213004 -0.000014 0.000021
47  11.481004 -0.000034 0.000926  0.055194 0.074163 0.184707
48  6.027514 -0.000272 -0.000237  -1.126086 -0.371458 -1.601005
49  -0.000001 11.691975 -0.000005  -1.165177 0.608598 0.889563
50  0.000003 -0.000001 -0.000000  2.413975 -0.000041 1.570856
51  -0.000007 -0.000015 0.000005  2.272644 -0.000030 1.570865
52  -3.803590 -5.954027 -4.753284  2.990581 -0.087434 -1.634287
53  -0.000001 0.000000 0.000000  0.008153 -0.000259 0.000009
54  0.000001 -0.000000 0.000000  1.565115 0.043565 -0.106862
55  -1.367199 -20.213305 -6.753761  -0.730322 0.079823 -1.878994
56  0.000001 0.000001 0.000000  0.000000 -0.000000 -0.000002
57  0.000032 0.000030 0.000001  -1.571902 -0.044449 -0.106509
58  11.835706 -18.233341 -18.773094  1.570796 -0.000000 0.000000
59  -15.340314 1.043949 -19.502546  1.570796 -0.000000 0.000000
60  1.941978 -1.075505 -8.860325  1.570796 -0.000000 0.000000
61  -0.004311 0.001229 -0.000371  0.006898 -0.005534 -0.284229
62  -1.120255 8.618034 -5.220665  1.570796 -0.000000 0.000000
63  0.000000 0.000000 0.000000  -0.078727 -3.136056 0.284226
64  0.000000 0.000000 0.000000  1.573977 -0.002922 0.002996
65  -2.057672 -13.418205 -1.040358  1.636289 0.107173 0.044494
66  0.000002 -2.923558 -1.408043  -0.000000 0.000000 0.000000
67  -0.000002 -0.601197 -2.062165  -0.000000 0.000000 0.000000
68  0.004381 -0.039406 6.613114  -0.000000 0.000000 0.000000
69  0.000002 -0.021786 -0.115850  -0.000000 0.000000 0.000000
70  0.000002 -3.304881 0.259169  -0.000000 0.000000 0.000000
71  -2.018592 -18.065577 -2.598842  1.636289 0.107173 0.044494
72  0.057100 0.204433 -2.709600  -0.000000 0.000000 0.000000
73  0.111673 -0.283001 -2.709600  -0.000000 0.000000 0.000000
74  -0.128217 -0.750370 -2.709600  -0.000000 0.000000 0.000000
time 160
0  0 0 0  0 0 0
1  0.000006 0.000000 0.000000  -1.570800 -1.391899 -1.570792
2  -8.526393 2.634402 1.937664  -1.544956 -1.855077 -0.198630
3  6.027526 -0.000332 0.000191  0.431921 -1.385416 -2.473934
4  11.692115 0.000645 -0.000741  -1.104860 0.000008 -0.754375
5  11.480857 0.000676 -0.000283  0.905602 -0.535047 0.460513
6  3.859509 -0.142879 -1.192050  -0.795608 -0.079467 -1.786196
7  1.312588 0.000013 0.000009  -0.118400 -0.056680 -0.340771
8  0.729353 0.000055 0.000050  0.006290 -0.010448 -0.430618
9  3.942143 0.046273 -0.431513  -0.746753 0.207444 -1.438969
10  1.539111 0.000084 0.000003  -0.026490 -0.072968 -0.691734
11  1.196331 0.000146 0.000032  0.003171 -0.007211 -0.630741
12  3.883504 -0.047269 0.431381  -0.411784 0.501490 -0.924168
13  1.719572 -0.000027 0.000015  0.029823 -0.177154 -1.150405
14  1.209178 0.000091 0.000011  -0.001585 -0.009359 -0.383344
15  3.859663 -0.138475 1.332410  -0.189015 0.553522 -0.657038
16  1.719450 -0.000013 0.000024  -0.036279 0.018385 -0.578453
17  1.099674 0.000047 0.000006  -0.003218 -0.003003 -1.253321
18  0.606751 -0.577928 1.083163  -0.900316 -0.464645 -0.483032
19  1.789818 -0.000004 -0.000018  0.005866 0.002625 0.043034
20  1.207016 -0.000012 -0.000044  -0.001436 0.000284 0.574605
21  5.740636 0.000411 -0.000704  -0.140566 0.000003 0.000071
22  11.481179 0.000350 -0.000715  -0.101115 -0.109538 0.041304
23  6.027524 -0.000332 0.000203  1.402498 -0.078177 1.808022
24  0.000002 11.692101 -0.000008  -0.555965 -0.134214 -0.462441
25  0.000004 0.000007 -0.000001  -0.235804 -0.000031 1.570739
26  0.000000 -0.000011 -0.000000  0.868957 0.000002 1.570712
27  -6.652335 -8.121317 -0.438346  1.473120 1.855075 -0.198639
28  6.027512 -0.000262 -0.000228  1.576914 0.953751 -0.669976
29  11.691992 0.000243 0.000855  0.141450 0.000064 -1.747859
30  11.480148 -0.000453 0.000897  -1.201479 0.313506 1.023657
31  3.859436 -0.132787 1.193061  0.466148 -0.051828 -1.783918
32  1.312558 0.000026 -0.000001  -0.013963 -0.041043 -0.156449
33  0.729345 0.000068 -0.000027  -0.128320 -0.117290 -0.954856
34  3.942046 0.050109 0.430996  0.211502 -0.107596 -1.469117
35  1.539096 0.000003 -0.000000  0.040712 -0.054387 -1.030473
36  1.196300 0.000077 -0.000005  -0.249391 -0.043040 -0.795121
37  3.883412 -0.050502 -0.431087  0.186407 -0.271796 -1.212183
38  1.719563 -0.000081 -0.000004  0.020974 -0.107650 -1.483529
39  1.209195 0.000036 0.000011  -0.324719 0.069674 -0.493483
40  3.859585 -0.149111 -1.331324  -0.090676 -0.063997 -0.128703
41  1.719413 -0.000097 -0.000034  -0.015979 0.017076 -1.022019
42  1.099673 0.000025 0.000007  0.063514 -0.032416 -1.051046
43  0.805979 -0.359854 -1.318339  0.991670 0.166768 -0.799535
44  1.789779 -0.000007 -0.000042  0.000057 -0.002451 0.133097
45  1.206996 -0.000005 0.000005  0.000373 -0.000070 1.058782
46  5.740571 0.000056 0.000725  0.199572 -0.000014 0.000021
47  11.480973 -0.000055 0.000929  0.048238 0.069762 0.178261
48  6.027514 -0.000275 -0.000239  -1.072149 -0.380005 -1.642924
49  0.000000 11.691975 -0.000006  -1.175036 0.618592 0.894739
50  0.000003 -0.000002 -0.000001  2.413975 -0.000041 1.570856
51  -0.000006 -0.000015 0.000005  2.272644 -0.000030 1.570865
52  -3.787940 -5.403579 -4.870766  -0.164456 -3.031443 1.487952
53  0.000000 0.000000 -0.000000  0.008153 -0.000259 0.000009
54  0.000001 0.000000 -0.000000  1.565115 0.043565 -0.106862
55  -1.515738 -20.170113 -6.619530  -0.800761 0.105958 -1.880166
56  -0.000002 0.000001 -0.000001  0.000000 -0.000000 -0.000002
57  0.000027 0.000030 0.000000  -1.571901 -0.044449 -0.106509
58  11.053411 -18.962887 -17.923582  1.570796 -0.000000 0.000000
59  -15.368608 2.079485 -20.613312  1.570796 -0.000000 0.000000
60  1.941978 -1.075505 -8.860325  1.570796 -0.000000 0.000000
61  -0.004311 0.001229 -0.000371  0.006898 -0.005534 -0.284229
62  -0.438349 9.175450 -5.101025  1.570796 -0.000000 0.000000
63  0.000000 0.000000 0.000000  -0.078727 -3.136056 0.284226
64  0.000000 0.000000 0.000000  1.573538 0.006572 0.003074
65  -2.139169 -12.820895 -1.022004  1.614978 0.122882 0.021368
66  0.000002 -2.923558 -1.408042  -0.000000 -0.000000 0.000000
67  -0.000002 -0.601197 -2.062164  -0.000000 -0.000000 0.000000
68  0.004381 -0.039406 6.613115  -0.000000 -0.000000 0.000000
69  0.000003 -0.021786 -0.115848  -0.000000 -0.000000 0.000000
70  0.000002 -3.304880 0.259169  -0.000000 -0.000000 0.000000
71  -2.219158 -17.500530 -2.479082  1.614978 0.122882 0.021368
72  0.057100 0.204433 -2.709596  -0.000000 -0.000000 0.000000
73  0.111673 -0.283001 -2.709596  -0.000000 -0.000000 0.000000
74  -0.128217 -0.750370 -2.709596  -0.000000 -0.000000 0.000000
time 161
0  0 0 0  0 0 0
1  0.000006 0.000000 0.000000  -1.570800 -1.391899 -1.570792
2  -8.526393 2.634402 1.937664  -1.544956 -1.855077 -0.198630
3  6.027526 -0.000332 0.000191  0.472291 -1.386217 -2.506143
4  11.692115 0.000645 -0.000741  -1.096345 0.000008 -0.750499
5  11.480869 0.000675 -0.000284  0.858538 -0.529791 0.477499
6  3.859511 -0.142879 -1.192049  -0.798304 -0.085424 -1.799973
7  1.312589 0.000014 0.000006  -0.119088 -0.054558 -0.332218
8  0.729356 0.000053 0.000047  0.006056 -0.010424 -0.435057
9  3.942144 0.046272 -0.431511  -0.756021 0.205065 -1.452136
10  1.539112 0.000081 0.000004  -0.026704 -0.073963 -0.698483
11  1.196332 0.000146 0.000028  0.005813 -0.001145 -0.623148
12  3.883506 -0.047269 0.431381  -0.422024 0.505529 -0.935229
13  1.719572 -0.000028 0.000016  0.031522 -0.179680 -1.163824
14  1.209181 0.000093 0.000011  0.000892 -0.003576 -0.374137
15  3.859665 -0.138476 1.332411  -0.200398 0.557421 -0.666907
16  1.719448 -0.000012 0.000020  -0.036894 0.017896 -0.585218
17  1.099675 0.000048 0.000004  -0.003535 0.000606 -1.257748
18  0.603682 -0.581457 1.079496  -0.892035 -0.461027 -0.487068
19  1.789818 -0.000002 -0.000019  0.006013 0.002437 0.042611
20  1.207014 -0.000012 -0.000044  -0.001429 0.000290 0.579920
21  5.740636 0.000408 -0.000704  -0.149611 0.000003 0.000071
22  11.481181 0.000349 -0.000714  -0.109382 -0.111102 0.042067
23  6.027524 -0.000332 0.000203  1.400263 -0.071050 1.815662
24  -0.000001 11.692099 -0.000009  -0.553291 -0.132896 -0.460294
25  0.000002 0.000008 -0.000002  -0.227290 -0.000030 1.570739
26  -0.000003 -0.000011 -0.000001  0.868957 0.000002 1.570712
27  -6.637417 -8.579787 0.110314  1.473120 1.855075 -0.198639
28  6.027512 -0.000261 -0.000227  1.599886 0.917514 -0.664786
29  11.691990 0.000245 0.000856  0.141450 0.000065 -1.759334
30  11.480045 -0.000518 0.000905  -1.209435 0.316467 0.991849
31  3.859437 -0.132788 1.193062  0.466148 -0.051828 -1.783917
32  1.312558 0.000023 -0.000001  -0.013963 -0.041043 -0.156449
33  0.729345 0.000065 -0.000027  -0.128320 -0.117290 -0.954856
34  3.942045 0.050110 0.430997  0.211502 -0.107596 -1.469117
35  1.539096 0.000005 -0.000000  0.040712 -0.054387 -1.030473
36  1.196299 0.000076 -0.000004  -0.249391 -0.043040 -0.795121
37  3.883412 -0.050502 -0.431087  0.186407 -0.271795 -1.212183
38  1.719563 -0.000081 -0.000004  0.020974 -0.107650 -1.483529
39  1.209196 0.000036 0.000012  -0.324719 0.069674 -0.493483
40  3.859585 -0.149112 -1.331323  -0.091987 -0.067537 -0.178080
41  1.719412 -0.000097 -0.000034  -0.015068 0.014273 -1.011346
42  1.099674 0.000025 0.000006  0.049821 -0.029994 -1.004925
43  0.805979 -0.359854 -1.318338  0.991670 0.166768 -0.799535
44  1.789779 -0.000008 -0.000042  0.000057 -0.002451 0.133097
45  1.206996 -0.000005 0.000005  0.000372 -0.000070 1.058781
46  5.740571 0.000056 0.000723  0.192919 -0.000014 0.000021
47  11.480952 -0.000068 0.000931  0.047289 0.068870 0.172233
48  6.027514 -0.000273 -0.000239  -1.031408 -0.388499 -1.671504
49  0.000000 11.691974 -0.000006  -1.181768 0.625437 0.898225
50  0.000003 -0.000001 -0.000000  2.413975 -0.000041 1.570856
51  -0.000006 -0.000015 0.000005  2.272644 -0.000030 1.570865
52  -3.707399 -4.951503 -5.015316  -0.154199 -3.017101 1.472751
53  0.000000 -0.000000 -0.000000  0.008153 -0.000259 0.000009
54  -0.000000 0.000000 0.000000  1.565115 0.043565 -0.106862
55  -1.564268 -20.155767 -6.574070  -0.823775 0.114484 -1.881047
56  0.000002 -0.000001 -0.000000  0.000000 -0.000000 -0.000002
57  0.000032 0.000029 0.000001  -1.571902 -0.044449 -0.106509
58  10.584992 -19.399723 -17.414915  1.570796 -0.000000 0.000000
59  -15.390555 2.912679 -21.498590  1.570796 -0.000000 0.000000
60  1.941978 -1.075505 -8.860325  1.570796 -0.000000 0.000000
61  -0.004311 0.001229 -0.000371  0.006898 -0.005534 -0.284229
62  0.110312 9.623949 -5.004764  1.570796 -0.000000 0.000000
63  0.000000 0.000000 0.000000  -0.078727 -3.136056 0.284226
64  0.000000 0.000000 0.000000  1.573011 0.006156 0.003094
65  -2.196835 -12.331457 -1.040082  1.599548 0.114238 0.005542
66  0.000002 -2.923558 -1.408044  0.000000 -0.000000 0.000000
67  -0.000003 -0.601198 -2.062164  0.000000 -0.000000 0.000000
68  0.004380 -0.039407 6.613115  0.000000 -0.000000 0.000000
69  0.000002 -0.021787 -0.115848  0.000000 -0.000000 0.000000
70  0.000002 -3.304881 0.259167  0.000000 -0.000000 0.000000
71  -2.329898 -17.031219 -2.426800  1.599548 0.114238 0.005542
72  0.057100 0.204433 -2.709595  0.000000 -0.000000 0.000000
73  0.111673 -0.283001 -2.709595  0.000000 -0.000000 0.000000
74  -0.128218 -0.750370 -2.709595  0.000000 -0.000000 0.000000
time 162
0  0 0 0  0 0 0
1  0.000006 0.000000 0.000000  -1.570800 -1.391899 -1.570792
2  -8.526393 2.634402 1.937664  -1.544956 -1.855077 -0.198630
3  6.027526 -0.000332 0.000191  0.478092 -1.387244 -2.509030
4  11.692116 0.000646 -0.000741  -1.088933 0.000008 -0.750499
5  11.480870 0.000672 -0.000292  0.847605 -0.525487 0.481959
6  3.859511 -0.142879 -1.192049  -0.799175 -0.087398 -1.804517
7  1.312590 0.000011 0.000008  -0.119312 -0.053855 -0.329391
8  0.729355 0.000053 0.000052  0.005978 -0.010416 -0.436526
9  3.942144 0.046272 -0.431511  -0.759072 0.204254 -1.456475
10  1.539112 0.000083 0.000004  -0.026773 -0.074293 -0.700715
11  1.196332 0.000145 0.000032  0.006697 0.000856 -0.620636
12  3.883506 -0.047269 0.431381  -0.425423 0.506841 -0.938898
13  1.719573 -0.000026 0.000012  0.032090 -0.180509 -1.168257
14  1.209179 0.000092 0.000013  0.001722 -0.001670 -0.371092
15  3.859665 -0.138476 1.332411  -0.204175 0.558689 -0.670185
16  1.719448 -0.000012 0.000018  -0.037097 0.017733 -0.587455
17  1.099675 0.000046 0.000003  -0.003644 0.001800 -1.259213
18  0.602666 -0.582623 1.078281  -0.889305 -0.459825 -0.488394
19  1.789819 -0.000004 -0.000018  0.006061 0.002375 0.042470
20  1.207014 -0.000014 -0.000044  -0.001426 0.000292 0.581678
21  5.740638 0.000409 -0.000703  -0.151793 0.000003 0.000070
22  11.481182 0.000349 -0.000718  -0.111490 -0.110942 0.042557
23  6.027524 -0.000332 0.000203  1.400813 -0.069679 1.818439
24  0.000000 11.692100 -0.000008  -0.553291 -0.132896 -0.460294
25  0.000002 0.000007 -0.000002  -0.219878 -0.000031 1.570739
26  -0.000002 -0.000012 -0.000001  0.868957 0.000002 1.570712
27  -6.626592 -8.912446 0.508417  1.473120 1.855075 -0.198639
28  6.027512 -0.000261 -0.000226  1.612781 0.896811 -0.662295
29  11.691993 0.000244 0.000855  0.141449 0.000065 -1.748853
30  11.480142 -0.000458 0.000900  -1.200347 0.315559 0.955422
31  3.859436 -0.132788 1.193062  0.466148 -0.051828 -1.783918
32  1.312558 0.000025 -0.000000  -0.013963 -0.041043 -0.156449
33  0.729345 0.000066 -0.000028  -0.128320 -0.117290 -0.954856
34  3.942045 0.050109 0.430997  0.211502 -0.107596 -1.469117
35  1.539096 0.000005 -0.000001  0.040712 -0.054387 -1.030473
36  1.196299 0.000077 -0.000003  -0.249391 -0.043040 -0.795121
37  3.883411 -0.050502 -0.431087  0.186407 -0.271796 -1.212183
38  1.719564 -0.000081 -0.000003  0.020974 -0.107650 -1.483529
39  1.209196 0.000035 0.000010  -0.324719 0.069674 -0.493483
40  3.859584 -0.149112 -1.331323  -0.093127 -0.071500 -0.232226
41  1.719412 -0.000097 -0.000034  -0.014116 0.011283 -0.999659
42  1.099674 0.000025 0.000006  0.035831 -0.026294 -0.954424
43  0.805978 -0.359854 -1.318338  0.991669 0.166768 -0.799535
44  1.789779 -0.000008 -0.000042  0.000057 -0.002451 0.133097
45  1.206996 -0.000005 0.000005  0.000373 -0.000070 1.058782
46  5.740572 0.000057 0.000724  0.186523 -0.000014 0.000021
47  11.480973 -0.000055 0.000929  0.049917 0.068556 0.164696
48  6.027515 -0.000273 -0.000239  -1.007850 -0.392647 -1.688142
49  -0.000000 11.691975 -0.000005  -1.175617 0.619184 0.895044
50  0.000003 -0.000001 0.000000  2.413975 -0.000041 1.570856
51  -0.000006 -0.000016 0.000005  2.272644 -0.000030 1.570865
52  -3.627156 -4.783987 -5.167912  -0.132685 -3.008655 1.464985
53  -0.000001 -0.000000 -0.000000  0.008153 -0.000259 0.000009
54  -0.000000 -0.000000 0.000000  1.565115 0.043565 -0.106862
55  -1.564268 -20.155767 -6.574070  -0.823775 0.114484 -1.881047
56  0.000002 -0.000001 -0.000000  0.000000 -0.000000 -0.000002
57  0.000032 0.000029 0.000001  -1.571902 -0.044449 -0.106509
58  10.430052 -19.544212 -17.246658  1.570796 -0.000000 0.000000
59  -15.406002 3.517234 -22.135984  1.570796 -0.000000 0.000000
60  1.941978 -1.075505 -8.860325  1.570796 -0.000000 0.000000
61  -0.004311 0.001229 -0.000371  0.006898 -0.005534 -0.284229
62  0.508415 9.949372 -4.934916  1.570796 -0.000000 0.000000
63  0.000000 0.000000 0.000000  -0.078727 -3.136056 0.284226
64  0.000000 0.000000 0.000000  1.572418 0.004954 0.002771
65  -2.235490 -12.128601 -1.085276  1.588867 0.093898 -0.000571
66  0.000001 -2.923558 -1.408042  -0.000000 -0.000000 -0.000000
67  -0.000002 -0.601197 -2.062165  -0.000000 -0.000000 -0.000000
68  0.004380 -0.039407 6.613115  -0.000000 -0.000000 -0.000000
69  0.000002 -0.021787 -0.115849  -0.000000 -0.000000 -0.000000
70  0.000001 -3.304881 0.259169  -0.000000 -0.000000 -0.000000
71  -2.364343 -16.842121 -2.424894  1.588867 0.093898 -0.000571
72  0.057100 0.204433 -2.709596  -0.000000 -0.000000 -0.000000
73  0.111673 -0.283002 -2.709595  -0.000000 -0.000000 -0.000000
74  -0.128218 -0.750370 -2.709596  -0.000000 -0.000000 -0.000000
time 163
0  0 0 0  0 0 0
1  0.000006 0.000000 0.000000  -1.570800 -1.391899 -1.570792
2  -8.526393 2.634402 1.937664  -1.544956 -1.855077 -0.198630
3  6.027526 -0.000332 0.000191  0.478092 -1.387244 -2.509030
4  11.692116 0.000646 -0.000741  -1.083287 0.000008 -0.750499
5  11.480869 0.000672 -0.000296  0.841830 -0.522862 0.484850
6  3.859511 -0.142879 -1.192049  -0.799175 -0.087398 -1.804517
7  1.312590 0.000011 0.000008  -0.119312 -0.053855 -0.329391
8  0.729355 0.000053 0.000052  0.005978 -0.010416 -0.436526
9  3.942144 0.046272 -0.431511  -0.759072 0.204254 -1.456475
10  1.539112 0.000083 0.000004  -0.026773 -0.074293 -0.700715
11  1.196332 0.000145 0.000032  0.006697 0.000856 -0.620636
12  3.883506 -0.047269 0.431381  -0.425423 0.506841 -0.938898
13  1.719573 -0.000026 0.000012  0.032090 -0.180509 -1.168257
14  1.209179 0.000092 0.000013  0.001722 -0.001670 -0.371092
15  3.859665 -0.138476 1.332411  -0.204175 0.558689 -0.670185
16  1.719448 -0.000012 0.000018  -0.037097 0.017733 -0.587455
17  1.099675 0.000046 0.000003  -0.003644 0.001800 -1.259213
18  0.602666 -0.582623 1.078281  -0.889305 -0.459825 -0.488394
19  1.789819 -0.000004 -0.000018  0.006061 0.002375 0.042470
20  1.207014 -0.000014 -0.000044  -0.001426 0.000292 0.581678
21  5.740636 0.000411 -0.000703  -0.152970 0.000003 0.000071
22  11.481182 0.000349 -0.000718  -0.112605 -0.110824 0.042944
23  6.027524 -0.000332 0.000203  1.400813 -0.069679 1.818439
24  0.000000 11.692100 -0.000008  -0.553291 -0.132896 -0.460294
25  0.000002 0.000007 -0.000002  -0.214232 -0.000031 1.570739
26  -0.000002 -0.000012 -0.000001  0.868957 0.000002 1.570712
27  -6.620086 -9.112368 0.747668  1.473120 1.855075 -0.198639
28  6.027512 -0.000261 -0.000225  1.618002 0.888978 -0.661711
29  11.691993 0.000243 0.000856  0.141450 0.000062 -1.725637
30  11.480351 -0.000317 0.000876  -1.184976 0.312166 0.919305
31  3.859435 -0.132788 1.193062  0.466148 -0.051828 -1.783918
32  1.312558 0.000025 -0.000000  -0.013963 -0.041043 -0.156449
33  0.729345 0.000066 -0.000028  -0.128320 -0.117290 -0.954856
34  3.942045 0.050109 0.430996  0.211502 -0.107596 -1.469117
35  1.539096 0.000005 -0.000001  0.040712 -0.054387 -1.030473
36  1.196299 0.000077 -0.000004  -0.249391 -0.043040 -0.795121
37  3.883411 -0.050502 -0.431087  0.186407 -0.271796 -1.212183
38  1.719564 -0.000081 -0.000004  0.020974 -0.107650 -1.483529
39  1.209197 0.000035 0.000011  -0.324719 0.069674 -0.493483
40  3.859586 -0.149112 -1.331323  -0.094010 -0.075675 -0.288368
41  1.719412 -0.000097 -0.000034  -0.013173 0.008237 -0.987545
42  1.099674 0.000025 0.000007  0.022195 -0.021499 -0.902146
43  0.805978 -0.359854 -1.318338  0.991669 0.166768 -0.799535
44  1.789780 -0.000008 -0.000042  0.000057 -0.002451 0.133097
45  1.206996 -0.000006 0.000005  0.000372 -0.000070 1.058782
46  5.740571 0.000056 0.000724  0.180750 -0.000014 0.000021
47  11.481014 -0.000027 0.000925  0.053907 0.068217 0.157048
48  6.027514 -0.000273 -0.000238  -0.998755 -0.393876 -1.695109
49  -0.000001 11.691975 -0.000006  -1.162007 0.605391 0.887877
50  0.000003 -0.000000 -0.000000  2.413975 -0.000041 1.570856
51  -0.000007 -0.000015 0.000005  2.272644 -0.000030 1.570865
52  -3.574026 -4.832510 -5.310184  -0.109334 -3.003840 1.464046
53  -0.000000 -0.000000 0.000000  0.008153 -0.000259 0.000009
54  -0.000000 0.000000 0.000000  1.565115 0.043565 -0.106862
55  -1.564268 -20.155767 -6.574070  -0.823775 0.114484 -1.881047
56  0.000002 -0.000001 -0.000000  0.000000 -0.000000 -0.000002
57  0.000032 0.000029 0.000001  -1.571902 -0.044449 -0.106509
58  10.430052 -19.544212 -17.246658  1.570796 -0.000000 0.000000
59  -15.415051 3.880563 -22.516624  1.570796 -0.000000 0.000000
60  1.941978 -1.075505 -8.860325  1.570796 -0.000000 0.000000
61  -0.004311 0.001229 -0.000371  0.006898 -0.005534 -0.284229
62  0.747666 10.144946 -4.892940  1.570796 -0.000000 0.000000
63  0.000000 0.000000 0.000000  -0.078727 -3.136056 0.284226
64  0.000000 0.000000 0.000000  1.571822 0.003340 0.002002
65  -2.258937 -12.144261 -1.144029  1.581595 0.071404 0.001040
66  0.000001 -2.923558 -1.408043  -0.000000 0.000000 0.000000
67  -0.000002 -0.601197 -2.062165  -0.000000 0.000000 0.000000
68  0.004380 -0.039406 6.613114  -0.000000 0.000000 0.000000
69  0.000002 -0.021786 -0.115849  -0.000000 0.000000 0.000000
70  0.000002 -3.304881 0.259168  -0.000000 0.000000 0.000000
71  -2.347573 -16.867609 -2.451921  1.581595 0.071404 0.001040
72  0.057100 0.204433 -2.709597  -0.000000 0.000000 0.000000
73  0.111673 -0.283001 -2.709597  -0.000000 0.000000 0.000000
74  -0.128218 -0.750370 -2.709597  -0.000000 0.000000 0.000000
time 164
0  0 0 0  0 0 0
1  0.000006 0.000000 0.000000  -1.570800 -1.391899 -1.570792
2  -8.526393 2.634402 1.937664  -1.544956 -1.855077 -0.198630
3  6.027526 -0.000332 0.000191  0.478092 -1.387244 -2.509030
4  11.692116 0.000646 -0.000741  -1.080804 0.000008 -0.750499
5  11.480868 0.000671 -0.000298  0.839296 -0.521704 0.486114
6  3.859511 -0.142879 -1.192049  -0.799175 -0.087398 -1.804517
7  1.312590 0.000011 0.000008  -0.119312 -0.053855 -0.329391
8  0.729355 0.000053 0.000052  0.005978 -0.010416 -0.436526
9  3.942144 0.046272 -0.431511  -0.759072 0.204254 -1.456475
10  1.539112 0.000083 0.000004  -0.026773 -0.074293 -0.700715
11  1.196332 0.000145 0.000032  0.006697 0.000856 -0.620636
12  3.883506 -0.047269 0.431381  -0.425423 0.506841 -0.938898
13  1.719573 -0.000026 0.000012  0.032090 -0.180509 -1.168257
14  1.209179 0.000092 0.000013  0.001722 -0.001670 -0.371092
15  3.859665 -0.138476 1.332411  -0.204175 0.558689 -0.670185
16  1.719448 -0.000012 0.000018  -0.037097 0.017733 -0.587455
17  1.099675 0.000046 0.000003  -0.003644 0.001800 -1.259213
18  0.602666 -0.582623 1.078281  -0.889305 -0.459825 -0.488394
19  1.789819 -0.000004 -0.000018  0.006061 0.002375 0.042470
20  1.207014 -0.000014 -0.000044  -0.001426 0.000292 0.581678
21  5.740637 0.000411 -0.000703  -0.153487 0.000003 0.000071
22  11.481181 0.000349 -0.000719  -0.113096 -0.110771 0.043113
23  6.027524 -0.000332 0.000203  1.400813 -0.069679 1.818439
24  0.000000 11.692100 -0.000008  -0.553291 -0.132896 -0.460294
25  0.000002 0.000007 -0.000002  -0.211749 -0.000031 1.570739
26  -0.000002 -0.000012 -0.000001  0.868957 0.000002 1.570712
27  -6.617934 -9.178503 0.826812  1.473120 1.855075 -0.198639
28  6.027512 -0.000261 -0.000226  1.614952 0.885343 -0.664086
29  11.691992 0.000243 0.000856  0.141448 0.000062 -1.712937
30  11.480471 -0.000238 0.000867  -1.170457 0.312655 0.898702
31  3.859436 -0.132788 1.193061  0.466148 -0.051828 -1.783918
32  1.312558 0.000024 -0.000001  -0.013963 -0.041043 -0.156449
33  0.729345 0.000065 -0.000028  -0.128320 -0.117290 -0.954856
34  3.942045 0.050109 0.430996  0.211502 -0.107596 -1.469117
35  1.539096 0.000004 0.000000  0.040712 -0.054387 -1.030473
36  1.196299 0.000076 -0.000004  -0.249391 -0.043040 -0.795121
37  3.883411 -0.050502 -0.431087  0.186407 -0.271796 -1.212183
38  1.719563 -0.000081 -0.000003  0.020974 -0.107650 -1.483529
39  1.209197 0.000035 0.000011  -0.324719 0.069674 -0.493483
40  3.859585 -0.149112 -1.331324  -0.094589 -0.079755 -0.342653
41  1.719411 -0.000098 -0.000034  -0.012301 0.005326 -0.975815
42  1.099674 0.000025 0.000007  0.009744 -0.016045 -0.851682
43  0.805979 -0.359854 -1.318339  0.991670 0.166768 -0.799535
44  1.789779 -0.000008 -0.000043  0.000057 -0.002451 0.133097
45  1.206997 -0.000005 0.000005  0.000372 -0.000070 1.058782
46  5.740572 0.000055 0.000723  0.178566 -0.000014 0.000021
47  11.481038 -0.000011 0.000924  0.057028 0.068859 0.152339
48  6.027514 -0.000273 -0.000238  -0.996444 -0.397392 -1.696011
49  -0.000001 11.691973 -0.000004  -1.154563 0.597880 0.883891
50  0.000002 -0.000000 0.000000  2.413975 -0.000041 1.570856
51  -0.000006 -0.000017 0.000007  2.272644 -0.000030 1.570865
52  -3.543857 -4.895472 -5.426527  -0.091855 -3.000757 1.465542
53  -0.000000 -0.000000 0.000001  0.008153 -0.000259 0.000009
54  -0.000000 -0.000000 -0.000000  1.565115 0.043565 -0.106862
55  -1.564268 -20.155767 -6.574070  -0.823775 0.114484 -1.881047
56  0.000002 -0.000001 -0.000000  0.000000 -0.000000 -0.000002
57  0.000032 0.000029 0.000001  -1.571902 -0.044449 -0.106509
58  10.430052 -19.544212 -17.246658  1.570796 -0.000000 0.000000
59  -15.417985 4.000748 -22.641926  1.570796 -0.000000 0.000000
60  1.941978 -1.075505 -8.860325  1.570796 -0.000000 0.000000
61  -0.004311 0.001229 -0.000371  0.006898 -0.005534 -0.284229
62  0.826810 10.209643 -4.879054  1.570796 -0.000000 0.000000
63  0.000000 0.000000 0.000000  -0.078727 -3.136056 0.284226
64  0.000000 0.000000 0.000000  1.571303 0.001848 0.001087
65  -2.270977 -12.181606 -1.202782  1.576641 0.054531 0.004651
66  0.000001 -2.923558 -1.408041  0.000000 -0.000000 -0.000000
67  -0.000003 -0.601198 -2.062164  0.000000 -0.000000 -0.000000
68  0.004381 -0.039407 6.613116  0.000000 -0.000000 -0.000000
69  0.000002 -0.021787 -0.115849  0.000000 -0.000000 -0.000000
70  0.000001 -3.304881 0.259170  0.000000 -0.000000 -0.000000
71  -2.319171 -16.911572 -2.488685  1.576641 0.054531 0.004651
72  0.057100 0.204432 -2.709596  0.000000 -0.000000 -0.000000
73  0.111673 -0.283002 -2.709596  0.000000 -0.000000 -0.000000
74  -0.128218 -0.750370 -2.709596  0.000000 -0.000000 -0.000000
time 165
0  0 0 0  0 0 0
1  0.000006 0.000000 0.000000  -1.570800 -1.391899 -1.570792
2  -8.526393 2.634402 1.937664  -1.544956 -1.855077 -0.198630
3  6.027526 -0.000332 0.000191  0.478092 -1.387244 -2.509030
4  11.692116 0.000646 -0.000741  -1.080804 0.000008 -0.750499
5  11.480868 0.000671 -0.000298  0.839296 -0.521704 0.486114
6  3.859511 -0.142879 -1.192049  -0.799175 -0.087398 -1.804517
7  1.312590 0.000011 0.000008  -0.119312 -0.053855 -0.329391
8  0.729355 0.000053 0.000052  0.005978 -0.010416 -0.436526
9  3.942144 0.046272 -0.431511  -0.759072 0.204254 -1.456475
10  1.539112 0.000083 0.000004  -0.026773 -0.074293 -0.700715
11  1.196332 0.000145 0.000032  0.006697 0.000856 -0.620636
12  3.883506 -0.047269 0.431381  -0.425423 0.506841 -0.938898
13  1.719573 -0.000026 0.000012  0.032090 -0.180509 -1.168257
14  1.209179 0.000092 0.000013  0.001722 -0.001670 -0.371092
15  3.859665 -0.138476 1.332411  -0.204175 0.558689 -0.670185
16  1.719448 -0.000012 0.000018  -0.037097 0.017733 -0.587455
17  1.099675 0.000046 0.000003  -0.003644 0.001800 -1.259213
18  0.602666 -0.582623 1.078281  -0.889305 -0.459825 -0.488394
19  1.789819 -0.000004 -0.000018  0.006061 0.002375 0.042470
20  1.207014 -0.000014 -0.000044  -0.001426 0.000292 0.581678
21  5.740637 0.000411 -0.000703  -0.153487 0.000003 0.000071
22  11.481181 0.000349 -0.000719  -0.113096 -0.110771 0.043113
23  6.027524 -0.000332 0.000203  1.400813 -0.069679 1.818439
24  0.000000 11.692100 -0.000008  -0.553291 -0.132896 -0.460294
25  0.000002 0.000007 -0.000002  -0.211749 -0.000031 1.570739
26  -0.000002 -0.000012 -0.000001  0.868957 0.000002 1.570712
27  -6.617934 -9.178503 0.826812  1.473120 1.855075 -0.198639
28  6.027512 -0.000261 -0.000226  1.608854 0.884546 -0.667393
29  11.691991 0.000242 0.000856  0.141448 0.000062 -1.706488
30  11.480525 -0.000197 0.000861  -1.160646 0.316373 0.888752
31  3.859437 -0.132787 1.193062  0.466148 -0.051828 -1.783918
32  1.312558 0.000024 -0.000000  -0.013963 -0.041043 -0.156449
33  0.729345 0.000065 -0.000027  -0.128320 -0.117290 -0.954856
34  3.942047 0.050109 0.430997  0.211502 -0.107596 -1.469117
35  1.539096 0.000006 -0.000000  0.040712 -0.054387 -1.030473
36  1.196299 0.000076 -0.000004  -0.249391 -0.043040 -0.795121
37  3.883412 -0.050502 -0.431087  0.186407 -0.271796 -1.212183
38  1.719564 -0.000082 -0.000003  0.020974 -0.107650 -1.483529
39  1.209197 0.000035 0.000011  -0.324719 0.069674 -0.493483
40  3.859585 -0.149111 -1.331324  -0.094870 -0.083230 -0.388605
41  1.719412 -0.000097 -0.000034  -0.011591 0.002880 -0.965863
42  1.099674 0.000025 0.000007  -0.000246 -0.010849 -0.809029
43  0.805979 -0.359854 -1.318339  0.991670 0.166768 -0.799535
44  1.789779 -0.000008 -0.000043  0.000057 -0.002451 0.133097
45  1.206996 -0.000005 0.000005  0.000372 -0.000070 1.058782
46  5.740571 0.000055 0.000724  0.177863 -0.000014 0.000021
47  11.481048 -0.000004 0.000921  0.058754 0.070000 0.149794
48  6.027514 -0.000273 -0.000238  -0.997863 -0.401113 -1.694048
49  -0.000000 11.691974 -0.000006  -1.150785 0.594075 0.881849
50  0.000002 -0.000003 -0.000000  2.413975 -0.000041 1.570856
51  -0.000006 -0.000016 0.000005  2.272644 -0.000030 1.570865
52  -3.521522 -4.956086 -5.507199  -0.081534 -2.998662 1.466198
53  0.000000 -0.000000 -0.000000  0.008153 -0.000259 0.000009
54  0.000001 0.000000 0.000000  1.565115 0.043565 -0.106862
55  -1.564268 -20.155767 -6.574070  -0.823775 0.114484 -1.881047
56  0.000002 -0.000001 -0.000000  0.000000 -0.000000 -0.000002
57  0.000032 0.000029 0.000001  -1.571902 -0.044449 -0.106509
58  10.430052 -19.544212 -17.246658  1.570796 -0.000000 0.000000
59  -15.417985 4.000748 -22.641926  1.570796 -0.000000 0.000000
60  1.941978 -1.075505 -8.860325  1.570796 -0.000000 0.000000
61  -0.004311 0.001229 -0.000371  0.006898 -0.005534 -0.284229
62  0.826810 10.209643 -4.879054  1.570796 -0.000000 0.000000
63  0.000000 0.000000 0.000000  -0.078727 -3.136056 0.284226
64  0.000000 0.000000 0.000000  1.570935 0.000781 0.000321
65  -2.275413 -12.226179 -1.247977  1.573427 0.044607 0.006607
66  0.000002 -2.923558 -1.408042  -0.000000 0.000000 0.000000
67  -0.000002 -0.601197 -2.062165  -0.000000 0.000000 0.000000
68  0.004380 -0.039406 6.613116  -0.000000 0.000000 0.000000
69  0.000002 -0.021786 -0.115848  -0.000000 0.000000 0.000000
70  0.000002 -3.304881 0.259168  -0.000000 0.000000 0.000000
71  -2.300884 -16.960257 -2.519321  1.573427 0.044607 0.006607
72  0.057100 0.204433 -2.709598  -0.000000 0.000000 0.000000
73  0.111673 -0.283001 -2.709598  -0.000000 0.000000 0.000000
74  -0.128217 -0.750370 -2.709599  -0.000000 0.000000 0.000000
time 166
0  0 0 0  0 0 0
1  0.000006 0.000000 0.000000  -1.570800 -1.391899 -1.570792
2  -8.526393 2.634402 1.937664  -1.544956 -1.855077 -0.198630
3  6.027526 -0.000332 0.000191  0.478092 -1.387244 -2.509030
4  11.692116 0.000646 -0.000741  -1.080804 0.000008 -0.750499
5  11.480868 0.000671 -0.000298  0.839296 -0.521704 0.486114
6  3.859511 -0.142879 -1.192049  -0.799175 -0.087398 -1.804517
7  1.312590 0.000011 0.000008  -0.119312 -0.053855 -0.329391
8  0.729355 0.000053 0.000052  0.005978 -0.010416 -0.436526
9  3.942144 0.046272 -0.431511  -0.759072 0.204254 -1.456475
10  1.539112 0.000083 0.000004  -0.026773 -0.074293 -0.700715
11  1.196332 0.000145 0.000032  0.006697 0.000856 -0.620636
12  3.883506 -0.047269 0.431381  -0.425423 0.506841 -0.938898
13  1.719573 -0.000026 0.000012  0.032090 -0.180509 -1.168257
14  1.209179 0.000092 0.000013  0.001722 -0.001670 -0.371092
15  3.859665 -0.138476 1.332411  -0.204175 0.558689 -0.670185
16  1.719448 -0.000012 0.000018  -0.037097 0.017733 -0.587455
17  1.099675 0.000046 0.000003  -0.003644 0.001800 -1.259213
18  0.602666 -0.582623 1.078281  -0.889305 -0.459825 -0.488394
19  1.789819 -0.000004 -0.000018  0.006061 0.002375 0.042470
20  1.207014 -0.000014 -0.000044  -0.001426 0.000292 0.581678
21  5.740637 0.000411 -0.000703  -0.153487 0.000003 0.000071
22  11.481181 0.000349 -0.000719  -0.113096 -0.110771 0.043113
23  6.027524 -0.000332 0.000203  1.400813 -0.069679 1.818439
24  0.000000 11.692100 -0.000008  -0.553291 -0.132896 -0.460294
25  0.000002 0.000007 -0.000002  -0.211749 -0.000031 1.570739
26  -0.000002 -0.000012 -0.000001  0.868957 0.000002 1.570712
27  -6.617934 -9.178503 0.826812  1.473120 1.855075 -0.198639
28  6.027512 -0.000261 -0.000226  1.606078 0.885269 -0.668861
29  11.691992 0.000244 0.000856  0.141448 0.000062 -1.701516
30  11.480574 -0.000164 0.000857  -1.157646 0.318891 0.883196
31  3.859434 -0.132788 1.193062  0.466148 -0.051828 -1.783918
32  1.312558 0.000024 -0.000000  -0.013963 -0.041043 -0.156449
33  0.729345 0.000066 -0.000028  -0.128320 -0.117290 -0.954856
34  3.942046 0.050109 0.430997  0.211502 -0.107596 -1.469117
35  1.539096 0.000005 -0.000000  0.040712 -0.054387 -1.030473
36  1.196299 0.000076 -0.000005  -0.249391 -0.043040 -0.795121
37  3.883411 -0.050502 -0.431087  0.186407 -0.271796 -1.212183
38  1.719564 -0.000081 -0.000004  0.020974 -0.107650 -1.483529
39  1.209196 0.000036 0.000011  -0.324719 0.069674 -0.493483
40  3.859584 -0.149112 -1.331323  -0.094937 -0.084956 -0.411364
41  1.719412 -0.000097 -0.000035  -0.011249 0.001676 -0.960922
42  1.099673 0.000027 0.000007  -0.004984 -0.008084 -0.787926
43  0.805978 -0.359854 -1.318338  0.991670 0.166768 -0.799535
44  1.789779 -0.000009 -0.000042  0.000057 -0.002451 0.133097
45  1.206996 -0.000004 0.000005  0.000372 -0.000070 1.058782
46  5.740572 0.000054 0.000724  0.176986 -0.000014 0.000021
47  11.481058 0.000002 0.000922  0.059227 0.070530 0.148461
48  6.027514 -0.000273 -0.000238  -0.999525 -0.402241 -1.692716
49  -0.000001 11.691973 -0.000006  -1.147872 0.591146 0.880265
50  0.000003 -0.000002 -0.000000  2.413975 -0.000041 1.570856
51  -0.000006 -0.000016 0.000006  2.272644 -0.000030 1.570865
52  -3.508469 -5.000958 -5.542068  -0.078072 -2.997258 1.465734
53  -0.000000 -0.000000 0.000000  0.008153 -0.000259 0.000009
54  -0.000001 -0.000000 0.000000  1.565115 0.043565 -0.106862
55  -1.564268 -20.155767 -6.574070  -0.823775 0.114484 -1.881047
56  0.000002 -0.000001 -0.000000  0.000000 -0.000000 -0.000002
57  0.000032 0.000029 0.000001  -1.571902 -0.044449 -0.106509
58  10.430052 -19.544212 -17.246658  1.570796 -0.000000 0.000000
59  -15.417985 4.000748 -22.641926  1.570796 -0.000000 0.000000
60  1.941978 -1.075505 -8.860325  1.570796 -0.000000 0.000000
61  -0.004311 0.001229 -0.000371  0.006898 -0.005534 -0.284229
62  0.826810 10.209643 -4.879054  1.570796 -0.000000 0.000000
63  0.000000 0.000000 0.000000  -0.078727 -3.136056 0.284226
64  0.000000 0.000000 0.000000  1.570796 0.000183 0.000000
65  -2.276047 -12.263523 -1.266054  1.571649 0.041358 0.006563
66  0.000002 -2.923558 -1.408043  -0.000000 0.000000 -0.000000
67  -0.000002 -0.601197 -2.062165  -0.000000 0.000000 -0.000000
68  0.004380 -0.039407 6.613118  -0.000000 0.000000 -0.000000
69  0.000002 -0.021786 -0.115847  -0.000000 0.000000 -0.000000
70  0.000002 -3.304880 0.259169  -0.000000 0.000000 -0.000000
71  -2.297235 -16.999825 -2.529166  1.571649 0.041358 0.006563
72  0.057100 0.204433 -2.709594  -0.000000 0.000000 -0.000000
73  0.111673 -0.283001 -2.709594  -0.000000 0.000000 -0.000000
74  -0.128217 -0.750370 -2.709594  -0.000000 0.000000 -0.000000
time 167
0  0 0 0  0 0 0
1  0.000006 0.000000 0.000000  -1.570800 -1.391899 -1.570792
2  -8.526393 2.634402 1.937664  -1.544956 -1.855077 -0.198630
3  6.027526 -0.000332 0.000191  0.478092 -1.387244 -2.509030
4  11.692116 0.000646 -0.000741  -1.080804 0.000008 -0.750499
5  11.480868 0.000671 -0.000298  0.839296 -0.521704 0.486114
6  3.859511 -0.142879 -1.192049  -0.799175 -0.087398 -1.804517
7  1.312590 0.000011 0.000008  -0.119312 -0.053855 -0.329391
8  0.729355 0.000053 0.000052  0.005978 -0.010416 -0.436526
9  3.942144 0.046272 -0.431511  -0.759072 0.204254 -1.456475
10  1.539112 0.000083 0.000004  -0.026773 -0.074293 -0.700715
11  1.196332 0.000145 0.000032  0.006697 0.000856 -0.620636
12  3.883506 -0.047269 0.431381  -0.425423 0.506841 -0.938898
13  1.719573 -0.000026 0.000012  0.032090 -0.180509 -1.168257
14  1.209179 0.000092 0.000013  0.001722 -0.001670 -0.371092
15  3.859665 -0.138476 1.332411  -0.204175 0.558689 -0.670185
16  1.719448 -0.000012 0.000018  -0.037097 0.017733 -0.587455
17  1.099675 0.000046 0.000003  -0.003644 0.001800 -1.259213
18  0.602666 -0.582623 1.078281  -0.889305 -0.459825 -0.488394
19  1.789819 -0.000004 -0.000018  0.006061 0.002375 0.042470
20  1.207014 -0.000014 -0.000044  -0.001426 0.000292 0.581678
21  5.740637 0.000411 -0.000703  -0.153487 0.000003 0.000071
22  11.481181 0.000349 -0.000719  -0.113096 -0.110771 0.043113
23  6.027524 -0.000332 0.000203  1.400813 -0.069679 1.818439
24  0.000000 11.692100 -0.000008  -0.553291 -0.132896 -0.460294
25  0.000002 0.000007 -0.000002  -0.211749 -0.000031 1.570739
26  -0.000002 -0.000012 -0.000001  0.868957 0.000002 1.570712
27  -6.617934 -9.178503 0.826812  1.473120 1.855075 -0.198639
28  6.027512 -0.000261 -0.000226  1.605968 0.885914 -0.668899
29  11.691991 0.000242 0.000856  0.141448 0.000061 -1.699495
30  11.480594 -0.000150 0.000854  -1.157881 0.319107 0.881272
31  3.859436 -0.132788 1.193061  0.466148 -0.051828 -1.783918
32  1.312558 0.000025 -0.000000  -0.013963 -0.041043 -0.156449
33  0.729345 0.000066 -0.000027  -0.128320 -0.117290 -0.954856
34  3.942046 0.050109 0.430996  0.211502 -0.107596 -1.469117
35  1.539096 0.000004 -0.000001  0.040712 -0.054387 -1.030473
36  1.196300 0.000075 -0.000003  -0.249391 -0.043040 -0.795121
37  3.883411 -0.050502 -0.431088  0.186407 -0.271795 -1.212183
38  1.719563 -0.000079 -0.000003  0.020974 -0.107650 -1.483529
39  1.209197 0.000035 0.000011  -0.324719 0.069674 -0.493483
40  3.859584 -0.149112 -1.331324  -0.094937 -0.084956 -0.411364
41  1.719412 -0.000097 -0.000034  -0.011249 0.001676 -0.960922
42  1.099674 0.000026 0.000007  -0.004984 -0.008084 -0.787926
43  0.805979 -0.359854 -1.318339  0.991669 0.166768 -0.799535
44  1.789779 -0.000008 -0.000043  0.000057 -0.002451 0.133097
45  1.206996 -0.000006 0.000005  0.000372 -0.000070 1.058782
46  5.740572 0.000055 0.000724  0.176509 -0.000014 0.000021
47  11.481064 0.000006 0.000920  0.059213 0.070499 0.148084
48  6.027514 -0.000273 -0.000238  -1.000163 -0.401965 -1.692420
49  -0.000001 11.691973 -0.000006  -1.146688 0.589956 0.879620
50  0.000003 -0.000000 0.000000  2.413975 -0.000041 1.570856
51  -0.000006 -0.000015 0.000006  2.272644 -0.000030 1.570865
52  -3.508543 -5.018966 -5.546030  -0.078012 -2.996716 1.465737
53  -0.000000 -0.000000 0.000001  0.008153 -0.000259 0.000009
54  -0.000000 0.000000 -0.000000  1.565115 0.043565 -0.106862
55  -1.564268 -20.155767 -6.574070  -0.823775 0.114484 -1.881047
56  0.000002 -0.000001 -0.000000  0.000000 -0.000000 -0.000002
57  0.000032 0.000029 0.000001  -1.571902 -0.044449 -0.106509
58  10.430052 -19.544212 -17.246658  1.570796 -0.000000 0.000000
59  -15.417985 4.000748 -22.641926  1.570796 -0.000000 0.000000
60  1.941978 -1.075505 -8.860325  1.570796 -0.000000 0.000000
61  -0.004311 0.001229 -0.000371  0.006898 -0.005534 -0.284229
62  0.826810 10.209643 -4.879054  1.570796 -0.000000 0.000000
63  0.000000 0.000000 0.000000  -0.078727 -3.136056 0.284226
64  0.000000 0.000000 0.000000  1.570796 -0.000000 0.000000
65  -2.276047 -12.279184 -1.266054  1.571104 0.041360 0.006551
66  0.000002 -2.923557 -1.408042  0.000000 -0.000000 -0.000000
67  -0.000002 -0.601197 -2.062165  0.000000 -0.000000 -0.000000
68  0.004381 -0.039406 6.613114  0.000000 -0.000000 -0.000000
69  0.000003 -0.021786 -0.115848  0.000000 -0.000000 -0.000000
70  0.000002 -3.304881 0.259168  0.000000 -0.000000 -0.000000
71  -2.297180 -17.016174 -2.526584  1.571104 0.041360 0.006551
72  0.057100 0.204433 -2.709599  0.000000 -0.000000 -0.000000
73  0.111673 -0.283001 -2.709599  0.000000 -0.000000 -0.000000
74  -0.128217 -0.750370 -2.709599  0.000000 -0.000000 -0.000000
time 168
0  0 0 0  0 0 0
1  0.000006 0.000000 0.000000  -1.570800 -1.391899 -1.570792
2  -8.526393 2.634402 1.937664  -1.544956 -1.855077 -0.198630
3  6.027526 -0.000332 0.000191  0.478092 -1.387244 -2.509030
4  11.692116 0.000646 -0.000741  -1.080804 0.000008 -0.750499
5  11.480868 0.000671 -0.000298  0.839296 -0.521704 0.486114
6  3.859511 -0.142879 -1.192049  -0.799175 -0.087398 -1.804517
7  1.312590 0.000011 0.000008  -0.119312 -0.053855 -0.329391
8  0.729355 0.000053 0.000052  0.005978 -0.010416 -0.436526
9  3.942144 0.046272 -0.431511  -0.759072 0.204254 -1.456475
10  1.539112 0.000083 0.000004  -0.026773 -0.074293 -0.700715
11  1.196332 0.000145 0.000032  0.006697 0.000856 -0.620636
12  3.883506 -0.047269 0.431381  -0.425423 0.506841 -0.938898
13  1.719573 -0.000026 0.000012  0.032090 -0.180509 -1.168257
14  1.209179 0.000092 0.000013  0.001722 -0.001670 -0.371092
15  3.859665 -0.138476 1.332411  -0.204175 0.558689 -0.670185
16  1.719448 -0.000012 0.000018  -0.037097 0.017733 -0.587455
17  1.099675 0.000046 0.000003  -0.003644 0.001800 -1.259213
18  0.602666 -0.582623 1.078281  -0.889305 -0.459825 -0.488394
19  1.789819 -0.000004 -0.000018  0.006061 0.002375 0.042470
20  1.207014 -0.000014 -0.000044  -0.001426 0.000292 0.581678
21  5.740637 0.000411 -0.000703  -0.153487 0.000003 0.000071
22  11.481181 0.000349 -0.000719  -0.113096 -0.110771 0.043113
23  6.027524 -0.000332 0.000203  1.400813 -0.069679 1.818439
24  0.000000 11.692100 -0.000008  -0.553291 -0.132896 -0.460294
25  0.000002 0.000007 -0.000002  -0.211749 -0.000031 1.570739
26  -0.000002 -0.000012 -0.000001  0.868957 0.000002 1.570712
27  -6.617934 -9.178503 0.826812  1.473120 1.855075 -0.198639
28  6.027512 -0.000261 -0.000226  1.605968 0.885914 -0.668899
29  11.691991 0.000242 0.000856  0.141448 0.000061 -1.699495
30  11.480594 -0.000150 0.000854  -1.157881 0.319107 0.881272
31  3.859436 -0.132788 1.193061  0.466148 -0.051828 -1.783918
32  1.312558 0.000024 -0.000000  -0.013963 -0.041043 -0.156449
33  0.729345 0.000066 -0.000027  -0.128320 -0.117290 -0.954856
34  3.942046 0.050109 0.430995  0.211502 -0.107596 -1.469117
35  1.539096 0.000004 -0.000000  0.040712 -0.054387 -1.030473
36  1.196299 0.000076 -0.000004  -0.249391 -0.043040 -0.795121
37  3.883411 -0.050502 -0.431088  0.186407 -0.271796 -1.212183
38  1.719564 -0.000080 -0.000003  0.020974 -0.107650 -1.483529
39  1.209198 0.000035 0.000012  -0.324719 0.069674 -0.493483
40  3.859584 -0.149111 -1.331324  -0.094937 -0.084956 -0.411364
41  1.719412 -0.000098 -0.000034  -0.011249 0.001676 -0.960922
42  1.099673 0.000026 0.000007  -0.004984 -0.008084 -0.787926
43  0.805979 -0.359853 -1.318339  0.991670 0.166768 -0.799535
44  1.789779 -0.000008 -0.000042  0.000057 -0.002451 0.133097
45  1.206996 -0.000005 0.000005  0.000372 -0.000070 1.058782
46  5.740572 0.000055 0.000724  0.176509 -0.000014 0.000021
47  11.481064 0.000006 0.000920  0.059213 0.070499 0.148084
48  6.027514 -0.000273 -0.000238  -1.000163 -0.401965 -1.692420
49  -0.000002 11.691974 -0.000007  -1.146688 0.589956 0.879620
50  0.000003 -0.000001 0.000000  2.413975 -0.000041 1.570856
51  -0.000007 -0.000015 0.000005  2.272644 -0.000030 1.570865
52  -3.508543 -5.018966 -5.546030  -0.078012 -2.996716 1.465737
53  -0.000000 -0.000000 0.000000  0.008153 -0.000259 0.000009
54  0.000000 0.000000 -0.000001  1.565115 0.043565 -0.106862
55  -1.564268 -20.155767 -6.574070  -0.823775 0.114484 -1.881047
56  0.000002 -0.000001 -0.000000  0.000000 -0.000000 -0.000002
57  0.000032 0.000029 0.000001  -1.571902 -0.044449 -0.106509
58  10.430052 -19.544212 -17.246658  1.570796 -0.000000 0.000000
59  -15.417985 4.000748 -22.641926  1.570796 -0.000000 0.000000
60  1.941978 -1.075505 -8.860325  1.570796 -0.000000 0.000000
61  -0.004311 0.001229 -0.000371  0.006898 -0.005534 -0.284229
62  0.826810 10.209643 -4.879054  1.570796 -0.000000 0.000000
63  0.000000 0.000000 0.000000  -0.078727 -3.136056 0.284226
64  0.000000 0.000000 0.000000  1.570796 -0.000000 0.000000
65  -2.276047 -12.279184 -1.266054  1.571103 0.041360 0.006551
66  0.000002 -2.923558 -1.408042  -0.000000 -0.000000 -0.000000
67  -0.000002 -0.601197 -2.062165  -0.000000 -0.000000 -0.000000
68  0.004381 -0.039406 6.613115  -0.000000 -0.000000 -0.000000
69  0.000002 -0.021786 -0.115847  -0.000000 -0.000000 -0.000000
70  0.000002 -3.304880 0.259168  -0.000000 -0.000000 -0.000000
71  -2.297180 -17.016174 -2.526584  1.571103 0.041360 0.006551
72  0.057100 0.204433 -2.709598  -0.000000 -0.000000 -0.000000
73  0.111673 -0.283002 -2.709598  -0.000000 -0.000000 -0.000000
74  -0.128217 -0.750370 -2.709599  -0.000000 -0.000000 -0.000000
end
