version 1
nodes
0 "ValveBiped.Bip01_Spine4" -1
1 "ValveBiped.Bip01_L_Clavicle" 0
2 "ValveBiped.Bip01_L_UpperArm" 1
3 "ValveBiped.Bip01_L_Forearm" 2
4 "ValveBiped.Bip01_L_Hand" 3
5 "ValveBiped.Bip01_L_Finger4" 4
6 "ValveBiped.Bip01_L_Finger41" 5
7 "ValveBiped.Bip01_L_Finger42" 6
8 "ValveBiped.Bip01_L_Finger3" 4
9 "ValveBiped.Bip01_L_Finger31" 8
10 "ValveBiped.Bip01_L_Finger32" 9
11 "ValveBiped.Bip01_L_Finger2" 4
12 "ValveBiped.Bip01_L_Finger21" 11
13 "ValveBiped.Bip01_L_Finger22" 12
14 "ValveBiped.Bip01_L_Finger1" 4
15 "ValveBiped.Bip01_L_Finger11" 14
16 "ValveBiped.Bip01_L_Finger12" 15
17 "ValveBiped.Bip01_L_Finger0" 4
18 "ValveBiped.Bip01_L_Finger01" 17
19 "ValveBiped.Bip01_L_Finger02" 18
20 "ValveBiped.Bip01_L_Ulna" 3
21 "ValveBiped.Bip01_L_Wrist" 3
22 "rig_l_upperarm" 1
23 "rig_l_forearm" 22
24 "rig_d_l_forearm" 23
25 "rig_d_l_upperarm" 22
26 "ValveBiped.Bip01_R_Clavicle" 0
27 "ValveBiped.Bip01_R_UpperArm" 26
28 "ValveBiped.Bip01_R_Forearm" 27
29 "ValveBiped.Bip01_R_Hand" 28
30 "ValveBiped.Bip01_R_Finger4" 29
31 "ValveBiped.Bip01_R_Finger41" 30
32 "ValveBiped.Bip01_R_Finger42" 31
33 "ValveBiped.Bip01_R_Finger3" 29
34 "ValveBiped.Bip01_R_Finger31" 33
35 "ValveBiped.Bip01_R_Finger32" 34
36 "ValveBiped.Bip01_R_Finger2" 29
37 "ValveBiped.Bip01_R_Finger21" 36
38 "ValveBiped.Bip01_R_Finger22" 37
39 "ValveBiped.Bip01_R_Finger1" 29
40 "ValveBiped.Bip01_R_Finger11" 39
41 "ValveBiped.Bip01_R_Finger12" 40
42 "ValveBiped.Bip01_R_Finger0" 29
43 "ValveBiped.Bip01_R_Finger01" 42
44 "ValveBiped.Bip01_R_Finger02" 43
45 "ValveBiped.Bip01_R_Ulna" 28
46 "ValveBiped.Bip01_R_Wrist" 28
47 "rig_r_upperarm" 26
48 "rig_r_forearm" 47
49 "rig_d_r_forearm" 48
50 "rig_d_r_upperarm" 47
51 "rig_r_hand" -1
52 "rig_d_r_hand" 51
53 "rig_d_r_wrist" 52
54 "rig_l_hand" -1
55 "rig_d_l_hand" 54
56 "rig_d_l_wrist" 54
57 "rig_l_pole" -1
58 "rig_r_pole" -1
59 "rig_l_clavicle" -1
60 "rig_d_l_clavicle" 59
61 "rig_r_clavicle" -1
62 "rig_d_r_clavicle" 61
63 "Camera" -1
64 "body" -1
65 "trigger" 64
66 "bolt" 64
67 "chandle" 64
68 "barrel" 64
69 "magrel" 64
70 "boltrelease" 64
71 "dustcover" 64
72 "bullet1" 64
73 "laser" 64
74 "selector" 64
75 "magrel_ar57" 64
76 "mag" -1
77 "bullet2" 76
78 "bullet3" 76
79 "ar57_mag" -1
80 "round1" 79
81 "round2" 79
82 "round3" 79
83 "round4" 79
84 "round5" 79
85 "round6" 79
86 "round7" 79
87 "round8" 79
88 "round9" 79
89 "round10" 79
90 "round11" 79
91 "round12" 79
92 "round13" 79
93 "round14" 79
94 "round15" 79
95 "round16" 79
96 "round17" 79
97 "round18" 79
98 "round19" 79
99 "round20" 79
100 "round21" 79
101 "round22" 79
102 "round23" 79
103 "round24" 79
104 "round25" 79
105 "round26" 79
106 "round27" 79
107 "round28" 79
108 "round29" 79
109 "round30" 79
110 "round31" 79
111 "round32" 79
112 "round33" 79
113 "round34" 79
114 "round35" 79
115 "round36" 79
116 "round37" 79
117 "round38" 79
118 "round39" 79
119 "round40" 79
120 "round41" 79
121 "round42" 79
122 "round43" 79
123 "round44" 79
124 "round45" 79
125 "round46" 79
126 "round47" 79
127 "round48" 79
128 "round49" 79
129 "round50" 79
130 "springstart" 79
131 "springend" 130
end
skeleton
time 0
0  0.000006 0.000000 0.000000  -1.570800 -1.391899 -1.570792
1  -10.924930 -10.629619 1.937671  -1.544956 -1.855077 -0.198630
2  6.027523 -0.000324 0.000193  -0.834066 -1.070692 -1.348670
3  11.692111 0.000643 -0.000738  -0.286180 -0.000018 -1.394860
4  11.479892 -0.000324 -0.000858  1.646128 -0.412667 0.772972
5  3.859503 -0.142823 -1.192080  -0.468169 0.151546 -0.880257
6  1.312590 0.000010 0.000007  -0.000051 -0.000007 -1.595409
7  0.729355 0.000054 0.000050  -0.000012 0.000024 -1.399987
8  3.942140 0.046331 -0.431542  -0.151817 0.073216 -0.811086
9  1.539111 0.000082 0.000003  -0.000022 0.000001 -1.453706
10  1.196332 0.000146 0.000027  -0.000013 0.000017 -1.636634
11  3.883511 -0.047212 0.431351  0.008809 0.162157 -0.649817
12  1.719573 -0.000029 0.000016  -0.004016 -0.062844 -1.725134
13  1.209179 0.000090 0.000012  0.003454 0.000818 -1.524407
14  3.859677 -0.138418 1.332380  0.341471 0.232206 -0.227530
15  1.719448 -0.000020 0.000028  -0.023835 -0.018477 -0.880594
16  1.099675 0.000049 0.000005  -0.000718 0.002272 -1.570177
17  0.770819 -0.901430 1.177681  -1.528208 -0.339915 -0.184808
18  1.789819 -0.000003 -0.000018  0.004875 0.031264 0.241173
19  1.207015 -0.000013 -0.000043  -0.000407 -0.000369 -0.032422
20  5.740636 0.000389 -0.000700  -0.028829 0.000003 0.000063
21  11.480987 0.000113 -0.000825  0.038528 -0.054389 0.146134
22  6.027524 -0.000330 0.000202  1.642722 -0.495424 1.642493
23  -0.000001 11.692101 -0.000008  -0.966795 -0.418924 -0.769484
24  0.000001 0.000007 0.000000  0.582915 -0.000031 1.570738
25  -0.000000 -0.000011 0.000000  0.868960 0.000002 1.570712
26  -6.617934 -9.178503 0.826812  1.473120 1.855075 -0.198639
27  6.027509 -0.000259 -0.000223  1.580710 0.600264 -0.480480
28  11.691991 0.000162 0.000857  0.346037 0.000050 -1.532310
29  11.480026 -0.000213 0.000951  -1.992765 0.177832 0.453790
30  3.859438 -0.132759 1.193066  0.469647 -0.013262 -1.872395
31  1.312558 0.000026 -0.000000  0.024060 -0.138696 -0.550187
32  0.729346 0.000064 -0.000028  -0.166197 -0.081570 -0.714273
33  3.942047 0.050138 0.431001  0.225309 -0.086237 -1.592712
34  1.539098 0.000005 -0.000001  0.035254 -0.050373 -0.994350
35  1.196300 0.000077 -0.000003  -0.021521 0.002175 -0.839738
36  3.883414 -0.050473 -0.431084  0.184824 -0.271737 -1.204030
37  1.719565 -0.000086 -0.000005  0.022859 -0.107186 -1.509108
38  1.209196 0.000034 0.000010  0.000662 0.071072 -0.480462
39  3.859588 -0.149082 -1.331321  -0.098902 -0.128896 -0.414975
40  1.719413 -0.000097 -0.000036  -0.029817 0.003453 0.165194
41  1.099673 0.000024 0.000007  -0.007071 -0.002993 0.103699
42  0.805984 -0.359847 -1.318339  0.991670 0.166767 -0.799527
43  1.789780 -0.000008 -0.000041  0.000058 -0.002451 0.133098
44  1.206996 -0.000008 0.000006  0.000372 -0.000071 1.058780
45  5.740573 0.000080 0.000720  -0.074726 -0.000014 0.000028
46  11.480949 0.000033 0.000935  -0.086548 -0.003453 0.091581
47  6.027515 -0.000273 -0.000230  -0.726698 -0.554513 -1.613577
48  -0.000001 11.691976 -0.000006  -1.048501 0.493910 0.822261
49  0.000002 -0.000001 -0.000000  2.618569 -0.000036 1.570860
50  -0.000008 -0.000013 0.000005  2.272645 -0.000036 1.570861
51  -7.141396 -5.989342 -10.136332  2.223416 -0.000166 -1.507651
52  -0.000000 -0.000001 0.000000  0.008153 -0.000259 0.000009
53  0.000000 -0.000001 0.000000  1.565115 0.043565 -0.106862
54  0.075387 -3.617334 -9.385702  0.437652 -0.066337 -1.772705
55  -0.000000 -0.000000 0.000000  0.000000 -0.000001 -0.000002
56  0.000030 0.000029 0.000002  -1.571902 -0.044449 -0.106509
57  1.712052 -19.544212 -21.357969  1.570796 -0.000000 0.000000
58  -16.319784 5.039393 -18.063972  1.570796 -0.000000 0.000000
59  1.941978 12.403633 -8.860325  1.570796 -0.000000 0.000000
60  -0.004311 0.001229 -0.000372  0.006898 -0.005534 -0.284229
61  0.826810 10.209643 -4.879054  1.570796 -0.000000 0.000000
62  0.000000 0.000000 0.000000  -0.078727 -3.136056 0.284226
63  0.000000 0.000000 0.000000  1.570796 -0.000000 0.000000
64  -2.554245 -10.151662 -8.488029  1.936114 0.802436 0.352197
65  0.042269 -2.588230 0.672586  0.000000 -0.000000 0.000000
66  0.048105 -1.112260 5.803837  0.000000 -0.000000 0.000000
67  0.048106 -0.032153 -1.710082  0.000000 -0.000000 0.000000
68  0.042353 -1.078448 21.234575  0.000000 -0.000000 0.000000
69  0.436543 -3.059780 3.935333  0.000000 -0.000000 0.000000
70  0.672328 -2.032812 2.042325  0.000000 -0.000000 0.000000
71  -0.729359 -1.331797 3.242020  -0.000000 0.000000 2.679611
72  0.005237 -1.447476 3.023561  0.000000 -0.000000 0.000000
73  -0.700893 0.650638 17.606180  0.000000 -0.000000 0.000000
74  0.042268 -2.357918 -0.445847  0.000000 -0.000000 0.000000
75  0.436542 -0.003271 1.776059  0.000000 -0.000000 0.000000
76  -5.258683 -14.269465 -12.317733  1.936114 0.802436 0.352197
77  0.211218 2.698786 -1.682824  0.000000 -0.000000 0.000000
78  -0.152185 2.487346 -1.682824  0.000000 -0.000000 0.000000
79  -1.854383 -18.700319 -10.703272  1.936114 0.802436 0.352197
80  -0.861920 -0.180712 3.135018  0.000000 -0.000000 -0.000000
81  -0.861921 0.097230 3.003449  0.000000 -0.000000 -0.000000
82  -0.861921 -0.180724 2.815479  0.000000 -0.000000 -0.000000
83  -0.861921 0.097217 2.683909  0.000000 -0.000000 -0.000000
84  -0.861922 -0.180725 2.495585  0.000000 -0.000000 -0.000000
85  -0.861921 0.097216 2.364011  0.000000 -0.000000 -0.000000
86  -0.861921 -0.180725 2.176040  0.000000 -0.000000 -0.000000
87  -0.861921 0.097215 2.044467  0.000000 -0.000000 -0.000000
88  -0.861921 -0.180727 1.861902  0.000000 -0.000000 -0.000000
89  -0.861920 0.097215 1.730330  0.000000 -0.000000 -0.000000
90  -0.861921 -0.180727 1.542359  0.000000 -0.000000 -0.000000
91  -0.861922 0.097215 1.410788  0.000000 -0.000000 -0.000000
92  -0.861921 -0.180721 1.222462  0.000000 -0.000000 -0.000000
93  -0.861921 0.097220 1.090890  0.000000 -0.000000 -0.000000
94  -0.861921 -0.180712 0.918798  0.000000 -0.000000 -0.000000
95  -0.861921 0.097230 0.787229  0.000000 -0.000000 -0.000000
96  -0.861922 -0.180724 0.599257  0.000000 -0.000000 -0.000000
97  -0.861920 0.097217 0.467687  0.000000 -0.000000 -0.000000
98  -0.861921 -0.180725 0.279365  0.000000 -0.000000 -0.000000
99  -0.861921 0.097216 0.147793  0.000000 -0.000000 -0.000000
100  -0.861922 -0.180725 -0.040178  0.000000 -0.000000 -0.000000
101  -0.861920 0.097215 -0.171753  0.000000 -0.000000 -0.000000
102  -0.861921 -0.180727 -0.354316  0.000000 -0.000000 -0.000000
103  -0.861921 0.097215 -0.485886  0.000000 -0.000000 -0.000000
104  -0.861921 -0.180727 -0.673859  0.000000 -0.000000 -0.000000
105  -0.861921 0.097215 -0.805432  0.000000 -0.000000 -0.000000
106  -0.861922 -0.180721 -0.993756  0.000000 -0.000000 -0.000000
107  -0.861921 0.097220 -1.125329  0.000000 -0.000000 -0.000000
108  -0.861921 -0.180725 -1.295308  0.000000 -0.000000 -0.000000
109  -0.861921 0.097217 -1.426881  0.000000 -0.000000 -0.000000
110  -0.861921 -0.180725 -1.614852  0.000000 -0.000000 -0.000000
111  -0.861921 0.097215 -1.746425  0.000000 -0.000000 -0.000000
112  -0.861920 -0.180727 -1.928989  0.000000 -0.000000 -0.000000
113  -0.861921 0.097215 -2.060560  0.000000 -0.000000 -0.000000
114  -0.861921 -0.180727 -2.248533  0.000000 -0.000000 -0.000000
115  -0.861921 0.097215 -2.380104  0.000000 -0.000000 -0.000000
116  -0.861921 -0.180721 -2.568429  0.000000 -0.000000 -0.000000
117  -0.861921 0.097220 -2.700001  0.000000 -0.000000 -0.000000
118  -0.861921 -0.180725 -2.887970  0.000000 -0.000000 -0.000000
119  -0.861921 0.097217 -3.019545  0.000000 -0.000000 -0.000000
120  -0.861921 -0.180724 -3.207873  0.000000 -0.000000 -0.000000
121  -0.861921 0.097229 -3.339445  0.000000 -0.000000 -0.000000
122  -0.861921 -0.180737 -3.527414  0.000000 -0.000000 -0.000000
123  -0.861921 0.097217 -3.658986  0.000000 -0.000000 -0.000000
124  -0.861921 -0.048023 -3.936777  0.000000 -0.000000 -0.000000
125  -0.861921 0.096813 -4.220029  0.000000 -0.000000 -0.000000
126  -0.861840 0.049009 -4.549496  0.000000 -0.000000 0.000000
127  -0.862203 -0.181352 -4.727591  -0.000568 0.008934 0.008929
128  -0.865934 -0.543243 -4.815329  -0.002212 0.031273 0.031204
129  0.018344 -0.713685 -5.609472  0.064463 -0.001784 -0.001902
130  -0.000000 -0.000000 4.970246  0.000000 -0.000000 0.000000
131  -0.000000 -0.000000 -2.491489  0.000000 -0.000000 0.000000
time 1
0  0.000006 0.000000 0.000000  -1.570800 -1.391899 -1.570792
1  -10.924930 -10.629619 1.937671  -1.544956 -1.855077 -0.198630
2  6.027523 -0.000324 0.000192  -0.836468 -1.071385 -1.356095
3  11.692111 0.000646 -0.000740  -0.286179 -0.000018 -1.384459
4  11.479955 -0.000291 -0.000848  1.657857 -0.421491 0.737135
5  3.859503 -0.142823 -1.192079  -0.468169 0.151546 -0.880257
6  1.312589 0.000011 0.000006  -0.000051 -0.000007 -1.595409
7  0.729355 0.000054 0.000049  -0.000012 0.000024 -1.399987
8  3.942141 0.046332 -0.431542  -0.151817 0.073216 -0.811086
9  1.539112 0.000083 0.000003  -0.000022 0.000001 -1.453706
10  1.196332 0.000145 0.000029  -0.000013 0.000017 -1.636634
11  3.883511 -0.047212 0.431351  0.008809 0.162157 -0.649817
12  1.719573 -0.000028 0.000017  -0.004016 -0.062844 -1.725134
13  1.209179 0.000089 0.000011  0.003454 0.000818 -1.524407
14  3.859676 -0.138418 1.332380  0.341471 0.232206 -0.227530
15  1.719448 -0.000019 0.000029  -0.023835 -0.018477 -0.880594
16  1.099675 0.000049 0.000006  -0.000718 0.002272 -1.570177
17  0.770819 -0.901430 1.177681  -1.528208 -0.339915 -0.184808
18  1.789820 -0.000004 -0.000018  0.004875 0.031264 0.241173
19  1.207015 -0.000014 -0.000043  -0.000407 -0.000369 -0.032422
20  5.740635 0.000389 -0.000699  -0.025697 0.000003 0.000064
21  11.480999 0.000119 -0.000821  0.040420 -0.055742 0.139545
22  6.027524 -0.000330 0.000202  1.643896 -0.494565 1.632403
23  -0.000001 11.692102 -0.000008  -0.960545 -0.413409 -0.765296
24  0.000003 0.000008 -0.000001  0.582915 -0.000031 1.570738
25  0.000001 -0.000012 -0.000001  0.868960 0.000002 1.570712
26  -6.617934 -9.178503 0.826812  1.473120 1.855075 -0.198639
27  6.027510 -0.000260 -0.000223  1.588683 0.617198 -0.473867
28  11.691991 0.000160 0.000857  0.335064 0.000049 -1.519835
29  11.480125 -0.000169 0.000930  -2.000254 0.176558 0.438546
30  3.859437 -0.132759 1.193066  0.469647 -0.013262 -1.872395
31  1.312559 0.000026 -0.000001  0.024060 -0.138696 -0.550187
32  0.729345 0.000065 -0.000028  -0.166197 -0.081570 -0.714272
33  3.942047 0.050139 0.431001  0.225309 -0.086237 -1.592712
34  1.539097 0.000004 -0.000002  0.035254 -0.050373 -0.994350
35  1.196300 0.000078 -0.000005  -0.021521 0.002175 -0.839738
36  3.883413 -0.050472 -0.431083  0.184824 -0.271737 -1.204030
37  1.719564 -0.000085 -0.000005  0.022858 -0.107186 -1.509108
38  1.209197 0.000033 0.000010  0.000661 0.071072 -0.480462
39  3.859588 -0.149082 -1.331320  -0.098902 -0.128896 -0.414975
40  1.719412 -0.000099 -0.000037  -0.029817 0.003452 0.165194
41  1.099674 0.000023 0.000007  -0.007071 -0.002993 0.103700
42  0.805984 -0.359847 -1.318338  0.991670 0.166767 -0.799527
43  1.789780 -0.000009 -0.000041  0.000058 -0.002451 0.133097
44  1.206996 -0.000007 0.000006  0.000372 -0.000071 1.058780
45  5.740574 0.000078 0.000720  -0.075814 -0.000014 0.000028
46  11.480971 0.000040 0.000931  -0.087942 -0.003466 0.088699
47  6.027515 -0.000273 -0.000230  -0.741394 -0.541391 -1.603868
48  -0.000002 11.691975 -0.000006  -1.041134 0.486945 0.817677
49  0.000002 -0.000000 -0.000001  2.607596 -0.000036 1.570860
50  -0.000008 -0.000013 0.000004  2.272645 -0.000036 1.570861
51  -7.102795 -6.136230 -9.955925  2.206520 -0.024217 -1.503824
52  -0.000000 0.000001 -0.000000  0.008153 -0.000259 0.000009
53  0.000000 0.000000 0.000001  1.565115 0.043565 -0.106862
54  0.115498 -3.721380 -9.375772  0.427608 -0.093970 -1.768279
55  -0.000000 -0.000000 -0.000001  0.000000 -0.000001 -0.000002
56  0.000030 0.000029 0.000001  -1.571902 -0.044449 -0.106509
57  1.705801 -19.544212 -21.357969  1.570796 -0.000000 0.000000
58  -16.305923 5.023428 -17.959846  1.570796 -0.000000 0.000000
59  1.941978 12.403633 -8.860325  1.570796 -0.000000 0.000000
60  -0.004311 0.001229 -0.000372  0.006898 -0.005534 -0.284229
61  0.826810 10.209643 -4.879054  1.570796 -0.000000 0.000000
62  0.000000 0.000000 0.000000  -0.078727 -3.136056 0.284226
63  0.000000 0.000000 0.000000  1.570277 -0.000678 0.000000
64  -2.475207 -10.240074 -8.274364  1.909227 0.825306 0.336271
65  0.042269 -2.588230 0.672587  0.000000 0.000000 -0.000000
66  0.048104 -1.112260 5.803838  0.000000 0.000000 -0.000000
67  0.048105 -0.032154 -1.710081  0.000000 0.000000 -0.000000
68  0.042353 -1.078448 21.234575  0.000000 0.000000 -0.000000
69  0.436542 -3.059779 3.935333  0.000000 0.000000 -0.000000
70  0.672328 -2.032812 2.042325  0.000000 0.000000 -0.000000
71  -0.729359 -1.331797 3.242020  -0.000000 0.000000 2.679611
72  0.005236 -1.447476 3.023562  0.000000 0.000000 -0.000000
73  -0.700893 0.650637 17.606180  0.000000 0.000000 -0.000000
74  0.042269 -2.357918 -0.445846  0.000000 0.000000 -0.000000
75  0.436541 -0.003270 1.776058  0.000000 0.000000 -0.000000
76  -5.222005 -14.462035 -11.957714  1.909227 0.825306 0.336271
77  0.210534 2.698162 -1.682826  0.000000 0.000000 -0.000000
78  -0.151487 2.487616 -1.682826  0.000000 0.000000 -0.000000
79  -1.776615 -18.839233 -10.285103  1.909227 0.825306 0.336271
80  -0.861921 -0.180711 3.135019  0.000000 -0.000000 -0.000000
81  -0.861920 0.097230 3.003449  0.000000 -0.000000 -0.000000
82  -0.861920 -0.180724 2.815479  0.000000 -0.000000 -0.000000
83  -0.861920 0.097217 2.683909  0.000000 -0.000000 -0.000000
84  -0.861920 -0.180725 2.495586  0.000000 -0.000000 -0.000000
85  -0.861921 0.097217 2.364012  0.000000 -0.000000 -0.000000
86  -0.861920 -0.180726 2.176043  0.000000 -0.000000 -0.000000
87  -0.861920 0.097216 2.044467  0.000000 -0.000000 -0.000000
88  -0.861920 -0.180726 1.861903  0.000000 -0.000000 -0.000000
89  -0.861920 0.097216 1.730332  0.000000 -0.000000 -0.000000
90  -0.861920 -0.180727 1.542361  0.000000 -0.000000 -0.000000
91  -0.861921 0.097215 1.410789  0.000000 -0.000000 -0.000000
92  -0.861921 -0.180721 1.222465  0.000000 -0.000000 -0.000000
93  -0.861920 0.097220 1.090891  0.000000 -0.000000 -0.000000
94  -0.861921 -0.180711 0.918799  0.000000 -0.000000 -0.000000
95  -0.861921 0.097231 0.787233  0.000000 -0.000000 -0.000000
96  -0.861921 -0.180724 0.599259  0.000000 -0.000000 -0.000000
97  -0.861920 0.097218 0.467690  0.000000 -0.000000 -0.000000
98  -0.861921 -0.180725 0.279368  0.000000 -0.000000 -0.000000
99  -0.861921 0.097217 0.147792  0.000000 -0.000000 -0.000000
100  -0.861920 -0.180725 -0.040177  0.000000 -0.000000 -0.000000
101  -0.861921 0.097216 -0.171751  0.000000 -0.000000 -0.000000
102  -0.861921 -0.180726 -0.354316  0.000000 -0.000000 -0.000000
103  -0.861921 0.097216 -0.485886  0.000000 -0.000000 -0.000000
104  -0.861920 -0.180727 -0.673860  0.000000 -0.000000 -0.000000
105  -0.861921 0.097215 -0.805429  0.000000 -0.000000 -0.000000
106  -0.861921 -0.180721 -0.993755  0.000000 -0.000000 -0.000000
107  -0.861920 0.097221 -1.125327  0.000000 -0.000000 -0.000000
108  -0.861921 -0.180725 -1.295307  0.000000 -0.000000 -0.000000
109  -0.861921 0.097217 -1.426879  0.000000 -0.000000 -0.000000
110  -0.861920 -0.180725 -1.614851  0.000000 -0.000000 -0.000000
111  -0.861920 0.097216 -1.746422  0.000000 -0.000000 -0.000000
112  -0.861920 -0.180726 -1.928990  0.000000 -0.000000 -0.000000
113  -0.861920 0.097216 -2.060557  0.000000 -0.000000 -0.000000
114  -0.861920 -0.180727 -2.248533  0.000000 -0.000000 -0.000000
115  -0.861921 0.097215 -2.380103  0.000000 -0.000000 -0.000000
116  -0.861921 -0.180721 -2.568426  0.000000 -0.000000 -0.000000
117  -0.861920 0.097220 -2.700001  0.000000 -0.000000 -0.000000
118  -0.861920 -0.180725 -2.887969  0.000000 -0.000000 -0.000000
119  -0.861921 0.097217 -3.019542  0.000000 -0.000000 -0.000000
120  -0.861921 -0.180724 -3.207871  0.000000 -0.000000 -0.000000
121  -0.861921 0.097230 -3.339443  0.000000 -0.000000 -0.000000
122  -0.861922 -0.180737 -3.527412  0.000000 -0.000000 -0.000000
123  -0.861920 0.097217 -3.658984  0.000000 -0.000000 -0.000000
124  -0.861920 -0.048023 -3.936775  0.000000 -0.000000 -0.000000
125  -0.861921 0.096813 -4.220028  0.000000 -0.000000 -0.000000
126  -0.861840 0.049010 -4.549493  0.000000 -0.000000 -0.000000
127  -0.862204 -0.181352 -4.727588  -0.000568 0.008934 0.008929
128  -0.865933 -0.543242 -4.815327  -0.002212 0.031273 0.031204
129  0.018345 -0.713685 -5.609470  0.064463 -0.001783 -0.001902
130  -0.000001 0.000000 4.970245  0.000000 0.000000 -0.000000
131  0.000000 0.000000 -2.491488  0.000000 0.000000 -0.000000
time 2
0  0.000006 0.000000 0.000000  -1.570800 -1.391899 -1.570792
1  -10.924930 -10.629619 1.937671  -1.544956 -1.855077 -0.198630
2  6.027523 -0.000324 0.000192  -0.839050 -1.075547 -1.379660
3  11.692111 0.000643 -0.000738  -0.286178 -0.000016 -1.350881
4  11.480163 -0.000183 -0.000814  1.690179 -0.441374 0.636368
5  3.859503 -0.142823 -1.192078  -0.468169 0.151546 -0.880257
6  1.312589 0.000009 0.000009  -0.000051 -0.000007 -1.595409
7  0.729355 0.000054 0.000049  -0.000012 0.000024 -1.399987
8  3.942141 0.046331 -0.431542  -0.151817 0.073216 -0.811086
9  1.539111 0.000084 0.000004  -0.000022 0.000001 -1.453706
10  1.196333 0.000145 0.000028  -0.000013 0.000017 -1.636634
11  3.883510 -0.047212 0.431352  0.008809 0.162157 -0.649817
12  1.719572 -0.000029 0.000017  -0.004016 -0.062844 -1.725134
13  1.209180 0.000089 0.000012  0.003454 0.000818 -1.524407
14  3.859676 -0.138418 1.332379  0.341471 0.232206 -0.227530
15  1.719448 -0.000019 0.000029  -0.023835 -0.018477 -0.880594
16  1.099675 0.000049 0.000007  -0.000718 0.002272 -1.570177
17  0.770819 -0.901430 1.177680  -1.528208 -0.339915 -0.184808
18  1.789819 -0.000003 -0.000018  0.004875 0.031264 0.241172
19  1.207014 -0.000014 -0.000044  -0.000407 -0.000369 -0.032422
20  5.740637 0.000388 -0.000700  -0.017237 0.000003 0.000063
21  11.481042 0.000139 -0.000815  0.045102 -0.058977 0.121109
22  6.027524 -0.000330 0.000202  1.644551 -0.490262 1.606260
23  0.000000 11.692101 -0.000007  -0.940296 -0.395772 -0.751588
24  0.000004 0.000007 -0.000001  0.582915 -0.000031 1.570739
25  -0.000000 -0.000012 0.000001  0.868960 0.000002 1.570712
26  -6.617934 -9.178503 0.826812  1.473120 1.855075 -0.198639
27  6.027510 -0.000260 -0.000222  1.610702 0.662959 -0.453062
28  11.691992 0.000161 0.000856  0.301810 0.000046 -1.483382
29  11.480418 -0.000028 0.000868  -2.014708 0.172139 0.395775
30  3.859439 -0.132758 1.193065  0.469647 -0.013262 -1.872395
31  1.312560 0.000025 0.000000  0.024060 -0.138696 -0.550187
32  0.729346 0.000065 -0.000027  -0.166197 -0.081570 -0.714272
33  3.942048 0.050139 0.431000  0.225309 -0.086237 -1.592712
34  1.539097 0.000005 -0.000001  0.035254 -0.050373 -0.994350
35  1.196301 0.000077 -0.000004  -0.021521 0.002175 -0.839738
36  3.883414 -0.050473 -0.431084  0.184824 -0.271737 -1.204030
37  1.719564 -0.000085 -0.000005  0.022858 -0.107186 -1.509108
38  1.209198 0.000037 0.000012  0.000661 0.071072 -0.480462
39  3.859590 -0.149082 -1.331320  -0.098902 -0.128896 -0.414975
40  1.719412 -0.000097 -0.000037  -0.029817 0.003453 0.165194
41  1.099674 0.000024 0.000008  -0.007071 -0.002993 0.103699
42  0.805984 -0.359847 -1.318338  0.991670 0.166767 -0.799527
43  1.789780 -0.000008 -0.000043  0.000058 -0.002451 0.133097
44  1.206996 -0.000008 0.000005  0.000372 -0.000071 1.058780
45  5.740574 0.000078 0.000720  -0.077799 -0.000014 0.000028
46  11.481030 0.000067 0.000918  -0.090561 -0.003342 0.080419
47  6.027515 -0.000273 -0.000230  -0.780349 -0.505782 -1.576735
48  -0.000002 11.691975 -0.000007  -1.019550 0.466766 0.804049
49  0.000001 0.000000 -0.000000  2.574343 -0.000036 1.570860
50  -0.000008 -0.000014 0.000005  2.272645 -0.000036 1.570861
51  -7.005937 -6.536654 -9.471764  2.160655 -0.088419 -1.492208
52  0.000000 0.000000 -0.000000  0.008153 -0.000259 0.000009
53  0.000000 -0.000000 0.000001  1.565115 0.043565 -0.106862
54  0.204476 -4.033106 -9.353354  0.399910 -0.167892 -1.755628
55  -0.000000 0.000001 0.000000  0.000000 -0.000001 -0.000002
56  0.000030 0.000030 0.000002  -1.571902 -0.044449 -0.106509
57  1.687342 -19.544212 -21.357969  1.570796 -0.000000 0.000000
58  -16.264078 4.975234 -17.645514  1.570796 -0.000000 0.000000
59  1.941978 12.403633 -8.860325  1.570796 -0.000000 0.000000
60  -0.004311 0.001229 -0.000372  0.006898 -0.005534 -0.284229
61  0.826810 10.209643 -4.879054  1.570796 -0.000000 0.000000
62  0.000000 0.000000 0.000000  -0.078727 -3.136056 0.284226
63  0.000000 0.000000 0.000000  1.569040 -0.002427 0.000002
64  -2.271373 -10.482235 -7.711064  1.830635 0.885005 0.285953
65  0.042268 -2.588230 0.672585  0.000000 -0.000000 -0.000000
66  0.048105 -1.112261 5.803837  0.000000 -0.000000 -0.000000
67  0.048105 -0.032154 -1.710083  0.000000 -0.000000 -0.000000
68  0.042353 -1.078449 21.234571  0.000000 -0.000000 -0.000000
69  0.436541 -3.059780 3.935332  0.000000 -0.000000 -0.000000
70  0.672327 -2.032813 2.042323  0.000000 -0.000000 -0.000000
71  -0.729359 -1.331798 3.242017  0.000000 -0.000000 2.679611
72  0.005235 -1.447476 3.023561  0.000000 -0.000000 -0.000000
73  -0.700893 0.650637 17.606176  0.000000 -0.000000 -0.000000
74  0.042268 -2.357919 -0.445848  0.000000 -0.000000 -0.000000
75  0.436541 -0.003271 1.776057  0.000000 -0.000000 -0.000000
76  -5.121628 -14.963934 -10.986326  1.830635 0.885005 0.285953
77  0.208610 2.696400 -1.682825  0.000000 -0.000000 -0.000000
78  -0.149523 2.488373 -1.682825  0.000000 -0.000000 -0.000000
79  -1.565742 -19.191872 -9.167418  1.830635 0.885005 0.285953
80  -0.861922 -0.180712 3.135019  0.000000 -0.000000 -0.000000
81  -0.861921 0.097230 3.003447  0.000000 -0.000000 -0.000000
82  -0.861921 -0.180725 2.815477  0.000000 -0.000000 -0.000000
83  -0.861921 0.097216 2.683908  0.000000 -0.000000 -0.000000
84  -0.861921 -0.180726 2.495584  0.000000 -0.000000 -0.000000
85  -0.861921 0.097216 2.364010  0.000000 -0.000000 -0.000000
86  -0.861921 -0.180726 2.176038  0.000000 -0.000000 -0.000000
87  -0.861921 0.097215 2.044466  0.000000 -0.000000 -0.000000
88  -0.861921 -0.180727 1.861901  0.000000 -0.000000 -0.000000
89  -0.861921 0.097215 1.730331  0.000000 -0.000000 -0.000000
90  -0.861921 -0.180727 1.542356  0.000000 -0.000000 -0.000000
91  -0.861922 0.097214 1.410789  0.000000 -0.000000 -0.000000
92  -0.861921 -0.180722 1.222461  0.000000 -0.000000 -0.000000
93  -0.861921 0.097220 1.090889  0.000000 -0.000000 -0.000000
94  -0.861921 -0.180712 0.918801  0.000000 -0.000000 -0.000000
95  -0.861921 0.097230 0.787231  0.000000 -0.000000 -0.000000
96  -0.861921 -0.180726 0.599257  0.000000 -0.000000 -0.000000
97  -0.861921 0.097216 0.467689  0.000000 -0.000000 -0.000000
98  -0.861921 -0.180726 0.279364  0.000000 -0.000000 -0.000000
99  -0.861921 0.097216 0.147792  0.000000 -0.000000 -0.000000
100  -0.861922 -0.180726 -0.040181  0.000000 -0.000000 -0.000000
101  -0.861921 0.097215 -0.171752  0.000000 -0.000000 -0.000000
102  -0.861921 -0.180727 -0.354317  0.000000 -0.000000 -0.000000
103  -0.861921 0.097215 -0.485885  0.000000 -0.000000 -0.000000
104  -0.861921 -0.180728 -0.673862  0.000000 -0.000000 -0.000000
105  -0.861922 0.097214 -0.805432  0.000000 -0.000000 -0.000000
106  -0.861921 -0.180722 -0.993757  0.000000 -0.000000 -0.000000
107  -0.861921 0.097219 -1.125329  0.000000 -0.000000 -0.000000
108  -0.861921 -0.180726 -1.295310  0.000000 -0.000000 -0.000000
109  -0.861921 0.097216 -1.426881  0.000000 -0.000000 -0.000000
110  -0.861921 -0.180726 -1.614850  0.000000 -0.000000 -0.000000
111  -0.861922 0.097215 -1.746426  0.000000 -0.000000 -0.000000
112  -0.861921 -0.180727 -1.928991  0.000000 -0.000000 -0.000000
113  -0.861921 0.097214 -2.060559  0.000000 -0.000000 -0.000000
114  -0.861922 -0.180727 -2.248535  0.000000 -0.000000 -0.000000
115  -0.861922 0.097214 -2.380103  0.000000 -0.000000 -0.000000
116  -0.861921 -0.180722 -2.568429  0.000000 -0.000000 -0.000000
117  -0.861921 0.097220 -2.700003  0.000000 -0.000000 -0.000000
118  -0.861921 -0.180726 -2.887971  0.000000 -0.000000 -0.000000
119  -0.861921 0.097216 -3.019543  0.000000 -0.000000 -0.000000
120  -0.861921 -0.180725 -3.207870  0.000000 -0.000000 -0.000000
121  -0.861921 0.097229 -3.339445  0.000000 -0.000000 -0.000000
122  -0.861921 -0.180738 -3.527413  0.000000 -0.000000 -0.000000
123  -0.861921 0.097216 -3.658986  0.000000 -0.000000 -0.000000
124  -0.861921 -0.048024 -3.936776  0.000000 -0.000000 -0.000000
125  -0.861921 0.096812 -4.220029  0.000000 -0.000000 -0.000000
126  -0.861840 0.049009 -4.549494  0.000000 -0.000000 -0.000000
127  -0.862204 -0.181353 -4.727589  -0.000568 0.008934 0.008929
128  -0.865934 -0.543243 -4.815328  -0.002212 0.031273 0.031204
129  0.018343 -0.713685 -5.609471  0.064463 -0.001784 -0.001902
130  -0.000001 -0.000000 4.970244  0.000000 -0.000000 -0.000000
131  -0.000001 -0.000000 -2.491490  0.000000 -0.000000 -0.000000
time 3
0  0.000006 0.000000 0.000000  -1.570800 -1.391899 -1.570792
1  -10.924930 -10.629619 1.937671  -1.544956 -1.855077 -0.198630
2  6.027523 -0.000324 0.000192  -0.832054 -1.087929 -1.424642
3  11.692110 0.000645 -0.000739  -0.286175 -0.000012 -1.287346
4  11.480606 0.000058 -0.000744  1.738151 -0.460297 0.479932
5  3.859504 -0.142823 -1.192079  -0.468169 0.151546 -0.880257
6  1.312590 0.000009 0.000007  -0.000051 -0.000007 -1.595409
7  0.729355 0.000054 0.000048  -0.000012 0.000024 -1.399987
8  3.942140 0.046331 -0.431543  -0.151817 0.073216 -0.811086
9  1.539110 0.000083 0.000004  -0.000022 0.000001 -1.453706
10  1.196332 0.000147 0.000027  -0.000013 0.000017 -1.636634
11  3.883511 -0.047212 0.431351  0.008809 0.162157 -0.649817
12  1.719573 -0.000028 0.000016  -0.004016 -0.062844 -1.725134
13  1.209179 0.000089 0.000013  0.003454 0.000818 -1.524407
14  3.859678 -0.138418 1.332379  0.341471 0.232206 -0.227530
15  1.719448 -0.000019 0.000028  -0.023835 -0.018477 -0.880594
16  1.099675 0.000048 0.000006  -0.000718 0.002272 -1.570177
17  0.770819 -0.901430 1.177680  -1.528208 -0.339915 -0.184808
18  1.789819 -0.000004 -0.000018  0.004875 0.031264 0.241172
19  1.207016 -0.000014 -0.000044  -0.000407 -0.000369 -0.032422
20  5.740636 0.000390 -0.000699  -0.005264 0.000003 0.000063
21  11.481131 0.000188 -0.000801  0.050894 -0.062698 0.092618
22  6.027524 -0.000330 0.000202  1.638772 -0.478518 1.570145
23  0.000001 11.692101 -0.000007  -0.901663 -0.363116 -0.724875
24  0.000002 0.000009 -0.000001  0.582915 -0.000030 1.570739
25  0.000000 -0.000012 0.000000  0.868960 0.000002 1.570712
26  -6.617934 -9.178503 0.826812  1.473120 1.855075 -0.198639
27  6.027510 -0.000261 -0.000221  1.645348 0.730129 -0.415255
28  11.691990 0.000161 0.000857  0.246592 0.000042 -1.422932
29  11.479636 -0.000439 0.000957  -2.024269 0.165598 0.328954
30  3.859438 -0.132757 1.193064  0.469647 -0.013262 -1.872395
31  1.312558 0.000025 -0.000001  0.024060 -0.138696 -0.550187
32  0.729345 0.000064 -0.000027  -0.166197 -0.081570 -0.714272
33  3.942046 0.050139 0.431000  0.225309 -0.086237 -1.592712
34  1.539097 0.000005 -0.000000  0.035254 -0.050373 -0.994350
35  1.196300 0.000078 -0.000004  -0.021521 0.002175 -0.839738
36  3.883413 -0.050472 -0.431085  0.184824 -0.271737 -1.204030
37  1.719565 -0.000084 -0.000005  0.022858 -0.107186 -1.509108
38  1.209196 0.000036 0.000011  0.000661 0.071072 -0.480462
39  3.859588 -0.149082 -1.331321  -0.098902 -0.128896 -0.414975
40  1.719413 -0.000098 -0.000036  -0.029817 0.003452 0.165194
41  1.099674 0.000023 0.000006  -0.007071 -0.002993 0.103699
42  0.805983 -0.359847 -1.318339  0.991670 0.166767 -0.799527
43  1.789779 -0.000007 -0.000043  0.000058 -0.002451 0.133097
44  1.206997 -0.000008 0.000004  0.000372 -0.000071 1.058780
45  5.740574 0.000079 0.000721  -0.079095 -0.000014 0.000028
46  11.480872 -0.000013 0.000936  -0.092152 -0.002495 0.067170
47  6.027515 -0.000273 -0.000230  -0.835544 -0.452682 -1.535705
48  -0.000000 11.691975 -0.000006  -0.983550 0.433895 0.780687
49  0.000003 0.000000 -0.000001  2.519126 -0.000036 1.570860
50  -0.000007 -0.000012 0.000005  2.272645 -0.000036 1.570861
51  -6.878907 -7.130302 -8.764096  2.092303 -0.180451 -1.471414
52  -0.000000 0.000000 0.000001  0.008153 -0.000259 0.000009
53  -0.000000 0.000001 -0.000001  1.565115 0.043565 -0.106862
54  0.289052 -4.564620 -9.320374  0.357418 -0.274370 -1.734674
55  0.000000 0.000000 0.000000  0.000000 -0.000001 -0.000002
56  0.000031 0.000029 0.000002  -1.571902 -0.044449 -0.106509
57  1.657217 -19.544212 -21.357969  1.570796 -0.000000 0.000000
58  -16.195080 4.895764 -17.127197  1.570796 -0.000000 0.000000
59  1.941978 12.403633 -8.860325  1.570796 -0.000000 0.000000
60  -0.004311 0.001229 -0.000372  0.006898 -0.005534 -0.284229
61  0.826810 10.209643 -4.879054  1.570796 -0.000000 0.000000
62  0.000000 0.000000 0.000000  -0.078727 -3.136056 0.284226
63  0.000000 0.000000 0.000000  1.567563 -0.004818 0.000008
64  -1.992661 -10.843523 -6.914677  1.696075 0.965827 0.189930
65  0.042269 -2.588230 0.672586  0.000000 -0.000000 -0.000000
66  0.048105 -1.112260 5.803836  0.000000 -0.000000 -0.000000
67  0.048106 -0.032154 -1.710082  0.000000 -0.000000 -0.000000
68  0.042354 -1.078448 21.234571  0.000000 -0.000000 -0.000000
69  0.436542 -3.059779 3.935332  0.000000 -0.000000 -0.000000
70  0.672328 -2.032812 2.042323  0.000000 -0.000000 -0.000000
71  -0.729358 -1.331797 3.242018  -0.000000 0.000000 2.679611
72  0.005236 -1.447475 3.023561  0.000000 -0.000000 -0.000000
73  -0.700891 0.650637 17.606178  0.000000 -0.000000 -0.000000
74  0.042269 -2.357918 -0.445849  0.000000 -0.000000 -0.000000
75  0.436542 -0.003270 1.776057  0.000000 -0.000000 -0.000000
76  -4.964839 -15.648604 -9.563125  1.696075 0.965827 0.189930
77  0.205637 2.693680 -1.682826  0.000000 -0.000000 -0.000000
78  -0.146486 2.489543 -1.682826  0.000000 -0.000000 -0.000000
79  -1.247619 -19.647364 -7.558033  1.696075 0.965827 0.189930
80  -0.861920 -0.180712 3.135018  0.000000 -0.000000 -0.000001
81  -0.861920 0.097230 3.003446  0.000000 -0.000000 -0.000001
82  -0.861921 -0.180724 2.815477  0.000000 -0.000000 -0.000001
83  -0.861920 0.097217 2.683907  0.000000 -0.000000 -0.000001
84  -0.861921 -0.180725 2.495585  0.000000 -0.000000 -0.000001
85  -0.861920 0.097216 2.364011  0.000000 -0.000000 -0.000001
86  -0.861920 -0.180726 2.176041  0.000000 -0.000000 -0.000001
87  -0.861920 0.097216 2.044465  0.000000 -0.000000 -0.000001
88  -0.861920 -0.180726 1.861902  0.000000 -0.000000 -0.000001
89  -0.861920 0.097216 1.730330  0.000000 -0.000000 -0.000001
90  -0.861920 -0.180727 1.542358  0.000000 -0.000000 -0.000001
91  -0.861921 0.097215 1.410786  0.000000 -0.000000 -0.000001
92  -0.861920 -0.180721 1.222463  0.000000 -0.000000 -0.000001
93  -0.861920 0.097220 1.090889  0.000000 -0.000000 -0.000001
94  -0.861920 -0.180711 0.918798  0.000000 -0.000000 -0.000001
95  -0.861920 0.097230 0.787229  0.000000 -0.000000 -0.000001
96  -0.861920 -0.180724 0.599255  0.000000 -0.000000 -0.000001
97  -0.861921 0.097217 0.467687  0.000000 -0.000000 -0.000001
98  -0.861921 -0.180725 0.279365  0.000000 -0.000000 -0.000001
99  -0.861920 0.097217 0.147791  0.000000 -0.000000 -0.000001
100  -0.861920 -0.180726 -0.040180  0.000000 -0.000000 -0.000001
101  -0.861920 0.097216 -0.171754  0.000000 -0.000000 -0.000001
102  -0.861920 -0.180726 -0.354318  0.000000 -0.000000 -0.000001
103  -0.861920 0.097216 -0.485888  0.000000 -0.000000 -0.000001
104  -0.861920 -0.180727 -0.673862  0.000000 -0.000000 -0.000001
105  -0.861920 0.097215 -0.805434  0.000000 -0.000000 -0.000001
106  -0.861920 -0.180721 -0.993757  0.000000 -0.000000 -0.000001
107  -0.861920 0.097221 -1.125329  0.000000 -0.000000 -0.000001
108  -0.861920 -0.180725 -1.295308  0.000000 -0.000000 -0.000001
109  -0.861920 0.097217 -1.426882  0.000000 -0.000000 -0.000001
110  -0.861920 -0.180726 -1.614852  0.000000 -0.000000 -0.000001
111  -0.861920 0.097216 -1.746426  0.000000 -0.000000 -0.000001
112  -0.861920 -0.180726 -1.928990  0.000000 -0.000000 -0.000001
113  -0.861920 0.097216 -2.060560  0.000000 -0.000000 -0.000001
114  -0.861920 -0.180727 -2.248534  0.000000 -0.000000 -0.000001
115  -0.861920 0.097215 -2.380105  0.000000 -0.000000 -0.000001
116  -0.861920 -0.180721 -2.568430  0.000000 -0.000000 -0.000001
117  -0.861920 0.097220 -2.700002  0.000000 -0.000000 -0.000001
118  -0.861921 -0.180725 -2.887969  0.000000 -0.000000 -0.000001
119  -0.861920 0.097217 -3.019547  0.000000 -0.000000 -0.000001
120  -0.861920 -0.180724 -3.207872  0.000000 -0.000000 -0.000001
121  -0.861920 0.097230 -3.339446  0.000000 -0.000000 -0.000001
122  -0.861921 -0.180737 -3.527413  0.000000 -0.000000 -0.000001
123  -0.861920 0.097217 -3.658988  0.000000 -0.000000 -0.000001
124  -0.861920 -0.048023 -3.936777  0.000000 -0.000000 -0.000001
125  -0.861920 0.096813 -4.220030  0.000000 -0.000000 -0.000001
126  -0.861840 0.049010 -4.549495  0.000000 -0.000000 -0.000000
127  -0.862203 -0.181352 -4.727591  -0.000568 0.008934 0.008929
128  -0.865934 -0.543242 -4.815329  -0.002212 0.031273 0.031204
129  0.018344 -0.713685 -5.609472  0.064463 -0.001784 -0.001902
130  0.000000 0.000000 4.970243  0.000000 -0.000000 -0.000000
131  0.000000 0.000000 -2.491489  0.000000 -0.000000 -0.000000
time 4
0  0.000006 0.000000 0.000000  -1.570800 -1.391899 -1.570792
1  -10.924930 -10.629619 1.937671  -1.544956 -1.855077 -0.198630
2  6.027524 -0.000325 0.000192  -0.803471 -1.113374 -1.500338
3  11.692112 0.000645 -0.000739  -0.286169 -0.000008 -1.187619
4  11.480266 -0.000072 -0.000784  1.793881 -0.465490 0.284308
5  3.859504 -0.142823 -1.192080  -0.468169 0.151546 -0.880257
6  1.312589 0.000010 0.000008  -0.000051 -0.000007 -1.595409
7  0.729355 0.000054 0.000048  -0.000012 0.000024 -1.399987
8  3.942141 0.046331 -0.431544  -0.151817 0.073216 -0.811086
9  1.539110 0.000084 0.000005  -0.000022 0.000001 -1.453706
10  1.196334 0.000146 0.000027  -0.000013 0.000017 -1.636634
11  3.883510 -0.047212 0.431351  0.008809 0.162157 -0.649817
12  1.719573 -0.000029 0.000016  -0.004016 -0.062844 -1.725134
13  1.209179 0.000090 0.000012  0.003454 0.000818 -1.524407
14  3.859676 -0.138418 1.332378  0.341471 0.232206 -0.227530
15  1.719448 -0.000019 0.000029  -0.023835 -0.018477 -0.880594
16  1.099675 0.000050 0.000005  -0.000718 0.002272 -1.570177
17  0.770819 -0.901430 1.177680  -1.528208 -0.339915 -0.184808
18  1.789819 -0.000004 -0.000018  0.004875 0.031264 0.241172
19  1.207015 -0.000014 -0.000044  -0.000407 -0.000369 -0.032422
20  5.740636 0.000388 -0.000700  0.007872 0.000003 0.000063
21  11.481063 0.000158 -0.000810  0.056292 -0.065240 0.056890
22  6.027524 -0.000330 0.000202  1.620702 -0.454967 1.528064
23  -0.000000 11.692101 -0.000008  -0.840076 -0.313876 -0.680924
24  0.000003 0.000009 -0.000000  0.582915 -0.000031 1.570739
25  -0.000000 -0.000012 0.000000  0.868960 0.000002 1.570712
26  -6.617934 -9.178503 0.826812  1.473120 1.855075 -0.198639
27  6.027510 -0.000261 -0.000219  1.692225 0.809890 -0.357303
28  11.691992 0.000163 0.000857  0.171429 0.000037 -1.340587
29  11.480104 -0.000263 0.000879  -2.016757 0.161987 0.245551
30  3.859437 -0.132759 1.193066  0.469647 -0.013262 -1.872395
31  1.312560 0.000027 -0.000001  0.024060 -0.138696 -0.550187
32  0.729347 0.000065 -0.000028  -0.166197 -0.081570 -0.714273
33  3.942047 0.050138 0.431000  0.225309 -0.086237 -1.592712
34  1.539098 0.000007 -0.000000  0.035254 -0.050373 -0.994350
35  1.196301 0.000079 -0.000003  -0.021521 0.002175 -0.839738
36  3.883414 -0.050472 -0.431083  0.184824 -0.271737 -1.204030
37  1.719566 -0.000085 -0.000005  0.022858 -0.107186 -1.509108
38  1.209197 0.000035 0.000010  0.000661 0.071072 -0.480462
39  3.859589 -0.149082 -1.331321  -0.098902 -0.128896 -0.414975
40  1.719413 -0.000098 -0.000036  -0.029817 0.003453 0.165194
41  1.099673 0.000024 0.000006  -0.007071 -0.002993 0.103699
42  0.805983 -0.359848 -1.318338  0.991670 0.166767 -0.799527
43  1.789779 -0.000009 -0.000043  0.000058 -0.002451 0.133098
44  1.206997 -0.000006 0.000006  0.000372 -0.000071 1.058780
45  5.740572 0.000078 0.000721  -0.078080 -0.000014 0.000028
46  11.480965 0.000022 0.000921  -0.090446 0.000047 0.050314
47  6.027515 -0.000273 -0.000230  -0.898370 -0.387845 -1.484762
48  -0.000001 11.691974 -0.000005  -0.934003 0.390385 0.747361
49  0.000001 -0.000001 0.000000  2.443966 -0.000036 1.570860
50  -0.000007 -0.000014 0.000005  2.272645 -0.000036 1.570861
51  -6.743540 -7.844387 -7.916866  2.009107 -0.285376 -1.441216
52  -0.000000 0.000000 -0.000001  0.008153 -0.000259 0.000009
53  0.000000 -0.000000 0.000000  1.565115 0.043565 -0.106862
54  0.331633 -5.308053 -9.251314  0.303633 -0.396764 -1.705967
55  -0.000001 0.000000 0.000000  0.000000 -0.000001 -0.000002
56  0.000030 0.000029 0.000001  -1.571902 -0.044449 -0.106509
57  1.616109 -19.544212 -21.357969  1.570796 -0.000000 0.000000
58  -16.101952 4.788505 -16.427629  1.570796 -0.000000 0.000000
59  1.941978 12.403633 -8.860325  1.570796 -0.000000 0.000000
60  -0.004311 0.001229 -0.000372  0.006898 -0.005534 -0.284229
61  0.826810 10.209643 -4.879054  1.570796 -0.000000 0.000000
62  0.000000 0.000000 0.000000  -0.078727 -3.136056 0.284226
63  0.000000 0.000000 0.000000  1.566325 -0.007424 0.000017
64  -1.688990 -11.289323 -6.001743  1.499530 1.046932 0.034538
65  0.042269 -2.588230 0.672586  0.000000 0.000000 -0.000000
66  0.048106 -1.112260 5.803836  0.000000 0.000000 -0.000000
67  0.048106 -0.032154 -1.710083  0.000000 0.000000 -0.000000
68  0.042354 -1.078447 21.234571  0.000000 0.000000 -0.000000
69  0.436542 -3.059780 3.935333  0.000000 0.000000 -0.000000
70  0.672328 -2.032813 2.042324  0.000000 0.000000 -0.000000
71  -0.729358 -1.331797 3.242018  0.000000 0.000000 2.679611
72  0.005237 -1.447476 3.023561  0.000000 0.000000 -0.000000
73  -0.700891 0.650637 17.606180  0.000000 0.000000 -0.000000
74  0.042269 -2.357919 -0.445847  0.000000 0.000000 -0.000000
75  0.436542 -0.003270 1.776057  0.000000 0.000000 -0.000000
76  -4.762158 -16.384666 -7.880579  1.499530 1.046932 0.034538
77  0.201805 2.690175 -1.682824  0.000000 0.000000 -0.000000
78  -0.142574 2.491052 -1.682825  0.000000 0.000000 -0.000000
79  -0.859073 -20.103848 -5.698421  1.499530 1.046932 0.034538
80  -0.861921 -0.180712 3.135019  0.000000 -0.000000 -0.000001
81  -0.861921 0.097230 3.003448  0.000000 -0.000000 -0.000001
82  -0.861921 -0.180725 2.815479  0.000000 -0.000000 -0.000001
83  -0.861921 0.097217 2.683905  0.000000 -0.000000 -0.000001
84  -0.861921 -0.180725 2.495585  0.000000 -0.000000 -0.000001
85  -0.861921 0.097216 2.364011  0.000000 -0.000000 -0.000001
86  -0.861921 -0.180726 2.176040  0.000000 -0.000000 -0.000001
87  -0.861920 0.097216 2.044466  0.000000 -0.000000 -0.000001
88  -0.861921 -0.180726 1.861902  0.000000 -0.000000 -0.000001
89  -0.861921 0.097215 1.730330  0.000000 -0.000000 -0.000001
90  -0.861921 -0.180727 1.542358  0.000000 -0.000000 -0.000001
91  -0.861921 0.097214 1.410789  0.000000 -0.000000 -0.000001
92  -0.861921 -0.180721 1.222461  0.000000 -0.000000 -0.000001
93  -0.861921 0.097220 1.090888  0.000000 -0.000000 -0.000001
94  -0.861920 -0.180712 0.918799  0.000000 -0.000000 -0.000001
95  -0.861921 0.097230 0.787231  0.000000 -0.000000 -0.000001
96  -0.861920 -0.180725 0.599258  0.000000 -0.000000 -0.000001
97  -0.861921 0.097217 0.467689  0.000000 -0.000000 -0.000001
98  -0.861921 -0.180725 0.279364  0.000000 -0.000000 -0.000001
99  -0.861921 0.097216 0.147793  0.000000 -0.000000 -0.000001
100  -0.861921 -0.180726 -0.040179  0.000000 -0.000000 -0.000001
101  -0.861921 0.097216 -0.171752  0.000000 -0.000000 -0.000001
102  -0.861921 -0.180727 -0.354317  0.000000 -0.000000 -0.000001
103  -0.861921 0.097215 -0.485885  0.000000 -0.000000 -0.000001
104  -0.861921 -0.180727 -0.673862  0.000000 -0.000000 -0.000001
105  -0.861921 0.097214 -0.805432  0.000000 -0.000000 -0.000001
106  -0.861921 -0.180721 -0.993757  0.000000 -0.000000 -0.000001
107  -0.861921 0.097220 -1.125329  0.000000 -0.000000 -0.000001
108  -0.861921 -0.180725 -1.295307  0.000000 -0.000000 -0.000001
109  -0.861920 0.097216 -1.426880  0.000000 -0.000000 -0.000001
110  -0.861921 -0.180726 -1.614852  0.000000 -0.000000 -0.000001
111  -0.861921 0.097216 -1.746425  0.000000 -0.000000 -0.000001
112  -0.861920 -0.180727 -1.928990  0.000000 -0.000000 -0.000001
113  -0.861921 0.097215 -2.060560  0.000000 -0.000000 -0.000001
114  -0.861921 -0.180727 -2.248533  0.000000 -0.000000 -0.000001
115  -0.861921 0.097214 -2.380103  0.000000 -0.000000 -0.000001
116  -0.861921 -0.180721 -2.568430  0.000000 -0.000000 -0.000001
117  -0.861921 0.097220 -2.700004  0.000000 -0.000000 -0.000001
118  -0.861921 -0.180725 -2.887970  0.000000 -0.000000 -0.000001
119  -0.861921 0.097216 -3.019543  0.000000 -0.000000 -0.000001
120  -0.861921 -0.180724 -3.207871  0.000000 -0.000000 -0.000001
121  -0.861921 0.097229 -3.339444  0.000000 -0.000000 -0.000001
122  -0.861920 -0.180737 -3.527416  0.000000 -0.000000 -0.000001
123  -0.861921 0.097217 -3.658988  0.000000 -0.000000 -0.000001
124  -0.861921 -0.048023 -3.936775  0.000000 -0.000000 -0.000001
125  -0.861920 0.096813 -4.220030  0.000000 -0.000000 -0.000001
126  -0.861840 0.049009 -4.549496  0.000000 -0.000000 -0.000000
127  -0.862203 -0.181353 -4.727591  -0.000568 0.008934 0.008929
128  -0.865933 -0.543243 -4.815329  -0.002212 0.031273 0.031204
129  0.018344 -0.713685 -5.609472  0.064463 -0.001783 -0.001902
130  0.000000 0.000000 4.970244  0.000000 0.000000 -0.000000
131  -0.000001 0.000000 -2.491492  0.000000 0.000000 -0.000000
time 5
0  0.000006 0.000000 0.000000  -1.570800 -1.391899 -1.570792
1  -10.924930 -10.629619 1.937671  -1.544956 -1.855077 -0.198630
2  6.027524 -0.000325 0.000192  -0.740597 -1.152864 -1.617448
3  11.692114 0.000645 -0.000739  -0.286161 -0.000002 -1.052921
4  11.480369 0.000019 -0.000756  1.845568 -0.447924 0.078351
5  3.859503 -0.142823 -1.192080  -0.468169 0.151546 -0.880257
6  1.312589 0.000009 0.000006  -0.000051 -0.000007 -1.595409
7  0.729355 0.000054 0.000050  -0.000012 0.000024 -1.399987
8  3.942140 0.046331 -0.431544  -0.151817 0.073216 -0.811086
9  1.539110 0.000083 0.000004  -0.000022 0.000001 -1.453706
10  1.196333 0.000146 0.000028  -0.000013 0.000017 -1.636634
11  3.883510 -0.047212 0.431351  0.008809 0.162157 -0.649817
12  1.719572 -0.000028 0.000017  -0.004016 -0.062844 -1.725134
13  1.209179 0.000091 0.000012  0.003454 0.000818 -1.524407
14  3.859677 -0.138418 1.332379  0.341922 0.231675 -0.225525
15  1.719447 -0.000019 0.000029  -0.023281 -0.018870 -0.911245
16  1.099675 0.000048 0.000006  -0.000751 0.002269 -1.573548
17  0.770818 -0.901430 1.177680  -1.529813 -0.338508 -0.179488
18  1.789819 -0.000003 -0.000018  0.004618 0.027775 0.224313
19  1.207015 -0.000013 -0.000043  -0.000019 -0.000271 0.021423
20  5.740637 0.000387 -0.000700  0.020021 0.000003 0.000063
21  11.481084 0.000177 -0.000803  0.060363 -0.064924 0.018609
22  6.027524 -0.000330 0.000202  1.588007 -0.417682 1.481737
23  -0.000000 11.692102 -0.000008  -0.754794 -0.251660 -0.617707
24  0.000003 0.000007 -0.000000  0.582915 -0.000031 1.570739
25  -0.000000 -0.000011 -0.000001  0.868960 0.000002 1.570712
26  -6.617934 -9.178503 0.826812  1.473120 1.855075 -0.198639
27  6.027511 -0.000262 -0.000218  1.750115 0.892063 -0.278129
28  11.691992 0.000161 0.000857  0.080727 0.000030 -1.242267
29  11.479302 -0.000702 0.000879  -1.981474 0.168889 0.160406
30  3.859437 -0.132760 1.193066  0.469647 -0.013262 -1.872395
31  1.312559 0.000026 -0.000001  0.024060 -0.138696 -0.550187
32  0.729344 0.000065 -0.000028  -0.166197 -0.081570 -0.714272
33  3.942046 0.050138 0.431000  0.225309 -0.086237 -1.592712
34  1.539097 0.000006 -0.000001  0.035254 -0.050373 -0.994350
35  1.196300 0.000078 -0.000003  -0.021521 0.002175 -0.839738
36  3.883414 -0.050473 -0.431083  0.184824 -0.271737 -1.204030
37  1.719564 -0.000085 -0.000005  0.022859 -0.107186 -1.509108
38  1.209198 0.000035 0.000011  0.000661 0.071072 -0.480462
39  3.859588 -0.149083 -1.331320  -0.098902 -0.128896 -0.414975
40  1.719413 -0.000098 -0.000036  -0.029817 0.003453 0.165194
41  1.099674 0.000024 0.000006  -0.007071 -0.002993 0.103699
42  0.805983 -0.359849 -1.318337  0.991670 0.166767 -0.799527
43  1.789781 -0.000008 -0.000043  0.000058 -0.002451 0.133098
44  1.206997 -0.000007 0.000005  0.000372 -0.000071 1.058780
45  5.740573 0.000080 0.000721  -0.072826 -0.000014 0.000028
46  11.480804 -0.000067 0.000921  -0.083359 0.005089 0.032749
47  6.027515 -0.000273 -0.000230  -0.960806 -0.318743 -1.427538
48  -0.000000 11.691974 -0.000006  -0.873917 0.340511 0.705340
49  0.000002 0.000000 0.000000  2.353268 -0.000036 1.570860
50  -0.000007 -0.000015 0.000005  2.272645 -0.000036 1.570861
51  -6.614371 -8.588505 -7.033927  1.922812 -0.385490 -1.406121
52  -0.000000 0.000000 0.000000  0.008153 -0.000259 0.000009
53  -0.000000 -0.000001 0.000001  1.565115 0.043565 -0.106862
54  0.331945 -6.194791 -9.105310  0.245383 -0.514767 -1.673641
55  -0.000001 -0.000000 0.000000  0.000000 -0.000001 -0.000002
56  0.000030 0.000029 0.000001  -1.571901 -0.044449 -0.106509
57  1.564853 -19.544212 -21.357969  1.570796 -0.000000 0.000000
58  -15.990432 4.660062 -15.589899  1.570796 -0.000000 0.000000
59  1.941978 12.403633 -8.860325  1.570796 -0.000000 0.000000
60  -0.004311 0.001229 -0.000372  0.006898 -0.005534 -0.284229
61  0.826810 10.209643 -4.879054  1.570796 -0.000000 0.000000
62  0.000000 0.000000 0.000000  -0.078727 -3.136056 0.284226
63  0.000000 0.000000 0.000000  1.565806 -0.009815 0.000024
64  -1.410278 -11.785015 -5.088809  1.256365 1.105460 -0.173177
65  0.042269 -2.588229 0.672586  0.000000 -0.000000 0.000000
66  0.048105 -1.112259 5.803835  0.000000 -0.000000 0.000000
67  0.048105 -0.032153 -1.710084  0.000000 -0.000000 0.000000
68  0.042353 -1.078447 21.234570  0.000000 -0.000000 0.000000
69  0.436542 -3.059779 3.935332  0.000000 -0.000000 0.000000
70  0.672328 -2.032812 2.042324  0.000000 -0.000000 0.000000
71  -0.729358 -1.331796 3.242017  0.000000 -0.000000 2.679611
72  0.005236 -1.447475 3.023561  0.000000 -0.000000 0.000000
73  -0.700892 0.650637 17.606176  0.000000 -0.000000 0.000000
74  0.042269 -2.357918 -0.445849  0.000000 -0.000000 0.000000
75  0.436541 -0.003270 1.776058  0.000000 -0.000000 0.000000
76  -4.547322 -17.066256 -6.186238  1.256365 1.105460 -0.173177
77  0.197306 2.686059 -1.682825  0.000000 -0.000000 0.000000
78  -0.137979 2.492824 -1.682826  0.000000 -0.000000 0.000000
79  -0.471882 -20.509130 -3.869860  1.256365 1.105460 -0.173177
80  -0.861920 -0.180712 3.135021  -0.000000 -0.000000 -0.000000
81  -0.861920 0.097230 3.003449  -0.000000 -0.000000 -0.000000
82  -0.861920 -0.180725 2.815481  -0.000000 -0.000000 -0.000000
83  -0.861920 0.097217 2.683909  -0.000000 -0.000000 -0.000000
84  -0.861920 -0.180725 2.495585  -0.000000 -0.000000 -0.000000
85  -0.861920 0.097217 2.364011  -0.000000 -0.000000 -0.000000
86  -0.861920 -0.180726 2.176042  -0.000000 -0.000000 -0.000000
87  -0.861920 0.097216 2.044467  -0.000000 -0.000000 -0.000000
88  -0.861920 -0.180726 1.861903  -0.000000 -0.000000 -0.000000
89  -0.861920 0.097216 1.730332  -0.000000 -0.000000 -0.000000
90  -0.861920 -0.180727 1.542359  -0.000000 -0.000000 -0.000000
91  -0.861920 0.097215 1.410790  -0.000000 -0.000000 -0.000000
92  -0.861920 -0.180721 1.222464  -0.000000 -0.000000 -0.000000
93  -0.861920 0.097220 1.090891  -0.000000 -0.000000 -0.000000
94  -0.861920 -0.180712 0.918803  -0.000000 -0.000000 -0.000000
95  -0.861920 0.097230 0.787230  -0.000000 -0.000000 -0.000000
96  -0.861920 -0.180724 0.599259  -0.000000 -0.000000 -0.000000
97  -0.861920 0.097217 0.467688  -0.000000 -0.000000 -0.000000
98  -0.861920 -0.180725 0.279367  -0.000000 -0.000000 -0.000000
99  -0.861920 0.097217 0.147792  -0.000000 -0.000000 -0.000000
100  -0.861920 -0.180725 -0.040177  -0.000000 -0.000000 -0.000000
101  -0.861920 0.097216 -0.171752  -0.000000 -0.000000 -0.000000
102  -0.861920 -0.180727 -0.354316  -0.000000 -0.000000 -0.000000
103  -0.861920 0.097215 -0.485884  -0.000000 -0.000000 -0.000000
104  -0.861920 -0.180727 -0.673860  -0.000000 -0.000000 -0.000000
105  -0.861920 0.097215 -0.805430  -0.000000 -0.000000 -0.000000
106  -0.861920 -0.180721 -0.993755  -0.000000 -0.000000 -0.000000
107  -0.861920 0.097220 -1.125327  -0.000000 -0.000000 -0.000000
108  -0.861920 -0.180725 -1.295306  -0.000000 -0.000000 -0.000000
109  -0.861920 0.097217 -1.426880  -0.000000 -0.000000 -0.000000
110  -0.861920 -0.180726 -1.614850  -0.000000 -0.000000 -0.000000
111  -0.861920 0.097216 -1.746424  -0.000000 -0.000000 -0.000000
112  -0.861920 -0.180726 -1.928988  -0.000000 -0.000000 -0.000000
113  -0.861920 0.097216 -2.060559  -0.000000 -0.000000 -0.000000
114  -0.861920 -0.180727 -2.248530  -0.000000 -0.000000 -0.000000
115  -0.861920 0.097215 -2.380103  -0.000000 -0.000000 -0.000000
116  -0.861920 -0.180721 -2.568429  -0.000000 -0.000000 -0.000000
117  -0.861920 0.097220 -2.700000  -0.000000 -0.000000 -0.000000
118  -0.861920 -0.180725 -2.887970  -0.000000 -0.000000 -0.000000
119  -0.861920 0.097217 -3.019542  -0.000000 -0.000000 -0.000000
120  -0.861920 -0.180724 -3.207870  -0.000000 -0.000000 -0.000000
121  -0.861920 0.097230 -3.339442  -0.000000 -0.000000 -0.000000
122  -0.861920 -0.180737 -3.527411  -0.000000 -0.000000 -0.000000
123  -0.861920 0.097217 -3.658984  -0.000000 -0.000000 -0.000000
124  -0.861920 -0.048023 -3.936774  -0.000000 -0.000000 -0.000000
125  -0.861920 0.096813 -4.220027  -0.000000 -0.000000 -0.000000
126  -0.861839 0.049010 -4.549495  0.000000 -0.000000 -0.000000
127  -0.862202 -0.181353 -4.727587  -0.000568 0.008934 0.008929
128  -0.865933 -0.543242 -4.815326  -0.002212 0.031273 0.031204
129  0.018344 -0.713685 -5.609469  0.064463 -0.001784 -0.001902
130  0.000000 0.000001 4.970246  0.000000 -0.000000 0.000000
131  0.000000 -0.000000 -2.491489  0.000000 -0.000000 0.000000
time 6
0  0.000006 0.000000 0.000000  -1.570800 -1.391899 -1.570792
1  -10.924930 -10.629619 1.937671  -1.544956 -1.855077 -0.198630
2  6.027524 -0.000326 0.000192  -0.633419 -1.200174 -1.782318
3  11.692116 0.000645 -0.000740  -0.286151 0.000003 -0.896626
4  11.480623 0.000155 -0.000715  1.882361 -0.406441 -0.101337
5  3.859503 -0.142823 -1.192079  -0.468169 0.151546 -0.880257
6  1.312590 0.000012 0.000007  -0.000051 -0.000007 -1.595409
7  0.729354 0.000054 0.000050  -0.000012 0.000024 -1.399987
8  3.942140 0.046331 -0.431542  -0.151817 0.073216 -0.811086
9  1.539111 0.000083 0.000004  -0.000022 0.000001 -1.453706
10  1.196332 0.000145 0.000029  -0.000013 0.000017 -1.636634
11  3.883510 -0.047212 0.431351  0.008809 0.162157 -0.649817
12  1.719573 -0.000028 0.000016  -0.004016 -0.062844 -1.725134
13  1.209179 0.000090 0.000013  0.003454 0.000818 -1.524407
14  3.859677 -0.138418 1.332380  0.343083 0.230237 -0.220362
15  1.719449 -0.000019 0.000029  -0.021764 -0.019854 -0.991562
16  1.099676 0.000049 0.000005  -0.000838 0.002262 -1.582366
17  0.770819 -0.901431 1.177680  -1.533787 -0.333938 -0.165544
18  1.789820 -0.000004 -0.000018  0.004222 0.018631 0.180198
19  1.207015 -0.000014 -0.000043  0.001021 -0.000116 0.162958
20  5.740635 0.000388 -0.000698  0.030406 0.000003 0.000063
21  11.481133 0.000204 -0.000795  0.063033 -0.060548 -0.015997
22  6.027524 -0.000330 0.000202  1.544239 -0.369797 1.432662
23  -0.000000 11.692103 -0.000008  -0.652458 -0.186384 -0.538949
24  0.000003 0.000009 -0.000001  0.582915 -0.000030 1.570739
25  0.000000 -0.000011 -0.000001  0.868960 0.000002 1.570712
26  -6.617934 -9.178503 0.826812  1.473120 1.855075 -0.198639
27  6.027510 -0.000263 -0.000218  1.813225 0.964605 -0.183005
28  11.691992 0.000163 0.000857  -0.018585 0.000024 -1.140713
29  11.480429 -0.000201 0.000818  -1.911249 0.190279 0.096269
30  3.859437 -0.132758 1.193066  0.469647 -0.013262 -1.872395
31  1.312559 0.000025 -0.000001  0.024060 -0.138696 -0.550187
32  0.729346 0.000066 -0.000027  -0.166197 -0.081570 -0.714272
33  3.942047 0.050139 0.431000  0.225309 -0.086237 -1.592712
34  1.539097 0.000004 -0.000000  0.035254 -0.050373 -0.994350
35  1.196300 0.000080 -0.000003  -0.021521 0.002175 -0.839738
36  3.883414 -0.050472 -0.431084  0.184824 -0.271737 -1.204030
37  1.719564 -0.000085 -0.000004  0.022858 -0.107186 -1.509108
38  1.209197 0.000036 0.000011  0.000661 0.071072 -0.480462
39  3.859588 -0.149081 -1.331320  -0.098902 -0.128896 -0.414975
40  1.719413 -0.000098 -0.000036  -0.029817 0.003453 0.165194
41  1.099674 0.000024 0.000007  -0.007071 -0.002993 0.103699
42  0.805984 -0.359848 -1.318338  0.991670 0.166768 -0.799527
43  1.789780 -0.000008 -0.000042  0.000058 -0.002451 0.133098
44  1.206996 -0.000008 0.000005  0.000372 -0.000071 1.058780
45  5.740573 0.000077 0.000722  -0.061126 -0.000014 0.000028
46  11.481030 0.000032 0.000909  -0.069413 0.012310 0.018732
47  6.027515 -0.000273 -0.000230  -1.014832 -0.255462 -1.367670
48  -0.000001 11.691974 -0.000005  -0.810611 0.291595 0.659431
49  0.000002 0.000000 0.000000  2.253960 -0.000036 1.570860
50  -0.000008 -0.000013 0.000004  2.272645 -0.000036 1.570861
51  -6.504587 -9.264474 -6.247772  1.851465 -0.463134 -1.377980
52  0.000000 0.000000 0.000000  0.008153 -0.000259 0.000009
53  -0.000000 0.000000 0.000000  1.565115 0.043565 -0.106862
54  0.326797 -7.085855 -8.866476  0.195719 -0.606890 -1.648457
55  -0.000001 -0.000000 0.000001  0.000000 -0.000001 -0.000002
56  0.000031 0.000029 0.000001  -1.571901 -0.044449 -0.106509
57  1.504452 -19.544212 -21.357969  1.570796 -0.000000 0.000000
58  -15.868885 4.520071 -14.676846  1.570796 -0.000000 0.000000
59  1.941978 12.403633 -8.860325  1.570796 -0.000000 0.000000
60  -0.004311 0.001229 -0.000372  0.006898 -0.005534 -0.284229
61  0.826810 10.209643 -4.879054  1.570796 -0.000000 0.000000
62  0.000000 0.000000 0.000000  -0.078727 -3.136056 0.284226
63  0.000000 0.000000 0.000000  1.567937 -0.011564 0.000017
64  -1.206444 -12.295981 -4.292421  1.031494 1.130041 -0.376805
65  0.042269 -2.588230 0.672588  0.000000 0.000000 0.000000
66  0.048105 -1.112260 5.803836  0.000000 0.000000 0.000000
67  0.048106 -0.032153 -1.710081  0.000000 0.000000 0.000000
68  0.042353 -1.078448 21.234575  0.000000 0.000000 0.000000
69  0.436542 -3.059779 3.935335  0.000000 0.000000 0.000000
70  0.672328 -2.032812 2.042325  0.000000 0.000000 0.000000
71  -0.729358 -1.331797 3.242020  -0.000000 -0.000000 2.679611
72  0.005236 -1.447476 3.023562  0.000000 0.000000 0.000000
73  -0.700892 0.650637 17.606178  0.000000 0.000000 0.000000
74  0.042269 -2.357918 -0.445847  0.000000 0.000000 0.000000
75  0.436542 -0.003270 1.776060  0.000000 0.000000 0.000000
76  -4.389604 -17.642248 -4.763413  1.031494 1.130041 -0.376805
77  0.192329 2.681506 -1.682824  0.000000 0.000000 0.000000
78  -0.132898 2.494784 -1.682824  0.000000 0.000000 0.000000
79  -0.199835 -20.882677 -2.360571  1.031494 1.130041 -0.376805
80  -0.861921 -0.180712 3.135020  0.000000 -0.000000 -0.000000
81  -0.861921 0.097230 3.003449  0.000000 -0.000000 -0.000000
82  -0.861921 -0.180725 2.815479  0.000000 -0.000000 -0.000000
83  -0.861921 0.097217 2.683910  0.000000 -0.000000 -0.000000
84  -0.861920 -0.180726 2.495588  0.000000 -0.000000 -0.000000
85  -0.861921 0.097216 2.364012  0.000000 -0.000000 -0.000000
86  -0.861921 -0.180726 2.176044  0.000000 -0.000000 -0.000000
87  -0.861921 0.097216 2.044467  0.000000 -0.000000 -0.000000
88  -0.861921 -0.180727 1.861905  0.000000 -0.000000 -0.000000
89  -0.861921 0.097215 1.730332  0.000000 -0.000000 -0.000000
90  -0.861921 -0.180727 1.542360  0.000000 -0.000000 -0.000000
91  -0.861921 0.097214 1.410791  0.000000 -0.000000 -0.000000
92  -0.861921 -0.180722 1.222464  0.000000 -0.000000 -0.000000
93  -0.861921 0.097220 1.090892  0.000000 -0.000000 -0.000000
94  -0.861920 -0.180712 0.918802  0.000000 -0.000000 -0.000000
95  -0.861921 0.097230 0.787231  0.000000 -0.000000 -0.000000
96  -0.861921 -0.180725 0.599259  0.000000 -0.000000 -0.000000
97  -0.861921 0.097217 0.467690  0.000000 -0.000000 -0.000000
98  -0.861921 -0.180726 0.279366  0.000000 -0.000000 -0.000000
99  -0.861921 0.097216 0.147794  0.000000 -0.000000 -0.000000
100  -0.861920 -0.180726 -0.040177  0.000000 -0.000000 -0.000000
101  -0.861921 0.097216 -0.171751  0.000000 -0.000000 -0.000000
102  -0.861920 -0.180727 -0.354315  0.000000 -0.000000 -0.000000
103  -0.861921 0.097215 -0.485886  0.000000 -0.000000 -0.000000
104  -0.861920 -0.180727 -0.673858  0.000000 -0.000000 -0.000000
105  -0.861921 0.097214 -0.805431  0.000000 -0.000000 -0.000000
106  -0.861921 -0.180721 -0.993756  0.000000 -0.000000 -0.000000
107  -0.861920 0.097220 -1.125326  0.000000 -0.000000 -0.000000
108  -0.861920 -0.180726 -1.295305  0.000000 -0.000000 -0.000000
109  -0.861921 0.097216 -1.426878  0.000000 -0.000000 -0.000000
110  -0.861920 -0.180726 -1.614848  0.000000 -0.000000 -0.000000
111  -0.861921 0.097216 -1.746423  0.000000 -0.000000 -0.000000
112  -0.861920 -0.180727 -1.928987  0.000000 -0.000000 -0.000000
113  -0.861921 0.097215 -2.060558  0.000000 -0.000000 -0.000000
114  -0.861920 -0.180728 -2.248532  0.000000 -0.000000 -0.000000
115  -0.861920 0.097214 -2.380100  0.000000 -0.000000 -0.000000
116  -0.861921 -0.180722 -2.568427  0.000000 -0.000000 -0.000000
117  -0.861920 0.097220 -2.700000  0.000000 -0.000000 -0.000000
118  -0.861920 -0.180726 -2.887967  0.000000 -0.000000 -0.000000
119  -0.861921 0.097216 -3.019543  0.000000 -0.000000 -0.000000
120  -0.861921 -0.180725 -3.207871  0.000000 -0.000000 -0.000000
121  -0.861920 0.097229 -3.339441  0.000000 -0.000000 -0.000000
122  -0.861921 -0.180737 -3.527412  0.000000 -0.000000 -0.000000
123  -0.861921 0.097217 -3.658984  0.000000 -0.000000 -0.000000
124  -0.861921 -0.048023 -3.936774  0.000000 -0.000000 -0.000000
125  -0.861920 0.096812 -4.220026  0.000000 -0.000000 -0.000000
126  -0.861839 0.049009 -4.549491  0.000000 -0.000000 0.000000
127  -0.862203 -0.181353 -4.727588  -0.000568 0.008934 0.008929
128  -0.865934 -0.543242 -4.815327  -0.002212 0.031273 0.031204
129  0.018344 -0.713685 -5.609469  0.064463 -0.001783 -0.001902
130  -0.000000 -0.000001 4.970248  0.000000 0.000000 0.000000
131  -0.000000 -0.000000 -2.491490  0.000000 0.000000 0.000000
time 7
0  0.000006 0.000000 0.000000  -1.570800 -1.391899 -1.570792
1  -10.924930 -10.629619 1.937671  -1.544956 -1.855077 -0.198630
2  6.027524 -0.000325 0.000192  -0.713062 -1.158825 -1.645688
3  11.692115 0.000644 -0.000740  -0.286161 -0.000002 -1.046957
4  11.480394 0.000032 -0.000752  1.852197 -0.465605 -0.071173
5  3.859502 -0.142823 -1.192080  -0.468169 0.151546 -0.880257
6  1.312590 0.000010 0.000008  -0.000051 -0.000007 -1.595409
7  0.729355 0.000054 0.000049  -0.000012 0.000024 -1.399987
8  3.942140 0.046331 -0.431543  -0.151817 0.073216 -0.811086
9  1.539110 0.000083 0.000003  -0.000022 0.000001 -1.453706
10  1.196332 0.000146 0.000028  -0.000013 0.000017 -1.636634
11  3.883510 -0.047212 0.431351  0.008809 0.162157 -0.649817
12  1.719573 -0.000029 0.000019  -0.004016 -0.062844 -1.725134
13  1.209179 0.000090 0.000013  0.003454 0.000818 -1.524407
14  3.859677 -0.138418 1.332380  0.344214 0.228673 -0.215390
15  1.719448 -0.000018 0.000028  -0.020134 -0.020817 -1.071881
16  1.099675 0.000048 0.000006  -0.000925 0.002254 -1.591183
17  0.770818 -0.901431 1.177680  -1.537181 -0.327024 -0.151485
18  1.789820 -0.000003 -0.000018  0.004229 0.009477 0.136092
19  1.207015 -0.000013 -0.000044  0.002071 -0.000109 0.304367
20  5.740637 0.000388 -0.000699  0.013912 0.000003 0.000063
21  11.481089 0.000179 -0.000803  0.057452 -0.071620 -0.010068
22  6.027524 -0.000330 0.000202  1.575704 -0.412027 1.483655
23  -0.000000 11.692101 -0.000007  -0.750957 -0.249027 -0.614807
24  0.000003 0.000008 0.000000  0.582915 -0.000031 1.570739
25  -0.000000 -0.000012 0.000000  0.868960 0.000002 1.570712
26  -6.617934 -9.178503 0.826812  1.473120 1.855075 -0.198639
27  6.027511 -0.000264 -0.000217  1.864124 1.002392 -0.093472
28  11.691992 0.000162 0.000857  -0.117896 0.000021 -1.083442
29  11.480797 -0.000104 0.000817  -1.806655 0.211375 0.095712
30  3.859438 -0.132759 1.193065  0.469647 -0.013262 -1.872395
31  1.312559 0.000026 -0.000001  0.024060 -0.138696 -0.550187
32  0.729346 0.000064 -0.000027  -0.166197 -0.081570 -0.714272
33  3.942046 0.050138 0.430999  0.225309 -0.086237 -1.592712
34  1.539097 0.000006 -0.000000  0.035254 -0.050373 -0.994350
35  1.196300 0.000079 -0.000003  -0.021521 0.002175 -0.839738
36  3.883414 -0.050474 -0.431084  0.184824 -0.271737 -1.204030
37  1.719563 -0.000086 -0.000004  0.022859 -0.107186 -1.509108
38  1.209197 0.000036 0.000012  0.000661 0.071072 -0.480462
39  3.859589 -0.149082 -1.331321  -0.099545 -0.127600 -0.410581
40  1.719412 -0.000098 -0.000037  -0.029847 0.004033 0.170743
41  1.099674 0.000023 0.000006  -0.007151 -0.002966 0.107508
42  0.805984 -0.359849 -1.318339  0.991670 0.166767 -0.799527
43  1.789779 -0.000008 -0.000042  0.000058 -0.002451 0.133097
44  1.206995 -0.000007 0.000005  0.000372 -0.000071 1.058780
45  5.740573 0.000079 0.000720  -0.040963 -0.000014 0.000028
46  11.481104 0.000053 0.000908  -0.048957 0.017797 0.016069
47  6.027515 -0.000273 -0.000230  -1.040645 -0.215556 -1.314493
48  -0.000002 11.691974 -0.000005  -0.774291 0.265267 0.632434
49  0.000004 -0.000001 0.000001  2.154652 -0.000036 1.570860
50  -0.000009 -0.000014 0.000005  2.272645 -0.000036 1.570861
51  -6.432544 -9.604013 -5.672784  1.812564 -0.500046 -1.374834
52  -0.000001 0.000000 -0.000000  0.008153 -0.000259 0.000009
53  0.000001 -0.000001 -0.000000  1.565115 0.043565 -0.106862
54  0.189148 -6.162874 -8.959400  0.166851 -0.651682 -1.646339
55  0.000000 0.000000 0.000001  0.000000 -0.000001 -0.000002
56  0.000031 0.000029 0.000002  -1.571901 -0.044449 -0.106509
57  1.436089 -19.544212 -21.357969  1.570796 -0.000000 0.000000
58  -15.747337 4.380079 -13.763792  1.570796 -0.000000 0.000000
59  1.941978 12.403633 -8.860325  1.570796 -0.000000 0.000000
60  -0.004311 0.001229 -0.000372  0.006898 -0.005534 -0.284229
61  0.826810 10.209643 -4.879054  1.570796 -0.000000 0.000000
62  0.000000 0.000000 0.000000  -0.078727 -3.136056 0.284226
63  0.000000 0.000000 0.000000  1.573264 -0.012242 -0.000015
64  -1.127406 -12.630800 -3.729122  0.913139 1.136054 -0.498901
65  0.042269 -2.588230 0.672586  0.000000 -0.000000 0.000000
66  0.048106 -1.112260 3.911332  0.000000 -0.000000 0.000000
67  0.048106 -0.032153 -3.253409  0.000000 -0.000000 0.000000
68  0.042353 -1.078447 21.234573  0.000000 -0.000000 0.000000
69  0.436542 -3.059779 3.935332  0.000000 -0.000000 0.000000
70  0.672329 -2.032812 2.042324  0.000000 -0.000000 0.000000
71  -0.729358 -1.331797 3.242019  -0.000000 -0.000000 -1.396263
72  0.005237 -1.447476 3.023561  0.000000 -0.000000 0.000000
73  -0.700892 0.650637 17.606176  0.000000 -0.000000 0.000000
74  0.042269 -2.357918 -0.445847  0.000000 -0.000000 0.000000
75  0.436542 -0.003270 1.776058  0.000000 -0.000000 0.000000
76  -4.398227 -17.942505 -3.885424  0.913139 1.136054 -0.498901
77  0.187065 2.676693 -1.682826  0.000000 -0.000000 0.000000
78  -0.127525 2.496857 -1.682824  0.000000 -0.000000 0.000000
79  -0.191846 -21.141796 -1.456618  0.913139 1.136054 -0.498901
80  -0.861920 -0.180712 3.135017  -0.000000 -0.000000 -0.000001
81  -0.861920 0.097230 3.003447  -0.000000 -0.000000 -0.000001
82  -0.861920 -0.180724 2.815479  -0.000000 -0.000000 -0.000001
83  -0.861920 0.097217 2.683909  -0.000000 -0.000000 -0.000001
84  -0.861921 -0.180725 2.495583  -0.000000 -0.000000 -0.000001
85  -0.861920 0.097216 2.364013  -0.000000 -0.000000 -0.000001
86  -0.861920 -0.180725 2.176041  -0.000000 -0.000000 -0.000001
87  -0.861920 0.097216 2.044466  -0.000000 -0.000000 -0.000001
88  -0.861920 -0.180726 1.861902  -0.000000 -0.000000 -0.000001
89  -0.861920 0.097215 1.730330  -0.000000 -0.000000 -0.000001
90  -0.861920 -0.180727 1.542358  -0.000000 -0.000000 -0.000001
91  -0.861920 0.097214 1.410790  -0.000000 -0.000000 -0.000001
92  -0.861921 -0.180721 1.222461  -0.000000 -0.000000 -0.000001
93  -0.861920 0.097220 1.090891  -0.000000 -0.000000 -0.000001
94  -0.861920 -0.180711 0.918798  -0.000000 -0.000000 -0.000001
95  -0.861920 0.097230 0.787230  -0.000000 -0.000000 -0.000001
96  -0.861920 -0.180724 0.599257  -0.000000 -0.000000 -0.000001
97  -0.861920 0.097217 0.467689  -0.000000 -0.000000 -0.000001
98  -0.861920 -0.180725 0.279364  -0.000000 -0.000000 -0.000001
99  -0.861920 0.097217 0.147793  -0.000000 -0.000000 -0.000001
100  -0.861920 -0.180726 -0.040179  -0.000000 -0.000000 -0.000001
101  -0.861920 0.097216 -0.171753  -0.000000 -0.000000 -0.000001
102  -0.861920 -0.180726 -0.354317  -0.000000 -0.000000 -0.000001
103  -0.861920 0.097215 -0.485885  -0.000000 -0.000000 -0.000001
104  -0.861920 -0.180727 -0.673862  -0.000000 -0.000000 -0.000001
105  -0.861920 0.097215 -0.805432  -0.000000 -0.000000 -0.000001
106  -0.861920 -0.180721 -0.993758  -0.000000 -0.000000 -0.000001
107  -0.861920 0.097220 -1.125328  -0.000000 -0.000000 -0.000001
108  -0.861920 -0.180725 -1.295308  -0.000000 -0.000000 -0.000001
109  -0.861920 0.097216 -1.426880  -0.000000 -0.000000 -0.000001
110  -0.861920 -0.180726 -1.614852  -0.000000 -0.000000 -0.000001
111  -0.861920 0.097216 -1.746424  -0.000000 -0.000000 -0.000001
112  -0.861920 -0.180726 -1.928991  -0.000000 -0.000000 -0.000001
113  -0.861920 0.097216 -2.060559  -0.000000 -0.000000 -0.000001
114  -0.861920 -0.180727 -2.248535  -0.000000 -0.000000 -0.000001
115  -0.861920 0.097215 -2.380103  -0.000000 -0.000000 -0.000001
116  -0.861920 -0.180721 -2.568430  -0.000000 -0.000000 -0.000001
117  -0.861920 0.097220 -2.700002  -0.000000 -0.000000 -0.000001
118  -0.861920 -0.180725 -2.887970  -0.000000 -0.000000 -0.000001
119  -0.861920 0.097216 -3.019543  -0.000000 -0.000000 -0.000001
120  -0.861920 -0.180724 -3.207870  -0.000000 -0.000000 -0.000001
121  -0.861920 0.097230 -3.339444  -0.000000 -0.000000 -0.000001
122  -0.861920 -0.180737 -3.527413  -0.000000 -0.000000 -0.000001
123  -0.861920 0.097217 -3.658986  -0.000000 -0.000000 -0.000001
124  -0.861920 -0.048023 -3.936776  -0.000000 -0.000000 -0.000001
125  -0.861920 0.096813 -4.220027  -0.000000 -0.000000 -0.000001
126  -0.861839 0.049010 -4.549496  0.000000 -0.000000 -0.000000
127  -0.862202 -0.181353 -4.727589  -0.000568 0.008934 0.008929
128  -0.865933 -0.543243 -4.815327  -0.002212 0.031273 0.031204
129  0.018344 -0.713685 -5.609471  0.064463 -0.001783 -0.001902
130  -0.000000 0.000000 4.970244  0.000000 -0.000000 0.000000
131  -0.000000 0.000000 -2.491488  0.000000 -0.000000 0.000000
time 8
0  0.000006 0.000000 0.000000  -1.570800 -1.391899 -1.570792
1  -10.924930 -10.629619 1.937671  -1.544956 -1.855077 -0.198630
2  6.027523 -0.000324 0.000192  -0.819376 -1.083025 -1.432650
3  11.692110 0.000644 -0.000739  -0.286176 -0.000014 -1.315769
4  11.480399 -0.000055 -0.000779  1.789625 -0.565982 0.068318
5  3.859504 -0.142823 -1.192079  -0.468169 0.151546 -0.880257
6  1.312590 0.000010 0.000008  -0.000051 -0.000007 -1.595409
7  0.729355 0.000054 0.000049  -0.000012 0.000024 -1.399987
8  3.942141 0.046331 -0.431542  -0.151817 0.073216 -0.811086
9  1.539110 0.000083 0.000003  -0.000022 0.000001 -1.453706
10  1.196332 0.000146 0.000027  -0.000013 0.000017 -1.636634
11  3.883510 -0.047212 0.431351  0.008809 0.162157 -0.649817
12  1.719573 -0.000029 0.000017  -0.004016 -0.062844 -1.725134
13  1.209179 0.000090 0.000012  0.003454 0.000818 -1.524407
14  3.859677 -0.138418 1.332381  0.344609 0.227818 -0.213811
15  1.719449 -0.000018 0.000028  -0.019414 -0.021352 -1.102533
16  1.099675 0.000048 0.000006  -0.000958 0.002251 -1.594554
17  0.770819 -0.901430 1.177680  -1.537436 -0.319774 -0.145772
18  1.789819 -0.000004 -0.000018  0.004339 0.005981 0.119241
19  1.207015 -0.000014 -0.000043  0.002468 -0.000146 0.358099
20  5.740634 0.000387 -0.000699  -0.016656 0.000003 0.000063
21  11.481088 0.000163 -0.000808  0.049869 -0.089317 0.015781
22  6.027524 -0.000330 0.000202  1.632936 -0.484198 1.576053
23  0.000000 11.692101 -0.000008  -0.919000 -0.377607 -0.736950
24  0.000001 0.000009 0.000001  0.582915 -0.000031 1.570738
25  -0.000000 -0.000012 0.000000  0.868960 0.000002 1.570712
26  -6.617934 -9.178503 0.826812  1.473120 1.855075 -0.198639
27  6.027510 -0.000264 -0.000218  1.862945 0.957299 -0.057179
28  11.691992 0.000162 0.000858  -0.208590 0.000026 -1.174293
29  11.480245 -0.000442 0.000748  -1.685533 0.208726 0.191867
30  3.859437 -0.132758 1.193065  0.469647 -0.013262 -1.872395
31  1.312559 0.000027 -0.000001  0.024060 -0.138696 -0.550187
32  0.729346 0.000065 -0.000027  -0.166197 -0.081570 -0.714272
33  3.942045 0.050139 0.431000  0.225309 -0.086237 -1.592712
34  1.539097 0.000007 -0.000001  0.035254 -0.050373 -0.994350
35  1.196298 0.000079 -0.000003  -0.021521 0.002175 -0.839738
36  3.883412 -0.050472 -0.431085  0.184824 -0.271737 -1.204030
37  1.719563 -0.000084 -0.000005  0.022858 -0.107186 -1.509108
38  1.209198 0.000035 0.000011  0.000661 0.071072 -0.480462
39  3.859587 -0.149081 -1.331321  -0.101324 -0.123935 -0.398213
40  1.719412 -0.000098 -0.000035  -0.029909 0.005553 0.185259
41  1.099673 0.000023 0.000007  -0.007320 -0.002908 0.115658
42  0.805984 -0.359848 -1.318338  0.991670 0.166767 -0.799527
43  1.789781 -0.000008 -0.000042  0.000058 -0.002451 0.133097
44  1.206997 -0.000007 0.000005  0.000372 -0.000071 1.058780
45  5.740573 0.000078 0.000721  -0.012500 -0.000014 0.000028
46  11.480993 -0.000015 0.000895  -0.025805 0.017815 0.031636
47  6.027515 -0.000273 -0.000230  -0.997363 -0.231446 -1.286817
48  -0.000001 11.691975 -0.000007  -0.831695 0.307462 0.674890
49  0.000003 0.000000 -0.000001  2.063954 -0.000036 1.570860
50  -0.000008 -0.000013 0.000004  2.272645 -0.000036 1.570861
51  -6.389954 -9.029393 -5.444161  1.803939 -0.505016 -1.392687
52  0.000000 -0.000000 0.000000  0.008153 -0.000259 0.000009
53  -0.000000 0.000000 -0.000000  1.565115 0.043565 -0.106862
54  0.147135 -4.272681 -9.200788  0.159347 -0.658496 -1.663775
55  -0.000000 0.000000 0.000000  0.000000 -0.000001 -0.000002
56  0.000031 0.000029 0.000001  -1.571901 -0.044449 -0.106509
57  1.361135 -19.544212 -21.357969  1.570796 -0.000000 0.000000
58  -15.635818 4.251636 -12.926060  1.570796 -0.000000 0.000000
59  1.941978 12.403633 -8.860325  1.570796 -0.000000 0.000000
60  -0.004311 0.001229 -0.000372  0.006898 -0.005534 -0.284229
61  0.826810 10.209643 -4.879054  1.570796 -0.000000 0.000000
62  0.000000 0.000000 0.000000  -0.078727 -3.136056 0.284226
63  0.000000 0.000000 0.000000  1.580189 0.004154 -0.000145
64  -1.139982 -12.160151 -3.515457  0.892458 1.138579 -0.539676
65  0.042269 -2.588230 0.672586  0.000000 0.000000 0.000000
66  0.048105 -1.112260 2.018826  0.000000 0.000000 0.000000
67  0.048106 -0.032153 -4.796736  0.000000 0.000000 0.000000
68  0.042353 -1.078447 21.234573  0.000000 0.000000 0.000000
69  0.436542 -3.059779 3.935333  0.000000 0.000000 0.000000
70  0.672328 -2.032812 2.042324  0.000000 0.000000 0.000000
71  -0.729358 -1.331797 3.242018  -0.000000 0.000000 -0.639435
72  0.005236 -1.447475 3.023561  0.000000 0.000000 0.000000
73  -0.700892 0.650638 17.606178  0.000000 0.000000 0.000000
74  0.042269 -2.357918 -0.445848  0.000000 0.000000 0.000000
75  0.436542 -0.003270 1.776057  0.000000 0.000000 0.000000
76  -4.527743 -17.399397 -3.616930  0.892458 1.138579 -0.539676
77  0.181707 2.671792 -1.682826  0.000000 0.000000 0.000000
78  -0.122054 2.498967 -1.682827  0.000000 0.000000 0.000000
79  -0.376845 -20.675398 -1.194938  0.892458 1.138579 -0.539676
80  -0.861920 -0.180711 3.135019  0.000000 -0.000000 -0.000000
81  -0.861920 0.097230 3.003447  0.000000 -0.000000 -0.000000
82  -0.861921 -0.180724 2.815477  0.000000 -0.000000 -0.000000
83  -0.861920 0.097217 2.683908  0.000000 -0.000000 -0.000000
84  -0.861921 -0.180725 2.495582  0.000000 -0.000000 -0.000000
85  -0.861920 0.097217 2.364010  0.000000 -0.000000 -0.000000
86  -0.861920 -0.180725 2.176039  0.000000 -0.000000 -0.000000
87  -0.861920 0.097216 2.044469  0.000000 -0.000000 -0.000000
88  -0.861920 -0.180727 1.861904  0.000000 -0.000000 -0.000000
89  -0.861920 0.097215 1.730332  0.000000 -0.000000 -0.000000
90  -0.861920 -0.180727 1.542357  0.000000 -0.000000 -0.000000
91  -0.861920 0.097215 1.410789  0.000000 -0.000000 -0.000000
92  -0.861921 -0.180721 1.222462  0.000000 -0.000000 -0.000000
93  -0.861920 0.097220 1.090890  0.000000 -0.000000 -0.000000
94  -0.861920 -0.180711 0.918799  0.000000 -0.000000 -0.000000
95  -0.861920 0.097230 0.787231  0.000000 -0.000000 -0.000000
96  -0.861920 -0.180724 0.599256  0.000000 -0.000000 -0.000000
97  -0.861921 0.097217 0.467688  0.000000 -0.000000 -0.000000
98  -0.861920 -0.180725 0.279364  0.000000 -0.000000 -0.000000
99  -0.861920 0.097217 0.147792  0.000000 -0.000000 -0.000000
100  -0.861921 -0.180725 -0.040180  0.000000 -0.000000 -0.000000
101  -0.861920 0.097216 -0.171751  0.000000 -0.000000 -0.000000
102  -0.861920 -0.180726 -0.354318  0.000000 -0.000000 -0.000000
103  -0.861920 0.097215 -0.485886  0.000000 -0.000000 -0.000000
104  -0.861920 -0.180727 -0.673861  0.000000 -0.000000 -0.000000
105  -0.861920 0.097215 -0.805431  0.000000 -0.000000 -0.000000
106  -0.861920 -0.180721 -0.993756  0.000000 -0.000000 -0.000000
107  -0.861921 0.097220 -1.125328  0.000000 -0.000000 -0.000000
108  -0.861921 -0.180725 -1.295307  0.000000 -0.000000 -0.000000
109  -0.861921 0.097217 -1.426882  0.000000 -0.000000 -0.000000
110  -0.861921 -0.180725 -1.614854  0.000000 -0.000000 -0.000000
111  -0.861920 0.097216 -1.746423  0.000000 -0.000000 -0.000000
112  -0.861920 -0.180726 -1.928989  0.000000 -0.000000 -0.000000
113  -0.861920 0.097215 -2.060560  0.000000 -0.000000 -0.000000
114  -0.861920 -0.180727 -2.248532  0.000000 -0.000000 -0.000000
115  -0.861920 0.097215 -2.380103  0.000000 -0.000000 -0.000000
116  -0.861920 -0.180721 -2.568429  0.000000 -0.000000 -0.000000
117  -0.861921 0.097220 -2.700002  0.000000 -0.000000 -0.000000
118  -0.861920 -0.180725 -2.887971  0.000000 -0.000000 -0.000000
119  -0.861921 0.097217 -3.019545  0.000000 -0.000000 -0.000000
120  -0.861920 -0.180724 -3.207871  0.000000 -0.000000 -0.000000
121  -0.861921 0.097230 -3.339445  0.000000 -0.000000 -0.000000
122  -0.861920 -0.180737 -3.527414  0.000000 -0.000000 -0.000000
123  -0.861921 0.097217 -3.658986  0.000000 -0.000000 -0.000000
124  -0.861921 -0.048023 -3.936777  0.000000 -0.000000 -0.000000
125  -0.861920 0.096813 -4.220029  0.000000 -0.000000 -0.000000
126  -0.861839 0.049010 -4.549495  0.000000 -0.000000 0.000000
127  -0.862203 -0.181352 -4.727591  -0.000568 0.008934 0.008929
128  -0.865933 -0.543243 -4.815328  -0.002212 0.031273 0.031204
129  0.018344 -0.713685 -5.609472  0.064463 -0.001783 -0.001902
130  -0.000000 0.000000 4.970245  0.000000 0.000000 0.000000
131  -0.000000 0.000000 -2.491489  0.000000 0.000000 0.000000
time 9
0  0.000006 0.000000 0.000000  -1.570800 -1.391899 -1.570792
1  -10.924930 -10.629619 1.937671  -1.544956 -1.855077 -0.198630
2  6.027523 -0.000324 0.000193  -0.848739 -1.060649 -1.391647
3  11.692110 0.000641 -0.000738  -0.286179 -0.000018 -1.379481
4  11.479981 -0.000278 -0.000844  1.781850 -0.567193 0.102330
5  3.859504 -0.142823 -1.192080  -0.468169 0.151546 -0.880257
6  1.312590 0.000011 0.000007  -0.000051 -0.000007 -1.595409
7  0.729354 0.000054 0.000051  -0.000012 0.000024 -1.399987
8  3.942141 0.046331 -0.431544  -0.151817 0.073216 -0.811086
9  1.539110 0.000083 0.000003  -0.000022 0.000001 -1.453706
10  1.196333 0.000146 0.000028  -0.000013 0.000017 -1.636634
11  3.883511 -0.047212 0.431350  0.008809 0.162157 -0.649817
12  1.719573 -0.000029 0.000017  -0.004016 -0.062844 -1.725134
13  1.209179 0.000090 0.000011  0.003454 0.000818 -1.524407
14  3.859677 -0.138418 1.332379  0.343309 0.227250 -0.217437
15  1.719448 -0.000019 0.000028  -0.020458 -0.021512 -1.052613
16  1.099675 0.000049 0.000006  -0.000854 0.002255 -1.589125
17  0.772516 -0.904737 1.177008  -1.535437 -0.310781 -0.147883
18  1.789819 -0.000003 -0.000018  0.004283 0.007432 0.125221
19  1.207015 -0.000013 -0.000043  0.002288 -0.000134 0.303529
20  5.740635 0.000388 -0.000699  -0.020794 0.000003 0.000063
21  11.481005 0.000118 -0.000821  0.049655 -0.089069 0.021969
22  6.027524 -0.000330 0.000202  1.652524 -0.504214 1.581978
23  0.000001 11.692101 -0.000007  -0.957549 -0.410778 -0.763281
24  0.000004 0.000010 -0.000001  0.582915 -0.000031 1.570739
25  -0.000001 -0.000010 0.000001  0.868960 0.000002 1.570712
26  -6.617934 -9.178503 0.826812  1.473120 1.855075 -0.198639
27  6.027509 -0.000264 -0.000217  1.839302 0.909153 -0.038392
28  11.691991 0.000160 0.000858  -0.283746 0.000031 -1.257301
29  11.480688 -0.000314 0.000765  -1.569709 0.205158 0.275412
30  3.859438 -0.132759 1.193066  0.469647 -0.013262 -1.872395
31  1.312559 0.000025 -0.000001  0.024060 -0.138696 -0.550187
32  0.729345 0.000067 -0.000027  -0.166197 -0.081570 -0.714273
33  3.942047 0.050139 0.431000  0.225309 -0.086237 -1.592712
34  1.539097 0.000005 0.000000  0.035254 -0.050373 -0.994350
35  1.196301 0.000077 -0.000003  -0.021521 0.002175 -0.839738
36  3.883414 -0.050472 -0.431085  0.184824 -0.271737 -1.204030
37  1.719562 -0.000084 -0.000004  0.022859 -0.107186 -1.509108
38  1.209197 0.000036 0.000012  0.000661 0.071072 -0.480462
39  3.859589 -0.149082 -1.331322  -0.103541 -0.119197 -0.382349
40  1.719414 -0.000098 -0.000037  -0.029949 0.007074 0.199775
41  1.099676 0.000024 0.000007  -0.007399 -0.002881 0.119467
42  0.805984 -0.359847 -1.318339  0.991670 0.166768 -0.799527
43  1.789779 -0.000008 -0.000043  0.000058 -0.002451 0.133098
44  1.206996 -0.000007 0.000006  0.000372 -0.000071 1.058780
45  5.740573 0.000078 0.000721  0.013812 -0.000014 0.000028
46  11.481082 0.000010 0.000898  -0.003629 0.019372 0.044921
47  6.027515 -0.000273 -0.000230  -0.955574 -0.261001 -1.259214
48  -0.000001 11.691975 -0.000005  -0.883178 0.347983 0.711921
49  0.000003 -0.000000 -0.000001  1.988794 -0.000036 1.570860
50  -0.000007 -0.000014 0.000005  2.272645 -0.000036 1.570861
51  -6.364249 -8.485129 -5.531336  1.810495 -0.505816 -1.409891
52  0.000000 0.000000 0.000001  0.008153 -0.000259 0.000009
53  0.000000 0.000000 -0.000000  1.565115 0.043565 -0.106862
54  0.260568 -3.820085 -9.249023  0.166603 -0.657728 -1.682243
55  -0.000000 -0.000000 -0.000001  0.000000 -0.000001 -0.000002
56  0.000030 0.000029 0.000000  -1.571901 -0.044449 -0.106509
57  1.281157 -19.544212 -21.357969  1.570796 -0.000000 0.000000
58  -15.542689 4.144376 -12.226492  1.570796 -0.000000 0.000000
59  1.941978 12.403633 -8.860325  1.570796 -0.000000 0.000000
60  -0.004311 0.001229 -0.000372  0.006898 -0.005534 -0.284229
61  0.826810 10.209643 -4.879054  1.570796 -0.000000 0.000000
62  0.000000 0.000000 0.000000  -0.078727 -3.136056 0.284226
63  0.000000 0.000000 0.000000  1.587110 0.020550 -0.000390
64  -1.169971 -11.689503 -3.572966  0.899928 1.133716 -0.546931
65  0.042269 -2.588230 0.672587  0.000000 0.000000 -0.000000
66  0.048105 -1.112260 2.018827  0.000000 0.000000 -0.000000
67  0.048105 -0.032153 -4.796736  0.000000 0.000000 -0.000000
68  0.042354 -1.078448 21.234575  0.000000 0.000000 -0.000000
69  0.436542 -3.059780 3.935333  0.000000 0.000000 -0.000000
70  0.672328 -2.032813 2.042323  0.000000 0.000000 -0.000000
71  -0.729358 -1.331797 3.242018  0.000000 0.000000 -0.000000
72  0.005236 -1.447476 3.023561  0.000000 0.000000 -0.000000
73  -0.700892 0.650637 17.606180  0.000000 0.000000 -0.000000
74  0.042269 -2.357919 -0.445848  0.000000 0.000000 -0.000000
75  0.436542 -0.003270 1.776058  0.000000 0.000000 -0.000000
76  -4.630256 -16.880688 -3.695192  0.899928 1.133716 -0.546931
77  0.176443 2.666976 -1.682826  0.000000 0.000000 -0.000000
78  -0.116681 2.501038 -1.682826  0.000000 0.000000 -0.000000
79  -0.539818 -20.214939 -1.249936  0.899928 1.133716 -0.546931
80  -0.861920 -0.180712 3.135018  0.000000 -0.000000 -0.000000
81  -0.861920 0.097230 3.003449  0.000000 -0.000000 -0.000000
82  -0.861920 -0.180725 2.815477  0.000000 -0.000000 -0.000000
83  -0.861920 0.097217 2.683908  0.000000 -0.000000 -0.000000
84  -0.861920 -0.180726 2.495584  0.000000 -0.000000 -0.000000
85  -0.861920 0.097216 2.364012  0.000000 -0.000000 -0.000000
86  -0.861920 -0.180726 2.176040  0.000000 -0.000000 -0.000000
87  -0.861920 0.097215 2.044467  0.000000 -0.000000 -0.000000
88  -0.861920 -0.180727 1.861904  0.000000 -0.000000 -0.000000
89  -0.861920 0.097215 1.730331  0.000000 -0.000000 -0.000000
90  -0.861920 -0.180728 1.542359  0.000000 -0.000000 -0.000000
91  -0.861920 0.097214 1.410789  0.000000 -0.000000 -0.000000
92  -0.861920 -0.180722 1.222463  0.000000 -0.000000 -0.000000
93  -0.861920 0.097220 1.090891  0.000000 -0.000000 -0.000000
94  -0.861920 -0.180712 0.918801  0.000000 -0.000000 -0.000000
95  -0.861920 0.097230 0.787232  0.000000 -0.000000 -0.000000
96  -0.861920 -0.180725 0.599258  0.000000 -0.000000 -0.000000
97  -0.861920 0.097217 0.467689  0.000000 -0.000000 -0.000000
98  -0.861920 -0.180725 0.279365  0.000000 -0.000000 -0.000000
99  -0.861920 0.097216 0.147794  0.000000 -0.000000 -0.000000
100  -0.861920 -0.180726 -0.040179  0.000000 -0.000000 -0.000000
101  -0.861920 0.097215 -0.171750  0.000000 -0.000000 -0.000000
102  -0.861920 -0.180727 -0.354315  0.000000 -0.000000 -0.000000
103  -0.861920 0.097215 -0.485886  0.000000 -0.000000 -0.000000
104  -0.861920 -0.180727 -0.673860  0.000000 -0.000000 -0.000000
105  -0.861920 0.097214 -0.805431  0.000000 -0.000000 -0.000000
106  -0.861920 -0.180722 -0.993756  0.000000 -0.000000 -0.000000
107  -0.861920 0.097220 -1.125327  0.000000 -0.000000 -0.000000
108  -0.861920 -0.180725 -1.295308  0.000000 -0.000000 -0.000000
109  -0.861920 0.097216 -1.426879  0.000000 -0.000000 -0.000000
110  -0.861920 -0.180726 -1.614853  0.000000 -0.000000 -0.000000
111  -0.861920 0.097215 -1.746423  0.000000 -0.000000 -0.000000
112  -0.861920 -0.180727 -1.928989  0.000000 -0.000000 -0.000000
113  -0.861920 0.097215 -2.060559  0.000000 -0.000000 -0.000000
114  -0.861920 -0.180728 -2.248533  0.000000 -0.000000 -0.000000
115  -0.861920 0.097214 -2.380102  0.000000 -0.000000 -0.000000
116  -0.861920 -0.180722 -2.568429  0.000000 -0.000000 -0.000000
117  -0.861920 0.097219 -2.700000  0.000000 -0.000000 -0.000000
118  -0.861920 -0.180725 -2.887972  0.000000 -0.000000 -0.000000
119  -0.861920 0.097216 -3.019543  0.000000 -0.000000 -0.000000
120  -0.861920 -0.180724 -3.207873  0.000000 -0.000000 -0.000000
121  -0.861920 0.097229 -3.339444  0.000000 -0.000000 -0.000000
122  -0.861921 -0.180737 -3.527416  0.000000 -0.000000 -0.000000
123  -0.861920 0.097216 -3.658985  0.000000 -0.000000 -0.000000
124  -0.861920 -0.048024 -3.936776  0.000000 -0.000000 -0.000000
125  -0.861920 0.096812 -4.220028  0.000000 -0.000000 -0.000000
126  -0.861839 0.049009 -4.549494  0.000000 -0.000000 -0.000000
127  -0.862202 -0.181353 -4.727589  -0.000568 0.008934 0.008929
128  -0.865933 -0.543243 -4.815327  -0.002212 0.031273 0.031204
129  0.018344 -0.713685 -5.609471  0.064463 -0.001784 -0.001902
130  0.000000 -0.000000 4.970244  0.000000 0.000000 -0.000000
131  0.000000 -0.000000 -2.491489  0.000000 0.000000 -0.000000
time 10
0  0.000006 0.000000 0.000000  -1.570800 -1.391899 -1.570792
1  -10.924930 -10.629619 1.937671  -1.544956 -1.855077 -0.198630
2  6.027523 -0.000324 0.000193  -0.862277 -1.051479 -1.386633
3  11.692111 0.000643 -0.000739  -0.286179 -0.000018 -1.383548
4  11.479956 -0.000291 -0.000847  1.789424 -0.545337 0.104161
5  3.859503 -0.142823 -1.192080  -0.468169 0.151546 -0.880257
6  1.312589 0.000009 0.000008  -0.000051 -0.000007 -1.595409
7  0.729355 0.000054 0.000049  -0.000012 0.000024 -1.399987
8  3.942140 0.046331 -0.431543  -0.151817 0.073216 -0.811086
9  1.539110 0.000082 0.000004  -0.000022 0.000001 -1.453706
10  1.196332 0.000145 0.000028  -0.000013 0.000017 -1.636634
11  3.883510 -0.047212 0.431350  0.008809 0.162157 -0.649817
12  1.719573 -0.000029 0.000018  -0.004016 -0.062844 -1.725134
13  1.209180 0.000089 0.000011  0.003454 0.000818 -1.524407
14  3.859676 -0.138418 1.332379  0.339746 0.226361 -0.226766
15  1.719448 -0.000019 0.000028  -0.023626 -0.021077 -0.910628
16  1.099675 0.000049 0.000006  -0.000561 0.002264 -1.573830
17  0.777398 -0.914254 1.175078  -1.532744 -0.298487 -0.154825
18  1.789818 -0.000003 -0.000018  0.004171 0.011523 0.142070
19  1.207016 -0.000013 -0.000043  0.001775 -0.000155 0.148007
20  5.740634 0.000389 -0.000699  -0.016372 0.000003 0.000063
21  11.480998 0.000116 -0.000821  0.050999 -0.084570 0.022439
22  6.027524 -0.000330 0.000202  1.661874 -0.512074 1.570660
23  0.000002 11.692103 -0.000008  -0.959997 -0.412927 -0.764928
24  0.000003 0.000008 0.000001  0.582915 -0.000031 1.570739
25  0.000003 -0.000011 -0.000001  0.868960 0.000002 1.570712
26  -6.617934 -9.178503 0.826812  1.473120 1.855075 -0.198639
27  6.027508 -0.000264 -0.000218  1.819422 0.898787 -0.015439
28  11.691991 0.000163 0.000857  -0.338962 0.000032 -1.261784
29  11.480655 -0.000374 0.000743  -1.470276 0.209896 0.315702
30  3.859438 -0.132758 1.193065  0.469647 -0.013262 -1.872395
31  1.312559 0.000026 -0.000001  0.024060 -0.138696 -0.550187
32  0.729345 0.000065 -0.000028  -0.166197 -0.081570 -0.714272
33  3.942046 0.050139 0.430999  0.225309 -0.086237 -1.592712
34  1.539097 0.000006 -0.000001  0.035254 -0.050373 -0.994350
35  1.196300 0.000078 -0.000003  -0.021521 0.002175 -0.839738
36  3.883413 -0.050472 -0.431085  0.184824 -0.271737 -1.204030
37  1.719564 -0.000085 -0.000004  0.022858 -0.107186 -1.509108
38  1.209197 0.000034 0.000011  0.000661 0.071072 -0.480462
39  3.859588 -0.149082 -1.331321  -0.105213 -0.115484 -0.370008
40  1.719413 -0.000098 -0.000036  -0.029959 0.007656 0.205324
41  1.099673 0.000024 0.000007  -0.007378 -0.002888 0.118493
42  0.805983 -0.359847 -1.318338  0.991670 0.166767 -0.799527
43  1.789780 -0.000009 -0.000042  0.000058 -0.002451 0.133098
44  1.206995 -0.000007 0.000005  0.000372 -0.000071 1.058781
45  5.740573 0.000079 0.000721  0.032682 -0.000014 0.000028
46  11.481074 -0.000002 0.000894  0.015347 0.023278 0.050010
47  6.027515 -0.000273 -0.000230  -0.949957 -0.276144 -1.222130
48  0.000000 11.691974 -0.000005  -0.885934 0.350222 0.713872
49  0.000003 -0.000001 0.000001  1.933578 -0.000036 1.570860
50  -0.000007 -0.000014 0.000005  2.272645 -0.000036 1.570861
51  -6.348947 -8.464843 -5.715085  1.824911 -0.502894 -1.425295
52  -0.000000 -0.000000 -0.000001  0.008153 -0.000259 0.000009
53  -0.000000 0.000000 0.000000  1.565115 0.043565 -0.106862
54  0.359167 -3.838394 -9.330225  0.180929 -0.651508 -1.699403
55  0.000000 0.000000 0.000001  0.000000 -0.000001 -0.000002
56  0.000031 0.000029 0.000002  -1.571901 -0.044449 -0.106509
57  1.197918 -19.544212 -21.357969  1.570796 -0.000000 0.000000
58  -15.473691 4.064908 -11.708178  1.570796 -0.000000 0.000000
59  1.941978 12.403633 -8.860325  1.570796 -0.000000 0.000000
60  -0.004311 0.001229 -0.000372  0.006898 -0.005534 -0.284229
61  0.826810 10.209643 -4.879054  1.570796 -0.000000 0.000000
62  0.000000 0.000000 0.000000  -0.078727 -3.136056 0.284226
63  0.000000 0.000000 0.000000  1.592435 0.013324 -0.000882
64  -1.205764 -11.722367 -3.710102  0.924093 1.125877 -0.533514
65  0.042269 -2.588230 0.672586  -0.000000 -0.000000 -0.000000
66  0.048105 -1.112260 2.018827  -0.000000 -0.000000 -0.000000
67  0.048106 -0.032154 -4.796735  -0.000000 -0.000000 -0.000000
68  0.042354 -1.078448 21.234575  -0.000000 -0.000000 -0.000000
69  0.436542 -3.059780 3.935334  -0.000000 -0.000000 -0.000000
70  0.672328 -2.032813 2.042323  -0.000000 -0.000000 -0.000000
71  -0.729358 -1.331797 3.242019  -0.000000 -0.000000 -0.119524
72  0.005236 -1.447476 3.023561  -0.000000 -0.000000 -0.000000
73  -0.700892 0.650637 17.606182  -0.000000 -0.000000 -0.000000
74  0.042269 -2.357919 -0.445847  -0.000000 -0.000000 -0.000000
75  0.436542 -0.003270 1.776058  -0.000000 -0.000000 -0.000000
76  -4.707850 -16.883432 -3.899119  0.924093 1.125877 -0.533514
77  0.171468 2.662424 -1.682825  -0.000000 -0.000000 -0.000000
78  -0.111598 2.502998 -1.682826  -0.000000 -0.000000 -0.000000
79  -0.675346 -20.263802 -1.421176  0.924093 1.125877 -0.533514
80  -0.861920 -0.180712 3.135020  -0.000000 -0.000000 -0.000001
81  -0.861920 0.097230 3.003449  -0.000000 -0.000000 -0.000001
82  -0.861920 -0.180725 2.815480  -0.000000 -0.000000 -0.000001
83  -0.861920 0.097217 2.683909  -0.000000 -0.000000 -0.000001
84  -0.861920 -0.180726 2.495587  -0.000000 -0.000000 -0.000001
85  -0.861920 0.097216 2.364013  -0.000000 -0.000000 -0.000001
86  -0.861920 -0.180726 2.176042  -0.000000 -0.000000 -0.000001
87  -0.861920 0.097215 2.044471  -0.000000 -0.000000 -0.000001
88  -0.861921 -0.180727 1.861902  -0.000000 -0.000000 -0.000001
89  -0.861920 0.097215 1.730333  -0.000000 -0.000000 -0.000001
90  -0.861920 -0.180727 1.542358  -0.000000 -0.000000 -0.000001
91  -0.861920 0.097214 1.410791  -0.000000 -0.000000 -0.000001
92  -0.861920 -0.180722 1.222465  -0.000000 -0.000000 -0.000001
93  -0.861921 0.097220 1.090892  -0.000000 -0.000000 -0.000001
94  -0.861920 -0.180712 0.918800  -0.000000 -0.000000 -0.000001
95  -0.861921 0.097230 0.787233  -0.000000 -0.000000 -0.000001
96  -0.861920 -0.180725 0.599258  -0.000000 -0.000000 -0.000001
97  -0.861920 0.097217 0.467690  -0.000000 -0.000000 -0.000001
98  -0.861920 -0.180726 0.279366  -0.000000 -0.000000 -0.000001
99  -0.861920 0.097216 0.147794  -0.000000 -0.000000 -0.000001
100  -0.861921 -0.180726 -0.040178  -0.000000 -0.000000 -0.000001
101  -0.861920 0.097215 -0.171748  -0.000000 -0.000000 -0.000001
102  -0.861920 -0.180727 -0.354316  -0.000000 -0.000000 -0.000001
103  -0.861920 0.097215 -0.485884  -0.000000 -0.000000 -0.000001
104  -0.861920 -0.180727 -0.673859  -0.000000 -0.000000 -0.000001
105  -0.861920 0.097214 -0.805430  -0.000000 -0.000000 -0.000001
106  -0.861920 -0.180722 -0.993753  -0.000000 -0.000000 -0.000001
107  -0.861920 0.097220 -1.125327  -0.000000 -0.000000 -0.000001
108  -0.861920 -0.180726 -1.295306  -0.000000 -0.000000 -0.000001
109  -0.861920 0.097216 -1.426879  -0.000000 -0.000000 -0.000001
110  -0.861920 -0.180726 -1.614850  -0.000000 -0.000000 -0.000001
111  -0.861920 0.097215 -1.746422  -0.000000 -0.000000 -0.000001
112  -0.861920 -0.180727 -1.928990  -0.000000 -0.000000 -0.000001
113  -0.861920 0.097215 -2.060555  -0.000000 -0.000000 -0.000001
114  -0.861920 -0.180727 -2.248534  -0.000000 -0.000000 -0.000001
115  -0.861920 0.097214 -2.380100  -0.000000 -0.000000 -0.000001
116  -0.861920 -0.180722 -2.568427  -0.000000 -0.000000 -0.000001
117  -0.861920 0.097219 -2.699999  -0.000000 -0.000000 -0.000001
118  -0.861920 -0.180726 -2.887970  -0.000000 -0.000000 -0.000001
119  -0.861920 0.097216 -3.019542  -0.000000 -0.000000 -0.000001
120  -0.861920 -0.180724 -3.207870  -0.000000 -0.000000 -0.000001
121  -0.861921 0.097230 -3.339443  -0.000000 -0.000000 -0.000001
122  -0.861920 -0.180737 -3.527412  -0.000000 -0.000000 -0.000001
123  -0.861921 0.097216 -3.658985  -0.000000 -0.000000 -0.000001
124  -0.861920 -0.048024 -3.936773  -0.000000 -0.000000 -0.000001
125  -0.861920 0.096812 -4.220027  -0.000000 -0.000000 -0.000001
126  -0.861839 0.049009 -4.549492  -0.000000 -0.000000 -0.000000
127  -0.862203 -0.181353 -4.727587  -0.000568 0.008934 0.008929
128  -0.865933 -0.543243 -4.815326  -0.002212 0.031273 0.031204
129  0.018344 -0.713685 -5.609470  0.064463 -0.001783 -0.001902
130  -0.000000 -0.000000 4.970246  -0.000000 -0.000000 -0.000000
131  0.000001 -0.000000 -2.491486  -0.000000 -0.000000 -0.000000
time 11
0  0.000006 0.000000 0.000000  -1.570800 -1.391899 -1.570792
1  -10.924930 -10.629619 1.937671  -1.544956 -1.855077 -0.198630
2  6.027523 -0.000324 0.000193  -0.874917 -1.044258 -1.389327
3  11.692112 0.000642 -0.000737  -0.286179 -0.000017 -1.376108
4  11.480001 -0.000268 -0.000841  1.792770 -0.517278 0.103291
5  3.859503 -0.142823 -1.192080  -0.468169 0.151546 -0.880257
6  1.312590 0.000011 0.000009  -0.000051 -0.000007 -1.595409
7  0.729356 0.000053 0.000048  -0.000012 0.000024 -1.399987
8  3.942141 0.046331 -0.431544  -0.151817 0.073216 -0.811086
9  1.539110 0.000083 0.000004  -0.000022 0.000001 -1.453706
10  1.196332 0.000146 0.000027  -0.000013 0.000017 -1.636634
11  3.883511 -0.047212 0.431350  0.008809 0.162157 -0.649817
12  1.719573 -0.000029 0.000017  -0.004016 -0.062844 -1.725134
13  1.209179 0.000090 0.000011  0.003454 0.000818 -1.524407
14  3.859677 -0.138418 1.332379  0.335202 0.225355 -0.238529
15  1.719448 -0.000018 0.000029  -0.027601 -0.019706 -0.727167
16  1.099675 0.000049 0.000007  -0.000184 0.002269 -1.554190
17  0.785166 -0.929397 1.172004  -1.530116 -0.285953 -0.163946
18  1.789819 -0.000003 -0.000018  0.004128 0.016777 0.163706
19  1.207015 -0.000013 -0.000044  0.001126 -0.000299 -0.053212
20  5.740634 0.000388 -0.000699  -0.011450 0.000003 0.000063
21  11.481008 0.000120 -0.000820  0.051413 -0.078937 0.022025
22  6.027524 -0.000330 0.000202  1.670577 -0.517959 1.552728
23  -0.000000 11.692101 -0.000008  -0.955519 -0.408999 -0.761913
24  0.000002 0.000008 -0.000000  0.582915 -0.000031 1.570739
25  -0.000001 -0.000011 -0.000000  0.868960 0.000002 1.570712
26  -6.617934 -9.178503 0.826812  1.473120 1.855075 -0.198639
27  6.027507 -0.000264 -0.000218  1.799633 0.894812 -0.003206
28  11.691991 0.000161 0.000857  -0.372216 0.000031 -1.257059
29  11.480690 -0.000381 0.000735  -1.399989 0.214164 0.342603
30  3.859438 -0.132759 1.193065  0.469647 -0.013262 -1.872395
31  1.312559 0.000025 -0.000001  0.024060 -0.138696 -0.550187
32  0.729346 0.000065 -0.000028  -0.166197 -0.081570 -0.714272
33  3.942046 0.050139 0.431001  0.225309 -0.086237 -1.592712
34  1.539097 0.000005 -0.000000  0.035254 -0.050373 -0.994350
35  1.196300 0.000078 -0.000003  -0.021521 0.002175 -0.839738
36  3.883414 -0.050472 -0.431084  0.184824 -0.271737 -1.204030
37  1.719562 -0.000084 -0.000004  0.022859 -0.107186 -1.509108
38  1.209196 0.000036 0.000011  0.000661 0.071072 -0.480462
39  3.859589 -0.149081 -1.331321  -0.105796 -0.114161 -0.365630
40  1.719413 -0.000098 -0.000036  -0.029953 0.007282 0.201757
41  1.099674 0.000023 0.000007  -0.007320 -0.002908 0.115658
42  0.805983 -0.359847 -1.318338  0.991670 0.166768 -0.799527
43  1.789780 -0.000008 -0.000042  0.000058 -0.002451 0.133097
44  1.206997 -0.000007 0.000005  0.000372 -0.000071 1.058780
45  5.740573 0.000078 0.000721  0.045230 -0.000014 0.000028
46  11.481081 -0.000004 0.000892  0.028664 0.026589 0.053208
47  6.027515 -0.000273 -0.000230  -0.950776 -0.289095 -1.194205
48  -0.000001 11.691975 -0.000006  -0.883029 0.347862 0.711815
49  0.000003 0.000000 -0.000001  1.900324 -0.000036 1.570860
50  -0.000008 -0.000014 0.000004  2.272645 -0.000036 1.570861
51  -6.334789 -8.506655 -5.923227  1.841585 -0.497054 -1.438294
52  0.000001 0.000000 -0.000001  0.008153 -0.000259 0.000009
53  -0.000000 0.000000 0.000000  1.565115 0.043565 -0.106862
54  0.471113 -3.955056 -9.413713  0.188808 -0.640917 -1.715593
55  0.000001 0.000000 0.000000  0.000000 -0.000001 -0.000002
56  0.000031 0.000029 0.000002  -1.571901 -0.044449 -0.106509
57  1.113369 -19.544212 -21.357969  1.570796 -0.000000 0.000000
58  -15.431847 4.016712 -11.393844  1.570796 -0.000000 0.000000
59  1.941978 12.403633 -8.860325  1.570796 -0.000000 0.000000
60  -0.004311 0.001229 -0.000372  0.006898 -0.005534 -0.284229
61  0.826810 10.209643 -4.879054  1.570796 -0.000000 0.000000
62  0.000000 0.000000 0.000000  -0.078727 -3.136056 0.284226
63  0.000000 0.000000 0.000000  1.594571 -0.000101 -0.001420
64  -1.235753 -11.805648 -3.873781  0.955414 1.117909 -0.510302
65  0.042268 -2.588230 0.672586  0.000000 -0.000000 0.000000
66  0.048104 -1.112260 2.018827  0.000000 -0.000000 0.000000
67  0.048105 -0.032153 -4.796736  0.000000 -0.000000 0.000000
68  0.042353 -1.078447 21.234575  0.000000 -0.000000 0.000000
69  0.436541 -3.059779 3.935332  0.000000 -0.000000 0.000000
70  0.672327 -2.032812 2.042324  0.000000 -0.000000 0.000000
71  -0.729359 -1.331797 3.242017  -0.000000 -0.000000 -0.238201
72  0.005235 -1.447476 3.023561  0.000000 -0.000000 0.000000
73  -0.700892 0.650637 17.606180  0.000000 -0.000000 0.000000
74  0.042269 -2.357918 -0.445848  0.000000 -0.000000 0.000000
75  0.436541 -0.003270 1.776058  0.000000 -0.000000 0.000000
76  -4.760436 -16.947304 -4.151106  0.955414 1.117909 -0.510302
77  0.166968 2.658308 -1.682825  0.000000 -0.000000 0.000000
78  -0.107004 2.504770 -1.682826  0.000000 -0.000000 0.000000
79  -0.779048 -20.367197 -1.644897  0.955414 1.117909 -0.510302
80  -0.861921 -0.180712 3.135019  0.000000 -0.000000 -0.000000
81  -0.861920 0.097229 3.003450  0.000000 -0.000000 -0.000000
82  -0.861920 -0.180725 2.815480  0.000000 -0.000000 -0.000000
83  -0.861920 0.097217 2.683909  0.000000 -0.000000 -0.000000
84  -0.861920 -0.180725 2.495584  0.000000 -0.000000 -0.000000
85  -0.861920 0.097216 2.364010  0.000000 -0.000000 -0.000000
86  -0.861921 -0.180726 2.176039  0.000000 -0.000000 -0.000000
87  -0.861920 0.097215 2.044469  0.000000 -0.000000 -0.000000
88  -0.861921 -0.180727 1.861901  0.000000 -0.000000 -0.000000
89  -0.861920 0.097215 1.730332  0.000000 -0.000000 -0.000000
90  -0.861920 -0.180728 1.542360  0.000000 -0.000000 -0.000000
91  -0.861920 0.097214 1.410789  0.000000 -0.000000 -0.000000
92  -0.861920 -0.180722 1.222463  0.000000 -0.000000 -0.000000
93  -0.861920 0.097220 1.090893  0.000000 -0.000000 -0.000000
94  -0.861921 -0.180712 0.918799  0.000000 -0.000000 -0.000000
95  -0.861920 0.097230 0.787232  0.000000 -0.000000 -0.000000
96  -0.861921 -0.180725 0.599258  0.000000 -0.000000 -0.000000
97  -0.861921 0.097217 0.467689  0.000000 -0.000000 -0.000000
98  -0.861920 -0.180726 0.279366  0.000000 -0.000000 -0.000000
99  -0.861920 0.097216 0.147792  0.000000 -0.000000 -0.000000
100  -0.861920 -0.180726 -0.040179  0.000000 -0.000000 -0.000000
101  -0.861920 0.097215 -0.171751  0.000000 -0.000000 -0.000000
102  -0.861921 -0.180727 -0.354319  0.000000 -0.000000 -0.000000
103  -0.861920 0.097215 -0.485886  0.000000 -0.000000 -0.000000
104  -0.861920 -0.180728 -0.673860  0.000000 -0.000000 -0.000000
105  -0.861920 0.097214 -0.805431  0.000000 -0.000000 -0.000000
106  -0.861920 -0.180722 -0.993756  0.000000 -0.000000 -0.000000
107  -0.861920 0.097219 -1.125327  0.000000 -0.000000 -0.000000
108  -0.861920 -0.180725 -1.295308  0.000000 -0.000000 -0.000000
109  -0.861921 0.097216 -1.426880  0.000000 -0.000000 -0.000000
110  -0.861921 -0.180726 -1.614853  0.000000 -0.000000 -0.000000
111  -0.861920 0.097215 -1.746423  0.000000 -0.000000 -0.000000
112  -0.861921 -0.180727 -1.928991  0.000000 -0.000000 -0.000000
113  -0.861920 0.097215 -2.060558  0.000000 -0.000000 -0.000000
114  -0.861920 -0.180728 -2.248532  0.000000 -0.000000 -0.000000
115  -0.861921 0.097214 -2.380103  0.000000 -0.000000 -0.000000
116  -0.861921 -0.180722 -2.568429  0.000000 -0.000000 -0.000000
117  -0.861920 0.097220 -2.699999  0.000000 -0.000000 -0.000000
118  -0.861921 -0.180725 -2.887973  0.000000 -0.000000 -0.000000
119  -0.861920 0.097216 -3.019542  0.000000 -0.000000 -0.000000
120  -0.861921 -0.180725 -3.207871  0.000000 -0.000000 -0.000000
121  -0.861920 0.097229 -3.339445  0.000000 -0.000000 -0.000000
122  -0.861921 -0.180737 -3.527414  0.000000 -0.000000 -0.000000
123  -0.861920 0.097216 -3.658984  0.000000 -0.000000 -0.000000
124  -0.861920 -0.048024 -3.936774  0.000000 -0.000000 -0.000000
125  -0.861920 0.096813 -4.220028  0.000000 -0.000000 -0.000000
126  -0.861840 0.049009 -4.549495  0.000000 -0.000000 -0.000000
127  -0.862203 -0.181353 -4.727590  -0.000568 0.008934 0.008929
128  -0.865933 -0.543243 -4.815327  -0.002212 0.031273 0.031204
129  0.018344 -0.713685 -5.609472  0.064463 -0.001783 -0.001902
130  0.000000 -0.000000 4.970247  0.000000 -0.000000 0.000000
131  -0.000000 0.000000 -2.491486  0.000000 -0.000000 0.000000
time 12
0  0.000006 0.000000 0.000000  -1.570800 -1.391899 -1.570792
1  -10.924930 -10.629619 1.937671  -1.544956 -1.855077 -0.198630
2  6.027523 -0.000324 0.000193  -0.887345 -1.039895 -1.402706
3  11.692112 0.000643 -0.000739  -0.286178 -0.000016 -1.357373
4  11.480118 -0.000206 -0.000824  1.781647 -0.478330 0.102227
5  3.859504 -0.142823 -1.192080  -0.468169 0.151546 -0.880257
6  1.312589 0.000010 0.000008  -0.000051 -0.000007 -1.595409
7  0.729356 0.000053 0.000050  -0.000012 0.000024 -1.399987
8  3.942141 0.046331 -0.431542  -0.151817 0.073216 -0.811086
9  1.539110 0.000083 0.000004  -0.000022 0.000001 -1.453706
10  1.196333 0.000145 0.000029  -0.000013 0.000017 -1.636634
11  3.883511 -0.047212 0.431351  0.008809 0.162157 -0.649817
12  1.719572 -0.000028 0.000017  -0.004016 -0.062844 -1.725134
13  1.209179 0.000090 0.000013  0.003454 0.000818 -1.524407
14  3.859677 -0.138418 1.332380  0.331672 0.224591 -0.247631
15  1.719448 -0.000019 0.000028  -0.030471 -0.018111 -0.585198
16  1.099676 0.000049 0.000006  0.000109 0.002267 -1.538895
17  0.795530 -0.949600 1.167904  -1.528368 -0.277197 -0.171097
18  1.789820 -0.000004 -0.000018  0.004174 0.020868 0.180556
19  1.207015 -0.000014 -0.000044  0.000652 -0.000497 -0.208734
20  5.740634 0.000389 -0.000699  -0.007663 0.000003 0.000064
21  11.481031 0.000133 -0.000816  0.048994 -0.071327 0.020640
22  6.027524 -0.000330 0.000202  1.678677 -0.520941 1.524597
23  0.000001 11.692103 -0.000008  -0.944220 -0.399162 -0.754260
24  0.000002 0.000009 -0.000001  0.582915 -0.000031 1.570738
25  0.000001 -0.000010 -0.000000  0.868960 0.000002 1.570712
26  -6.617934 -9.178503 0.826812  1.473120 1.855075 -0.198639
27  6.027508 -0.000264 -0.000218  1.785226 0.896866 -0.001692
28  11.691991 0.000161 0.000857  -0.383189 0.000031 -1.247256
29  11.480766 -0.000349 0.000748  -1.366714 0.217088 0.355664
30  3.859437 -0.132759 1.193065  0.469647 -0.013262 -1.872395
31  1.312559 0.000027 -0.000002  0.024060 -0.138696 -0.550187
32  0.729344 0.000064 -0.000028  -0.166197 -0.081570 -0.714272
33  3.942046 0.050139 0.430999  0.225309 -0.086237 -1.592712
34  1.539097 0.000006 -0.000002  0.035254 -0.050373 -0.994350
35  1.196299 0.000079 -0.000003  -0.021521 0.002175 -0.839738
36  3.883413 -0.050473 -0.431085  0.184824 -0.271737 -1.204030
37  1.719564 -0.000085 -0.000005  0.022859 -0.107186 -1.509108
38  1.209198 0.000037 0.000011  0.000661 0.071072 -0.480462
39  3.859588 -0.149082 -1.331321  -0.104887 -0.116218 -0.372442
40  1.719412 -0.000098 -0.000036  -0.029929 0.006229 0.191709
41  1.099675 0.000023 0.000007  -0.007235 -0.002938 0.111583
42  0.805983 -0.359848 -1.318339  0.991670 0.166767 -0.799527
43  1.789781 -0.000008 -0.000042  0.000058 -0.002451 0.133097
44  1.206995 -0.000006 0.000006  0.000372 -0.000071 1.058780
45  5.740573 0.000079 0.000721  0.050852 -0.000014 0.000028
46  11.481097 0.000004 0.000895  0.034905 0.028444 0.054744
47  6.027515 -0.000273 -0.000230  -0.956305 -0.296660 -1.179848
48  -0.000002 11.691975 -0.000006  -0.876994 0.342985 0.707530
49  0.000003 0.000000 0.000000  1.889352 -0.000036 1.570860
50  -0.000007 -0.000014 0.000005  2.272645 -0.000036 1.570861
51  -6.311533 -8.580176 -6.088778  1.856182 -0.489183 -1.448693
52  0.000000 0.000000 -0.000000  0.008153 -0.000259 0.000009
53  -0.000000 0.000000 -0.000001  1.565115 0.043565 -0.106862
54  0.605915 -4.167452 -9.464651  0.179892 -0.625441 -1.734058
55  0.000001 0.000000 0.000000  0.000000 -0.000001 -0.000002
56  0.000031 0.000029 0.000002  -1.571901 -0.044449 -0.106509
57  1.029639 -19.544212 -21.357969  1.570796 -0.000000 0.000000
58  -15.417985 4.000748 -11.289719  1.570796 -0.000000 0.000000
59  1.941978 12.403633 -8.860325  1.570796 -0.000000 0.000000
60  -0.004311 0.001229 -0.000372  0.006898 -0.005534 -0.284229
61  0.826810 10.209643 -4.879054  1.570796 -0.000000 0.000000
62  0.000000 0.000000 0.000000  -0.078727 -3.136056 0.284226
63  0.000000 0.000000 0.000000  1.591290 -0.007333 -0.001659
64  -1.248329 -11.916374 -4.010918  0.987009 1.112088 -0.485420
65  0.042269 -2.588230 0.672586  0.000000 0.000000 0.000000
66  0.048105 -1.112260 2.018826  0.000000 0.000000 0.000000
67  0.048106 -0.032153 -4.796736  0.000000 0.000000 0.000000
68  0.042354 -1.078448 21.234577  0.000000 0.000000 0.000000
69  0.436542 -3.059779 3.935334  0.000000 0.000000 0.000000
70  0.672328 -2.032812 2.042323  0.000000 0.000000 0.000000
71  -0.729358 -1.331796 3.242019  0.000000 -0.000000 -0.176822
72  0.005236 -1.447475 3.023562  0.000000 0.000000 0.000000
73  -0.700892 0.650637 17.606180  0.000000 0.000000 0.000000
74  0.042269 -2.357918 -0.445847  0.000000 0.000000 0.000000
75  0.436542 -0.003270 1.776058  0.000000 0.000000 0.000000
76  -4.787131 -17.042667 -4.378222  0.987009 1.112088 -0.485420
77  0.163135 2.654804 -1.682826  0.000000 0.000000 0.000000
78  -0.103092 2.506279 -1.682827  0.000000 0.000000 0.000000
79  -0.847284 -20.500101 -1.857913  0.987009 1.112088 -0.485420
80  -0.861920 -0.180711 3.135019  0.000000 -0.000000 -0.000001
81  -0.861920 0.097230 3.003448  0.000000 -0.000000 -0.000001
82  -0.861920 -0.180724 2.815479  0.000000 -0.000000 -0.000001
83  -0.861921 0.097218 2.683906  0.000000 -0.000000 -0.000001
84  -0.861920 -0.180725 2.495585  0.000000 -0.000000 -0.000001
85  -0.861921 0.097217 2.364010  0.000000 -0.000000 -0.000001
86  -0.861920 -0.180726 2.176042  0.000000 -0.000000 -0.000001
87  -0.861920 0.097216 2.044468  0.000000 -0.000000 -0.000001
88  -0.861920 -0.180726 1.861902  0.000000 -0.000000 -0.000001
89  -0.861920 0.097216 1.730331  0.000000 -0.000000 -0.000001
90  -0.861921 -0.180727 1.542358  0.000000 -0.000000 -0.000001
91  -0.861921 0.097215 1.410787  0.000000 -0.000000 -0.000001
92  -0.861920 -0.180721 1.222463  0.000000 -0.000000 -0.000001
93  -0.861920 0.097220 1.090890  0.000000 -0.000000 -0.000001
94  -0.861920 -0.180711 0.918800  0.000000 -0.000000 -0.000001
95  -0.861921 0.097230 0.787230  0.000000 -0.000000 -0.000001
96  -0.861920 -0.180724 0.599258  0.000000 -0.000000 -0.000001
97  -0.861920 0.097218 0.467690  0.000000 -0.000000 -0.000001
98  -0.861920 -0.180725 0.279364  0.000000 -0.000000 -0.000001
99  -0.861921 0.097217 0.147792  0.000000 -0.000000 -0.000001
100  -0.861920 -0.180726 -0.040178  0.000000 -0.000000 -0.000001
101  -0.861921 0.097216 -0.171753  0.000000 -0.000000 -0.000001
102  -0.861920 -0.180726 -0.354316  0.000000 -0.000000 -0.000001
103  -0.861921 0.097216 -0.485887  0.000000 -0.000000 -0.000001
104  -0.861920 -0.180727 -0.673863  0.000000 -0.000000 -0.000001
105  -0.861920 0.097215 -0.805431  0.000000 -0.000000 -0.000001
106  -0.861920 -0.180721 -0.993758  0.000000 -0.000000 -0.000001
107  -0.861921 0.097220 -1.125328  0.000000 -0.000000 -0.000001
108  -0.861920 -0.180725 -1.295308  0.000000 -0.000000 -0.000001
109  -0.861920 0.097217 -1.426880  0.000000 -0.000000 -0.000001
110  -0.861920 -0.180725 -1.614852  0.000000 -0.000000 -0.000001
111  -0.861921 0.097216 -1.746426  0.000000 -0.000000 -0.000001
112  -0.861920 -0.180726 -1.928990  0.000000 -0.000000 -0.000001
113  -0.861921 0.097216 -2.060561  0.000000 -0.000000 -0.000001
114  -0.861920 -0.180727 -2.248533  0.000000 -0.000000 -0.000001
115  -0.861920 0.097215 -2.380103  0.000000 -0.000000 -0.000001
116  -0.861921 -0.180721 -2.568430  0.000000 -0.000000 -0.000001
117  -0.861920 0.097220 -2.700000  0.000000 -0.000000 -0.000001
118  -0.861920 -0.180725 -2.887970  0.000000 -0.000000 -0.000001
119  -0.861921 0.097217 -3.019545  0.000000 -0.000000 -0.000001
120  -0.861920 -0.180724 -3.207870  0.000000 -0.000000 -0.000001
121  -0.861921 0.097230 -3.339445  0.000000 -0.000000 -0.000001
122  -0.861921 -0.180737 -3.527414  0.000000 -0.000000 -0.000001
123  -0.861920 0.097217 -3.658985  0.000000 -0.000000 -0.000001
124  -0.861921 -0.048023 -3.936776  0.000000 -0.000000 -0.000001
125  -0.861920 0.096813 -4.220029  0.000000 -0.000000 -0.000001
126  -0.861839 0.049010 -4.549495  0.000000 -0.000000 -0.000000
127  -0.862203 -0.181352 -4.727590  -0.000568 0.008934 0.008929
128  -0.865934 -0.543242 -4.815327  -0.002212 0.031273 0.031204
129  0.018344 -0.713685 -5.609471  0.064463 -0.001784 -0.001902
130  0.000000 0.000001 4.970244  0.000000 0.000000 0.000000
131  0.000000 0.000000 -2.491489  0.000000 0.000000 0.000000
time 13
0  0.000006 0.000000 0.000000  -1.570800 -1.391899 -1.570792
1  -10.924930 -10.629619 1.937671  -1.544956 -1.855077 -0.198630
2  6.027524 -0.000324 0.000193  -0.879853 -1.067590 -1.497380
3  11.692113 0.000645 -0.000739  -0.286173 -0.000010 -1.246119
4  11.479781 -0.000312 -0.000853  1.793585 -0.384058 0.064830
5  3.859504 -0.142823 -1.192080  -0.468169 0.151546 -0.880257
6  1.312591 0.000010 0.000008  -0.000051 -0.000007 -1.595409
7  0.729356 0.000054 0.000049  -0.000012 0.000024 -1.399987
8  3.942142 0.046331 -0.431543  -0.151817 0.073216 -0.811086
9  1.539111 0.000083 0.000005  -0.000022 0.000001 -1.453706
10  1.196333 0.000146 0.000026  -0.000013 0.000017 -1.636634
11  3.883511 -0.047212 0.431351  0.008809 0.162157 -0.649817
12  1.719573 -0.000028 0.000016  -0.004016 -0.062844 -1.725134
13  1.209180 0.000090 0.000012  0.003454 0.000818 -1.524407
14  3.859678 -0.138418 1.332379  0.330421 0.224322 -0.250853
15  1.719448 -0.000018 0.000029  -0.031423 -0.017448 -0.535287
16  1.099675 0.000049 0.000006  0.000213 0.002266 -1.533466
17  0.808205 -0.974309 1.162889  -1.527799 -0.274259 -0.173644
18  1.789819 -0.000002 -0.000018  0.004206 0.022320 0.186538
19  1.207015 -0.000013 -0.000043  0.000494 -0.000584 -0.263303
20  5.740635 0.000388 -0.000699  0.009534 0.000003 0.000064
21  11.480966 0.000112 -0.000823  0.049756 -0.053012 0.012352
22  6.027524 -0.000330 0.000202  1.667973 -0.494611 1.441641
23  -0.000000 11.692101 -0.000009  -0.876352 -0.342452 -0.707004
24  0.000002 0.000009 -0.000000  0.582915 -0.000030 1.570739
25  0.000001 -0.000012 -0.000002  0.868960 0.000002 1.570712
26  -6.617934 -9.178503 0.826812  1.473120 1.855075 -0.198639
27  6.027508 -0.000264 -0.000218  1.778482 0.905536 -0.002869
28  11.691992 0.000160 0.000858  -0.383189 0.000030 -1.237146
29  11.479506 -0.000920 0.000515  -1.356888 0.214961 0.365055
30  3.859437 -0.132758 1.193064  0.469647 -0.013262 -1.872395
31  1.312559 0.000027 -0.000002  0.024060 -0.138696 -0.550187
32  0.729346 0.000064 -0.000028  -0.166197 -0.081570 -0.714272
33  3.942046 0.050138 0.431000  0.225309 -0.086237 -1.592712
34  1.539096 0.000005 -0.000001  0.035254 -0.050373 -0.994350
35  1.196300 0.000077 -0.000004  -0.021521 0.002175 -0.839738
36  3.883412 -0.050472 -0.431085  0.184824 -0.271737 -1.204030
37  1.719563 -0.000085 -0.000004  0.022858 -0.107186 -1.509108
38  1.209196 0.000036 0.000011  0.000661 0.071072 -0.480462
39  3.859587 -0.149082 -1.331322  -0.102442 -0.121570 -0.390279
40  1.719413 -0.000098 -0.000035  -0.029884 0.004878 0.178808
41  1.099673 0.000024 0.000006  -0.007151 -0.002966 0.107508
42  0.805982 -0.359848 -1.318338  0.991670 0.166767 -0.799527
43  1.789780 -0.000008 -0.000042  0.000058 -0.002451 0.133097
44  1.206996 -0.000006 0.000006  0.000372 -0.000071 1.058780
45  5.740573 0.000080 0.000721  0.052821 -0.000014 0.000028
46  11.480845 -0.000109 0.000848  0.036799 0.028502 0.056352
47  6.027515 -0.000273 -0.000230  -0.966359 -0.297170 -1.172795
48  -0.000001 11.691975 -0.000005  -0.870757 0.337980 0.703085
49  0.000004 0.000000 -0.000000  1.889352 -0.000036 1.570860
50  -0.000007 -0.000013 0.000005  2.272645 -0.000036 1.570861
51  -6.215335 -8.655313 -6.151513  1.866215 -0.480070 -1.456946
52  -0.000000 -0.000000 -0.000000  0.008153 -0.000259 0.000009
53  -0.000001 0.000000 -0.000001  1.565115 0.043565 -0.106862
54  0.803336 -5.079936 -9.245891  0.164130 -0.606382 -1.755087
55  0.000001 -0.000000 0.000001  0.000000 -0.000001 -0.000002
56  0.000031 0.000029 0.000001  -1.571901 -0.044449 -0.106509
57  0.949013 -19.544212 -21.357969  1.570796 -0.000000 0.000000
58  -15.417985 4.000748 -11.289719  1.570796 -0.000000 0.000000
59  1.941978 12.403633 -8.860325  1.570796 -0.000000 0.000000
60  -0.004311 0.001229 -0.000372  0.006898 -0.005534 -0.284229
61  0.826810 10.209643 -4.879054  1.570796 -0.000000 0.000000
62  0.000000 0.000000 0.000000  -0.078727 -3.136056 0.284226
63  0.000000 0.000000 0.000000  1.581697 0.005154 -0.000748
64  -1.180253 -12.030582 -4.068426  1.015214 1.109812 -0.463724
65  0.042269 -2.588230 0.672586  0.000000 -0.000000 -0.000000
66  0.048105 -1.112260 3.000125  0.000000 -0.000000 -0.000000
67  0.048105 -0.032153 -3.996492  0.000000 -0.000000 -0.000000
68  0.042353 -1.078447 21.234571  0.000000 -0.000000 -0.000000
69  0.436542 -3.059779 3.935333  0.000000 -0.000000 -0.000000
70  0.672328 -2.032812 2.042324  0.000000 -0.000000 -0.000000
71  -0.729358 -1.331797 3.242018  0.000000 -0.000000 -0.062029
72  0.194741 -1.447476 3.023561  0.000000 -0.000000 -0.000000
73  -0.700892 0.650638 17.606178  0.000000 -0.000000 -0.000000
74  0.042269 -2.357918 -0.445848  0.000000 -0.000000 -0.000000
75  0.436542 -0.003270 1.776058  0.000000 -0.000000 -0.000000
76  -4.734221 -17.140076 -4.514855  1.015214 1.109812 -0.463724
77  0.160162 2.652083 -1.682825  0.000000 -0.000000 -0.000000
78  -0.100056 2.507450 -1.682826  0.000000 -0.000000 -0.000000
79  -0.826318 -20.636969 -1.999260  1.015214 1.109812 -0.463724
80  -0.861920 -0.180712 3.135020  0.000000 -0.000000 -0.000001
81  -0.861920 0.097230 3.003448  0.000000 -0.000000 -0.000001
82  -0.861920 -0.180725 2.815480  0.000000 -0.000000 -0.000001
83  -0.861920 0.097217 2.683911  0.000000 -0.000000 -0.000001
84  -0.861921 -0.180725 2.495584  0.000000 -0.000000 -0.000001
85  -0.861920 0.097216 2.364012  0.000000 -0.000000 -0.000001
86  -0.861920 -0.180726 2.176041  0.000000 -0.000000 -0.000001
87  -0.861920 0.097216 2.044469  0.000000 -0.000000 -0.000001
88  -0.861921 -0.180726 1.861902  0.000000 -0.000000 -0.000001
89  -0.861920 0.097215 1.730332  0.000000 -0.000000 -0.000001
90  -0.861921 -0.180727 1.542357  0.000000 -0.000000 -0.000001
91  -0.861920 0.097214 1.410791  0.000000 -0.000000 -0.000001
92  -0.861920 -0.180722 1.222465  0.000000 -0.000000 -0.000001
93  -0.861920 0.097220 1.090893  0.000000 -0.000000 -0.000001
94  -0.861921 -0.180712 0.918801  0.000000 -0.000000 -0.000001
95  -0.861920 0.097230 0.787233  0.000000 -0.000000 -0.000001
96  -0.861920 -0.180725 0.599258  0.000000 -0.000000 -0.000001
97  -0.861920 0.097217 0.467692  0.000000 -0.000000 -0.000001
98  -0.861920 -0.180725 0.279367  0.000000 -0.000000 -0.000001
99  -0.861920 0.097216 0.147793  0.000000 -0.000000 -0.000001
100  -0.861920 -0.180726 -0.040176  0.000000 -0.000000 -0.000001
101  -0.861920 0.097216 -0.171750  0.000000 -0.000000 -0.000001
102  -0.861920 -0.180727 -0.354315  0.000000 -0.000000 -0.000001
103  -0.861920 0.097215 -0.485885  0.000000 -0.000000 -0.000001
104  -0.861920 -0.180727 -0.673860  0.000000 -0.000000 -0.000001
105  -0.861920 0.097215 -0.805431  0.000000 -0.000000 -0.000001
106  -0.861920 -0.180721 -0.993754  0.000000 -0.000000 -0.000001
107  -0.861920 0.097220 -1.125327  0.000000 -0.000000 -0.000001
108  -0.861920 -0.180725 -1.295307  0.000000 -0.000000 -0.000001
109  -0.861920 0.097216 -1.426877  0.000000 -0.000000 -0.000001
110  -0.861920 -0.180726 -1.614850  0.000000 -0.000000 -0.000001
111  -0.861920 0.097216 -1.746423  0.000000 -0.000000 -0.000001
112  -0.861920 -0.180726 -1.928990  0.000000 -0.000000 -0.000001
113  -0.861920 0.097215 -2.060556  0.000000 -0.000000 -0.000001
114  -0.861921 -0.180727 -2.248533  0.000000 -0.000000 -0.000001
115  -0.861920 0.097214 -2.380101  0.000000 -0.000000 -0.000001
116  -0.861920 -0.180721 -2.568427  0.000000 -0.000000 -0.000001
117  -0.861920 0.097220 -2.699999  0.000000 -0.000000 -0.000001
118  -0.861921 -0.180725 -2.887970  0.000000 -0.000000 -0.000001
119  -0.861920 0.097216 -3.019541  0.000000 -0.000000 -0.000001
120  -0.861920 -0.180725 -3.207869  0.000000 -0.000000 -0.000001
121  -0.861920 0.097229 -3.339442  0.000000 -0.000000 -0.000001
122  -0.861921 -0.180737 -3.527412  0.000000 -0.000000 -0.000001
123  -0.861921 0.097217 -3.658984  0.000000 -0.000000 -0.000001
124  -0.861920 -0.048023 -3.936774  0.000000 -0.000000 -0.000001
125  -0.861920 0.096813 -4.220026  0.000000 -0.000000 -0.000001
126  -0.861839 0.049009 -4.549493  0.000000 -0.000000 -0.000000
127  -0.862203 -0.181353 -4.727588  -0.000568 0.008934 0.008929
128  -0.865933 -0.543243 -4.815324  -0.002212 0.031273 0.031204
129  0.018344 -0.713685 -5.609470  0.064463 -0.001784 -0.001902
130  0.000000 -0.000000 4.970247  0.000000 -0.000000 -0.000000
131  -0.000000 0.000000 -2.491492  0.000000 -0.000000 -0.000000
time 14
0  0.000006 0.000000 0.000000  -1.570800 -1.391899 -1.570792
1  -10.924930 -10.629619 1.937671  -1.544956 -1.855077 -0.198630
2  6.027524 -0.000325 0.000192  -0.801996 -1.143934 -1.696001
3  11.692113 0.000644 -0.000738  -0.286160 -0.000002 -1.037863
4  11.480432 0.000048 -0.000748  1.814593 -0.271461 0.021006
5  3.859503 -0.142823 -1.192079  -0.468169 0.151546 -0.880257
6  1.312591 0.000010 0.000008  -0.000051 -0.000007 -1.595410
7  0.729355 0.000054 0.000048  -0.000012 0.000024 -1.399987
8  3.942140 0.046331 -0.431543  -0.151817 0.073216 -0.811086
9  1.539111 0.000083 0.000005  -0.000022 0.000001 -1.453706
10  1.196331 0.000146 0.000029  -0.000013 0.000017 -1.636634
11  3.883512 -0.047212 0.431351  0.008809 0.162157 -0.649817
12  1.719573 -0.000029 0.000017  -0.004016 -0.062844 -1.725134
13  1.209180 0.000089 0.000013  0.003454 0.000818 -1.524407
14  3.859677 -0.138418 1.332380  0.330829 0.226210 -0.249601
15  1.719449 -0.000018 0.000028  -0.031079 -0.018203 -0.582874
16  1.099675 0.000049 0.000007  0.000144 0.002314 -1.538543
17  0.822905 -1.002964 1.157074  -1.527799 -0.274259 -0.173644
18  1.789819 -0.000004 -0.000018  0.004206 0.022320 0.186538
19  1.207016 -0.000014 -0.000044  0.000494 -0.000584 -0.263304
20  5.740636 0.000389 -0.000699  0.031689 0.000003 0.000063
21  11.481096 0.000183 -0.000802  0.052701 -0.031166 0.002485
22  6.027524 -0.000330 0.000202  1.616248 -0.424668 1.335632
23  -0.000001 11.692101 -0.000008  -0.745098 -0.245034 -0.610369
24  0.000002 0.000009 0.000000  0.582915 -0.000031 1.570739
25  -0.000001 -0.000010 -0.000001  0.868960 0.000002 1.570712
26  -6.617934 -9.178503 0.826812  1.473120 1.855075 -0.198639
27  6.027508 -0.000264 -0.000218  1.792903 0.920255 0.007220
28  11.691991 0.000162 0.000858  -0.383190 0.000029 -1.224581
29  11.480009 -0.000672 0.000617  -1.349288 0.184829 0.362266
30  3.859438 -0.132758 1.193065  0.469647 -0.013262 -1.872395
31  1.312559 0.000024 -0.000002  0.024060 -0.138696 -0.550187
32  0.729346 0.000064 -0.000028  -0.166197 -0.081570 -0.714272
33  3.942046 0.050139 0.431000  0.225309 -0.086237 -1.592712
34  1.539097 0.000005 0.000000  0.035254 -0.050373 -0.994350
35  1.196300 0.000077 -0.000003  -0.021521 0.002175 -0.839738
36  3.883414 -0.050472 -0.431084  0.184824 -0.271737 -1.204030
37  1.719564 -0.000083 -0.000004  0.022859 -0.107186 -1.509108
38  1.209198 0.000036 0.000011  0.000661 0.071072 -0.480462
39  3.859589 -0.149082 -1.331321  -0.099900 -0.126879 -0.408140
40  1.719413 -0.000098 -0.000036  -0.029836 0.003826 0.168761
41  1.099675 0.000023 0.000007  -0.007092 -0.002986 0.104673
42  0.805985 -0.359848 -1.318338  0.991670 0.166767 -0.799527
43  1.789779 -0.000008 -0.000042  0.000058 -0.002451 0.133098
44  1.206997 -0.000007 0.000006  0.000372 -0.000071 1.058780
45  5.740574 0.000079 0.000721  0.055889 -0.000014 0.000028
46  11.480947 -0.000061 0.000869  0.039456 0.022796 0.056134
47  6.027515 -0.000273 -0.000230  -0.976972 -0.283350 -1.171081
48  -0.000001 11.691976 -0.000005  -0.862988 0.331796 0.697526
49  0.000004 0.000000 -0.000000  1.889352 -0.000036 1.570860
50  -0.000007 -0.000013 0.000004  2.272645 -0.000036 1.570861
51  -6.109286 -8.741909 -5.967525  1.874254 -0.457657 -1.451794
52  -0.000000 0.000001 -0.000001  0.008153 -0.000259 0.000009
53  0.000001 0.000000 0.000000  1.565115 0.043565 -0.106862
54  0.965473 -6.485191 -8.630547  0.142387 -0.568131 -1.768732
55  -0.000000 0.000000 0.000000  0.000000 -0.000001 -0.000002
56  0.000031 0.000029 0.000002  -1.571901 -0.044449 -0.106509
57  0.873903 -19.544212 -21.357969  1.570796 -0.000000 0.000000
58  -15.417985 4.000748 -11.289719  1.570796 -0.000000 0.000000
59  1.941978 12.403633 -8.860325  1.570796 -0.000000 0.000000
60  -0.004311 0.001229 -0.000372  0.006898 -0.005534 -0.284229
61  0.826810 10.209643 -4.879054  1.570796 -0.000000 0.000000
62  0.000000 0.000000 0.000000  -0.078727 -3.136056 0.284226
63  0.000000 0.000000 0.000000  1.571081 0.017650 0.000727
64  -1.053826 -12.120329 -3.939630  1.066862 1.115475 -0.408614
65  0.042269 -2.588230 0.672586  -0.000000 -0.000000 0.000000
66  0.048105 -1.112260 4.822537  -0.000000 -0.000000 0.000000
67  0.048106 -0.032154 -2.510325  -0.000000 -0.000000 0.000000
68  0.042353 -1.078447 21.234573  -0.000000 -0.000000 0.000000
69  0.436542 -3.059779 3.935333  -0.000000 -0.000000 0.000000
70  0.672328 -2.032813 2.042324  -0.000000 -0.000000 0.000000
71  -0.729358 -1.331797 3.242018  -0.000000 -0.000000 0.000000
72  -0.042807 -1.135955 4.907640  0.001806 -0.000000 0.000000
73  -0.700892 0.650637 17.606180  -0.000000 -0.000000 0.000000
74  0.042269 -2.357918 -0.445848  -0.000000 -0.000000 0.000000
75  0.436542 -0.003270 1.776058  -0.000000 -0.000000 0.000000
76  -4.560502 -17.248976 -4.520244  1.066862 1.115475 -0.408614
77  0.158239 2.650323 -1.682825  -0.000000 -0.000000 0.000000
78  -0.098091 2.508208 -1.682826  -0.000000 -0.000000 0.000000
79  -0.633003 -20.768822 -2.067971  1.066862 1.115475 -0.408614
80  -0.861921 -0.180712 3.135018  0.000000 -0.000000 -0.000000
81  -0.861921 0.097230 3.003447  0.000000 -0.000000 -0.000000
82  -0.861922 -0.180724 2.815479  0.000000 -0.000000 -0.000000
83  -0.861921 0.097217 2.683909  0.000000 -0.000000 -0.000000
84  -0.861921 -0.180725 2.495584  0.000000 -0.000000 -0.000000
85  -0.861921 0.097216 2.364013  0.000000 -0.000000 -0.000000
86  -0.861921 -0.180726 2.176039  0.000000 -0.000000 -0.000000
87  -0.861921 0.097216 2.044469  0.000000 -0.000000 -0.000000
88  -0.861921 -0.180727 1.861903  0.000000 -0.000000 -0.000000
89  -0.861921 0.097215 1.730333  0.000000 -0.000000 -0.000000
90  -0.861921 -0.180728 1.542361  0.000000 -0.000000 -0.000000
91  -0.861921 0.097215 1.410790  0.000000 -0.000000 -0.000000
92  -0.861921 -0.180721 1.222462  0.000000 -0.000000 -0.000000
93  -0.861921 0.097220 1.090890  0.000000 -0.000000 -0.000000
94  -0.861921 -0.180712 0.918800  0.000000 -0.000000 -0.000000
95  -0.861921 0.097230 0.787232  0.000000 -0.000000 -0.000000
96  -0.861921 -0.180725 0.599258  0.000000 -0.000000 -0.000000
97  -0.861921 0.097217 0.467691  0.000000 -0.000000 -0.000000
98  -0.861921 -0.180725 0.279364  0.000000 -0.000000 -0.000000
99  -0.861921 0.097216 0.147794  0.000000 -0.000000 -0.000000
100  -0.861922 -0.180726 -0.040180  0.000000 -0.000000 -0.000000
101  -0.861921 0.097216 -0.171751  0.000000 -0.000000 -0.000000
102  -0.861921 -0.180727 -0.354316  0.000000 -0.000000 -0.000000
103  -0.861921 0.097215 -0.485884  0.000000 -0.000000 -0.000000
104  -0.861921 -0.180728 -0.673859  0.000000 -0.000000 -0.000000
105  -0.861921 0.097214 -0.805431  0.000000 -0.000000 -0.000000
106  -0.861921 -0.180721 -0.993757  0.000000 -0.000000 -0.000000
107  -0.861921 0.097220 -1.125329  0.000000 -0.000000 -0.000000
108  -0.861921 -0.180725 -1.295306  0.000000 -0.000000 -0.000000
109  -0.861921 0.097216 -1.426879  0.000000 -0.000000 -0.000000
110  -0.861921 -0.180726 -1.614851  0.000000 -0.000000 -0.000000
111  -0.861921 0.097216 -1.746424  0.000000 -0.000000 -0.000000
112  -0.861921 -0.180727 -1.928989  0.000000 -0.000000 -0.000000
113  -0.861921 0.097215 -2.060557  0.000000 -0.000000 -0.000000
114  -0.861921 -0.180727 -2.248533  0.000000 -0.000000 -0.000000
115  -0.861921 0.097214 -2.380102  0.000000 -0.000000 -0.000000
116  -0.861921 -0.180721 -2.568428  0.000000 -0.000000 -0.000000
117  -0.861921 0.097220 -2.700002  0.000000 -0.000000 -0.000000
118  -0.861921 -0.180725 -2.887971  0.000000 -0.000000 -0.000000
119  -0.861921 0.097216 -3.019542  0.000000 -0.000000 -0.000000
120  -0.861921 -0.180724 -3.207872  0.000000 -0.000000 -0.000000
121  -0.861921 0.097229 -3.339443  0.000000 -0.000000 -0.000000
122  -0.861921 -0.180737 -3.527414  0.000000 -0.000000 -0.000000
123  -0.861921 0.097217 -3.658985  0.000000 -0.000000 -0.000000
124  -0.861921 -0.048023 -3.936777  0.000000 -0.000000 -0.000000
125  -0.861921 0.096813 -4.220029  0.000000 -0.000000 -0.000000
126  -0.861840 0.049009 -4.549492  -0.000000 -0.000000 0.000000
127  -0.862203 -0.181353 -4.727588  -0.000568 0.008934 0.008929
128  -0.865934 -0.543243 -4.815327  -0.002212 0.031273 0.031204
129  0.018344 -0.713685 -5.609471  0.064463 -0.001783 -0.001902
130  -0.000001 0.000000 4.970245  -0.000000 -0.000000 0.000000
131  -0.000001 0.000000 -2.491493  -0.000000 -0.000000 0.000000
time 15
0  0.000006 0.000000 0.000000  -1.570800 -1.391899 -1.570792
1  -10.924930 -10.629619 1.937671  -1.544956 -1.855077 -0.198630
2  6.027525 -0.000326 0.000192  -0.744410 -1.195945 -1.851400
3  11.692117 0.000644 -0.000739  -0.286153 0.000002 -0.923800
4  11.480502 0.000111 -0.000730  1.899177 -0.162528 0.050590
5  3.859503 -0.142823 -1.192080  -0.468169 0.151546 -0.880257
6  1.312589 0.000009 0.000007  -0.000051 -0.000007 -1.595409
7  0.729354 0.000054 0.000050  -0.000012 0.000024 -1.399987
8  3.942141 0.046331 -0.431543  -0.151817 0.073216 -0.811086
9  1.539110 0.000083 0.000003  -0.000022 0.000001 -1.453706
10  1.196332 0.000147 0.000027  -0.000013 0.000017 -1.636634
11  3.883511 -0.047212 0.431350  0.008809 0.162157 -0.649817
12  1.719572 -0.000029 0.000017  -0.004016 -0.062844 -1.725134
13  1.209180 0.000089 0.000012  0.003454 0.000818 -1.524407
14  3.859677 -0.138418 1.332379  0.332607 0.230670 -0.245079
15  1.719449 -0.000018 0.000028  -0.029603 -0.019785 -0.707894
16  1.099676 0.000050 0.000005  -0.000074 0.002410 -1.551822
17  0.839337 -1.034994 1.150573  -1.527799 -0.274259 -0.173644
18  1.789819 -0.000004 -0.000018  0.004206 0.022320 0.186538
19  1.207014 -0.000014 -0.000044  0.000494 -0.000584 -0.263304
20  5.740636 0.000388 -0.000700  0.064151 0.000003 0.000064
21  11.481112 0.000196 -0.000800  0.069256 -0.008158 0.008549
22  6.027524 -0.000330 0.000202  1.587543 -0.374579 1.244446
23  -0.000000 11.692101 -0.000008  -0.670524 -0.197160 -0.553049
24  0.000003 0.000010 -0.000000  0.582915 -0.000031 1.570738
25  -0.000000 -0.000013 -0.000001  0.868960 0.000002 1.570712
26  -6.617934 -9.178503 0.826812  1.473120 1.855075 -0.198639
27  6.027508 -0.000264 -0.000218  1.783373 0.934690 0.005825
28  11.691992 0.000162 0.000858  -0.383191 0.000028 -1.210514
29  11.480067 -0.000643 0.000627  -1.259339 0.188366 0.384873
30  3.859437 -0.132758 1.193065  0.469647 -0.013262 -1.872395
31  1.312559 0.000026 -0.000001  0.024060 -0.138696 -0.550187
32  0.729345 0.000065 -0.000028  -0.166197 -0.081570 -0.714273
33  3.942046 0.050139 0.431000  0.225309 -0.086237 -1.592712
34  1.539096 0.000005 -0.000001  0.035254 -0.050373 -0.994350
35  1.196300 0.000079 -0.000003  -0.021521 0.002175 -0.839738
36  3.883414 -0.050472 -0.431084  0.184824 -0.271737 -1.204030
37  1.719563 -0.000085 -0.000004  0.022859 -0.107186 -1.509108
38  1.209197 0.000035 0.000011  0.000661 0.071072 -0.480462
39  3.859589 -0.149082 -1.331321  -0.098902 -0.128896 -0.414975
40  1.719413 -0.000098 -0.000036  -0.029817 0.003452 0.165194
41  1.099674 0.000023 0.000007  -0.007071 -0.002993 0.103699
42  0.805983 -0.359847 -1.318338  0.991670 0.166767 -0.799527
43  1.789779 -0.000009 -0.000043  0.000058 -0.002451 0.133098
44  1.206996 -0.000008 0.000004  0.000372 -0.000071 1.058780
45  5.740572 0.000081 0.000721  0.073072 -0.000014 0.000028
46  11.480957 -0.000053 0.000871  0.056650 0.027137 0.057978
47  6.027515 -0.000273 -0.000230  -0.993137 -0.283017 -1.160333
48  -0.000001 11.691976 -0.000007  -0.854268 0.324922 0.691257
49  0.000003 0.000000 -0.000001  1.889352 -0.000036 1.570860
50  -0.000008 -0.000013 0.000004  2.272645 -0.000036 1.570861
51  -5.929021 -8.847693 -6.043426  1.967027 -0.451216 -1.471819
52  -0.000001 -0.000000 -0.000001  0.008153 -0.000259 0.000009
53  0.000000 -0.000000 0.000000  1.565115 0.043565 -0.106862
54  1.332968 -7.189166 -7.921319  0.208046 -0.518377 -1.817142
55  0.000000 -0.000000 -0.000000  0.000000 -0.000001 -0.000002
56  0.000030 0.000029 0.000000  -1.571901 -0.044449 -0.106509
57  0.806814 -19.544212 -21.357969  1.570796 -0.000000 0.000000
58  -15.417985 4.000748 -11.289719  1.570796 -0.000000 0.000000
59  1.941978 12.403633 -8.860325  1.570796 -0.000000 0.000000
60  -0.004311 0.001229 -0.000372  0.006898 -0.005534 -0.284229
61  0.826810 10.209643 -4.879054  1.570796 -0.000000 0.000000
62  0.000000 0.000000 0.000000  -0.078727 -3.136056 0.284226
63  0.000000 0.000000 0.000000  1.566066 0.012446 0.001503
64  -0.985750 -12.156675 -3.656278  1.158586 1.043867 -0.306946
65  0.042269 -2.588230 0.672586  0.000000 -0.000000 -0.000000
66  0.048105 -1.112260 5.803836  0.000000 -0.000000 -0.000000
67  0.048105 -0.032154 -1.710083  0.000000 -0.000000 -0.000000
68  0.042354 -1.078448 21.234573  0.000000 -0.000000 -0.000000
69  0.436542 -3.059779 3.935333  0.000000 -0.000000 -0.000000
70  0.672328 -2.032813 2.042324  0.000000 -0.000000 -0.000000
71  -0.729358 -1.331797 3.242018  0.000000 -0.000000 -0.000000
72  0.194740 -1.447476 3.023561  0.000000 -0.000000 -0.000000
73  -0.700892 0.650637 17.606180  0.000000 -0.000000 -0.000000
74  0.042269 -2.357918 -0.445848  0.000000 -0.000000 -0.000000
75  0.436542 -0.003270 1.776059  0.000000 -0.000000 -0.000000
76  -4.322961 -17.344456 -4.598026  1.158586 1.043867 -0.306946
77  0.157555 2.649698 -1.682825  0.000000 -0.000000 -0.000000
78  -0.097393 2.508477 -1.682826  0.000000 -0.000000 -0.000000
79  -0.535345 -20.824343 -1.882786  1.158586 1.043867 -0.306946
80  -0.861921 -0.180711 3.135017  0.000000 -0.000000 -0.000001
81  -0.861920 0.097230 3.003448  0.000000 -0.000000 -0.000001
82  -0.861921 -0.180724 2.815478  0.000000 -0.000000 -0.000001
83  -0.861921 0.097218 2.683907  0.000000 -0.000000 -0.000001
84  -0.861920 -0.180725 2.495584  0.000000 -0.000000 -0.000001
85  -0.861921 0.097217 2.364009  0.000000 -0.000000 -0.000001
86  -0.861920 -0.180726 2.176038  0.000000 -0.000000 -0.000001
87  -0.861921 0.097216 2.044466  0.000000 -0.000000 -0.000001
88  -0.861921 -0.180726 1.861901  0.000000 -0.000000 -0.000001
89  -0.861921 0.097216 1.730328  0.000000 -0.000000 -0.000001
90  -0.861920 -0.180727 1.542357  0.000000 -0.000000 -0.000001
91  -0.861920 0.097215 1.410790  0.000000 -0.000000 -0.000001
92  -0.861921 -0.180721 1.222462  0.000000 -0.000000 -0.000001
93  -0.861920 0.097220 1.090889  0.000000 -0.000000 -0.000001
94  -0.861920 -0.180711 0.918798  0.000000 -0.000000 -0.000001
95  -0.861921 0.097231 0.787229  0.000000 -0.000000 -0.000001
96  -0.861920 -0.180724 0.599257  0.000000 -0.000000 -0.000001
97  -0.861920 0.097217 0.467688  0.000000 -0.000000 -0.000001
98  -0.861921 -0.180725 0.279363  0.000000 -0.000000 -0.000001
99  -0.861920 0.097217 0.147792  0.000000 -0.000000 -0.000001
100  -0.861921 -0.180725 -0.040181  0.000000 -0.000000 -0.000001
101  -0.861920 0.097216 -0.171753  0.000000 -0.000000 -0.000001
102  -0.861920 -0.180726 -0.354318  0.000000 -0.000000 -0.000001
103  -0.861920 0.097216 -0.485887  0.000000 -0.000000 -0.000001
104  -0.861920 -0.180727 -0.673860  0.000000 -0.000000 -0.000001
105  -0.861920 0.097215 -0.805432  0.000000 -0.000000 -0.000001
106  -0.861920 -0.180721 -0.993757  0.000000 -0.000000 -0.000001
107  -0.861920 0.097220 -1.125330  0.000000 -0.000000 -0.000001
108  -0.861921 -0.180725 -1.295309  0.000000 -0.000000 -0.000001
109  -0.861920 0.097217 -1.426880  0.000000 -0.000000 -0.000001
110  -0.861921 -0.180725 -1.614854  0.000000 -0.000000 -0.000001
111  -0.861921 0.097216 -1.746425  0.000000 -0.000000 -0.000001
112  -0.861920 -0.180726 -1.928990  0.000000 -0.000000 -0.000001
113  -0.861920 0.097215 -2.060559  0.000000 -0.000000 -0.000001
114  -0.861920 -0.180727 -2.248535  0.000000 -0.000000 -0.000001
115  -0.861920 0.097215 -2.380102  0.000000 -0.000000 -0.000001
116  -0.861920 -0.180721 -2.568429  0.000000 -0.000000 -0.000001
117  -0.861921 0.097220 -2.700004  0.000000 -0.000000 -0.000001
118  -0.861921 -0.180725 -2.887973  0.000000 -0.000000 -0.000001
119  -0.861921 0.097217 -3.019545  0.000000 -0.000000 -0.000001
120  -0.861920 -0.180724 -3.207873  0.000000 -0.000000 -0.000001
121  -0.861920 0.097230 -3.339445  0.000000 -0.000000 -0.000001
122  -0.861921 -0.180737 -3.527416  0.000000 -0.000000 -0.000001
123  -0.861920 0.097217 -3.658987  0.000000 -0.000000 -0.000001
124  -0.861920 -0.048023 -3.936774  0.000000 -0.000000 -0.000001
125  -0.861921 0.096813 -4.220029  0.000000 -0.000000 -0.000001
126  -0.861839 0.049010 -4.549495  0.000000 -0.000000 -0.000000
127  -0.862202 -0.181353 -4.727589  -0.000568 0.008934 0.008929
128  -0.865933 -0.543243 -4.815327  -0.002212 0.031273 0.031204
129  0.018344 -0.713685 -5.609471  0.064463 -0.001783 -0.001902
130  -0.000000 0.000000 4.970243  0.000000 -0.000000 -0.000000
131  -0.000000 0.000000 -2.491490  0.000000 -0.000000 -0.000000
time 16
0  0.000006 0.000000 0.000000  -1.570800 -1.391899 -1.570792
1  -10.822552 -10.477085 1.917948  -1.544956 -1.855077 -0.198630
2  6.027525 -0.000325 0.000192  -0.781569 -1.191812 -1.850697
3  11.692112 0.000647 -0.000738  -0.286155 0.000000 -0.961576
4  11.480835 0.000215 -0.000702  1.958508 -0.108112 0.113771
5  3.859503 -0.142823 -1.192080  -0.468169 0.151546 -0.880257
6  1.312589 0.000009 0.000009  -0.000051 -0.000007 -1.595409
7  0.729356 0.000055 0.000050  -0.000012 0.000024 -1.399987
8  3.942141 0.046331 -0.431544  -0.151817 0.073216 -0.811086
9  1.539111 0.000082 0.000004  -0.000022 0.000001 -1.453706
10  1.196333 0.000145 0.000029  -0.000013 0.000017 -1.636634
11  3.883510 -0.047212 0.431350  0.008809 0.162157 -0.649817
12  1.719572 -0.000029 0.000017  -0.004016 -0.062844 -1.725134
13  1.209178 0.000090 0.000012  0.003454 0.000818 -1.524407
14  3.859676 -0.138418 1.332379  0.336301 0.233787 -0.237193
15  1.719448 -0.000018 0.000028  -0.026903 -0.020258 -0.832943
16  1.099676 0.000049 0.000006  -0.000394 0.002425 -1.565101
17  0.857192 -1.069802 1.143510  -1.527799 -0.274259 -0.173644
18  1.789818 -0.000004 -0.000018  0.004206 0.022320 0.186538
19  1.207015 -0.000012 -0.000044  0.000494 -0.000584 -0.263303
20  5.740637 0.000389 -0.000699  0.085104 0.000003 0.000064
21  11.481180 0.000217 -0.000794  0.080715 0.005066 0.021020
22  6.027524 -0.000330 0.000203  1.602508 -0.377803 1.205100
23  0.000000 11.692098 -0.000008  -0.695445 -0.212551 -0.572370
24  0.000003 0.000008 -0.000001  0.582915 -0.000031 1.570739
25  0.000000 -0.000012 -0.000002  0.868960 0.000002 1.570712
26  -6.617934 -9.178503 0.826812  1.473120 1.855075 -0.198639
27  6.027508 -0.000264 -0.000218  1.768360 0.943525 0.000222
28  11.691991 0.000163 0.000859  -0.383191 0.000028 -1.203194
29  11.480104 -0.000628 0.000635  -1.177716 0.219197 0.413668
30  3.859437 -0.132758 1.193065  0.469647 -0.013262 -1.872395
31  1.312559 0.000026 -0.000001  0.024060 -0.138696 -0.550187
32  0.729346 0.000064 -0.000027  -0.166197 -0.081570 -0.714272
33  3.942047 0.050139 0.431001  0.225309 -0.086237 -1.592712
34  1.539096 0.000005 -0.000001  0.035254 -0.050373 -0.994350
35  1.196299 0.000078 -0.000003  -0.021521 0.002175 -0.839738
36  3.883414 -0.050472 -0.431084  0.184824 -0.271737 -1.204030
37  1.719564 -0.000085 -0.000004  0.022859 -0.107186 -1.509108
38  1.209197 0.000032 0.000010  0.000661 0.071072 -0.480462
39  3.859588 -0.149082 -1.331321  -0.098902 -0.128896 -0.414975
40  1.719413 -0.000098 -0.000035  -0.029817 0.003452 0.165194
41  1.099673 0.000024 0.000007  -0.007071 -0.002993 0.103700
42  0.805984 -0.359847 -1.318338  0.991670 0.166767 -0.799527
43  1.789780 -0.000008 -0.000042  0.000058 -0.002451 0.133098
44  1.206994 -0.000007 0.000005  0.000372 -0.000071 1.058780
45  5.740574 0.000078 0.000721  0.087207 -0.000014 0.000028
46  11.480967 -0.000051 0.000872  0.070834 0.036980 0.060284
47  6.027515 -0.000273 -0.000230  -1.005275 -0.287598 -1.150403
48  -0.000001 11.691975 -0.000006  -0.849719 0.321365 0.687975
49  0.000003 0.000000 -0.000002  1.889352 -0.000036 1.570860
50  -0.000008 -0.000013 0.000004  2.272645 -0.000036 1.570861
51  -5.773359 -8.906483 -6.179260  2.052890 -0.469752 -1.499266
52  0.000000 0.000000 -0.000000  0.008153 -0.000259 0.000009
53  -0.000000 0.000000 0.000000  1.565115 0.043565 -0.106862
54  1.595857 -7.188540 -7.504778  0.269031 -0.498093 -1.865426
55  -0.000000 0.000000 -0.000000  0.000000 -0.000001 -0.000002
56  0.000030 0.000029 0.000000  -1.571901 -0.044449 -0.106509
57  0.750296 -19.544212 -21.357969  1.570796 -0.000000 0.000000
58  -15.417985 4.000748 -11.289719  1.570796 -0.000000 0.000000
59  1.922255 12.235317 -8.786723  1.570796 -0.000000 0.000000
60  -0.004311 0.001229 -0.000372  0.006898 -0.005534 -0.284229
61  0.826810 10.209643 -4.879054  1.570796 -0.000000 0.000000
62  0.000000 0.000000 0.000000  -0.078727 -3.136056 0.284226
63  0.000000 0.000000 0.000000  1.566700 0.002774 0.001346
64  -0.998240 -12.132391 -3.372926  1.179415 0.965541 -0.278624
65  0.042269 -2.588230 0.672586  -0.000000 -0.000000 -0.000000
66  0.048105 -1.112260 5.803836  -0.000000 -0.000000 -0.000000
67  0.048106 -0.032154 -1.710082  -0.000000 -0.000000 -0.000000
68  0.042354 -1.078448 21.234577  -0.000000 -0.000000 -0.000000
69  0.436542 -3.059779 3.935332  -0.000000 -0.000000 -0.000000
70  0.672328 -2.032812 2.042323  -0.000000 -0.000000 -0.000000
71  -0.729359 -1.331797 3.242018  -0.000000 -0.000000 -0.000000
72  0.194741 -1.447476 3.023561  -0.000000 -0.000000 -0.000000
73  -0.700892 0.650637 17.606178  -0.000000 -0.000000 -0.000000
74  0.042269 -2.357918 -0.445848  -0.000000 -0.000000 -0.000000
75  0.436542 -0.003270 1.776059  -0.000000 -0.000000 -0.000000
76  -4.198255 -17.367617 -4.508376  1.179415 0.965541 -0.278624
77  0.157554 2.649698 -1.682824  -0.000000 -0.000000 -0.000000
78  -0.097393 2.508476 -1.682827  -0.000000 -0.000000 -0.000000
79  -0.599094 -20.773560 -1.463091  1.179415 0.965541 -0.278624
80  -0.861921 -0.180712 3.135020  -0.000000 -0.000000 -0.000001
81  -0.861920 0.097230 3.003448  -0.000000 -0.000000 -0.000001
82  -0.861920 -0.180725 2.815480  -0.000000 -0.000000 -0.000001
83  -0.861921 0.097217 2.683908  -0.000000 -0.000000 -0.000001
84  -0.861920 -0.180726 2.495585  -0.000000 -0.000000 -0.000001
85  -0.861921 0.097216 2.364011  -0.000000 -0.000000 -0.000001
86  -0.861920 -0.180726 2.176041  -0.000000 -0.000000 -0.000001
87  -0.861921 0.097215 2.044469  -0.000000 -0.000000 -0.000001
88  -0.861921 -0.180727 1.861902  -0.000000 -0.000000 -0.000001
89  -0.861920 0.097215 1.730332  -0.000000 -0.000000 -0.000001
90  -0.861920 -0.180728 1.542360  -0.000000 -0.000000 -0.000001
91  -0.861921 0.097215 1.410788  -0.000000 -0.000000 -0.000001
92  -0.861921 -0.180722 1.222464  -0.000000 -0.000000 -0.000001
93  -0.861921 0.097220 1.090892  -0.000000 -0.000000 -0.000001
94  -0.861920 -0.180712 0.918802  -0.000000 -0.000000 -0.000001
95  -0.861920 0.097230 0.787232  -0.000000 -0.000000 -0.000001
96  -0.861920 -0.180725 0.599259  -0.000000 -0.000000 -0.000001
97  -0.861920 0.097217 0.467690  -0.000000 -0.000000 -0.000001
98  -0.861920 -0.180725 0.279365  -0.000000 -0.000000 -0.000001
99  -0.861920 0.097216 0.147793  -0.000000 -0.000000 -0.000001
100  -0.861921 -0.180726 -0.040178  -0.000000 -0.000000 -0.000001
101  -0.861921 0.097215 -0.171751  -0.000000 -0.000000 -0.000001
102  -0.861921 -0.180727 -0.354315  -0.000000 -0.000000 -0.000001
103  -0.861920 0.097215 -0.485886  -0.000000 -0.000000 -0.000001
104  -0.861920 -0.180727 -0.673861  -0.000000 -0.000000 -0.000001
105  -0.861921 0.097214 -0.805432  -0.000000 -0.000000 -0.000001
106  -0.861921 -0.180722 -0.993755  -0.000000 -0.000000 -0.000001
107  -0.861920 0.097220 -1.125328  -0.000000 -0.000000 -0.000001
108  -0.861920 -0.180726 -1.295307  -0.000000 -0.000000 -0.000001
109  -0.861921 0.097216 -1.426881  -0.000000 -0.000000 -0.000001
110  -0.861920 -0.180726 -1.614851  -0.000000 -0.000000 -0.000001
111  -0.861921 0.097215 -1.746423  -0.000000 -0.000000 -0.000001
112  -0.861921 -0.180727 -1.928988  -0.000000 -0.000000 -0.000001
113  -0.861921 0.097215 -2.060558  -0.000000 -0.000000 -0.000001
114  -0.861920 -0.180728 -2.248532  -0.000000 -0.000000 -0.000001
115  -0.861921 0.097214 -2.380104  -0.000000 -0.000000 -0.000001
116  -0.861921 -0.180722 -2.568428  -0.000000 -0.000000 -0.000001
117  -0.861921 0.097220 -2.700000  -0.000000 -0.000000 -0.000001
118  -0.861920 -0.180726 -2.887970  -0.000000 -0.000000 -0.000001
119  -0.861920 0.097216 -3.019543  -0.000000 -0.000000 -0.000001
120  -0.861921 -0.180725 -3.207869  -0.000000 -0.000000 -0.000001
121  -0.861920 0.097229 -3.339443  -0.000000 -0.000000 -0.000001
122  -0.861921 -0.180737 -3.527413  -0.000000 -0.000000 -0.000001
123  -0.861921 0.097217 -3.658985  -0.000000 -0.000000 -0.000001
124  -0.861921 -0.048023 -3.936777  -0.000000 -0.000000 -0.000001
125  -0.861921 0.096813 -4.220029  -0.000000 -0.000000 -0.000001
126  -0.861839 0.049009 -4.549492  -0.000000 -0.000000 -0.000000
127  -0.862203 -0.181353 -4.727589  -0.000568 0.008934 0.008929
128  -0.865934 -0.543243 -4.815327  -0.002212 0.031273 0.031204
129  0.018344 -0.713685 -5.609471  0.064463 -0.001784 -0.001902
130  0.000000 0.000000 4.970246  -0.000000 -0.000000 -0.000000
131  0.000000 -0.000000 -2.491489  -0.000000 -0.000000 -0.000000
time 17
0  0.000006 0.000000 0.000000  -1.570800 -1.391899 -1.570792
1  -10.513489 -10.016619 1.858408  -1.544956 -1.855077 -0.198630
2  6.027525 -0.000325 0.000190  -0.824642 -1.152800 -1.769127
3  11.692112 0.000647 -0.000739  -0.286161 -0.000002 -1.043367
4  11.480413 0.000042 -0.000751  1.884261 -0.155436 0.105476
5  3.859503 -0.142823 -1.192079  -0.468169 0.151546 -0.880257
6  1.312590 0.000009 0.000008  -0.000051 -0.000007 -1.595409
7  0.729355 0.000055 0.000050  -0.000012 0.000024 -1.399987
8  3.942140 0.046331 -0.431543  -0.151817 0.073216 -0.811086
9  1.539110 0.000083 0.000004  -0.000022 0.000001 -1.453706
10  1.196334 0.000147 0.000029  -0.000013 0.000017 -1.636634
11  3.883509 -0.047212 0.431351  0.008809 0.162157 -0.649817
12  1.719573 -0.000029 0.000017  -0.004016 -0.062844 -1.725134
13  1.209178 0.000090 0.000012  0.003454 0.000818 -1.524407
14  3.859676 -0.138418 1.332380  0.341471 0.232206 -0.227530
15  1.719449 -0.000019 0.000028  -0.023835 -0.018477 -0.880594
16  1.099675 0.000050 0.000007  -0.000718 0.002272 -1.570177
17  0.876141 -1.106742 1.136014  -1.527799 -0.274259 -0.173644
18  1.789819 -0.000004 -0.000018  0.004206 0.022320 0.186538
19  1.207016 -0.000014 -0.000043  0.000494 -0.000584 -0.263304
20  5.740636 0.000389 -0.000699  0.062764 0.000003 0.000063
21  11.481094 0.000183 -0.000804  0.066431 -0.005521 0.018919
22  6.027524 -0.000330 0.000201  1.625156 -0.414737 1.238220
23  -0.000001 11.692101 -0.000007  -0.748645 -0.247448 -0.613057
24  0.000004 0.000009 -0.000000  0.582915 -0.000030 1.570739
25  -0.000000 -0.000011 0.000000  0.868960 0.000002 1.570712
26  -6.617934 -9.178503 0.826812  1.473120 1.855075 -0.198639
27  6.027508 -0.000264 -0.000218  1.801558 0.938912 0.015821
28  11.691991 0.000162 0.000858  -0.383191 0.000028 -1.206821
29  11.480085 -0.000636 0.000630  -1.241506 0.211310 0.379090
30  3.859439 -0.132759 1.193065  0.469647 -0.013262 -1.872395
31  1.312559 0.000025 -0.000002  0.024060 -0.138696 -0.550187
32  0.729346 0.000065 -0.000028  -0.166197 -0.081570 -0.714272
33  3.942048 0.050139 0.431000  0.225309 -0.086237 -1.592712
34  1.539097 0.000006 -0.000001  0.035254 -0.050373 -0.994350
35  1.196300 0.000079 -0.000003  -0.021521 0.002175 -0.839738
36  3.883415 -0.050473 -0.431085  0.184824 -0.271737 -1.204030
37  1.719564 -0.000084 -0.000004  0.022859 -0.107186 -1.509108
38  1.209197 0.000036 0.000011  0.000661 0.071072 -0.480462
39  3.859589 -0.149082 -1.331321  -0.098902 -0.128896 -0.414975
40  1.719413 -0.000098 -0.000036  -0.029817 0.003452 0.165194
41  1.099675 0.000023 0.000007  -0.007071 -0.002993 0.103700
42  0.805984 -0.359848 -1.318338  0.991670 0.166767 -0.799527
43  1.789779 -0.000009 -0.000041  0.000058 -0.002451 0.133098
44  1.206995 -0.000006 0.000005  0.000372 -0.000071 1.058780
45  5.740572 0.000079 0.000720  0.075653 -0.000014 0.000028
46  11.480960 -0.000053 0.000870  0.059230 0.032131 0.055673
47  6.027515 -0.000273 -0.000230  -0.992852 -0.271451 -1.165066
48  -0.000001 11.691974 -0.000005  -0.851974 0.323125 0.689603
49  0.000003 -0.000000 0.000000  1.889352 -0.000036 1.570860
50  -0.000007 -0.000013 0.000005  2.272645 -0.000036 1.570861
51  -5.949396 -8.864547 -5.846223  1.989009 -0.484834 -1.472602
52  0.000000 0.000000 -0.000001  0.008153 -0.000259 0.000009
53  0.000001 -0.000000 -0.000000  1.565115 0.043565 -0.106862
54  1.338984 -7.196962 -7.610411  0.199480 -0.529011 -1.847541
55  -0.000000 0.000000 -0.000001  0.000000 -0.000001 -0.000002
56  0.000030 0.000030 0.000001  -1.571902 -0.044449 -0.106509
57  0.706899 -19.544212 -21.357969  1.570796 -0.000000 0.000000
58  -15.417985 4.000748 -11.289719  1.570796 -0.000000 0.000000
59  1.862715 11.727203 -8.564530  1.570796 -0.000000 0.000000
60  -0.004311 0.001229 -0.000372  0.006898 -0.005534 -0.284229
61  0.826810 10.209643 -4.879054  1.570796 -0.000000 0.000000
62  0.000000 0.000000 0.000000  -0.078727 -3.136056 0.284226
63  0.000000 0.000000 0.000000  1.568358 -0.002435 0.000892
64  -1.033427 -12.049843 -3.244130  1.114631 1.012242 -0.335455
65  0.042269 -2.588230 0.672587  0.000000 0.000000 -0.000000
66  0.048105 -1.112260 5.803838  0.000000 0.000000 -0.000000
67  0.048105 -0.032153 -1.710082  0.000000 0.000000 -0.000000
68  0.042354 -1.078448 21.234573  0.000000 0.000000 -0.000000
69  0.436541 -3.059779 3.935334  0.000000 0.000000 -0.000000
70  0.672328 -2.032813 2.042325  0.000000 0.000000 -0.000000
71  -0.729359 -1.331797 3.242018  0.000000 0.000000 -0.000000
72  0.194740 -1.447476 3.023561  0.000000 0.000000 -0.000000
73  -0.700892 0.650637 17.606176  0.000000 0.000000 -0.000000
74  0.042269 -2.357918 -0.445848  0.000000 0.000000 -0.000000
75  0.436542 -0.003270 1.776058  0.000000 0.000000 -0.000000
76  -4.302485 -17.296087 -4.096833  1.114631 1.012242 -0.335455
77  0.157555 2.649697 -1.682826  0.000000 0.000000 -0.000000
78  -0.097393 2.508476 -1.682827  0.000000 0.000000 -0.000000
79  -0.547858 -20.652864 -1.187705  1.114631 1.012242 -0.335455
80  -0.861920 -0.180712 3.135018  0.000000 -0.000000 -0.000001
81  -0.861920 0.097230 3.003446  0.000000 -0.000000 -0.000001
82  -0.861920 -0.180724 2.815477  0.000000 -0.000000 -0.000001
83  -0.861920 0.097217 2.683906  0.000000 -0.000000 -0.000001
84  -0.861920 -0.180725 2.495583  0.000000 -0.000000 -0.000001
85  -0.861920 0.097217 2.364009  0.000000 -0.000000 -0.000001
86  -0.861920 -0.180726 2.176040  0.000000 -0.000000 -0.000001
87  -0.861920 0.097216 2.044465  0.000000 -0.000000 -0.000001
88  -0.861920 -0.180726 1.861901  0.000000 -0.000000 -0.000001
89  -0.861920 0.097215 1.730331  0.000000 -0.000000 -0.000001
90  -0.861920 -0.180727 1.542356  0.000000 -0.000000 -0.000001
91  -0.861920 0.097215 1.410787  0.000000 -0.000000 -0.000001
92  -0.861920 -0.180722 1.222463  0.000000 -0.000000 -0.000001
93  -0.861920 0.097220 1.090889  0.000000 -0.000000 -0.000001
94  -0.861920 -0.180712 0.918798  0.000000 -0.000000 -0.000001
95  -0.861920 0.097230 0.787228  0.000000 -0.000000 -0.000001
96  -0.861920 -0.180724 0.599257  0.000000 -0.000000 -0.000001
97  -0.861920 0.097217 0.467688  0.000000 -0.000000 -0.000001
98  -0.861920 -0.180725 0.279363  0.000000 -0.000000 -0.000001
99  -0.861920 0.097217 0.147789  0.000000 -0.000000 -0.000001
100  -0.861920 -0.180726 -0.040180  0.000000 -0.000000 -0.000001
101  -0.861920 0.097216 -0.171753  0.000000 -0.000000 -0.000001
102  -0.861920 -0.180726 -0.354318  0.000000 -0.000000 -0.000001
103  -0.861920 0.097215 -0.485887  0.000000 -0.000000 -0.000001
104  -0.861920 -0.180727 -0.673862  0.000000 -0.000000 -0.000001
105  -0.861920 0.097215 -0.805433  0.000000 -0.000000 -0.000001
106  -0.861920 -0.180722 -0.993756  0.000000 -0.000000 -0.000001
107  -0.861920 0.097220 -1.125331  0.000000 -0.000000 -0.000001
108  -0.861920 -0.180725 -1.295308  0.000000 -0.000000 -0.000001
109  -0.861920 0.097217 -1.426883  0.000000 -0.000000 -0.000001
110  -0.861920 -0.180726 -1.614854  0.000000 -0.000000 -0.000001
111  -0.861920 0.097216 -1.746426  0.000000 -0.000000 -0.000001
112  -0.861920 -0.180726 -1.928992  0.000000 -0.000000 -0.000001
113  -0.861920 0.097215 -2.060559  0.000000 -0.000000 -0.000001
114  -0.861920 -0.180727 -2.248534  0.000000 -0.000000 -0.000001
115  -0.861920 0.097215 -2.380102  0.000000 -0.000000 -0.000001
116  -0.861920 -0.180721 -2.568430  0.000000 -0.000000 -0.000001
117  -0.861920 0.097220 -2.700003  0.000000 -0.000000 -0.000001
118  -0.861920 -0.180725 -2.887972  0.000000 -0.000000 -0.000001
119  -0.861920 0.097217 -3.019545  0.000000 -0.000000 -0.000001
120  -0.861920 -0.180724 -3.207871  0.000000 -0.000000 -0.000001
121  -0.861920 0.097230 -3.339446  0.000000 -0.000000 -0.000001
122  -0.861920 -0.180737 -3.527415  0.000000 -0.000000 -0.000001
123  -0.861920 0.097217 -3.658988  0.000000 -0.000000 -0.000001
124  -0.861920 -0.048023 -3.936777  0.000000 -0.000000 -0.000001
125  -0.861920 0.096813 -4.220031  0.000000 -0.000000 -0.000001
126  -0.861839 0.049009 -4.549495  0.000000 -0.000000 -0.000000
127  -0.862202 -0.181353 -4.727589  -0.000568 0.008934 0.008929
128  -0.865933 -0.543242 -4.815328  -0.002212 0.031273 0.031204
129  0.018344 -0.713685 -5.609472  0.064463 -0.001784 -0.001902
130  0.000000 0.000000 4.970243  0.000000 0.000000 -0.000000
131  0.000000 0.000000 -2.491490  0.000000 0.000000 -0.000000
time 18
0  0.000006 0.000000 0.000000  -1.570800 -1.391899 -1.570792
1  -10.003868 -9.257339 1.760229  -1.544956 -1.855077 -0.198630
2  6.027524 -0.000325 0.000192  -0.919433 -1.070082 -1.627319
3  11.692110 0.000645 -0.000740  -0.286168 -0.000008 -1.169800
4  11.480363 -0.000025 -0.000770  1.899832 -0.214310 0.029774
5  3.859503 -0.142823 -1.192079  -0.464009 0.165054 -0.853065
6  1.312590 0.000010 0.000008  -0.001320 -0.003745 -1.420941
7  0.729355 0.000054 0.000050  0.000059 0.000068 -1.215373
8  3.942140 0.046331 -0.431543  -0.149849 0.076364 -0.786276
9  1.539111 0.000083 0.000004  0.000051 0.000016 -1.261163
10  1.196334 0.000145 0.000029  -0.000007 0.000021 -1.441736
11  3.883511 -0.047212 0.431350  0.022830 0.141384 -0.606808
12  1.719572 -0.000029 0.000015  -0.009779 -0.054884 -1.516472
13  1.209178 0.000091 0.000013  0.003211 0.000970 -1.322087
14  3.859676 -0.138418 1.332380  0.342405 0.179279 -0.230207
15  1.719448 -0.000019 0.000028  -0.019215 -0.013536 -0.797909
16  1.099675 0.000050 0.000007  -0.000710 0.002348 -1.370088
17  0.895820 -1.145101 1.128229  -1.529504 -0.347510 -0.192102
18  1.789819 -0.000003 -0.000018  0.004298 0.024458 0.197626
19  1.207015 -0.000014 -0.000043  0.000369 -0.000532 -0.197647
20  5.740636 0.000388 -0.000700  0.054840 0.000003 0.000063
21  11.481083 0.000168 -0.000808  0.069429 -0.019002 0.005749
22  6.027524 -0.000329 0.000201  1.688396 -0.487938 1.267369
23  -0.000001 11.692101 -0.000006  -0.828938 -0.305353 -0.672815
24  0.000003 0.000008 -0.000002  0.582915 -0.000031 1.570739
25  -0.000000 -0.000009 0.000002  0.868960 0.000002 1.570712
26  -6.617934 -9.178503 0.826812  1.473120 1.855075 -0.198639
27  6.027508 -0.000264 -0.000218  1.818045 0.925294 0.020609
28  11.691991 0.000163 0.000857  -0.383190 0.000029 -1.220866
29  11.480022 -0.000665 0.000619  -1.301335 0.207249 0.346062
30  3.859437 -0.132758 1.193065  0.469647 -0.013262 -1.872395
31  1.312559 0.000025 -0.000001  0.024060 -0.138696 -0.550187
32  0.729345 0.000063 -0.000027  -0.166197 -0.081570 -0.714272
33  3.942046 0.050139 0.430999  0.225309 -0.086237 -1.592712
34  1.539097 0.000006 -0.000001  0.035254 -0.050373 -0.994350
35  1.196300 0.000079 -0.000004  -0.021521 0.002175 -0.839738
36  3.883414 -0.050472 -0.431085  0.184824 -0.271737 -1.204030
37  1.719565 -0.000085 -0.000004  0.022859 -0.107186 -1.509108
38  1.209198 0.000034 0.000011  0.000661 0.071072 -0.480462
39  3.859588 -0.149081 -1.331321  -0.098902 -0.128896 -0.414975
40  1.719413 -0.000098 -0.000036  -0.029817 0.003452 0.165194
41  1.099674 0.000023 0.000007  -0.007071 -0.002993 0.103700
42  0.805983 -0.359846 -1.318339  0.991670 0.166767 -0.799527
43  1.789779 -0.000009 -0.000043  0.000058 -0.002451 0.133097
44  1.206998 -0.000007 0.000006  0.000372 -0.000071 1.058781
45  5.740573 0.000079 0.000721  0.063912 -0.000014 0.000028
46  11.480949 -0.000059 0.000868  0.048112 0.028534 0.051036
47  6.027515 -0.000273 -0.000230  -0.975946 -0.267391 -1.178015
48  -0.000001 11.691975 -0.000007  -0.860688 0.329975 0.695875
49  0.000003 0.000001 0.000001  1.889352 -0.000036 1.570860
50  -0.000007 -0.000012 0.000004  2.272645 -0.000036 1.570861
51  -6.141604 -8.753921 -5.691664  1.924495 -0.496388 -1.442185
52  -0.000000 0.000000 0.000000  0.008153 -0.000259 0.000009
53  0.000000 0.000001 -0.000001  1.565115 0.043565 -0.106862
54  1.242649 -7.329576 -8.206849  0.188889 -0.614907 -1.806678
55  -0.000000 0.000000 -0.000000  0.000000 -0.000001 -0.000002
56  0.000030 0.000029 0.000001  -1.571901 -0.044449 -0.106509
57  0.679118 -19.544212 -21.357969  1.570796 -0.000000 0.000000
58  -15.417985 4.000748 -11.289719  1.570796 -0.000000 0.000000
59  1.764537 10.889357 -8.198152  1.570796 -0.000000 0.000000
60  -0.004311 0.001229 -0.000372  0.006898 -0.005534 -0.284229
61  0.826810 10.209643 -4.879054  1.570796 -0.000000 0.000000
62  0.000000 0.000000 0.000000  -0.078727 -3.136056 0.284226
63  0.000000 0.000000 0.000000  1.570652 -0.000948 0.000269
64  -1.087888 -11.894494 -3.308284  1.043146 1.057423 -0.396927
65  0.042269 -2.588230 0.672588  0.000000 0.000000 -0.000000
66  0.048105 -1.112259 5.803836  0.000000 0.000000 -0.000000
67  0.048105 -0.032153 -1.710082  0.000000 0.000000 -0.000000
68  0.042353 -1.078446 21.234571  0.000000 0.000000 -0.000000
69  0.436542 -3.059779 3.935335  0.000000 0.000000 -0.000000
70  0.672328 -2.032812 2.042324  0.000000 0.000000 -0.000000
71  -0.729358 -1.331796 3.242018  0.000000 0.000000 -0.000000
72  0.194740 -1.447475 3.023562  0.000000 0.000000 -0.000000
73  -0.700892 0.650637 17.606182  0.000000 0.000000 -0.000000
74  0.042269 -2.357918 -0.445848  0.000000 0.000000 -0.000000
75  0.436541 -0.003270 1.776058  0.000000 0.000000 -0.000000
76  -4.396378 -17.153582 -3.885172  1.043146 1.057423 -0.396927
77  0.157555 2.649698 -1.682825  0.000000 0.000000 -0.000000
78  -0.097393 2.508477 -1.682826  0.000000 0.000000 -0.000000
79  -0.485198 -20.459551 -1.128100  1.043146 1.057423 -0.396927
80  -0.861921 -0.180711 3.135017  0.000000 -0.000000 -0.000000
81  -0.861920 0.097230 3.003448  0.000000 -0.000000 -0.000000
82  -0.861921 -0.180724 2.815478  0.000000 -0.000000 -0.000000
83  -0.861921 0.097217 2.683908  0.000000 -0.000000 -0.000000
84  -0.861920 -0.180725 2.495583  0.000000 -0.000000 -0.000000
85  -0.861921 0.097217 2.364010  0.000000 -0.000000 -0.000000
86  -0.861921 -0.180726 2.176040  0.000000 -0.000000 -0.000000
87  -0.861920 0.097216 2.044466  0.000000 -0.000000 -0.000000
88  -0.861921 -0.180726 1.861903  0.000000 -0.000000 -0.000000
89  -0.861921 0.097215 1.730331  0.000000 -0.000000 -0.000000
90  -0.861920 -0.180727 1.542357  0.000000 -0.000000 -0.000000
91  -0.861920 0.097215 1.410788  0.000000 -0.000000 -0.000000
92  -0.861921 -0.180722 1.222464  0.000000 -0.000000 -0.000000
93  -0.861920 0.097220 1.090890  0.000000 -0.000000 -0.000000
94  -0.861920 -0.180712 0.918800  0.000000 -0.000000 -0.000000
95  -0.861921 0.097230 0.787230  0.000000 -0.000000 -0.000000
96  -0.861921 -0.180725 0.599258  0.000000 -0.000000 -0.000000
97  -0.861921 0.097217 0.467689  0.000000 -0.000000 -0.000000
98  -0.861921 -0.180725 0.279364  0.000000 -0.000000 -0.000000
99  -0.861920 0.097216 0.147792  0.000000 -0.000000 -0.000000
100  -0.861921 -0.180725 -0.040180  0.000000 -0.000000 -0.000000
101  -0.861920 0.097216 -0.171751  0.000000 -0.000000 -0.000000
102  -0.861920 -0.180726 -0.354319  0.000000 -0.000000 -0.000000
103  -0.861921 0.097215 -0.485888  0.000000 -0.000000 -0.000000
104  -0.861921 -0.180727 -0.673862  0.000000 -0.000000 -0.000000
105  -0.861920 0.097214 -0.805432  0.000000 -0.000000 -0.000000
106  -0.861921 -0.180721 -0.993756  0.000000 -0.000000 -0.000000
107  -0.861920 0.097220 -1.125328  0.000000 -0.000000 -0.000000
108  -0.861920 -0.180725 -1.295308  0.000000 -0.000000 -0.000000
109  -0.861920 0.097216 -1.426880  0.000000 -0.000000 -0.000000
110  -0.861921 -0.180726 -1.614852  0.000000 -0.000000 -0.000000
111  -0.861920 0.097216 -1.746423  0.000000 -0.000000 -0.000000
112  -0.861921 -0.180726 -1.928991  0.000000 -0.000000 -0.000000
113  -0.861921 0.097215 -2.060560  0.000000 -0.000000 -0.000000
114  -0.861921 -0.180727 -2.248534  0.000000 -0.000000 -0.000000
115  -0.861920 0.097214 -2.380102  0.000000 -0.000000 -0.000000
116  -0.861921 -0.180722 -2.568430  0.000000 -0.000000 -0.000000
117  -0.861920 0.097220 -2.700002  0.000000 -0.000000 -0.000000
118  -0.861921 -0.180725 -2.887972  0.000000 -0.000000 -0.000000
119  -0.861920 0.097216 -3.019543  0.000000 -0.000000 -0.000000
120  -0.861920 -0.180724 -3.207870  0.000000 -0.000000 -0.000000
121  -0.861920 0.097230 -3.339444  0.000000 -0.000000 -0.000000
122  -0.861920 -0.180737 -3.527414  0.000000 -0.000000 -0.000000
123  -0.861921 0.097217 -3.658987  0.000000 -0.000000 -0.000000
124  -0.861921 -0.048023 -3.936777  0.000000 -0.000000 -0.000000
125  -0.861920 0.096813 -4.220027  0.000000 -0.000000 -0.000000
126  -0.861840 0.049009 -4.549496  0.000000 -0.000000 -0.000000
127  -0.862203 -0.181353 -4.727589  -0.000568 0.008934 0.008929
128  -0.865933 -0.543243 -4.815327  -0.002212 0.031273 0.031204
129  0.018344 -0.713685 -5.609472  0.064463 -0.001783 -0.001902
130  -0.000000 0.000000 4.970243  0.000000 0.000000 -0.000000
131  -0.000001 0.000000 -2.491489  0.000000 0.000000 -0.000000
time 19
0  0.000006 0.000000 0.000000  -1.570800 -1.391899 -1.570792
1  -9.316031 -8.232544 1.627718  -1.544956 -1.855077 -0.198630
2  6.027524 -0.000324 0.000193  -0.991604 -0.984339 -1.531623
3  11.692109 0.000647 -0.000739  -0.286173 -0.000011 -1.261350
4  11.480809 0.000164 -0.000715  1.874225 -0.240767 0.015960
5  3.859504 -0.142823 -1.192079  -0.451312 0.201535 -0.777800
6  1.312590 0.000009 0.000008  -0.009150 -0.013716 -0.924829
7  0.729355 0.000054 0.000050  0.000320 0.000124 -0.693009
8  3.942140 0.046331 -0.431542  -0.143784 0.085286 -0.714923
9  1.539110 0.000083 0.000003  0.000298 -0.000183 -0.711873
10  1.196333 0.000148 0.000030  0.000030 0.000032 -0.886259
11  3.883510 -0.047212 0.431351  0.055138 0.084196 -0.494283
12  1.719572 -0.000028 0.000019  -0.015907 -0.027598 -0.915022
13  1.209179 0.000089 0.000011  0.002553 0.001584 -0.740760
14  3.859677 -0.138418 1.332380  0.337366 0.047935 -0.253235
15  1.719448 -0.000018 0.000029  -0.011248 -0.005999 -0.562767
16  1.099676 0.000049 0.000007  0.000021 0.002714 -0.793816
17  0.915809 -1.184066 1.120322  -1.526755 -0.541245 -0.243618
18  1.789819 -0.000004 -0.000018  0.004660 0.030046 0.226639
19  1.207015 -0.000013 -0.000044  0.000058 -0.000358 -0.024491
20  5.740635 0.000388 -0.000699  0.045613 0.000003 0.000063
21  11.481173 0.000206 -0.000796  0.064302 -0.024779 0.002844
22  6.027524 -0.000331 0.000202  1.758425 -0.559086 1.266189
23  -0.000001 11.692098 -0.000006  -0.885726 -0.350037 -0.713655
24  0.000003 0.000007 -0.000001  0.582915 -0.000030 1.570739
25  -0.000001 -0.000011 -0.000000  0.868960 0.000002 1.570712
26  -6.617934 -9.178503 0.826812  1.473120 1.855075 -0.198639
27  6.027508 -0.000264 -0.000218  1.792996 0.905042 0.003744
28  11.691992 0.000162 0.000856  -0.383189 0.000031 -1.247777
29  11.480764 -0.000352 0.000746  -1.275269 0.228311 0.356457
30  3.859437 -0.132759 1.193066  0.469647 -0.013262 -1.872395
31  1.312559 0.000026 -0.000001  0.024060 -0.138696 -0.550187
32  0.729345 0.000064 -0.000028  -0.166197 -0.081570 -0.714272
33  3.942046 0.050139 0.431001  0.225309 -0.086237 -1.592712
34  1.539097 0.000007 -0.000001  0.035254 -0.050373 -0.994350
35  1.196301 0.000078 -0.000004  -0.021521 0.002175 -0.839738
36  3.883412 -0.050473 -0.431084  0.184824 -0.271737 -1.204030
37  1.719566 -0.000085 -0.000004  0.022859 -0.107186 -1.509108
38  1.209198 0.000035 0.000011  0.000661 0.071072 -0.480462
39  3.859587 -0.149082 -1.331320  -0.098902 -0.128896 -0.414975
40  1.719412 -0.000098 -0.000036  -0.029817 0.003452 0.165194
41  1.099674 0.000023 0.000007  -0.007071 -0.002993 0.103700
42  0.805983 -0.359848 -1.318337  0.991670 0.166767 -0.799527
43  1.789780 -0.000008 -0.000043  0.000058 -0.002451 0.133097
44  1.206996 -0.000007 0.000005  0.000372 -0.000071 1.058780
45  5.740573 0.000080 0.000721  0.067681 -0.000014 0.000028
46  11.481096 0.000004 0.000894  0.052253 0.033757 0.051783
47  6.027515 -0.000273 -0.000230  -0.962284 -0.289087 -1.178777
48  -0.000001 11.691976 -0.000006  -0.877314 0.343243 0.707758
49  0.000003 0.000000 0.000000  1.889352 -0.000036 1.570860
50  -0.000007 -0.000013 0.000003  2.272645 -0.000036 1.570861
51  -6.187069 -8.581439 -5.959257  1.948878 -0.507535 -1.444047
52  -0.000000 -0.000000 -0.000001  0.008153 -0.000259 0.000009
53  -0.000001 0.000000 0.000000  1.565115 0.043565 -0.106862
54  1.287394 -7.948613 -8.790748  0.145993 -0.614906 -1.786274
55  0.000000 0.000000 0.000000  0.000000 -0.000001 -0.000002
56  0.000031 0.000029 0.000002  -1.571901 -0.044449 -0.106509
57  0.669351 -19.544212 -21.357969  1.570796 -0.000000 0.000000
58  -15.417985 4.000748 -11.289719  1.570796 -0.000000 0.000000
59  1.632027 9.758520 -7.703649  1.570796 -0.000000 0.000000
60  -0.004311 0.001230 -0.000372  0.006898 -0.005534 -0.284229
61  0.826810 10.209643 -4.879054  1.570796 -0.000000 0.000000
62  0.000000 0.000000 0.000000  -0.078727 -3.136056 0.284226
63  0.000000 0.000000 0.000000  1.573183 0.002326 -0.000385
64  -1.158199 -11.651805 -3.435953  1.044981 1.033334 -0.385470
65  0.042269 -2.588230 0.672585  0.000000 0.000000 -0.000000
66  0.048105 -1.112259 5.803835  0.000000 0.000000 -0.000000
67  0.048106 -0.032153 -1.710082  0.000000 0.000000 -0.000000
68  0.042353 -1.078447 21.234570  0.000000 0.000000 -0.000000
69  0.436542 -3.059778 3.935333  0.000000 0.000000 -0.000000
70  0.672328 -2.032812 2.042323  0.000000 0.000000 -0.000000
71  -0.729358 -1.331797 3.242019  0.000000 0.000000 -0.000000
72  0.194741 -1.447476 3.023561  0.000000 0.000000 -0.000000
73  -0.700892 0.650638 17.606176  0.000000 0.000000 -0.000000
74  0.042269 -2.357918 -0.445848  0.000000 0.000000 -0.000000
75  0.436542 -0.003270 1.776057  0.000000 0.000000 -0.000000
76  -4.401204 -16.948160 -4.042955  1.044981 1.033334 -0.385470
77  0.157555 2.649698 -1.682826  0.000000 0.000000 -0.000000
78  -0.097393 2.508477 -1.682827  0.000000 0.000000 -0.000000
79  -0.521373 -20.192217 -1.170465  1.044981 1.033334 -0.385470
80  -0.861920 -0.180712 3.135020  0.000000 -0.000000 -0.000000
81  -0.861920 0.097230 3.003448  0.000000 -0.000000 -0.000000
82  -0.861920 -0.180725 2.815479  0.000000 -0.000000 -0.000000
83  -0.861921 0.097217 2.683908  0.000000 -0.000000 -0.000000
84  -0.861921 -0.180725 2.495583  0.000000 -0.000000 -0.000000
85  -0.861920 0.097216 2.364012  0.000000 -0.000000 -0.000000
86  -0.861921 -0.180726 2.176041  0.000000 -0.000000 -0.000000
87  -0.861920 0.097215 2.044469  0.000000 -0.000000 -0.000000
88  -0.861920 -0.180727 1.861902  0.000000 -0.000000 -0.000000
89  -0.861920 0.097215 1.730332  0.000000 -0.000000 -0.000000
90  -0.861921 -0.180727 1.542357  0.000000 -0.000000 -0.000000
91  -0.861920 0.097215 1.410790  0.000000 -0.000000 -0.000000
92  -0.861920 -0.180721 1.222465  0.000000 -0.000000 -0.000000
93  -0.861920 0.097220 1.090891  0.000000 -0.000000 -0.000000
94  -0.861921 -0.180712 0.918800  0.000000 -0.000000 -0.000000
95  -0.861920 0.097230 0.787231  0.000000 -0.000000 -0.000000
96  -0.861921 -0.180724 0.599258  0.000000 -0.000000 -0.000000
97  -0.861920 0.097217 0.467688  0.000000 -0.000000 -0.000000
98  -0.861920 -0.180726 0.279366  0.000000 -0.000000 -0.000000
99  -0.861921 0.097217 0.147791  0.000000 -0.000000 -0.000000
100  -0.861920 -0.180726 -0.040178  0.000000 -0.000000 -0.000000
101  -0.861920 0.097216 -0.171750  0.000000 -0.000000 -0.000000
102  -0.861920 -0.180726 -0.354318  0.000000 -0.000000 -0.000000
103  -0.861920 0.097215 -0.485885  0.000000 -0.000000 -0.000000
104  -0.861921 -0.180727 -0.673860  0.000000 -0.000000 -0.000000
105  -0.861920 0.097214 -0.805430  0.000000 -0.000000 -0.000000
106  -0.861920 -0.180722 -0.993755  0.000000 -0.000000 -0.000000
107  -0.861920 0.097220 -1.125328  0.000000 -0.000000 -0.000000
108  -0.861920 -0.180725 -1.295306  0.000000 -0.000000 -0.000000
109  -0.861921 0.097217 -1.426881  0.000000 -0.000000 -0.000000
110  -0.861920 -0.180726 -1.614850  0.000000 -0.000000 -0.000000
111  -0.861920 0.097215 -1.746424  0.000000 -0.000000 -0.000000
112  -0.861920 -0.180727 -1.928990  0.000000 -0.000000 -0.000000
113  -0.861920 0.097215 -2.060557  0.000000 -0.000000 -0.000000
114  -0.861920 -0.180727 -2.248534  0.000000 -0.000000 -0.000000
115  -0.861920 0.097214 -2.380099  0.000000 -0.000000 -0.000000
116  -0.861920 -0.180722 -2.568428  0.000000 -0.000000 -0.000000
117  -0.861920 0.097220 -2.700002  0.000000 -0.000000 -0.000000
118  -0.861920 -0.180725 -2.887971  0.000000 -0.000000 -0.000000
119  -0.861921 0.097217 -3.019543  0.000000 -0.000000 -0.000000
120  -0.861920 -0.180724 -3.207871  0.000000 -0.000000 -0.000000
121  -0.861921 0.097230 -3.339444  0.000000 -0.000000 -0.000000
122  -0.861920 -0.180737 -3.527411  0.000000 -0.000000 -0.000000
123  -0.861920 0.097217 -3.658987  0.000000 -0.000000 -0.000000
124  -0.861921 -0.048023 -3.936775  0.000000 -0.000000 -0.000000
125  -0.861920 0.096813 -4.220027  0.000000 -0.000000 -0.000000
126  -0.861839 0.049009 -4.549494  0.000000 -0.000000 -0.000000
127  -0.862203 -0.181353 -4.727588  -0.000568 0.008934 0.008929
128  -0.865934 -0.543242 -4.815327  -0.002212 0.031273 0.031204
129  0.018344 -0.713685 -5.609470  0.064463 -0.001783 -0.001902
130  -0.000000 0.000000 4.970244  0.000000 0.000000 -0.000000
131  0.000000 0.000000 -2.491490  0.000000 0.000000 -0.000000
time 20
0  0.000006 0.000000 0.000000  -1.570800 -1.391899 -1.570792
1  -8.492350 -7.005354 1.469037  -1.544956 -1.855077 -0.198630
2  6.027523 -0.000323 0.000195  -1.031583 -0.895853 -1.398785
3  11.692109 0.000646 -0.000739  -0.360583 -0.000017 -1.375247
4  11.480012 -0.000199 -0.000855  1.730441 -0.296132 0.056393
5  3.859503 -0.142823 -1.192080  -0.435673 0.241463 -0.692009
6  1.312591 0.000011 0.000009  -0.026833 -0.023095 -0.405245
7  0.729355 0.000053 0.000049  0.000709 0.000046 -0.168438
8  3.942141 0.046331 -0.431543  -0.135414 0.096124 -0.626111
9  1.539111 0.000085 0.000004  0.000385 -0.000916 -0.160023
10  1.196333 0.000145 0.000028  0.000116 0.000026 -0.329611
11  3.883510 -0.047212 0.431350  0.080738 0.023545 -0.379763
12  1.719573 -0.000028 0.000017  -0.005512 -0.001623 -0.313728
13  1.209179 0.000089 0.000012  0.001848 0.002475 -0.158026
14  3.859677 -0.138418 1.332379  0.333866 -0.081603 -0.277475
15  1.719447 -0.000019 0.000028  -0.002828 0.000095 -0.285862
16  1.099675 0.000050 0.000006  0.000780 0.002610 -0.206787
17  0.935614 -1.222674 1.112486  -1.510226 -0.734543 -0.303837
18  1.789819 -0.000003 -0.000018  0.005205 0.035620 0.255659
19  1.207015 -0.000013 -0.000044  -0.000219 -0.000132 0.148665
20  5.740635 0.000390 -0.000699  0.010955 0.000003 0.000063
21  11.481010 0.000135 -0.000824  0.036825 -0.036207 0.006894
22  6.027524 -0.000330 0.000204  1.824386 -0.632612 1.329656
23  -0.000002 11.692103 -0.000005  -0.955000 -0.408545 -0.761563
24  0.000004 0.000009 -0.000002  0.508512 -0.000031 1.570739
25  0.000000 -0.000010 0.000001  0.868960 0.000002 1.570712
26  -6.617934 -9.178503 0.826812  1.473120 1.855075 -0.198639
27  6.027507 -0.000264 -0.000218  1.754192 0.877601 -0.019464
28  11.691990 0.000160 0.000858  -0.383187 0.000034 -1.292238
29  11.480433 -0.000522 0.000677  -1.205481 0.243824 0.398934
30  3.859437 -0.132759 1.193066  0.469647 -0.013262 -1.872395
31  1.312559 0.000028 -0.000001  0.024060 -0.138696 -0.550187
32  0.729346 0.000065 -0.000027  -0.166197 -0.081570 -0.714273
33  3.942046 0.050139 0.431000  0.225309 -0.086237 -1.592712
34  1.539097 0.000006 -0.000002  0.035254 -0.050373 -0.994350
35  1.196300 0.000078 -0.000004  -0.021521 0.002175 -0.839738
36  3.883413 -0.050472 -0.431084  0.184824 -0.271737 -1.204030
37  1.719563 -0.000085 -0.000005  0.022858 -0.107186 -1.509108
38  1.209197 0.000036 0.000011  0.000661 0.071072 -0.480462
39  3.859588 -0.149082 -1.331321  -0.098902 -0.128896 -0.414975
40  1.719413 -0.000098 -0.000035  -0.029817 0.003452 0.165194
41  1.099674 0.000024 0.000007  -0.007071 -0.002993 0.103700
42  0.805983 -0.359848 -1.318338  0.991670 0.166767 -0.799527
43  1.789780 -0.000008 -0.000042  0.000058 -0.002451 0.133097
44  1.206996 -0.000007 0.000006  0.000372 -0.000071 1.058781
45  5.740575 0.000078 0.000721  0.080660 -0.000014 0.000028
46  11.481032 -0.000032 0.000880  0.064559 0.040299 0.057476
47  6.027515 -0.000273 -0.000230  -0.945773 -0.322245 -1.176764
48  -0.000000 11.691975 -0.000005  -0.904593 0.365565 0.726998
49  0.000003 0.000000 0.000001  1.889352 -0.000036 1.570860
50  -0.000006 -0.000013 0.000006  2.272645 -0.000036 1.570861
51  -6.143485 -8.286368 -6.353806  2.020978 -0.506261 -1.465870
52  0.000000 0.000000 0.000000  0.008153 -0.000259 0.000009
53  -0.000001 -0.000000 0.000000  1.565115 0.043565 -0.106862
54  1.256163 -8.490254 -9.387234  -0.007680 -0.546699 -1.802553
55  0.000000 -0.000000 -0.000001  0.000000 -0.000001 -0.000002
56  0.000029 0.000029 0.000001  -1.571901 -0.044449 -0.106509
57  1.265037 -19.543201 -21.358326  1.570796 -0.000000 0.000000
58  -15.417985 4.000748 -11.289719  1.570796 -0.000000 0.000000
59  1.473346 8.404346 -7.111485  1.570796 -0.000000 0.000000
60  -0.004311 0.001230 -0.000372  0.006898 -0.005534 -0.284229
61  0.826810 10.209643 -4.879054  1.570796 -0.000000 0.000000
62  0.000000 0.000000 0.000000  -0.078727 -3.136056 0.284226
63  0.000000 0.000000 0.000000  1.575604 0.005602 -0.000945
64  -1.240936 -11.314026 -3.546306  1.100522 0.977732 -0.325355
65  0.042268 -2.588229 0.672586  -0.000000 0.000000 -0.000000
66  0.048105 -1.112259 5.803836  -0.000000 0.000000 -0.000000
67  0.048105 -0.032153 -1.710083  -0.000000 0.000000 -0.000000
68  0.042353 -1.078447 21.234573  -0.000000 0.000000 -0.000000
69  0.436541 -3.059779 3.935333  -0.000000 0.000000 -0.000000
70  0.672327 -2.032812 2.042322  -0.000000 0.000000 -0.000000
71  -0.729359 -1.331796 3.242018  -0.000000 0.000000 -0.000000
72  0.194740 -1.447475 3.023561  -0.000000 0.000000 -0.000000
73  -0.700892 0.650638 17.606178  -0.000000 0.000000 -0.000000
74  0.042268 -2.357917 -0.445848  -0.000000 0.000000 -0.000000
75  0.436541 -0.003270 1.776057  -0.000000 0.000000 -0.000000
76  -4.368271 -16.646162 -4.397782  1.100522 0.977732 -0.325355
77  0.157556 2.649698 -1.682824  -0.000000 0.000000 -0.000000
78  -0.097393 2.508477 -1.682826  -0.000000 0.000000 -0.000000
79  -0.631861 -19.865452 -1.314989  1.100522 0.977732 -0.325355
80  -0.861920 -0.180711 3.135019  0.000000 -0.000000 -0.000001
81  -0.861920 0.097230 3.003446  0.000000 -0.000000 -0.000001
82  -0.861920 -0.180724 2.815478  0.000000 -0.000000 -0.000001
83  -0.861920 0.097217 2.683907  0.000000 -0.000000 -0.000001
84  -0.861920 -0.180725 2.495582  0.000000 -0.000000 -0.000001
85  -0.861919 0.097216 2.364012  0.000000 -0.000000 -0.000001
86  -0.861920 -0.180726 2.176041  0.000000 -0.000000 -0.000001
87  -0.861920 0.097216 2.044468  0.000000 -0.000000 -0.000001
88  -0.861919 -0.180727 1.861903  0.000000 -0.000000 -0.000001
89  -0.861919 0.097215 1.730332  0.000000 -0.000000 -0.000001
90  -0.861920 -0.180727 1.542359  0.000000 -0.000000 -0.000001
91  -0.861919 0.097214 1.410790  0.000000 -0.000000 -0.000001
92  -0.861920 -0.180721 1.222463  0.000000 -0.000000 -0.000001
93  -0.861920 0.097220 1.090890  0.000000 -0.000000 -0.000001
94  -0.861920 -0.180712 0.918800  0.000000 -0.000000 -0.000001
95  -0.861920 0.097230 0.787231  0.000000 -0.000000 -0.000001
96  -0.861920 -0.180724 0.599257  0.000000 -0.000000 -0.000001
97  -0.861920 0.097217 0.467690  0.000000 -0.000000 -0.000001
98  -0.861920 -0.180725 0.279365  0.000000 -0.000000 -0.000001
99  -0.861920 0.097217 0.147792  0.000000 -0.000000 -0.000001
100  -0.861919 -0.180726 -0.040178  0.000000 -0.000000 -0.000001
101  -0.861920 0.097216 -0.171751  0.000000 -0.000000 -0.000001
102  -0.861920 -0.180727 -0.354316  0.000000 -0.000000 -0.000001
103  -0.861920 0.097215 -0.485887  0.000000 -0.000000 -0.000001
104  -0.861920 -0.180727 -0.673860  0.000000 -0.000000 -0.000001
105  -0.861920 0.097215 -0.805431  0.000000 -0.000000 -0.000001
106  -0.861920 -0.180721 -0.993756  0.000000 -0.000000 -0.000001
107  -0.861920 0.097220 -1.125329  0.000000 -0.000000 -0.000001
108  -0.861920 -0.180725 -1.295309  0.000000 -0.000000 -0.000001
109  -0.861920 0.097217 -1.426880  0.000000 -0.000000 -0.000001
110  -0.861920 -0.180726 -1.614851  0.000000 -0.000000 -0.000001
111  -0.861920 0.097216 -1.746424  0.000000 -0.000000 -0.000001
112  -0.861920 -0.180726 -1.928990  0.000000 -0.000000 -0.000001
113  -0.861920 0.097216 -2.060559  0.000000 -0.000000 -0.000001
114  -0.861920 -0.180727 -2.248534  0.000000 -0.000000 -0.000001
115  -0.861920 0.097215 -2.380103  0.000000 -0.000000 -0.000001
116  -0.861920 -0.180721 -2.568428  0.000000 -0.000000 -0.000001
117  -0.861920 0.097220 -2.700001  0.000000 -0.000000 -0.000001
118  -0.861920 -0.180725 -2.887972  0.000000 -0.000000 -0.000001
119  -0.861920 0.097216 -3.019542  0.000000 -0.000000 -0.000001
120  -0.861920 -0.180724 -3.207871  0.000000 -0.000000 -0.000001
121  -0.861920 0.097230 -3.339445  0.000000 -0.000000 -0.000001
122  -0.861919 -0.180737 -3.527413  0.000000 -0.000000 -0.000001
123  -0.861920 0.097217 -3.658985  0.000000 -0.000000 -0.000001
124  -0.861920 -0.048023 -3.936776  0.000000 -0.000000 -0.000001
125  -0.861920 0.096813 -4.220029  0.000000 -0.000000 -0.000001
126  -0.861839 0.049010 -4.549494  -0.000000 -0.000000 -0.000000
127  -0.862202 -0.181353 -4.727589  -0.000568 0.008934 0.008929
128  -0.865933 -0.543243 -4.815327  -0.002212 0.031273 0.031204
129  0.018344 -0.713685 -5.609472  0.064463 -0.001784 -0.001902
130  0.000001 0.000000 4.970244  -0.000000 0.000000 -0.000000
131  0.000001 0.000000 -2.491491  -0.000000 0.000000 -0.000000
time 21
0  0.000006 0.000000 0.000000  -1.570800 -1.391899 -1.570792
1  -7.594609 -5.667823 1.296088  -1.544956 -1.855077 -0.198630
2  6.027521 -0.000324 0.000191  -1.036275 -0.827254 -1.217497
3  11.692106 0.000645 -0.000739  -0.539049 -0.000025 -1.496523
4  11.480492 0.000149 -0.000763  1.506760 -0.378426 0.104618
5  3.859504 -0.142823 -1.192080  -0.429498 0.265456 -0.639800
6  1.312589 0.000009 0.000007  -0.048628 -0.031866 -0.177735
7  0.729355 0.000053 0.000048  0.001130 -0.000044 0.016906
8  3.942142 0.046331 -0.431543  -0.128300 0.104630 -0.557049
9  1.539110 0.000083 0.000004  0.000200 -0.001996 0.033324
10  1.196332 0.000145 0.000028  0.000239 0.000011 -0.134371
11  3.883511 -0.047212 0.431351  0.088619 -0.001036 -0.327666
12  1.719573 -0.000028 0.000018  0.001439 0.005327 -0.105300
13  1.209178 0.000090 0.000012  0.000802 0.002985 0.044802
14  3.859678 -0.138418 1.332381  0.332902 -0.131191 -0.284975
15  1.719448 -0.000019 0.000029  0.001077 0.003921 -0.101794
16  1.099674 0.000050 0.000007  0.000669 0.002489 0.016848
17  0.954633 -1.259745 1.104964  -1.498783 -0.807352 -0.330797
18  1.789820 -0.000003 -0.000017  0.005502 0.037747 0.266755
19  1.207016 -0.000013 -0.000043  -0.000313 -0.000035 0.214322
20  5.740635 0.000388 -0.000699  -0.039668 0.000003 0.000063
21  11.481107 0.000206 -0.000804  -0.004855 -0.054990 0.007785
22  6.027524 -0.000331 0.000200  1.863972 -0.693792 1.482996
23  -0.000000 11.692100 -0.000007  -1.027409 -0.474041 -0.808962
24  0.000003 0.000010 -0.000001  0.330050 -0.000031 1.570739
25  -0.000000 -0.000012 -0.000000  0.868960 0.000002 1.570712
26  -6.617934 -9.178503 0.826812  1.473120 1.855075 -0.198639
27  6.027507 -0.000264 -0.000219  1.709167 0.846773 -0.043310
28  11.691991 0.000162 0.000858  -0.383185 0.000037 -1.348084
29  11.480057 -0.000714 0.000600  -1.099706 0.246898 0.461716
30  3.859438 -0.132759 1.193066  0.469647 -0.013262 -1.872395
31  1.312559 0.000026 -0.000001  0.024060 -0.138696 -0.550187
32  0.729345 0.000065 -0.000027  -0.166197 -0.081570 -0.714272
33  3.942047 0.050138 0.431000  0.225309 -0.086237 -1.592712
34  1.539096 0.000006 -0.000001  0.035254 -0.050373 -0.994350
35  1.196301 0.000079 -0.000003  -0.021521 0.002175 -0.839738
36  3.883414 -0.050472 -0.431084  0.184824 -0.271737 -1.204030
37  1.719563 -0.000085 -0.000004  0.022858 -0.107186 -1.509108
38  1.209197 0.000035 0.000011  0.000661 0.071072 -0.480462
39  3.859589 -0.149082 -1.331321  -0.098902 -0.128896 -0.414975
40  1.719413 -0.000098 -0.000036  -0.029817 0.003452 0.165194
41  1.099672 0.000023 0.000007  -0.007071 -0.002993 0.103700
42  0.805984 -0.359847 -1.318338  0.991670 0.166767 -0.799527
43  1.789778 -0.000009 -0.000043  0.000058 -0.002451 0.133097
44  1.206996 -0.000007 0.000005  0.000372 -0.000071 1.058780
45  5.740572 0.000079 0.000722  0.100981 -0.000014 0.000028
46  11.480955 -0.000070 0.000865  0.083829 0.047040 0.066142
47  6.027515 -0.000273 -0.000230  -0.928909 -0.361693 -1.172074
48  -0.000001 11.691975 -0.000006  -0.938542 0.394283 0.750466
49  0.000003 0.000001 -0.000001  1.889352 -0.000036 1.570860
50  -0.000007 -0.000013 0.000005  2.272645 -0.000036 1.570861
51  -6.017821 -7.895963 -6.803155  2.129804 -0.488936 -1.496940
52  0.000000 0.000001 0.000000  0.008153 -0.000259 0.000009
53  0.000000 -0.000000 0.000000  1.565115 0.043565 -0.106862
54  1.232991 -8.955387 -9.875549  -0.248328 -0.432582 -1.867380
55  0.000001 -0.000000 -0.000001  0.000000 -0.000001 -0.000002
56  0.000032 0.000028 0.000000  -1.571901 -0.044449 -0.106509
57  2.757466 -19.534832 -21.361265  1.570796 -0.000000 0.000000
58  -15.417985 4.000748 -11.289719  1.570796 -0.000000 0.000000
59  1.300398 6.928414 -6.466077  1.570796 -0.000000 0.000000
60  -0.004311 0.001230 -0.000371  0.006898 -0.005534 -0.284229
61  0.826810 10.209643 -4.879054  1.570796 -0.000000 0.000000
62  0.000000 0.000000 0.000000  -0.078727 -3.136056 0.284226
63  0.000000 0.000000 0.000000  1.577732 0.007093 -0.001353
64  -1.332876 -10.900567 -3.623942  1.186034 0.894766 -0.235500
65  0.042268 -2.588229 0.672585  -0.000000 0.000000 -0.000000
66  0.048105 -1.112259 5.803836  -0.000000 0.000000 -0.000000
67  0.048105 -0.032153 -1.710082  -0.000000 0.000000 -0.000000
68  0.042353 -1.078447 21.234573  -0.000000 0.000000 -0.000000
69  0.436541 -3.059779 3.935333  -0.000000 0.000000 -0.000000
70  0.672327 -2.032812 2.042324  -0.000000 0.000000 -0.000000
71  -0.729359 -1.331797 3.242018  -0.000000 0.000000 -0.000000
72  0.194740 -1.447475 3.023561  -0.000000 0.000000 -0.000000
73  -0.700892 0.650638 17.606178  -0.000000 0.000000 -0.000000
74  0.042268 -2.357917 -0.445848  -0.000000 0.000000 -0.000000
75  0.436541 -0.003270 1.776057  -0.000000 0.000000 -0.000000
76  -4.248713 -16.268503 -4.896759  1.186034 0.894766 -0.235500
77  0.157555 2.649699 -1.682825  -0.000000 0.000000 -0.000000
78  -0.097393 2.508478 -1.682825  -0.000000 0.000000 -0.000000
79  -0.745987 -19.494913 -1.557688  1.186034 0.894766 -0.235500
80  -0.861920 -0.180711 3.135019  0.000000 -0.000000 -0.000001
81  -0.861920 0.097230 3.003449  0.000000 -0.000000 -0.000001
82  -0.861920 -0.180724 2.815479  0.000000 -0.000000 -0.000001
83  -0.861920 0.097218 2.683908  0.000000 -0.000000 -0.000001
84  -0.861920 -0.180725 2.495584  0.000000 -0.000000 -0.000001
85  -0.861920 0.097217 2.364013  0.000000 -0.000000 -0.000001
86  -0.861920 -0.180725 2.176040  0.000000 -0.000000 -0.000001
87  -0.861921 0.097216 2.044467  0.000000 -0.000000 -0.000001
88  -0.861920 -0.180726 1.861903  0.000000 -0.000000 -0.000001
89  -0.861920 0.097216 1.730332  0.000000 -0.000000 -0.000001
90  -0.861920 -0.180727 1.542360  0.000000 -0.000000 -0.000001
91  -0.861920 0.097215 1.410791  0.000000 -0.000000 -0.000001
92  -0.861921 -0.180721 1.222462  0.000000 -0.000000 -0.000001
93  -0.861920 0.097221 1.090891  0.000000 -0.000000 -0.000001
94  -0.861921 -0.180711 0.918800  0.000000 -0.000000 -0.000001
95  -0.861920 0.097230 0.787233  0.000000 -0.000000 -0.000001
96  -0.861920 -0.180724 0.599258  0.000000 -0.000000 -0.000001
97  -0.861920 0.097217 0.467691  0.000000 -0.000000 -0.000001
98  -0.861921 -0.180725 0.279365  0.000000 -0.000000 -0.000001
99  -0.861920 0.097217 0.147794  0.000000 -0.000000 -0.000001
100  -0.861920 -0.180725 -0.040177  0.000000 -0.000000 -0.000001
101  -0.861920 0.097216 -0.171750  0.000000 -0.000000 -0.000001
102  -0.861920 -0.180726 -0.354316  0.000000 -0.000000 -0.000001
103  -0.861921 0.097216 -0.485887  0.000000 -0.000000 -0.000001
104  -0.861920 -0.180727 -0.673859  0.000000 -0.000000 -0.000001
105  -0.861920 0.097215 -0.805430  0.000000 -0.000000 -0.000001
106  -0.861920 -0.180721 -0.993755  0.000000 -0.000000 -0.000001
107  -0.861920 0.097221 -1.125328  0.000000 -0.000000 -0.000001
108  -0.861920 -0.180725 -1.295308  0.000000 -0.000000 -0.000001
109  -0.861921 0.097217 -1.426881  0.000000 -0.000000 -0.000001
110  -0.861920 -0.180726 -1.614850  0.000000 -0.000000 -0.000001
111  -0.861921 0.097216 -1.746425  0.000000 -0.000000 -0.000001
112  -0.861920 -0.180726 -1.928989  0.000000 -0.000000 -0.000001
113  -0.861921 0.097216 -2.060558  0.000000 -0.000000 -0.000001
114  -0.861920 -0.180727 -2.248532  0.000000 -0.000000 -0.000001
115  -0.861920 0.097215 -2.380101  0.000000 -0.000000 -0.000001
116  -0.861920 -0.180721 -2.568428  0.000000 -0.000000 -0.000001
117  -0.861920 0.097220 -2.699999  0.000000 -0.000000 -0.000001
118  -0.861921 -0.180725 -2.887970  0.000000 -0.000000 -0.000001
119  -0.861920 0.097217 -3.019541  0.000000 -0.000000 -0.000001
120  -0.861921 -0.180724 -3.207871  0.000000 -0.000000 -0.000001
121  -0.861920 0.097230 -3.339442  0.000000 -0.000000 -0.000001
122  -0.861921 -0.180737 -3.527412  0.000000 -0.000000 -0.000001
123  -0.861920 0.097217 -3.658984  0.000000 -0.000000 -0.000001
124  -0.861920 -0.048023 -3.936775  0.000000 -0.000000 -0.000001
125  -0.861921 0.096813 -4.220028  0.000000 -0.000000 -0.000001
126  -0.861839 0.049010 -4.549493  -0.000000 -0.000000 -0.000000
127  -0.862203 -0.181352 -4.727588  -0.000568 0.008934 0.008929
128  -0.865934 -0.543242 -4.815326  -0.002212 0.031273 0.031204
129  0.018344 -0.713685 -5.609471  0.064463 -0.001783 -0.001902
130  0.000000 0.000001 4.970244  -0.000000 0.000000 -0.000000
131  -0.000000 0.000000 -2.491492  -0.000000 0.000000 -0.000000
time 22
0  0.000006 0.000000 0.000000  -1.570800 -1.391899 -1.570792
1  -6.696868 -4.330292 1.123139  -1.544956 -1.855077 -0.198630
2  6.027522 -0.000322 0.000193  -1.049848 -0.787490 -1.136751
3  11.692108 0.000646 -0.000737  -0.677209 -0.000029 -1.573691
4  11.479882 -0.000040 -0.000974  1.341797 -0.428041 0.164282
5  3.859503 -0.142823 -1.192079  -0.434107 0.309953 -0.630560
6  1.312590 0.000010 0.000007  -0.071693 -0.042138 -0.123475
7  0.729355 0.000053 0.000048  0.001565 -0.000059 0.005487
8  3.942140 0.046331 -0.431543  -0.143154 0.156307 -0.504915
9  1.539111 0.000081 0.000005  -0.003963 -0.003140 0.029207
10  1.196333 0.000146 0.000028  0.000531 0.000115 -0.185683
11  3.883509 -0.047212 0.431351  0.049250 0.051055 -0.310928
12  1.719571 -0.000028 0.000017  -0.004407 0.004385 -0.105675
13  1.209179 0.000091 0.000012  -0.001035 0.003208 0.018588
14  3.859676 -0.138418 1.332380  0.291444 -0.086385 -0.267201
15  1.719448 -0.000019 0.000028  -0.000121 0.006886 0.001140
16  1.099676 0.000050 0.000006  -0.000010 0.002555 0.040719
17  0.972084 -1.293766 1.098059  -1.527559 -0.578641 -0.235391
18  1.789819 -0.000003 -0.000018  0.007160 0.003490 0.079526
19  1.207016 -0.000013 -0.000042  0.003283 0.000139 0.043365
20  5.740637 0.000388 -0.000698  -0.074716 0.000003 0.000063
21  11.480987 0.000168 -0.000846  -0.034102 -0.067976 0.011450
22  6.027525 -0.000330 0.000201  1.898207 -0.725334 1.531626
23  0.000000 11.692101 -0.000005  -1.072958 -0.517254 -0.837124
24  0.000002 0.000009 0.000000  0.191894 -0.000031 1.570738
25  0.000000 -0.000011 0.000000  0.868960 0.000002 1.570712
26  -6.617934 -9.178503 0.826812  1.473120 1.855075 -0.198639
27  6.027507 -0.000263 -0.000219  1.661683 0.815944 -0.073101
28  11.691991 0.000160 0.000857  -0.312967 0.000042 -1.413379
29  11.479687 -0.000859 0.000588  -1.037648 0.269677 0.522099
30  3.859438 -0.132758 1.193065  0.469647 -0.013262 -1.872395
31  1.312559 0.000025 -0.000000  0.024060 -0.138696 -0.550187
32  0.729345 0.000065 -0.000028  -0.166197 -0.081570 -0.714272
33  3.942047 0.050139 0.431000  0.225309 -0.086237 -1.592712
34  1.539097 0.000007 -0.000000  0.035254 -0.050373 -0.994350
35  1.196300 0.000078 -0.000003  -0.021521 0.002175 -0.839738
36  3.883414 -0.050472 -0.431084  0.184824 -0.271737 -1.204030
37  1.719564 -0.000085 -0.000005  0.022858 -0.107186 -1.509108
38  1.209197 0.000036 0.000011  0.000661 0.071072 -0.480462
39  3.859589 -0.149082 -1.331321  -0.098902 -0.128896 -0.414975
40  1.719413 -0.000099 -0.000036  -0.029817 0.003452 0.165194
41  1.099673 0.000024 0.000006  -0.007071 -0.002993 0.103700
42  0.805983 -0.359848 -1.318338  0.991670 0.166767 -0.799527
43  1.789781 -0.000008 -0.000042  0.000058 -0.002451 0.133097
44  1.206995 -0.000008 0.000006  0.000372 -0.000071 1.058780
45  5.740573 0.000080 0.000719  0.112437 -0.000014 0.000028
46  11.480881 -0.000097 0.000861  0.093364 0.056399 0.074771
47  6.027515 -0.000273 -0.000230  -0.914307 -0.404006 -1.172230
48  0.000000 11.691974 -0.000005  -0.977834 0.428771 0.776910
49  0.000002 0.000001 -0.000001  1.959568 -0.000036 1.570860
50  -0.000006 -0.000014 0.000005  2.272645 -0.000036 1.570861
51  -5.791906 -7.412927 -7.264631  2.265441 -0.455142 -1.532820
52  -0.000000 -0.000000 -0.000000  0.008153 -0.000259 0.000009
53  0.000000 0.000000 0.000000  1.565116 0.043565 -0.106862
54  1.322785 -9.816197 -9.598965  -0.465773 -0.330307 -1.900707
55  0.000001 -0.000000 0.000000  0.000000 -0.000001 -0.000002
56  0.000030 0.000028 0.000001  -1.571902 -0.044449 -0.106509
57  4.024331 -19.508465 -21.370531  1.570796 -0.000000 0.000000
58  -16.030041 4.000748 -11.667171  1.570796 -0.000000 0.000000
59  1.127450 5.452482 -5.820670  1.570796 -0.000000 0.000000
60  -0.004311 0.001230 -0.000371  0.006898 -0.005534 -0.284229
61  0.826810 10.209643 -4.879054  1.570796 -0.000000 0.000000
62  0.000000 0.000000 0.000000  -0.078727 -3.136056 0.284226
63  0.000000 0.000000 0.000000  1.579429 0.005848 -0.001654
64  -1.431602 -10.437629 -3.669820  1.278773 0.785595 -0.140428
65  0.042269 -2.588229 0.672588  0.000000 -0.000000 0.000000
66  0.048105 -1.112259 5.803838  0.000000 -0.000000 0.000000
67  0.048106 -0.032154 -1.710081  0.000000 -0.000000 0.000000
68  0.042353 -1.078447 21.234575  0.000000 -0.000000 0.000000
69  0.436542 -3.059779 3.935334  0.000000 -0.000000 0.000000
70  0.672328 -2.032813 2.042325  0.000000 -0.000000 0.000000
71  -0.729358 -1.331797 3.242020  0.000000 -0.000000 0.000000
72  0.194741 -1.447475 3.023562  0.000000 -0.000000 0.000000
73  -0.700892 0.650637 17.606180  0.000000 -0.000000 0.000000
74  0.042269 -2.357918 -0.445847  0.000000 -0.000000 0.000000
75  0.436542 -0.003270 1.776059  0.000000 -0.000000 0.000000
76  -4.024692 -15.814281 -5.487625  1.278773 0.785595 -0.140428
77  0.157555 2.649698 -1.682825  0.000000 -0.000000 0.000000
78  -0.097393 2.508477 -1.682826  0.000000 -0.000000 0.000000
79  -0.850485 -19.094860 -1.883404  1.278773 0.785595 -0.140428
80  -0.861921 -0.180712 3.135020  -0.000000 -0.000000 -0.000000
81  -0.861921 0.097229 3.003451  -0.000000 -0.000000 -0.000000
82  -0.861921 -0.180725 2.815480  -0.000000 -0.000000 -0.000000
83  -0.861921 0.097217 2.683911  -0.000000 -0.000000 -0.000000
84  -0.861921 -0.180726 2.495584  -0.000000 -0.000000 -0.000000
85  -0.861921 0.097216 2.364014  -0.000000 -0.000000 -0.000000
86  -0.861921 -0.180726 2.176039  -0.000000 -0.000000 -0.000000
87  -0.861921 0.097216 2.044468  -0.000000 -0.000000 -0.000000
88  -0.861921 -0.180727 1.861904  -0.000000 -0.000000 -0.000000
89  -0.861921 0.097215 1.730331  -0.000000 -0.000000 -0.000000
90  -0.861920 -0.180728 1.542360  -0.000000 -0.000000 -0.000000
91  -0.861921 0.097214 1.410790  -0.000000 -0.000000 -0.000000
92  -0.861921 -0.180722 1.222465  -0.000000 -0.000000 -0.000000
93  -0.861921 0.097219 1.090894  -0.000000 -0.000000 -0.000000
94  -0.861921 -0.180712 0.918802  -0.000000 -0.000000 -0.000000
95  -0.861921 0.097229 0.787233  -0.000000 -0.000000 -0.000000
96  -0.861921 -0.180725 0.599258  -0.000000 -0.000000 -0.000000
97  -0.861921 0.097217 0.467689  -0.000000 -0.000000 -0.000000
98  -0.861921 -0.180725 0.279365  -0.000000 -0.000000 -0.000000
99  -0.861921 0.097216 0.147794  -0.000000 -0.000000 -0.000000
100  -0.861921 -0.180726 -0.040179  -0.000000 -0.000000 -0.000000
101  -0.861921 0.097215 -0.171749  -0.000000 -0.000000 -0.000000
102  -0.861921 -0.180727 -0.354314  -0.000000 -0.000000 -0.000000
103  -0.861921 0.097215 -0.485885  -0.000000 -0.000000 -0.000000
104  -0.861920 -0.180728 -0.673857  -0.000000 -0.000000 -0.000000
105  -0.861921 0.097214 -0.805432  -0.000000 -0.000000 -0.000000
106  -0.861921 -0.180722 -0.993753  -0.000000 -0.000000 -0.000000
107  -0.861921 0.097220 -1.125328  -0.000000 -0.000000 -0.000000
108  -0.861921 -0.180726 -1.295306  -0.000000 -0.000000 -0.000000
109  -0.861920 0.097216 -1.426878  -0.000000 -0.000000 -0.000000
110  -0.861921 -0.180726 -1.614851  -0.000000 -0.000000 -0.000000
111  -0.861921 0.097216 -1.746424  -0.000000 -0.000000 -0.000000
112  -0.861921 -0.180727 -1.928988  -0.000000 -0.000000 -0.000000
113  -0.861921 0.097215 -2.060557  -0.000000 -0.000000 -0.000000
114  -0.861921 -0.180728 -2.248532  -0.000000 -0.000000 -0.000000
115  -0.861921 0.097214 -2.380100  -0.000000 -0.000000 -0.000000
116  -0.861921 -0.180722 -2.568428  -0.000000 -0.000000 -0.000000
117  -0.861921 0.097219 -2.699998  -0.000000 -0.000000 -0.000000
118  -0.861921 -0.180725 -2.887970  -0.000000 -0.000000 -0.000000
119  -0.861921 0.097216 -3.019542  -0.000000 -0.000000 -0.000000
120  -0.861921 -0.180725 -3.207870  -0.000000 -0.000000 -0.000000
121  -0.861921 0.097229 -3.339443  -0.000000 -0.000000 -0.000000
122  -0.861921 -0.180737 -3.527412  -0.000000 -0.000000 -0.000000
123  -0.861921 0.097216 -3.658984  -0.000000 -0.000000 -0.000000
124  -0.861921 -0.048024 -3.936774  -0.000000 -0.000000 -0.000000
125  -0.861920 0.096812 -4.220027  -0.000000 -0.000000 -0.000000
126  -0.861840 0.049009 -4.549494  0.000000 -0.000000 -0.000000
127  -0.862203 -0.181353 -4.727588  -0.000568 0.008934 0.008929
128  -0.865934 -0.543243 -4.815326  -0.002212 0.031273 0.031204
129  0.018344 -0.713685 -5.609469  0.064463 -0.001783 -0.001902
130  -0.000000 -0.000001 4.970248  0.000000 -0.000000 0.000000
131  -0.000000 -0.000000 -2.491488  0.000000 -0.000000 0.000000
time 23
0  0.000006 0.000000 0.000000  -1.570800 -1.391899 -1.570792
1  -5.873188 -3.103102 0.964457  -1.544956 -1.855077 -0.198630
2  6.027522 -0.000323 0.000193  -1.075715 -0.820961 -1.196679
3  11.692106 0.000645 -0.000738  -0.762006 -0.000025 -1.495818
4  11.480499 0.000317 -0.000710  1.270993 -0.427003 0.212167
5  3.859503 -0.142823 -1.192079  -0.447815 0.402306 -0.657659
6  1.312590 0.000008 0.000008  -0.093782 -0.049765 -0.090188
7  0.729355 0.000052 0.000049  0.001925 -0.000038 -0.033990
8  3.942142 0.046332 -0.431542  -0.198346 0.287784 -0.465375
9  1.539110 0.000083 0.000003  -0.015411 -0.005921 0.004450
10  1.196334 0.000146 0.000029  0.001197 0.000440 -0.333462
11  3.883511 -0.047211 0.431352  -0.057093 0.202059 -0.300441
12  1.719573 -0.000029 0.000017  -0.021040 -0.000349 -0.108028
13  1.209179 0.000091 0.000012  -0.003488 0.003303 -0.070718
14  3.859677 -0.138417 1.332380  0.179971 0.051957 -0.230301
15  1.719448 -0.000017 0.000028  -0.005817 0.010091 0.064041
16  1.099677 0.000050 0.000007  -0.000837 0.002665 0.054887
17  0.986928 -1.322700 1.092187  -1.368444 -0.623591 -0.275522
18  1.789819 -0.000004 -0.000019  0.006365 -0.004735 0.221571
19  1.207016 -0.000013 -0.000044  0.003190 0.000303 -0.050623
20  5.740637 0.000389 -0.000699  -0.085214 0.000003 0.000063
21  11.481109 0.000241 -0.000794  -0.046353 -0.070010 0.017552
22  6.027525 -0.000330 0.000201  1.898679 -0.687360 1.452757
23  0.000001 11.692098 -0.000006  -1.026991 -0.473651 -0.808697
24  0.000003 0.000009 0.000001  0.107093 -0.000030 1.570739
25  -0.000000 -0.000011 0.000001  0.868960 0.000002 1.570712
26  -6.617934 -9.178503 0.826812  1.473120 1.855075 -0.198639
27  6.027507 -0.000263 -0.000220  1.614682 0.787843 -0.117651
28  11.691991 0.000162 0.000860  -0.111234 0.000047 -1.486171
29  11.480395 -0.000388 0.000784  -1.088109 0.358088 0.553751
30  3.859437 -0.132758 1.193065  0.469647 -0.013262 -1.872395
31  1.312559 0.000025 -0.000000  0.024060 -0.138696 -0.550187
32  0.729343 0.000065 -0.000027  -0.166197 -0.081570 -0.714272
33  3.942047 0.050139 0.431001  0.225309 -0.086237 -1.592712
34  1.539097 0.000006 -0.000001  0.035254 -0.050373 -0.994350
35  1.196301 0.000077 -0.000003  -0.021521 0.002175 -0.839738
36  3.883414 -0.050472 -0.431083  0.184824 -0.271737 -1.204030
37  1.719563 -0.000085 -0.000004  0.022858 -0.107186 -1.509108
38  1.209198 0.000036 0.000011  0.000661 0.071072 -0.480462
39  3.859589 -0.149082 -1.331321  -0.098902 -0.128896 -0.414975
40  1.719411 -0.000098 -0.000036  -0.029817 0.003453 0.165194
41  1.099674 0.000023 0.000007  -0.007071 -0.002993 0.103699
42  0.805983 -0.359848 -1.318338  0.991670 0.166767 -0.799527
43  1.789779 -0.000007 -0.000042  0.000058 -0.002451 0.133097
44  1.206996 -0.000008 0.000005  0.000372 -0.000071 1.058780
45  5.740572 0.000079 0.000721  0.100531 -0.000014 0.000028
46  11.481024 -0.000004 0.000902  0.077758 0.071943 0.078983
47  6.027515 -0.000273 -0.000230  -0.903815 -0.446030 -1.187323
48  0.000001 11.691974 -0.000005  -1.021205 0.468301 0.805104
49  0.000003 0.000001 0.000001  2.161299 -0.000036 1.570860
50  -0.000007 -0.000014 0.000005  2.272645 -0.000036 1.570861
51  -5.452661 -6.843706 -7.694516  2.417445 -0.407593 -1.570454
52  0.000000 -0.000000 -0.000001  0.008153 -0.000259 0.000009
53  -0.000000 -0.000000 0.000000  1.565115 0.043565 -0.106862
54  1.322198 -11.937374 -8.665883  -0.642021 -0.248554 -1.874191
55  0.000000 -0.000000 0.000001  0.000000 -0.000001 -0.000002
56  0.000031 0.000029 0.000002  -1.571901 -0.044449 -0.106509
57  4.814278 -19.452423 -21.390223  1.570796 -0.000000 0.000000
58  -17.754015 4.000748 -12.804333  1.570796 -0.000000 0.000000
59  0.968770 4.098308 -5.228507  1.570796 -0.000000 0.000000
60  -0.004311 0.001230 -0.000371  0.006898 -0.005534 -0.284229
61  0.826810 10.209643 -4.879054  1.570796 -0.000000 0.000000
62  0.000000 0.000000 0.000000  -0.078727 -3.136056 0.284226
63  0.000000 0.000000 0.000000  1.580552 0.003400 -0.001864
64  -1.534893 -9.951410 -3.684900  1.363126 0.654021 -0.058639
65  0.042269 -2.588229 0.672586  0.000000 0.000000 0.000000
66  0.048105 -1.112260 5.803836  0.000000 0.000000 0.000000
67  0.048106 -0.032154 -1.710082  0.000000 0.000000 0.000000
68  0.042353 -1.078447 21.234571  0.000000 0.000000 0.000000
69  0.436542 -3.059779 3.935333  0.000000 0.000000 0.000000
70  0.672328 -2.032813 2.042324  0.000000 0.000000 0.000000
71  -0.729358 -1.331797 3.242018  0.000000 0.000000 0.000000
72  0.194741 -1.447475 3.023561  0.000000 0.000000 0.000000
73  -0.700892 0.650637 17.606176  0.000000 0.000000 0.000000
74  0.042269 -2.357918 -0.445848  0.000000 0.000000 0.000000
75  0.436542 -0.003270 1.776057  0.000000 0.000000 0.000000
76  -3.697887 -15.283837 -6.098113  1.363126 0.654021 -0.058639
77  0.157555 2.649698 -1.682825  0.000000 0.000000 0.000000
78  -0.097393 2.508477 -1.682826  0.000000 0.000000 0.000000
79  -0.948460 -18.674150 -2.254336  1.363126 0.654021 -0.058639
80  -0.861921 -0.180712 3.135019  0.000000 -0.000000 -0.000000
81  -0.861920 0.097230 3.003447  0.000000 -0.000000 -0.000000
82  -0.861920 -0.180725 2.815477  0.000000 -0.000000 -0.000000
83  -0.861920 0.097217 2.683907  0.000000 -0.000000 -0.000000
84  -0.861921 -0.180725 2.495581  0.000000 -0.000000 -0.000000
85  -0.861920 0.097217 2.364009  0.000000 -0.000000 -0.000000
86  -0.861921 -0.180726 2.176038  0.000000 -0.000000 -0.000000
87  -0.861920 0.097216 2.044466  0.000000 -0.000000 -0.000000
88  -0.861920 -0.180726 1.861899  0.000000 -0.000000 -0.000000
89  -0.861921 0.097215 1.730330  0.000000 -0.000000 -0.000000
90  -0.861920 -0.180727 1.542358  0.000000 -0.000000 -0.000000
91  -0.861920 0.097215 1.410788  0.000000 -0.000000 -0.000000
92  -0.861920 -0.180721 1.222463  0.000000 -0.000000 -0.000000
93  -0.861920 0.097220 1.090889  0.000000 -0.000000 -0.000000
94  -0.861920 -0.180712 0.918799  0.000000 -0.000000 -0.000000
95  -0.861920 0.097230 0.787231  0.000000 -0.000000 -0.000000
96  -0.861920 -0.180724 0.599257  0.000000 -0.000000 -0.000000
97  -0.861920 0.097217 0.467689  0.000000 -0.000000 -0.000000
98  -0.861921 -0.180725 0.279363  0.000000 -0.000000 -0.000000
99  -0.861920 0.097217 0.147790  0.000000 -0.000000 -0.000000
100  -0.861921 -0.180725 -0.040180  0.000000 -0.000000 -0.000000
101  -0.861920 0.097216 -0.171754  0.000000 -0.000000 -0.000000
102  -0.861920 -0.180726 -0.354320  0.000000 -0.000000 -0.000000
103  -0.861920 0.097216 -0.485888  0.000000 -0.000000 -0.000000
104  -0.861920 -0.180727 -0.673862  0.000000 -0.000000 -0.000000
105  -0.861921 0.097215 -0.805433  0.000000 -0.000000 -0.000000
106  -0.861920 -0.180721 -0.993757  0.000000 -0.000000 -0.000000
107  -0.861920 0.097220 -1.125328  0.000000 -0.000000 -0.000000
108  -0.861921 -0.180725 -1.295310  0.000000 -0.000000 -0.000000
109  -0.861920 0.097217 -1.426882  0.000000 -0.000000 -0.000000
110  -0.861920 -0.180725 -1.614854  0.000000 -0.000000 -0.000000
111  -0.861921 0.097216 -1.746426  0.000000 -0.000000 -0.000000
112  -0.861920 -0.180726 -1.928992  0.000000 -0.000000 -0.000000
113  -0.861921 0.097216 -2.060560  0.000000 -0.000000 -0.000000
114  -0.861920 -0.180727 -2.248533  0.000000 -0.000000 -0.000000
115  -0.861921 0.097215 -2.380103  0.000000 -0.000000 -0.000000
116  -0.861920 -0.180721 -2.568429  0.000000 -0.000000 -0.000000
117  -0.861920 0.097220 -2.700002  0.000000 -0.000000 -0.000000
118  -0.861920 -0.180725 -2.887971  0.000000 -0.000000 -0.000000
119  -0.861920 0.097217 -3.019544  0.000000 -0.000000 -0.000000
120  -0.861920 -0.180724 -3.207871  0.000000 -0.000000 -0.000000
121  -0.861920 0.097230 -3.339444  0.000000 -0.000000 -0.000000
122  -0.861920 -0.180737 -3.527414  0.000000 -0.000000 -0.000000
123  -0.861920 0.097217 -3.658987  0.000000 -0.000000 -0.000000
124  -0.861920 -0.048023 -3.936776  0.000000 -0.000000 -0.000000
125  -0.861920 0.096813 -4.220029  0.000000 -0.000000 -0.000000
126  -0.861839 0.049009 -4.549494  0.000000 -0.000000 -0.000000
127  -0.862203 -0.181352 -4.727590  -0.000568 0.008934 0.008929
128  -0.865934 -0.543242 -4.815329  -0.002212 0.031273 0.031204
129  0.018344 -0.713685 -5.609471  0.064463 -0.001783 -0.001902
130  -0.000000 0.000000 4.970243  0.000000 0.000000 0.000000
131  -0.000000 0.000000 -2.491489  0.000000 0.000000 0.000000
time 24
0  0.000006 0.000000 0.000000  -1.570800 -1.391899 -1.570792
1  -5.185352 -2.078305 0.831946  -1.544956 -1.855077 -0.198630
2  6.027523 -0.000323 0.000191  -1.051200 -0.939886 -1.314607
3  11.692108 0.000645 -0.000739  -0.835377 -0.000011 -1.258429
4  11.479282 -0.000003 -0.001094  1.247238 -0.409253 0.171195
5  3.859504 -0.142823 -1.192079  -0.474052 0.490577 -0.698024
6  1.312590 0.000010 0.000008  -0.112225 -0.054017 -0.077418
7  0.729355 0.000053 0.000049  0.002158 0.000034 -0.105742
8  3.942140 0.046331 -0.431543  -0.280775 0.432612 -0.457507
9  1.539109 0.000085 0.000005  -0.028945 -0.014029 -0.065434
10  1.196332 0.000146 0.000029  0.002223 0.000909 -0.519309
11  3.883510 -0.047212 0.431351  -0.175358 0.379312 -0.313786
12  1.719573 -0.000028 0.000016  -0.041263 -0.011277 -0.114561
13  1.209179 0.000091 0.000013  -0.005667 0.002932 -0.219542
14  3.859676 -0.138418 1.332379  0.054643 0.237783 -0.201077
15  1.719447 -0.000019 0.000028  -0.014186 0.014891 0.088109
16  1.099673 0.000050 0.000007  -0.001485 0.002762 0.060046
17  0.997667 -1.343634 1.087939  -0.997734 -0.698693 -0.401088
18  1.789819 -0.000004 -0.000018  0.002692 -0.008426 0.529404
19  1.207015 -0.000013 -0.000044  0.002527 0.000283 -0.098494
20  5.740636 0.000388 -0.000701  -0.083592 0.000003 0.000063
21  11.480865 0.000177 -0.000872  -0.052536 -0.066064 0.008894
22  6.027524 -0.000330 0.000200  1.815841 -0.587538 1.403144
23  0.000000 11.692097 -0.000006  -0.883931 -0.348578 -0.712384
24  0.000003 0.000009 0.000001  0.033711 -0.000031 1.570738
25  0.000000 -0.000012 0.000001  0.868960 0.000002 1.570712
26  -6.617934 -9.178503 0.826812  1.473120 1.855075 -0.198639
27  6.027507 -0.000262 -0.000220  1.573407 0.765458 -0.170235
28  11.691992 0.000162 0.000857  0.151163 0.000052 -1.563238
29  11.479795 -0.000532 0.000913  -1.193267 0.490220 0.558718
30  3.859437 -0.132759 1.193065  0.469647 -0.013262 -1.872395
31  1.312559 0.000025 -0.000000  0.024060 -0.138696 -0.550187
32  0.729345 0.000066 -0.000028  -0.166197 -0.081570 -0.714273
33  3.942047 0.050138 0.431000  0.225309 -0.086237 -1.592712
34  1.539096 0.000006 0.000000  0.035254 -0.050373 -0.994350
35  1.196301 0.000077 -0.000005  -0.021521 0.002175 -0.839738
36  3.883414 -0.050473 -0.431084  0.184824 -0.271737 -1.204030
37  1.719564 -0.000083 -0.000005  0.022858 -0.107186 -1.509108
38  1.209198 0.000036 0.000011  0.000661 0.071072 -0.480462
39  3.859589 -0.149082 -1.331321  -0.098902 -0.128896 -0.414975
40  1.719414 -0.000098 -0.000037  -0.029817 0.003453 0.165194
41  1.099673 0.000023 0.000007  -0.007071 -0.002993 0.103699
42  0.805984 -0.359847 -1.318338  0.991670 0.166767 -0.799527
43  1.789779 -0.000009 -0.000042  0.000058 -0.002451 0.133098
44  1.206998 -0.000006 0.000005  0.000372 -0.000071 1.058780
45  5.740572 0.000080 0.000721  0.078405 -0.000014 0.000028
46  11.480903 -0.000033 0.000927  0.049767 0.092243 0.079527
47  6.027515 -0.000273 -0.000230  -0.898220 -0.482672 -1.213480
48  -0.000001 11.691976 -0.000007  -1.066733 0.511306 0.833447
49  0.000003 0.000001 0.000000  2.423694 -0.000036 1.570860
50  -0.000006 -0.000013 0.000005  2.272645 -0.000036 1.570861
51  -5.006284 -6.208747 -7.995518  2.574333 -0.351084 -1.608429
52  0.000001 0.000000 0.000001  0.008153 -0.000259 0.000009
53  -0.000000 -0.000000 0.000000  1.565115 0.043565 -0.106862
54  1.028192 -14.901455 -7.682879  -0.790684 -0.191875 -1.814108
55  -0.000000 -0.000000 0.000000  0.000000 -0.000001 -0.000002
56  0.000030 0.000028 0.000001  -1.571901 -0.044449 -0.106509
57  5.433779 -19.359386 -21.422913  1.570796 -0.000000 0.000000
58  -19.967587 4.000748 -14.463066  1.570796 -0.000000 0.000000
59  0.836260 2.967470 -4.734005  1.570796 -0.000000 0.000000
60  -0.004311 0.001230 -0.000371  0.006898 -0.005534 -0.284229
61  0.826810 10.209643 -4.879054  1.570796 -0.000000 0.000000
62  0.000000 0.000000 0.000000  -0.078727 -3.136056 0.284226
63  0.000000 0.000000 0.000000  1.580959 0.001685 -0.001994
64  -1.640531 -9.468113 -3.621504  1.432419 0.508837 -0.000224
65  0.042269 -2.588230 0.672586  -0.000000 0.000000 -0.000000
66  0.048105 -1.112259 5.803837  -0.000000 0.000000 -0.000000
67  0.048106 -0.032153 -1.710082  -0.000000 0.000000 -0.000000
68  0.042354 -1.078447 21.234573  -0.000000 0.000000 -0.000000
69  0.436542 -3.059779 3.935333  -0.000000 0.000000 -0.000000
70  0.672328 -2.032812 2.042324  -0.000000 0.000000 -0.000000
71  -0.729358 -1.331796 3.242018  -0.000000 0.000000 -0.000000
72  0.194741 -1.447475 3.023561  -0.000000 0.000000 -0.000000
73  -0.700892 0.650637 17.606176  -0.000000 0.000000 -0.000000
74  0.042269 -2.357917 -0.445848  -0.000000 0.000000 -0.000000
75  0.436542 -0.003270 1.776058  -0.000000 0.000000 -0.000000
76  -3.300188 -14.694289 -6.599679  1.432419 0.508837 -0.000224
77  0.157555 2.649698 -1.682824  -0.000000 0.000000 -0.000000
78  -0.097393 2.508477 -1.682826  -0.000000 0.000000 -0.000000
79  -1.059036 -18.245611 -2.575560  1.432419 0.508837 -0.000224
80  -0.861921 -0.180711 3.135019  -0.000000 -0.000000 -0.000001
81  -0.861920 0.097230 3.003449  -0.000000 -0.000000 -0.000001
82  -0.861921 -0.180724 2.815480  -0.000000 -0.000000 -0.000001
83  -0.861921 0.097218 2.683906  -0.000000 -0.000000 -0.000001
84  -0.861920 -0.180725 2.495585  -0.000000 -0.000000 -0.000001
85  -0.861920 0.097217 2.364013  -0.000000 -0.000000 -0.000001
86  -0.861921 -0.180725 2.176042  -0.000000 -0.000000 -0.000001
87  -0.861920 0.097216 2.044468  -0.000000 -0.000000 -0.000001
88  -0.861920 -0.180726 1.861904  -0.000000 -0.000000 -0.000001
89  -0.861920 0.097215 1.730332  -0.000000 -0.000000 -0.000001
90  -0.861921 -0.180727 1.542357  -0.000000 -0.000000 -0.000001
91  -0.861920 0.097215 1.410791  -0.000000 -0.000000 -0.000001
92  -0.861920 -0.180721 1.222464  -0.000000 -0.000000 -0.000001
93  -0.861920 0.097220 1.090889  -0.000000 -0.000000 -0.000001
94  -0.861920 -0.180711 0.918802  -0.000000 -0.000000 -0.000001
95  -0.861920 0.097230 0.787232  -0.000000 -0.000000 -0.000001
96  -0.861921 -0.180724 0.599257  -0.000000 -0.000000 -0.000001
97  -0.861920 0.097217 0.467689  -0.000000 -0.000000 -0.000001
98  -0.861920 -0.180725 0.279366  -0.000000 -0.000000 -0.000001
99  -0.861921 0.097217 0.147792  -0.000000 -0.000000 -0.000001
100  -0.861921 -0.180725 -0.040179  -0.000000 -0.000000 -0.000001
101  -0.861920 0.097216 -0.171751  -0.000000 -0.000000 -0.000001
102  -0.861921 -0.180726 -0.354317  -0.000000 -0.000000 -0.000001
103  -0.861920 0.097216 -0.485885  -0.000000 -0.000000 -0.000001
104  -0.861921 -0.180727 -0.673860  -0.000000 -0.000000 -0.000001
105  -0.861921 0.097215 -0.805430  -0.000000 -0.000000 -0.000001
106  -0.861920 -0.180721 -0.993755  -0.000000 -0.000000 -0.000001
107  -0.861921 0.097220 -1.125328  -0.000000 -0.000000 -0.000001
108  -0.861921 -0.180725 -1.295308  -0.000000 -0.000000 -0.000001
109  -0.861920 0.097217 -1.426879  -0.000000 -0.000000 -0.000001
110  -0.861921 -0.180725 -1.614853  -0.000000 -0.000000 -0.000001
111  -0.861921 0.097216 -1.746423  -0.000000 -0.000000 -0.000001
112  -0.861921 -0.180726 -1.928991  -0.000000 -0.000000 -0.000001
113  -0.861920 0.097215 -2.060557  -0.000000 -0.000000 -0.000001
114  -0.861921 -0.180727 -2.248534  -0.000000 -0.000000 -0.000001
115  -0.861920 0.097215 -2.380103  -0.000000 -0.000000 -0.000001
116  -0.861920 -0.180721 -2.568427  -0.000000 -0.000000 -0.000001
117  -0.861921 0.097220 -2.700001  -0.000000 -0.000000 -0.000001
118  -0.861921 -0.180725 -2.887970  -0.000000 -0.000000 -0.000001
119  -0.861920 0.097217 -3.019542  -0.000000 -0.000000 -0.000001
120  -0.861920 -0.180724 -3.207870  -0.000000 -0.000000 -0.000001
121  -0.861920 0.097230 -3.339443  -0.000000 -0.000000 -0.000001
122  -0.861920 -0.180737 -3.527413  -0.000000 -0.000000 -0.000001
123  -0.861921 0.097217 -3.658985  -0.000000 -0.000000 -0.000001
124  -0.861920 -0.048023 -3.936775  -0.000000 -0.000000 -0.000001
125  -0.861920 0.096813 -4.220028  -0.000000 -0.000000 -0.000001
126  -0.861839 0.049010 -4.549494  -0.000000 -0.000000 -0.000000
127  -0.862203 -0.181352 -4.727587  -0.000568 0.008934 0.008929
128  -0.865933 -0.543242 -4.815326  -0.002212 0.031273 0.031204
129  0.018344 -0.713685 -5.609470  0.064463 -0.001783 -0.001902
130  -0.000000 0.000000 4.970244  -0.000000 0.000000 -0.000000
131  -0.000000 0.000001 -2.491490  -0.000000 0.000000 -0.000000
time 25
0  0.000006 0.000000 0.000000  -1.570800 -1.391899 -1.570792
1  -4.675730 -1.319027 0.733768  -1.544956 -1.855077 -0.198630
2  6.027524 -0.000324 0.000191  -1.009830 -0.975428 -1.343341
3  11.692111 0.000647 -0.000738  -0.888447 -0.000009 -1.204694
4  11.480183 0.000358 -0.000720  1.209362 -0.463660 0.144022
5  3.859502 -0.142823 -1.192079  -0.505953 0.526686 -0.719115
6  1.312590 0.000009 0.000008  -0.125610 -0.054216 -0.075316
7  0.729355 0.000055 0.000049  0.002234 0.000139 -0.198754
8  3.942139 0.046331 -0.431542  -0.365369 0.513995 -0.477751
9  1.539109 0.000083 0.000003  -0.037324 -0.028866 -0.184111
10  1.196330 0.000146 0.000026  0.003466 0.001335 -0.664201
11  3.883509 -0.047212 0.431351  -0.239569 0.495238 -0.333222
12  1.719574 -0.000028 0.000017  -0.056083 -0.027905 -0.125479
13  1.209181 0.000091 0.000014  -0.006710 0.002158 -0.394590
14  3.859676 -0.138418 1.332380  -0.026892 0.397399 -0.184352
15  1.719449 -0.000018 0.000028  -0.021950 0.021642 0.091748
16  1.099675 0.000049 0.000006  -0.001709 0.002797 0.061120
17  1.001988 -1.352060 1.086229  -0.816293 -0.719761 -0.470406
18  1.789818 -0.000002 -0.000017  0.000898 -0.008629 0.671146
19  1.207017 -0.000013 -0.000043  0.000959 -0.000055 -0.108124
20  5.740636 0.000388 -0.000700  -0.095189 0.000003 0.000063
21  11.481046 0.000249 -0.000796  -0.059029 -0.076747 0.000094
22  6.027525 -0.000330 0.000201  1.773333 -0.563908 1.431399
23  0.000000 11.692100 -0.000007  -0.850708 -0.322124 -0.688624
24  0.000002 0.000009 -0.000000  -0.019362 -0.000031 1.570738
25  0.000000 -0.000012 0.000000  0.868960 0.000002 1.570712
26  -6.617934 -9.178503 0.826812  1.473120 1.855075 -0.198639
27  6.027507 -0.000262 -0.000222  1.541419 0.752070 -0.223148
28  11.691992 0.000161 0.000859  0.352896 0.000058 -1.640265
29  11.479258 -0.000619 0.001105  -1.245258 0.610702 0.581548
30  3.859437 -0.132758 1.193065  0.469647 -0.013262 -1.872395
31  1.312559 0.000024 -0.000001  0.024060 -0.138696 -0.550187
32  0.729345 0.000065 -0.000027  -0.166197 -0.081570 -0.714272
33  3.942046 0.050139 0.431001  0.225309 -0.086237 -1.592712
34  1.539097 0.000005 -0.000002  0.035254 -0.050373 -0.994350
35  1.196299 0.000078 -0.000004  -0.021521 0.002175 -0.839738
36  3.883414 -0.050473 -0.431084  0.184824 -0.271737 -1.204030
37  1.719564 -0.000085 -0.000005  0.022859 -0.107186 -1.509108
38  1.209197 0.000035 0.000010  0.000661 0.071072 -0.480462
39  3.859589 -0.149082 -1.331320  -0.110513 -0.115805 -0.352155
40  1.719414 -0.000098 -0.000036  -0.032591 -0.002234 0.105864
41  1.099673 0.000023 0.000007  -0.006412 -0.003937 0.021194
42  0.805983 -0.359847 -1.318338  0.991670 0.166767 -0.799527
43  1.789780 -0.000008 -0.000043  0.000058 -0.002451 0.133097
44  1.206997 -0.000007 0.000005  0.000372 -0.000071 1.058780
45  5.740573 0.000079 0.000720  0.068915 -0.000014 0.000028
46  11.480796 -0.000050 0.000966  0.031695 0.113197 0.082180
47  6.027515 -0.000273 -0.000230  -0.898695 -0.509465 -1.244157
48  0.000001 11.691974 -0.000006  -1.111972 0.555378 0.860182
49  0.000003 0.000001 -0.000000  2.625426 -0.000036 1.570860
50  -0.000006 -0.000013 0.000005  2.272645 -0.000036 1.570861
51  -4.482059 -5.548244 -8.097929  2.723705 -0.292091 -1.648391
52  0.000001 0.000000 -0.000000  0.008153 -0.000259 0.000009
53  -0.000000 -0.000000 0.000000  1.565115 0.043565 -0.106862
54  0.616858 -16.028135 -7.171004  -0.876417 -0.157556 -1.776652
55  -0.000002 0.000000 0.000000  0.000000 -0.000001 -0.000002
56  0.000028 0.000029 0.000001  -1.571901 -0.044449 -0.106509
57  5.977093 -19.229588 -21.468521  1.570796 -0.000000 0.000000
58  -21.691561 4.000748 -16.141531  1.570796 -0.000000 0.000000
59  0.738082 2.129625 -4.367625  1.570796 -0.000000 0.000000
60  -0.004311 0.001230 -0.000371  0.006898 -0.005534 -0.284229
61  0.826810 10.209643 -4.879054  1.570796 -0.000000 0.000000
62  0.000000 0.000000 0.000000  -0.078727 -3.136056 0.284226
63  0.000000 0.000000 0.000000  1.580324 0.001275 -0.002060
64  -1.746299 -9.013936 -3.451603  1.485850 0.363191 0.029756
65  0.042269 -2.588231 0.672586  0.000000 -0.000000 -0.000000
66  0.048105 -1.112260 5.803837  0.000000 -0.000000 -0.000000
67  0.048106 -0.032154 -1.710083  0.000000 -0.000000 -0.000000
68  0.042353 -1.078448 21.234573  0.000000 -0.000000 -0.000000
69  0.436541 -3.059780 3.935333  0.000000 -0.000000 -0.000000
70  0.672328 -2.032813 2.042323  0.000000 -0.000000 -0.000000
71  -0.729358 -1.331798 3.242018  0.000000 -0.000000 -0.000000
72  0.194740 -1.447477 3.023561  0.000000 -0.000000 -0.000000
73  -0.700892 0.650637 17.606180  0.000000 -0.000000 -0.000000
74  0.042269 -2.357919 -0.445848  0.000000 -0.000000 -0.000000
75  0.436542 -0.003271 1.776057  0.000000 -0.000000 -0.000000
76  -2.901993 -14.087605 -6.895319  1.485850 0.363191 0.029756
77  0.157555 2.649698 -1.682826  0.000000 -0.000000 -0.000000
78  -0.097393 2.508476 -1.682828  0.000000 -0.000000 -0.000000
79  -1.225395 -17.831146 -2.771836  1.485850 0.363191 0.029756
80  -0.861920 -0.180711 3.135017  0.000000 -0.000000 -0.000000
81  -0.861920 0.097230 3.003448  0.000000 -0.000000 -0.000000
82  -0.861920 -0.180724 2.815479  0.000000 -0.000000 -0.000000
83  -0.861920 0.097217 2.683908  0.000000 -0.000000 -0.000000
84  -0.861920 -0.180725 2.495584  0.000000 -0.000000 -0.000000
85  -0.861920 0.097217 2.364010  0.000000 -0.000000 -0.000000
86  -0.861920 -0.180725 2.176039  0.000000 -0.000000 -0.000000
87  -0.861920 0.097216 2.044466  0.000000 -0.000000 -0.000000
88  -0.861920 -0.180726 1.861900  0.000000 -0.000000 -0.000000
89  -0.861920 0.097216 1.730329  0.000000 -0.000000 -0.000000
90  -0.861920 -0.180727 1.542355  0.000000 -0.000000 -0.000000
91  -0.861920 0.097215 1.410786  0.000000 -0.000000 -0.000000
92  -0.861920 -0.180721 1.222461  0.000000 -0.000000 -0.000000
93  -0.861920 0.097220 1.090889  0.000000 -0.000000 -0.000000
94  -0.861920 -0.180711 0.918798  0.000000 -0.000000 -0.000000
95  -0.861920 0.097230 0.787230  0.000000 -0.000000 -0.000000
96  -0.861920 -0.180724 0.599258  0.000000 -0.000000 -0.000000
97  -0.861920 0.097217 0.467689  0.000000 -0.000000 -0.000000
98  -0.861920 -0.180725 0.279365  0.000000 -0.000000 -0.000000
99  -0.861920 0.097217 0.147791  0.000000 -0.000000 -0.000000
100  -0.861920 -0.180725 -0.040180  0.000000 -0.000000 -0.000000
101  -0.861920 0.097216 -0.171753  0.000000 -0.000000 -0.000000
102  -0.861920 -0.180726 -0.354319  0.000000 -0.000000 -0.000000
103  -0.861920 0.097216 -0.485888  0.000000 -0.000000 -0.000000
104  -0.861920 -0.180727 -0.673862  0.000000 -0.000000 -0.000000
105  -0.861920 0.097215 -0.805433  0.000000 -0.000000 -0.000000
106  -0.861920 -0.180721 -0.993756  0.000000 -0.000000 -0.000000
107  -0.861920 0.097220 -1.125329  0.000000 -0.000000 -0.000000
108  -0.861920 -0.180725 -1.295309  0.000000 -0.000000 -0.000000
109  -0.861920 0.097217 -1.426882  0.000000 -0.000000 -0.000000
110  -0.861920 -0.180725 -1.614854  0.000000 -0.000000 -0.000000
111  -0.861920 0.097216 -1.746425  0.000000 -0.000000 -0.000000
112  -0.861920 -0.180726 -1.928992  0.000000 -0.000000 -0.000000
113  -0.861921 0.097216 -2.060559  0.000000 -0.000000 -0.000000
114  -0.861920 -0.180727 -2.248536  0.000000 -0.000000 -0.000000
115  -0.861920 0.097215 -2.380104  0.000000 -0.000000 -0.000000
116  -0.861920 -0.180721 -2.568430  0.000000 -0.000000 -0.000000
117  -0.861920 0.097220 -2.700002  0.000000 -0.000000 -0.000000
118  -0.861920 -0.180725 -2.887972  0.000000 -0.000000 -0.000000
119  -0.861920 0.097217 -3.019544  0.000000 -0.000000 -0.000000
120  -0.861920 -0.180724 -3.207872  0.000000 -0.000000 -0.000000
121  -0.861920 0.097230 -3.339445  0.000000 -0.000000 -0.000000
122  -0.861920 -0.180737 -3.527415  0.000000 -0.000000 -0.000000
123  -0.861920 0.097217 -3.658987  0.000000 -0.000000 -0.000000
124  -0.861920 -0.048023 -3.936778  0.000000 -0.000000 -0.000000
125  -0.861920 0.096813 -4.220029  0.000000 -0.000000 -0.000000
126  -0.861840 0.049010 -4.549495  0.000000 -0.000000 -0.000000
127  -0.862203 -0.181352 -4.727592  -0.000568 0.008934 0.008929
128  -0.865933 -0.543242 -4.815328  -0.002212 0.031273 0.031204
129  0.018344 -0.713685 -5.609472  0.064463 -0.001784 -0.001902
130  0.000000 0.000000 4.970244  0.000000 -0.000000 -0.000000
131  0.000000 -0.000000 -2.491490  0.000000 -0.000000 -0.000000
time 26
0  0.000006 0.000000 0.000000  -1.570800 -1.391899 -1.570792
1  -4.366668 -0.858561 0.674227  -1.544956 -1.855077 -0.198630
2  6.027524 -0.000324 0.000191  -0.970377 -0.961112 -1.313411
3  11.692110 0.000644 -0.000739  -0.917210 -0.000014 -1.289148
4  11.480595 0.000481 -0.000573  1.141447 -0.543223 0.121074
5  3.859503 -0.142824 -1.192080  -0.722419 0.258778 -1.187281
6  1.312591 0.000010 0.000007  -0.132280 -0.037828 -0.117350
7  0.729356 0.000054 0.000048  0.001115 0.000178 -0.371691
8  3.942142 0.046331 -0.431543  -0.563743 0.457059 -0.819021
9  1.539111 0.000081 0.000003  -0.033134 -0.062662 -0.492927
10  1.196332 0.000146 0.000028  0.005837 0.001462 -0.789233
11  3.883511 -0.047212 0.431351  -0.297848 0.543425 -0.481338
12  1.719571 -0.000029 0.000016  -0.057583 -0.072032 -0.433937
13  1.209180 0.000092 0.000014  -0.006152 -0.001200 -0.697638
14  3.859678 -0.138418 1.332379  -0.045533 0.565524 -0.121631
15  1.719447 -0.000020 0.000027  -0.036020 0.030923 -0.144999
16  1.099677 0.000049 0.000008  -0.002762 0.002621 -0.500209
17  0.862300 -1.076693 1.142516  -0.915801 -0.587329 -0.363987
18  1.789820 -0.000004 -0.000018  0.005518 0.018565 0.512386
19  1.207013 -0.000014 -0.000044  -0.003130 -0.000927 0.131119
20  5.740636 0.000389 -0.000698  -0.121095 0.000003 0.000064
21  11.481127 0.000274 -0.000766  -0.070375 -0.092694 -0.010753
22  6.027525 -0.000331 0.000200  1.754046 -0.584946 1.504316
23  -0.000000 11.692100 -0.000008  -0.902764 -0.364030 -0.725648
24  0.000003 0.000009 0.000001  -0.048120 -0.000031 1.570739
25  -0.000000 -0.000011 -0.000001  0.868960 0.000002 1.570712
26  -6.617934 -9.178503 0.826812  1.473120 1.855075 -0.198639
27  6.027507 -0.000261 -0.000222  1.520036 0.748595 -0.274681
28  11.691991 0.000161 0.000858  0.423113 0.000063 -1.709130
29  11.480509 0.000109 0.000856  -1.178855 0.672274 0.671512
30  3.859436 -0.132759 1.193066  0.469647 -0.013262 -1.872395
31  1.312559 0.000025 -0.000002  0.024060 -0.138696 -0.550187
32  0.729345 0.000065 -0.000028  -0.166197 -0.081570 -0.714273
33  3.942047 0.050139 0.430999  0.225309 -0.086237 -1.592712
34  1.539097 0.000007 -0.000001  0.035254 -0.050373 -0.994350
35  1.196301 0.000078 -0.000003  -0.021521 0.002175 -0.839738
36  3.883413 -0.050472 -0.431084  0.184824 -0.271737 -1.204030
37  1.719563 -0.000085 -0.000004  0.022858 -0.107186 -1.509108
38  1.209196 0.000036 0.000010  0.000661 0.071072 -0.480462
39  3.859588 -0.149082 -1.331321  -0.136880 -0.078107 -0.187713
40  1.719412 -0.000098 -0.000035  -0.038045 -0.018344 -0.071347
41  1.099674 0.000024 0.000007  -0.004274 -0.006166 -0.204553
42  0.805983 -0.359848 -1.318338  0.991670 0.166767 -0.799527
43  1.789781 -0.000009 -0.000042  0.000058 -0.002451 0.133097
44  1.206996 -0.000007 0.000005  0.000372 -0.000071 1.058780
45  5.740573 0.000081 0.000722  0.083752 -0.000014 0.000028
46  11.481046 0.000096 0.000917  0.034953 0.129489 0.092055
47  6.027515 -0.000273 -0.000230  -0.904841 -0.524569 -1.278071
48  -0.000002 11.691976 -0.000005  -1.152320 0.595625 0.882687
49  0.000002 0.000000 -0.000001  2.695642 -0.000036 1.570860
50  -0.000008 -0.000013 0.000005  2.272645 -0.000036 1.570861
51  -3.963363 -4.937117 -8.010826  -0.289601 -2.904598 1.455702
52  -0.000000 -0.000000 -0.000001  0.008153 -0.000259 0.000009
53  -0.000000 0.000000 -0.000000  1.565115 0.043565 -0.106862
54  0.075902 -15.772182 -6.818460  -0.944729 -0.176416 -1.772779
55  -0.000001 0.000000 -0.000000  0.000000 -0.000001 -0.000002
56  0.000028 0.000029 0.000001  -1.571901 -0.044449 -0.106509
57  6.574712 -19.068718 -21.525047  1.570796 -0.000000 0.000000
58  -22.303617 4.000748 -17.439968  1.570796 -0.000000 0.000000
59  0.678542 1.621511 -4.145432  1.570796 -0.000000 0.000000
60  -0.004311 0.001230 -0.000371  0.006898 -0.005534 -0.284229
61  0.826810 10.209643 -4.879054  1.570796 -0.000000 0.000000
62  0.000000 0.000000 0.000000  -0.078727 -3.136056 0.284226
63  0.000000 0.000000 0.000000  1.578687 0.001215 -0.002084
64  -1.849977 -8.615080 -3.205626  1.526090 0.233248 0.037706
65  0.042269 -2.588230 0.672587  -0.000000 -0.000000 -0.000000
66  0.048105 -1.112260 5.803838  -0.000000 -0.000000 -0.000000
67  0.048106 -0.032154 -1.710081  -0.000000 -0.000000 -0.000000
68  0.042353 -1.078447 21.234573  -0.000000 -0.000000 -0.000000
69  0.436542 -3.059779 3.935334  -0.000000 -0.000000 -0.000000
70  0.672328 -2.032813 2.042325  -0.000000 -0.000000 -0.000000
71  -0.729358 -1.331797 3.242019  -0.000000 -0.000000 -0.000000
72  0.194741 -1.447476 3.023562  -0.000000 -0.000000 -0.000000
73  -0.700892 0.650637 17.606180  -0.000000 -0.000000 -0.000000
74  0.042269 -2.357918 -0.445847  -0.000000 -0.000000 -0.000000
75  0.436542 -0.003270 1.776059  -0.000000 -0.000000 -0.000000
76  -2.560242 -13.530139 -6.983804  1.526090 0.233248 0.037706
77  0.157555 2.649698 -1.682824  -0.000000 -0.000000 -0.000000
78  -0.097393 2.508477 -1.682825  -0.000000 -0.000000 -0.000000
79  -1.430534 -17.456465 -2.844249  1.526090 0.233248 0.037706
80  -0.861920 -0.180712 3.135021  -0.000000 -0.000000 -0.000000
81  -0.861920 0.097230 3.003447  -0.000000 -0.000000 -0.000000
82  -0.861920 -0.180724 2.815479  -0.000000 -0.000000 -0.000000
83  -0.861920 0.097217 2.683910  -0.000000 -0.000000 -0.000000
84  -0.861920 -0.180725 2.495584  -0.000000 -0.000000 -0.000000
85  -0.861921 0.097217 2.364012  -0.000000 -0.000000 -0.000000
86  -0.861920 -0.180726 2.176041  -0.000000 -0.000000 -0.000000
87  -0.861921 0.097216 2.044470  -0.000000 -0.000000 -0.000000
88  -0.861920 -0.180726 1.861902  -0.000000 -0.000000 -0.000000
89  -0.861920 0.097215 1.730332  -0.000000 -0.000000 -0.000000
90  -0.861921 -0.180727 1.542359  -0.000000 -0.000000 -0.000000
91  -0.861920 0.097215 1.410789  -0.000000 -0.000000 -0.000000
92  -0.861920 -0.180721 1.222464  -0.000000 -0.000000 -0.000000
93  -0.861920 0.097220 1.090893  -0.000000 -0.000000 -0.000000
94  -0.861920 -0.180711 0.918800  -0.000000 -0.000000 -0.000000
95  -0.861921 0.097230 0.787231  -0.000000 -0.000000 -0.000000
96  -0.861920 -0.180725 0.599259  -0.000000 -0.000000 -0.000000
97  -0.861920 0.097217 0.467689  -0.000000 -0.000000 -0.000000
98  -0.861920 -0.180725 0.279365  -0.000000 -0.000000 -0.000000
99  -0.861920 0.097217 0.147792  -0.000000 -0.000000 -0.000000
100  -0.861920 -0.180726 -0.040179  -0.000000 -0.000000 -0.000000
101  -0.861920 0.097216 -0.171751  -0.000000 -0.000000 -0.000000
102  -0.861921 -0.180726 -0.354317  -0.000000 -0.000000 -0.000000
103  -0.861920 0.097215 -0.485884  -0.000000 -0.000000 -0.000000
104  -0.861921 -0.180727 -0.673862  -0.000000 -0.000000 -0.000000
105  -0.861920 0.097215 -0.805431  -0.000000 -0.000000 -0.000000
106  -0.861920 -0.180721 -0.993757  -0.000000 -0.000000 -0.000000
107  -0.861920 0.097220 -1.125328  -0.000000 -0.000000 -0.000000
108  -0.861920 -0.180725 -1.295308  -0.000000 -0.000000 -0.000000
109  -0.861920 0.097216 -1.426880  -0.000000 -0.000000 -0.000000
110  -0.861920 -0.180726 -1.614851  -0.000000 -0.000000 -0.000000
111  -0.861920 0.097216 -1.746424  -0.000000 -0.000000 -0.000000
112  -0.861920 -0.180727 -1.928990  -0.000000 -0.000000 -0.000000
113  -0.861920 0.097215 -2.060559  -0.000000 -0.000000 -0.000000
114  -0.861920 -0.180727 -2.248533  -0.000000 -0.000000 -0.000000
115  -0.861921 0.097215 -2.380102  -0.000000 -0.000000 -0.000000
116  -0.861920 -0.180722 -2.568428  -0.000000 -0.000000 -0.000000
117  -0.861920 0.097220 -2.700001  -0.000000 -0.000000 -0.000000
118  -0.861920 -0.180725 -2.887970  -0.000000 -0.000000 -0.000000
119  -0.861920 0.097217 -3.019544  -0.000000 -0.000000 -0.000000
120  -0.861920 -0.180724 -3.207871  -0.000000 -0.000000 -0.000000
121  -0.861921 0.097229 -3.339443  -0.000000 -0.000000 -0.000000
122  -0.861920 -0.180737 -3.527413  -0.000000 -0.000000 -0.000000
123  -0.861920 0.097217 -3.658985  -0.000000 -0.000000 -0.000000
124  -0.861920 -0.048023 -3.936776  -0.000000 -0.000000 -0.000000
125  -0.861920 0.096813 -4.220028  -0.000000 -0.000000 -0.000000
126  -0.861839 0.049009 -4.549494  -0.000000 -0.000000 -0.000000
127  -0.862203 -0.181353 -4.727589  -0.000568 0.008934 0.008929
128  -0.865933 -0.543243 -4.815328  -0.002212 0.031273 0.031204
129  0.018344 -0.713685 -5.609472  0.064463 -0.001784 -0.001902
130  -0.000000 0.000000 4.970244  -0.000000 -0.000000 -0.000000
131  0.000000 -0.000000 -2.491489  -0.000000 -0.000000 -0.000000
time 27
0  0.000006 0.000000 0.000000  -1.570800 -1.391899 -1.570792
1  -4.264289 -0.706028 0.654504  -1.544956 -1.855077 -0.198630
2  6.027523 -0.000323 0.000191  -0.956561 -0.957660 -1.290810
3  11.692109 0.000646 -0.000739  -0.925348 -0.000016 -1.350376
4  11.480169 0.000342 -0.000763  1.128720 -0.581590 0.140214
5  3.859504 -0.142824 -1.192079  -0.776638 -0.061608 -1.579277
6  1.312591 0.000008 0.000008  -0.133329 -0.022631 -0.159473
7  0.729355 0.000053 0.000050  0.000011 0.000024 -0.486779
8  3.942142 0.046330 -0.431543  -0.676461 0.339625 -1.116093
9  1.539109 0.000080 0.000002  -0.021747 -0.084031 -0.720969
10  1.196333 0.000143 0.000029  0.007458 0.001458 -0.849778
11  3.883510 -0.047213 0.431350  -0.341939 0.543315 -0.623250
12  1.719572 -0.000029 0.000015  -0.043234 -0.102278 -0.735897
13  1.209178 0.000090 0.000011  -0.004830 -0.003862 -0.898841
14  3.859678 -0.138418 1.332379  -0.027249 0.655333 -0.061922
15  1.719447 -0.000018 0.000027  -0.047003 0.033250 -0.381732
16  1.099674 0.000048 0.000005  -0.003557 0.001913 -1.061225
17  0.722611 -0.801325 1.198803  -0.993087 -0.448196 -0.282035
18  1.789819 -0.000005 -0.000018  0.005781 0.046146 0.353612
19  1.207016 -0.000013 -0.000043  -0.006137 -0.000810 0.370363
20  5.740635 0.000389 -0.000700  -0.129577 0.000003 0.000063
21  11.481043 0.000246 -0.000804  -0.070802 -0.100951 -0.009275
22  6.027525 -0.000330 0.000200  1.746276 -0.590692 1.542540
23  0.000000 11.692100 -0.000007  -0.939991 -0.395508 -0.751380
24  0.000002 0.000008 -0.000000  -0.056254 -0.000030 1.570739
25  0.000000 -0.000011 -0.000001  0.868960 0.000002 1.570712
26  -6.617934 -9.178503 0.826812  1.473120 1.855075 -0.198639
27  6.027508 -0.000261 -0.000222  1.511125 0.751238 -0.336076
28  11.691991 0.000162 0.000857  0.405762 0.000067 -1.762273
29  11.480021 -0.000208 0.000986  -1.082511 0.670121 0.786183
30  3.859437 -0.132759 1.193063  0.469647 -0.013262 -1.872395
31  1.312559 0.000025 0.000000  0.024060 -0.138696 -0.550187
32  0.729345 0.000065 -0.000028  -0.166197 -0.081570 -0.714273
33  3.942046 0.050139 0.430998  0.225309 -0.086237 -1.592712
34  1.539096 0.000005 -0.000001  0.035254 -0.050373 -0.994350
35  1.196300 0.000078 -0.000003  -0.021521 0.002175 -0.839738
36  3.883414 -0.050472 -0.431086  0.184824 -0.271737 -1.204030
37  1.719564 -0.000083 -0.000005  0.022859 -0.107186 -1.509108
38  1.209199 0.000035 0.000010  0.000661 0.071072 -0.480462
39  3.859588 -0.149082 -1.331322  -0.156660 -0.036636 -0.024689
40  1.719412 -0.000098 -0.000036  -0.039419 -0.036397 -0.305939
41  1.099673 0.000024 0.000006  -0.001576 -0.007869 -0.448358
42  0.805983 -0.359848 -1.318339  0.991670 0.166767 -0.799527
43  1.789780 -0.000008 -0.000043  0.000058 -0.002451 0.133097
44  1.206996 -0.000008 0.000005  0.000372 -0.000071 1.058780
45  5.740573 0.000080 0.000721  0.109914 -0.000014 0.000028
46  11.480948 0.000033 0.000943  0.046067 0.136710 0.106908
47  6.027515 -0.000273 -0.000230  -0.911495 -0.528622 -1.330048
48  -0.000002 11.691975 -0.000006  -1.183478 0.627185 0.899113
49  0.000003 -0.000000 0.000001  2.678290 -0.000036 1.570860
50  -0.000008 -0.000014 0.000005  2.272645 -0.000036 1.570861
51  -3.571159 -4.452675 -7.779075  -0.196381 -2.948412 1.428535
52  -0.000000 0.000000 0.000000  0.008153 -0.000259 0.000009
53  -0.000000 -0.000000 -0.000002  1.565115 0.043565 -0.106862
54  -0.142042 -15.411322 -6.505251  -0.934899 -0.184108 -1.789699
55  0.000001 -0.000001 0.000000  0.000000 -0.000001 -0.000002
56  0.000031 0.000028 0.000001  -1.571901 -0.044449 -0.106509
57  7.333058 -18.569252 -21.768728  1.570796 -0.000000 0.000000
58  -21.878277 4.000748 -18.564419  1.570796 -0.000000 0.000000
59  0.658819 1.453195 -4.071830  1.570796 -0.000000 0.000000
60  -0.004311 0.001230 -0.000371  0.006898 -0.005534 -0.284229
61  0.826810 10.209643 -4.879054  1.570796 -0.000000 0.000000
62  0.000000 0.000000 0.000000  -0.078727 -3.136056 0.284226
63  0.000000 0.000000 0.000000  1.576451 0.001154 -0.002089
64  -1.949347 -8.297745 -2.914004  1.554756 0.136199 0.035724
65  0.042269 -2.588230 0.672585  0.000000 0.000000 0.000000
66  0.048105 -1.112259 5.803835  0.000000 0.000000 0.000000
67  0.048106 -0.032154 -1.710083  0.000000 0.000000 0.000000
68  0.042354 -1.078447 21.234571  0.000000 0.000000 0.000000
69  0.436542 -3.059779 3.935333  0.000000 0.000000 0.000000
70  0.672328 -2.032813 2.042323  0.000000 0.000000 0.000000
71  -0.729358 -1.331797 3.242017  0.000000 0.000000 0.000000
72  0.194741 -1.447476 3.023561  0.000000 0.000000 0.000000
73  -0.700892 0.650637 17.606176  0.000000 0.000000 0.000000
74  0.042269 -2.357918 -0.445848  0.000000 0.000000 0.000000
75  0.436542 -0.003270 1.776057  0.000000 0.000000 0.000000
76  -2.322106 -13.085609 -6.898262  1.554756 0.136199 0.035724
77  0.157555 2.649698 -1.682827  0.000000 0.000000 0.000000
78  -0.097392 2.508477 -1.682828  0.000000 0.000000 0.000000
79  -1.617012 -17.149445 -2.797494  1.554756 0.136199 0.035724
80  -0.861920 -0.180712 3.135018  0.000000 -0.000000 -0.000000
81  -0.861920 0.097230 3.003446  0.000000 -0.000000 -0.000000
82  -0.861920 -0.180725 2.815480  0.000000 -0.000000 -0.000000
83  -0.861920 0.097217 2.683908  0.000000 -0.000000 -0.000000
84  -0.861920 -0.180725 2.495583  0.000000 -0.000000 -0.000000
85  -0.861920 0.097217 2.364011  0.000000 -0.000000 -0.000000
86  -0.861920 -0.180725 2.176040  0.000000 -0.000000 -0.000000
87  -0.861920 0.097216 2.044468  0.000000 -0.000000 -0.000000
88  -0.861920 -0.180726 1.861901  0.000000 -0.000000 -0.000000
89  -0.861920 0.097215 1.730331  0.000000 -0.000000 -0.000000
90  -0.861920 -0.180727 1.542358  0.000000 -0.000000 -0.000000
91  -0.861920 0.097215 1.410790  0.000000 -0.000000 -0.000000
92  -0.861920 -0.180721 1.222463  0.000000 -0.000000 -0.000000
93  -0.861920 0.097220 1.090891  0.000000 -0.000000 -0.000000
94  -0.861920 -0.180712 0.918800  0.000000 -0.000000 -0.000000
95  -0.861920 0.097230 0.787228  0.000000 -0.000000 -0.000000
96  -0.861920 -0.180724 0.599259  0.000000 -0.000000 -0.000000
97  -0.861920 0.097217 0.467690  0.000000 -0.000000 -0.000000
98  -0.861920 -0.180725 0.279364  0.000000 -0.000000 -0.000000
99  -0.861920 0.097217 0.147794  0.000000 -0.000000 -0.000000
100  -0.861920 -0.180726 -0.040178  0.000000 -0.000000 -0.000000
101  -0.861920 0.097216 -0.171750  0.000000 -0.000000 -0.000000
102  -0.861920 -0.180726 -0.354316  0.000000 -0.000000 -0.000000
103  -0.861920 0.097215 -0.485887  0.000000 -0.000000 -0.000000
104  -0.861920 -0.180727 -0.673862  0.000000 -0.000000 -0.000000
105  -0.861920 0.097215 -0.805430  0.000000 -0.000000 -0.000000
106  -0.861920 -0.180721 -0.993755  0.000000 -0.000000 -0.000000
107  -0.861920 0.097220 -1.125329  0.000000 -0.000000 -0.000000
108  -0.861920 -0.180725 -1.295308  0.000000 -0.000000 -0.000000
109  -0.861920 0.097217 -1.426881  0.000000 -0.000000 -0.000000
110  -0.861920 -0.180725 -1.614851  0.000000 -0.000000 -0.000000
111  -0.861920 0.097216 -1.746425  0.000000 -0.000000 -0.000000
112  -0.861920 -0.180726 -1.928990  0.000000 -0.000000 -0.000000
113  -0.861920 0.097215 -2.060560  0.000000 -0.000000 -0.000000
114  -0.861920 -0.180727 -2.248534  0.000000 -0.000000 -0.000000
115  -0.861920 0.097215 -2.380102  0.000000 -0.000000 -0.000000
116  -0.861920 -0.180721 -2.568429  0.000000 -0.000000 -0.000000
117  -0.861920 0.097220 -2.700001  0.000000 -0.000000 -0.000000
118  -0.861920 -0.180725 -2.887970  0.000000 -0.000000 -0.000000
119  -0.861920 0.097217 -3.019543  0.000000 -0.000000 -0.000000
120  -0.861920 -0.180724 -3.207871  0.000000 -0.000000 -0.000000
121  -0.861920 0.097230 -3.339444  0.000000 -0.000000 -0.000000
122  -0.861920 -0.180737 -3.527414  0.000000 -0.000000 -0.000000
123  -0.861920 0.097217 -3.658986  0.000000 -0.000000 -0.000000
124  -0.861920 -0.048023 -3.936775  0.000000 -0.000000 -0.000000
125  -0.861920 0.096813 -4.220029  0.000000 -0.000000 -0.000000
126  -0.861839 0.049009 -4.549494  0.000000 -0.000000 0.000000
127  -0.862203 -0.181353 -4.727590  -0.000568 0.008934 0.008929
128  -0.865933 -0.543242 -4.815327  -0.002212 0.031273 0.031204
129  0.018344 -0.713685 -5.609470  0.064463 -0.001784 -0.001902
130  0.000000 0.000000 4.970246  0.000000 0.000000 0.000000
131  0.000000 -0.000000 -2.491493  0.000000 0.000000 0.000000
time 28
0  0.000006 0.000000 0.000000  -1.570800 -1.391899 -1.570792
1  -4.264289 -0.706028 0.654504  -1.544956 -1.855077 -0.198630
2  6.027523 -0.000323 0.000191  -0.961720 -0.957209 -1.281709
3  11.692108 0.000646 -0.000739  -0.925349 -0.000018 -1.385773
4  11.479947 0.000268 -0.000860  1.132587 -0.606786 0.205319
5  3.859502 -0.142822 -1.192080  -0.776638 -0.061608 -1.579277
6  1.312590 0.000011 0.000006  -0.133330 -0.022631 -0.159473
7  0.729355 0.000054 0.000048  0.000011 0.000024 -0.486779
8  3.942141 0.046333 -0.431542  -0.676461 0.339625 -1.116093
9  1.539109 0.000085 0.000005  -0.021747 -0.084031 -0.720969
10  1.196333 0.000145 0.000026  0.007458 0.001457 -0.849777
11  3.883511 -0.047211 0.431351  -0.341939 0.543315 -0.623250
12  1.719573 -0.000027 0.000016  -0.043234 -0.102278 -0.735897
13  1.209180 0.000090 0.000011  -0.004830 -0.003862 -0.898841
14  3.859677 -0.138416 1.332379  -0.027249 0.655333 -0.061922
15  1.719449 -0.000019 0.000028  -0.047003 0.033250 -0.381732
16  1.099674 0.000049 0.000007  -0.003557 0.001912 -1.061225
17  0.722612 -0.801322 1.198804  -0.993087 -0.448196 -0.282035
18  1.789820 -0.000004 -0.000018  0.005781 0.046146 0.353612
19  1.207015 -0.000013 -0.000043  -0.006137 -0.000810 0.370363
20  5.740636 0.000389 -0.000699  -0.128903 0.000003 0.000063
21  11.480997 0.000232 -0.000825  -0.066428 -0.107722 0.002464
22  6.027525 -0.000330 0.000200  1.749846 -0.590212 1.545435
23  -0.000001 11.692101 -0.000007  -0.961335 -0.414105 -0.765826
24  0.000003 0.000008 0.000001  -0.056254 -0.000030 1.570739
25  -0.000000 -0.000011 -0.000000  0.868960 0.000002 1.570712
26  -6.617934 -9.178503 0.826812  1.473120 1.855075 -0.198639
27  6.027509 -0.000260 -0.000222  1.515731 0.752916 -0.417379
28  11.691991 0.000162 0.000856  0.355165 0.000070 -1.798513
29  11.479693 -0.000450 0.001045  -1.061546 0.628079 0.864756
30  3.859438 -0.132758 1.193065  0.469647 -0.013262 -1.872395
31  1.312558 0.000025 -0.000001  0.024060 -0.138696 -0.550187
32  0.729345 0.000065 -0.000028  -0.166197 -0.081570 -0.714272
33  3.942046 0.050139 0.431001  0.225309 -0.086237 -1.592712
34  1.539096 0.000005 -0.000001  0.035254 -0.050373 -0.994350
35  1.196301 0.000078 -0.000003  -0.021521 0.002175 -0.839738
36  3.883413 -0.050472 -0.431084  0.184824 -0.271737 -1.204030
37  1.719564 -0.000084 -0.000005  0.022858 -0.107186 -1.509108
38  1.209197 0.000035 0.000011  0.000661 0.071072 -0.480462
39  3.859588 -0.149082 -1.331321  -0.162349 -0.020149 0.036876
40  1.719413 -0.000098 -0.000035  -0.035851 -0.045243 -0.508374
41  1.099673 0.000024 0.000008  -0.000250 -0.008305 -0.574361
42  0.805983 -0.359847 -1.318338  0.991670 0.166767 -0.799527
43  1.789780 -0.000010 -0.000042  0.000058 -0.002451 0.133098
44  1.206997 -0.000007 0.000005  0.000372 -0.000071 1.058781
45  5.740571 0.000080 0.000721  0.131395 -0.000014 0.000028
46  11.480883 -0.000016 0.000954  0.049449 0.132487 0.122859
47  6.027515 -0.000273 -0.000230  -0.911008 -0.524886 -1.414742
48  -0.000002 11.691975 -0.000006  -1.204774 0.648942 0.909826
49  0.000004 -0.000001 -0.000000  2.627693 -0.000036 1.570860
50  -0.000008 -0.000014 0.000004  2.272645 -0.000036 1.570861
51  -3.408070 -4.130054 -7.460182  -0.153897 -2.975460 1.411880
52  -0.000000 -0.000000 0.000000  0.008153 -0.000259 0.000009
53  -0.000000 0.000000 0.000000  1.565115 0.043565 -0.106862
54  -0.134680 -15.144402 -6.259131  -0.894707 -0.153955 -1.805523
55  0.000002 0.000001 -0.000000  0.000000 -0.000001 -0.000002
56  0.000031 0.000030 0.000001  -1.571901 -0.044449 -0.106509
57  8.244812 -17.490776 -22.339718  1.570796 -0.000000 0.000000
58  -20.640371 4.000748 -19.786785  1.570796 -0.000000 0.000000
59  0.658819 1.453195 -4.071830  1.570796 -0.000000 0.000000
60  -0.004311 0.001230 -0.000371  0.006898 -0.005534 -0.284229
61  0.826810 10.209643 -4.879054  1.570796 -0.000000 0.000000
62  0.000000 0.000000 0.000000  -0.078727 -3.136056 0.284226
63  0.000000 0.000000 0.000000  1.574022 0.000741 -0.001361
64  -2.042190 -8.088129 -2.607167  1.573868 0.090175 0.028822
65  0.042269 -2.588230 0.672585  -0.000000 -0.000000 0.000000
66  0.048105 -1.112260 5.803837  -0.000000 -0.000000 0.000000
67  0.048106 -0.032153 -1.710083  -0.000000 -0.000000 0.000000
68  0.042353 -1.078447 21.234575  -0.000000 -0.000000 0.000000
69  0.436542 -3.059779 3.935334  -0.000000 -0.000000 0.000000
70  0.672328 -2.032812 2.042323  -0.000000 -0.000000 0.000000
71  -0.729358 -1.331797 3.242017  -0.000000 -0.000000 0.000000
72  0.194741 -1.447476 3.023561  -0.000000 -0.000000 0.000000
73  -0.700892 0.650637 17.606178  -0.000000 -0.000000 0.000000
74  0.042269 -2.357918 -0.445849  -0.000000 -0.000000 0.000000
75  0.436542 -0.003270 1.776056  -0.000000 -0.000000 0.000000
76  -2.274564 -12.790557 -6.702297  1.573868 0.090175 0.028822
77  0.157555 2.649698 -1.682825  -0.000000 -0.000000 0.000000
78  -0.097392 2.508477 -1.682828  -0.000000 -0.000000 0.000000
79  -1.791555 -16.943136 -2.658662  1.573868 0.090175 0.028822
80  -0.861920 -0.180711 3.135018  0.000000 -0.000000 -0.000000
81  -0.861920 0.097230 3.003445  0.000000 -0.000000 -0.000000
82  -0.861920 -0.180724 2.815478  0.000000 -0.000000 -0.000000
83  -0.861920 0.097217 2.683905  0.000000 -0.000000 -0.000000
84  -0.861920 -0.180725 2.495583  0.000000 -0.000000 -0.000000
85  -0.861920 0.097217 2.364010  0.000000 -0.000000 -0.000000
86  -0.861920 -0.180725 2.176039  0.000000 -0.000000 -0.000000
87  -0.861920 0.097216 2.044466  0.000000 -0.000000 -0.000000
88  -0.861920 -0.180726 1.861901  0.000000 -0.000000 -0.000000
89  -0.861920 0.097216 1.730328  0.000000 -0.000000 -0.000000
90  -0.861920 -0.180727 1.542357  0.000000 -0.000000 -0.000000
91  -0.861920 0.097215 1.410786  0.000000 -0.000000 -0.000000
92  -0.861920 -0.180721 1.222462  0.000000 -0.000000 -0.000000
93  -0.861920 0.097220 1.090887  0.000000 -0.000000 -0.000000
94  -0.861920 -0.180711 0.918798  0.000000 -0.000000 -0.000000
95  -0.861920 0.097230 0.787229  0.000000 -0.000000 -0.000000
96  -0.861920 -0.180724 0.599258  0.000000 -0.000000 -0.000000
97  -0.861920 0.097218 0.467687  0.000000 -0.000000 -0.000000
98  -0.861920 -0.180725 0.279365  0.000000 -0.000000 -0.000000
99  -0.861920 0.097217 0.147790  0.000000 -0.000000 -0.000000
100  -0.861920 -0.180725 -0.040179  0.000000 -0.000000 -0.000000
101  -0.861920 0.097216 -0.171754  0.000000 -0.000000 -0.000000
102  -0.861920 -0.180726 -0.354319  0.000000 -0.000000 -0.000000
103  -0.861920 0.097216 -0.485888  0.000000 -0.000000 -0.000000
104  -0.861920 -0.180727 -0.673863  0.000000 -0.000000 -0.000000
105  -0.861920 0.097215 -0.805434  0.000000 -0.000000 -0.000000
106  -0.861920 -0.180721 -0.993758  0.000000 -0.000000 -0.000000
107  -0.861920 0.097220 -1.125331  0.000000 -0.000000 -0.000000
108  -0.861920 -0.180725 -1.295309  0.000000 -0.000000 -0.000000
109  -0.861920 0.097217 -1.426882  0.000000 -0.000000 -0.000000
110  -0.861920 -0.180725 -1.614853  0.000000 -0.000000 -0.000000
111  -0.861920 0.097216 -1.746426  0.000000 -0.000000 -0.000000
112  -0.861920 -0.180726 -1.928991  0.000000 -0.000000 -0.000000
113  -0.861920 0.097215 -2.060561  0.000000 -0.000000 -0.000000
114  -0.861920 -0.180727 -2.248535  0.000000 -0.000000 -0.000000
115  -0.861920 0.097215 -2.380105  0.000000 -0.000000 -0.000000
116  -0.861920 -0.180721 -2.568430  0.000000 -0.000000 -0.000000
117  -0.861920 0.097220 -2.700003  0.000000 -0.000000 -0.000000
118  -0.861920 -0.180725 -2.887972  0.000000 -0.000000 -0.000000
119  -0.861920 0.097217 -3.019545  0.000000 -0.000000 -0.000000
120  -0.861920 -0.180724 -3.207873  0.000000 -0.000000 -0.000000
121  -0.861920 0.097230 -3.339446  0.000000 -0.000000 -0.000000
122  -0.861920 -0.180737 -3.527415  0.000000 -0.000000 -0.000000
123  -0.861920 0.097217 -3.658988  0.000000 -0.000000 -0.000000
124  -0.861920 -0.048023 -3.936778  0.000000 -0.000000 -0.000000
125  -0.861920 0.096813 -4.220030  0.000000 -0.000000 -0.000000
126  -0.861839 0.049010 -4.549497  -0.000000 -0.000000 0.000000
127  -0.862202 -0.181352 -4.727592  -0.000568 0.008934 0.008929
128  -0.865933 -0.543242 -4.815329  -0.002212 0.031273 0.031204
129  0.018344 -0.713685 -5.609473  0.064463 -0.001783 -0.001902
130  0.000000 0.000001 4.970243  -0.000000 -0.000000 0.000000
131  0.000000 0.000000 -2.491493  -0.000000 -0.000000 0.000000
time 29
0  0.000006 0.000000 0.000000  -1.570800 -1.391899 -1.570792
1  -4.264289 -0.706028 0.654504  -1.544956 -1.855077 -0.198630
2  6.027523 -0.000323 0.000191  -0.955921 -0.964656 -1.294889
3  11.692109 0.000645 -0.000739  -0.925350 -0.000018 -1.395495
4  11.479893 0.000249 -0.000884  1.135530 -0.616925 0.244934
5  3.859505 -0.142823 -1.192079  -0.776638 -0.061608 -1.579277
6  1.312589 0.000010 0.000006  -0.133330 -0.022631 -0.159473
7  0.729356 0.000054 0.000048  0.000011 0.000024 -0.486779
8  3.942142 0.046331 -0.431543  -0.676461 0.339625 -1.116093
9  1.539110 0.000083 0.000004  -0.021747 -0.084031 -0.720969
10  1.196333 0.000147 0.000031  0.007458 0.001457 -0.849777
11  3.883513 -0.047212 0.431351  -0.341939 0.543315 -0.623250
12  1.719572 -0.000029 0.000018  -0.043234 -0.102278 -0.735897
13  1.209179 0.000091 0.000012  -0.004830 -0.003862 -0.898841
14  3.859679 -0.138418 1.332380  -0.027249 0.655333 -0.061922
15  1.719450 -0.000017 0.000028  -0.047003 0.033250 -0.381732
16  1.099676 0.000050 0.000008  -0.003557 0.001913 -1.061225
17  0.722614 -0.801323 1.198803  -0.993087 -0.448196 -0.282035
18  1.789819 -0.000002 -0.000017  0.005781 0.046146 0.353612
19  1.207018 -0.000013 -0.000043  -0.006137 -0.000810 0.370363
20  5.740636 0.000388 -0.000699  -0.128156 0.000003 0.000063
21  11.480987 0.000228 -0.000828  -0.063730 -0.110761 0.009825
22  6.027525 -0.000330 0.000200  1.743315 -0.584134 1.540627
23  -0.000001 11.692101 -0.000007  -0.967176 -0.419261 -0.769739
24  0.000003 0.000008 -0.000000  -0.056254 -0.000031 1.570739
25  -0.000000 -0.000011 -0.000000  0.868960 0.000002 1.570712
26  -6.617934 -9.178503 0.826812  1.473120 1.855075 -0.198639
27  6.027511 -0.000260 -0.000222  1.521537 0.758757 -0.517025
28  11.691990 0.000160 0.000858  0.282281 0.000071 -1.814934
29  11.479551 -0.000612 0.001034  -1.087135 0.565361 0.908438
30  3.859437 -0.132759 1.193066  0.469647 -0.013262 -1.872395
31  1.312559 0.000025 -0.000002  0.024060 -0.138696 -0.550187
32  0.729346 0.000066 -0.000026  -0.166197 -0.081570 -0.714272
33  3.942047 0.050139 0.431000  0.225309 -0.086237 -1.592712
34  1.539096 0.000005 -0.000001  0.035254 -0.050373 -0.994350
35  1.196299 0.000078 -0.000003  -0.021521 0.002175 -0.839738
36  3.883414 -0.050472 -0.431084  0.184824 -0.271737 -1.204030
37  1.719564 -0.000085 -0.000004  0.022859 -0.107186 -1.509108
38  1.209198 0.000036 0.000011  0.000662 0.071072 -0.480462
39  3.859589 -0.149082 -1.331321  -0.160170 -0.037791 -0.032430
40  1.719413 -0.000099 -0.000036  -0.028227 -0.044798 -0.715845
41  1.099675 0.000024 0.000007  -0.000532 -0.008283 -0.618466
42  0.805984 -0.359847 -1.318339  0.991670 0.166767 -0.799527
43  1.789780 -0.000008 -0.000042  0.000058 -0.002451 0.133098
44  1.206996 -0.000007 0.000006  0.000372 -0.000071 1.058780
45  5.740573 0.000079 0.000721  0.149240 -0.000013 0.000028
46  11.480854 -0.000048 0.000952  0.048779 0.120841 0.136789
47  6.027515 -0.000273 -0.000230  -0.914032 -0.518171 -1.516863
48  -0.000001 11.691975 -0.000006  -1.214442 0.658859 0.914546
49  0.000001 -0.000000 -0.000001  2.554810 -0.000036 1.570860
50  -0.000008 -0.000013 0.000005  2.272645 -0.000036 1.570861
51  -3.351665 -3.989046 -7.152336  -0.134140 -2.989946 1.399798
52  0.000000 -0.000000 -0.000000  0.008153 -0.000259 0.000009
53  0.000000 -0.000000 0.000000  1.565115 0.043565 -0.106862
54  -0.202504 -15.045176 -6.004182  -0.876151 -0.138037 -1.817179
55  -0.000000 -0.000000 0.000001  0.000000 -0.000001 -0.000002
56  0.000030 0.000029 0.000001  -1.571901 -0.044449 -0.106509
57  9.108381 -16.188396 -23.043922  1.570796 -0.000000 0.000000
58  -18.860802 4.000748 -20.961996  1.570796 -0.000000 0.000000
59  0.658819 1.453195 -4.071830  1.570796 -0.000000 0.000000
60  -0.004311 0.001230 -0.000371  0.006898 -0.005534 -0.284229
61  0.826810 10.209643 -4.879054  1.570796 -0.000000 0.000000
62  0.000000 0.000000 0.000000  -0.078727 -3.136056 0.284226
63  0.000000 0.000000 0.000000  1.571801 -0.000841 -0.000007
64  -2.126288 -8.012436 -2.315546  1.584448 0.068285 0.020704
65  0.042269 -2.588230 0.672586  -0.000000 -0.000000 0.000000
66  0.048105 -1.112259 5.803836  -0.000000 -0.000000 0.000000
67  0.048106 -0.032153 -1.710082  -0.000000 -0.000000 0.000000
68  0.042353 -1.078447 21.234571  -0.000000 -0.000000 0.000000
69  0.436542 -3.059779 3.935333  -0.000000 -0.000000 0.000000
70  0.672328 -2.032812 2.042323  -0.000000 -0.000000 0.000000
71  -0.729358 -1.331797 3.242017  -0.000000 -0.000000 0.000000
72  0.194741 -1.447476 3.023561  -0.000000 -0.000000 0.000000
73  -0.700892 0.650637 17.606176  -0.000000 -0.000000 0.000000
74  0.042269 -2.357918 -0.445848  -0.000000 -0.000000 0.000000
75  0.436542 -0.003270 1.776058  -0.000000 -0.000000 0.000000
76  -2.311403 -12.667284 -6.467056  1.584448 0.068285 0.020704
77  0.157555 2.649697 -1.682825  -0.000000 -0.000000 0.000000
78  -0.097393 2.508476 -1.682825  -0.000000 -0.000000 0.000000
79  -1.952836 -16.868252 -2.460626  1.584448 0.068285 0.020704
80  -0.861920 -0.180712 3.135018  -0.000000 -0.000000 -0.000000
81  -0.861920 0.097230 3.003448  -0.000000 -0.000000 -0.000000
82  -0.861920 -0.180724 2.815479  -0.000000 -0.000000 -0.000000
83  -0.861920 0.097217 2.683909  -0.000000 -0.000000 -0.000000
84  -0.861920 -0.180725 2.495585  -0.000000 -0.000000 -0.000000
85  -0.861920 0.097217 2.364012  -0.000000 -0.000000 -0.000000
86  -0.861920 -0.180726 2.176040  -0.000000 -0.000000 -0.000000
87  -0.861920 0.097216 2.044467  -0.000000 -0.000000 -0.000000
88  -0.861920 -0.180726 1.861903  -0.000000 -0.000000 -0.000000
89  -0.861920 0.097215 1.730332  -0.000000 -0.000000 -0.000000
90  -0.861920 -0.180727 1.542359  -0.000000 -0.000000 -0.000000
91  -0.861920 0.097215 1.410789  -0.000000 -0.000000 -0.000000
92  -0.861920 -0.180721 1.222462  -0.000000 -0.000000 -0.000000
93  -0.861920 0.097220 1.090891  -0.000000 -0.000000 -0.000000
94  -0.861920 -0.180712 0.918800  -0.000000 -0.000000 -0.000000
95  -0.861920 0.097230 0.787230  -0.000000 -0.000000 -0.000000
96  -0.861920 -0.180724 0.599257  -0.000000 -0.000000 -0.000000
97  -0.861920 0.097217 0.467689  -0.000000 -0.000000 -0.000000
98  -0.861920 -0.180725 0.279366  -0.000000 -0.000000 -0.000000
99  -0.861920 0.097217 0.147793  -0.000000 -0.000000 -0.000000
100  -0.861920 -0.180726 -0.040178  -0.000000 -0.000000 -0.000000
101  -0.861920 0.097216 -0.171752  -0.000000 -0.000000 -0.000000
102  -0.861920 -0.180726 -0.354317  -0.000000 -0.000000 -0.000000
103  -0.861920 0.097215 -0.485886  -0.000000 -0.000000 -0.000000
104  -0.861920 -0.180727 -0.673860  -0.000000 -0.000000 -0.000000
105  -0.861920 0.097215 -0.805431  -0.000000 -0.000000 -0.000000
106  -0.861920 -0.180721 -0.993756  -0.000000 -0.000000 -0.000000
107  -0.861920 0.097220 -1.125328  -0.000000 -0.000000 -0.000000
108  -0.861920 -0.180725 -1.295308  -0.000000 -0.000000 -0.000000
109  -0.861920 0.097217 -1.426880  -0.000000 -0.000000 -0.000000
110  -0.861920 -0.180726 -1.614851  -0.000000 -0.000000 -0.000000
111  -0.861920 0.097216 -1.746423  -0.000000 -0.000000 -0.000000
112  -0.861920 -0.180726 -1.928989  -0.000000 -0.000000 -0.000000
113  -0.861920 0.097215 -2.060557  -0.000000 -0.000000 -0.000000
114  -0.861920 -0.180727 -2.248533  -0.000000 -0.000000 -0.000000
115  -0.861920 0.097215 -2.380102  -0.000000 -0.000000 -0.000000
116  -0.861920 -0.180721 -2.568428  -0.000000 -0.000000 -0.000000
117  -0.861920 0.097220 -2.700000  -0.000000 -0.000000 -0.000000
118  -0.861920 -0.180725 -2.887969  -0.000000 -0.000000 -0.000000
119  -0.861920 0.097216 -3.019543  -0.000000 -0.000000 -0.000000
120  -0.861920 -0.180724 -3.207870  -0.000000 -0.000000 -0.000000
121  -0.861920 0.097230 -3.339442  -0.000000 -0.000000 -0.000000
122  -0.861920 -0.180737 -3.527412  -0.000000 -0.000000 -0.000000
123  -0.861920 0.097217 -3.658984  -0.000000 -0.000000 -0.000000
124  -0.861920 -0.048023 -3.936774  -0.000000 -0.000000 -0.000000
125  -0.861920 0.096813 -4.220028  -0.000000 -0.000000 -0.000000
126  -0.861839 0.049009 -4.549493  -0.000000 -0.000000 0.000000
127  -0.862202 -0.181353 -4.727588  -0.000568 0.008934 0.008929
128  -0.865933 -0.543243 -4.815327  -0.002212 0.031273 0.031204
129  0.018344 -0.713685 -5.609469  0.064463 -0.001783 -0.001902
130  -0.000000 0.000000 4.970245  -0.000000 -0.000000 0.000000
131  -0.000000 0.000000 -2.491488  -0.000000 -0.000000 0.000000
time 30
0  0.000006 0.000000 0.000000  -1.570800 -1.391899 -1.570792
1  -4.264289 -0.706028 0.654504  -1.544956 -1.855077 -0.198630
2  6.027524 -0.000323 0.000191  -0.951416 -0.976725 -1.314031
3  11.692108 0.000645 -0.000738  -0.925349 -0.000018 -1.391511
4  11.479912 0.000258 -0.000874  1.151692 -0.615421 0.274844
5  3.859504 -0.142823 -1.192079  -0.776638 -0.061608 -1.579277
6  1.312590 0.000010 0.000008  -0.133330 -0.022631 -0.159473
7  0.729356 0.000054 0.000049  0.000011 0.000024 -0.486779
8  3.942142 0.046332 -0.431543  -0.676460 0.339625 -1.116093
9  1.539110 0.000083 0.000006  -0.021747 -0.084031 -0.720969
10  1.196332 0.000144 0.000028  0.007458 0.001457 -0.849777
11  3.883512 -0.047212 0.431351  -0.341939 0.543315 -0.623250
12  1.719573 -0.000027 0.000018  -0.043234 -0.102278 -0.735897
13  1.209179 0.000089 0.000011  -0.004830 -0.003862 -0.898841
14  3.859677 -0.138418 1.332379  -0.027249 0.655333 -0.061922
15  1.719448 -0.000019 0.000028  -0.047003 0.033250 -0.381732
16  1.099674 0.000049 0.000005  -0.003557 0.001912 -1.061225
17  0.722612 -0.801323 1.198803  -0.993087 -0.448196 -0.282035
18  1.789819 -0.000003 -0.000018  0.005781 0.046146 0.353612
19  1.207017 -0.000013 -0.000044  -0.006137 -0.000810 0.370363
20  5.740636 0.000389 -0.000698  -0.123670 0.000003 0.000063
21  11.480989 0.000230 -0.000826  -0.059484 -0.110938 0.016644
22  6.027525 -0.000330 0.000200  1.736123 -0.573370 1.529137
23  -0.000000 11.692100 -0.000007  -0.964783 -0.417145 -0.768138
24  0.000004 0.000010 -0.000001  -0.056254 -0.000031 1.570738
25  0.000000 -0.000012 0.000000  0.868960 0.000002 1.570712
26  -6.617934 -9.178503 0.826812  1.473120 1.855075 -0.198639
27  6.027512 -0.000259 -0.000222  1.518396 0.770368 -0.617777
28  11.691990 0.000162 0.000858  0.209398 0.000071 -1.815621
29  11.479544 -0.000689 0.000988  -1.113838 0.509160 0.929498
30  3.859438 -0.132759 1.193065  0.469647 -0.013262 -1.872395
31  1.312559 0.000024 -0.000001  0.024060 -0.138696 -0.550187
32  0.729346 0.000065 -0.000027  -0.166197 -0.081570 -0.714272
33  3.942048 0.050139 0.431000  0.225309 -0.086237 -1.592712
34  1.539097 0.000005 -0.000001  0.035254 -0.050373 -0.994350
35  1.196300 0.000078 -0.000003  -0.021521 0.002175 -0.839738
36  3.883414 -0.050473 -0.431084  0.184824 -0.271737 -1.204030
37  1.719565 -0.000083 -0.000005  0.022858 -0.107186 -1.509108
38  1.209197 0.000035 0.000011  0.000661 0.071072 -0.480462
39  3.859589 -0.149082 -1.331321  -0.148578 -0.083239 -0.216057
40  1.719412 -0.000098 -0.000035  -0.017567 -0.037383 -0.966832
41  1.099673 0.000023 0.000008  -0.001824 -0.008340 -0.645248
42  0.805984 -0.359848 -1.318338  0.991670 0.166767 -0.799527
43  1.789780 -0.000008 -0.000043  0.000058 -0.002451 0.133097
44  1.206996 -0.000006 0.000006  0.000372 -0.000071 1.058780
45  5.740573 0.000079 0.000720  0.164093 -0.000014 0.000028
46  11.480854 -0.000065 0.000943  0.048474 0.109504 0.145778
47  6.027515 -0.000273 -0.000230  -0.926651 -0.513757 -1.609215
48  -0.000001 11.691974 -0.000004  -1.214847 0.659275 0.914742
49  0.000003 -0.000000 0.000000  2.481926 -0.000036 1.570860
50  -0.000007 -0.000014 0.000005  2.272645 -0.000036 1.570861
51  -3.273907 -3.981313 -6.921018  -0.110092 -2.997671 1.388695
52  0.000000 0.000000 0.000000  0.008153 -0.000259 0.000009
53  0.000000 0.000000 0.000000  1.565115 0.043565 -0.106862
54  -0.237380 -15.064831 -5.734185  -0.852805 -0.128547 -1.827843
55  0.000000 0.000000 -0.000000  0.000000 -0.000001 -0.000002
56  0.000030 0.000030 0.000001  -1.571901 -0.044449 -0.106509
57  9.685238 -15.199744 -23.583351  1.570796 -0.000000 0.000000
58  -17.081232 4.000748 -21.898245  1.570796 -0.000000 0.000000
59  0.658819 1.453195 -4.071830  1.570796 -0.000000 0.000000
60  -0.004311 0.001230 -0.000371  0.006898 -0.005534 -0.284229
61  0.826810 10.209643 -4.879054  1.570796 -0.000000 0.000000
62  0.000000 0.000000 0.000000  -0.078727 -3.136056 0.284226
63  0.000000 0.000000 0.000000  1.570114 -0.002069 0.000724
64  -2.199061 -8.030005 -2.069569  1.587458 0.043457 0.013310
65  0.042269 -2.588230 0.672587  -0.000000 -0.000000 -0.000000
66  0.048105 -1.112260 5.803838  -0.000000 -0.000000 -0.000000
67  0.048106 -0.032154 -1.710082  -0.000000 -0.000000 -0.000000
68  0.042354 -1.078447 21.234575  -0.000000 -0.000000 -0.000000
69  0.436542 -3.059779 3.935335  -0.000000 -0.000000 -0.000000
70  0.672328 -2.032812 2.042325  -0.000000 -0.000000 -0.000000
71  -0.729358 -1.331797 3.242019  -0.000000 -0.000000 -0.000000
72  0.194740 -1.447476 3.023563  -0.000000 -0.000000 -0.000000
73  -0.700892 0.650637 17.606178  -0.000000 -0.000000 -0.000000
74  0.042269 -2.357918 -0.445847  -0.000000 -0.000000 -0.000000
75  0.436542 -0.003270 1.776058  -0.000000 -0.000000 -0.000000
76  -2.316223 -12.669445 -6.240753  1.587458 0.043457 0.013310
77  0.157556 2.649698 -1.682824  -0.000000 -0.000000 -0.000000
78  -0.097393 2.508476 -1.682825  -0.000000 -0.000000 -0.000000
79  -2.088652 -16.886353 -2.241490  1.587458 0.043457 0.013310
80  -0.861920 -0.180712 3.135016  0.000000 -0.000000 -0.000000
81  -0.861920 0.097230 3.003447  0.000000 -0.000000 -0.000000
82  -0.861920 -0.180725 2.815478  0.000000 -0.000000 -0.000000
83  -0.861920 0.097217 2.683908  0.000000 -0.000000 -0.000000
84  -0.861920 -0.180725 2.495582  0.000000 -0.000000 -0.000000
85  -0.861920 0.097216 2.364011  0.000000 -0.000000 -0.000000
86  -0.861920 -0.180726 2.176040  0.000000 -0.000000 -0.000000
87  -0.861920 0.097216 2.044467  0.000000 -0.000000 -0.000000
88  -0.861920 -0.180726 1.861898  0.000000 -0.000000 -0.000000
89  -0.861920 0.097215 1.730329  0.000000 -0.000000 -0.000000
90  -0.861920 -0.180727 1.542356  0.000000 -0.000000 -0.000000
91  -0.861920 0.097214 1.410787  0.000000 -0.000000 -0.000000
92  -0.861920 -0.180721 1.222459  0.000000 -0.000000 -0.000000
93  -0.861920 0.097220 1.090889  0.000000 -0.000000 -0.000000
94  -0.861920 -0.180712 0.918797  0.000000 -0.000000 -0.000000
95  -0.861920 0.097230 0.787230  0.000000 -0.000000 -0.000000
96  -0.861920 -0.180724 0.599256  0.000000 -0.000000 -0.000000
97  -0.861920 0.097217 0.467689  0.000000 -0.000000 -0.000000
98  -0.861920 -0.180725 0.279363  0.000000 -0.000000 -0.000000
99  -0.861920 0.097216 0.147790  0.000000 -0.000000 -0.000000
100  -0.861921 -0.180726 -0.040181  0.000000 -0.000000 -0.000000
101  -0.861920 0.097216 -0.171752  0.000000 -0.000000 -0.000000
102  -0.861920 -0.180726 -0.354321  0.000000 -0.000000 -0.000000
103  -0.861921 0.097215 -0.485888  0.000000 -0.000000 -0.000000
104  -0.861920 -0.180727 -0.673863  0.000000 -0.000000 -0.000000
105  -0.861920 0.097215 -0.805433  0.000000 -0.000000 -0.000000
106  -0.861920 -0.180722 -0.993758  0.000000 -0.000000 -0.000000
107  -0.861920 0.097220 -1.125330  0.000000 -0.000000 -0.000000
108  -0.861920 -0.180725 -1.295310  0.000000 -0.000000 -0.000000
109  -0.861920 0.097216 -1.426883  0.000000 -0.000000 -0.000000
110  -0.861921 -0.180726 -1.614854  0.000000 -0.000000 -0.000000
111  -0.861920 0.097216 -1.746426  0.000000 -0.000000 -0.000000
112  -0.861920 -0.180726 -1.928993  0.000000 -0.000000 -0.000000
113  -0.861920 0.097215 -2.060561  0.000000 -0.000000 -0.000000
114  -0.861920 -0.180727 -2.248536  0.000000 -0.000000 -0.000000
115  -0.861921 0.097215 -2.380104  0.000000 -0.000000 -0.000000
116  -0.861920 -0.180722 -2.568431  0.000000 -0.000000 -0.000000
117  -0.861920 0.097220 -2.700004  0.000000 -0.000000 -0.000000
118  -0.861920 -0.180725 -2.887973  0.000000 -0.000000 -0.000000
119  -0.861920 0.097216 -3.019545  0.000000 -0.000000 -0.000000
120  -0.861920 -0.180724 -3.207874  0.000000 -0.000000 -0.000000
121  -0.861920 0.097229 -3.339446  0.000000 -0.000000 -0.000000
122  -0.861921 -0.180737 -3.527415  0.000000 -0.000000 -0.000000
123  -0.861920 0.097217 -3.658987  0.000000 -0.000000 -0.000000
124  -0.861920 -0.048023 -3.936777  0.000000 -0.000000 -0.000000
125  -0.861920 0.096813 -4.220030  0.000000 -0.000000 -0.000000
126  -0.861839 0.049009 -4.549497  -0.000000 -0.000000 -0.000000
127  -0.862203 -0.181353 -4.727590  -0.000568 0.008934 0.008929
128  -0.865933 -0.543243 -4.815329  -0.002212 0.031273 0.031204
129  0.018344 -0.713685 -5.609474  0.064463 -0.001783 -0.001902
130  0.000000 -0.000000 4.970243  -0.000000 -0.000000 -0.000000
131  0.000000 -0.000000 -2.491492  -0.000000 -0.000000 -0.000000
time 31
0  0.000006 0.000000 0.000000  -1.570800 -1.391899 -1.570792
1  -4.264289 -0.706028 0.654504  -1.544956 -1.855077 -0.198630
2  6.027524 -0.000324 0.000190  -0.946695 -0.990264 -1.330203
3  11.692109 0.000645 -0.000737  -0.925349 -0.000018 -1.381805
4  11.479974 0.000280 -0.000850  1.168416 -0.609193 0.291870
5  3.859504 -0.142823 -1.192080  -0.776638 -0.061608 -1.579277
6  1.312590 0.000010 0.000006  -0.133329 -0.022631 -0.159473
7  0.729355 0.000053 0.000050  0.000011 0.000024 -0.486779
8  3.942143 0.046332 -0.431543  -0.676460 0.339625 -1.116093
9  1.539111 0.000081 0.000006  -0.021747 -0.084031 -0.720969
10  1.196331 0.000146 0.000028  0.007458 0.001457 -0.849778
11  3.883513 -0.047212 0.431350  -0.341939 0.543315 -0.623250
12  1.719571 -0.000032 0.000017  -0.043234 -0.102278 -0.735897
13  1.209179 0.000091 0.000011  -0.004830 -0.003862 -0.898841
14  3.859677 -0.138418 1.332379  -0.027249 0.655333 -0.061922
15  1.719448 -0.000018 0.000028  -0.047003 0.033250 -0.381732
16  1.099676 0.000049 0.000006  -0.003557 0.001912 -1.061225
17  0.722612 -0.801324 1.198803  -0.993087 -0.448196 -0.282035
18  1.789818 -0.000004 -0.000019  0.005781 0.046146 0.353612
19  1.207015 -0.000013 -0.000043  -0.006137 -0.000810 0.370363
20  5.740637 0.000389 -0.000700  -0.119074 0.000003 0.000063
21  11.481002 0.000235 -0.000823  -0.055925 -0.109784 0.021220
22  6.027525 -0.000330 0.000200  1.728497 -0.561172 1.520992
23  -0.000000 11.692100 -0.000007  -0.958948 -0.412005 -0.764223
24  0.000002 0.000009 0.000000  -0.056254 -0.000031 1.570739
25  -0.000000 -0.000011 -0.000000  0.868960 0.000002 1.570712
26  -6.617934 -9.178503 0.826812  1.473120 1.855075 -0.198639
27  6.027513 -0.000259 -0.000222  1.512318 0.780702 -0.689808
28  11.691990 0.000162 0.000856  0.158801 0.000070 -1.809355
29  11.479597 -0.000704 0.000948  -1.131861 0.474879 0.933197
30  3.859438 -0.132759 1.193066  0.469647 -0.013262 -1.872395
31  1.312560 0.000025 -0.000002  0.024060 -0.138696 -0.550187
32  0.729345 0.000065 -0.000028  -0.166197 -0.081570 -0.714272
33  3.942047 0.050139 0.431000  0.225309 -0.086237 -1.592712
34  1.539096 0.000005 -0.000001  0.035254 -0.050373 -0.994350
35  1.196300 0.000077 -0.000003  -0.021521 0.002175 -0.839738
36  3.883413 -0.050472 -0.431084  0.184824 -0.271737 -1.204030
37  1.719564 -0.000084 -0.000005  0.022859 -0.107186 -1.509108
38  1.209196 0.000035 0.000011  0.000661 0.071072 -0.480462
39  3.859588 -0.149082 -1.331321  -0.128767 -0.125797 -0.401051
40  1.719413 -0.000099 -0.000036  -0.010150 -0.027798 -1.163604
41  1.099674 0.000023 0.000006  -0.003227 -0.008427 -0.655228
42  0.805984 -0.359848 -1.318338  0.991670 0.166767 -0.799527
43  1.789780 -0.000009 -0.000043  0.000058 -0.002451 0.133098
44  1.206996 -0.000007 0.000005  0.000372 -0.000071 1.058780
45  5.740572 0.000080 0.000721  0.172406 -0.000014 0.000028
46  11.480864 -0.000067 0.000935  0.048346 0.102147 0.149429
47  6.027515 -0.000273 -0.000230  -0.939289 -0.511674 -1.670791
48  -0.000001 11.691974 -0.000005  -1.211156 0.655485 0.912952
49  0.000002 -0.000001 0.000001  2.431329 -0.000036 1.570860
50  -0.000007 -0.000013 0.000005  2.272645 -0.000036 1.570861
51  -3.209635 -4.033901 -6.783665  -0.089411 -2.998514 1.380046
52  -0.000000 0.000000 0.000001  0.008153 -0.000259 0.000009
53  0.000000 -0.000000 0.000000  1.565115 0.043565 -0.106862
54  -0.261229 -15.130793 -5.503282  -0.832291 -0.126178 -1.836140
55  0.000000 0.000000 -0.000001  0.000000 -0.000001 -0.000002
56  0.000031 0.000030 -0.000000  -1.571902 -0.044449 -0.106509
57  9.873785 -14.853106 -23.773331  1.570796 -0.000000 0.000000
58  -15.843325 4.000748 -22.463799  1.570796 -0.000000 0.000000
59  0.658819 1.453195 -4.071830  1.570796 -0.000000 0.000000
60  -0.004311 0.001230 -0.000371  0.006898 -0.005534 -0.284229
61  0.826810 10.209643 -4.879054  1.570796 -0.000000 0.000000
62  0.000000 0.000000 0.000000  -0.078727 -3.136056 0.284226
63  0.000000 0.000000 0.000000  1.568983 -0.000314 0.000440
64  -2.256480 -8.073927 -1.899668  1.584280 0.023219 0.007513
65  0.042269 -2.588230 0.672586  0.000000 0.000000 0.000000
66  0.048105 -1.112260 5.803837  0.000000 0.000000 0.000000
67  0.048106 -0.032154 -1.710082  0.000000 0.000000 0.000000
68  0.042353 -1.078447 21.234573  0.000000 0.000000 0.000000
69  0.436542 -3.059779 3.935333  0.000000 0.000000 0.000000
70  0.672328 -2.032812 2.042323  0.000000 0.000000 0.000000
71  -0.729358 -1.331797 3.242018  0.000000 0.000000 0.000000
72  0.194740 -1.447476 3.023561  0.000000 0.000000 0.000000
73  -0.700892 0.650637 17.606178  0.000000 0.000000 0.000000
74  0.042269 -2.357918 -0.445848  0.000000 0.000000 0.000000
75  0.436542 -0.003270 1.776057  0.000000 0.000000 0.000000
76  -2.315646 -12.725220 -6.058862  1.584280 0.023219 0.007513
77  0.157555 2.649698 -1.682824  0.000000 0.000000 0.000000
78  -0.097393 2.508477 -1.682826  0.000000 0.000000 0.000000
79  -2.193273 -16.931236 -2.043562  1.584280 0.023219 0.007513
80  -0.861921 -0.180712 3.135016  -0.000000 -0.000000 -0.000000
81  -0.861921 0.097230 3.003447  -0.000000 -0.000000 -0.000000
82  -0.861920 -0.180724 2.815478  -0.000000 -0.000000 -0.000000
83  -0.861920 0.097217 2.683908  -0.000000 -0.000000 -0.000000
84  -0.861921 -0.180725 2.495581  -0.000000 -0.000000 -0.000000
85  -0.861921 0.097216 2.364010  -0.000000 -0.000000 -0.000000
86  -0.861920 -0.180726 2.176039  -0.000000 -0.000000 -0.000000
87  -0.861920 0.097216 2.044467  -0.000000 -0.000000 -0.000000
88  -0.861921 -0.180727 1.861899  -0.000000 -0.000000 -0.000000
89  -0.861921 0.097215 1.730330  -0.000000 -0.000000 -0.000000
90  -0.861921 -0.180727 1.542357  -0.000000 -0.000000 -0.000000
91  -0.861921 0.097215 1.410790  -0.000000 -0.000000 -0.000000
92  -0.861921 -0.180722 1.222460  -0.000000 -0.000000 -0.000000
93  -0.861921 0.097220 1.090889  -0.000000 -0.000000 -0.000000
94  -0.861921 -0.180712 0.918798  -0.000000 -0.000000 -0.000000
95  -0.861921 0.097230 0.787231  -0.000000 -0.000000 -0.000000
96  -0.861920 -0.180725 0.599256  -0.000000 -0.000000 -0.000000
97  -0.861920 0.097217 0.467687  -0.000000 -0.000000 -0.000000
98  -0.861920 -0.180725 0.279363  -0.000000 -0.000000 -0.000000
99  -0.861921 0.097216 0.147792  -0.000000 -0.000000 -0.000000
100  -0.861921 -0.180726 -0.040181  -0.000000 -0.000000 -0.000000
101  -0.861920 0.097216 -0.171750  -0.000000 -0.000000 -0.000000
102  -0.861921 -0.180727 -0.354318  -0.000000 -0.000000 -0.000000
103  -0.861921 0.097215 -0.485886  -0.000000 -0.000000 -0.000000
104  -0.861921 -0.180727 -0.673864  -0.000000 -0.000000 -0.000000
105  -0.861921 0.097215 -0.805434  -0.000000 -0.000000 -0.000000
106  -0.861921 -0.180722 -0.993757  -0.000000 -0.000000 -0.000000
107  -0.861921 0.097220 -1.125330  -0.000000 -0.000000 -0.000000
108  -0.861921 -0.180725 -1.295309  -0.000000 -0.000000 -0.000000
109  -0.861921 0.097216 -1.426881  -0.000000 -0.000000 -0.000000
110  -0.861920 -0.180726 -1.614853  -0.000000 -0.000000 -0.000000
111  -0.861920 0.097216 -1.746425  -0.000000 -0.000000 -0.000000
112  -0.861921 -0.180726 -1.928992  -0.000000 -0.000000 -0.000000
113  -0.861920 0.097215 -2.060561  -0.000000 -0.000000 -0.000000
114  -0.861921 -0.180727 -2.248536  -0.000000 -0.000000 -0.000000
115  -0.861921 0.097214 -2.380104  -0.000000 -0.000000 -0.000000
116  -0.861921 -0.180721 -2.568430  -0.000000 -0.000000 -0.000000
117  -0.861921 0.097220 -2.700003  -0.000000 -0.000000 -0.000000
118  -0.861921 -0.180725 -2.887972  -0.000000 -0.000000 -0.000000
119  -0.861921 0.097216 -3.019544  -0.000000 -0.000000 -0.000000
120  -0.861921 -0.180724 -3.207873  -0.000000 -0.000000 -0.000000
121  -0.861921 0.097230 -3.339445  -0.000000 -0.000000 -0.000000
122  -0.861921 -0.180737 -3.527415  -0.000000 -0.000000 -0.000000
123  -0.861921 0.097217 -3.658987  -0.000000 -0.000000 -0.000000
124  -0.861921 -0.048023 -3.936778  -0.000000 -0.000000 -0.000000
125  -0.861921 0.096813 -4.220031  -0.000000 -0.000000 -0.000000
126  -0.861840 0.049009 -4.549496  0.000000 -0.000000 -0.000000
127  -0.862203 -0.181353 -4.727591  -0.000568 0.008934 0.008929
128  -0.865934 -0.543243 -4.815328  -0.002212 0.031273 0.031204
129  0.018344 -0.713685 -5.609472  0.064463 -0.001783 -0.001902
130  -0.000000 0.000000 4.970243  0.000000 0.000000 0.000000
131  -0.000000 -0.000000 -2.491489  0.000000 0.000000 0.000000
time 32
0  0.000006 0.000000 0.000000  -1.570800 -1.391899 -1.570792
1  -4.264289 -0.706028 0.654504  -1.544956 -1.855077 -0.198630
2  6.027524 -0.000324 0.000190  -0.940815 -1.001129 -1.341874
3  11.692109 0.000644 -0.000738  -0.925348 -0.000017 -1.368918
4  11.480047 0.000306 -0.000817  1.179911 -0.600367 0.292833
5  3.859503 -0.142824 -1.192080  -0.776638 -0.061608 -1.579277
6  1.312590 0.000010 0.000007  -0.133330 -0.022631 -0.159473
7  0.729354 0.000054 0.000049  0.000011 0.000024 -0.486779
8  3.942141 0.046330 -0.431543  -0.676461 0.339625 -1.116093
9  1.539111 0.000085 0.000005  -0.021747 -0.084031 -0.720969
10  1.196333 0.000146 0.000028  0.007458 0.001457 -0.849778
11  3.883509 -0.047213 0.431351  -0.341939 0.543315 -0.623251
12  1.719573 -0.000027 0.000018  -0.043234 -0.102278 -0.735897
13  1.209180 0.000090 0.000012  -0.004830 -0.003862 -0.898841
14  3.859676 -0.138419 1.332380  -0.027249 0.655333 -0.061922
15  1.719450 -0.000019 0.000030  -0.047003 0.033250 -0.381732
16  1.099674 0.000048 0.000005  -0.003557 0.001912 -1.061225
17  0.722612 -0.801324 1.198803  -0.993087 -0.448196 -0.282035
18  1.789818 -0.000004 -0.000019  0.005781 0.046146 0.353612
19  1.207015 -0.000014 -0.000044  -0.006137 -0.000810 0.370363
20  5.740635 0.000389 -0.000699  -0.115870 0.000003 0.000063
21  11.481015 0.000239 -0.000816  -0.054151 -0.107820 0.022475
22  6.027525 -0.000330 0.000200  1.721273 -0.551651 1.518072
23  0.000002 11.692099 -0.000007  -0.951187 -0.405214 -0.758987
24  0.000004 0.000009 -0.000000  -0.056254 -0.000031 1.570738
25  0.000001 -0.000012 -0.000000  0.868960 0.000002 1.570712
26  -6.617934 -9.178503 0.826812  1.473120 1.855075 -0.198639
27  6.027514 -0.000259 -0.000222  1.509412 0.786458 -0.715067
28  11.691991 0.000162 0.000858  0.141449 0.000070 -1.799738
29  11.479683 -0.000670 0.000927  -1.137419 0.467276 0.924875
30  3.859438 -0.132758 1.193065  0.469647 -0.013262 -1.872395
31  1.312559 0.000026 -0.000001  0.024060 -0.138696 -0.550187
32  0.729346 0.000063 -0.000028  -0.166197 -0.081570 -0.714272
33  3.942047 0.050139 0.431000  0.225309 -0.086237 -1.592712
34  1.539097 0.000005 -0.000001  0.035254 -0.050373 -0.994350
35  1.196300 0.000077 -0.000003  -0.021521 0.002175 -0.839738
36  3.883414 -0.050472 -0.431084  0.184824 -0.271737 -1.204030
37  1.719564 -0.000084 -0.000005  0.022859 -0.107186 -1.509108
38  1.209197 0.000035 0.000010  0.000661 0.071072 -0.480462
39  3.859589 -0.149082 -1.331321  -0.119219 -0.140845 -0.471563
40  1.719411 -0.000098 -0.000036  -0.007972 -0.023824 -1.231103
41  1.099674 0.000024 0.000006  -0.003780 -0.008463 -0.656665
42  0.805984 -0.359848 -1.318338  0.991670 0.166767 -0.799527
43  1.789780 -0.000007 -0.000042  0.000058 -0.002451 0.133097
44  1.206996 -0.000007 0.000005  0.000372 -0.000071 1.058780
45  5.740572 0.000080 0.000722  0.173620 -0.000014 0.000028
46  11.480880 -0.000060 0.000930  0.048376 0.100159 0.148537
47  6.027515 -0.000273 -0.000230  -0.946081 -0.510167 -1.690679
48  -0.000001 11.691975 -0.000007  -1.205494 0.649680 0.910181
49  0.000001 -0.000000 0.000000  2.413977 -0.000036 1.570860
50  -0.000008 -0.000013 0.000004  2.272645 -0.000036 1.570861
51  -3.188074 -4.119835 -6.755113  -0.079058 -2.993840 1.374979
52  0.000000 -0.000000 0.000000  0.008153 -0.000259 0.000009
53  0.000000 -0.000000 -0.000000  1.565115 0.043565 -0.106862
54  -0.291433 -15.218430 -5.375226  -0.821640 -0.130076 -1.841068
55  -0.000000 0.000000 0.000000  0.000000 -0.000001 -0.000002
56  0.000030 0.000029 0.000001  -1.571901 -0.044449 -0.106509
57  9.873785 -14.853106 -23.773331  1.570796 -0.000000 0.000000
58  -15.417985 4.000748 -22.641926  1.570796 -0.000000 0.000000
59  0.658819 1.453195 -4.071830  1.570796 -0.000000 0.000000
60  -0.004311 0.001230 -0.000371  0.006898 -0.005534 -0.284229
61  0.826810 10.209643 -4.879054  1.570796 -0.000000 0.000000
62  0.000000 0.000000 0.000000  -0.078727 -3.136056 0.284226
63  0.000000 0.000000 0.000000  1.568347 0.001440 -0.000089
64  -2.294151 -8.131025 -1.836272  1.577672 0.014101 0.003823
65  0.042269 -2.588230 0.672584  -0.000000 -0.000000 0.000000
66  0.048105 -1.112260 5.803834  -0.000000 -0.000000 0.000000
67  0.048106 -0.032154 -1.710084  -0.000000 -0.000000 0.000000
68  0.042354 -1.078447 21.234571  -0.000000 -0.000000 0.000000
69  0.436542 -3.059779 3.935332  -0.000000 -0.000000 0.000000
70  0.672328 -2.032813 2.042322  -0.000000 -0.000000 0.000000
71  -0.729358 -1.331797 3.242017  -0.000000 -0.000000 0.000000
72  0.194741 -1.447476 3.023560  -0.000000 -0.000000 0.000000
73  -0.700892 0.650637 17.606176  -0.000000 -0.000000 0.000000
74  0.042269 -2.357918 -0.445849  -0.000000 -0.000000 0.000000
75  0.436542 -0.003270 1.776056  -0.000000 -0.000000 0.000000
76  -2.332017 -12.809309 -5.965332  1.577672 0.014101 0.003823
77  0.157555 2.649697 -1.682827  -0.000000 -0.000000 0.000000
78  -0.097393 2.508476 -1.682826  -0.000000 -0.000000 0.000000
79  -2.261493 -16.989258 -1.921663  1.577672 0.014101 0.003823
80  -0.861920 -0.180712 3.135017  -0.000000 -0.000000 -0.000000
81  -0.861920 0.097230 3.003445  -0.000000 -0.000000 -0.000000
82  -0.861920 -0.180725 2.815476  -0.000000 -0.000000 -0.000000
83  -0.861920 0.097217 2.683907  -0.000000 -0.000000 -0.000000
84  -0.861920 -0.180725 2.495583  -0.000000 -0.000000 -0.000000
85  -0.861920 0.097216 2.364010  -0.000000 -0.000000 -0.000000
86  -0.861920 -0.180726 2.176039  -0.000000 -0.000000 -0.000000
87  -0.861920 0.097216 2.044465  -0.000000 -0.000000 -0.000000
88  -0.861920 -0.180727 1.861900  -0.000000 -0.000000 -0.000000
89  -0.861920 0.097215 1.730329  -0.000000 -0.000000 -0.000000
90  -0.861920 -0.180727 1.542356  -0.000000 -0.000000 -0.000000
91  -0.861920 0.097214 1.410786  -0.000000 -0.000000 -0.000000
92  -0.861920 -0.180722 1.222460  -0.000000 -0.000000 -0.000000
93  -0.861920 0.097220 1.090889  -0.000000 -0.000000 -0.000000
94  -0.861920 -0.180712 0.918798  -0.000000 -0.000000 -0.000000
95  -0.861920 0.097230 0.787228  -0.000000 -0.000000 -0.000000
96  -0.861920 -0.180724 0.599255  -0.000000 -0.000000 -0.000000
97  -0.861921 0.097217 0.467686  -0.000000 -0.000000 -0.000000
98  -0.861920 -0.180725 0.279364  -0.000000 -0.000000 -0.000000
99  -0.861920 0.097216 0.147791  -0.000000 -0.000000 -0.000000
100  -0.861920 -0.180726 -0.040180  -0.000000 -0.000000 -0.000000
101  -0.861920 0.097216 -0.171754  -0.000000 -0.000000 -0.000000
102  -0.861921 -0.180727 -0.354319  -0.000000 -0.000000 -0.000000
103  -0.861920 0.097215 -0.485888  -0.000000 -0.000000 -0.000000
104  -0.861920 -0.180727 -0.673863  -0.000000 -0.000000 -0.000000
105  -0.861920 0.097215 -0.805435  -0.000000 -0.000000 -0.000000
106  -0.861920 -0.180722 -0.993758  -0.000000 -0.000000 -0.000000
107  -0.861920 0.097220 -1.125331  -0.000000 -0.000000 -0.000000
108  -0.861920 -0.180725 -1.295309  -0.000000 -0.000000 -0.000000
109  -0.861920 0.097216 -1.426882  -0.000000 -0.000000 -0.000000
110  -0.861920 -0.180726 -1.614853  -0.000000 -0.000000 -0.000000
111  -0.861920 0.097216 -1.746426  -0.000000 -0.000000 -0.000000
112  -0.861920 -0.180726 -1.928992  -0.000000 -0.000000 -0.000000
113  -0.861920 0.097215 -2.060561  -0.000000 -0.000000 -0.000000
114  -0.861920 -0.180727 -2.248536  -0.000000 -0.000000 -0.000000
115  -0.861920 0.097214 -2.380105  -0.000000 -0.000000 -0.000000
116  -0.861920 -0.180722 -2.568430  -0.000000 -0.000000 -0.000000
117  -0.861920 0.097220 -2.700004  -0.000000 -0.000000 -0.000000
118  -0.861920 -0.180725 -2.887973  -0.000000 -0.000000 -0.000000
119  -0.861920 0.097216 -3.019545  -0.000000 -0.000000 -0.000000
120  -0.861920 -0.180724 -3.207873  -0.000000 -0.000000 -0.000000
121  -0.861920 0.097229 -3.339446  -0.000000 -0.000000 -0.000000
122  -0.861920 -0.180737 -3.527415  -0.000000 -0.000000 -0.000000
123  -0.861920 0.097217 -3.658988  -0.000000 -0.000000 -0.000000
124  -0.861920 -0.048023 -3.936778  -0.000000 -0.000000 -0.000000
125  -0.861920 0.096813 -4.220030  -0.000000 -0.000000 -0.000000
126  -0.861839 0.049009 -4.549496  -0.000000 -0.000000 0.000000
127  -0.862203 -0.181353 -4.727591  -0.000568 0.008934 0.008929
128  -0.865933 -0.543243 -4.815329  -0.002212 0.031273 0.031204
129  0.018344 -0.713685 -5.609473  0.064463 -0.001783 -0.001902
130  0.000000 -0.000000 4.970242  -0.000000 -0.000000 0.000000
131  0.000000 0.000000 -2.491490  -0.000000 -0.000000 0.000000
time 33
0  0.000006 0.000000 0.000000  -1.570800 -1.391899 -1.570792
1  -4.264289 -0.706028 0.654504  -1.544956 -1.855077 -0.198630
2  6.027524 -0.000324 0.000190  -0.935113 -1.007666 -1.349961
3  11.692108 0.000645 -0.000738  -0.925348 -0.000016 -1.356673
4  11.480127 0.000329 -0.000782  1.184151 -0.592337 0.283164
5  3.859504 -0.142822 -1.192079  -0.776638 -0.061608 -1.579277
6  1.312590 0.000012 0.000008  -0.133330 -0.022631 -0.159473
7  0.729355 0.000053 0.000049  0.000011 0.000024 -0.486779
8  3.942141 0.046331 -0.431542  -0.676461 0.339625 -1.116093
9  1.539111 0.000085 0.000005  -0.021747 -0.084031 -0.720969
10  1.196333 0.000146 0.000027  0.007458 0.001457 -0.849778
11  3.883510 -0.047211 0.431351  -0.341939 0.543315 -0.623250
12  1.719575 -0.000027 0.000018  -0.043234 -0.102278 -0.735897
13  1.209179 0.000089 0.000011  -0.004830 -0.003862 -0.898841
14  3.859677 -0.138418 1.332380  -0.027249 0.655333 -0.061922
15  1.719450 -0.000019 0.000029  -0.047003 0.033250 -0.381732
16  1.099675 0.000048 0.000003  -0.003557 0.001912 -1.061225
17  0.722611 -0.801323 1.198804  -0.993087 -0.448196 -0.282035
18  1.789819 -0.000003 -0.000018  0.005781 0.046146 0.353612
19  1.207014 -0.000013 -0.000044  -0.006137 -0.000810 0.370363
20  5.740636 0.000387 -0.000701  -0.114688 0.000003 0.000063
21  11.481033 0.000243 -0.000809  -0.054128 -0.105922 0.021189
22  6.027525 -0.000330 0.000200  1.715723 -0.546204 1.517691
23  0.000001 11.692101 -0.000006  -0.943797 -0.398796 -0.753973
24  0.000004 0.000009 0.000001  -0.056254 -0.000031 1.570739
25  0.000000 -0.000011 0.000000  0.868960 0.000002 1.570712
26  -6.617934 -9.178503 0.826812  1.473120 1.855075 -0.198639
27  6.027514 -0.000259 -0.000222  1.510564 0.788370 -0.714667
28  11.691990 0.000162 0.000857  0.141449 0.000069 -1.790330
29  11.479766 -0.000618 0.000920  -1.143154 0.469927 0.910650
30  3.859438 -0.132758 1.193065  0.469647 -0.013262 -1.872395
31  1.312559 0.000026 -0.000001  0.024060 -0.138696 -0.550187
32  0.729346 0.000064 -0.000027  -0.166197 -0.081570 -0.714272
33  3.942046 0.050139 0.431000  0.225309 -0.086237 -1.592712
34  1.539097 0.000006 -0.000001  0.035254 -0.050373 -0.994350
35  1.196300 0.000078 -0.000004  -0.021521 0.002175 -0.839738
36  3.883415 -0.050472 -0.431084  0.184824 -0.271737 -1.204030
37  1.719564 -0.000084 -0.000004  0.022858 -0.107186 -1.509108
38  1.209197 0.000035 0.000011  0.000661 0.071072 -0.480462
39  3.859589 -0.149082 -1.331321  -0.119219 -0.140845 -0.471563
40  1.719413 -0.000099 -0.000037  -0.007972 -0.023824 -1.231103
41  1.099674 0.000022 0.000006  -0.003780 -0.008463 -0.656665
42  0.805983 -0.359848 -1.318338  0.991670 0.166767 -0.799527
43  1.789780 -0.000009 -0.000042  0.000058 -0.002451 0.133097
44  1.206996 -0.000007 0.000005  0.000372 -0.000071 1.058780
45  5.740572 0.000078 0.000720  0.170467 -0.000014 0.000028
46  11.480896 -0.000050 0.000928  0.047637 0.099862 0.145974
47  6.027515 -0.000273 -0.000230  -0.947372 -0.508422 -1.690465
48  -0.000002 11.691974 -0.000006  -1.199960 0.644013 0.907442
49  0.000003 -0.000001 0.000000  2.413977 -0.000036 1.570860
50  -0.000008 -0.000014 0.000004  2.272645 -0.000036 1.570861
51  -3.210717 -4.208202 -6.780682  -0.080567 -2.986853 1.373999
52  -0.000000 -0.000000 0.000000  0.008153 -0.000259 0.000009
53  0.000000 0.000000 0.000000  1.565115 0.043565 -0.106862
54  -0.323479 -15.301023 -5.336161  -0.822617 -0.137155 -1.842145
55  -0.000001 0.000000 -0.000000  0.000000 -0.000001 -0.000002
56  0.000029 0.000029 0.000001  -1.571901 -0.044449 -0.106509
57  9.873785 -14.853106 -23.773331  1.570796 -0.000000 0.000000
58  -15.417985 4.000748 -22.641926  1.570796 -0.000000 0.000000
59  0.658819 1.453195 -4.071830  1.570796 -0.000000 0.000000
60  -0.004311 0.001230 -0.000371  0.006898 -0.005534 -0.284229
61  0.826810 10.209643 -4.879054  1.570796 -0.000000 0.000000
62  0.000000 0.000000 0.000000  -0.078727 -3.136056 0.284226
63  0.000000 0.000000 0.000000  1.568148 0.000535 -0.000371
64  -2.307684 -8.188124 -1.838161  1.571118 0.016948 0.002514
65  0.042269 -2.588230 0.672585  -0.000000 0.000000 0.000000
66  0.048105 -1.112259 5.803834  -0.000000 0.000000 0.000000
67  0.048106 -0.032153 -1.710083  -0.000000 0.000000 0.000000
68  0.042353 -1.078447 21.234570  -0.000000 0.000000 0.000000
69  0.436542 -3.059779 3.935332  -0.000000 0.000000 0.000000
70  0.672328 -2.032812 2.042321  -0.000000 0.000000 0.000000
71  -0.729358 -1.331797 3.242017  -0.000000 0.000000 0.000000
72  0.194741 -1.447475 3.023560  -0.000000 0.000000 0.000000
73  -0.700892 0.650637 17.606174  -0.000000 0.000000 0.000000
74  0.042269 -2.357918 -0.445849  -0.000000 0.000000 0.000000
75  0.436542 -0.003270 1.776056  -0.000000 0.000000 0.000000
76  -2.362838 -12.893344 -5.936305  1.571118 0.016948 0.002514
77  0.157555 2.649698 -1.682826  -0.000000 0.000000 0.000000
78  -0.097393 2.508477 -1.682826  -0.000000 0.000000 0.000000
79  -2.285878 -17.046757 -1.865503  1.571118 0.016948 0.002514
80  -0.861921 -0.180712 3.135019  -0.000000 -0.000000 -0.000000
81  -0.861920 0.097230 3.003448  -0.000000 -0.000000 -0.000000
82  -0.861920 -0.180725 2.815477  -0.000000 -0.000000 -0.000000
83  -0.861921 0.097217 2.683908  -0.000000 -0.000000 -0.000000
84  -0.861921 -0.180726 2.495584  -0.000000 -0.000000 -0.000000
85  -0.861920 0.097216 2.364011  -0.000000 -0.000000 -0.000000
86  -0.861920 -0.180726 2.176040  -0.000000 -0.000000 -0.000000
87  -0.861920 0.097216 2.044467  -0.000000 -0.000000 -0.000000
88  -0.861921 -0.180727 1.861902  -0.000000 -0.000000 -0.000000
89  -0.861921 0.097215 1.730330  -0.000000 -0.000000 -0.000000
90  -0.861921 -0.180727 1.542358  -0.000000 -0.000000 -0.000000
91  -0.861921 0.097214 1.410790  -0.000000 -0.000000 -0.000000
92  -0.861921 -0.180722 1.222463  -0.000000 -0.000000 -0.000000
93  -0.861920 0.097220 1.090890  -0.000000 -0.000000 -0.000000
94  -0.861920 -0.180712 0.918799  -0.000000 -0.000000 -0.000000
95  -0.861921 0.097230 0.787232  -0.000000 -0.000000 -0.000000
96  -0.861921 -0.180725 0.599257  -0.000000 -0.000000 -0.000000
97  -0.861920 0.097217 0.467688  -0.000000 -0.000000 -0.000000
98  -0.861921 -0.180725 0.279366  -0.000000 -0.000000 -0.000000
99  -0.861921 0.097216 0.147793  -0.000000 -0.000000 -0.000000
100  -0.861921 -0.180726 -0.040180  -0.000000 -0.000000 -0.000000
101  -0.861921 0.097216 -0.171751  -0.000000 -0.000000 -0.000000
102  -0.861920 -0.180727 -0.354316  -0.000000 -0.000000 -0.000000
103  -0.861921 0.097215 -0.485886  -0.000000 -0.000000 -0.000000
104  -0.861921 -0.180727 -0.673862  -0.000000 -0.000000 -0.000000
105  -0.861921 0.097214 -0.805431  -0.000000 -0.000000 -0.000000
106  -0.861920 -0.180722 -0.993755  -0.000000 -0.000000 -0.000000
107  -0.861921 0.097220 -1.125328  -0.000000 -0.000000 -0.000000
108  -0.861921 -0.180726 -1.295307  -0.000000 -0.000000 -0.000000
109  -0.861920 0.097216 -1.426880  -0.000000 -0.000000 -0.000000
110  -0.861920 -0.180726 -1.614850  -0.000000 -0.000000 -0.000000
111  -0.861920 0.097216 -1.746424  -0.000000 -0.000000 -0.000000
112  -0.861921 -0.180727 -1.928990  -0.000000 -0.000000 -0.000000
113  -0.861921 0.097215 -2.060559  -0.000000 -0.000000 -0.000000
114  -0.861921 -0.180728 -2.248533  -0.000000 -0.000000 -0.000000
115  -0.861921 0.097214 -2.380103  -0.000000 -0.000000 -0.000000
116  -0.861921 -0.180722 -2.568428  -0.000000 -0.000000 -0.000000
117  -0.861920 0.097220 -2.700001  -0.000000 -0.000000 -0.000000
118  -0.861920 -0.180725 -2.887969  -0.000000 -0.000000 -0.000000
119  -0.861920 0.097216 -3.019542  -0.000000 -0.000000 -0.000000
120  -0.861921 -0.180725 -3.207870  -0.000000 -0.000000 -0.000000
121  -0.861921 0.097229 -3.339443  -0.000000 -0.000000 -0.000000
122  -0.861921 -0.180737 -3.527412  -0.000000 -0.000000 -0.000000
123  -0.861920 0.097216 -3.658985  -0.000000 -0.000000 -0.000000
124  -0.861921 -0.048023 -3.936775  -0.000000 -0.000000 -0.000000
125  -0.861921 0.096813 -4.220028  -0.000000 -0.000000 -0.000000
126  -0.861839 0.049009 -4.549493  -0.000000 -0.000000 0.000000
127  -0.862203 -0.181353 -4.727589  -0.000568 0.008934 0.008929
128  -0.865934 -0.543243 -4.815327  -0.002212 0.031273 0.031204
129  0.018344 -0.713685 -5.609470  0.064463 -0.001783 -0.001902
130  -0.000000 -0.000000 4.970246  -0.000000 0.000000 0.000000
131  -0.000000 -0.000000 -2.491491  -0.000000 0.000000 0.000000
time 34
0  0.000006 0.000000 0.000000  -1.570800 -1.391899 -1.570792
1  -4.264289 -0.706028 0.654504  -1.544956 -1.855077 -0.198630
2  6.027524 -0.000324 0.000190  -0.932105 -1.010720 -1.353930
3  11.692110 0.000644 -0.000738  -0.925347 -0.000016 -1.349076
4  11.480178 0.000347 -0.000761  1.182890 -0.588453 0.274699
5  3.859501 -0.142823 -1.192079  -0.776638 -0.061608 -1.579277
6  1.312590 0.000010 0.000008  -0.133329 -0.022631 -0.159473
7  0.729356 0.000053 0.000047  0.000011 0.000024 -0.486779
8  3.942140 0.046332 -0.431543  -0.676461 0.339625 -1.116093
9  1.539110 0.000086 0.000007  -0.021747 -0.084031 -0.720969
10  1.196332 0.000145 0.000030  0.007458 0.001457 -0.849777
11  3.883509 -0.047211 0.431351  -0.341939 0.543315 -0.623250
12  1.719573 -0.000028 0.000015  -0.043234 -0.102278 -0.735897
13  1.209179 0.000089 0.000012  -0.004830 -0.003862 -0.898841
14  3.859676 -0.138418 1.332380  -0.027249 0.655333 -0.061922
15  1.719449 -0.000019 0.000029  -0.047003 0.033250 -0.381732
16  1.099675 0.000051 0.000006  -0.003557 0.001912 -1.061225
17  0.722611 -0.801323 1.198803  -0.993087 -0.448196 -0.282036
18  1.789819 -0.000004 -0.000018  0.005781 0.046146 0.353612
19  1.207014 -0.000014 -0.000043  -0.006137 -0.000810 0.370363
20  5.740636 0.000388 -0.000699  -0.114977 0.000003 0.000063
21  11.481043 0.000246 -0.000804  -0.054883 -0.104988 0.019631
22  6.027525 -0.000330 0.000200  1.712959 -0.543692 1.517702
23  0.000001 11.692101 -0.000007  -0.939205 -0.394831 -0.750843
24  0.000002 0.000008 -0.000000  -0.056254 -0.000031 1.570738
25  0.000000 -0.000011 0.000000  0.868960 0.000002 1.570712
26  -6.617934 -9.178503 0.826812  1.473120 1.855075 -0.198639
27  6.027514 -0.000259 -0.000222  1.513095 0.789303 -0.713589
28  11.691991 0.000161 0.000858  0.141449 0.000069 -1.784238
29  11.479822 -0.000584 0.000915  -1.152482 0.468232 0.900153
30  3.859437 -0.132758 1.193065  0.469647 -0.013262 -1.872395
31  1.312559 0.000026 -0.000002  0.024060 -0.138696 -0.550187
32  0.729346 0.000064 -0.000027  -0.166197 -0.081570 -0.714272
33  3.942046 0.050139 0.431000  0.225309 -0.086237 -1.592712
34  1.539097 0.000006 -0.000001  0.035254 -0.050373 -0.994350
35  1.196300 0.000078 -0.000004  -0.021521 0.002175 -0.839738
36  3.883414 -0.050473 -0.431084  0.184824 -0.271737 -1.204030
37  1.719564 -0.000085 -0.000005  0.022858 -0.107186 -1.509108
38  1.209198 0.000035 0.000011  0.000661 0.071072 -0.480462
39  3.859588 -0.149082 -1.331321  -0.119219 -0.140845 -0.471563
40  1.719412 -0.000098 -0.000036  -0.007972 -0.023824 -1.231103
41  1.099674 0.000023 0.000007  -0.003780 -0.008463 -0.656665
42  0.805983 -0.359848 -1.318338  0.991670 0.166767 -0.799527
43  1.789780 -0.000008 -0.000043  0.000058 -0.002451 0.133097
44  1.206996 -0.000006 0.000005  0.000372 -0.000071 1.058780
45  5.740574 0.000079 0.000721  0.167367 -0.000014 0.000028
46  11.480908 -0.000043 0.000928  0.046508 0.098627 0.144559
47  6.027515 -0.000273 -0.000230  -0.947115 -0.506422 -1.691308
48  -0.000001 11.691973 -0.000006  -1.196378 0.640350 0.905655
49  0.000003 0.000001 0.000000  2.413977 -0.000036 1.570860
50  -0.000007 -0.000012 0.000004  2.272645 -0.000036 1.570861
51  -3.243591 -4.267463 -6.790801  -0.086687 -2.982615 1.375612
52  -0.000000 0.000000 0.000000  0.008153 -0.000259 0.000009
53  -0.000000 0.000000 -0.000000  1.565115 0.043565 -0.106862
54  -0.339271 -15.354060 -5.332799  -0.828384 -0.141831 -1.840687
55  0.000001 -0.000000 0.000000  0.000000 -0.000001 -0.000002
56  0.000031 0.000029 0.000001  -1.571901 -0.044449 -0.106509
57  9.873785 -14.853106 -23.773331  1.570796 -0.000000 0.000000
58  -15.417985 4.000748 -22.641926  1.570796 -0.000000 0.000000
59  0.658819 1.453195 -4.071830  1.570796 -0.000000 0.000000
60  -0.004311 0.001230 -0.000371  0.006898 -0.005534 -0.284229
61  0.826810 10.209643 -4.879054  1.570796 -0.000000 0.000000
62  0.000000 0.000000 0.000000  -0.078727 -3.136056 0.284226
63  0.000000 0.000000 0.000000  1.568562 -0.000370 -0.000312
64  -2.304549 -8.232046 -1.842667  1.568158 0.023711 0.003110
65  0.042269 -2.588230 0.672585  0.000000 -0.000000 0.000000
66  0.048105 -1.112260 5.803836  0.000000 -0.000000 0.000000
67  0.048106 -0.032154 -1.710083  0.000000 -0.000000 0.000000
68  0.042353 -1.078447 21.234573  0.000000 -0.000000 0.000000
69  0.436542 -3.059780 3.935333  0.000000 -0.000000 0.000000
70  0.672328 -2.032813 2.042324  0.000000 -0.000000 0.000000
71  -0.729358 -1.331797 3.242018  0.000000 -0.000000 0.000000
72  0.194741 -1.447476 3.023561  0.000000 -0.000000 0.000000
73  -0.700892 0.650637 17.606176  0.000000 -0.000000 0.000000
74  0.042269 -2.357918 -0.445848  0.000000 -0.000000 0.000000
75  0.436542 -0.003270 1.776057  0.000000 -0.000000 0.000000
76  -2.384241 -12.949500 -5.926319  1.568158 0.023711 0.003110
77  0.157555 2.649698 -1.682827  0.000000 -0.000000 0.000000
78  -0.097393 2.508476 -1.682828  0.000000 -0.000000 0.000000
79  -2.277024 -17.090708 -1.843784  1.568158 0.023711 0.003110
80  -0.861920 -0.180712 3.135020  0.000000 -0.000000 -0.000000
81  -0.861920 0.097230 3.003451  0.000000 -0.000000 -0.000000
82  -0.861920 -0.180725 2.815480  0.000000 -0.000000 -0.000000
83  -0.861920 0.097217 2.683909  0.000000 -0.000000 -0.000000
84  -0.861920 -0.180725 2.495586  0.000000 -0.000000 -0.000000
85  -0.861920 0.097216 2.364013  0.000000 -0.000000 -0.000000
86  -0.861920 -0.180726 2.176040  0.000000 -0.000000 -0.000000
87  -0.861920 0.097216 2.044470  0.000000 -0.000000 -0.000000
88  -0.861920 -0.180727 1.861904  0.000000 -0.000000 -0.000000
89  -0.861920 0.097215 1.730332  0.000000 -0.000000 -0.000000
90  -0.861920 -0.180727 1.542359  0.000000 -0.000000 -0.000000
91  -0.861920 0.097215 1.410792  0.000000 -0.000000 -0.000000
92  -0.861920 -0.180722 1.222466  0.000000 -0.000000 -0.000000
93  -0.861920 0.097220 1.090891  0.000000 -0.000000 -0.000000
94  -0.861920 -0.180712 0.918801  0.000000 -0.000000 -0.000000
95  -0.861920 0.097230 0.787233  0.000000 -0.000000 -0.000000
96  -0.861920 -0.180725 0.599258  0.000000 -0.000000 -0.000000
97  -0.861920 0.097217 0.467691  0.000000 -0.000000 -0.000000
98  -0.861920 -0.180726 0.279367  0.000000 -0.000000 -0.000000
99  -0.861920 0.097216 0.147793  0.000000 -0.000000 -0.000000
100  -0.861920 -0.180726 -0.040178  0.000000 -0.000000 -0.000000
101  -0.861920 0.097216 -0.171749  0.000000 -0.000000 -0.000000
102  -0.861920 -0.180727 -0.354314  0.000000 -0.000000 -0.000000
103  -0.861920 0.097215 -0.485885  0.000000 -0.000000 -0.000000
104  -0.861920 -0.180727 -0.673860  0.000000 -0.000000 -0.000000
105  -0.861920 0.097214 -0.805429  0.000000 -0.000000 -0.000000
106  -0.861920 -0.180722 -0.993754  0.000000 -0.000000 -0.000000
107  -0.861920 0.097220 -1.125327  0.000000 -0.000000 -0.000000
108  -0.861920 -0.180726 -1.295306  0.000000 -0.000000 -0.000000
109  -0.861920 0.097216 -1.426878  0.000000 -0.000000 -0.000000
110  -0.861920 -0.180726 -1.614850  0.000000 -0.000000 -0.000000
111  -0.861920 0.097215 -1.746422  0.000000 -0.000000 -0.000000
112  -0.861920 -0.180727 -1.928989  0.000000 -0.000000 -0.000000
113  -0.861920 0.097215 -2.060557  0.000000 -0.000000 -0.000000
114  -0.861920 -0.180727 -2.248533  0.000000 -0.000000 -0.000000
115  -0.861920 0.097214 -2.380101  0.000000 -0.000000 -0.000000
116  -0.861920 -0.180722 -2.568427  0.000000 -0.000000 -0.000000
117  -0.861920 0.097220 -2.700000  0.000000 -0.000000 -0.000000
118  -0.861920 -0.180725 -2.887969  0.000000 -0.000000 -0.000000
119  -0.861920 0.097216 -3.019542  0.000000 -0.000000 -0.000000
120  -0.861920 -0.180724 -3.207869  0.000000 -0.000000 -0.000000
121  -0.861920 0.097229 -3.339442  0.000000 -0.000000 -0.000000
122  -0.861920 -0.180737 -3.527411  0.000000 -0.000000 -0.000000
123  -0.861920 0.097217 -3.658983  0.000000 -0.000000 -0.000000
124  -0.861920 -0.048023 -3.936774  0.000000 -0.000000 -0.000000
125  -0.861920 0.096813 -4.220026  0.000000 -0.000000 -0.000000
126  -0.861839 0.049009 -4.549494  0.000000 -0.000000 0.000000
127  -0.862202 -0.181353 -4.727588  -0.000568 0.008934 0.008929
128  -0.865933 -0.543243 -4.815326  -0.002212 0.031273 0.031204
129  0.018344 -0.713685 -5.609470  0.064463 -0.001783 -0.001902
130  0.000000 -0.000000 4.970247  0.000000 -0.000000 0.000000
131  0.000000 -0.000000 -2.491494  0.000000 -0.000000 0.000000
time 35
0  0.000006 0.000000 0.000000  -1.570800 -1.391899 -1.570792
1  -4.264289 -0.706028 0.654504  -1.544956 -1.855077 -0.198630
2  6.027524 -0.000324 0.000190  -0.930669 -1.010387 -1.354330
3  11.692108 0.000644 -0.000738  -0.925347 -0.000016 -1.346984
4  11.480193 0.000352 -0.000753  1.177248 -0.589073 0.269337
5  3.859501 -0.142823 -1.192080  -0.776638 -0.061608 -1.579277
6  1.312591 0.000010 0.000008  -0.133330 -0.022631 -0.159473
7  0.729355 0.000054 0.000048  0.000011 0.000024 -0.486779
8  3.942141 0.046332 -0.431543  -0.676460 0.339625 -1.116093
9  1.539111 0.000083 0.000006  -0.021747 -0.084031 -0.720969
10  1.196334 0.000145 0.000027  0.007458 0.001457 -0.849778
11  3.883510 -0.047212 0.431350  -0.341939 0.543316 -0.623251
12  1.719574 -0.000027 0.000018  -0.043234 -0.102278 -0.735897
13  1.209179 0.000089 0.000013  -0.004830 -0.003862 -0.898841
14  3.859675 -0.138418 1.332379  -0.027249 0.655333 -0.061922
15  1.719448 -0.000019 0.000028  -0.047003 0.033250 -0.381732
16  1.099676 0.000048 0.000006  -0.003557 0.001913 -1.061225
17  0.722611 -0.801323 1.198803  -0.993087 -0.448196 -0.282035
18  1.789819 -0.000003 -0.000018  0.005781 0.046146 0.353612
19  1.207015 -0.000013 -0.000044  -0.006137 -0.000810 0.370363
20  5.740637 0.000390 -0.000698  -0.116443 0.000003 0.000063
21  11.481046 0.000249 -0.000802  -0.056127 -0.105104 0.018230
22  6.027525 -0.000330 0.000200  1.712202 -0.544216 1.518909
23  0.000000 11.692101 -0.000007  -0.937939 -0.393742 -0.749979
24  0.000004 0.000008 -0.000002  -0.056254 -0.000031 1.570739
25  0.000000 -0.000011 -0.000000  0.868960 0.000002 1.570712
26  -6.617934 -9.178503 0.826812  1.473120 1.855075 -0.198639
27  6.027514 -0.000259 -0.000222  1.516527 0.788680 -0.712021
28  11.691991 0.000162 0.000856  0.141449 0.000069 -1.783068
29  11.479831 -0.000579 0.000913  -1.162145 0.463693 0.895975
30  3.859437 -0.132759 1.193065  0.469647 -0.013262 -1.872395
31  1.312559 0.000026 -0.000002  0.024060 -0.138696 -0.550187
32  0.729346 0.000064 -0.000029  -0.166197 -0.081570 -0.714272
33  3.942046 0.050139 0.431001  0.225309 -0.086237 -1.592712
34  1.539097 0.000005 -0.000001  0.035254 -0.050373 -0.994350
35  1.196300 0.000078 -0.000004  -0.021521 0.002175 -0.839738
36  3.883414 -0.050473 -0.431084  0.184824 -0.271737 -1.204030
37  1.719564 -0.000085 -0.000004  0.022859 -0.107186 -1.509108
38  1.209197 0.000034 0.000011  0.000661 0.071072 -0.480462
39  3.859589 -0.149082 -1.331320  -0.119219 -0.140845 -0.471563
40  1.719412 -0.000098 -0.000036  -0.007972 -0.023824 -1.231103
41  1.099674 0.000022 0.000007  -0.003780 -0.008463 -0.656665
42  0.805984 -0.359848 -1.318337  0.991670 0.166767 -0.799527
43  1.789780 -0.000009 -0.000042  0.000058 -0.002451 0.133097
44  1.206996 -0.000006 0.000006  0.000372 -0.000071 1.058780
45  5.740574 0.000079 0.000720  0.165208 -0.000014 0.000028
46  11.480911 -0.000042 0.000927  0.045332 0.097014 0.144521
47  6.027515 -0.000273 -0.000230  -0.944983 -0.504762 -1.693208
48  -0.000001 11.691973 -0.000005  -1.195691 0.639647 0.905310
49  0.000002 -0.000001 0.000001  2.413977 -0.000036 1.570860
50  -0.000007 -0.000014 0.000004  2.272645 -0.000036 1.570861
51  -3.281995 -4.282678 -6.785479  -0.094850 -2.981789 1.378274
52  -0.000000 0.000000 -0.000001  0.008153 -0.000259 0.000009
53  0.000000 -0.000000 0.000000  1.565115 0.043565 -0.106862
54  -0.350888 -15.366356 -5.359240  -0.836442 -0.143257 -1.838175
55  0.000001 -0.000001 0.000000  0.000000 -0.000001 -0.000002
56  0.000031 0.000029 0.000001  -1.571901 -0.044449 -0.106509
57  9.873785 -14.853106 -23.773331  1.570796 -0.000000 0.000000
58  -15.417985 4.000748 -22.641926  1.570796 -0.000000 0.000000
59  0.658819 1.453195 -4.071830  1.570796 -0.000000 0.000000
60  -0.004311 0.001230 -0.000371  0.006898 -0.005534 -0.284229
61  0.826810 10.209643 -4.879054  1.570796 -0.000000 0.000000
62  0.000000 0.000000 0.000000  -0.078727 -3.136056 0.284226
63  0.000000 0.000000 0.000000  1.569472 -0.000274 -0.000185
64  -2.297654 -8.249615 -1.848046  1.568930 0.031776 0.004498
65  0.042269 -2.588230 0.672586  0.000000 0.000000 0.000000
66  0.048105 -1.112260 5.803837  0.000000 0.000000 0.000000
67  0.048106 -0.032154 -1.710082  0.000000 0.000000 0.000000
68  0.042353 -1.078447 21.234573  0.000000 0.000000 0.000000
69  0.436542 -3.059779 3.935334  0.000000 0.000000 0.000000
70  0.672328 -2.032813 2.042324  0.000000 0.000000 0.000000
71  -0.729358 -1.331797 3.242019  0.000000 0.000000 0.000000
72  0.194740 -1.447476 3.023562  0.000000 0.000000 0.000000
73  -0.700892 0.650637 17.606178  0.000000 0.000000 0.000000
74  0.042269 -2.357918 -0.445847  0.000000 0.000000 0.000000
75  0.436542 -0.003270 1.776059  0.000000 0.000000 0.000000
76  -2.403857 -12.964163 -5.934445  1.568930 0.031776 0.004498
77  0.157556 2.649698 -1.682825  0.000000 0.000000 0.000000
78  -0.097392 2.508477 -1.682827  0.000000 0.000000 0.000000
79  -2.258057 -17.108227 -1.856005  1.568930 0.031776 0.004498
80  -0.861920 -0.180712 3.135018  0.000000 -0.000000 -0.000000
81  -0.861921 0.097230 3.003447  0.000000 -0.000000 -0.000000
82  -0.861920 -0.180725 2.815478  0.000000 -0.000000 -0.000000
83  -0.861921 0.097217 2.683907  0.000000 -0.000000 -0.000000
84  -0.861921 -0.180725 2.495583  0.000000 -0.000000 -0.000000
85  -0.861920 0.097216 2.364010  0.000000 -0.000000 -0.000000
86  -0.861920 -0.180726 2.176039  0.000000 -0.000000 -0.000000
87  -0.861920 0.097216 2.044466  0.000000 -0.000000 -0.000000
88  -0.861920 -0.180727 1.861901  0.000000 -0.000000 -0.000000
89  -0.861920 0.097215 1.730330  0.000000 -0.000000 -0.000000
90  -0.861920 -0.180727 1.542357  0.000000 -0.000000 -0.000000
91  -0.861921 0.097214 1.410788  0.000000 -0.000000 -0.000000
92  -0.861921 -0.180721 1.222462  0.000000 -0.000000 -0.000000
93  -0.861920 0.097220 1.090889  0.000000 -0.000000 -0.000000
94  -0.861920 -0.180712 0.918799  0.000000 -0.000000 -0.000000
95  -0.861921 0.097230 0.787230  0.000000 -0.000000 -0.000000
96  -0.861920 -0.180725 0.599257  0.000000 -0.000000 -0.000000
97  -0.861921 0.097217 0.467688  0.000000 -0.000000 -0.000000
98  -0.861921 -0.180725 0.279364  0.000000 -0.000000 -0.000000
99  -0.861920 0.097216 0.147791  0.000000 -0.000000 -0.000000
100  -0.861920 -0.180726 -0.040180  0.000000 -0.000000 -0.000000
101  -0.861920 0.097216 -0.171753  0.000000 -0.000000 -0.000000
102  -0.861920 -0.180726 -0.354319  0.000000 -0.000000 -0.000000
103  -0.861920 0.097215 -0.485888  0.000000 -0.000000 -0.000000
104  -0.861920 -0.180727 -0.673863  0.000000 -0.000000 -0.000000
105  -0.861921 0.097214 -0.805433  0.000000 -0.000000 -0.000000
106  -0.861921 -0.180721 -0.993758  0.000000 -0.000000 -0.000000
107  -0.861920 0.097220 -1.125329  0.000000 -0.000000 -0.000000
108  -0.861920 -0.180725 -1.295309  0.000000 -0.000000 -0.000000
109  -0.861920 0.097216 -1.426881  0.000000 -0.000000 -0.000000
110  -0.861920 -0.180726 -1.614853  0.000000 -0.000000 -0.000000
111  -0.861921 0.097216 -1.746425  0.000000 -0.000000 -0.000000
112  -0.861921 -0.180727 -1.928991  0.000000 -0.000000 -0.000000
113  -0.861921 0.097215 -2.060559  0.000000 -0.000000 -0.000000
114  -0.861920 -0.180727 -2.248535  0.000000 -0.000000 -0.000000
115  -0.861921 0.097214 -2.380103  0.000000 -0.000000 -0.000000
116  -0.861921 -0.180721 -2.568429  0.000000 -0.000000 -0.000000
117  -0.861920 0.097220 -2.700002  0.000000 -0.000000 -0.000000
118  -0.861920 -0.180725 -2.887970  0.000000 -0.000000 -0.000000
119  -0.861920 0.097216 -3.019544  0.000000 -0.000000 -0.000000
120  -0.861920 -0.180724 -3.207871  0.000000 -0.000000 -0.000000
121  -0.861921 0.097229 -3.339445  0.000000 -0.000000 -0.000000
122  -0.861920 -0.180737 -3.527413  0.000000 -0.000000 -0.000000
123  -0.861921 0.097217 -3.658987  0.000000 -0.000000 -0.000000
124  -0.861921 -0.048023 -3.936776  0.000000 -0.000000 -0.000000
125  -0.861920 0.096813 -4.220028  0.000000 -0.000000 -0.000000
126  -0.861839 0.049009 -4.549494  0.000000 -0.000000 0.000000
127  -0.862203 -0.181353 -4.727590  -0.000568 0.008934 0.008929
128  -0.865933 -0.543243 -4.815328  -0.002212 0.031273 0.031204
129  0.018344 -0.713685 -5.609472  0.064463 -0.001783 -0.001902
130  -0.000000 -0.000000 4.970243  0.000000 0.000000 0.000000
131  0.000000 0.000000 -2.491491  0.000000 0.000000 0.000000
time 36
0  0.000006 0.000000 0.000000  -1.570800 -1.391899 -1.570792
1  -4.264289 -0.706028 0.654504  -1.544956 -1.855077 -0.198630
2  6.027524 -0.000324 0.000190  -0.930176 -1.008973 -1.353375
3  11.692109 0.000646 -0.000737  -0.925347 -0.000016 -1.347648
4  11.480185 0.000350 -0.000753  1.171665 -0.591215 0.266035
5  3.859503 -0.142823 -1.192080  -0.776638 -0.061608 -1.579277
6  1.312590 0.000010 0.000008  -0.133329 -0.022631 -0.159473
7  0.729356 0.000055 0.000049  0.000011 0.000024 -0.486779
8  3.942142 0.046332 -0.431543  -0.676460 0.339625 -1.116093
9  1.539111 0.000083 0.000005  -0.021747 -0.084031 -0.720969
10  1.196332 0.000145 0.000028  0.007458 0.001458 -0.849778
11  3.883512 -0.047211 0.431351  -0.341939 0.543315 -0.623250
12  1.719573 -0.000027 0.000017  -0.043234 -0.102278 -0.735897
13  1.209179 0.000087 0.000011  -0.004830 -0.003862 -0.898841
14  3.859677 -0.138418 1.332379  -0.027249 0.655333 -0.061922
15  1.719450 -0.000020 0.000029  -0.047003 0.033250 -0.381732
16  1.099675 0.000049 0.000007  -0.003557 0.001912 -1.061225
17  0.722613 -0.801323 1.198803  -0.993087 -0.448196 -0.282035
18  1.789818 -0.000003 -0.000018  0.005781 0.046146 0.353612
19  1.207014 -0.000013 -0.000044  -0.006137 -0.000810 0.370363
20  5.740635 0.000389 -0.000699  -0.117998 0.000003 0.000063
21  11.481045 0.000249 -0.000801  -0.057211 -0.105563 0.017169
22  6.027525 -0.000330 0.000200  1.712345 -0.545649 1.520207
23  0.000001 11.692100 -0.000006  -0.938340 -0.394087 -0.750253
24  0.000003 0.000009 0.000001  -0.056254 -0.000031 1.570739
25  -0.000000 -0.000011 0.000000  0.868960 0.000002 1.570712
26  -6.617934 -9.178503 0.826812  1.473120 1.855075 -0.198639
27  6.027514 -0.000259 -0.000222  1.519410 0.787450 -0.710672
28  11.691990 0.000162 0.000857  0.141449 0.000069 -1.784081
29  11.479822 -0.000583 0.000915  -1.169896 0.459452 0.894454
30  3.859438 -0.132759 1.193066  0.469647 -0.013262 -1.872395
31  1.312559 0.000025 -0.000001  0.024060 -0.138696 -0.550187
32  0.729346 0.000063 -0.000027  -0.166197 -0.081570 -0.714272
33  3.942047 0.050138 0.431000  0.225309 -0.086237 -1.592712
34  1.539096 0.000004 -0.000002  0.035254 -0.050373 -0.994350
35  1.196300 0.000077 -0.000003  -0.021521 0.002175 -0.839738
36  3.883415 -0.050473 -0.431084  0.184824 -0.271737 -1.204030
37  1.719564 -0.000085 -0.000004  0.022858 -0.107186 -1.509108
38  1.209197 0.000036 0.000011  0.000661 0.071072 -0.480462
39  3.859589 -0.149082 -1.331321  -0.119219 -0.140845 -0.471563
40  1.719413 -0.000098 -0.000037  -0.007972 -0.023824 -1.231103
41  1.099673 0.000024 0.000008  -0.003780 -0.008463 -0.656665
42  0.805984 -0.359848 -1.318338  0.991670 0.166767 -0.799527
43  1.789780 -0.000008 -0.000042  0.000058 -0.002451 0.133097
44  1.206997 -0.000007 0.000006  0.000372 -0.000071 1.058780
45  5.740572 0.000079 0.000720  0.163799 -0.000014 0.000028
46  11.480908 -0.000043 0.000928  0.044370 0.095655 0.144868
47  6.027515 -0.000273 -0.000230  -0.942526 -0.503752 -1.695090
48  -0.000000 11.691975 -0.000006  -1.196286 0.640255 0.905608
49  0.000003 -0.000001 0.000000  2.413977 -0.000036 1.570860
50  -0.000007 -0.000012 0.000004  2.272645 -0.000036 1.570861
51  -3.313829 -4.277251 -6.777732  -0.101838 -2.981856 1.380744
52  -0.000000 -0.000000 -0.000001  0.008153 -0.000259 0.000009
53  0.000000 -0.000000 0.000000  1.565115 0.043565 -0.106862
54  -0.358149 -15.358872 -5.386657  -0.843398 -0.143707 -1.835823
55  0.000001 -0.000000 -0.000000  0.000000 -0.000001 -0.000002
56  0.000031 0.000029 0.000001  -1.571902 -0.044449 -0.106509
57  9.873785 -14.853106 -23.773331  1.570796 -0.000000 0.000000
58  -15.417985 4.000748 -22.641926  1.570796 -0.000000 0.000000
59  0.658819 1.453195 -4.071830  1.570796 -0.000000 0.000000
60  -0.004311 0.001230 -0.000371  0.006898 -0.005534 -0.284229
61  0.826810 10.209643 -4.879054  1.570796 -0.000000 0.000000
62  0.000000 0.000000 0.000000  -0.078727 -3.136056 0.284226
63  0.000000 0.000000 0.000000  1.570382 -0.000096 -0.000058
64  -2.290758 -8.249615 -1.852552  1.570344 0.038529 0.005906
65  0.042269 -2.588230 0.672586  0.000000 -0.000000 0.000000
66  0.048105 -1.112260 5.803836  0.000000 -0.000000 0.000000
67  0.048105 -0.032154 -1.710083  0.000000 -0.000000 0.000000
68  0.042353 -1.078447 21.234573  0.000000 -0.000000 0.000000
69  0.436542 -3.059779 3.935333  0.000000 -0.000000 0.000000
70  0.672328 -2.032812 2.042323  0.000000 -0.000000 0.000000
71  -0.729358 -1.331797 3.242018  0.000000 -0.000000 0.000000
72  0.194740 -1.447476 3.023561  0.000000 -0.000000 0.000000
73  -0.700892 0.650637 17.606178  0.000000 -0.000000 0.000000
74  0.042269 -2.357918 -0.445848  0.000000 -0.000000 0.000000
75  0.436542 -0.003270 1.776058  0.000000 -0.000000 0.000000
76  -2.418210 -12.958691 -5.944651  1.570344 0.038529 0.005906
77  0.157555 2.649698 -1.682825  0.000000 -0.000000 0.000000
78  -0.097393 2.508477 -1.682827  0.000000 -0.000000 0.000000
79  -2.239228 -17.108147 -1.873019  1.570344 0.038529 0.005906
80  -0.861920 -0.180712 3.135018  0.000000 -0.000000 -0.000000
81  -0.861920 0.097230 3.003447  0.000000 -0.000000 -0.000000
82  -0.861921 -0.180724 2.815478  0.000000 -0.000000 -0.000000
83  -0.861920 0.097217 2.683907  0.000000 -0.000000 -0.000000
84  -0.861920 -0.180725 2.495584  0.000000 -0.000000 -0.000000
85  -0.861920 0.097217 2.364010  0.000000 -0.000000 -0.000000
86  -0.861920 -0.180726 2.176040  0.000000 -0.000000 -0.000000
87  -0.861920 0.097216 2.044467  0.000000 -0.000000 -0.000000
88  -0.861920 -0.180727 1.861902  0.000000 -0.000000 -0.000000
89  -0.861920 0.097215 1.730331  0.000000 -0.000000 -0.000000
90  -0.861920 -0.180727 1.542358  0.000000 -0.000000 -0.000000
91  -0.861920 0.097215 1.410789  0.000000 -0.000000 -0.000000
92  -0.861921 -0.180721 1.222464  0.000000 -0.000000 -0.000000
93  -0.861920 0.097220 1.090890  0.000000 -0.000000 -0.000000
94  -0.861920 -0.180712 0.918801  0.000000 -0.000000 -0.000000
95  -0.861920 0.097230 0.787232  0.000000 -0.000000 -0.000000
96  -0.861921 -0.180724 0.599257  0.000000 -0.000000 -0.000000
97  -0.861920 0.097217 0.467690  0.000000 -0.000000 -0.000000
98  -0.861920 -0.180725 0.279365  0.000000 -0.000000 -0.000000
99  -0.861921 0.097216 0.147793  0.000000 -0.000000 -0.000000
100  -0.861920 -0.180725 -0.040179  0.000000 -0.000000 -0.000000
101  -0.861921 0.097216 -0.171750  0.000000 -0.000000 -0.000000
102  -0.861920 -0.180727 -0.354319  0.000000 -0.000000 -0.000000
103  -0.861921 0.097215 -0.485886  0.000000 -0.000000 -0.000000
104  -0.861920 -0.180727 -0.673863  0.000000 -0.000000 -0.000000
105  -0.861921 0.097215 -0.805432  0.000000 -0.000000 -0.000000
106  -0.861920 -0.180721 -0.993757  0.000000 -0.000000 -0.000000
107  -0.861920 0.097220 -1.125329  0.000000 -0.000000 -0.000000
108  -0.861920 -0.180725 -1.295307  0.000000 -0.000000 -0.000000
109  -0.861920 0.097216 -1.426881  0.000000 -0.000000 -0.000000
110  -0.861920 -0.180726 -1.614851  0.000000 -0.000000 -0.000000
111  -0.861920 0.097216 -1.746424  0.000000 -0.000000 -0.000000
112  -0.861920 -0.180726 -1.928989  0.000000 -0.000000 -0.000000
113  -0.861921 0.097215 -2.060559  0.000000 -0.000000 -0.000000
114  -0.861920 -0.180727 -2.248533  0.000000 -0.000000 -0.000000
115  -0.861920 0.097215 -2.380102  0.000000 -0.000000 -0.000000
116  -0.861920 -0.180721 -2.568427  0.000000 -0.000000 -0.000000
117  -0.861920 0.097220 -2.700001  0.000000 -0.000000 -0.000000
118  -0.861920 -0.180725 -2.887969  0.000000 -0.000000 -0.000000
119  -0.861921 0.097216 -3.019543  0.000000 -0.000000 -0.000000
120  -0.861920 -0.180724 -3.207870  0.000000 -0.000000 -0.000000
121  -0.861921 0.097230 -3.339444  0.000000 -0.000000 -0.000000
122  -0.861920 -0.180737 -3.527412  0.000000 -0.000000 -0.000000
123  -0.861921 0.097217 -3.658985  0.000000 -0.000000 -0.000000
124  -0.861920 -0.048023 -3.936775  0.000000 -0.000000 -0.000000
125  -0.861921 0.096813 -4.220027  0.000000 -0.000000 -0.000000
126  -0.861839 0.049009 -4.549494  0.000000 -0.000000 0.000000
127  -0.862203 -0.181353 -4.727588  -0.000568 0.008934 0.008929
128  -0.865934 -0.543242 -4.815326  -0.002212 0.031273 0.031204
129  0.018344 -0.713685 -5.609469  0.064463 -0.001784 -0.001902
130  -0.000000 0.000000 4.970245  0.000000 -0.000000 0.000000
131  -0.000000 -0.000000 -2.491490  0.000000 -0.000000 0.000000
time 37
0  0.000006 0.000000 0.000000  -1.570800 -1.391899 -1.570792
1  -4.264289 -0.706028 0.654504  -1.544956 -1.855077 -0.198630
2  6.027524 -0.000324 0.000190  -0.930052 -1.008283 -1.352853
3  11.692110 0.000647 -0.000739  -0.925347 -0.000016 -1.348040
4  11.480184 0.000349 -0.000756  1.169205 -0.592241 0.264781
5  3.859504 -0.142823 -1.192080  -0.776638 -0.061608 -1.579277
6  1.312590 0.000009 0.000007  -0.133329 -0.022631 -0.159473
7  0.729355 0.000053 0.000051  0.000011 0.000024 -0.486779
8  3.942143 0.046332 -0.431543  -0.676460 0.339625 -1.116093
9  1.539111 0.000084 0.000005  -0.021747 -0.084031 -0.720969
10  1.196332 0.000146 0.000030  0.007458 0.001458 -0.849777
11  3.883512 -0.047212 0.431350  -0.341939 0.543316 -0.623250
12  1.719574 -0.000028 0.000017  -0.043234 -0.102278 -0.735897
13  1.209179 0.000088 0.000012  -0.004830 -0.003862 -0.898841
14  3.859678 -0.138418 1.332379  -0.027249 0.655333 -0.061922
15  1.719448 -0.000018 0.000028  -0.047003 0.033250 -0.381732
16  1.099675 0.000048 0.000007  -0.003557 0.001912 -1.061225
17  0.722611 -0.801324 1.198803  -0.993087 -0.448196 -0.282035
18  1.789818 -0.000004 -0.000017  0.005781 0.046146 0.353612
19  1.207016 -0.000014 -0.000044  -0.006137 -0.000810 0.370363
20  5.740636 0.000389 -0.000700  -0.118673 0.000003 0.000063
21  11.481045 0.000248 -0.000803  -0.057677 -0.105785 0.016737
22  6.027525 -0.000330 0.000200  1.712484 -0.546332 1.520762
23  0.000000 11.692099 -0.000006  -0.938578 -0.394291 -0.750415
24  0.000003 0.000010 0.000001  -0.056254 -0.000031 1.570739
25  0.000000 -0.000011 0.000001  0.868960 0.000002 1.570712
26  -6.617934 -9.178503 0.826812  1.473120 1.855075 -0.198639
27  6.027514 -0.000259 -0.000222  1.520643 0.786943 -0.710098
28  11.691990 0.000160 0.000858  0.141449 0.000069 -1.784585
29  11.479816 -0.000585 0.000916  -1.173101 0.457538 0.894046
30  3.859437 -0.132759 1.193065  0.469647 -0.013262 -1.872395
31  1.312559 0.000025 -0.000002  0.024060 -0.138696 -0.550187
32  0.729346 0.000065 -0.000028  -0.166197 -0.081570 -0.714272
33  3.942046 0.050139 0.430999  0.225309 -0.086237 -1.592712
34  1.539096 0.000005 -0.000001  0.035254 -0.050373 -0.994350
35  1.196301 0.000077 -0.000004  -0.021521 0.002175 -0.839738
36  3.883414 -0.050473 -0.431084  0.184824 -0.271737 -1.204030
37  1.719564 -0.000084 -0.000005  0.022858 -0.107186 -1.509108
38  1.209197 0.000035 0.000010  0.000661 0.071072 -0.480462
39  3.859588 -0.149082 -1.331321  -0.119219 -0.140845 -0.471563
40  1.719413 -0.000098 -0.000036  -0.007972 -0.023824 -1.231103
41  1.099674 0.000024 0.000007  -0.003780 -0.008463 -0.656665
42  0.805984 -0.359848 -1.318338  0.991670 0.166767 -0.799527
43  1.789779 -0.000008 -0.000042  0.000058 -0.002451 0.133097
44  1.206996 -0.000006 0.000006  0.000372 -0.000071 1.058780
45  5.740572 0.000081 0.000721  0.163244 -0.000014 0.000028
46  11.480906 -0.000042 0.000928  0.043977 0.095069 0.145060
47  6.027515 -0.000273 -0.000230  -0.941494 -0.503307 -1.695888
48  -0.000001 11.691977 -0.000005  -1.196582 0.640558 0.905757
49  0.000003 -0.000000 -0.000001  2.413977 -0.000036 1.570860
50  -0.000008 -0.000012 0.000005  2.272645 -0.000036 1.570861
51  -3.327096 -4.274234 -6.773751  -0.104800 -2.982050 1.381830
52  0.000000 -0.000000 0.000001  0.008153 -0.000259 0.000009
53  0.000000 -0.000000 -0.000000  1.565115 0.043565 -0.106862
54  -0.360680 -15.355062 -5.399289  -0.846359 -0.143733 -1.834784
55  -0.000000 -0.000001 0.000001  0.000000 -0.000001 -0.000002
56  0.000030 0.000029 0.000001  -1.571901 -0.044449 -0.106509
57  9.873785 -14.853106 -23.773331  1.570796 -0.000000 0.000000
58  -15.417985 4.000748 -22.641926  1.570796 -0.000000 0.000000
59  0.658819 1.453195 -4.071830  1.570796 -0.000000 0.000000
60  -0.004311 0.001230 -0.000371  0.006898 -0.005534 -0.284229
61  0.826810 10.209643 -4.879054  1.570796 -0.000000 0.000000
62  0.000000 0.000000 0.000000  -0.078727 -3.136056 0.284226
63  0.000000 0.000000 0.000000  1.570796 -0.000000 0.000000
64  -2.287624 -8.249615 -1.854442  1.571103 0.041360 0.006551
65  0.042269 -2.588230 0.672586  0.000000 -0.000000 -0.000000
66  0.048105 -1.112260 5.803837  0.000000 -0.000000 -0.000000
67  0.048106 -0.032154 -1.710082  0.000000 -0.000000 -0.000000
68  0.042353 -1.078447 21.234573  0.000000 -0.000000 -0.000000
69  0.436542 -3.059779 3.935333  0.000000 -0.000000 -0.000000
70  0.672328 -2.032812 2.042324  0.000000 -0.000000 -0.000000
71  -0.729358 -1.331797 3.242018  0.000000 -0.000000 -0.000000
72  0.194741 -1.447475 3.023560  0.000000 -0.000000 -0.000000
73  -0.700892 0.650637 17.606178  0.000000 -0.000000 -0.000000
74  0.042269 -2.357918 -0.445848  0.000000 -0.000000 -0.000000
75  0.436542 -0.003270 1.776058  0.000000 -0.000000 -0.000000
76  -2.423788 -12.955736 -5.949658  1.571103 0.041360 0.006551
77  0.157555 2.649697 -1.682824  0.000000 -0.000000 -0.000000
78  -0.097393 2.508476 -1.682825  0.000000 -0.000000 -0.000000
79  -2.230713 -17.108093 -1.881632  1.571103 0.041360 0.006551
80  -0.861920 -0.180712 3.135020  -0.000000 -0.000000 -0.000000
81  -0.861920 0.097230 3.003449  -0.000000 -0.000000 -0.000000
82  -0.861920 -0.180725 2.815480  -0.000000 -0.000000 -0.000000
83  -0.861920 0.097217 2.683909  -0.000000 -0.000000 -0.000000
84  -0.861920 -0.180725 2.495585  -0.000000 -0.000000 -0.000000
85  -0.861920 0.097216 2.364012  -0.000000 -0.000000 -0.000000
86  -0.861920 -0.180726 2.176043  -0.000000 -0.000000 -0.000000
87  -0.861920 0.097216 2.044467  -0.000000 -0.000000 -0.000000
88  -0.861920 -0.180727 1.861904  -0.000000 -0.000000 -0.000000
89  -0.861920 0.097215 1.730333  -0.000000 -0.000000 -0.000000
90  -0.861920 -0.180727 1.542360  -0.000000 -0.000000 -0.000000
91  -0.861920 0.097214 1.410791  -0.000000 -0.000000 -0.000000
92  -0.861920 -0.180722 1.222465  -0.000000 -0.000000 -0.000000
93  -0.861920 0.097220 1.090892  -0.000000 -0.000000 -0.000000
94  -0.861920 -0.180712 0.918802  -0.000000 -0.000000 -0.000000
95  -0.861920 0.097230 0.787233  -0.000000 -0.000000 -0.000000
96  -0.861920 -0.180725 0.599260  -0.000000 -0.000000 -0.000000
97  -0.861920 0.097217 0.467690  -0.000000 -0.000000 -0.000000
98  -0.861920 -0.180725 0.279366  -0.000000 -0.000000 -0.000000
99  -0.861920 0.097216 0.147793  -0.000000 -0.000000 -0.000000
100  -0.861920 -0.180726 -0.040178  -0.000000 -0.000000 -0.000000
101  -0.861920 0.097216 -0.171751  -0.000000 -0.000000 -0.000000
102  -0.861920 -0.180727 -0.354316  -0.000000 -0.000000 -0.000000
103  -0.861920 0.097215 -0.485886  -0.000000 -0.000000 -0.000000
104  -0.861920 -0.180727 -0.673859  -0.000000 -0.000000 -0.000000
105  -0.861920 0.097214 -0.805430  -0.000000 -0.000000 -0.000000
106  -0.861920 -0.180722 -0.993754  -0.000000 -0.000000 -0.000000
107  -0.861920 0.097220 -1.125328  -0.000000 -0.000000 -0.000000
108  -0.861920 -0.180726 -1.295307  -0.000000 -0.000000 -0.000000
109  -0.861920 0.097216 -1.426879  -0.000000 -0.000000 -0.000000
110  -0.861920 -0.180726 -1.614851  -0.000000 -0.000000 -0.000000
111  -0.861920 0.097216 -1.746423  -0.000000 -0.000000 -0.000000
112  -0.861920 -0.180726 -1.928990  -0.000000 -0.000000 -0.000000
113  -0.861920 0.097215 -2.060558  -0.000000 -0.000000 -0.000000
114  -0.861920 -0.180727 -2.248533  -0.000000 -0.000000 -0.000000
115  -0.861920 0.097214 -2.380101  -0.000000 -0.000000 -0.000000
116  -0.861920 -0.180722 -2.568427  -0.000000 -0.000000 -0.000000
117  -0.861920 0.097220 -2.700000  -0.000000 -0.000000 -0.000000
118  -0.861920 -0.180725 -2.887969  -0.000000 -0.000000 -0.000000
119  -0.861920 0.097216 -3.019542  -0.000000 -0.000000 -0.000000
120  -0.861920 -0.180725 -3.207870  -0.000000 -0.000000 -0.000000
121  -0.861920 0.097230 -3.339442  -0.000000 -0.000000 -0.000000
122  -0.861920 -0.180737 -3.527413  -0.000000 -0.000000 -0.000000
123  -0.861920 0.097217 -3.658985  -0.000000 -0.000000 -0.000000
124  -0.861920 -0.048023 -3.936775  -0.000000 -0.000000 -0.000000
125  -0.861920 0.096813 -4.220028  -0.000000 -0.000000 -0.000000
126  -0.861839 0.049009 -4.549494  0.000000 -0.000000 -0.000000
127  -0.862203 -0.181353 -4.727589  -0.000568 0.008934 0.008929
128  -0.865933 -0.543243 -4.815327  -0.002212 0.031273 0.031204
129  0.018344 -0.713685 -5.609470  0.064463 -0.001783 -0.001902
130  0.000000 0.000000 4.970246  0.000000 -0.000000 -0.000000
131  0.000000 0.000000 -2.491489  0.000000 -0.000000 -0.000000
end
